ISO-10303-21;
HEADER;
FILE_DESCRIPTION (( 'STEP AP203' ),
    '1' );
FILE_NAME ('ARM-101_Upper_link_60mm_MG996_SG90.step',
    '2026-09-08T04:30:25',
    ( '' ),
    ( '' ),
    'SwSTEP 2.0',
    'SolidWorks 2026',
    '' );
FILE_SCHEMA (( 'CONFIG_CONTROL_DESIGN' ));
ENDSEC;

DATA;
#1 = CARTESIAN_POINT ( 'NONE',  ( 10.00000000000000000, 0.000000000000000000, 4.000000000000003553 ) ) ;
#2 = DIRECTION ( 'NONE',  ( 0.000000000000000000, 0.000000000000000000, 1.000000000000000000 ) ) ;
#3 = DIRECTION ( 'NONE',  ( 1.000000000000000000, 0.000000000000000000, 0.000000000000000000 ) ) ;
#4 = VECTOR ( 'NONE', #1557, 1000.000000000000000 ) ;
#5 = AXIS2_PLACEMENT_3D ( 'NONE', #1483, #1051, #10 ) ;
#6 = CARTESIAN_POINT ( 'NONE',  ( 27.00000000000000000, 3.000000000000000000, 0.000000000000000000 ) ) ;
#7 = EDGE_LOOP ( 'NONE', ( #1387, #554, #1792, #1088, #904, #1910, #859, #1445, #1627 ) ) ;
#8 = AXIS2_PLACEMENT_3D ( 'NONE', #1858, #1565, #349 ) ;
#9 = CARTESIAN_POINT ( 'NONE',  ( 1.600000000000000089, -10.00000000000000000, 0.000000000000000000 ) ) ;
#10 = DIRECTION ( 'NONE',  ( -1.000000000000000000, 0.000000000000000000, 0.000000000000000000 ) ) ;
#11 = ORIENTED_EDGE ( 'NONE', *, *, #840, .F. ) ;
#12 = ADVANCED_FACE ( 'NONE', ( #1951 ), #1642, .F. ) ;
#13 = DIRECTION ( 'NONE',  ( 0.000000000000000000, 0.000000000000000000, -1.000000000000000000 ) ) ;
#14 = FACE_BOUND ( 'NONE', #1307, .T. ) ;
#15 = DIRECTION ( 'NONE',  ( 0.000000000000000000, 0.000000000000000000, 1.000000000000000000 ) ) ;
#16 = VECTOR ( 'NONE', #459, 1000.000000000000000 ) ;
#17 = DIRECTION ( 'NONE',  ( 1.000000000000000000, 0.000000000000000000, 0.000000000000000000 ) ) ;
#18 = VERTEX_POINT ( 'NONE', #460 ) ;
#19 = AXIS2_PLACEMENT_3D ( 'NONE', #1298, #1124, #1306 ) ;
#20 = FACE_OUTER_BOUND ( 'NONE', #1771, .T. ) ;
#21 = DIRECTION ( 'NONE',  ( 1.000000000000000000, 0.000000000000000000, 0.000000000000000000 ) ) ;
#22 = ORIENTED_EDGE ( 'NONE', *, *, #1276, .F. ) ;
#23 = DIRECTION ( 'NONE',  ( 1.000000000000000000, 0.000000000000000000, 0.000000000000000000 ) ) ;
#24 = CARTESIAN_POINT ( 'NONE',  ( 0.000000000000000000, -10.00000000000000000, 8.000000000000000000 ) ) ;
#25 = DIRECTION ( 'NONE',  ( 1.000000000000000000, 0.000000000000000000, 0.000000000000000000 ) ) ;
#26 = EDGE_CURVE ( 'NONE', #1788, #1752, #1894, .T. ) ;
#27 = CARTESIAN_POINT ( 'NONE',  ( 77.40000000000000568, -6.500000000000000000, 0.000000000000000000 ) ) ;
#28 = DIRECTION ( 'NONE',  ( -1.000000000000000000, -0.000000000000000000, -0.000000000000000000 ) ) ;
#29 = LINE ( 'NONE', #66, #919 ) ;
#30 = ORIENTED_EDGE ( 'NONE', *, *, #983, .F. ) ;
#31 = DIRECTION ( 'NONE',  ( 0.000000000000000000, 0.000000000000000000, -1.000000000000000000 ) ) ;
#32 = EDGE_LOOP ( 'NONE', ( #1553, #1711, #1449, #403 ) ) ;
#33 = EDGE_CURVE ( 'NONE', #1191, #869, #1686, .T. ) ;
#34 = APPROVAL ( #377, 'UNSPECIFIED' ) ;
#35 = DIRECTION ( 'NONE',  ( -0.000000000000000000, -0.000000000000000000, 1.000000000000000000 ) ) ;
#36 = DIRECTION ( 'NONE',  ( 0.000000000000000000, 0.000000000000000000, -1.000000000000000000 ) ) ;
#37 = FACE_OUTER_BOUND ( 'NONE', #1470, .T. ) ;
#38 = ORIENTED_EDGE ( 'NONE', *, *, #684, .T. ) ;
#39 = EDGE_CURVE ( 'NONE', #833, #399, #467, .T. ) ;
#40 = VECTOR ( 'NONE', #28, 1000.000000000000000 ) ;
#41 = AXIS2_PLACEMENT_3D ( 'NONE', #1360, #13, #458 ) ;
#42 = AXIS2_PLACEMENT_3D ( 'NONE', #1808, #1045, #1666 ) ;
#43 = ORIENTED_EDGE ( 'NONE', *, *, #415, .T. ) ;
#44 = CIRCLE ( 'NONE', #722, 1.600000000000000755 ) ;
#45 = CIRCLE ( 'NONE', #1321, 3.299999999999999822 ) ;
#46 = CARTESIAN_POINT ( 'NONE',  ( 0.000000000000000000, 0.000000000000000000, 0.000000000000000000 ) ) ;
#47 = ORIENTED_EDGE ( 'NONE', *, *, #437, .T. ) ;
#48 = CARTESIAN_POINT ( 'NONE',  ( 35.00000000000000000, 9.000000000000000000, 0.000000000000000000 ) ) ;
#49 = LINE ( 'NONE', #210, #1319 ) ;
#50 = EDGE_CURVE ( 'NONE', #192, #1946, #1576, .T. ) ;
#51 = DIRECTION ( 'NONE',  ( 0.000000000000000000, 0.000000000000000000, -1.000000000000000000 ) ) ;
#52 = DIRECTION ( 'NONE',  ( 1.000000000000000000, 0.000000000000000000, 0.000000000000000000 ) ) ;
#53 = LINE ( 'NONE', #648, #1853 ) ;
#54 = VERTEX_POINT ( 'NONE', #1362 ) ;
#55 = CARTESIAN_POINT ( 'NONE',  ( 30.00000000000000711, -9.000000000000000000, 4.000000000000000000 ) ) ;
#56 = ORIENTED_EDGE ( 'NONE', *, *, #531, .T. ) ;
#57 = ORIENTED_EDGE ( 'NONE', *, *, #529, .T. ) ;
#58 = LINE ( 'NONE', #913, #40 ) ;
#59 = DIRECTION ( 'NONE',  ( 0.000000000000000000, 0.000000000000000000, -1.000000000000000000 ) ) ;
#60 = ORIENTED_EDGE ( 'NONE', *, *, #1933, .T. ) ;
#61 = DIRECTION ( 'NONE',  ( -1.000000000000000000, 0.000000000000000000, 0.000000000000000000 ) ) ;
#62 = ORIENTED_EDGE ( 'NONE', *, *, #415, .F. ) ;
#63 = EDGE_CURVE ( 'NONE', #1638, #1394, #1929, .T. ) ;
#64 = PLANE ( 'NONE',  #1447 ) ;
#65 = DIRECTION ( 'NONE',  ( -0.000000000000000000, -0.000000000000000000, -1.000000000000000000 ) ) ;
#66 = CARTESIAN_POINT ( 'NONE',  ( 42.00000000000000000, 7.000000000000000000, 4.000000000000000000 ) ) ;
#67 = VERTEX_POINT ( 'NONE', #724 ) ;
#68 = ORIENTED_EDGE ( 'NONE', *, *, #1917, .T. ) ;
#69 = EDGE_CURVE ( 'NONE', #1540, #202, #44, .T. ) ;
#70 = CIRCLE ( 'NONE', #1517, 3.299999999999998934 ) ;
#71 = AXIS2_PLACEMENT_3D ( 'NONE', #93, #412, #1448 ) ;
#72 = VECTOR ( 'NONE', #443, 1000.000000000000000 ) ;
#73 = LINE ( 'NONE', #932, #226 ) ;
#74 = LINE ( 'NONE', #1129, #1762 ) ;
#75 = LINE ( 'NONE', #699, #765 ) ;
#76 = ORIENTED_EDGE ( 'NONE', *, *, #1276, .T. ) ;
#77 = ORIENTED_EDGE ( 'NONE', *, *, #528, .T. ) ;
#78 = AXIS2_PLACEMENT_3D ( 'NONE', #1488, #1820, #1175 ) ;
#79 = CIRCLE ( 'NONE', #978, 1.600000000000000089 ) ;
#80 = CALENDAR_DATE ( 2026, 7, 9 ) ;
#81 = CARTESIAN_POINT ( 'NONE',  ( 8.400000000000000355, 0.000000000000000000, 0.000000000000000000 ) ) ;
#82 = LINE ( 'NONE', #1263, #1250 ) ;
#83 = CARTESIAN_POINT ( 'NONE',  ( 0.000000000000000000, 0.000000000000000000, 4.000000000000000000 ) ) ;
#84 = ORIENTED_EDGE ( 'NONE', *, *, #216, .F. ) ;
#85 = EDGE_CURVE ( 'NONE', #873, #1060, #312, .T. ) ;
#86 = EDGE_CURVE ( 'NONE', #508, #1714, #431, .T. ) ;
#87 = DIRECTION ( 'NONE',  ( 1.000000000000000000, 0.000000000000000000, 0.000000000000000000 ) ) ;
#88 = ORIENTED_EDGE ( 'NONE', *, *, #779, .T. ) ;
#89 = CC_DESIGN_PERSON_AND_ORGANIZATION_ASSIGNMENT ( #1003, #1301, ( #1643 ) ) ;
#90 = CARTESIAN_POINT ( 'NONE',  ( 35.00000000000000000, -9.000000000000000000, 4.000000000000000000 ) ) ;
#91 = DIRECTION ( 'NONE',  ( 1.000000000000000000, 0.000000000000000000, 0.000000000000000000 ) ) ;
#92 = ORIENTED_EDGE ( 'NONE', *, *, #1845, .F. ) ;
#93 = CARTESIAN_POINT ( 'NONE',  ( 35.00000000000000000, -9.000000000000000000, 4.000000000000000000 ) ) ;
#94 = DIRECTION ( 'NONE',  ( -0.000000000000000000, -0.000000000000000000, 1.000000000000000000 ) ) ;
#95 = ORIENTED_EDGE ( 'NONE', *, *, #1629, .T. ) ;
#96 = ADVANCED_FACE ( 'NONE', ( #442 ), #614, .F. ) ;
#97 = EDGE_LOOP ( 'NONE', ( #463, #273 ) ) ;
#98 = AXIS2_PLACEMENT_3D ( 'NONE', #299, #1352, #604 ) ;
#99 = COORDINATED_UNIVERSAL_TIME_OFFSET ( 6, 0, .BEHIND. ) ;
#100 = AXIS2_PLACEMENT_3D ( 'NONE', #776, #878, #734 ) ;
#101 = CARTESIAN_POINT ( 'NONE',  ( 42.00000000000000000, -14.00000000000000000, 4.000000000000000000 ) ) ;
#102 = CARTESIAN_POINT ( 'NONE',  ( 53.60000000000000142, -6.500000000000000000, 4.000000000000000888 ) ) ;
#103 = CYLINDRICAL_SURFACE ( 'NONE', #1623, 7.000000000000000000 ) ;
#104 = ORIENTED_EDGE ( 'NONE', *, *, #1381, .F. ) ;
#105 = LINE ( 'NONE', #1018, #694 ) ;
#106 = DIRECTION ( 'NONE',  ( 0.000000000000000000, 0.000000000000000000, -1.000000000000000000 ) ) ;
#107 = ORIENTED_EDGE ( 'NONE', *, *, #118, .F. ) ;
#108 = ORIENTED_EDGE ( 'NONE', *, *, #1855, .F. ) ;
#109 = VECTOR ( 'NONE', #1901, 1000.000000000000000 ) ;
#110 = FACE_OUTER_BOUND ( 'NONE', #1829, .T. ) ;
#111 = CARTESIAN_POINT ( 'NONE',  ( 1.146328814084335512, 6.905499999999999972, 8.000000000000000000 ) ) ;
#112 = CARTESIAN_POINT ( 'NONE',  ( 0.000000000000000000, 0.000000000000000000, 8.000000000000000000 ) ) ;
#113 = CARTESIAN_POINT ( 'NONE',  ( 40.00000000000000000, 9.000000000000000000, 4.000000000000000000 ) ) ;
#114 = ORIENTED_EDGE ( 'NONE', *, *, #1023, .F. ) ;
#115 = CARTESIAN_POINT ( 'NONE',  ( 35.00000000000000000, -9.000000000000000000, 0.000000000000000000 ) ) ;
#116 = ORIENTED_EDGE ( 'NONE', *, *, #1414, .T. ) ;
#117 = EDGE_LOOP ( 'NONE', ( #1497, #266, #586, #852 ) ) ;
#118 = EDGE_CURVE ( 'NONE', #1588, #549, #198, .T. ) ;
#119 = CARTESIAN_POINT ( 'NONE',  ( -1.146328814084335512, -6.905499999999999972, 4.000000000000000000 ) ) ;
#120 = DIRECTION ( 'NONE',  ( 1.000000000000000000, 0.000000000000000000, 0.000000000000000000 ) ) ;
#121 = ORIENTED_EDGE ( 'NONE', *, *, #1186, .F. ) ;
#122 = ORIENTED_EDGE ( 'NONE', *, *, #1079, .F. ) ;
#123 = EDGE_CURVE ( 'NONE', #801, #1393, #717, .T. ) ;
#124 = ORIENTED_EDGE ( 'NONE', *, *, #1220, .T. ) ;
#125 = AXIS2_PLACEMENT_3D ( 'NONE', #1538, #1690, #189 ) ;
#126 = CIRCLE ( 'NONE', #962, 3.299999999999999822 ) ;
#127 = AXIS2_PLACEMENT_3D ( 'NONE', #149, #160, #1500 ) ;
#128 = FACE_OUTER_BOUND ( 'NONE', #1575, .T. ) ;
#129 = AXIS2_PLACEMENT_3D ( 'NONE', #1832, #1197, #590 ) ;
#130 = DIRECTION ( 'NONE',  ( -1.000000000000000000, 0.000000000000000000, -0.000000000000000000 ) ) ;
#131 = CARTESIAN_POINT ( 'NONE',  ( 0.000000000000000000, -10.00000000000000000, 0.000000000000000000 ) ) ;
#132 = AXIS2_PLACEMENT_3D ( 'NONE', #1707, #947, #1566 ) ;
#133 = ADVANCED_FACE ( 'NONE', ( #452 ), #1046, .T. ) ;
#134 = DIRECTION ( 'NONE',  ( 0.000000000000000000, 0.000000000000000000, 1.000000000000000000 ) ) ;
#135 = VERTEX_POINT ( 'NONE', #162 ) ;
#136 = ORIENTED_EDGE ( 'NONE', *, *, #400, .F. ) ;
#137 = EDGE_CURVE ( 'NONE', #1638, #1620, #584, .T. ) ;
#138 = FACE_BOUND ( 'NONE', #1935, .T. ) ;
#139 = CARTESIAN_POINT ( 'NONE',  ( 1.146328814084335512, 6.905499999999999972, 4.000000000000000000 ) ) ;
#140 = ORIENTED_EDGE ( 'NONE', *, *, #1721, .T. ) ;
#141 = AXIS2_PLACEMENT_3D ( 'NONE', #891, #134, #901 ) ;
#142 = DIRECTION ( 'NONE',  ( -0.000000000000000000, -0.000000000000000000, -1.000000000000000000 ) ) ;
#143 = CARTESIAN_POINT ( 'NONE',  ( 77.40000000000000568, 6.500000000000000000, 4.000000000000000000 ) ) ;
#144 = ORIENTED_EDGE ( 'NONE', *, *, #327, .F. ) ;
#145 = ORIENTED_EDGE ( 'NONE', *, *, #362, .T. ) ;
#146 = DATE_AND_TIME ( #886, #220 ) ;
#147 = ADVANCED_FACE ( 'NONE', ( #20 ), #324, .F. ) ;
#148 = LINE ( 'NONE', #895, #1839 ) ;
#149 = CARTESIAN_POINT ( 'NONE',  ( 35.00000000000000000, 9.000000000000000000, 4.000000000000000000 ) ) ;
#150 = CARTESIAN_POINT ( 'NONE',  ( 27.00000000000000000, -3.000000000000000000, 4.000000000000003553 ) ) ;
#151 = DIRECTION ( 'NONE',  ( 0.000000000000000000, 0.000000000000000000, 1.000000000000000000 ) ) ;
#152 = LINE ( 'NONE', #780, #566 ) ;
#153 = CARTESIAN_POINT ( 'NONE',  ( 0.000000000000000000, 7.000000000000000000, 4.000000000000000000 ) ) ;
#154 = ORIENTED_EDGE ( 'NONE', *, *, #763, .T. ) ;
#155 = LINE ( 'NONE', #1030, #1320 ) ;
#156 = DIRECTION ( 'NONE',  ( -1.000000000000000000, 0.000000000000000000, 0.000000000000000000 ) ) ;
#157 = ORIENTED_EDGE ( 'NONE', *, *, #386, .F. ) ;
#158 = EDGE_CURVE ( 'NONE', #399, #1097, #916, .T. ) ;
#159 = LINE ( 'NONE', #1324, #996 ) ;
#160 = DIRECTION ( 'NONE',  ( 0.000000000000000000, 0.000000000000000000, 1.000000000000000000 ) ) ;
#161 = LINE ( 'NONE', #856, #16 ) ;
#162 = CARTESIAN_POINT ( 'NONE',  ( 36.60000000000000142, -9.000000000000000000, 4.000000000000003553 ) ) ;
#163 = AXIS2_PLACEMENT_3D ( 'NONE', #1425, #357, #845 ) ;
#164 = VECTOR ( 'NONE', #1386, 1000.000000000000000 ) ;
#165 = AXIS2_PLACEMENT_3D ( 'NONE', #570, #976, #1167 ) ;
#166 = DIRECTION ( 'NONE',  ( -0.000000000000000000, -0.000000000000000000, -1.000000000000000000 ) ) ;
#167 = CARTESIAN_POINT ( 'NONE',  ( 35.00000000000000000, 9.000000000000000000, 4.000000000000000000 ) ) ;
#168 = ORIENTED_EDGE ( 'NONE', *, *, #337, .T. ) ;
#169 = VECTOR ( 'NONE', #848, 1000.000000000000000 ) ;
#170 = CYLINDRICAL_SURFACE ( 'NONE', #1112, 3.299999999999998934 ) ;
#171 = ORIENTED_EDGE ( 'NONE', *, *, #802, .F. ) ;
#172 = EDGE_CURVE ( 'NONE', #135, #1588, #729, .T. ) ;
#173 = DIRECTION ( 'NONE',  ( 0.000000000000000000, 0.000000000000000000, 1.000000000000000000 ) ) ;
#174 = DIRECTION ( 'NONE',  ( 0.000000000000000000, -0.000000000000000000, -1.000000000000000000 ) ) ;
#175 = DIRECTION ( 'NONE',  ( 0.000000000000000000, 0.000000000000000000, -1.000000000000000000 ) ) ;
#176 = LINE ( 'NONE', #1801, #72 ) ;
#177 = CARTESIAN_POINT ( 'NONE',  ( 28.60000000000000142, 3.000000000000000000, 4.000000000000003553 ) ) ;
#178 = VERTEX_POINT ( 'NONE', #434 ) ;
#179 = CIRCLE ( 'NONE', #1532, 4.000000000000000000 ) ;
#180 = EDGE_CURVE ( 'NONE', #1060, #576, #155, .T. ) ;
#181 = CARTESIAN_POINT ( 'NONE',  ( 53.60000000000000142, -6.500000000000000000, 4.000000000000000888 ) ) ;
#182 = VERTEX_POINT ( 'NONE', #741 ) ;
#183 = FACE_BOUND ( 'NONE', #97, .T. ) ;
#184 = ORIENTED_EDGE ( 'NONE', *, *, #26, .F. ) ;
#185 = EDGE_CURVE ( 'NONE', #1060, #448, #1833, .T. ) ;
#186 = CARTESIAN_POINT ( 'NONE',  ( 90.00000000000000000, 14.00000000000000000, 0.000000000000000000 ) ) ;
#187 = LINE ( 'NONE', #1229, #346 ) ;
#188 = ADVANCED_FACE ( 'NONE', ( #575 ), #456, .T. ) ;
#189 = DIRECTION ( 'NONE',  ( 1.000000000000000000, 0.000000000000000000, 0.000000000000000000 ) ) ;
#190 = CARTESIAN_POINT ( 'NONE',  ( 14.38749456993815734, 7.000000000000000000, 4.000000000000000000 ) ) ;
#191 = EDGE_LOOP ( 'NONE', ( #136, #1949, #625, #563 ) ) ;
#192 = VERTEX_POINT ( 'NONE', #9 ) ;
#193 = EDGE_CURVE ( 'NONE', #1816, #1561, #607, .T. ) ;
#194 = FACE_BOUND ( 'NONE', #1313, .T. ) ;
#195 = ORIENTED_EDGE ( 'NONE', *, *, #1560, .F. ) ;
#196 = CARTESIAN_POINT ( 'NONE',  ( 35.00000000000000000, 9.000000000000000000, 0.000000000000000000 ) ) ;
#197 = DIRECTION ( 'NONE',  ( 0.000000000000000000, 0.000000000000000000, -1.000000000000000000 ) ) ;
#198 = CIRCLE ( 'NONE', #1226, 1.599999999999997202 ) ;
#199 = CARTESIAN_POINT ( 'NONE',  ( 30.41742430504416461, -7.000000000000000000, 4.000000000000000000 ) ) ;
#200 = DIRECTION ( 'NONE',  ( -0.000000000000000000, -1.000000000000000000, -0.000000000000000000 ) ) ;
#201 = FACE_OUTER_BOUND ( 'NONE', #1837, .T. ) ;
#202 = VERTEX_POINT ( 'NONE', #666 ) ;
#203 = CARTESIAN_POINT ( 'NONE',  ( 0.000000000000000000, 0.000000000000000000, 8.000000000000000000 ) ) ;
#204 = ORIENTED_EDGE ( 'NONE', *, *, #1219, .T. ) ;
#205 = ORIENTED_EDGE ( 'NONE', *, *, #1359, .F. ) ;
#206 = DIRECTION ( 'NONE',  ( -0.000000000000000000, -0.000000000000000000, -1.000000000000000000 ) ) ;
#207 = ORIENTED_EDGE ( 'NONE', *, *, #1431, .T. ) ;
#208 = ORIENTED_EDGE ( 'NONE', *, *, #1117, .T. ) ;
#209 = CIRCLE ( 'NONE', #731, 4.000000000000000000 ) ;
#210 = CARTESIAN_POINT ( 'NONE',  ( 53.60000000000000142, 0.000000000000000000, 0.000000000000000000 ) ) ;
#211 = EDGE_CURVE ( 'NONE', #382, #433, #1156, .T. ) ;
#212 = CARTESIAN_POINT ( 'NONE',  ( 6.905500000000000860, -1.146328814084335956, 6.000000000000000000 ) ) ;
#213 = DIRECTION ( 'NONE',  ( 1.000000000000000000, 0.000000000000000000, 0.000000000000000000 ) ) ;
#214 = ORIENTED_EDGE ( 'NONE', *, *, #408, .F. ) ;
#215 = EDGE_LOOP ( 'NONE', ( #30, #1534 ) ) ;
#216 = EDGE_CURVE ( 'NONE', #411, #676, #256, .T. ) ;
#217 = CARTESIAN_POINT ( 'NONE',  ( 0.000000000000000000, -6.500000000000000000, -0.000000000000000000 ) ) ;
#218 = CARTESIAN_POINT ( 'NONE',  ( 0.000000000000000000, 0.000000000000000000, 4.000000000000000000 ) ) ;
#219 = ORIENTED_EDGE ( 'NONE', *, *, #1817, .F. ) ;
#220 = LOCAL_TIME ( 23, 30, 25.00000000000000000, #1193 ) ;
#221 = CARTESIAN_POINT ( 'NONE',  ( 0.000000000000000000, 0.000000000000000000, 0.000000000000000000 ) ) ;
#222 = ORIENTED_EDGE ( 'NONE', *, *, #861, .F. ) ;
#223 = AXIS2_PLACEMENT_3D ( 'NONE', #423, #867, #738 ) ;
#224 = AXIS2_PLACEMENT_3D ( 'NONE', #1957, #439, #292 ) ;
#225 = VECTOR ( 'NONE', #1782, 1000.000000000000000 ) ;
#226 = VECTOR ( 'NONE', #1699, 1000.000000000000000 ) ;
#227 = FACE_OUTER_BOUND ( 'NONE', #1727, .T. ) ;
#228 = EDGE_CURVE ( 'NONE', #445, #1364, #693, .T. ) ;
#229 = EDGE_CURVE ( 'NONE', #1946, #192, #661, .T. ) ;
#230 = CARTESIAN_POINT ( 'NONE',  ( 30.00000000000000711, -9.000000000000000000, 4.000000000000000000 ) ) ;
#231 = ORIENTED_EDGE ( 'NONE', *, *, #1255, .T. ) ;
#232 = EDGE_CURVE ( 'NONE', #597, #1354, #245, .T. ) ;
#233 = ORIENTED_EDGE ( 'NONE', *, *, #1639, .F. ) ;
#234 = EDGE_CURVE ( 'NONE', #67, #1758, #632, .T. ) ;
#235 = AXIS2_PLACEMENT_3D ( 'NONE', #1850, #1539, #213 ) ;
#236 = CC_DESIGN_PERSON_AND_ORGANIZATION_ASSIGNMENT ( #1748, #826, ( #1340 ) ) ;
#237 = VECTOR ( 'NONE', #1274, 1000.000000000000000 ) ;
#238 = PERSON_AND_ORGANIZATION ( #1211, #659 ) ;
#239 = CARTESIAN_POINT ( 'NONE',  ( 42.00000000000000000, 14.00000000000000000, 4.000000000000000000 ) ) ;
#240 = DIRECTION ( 'NONE',  ( 1.000000000000000000, 0.000000000000000000, 0.000000000000000000 ) ) ;
#241 = ADVANCED_FACE ( 'NONE', ( #900 ), #1478, .F. ) ;
#242 = CARTESIAN_POINT ( 'NONE',  ( 42.00000000000000000, 7.000000000000000000, 0.000000000000000000 ) ) ;
#243 = VERTEX_POINT ( 'NONE', #1645 ) ;
#244 = CARTESIAN_POINT ( 'NONE',  ( 0.000000000000000000, 0.000000000000000000, 8.000000000000000000 ) ) ;
#245 = LINE ( 'NONE', #830, #1926 ) ;
#246 = CYLINDRICAL_SURFACE ( 'NONE', #419, 3.299999999999998934 ) ;
#247 = ORIENTED_EDGE ( 'NONE', *, *, #1490, .F. ) ;
#248 = ORIENTED_EDGE ( 'NONE', *, *, #158, .T. ) ;
#249 = ADVANCED_FACE ( 'NONE', ( #1513 ), #1342, .T. ) ;
#250 = LINE ( 'NONE', #540, #1616 ) ;
#251 = DIRECTION ( 'NONE',  ( 0.000000000000000000, 1.000000000000000000, 0.000000000000000000 ) ) ;
#252 = DIRECTION ( 'NONE',  ( -1.000000000000000000, 0.000000000000000000, 0.000000000000000000 ) ) ;
#253 = ORIENTED_EDGE ( 'NONE', *, *, #897, .T. ) ;
#254 = VERTEX_POINT ( 'NONE', #593 ) ;
#255 = EDGE_LOOP ( 'NONE', ( #316, #1803, #214, #939 ) ) ;
#256 = CIRCLE ( 'NONE', #1065, 1.599999999999997202 ) ;
#257 = CC_DESIGN_APPROVAL ( #1446, ( #1340 ) ) ;
#258 = VECTOR ( 'NONE', #197, 1000.000000000000000 ) ;
#259 = VECTOR ( 'NONE', #31, 1000.000000000000000 ) ;
#260 = DIRECTION ( 'NONE',  ( -1.000000000000000000, 0.000000000000000000, 0.000000000000000000 ) ) ;
#261 = CARTESIAN_POINT ( 'NONE',  ( -4.000000000000000000, 0.000000000000000000, 0.000000000000000000 ) ) ;
#262 = ORIENTED_EDGE ( 'NONE', *, *, #376, .F. ) ;
#263 = CARTESIAN_POINT ( 'NONE',  ( 42.00000000000000000, -14.00000000000000000, 0.000000000000000000 ) ) ;
#264 = CARTESIAN_POINT ( 'NONE',  ( 30.41742430504416461, -7.000000000000000000, 4.000000000000000000 ) ) ;
#265 = ORIENTED_EDGE ( 'NONE', *, *, #678, .T. ) ;
#266 = ORIENTED_EDGE ( 'NONE', *, *, #1537, .F. ) ;
#267 = EDGE_CURVE ( 'NONE', #942, #652, #787, .T. ) ;
#268 = CIRCLE ( 'NONE', #1141, 1.600000000000000755 ) ;
#269 = PERSON_AND_ORGANIZATION ( #1211, #659 ) ;
#270 = AXIS2_PLACEMENT_3D ( 'NONE', #167, #761, #1633 ) ;
#271 = PLANE ( 'NONE',  #633 ) ;
#272 = FACE_BOUND ( 'NONE', #1162, .T. ) ;
#273 = ORIENTED_EDGE ( 'NONE', *, *, #1126, .F. ) ;
#274 = EDGE_CURVE ( 'NONE', #54, #448, #760, .T. ) ;
#275 = EDGE_LOOP ( 'NONE', ( #1166, #764, #1559, #902 ) ) ;
#276 = ORIENTED_EDGE ( 'NONE', *, *, #1163, .F. ) ;
#277 = APPROVAL_ROLE ( '' ) ;
#278 = DIRECTION ( 'NONE',  ( 1.000000000000000000, 0.000000000000000000, 0.000000000000000000 ) ) ;
#279 = LINE ( 'NONE', #1338, #1111 ) ;
#280 = DIRECTION ( 'NONE',  ( -0.000000000000000000, -0.000000000000000000, 1.000000000000000000 ) ) ;
#281 = CARTESIAN_POINT ( 'NONE',  ( 36.60000000000000142, 9.000000000000000000, 4.000000000000003553 ) ) ;
#282 = FACE_OUTER_BOUND ( 'NONE', #1140, .T. ) ;
#283 = VERTEX_POINT ( 'NONE', #1668 ) ;
#284 = FACE_OUTER_BOUND ( 'NONE', #1605, .T. ) ;
#285 = EDGE_LOOP ( 'NONE', ( #1199, #121, #1188, #500 ) ) ;
#286 = FACE_OUTER_BOUND ( 'NONE', #773, .T. ) ;
#287 = CARTESIAN_POINT ( 'NONE',  ( 27.00000000000000000, 3.000000000000000000, 4.000000000000003553 ) ) ;
#288 = CARTESIAN_POINT ( 'NONE',  ( -1.146328814084335512, -6.905499999999999972, 8.000000000000000000 ) ) ;
#289 = ORIENTED_EDGE ( 'NONE', *, *, #386, .T. ) ;
#290 = ORIENTED_EDGE ( 'NONE', *, *, #309, .T. ) ;
#291 = EDGE_CURVE ( 'NONE', #1525, #514, #1208, .T. ) ;
#292 = DIRECTION ( 'NONE',  ( -1.000000000000000000, 0.000000000000000000, 0.000000000000000000 ) ) ;
#293 = CARTESIAN_POINT ( 'NONE',  ( 51.00000000000000000, 0.000000000000000000, 0.000000000000000000 ) ) ;
#294 = VECTOR ( 'NONE', #1941, 1000.000000000000000 ) ;
#295 = FACE_BOUND ( 'NONE', #1233, .T. ) ;
#296 = DIRECTION ( 'NONE',  ( 0.000000000000000000, 0.000000000000000000, -1.000000000000000000 ) ) ;
#297 = ADVANCED_FACE ( 'NONE', ( #948 ), #1548, .F. ) ;
#298 = DIRECTION ( 'NONE',  ( 0.000000000000000000, 0.000000000000000000, 1.000000000000000000 ) ) ;
#299 = CARTESIAN_POINT ( 'NONE',  ( 35.00000000000000000, 9.000000000000000000, 4.000000000000003553 ) ) ;
#300 = CARTESIAN_POINT ( 'NONE',  ( 33.40000000000000568, 9.000000000000000000, 4.000000000000003553 ) ) ;
#301 = ORIENTED_EDGE ( 'NONE', *, *, #365, .T. ) ;
#302 = FACE_OUTER_BOUND ( 'NONE', #569, .T. ) ;
#303 = ORIENTED_EDGE ( 'NONE', *, *, #1457, .F. ) ;
#304 = DIRECTION ( 'NONE',  ( -1.000000000000000000, 0.000000000000000000, 0.000000000000000000 ) ) ;
#305 = CYLINDRICAL_SURFACE ( 'NONE', #374, 4.999999999999997335 ) ;
#306 = DIRECTION ( 'NONE',  ( -0.000000000000000000, -0.000000000000000000, -1.000000000000000000 ) ) ;
#307 = CYLINDRICAL_SURFACE ( 'NONE', #1080, 7.000000000000000000 ) ;
#308 = EDGE_LOOP ( 'NONE', ( #311, #1213 ) ) ;
#309 = EDGE_CURVE ( 'NONE', #882, #243, #484, .T. ) ;
#310 = CARTESIAN_POINT ( 'NONE',  ( -1.600000000000000089, 10.00000000000000000, 4.000000000000003553 ) ) ;
#311 = ORIENTED_EDGE ( 'NONE', *, *, #968, .T. ) ;
#312 = CIRCLE ( 'NONE', #1843, 16.00000000000000000 ) ;
#313 = FACE_OUTER_BOUND ( 'NONE', #849, .T. ) ;
#314 = CARTESIAN_POINT ( 'NONE',  ( 0.000000000000000000, 0.000000000000000000, 4.000000000000000000 ) ) ;
#315 = DIRECTION ( 'NONE',  ( 0.000000000000000000, 1.000000000000000000, 0.000000000000000000 ) ) ;
#316 = ORIENTED_EDGE ( 'NONE', *, *, #123, .T. ) ;
#317 = VECTOR ( 'NONE', #200, 1000.000000000000000 ) ;
#318 = EDGE_CURVE ( 'NONE', #178, #476, #58, .T. ) ;
#319 = CIRCLE ( 'NONE', #720, 4.999999999999997335 ) ;
#320 = AXIS2_PLACEMENT_3D ( 'NONE', #714, #1654, #430 ) ;
#321 = DIRECTION ( 'NONE',  ( 0.000000000000000000, 0.000000000000000000, -1.000000000000000000 ) ) ;
#322 = ORIENTED_EDGE ( 'NONE', *, *, #768, .T. ) ;
#323 = AXIS2_PLACEMENT_3D ( 'NONE', #1723, #1119, #1416 ) ;
#324 = CYLINDRICAL_SURFACE ( 'NONE', #689, 1.600000000000000755 ) ;
#325 = CARTESIAN_POINT ( 'NONE',  ( 10.00000000000000000, 0.000000000000000000, 8.000000000000000000 ) ) ;
#326 = ORIENTED_EDGE ( 'NONE', *, *, #274, .F. ) ;
#327 = EDGE_CURVE ( 'NONE', #1752, #1540, #495, .T. ) ;
#328 = CYLINDRICAL_SURFACE ( 'NONE', #842, 16.00000000000000000 ) ;
#329 = AXIS2_PLACEMENT_3D ( 'NONE', #441, #1787, #130 ) ;
#330 = DIRECTION ( 'NONE',  ( 0.000000000000000000, 0.000000000000000000, 1.000000000000000000 ) ) ;
#331 = DIRECTION ( 'NONE',  ( -1.000000000000000000, 0.000000000000000000, 0.000000000000000000 ) ) ;
#332 = ORIENTED_EDGE ( 'NONE', *, *, #1938, .F. ) ;
#333 = VECTOR ( 'NONE', #831, 1000.000000000000000 ) ;
#334 = ADVANCED_FACE ( 'NONE', ( #1405 ), #660, .F. ) ;
#335 = ORIENTED_EDGE ( 'NONE', *, *, #861, .T. ) ;
#336 = FACE_OUTER_BOUND ( 'NONE', #117, .T. ) ;
#337 = EDGE_CURVE ( 'NONE', #1081, #433, #598, .T. ) ;
#338 = ORIENTED_EDGE ( 'NONE', *, *, #1906, .T. ) ;
#339 = ORIENTED_EDGE ( 'NONE', *, *, #267, .T. ) ;
#340 = CARTESIAN_POINT ( 'NONE',  ( 81.29999999999999716, 1.592040838891553672E-16, 4.000000000000003553 ) ) ;
#341 = ORIENTED_EDGE ( 'NONE', *, *, #437, .F. ) ;
#342 = AXIS2_PLACEMENT_3D ( 'NONE', #1567, #52, #1216 ) ;
#343 = DIRECTION ( 'NONE',  ( -1.000000000000000000, 0.000000000000000000, 0.000000000000000000 ) ) ;
#344 = VERTEX_POINT ( 'NONE', #1700 ) ;
#345 = VECTOR ( 'NONE', #1835, 1000.000000000000000 ) ;
#346 = VECTOR ( 'NONE', #653, 1000.000000000000000 ) ;
#347 = ORIENTED_EDGE ( 'NONE', *, *, #528, .F. ) ;
#348 = EDGE_CURVE ( 'NONE', #182, #1781, #1712, .T. ) ;
#349 = DIRECTION ( 'NONE',  ( -1.000000000000000000, 0.000000000000000000, 0.000000000000000000 ) ) ;
#350 = DIRECTION ( 'NONE',  ( 1.000000000000000000, 0.000000000000000000, 0.000000000000000000 ) ) ;
#351 = CARTESIAN_POINT ( 'NONE',  ( 53.60000000000000142, 6.500000000000000000, 4.000000000000000888 ) ) ;
#352 = CARTESIAN_POINT ( 'NONE',  ( 36.60000000000000142, 9.000000000000000000, 4.000000000000003553 ) ) ;
#353 = EDGE_LOOP ( 'NONE', ( #184, #915 ) ) ;
#354 = ORIENTED_EDGE ( 'NONE', *, *, #529, .F. ) ;
#355 = AXIS2_PLACEMENT_3D ( 'NONE', #1328, #321, #1049 ) ;
#356 = ADVANCED_FACE ( 'NONE', ( #781 ), #1708, .F. ) ;
#357 = DIRECTION ( 'NONE',  ( 0.000000000000000000, 0.000000000000000000, -1.000000000000000000 ) ) ;
#358 = CARTESIAN_POINT ( 'NONE',  ( 4.000000000000000000, 4.898587196589412829E-16, 0.000000000000000000 ) ) ;
#359 = ORIENTED_EDGE ( 'NONE', *, *, #1906, .F. ) ;
#360 = DIRECTION ( 'NONE',  ( -0.000000000000000000, -0.000000000000000000, -1.000000000000000000 ) ) ;
#361 = EDGE_LOOP ( 'NONE', ( #534, #290, #116, #526 ) ) ;
#362 = EDGE_CURVE ( 'NONE', #508, #1851, #634, .T. ) ;
#363 = LINE ( 'NONE', #1584, #1741 ) ;
#364 = CARTESIAN_POINT ( 'NONE',  ( 51.00000000000000000, 0.000000000000000000, 0.000000000000000000 ) ) ;
#365 = EDGE_CURVE ( 'NONE', #433, #283, #1105, .T. ) ;
#366 = DIRECTION ( 'NONE',  ( 1.000000000000000000, 0.000000000000000000, 0.000000000000000000 ) ) ;
#367 = ORIENTED_EDGE ( 'NONE', *, *, #118, .T. ) ;
#368 = CLOSED_SHELL ( 'NONE', ( #619, #862, #1706, #1207, #1773, #133, #1426, #1174, #96, #356, #1235, #819, #503, #519, #12, #334, #1365, #1012, #1078, #249, #791, #1462, #1794, #1402, #1375, #952, #1899, #1143, #1035, #297, #501, #1785, #1541, #1335, #1770, #1280, #906, #1841, #785, #1783, #1109, #1345, #999, #1395, #241, #147, #383, #1696, #188, #1878, #817, #1384, #1825, #591, #553 ) ) ;
#369 = CC_DESIGN_PERSON_AND_ORGANIZATION_ASSIGNMENT ( #1290, #555, ( #436 ) ) ;
#370 = AXIS2_PLACEMENT_3D ( 'NONE', #818, #1269, #1451 ) ;
#371 = CARTESIAN_POINT ( 'NONE',  ( 11.60000000000000142, 1.959434878635765970E-16, 4.000000000000003553 ) ) ;
#372 = ORIENTED_EDGE ( 'NONE', *, *, #1589, .T. ) ;
#373 = AXIS2_PLACEMENT_3D ( 'NONE', #530, #1602, #970 ) ;
#374 = AXIS2_PLACEMENT_3D ( 'NONE', #568, #421, #723 ) ;
#375 = AXIS2_PLACEMENT_3D ( 'NONE', #1655, #15, #3 ) ;
#376 = EDGE_CURVE ( 'NONE', #562, #135, #1033, .T. ) ;
#377 = APPROVAL_STATUS ( 'not_yet_approved' ) ;
#378 = CARTESIAN_POINT ( 'NONE',  ( 53.60000000000000142, -6.500000000000000000, 4.000000000000000888 ) ) ;
#379 = DIRECTION ( 'NONE',  ( 1.000000000000000000, 0.000000000000000000, 0.000000000000000000 ) ) ;
#380 = CARTESIAN_POINT ( 'NONE',  ( 27.00000000000000000, 3.000000000000000000, 0.000000000000000000 ) ) ;
#381 = ORIENTED_EDGE ( 'NONE', *, *, #1728, .F. ) ;
#382 = VERTEX_POINT ( 'NONE', #1147 ) ;
#383 = ADVANCED_FACE ( 'NONE', ( #1292 ), #1724, .F. ) ;
#384 = AXIS2_PLACEMENT_3D ( 'NONE', #380, #1154, #1604 ) ;
#385 = CIRCLE ( 'NONE', #1694, 4.999999999999997335 ) ;
#386 = EDGE_CURVE ( 'NONE', #1788, #202, #388, .T. ) ;
#387 = DIRECTION ( 'NONE',  ( 0.000000000000000000, 1.000000000000000000, 0.000000000000000000 ) ) ;
#388 = LINE ( 'NONE', #953, #1410 ) ;
#389 = CARTESIAN_POINT ( 'NONE',  ( 77.40000000000000568, -6.500000000000000000, 4.000000000000000888 ) ) ;
#390 = ORIENTED_EDGE ( 'NONE', *, *, #1546, .F. ) ;
#391 = DIRECTION ( 'NONE',  ( -0.000000000000000000, -0.000000000000000000, 1.000000000000000000 ) ) ;
#392 = CYLINDRICAL_SURFACE ( 'NONE', #19, 3.299999999999998934 ) ;
#393 = ORIENTED_EDGE ( 'NONE', *, *, #768, .F. ) ;
#394 = ORIENTED_EDGE ( 'NONE', *, *, #428, .F. ) ;
#395 = DATE_AND_TIME ( #418, #1798 ) ;
#396 = CYLINDRICAL_SURFACE ( 'NONE', #637, 1.599999999999997202 ) ;
#397 = CARTESIAN_POINT ( 'NONE',  ( 42.00000000000000000, 14.00000000000000000, 4.000000000000000000 ) ) ;
#398 = CARTESIAN_POINT ( 'NONE',  ( 42.00000000000000000, 14.00000000000000000, 0.000000000000000000 ) ) ;
#399 = VERTEX_POINT ( 'NONE', #111 ) ;
#400 = EDGE_CURVE ( 'NONE', #1393, #1628, #82, .T. ) ;
#401 = CARTESIAN_POINT ( 'NONE',  ( 40.00000000000000000, 9.000000000000000000, 0.000000000000000000 ) ) ;
#402 = ORIENTED_EDGE ( 'NONE', *, *, #85, .T. ) ;
#403 = ORIENTED_EDGE ( 'NONE', *, *, #274, .T. ) ;
#404 = VECTOR ( 'NONE', #1453, 1000.000000000000000 ) ;
#405 = AXIS2_PLACEMENT_3D ( 'NONE', #567, #1310, #1443 ) ;
#406 = CIRCLE ( 'NONE', #1927, 7.000000000000000000 ) ;
#407 = CIRCLE ( 'NONE', #323, 4.999999999999997335 ) ;
#408 = EDGE_CURVE ( 'NONE', #478, #1628, #1477, .T. ) ;
#409 = DIRECTION ( 'NONE',  ( 0.000000000000000000, -0.000000000000000000, -1.000000000000000000 ) ) ;
#410 = PLANE ( 'NONE',  #1170 ) ;
#411 = VERTEX_POINT ( 'NONE', #1595 ) ;
#412 = DIRECTION ( 'NONE',  ( -0.000000000000000000, -0.000000000000000000, -1.000000000000000000 ) ) ;
#413 = DIRECTION ( 'NONE',  ( -1.000000000000000000, 0.000000000000000000, 0.000000000000000000 ) ) ;
#414 = ORIENTED_EDGE ( 'NONE', *, *, #234, .T. ) ;
#415 = EDGE_CURVE ( 'NONE', #743, #1758, #1612, .T. ) ;
#416 = ORIENTED_EDGE ( 'NONE', *, *, #1593, .F. ) ;
#417 = AXIS2_PLACEMENT_3D ( 'NONE', #218, #1131, #1585 ) ;
#418 = CALENDAR_DATE ( 2026, 7, 9 ) ;
#419 = AXIS2_PLACEMENT_3D ( 'NONE', #551, #106, #1759 ) ;
#420 = DIRECTION ( 'NONE',  ( 0.000000000000000000, -1.000000000000000000, 0.000000000000000000 ) ) ;
#421 = DIRECTION ( 'NONE',  ( -0.000000000000000000, -0.000000000000000000, -1.000000000000000000 ) ) ;
#422 = VERTEX_POINT ( 'NONE', #958 ) ;
#423 = CARTESIAN_POINT ( 'NONE',  ( 80.00000000000000000, 0.000000000000000000, 0.000000000000000000 ) ) ;
#424 = CARTESIAN_POINT ( 'NONE',  ( 78.70000000000000284, 0.000000000000000000, 4.000000000000003553 ) ) ;
#425 = ORIENTED_EDGE ( 'NONE', *, *, #644, .T. ) ;
#426 = EDGE_LOOP ( 'NONE', ( #1954, #783, #1710, #718 ) ) ;
#427 = EDGE_CURVE ( 'NONE', #1081, #1502, #982, .T. ) ;
#428 = EDGE_CURVE ( 'NONE', #652, #411, #74, .T. ) ;
#429 = DIRECTION ( 'NONE',  ( -1.000000000000000000, -0.000000000000000000, -0.000000000000000000 ) ) ;
#430 = DIRECTION ( 'NONE',  ( -1.000000000000000000, 0.000000000000000000, 0.000000000000000000 ) ) ;
#431 = LINE ( 'NONE', #1025, #1409 ) ;
#432 = DIRECTION ( 'NONE',  ( 0.000000000000000000, 0.000000000000000000, 1.000000000000000000 ) ) ;
#433 = VERTEX_POINT ( 'NONE', #1281 ) ;
#434 = CARTESIAN_POINT ( 'NONE',  ( 30.41742430504416461, 7.000000000000000000, 0.000000000000000000 ) ) ;
#435 = ORIENTED_EDGE ( 'NONE', *, *, #318, .T. ) ;
#436 = PRODUCT_DEFINITION_FORMATION_WITH_SPECIFIED_SOURCE ( 'ANY', '', #638, .NOT_KNOWN. ) ;
#437 = EDGE_CURVE ( 'NONE', #1437, #1529, #1743, .T. ) ;
#438 = VECTOR ( 'NONE', #866, 1000.000000000000000 ) ;
#439 = DIRECTION ( 'NONE',  ( -0.000000000000000000, -0.000000000000000000, 1.000000000000000000 ) ) ;
#440 = DIRECTION ( 'NONE',  ( 0.000000000000000000, 0.000000000000000000, 1.000000000000000000 ) ) ;
#441 = CARTESIAN_POINT ( 'NONE',  ( 0.000000000000000000, 0.000000000000000000, 0.000000000000000000 ) ) ;
#442 = FACE_OUTER_BOUND ( 'NONE', #1608, .T. ) ;
#443 = DIRECTION ( 'NONE',  ( 0.000000000000000000, 0.000000000000000000, -1.000000000000000000 ) ) ;
#444 = DIRECTION ( 'NONE',  ( 0.000000000000000000, 0.000000000000000000, -1.000000000000000000 ) ) ;
#445 = VERTEX_POINT ( 'NONE', #809 ) ;
#446 = DIRECTION ( 'NONE',  ( 0.000000000000000000, 0.000000000000000000, 1.000000000000000000 ) ) ;
#447 = LINE ( 'NONE', #181, #1357 ) ;
#448 = VERTEX_POINT ( 'NONE', #971 ) ;
#449 = DIRECTION ( 'NONE',  ( 0.000000000000000000, 0.000000000000000000, 1.000000000000000000 ) ) ;
#450 = CIRCLE ( 'NONE', #483, 7.000000000000000000 ) ;
#451 = CYLINDRICAL_SURFACE ( 'NONE', #609, 4.000000000000000000 ) ;
#452 = FACE_OUTER_BOUND ( 'NONE', #715, .T. ) ;
#453 = CARTESIAN_POINT ( 'NONE',  ( 77.40000000000000568, -6.500000000000000000, 4.000000000000000888 ) ) ;
#454 = CARTESIAN_POINT ( 'NONE',  ( 35.00000000000000000, 9.000000000000000000, 0.000000000000000000 ) ) ;
#455 = ORIENTED_EDGE ( 'NONE', *, *, #698, .T. ) ;
#456 = CYLINDRICAL_SURFACE ( 'NONE', #1189, 4.999999999999997335 ) ;
#457 = ORIENTED_EDGE ( 'NONE', *, *, #1219, .F. ) ;
#458 = DIRECTION ( 'NONE',  ( -1.000000000000000000, 0.000000000000000000, 0.000000000000000000 ) ) ;
#459 = DIRECTION ( 'NONE',  ( -0.000000000000000000, -0.000000000000000000, -1.000000000000000000 ) ) ;
#460 = CARTESIAN_POINT ( 'NONE',  ( 90.00000000000000000, -14.00000000000000000, 0.000000000000000000 ) ) ;
#461 = CARTESIAN_POINT ( 'NONE',  ( 53.60000000000000142, 6.500000000000000000, 4.000000000000000888 ) ) ;
#462 = CARTESIAN_POINT ( 'NONE',  ( 36.60000000000000142, 9.000000000000000000, 0.000000000000000000 ) ) ;
#463 = ORIENTED_EDGE ( 'NONE', *, *, #937, .F. ) ;
#464 = EDGE_CURVE ( 'NONE', #536, #1081, #1314, .T. ) ;
#465 = FACE_OUTER_BOUND ( 'NONE', #1767, .T. ) ;
#466 = ORIENTED_EDGE ( 'NONE', *, *, #1498, .T. ) ;
#467 = CIRCLE ( 'NONE', #129, 3.299999999999999822 ) ;
#468 = CARTESIAN_POINT ( 'NONE',  ( 1.600000000000000089, -10.00000000000000000, 4.000000000000003553 ) ) ;
#469 = FACE_OUTER_BOUND ( 'NONE', #993, .T. ) ;
#470 = EDGE_CURVE ( 'NONE', #1937, #1210, #516, .T. ) ;
#471 = DIRECTION ( 'NONE',  ( -1.000000000000000000, 0.000000000000000000, 0.000000000000000000 ) ) ;
#472 = VECTOR ( 'NONE', #251, 1000.000000000000000 ) ;
#473 = AXIS2_PLACEMENT_3D ( 'NONE', #1195, #1204, #1818 ) ;
#474 = CIRCLE ( 'NONE', #788, 1.600000000000000755 ) ;
#475 = DIRECTION ( 'NONE',  ( 1.000000000000000000, 0.000000000000000000, 0.000000000000000000 ) ) ;
#476 = VERTEX_POINT ( 'NONE', #1113 ) ;
#477 = AXIS2_PLACEMENT_3D ( 'NONE', #1715, #1092, #350 ) ;
#478 = VERTEX_POINT ( 'NONE', #541 ) ;
#479 = DIRECTION ( 'NONE',  ( -1.000000000000000000, 0.000000000000000000, 0.000000000000000000 ) ) ;
#480 = ORIENTED_EDGE ( 'NONE', *, *, #490, .F. ) ;
#481 = DIRECTION ( 'NONE',  ( -1.000000000000000000, 0.000000000000000000, 0.000000000000000000 ) ) ;
#482 = LINE ( 'NONE', #1674, #1872 ) ;
#483 = AXIS2_PLACEMENT_3D ( 'NONE', #605, #1209, #1198 ) ;
#484 = LINE ( 'NONE', #1527, #506 ) ;
#485 = CARTESIAN_POINT ( 'NONE',  ( 35.00000000000000000, 9.000000000000000000, 0.000000000000000000 ) ) ;
#486 = VERTEX_POINT ( 'NONE', #1603 ) ;
#487 = VECTOR ( 'NONE', #747, 1000.000000000000000 ) ;
#488 = ADVANCED_BREP_SHAPE_REPRESENTATION ( 'ARM-101_Upper_link_60mm_MG996_SG90', ( #1799, #370 ), #1190 ) ;
#489 = ORIENTED_EDGE ( 'NONE', *, *, #1938, .T. ) ;
#490 = EDGE_CURVE ( 'NONE', #1042, #1816, #1499, .T. ) ;
#491 = CARTESIAN_POINT ( 'NONE',  ( 53.60000000000000142, -6.500000000000000000, 4.000000000000000888 ) ) ;
#492 = VERTEX_POINT ( 'NONE', #1221 ) ;
#493 = DIRECTION ( 'NONE',  ( 0.000000000000000000, -1.000000000000000000, 0.000000000000000000 ) ) ;
#494 = DIRECTION ( 'NONE',  ( -0.000000000000000000, -0.000000000000000000, 1.000000000000000000 ) ) ;
#495 = LINE ( 'NONE', #1865, #1800 ) ;
#496 = DIRECTION ( 'NONE',  ( -0.000000000000000000, -0.000000000000000000, 1.000000000000000000 ) ) ;
#497 = ORIENTED_EDGE ( 'NONE', *, *, #626, .F. ) ;
#498 = EDGE_CURVE ( 'NONE', #1525, #1332, #447, .T. ) ;
#499 = DIRECTION ( 'NONE',  ( 0.000000000000000000, 0.000000000000000000, -1.000000000000000000 ) ) ;
#500 = ORIENTED_EDGE ( 'NONE', *, *, #1091, .T. ) ;
#501 = ADVANCED_FACE ( 'NONE', ( #302 ), #1021, .F. ) ;
#502 = ORIENTED_EDGE ( 'NONE', *, *, #1230, .F. ) ;
#503 = ADVANCED_FACE ( 'NONE', ( #284 ), #1948, .F. ) ;
#504 = DIRECTION ( 'NONE',  ( 0.000000000000000000, 0.000000000000000000, -1.000000000000000000 ) ) ;
#505 = CARTESIAN_POINT ( 'NONE',  ( 80.00000000000000000, 0.000000000000000000, 4.000000000000003553 ) ) ;
#506 = VECTOR ( 'NONE', #769, 1000.000000000000000 ) ;
#507 = CARTESIAN_POINT ( 'NONE',  ( 77.40000000000000568, -6.500000000000000000, 4.000000000000000888 ) ) ;
#508 = VERTEX_POINT ( 'NONE', #1031 ) ;
#509 = AXIS2_PLACEMENT_3D ( 'NONE', #793, #1846, #479 ) ;
#510 = AXIS2_PLACEMENT_3D ( 'NONE', #887, #1640, #757 ) ;
#511 = CIRCLE ( 'NONE', #841, 1.600000000000000755 ) ;
#512 = VECTOR ( 'NONE', #1013, 1000.000000000000000 ) ;
#513 = LINE ( 'NONE', #55, #1495 ) ;
#514 = VERTEX_POINT ( 'NONE', #1684 ) ;
#515 =( NAMED_UNIT ( * ) PLANE_ANGLE_UNIT ( ) SI_UNIT ( $, .RADIAN. ) );
#516 = LINE ( 'NONE', #1434, #472 ) ;
#517 = CARTESIAN_POINT ( 'NONE',  ( 35.00000000000000000, -9.000000000000000000, 4.000000000000003553 ) ) ;
#518 = ORIENTED_EDGE ( 'NONE', *, *, #1789, .F. ) ;
#519 = ADVANCED_FACE ( 'NONE', ( #750 ), #871, .F. ) ;
#520 = CIRCLE ( 'NONE', #1591, 1.299999999999995604 ) ;
#521 = VERTEX_POINT ( 'NONE', #310 ) ;
#522 = CIRCLE ( 'NONE', #1854, 1.600000000000000089 ) ;
#523 = FACE_BOUND ( 'NONE', #353, .T. ) ;
#524 = DIRECTION ( 'NONE',  ( 0.000000000000000000, 0.000000000000000000, 1.000000000000000000 ) ) ;
#525 = DIRECTION ( 'NONE',  ( 0.000000000000000000, 0.000000000000000000, 1.000000000000000000 ) ) ;
#526 = ORIENTED_EDGE ( 'NONE', *, *, #1730, .T. ) ;
#527 = EDGE_LOOP ( 'NONE', ( #205, #1407 ) ) ;
#528 = EDGE_CURVE ( 'NONE', #1394, #1638, #511, .T. ) ;
#529 = EDGE_CURVE ( 'NONE', #1364, #1173, #1661, .T. ) ;
#531 = EDGE_CURVE ( 'NONE', #135, #562, #1613, .T. ) ;
#530 = CARTESIAN_POINT ( 'NONE',  ( 35.00000000000000000, 9.000000000000000000, 4.000000000000000000 ) ) ;
#532 = DIRECTION ( 'NONE',  ( -0.000000000000000000, -0.000000000000000000, 1.000000000000000000 ) ) ;
#533 = CARTESIAN_POINT ( 'NONE',  ( 0.000000000000000000, -7.000000000000000000, 4.000000000000000000 ) ) ;
#534 = ORIENTED_EDGE ( 'NONE', *, *, #644, .F. ) ;
#535 = LINE ( 'NONE', #1617, #333 ) ;
#536 = VERTEX_POINT ( 'NONE', #585 ) ;
#537 = AXIS2_PLACEMENT_3D ( 'NONE', #1038, #1468, #726 ) ;
#538 = AXIS2_PLACEMENT_3D ( 'NONE', #1536, #777, #930 ) ;
#539 = ORIENTED_EDGE ( 'NONE', *, *, #464, .F. ) ;
#540 = CARTESIAN_POINT ( 'NONE',  ( 30.41742430504416461, 7.000000000000000000, 4.000000000000000000 ) ) ;
#541 = CARTESIAN_POINT ( 'NONE',  ( 49.69999999999999574, 0.000000000000000000, 0.000000000000000000 ) ) ;
#542 = LINE ( 'NONE', #1139, #294 ) ;
#543 = EDGE_LOOP ( 'NONE', ( #1289, #1543, #381, #602 ) ) ;
#544 = EDGE_CURVE ( 'NONE', #1704, #1904, #1181, .T. ) ;
#545 = ORIENTED_EDGE ( 'NONE', *, *, #309, .F. ) ;
#546 = ORIENTED_EDGE ( 'NONE', *, *, #684, .F. ) ;
#547 = CARTESIAN_POINT ( 'NONE',  ( 0.000000000000000000, 10.00000000000000000, 4.000000000000003553 ) ) ;
#548 = PLANE ( 'NONE',  #1880 ) ;
#549 = VERTEX_POINT ( 'NONE', #1518 ) ;
#550 = DIRECTION ( 'NONE',  ( 0.000000000000000000, 0.000000000000000000, 1.000000000000000000 ) ) ;
#551 = CARTESIAN_POINT ( 'NONE',  ( 10.00000000000000000, 0.000000000000000000, 8.000000000000000000 ) ) ;
#552 = EDGE_LOOP ( 'NONE', ( #811, #1662 ) ) ;
#553 = ADVANCED_FACE ( 'NONE', ( #465 ), #170, .F. ) ;
#554 = ORIENTED_EDGE ( 'NONE', *, *, #1650, .T. ) ;
#555 = PERSON_AND_ORGANIZATION_ROLE ( 'design_supplier' ) ;
#556 = CARTESIAN_POINT ( 'NONE',  ( 0.000000000000000000, 7.000000000000000000, 4.000000000000000000 ) ) ;
#557 = CYLINDRICAL_SURFACE ( 'NONE', #417, 16.00000000000000000 ) ;
#558 = ORIENTED_EDGE ( 'NONE', *, *, #733, .T. ) ;
#559 = EDGE_CURVE ( 'NONE', #54, #1450, #815, .T. ) ;
#560 = AXIS2_PLACEMENT_3D ( 'NONE', #1667, #306, #898 ) ;
#561 = DIRECTION ( 'NONE',  ( 0.000000000000000000, 1.000000000000000000, 0.000000000000000000 ) ) ;
#562 = VERTEX_POINT ( 'NONE', #1869 ) ;
#563 = ORIENTED_EDGE ( 'NONE', *, *, #1371, .F. ) ;
#564 = AXIS2_PLACEMENT_3D ( 'NONE', #1378, #1183, #304 ) ;
#565 = APPLICATION_PROTOCOL_DEFINITION ( 'international standard', 'config_control_design', 1994, #716 ) ;
#566 = VECTOR ( 'NONE', #1057, 1000.000000000000000 ) ;
#567 = CARTESIAN_POINT ( 'NONE',  ( 51.00000000000000000, 0.000000000000000000, 4.000000000000003553 ) ) ;
#568 = CARTESIAN_POINT ( 'NONE',  ( 35.00000000000000000, 9.000000000000000000, 4.000000000000000000 ) ) ;
#569 = EDGE_LOOP ( 'NONE', ( #466, #1115, #1090, #792 ) ) ;
#570 = CARTESIAN_POINT ( 'NONE',  ( -10.00000000000000000, 0.000000000000000000, 4.000000000000003553 ) ) ;
#571 = DIRECTION ( 'NONE',  ( 1.000000000000000000, 0.000000000000000000, 0.000000000000000000 ) ) ;
#572 = EDGE_LOOP ( 'NONE', ( #917, #171, #1625, #1879 ) ) ;
#573 = EDGE_CURVE ( 'NONE', #448, #639, #1703, .T. ) ;
#574 = EDGE_CURVE ( 'NONE', #1050, #422, #513, .T. ) ;
#575 = FACE_OUTER_BOUND ( 'NONE', #1132, .T. ) ;
#576 = VERTEX_POINT ( 'NONE', #1096 ) ;
#577 = VECTOR ( 'NONE', #561, 1000.000000000000000 ) ;
#578 = FACE_BOUND ( 'NONE', #668, .T. ) ;
#579 = FACE_BOUND ( 'NONE', #552, .T. ) ;
#580 = CARTESIAN_POINT ( 'NONE',  ( -10.00000000000000000, 0.000000000000000000, 0.000000000000000000 ) ) ;
#581 = DIRECTION ( 'NONE',  ( 1.000000000000000000, 0.000000000000000000, 0.000000000000000000 ) ) ;
#582 = LINE ( 'NONE', #177, #1940 ) ;
#583 = ORIENTED_EDGE ( 'NONE', *, *, #158, .F. ) ;
#584 = LINE ( 'NONE', #1041, #1278 ) ;
#585 = CARTESIAN_POINT ( 'NONE',  ( 6.905499999999999972, 1.146328814084334402, 8.000000000000000000 ) ) ;
#586 = ORIENTED_EDGE ( 'NONE', *, *, #853, .F. ) ;
#587 = EDGE_CURVE ( 'NONE', #988, #805, #179, .T. ) ;
#588 = FACE_OUTER_BOUND ( 'NONE', #1439, .T. ) ;
#589 = FACE_OUTER_BOUND ( 'NONE', #1827, .T. ) ;
#590 = DIRECTION ( 'NONE',  ( 1.000000000000000000, 0.000000000000000000, 0.000000000000000000 ) ) ;
#591 = ADVANCED_FACE ( 'NONE', ( #1912 ), #392, .F. ) ;
#592 = DIRECTION ( 'NONE',  ( 0.000000000000000000, 0.000000000000000000, -1.000000000000000000 ) ) ;
#593 = CARTESIAN_POINT ( 'NONE',  ( 6.905499999999999972, 1.146328814084334402, 4.000000000000000000 ) ) ;
#594 = DIRECTION ( 'NONE',  ( 0.000000000000000000, 0.000000000000000000, 1.000000000000000000 ) ) ;
#595 = ORIENTED_EDGE ( 'NONE', *, *, #1695, .F. ) ;
#596 = DIRECTION ( 'NONE',  ( -0.000000000000000000, -0.000000000000000000, -1.000000000000000000 ) ) ;
#597 = VERTEX_POINT ( 'NONE', #371 ) ;
#598 = CIRCLE ( 'NONE', #125, 3.299999999999998934 ) ;
#599 = CIRCLE ( 'NONE', #998, 4.000000000000000000 ) ;
#600 = CARTESIAN_POINT ( 'NONE',  ( 28.60000000000000142, 3.000000000000000000, 4.000000000000003553 ) ) ;
#601 = LINE ( 'NONE', #1776, #1385 ) ;
#602 = ORIENTED_EDGE ( 'NONE', *, *, #1186, .T. ) ;
#603 = DIRECTION ( 'NONE',  ( -1.000000000000000000, -0.000000000000000000, -0.000000000000000000 ) ) ;
#604 = DIRECTION ( 'NONE',  ( 1.000000000000000000, 0.000000000000000000, 0.000000000000000000 ) ) ;
#605 = CARTESIAN_POINT ( 'NONE',  ( 0.000000000000000000, 0.000000000000000000, 8.000000000000000000 ) ) ;
#606 = ORIENTED_EDGE ( 'NONE', *, *, #1348, .T. ) ;
#607 = LINE ( 'NONE', #1200, #1582 ) ;
#608 = ORIENTED_EDGE ( 'NONE', *, *, #918, .T. ) ;
#609 = AXIS2_PLACEMENT_3D ( 'NONE', #896, #735, #1631 ) ;
#610 = EDGE_CURVE ( 'NONE', #1529, #1108, #1007, .T. ) ;
#611 = DIRECTION ( 'NONE',  ( 0.000000000000000000, 0.000000000000000000, -1.000000000000000000 ) ) ;
#612 = AXIS2_PLACEMENT_3D ( 'NONE', #1836, #1241, #1372 ) ;
#613 = FACE_BOUND ( 'NONE', #1658, .T. ) ;
#614 = CYLINDRICAL_SURFACE ( 'NONE', #1061, 1.600000000000000755 ) ;
#615 = DIRECTION ( 'NONE',  ( -1.000000000000000000, 0.000000000000000000, 0.000000000000000000 ) ) ;
#616 = ORIENTED_EDGE ( 'NONE', *, *, #672, .F. ) ;
#617 = CARTESIAN_POINT ( 'NONE',  ( 27.00000000000000000, 3.000000000000000000, 4.000000000000003553 ) ) ;
#618 = EDGE_LOOP ( 'NONE', ( #1824, #1745, #655, #1913 ) ) ;
#619 = ADVANCED_FACE ( 'NONE', ( #1733 ), #246, .F. ) ;
#620 = PLANE ( 'NONE',  #473 ) ;
#621 = ORIENTED_EDGE ( 'NONE', *, *, #50, .F. ) ;
#622 = CARTESIAN_POINT ( 'NONE',  ( 53.60000000000000142, -6.500000000000000000, 4.000000000000000888 ) ) ;
#623 = DIRECTION ( 'NONE',  ( -0.000000000000000000, -0.000000000000000000, 1.000000000000000000 ) ) ;
#624 = FACE_OUTER_BOUND ( 'NONE', #977, .T. ) ;
#625 = ORIENTED_EDGE ( 'NONE', *, *, #1862, .T. ) ;
#626 = EDGE_CURVE ( 'NONE', #1364, #1816, #535, .T. ) ;
#627 = ORIENTED_EDGE ( 'NONE', *, *, #658, .T. ) ;
#628 = DIRECTION ( 'NONE',  ( -1.000000000000000000, 0.000000000000000000, 0.000000000000000000 ) ) ;
#629 = VERTEX_POINT ( 'NONE', #691 ) ;
#630 = FACE_OUTER_BOUND ( 'NONE', #275, .T. ) ;
#631 = CYLINDRICAL_SURFACE ( 'NONE', #538, 1.600000000000000089 ) ;
#632 = CIRCLE ( 'NONE', #223, 1.299999999999995604 ) ;
#633 = AXIS2_PLACEMENT_3D ( 'NONE', #556, #420, #409 ) ;
#634 = LINE ( 'NONE', #1849, #317 ) ;
#635 = DIRECTION ( 'NONE',  ( 0.000000000000000000, 0.000000000000000000, 1.000000000000000000 ) ) ;
#636 = ORIENTED_EDGE ( 'NONE', *, *, #795, .F. ) ;
#637 = AXIS2_PLACEMENT_3D ( 'NONE', #1611, #991, #827 ) ;
#638 = PRODUCT ( 'ARM-101_Upper_link_60mm_MG996_SG90', 'ARM-101_Upper_link_60mm_MG996_SG90', '', ( #1590 ) ) ;
#639 = VERTEX_POINT ( 'NONE', #264 ) ;
#640 = EDGE_CURVE ( 'NONE', #989, #649, #1921, .T. ) ;
#641 = DIRECTION ( 'NONE',  ( 0.000000000000000000, 0.000000000000000000, 1.000000000000000000 ) ) ;
#642 = ORIENTED_EDGE ( 'NONE', *, *, #50, .T. ) ;
#643 = PLANE ( 'NONE',  #1804 ) ;
#644 = EDGE_CURVE ( 'NONE', #882, #1169, #385, .T. ) ;
#645 = AXIS2_PLACEMENT_3D ( 'NONE', #517, #59, #343 ) ;
#646 = CARTESIAN_POINT ( 'NONE',  ( 25.39999999999999858, 3.000000000000000000, 4.000000000000003553 ) ) ;
#647 = DIRECTION ( 'NONE',  ( 0.000000000000000000, 0.000000000000000000, -1.000000000000000000 ) ) ;
#648 = CARTESIAN_POINT ( 'NONE',  ( 0.000000000000000000, -7.000000000000000000, 4.000000000000000000 ) ) ;
#649 = VERTEX_POINT ( 'NONE', #143 ) ;
#650 = EDGE_LOOP ( 'NONE', ( #1222, #719, #973, #1401 ) ) ;
#651 = EDGE_CURVE ( 'NONE', #1108, #514, #1953, .T. ) ;
#652 = VERTEX_POINT ( 'NONE', #300 ) ;
#653 = DIRECTION ( 'NONE',  ( -0.000000000000000000, -0.000000000000000000, 1.000000000000000000 ) ) ;
#654 = DIRECTION ( 'NONE',  ( -0.000000000000000000, -0.000000000000000000, 1.000000000000000000 ) ) ;
#655 = ORIENTED_EDGE ( 'NONE', *, *, #193, .T. ) ;
#656 = ORIENTED_EDGE ( 'NONE', *, *, #63, .F. ) ;
#657 =( LENGTH_UNIT ( ) NAMED_UNIT ( * ) SI_UNIT ( .MILLI., .METRE. ) );
#658 = EDGE_CURVE ( 'NONE', #1904, #1430, #1261, .T. ) ;
#659 = ORGANIZATION ( 'UNSPECIFIED', 'UNSPECIFIED', '' ) ;
#660 = CYLINDRICAL_SURFACE ( 'NONE', #752, 1.299999999999995604 ) ;
#661 = CIRCLE ( 'NONE', #1383, 1.600000000000000089 ) ;
#662 = CARTESIAN_POINT ( 'NONE',  ( 0.000000000000000000, 0.000000000000000000, 0.000000000000000000 ) ) ;
#663 = EDGE_LOOP ( 'NONE', ( #894, #1373 ) ) ;
#664 = AXIS2_PLACEMENT_3D ( 'NONE', #1053, #173, #23 ) ;
#665 = AXIS2_PLACEMENT_3D ( 'NONE', #690, #1944, #701 ) ;
#666 = CARTESIAN_POINT ( 'NONE',  ( 25.39999999999999858, -3.000000000000000000, 0.000000000000000000 ) ) ;
#667 = CIRCLE ( 'NONE', #477, 3.299999999999998934 ) ;
#668 = EDGE_LOOP ( 'NONE', ( #262, #1419 ) ) ;
#669 = EDGE_CURVE ( 'NONE', #1085, #882, #851, .T. ) ;
#670 = LINE ( 'NONE', #1404, #1415 ) ;
#671 = DIRECTION ( 'NONE',  ( 0.000000000000000000, 0.000000000000000000, -1.000000000000000000 ) ) ;
#672 = EDGE_CURVE ( 'NONE', #695, #1781, #1791, .T. ) ;
#673 = FACE_OUTER_BOUND ( 'NONE', #829, .T. ) ;
#674 = ORIENTED_EDGE ( 'NONE', *, *, #228, .T. ) ;
#675 = CIRCLE ( 'NONE', #78, 1.299999999999995604 ) ;
#676 = VERTEX_POINT ( 'NONE', #462 ) ;
#677 = AXIS2_PLACEMENT_3D ( 'NONE', #454, #1492, #1823 ) ;
#678 = EDGE_CURVE ( 'NONE', #521, #344, #522, .T. ) ;
#679 = DIRECTION ( 'NONE',  ( 0.000000000000000000, 0.000000000000000000, 1.000000000000000000 ) ) ;
#680 = DIRECTION ( 'NONE',  ( -1.000000000000000000, 0.000000000000000000, 0.000000000000000000 ) ) ;
#681 = DIRECTION ( 'NONE',  ( 0.000000000000000000, 0.000000000000000000, -1.000000000000000000 ) ) ;
#682 = EDGE_LOOP ( 'NONE', ( #1258, #1863, #326, #1202 ) ) ;
#683 = ORIENTED_EDGE ( 'NONE', *, *, #1308, .T. ) ;
#684 = EDGE_CURVE ( 'NONE', #1769, #1857, #79, .T. ) ;
#685 = CALENDAR_DATE ( 2026, 7, 9 ) ;
#686 = DIRECTION ( 'NONE',  ( 0.000000000000000000, -0.000000000000000000, 1.000000000000000000 ) ) ;
#687 = DIRECTION ( 'NONE',  ( -0.000000000000000000, -0.000000000000000000, -1.000000000000000000 ) ) ;
#688 = ORIENTED_EDGE ( 'NONE', *, *, #587, .F. ) ;
#689 = AXIS2_PLACEMENT_3D ( 'NONE', #617, #1636, #1212 ) ;
#690 = CARTESIAN_POINT ( 'NONE',  ( 0.000000000000000000, 0.000000000000000000, 8.000000000000000000 ) ) ;
#691 = CARTESIAN_POINT ( 'NONE',  ( 81.29999999999999716, 1.592040838891553672E-16, 4.000000000000003553 ) ) ;
#692 = ORIENTED_EDGE ( 'NONE', *, *, #498, .F. ) ;
#693 = CIRCLE ( 'NONE', #959, 4.999999999999997335 ) ;
#694 = VECTOR ( 'NONE', #837, 1000.000000000000000 ) ;
#695 = VERTEX_POINT ( 'NONE', #288 ) ;
#696 = DATE_AND_TIME ( #80, #838 ) ;
#697 = CARTESIAN_POINT ( 'NONE',  ( 25.39999999999999858, -3.000000000000000000, 4.000000000000003553 ) ) ;
#698 = EDGE_CURVE ( 'NONE', #1857, #192, #1353, .T. ) ;
#699 = CARTESIAN_POINT ( 'NONE',  ( -4.000000000000000000, 0.000000000000000000, 4.000000000000003553 ) ) ;
#700 = ORIENTED_EDGE ( 'NONE', *, *, #626, .T. ) ;
#701 = DIRECTION ( 'NONE',  ( -1.000000000000000000, 0.000000000000000000, 0.000000000000000000 ) ) ;
#702 = ORIENTED_EDGE ( 'NONE', *, *, #1522, .F. ) ;
#703 = VECTOR ( 'NONE', #846, 1000.000000000000000 ) ;
#704 = ORIENTED_EDGE ( 'NONE', *, *, #1498, .F. ) ;
#705 = SECURITY_CLASSIFICATION_LEVEL ( 'unclassified' ) ;
#706 = DIRECTION ( 'NONE',  ( 0.000000000000000000, 0.000000000000000000, -1.000000000000000000 ) ) ;
#707 = FACE_OUTER_BOUND ( 'NONE', #1673, .T. ) ;
#708 = EDGE_LOOP ( 'NONE', ( #1864, #11, #1754, #1304 ) ) ;
#709 = VERTEX_POINT ( 'NONE', #1028 ) ;
#710 = ORIENTED_EDGE ( 'NONE', *, *, #1266, .T. ) ;
#711 = EDGE_CURVE ( 'NONE', #1267, #805, #1646, .T. ) ;
#712 = FACE_OUTER_BOUND ( 'NONE', #191, .T. ) ;
#713 = FACE_OUTER_BOUND ( 'NONE', #543, .T. ) ;
#714 = CARTESIAN_POINT ( 'NONE',  ( 0.000000000000000000, 10.00000000000000000, 0.000000000000000000 ) ) ;
#715 = EDGE_LOOP ( 'NONE', ( #595, #1632, #674, #57 ) ) ;
#716 = APPLICATION_CONTEXT ( 'configuration controlled 3d designs of mechanical parts and assemblies' ) ;
#717 = CIRCLE ( 'NONE', #375, 1.300000000000002487 ) ;
#718 = ORIENTED_EDGE ( 'NONE', *, *, #1073, .F. ) ;
#719 = ORIENTED_EDGE ( 'NONE', *, *, #1736, .T. ) ;
#720 = AXIS2_PLACEMENT_3D ( 'NONE', #1146, #1755, #1452 ) ;
#721 = AXIS2_PLACEMENT_3D ( 'NONE', #293, #1509, #1044 ) ;
#722 = AXIS2_PLACEMENT_3D ( 'NONE', #1821, #280, #1797 ) ;
#723 = DIRECTION ( 'NONE',  ( -1.000000000000000000, 0.000000000000000000, 0.000000000000000000 ) ) ;
#724 = CARTESIAN_POINT ( 'NONE',  ( 81.29999999999999716, 1.592040838891553672E-16, 0.000000000000000000 ) ) ;
#725 = EDGE_CURVE ( 'NONE', #730, #956, #1943, .T. ) ;
#726 = DIRECTION ( 'NONE',  ( -1.000000000000000000, 0.000000000000000000, 0.000000000000000000 ) ) ;
#727 = DIRECTION ( 'NONE',  ( -1.000000000000000000, 0.000000000000000000, 0.000000000000000000 ) ) ;
#728 = ORIENTED_EDGE ( 'NONE', *, *, #1073, .T. ) ;
#729 = LINE ( 'NONE', #1180, #1677 ) ;
#730 = VERTEX_POINT ( 'NONE', #1479 ) ;
#731 = AXIS2_PLACEMENT_3D ( 'NONE', #662, #496, #782 ) ;
#732 = APPROVAL_STATUS ( 'not_yet_approved' ) ;
#733 = EDGE_CURVE ( 'NONE', #182, #283, #1082, .T. ) ;
#734 = DIRECTION ( 'NONE',  ( -1.000000000000000000, 0.000000000000000000, 0.000000000000000000 ) ) ;
#735 = DIRECTION ( 'NONE',  ( 0.000000000000000000, 0.000000000000000000, -1.000000000000000000 ) ) ;
#736 = DIRECTION ( 'NONE',  ( -1.000000000000000000, 0.000000000000000000, 0.000000000000000000 ) ) ;
#737 = PLANE ( 'NONE',  #1161 ) ;
#738 = DIRECTION ( 'NONE',  ( -1.000000000000000000, 0.000000000000000000, 0.000000000000000000 ) ) ;
#739 = DIRECTION ( 'NONE',  ( 1.000000000000000000, 0.000000000000000000, 0.000000000000000000 ) ) ;
#740 = ORIENTED_EDGE ( 'NONE', *, *, #1817, .T. ) ;
#741 = CARTESIAN_POINT ( 'NONE',  ( 1.146328814084335512, -6.905499999999999972, 4.000000000000000000 ) ) ;
#742 = CARTESIAN_POINT ( 'NONE',  ( 35.00000000000000000, -9.000000000000000000, 4.000000000000003553 ) ) ;
#743 = VERTEX_POINT ( 'NONE', #424 ) ;
#744 = DIRECTION ( 'NONE',  ( 0.000000000000000000, 0.000000000000000000, -1.000000000000000000 ) ) ;
#745 = DIRECTION ( 'NONE',  ( -1.000000000000000000, 0.000000000000000000, 0.000000000000000000 ) ) ;
#746 = CARTESIAN_POINT ( 'NONE',  ( 35.00000000000000000, 9.000000000000000000, 4.000000000000003553 ) ) ;
#747 = DIRECTION ( 'NONE',  ( -1.000000000000000000, -0.000000000000000000, -0.000000000000000000 ) ) ;
#748 = ORIENTED_EDGE ( 'NONE', *, *, #348, .F. ) ;
#749 = DIRECTION ( 'NONE',  ( -1.000000000000000000, 0.000000000000000000, 0.000000000000000000 ) ) ;
#750 = FACE_OUTER_BOUND ( 'NONE', #1692, .T. ) ;
#751 = ORIENTED_EDGE ( 'NONE', *, *, #1457, .T. ) ;
#752 = AXIS2_PLACEMENT_3D ( 'NONE', #505, #1074, #1231 ) ;
#753 = CIRCLE ( 'NONE', #1738, 1.599999999999997202 ) ;
#754 = AXIS2_PLACEMENT_3D ( 'NONE', #742, #883, #1826 ) ;
#755 = VECTOR ( 'NONE', #142, 1000.000000000000000 ) ;
#756 = APPLICATION_CONTEXT ( 'configuration controlled 3d designs of mechanical parts and assemblies' ) ;
#757 = DIRECTION ( 'NONE',  ( 0.000000000000000000, -0.000000000000000000, 1.000000000000000000 ) ) ;
#758 = FACE_BOUND ( 'NONE', #1564, .T. ) ;
#759 = DIRECTION ( 'NONE',  ( -1.000000000000000000, 0.000000000000000000, 0.000000000000000000 ) ) ;
#760 = LINE ( 'NONE', #1811, #1737 ) ;
#761 = DIRECTION ( 'NONE',  ( 0.000000000000000000, 0.000000000000000000, 1.000000000000000000 ) ) ;
#762 = ORIENTED_EDGE ( 'NONE', *, *, #1629, .F. ) ;
#763 = EDGE_CURVE ( 'NONE', #1752, #1788, #1881, .T. ) ;
#764 = ORIENTED_EDGE ( 'NONE', *, *, #725, .T. ) ;
#765 = VECTOR ( 'NONE', #1294, 1000.000000000000000 ) ;
#766 = FACE_BOUND ( 'NONE', #7, .T. ) ;
#767 = VECTOR ( 'NONE', #1812, 1000.000000000000000 ) ;
#768 = EDGE_CURVE ( 'NONE', #1169, #873, #1669, .T. ) ;
#769 = DIRECTION ( 'NONE',  ( -0.000000000000000000, -0.000000000000000000, -1.000000000000000000 ) ) ;
#770 = LINE ( 'NONE', #1573, #1456 ) ;
#771 = ORIENTED_EDGE ( 'NONE', *, *, #69, .T. ) ;
#772 = DIRECTION ( 'NONE',  ( 1.000000000000000000, 0.000000000000000000, 0.000000000000000000 ) ) ;
#773 = EDGE_LOOP ( 'NONE', ( #1886, #1215, #219, #157 ) ) ;
#774 = FACE_BOUND ( 'NONE', #1813, .T. ) ;
#775 = EDGE_LOOP ( 'NONE', ( #1144, #1244 ) ) ;
#776 = CARTESIAN_POINT ( 'NONE',  ( 0.000000000000000000, -10.00000000000000000, 8.000000000000000000 ) ) ;
#777 = DIRECTION ( 'NONE',  ( 0.000000000000000000, 0.000000000000000000, -1.000000000000000000 ) ) ;
#778 = EDGE_CURVE ( 'NONE', #823, #1620, #1592, .T. ) ;
#779 = EDGE_CURVE ( 'NONE', #536, #399, #450, .T. ) ;
#780 = CARTESIAN_POINT ( 'NONE',  ( 1.600000000000000089, 10.00000000000000000, 4.000000000000003553 ) ) ;
#781 = FACE_OUTER_BOUND ( 'NONE', #1726, .T. ) ;
#782 = DIRECTION ( 'NONE',  ( -1.000000000000000000, 0.000000000000000000, 0.000000000000000000 ) ) ;
#783 = ORIENTED_EDGE ( 'NONE', *, *, #872, .T. ) ;
#784 = EDGE_LOOP ( 'NONE', ( #1475, #1064, #76, #1719 ) ) ;
#785 = ADVANCED_FACE ( 'NONE', ( #282 ), #868, .F. ) ;
#786 = DIRECTION ( 'NONE',  ( -1.000000000000000000, 0.000000000000000000, 0.000000000000000000 ) ) ;
#787 = CIRCLE ( 'NONE', #98, 1.599999999999997202 ) ;
#788 = AXIS2_PLACEMENT_3D ( 'NONE', #1, #440, #1830 ) ;
#789 = CARTESIAN_POINT ( 'NONE',  ( 35.00000000000000000, -9.000000000000000000, 4.000000000000003553 ) ) ;
#790 = VERTEX_POINT ( 'NONE', #914 ) ;
#791 = ADVANCED_FACE ( 'NONE', ( #1945 ), #307, .T. ) ;
#792 = ORIENTED_EDGE ( 'NONE', *, *, #86, .T. ) ;
#793 = CARTESIAN_POINT ( 'NONE',  ( 0.000000000000000000, 10.00000000000000000, 0.000000000000000000 ) ) ;
#794 = EDGE_LOOP ( 'NONE', ( #692, #108, #1753, #1392 ) ) ;
#795 = EDGE_CURVE ( 'NONE', #1394, #823, #582, .T. ) ;
#796 = CIRCLE ( 'NONE', #1907, 3.299999999999999822 ) ;
#797 = DIRECTION ( 'NONE',  ( -1.000000000000000000, 0.000000000000000000, 0.000000000000000000 ) ) ;
#798 = PLANE ( 'NONE',  #1296 ) ;
#799 = ORIENTED_EDGE ( 'NONE', *, *, #651, .F. ) ;
#800 = DIRECTION ( 'NONE',  ( 1.000000000000000000, 0.000000000000000000, 0.000000000000000000 ) ) ;
#801 = VERTEX_POINT ( 'NONE', #1725 ) ;
#802 = EDGE_CURVE ( 'NONE', #833, #1344, #1260, .T. ) ;
#803 = DIRECTION ( 'NONE',  ( 1.000000000000000000, 0.000000000000000000, 0.000000000000000000 ) ) ;
#804 = CARTESIAN_POINT ( 'NONE',  ( 30.00000000000000711, 9.000000000000000000, 4.000000000000000000 ) ) ;
#805 = VERTEX_POINT ( 'NONE', #358 ) ;
#806 = ORIENTED_EDGE ( 'NONE', *, *, #1472, .F. ) ;
#807 = EDGE_CURVE ( 'NONE', #1085, #1430, #770, .T. ) ;
#808 = CC_DESIGN_APPROVAL ( #34, ( #436 ) ) ;
#809 = CARTESIAN_POINT ( 'NONE',  ( 40.00000000000000000, -9.000000000000000000, 0.000000000000000000 ) ) ;
#810 = CARTESIAN_POINT ( 'NONE',  ( -16.00000000000000000, 0.000000000000000000, 4.000000000000000000 ) ) ;
#811 = ORIENTED_EDGE ( 'NONE', *, *, #216, .T. ) ;
#812 = AXIS2_PLACEMENT_3D ( 'NONE', #24, #1055, #1101 ) ;
#813 = AXIS2_PLACEMENT_3D ( 'NONE', #580, #623, #759 ) ;
#814 = AXIS2_PLACEMENT_3D ( 'NONE', #1606, #391, #1177 ) ;
#815 = LINE ( 'NONE', #1087, #923 ) ;
#816 = VERTEX_POINT ( 'NONE', #1558 ) ;
#817 = ADVANCED_FACE ( 'NONE', ( #1217 ), #1860, .F. ) ;
#818 = CARTESIAN_POINT ( 'NONE',  ( 0.000000000000000000, 0.000000000000000000, 0.000000000000000000 ) ) ;
#819 = ADVANCED_FACE ( 'NONE', ( #201 ), #1568, .F. ) ;
#820 = CARTESIAN_POINT ( 'NONE',  ( -11.60000000000000142, 0.000000000000000000, 4.000000000000003553 ) ) ;
#821 = ORIENTED_EDGE ( 'NONE', *, *, #779, .F. ) ;
#822 = DIRECTION ( 'NONE',  ( 0.000000000000000000, 0.000000000000000000, 1.000000000000000000 ) ) ;
#823 = VERTEX_POINT ( 'NONE', #941 ) ;
#824 = VECTOR ( 'NONE', #444, 1000.000000000000000 ) ;
#825 = ORIENTED_EDGE ( 'NONE', *, *, #427, .T. ) ;
#826 = PERSON_AND_ORGANIZATION_ROLE ( 'creator' ) ;
#827 = DIRECTION ( 'NONE',  ( -1.000000000000000000, 0.000000000000000000, 0.000000000000000000 ) ) ;
#828 = DIRECTION ( 'NONE',  ( 0.000000000000000000, 1.000000000000000000, 0.000000000000000000 ) ) ;
#829 = EDGE_LOOP ( 'NONE', ( #539, #88, #955, #1516, #416, #683, #502, #1356, #912 ) ) ;
#830 = CARTESIAN_POINT ( 'NONE',  ( 11.60000000000000142, 1.959434878635765970E-16, 4.000000000000003553 ) ) ;
#831 = DIRECTION ( 'NONE',  ( 1.000000000000000000, 0.000000000000000000, 0.000000000000000000 ) ) ;
#832 = EDGE_LOOP ( 'NONE', ( #354, #700, #480, #1107 ) ) ;
#833 = VERTEX_POINT ( 'NONE', #925 ) ;
#834 = DIRECTION ( 'NONE',  ( 1.000000000000000000, 0.000000000000000000, 0.000000000000000000 ) ) ;
#835 = CARTESIAN_POINT ( 'NONE',  ( 10.00000000000000000, 0.000000000000000000, 0.000000000000000000 ) ) ;
#836 = ORIENTED_EDGE ( 'NONE', *, *, #123, .F. ) ;
#837 = DIRECTION ( 'NONE',  ( 1.000000000000000000, 0.000000000000000000, 0.000000000000000000 ) ) ;
#838 = LOCAL_TIME ( 23, 30, 25.00000000000000000, #1895 ) ;
#839 = ORIENTED_EDGE ( 'NONE', *, *, #1400, .F. ) ;
#840 = EDGE_CURVE ( 'NONE', #486, #709, #796, .T. ) ;
#841 = AXIS2_PLACEMENT_3D ( 'NONE', #1649, #1201, #21 ) ;
#842 = AXIS2_PLACEMENT_3D ( 'NONE', #1688, #1535, #1054 ) ;
#843 = ORIENTED_EDGE ( 'NONE', *, *, #574, .T. ) ;
#844 = CARTESIAN_POINT ( 'NONE',  ( -1.600000000000000089, -10.00000000000000000, 4.000000000000003553 ) ) ;
#845 = DIRECTION ( 'NONE',  ( -1.000000000000000000, 0.000000000000000000, 0.000000000000000000 ) ) ;
#846 = DIRECTION ( 'NONE',  ( 0.000000000000000000, 0.000000000000000000, -1.000000000000000000 ) ) ;
#847 = ORIENTED_EDGE ( 'NONE', *, *, #574, .F. ) ;
#848 = DIRECTION ( 'NONE',  ( -0.000000000000000000, -1.000000000000000000, -0.000000000000000000 ) ) ;
#849 = EDGE_LOOP ( 'NONE', ( #248, #92, #1931, #1670 ) ) ;
#850 = AXIS2_PLACEMENT_3D ( 'NONE', #83, #525, #91 ) ;
#851 = CIRCLE ( 'NONE', #270, 4.999999999999997335 ) ;
#852 = ORIENTED_EDGE ( 'NONE', *, *, #1333, .T. ) ;
#853 = EDGE_CURVE ( 'NONE', #1029, #1851, #29, .T. ) ;
#854 = DATE_TIME_ROLE ( 'classification_date' ) ;
#855 = CYLINDRICAL_SURFACE ( 'NONE', #373, 4.999999999999997335 ) ;
#856 = CARTESIAN_POINT ( 'NONE',  ( 14.38749456993815734, 7.000000000000000000, 4.000000000000000000 ) ) ;
#857 = VERTEX_POINT ( 'NONE', #933 ) ;
#858 = ORIENTED_EDGE ( 'NONE', *, *, #1230, .T. ) ;
#859 = ORIENTED_EDGE ( 'NONE', *, *, #840, .T. ) ;
#860 = SHAPE_DEFINITION_REPRESENTATION ( #1070, #488 ) ;
#861 = EDGE_CURVE ( 'NONE', #805, #988, #209, .T. ) ;
#862 = ADVANCED_FACE ( 'NONE', ( #624 ), #1691, .F. ) ;
#863 = FACE_OUTER_BOUND ( 'NONE', #361, .T. ) ;
#864 = DIRECTION ( 'NONE',  ( 0.000000000000000000, 0.000000000000000000, -1.000000000000000000 ) ) ;
#865 = CARTESIAN_POINT ( 'NONE',  ( 27.00000000000000000, 3.000000000000000000, 4.000000000000003553 ) ) ;
#866 = DIRECTION ( 'NONE',  ( 0.000000000000000000, 0.000000000000000000, -1.000000000000000000 ) ) ;
#867 = DIRECTION ( 'NONE',  ( -0.000000000000000000, -0.000000000000000000, 1.000000000000000000 ) ) ;
#868 = CYLINDRICAL_SURFACE ( 'NONE', #355, 1.299999999999995604 ) ;
#869 = VERTEX_POINT ( 'NONE', #1246 ) ;
#870 = APPROVAL_PERSON_ORGANIZATION ( #269, #34, #967 ) ;
#871 = CYLINDRICAL_SURFACE ( 'NONE', #5, 4.000000000000000000 ) ;
#872 = EDGE_CURVE ( 'NONE', #597, #857, #1009, .T. ) ;
#873 = VERTEX_POINT ( 'NONE', #190 ) ;
#874 = AXIS2_PLACEMENT_3D ( 'NONE', #1058, #36, #797 ) ;
#875 = AXIS2_PLACEMENT_3D ( 'NONE', #378, #1302, #706 ) ;
#876 = VECTOR ( 'NONE', #1435, 1000.000000000000000 ) ;
#877 = AXIS2_PLACEMENT_3D ( 'NONE', #746, #298, #890 ) ;
#878 = DIRECTION ( 'NONE',  ( 0.000000000000000000, 0.000000000000000000, -1.000000000000000000 ) ) ;
#879 = CARTESIAN_POINT ( 'NONE',  ( 1.146328814084336178, -6.905499999999999972, 6.000000000000000000 ) ) ;
#880 = DIRECTION ( 'NONE',  ( -0.000000000000000000, -0.000000000000000000, -1.000000000000000000 ) ) ;
#881 = CARTESIAN_POINT ( 'NONE',  ( -1.146328814084336178, -6.905499999999999972, 6.000000000000000000 ) ) ;
#882 = VERTEX_POINT ( 'NONE', #804 ) ;
#883 = DIRECTION ( 'NONE',  ( 0.000000000000000000, 0.000000000000000000, 1.000000000000000000 ) ) ;
#884 = VERTEX_POINT ( 'NONE', #1391 ) ;
#885 = VECTOR ( 'NONE', #1596, 1000.000000000000000 ) ;
#886 = CALENDAR_DATE ( 2026, 7, 9 ) ;
#887 = CARTESIAN_POINT ( 'NONE',  ( 0.000000000000000000, -7.000000000000000000, 4.000000000000000000 ) ) ;
#888 = FACE_BOUND ( 'NONE', #1784, .T. ) ;
#889 = ORIENTED_EDGE ( 'NONE', *, *, #1421, .F. ) ;
#890 = DIRECTION ( 'NONE',  ( 1.000000000000000000, 0.000000000000000000, 0.000000000000000000 ) ) ;
#891 = CARTESIAN_POINT ( 'NONE',  ( 0.000000000000000000, 0.000000000000000000, 4.000000000000000000 ) ) ;
#892 = ORIENTED_EDGE ( 'NONE', *, *, #672, .T. ) ;
#893 = DIRECTION ( 'NONE',  ( -0.000000000000000000, -1.000000000000000000, -0.000000000000000000 ) ) ;
#894 = ORIENTED_EDGE ( 'NONE', *, *, #1440, .F. ) ;
#895 = CARTESIAN_POINT ( 'NONE',  ( 53.60000000000000142, 6.500000000000000000, 4.000000000000000888 ) ) ;
#896 = CARTESIAN_POINT ( 'NONE',  ( 0.000000000000000000, 0.000000000000000000, 4.000000000000003553 ) ) ;
#897 = EDGE_CURVE ( 'NONE', #1173, #1042, #53, .T. ) ;
#898 = DIRECTION ( 'NONE',  ( -1.000000000000000000, 0.000000000000000000, 0.000000000000000000 ) ) ;
#899 = LINE ( 'NONE', #1822, #1254 ) ;
#900 = FACE_OUTER_BOUND ( 'NONE', #650, .T. ) ;
#901 = DIRECTION ( 'NONE',  ( 1.000000000000000000, 0.000000000000000000, 0.000000000000000000 ) ) ;
#902 = ORIENTED_EDGE ( 'NONE', *, *, #1675, .F. ) ;
#903 = DIRECTION ( 'NONE',  ( 0.000000000000000000, 0.000000000000000000, 1.000000000000000000 ) ) ;
#904 = ORIENTED_EDGE ( 'NONE', *, *, #348, .T. ) ;
#905 = LOCAL_TIME ( 23, 30, 25.00000000000000000, #1145 ) ;
#906 = ADVANCED_FACE ( 'NONE', ( #37 ), #798, .T. ) ;
#907 = VECTOR ( 'NONE', #379, 1000.000000000000000 ) ;
#908 = CIRCLE ( 'NONE', #224, 1.600000000000000755 ) ;
#909 = AXIS2_PLACEMENT_3D ( 'NONE', #48, #1438, #986 ) ;
#910 = VECTOR ( 'NONE', #65, 1000.000000000000000 ) ;
#911 = FACE_OUTER_BOUND ( 'NONE', #32, .T. ) ;
#912 = ORIENTED_EDGE ( 'NONE', *, *, #337, .F. ) ;
#913 = CARTESIAN_POINT ( 'NONE',  ( 0.000000000000000000, 7.000000000000000000, 0.000000000000000000 ) ) ;
#914 = CARTESIAN_POINT ( 'NONE',  ( 40.00000000000000000, -9.000000000000000000, 4.000000000000000000 ) ) ;
#915 = ORIENTED_EDGE ( 'NONE', *, *, #763, .F. ) ;
#916 = LINE ( 'NONE', #1322, #225 ) ;
#917 = ORIENTED_EDGE ( 'NONE', *, *, #1578, .F. ) ;
#918 = EDGE_CURVE ( 'NONE', #1430, #243, #1749, .T. ) ;
#919 = VECTOR ( 'NONE', #1701, 1000.000000000000000 ) ;
#920 = DIRECTION ( 'NONE',  ( 0.000000000000000000, 0.000000000000000000, -1.000000000000000000 ) ) ;
#921 = ORIENTED_EDGE ( 'NONE', *, *, #427, .F. ) ;
#922 = PLANE ( 'NONE',  #510 ) ;
#923 = VECTOR ( 'NONE', #1248, 1000.000000000000000 ) ;
#924 = FACE_OUTER_BOUND ( 'NONE', #285, .T. ) ;
#925 = CARTESIAN_POINT ( 'NONE',  ( -1.146328814084335512, 6.905499999999999972, 8.000000000000000000 ) ) ;
#926 = ORIENTED_EDGE ( 'NONE', *, *, #1736, .F. ) ;
#927 = ORIENTED_EDGE ( 'NONE', *, *, #1062, .T. ) ;
#928 = CARTESIAN_POINT ( 'NONE',  ( 0.000000000000000000, 0.000000000000000000, 4.000000000000000000 ) ) ;
#929 = CARTESIAN_POINT ( 'NONE',  ( 0.000000000000000000, 7.000000000000000000, 4.000000000000000000 ) ) ;
#930 = DIRECTION ( 'NONE',  ( -1.000000000000000000, 0.000000000000000000, 0.000000000000000000 ) ) ;
#931 = EDGE_CURVE ( 'NONE', #1249, #833, #1398, .T. ) ;
#932 = CARTESIAN_POINT ( 'NONE',  ( 8.400000000000000355, 0.000000000000000000, 4.000000000000003553 ) ) ;
#933 = CARTESIAN_POINT ( 'NONE',  ( 8.400000000000000355, 0.000000000000000000, 4.000000000000003553 ) ) ;
#934 = ORIENTED_EDGE ( 'NONE', *, *, #1079, .T. ) ;
#935 = CARTESIAN_POINT ( 'NONE',  ( 0.000000000000000000, -7.000000000000000000, 4.000000000000000000 ) ) ;
#936 = ORIENTED_EDGE ( 'NONE', *, *, #651, .T. ) ;
#937 = EDGE_CURVE ( 'NONE', #743, #629, #520, .T. ) ;
#938 = PLANE ( 'NONE',  #1224 ) ;
#939 = ORIENTED_EDGE ( 'NONE', *, *, #1862, .F. ) ;
#940 = CARTESIAN_POINT ( 'NONE',  ( -10.00000000000000000, 0.000000000000000000, 8.000000000000000000 ) ) ;
#941 = CARTESIAN_POINT ( 'NONE',  ( 28.60000000000000142, 3.000000000000000000, 0.000000000000000000 ) ) ;
#942 = VERTEX_POINT ( 'NONE', #352 ) ;
#943 = DIRECTION ( 'NONE',  ( 0.000000000000000000, 0.000000000000000000, 1.000000000000000000 ) ) ;
#944 = ORIENTED_EDGE ( 'NONE', *, *, #1490, .T. ) ;
#945 = CARTESIAN_POINT ( 'NONE',  ( -1.146328814084335512, 6.905499999999999972, 4.000000000000000000 ) ) ;
#946 = CIRCLE ( 'NONE', #850, 7.000000000000000000 ) ;
#947 = DIRECTION ( 'NONE',  ( -0.000000000000000000, -0.000000000000000000, 1.000000000000000000 ) ) ;
#948 = FACE_OUTER_BOUND ( 'NONE', #618, .T. ) ;
#949 = ORIENTED_EDGE ( 'NONE', *, *, #669, .F. ) ;
#950 = ORIENTED_EDGE ( 'NONE', *, *, #211, .F. ) ;
#951 = CARTESIAN_POINT ( 'NONE',  ( -1.600000000000000089, -10.00000000000000000, 0.000000000000000000 ) ) ;
#952 = ADVANCED_FACE ( 'NONE', ( #972 ), #548, .F. ) ;
#953 = CARTESIAN_POINT ( 'NONE',  ( 25.39999999999999858, -3.000000000000000000, 4.000000000000003553 ) ) ;
#954 = DIRECTION ( 'NONE',  ( 0.000000000000000000, 0.000000000000000000, 1.000000000000000000 ) ) ;
#955 = ORIENTED_EDGE ( 'NONE', *, *, #39, .F. ) ;
#956 = VERTEX_POINT ( 'NONE', #820 ) ;
#957 = AXIS2_PLACEMENT_3D ( 'NONE', #1805, #446, #1660 ) ;
#958 = CARTESIAN_POINT ( 'NONE',  ( 30.00000000000000711, -9.000000000000000000, 0.000000000000000000 ) ) ;
#959 = AXIS2_PLACEMENT_3D ( 'NONE', #1587, #822, #87 ) ;
#960 = CARTESIAN_POINT ( 'NONE',  ( 0.000000000000000000, 0.000000000000000000, 8.000000000000000000 ) ) ;
#961 = EDGE_LOOP ( 'NONE', ( #1022, #825, #1607, #204 ) ) ;
#962 = AXIS2_PLACEMENT_3D ( 'NONE', #1368, #1533, #1786 ) ;
#963 = CIRCLE ( 'NONE', #42, 4.999999999999997335 ) ;
#964 = DIRECTION ( 'NONE',  ( -1.000000000000000000, 0.000000000000000000, 0.000000000000000000 ) ) ;
#965 = AXIS2_PLACEMENT_3D ( 'NONE', #1390, #524, #1848 ) ;
#966 = ORIENTED_EDGE ( 'NONE', *, *, #180, .F. ) ;
#967 = APPROVAL_ROLE ( '' ) ;
#968 = EDGE_CURVE ( 'NONE', #1620, #823, #1562, .T. ) ;
#969 = DESIGN_CONTEXT ( 'detailed design', #716, 'design' ) ;
#970 = DIRECTION ( 'NONE',  ( -1.000000000000000000, 0.000000000000000000, 0.000000000000000000 ) ) ;
#971 = CARTESIAN_POINT ( 'NONE',  ( 14.38749456993815734, -7.000000000000000000, 4.000000000000000000 ) ) ;
#972 = FACE_OUTER_BOUND ( 'NONE', #682, .T. ) ;
#973 = ORIENTED_EDGE ( 'NONE', *, *, #1136, .T. ) ;
#974 = EDGE_CURVE ( 'NONE', #649, #1108, #1751, .T. ) ;
#975 = VECTOR ( 'NONE', #654, 1000.000000000000000 ) ;
#976 = DIRECTION ( 'NONE',  ( 0.000000000000000000, 0.000000000000000000, 1.000000000000000000 ) ) ;
#977 = EDGE_LOOP ( 'NONE', ( #1323, #1793, #359, #762 ) ) ;
#978 = AXIS2_PLACEMENT_3D ( 'NONE', #1780, #594, #1187 ) ;
#979 = DIRECTION ( 'NONE',  ( 0.000000000000000000, -0.000000000000000000, 1.000000000000000000 ) ) ;
#980 = CC_DESIGN_DATE_AND_TIME_ASSIGNMENT ( #696, #1609, ( #1340 ) ) ;
#981 = PLANE ( 'NONE',  #875 ) ;
#982 = LINE ( 'NONE', #1889, #404 ) ;
#983 = EDGE_CURVE ( 'NONE', #1399, #1267, #1720, .T. ) ;
#984 = CARTESIAN_POINT ( 'NONE',  ( 10.00000000000000000, 0.000000000000000000, 4.000000000000003553 ) ) ;
#985 = ORIENTED_EDGE ( 'NONE', *, *, #1491, .F. ) ;
#986 = DIRECTION ( 'NONE',  ( 1.000000000000000000, 0.000000000000000000, 0.000000000000000000 ) ) ;
#987 = CARTESIAN_POINT ( 'NONE',  ( 77.40000000000000568, 0.000000000000000000, -0.000000000000000000 ) ) ;
#988 = VERTEX_POINT ( 'NONE', #261 ) ;
#989 = VERTEX_POINT ( 'NONE', #389 ) ;
#990 = APPROVAL_ROLE ( '' ) ;
#991 = DIRECTION ( 'NONE',  ( 0.000000000000000000, 0.000000000000000000, -1.000000000000000000 ) ) ;
#992 = DIRECTION ( 'NONE',  ( 0.000000000000000000, 0.000000000000000000, 1.000000000000000000 ) ) ;
#993 = EDGE_LOOP ( 'NONE', ( #38, #455, #1493, #114 ) ) ;
#994 = AXIS2_PLACEMENT_3D ( 'NONE', #1093, #330, #1083 ) ;
#995 = LINE ( 'NONE', #263, #169 ) ;
#996 = VECTOR ( 'NONE', #1939, 1000.000000000000000 ) ;
#997 = ORIENTED_EDGE ( 'NONE', *, *, #1440, .T. ) ;
#998 = AXIS2_PLACEMENT_3D ( 'NONE', #244, #1467, #1315 ) ;
#999 = ADVANCED_FACE ( 'NONE', ( #1757 ), #1264, .F. ) ;
#1000 = AXIS2_PLACEMENT_3D ( 'NONE', #1637, #772, #1955 ) ;
#1001 = AXIS2_PLACEMENT_3D ( 'NONE', #115, #1903, #1911 ) ;
#1002 = ORIENTED_EDGE ( 'NONE', *, *, #232, .T. ) ;
#1003 = PERSON_AND_ORGANIZATION ( #1211, #659 ) ;
#1004 = CARTESIAN_POINT ( 'NONE',  ( 78.70000000000000284, 0.000000000000000000, 0.000000000000000000 ) ) ;
#1005 = FACE_OUTER_BOUND ( 'NONE', #1382, .T. ) ;
#1006 = ORIENTED_EDGE ( 'NONE', *, *, #1414, .F. ) ;
#1007 = LINE ( 'NONE', #987, #237 ) ;
#1008 = ORIENTED_EDGE ( 'NONE', *, *, #711, .F. ) ;
#1009 = CIRCLE ( 'NONE', #235, 1.600000000000000755 ) ;
#1010 = AXIS2_PLACEMENT_3D ( 'NONE', #1363, #1059, #571 ) ;
#1011 = ORIENTED_EDGE ( 'NONE', *, *, #365, .F. ) ;
#1012 = ADVANCED_FACE ( 'NONE', ( #1436, #673 ), #410, .T. ) ;
#1013 = DIRECTION ( 'NONE',  ( -1.000000000000000000, -0.000000000000000000, -0.000000000000000000 ) ) ;
#1014 = CARTESIAN_POINT ( 'NONE',  ( 42.00000000000000000, -7.000000000000000000, 4.000000000000000000 ) ) ;
#1015 = CARTESIAN_POINT ( 'NONE',  ( 90.00000000000000000, 14.00000000000000000, 4.000000000000000000 ) ) ;
#1016 = EDGE_LOOP ( 'NONE', ( #1116, #1006, #1095, #1806, #1870, #704, #1299, #1685, #303, #1176, #497, #1273, #985, #518, #1891, #1056, #332 ) ) ;
#1017 = EDGE_CURVE ( 'NONE', #1380, #1714, #1890, .T. ) ;
#1018 = CARTESIAN_POINT ( 'NONE',  ( 42.00000000000000000, -14.00000000000000000, 0.000000000000000000 ) ) ;
#1019 = DIRECTION ( 'NONE',  ( 0.000000000000000000, 0.000000000000000000, 1.000000000000000000 ) ) ;
#1020 = ORIENTED_EDGE ( 'NONE', *, *, #172, .F. ) ;
#1021 = PLANE ( 'NONE',  #1000 ) ;
#1022 = ORIENTED_EDGE ( 'NONE', *, *, #464, .T. ) ;
#1023 = EDGE_CURVE ( 'NONE', #1769, #1946, #1909, .T. ) ;
#1024 = CARTESIAN_POINT ( 'NONE',  ( 30.41742430504416461, 7.000000000000000000, 4.000000000000000000 ) ) ;
#1025 = CARTESIAN_POINT ( 'NONE',  ( 42.00000000000000000, 14.00000000000000000, 4.000000000000000000 ) ) ;
#1026 = DIRECTION ( 'NONE',  ( 1.000000000000000000, 0.000000000000000000, 0.000000000000000000 ) ) ;
#1027 = AXIS2_PLACEMENT_3D ( 'NONE', #1370, #151, #25 ) ;
#1028 = CARTESIAN_POINT ( 'NONE',  ( -6.905499999999999972, 1.146328814084335512, 4.000000000000000000 ) ) ;
#1029 = VERTEX_POINT ( 'NONE', #242 ) ;
#1030 = CARTESIAN_POINT ( 'NONE',  ( -16.00000000000000000, 0.000000000000000000, 4.000000000000000000 ) ) ;
#1031 = CARTESIAN_POINT ( 'NONE',  ( 42.00000000000000000, 14.00000000000000000, 4.000000000000000000 ) ) ;
#1032 = EDGE_LOOP ( 'NONE', ( #892, #748, #208, #858 ) ) ;
#1033 = CIRCLE ( 'NONE', #1223, 1.599999999999997202 ) ;
#1034 = DIRECTION ( 'NONE',  ( -1.000000000000000000, 0.000000000000000000, 0.000000000000000000 ) ) ;
#1035 = ADVANCED_FACE ( 'NONE', ( #1005 ), #557, .T. ) ;
#1036 = CARTESIAN_POINT ( 'NONE',  ( 77.40000000000000568, 6.500000000000000000, 0.000000000000000000 ) ) ;
#1037 = CARTESIAN_POINT ( 'NONE',  ( 35.00000000000000000, -9.000000000000000000, 0.000000000000000000 ) ) ;
#1038 = CARTESIAN_POINT ( 'NONE',  ( 0.000000000000000000, 10.00000000000000000, 4.000000000000003553 ) ) ;
#1039 = CARTESIAN_POINT ( 'NONE',  ( 4.000000000000000000, 4.898587196589412829E-16, 4.000000000000003553 ) ) ;
#1040 = EDGE_LOOP ( 'NONE', ( #1893, #1586, #1877, #425, #322, #402, #1122, #1600, #1550, #1615, #1077, #253, #124, #1408, #1466, #1377, #145 ) ) ;
#1041 = CARTESIAN_POINT ( 'NONE',  ( 25.39999999999999858, 3.000000000000000000, 4.000000000000003553 ) ) ;
#1042 = VERTEX_POINT ( 'NONE', #1614 ) ;
#1043 = FACE_OUTER_BOUND ( 'NONE', #1956, .T. ) ;
#1044 = DIRECTION ( 'NONE',  ( -1.000000000000000000, 0.000000000000000000, 0.000000000000000000 ) ) ;
#1045 = DIRECTION ( 'NONE',  ( 0.000000000000000000, 0.000000000000000000, 1.000000000000000000 ) ) ;
#1046 = CYLINDRICAL_SURFACE ( 'NONE', #560, 4.999999999999997335 ) ;
#1047 = LINE ( 'NONE', #1810, #1687 ) ;
#1048 = DIRECTION ( 'NONE',  ( 0.000000000000000000, 0.000000000000000000, 1.000000000000000000 ) ) ;
#1049 = DIRECTION ( 'NONE',  ( -1.000000000000000000, 0.000000000000000000, 0.000000000000000000 ) ) ;
#1050 = VERTEX_POINT ( 'NONE', #230 ) ;
#1051 = DIRECTION ( 'NONE',  ( 0.000000000000000000, 0.000000000000000000, -1.000000000000000000 ) ) ;
#1052 = EDGE_LOOP ( 'NONE', ( #656, #347 ) ) ;
#1053 = CARTESIAN_POINT ( 'NONE',  ( 0.000000000000000000, 0.000000000000000000, 0.000000000000000000 ) ) ;
#1054 = DIRECTION ( 'NONE',  ( -1.000000000000000000, 0.000000000000000000, 0.000000000000000000 ) ) ;
#1055 = DIRECTION ( 'NONE',  ( 0.000000000000000000, 0.000000000000000000, 1.000000000000000000 ) ) ;
#1056 = ORIENTED_EDGE ( 'NONE', *, *, #1882, .F. ) ;
#1057 = DIRECTION ( 'NONE',  ( 0.000000000000000000, 0.000000000000000000, -1.000000000000000000 ) ) ;
#1058 = CARTESIAN_POINT ( 'NONE',  ( 0.000000000000000000, 10.00000000000000000, 4.000000000000003553 ) ) ;
#1059 = DIRECTION ( 'NONE',  ( 0.000000000000000000, 0.000000000000000000, 1.000000000000000000 ) ) ;
#1060 = VERTEX_POINT ( 'NONE', #810 ) ;
#1061 = AXIS2_PLACEMENT_3D ( 'NONE', #287, #296, #1206 ) ;
#1062 = EDGE_CURVE ( 'NONE', #486, #1781, #946, .T. ) ;
#1063 = CARTESIAN_POINT ( 'NONE',  ( 39.58257569495583539, -7.000000000000000000, 4.000000000000000000 ) ) ;
#1064 = ORIENTED_EDGE ( 'NONE', *, *, #498, .T. ) ;
#1065 = AXIS2_PLACEMENT_3D ( 'NONE', #1868, #1123, #964 ) ;
#1066 = AXIS2_PLACEMENT_3D ( 'NONE', #547, #1138, #834 ) ;
#1067 = AXIS2_PLACEMENT_3D ( 'NONE', #112, #1293, #1464 ) ;
#1068 = CIRCLE ( 'NONE', #877, 1.599999999999997202 ) ;
#1069 = CARTESIAN_POINT ( 'NONE',  ( 0.000000000000000000, 10.00000000000000000, 8.000000000000000000 ) ) ;
#1070 = PRODUCT_DEFINITION_SHAPE ( 'NONE', 'NONE',  #1340 ) ;
#1071 = CARTESIAN_POINT ( 'NONE',  ( -10.00000000000000000, 0.000000000000000000, 4.000000000000003553 ) ) ;
#1072 = DIRECTION ( 'NONE',  ( 0.000000000000000000, 0.000000000000000000, 1.000000000000000000 ) ) ;
#1073 = EDGE_CURVE ( 'NONE', #1354, #1569, #268, .T. ) ;
#1074 = DIRECTION ( 'NONE',  ( 0.000000000000000000, 0.000000000000000000, -1.000000000000000000 ) ) ;
#1075 = DIRECTION ( 'NONE',  ( 1.000000000000000000, 0.000000000000000000, 0.000000000000000000 ) ) ;
#1076 = ORIENTED_EDGE ( 'NONE', *, *, #807, .F. ) ;
#1077 = ORIENTED_EDGE ( 'NONE', *, *, #1695, .T. ) ;
#1078 = ADVANCED_FACE ( 'NONE', ( #707 ), #103, .T. ) ;
#1079 = EDGE_CURVE ( 'NONE', #1399, #988, #75, .T. ) ;
#1080 = AXIS2_PLACEMENT_3D ( 'NONE', #1515, #1178, #615 ) ;
#1081 = VERTEX_POINT ( 'NONE', #1919 ) ;
#1082 = CIRCLE ( 'NONE', #141, 7.000000000000000000 ) ;
#1083 = DIRECTION ( 'NONE',  ( 1.000000000000000000, 0.000000000000000000, 0.000000000000000000 ) ) ;
#1084 = DIRECTION ( 'NONE',  ( 0.000000000000000000, 0.000000000000000000, 1.000000000000000000 ) ) ;
#1085 = VERTEX_POINT ( 'NONE', #113 ) ;
#1086 = EDGE_CURVE ( 'NONE', #730, #869, #1121, .T. ) ;
#1087 = CARTESIAN_POINT ( 'NONE',  ( 0.000000000000000000, -7.000000000000000000, 0.000000000000000000 ) ) ;
#1088 = ORIENTED_EDGE ( 'NONE', *, *, #733, .F. ) ;
#1089 = DIRECTION ( 'NONE',  ( 1.000000000000000000, 0.000000000000000000, 0.000000000000000000 ) ) ;
#1090 = ORIENTED_EDGE ( 'NONE', *, *, #362, .F. ) ;
#1091 = EDGE_CURVE ( 'NONE', #1937, #18, #542, .T. ) ;
#1092 = DIRECTION ( 'NONE',  ( 0.000000000000000000, 0.000000000000000000, 1.000000000000000000 ) ) ;
#1093 = CARTESIAN_POINT ( 'NONE',  ( 0.000000000000000000, -10.00000000000000000, 4.000000000000000000 ) ) ;
#1094 = CARTESIAN_POINT ( 'NONE',  ( -1.146328814084336178, 6.905499999999999972, 6.000000000000000000 ) ) ;
#1095 = ORIENTED_EDGE ( 'NONE', *, *, #918, .F. ) ;
#1096 = CARTESIAN_POINT ( 'NONE',  ( -16.00000000000000000, 0.000000000000000000, 0.000000000000000000 ) ) ;
#1097 = VERTEX_POINT ( 'NONE', #139 ) ;
#1098 = LOCAL_TIME ( 23, 30, 25.00000000000000000, #1915 ) ;
#1099 = FACE_BOUND ( 'NONE', #663, .T. ) ;
#1100 = CIRCLE ( 'NONE', #812, 3.299999999999999822 ) ;
#1101 = DIRECTION ( 'NONE',  ( 1.000000000000000000, 0.000000000000000000, 0.000000000000000000 ) ) ;
#1102 = VECTOR ( 'NONE', #903, 1000.000000000000000 ) ;
#1103 = CIRCLE ( 'NONE', #1225, 1.599999999999997202 ) ;
#1104 = CARTESIAN_POINT ( 'NONE',  ( -6.905499999999999972, -1.146328814084336178, 6.000000000000000000 ) ) ;
#1105 = LINE ( 'NONE', #212, #4 ) ;
#1106 = DIRECTION ( 'NONE',  ( 0.000000000000000000, 0.000000000000000000, -1.000000000000000000 ) ) ;
#1107 = ORIENTED_EDGE ( 'NONE', *, *, #897, .F. ) ;
#1108 = VERTEX_POINT ( 'NONE', #1036 ) ;
#1109 = ADVANCED_FACE ( 'NONE', ( #589 ), #451, .F. ) ;
#1110 =( NAMED_UNIT ( * ) SI_UNIT ( $, .STERADIAN. ) SOLID_ANGLE_UNIT ( ) );
#1111 = VECTOR ( 'NONE', #864, 1000.000000000000000 ) ;
#1112 = AXIS2_PLACEMENT_3D ( 'NONE', #325, #499, #61 ) ;
#1113 = CARTESIAN_POINT ( 'NONE',  ( 14.38749456993815734, 7.000000000000000000, 0.000000000000000000 ) ) ;
#1114 = DIRECTION ( 'NONE',  ( 0.000000000000000000, 0.000000000000000000, 1.000000000000000000 ) ) ;
#1115 = ORIENTED_EDGE ( 'NONE', *, *, #853, .T. ) ;
#1116 = ORIENTED_EDGE ( 'NONE', *, *, #318, .F. ) ;
#1117 = EDGE_CURVE ( 'NONE', #182, #382, #1510, .T. ) ;
#1118 = FACE_BOUND ( 'NONE', #1052, .T. ) ;
#1119 = DIRECTION ( 'NONE',  ( 0.000000000000000000, 0.000000000000000000, 1.000000000000000000 ) ) ;
#1120 = DIRECTION ( 'NONE',  ( 0.000000000000000000, 0.000000000000000000, -1.000000000000000000 ) ) ;
#1121 = LINE ( 'NONE', #1283, #109 ) ;
#1122 = ORIENTED_EDGE ( 'NONE', *, *, #185, .T. ) ;
#1123 = DIRECTION ( 'NONE',  ( -0.000000000000000000, -0.000000000000000000, 1.000000000000000000 ) ) ;
#1124 = DIRECTION ( 'NONE',  ( 0.000000000000000000, 0.000000000000000000, -1.000000000000000000 ) ) ;
#1125 = ORIENTED_EDGE ( 'NONE', *, *, #1491, .T. ) ;
#1126 = EDGE_CURVE ( 'NONE', #629, #743, #675, .T. ) ;
#1127 = EDGE_CURVE ( 'NONE', #873, #476, #161, .T. ) ;
#1128 = CARTESIAN_POINT ( 'NONE',  ( 42.00000000000000000, 14.00000000000000000, 0.000000000000000000 ) ) ;
#1129 = CARTESIAN_POINT ( 'NONE',  ( 33.40000000000000568, 9.000000000000000000, 4.000000000000003553 ) ) ;
#1130 = AXIS2_PLACEMENT_3D ( 'NONE', #1898, #1417, #240 ) ;
#1131 = DIRECTION ( 'NONE',  ( -0.000000000000000000, -0.000000000000000000, -1.000000000000000000 ) ) ;
#1132 = EDGE_LOOP ( 'NONE', ( #1076, #104, #1574, #627 ) ) ;
#1133 = CIRCLE ( 'NONE', #509, 1.600000000000000089 ) ;
#1134 = CIRCLE ( 'NONE', #320, 1.600000000000000089 ) ;
#1135 = VERTEX_POINT ( 'NONE', #1641 ) ;
#1136 = EDGE_CURVE ( 'NONE', #521, #884, #279, .T. ) ;
#1137 = APPROVAL_DATE_TIME ( #1601, #1446 ) ;
#1138 = DIRECTION ( 'NONE',  ( 0.000000000000000000, 0.000000000000000000, 1.000000000000000000 ) ) ;
#1139 = CARTESIAN_POINT ( 'NONE',  ( 90.00000000000000000, -14.00000000000000000, 4.000000000000000000 ) ) ;
#1140 = EDGE_LOOP ( 'NONE', ( #1693, #1155, #43, #1469 ) ) ;
#1141 = AXIS2_PLACEMENT_3D ( 'NONE', #835, #1744, #1444 ) ;
#1142 = ORIENTED_EDGE ( 'NONE', *, *, #1421, .T. ) ;
#1143 = ADVANCED_FACE ( 'NONE', ( #1950, #579, #758, #1361, #14, #1474, #613, #1325, #888, #272, #1184, #1205, #295 ), #1796, .T. ) ;
#1144 = ORIENTED_EDGE ( 'NONE', *, *, #33, .T. ) ;
#1145 = COORDINATED_UNIVERSAL_TIME_OFFSET ( 6, 0, .BEHIND. ) ;
#1146 = CARTESIAN_POINT ( 'NONE',  ( 35.00000000000000000, -9.000000000000000000, 0.000000000000000000 ) ) ;
#1147 = CARTESIAN_POINT ( 'NONE',  ( 1.146328814084335512, -6.905499999999999972, 8.000000000000000000 ) ) ;
#1148 = DIRECTION ( 'NONE',  ( 0.000000000000000000, -0.000000000000000000, 1.000000000000000000 ) ) ;
#1149 = EDGE_LOOP ( 'NONE', ( #889, #339, #1460, #839 ) ) ;
#1150 = CYLINDRICAL_SURFACE ( 'NONE', #71, 4.999999999999997335 ) ;
#1151 = ORIENTED_EDGE ( 'NONE', *, *, #1855, .T. ) ;
#1152 = ORIENTED_EDGE ( 'NONE', *, *, #1530, .T. ) ;
#1153 = CARTESIAN_POINT ( 'NONE',  ( 35.00000000000000000, -9.000000000000000000, 4.000000000000000000 ) ) ;
#1154 = DIRECTION ( 'NONE',  ( -0.000000000000000000, -0.000000000000000000, 1.000000000000000000 ) ) ;
#1155 = ORIENTED_EDGE ( 'NONE', *, *, #1126, .T. ) ;
#1156 = CIRCLE ( 'NONE', #1871, 7.000000000000000000 ) ;
#1157 = EDGE_CURVE ( 'NONE', #1393, #801, #1423, .T. ) ;
#1158 = LINE ( 'NONE', #281, #438 ) ;
#1159 = ORIENTED_EDGE ( 'NONE', *, *, #1163, .T. ) ;
#1160 = AXIS2_PLACEMENT_3D ( 'NONE', #1297, #550, #581 ) ;
#1161 = AXIS2_PLACEMENT_3D ( 'NONE', #1834, #1526, #1341 ) ;
#1162 = EDGE_LOOP ( 'NONE', ( #1734, #1420 ) ) ;
#1163 = EDGE_CURVE ( 'NONE', #884, #816, #1134, .T. ) ;
#1164 = CARTESIAN_POINT ( 'NONE',  ( 28.60000000000000142, -3.000000000000000000, 4.000000000000003553 ) ) ;
#1165 = DIRECTION ( 'NONE',  ( -1.000000000000000000, 0.000000000000000000, 0.000000000000000000 ) ) ;
#1166 = ORIENTED_EDGE ( 'NONE', *, *, #1086, .F. ) ;
#1167 = DIRECTION ( 'NONE',  ( 1.000000000000000000, 0.000000000000000000, 0.000000000000000000 ) ) ;
#1168 = CARTESIAN_POINT ( 'NONE',  ( 0.000000000000000000, 10.00000000000000000, 4.000000000000003553 ) ) ;
#1169 = VERTEX_POINT ( 'NONE', #1024 ) ;
#1170 = AXIS2_PLACEMENT_3D ( 'NONE', #960, #992, #1884 ) ;
#1171 = CARTESIAN_POINT ( 'NONE',  ( 35.00000000000000000, 9.000000000000000000, 4.000000000000000000 ) ) ;
#1172 = VECTOR ( 'NONE', #1528, 1000.000000000000000 ) ;
#1173 = VERTEX_POINT ( 'NONE', #1312 ) ;
#1174 = ADVANCED_FACE ( 'NONE', ( #286 ), #1501, .F. ) ;
#1175 = DIRECTION ( 'NONE',  ( 1.000000000000000000, 0.000000000000000000, 0.000000000000000000 ) ) ;
#1176 = ORIENTED_EDGE ( 'NONE', *, *, #193, .F. ) ;
#1177 = DIRECTION ( 'NONE',  ( -1.000000000000000000, 0.000000000000000000, 0.000000000000000000 ) ) ;
#1178 = DIRECTION ( 'NONE',  ( -0.000000000000000000, -0.000000000000000000, -1.000000000000000000 ) ) ;
#1179 = ORIENTED_EDGE ( 'NONE', *, *, #69, .F. ) ;
#1180 = CARTESIAN_POINT ( 'NONE',  ( 36.60000000000000142, -9.000000000000000000, 4.000000000000003553 ) ) ;
#1181 = LINE ( 'NONE', #1496, #1424 ) ;
#1182 = ORIENTED_EDGE ( 'NONE', *, *, #974, .F. ) ;
#1183 = DIRECTION ( 'NONE',  ( 0.000000000000000000, 0.000000000000000000, -1.000000000000000000 ) ) ;
#1184 = FACE_BOUND ( 'NONE', #1760, .T. ) ;
#1185 = DIRECTION ( 'NONE',  ( 1.000000000000000000, 0.000000000000000000, 0.000000000000000000 ) ) ;
#1186 = EDGE_CURVE ( 'NONE', #1210, #1380, #601, .T. ) ;
#1187 = DIRECTION ( 'NONE',  ( 1.000000000000000000, 0.000000000000000000, 0.000000000000000000 ) ) ;
#1188 = ORIENTED_EDGE ( 'NONE', *, *, #470, .F. ) ;
#1189 = AXIS2_PLACEMENT_3D ( 'NONE', #1171, #1506, #749 ) ;
#1190 =( GEOMETRIC_REPRESENTATION_CONTEXT ( 3 ) GLOBAL_UNCERTAINTY_ASSIGNED_CONTEXT ( ( #1916 ) ) GLOBAL_UNIT_ASSIGNED_CONTEXT ( ( #657, #515, #1110 ) ) REPRESENTATION_CONTEXT ( 'NONE', 'WORKASPACE' ) );
#1191 = VERTEX_POINT ( 'NONE', #1196 ) ;
#1192 = CIRCLE ( 'NONE', #1160, 1.600000000000000089 ) ;
#1193 = COORDINATED_UNIVERSAL_TIME_OFFSET ( 6, 0, .BEHIND. ) ;
#1194 = EDGE_CURVE ( 'NONE', #1050, #790, #963, .T. ) ;
#1195 = CARTESIAN_POINT ( 'NONE',  ( 53.60000000000000142, 6.500000000000000000, 4.000000000000000888 ) ) ;
#1196 = CARTESIAN_POINT ( 'NONE',  ( -11.60000000000000142, 0.000000000000000000, 0.000000000000000000 ) ) ;
#1197 = DIRECTION ( 'NONE',  ( 0.000000000000000000, 0.000000000000000000, 1.000000000000000000 ) ) ;
#1198 = DIRECTION ( 'NONE',  ( 1.000000000000000000, 0.000000000000000000, 0.000000000000000000 ) ) ;
#1199 = ORIENTED_EDGE ( 'NONE', *, *, #1268, .T. ) ;
#1200 = CARTESIAN_POINT ( 'NONE',  ( 42.00000000000000000, -14.00000000000000000, 0.000000000000000000 ) ) ;
#1201 = DIRECTION ( 'NONE',  ( 0.000000000000000000, 0.000000000000000000, 1.000000000000000000 ) ) ;
#1202 = ORIENTED_EDGE ( 'NONE', *, *, #559, .T. ) ;
#1203 = VECTOR ( 'NONE', #1465, 1000.000000000000000 ) ;
#1204 = DIRECTION ( 'NONE',  ( 0.000000000000000000, -1.000000000000000000, 0.000000000000000000 ) ) ;
#1205 = FACE_OUTER_BOUND ( 'NONE', #1016, .T. ) ;
#1206 = DIRECTION ( 'NONE',  ( -1.000000000000000000, 0.000000000000000000, 0.000000000000000000 ) ) ;
#1207 = ADVANCED_FACE ( 'NONE', ( #1930 ), #305, .T. ) ;
#1208 = LINE ( 'NONE', #351, #345 ) ;
#1209 = DIRECTION ( 'NONE',  ( 0.000000000000000000, 0.000000000000000000, 1.000000000000000000 ) ) ;
#1210 = VERTEX_POINT ( 'NONE', #1015 ) ;
#1211 = PERSON ( 'UNSPECIFIED', 'UNSPECIFIED', 'UNSPECIFIED', ('UNSPECIFIED'), ('UNSPECIFIED'), ('UNSPECIFIED') ) ;
#1212 = DIRECTION ( 'NONE',  ( -1.000000000000000000, 0.000000000000000000, 0.000000000000000000 ) ) ;
#1213 = ORIENTED_EDGE ( 'NONE', *, *, #778, .T. ) ;
#1214 = ORIENTED_EDGE ( 'NONE', *, *, #1577, .F. ) ;
#1215 = ORIENTED_EDGE ( 'NONE', *, *, #327, .T. ) ;
#1216 = DIRECTION ( 'NONE',  ( 0.000000000000000000, 0.000000000000000000, -1.000000000000000000 ) ) ;
#1217 = FACE_OUTER_BOUND ( 'NONE', #1732, .T. ) ;
#1218 = ORIENTED_EDGE ( 'NONE', *, *, #937, .T. ) ;
#1219 = EDGE_CURVE ( 'NONE', #254, #536, #187, .T. ) ;
#1220 = EDGE_CURVE ( 'NONE', #1042, #1135, #1875, .T. ) ;
#1221 = CARTESIAN_POINT ( 'NONE',  ( -6.905499999999999972, -1.146328814084335512, 8.000000000000000000 ) ) ;
#1222 = ORIENTED_EDGE ( 'NONE', *, *, #1530, .F. ) ;
#1223 = AXIS2_PLACEMENT_3D ( 'NONE', #1397, #1716, #803 ) ;
#1224 = AXIS2_PLACEMENT_3D ( 'NONE', #928, #1412, #1556 ) ;
#1225 = AXIS2_PLACEMENT_3D ( 'NONE', #196, #1698, #786 ) ;
#1226 = AXIS2_PLACEMENT_3D ( 'NONE', #1037, #1489, #736 ) ;
#1227 = AXIS2_PLACEMENT_3D ( 'NONE', #1153, #1765, #260 ) ;
#1228 = CYLINDRICAL_SURFACE ( 'NONE', #1581, 1.600000000000000755 ) ;
#1229 = CARTESIAN_POINT ( 'NONE',  ( 6.905500000000000860, 1.146328814084335956, 6.000000000000000000 ) ) ;
#1230 = EDGE_CURVE ( 'NONE', #382, #695, #1100, .T. ) ;
#1231 = DIRECTION ( 'NONE',  ( -1.000000000000000000, 0.000000000000000000, 0.000000000000000000 ) ) ;
#1232 = DIRECTION ( 'NONE',  ( 0.000000000000000000, 0.000000000000000000, -1.000000000000000000 ) ) ;
#1233 = EDGE_LOOP ( 'NONE', ( #936, #710, #47, #1441 ) ) ;
#1234 = ORIENTED_EDGE ( 'NONE', *, *, #1194, .F. ) ;
#1235 = ADVANCED_FACE ( 'NONE', ( #469 ), #631, .F. ) ;
#1236 = AXIS2_PLACEMENT_3D ( 'NONE', #984, #681, #252 ) ;
#1237 = LINE ( 'NONE', #491, #1579 ) ;
#1238 = CARTESIAN_POINT ( 'NONE',  ( -4.000000000000000000, 0.000000000000000000, 8.000000000000000000 ) ) ;
#1239 = VECTOR ( 'NONE', #1552, 1000.000000000000000 ) ;
#1240 = CARTESIAN_POINT ( 'NONE',  ( 42.00000000000000000, -14.00000000000000000, 0.000000000000000000 ) ) ;
#1241 = DIRECTION ( 'NONE',  ( 0.000000000000000000, 0.000000000000000000, -1.000000000000000000 ) ) ;
#1242 = EDGE_LOOP ( 'NONE', ( #546, #806 ) ) ;
#1243 = APPROVAL ( #732, 'UNSPECIFIED' ) ;
#1244 = ORIENTED_EDGE ( 'NONE', *, *, #1675, .T. ) ;
#1245 = ORIENTED_EDGE ( 'NONE', *, *, #1546, .T. ) ;
#1246 = CARTESIAN_POINT ( 'NONE',  ( -8.400000000000000355, 1.959434878635765970E-16, 0.000000000000000000 ) ) ;
#1247 = ORIENTED_EDGE ( 'NONE', *, *, #137, .F. ) ;
#1248 = DIRECTION ( 'NONE',  ( 1.000000000000000000, 0.000000000000000000, 0.000000000000000000 ) ) ;
#1249 = VERTEX_POINT ( 'NONE', #945 ) ;
#1250 = VECTOR ( 'NONE', #1572, 1000.000000000000000 ) ;
#1251 = AXIS2_PLACEMENT_3D ( 'NONE', #46, #641, #1563 ) ;
#1252 = CARTESIAN_POINT ( 'NONE',  ( 35.00000000000000000, -9.000000000000000000, 0.000000000000000000 ) ) ;
#1253 = CIRCLE ( 'NONE', #814, 1.600000000000000755 ) ;
#1254 = VECTOR ( 'NONE', #603, 1000.000000000000000 ) ;
#1255 = EDGE_CURVE ( 'NONE', #1758, #67, #1648, .T. ) ;
#1256 = DIRECTION ( 'NONE',  ( 0.000000000000000000, 0.000000000000000000, -1.000000000000000000 ) ) ;
#1257 = DIRECTION ( 'NONE',  ( 1.000000000000000000, 0.000000000000000000, 0.000000000000000000 ) ) ;
#1258 = ORIENTED_EDGE ( 'NONE', *, *, #1589, .F. ) ;
#1259 = ORIENTED_EDGE ( 'NONE', *, *, #291, .T. ) ;
#1260 = CIRCLE ( 'NONE', #1775, 7.000000000000000000 ) ;
#1261 = CIRCLE ( 'NONE', #677, 4.999999999999997335 ) ;
#1262 = CARTESIAN_POINT ( 'NONE',  ( 36.60000000000000142, -9.000000000000000000, 0.000000000000000000 ) ) ;
#1263 = CARTESIAN_POINT ( 'NONE',  ( 52.29999999999999716, 1.592040838891562300E-16, 4.000000000000003553 ) ) ;
#1264 = CYLINDRICAL_SURFACE ( 'NONE', #1236, 1.600000000000000755 ) ;
#1265 = EDGE_LOOP ( 'NONE', ( #702, #1234, #843, #1125 ) ) ;
#1266 = EDGE_CURVE ( 'NONE', #514, #1437, #49, .T. ) ;
#1267 = VERTEX_POINT ( 'NONE', #1847 ) ;
#1268 = EDGE_CURVE ( 'NONE', #18, #1380, #482, .T. ) ;
#1269 = DIRECTION ( 'NONE',  ( 0.000000000000000000, 0.000000000000000000, 1.000000000000000000 ) ) ;
#1270 = DIRECTION ( 'NONE',  ( 0.000000000000000000, 0.000000000000000000, 1.000000000000000000 ) ) ;
#1271 = CARTESIAN_POINT ( 'NONE',  ( 78.70000000000000284, 0.000000000000000000, 4.000000000000003553 ) ) ;
#1272 = DIRECTION ( 'NONE',  ( 0.000000000000000000, 0.000000000000000000, 1.000000000000000000 ) ) ;
#1273 = ORIENTED_EDGE ( 'NONE', *, *, #228, .F. ) ;
#1274 = DIRECTION ( 'NONE',  ( 0.000000000000000000, 1.000000000000000000, 0.000000000000000000 ) ) ;
#1275 = EDGE_LOOP ( 'NONE', ( #338, #367 ) ) ;
#1276 = EDGE_CURVE ( 'NONE', #1332, #1437, #1545, .T. ) ;
#1277 = DIRECTION ( 'NONE',  ( -0.000000000000000000, 1.000000000000000000, 0.000000000000000000 ) ) ;
#1278 = VECTOR ( 'NONE', #1671, 1000.000000000000000 ) ;
#1280 = ADVANCED_FACE ( 'NONE', ( #227 ), #64, .T. ) ;
#1279 = DIRECTION ( 'NONE',  ( 1.000000000000000000, 0.000000000000000000, 0.000000000000000000 ) ) ;
#1281 = CARTESIAN_POINT ( 'NONE',  ( 6.905499999999999972, -1.146328814084334402, 8.000000000000000000 ) ) ;
#1282 = CARTESIAN_POINT ( 'NONE',  ( 0.000000000000000000, 7.000000000000000000, 0.000000000000000000 ) ) ;
#1283 = CARTESIAN_POINT ( 'NONE',  ( -8.400000000000000355, 1.959434878635765970E-16, 4.000000000000003553 ) ) ;
#1284 = ORIENTED_EDGE ( 'NONE', *, *, #1756, .F. ) ;
#1285 = CIRCLE ( 'NONE', #909, 4.999999999999997335 ) ;
#1286 = FACE_OUTER_BOUND ( 'NONE', #1480, .T. ) ;
#1287 = CARTESIAN_POINT ( 'NONE',  ( 77.40000000000000568, -6.500000000000000000, 4.000000000000000888 ) ) ;
#1288 = ORIENTED_EDGE ( 'NONE', *, *, #1571, .F. ) ;
#1289 = ORIENTED_EDGE ( 'NONE', *, *, #1017, .T. ) ;
#1290 = PERSON_AND_ORGANIZATION ( #1211, #659 ) ;
#1291 = FACE_OUTER_BOUND ( 'NONE', #784, .T. ) ;
#1292 = FACE_OUTER_BOUND ( 'NONE', #1747, .T. ) ;
#1293 = DIRECTION ( 'NONE',  ( 0.000000000000000000, 0.000000000000000000, 1.000000000000000000 ) ) ;
#1294 = DIRECTION ( 'NONE',  ( 0.000000000000000000, 0.000000000000000000, -1.000000000000000000 ) ) ;
#1295 = ORIENTED_EDGE ( 'NONE', *, *, #807, .T. ) ;
#1296 = AXIS2_PLACEMENT_3D ( 'NONE', #507, #1709, #635 ) ;
#1297 = CARTESIAN_POINT ( 'NONE',  ( 0.000000000000000000, -10.00000000000000000, 4.000000000000003553 ) ) ;
#1298 = CARTESIAN_POINT ( 'NONE',  ( -10.00000000000000000, 0.000000000000000000, 8.000000000000000000 ) ) ;
#1299 = ORIENTED_EDGE ( 'NONE', *, *, #1017, .F. ) ;
#1300 = ORIENTED_EDGE ( 'NONE', *, *, #1086, .T. ) ;
#1301 = PERSON_AND_ORGANIZATION_ROLE ( 'classification_officer' ) ;
#1302 = DIRECTION ( 'NONE',  ( 1.000000000000000000, -0.000000000000000000, 0.000000000000000000 ) ) ;
#1303 = CARTESIAN_POINT ( 'NONE',  ( -1.600000000000000089, -10.00000000000000000, 4.000000000000003553 ) ) ;
#1304 = ORIENTED_EDGE ( 'NONE', *, *, #1593, .T. ) ;
#1305 = CARTESIAN_POINT ( 'NONE',  ( 53.60000000000000142, -6.500000000000000000, 0.000000000000000000 ) ) ;
#1306 = DIRECTION ( 'NONE',  ( -1.000000000000000000, 0.000000000000000000, 0.000000000000000000 ) ) ;
#1307 = EDGE_LOOP ( 'NONE', ( #1159, #68 ) ) ;
#1308 = EDGE_CURVE ( 'NONE', #492, #695, #1739, .T. ) ;
#1309 = ORIENTED_EDGE ( 'NONE', *, *, #974, .T. ) ;
#1310 = DIRECTION ( 'NONE',  ( 0.000000000000000000, 0.000000000000000000, -1.000000000000000000 ) ) ;
#1311 = LINE ( 'NONE', #1282, #876 ) ;
#1312 = CARTESIAN_POINT ( 'NONE',  ( 39.58257569495583539, -7.000000000000000000, 4.000000000000000000 ) ) ;
#1313 = EDGE_LOOP ( 'NONE', ( #836, #1459 ) ) ;
#1314 = CIRCLE ( 'NONE', #1130, 3.299999999999998934 ) ;
#1315 = DIRECTION ( 'NONE',  ( 1.000000000000000000, 0.000000000000000000, 0.000000000000000000 ) ) ;
#1316 = AXIS2_PLACEMENT_3D ( 'NONE', #101, #387, #686 ) ;
#1317 = CARTESIAN_POINT ( 'NONE',  ( 27.00000000000000000, -3.000000000000000000, 4.000000000000003553 ) ) ;
#1318 = ORIENTED_EDGE ( 'NONE', *, *, #1091, .F. ) ;
#1319 = VECTOR ( 'NONE', #493, 1000.000000000000000 ) ;
#1320 = VECTOR ( 'NONE', #596, 1000.000000000000000 ) ;
#1321 = AXIS2_PLACEMENT_3D ( 'NONE', #940, #679, #1883 ) ;
#1322 = CARTESIAN_POINT ( 'NONE',  ( 1.146328814084336178, 6.905499999999999972, 6.000000000000000000 ) ) ;
#1323 = ORIENTED_EDGE ( 'NONE', *, *, #376, .T. ) ;
#1324 = CARTESIAN_POINT ( 'NONE',  ( 49.69999999999999574, 0.000000000000000000, 4.000000000000003553 ) ) ;
#1325 = FACE_BOUND ( 'NONE', #775, .T. ) ;
#1326 = CARTESIAN_POINT ( 'NONE',  ( 0.000000000000000000, 0.000000000000000000, 4.000000000000000000 ) ) ;
#1327 = CYLINDRICAL_SURFACE ( 'NONE', #665, 7.000000000000000000 ) ;
#1328 = CARTESIAN_POINT ( 'NONE',  ( 80.00000000000000000, 0.000000000000000000, 4.000000000000003553 ) ) ;
#1329 = ORIENTED_EDGE ( 'NONE', *, *, #640, .T. ) ;
#1330 = AXIS2_PLACEMENT_3D ( 'NONE', #1766, #1272, #366 ) ;
#1331 = AXIS2_PLACEMENT_3D ( 'NONE', #1317, #1504, #17 ) ;
#1332 = VERTEX_POINT ( 'NONE', #102 ) ;
#1333 = EDGE_CURVE ( 'NONE', #1029, #1904, #1311, .T. ) ;
#1334 = APPROVAL_DATE_TIME ( #146, #1243 ) ;
#1335 = ADVANCED_FACE ( 'NONE', ( #713 ), #1900, .F. ) ;
#1336 = FACE_OUTER_BOUND ( 'NONE', #1040, .T. ) ;
#1337 = CARTESIAN_POINT ( 'NONE',  ( 11.60000000000000142, 1.959434878635765970E-16, 0.000000000000000000 ) ) ;
#1338 = CARTESIAN_POINT ( 'NONE',  ( -1.600000000000000089, 10.00000000000000000, 4.000000000000003553 ) ) ;
#1339 = ORIENTED_EDGE ( 'NONE', *, *, #1127, .T. ) ;
#1340 = PRODUCT_DEFINITION ( 'UNKNOWN', '', #436, #969 ) ;
#1341 = DIRECTION ( 'NONE',  ( 0.000000000000000000, 0.000000000000000000, 1.000000000000000000 ) ) ;
#1342 = CYLINDRICAL_SURFACE ( 'NONE', #1355, 7.000000000000000000 ) ;
#1343 = CARTESIAN_POINT ( 'NONE',  ( 0.000000000000000000, 6.500000000000000000, 0.000000000000000000 ) ) ;
#1344 = VERTEX_POINT ( 'NONE', #1349 ) ;
#1345 = ADVANCED_FACE ( 'NONE', ( #630 ), #1228, .F. ) ;
#1346 = DIRECTION ( 'NONE',  ( -0.000000000000000000, -0.000000000000000000, -1.000000000000000000 ) ) ;
#1347 = EDGE_LOOP ( 'NONE', ( #949, #1295, #608, #545 ) ) ;
#1348 = EDGE_CURVE ( 'NONE', #254, #1097, #406, .T. ) ;
#1349 = CARTESIAN_POINT ( 'NONE',  ( -6.905499999999999972, 1.146328814084335512, 8.000000000000000000 ) ) ;
#1350 = DIRECTION ( 'NONE',  ( -0.000000000000000000, -0.000000000000000000, -1.000000000000000000 ) ) ;
#1351 = DIRECTION ( 'NONE',  ( 0.000000000000000000, 0.000000000000000000, 1.000000000000000000 ) ) ;
#1352 = DIRECTION ( 'NONE',  ( 0.000000000000000000, 0.000000000000000000, 1.000000000000000000 ) ) ;
#1353 = LINE ( 'NONE', #1802, #824 ) ;
#1354 = VERTEX_POINT ( 'NONE', #1337 ) ;
#1355 = AXIS2_PLACEMENT_3D ( 'NONE', #1952, #166, #1503 ) ;
#1356 = ORIENTED_EDGE ( 'NONE', *, *, #211, .T. ) ;
#1357 = VECTOR ( 'NONE', #893, 1000.000000000000000 ) ;
#1358 = CIRCLE ( 'NONE', #1583, 4.999999999999997335 ) ;
#1359 = EDGE_CURVE ( 'NONE', #857, #597, #474, .T. ) ;
#1360 = CARTESIAN_POINT ( 'NONE',  ( 35.00000000000000000, 9.000000000000000000, 4.000000000000003553 ) ) ;
#1361 = FACE_BOUND ( 'NONE', #308, .T. ) ;
#1362 = CARTESIAN_POINT ( 'NONE',  ( 14.38749456993815734, -7.000000000000000000, 0.000000000000000000 ) ) ;
#1363 = CARTESIAN_POINT ( 'NONE',  ( -10.00000000000000000, 0.000000000000000000, 4.000000000000003553 ) ) ;
#1364 = VERTEX_POINT ( 'NONE', #1487 ) ;
#1365 = ADVANCED_FACE ( 'NONE', ( #911 ), #328, .T. ) ;
#1366 = ORIENTED_EDGE ( 'NONE', *, *, #1117, .F. ) ;
#1367 = AXIS2_PLACEMENT_3D ( 'NONE', #485, #1084, #1257 ) ;
#1368 = CARTESIAN_POINT ( 'NONE',  ( 0.000000000000000000, 10.00000000000000000, 4.000000000000000000 ) ) ;
#1369 = CYLINDRICAL_SURFACE ( 'NONE', #100, 3.299999999999999822 ) ;
#1370 = CARTESIAN_POINT ( 'NONE',  ( 27.00000000000000000, -3.000000000000000000, 4.000000000000003553 ) ) ;
#1371 = EDGE_CURVE ( 'NONE', #1628, #478, #1896, .T. ) ;
#1372 = DIRECTION ( 'NONE',  ( -1.000000000000000000, 0.000000000000000000, 0.000000000000000000 ) ) ;
#1373 = ORIENTED_EDGE ( 'NONE', *, *, #725, .F. ) ;
#1374 = ORIENTED_EDGE ( 'NONE', *, *, #1789, .T. ) ;
#1375 = ADVANCED_FACE ( 'NONE', ( #1524 ), #922, .F. ) ;
#1376 = FACE_BOUND ( 'NONE', #527, .T. ) ;
#1377 = ORIENTED_EDGE ( 'NONE', *, *, #1728, .T. ) ;
#1378 = CARTESIAN_POINT ( 'NONE',  ( 0.000000000000000000, -10.00000000000000000, 4.000000000000003553 ) ) ;
#1379 = DIRECTION ( 'NONE',  ( 1.000000000000000000, 0.000000000000000000, 0.000000000000000000 ) ) ;
#1380 = VERTEX_POINT ( 'NONE', #186 ) ;
#1381 = EDGE_CURVE ( 'NONE', #1704, #1085, #1840, .T. ) ;
#1382 = EDGE_LOOP ( 'NONE', ( #966, #1680, #1339, #489 ) ) ;
#1383 = AXIS2_PLACEMENT_3D ( 'NONE', #1892, #1746, #1599 ) ;
#1384 = ADVANCED_FACE ( 'NONE', ( #1653 ), #1369, .F. ) ;
#1385 = VECTOR ( 'NONE', #1350, 1000.000000000000000 ) ;
#1386 = DIRECTION ( 'NONE',  ( 0.000000000000000000, 0.000000000000000000, -1.000000000000000000 ) ) ;
#1387 = ORIENTED_EDGE ( 'NONE', *, *, #1348, .F. ) ;
#1388 = DIRECTION ( 'NONE',  ( 0.000000000000000000, -0.000000000000000000, -1.000000000000000000 ) ) ;
#1389 = CARTESIAN_POINT ( 'NONE',  ( 42.00000000000000000, -14.00000000000000000, 4.000000000000000000 ) ) ;
#1390 = CARTESIAN_POINT ( 'NONE',  ( 0.000000000000000000, 0.000000000000000000, 4.000000000000000000 ) ) ;
#1391 = CARTESIAN_POINT ( 'NONE',  ( -1.600000000000000089, 10.00000000000000000, 0.000000000000000000 ) ) ;
#1392 = ORIENTED_EDGE ( 'NONE', *, *, #1947, .F. ) ;
#1393 = VERTEX_POINT ( 'NONE', #1665 ) ;
#1394 = VERTEX_POINT ( 'NONE', #600 ) ;
#1395 = ADVANCED_FACE ( 'NONE', ( #588 ), #1795, .F. ) ;
#1396 = CARTESIAN_POINT ( 'NONE',  ( 52.29999999999999716, 1.592040838891562300E-16, 0.000000000000000000 ) ) ;
#1397 = CARTESIAN_POINT ( 'NONE',  ( 35.00000000000000000, -9.000000000000000000, 4.000000000000003553 ) ) ;
#1398 = LINE ( 'NONE', #1094, #975 ) ;
#1399 = VERTEX_POINT ( 'NONE', #1238 ) ;
#1400 = EDGE_CURVE ( 'NONE', #676, #411, #1103, .T. ) ;
#1401 = ORIENTED_EDGE ( 'NONE', *, *, #1917, .F. ) ;
#1402 = ADVANCED_FACE ( 'NONE', ( #336 ), #643, .F. ) ;
#1403 = FACE_BOUND ( 'NONE', #1242, .T. ) ;
#1404 = CARTESIAN_POINT ( 'NONE',  ( -6.905499999999999972, 1.146328814084336178, 6.000000000000000000 ) ) ;
#1405 = FACE_OUTER_BOUND ( 'NONE', #1597, .T. ) ;
#1406 = CARTESIAN_POINT ( 'NONE',  ( -10.00000000000000000, 0.000000000000000000, 4.000000000000000000 ) ) ;
#1407 = ORIENTED_EDGE ( 'NONE', *, *, #872, .F. ) ;
#1408 = ORIENTED_EDGE ( 'NONE', *, *, #1521, .T. ) ;
#1409 = VECTOR ( 'NONE', #880, 1000.000000000000000 ) ;
#1410 = VECTOR ( 'NONE', #1120, 1000.000000000000000 ) ;
#1411 = CIRCLE ( 'NONE', #664, 16.00000000000000000 ) ;
#1412 = DIRECTION ( 'NONE',  ( 0.000000000000000000, 0.000000000000000000, -1.000000000000000000 ) ) ;
#1413 = AXIS2_PLACEMENT_3D ( 'NONE', #150, #744, #1165 ) ;
#1414 = EDGE_CURVE ( 'NONE', #243, #178, #1285, .T. ) ;
#1415 = VECTOR ( 'NONE', #504, 1000.000000000000000 ) ;
#1416 = DIRECTION ( 'NONE',  ( 1.000000000000000000, 0.000000000000000000, 0.000000000000000000 ) ) ;
#1417 = DIRECTION ( 'NONE',  ( 0.000000000000000000, 0.000000000000000000, 1.000000000000000000 ) ) ;
#1418 = CARTESIAN_POINT ( 'NONE',  ( 0.000000000000000000, 0.000000000000000000, 8.000000000000000000 ) ) ;
#1419 = ORIENTED_EDGE ( 'NONE', *, *, #531, .F. ) ;
#1420 = ORIENTED_EDGE ( 'NONE', *, *, #1371, .T. ) ;
#1421 = EDGE_CURVE ( 'NONE', #942, #676, #1158, .T. ) ;
#1422 = APPROVAL_STATUS ( 'not_yet_approved' ) ;
#1423 = CIRCLE ( 'NONE', #1481, 1.300000000000002487 ) ;
#1424 = VECTOR ( 'NONE', #1346, 1000.000000000000000 ) ;
#1425 = CARTESIAN_POINT ( 'NONE',  ( 27.00000000000000000, -3.000000000000000000, 4.000000000000003553 ) ) ;
#1426 = ADVANCED_FACE ( 'NONE', ( #1598 ), #1150, .T. ) ;
#1427 = DIRECTION ( 'NONE',  ( -1.000000000000000000, -0.000000000000000000, -0.000000000000000000 ) ) ;
#1428 = ORIENTED_EDGE ( 'NONE', *, *, #33, .F. ) ;
#1429 = ORIENTED_EDGE ( 'NONE', *, *, #698, .F. ) ;
#1430 = VERTEX_POINT ( 'NONE', #401 ) ;
#1431 = EDGE_CURVE ( 'NONE', #1267, #1399, #599, .T. ) ;
#1432 = PERSON_AND_ORGANIZATION_ROLE ( 'creator' ) ;
#1433 = PLANE ( 'NONE',  #1316 ) ;
#1434 = CARTESIAN_POINT ( 'NONE',  ( 90.00000000000000000, -14.00000000000000000, 4.000000000000000000 ) ) ;
#1435 = DIRECTION ( 'NONE',  ( -1.000000000000000000, -0.000000000000000000, -0.000000000000000000 ) ) ;
#1436 = FACE_BOUND ( 'NONE', #215, .T. ) ;
#1437 = VERTEX_POINT ( 'NONE', #1305 ) ;
#1438 = DIRECTION ( 'NONE',  ( 0.000000000000000000, 0.000000000000000000, 1.000000000000000000 ) ) ;
#1439 = EDGE_LOOP ( 'NONE', ( #1429, #1511, #1920, #621 ) ) ;
#1440 = EDGE_CURVE ( 'NONE', #956, #730, #1555, .T. ) ;
#1441 = ORIENTED_EDGE ( 'NONE', *, *, #610, .T. ) ;
#1442 = PERSON_AND_ORGANIZATION_ROLE ( 'design_owner' ) ;
#1443 = DIRECTION ( 'NONE',  ( -1.000000000000000000, 0.000000000000000000, 0.000000000000000000 ) ) ;
#1444 = DIRECTION ( 'NONE',  ( -1.000000000000000000, 0.000000000000000000, 0.000000000000000000 ) ) ;
#1445 = ORIENTED_EDGE ( 'NONE', *, *, #1619, .F. ) ;
#1446 = APPROVAL ( #1422, 'UNSPECIFIED' ) ;
#1447 = AXIS2_PLACEMENT_3D ( 'NONE', #1887, #1277, #979 ) ;
#1448 = DIRECTION ( 'NONE',  ( -1.000000000000000000, 0.000000000000000000, 0.000000000000000000 ) ) ;
#1449 = ORIENTED_EDGE ( 'NONE', *, *, #1882, .T. ) ;
#1450 = VERTEX_POINT ( 'NONE', #1779 ) ;
#1451 = DIRECTION ( 'NONE',  ( 1.000000000000000000, 0.000000000000000000, 0.000000000000000000 ) ) ;
#1452 = DIRECTION ( 'NONE',  ( 1.000000000000000000, 0.000000000000000000, 0.000000000000000000 ) ) ;
#1453 = DIRECTION ( 'NONE',  ( 0.000000000000000000, 0.000000000000000000, -1.000000000000000000 ) ) ;
#1454 = DIRECTION ( 'NONE',  ( -1.000000000000000000, 0.000000000000000000, 0.000000000000000000 ) ) ;
#1455 = ORIENTED_EDGE ( 'NONE', *, *, #1560, .T. ) ;
#1456 = VECTOR ( 'NONE', #206, 1000.000000000000000 ) ;
#1457 = EDGE_CURVE ( 'NONE', #1561, #18, #105, .T. ) ;
#1458 = CARTESIAN_POINT ( 'NONE',  ( 6.700000000000001066, 0.000000000000000000, 4.000000000000000000 ) ) ;
#1459 = ORIENTED_EDGE ( 'NONE', *, *, #1157, .F. ) ;
#1460 = ORIENTED_EDGE ( 'NONE', *, *, #428, .T. ) ;
#1461 = PERSON_AND_ORGANIZATION ( #1211, #659 ) ;
#1462 = ADVANCED_FACE ( 'NONE', ( #1286 ), #1327, .T. ) ;
#1463 = CARTESIAN_POINT ( 'NONE',  ( 39.58257569495583539, 7.000000000000000000, 4.000000000000000000 ) ) ;
#1464 = DIRECTION ( 'NONE',  ( 1.000000000000000000, 0.000000000000000000, 0.000000000000000000 ) ) ;
#1465 = DIRECTION ( 'NONE',  ( -0.000000000000000000, -0.000000000000000000, 1.000000000000000000 ) ) ;
#1466 = ORIENTED_EDGE ( 'NONE', *, *, #470, .T. ) ;
#1467 = DIRECTION ( 'NONE',  ( 0.000000000000000000, 0.000000000000000000, 1.000000000000000000 ) ) ;
#1468 = DIRECTION ( 'NONE',  ( 0.000000000000000000, 0.000000000000000000, -1.000000000000000000 ) ) ;
#1469 = ORIENTED_EDGE ( 'NONE', *, *, #234, .F. ) ;
#1470 = EDGE_LOOP ( 'NONE', ( #390, #1329, #1309, #1842 ) ) ;
#1471 = AXIS2_PLACEMENT_3D ( 'NONE', #1676, #175, #745 ) ;
#1472 = EDGE_CURVE ( 'NONE', #1857, #1769, #1192, .T. ) ;
#1473 = LINE ( 'NONE', #1774, #1482 ) ;
#1474 = FACE_BOUND ( 'NONE', #1914, .T. ) ;
#1475 = ORIENTED_EDGE ( 'NONE', *, *, #291, .F. ) ;
#1476 = CC_DESIGN_APPROVAL ( #1243, ( #1643 ) ) ;
#1477 = CIRCLE ( 'NONE', #1681, 1.300000000000002487 ) ;
#1478 = CYLINDRICAL_SURFACE ( 'NONE', #537, 1.600000000000000089 ) ;
#1479 = CARTESIAN_POINT ( 'NONE',  ( -8.400000000000000355, 1.959434878635765970E-16, 4.000000000000003553 ) ) ;
#1480 = EDGE_LOOP ( 'NONE', ( #233, #927, #616, #1922 ) ) ;
#1481 = AXIS2_PLACEMENT_3D ( 'NONE', #1624, #2, #120 ) ;
#1482 = VECTOR ( 'NONE', #1622, 1000.000000000000000 ) ;
#1483 = CARTESIAN_POINT ( 'NONE',  ( 0.000000000000000000, 0.000000000000000000, 4.000000000000003553 ) ) ;
#1484 = ORIENTED_EDGE ( 'NONE', *, *, #1255, .F. ) ;
#1485 = CC_DESIGN_PERSON_AND_ORGANIZATION_ASSIGNMENT ( #238, #1432, ( #436 ) ) ;
#1486 = FACE_OUTER_BOUND ( 'NONE', #1149, .T. ) ;
#1487 = CARTESIAN_POINT ( 'NONE',  ( 39.58257569495583539, -7.000000000000000000, 0.000000000000000000 ) ) ;
#1488 = CARTESIAN_POINT ( 'NONE',  ( 80.00000000000000000, 0.000000000000000000, 4.000000000000003553 ) ) ;
#1489 = DIRECTION ( 'NONE',  ( -0.000000000000000000, -0.000000000000000000, 1.000000000000000000 ) ) ;
#1490 = EDGE_CURVE ( 'NONE', #1569, #1354, #1253, .T. ) ;
#1491 = EDGE_CURVE ( 'NONE', #422, #445, #1873, .T. ) ;
#1492 = DIRECTION ( 'NONE',  ( 0.000000000000000000, 0.000000000000000000, 1.000000000000000000 ) ) ;
#1493 = ORIENTED_EDGE ( 'NONE', *, *, #229, .F. ) ;
#1494 = VECTOR ( 'NONE', #1427, 1000.000000000000000 ) ;
#1495 = VECTOR ( 'NONE', #360, 1000.000000000000000 ) ;
#1496 = CARTESIAN_POINT ( 'NONE',  ( 39.58257569495583539, 7.000000000000000000, 4.000000000000000000 ) ) ;
#1497 = ORIENTED_EDGE ( 'NONE', *, *, #544, .F. ) ;
#1498 = EDGE_CURVE ( 'NONE', #1714, #1029, #995, .T. ) ;
#1499 = LINE ( 'NONE', #1014, #259 ) ;
#1500 = DIRECTION ( 'NONE',  ( 1.000000000000000000, 0.000000000000000000, 0.000000000000000000 ) ) ;
#1501 = CYLINDRICAL_SURFACE ( 'NONE', #1413, 1.600000000000000755 ) ;
#1502 = VERTEX_POINT ( 'NONE', #1458 ) ;
#1503 = DIRECTION ( 'NONE',  ( -1.000000000000000000, 0.000000000000000000, 0.000000000000000000 ) ) ;
#1504 = DIRECTION ( 'NONE',  ( 0.000000000000000000, 0.000000000000000000, 1.000000000000000000 ) ) ;
#1505 = ORIENTED_EDGE ( 'NONE', *, *, #983, .T. ) ;
#1506 = DIRECTION ( 'NONE',  ( -0.000000000000000000, -0.000000000000000000, -1.000000000000000000 ) ) ;
#1507 = DIRECTION ( 'NONE',  ( 0.000000000000000000, 0.000000000000000000, -1.000000000000000000 ) ) ;
#1508 = ORIENTED_EDGE ( 'NONE', *, *, #1554, .F. ) ;
#1509 = DIRECTION ( 'NONE',  ( -0.000000000000000000, -0.000000000000000000, 1.000000000000000000 ) ) ;
#1510 = LINE ( 'NONE', #879, #1203 ) ;
#1511 = ORIENTED_EDGE ( 'NONE', *, *, #1472, .T. ) ;
#1512 = LINE ( 'NONE', #453, #1932 ) ;
#1513 = FACE_OUTER_BOUND ( 'NONE', #1651, .T. ) ;
#1514 = CC_DESIGN_PERSON_AND_ORGANIZATION_ASSIGNMENT ( #1461, #1442, ( #638 ) ) ;
#1515 = CARTESIAN_POINT ( 'NONE',  ( 0.000000000000000000, 0.000000000000000000, 8.000000000000000000 ) ) ;
#1516 = ORIENTED_EDGE ( 'NONE', *, *, #802, .T. ) ;
#1517 = AXIS2_PLACEMENT_3D ( 'NONE', #1897, #1742, #1279 ) ;
#1518 = CARTESIAN_POINT ( 'NONE',  ( 33.40000000000000568, -9.000000000000000000, 0.000000000000000000 ) ) ;
#1519 = ORIENTED_EDGE ( 'NONE', *, *, #778, .F. ) ;
#1520 = CIRCLE ( 'NONE', #965, 7.000000000000000000 ) ;
#1521 = EDGE_CURVE ( 'NONE', #1135, #1937, #1047, .T. ) ;
#1522 = EDGE_CURVE ( 'NONE', #790, #445, #1656, .T. ) ;
#1523 = CYLINDRICAL_SURFACE ( 'NONE', #41, 1.599999999999997202 ) ;
#1524 = FACE_OUTER_BOUND ( 'NONE', #832, .T. ) ;
#1525 = VERTEX_POINT ( 'NONE', #461 ) ;
#1526 = DIRECTION ( 'NONE',  ( -1.000000000000000000, 0.000000000000000000, 0.000000000000000000 ) ) ;
#1527 = CARTESIAN_POINT ( 'NONE',  ( 30.00000000000000711, 9.000000000000000000, 4.000000000000000000 ) ) ;
#1528 = DIRECTION ( 'NONE',  ( -1.000000000000000000, 0.000000000000000000, 0.000000000000000000 ) ) ;
#1529 = VERTEX_POINT ( 'NONE', #27 ) ;
#1530 = EDGE_CURVE ( 'NONE', #344, #816, #152, .T. ) ;
#1531 = ORIENTED_EDGE ( 'NONE', *, *, #1730, .F. ) ;
#1532 = AXIS2_PLACEMENT_3D ( 'NONE', #221, #94, #413 ) ;
#1533 = DIRECTION ( 'NONE',  ( 0.000000000000000000, 0.000000000000000000, 1.000000000000000000 ) ) ;
#1534 = ORIENTED_EDGE ( 'NONE', *, *, #1431, .F. ) ;
#1535 = DIRECTION ( 'NONE',  ( -0.000000000000000000, -0.000000000000000000, -1.000000000000000000 ) ) ;
#1536 = CARTESIAN_POINT ( 'NONE',  ( 0.000000000000000000, -10.00000000000000000, 4.000000000000003553 ) ) ;
#1537 = EDGE_CURVE ( 'NONE', #1851, #1704, #899, .T. ) ;
#1538 = CARTESIAN_POINT ( 'NONE',  ( 10.00000000000000000, 0.000000000000000000, 8.000000000000000000 ) ) ;
#1539 = DIRECTION ( 'NONE',  ( 0.000000000000000000, 0.000000000000000000, 1.000000000000000000 ) ) ;
#1540 = VERTEX_POINT ( 'NONE', #1689 ) ;
#1541 = ADVANCED_FACE ( 'NONE', ( #924 ), #737, .F. ) ;
#1542 = ORIENTED_EDGE ( 'NONE', *, *, #795, .T. ) ;
#1543 = ORIENTED_EDGE ( 'NONE', *, *, #86, .F. ) ;
#1544 = DIRECTION ( 'NONE',  ( 0.000000000000000000, -1.000000000000000000, 0.000000000000000000 ) ) ;
#1545 = LINE ( 'NONE', #622, #258 ) ;
#1546 = EDGE_CURVE ( 'NONE', #989, #1529, #1512, .T. ) ;
#1547 = LINE ( 'NONE', #199, #910 ) ;
#1548 = PLANE ( 'NONE',  #342 ) ;
#1549 = CARTESIAN_POINT ( 'NONE',  ( 0.000000000000000000, 0.000000000000000000, 8.000000000000000000 ) ) ;
#1550 = ORIENTED_EDGE ( 'NONE', *, *, #1571, .T. ) ;
#1551 = AXIS2_PLACEMENT_3D ( 'NONE', #865, #1072, #1185 ) ;
#1552 = DIRECTION ( 'NONE',  ( 1.000000000000000000, 0.000000000000000000, 0.000000000000000000 ) ) ;
#1553 = ORIENTED_EDGE ( 'NONE', *, *, #185, .F. ) ;
#1554 = EDGE_CURVE ( 'NONE', #956, #1191, #176, .T. ) ;
#1555 = CIRCLE ( 'NONE', #165, 1.600000000000000755 ) ;
#1556 = DIRECTION ( 'NONE',  ( -1.000000000000000000, 0.000000000000000000, -0.000000000000000000 ) ) ;
#1557 = DIRECTION ( 'NONE',  ( 0.000000000000000000, 0.000000000000000000, -1.000000000000000000 ) ) ;
#1558 = CARTESIAN_POINT ( 'NONE',  ( 1.600000000000000089, 10.00000000000000000, 0.000000000000000000 ) ) ;
#1559 = ORIENTED_EDGE ( 'NONE', *, *, #1554, .T. ) ;
#1560 = EDGE_CURVE ( 'NONE', #652, #942, #1068, .T. ) ;
#1561 = VERTEX_POINT ( 'NONE', #1240 ) ;
#1562 = CIRCLE ( 'NONE', #384, 1.600000000000000755 ) ;
#1563 = DIRECTION ( 'NONE',  ( 1.000000000000000000, 0.000000000000000000, 0.000000000000000000 ) ) ;
#1564 = EDGE_LOOP ( 'NONE', ( #740, #771 ) ) ;
#1565 = DIRECTION ( 'NONE',  ( -0.000000000000000000, -0.000000000000000000, 1.000000000000000000 ) ) ;
#1566 = DIRECTION ( 'NONE',  ( -1.000000000000000000, 0.000000000000000000, 0.000000000000000000 ) ) ;
#1567 = CARTESIAN_POINT ( 'NONE',  ( 42.00000000000000000, -14.00000000000000000, 4.000000000000000000 ) ) ;
#1568 = CYLINDRICAL_SURFACE ( 'NONE', #612, 1.600000000000000755 ) ;
#1569 = VERTEX_POINT ( 'NONE', #81 ) ;
#1570 = ORIENTED_EDGE ( 'NONE', *, *, #1359, .T. ) ;
#1571 = EDGE_CURVE ( 'NONE', #639, #1050, #407, .T. ) ;
#1572 = DIRECTION ( 'NONE',  ( 0.000000000000000000, 0.000000000000000000, -1.000000000000000000 ) ) ;
#1573 = CARTESIAN_POINT ( 'NONE',  ( 40.00000000000000000, 9.000000000000000000, 4.000000000000000000 ) ) ;
#1574 = ORIENTED_EDGE ( 'NONE', *, *, #544, .T. ) ;
#1575 = EDGE_LOOP ( 'NONE', ( #847, #1288, #372, #1374 ) ) ;
#1576 = CIRCLE ( 'NONE', #1740, 1.600000000000000089 ) ;
#1577 = EDGE_CURVE ( 'NONE', #857, #1569, #73, .T. ) ;
#1578 = EDGE_CURVE ( 'NONE', #1344, #709, #670, .T. ) ;
#1579 = VECTOR ( 'NONE', #1089, 1000.000000000000000 ) ;
#1580 = APPROVAL_DATE_TIME ( #395, #34 ) ;
#1581 = AXIS2_PLACEMENT_3D ( 'NONE', #1071, #611, #481 ) ;
#1582 = VECTOR ( 'NONE', #1815, 1000.000000000000000 ) ;
#1583 = AXIS2_PLACEMENT_3D ( 'NONE', #90, #1750, #278 ) ;
#1584 = CARTESIAN_POINT ( 'NONE',  ( 33.40000000000000568, -9.000000000000000000, 4.000000000000003553 ) ) ;
#1585 = DIRECTION ( 'NONE',  ( -1.000000000000000000, 0.000000000000000000, 0.000000000000000000 ) ) ;
#1586 = ORIENTED_EDGE ( 'NONE', *, *, #1381, .T. ) ;
#1587 = CARTESIAN_POINT ( 'NONE',  ( 35.00000000000000000, -9.000000000000000000, 0.000000000000000000 ) ) ;
#1588 = VERTEX_POINT ( 'NONE', #1262 ) ;
#1589 = EDGE_CURVE ( 'NONE', #639, #1450, #1547, .T. ) ;
#1590 = MECHANICAL_CONTEXT ( 'NONE', #756, 'mechanical' ) ;
#1591 = AXIS2_PLACEMENT_3D ( 'NONE', #1866, #1717, #1876 ) ;
#1592 = CIRCLE ( 'NONE', #1659, 1.600000000000000755 ) ;
#1593 = EDGE_CURVE ( 'NONE', #492, #1344, #45, .T. ) ;
#1594 = FACE_OUTER_BOUND ( 'NONE', #1718, .T. ) ;
#1595 = CARTESIAN_POINT ( 'NONE',  ( 33.40000000000000568, 9.000000000000000000, 0.000000000000000000 ) ) ;
#1596 = DIRECTION ( 'NONE',  ( 0.000000000000000000, 0.000000000000000000, -1.000000000000000000 ) ) ;
#1597 = EDGE_LOOP ( 'NONE', ( #1218, #60, #1484, #62 ) ) ;
#1598 = FACE_OUTER_BOUND ( 'NONE', #1265, .T. ) ;
#1599 = DIRECTION ( 'NONE',  ( -1.000000000000000000, 0.000000000000000000, 0.000000000000000000 ) ) ;
#1600 = ORIENTED_EDGE ( 'NONE', *, *, #573, .T. ) ;
#1601 = DATE_AND_TIME ( #685, #905 ) ;
#1602 = DIRECTION ( 'NONE',  ( -0.000000000000000000, -0.000000000000000000, -1.000000000000000000 ) ) ;
#1603 = CARTESIAN_POINT ( 'NONE',  ( -6.905499999999999972, -1.146328814084335512, 4.000000000000000000 ) ) ;
#1604 = DIRECTION ( 'NONE',  ( -1.000000000000000000, 0.000000000000000000, 0.000000000000000000 ) ) ;
#1605 = EDGE_LOOP ( 'NONE', ( #997, #1300, #1428, #1508 ) ) ;
#1606 = CARTESIAN_POINT ( 'NONE',  ( 10.00000000000000000, 0.000000000000000000, 0.000000000000000000 ) ) ;
#1607 = ORIENTED_EDGE ( 'NONE', *, *, #1650, .F. ) ;
#1608 = EDGE_LOOP ( 'NONE', ( #1634, #1542, #1777, #1247 ) ) ;
#1609 = DATE_TIME_ROLE ( 'creation_date' ) ;
#1610 = CIRCLE ( 'NONE', #1251, 16.00000000000000000 ) ;
#1611 = CARTESIAN_POINT ( 'NONE',  ( 35.00000000000000000, 9.000000000000000000, 4.000000000000003553 ) ) ;
#1612 = LINE ( 'NONE', #1271, #1644 ) ;
#1613 = CIRCLE ( 'NONE', #754, 1.599999999999997202 ) ;
#1614 = CARTESIAN_POINT ( 'NONE',  ( 42.00000000000000000, -7.000000000000000000, 4.000000000000000000 ) ) ;
#1615 = ORIENTED_EDGE ( 'NONE', *, *, #1194, .T. ) ;
#1616 = VECTOR ( 'NONE', #1270, 1000.000000000000000 ) ;
#1617 = CARTESIAN_POINT ( 'NONE',  ( 0.000000000000000000, -7.000000000000000000, 0.000000000000000000 ) ) ;
#1618 = ORIENTED_EDGE ( 'NONE', *, *, #1127, .F. ) ;
#1619 = EDGE_CURVE ( 'NONE', #1249, #709, #1520, .T. ) ;
#1620 = VERTEX_POINT ( 'NONE', #1729 ) ;
#1621 = DATE_AND_TIME ( #1761, #1098 ) ;
#1622 = DIRECTION ( 'NONE',  ( -0.000000000000000000, -0.000000000000000000, -1.000000000000000000 ) ) ;
#1623 = AXIS2_PLACEMENT_3D ( 'NONE', #1418, #687, #1454 ) ;
#1624 = CARTESIAN_POINT ( 'NONE',  ( 51.00000000000000000, 0.000000000000000000, 4.000000000000003553 ) ) ;
#1625 = ORIENTED_EDGE ( 'NONE', *, *, #931, .F. ) ;
#1626 = CARTESIAN_POINT ( 'NONE',  ( 35.00000000000000000, 9.000000000000000000, 4.000000000000000000 ) ) ;
#1627 = ORIENTED_EDGE ( 'NONE', *, *, #1845, .T. ) ;
#1628 = VERTEX_POINT ( 'NONE', #1396 ) ;
#1629 = EDGE_CURVE ( 'NONE', #562, #549, #363, .T. ) ;
#1630 = CARTESIAN_POINT ( 'NONE',  ( 42.00000000000000000, -7.000000000000000000, 0.000000000000000000 ) ) ;
#1631 = DIRECTION ( 'NONE',  ( -1.000000000000000000, 0.000000000000000000, 0.000000000000000000 ) ) ;
#1632 = ORIENTED_EDGE ( 'NONE', *, *, #1522, .T. ) ;
#1633 = DIRECTION ( 'NONE',  ( 1.000000000000000000, 0.000000000000000000, 0.000000000000000000 ) ) ;
#1634 = ORIENTED_EDGE ( 'NONE', *, *, #63, .T. ) ;
#1635 = PRODUCT_RELATED_PRODUCT_CATEGORY ( 'detail', '', ( #638 ) ) ;
#1636 = DIRECTION ( 'NONE',  ( 0.000000000000000000, 0.000000000000000000, -1.000000000000000000 ) ) ;
#1637 = CARTESIAN_POINT ( 'NONE',  ( 42.00000000000000000, -14.00000000000000000, 4.000000000000000000 ) ) ;
#1638 = VERTEX_POINT ( 'NONE', #646 ) ;
#1639 = EDGE_CURVE ( 'NONE', #486, #492, #1859, .T. ) ;
#1640 = DIRECTION ( 'NONE',  ( 0.000000000000000000, 1.000000000000000000, 0.000000000000000000 ) ) ;
#1641 = CARTESIAN_POINT ( 'NONE',  ( 42.00000000000000000, -14.00000000000000000, 4.000000000000000000 ) ) ;
#1642 = CYLINDRICAL_SURFACE ( 'NONE', #1471, 1.300000000000002487 ) ;
#1643 = SECURITY_CLASSIFICATION ( '', '', #705 ) ;
#1644 = VECTOR ( 'NONE', #671, 1000.000000000000000 ) ;
#1645 = CARTESIAN_POINT ( 'NONE',  ( 30.00000000000000711, 9.000000000000000000, 0.000000000000000000 ) ) ;
#1646 = LINE ( 'NONE', #1039, #767 ) ;
#1647 = ORIENTED_EDGE ( 'NONE', *, *, #229, .T. ) ;
#1648 = CIRCLE ( 'NONE', #8, 1.299999999999995604 ) ;
#1649 = CARTESIAN_POINT ( 'NONE',  ( 27.00000000000000000, 3.000000000000000000, 4.000000000000003553 ) ) ;
#1650 = EDGE_CURVE ( 'NONE', #254, #1502, #667, .T. ) ;
#1651 = EDGE_LOOP ( 'NONE', ( #457, #606, #583, #821 ) ) ;
#1652 = CARTESIAN_POINT ( 'NONE',  ( 42.00000000000000000, 7.000000000000000000, 4.000000000000000000 ) ) ;
#1653 = FACE_OUTER_BOUND ( 'NONE', #1032, .T. ) ;
#1654 = DIRECTION ( 'NONE',  ( -0.000000000000000000, -0.000000000000000000, 1.000000000000000000 ) ) ;
#1655 = CARTESIAN_POINT ( 'NONE',  ( 51.00000000000000000, 0.000000000000000000, 4.000000000000003553 ) ) ;
#1656 = LINE ( 'NONE', #1678, #755 ) ;
#1657 = DIRECTION ( 'NONE',  ( 0.000000000000000000, 0.000000000000000000, -1.000000000000000000 ) ) ;
#1658 = EDGE_LOOP ( 'NONE', ( #944, #728 ) ) ;
#1659 = AXIS2_PLACEMENT_3D ( 'NONE', #6, #1934, #727 ) ;
#1660 = DIRECTION ( 'NONE',  ( 1.000000000000000000, 0.000000000000000000, 0.000000000000000000 ) ) ;
#1661 = LINE ( 'NONE', #1063, #1102 ) ;
#1662 = ORIENTED_EDGE ( 'NONE', *, *, #1400, .T. ) ;
#1663 = PERSON_AND_ORGANIZATION ( #1211, #659 ) ;
#1664 = CC_DESIGN_DATE_AND_TIME_ASSIGNMENT ( #1621, #854, ( #1643 ) ) ;
#1665 = CARTESIAN_POINT ( 'NONE',  ( 52.29999999999999716, 1.592040838891562300E-16, 4.000000000000003553 ) ) ;
#1666 = DIRECTION ( 'NONE',  ( 1.000000000000000000, 0.000000000000000000, 0.000000000000000000 ) ) ;
#1667 = CARTESIAN_POINT ( 'NONE',  ( 35.00000000000000000, -9.000000000000000000, 4.000000000000000000 ) ) ;
#1668 = CARTESIAN_POINT ( 'NONE',  ( 6.905499999999999972, -1.146328814084334402, 4.000000000000000000 ) ) ;
#1669 = LINE ( 'NONE', #153, #487 ) ;
#1670 = ORIENTED_EDGE ( 'NONE', *, *, #39, .T. ) ;
#1671 = DIRECTION ( 'NONE',  ( 0.000000000000000000, 0.000000000000000000, -1.000000000000000000 ) ) ;
#1672 = CARTESIAN_POINT ( 'NONE',  ( -10.00000000000000000, 0.000000000000000000, 4.000000000000003553 ) ) ;
#1673 = EDGE_LOOP ( 'NONE', ( #1011, #950, #1366, #558 ) ) ;
#1674 = CARTESIAN_POINT ( 'NONE',  ( 90.00000000000000000, -14.00000000000000000, 0.000000000000000000 ) ) ;
#1675 = EDGE_CURVE ( 'NONE', #869, #1191, #1768, .T. ) ;
#1676 = CARTESIAN_POINT ( 'NONE',  ( 51.00000000000000000, 0.000000000000000000, 4.000000000000003553 ) ) ;
#1677 = VECTOR ( 'NONE', #1936, 1000.000000000000000 ) ;
#1678 = CARTESIAN_POINT ( 'NONE',  ( 40.00000000000000000, -9.000000000000000000, 4.000000000000000000 ) ) ;
#1679 = DIRECTION ( 'NONE',  ( 1.000000000000000000, 0.000000000000000000, 0.000000000000000000 ) ) ;
#1680 = ORIENTED_EDGE ( 'NONE', *, *, #85, .F. ) ;
#1681 = AXIS2_PLACEMENT_3D ( 'NONE', #364, #532, #680 ) ;
#1682 = AXIS2_PLACEMENT_3D ( 'NONE', #1069, #920, #1034 ) ;
#1683 = VECTOR ( 'NONE', #1831, 1000.000000000000000 ) ;
#1684 = CARTESIAN_POINT ( 'NONE',  ( 53.60000000000000142, 6.500000000000000000, 0.000000000000000000 ) ) ;
#1685 = ORIENTED_EDGE ( 'NONE', *, *, #1268, .F. ) ;
#1686 = CIRCLE ( 'NONE', #813, 1.600000000000000755 ) ;
#1687 = VECTOR ( 'NONE', #1026, 1000.000000000000000 ) ;
#1688 = CARTESIAN_POINT ( 'NONE',  ( 0.000000000000000000, 0.000000000000000000, 4.000000000000000000 ) ) ;
#1689 = CARTESIAN_POINT ( 'NONE',  ( 28.60000000000000142, -3.000000000000000000, 0.000000000000000000 ) ) ;
#1690 = DIRECTION ( 'NONE',  ( 0.000000000000000000, 0.000000000000000000, 1.000000000000000000 ) ) ;
#1691 = CYLINDRICAL_SURFACE ( 'NONE', #1814, 1.599999999999997202 ) ;
#1692 = EDGE_LOOP ( 'NONE', ( #1505, #1902, #688, #122 ) ) ;
#1693 = ORIENTED_EDGE ( 'NONE', *, *, #1933, .F. ) ;
#1694 = AXIS2_PLACEMENT_3D ( 'NONE', #1626, #1019, #739 ) ;
#1695 = EDGE_CURVE ( 'NONE', #790, #1173, #1358, .T. ) ;
#1696 = ADVANCED_FACE ( 'NONE', ( #128 ), #1908, .T. ) ;
#1697 = LINE ( 'NONE', #340, #164 ) ;
#1698 = DIRECTION ( 'NONE',  ( -0.000000000000000000, -0.000000000000000000, 1.000000000000000000 ) ) ;
#1699 = DIRECTION ( 'NONE',  ( 0.000000000000000000, 0.000000000000000000, -1.000000000000000000 ) ) ;
#1700 = CARTESIAN_POINT ( 'NONE',  ( 1.600000000000000089, 10.00000000000000000, 4.000000000000003553 ) ) ;
#1701 = DIRECTION ( 'NONE',  ( -0.000000000000000000, 0.000000000000000000, 1.000000000000000000 ) ) ;
#1702 = ORIENTED_EDGE ( 'NONE', *, *, #267, .F. ) ;
#1703 = LINE ( 'NONE', #935, #1239 ) ;
#1704 = VERTEX_POINT ( 'NONE', #1463 ) ;
#1705 = ORIENTED_EDGE ( 'NONE', *, *, #1521, .F. ) ;
#1706 = ADVANCED_FACE ( 'NONE', ( #1594 ), #396, .F. ) ;
#1707 = CARTESIAN_POINT ( 'NONE',  ( -10.00000000000000000, 0.000000000000000000, 0.000000000000000000 ) ) ;
#1708 = CYLINDRICAL_SURFACE ( 'NONE', #874, 1.600000000000000089 ) ;
#1709 = DIRECTION ( 'NONE',  ( -1.000000000000000000, 0.000000000000000000, 0.000000000000000000 ) ) ;
#1710 = ORIENTED_EDGE ( 'NONE', *, *, #1577, .T. ) ;
#1711 = ORIENTED_EDGE ( 'NONE', *, *, #180, .T. ) ;
#1712 = CIRCLE ( 'NONE', #994, 3.299999999999999822 ) ;
#1713 = AXIS2_PLACEMENT_3D ( 'NONE', #1672, #1507, #156 ) ;
#1714 = VERTEX_POINT ( 'NONE', #1128 ) ;
#1715 = CARTESIAN_POINT ( 'NONE',  ( 10.00000000000000000, 0.000000000000000000, 4.000000000000000000 ) ) ;
#1716 = DIRECTION ( 'NONE',  ( 0.000000000000000000, 0.000000000000000000, 1.000000000000000000 ) ) ;
#1717 = DIRECTION ( 'NONE',  ( 0.000000000000000000, 0.000000000000000000, 1.000000000000000000 ) ) ;
#1718 = EDGE_LOOP ( 'NONE', ( #1455, #1142, #84, #394 ) ) ;
#1719 = ORIENTED_EDGE ( 'NONE', *, *, #1266, .F. ) ;
#1720 = CIRCLE ( 'NONE', #1330, 4.000000000000000000 ) ;
#1721 = EDGE_CURVE ( 'NONE', #1135, #1561, #1473, .T. ) ;
#1722 = CARTESIAN_POINT ( 'NONE',  ( 39.58257569495583539, 7.000000000000000000, 0.000000000000000000 ) ) ;
#1723 = CARTESIAN_POINT ( 'NONE',  ( 35.00000000000000000, -9.000000000000000000, 4.000000000000000000 ) ) ;
#1724 = CYLINDRICAL_SURFACE ( 'NONE', #163, 1.600000000000000755 ) ;
#1725 = CARTESIAN_POINT ( 'NONE',  ( 49.69999999999999574, 0.000000000000000000, 4.000000000000003553 ) ) ;
#1726 = EDGE_LOOP ( 'NONE', ( #265, #1152, #276, #1867 ) ) ;
#1727 = EDGE_LOOP ( 'NONE', ( #22, #1923, #1245, #341 ) ) ;
#1728 = EDGE_CURVE ( 'NONE', #1210, #508, #1888, .T. ) ;
#1730 = EDGE_CURVE ( 'NONE', #178, #1169, #250, .T. ) ;
#1729 = CARTESIAN_POINT ( 'NONE',  ( 25.39999999999999858, 3.000000000000000000, 0.000000000000000000 ) ) ;
#1731 = CARTESIAN_POINT ( 'NONE',  ( 77.40000000000000568, 6.500000000000000000, 4.000000000000000888 ) ) ;
#1732 = EDGE_LOOP ( 'NONE', ( #1020, #56, #95, #107 ) ) ;
#1733 = FACE_OUTER_BOUND ( 'NONE', #961, .T. ) ;
#1734 = ORIENTED_EDGE ( 'NONE', *, *, #408, .T. ) ;
#1735 = APPROVAL_PERSON_ORGANIZATION ( #1663, #1243, #277 ) ;
#1736 = EDGE_CURVE ( 'NONE', #344, #521, #1763, .T. ) ;
#1737 = VECTOR ( 'NONE', #1048, 1000.000000000000000 ) ;
#1738 = AXIS2_PLACEMENT_3D ( 'NONE', #1252, #35, #628 ) ;
#1739 = CIRCLE ( 'NONE', #1067, 7.000000000000000000 ) ;
#1740 = AXIS2_PLACEMENT_3D ( 'NONE', #131, #1809, #471 ) ;
#1741 = VECTOR ( 'NONE', #51, 1000.000000000000000 ) ;
#1742 = DIRECTION ( 'NONE',  ( 0.000000000000000000, 0.000000000000000000, 1.000000000000000000 ) ) ;
#1743 = LINE ( 'NONE', #217, #907 ) ;
#1744 = DIRECTION ( 'NONE',  ( -0.000000000000000000, -0.000000000000000000, 1.000000000000000000 ) ) ;
#1745 = ORIENTED_EDGE ( 'NONE', *, *, #490, .T. ) ;
#1746 = DIRECTION ( 'NONE',  ( -0.000000000000000000, -0.000000000000000000, 1.000000000000000000 ) ) ;
#1747 = EDGE_LOOP ( 'NONE', ( #144, #154, #289, #1179 ) ) ;
#1748 = PERSON_AND_ORGANIZATION ( #1211, #659 ) ;
#1749 = CIRCLE ( 'NONE', #1367, 4.999999999999997335 ) ;
#1750 = DIRECTION ( 'NONE',  ( 0.000000000000000000, 0.000000000000000000, 1.000000000000000000 ) ) ;
#1751 = LINE ( 'NONE', #1731, #703 ) ;
#1752 = VERTEX_POINT ( 'NONE', #1164 ) ;
#1753 = ORIENTED_EDGE ( 'NONE', *, *, #640, .F. ) ;
#1754 = ORIENTED_EDGE ( 'NONE', *, *, #1639, .T. ) ;
#1755 = DIRECTION ( 'NONE',  ( 0.000000000000000000, 0.000000000000000000, 1.000000000000000000 ) ) ;
#1756 = EDGE_CURVE ( 'NONE', #1502, #283, #70, .T. ) ;
#1757 = FACE_OUTER_BOUND ( 'NONE', #426, .T. ) ;
#1758 = VERTEX_POINT ( 'NONE', #1004 ) ;
#1759 = DIRECTION ( 'NONE',  ( -1.000000000000000000, 0.000000000000000000, 0.000000000000000000 ) ) ;
#1760 = EDGE_LOOP ( 'NONE', ( #231, #414 ) ) ;
#1761 = CALENDAR_DATE ( 2026, 7, 9 ) ;
#1762 = VECTOR ( 'NONE', #1256, 1000.000000000000000 ) ;
#1763 = CIRCLE ( 'NONE', #1066, 1.600000000000000089 ) ;
#1764 = AXIS2_PLACEMENT_3D ( 'NONE', #397, #1807, #174 ) ;
#1765 = DIRECTION ( 'NONE',  ( -0.000000000000000000, -0.000000000000000000, -1.000000000000000000 ) ) ;
#1766 = CARTESIAN_POINT ( 'NONE',  ( 0.000000000000000000, 0.000000000000000000, 8.000000000000000000 ) ) ;
#1767 = EDGE_LOOP ( 'NONE', ( #921, #168, #301, #1284 ) ) ;
#1768 = CIRCLE ( 'NONE', #132, 1.600000000000000755 ) ;
#1769 = VERTEX_POINT ( 'NONE', #844 ) ;
#1770 = ADVANCED_FACE ( 'NONE', ( #1291 ), #981, .T. ) ;
#1771 = EDGE_LOOP ( 'NONE', ( #636, #77, #1852, #1519 ) ) ;
#1772 = PERSON_AND_ORGANIZATION ( #1211, #659 ) ;
#1773 = ADVANCED_FACE ( 'NONE', ( #863 ), #855, .T. ) ;
#1774 = CARTESIAN_POINT ( 'NONE',  ( 42.00000000000000000, -14.00000000000000000, 4.000000000000000000 ) ) ;
#1775 = AXIS2_PLACEMENT_3D ( 'NONE', #1549, #954, #475 ) ;
#1776 = CARTESIAN_POINT ( 'NONE',  ( 90.00000000000000000, 14.00000000000000000, 4.000000000000000000 ) ) ;
#1777 = ORIENTED_EDGE ( 'NONE', *, *, #968, .F. ) ;
#1778 = VECTOR ( 'NONE', #1657, 1000.000000000000000 ) ;
#1779 = CARTESIAN_POINT ( 'NONE',  ( 30.41742430504416461, -7.000000000000000000, 0.000000000000000000 ) ) ;
#1780 = CARTESIAN_POINT ( 'NONE',  ( 0.000000000000000000, -10.00000000000000000, 4.000000000000003553 ) ) ;
#1781 = VERTEX_POINT ( 'NONE', #119 ) ;
#1782 = DIRECTION ( 'NONE',  ( 0.000000000000000000, 0.000000000000000000, -1.000000000000000000 ) ) ;
#1783 = ADVANCED_FACE ( 'NONE', ( #712 ), #1918, .F. ) ;
#1784 = EDGE_LOOP ( 'NONE', ( #1905, #335 ) ) ;
#1785 = ADVANCED_FACE ( 'NONE', ( #1928 ), #1433, .F. ) ;
#1786 = DIRECTION ( 'NONE',  ( 1.000000000000000000, 0.000000000000000000, 0.000000000000000000 ) ) ;
#1787 = DIRECTION ( 'NONE',  ( 0.000000000000000000, 0.000000000000000000, -1.000000000000000000 ) ) ;
#1788 = VERTEX_POINT ( 'NONE', #697 ) ;
#1789 = EDGE_CURVE ( 'NONE', #1450, #422, #319, .T. ) ;
#1790 = DIRECTION ( 'NONE',  ( 0.000000000000000000, 0.000000000000000000, -1.000000000000000000 ) ) ;
#1791 = LINE ( 'NONE', #881, #1778 ) ;
#1792 = ORIENTED_EDGE ( 'NONE', *, *, #1756, .T. ) ;
#1793 = ORIENTED_EDGE ( 'NONE', *, *, #172, .T. ) ;
#1794 = ADVANCED_FACE ( 'NONE', ( #110 ), #271, .F. ) ;
#1795 = CYLINDRICAL_SURFACE ( 'NONE', #564, 1.600000000000000089 ) ;
#1796 = PLANE ( 'NONE',  #329 ) ;
#1797 = DIRECTION ( 'NONE',  ( -1.000000000000000000, 0.000000000000000000, 0.000000000000000000 ) ) ;
#1798 = LOCAL_TIME ( 23, 30, 25.00000000000000000, #99 ) ;
#1799 = MANIFOLD_SOLID_BREP ( 'Shoulder_horn_washer_hub_relief', #368 ) ;
#1800 = VECTOR ( 'NONE', #647, 1000.000000000000000 ) ;
#1801 = CARTESIAN_POINT ( 'NONE',  ( -11.60000000000000142, 0.000000000000000000, 4.000000000000003553 ) ) ;
#1802 = CARTESIAN_POINT ( 'NONE',  ( 1.600000000000000089, -10.00000000000000000, 4.000000000000003553 ) ) ;
#1803 = ORIENTED_EDGE ( 'NONE', *, *, #400, .T. ) ;
#1804 = AXIS2_PLACEMENT_3D ( 'NONE', #929, #1544, #1388 ) ;
#1805 = CARTESIAN_POINT ( 'NONE',  ( 0.000000000000000000, 0.000000000000000000, 4.000000000000000000 ) ) ;
#1806 = ORIENTED_EDGE ( 'NONE', *, *, #658, .F. ) ;
#1807 = DIRECTION ( 'NONE',  ( 0.000000000000000000, -1.000000000000000000, 0.000000000000000000 ) ) ;
#1808 = CARTESIAN_POINT ( 'NONE',  ( 35.00000000000000000, -9.000000000000000000, 4.000000000000000000 ) ) ;
#1809 = DIRECTION ( 'NONE',  ( -0.000000000000000000, -0.000000000000000000, 1.000000000000000000 ) ) ;
#1810 = CARTESIAN_POINT ( 'NONE',  ( 42.00000000000000000, -14.00000000000000000, 4.000000000000000000 ) ) ;
#1811 = CARTESIAN_POINT ( 'NONE',  ( 14.38749456993815734, -7.000000000000000000, 4.000000000000000000 ) ) ;
#1812 = DIRECTION ( 'NONE',  ( 0.000000000000000000, 0.000000000000000000, -1.000000000000000000 ) ) ;
#1813 = EDGE_LOOP ( 'NONE', ( #1885, #926 ) ) ;
#1814 = AXIS2_PLACEMENT_3D ( 'NONE', #789, #1106, #331 ) ;
#1815 = DIRECTION ( 'NONE',  ( -0.000000000000000000, -1.000000000000000000, -0.000000000000000000 ) ) ;
#1816 = VERTEX_POINT ( 'NONE', #1630 ) ;
#1817 = EDGE_CURVE ( 'NONE', #202, #1540, #908, .T. ) ;
#1818 = DIRECTION ( 'NONE',  ( 0.000000000000000000, -0.000000000000000000, -1.000000000000000000 ) ) ;
#1819 = DIRECTION ( 'NONE',  ( 1.000000000000000000, 0.000000000000000000, 0.000000000000000000 ) ) ;
#1820 = DIRECTION ( 'NONE',  ( 0.000000000000000000, 0.000000000000000000, 1.000000000000000000 ) ) ;
#1821 = CARTESIAN_POINT ( 'NONE',  ( 27.00000000000000000, -3.000000000000000000, 0.000000000000000000 ) ) ;
#1822 = CARTESIAN_POINT ( 'NONE',  ( 0.000000000000000000, 7.000000000000000000, 4.000000000000000000 ) ) ;
#1823 = DIRECTION ( 'NONE',  ( 1.000000000000000000, 0.000000000000000000, 0.000000000000000000 ) ) ;
#1824 = ORIENTED_EDGE ( 'NONE', *, *, #1220, .F. ) ;
#1825 = ADVANCED_FACE ( 'NONE', ( #313 ), #1828, .F. ) ;
#1826 = DIRECTION ( 'NONE',  ( 1.000000000000000000, 0.000000000000000000, 0.000000000000000000 ) ) ;
#1827 = EDGE_LOOP ( 'NONE', ( #1008, #207, #934, #222 ) ) ;
#1828 = CYLINDRICAL_SURFACE ( 'NONE', #1682, 3.299999999999999822 ) ;
#1829 = EDGE_LOOP ( 'NONE', ( #1531, #435, #1618, #393 ) ) ;
#1830 = DIRECTION ( 'NONE',  ( 1.000000000000000000, 0.000000000000000000, 0.000000000000000000 ) ) ;
#1831 = DIRECTION ( 'NONE',  ( -0.000000000000000000, -1.000000000000000000, -0.000000000000000000 ) ) ;
#1832 = CARTESIAN_POINT ( 'NONE',  ( 0.000000000000000000, 10.00000000000000000, 8.000000000000000000 ) ) ;
#1833 = CIRCLE ( 'NONE', #957, 16.00000000000000000 ) ;
#1834 = CARTESIAN_POINT ( 'NONE',  ( 90.00000000000000000, -14.00000000000000000, 4.000000000000000000 ) ) ;
#1835 = DIRECTION ( 'NONE',  ( 0.000000000000000000, 0.000000000000000000, -1.000000000000000000 ) ) ;
#1836 = CARTESIAN_POINT ( 'NONE',  ( 10.00000000000000000, 0.000000000000000000, 4.000000000000003553 ) ) ;
#1837 = EDGE_LOOP ( 'NONE', ( #1570, #1002, #247, #1214 ) ) ;
#1838 = CC_DESIGN_SECURITY_CLASSIFICATION ( #1643, ( #436 ) ) ;
#1839 = VECTOR ( 'NONE', #429, 1000.000000000000000 ) ;
#1840 = CIRCLE ( 'NONE', #127, 4.999999999999997335 ) ;
#1841 = ADVANCED_FACE ( 'NONE', ( #1043 ), #620, .T. ) ;
#1842 = ORIENTED_EDGE ( 'NONE', *, *, #610, .F. ) ;
#1843 = AXIS2_PLACEMENT_3D ( 'NONE', #1326, #1351, #1942 ) ;
#1844 = VECTOR ( 'NONE', #494, 1000.000000000000000 ) ;
#1845 = EDGE_CURVE ( 'NONE', #1249, #1097, #126, .T. ) ;
#1846 = DIRECTION ( 'NONE',  ( -0.000000000000000000, -0.000000000000000000, 1.000000000000000000 ) ) ;
#1847 = CARTESIAN_POINT ( 'NONE',  ( 4.000000000000000000, 4.898587196589412829E-16, 8.000000000000000000 ) ) ;
#1848 = DIRECTION ( 'NONE',  ( 1.000000000000000000, 0.000000000000000000, 0.000000000000000000 ) ) ;
#1849 = CARTESIAN_POINT ( 'NONE',  ( 42.00000000000000000, -14.00000000000000000, 4.000000000000000000 ) ) ;
#1850 = CARTESIAN_POINT ( 'NONE',  ( 10.00000000000000000, 0.000000000000000000, 4.000000000000003553 ) ) ;
#1851 = VERTEX_POINT ( 'NONE', #1652 ) ;
#1852 = ORIENTED_EDGE ( 'NONE', *, *, #137, .T. ) ;
#1853 = VECTOR ( 'NONE', #1379, 1000.000000000000000 ) ;
#1854 = AXIS2_PLACEMENT_3D ( 'NONE', #1168, #432, #1679 ) ;
#1855 = EDGE_CURVE ( 'NONE', #649, #1525, #148, .T. ) ;
#1856 = FACE_BOUND ( 'NONE', #794, .T. ) ;
#1857 = VERTEX_POINT ( 'NONE', #468 ) ;
#1858 = CARTESIAN_POINT ( 'NONE',  ( 80.00000000000000000, 0.000000000000000000, 0.000000000000000000 ) ) ;
#1859 = LINE ( 'NONE', #1104, #1844 ) ;
#1860 = CYLINDRICAL_SURFACE ( 'NONE', #645, 1.599999999999997202 ) ;
#1861 = EDGE_LOOP ( 'NONE', ( #751, #1318, #1705, #140 ) ) ;
#1862 = EDGE_CURVE ( 'NONE', #801, #478, #159, .T. ) ;
#1863 = ORIENTED_EDGE ( 'NONE', *, *, #573, .F. ) ;
#1864 = ORIENTED_EDGE ( 'NONE', *, *, #1578, .T. ) ;
#1865 = CARTESIAN_POINT ( 'NONE',  ( 28.60000000000000142, -3.000000000000000000, 4.000000000000003553 ) ) ;
#1866 = CARTESIAN_POINT ( 'NONE',  ( 80.00000000000000000, 0.000000000000000000, 4.000000000000003553 ) ) ;
#1867 = ORIENTED_EDGE ( 'NONE', *, *, #1136, .F. ) ;
#1868 = CARTESIAN_POINT ( 'NONE',  ( 35.00000000000000000, 9.000000000000000000, 0.000000000000000000 ) ) ;
#1869 = CARTESIAN_POINT ( 'NONE',  ( 33.40000000000000568, -9.000000000000000000, 4.000000000000003553 ) ) ;
#1870 = ORIENTED_EDGE ( 'NONE', *, *, #1333, .F. ) ;
#1871 = AXIS2_PLACEMENT_3D ( 'NONE', #203, #943, #800 ) ;
#1872 = VECTOR ( 'NONE', #315, 1000.000000000000000 ) ;
#1873 = CIRCLE ( 'NONE', #1001, 4.999999999999997335 ) ;
#1874 = CARTESIAN_POINT ( 'NONE',  ( 90.00000000000000000, -14.00000000000000000, 4.000000000000000000 ) ) ;
#1875 = LINE ( 'NONE', #1389, #1683 ) ;
#1876 = DIRECTION ( 'NONE',  ( 1.000000000000000000, 0.000000000000000000, 0.000000000000000000 ) ) ;
#1877 = ORIENTED_EDGE ( 'NONE', *, *, #669, .T. ) ;
#1878 = ADVANCED_FACE ( 'NONE', ( #1486 ), #1523, .F. ) ;
#1879 = ORIENTED_EDGE ( 'NONE', *, *, #1619, .T. ) ;
#1880 = AXIS2_PLACEMENT_3D ( 'NONE', #533, #828, #1148 ) ;
#1881 = CIRCLE ( 'NONE', #1331, 1.600000000000000755 ) ;
#1882 = EDGE_CURVE ( 'NONE', #576, #54, #1411, .T. ) ;
#1883 = DIRECTION ( 'NONE',  ( 1.000000000000000000, 0.000000000000000000, 0.000000000000000000 ) ) ;
#1884 = DIRECTION ( 'NONE',  ( 1.000000000000000000, 0.000000000000000000, -0.000000000000000000 ) ) ;
#1885 = ORIENTED_EDGE ( 'NONE', *, *, #678, .F. ) ;
#1886 = ORIENTED_EDGE ( 'NONE', *, *, #26, .T. ) ;
#1887 = CARTESIAN_POINT ( 'NONE',  ( 53.60000000000000142, -6.500000000000000000, 4.000000000000000888 ) ) ;
#1888 = LINE ( 'NONE', #239, #512 ) ;
#1889 = CARTESIAN_POINT ( 'NONE',  ( 6.700000000000001066, 0.000000000000000000, 8.000000000000000000 ) ) ;
#1890 = LINE ( 'NONE', #398, #1494 ) ;
#1891 = ORIENTED_EDGE ( 'NONE', *, *, #559, .F. ) ;
#1892 = CARTESIAN_POINT ( 'NONE',  ( 0.000000000000000000, -10.00000000000000000, 0.000000000000000000 ) ) ;
#1893 = ORIENTED_EDGE ( 'NONE', *, *, #1537, .T. ) ;
#1894 = CIRCLE ( 'NONE', #1027, 1.600000000000000755 ) ;
#1895 = COORDINATED_UNIVERSAL_TIME_OFFSET ( 6, 0, .BEHIND. ) ;
#1896 = CIRCLE ( 'NONE', #721, 1.300000000000002487 ) ;
#1897 = CARTESIAN_POINT ( 'NONE',  ( 10.00000000000000000, 0.000000000000000000, 4.000000000000000000 ) ) ;
#1898 = CARTESIAN_POINT ( 'NONE',  ( 10.00000000000000000, 0.000000000000000000, 8.000000000000000000 ) ) ;
#1899 = ADVANCED_FACE ( 'NONE', ( #766, #578, #138, #1336, #523, #1118, #194, #183, #1856, #1403, #774, #1099, #1376 ), #938, .F. ) ;
#1900 = PLANE ( 'NONE',  #1764 ) ;
#1901 = DIRECTION ( 'NONE',  ( 0.000000000000000000, 0.000000000000000000, -1.000000000000000000 ) ) ;
#1902 = ORIENTED_EDGE ( 'NONE', *, *, #711, .T. ) ;
#1903 = DIRECTION ( 'NONE',  ( 0.000000000000000000, 0.000000000000000000, 1.000000000000000000 ) ) ;
#1904 = VERTEX_POINT ( 'NONE', #1722 ) ;
#1905 = ORIENTED_EDGE ( 'NONE', *, *, #587, .T. ) ;
#1906 = EDGE_CURVE ( 'NONE', #549, #1588, #753, .T. ) ;
#1907 = AXIS2_PLACEMENT_3D ( 'NONE', #1406, #1114, #1075 ) ;
#1908 = CYLINDRICAL_SURFACE ( 'NONE', #1227, 4.999999999999997335 ) ;
#1909 = LINE ( 'NONE', #1303, #885 ) ;
#1910 = ORIENTED_EDGE ( 'NONE', *, *, #1062, .F. ) ;
#1911 = DIRECTION ( 'NONE',  ( 1.000000000000000000, 0.000000000000000000, 0.000000000000000000 ) ) ;
#1912 = FACE_OUTER_BOUND ( 'NONE', #708, .T. ) ;
#1913 = ORIENTED_EDGE ( 'NONE', *, *, #1721, .F. ) ;
#1914 = EDGE_LOOP ( 'NONE', ( #1647, #642 ) ) ;
#1915 = COORDINATED_UNIVERSAL_TIME_OFFSET ( 6, 0, .BEHIND. ) ;
#1916 = UNCERTAINTY_MEASURE_WITH_UNIT (LENGTH_MEASURE( 1.000000000000000082E-05 ), #657, 'distance_accuracy_value', 'NONE');
#1917 = EDGE_CURVE ( 'NONE', #816, #884, #1133, .T. ) ;
#1918 = CYLINDRICAL_SURFACE ( 'NONE', #405, 1.300000000000002487 ) ;
#1919 = CARTESIAN_POINT ( 'NONE',  ( 6.700000000000001066, 0.000000000000000000, 8.000000000000000000 ) ) ;
#1920 = ORIENTED_EDGE ( 'NONE', *, *, #1023, .T. ) ;
#1921 = LINE ( 'NONE', #1287, #577 ) ;
#1922 = ORIENTED_EDGE ( 'NONE', *, *, #1308, .F. ) ;
#1923 = ORIENTED_EDGE ( 'NONE', *, *, #1947, .T. ) ;
#1924 = APPLICATION_PROTOCOL_DEFINITION ( 'international standard', 'config_control_design', 1994, #756 ) ;
#1925 = APPROVAL_PERSON_ORGANIZATION ( #1772, #1446, #990 ) ;
#1926 = VECTOR ( 'NONE', #1790, 1000.000000000000000 ) ;
#1927 = AXIS2_PLACEMENT_3D ( 'NONE', #314, #449, #1819 ) ;
#1928 = FACE_OUTER_BOUND ( 'NONE', #1861, .T. ) ;
#1929 = CIRCLE ( 'NONE', #1551, 1.600000000000000755 ) ;
#1930 = FACE_OUTER_BOUND ( 'NONE', #1347, .T. ) ;
#1931 = ORIENTED_EDGE ( 'NONE', *, *, #931, .T. ) ;
#1932 = VECTOR ( 'NONE', #592, 1000.000000000000000 ) ;
#1933 = EDGE_CURVE ( 'NONE', #629, #67, #1697, .T. ) ;
#1934 = DIRECTION ( 'NONE',  ( -0.000000000000000000, -0.000000000000000000, 1.000000000000000000 ) ) ;
#1935 = EDGE_LOOP ( 'NONE', ( #195, #1702 ) ) ;
#1936 = DIRECTION ( 'NONE',  ( 0.000000000000000000, 0.000000000000000000, -1.000000000000000000 ) ) ;
#1937 = VERTEX_POINT ( 'NONE', #1874 ) ;
#1938 = EDGE_CURVE ( 'NONE', #476, #576, #1610, .T. ) ;
#1939 = DIRECTION ( 'NONE',  ( 0.000000000000000000, 0.000000000000000000, -1.000000000000000000 ) ) ;
#1940 = VECTOR ( 'NONE', #1232, 1000.000000000000000 ) ;
#1941 = DIRECTION ( 'NONE',  ( -0.000000000000000000, -0.000000000000000000, -1.000000000000000000 ) ) ;
#1942 = DIRECTION ( 'NONE',  ( 1.000000000000000000, 0.000000000000000000, 0.000000000000000000 ) ) ;
#1943 = CIRCLE ( 'NONE', #1010, 1.600000000000000755 ) ;
#1944 = DIRECTION ( 'NONE',  ( -0.000000000000000000, -0.000000000000000000, -1.000000000000000000 ) ) ;
#1945 = FACE_OUTER_BOUND ( 'NONE', #572, .T. ) ;
#1946 = VERTEX_POINT ( 'NONE', #951 ) ;
#1947 = EDGE_CURVE ( 'NONE', #1332, #989, #1237, .T. ) ;
#1948 = CYLINDRICAL_SURFACE ( 'NONE', #1713, 1.600000000000000755 ) ;
#1949 = ORIENTED_EDGE ( 'NONE', *, *, #1157, .T. ) ;
#1950 = FACE_BOUND ( 'NONE', #1275, .T. ) ;
#1951 = FACE_OUTER_BOUND ( 'NONE', #255, .T. ) ;
#1952 = CARTESIAN_POINT ( 'NONE',  ( 0.000000000000000000, 0.000000000000000000, 8.000000000000000000 ) ) ;
#1953 = LINE ( 'NONE', #1343, #1172 ) ;
#1954 = ORIENTED_EDGE ( 'NONE', *, *, #232, .F. ) ;
#1955 = DIRECTION ( 'NONE',  ( 0.000000000000000000, 0.000000000000000000, -1.000000000000000000 ) ) ;
#1956 = EDGE_LOOP ( 'NONE', ( #1182, #1151, #1259, #799 ) ) ;
#1957 = CARTESIAN_POINT ( 'NONE',  ( 27.00000000000000000, -3.000000000000000000, 0.000000000000000000 ) ) ;
ENDSEC;
END-ISO-10303-21;
