ISO-10303-21;
HEADER;
FILE_DESCRIPTION (( 'STEP AP203' ),
    '1' );
FILE_NAME ('ARM-102_Forearm_and_fixed_jaw.step',
    '2026-09-08T04:00:12',
    ( '' ),
    ( '' ),
    'SwSTEP 2.0',
    'SolidWorks 2026',
    '' );
FILE_SCHEMA (( 'CONFIG_CONTROL_DESIGN' ));
ENDSEC;

DATA;
#1 = CARTESIAN_POINT ( 'NONE',  ( 2.360923410571791337, 6.589843750000000888, 5.500000000000000000 ) ) ;
#2 = ORIENTED_EDGE ( 'NONE', *, *, #612, .F. ) ;
#3 = AXIS2_PLACEMENT_3D ( 'NONE', #1520, #835, #666 ) ;
#4 = VERTEX_POINT ( 'NONE', #1217 ) ;
#5 = EDGE_LOOP ( 'NONE', ( #257, #532, #601, #19, #1028, #1310, #1882, #1676, #1281, #1019, #1650, #1918, #1531, #415, #923, #903, #554, #49, #930, #1349, #1345, #549, #1427 ) ) ;
#6 = CARTESIAN_POINT ( 'NONE',  ( -8.000000000000000000, 0.000000000000000000, 8.000000000000000000 ) ) ;
#7 = VECTOR ( 'NONE', #1962, 1000.000000000000000 ) ;
#8 = EDGE_CURVE ( 'NONE', #1692, #606, #1182, .T. ) ;
#9 = DIRECTION ( 'NONE',  ( -0.000000000000000000, -0.000000000000000000, -1.000000000000000000 ) ) ;
#10 = CIRCLE ( 'NONE', #1796, 7.000000000000000000 ) ;
#11 = DIRECTION ( 'NONE',  ( -1.000000000000000000, -0.000000000000000000, -0.000000000000000000 ) ) ;
#12 = CARTESIAN_POINT ( 'NONE',  ( 34.00000000000000000, -16.00000000000000000, 0.000000000000000000 ) ) ;
#13 = CARTESIAN_POINT ( 'NONE',  ( 34.00000000000000000, 7.000000000000000000, 4.000000000000000000 ) ) ;
#14 = VECTOR ( 'NONE', #512, 1000.000000000000000 ) ;
#15 = CIRCLE ( 'NONE', #1276, 7.000000000000000000 ) ;
#16 = LINE ( 'NONE', #208, #1439 ) ;
#17 = LINE ( 'NONE', #317, #576 ) ;
#18 = DIRECTION ( 'NONE',  ( 1.000000000000000000, 0.000000000000000000, 0.000000000000000000 ) ) ;
#19 = ORIENTED_EDGE ( 'NONE', *, *, #96, .F. ) ;
#20 = EDGE_LOOP ( 'NONE', ( #702, #1467, #1343, #384 ) ) ;
#21 = ORIENTED_EDGE ( 'NONE', *, *, #329, .T. ) ;
#22 = CARTESIAN_POINT ( 'NONE',  ( 73.00000000000000000, -13.50000000000000000, 0.000000000000000000 ) ) ;
#23 = EDGE_CURVE ( 'NONE', #1221, #981, #30, .T. ) ;
#24 = PRODUCT_DEFINITION_FORMATION_WITH_SPECIFIED_SOURCE ( 'ANY', '', #597, .NOT_KNOWN. ) ;
#25 = CARTESIAN_POINT ( 'NONE',  ( -1.100000000000000089, 8.000000000000000000, 3.000000000000000000 ) ) ;
#26 = CARTESIAN_POINT ( 'NONE',  ( 8.000000000000000000, 0.000000000000000000, 8.000000000000000000 ) ) ;
#27 = EDGE_CURVE ( 'NONE', #339, #1332, #831, .T. ) ;
#28 = DIRECTION ( 'NONE',  ( 1.000000000000000000, 0.000000000000000000, 0.000000000000000000 ) ) ;
#29 = DIRECTION ( 'NONE',  ( 1.000000000000000000, 0.000000000000000000, 0.000000000000000000 ) ) ;
#30 = LINE ( 'NONE', #2068, #1188 ) ;
#31 = ORIENTED_EDGE ( 'NONE', *, *, #347, .T. ) ;
#32 = ORIENTED_EDGE ( 'NONE', *, *, #1344, .F. ) ;
#33 = CARTESIAN_POINT ( 'NONE',  ( -2.360923410571791337, -6.589843749999999112, 8.000000000000000000 ) ) ;
#34 = CARTESIAN_POINT ( 'NONE',  ( 0.000000000000000000, 7.000000000000000000, 4.000000000000000000 ) ) ;
#35 = DIRECTION ( 'NONE',  ( -0.000000000000000000, -0.000000000000000000, -1.000000000000000000 ) ) ;
#36 = DIRECTION ( 'NONE',  ( -1.000000000000000000, -0.000000000000000000, -0.000000000000000000 ) ) ;
#37 = CIRCLE ( 'NONE', #291, 1.100000000000000311 ) ;
#38 = DATE_AND_TIME ( #403, #745 ) ;
#39 = ADVANCED_FACE ( 'NONE', ( #211 ), #895, .F. ) ;
#40 = VERTEX_POINT ( 'NONE', #1361 ) ;
#41 = FACE_OUTER_BOUND ( 'NONE', #1401, .T. ) ;
#42 = ORIENTED_EDGE ( 'NONE', *, *, #1852, .T. ) ;
#43 = ORIENTED_EDGE ( 'NONE', *, *, #1393, .T. ) ;
#44 = CARTESIAN_POINT ( 'NONE',  ( -1.100000000000000089, -8.000000000000000000, 3.000000000000000000 ) ) ;
#45 = LINE ( 'NONE', #1920, #693 ) ;
#46 = VECTOR ( 'NONE', #1976, 1000.000000000000000 ) ;
#47 = DIRECTION ( 'NONE',  ( 0.000000000000000000, 0.000000000000000000, -1.000000000000000000 ) ) ;
#48 = AXIS2_PLACEMENT_3D ( 'NONE', #701, #184, #1352 ) ;
#49 = ORIENTED_EDGE ( 'NONE', *, *, #860, .F. ) ;
#50 = COORDINATED_UNIVERSAL_TIME_OFFSET ( 6, 0, .BEHIND. ) ;
#51 = CIRCLE ( 'NONE', #307, 2.750000000000000000 ) ;
#52 = ORIENTED_EDGE ( 'NONE', *, *, #2063, .T. ) ;
#53 = EDGE_CURVE ( 'NONE', #308, #565, #2028, .T. ) ;
#54 = CARTESIAN_POINT ( 'NONE',  ( -4.000000000000000000, 0.000000000000000000, 0.000000000000000000 ) ) ;
#55 = AXIS2_PLACEMENT_3D ( 'NONE', #1275, #248, #2106 ) ;
#56 = EDGE_CURVE ( 'NONE', #249, #1971, #1791, .T. ) ;
#57 = VERTEX_POINT ( 'NONE', #1072 ) ;
#58 = DIRECTION ( 'NONE',  ( 0.000000000000000000, 0.000000000000000000, -1.000000000000000000 ) ) ;
#59 = CARTESIAN_POINT ( 'NONE',  ( -8.000000000000000000, 0.000000000000000000, 8.000000000000000000 ) ) ;
#60 = VERTEX_POINT ( 'NONE', #925 ) ;
#61 = LOCAL_TIME ( 23, 0, 12.00000000000000000, #50 ) ;
#62 = ORIENTED_EDGE ( 'NONE', *, *, #751, .F. ) ;
#63 = CARTESIAN_POINT ( 'NONE',  ( 8.000000000000000000, 0.000000000000000000, 3.000000000000000000 ) ) ;
#64 = EDGE_CURVE ( 'NONE', #111, #1925, #950, .T. ) ;
#65 = ORIENTED_EDGE ( 'NONE', *, *, #1734, .F. ) ;
#66 = CARTESIAN_POINT ( 'NONE',  ( 78.00000000000000000, -16.00000000000000000, 4.000000000000000000 ) ) ;
#67 = EDGE_CURVE ( 'NONE', #1570, #577, #242, .T. ) ;
#68 = LINE ( 'NONE', #775, #2079 ) ;
#69 = DIRECTION ( 'NONE',  ( 1.000000000000000000, 0.000000000000000000, 0.000000000000000000 ) ) ;
#70 = ORIENTED_EDGE ( 'NONE', *, *, #2104, .T. ) ;
#71 = EDGE_LOOP ( 'NONE', ( #1808, #2189, #1008, #477 ) ) ;
#72 = CARTESIAN_POINT ( 'NONE',  ( 34.00000000000000000, -7.000000000000000000, 0.000000000000000000 ) ) ;
#73 = VECTOR ( 'NONE', #815, 1000.000000000000000 ) ;
#74 = VERTEX_POINT ( 'NONE', #1254 ) ;
#75 = DIRECTION ( 'NONE',  ( -1.000000000000000000, 0.000000000000000000, 0.000000000000000000 ) ) ;
#76 = ORIENTED_EDGE ( 'NONE', *, *, #372, .T. ) ;
#77 = CARTESIAN_POINT ( 'NONE',  ( 40.00000000000000000, 7.000000000000000000, 4.000000000000000000 ) ) ;
#78 = ADVANCED_FACE ( 'NONE', ( #41 ), #431, .T. ) ;
#79 = PLANE ( 'NONE',  #804 ) ;
#80 = VECTOR ( 'NONE', #748, 1000.000000000000000 ) ;
#81 = APPLICATION_CONTEXT ( 'configuration controlled 3d designs of mechanical parts and assemblies' ) ;
#82 = VECTOR ( 'NONE', #2124, 1000.000000000000000 ) ;
#83 = VECTOR ( 'NONE', #1843, 1000.000000000000000 ) ;
#84 = EDGE_LOOP ( 'NONE', ( #1003, #1498 ) ) ;
#85 = VECTOR ( 'NONE', #436, 1000.000000000000000 ) ;
#86 = DIRECTION ( 'NONE',  ( -0.000000000000000000, -0.000000000000000000, -1.000000000000000000 ) ) ;
#87 = VECTOR ( 'NONE', #1663, 1000.000000000000000 ) ;
#88 = VERTEX_POINT ( 'NONE', #725 ) ;
#89 = DIRECTION ( 'NONE',  ( 1.000000000000000000, 0.000000000000000000, 0.000000000000000000 ) ) ;
#90 = CIRCLE ( 'NONE', #1056, 13.00000000000000000 ) ;
#91 = LINE ( 'NONE', #407, #2208 ) ;
#92 = DIRECTION ( 'NONE',  ( -0.000000000000000000, -0.000000000000000000, -1.000000000000000000 ) ) ;
#93 = CARTESIAN_POINT ( 'NONE',  ( 73.00000000000000000, -13.50000000000000000, 8.000000000000000000 ) ) ;
#94 = EDGE_CURVE ( 'NONE', #1208, #2167, #616, .T. ) ;
#95 = EDGE_LOOP ( 'NONE', ( #456, #579, #2122, #1797 ) ) ;
#96 = EDGE_CURVE ( 'NONE', #972, #1138, #552, .T. ) ;
#97 = CARTESIAN_POINT ( 'NONE',  ( 70.00000000000000000, 15.00000000000000000, 0.000000000000000000 ) ) ;
#98 = EDGE_LOOP ( 'NONE', ( #1643, #709, #1560, #1821 ) ) ;
#99 = FACE_OUTER_BOUND ( 'NONE', #176, .T. ) ;
#100 = ORIENTED_EDGE ( 'NONE', *, *, #1892, .T. ) ;
#101 = DIRECTION ( 'NONE',  ( 0.000000000000000000, 1.000000000000000000, 0.000000000000000000 ) ) ;
#102 = DIRECTION ( 'NONE',  ( -1.000000000000000000, -0.000000000000000000, -0.000000000000000000 ) ) ;
#103 = ORIENTED_EDGE ( 'NONE', *, *, #1911, .T. ) ;
#104 = DIRECTION ( 'NONE',  ( -0.000000000000000000, -0.000000000000000000, 1.000000000000000000 ) ) ;
#105 = EDGE_CURVE ( 'NONE', #1298, #1604, #1420, .T. ) ;
#106 = DIRECTION ( 'NONE',  ( 0.000000000000000000, 0.000000000000000000, -1.000000000000000000 ) ) ;
#107 = ORIENTED_EDGE ( 'NONE', *, *, #318, .T. ) ;
#108 = DIRECTION ( 'NONE',  ( 1.000000000000000000, 0.000000000000000000, 0.000000000000000000 ) ) ;
#109 = CARTESIAN_POINT ( 'NONE',  ( 57.00000000000000000, -13.50000000000000000, 0.000000000000000000 ) ) ;
#110 = VECTOR ( 'NONE', #1422, 1000.000000000000000 ) ;
#111 = VERTEX_POINT ( 'NONE', #1242 ) ;
#112 = DIRECTION ( 'NONE',  ( 1.000000000000000000, 0.000000000000000000, 0.000000000000000000 ) ) ;
#113 = FACE_BOUND ( 'NONE', #387, .T. ) ;
#114 = ORIENTED_EDGE ( 'NONE', *, *, #1744, .T. ) ;
#115 = VECTOR ( 'NONE', #1738, 1000.000000000000000 ) ;
#116 = DIRECTION ( 'NONE',  ( 0.000000000000000000, -0.000000000000000000, 1.000000000000000000 ) ) ;
#117 = VECTOR ( 'NONE', #171, 1000.000000000000000 ) ;
#118 = AXIS2_PLACEMENT_3D ( 'NONE', #1897, #1912, #204 ) ;
#119 = ADVANCED_FACE ( 'NONE', ( #1582, #2114 ), #1770, .T. ) ;
#120 = DIRECTION ( 'NONE',  ( 1.000000000000000000, 0.000000000000000000, 0.000000000000000000 ) ) ;
#121 = ORIENTED_EDGE ( 'NONE', *, *, #1933, .F. ) ;
#122 = DIRECTION ( 'NONE',  ( 1.000000000000000000, 0.000000000000000000, 0.000000000000000000 ) ) ;
#123 = EDGE_CURVE ( 'NONE', #1500, #1975, #1600, .T. ) ;
#124 = VECTOR ( 'NONE', #2089, 1000.000000000000000 ) ;
#125 = VERTEX_POINT ( 'NONE', #54 ) ;
#126 = PLANE ( 'NONE',  #443 ) ;
#127 = CARTESIAN_POINT ( 'NONE',  ( 38.60000000000000142, 23.50000000000000000, 4.000000000000000888 ) ) ;
#128 = PLANE ( 'NONE',  #1900 ) ;
#129 = EDGE_LOOP ( 'NONE', ( #598, #632 ) ) ;
#130 = CARTESIAN_POINT ( 'NONE',  ( 9.099999999999999645, 1.347111479062088503E-16, 3.000000000000000000 ) ) ;
#131 = FACE_OUTER_BOUND ( 'NONE', #540, .T. ) ;
#132 = VERTEX_POINT ( 'NONE', #72 ) ;
#133 = APPROVAL_ROLE ( '' ) ;
#134 = CC_DESIGN_PERSON_AND_ORGANIZATION_ASSIGNMENT ( #1322, #1890, ( #597 ) ) ;
#135 = ORIENTED_EDGE ( 'NONE', *, *, #1697, .F. ) ;
#136 = DIRECTION ( 'NONE',  ( 0.000000000000000000, 0.000000000000000000, 1.000000000000000000 ) ) ;
#137 = CARTESIAN_POINT ( 'NONE',  ( 0.000000000000000000, 0.000000000000000000, 4.000000000000000000 ) ) ;
#138 = EDGE_CURVE ( 'NONE', #2008, #1725, #1954, .T. ) ;
#139 = PLANE ( 'NONE',  #228 ) ;
#140 = ORIENTED_EDGE ( 'NONE', *, *, #1634, .T. ) ;
#141 = FACE_OUTER_BOUND ( 'NONE', #2131, .T. ) ;
#142 = EDGE_LOOP ( 'NONE', ( #1752, #1544, #1207, #1621 ) ) ;
#143 = DIRECTION ( 'NONE',  ( 0.000000000000000000, 0.000000000000000000, 1.000000000000000000 ) ) ;
#144 = ORIENTED_EDGE ( 'NONE', *, *, #2155, .T. ) ;
#145 = DIRECTION ( 'NONE',  ( 0.000000000000000000, 0.000000000000000000, 1.000000000000000000 ) ) ;
#146 = AXIS2_PLACEMENT_3D ( 'NONE', #1430, #1638, #1282 ) ;
#147 = DIRECTION ( 'NONE',  ( -1.000000000000000000, 0.000000000000000000, 0.000000000000000000 ) ) ;
#148 = EDGE_CURVE ( 'NONE', #1018, #2167, #1113, .T. ) ;
#149 = DIRECTION ( 'NONE',  ( 1.000000000000000000, 0.000000000000000000, -0.000000000000000000 ) ) ;
#150 = ORIENTED_EDGE ( 'NONE', *, *, #1998, .T. ) ;
#151 = EDGE_CURVE ( 'NONE', #350, #760, #2075, .T. ) ;
#152 = CARTESIAN_POINT ( 'NONE',  ( 2.360923410571791337, -6.589843750000000888, 4.000000000000000000 ) ) ;
#153 = AXIS2_PLACEMENT_3D ( 'NONE', #812, #2158, #1986 ) ;
#154 = PLANE ( 'NONE',  #1862 ) ;
#155 = ORIENTED_EDGE ( 'NONE', *, *, #1799, .F. ) ;
#156 = VECTOR ( 'NONE', #1904, 1000.000000000000000 ) ;
#157 = ORIENTED_EDGE ( 'NONE', *, *, #1119, .T. ) ;
#158 = CARTESIAN_POINT ( 'NONE',  ( 1.100000000000000089, 8.000000000000000000, 8.000000000000000000 ) ) ;
#159 = AXIS2_PLACEMENT_3D ( 'NONE', #2074, #865, #2035 ) ;
#160 = CARTESIAN_POINT ( 'NONE',  ( 36.00000000000000000, 30.00000000000000000, 4.000000000000003553 ) ) ;
#161 = VECTOR ( 'NONE', #1910, 1000.000000000000000 ) ;
#162 = CARTESIAN_POINT ( 'NONE',  ( 6.899999999999999467, 0.000000000000000000, 3.000000000000000000 ) ) ;
#163 = CARTESIAN_POINT ( 'NONE',  ( 0.000000000000000000, 8.000000000000000000, 3.000000000000000000 ) ) ;
#164 = ADVANCED_FACE ( 'NONE', ( #395 ), #1747, .F. ) ;
#165 = CARTESIAN_POINT ( 'NONE',  ( 65.00000000000000000, 30.00000000000000000, 0.000000000000000000 ) ) ;
#166 = DIRECTION ( 'NONE',  ( 0.000000000000000000, 0.000000000000000000, -1.000000000000000000 ) ) ;
#167 = ORIENTED_EDGE ( 'NONE', *, *, #984, .T. ) ;
#168 = EDGE_LOOP ( 'NONE', ( #1893, #962 ) ) ;
#169 = DIRECTION ( 'NONE',  ( -1.000000000000000000, 0.000000000000000000, 0.000000000000000000 ) ) ;
#170 = CYLINDRICAL_SURFACE ( 'NONE', #376, 1.299999999999995604 ) ;
#171 = DIRECTION ( 'NONE',  ( 0.000000000000000000, 1.000000000000000000, 0.000000000000000000 ) ) ;
#172 = CARTESIAN_POINT ( 'NONE',  ( 36.00000000000000000, 30.00000000000000000, 4.000000000000003553 ) ) ;
#173 = EDGE_CURVE ( 'NONE', #896, #703, #798, .T. ) ;
#174 = ORIENTED_EDGE ( 'NONE', *, *, #1433, .T. ) ;
#175 = EDGE_CURVE ( 'NONE', #1837, #297, #2034, .T. ) ;
#176 = EDGE_LOOP ( 'NONE', ( #76, #223, #1080, #420 ) ) ;
#177 = EDGE_LOOP ( 'NONE', ( #885, #1421 ) ) ;
#178 = CARTESIAN_POINT ( 'NONE',  ( 40.00000000000000000, 7.000000000000000000, 4.000000000000000000 ) ) ;
#179 = VECTOR ( 'NONE', #58, 1000.000000000000000 ) ;
#180 = DIRECTION ( 'NONE',  ( -0.000000000000000000, -0.000000000000000000, -1.000000000000000000 ) ) ;
#181 = DIRECTION ( 'NONE',  ( -0.000000000000000000, -1.000000000000000000, -0.000000000000000000 ) ) ;
#182 = FACE_OUTER_BOUND ( 'NONE', #1803, .T. ) ;
#183 = PERSON_AND_ORGANIZATION_ROLE ( 'creator' ) ;
#184 = DIRECTION ( 'NONE',  ( 0.000000000000000000, 0.000000000000000000, -1.000000000000000000 ) ) ;
#185 = VERTEX_POINT ( 'NONE', #1780 ) ;
#186 = EDGE_CURVE ( 'NONE', #2031, #1782, #1081, .T. ) ;
#187 = AXIS2_PLACEMENT_3D ( 'NONE', #503, #1510, #869 ) ;
#188 = EDGE_LOOP ( 'NONE', ( #1631, #891 ) ) ;
#189 = VERTEX_POINT ( 'NONE', #233 ) ;
#190 = CIRCLE ( 'NONE', #2001, 1.100000000000000089 ) ;
#191 = ADVANCED_FACE ( 'NONE', ( #141 ), #277, .F. ) ;
#192 = AXIS2_PLACEMENT_3D ( 'NONE', #1293, #1809, #2139 ) ;
#193 = DIRECTION ( 'NONE',  ( 0.000000000000000000, 0.000000000000000000, -1.000000000000000000 ) ) ;
#194 = CIRCLE ( 'NONE', #1657, 1.100000000000000311 ) ;
#195 = VECTOR ( 'NONE', #1618, 1000.000000000000000 ) ;
#196 = CARTESIAN_POINT ( 'NONE',  ( 58.00000000000000000, 23.49999999999999645, 4.000000000000000888 ) ) ;
#197 = DIRECTION ( 'NONE',  ( 1.000000000000000000, 0.000000000000000000, 0.000000000000000000 ) ) ;
#198 = LINE ( 'NONE', #2040, #338 ) ;
#199 = ORIENTED_EDGE ( 'NONE', *, *, #23, .F. ) ;
#200 = ORIENTED_EDGE ( 'NONE', *, *, #148, .F. ) ;
#201 = ORIENTED_EDGE ( 'NONE', *, *, #1852, .F. ) ;
#202 = DIRECTION ( 'NONE',  ( 0.000000000000000000, 0.000000000000000000, -1.000000000000000000 ) ) ;
#203 = CARTESIAN_POINT ( 'NONE',  ( 0.000000000000000000, -8.000000000000000000, 3.000000000000000000 ) ) ;
#204 = DIRECTION ( 'NONE',  ( 1.000000000000000000, 0.000000000000000000, 0.000000000000000000 ) ) ;
#205 = FACE_OUTER_BOUND ( 'NONE', #1680, .T. ) ;
#206 = EDGE_CURVE ( 'NONE', #1746, #1739, #1658, .T. ) ;
#207 = ORIENTED_EDGE ( 'NONE', *, *, #1108, .F. ) ;
#208 = CARTESIAN_POINT ( 'NONE',  ( 0.000000000000000000, 7.000000000000000000, 0.000000000000000000 ) ) ;
#209 = SHAPE_DEFINITION_REPRESENTATION ( #1153, #1097 ) ;
#210 = ORIENTED_EDGE ( 'NONE', *, *, #8, .T. ) ;
#211 = FACE_OUTER_BOUND ( 'NONE', #1609, .T. ) ;
#212 = ORIENTED_EDGE ( 'NONE', *, *, #1231, .F. ) ;
#213 = ORIENTED_EDGE ( 'NONE', *, *, #274, .T. ) ;
#214 = DIRECTION ( 'NONE',  ( -1.000000000000000000, 0.000000000000000000, 0.000000000000000000 ) ) ;
#215 = DIRECTION ( 'NONE',  ( -1.000000000000000000, 0.000000000000000000, 0.000000000000000000 ) ) ;
#216 = DIRECTION ( 'NONE',  ( 0.000000000000000000, 0.000000000000000000, 1.000000000000000000 ) ) ;
#217 = PLANE ( 'NONE',  #2187 ) ;
#218 = EDGE_CURVE ( 'NONE', #241, #315, #1622, .T. ) ;
#219 = VERTEX_POINT ( 'NONE', #633 ) ;
#220 = VECTOR ( 'NONE', #1039, 1000.000000000000000 ) ;
#221 = EDGE_CURVE ( 'NONE', #861, #249, #1083, .T. ) ;
#222 = CARTESIAN_POINT ( 'NONE',  ( 62.39999999999999858, 23.50000000000000000, 4.000000000000000888 ) ) ;
#223 = ORIENTED_EDGE ( 'NONE', *, *, #1158, .T. ) ;
#224 = CARTESIAN_POINT ( 'NONE',  ( 73.00000000000000000, -13.50000000000000000, 4.000000000000000000 ) ) ;
#225 = CARTESIAN_POINT ( 'NONE',  ( 0.000000000000000000, 0.000000000000000000, 8.000000000000000000 ) ) ;
#226 = VECTOR ( 'NONE', #1497, 1000.000000000000000 ) ;
#227 = LINE ( 'NONE', #912, #2117 ) ;
#228 = AXIS2_PLACEMENT_3D ( 'NONE', #502, #1155, #1984 ) ;
#229 = ORIENTED_EDGE ( 'NONE', *, *, #1024, .T. ) ;
#230 = AXIS2_PLACEMENT_3D ( 'NONE', #258, #282, #1590 ) ;
#231 = AXIS2_PLACEMENT_3D ( 'NONE', #1406, #2076, #547 ) ;
#232 = ORIENTED_EDGE ( 'NONE', *, *, #571, .F. ) ;
#233 = CARTESIAN_POINT ( 'NONE',  ( 38.60000000000000142, 36.50000000000000000, 0.000000000000000000 ) ) ;
#234 = EDGE_CURVE ( 'NONE', #1221, #1570, #1667, .T. ) ;
#235 = EDGE_LOOP ( 'NONE', ( #1599, #884 ) ) ;
#236 = FACE_BOUND ( 'NONE', #627, .T. ) ;
#237 = DIRECTION ( 'NONE',  ( -1.000000000000000000, 0.000000000000000000, 0.000000000000000000 ) ) ;
#238 = FACE_BOUND ( 'NONE', #1475, .T. ) ;
#239 = DIRECTION ( 'NONE',  ( -0.000000000000000000, -0.000000000000000000, -1.000000000000000000 ) ) ;
#240 = PERSON_AND_ORGANIZATION ( #670, #1350 ) ;
#241 = VERTEX_POINT ( 'NONE', #969 ) ;
#242 = LINE ( 'NONE', #222, #1265 ) ;
#243 = ADVANCED_FACE ( 'NONE', ( #2168, #983 ), #1297, .T. ) ;
#244 = ORIENTED_EDGE ( 'NONE', *, *, #2050, .F. ) ;
#245 = LINE ( 'NONE', #1795, #1259 ) ;
#246 = ORIENTED_EDGE ( 'NONE', *, *, #708, .F. ) ;
#247 = CARTESIAN_POINT ( 'NONE',  ( 78.00000000000000000, -16.00000000000000000, 4.000000000000000000 ) ) ;
#248 = DIRECTION ( 'NONE',  ( 0.000000000000000000, 1.000000000000000000, 0.000000000000000000 ) ) ;
#249 = VERTEX_POINT ( 'NONE', #130 ) ;
#250 = ORIENTED_EDGE ( 'NONE', *, *, #1734, .T. ) ;
#251 = AXIS2_PLACEMENT_3D ( 'NONE', #593, #1626, #1929 ) ;
#252 = CARTESIAN_POINT ( 'NONE',  ( 0.000000000000000000, -7.000000000000000000, 0.000000000000000000 ) ) ;
#253 = ORIENTED_EDGE ( 'NONE', *, *, #1700, .T. ) ;
#254 = DIRECTION ( 'NONE',  ( -0.000000000000000000, -0.000000000000000000, -1.000000000000000000 ) ) ;
#255 = FACE_OUTER_BOUND ( 'NONE', #1232, .T. ) ;
#256 = ADVANCED_FACE ( 'NONE', ( #961 ), #300, .F. ) ;
#257 = ORIENTED_EDGE ( 'NONE', *, *, #390, .F. ) ;
#258 = CARTESIAN_POINT ( 'NONE',  ( 0.000000000000000000, -8.000000000000000000, 8.000000000000000000 ) ) ;
#259 = FACE_OUTER_BOUND ( 'NONE', #749, .T. ) ;
#260 = ADVANCED_FACE ( 'NONE', ( #2180 ), #655, .F. ) ;
#261 = CARTESIAN_POINT ( 'NONE',  ( 0.000000000000000000, 0.000000000000000000, 4.000000000000000000 ) ) ;
#262 = VERTEX_POINT ( 'NONE', #1125 ) ;
#263 = VECTOR ( 'NONE', #336, 1000.000000000000000 ) ;
#264 = CARTESIAN_POINT ( 'NONE',  ( 9.099999999999999645, 1.347111479062088503E-16, 8.000000000000000000 ) ) ;
#265 = VECTOR ( 'NONE', #181, 1000.000000000000000 ) ;
#266 = FACE_OUTER_BOUND ( 'NONE', #622, .T. ) ;
#267 = VERTEX_POINT ( 'NONE', #1804 ) ;
#268 = DIRECTION ( 'NONE',  ( 0.000000000000000000, 0.000000000000000000, 1.000000000000000000 ) ) ;
#269 = AXIS2_PLACEMENT_3D ( 'NONE', #1325, #1694, #1000 ) ;
#270 = CARTESIAN_POINT ( 'NONE',  ( 0.000000000000000000, -7.000000000000000000, 4.000000000000000000 ) ) ;
#271 = ORIENTED_EDGE ( 'NONE', *, *, #1935, .T. ) ;
#272 = CARTESIAN_POINT ( 'NONE',  ( 38.60000000000000142, 23.50000000000000000, 0.000000000000000000 ) ) ;
#273 = FACE_BOUND ( 'NONE', #394, .T. ) ;
#274 = EDGE_CURVE ( 'NONE', #1241, #680, #1633, .T. ) ;
#275 = CARTESIAN_POINT ( 'NONE',  ( 27.00000000000000000, 7.000000000000000000, 7.000000000000000000 ) ) ;
#276 = ORIENTED_EDGE ( 'NONE', *, *, #1318, .F. ) ;
#277 = PLANE ( 'NONE',  #1649 ) ;
#278 = ORIENTED_EDGE ( 'NONE', *, *, #1410, .F. ) ;
#279 = DIRECTION ( 'NONE',  ( 1.000000000000000000, -1.892425610156516974E-15, 0.000000000000000000 ) ) ;
#280 = DIRECTION ( 'NONE',  ( 0.000000000000000000, 0.000000000000000000, -1.000000000000000000 ) ) ;
#281 = ORIENTED_EDGE ( 'NONE', *, *, #206, .F. ) ;
#282 = DIRECTION ( 'NONE',  ( 0.000000000000000000, 0.000000000000000000, 1.000000000000000000 ) ) ;
#283 = LINE ( 'NONE', #605, #195 ) ;
#284 = EDGE_LOOP ( 'NONE', ( #155, #1612 ) ) ;
#285 = ADVANCED_FACE ( 'NONE', ( #801 ), #790, .F. ) ;
#286 = DIRECTION ( 'NONE',  ( 1.000000000000000000, 0.000000000000000000, 0.000000000000000000 ) ) ;
#287 = EDGE_CURVE ( 'NONE', #262, #1298, #2142, .T. ) ;
#288 = ORIENTED_EDGE ( 'NONE', *, *, #1024, .F. ) ;
#289 = DIRECTION ( 'NONE',  ( 0.000000000000000000, 0.000000000000000000, 1.000000000000000000 ) ) ;
#290 = CARTESIAN_POINT ( 'NONE',  ( 1.100000000000000089, -8.000000000000000000, 0.000000000000000000 ) ) ;
#291 = AXIS2_PLACEMENT_3D ( 'NONE', #1245, #544, #1729 ) ;
#292 = ORIENTED_EDGE ( 'NONE', *, *, #411, .T. ) ;
#293 = CARTESIAN_POINT ( 'NONE',  ( -2.360923410571791337, 6.589843750000000888, 4.000000000000000000 ) ) ;
#294 = CARTESIAN_POINT ( 'NONE',  ( 40.00000000000000000, -7.000000000000000000, 0.000000000000000000 ) ) ;
#295 = DIRECTION ( 'NONE',  ( 0.000000000000000000, 0.000000000000000000, -1.000000000000000000 ) ) ;
#296 = AXIS2_PLACEMENT_3D ( 'NONE', #349, #1870, #1229 ) ;
#297 = VERTEX_POINT ( 'NONE', #1309 ) ;
#298 = AXIS2_PLACEMENT_3D ( 'NONE', #779, #1320, #286 ) ;
#299 = CC_DESIGN_PERSON_AND_ORGANIZATION_ASSIGNMENT ( #738, #2080, ( #24 ) ) ;
#300 = PLANE ( 'NONE',  #833 ) ;
#301 = AXIS2_PLACEMENT_3D ( 'NONE', #1891, #1006, #1373 ) ;
#302 = AXIS2_PLACEMENT_3D ( 'NONE', #763, #1303, #1453 ) ;
#303 = ADVANCED_FACE ( 'NONE', ( #1137 ), #1814, .F. ) ;
#304 = ORIENTED_EDGE ( 'NONE', *, *, #359, .F. ) ;
#305 = DIRECTION ( 'NONE',  ( 0.000000000000000000, -1.000000000000000000, 0.000000000000000000 ) ) ;
#306 = AXIS2_PLACEMENT_3D ( 'NONE', #2060, #536, #433 ) ;
#307 = AXIS2_PLACEMENT_3D ( 'NONE', #1762, #910, #391 ) ;
#308 = VERTEX_POINT ( 'NONE', #463 ) ;
#309 = CARTESIAN_POINT ( 'NONE',  ( 0.000000000000000000, 8.000000000000000000, 3.000000000000000000 ) ) ;
#310 = CARTESIAN_POINT ( 'NONE',  ( 6.899999999999999467, 0.000000000000000000, 0.000000000000000000 ) ) ;
#311 = CARTESIAN_POINT ( 'NONE',  ( 34.00000000000000000, 0.000000000000000000, 4.000000000000000000 ) ) ;
#312 = EDGE_LOOP ( 'NONE', ( #488, #609, #1162, #2138, #851, #207 ) ) ;
#313 = DIRECTION ( 'NONE',  ( 0.000000000000000000, 0.000000000000000000, -1.000000000000000000 ) ) ;
#314 = LOCAL_TIME ( 23, 0, 12.00000000000000000, #479 ) ;
#315 = VERTEX_POINT ( 'NONE', #1822 ) ;
#316 = CARTESIAN_POINT ( 'NONE',  ( 74.09999999999999432, -13.50000000000000000, 4.000000000000000000 ) ) ;
#317 = CARTESIAN_POINT ( 'NONE',  ( -6.899999999999999467, 1.347111479062088503E-16, 8.000000000000000000 ) ) ;
#318 = EDGE_CURVE ( 'NONE', #1739, #1292, #1487, .T. ) ;
#319 = ORIENTED_EDGE ( 'NONE', *, *, #2023, .T. ) ;
#320 = LINE ( 'NONE', #977, #380 ) ;
#321 = DIRECTION ( 'NONE',  ( 0.000000000000000000, 0.000000000000000000, 1.000000000000000000 ) ) ;
#322 = DIRECTION ( 'NONE',  ( -1.000000000000000000, 0.000000000000000000, 0.000000000000000000 ) ) ;
#323 = EDGE_LOOP ( 'NONE', ( #482, #1175, #1573, #803 ) ) ;
#324 = CARTESIAN_POINT ( 'NONE',  ( 27.00000000000000000, -16.00000000000000000, 7.000000000000000000 ) ) ;
#325 = DIRECTION ( 'NONE',  ( -0.000000000000000000, 1.000000000000000000, 0.000000000000000000 ) ) ;
#326 = ORIENTED_EDGE ( 'NONE', *, *, #64, .F. ) ;
#327 = DIRECTION ( 'NONE',  ( 0.000000000000000000, -1.000000000000000000, 0.000000000000000000 ) ) ;
#328 = DIRECTION ( 'NONE',  ( 0.000000000000000000, -0.000000000000000000, 1.000000000000000000 ) ) ;
#329 = EDGE_CURVE ( 'NONE', #2167, #1208, #762, .T. ) ;
#330 = VECTOR ( 'NONE', #1549, 1000.000000000000000 ) ;
#331 = FACE_OUTER_BOUND ( 'NONE', #1064, .T. ) ;
#332 = CARTESIAN_POINT ( 'NONE',  ( 71.89999999999999147, -13.50000000000000000, 8.000000000000000000 ) ) ;
#333 = ADVANCED_FACE ( 'NONE', ( #487 ), #1351, .F. ) ;
#334 = LINE ( 'NONE', #2191, #2143 ) ;
#335 = CIRCLE ( 'NONE', #1579, 2.750000000000000000 ) ;
#336 = DIRECTION ( 'NONE',  ( 0.000000000000000000, 0.000000000000000000, -1.000000000000000000 ) ) ;
#337 = ORIENTED_EDGE ( 'NONE', *, *, #1133, .F. ) ;
#338 = VECTOR ( 'NONE', #1194, 1000.000000000000000 ) ;
#339 = VERTEX_POINT ( 'NONE', #1370 ) ;
#340 = ORIENTED_EDGE ( 'NONE', *, *, #754, .T. ) ;
#341 = CARTESIAN_POINT ( 'NONE',  ( 0.000000000000000000, 8.000000000000000000, 0.000000000000000000 ) ) ;
#342 = VECTOR ( 'NONE', #952, 1000.000000000000000 ) ;
#343 = DIRECTION ( 'NONE',  ( 0.000000000000000000, 0.000000000000000000, -1.000000000000000000 ) ) ;
#344 = VECTOR ( 'NONE', #2164, 1000.000000000000000 ) ;
#345 = EDGE_CURVE ( 'NONE', #1362, #185, #2109, .T. ) ;
#346 = CARTESIAN_POINT ( 'NONE',  ( 70.00000000000000000, 15.00000000000000000, 4.000000000000000000 ) ) ;
#347 = EDGE_CURVE ( 'NONE', #1728, #374, #1384, .T. ) ;
#348 = DIRECTION ( 'NONE',  ( 0.000000000000000000, 0.000000000000000000, -1.000000000000000000 ) ) ;
#349 = CARTESIAN_POINT ( 'NONE',  ( 0.000000000000000000, 0.000000000000000000, 0.000000000000000000 ) ) ;
#350 = VERTEX_POINT ( 'NONE', #152 ) ;
#351 = ORIENTED_EDGE ( 'NONE', *, *, #1632, .T. ) ;
#352 = CARTESIAN_POINT ( 'NONE',  ( -5.250000000000000000, 3.367778697655221012E-16, 8.000000000000000000 ) ) ;
#353 = CARTESIAN_POINT ( 'NONE',  ( 0.000000000000000000, 8.000000000000000000, 0.000000000000000000 ) ) ;
#354 = DIRECTION ( 'NONE',  ( -0.000000000000000000, -0.000000000000000000, -1.000000000000000000 ) ) ;
#355 = CARTESIAN_POINT ( 'NONE',  ( 78.00000000000000000, -16.00000000000000000, 0.000000000000000000 ) ) ;
#356 = EDGE_CURVE ( 'NONE', #2042, #1990, #1300, .T. ) ;
#357 = CARTESIAN_POINT ( 'NONE',  ( 57.00000000000000000, -13.50000000000000000, 4.000000000000000000 ) ) ;
#358 = EDGE_LOOP ( 'NONE', ( #2196, #555 ) ) ;
#359 = EDGE_CURVE ( 'NONE', #781, #2042, #335, .T. ) ;
#360 = EDGE_LOOP ( 'NONE', ( #518, #1670 ) ) ;
#361 = VERTEX_POINT ( 'NONE', #2200 ) ;
#362 = CARTESIAN_POINT ( 'NONE',  ( 37.29999999999999716, 30.00000000000000000, 4.000000000000003553 ) ) ;
#363 = AXIS2_PLACEMENT_3D ( 'NONE', #1442, #1291, #2118 ) ;
#364 = DIRECTION ( 'NONE',  ( 0.000000000000000000, 0.000000000000000000, -1.000000000000000000 ) ) ;
#365 = DIRECTION ( 'NONE',  ( -0.000000000000000000, -0.000000000000000000, -1.000000000000000000 ) ) ;
#366 = DIRECTION ( 'NONE',  ( -0.000000000000000000, -0.000000000000000000, -1.000000000000000000 ) ) ;
#367 = APPROVAL_STATUS ( 'not_yet_approved' ) ;
#368 = CARTESIAN_POINT ( 'NONE',  ( 73.00000000000000000, -13.50000000000000000, 8.000000000000000000 ) ) ;
#369 = CARTESIAN_POINT ( 'NONE',  ( 34.00000000000000000, 15.00000000000000000, 4.000000000000000000 ) ) ;
#370 = AXIS2_PLACEMENT_3D ( 'NONE', #1093, #1288, #1411 ) ;
#371 = AXIS2_PLACEMENT_3D ( 'NONE', #985, #2145, #120 ) ;
#372 = EDGE_CURVE ( 'NONE', #998, #1051, #1861, .T. ) ;
#373 = EDGE_LOOP ( 'NONE', ( #1374, #1363, #2041, #1639 ) ) ;
#374 = VERTEX_POINT ( 'NONE', #1888 ) ;
#375 = DIRECTION ( 'NONE',  ( 0.000000000000000000, 0.000000000000000000, -1.000000000000000000 ) ) ;
#376 = AXIS2_PLACEMENT_3D ( 'NONE', #854, #295, #322 ) ;
#377 = CIRCLE ( 'NONE', #1615, 1.099999999999996758 ) ;
#378 = LINE ( 'NONE', #911, #982 ) ;
#379 = DIRECTION ( 'NONE',  ( 0.000000000000000000, 0.000000000000000000, 1.000000000000000000 ) ) ;
#380 = VECTOR ( 'NONE', #1324, 1000.000000000000000 ) ;
#381 = AXIS2_PLACEMENT_3D ( 'NONE', #2015, #147, #321 ) ;
#382 = DIRECTION ( 'NONE',  ( 1.000000000000000000, 0.000000000000000000, 0.000000000000000000 ) ) ;
#383 = SECURITY_CLASSIFICATION_LEVEL ( 'unclassified' ) ;
#384 = ORIENTED_EDGE ( 'NONE', *, *, #1553, .T. ) ;
#385 = CARTESIAN_POINT ( 'NONE',  ( 34.00000000000000000, -7.000000000000000000, 4.000000000000000000 ) ) ;
#386 = ORIENTED_EDGE ( 'NONE', *, *, #359, .T. ) ;
#387 = EDGE_LOOP ( 'NONE', ( #659, #543 ) ) ;
#388 = ORIENTED_EDGE ( 'NONE', *, *, #1799, .T. ) ;
#389 = CARTESIAN_POINT ( 'NONE',  ( 34.00000000000000000, -16.00000000000000000, 4.000000000000000000 ) ) ;
#390 = EDGE_CURVE ( 'NONE', #1339, #2031, #1877, .T. ) ;
#391 = DIRECTION ( 'NONE',  ( 1.000000000000000000, 0.000000000000000000, 0.000000000000000000 ) ) ;
#392 = CARTESIAN_POINT ( 'NONE',  ( 8.000000000000000000, 0.000000000000000000, 8.000000000000000000 ) ) ;
#393 = PLANE ( 'NONE',  #306 ) ;
#394 = EDGE_LOOP ( 'NONE', ( #498, #1353 ) ) ;
#395 = FACE_OUTER_BOUND ( 'NONE', #1908, .T. ) ;
#396 = EDGE_LOOP ( 'NONE', ( #1924, #100, #1480, #1127 ) ) ;
#397 = EDGE_LOOP ( 'NONE', ( #672, #567, #319, #1283 ) ) ;
#398 = LINE ( 'NONE', #1715, #330 ) ;
#399 = CARTESIAN_POINT ( 'NONE',  ( 2.750000000000000000, -8.000000000000000000, 4.000000000000000000 ) ) ;
#400 = EDGE_CURVE ( 'NONE', #1007, #189, #1359, .T. ) ;
#401 = VERTEX_POINT ( 'NONE', #196 ) ;
#402 = CIRCLE ( 'NONE', #1642, 1.100000000000000311 ) ;
#403 = CALENDAR_DATE ( 2026, 7, 9 ) ;
#404 = ORIENTED_EDGE ( 'NONE', *, *, #1189, .T. ) ;
#405 = DIRECTION ( 'NONE',  ( 0.000000000000000000, 0.000000000000000000, 1.000000000000000000 ) ) ;
#406 = ORIENTED_EDGE ( 'NONE', *, *, #2023, .F. ) ;
#407 = CARTESIAN_POINT ( 'NONE',  ( 27.00000000000000000, -7.000000000000000000, 4.000000000000000000 ) ) ;
#408 = VECTOR ( 'NONE', #1835, 1000.000000000000000 ) ;
#409 = FACE_OUTER_BOUND ( 'NONE', #2013, .T. ) ;
#410 = AXIS2_PLACEMENT_3D ( 'NONE', #1605, #582, #921 ) ;
#411 = EDGE_CURVE ( 'NONE', #1925, #1095, #2026, .T. ) ;
#412 = VECTOR ( 'NONE', #785, 1000.000000000000000 ) ;
#413 = VERTEX_POINT ( 'NONE', #2039 ) ;
#414 = CARTESIAN_POINT ( 'NONE',  ( 0.000000000000000000, 7.000000000000000000, 4.000000000000000000 ) ) ;
#415 = ORIENTED_EDGE ( 'NONE', *, *, #400, .F. ) ;
#416 = DIRECTION ( 'NONE',  ( -0.000000000000000000, -0.000000000000000000, -1.000000000000000000 ) ) ;
#417 = CARTESIAN_POINT ( 'NONE',  ( 6.589843750000000888, 2.360923410571790448, 5.500000000000000000 ) ) ;
#418 = CYLINDRICAL_SURFACE ( 'NONE', #949, 7.000000000000000000 ) ;
#419 = CALENDAR_DATE ( 2026, 7, 9 ) ;
#420 = ORIENTED_EDGE ( 'NONE', *, *, #988, .F. ) ;
#421 = CC_DESIGN_PERSON_AND_ORGANIZATION_ASSIGNMENT ( #893, #1277, ( #24 ) ) ;
#422 = DIRECTION ( 'NONE',  ( 0.000000000000000000, -1.000000000000000000, 0.000000000000000000 ) ) ;
#423 = ADVANCED_FACE ( 'NONE', ( #182 ), #1395, .T. ) ;
#424 = ORIENTED_EDGE ( 'NONE', *, *, #1593, .F. ) ;
#425 = LINE ( 'NONE', #561, #1687 ) ;
#426 = CARTESIAN_POINT ( 'NONE',  ( 57.00000000000000000, -13.50000000000000000, 4.000000000000000000 ) ) ;
#427 = CARTESIAN_POINT ( 'NONE',  ( 0.000000000000000000, 0.000000000000000000, 8.000000000000000000 ) ) ;
#428 = LINE ( 'NONE', #2140, #1689 ) ;
#429 = ORIENTED_EDGE ( 'NONE', *, *, #1055, .T. ) ;
#430 = AXIS2_PLACEMENT_3D ( 'NONE', #426, #1602, #75 ) ;
#431 = CYLINDRICAL_SURFACE ( 'NONE', #1041, 7.000000000000000000 ) ;
#432 = ORIENTED_EDGE ( 'NONE', *, *, #1863, .T. ) ;
#433 = DIRECTION ( 'NONE',  ( 0.000000000000000000, -0.000000000000000000, -1.000000000000000000 ) ) ;
#434 = PLANE ( 'NONE',  #1529 ) ;
#435 = ADVANCED_FACE ( 'NONE', ( #1696 ), #1225, .T. ) ;
#436 = DIRECTION ( 'NONE',  ( 0.000000000000000000, 0.000000000000000000, 1.000000000000000000 ) ) ;
#437 = DIRECTION ( 'NONE',  ( -1.000000000000000000, 0.000000000000000000, 0.000000000000000000 ) ) ;
#438 = VECTOR ( 'NONE', #1901, 1000.000000000000000 ) ;
#439 = EDGE_LOOP ( 'NONE', ( #1844, #1071 ) ) ;
#440 = VECTOR ( 'NONE', #958, 1000.000000000000000 ) ;
#441 = CIRCLE ( 'NONE', #1969, 2.749999999999999112 ) ;
#442 = DIRECTION ( 'NONE',  ( 0.000000000000000000, 0.000000000000000000, -1.000000000000000000 ) ) ;
#443 = AXIS2_PLACEMENT_3D ( 'NONE', #1841, #1141, #796 ) ;
#444 = VERTEX_POINT ( 'NONE', #1688 ) ;
#445 = AXIS2_PLACEMENT_3D ( 'NONE', #1606, #1944, #1629 ) ;
#446 = DIRECTION ( 'NONE',  ( -1.000000000000000000, -0.000000000000000000, -0.000000000000000000 ) ) ;
#447 = ORIENTED_EDGE ( 'NONE', *, *, #1469, .F. ) ;
#448 = LINE ( 'NONE', #931, #837 ) ;
#449 = ADVANCED_FACE ( 'NONE', ( #1678 ), #1856, .T. ) ;
#450 = CARTESIAN_POINT ( 'NONE',  ( 0.000000000000000000, 0.000000000000000000, 4.000000000000000000 ) ) ;
#451 = EDGE_CURVE ( 'NONE', #401, #1506, #334, .T. ) ;
#452 = ORIENTED_EDGE ( 'NONE', *, *, #2069, .T. ) ;
#453 = DIRECTION ( 'NONE',  ( -1.000000000000000000, 0.000000000000000000, 0.000000000000000000 ) ) ;
#454 = ORIENTED_EDGE ( 'NONE', *, *, #608, .T. ) ;
#455 = CARTESIAN_POINT ( 'NONE',  ( 0.000000000000000000, 0.000000000000000000, 8.000000000000000000 ) ) ;
#456 = ORIENTED_EDGE ( 'NONE', *, *, #2201, .T. ) ;
#457 = LINE ( 'NONE', #628, #2081 ) ;
#458 = FACE_OUTER_BOUND ( 'NONE', #397, .T. ) ;
#459 = EDGE_CURVE ( 'NONE', #1252, #520, #979, .T. ) ;
#460 = DIRECTION ( 'NONE',  ( 0.000000000000000000, 0.000000000000000000, 1.000000000000000000 ) ) ;
#461 = ORIENTED_EDGE ( 'NONE', *, *, #1647, .T. ) ;
#462 = ADVANCED_FACE ( 'NONE', ( #1013 ), #1191, .F. ) ;
#463 = CARTESIAN_POINT ( 'NONE',  ( 40.00000000000000000, 7.000000000000000000, 0.000000000000000000 ) ) ;
#464 = AXIS2_PLACEMENT_3D ( 'NONE', #2094, #1256, #1096 ) ;
#465 = EDGE_LOOP ( 'NONE', ( #919, #1459, #107, #404 ) ) ;
#466 = DIRECTION ( 'NONE',  ( 1.000000000000000000, 0.000000000000000000, 0.000000000000000000 ) ) ;
#467 = ORIENTED_EDGE ( 'NONE', *, *, #1878, .F. ) ;
#468 = FACE_BOUND ( 'NONE', #993, .T. ) ;
#469 = DIRECTION ( 'NONE',  ( 1.000000000000000000, 0.000000000000000000, 0.000000000000000000 ) ) ;
#470 = FACE_OUTER_BOUND ( 'NONE', #827, .T. ) ;
#471 = VERTEX_POINT ( 'NONE', #1540 ) ;
#472 = VECTOR ( 'NONE', #382, 1000.000000000000000 ) ;
#473 = DIRECTION ( 'NONE',  ( 1.000000000000000000, 0.000000000000000000, -0.000000000000000000 ) ) ;
#474 = AXIS2_PLACEMENT_3D ( 'NONE', #882, #517, #2193 ) ;
#475 = EDGE_CURVE ( 'NONE', #665, #339, #16, .T. ) ;
#476 = AXIS2_PLACEMENT_3D ( 'NONE', #225, #216, #1380 ) ;
#477 = ORIENTED_EDGE ( 'NONE', *, *, #27, .T. ) ;
#478 = CARTESIAN_POINT ( 'NONE',  ( 0.000000000000000000, 0.000000000000000000, 8.000000000000000000 ) ) ;
#479 = COORDINATED_UNIVERSAL_TIME_OFFSET ( 6, 0, .BEHIND. ) ;
#480 = VECTOR ( 'NONE', #1817, 1000.000000000000000 ) ;
#481 = VECTOR ( 'NONE', #1434, 1000.000000000000000 ) ;
#482 = ORIENTED_EDGE ( 'NONE', *, *, #1147, .F. ) ;
#483 = CARTESIAN_POINT ( 'NONE',  ( 27.00000000000000000, -16.00000000000000000, 7.000000000000000000 ) ) ;
#484 = LINE ( 'NONE', #853, #344 ) ;
#485 = CARTESIAN_POINT ( 'NONE',  ( 0.000000000000000000, 0.000000000000000000, 4.000000000000000000 ) ) ;
#486 = ORIENTED_EDGE ( 'NONE', *, *, #788, .F. ) ;
#487 = FACE_OUTER_BOUND ( 'NONE', #1399, .T. ) ;
#488 = ORIENTED_EDGE ( 'NONE', *, *, #2179, .F. ) ;
#489 = APPLICATION_PROTOCOL_DEFINITION ( 'international standard', 'config_control_design', 1994, #81 ) ;
#490 = EDGE_CURVE ( 'NONE', #189, #1037, #1407, .T. ) ;
#491 = VERTEX_POINT ( 'NONE', #721 ) ;
#492 = CYLINDRICAL_SURFACE ( 'NONE', #768, 1.300000000000002487 ) ;
#493 = DIRECTION ( 'NONE',  ( 0.000000000000000000, 0.000000000000000000, -1.000000000000000000 ) ) ;
#494 = DIRECTION ( 'NONE',  ( 1.000000000000000000, 0.000000000000000000, 0.000000000000000000 ) ) ;
#495 = CARTESIAN_POINT ( 'NONE',  ( -8.000000000000000000, 0.000000000000000000, 0.000000000000000000 ) ) ;
#496 = DIRECTION ( 'NONE',  ( 0.000000000000000000, 0.000000000000000000, 1.000000000000000000 ) ) ;
#497 = ORIENTED_EDGE ( 'NONE', *, *, #1246, .F. ) ;
#498 = ORIENTED_EDGE ( 'NONE', *, *, #2155, .F. ) ;
#499 = CARTESIAN_POINT ( 'NONE',  ( 0.000000000000000000, 0.000000000000000000, 8.000000000000000000 ) ) ;
#500 = EDGE_CURVE ( 'NONE', #88, #401, #2078, .T. ) ;
#501 = VECTOR ( 'NONE', #1827, 1000.000000000000000 ) ;
#502 = CARTESIAN_POINT ( 'NONE',  ( 0.000000000000000000, 7.000000000000000000, 4.000000000000000000 ) ) ;
#503 = CARTESIAN_POINT ( 'NONE',  ( 58.00000000000000000, 27.00000000000000000, 4.000000000000000888 ) ) ;
#504 = CARTESIAN_POINT ( 'NONE',  ( 57.00000000000000000, -13.50000000000000000, 8.000000000000000000 ) ) ;
#505 = CARTESIAN_POINT ( 'NONE',  ( 0.000000000000000000, 7.000000000000000000, 0.000000000000000000 ) ) ;
#506 = CIRCLE ( 'NONE', #1440, 1.300000000000002487 ) ;
#507 = ORIENTED_EDGE ( 'NONE', *, *, #1147, .T. ) ;
#508 = ORIENTED_EDGE ( 'NONE', *, *, #2050, .T. ) ;
#509 = CYLINDRICAL_SURFACE ( 'NONE', #1927, 1.100000000000000311 ) ;
#510 = CIRCLE ( 'NONE', #1970, 1.100000000000000089 ) ;
#511 = EDGE_CURVE ( 'NONE', #219, #1746, #1566, .T. ) ;
#512 = DIRECTION ( 'NONE',  ( 0.000000000000000000, 0.000000000000000000, -1.000000000000000000 ) ) ;
#513 = CARTESIAN_POINT ( 'NONE',  ( 4.000000000000000000, 4.898587196589411843E-16, 8.000000000000000000 ) ) ;
#514 = CIRCLE ( 'NONE', #1763, 2.750000000000000000 ) ;
#515 = EDGE_CURVE ( 'NONE', #2135, #849, #1999, .T. ) ;
#516 = CARTESIAN_POINT ( 'NONE',  ( -8.000000000000000000, 0.000000000000000000, 4.000000000000000000 ) ) ;
#517 = DIRECTION ( 'NONE',  ( 0.000000000000000000, -1.000000000000000000, 0.000000000000000000 ) ) ;
#518 = ORIENTED_EDGE ( 'NONE', *, *, #94, .F. ) ;
#519 = ORIENTED_EDGE ( 'NONE', *, *, #1448, .F. ) ;
#520 = VERTEX_POINT ( 'NONE', #2010 ) ;
#521 = CC_DESIGN_APPROVAL ( #1508, ( #24 ) ) ;
#522 = LINE ( 'NONE', #731, #1431 ) ;
#523 = DIRECTION ( 'NONE',  ( 0.000000000000000000, 0.000000000000000000, 1.000000000000000000 ) ) ;
#524 = CYLINDRICAL_SURFACE ( 'NONE', #159, 1.299999999999995604 ) ;
#525 = CARTESIAN_POINT ( 'NONE',  ( 40.00000000000000000, -7.000000000000000000, 4.000000000000000000 ) ) ;
#526 = CARTESIAN_POINT ( 'NONE',  ( 66.29999999999999716, 30.00000000000000000, 4.000000000000003553 ) ) ;
#527 = ADVANCED_FACE ( 'NONE', ( #131 ), #634, .F. ) ;
#528 = DIRECTION ( 'NONE',  ( 0.000000000000000000, 1.000000000000000000, -0.000000000000000000 ) ) ;
#529 = ADVANCED_FACE ( 'NONE', ( #266 ), #1458, .F. ) ;
#530 = DIRECTION ( 'NONE',  ( 0.000000000000000000, -0.000000000000000000, 1.000000000000000000 ) ) ;
#531 = ORIENTED_EDGE ( 'NONE', *, *, #1301, .T. ) ;
#532 = ORIENTED_EDGE ( 'NONE', *, *, #1466, .F. ) ;
#533 = CARTESIAN_POINT ( 'NONE',  ( 55.90000000000000568, -13.50000000000000000, 0.000000000000000000 ) ) ;
#534 = CARTESIAN_POINT ( 'NONE',  ( 58.10000000000000142, -13.50000000000000000, 8.000000000000000000 ) ) ;
#535 = CARTESIAN_POINT ( 'NONE',  ( 34.00000000000000000, -11.00000000000000000, 7.000000000000000000 ) ) ;
#536 = DIRECTION ( 'NONE',  ( 0.000000000000000000, -1.000000000000000000, 0.000000000000000000 ) ) ;
#537 = CARTESIAN_POINT ( 'NONE',  ( 0.000000000000000000, 0.000000000000000000, 8.000000000000000000 ) ) ;
#538 = DIRECTION ( 'NONE',  ( 1.000000000000000000, 0.000000000000000000, 0.000000000000000000 ) ) ;
#539 = EDGE_CURVE ( 'NONE', #1772, #297, #1126, .T. ) ;
#540 = EDGE_LOOP ( 'NONE', ( #432, #1668, #1534, #121 ) ) ;
#541 = EDGE_CURVE ( 'NONE', #413, #1362, #198, .T. ) ;
#542 = ORIENTED_EDGE ( 'NONE', *, *, #2204, .T. ) ;
#543 = ORIENTED_EDGE ( 'NONE', *, *, #1876, .F. ) ;
#544 = DIRECTION ( 'NONE',  ( -0.000000000000000000, -0.000000000000000000, -1.000000000000000000 ) ) ;
#545 = AXIS2_PLACEMENT_3D ( 'NONE', #1972, #1274, #1088 ) ;
#546 = CARTESIAN_POINT ( 'NONE',  ( 10.95445115010332238, -7.000000000000000000, 0.000000000000000000 ) ) ;
#547 = DIRECTION ( 'NONE',  ( 1.000000000000000000, 0.000000000000000000, 0.000000000000000000 ) ) ;
#548 = AXIS2_PLACEMENT_3D ( 'NONE', #866, #35, #89 ) ;
#549 = ORIENTED_EDGE ( 'NONE', *, *, #1368, .F. ) ;
#550 = CARTESIAN_POINT ( 'NONE',  ( 38.60000000000000142, 23.50000000000000000, 4.000000000000000888 ) ) ;
#551 = ORIENTED_EDGE ( 'NONE', *, *, #698, .F. ) ;
#552 = LINE ( 'NONE', #252, #80 ) ;
#553 = ADVANCED_FACE ( 'NONE', ( #1513 ), #1869, .F. ) ;
#554 = ORIENTED_EDGE ( 'NONE', *, *, #1119, .F. ) ;
#555 = ORIENTED_EDGE ( 'NONE', *, *, #175, .T. ) ;
#556 = CARTESIAN_POINT ( 'NONE',  ( 0.000000000000000000, -7.000000000000000000, 0.000000000000000000 ) ) ;
#557 = CARTESIAN_POINT ( 'NONE',  ( 0.000000000000000000, 0.000000000000000000, 8.000000000000000000 ) ) ;
#558 = EDGE_CURVE ( 'NONE', #1018, #1871, #1192, .T. ) ;
#559 = LOCAL_TIME ( 23, 0, 12.00000000000000000, #575 ) ;
#560 = DIRECTION ( 'NONE',  ( 0.000000000000000000, 0.000000000000000000, 1.000000000000000000 ) ) ;
#561 = CARTESIAN_POINT ( 'NONE',  ( 34.69999999999999574, 30.00000000000000000, 4.000000000000003553 ) ) ;
#562 = CARTESIAN_POINT ( 'NONE',  ( 62.39999999999999858, 27.00000000000000000, 4.000000000000000888 ) ) ;
#563 = VERTEX_POINT ( 'NONE', #2067 ) ;
#564 = DATE_AND_TIME ( #1043, #1484 ) ;
#565 = VERTEX_POINT ( 'NONE', #1385 ) ;
#566 = CARTESIAN_POINT ( 'NONE',  ( 1.100000000000000089, -8.000000000000000000, 8.000000000000000000 ) ) ;
#567 = ORIENTED_EDGE ( 'NONE', *, *, #123, .T. ) ;
#568 = DIRECTION ( 'NONE',  ( 1.000000000000000000, 0.000000000000000000, 0.000000000000000000 ) ) ;
#569 = CARTESIAN_POINT ( 'NONE',  ( 0.000000000000000000, 8.000000000000000000, 8.000000000000000000 ) ) ;
#570 = LINE ( 'NONE', #1960, #85 ) ;
#571 = EDGE_CURVE ( 'NONE', #1241, #2159, #1304, .T. ) ;
#572 = LINE ( 'NONE', #1261, #1801 ) ;
#573 = CIRCLE ( 'NONE', #1992, 2.750000000000000000 ) ;
#574 = ADVANCED_FACE ( 'NONE', ( #1557 ), #1879, .T. ) ;
#575 = COORDINATED_UNIVERSAL_TIME_OFFSET ( 6, 0, .BEHIND. ) ;
#576 = VECTOR ( 'NONE', #1333, 1000.000000000000000 ) ;
#577 = VERTEX_POINT ( 'NONE', #2053 ) ;
#578 = DIRECTION ( 'NONE',  ( 0.000000000000000000, 1.000000000000000000, 0.000000000000000000 ) ) ;
#579 = ORIENTED_EDGE ( 'NONE', *, *, #1070, .T. ) ;
#580 = CARTESIAN_POINT ( 'NONE',  ( -10.75000000000000000, 0.000000000000000000, 4.000000000000000000 ) ) ;
#581 = VECTOR ( 'NONE', #1240, 1000.000000000000000 ) ;
#582 = DIRECTION ( 'NONE',  ( 0.000000000000000000, 0.000000000000000000, 1.000000000000000000 ) ) ;
#583 = AXIS2_PLACEMENT_3D ( 'NONE', #1820, #1317, #1655 ) ;
#584 = FACE_OUTER_BOUND ( 'NONE', #1995, .T. ) ;
#585 = AXIS2_PLACEMENT_3D ( 'NONE', #2207, #1366, #1211 ) ;
#586 = EDGE_CURVE ( 'NONE', #1253, #720, #1227, .T. ) ;
#587 = LINE ( 'NONE', #1447, #7 ) ;
#588 = ADVANCED_FACE ( 'NONE', ( #1530 ), #154, .T. ) ;
#589 = AXIS2_PLACEMENT_3D ( 'NONE', #773, #1625, #782 ) ;
#590 = ORIENTED_EDGE ( 'NONE', *, *, #890, .F. ) ;
#591 = CARTESIAN_POINT ( 'NONE',  ( 0.000000000000000000, -8.000000000000000000, 4.000000000000000000 ) ) ;
#592 = ORIENTED_EDGE ( 'NONE', *, *, #1935, .F. ) ;
#593 = CARTESIAN_POINT ( 'NONE',  ( 0.000000000000000000, -8.000000000000000000, 3.000000000000000000 ) ) ;
#594 = ORIENTED_EDGE ( 'NONE', *, *, #1344, .T. ) ;
#595 = DIRECTION ( 'NONE',  ( 1.000000000000000000, 0.000000000000000000, 0.000000000000000000 ) ) ;
#596 = DIRECTION ( 'NONE',  ( 0.000000000000000000, 1.000000000000000000, 0.000000000000000000 ) ) ;
#597 = PRODUCT ( 'ARM-102_Forearm_and_fixed_jaw', 'ARM-102_Forearm_and_fixed_jaw', '', ( #975 ) ) ;
#598 = ORIENTED_EDGE ( 'NONE', *, *, #1758, .T. ) ;
#599 = DIRECTION ( 'NONE',  ( -1.000000000000000000, 0.000000000000000000, 0.000000000000000000 ) ) ;
#600 = EDGE_CURVE ( 'NONE', #1233, #4, #941, .T. ) ;
#601 = ORIENTED_EDGE ( 'NONE', *, *, #1383, .F. ) ;
#602 = DIRECTION ( 'NONE',  ( 0.000000000000000000, 0.000000000000000000, 1.000000000000000000 ) ) ;
#603 = ORIENTED_EDGE ( 'NONE', *, *, #1341, .F. ) ;
#604 = CARTESIAN_POINT ( 'NONE',  ( 70.00000000000000000, 27.00000000000000000, 4.000000000000000000 ) ) ;
#605 = CARTESIAN_POINT ( 'NONE',  ( 26.00000000000000000, 0.000000000000000000, 4.000000000000000000 ) ) ;
#606 = VERTEX_POINT ( 'NONE', #687 ) ;
#607 = CARTESIAN_POINT ( 'NONE',  ( 26.00000000000000000, 0.000000000000000000, 4.000000000000000000 ) ) ;
#608 = EDGE_CURVE ( 'NONE', #1815, #1881, #1539, .T. ) ;
#609 = ORIENTED_EDGE ( 'NONE', *, *, #1246, .T. ) ;
#610 = DIRECTION ( 'NONE',  ( 0.000000000000000000, 0.000000000000000000, -1.000000000000000000 ) ) ;
#611 = CARTESIAN_POINT ( 'NONE',  ( 78.00000000000000000, -11.00000000000000000, 0.000000000000000000 ) ) ;
#612 = EDGE_CURVE ( 'NONE', #1917, #849, #1034, .T. ) ;
#613 = ORIENTED_EDGE ( 'NONE', *, *, #1876, .T. ) ;
#614 = CARTESIAN_POINT ( 'NONE',  ( 27.00000000000000000, -16.00000000000000000, 7.000000000000000000 ) ) ;
#615 = LINE ( 'NONE', #1982, #1308 ) ;
#616 = CIRCLE ( 'NONE', #370, 1.100000000000000089 ) ;
#617 = AXIS2_PLACEMENT_3D ( 'NONE', #163, #676, #710 ) ;
#618 = ORIENTED_EDGE ( 'NONE', *, *, #138, .T. ) ;
#619 = VECTOR ( 'NONE', #1040, 1000.000000000000000 ) ;
#620 = CARTESIAN_POINT ( 'NONE',  ( 27.00000000000000000, 0.000000000000000000, 4.000000000000000000 ) ) ;
#621 = CIRCLE ( 'NONE', #913, 1.299999999999995604 ) ;
#622 = EDGE_LOOP ( 'NONE', ( #467, #1833, #1648, #52 ) ) ;
#623 = CARTESIAN_POINT ( 'NONE',  ( 58.00000000000000000, 23.50000000000000000, 0.000000000000000000 ) ) ;
#624 = CIRCLE ( 'NONE', #914, 2.750000000000000000 ) ;
#625 = CARTESIAN_POINT ( 'NONE',  ( 34.00000000000000000, 0.000000000000000000, 4.000000000000000000 ) ) ;
#626 = CC_DESIGN_PERSON_AND_ORGANIZATION_ASSIGNMENT ( #1838, #183, ( #1811 ) ) ;
#627 = EDGE_LOOP ( 'NONE', ( #603, #1027 ) ) ;
#628 = CARTESIAN_POINT ( 'NONE',  ( 26.00000000000000000, 15.00000000000000000, 4.000000000000000000 ) ) ;
#629 = DIRECTION ( 'NONE',  ( -1.000000000000000000, 0.000000000000000000, -0.000000000000000000 ) ) ;
#630 = ADVANCED_FACE ( 'NONE', ( #857 ), #1710, .F. ) ;
#631 = CARTESIAN_POINT ( 'NONE',  ( 2.750000000000000000, -8.000000000000000000, 3.000000000000000000 ) ) ;
#632 = ORIENTED_EDGE ( 'NONE', *, *, #1781, .T. ) ;
#633 = CARTESIAN_POINT ( 'NONE',  ( 27.00000000000000000, 7.000000000000000000, 7.000000000000000000 ) ) ;
#634 = CYLINDRICAL_SURFACE ( 'NONE', #1581, 4.000000000000000000 ) ;
#635 = EDGE_LOOP ( 'NONE', ( #1323, #1412, #730, #967, #281, #1206 ) ) ;
#636 =( NAMED_UNIT ( * ) SI_UNIT ( $, .STERADIAN. ) SOLID_ANGLE_UNIT ( ) );
#637 = ORIENTED_EDGE ( 'NONE', *, *, #1136, .T. ) ;
#638 = CARTESIAN_POINT ( 'NONE',  ( 26.00000000000000000, 41.00000000000000000, 4.000000000000000000 ) ) ;
#639 = CARTESIAN_POINT ( 'NONE',  ( 34.00000000000000000, -11.00000000000000000, 0.000000000000000000 ) ) ;
#640 = ADVANCED_FACE ( 'NONE', ( #872 ), #838, .F. ) ;
#641 = CARTESIAN_POINT ( 'NONE',  ( 10.95445115010332238, 7.000000000000000000, 4.000000000000000000 ) ) ;
#642 = VERTEX_POINT ( 'NONE', #1046 ) ;
#643 = CARTESIAN_POINT ( 'NONE',  ( -8.000000000000000000, 0.000000000000000000, 3.000000000000000000 ) ) ;
#644 = VECTOR ( 'NONE', #2022, 1000.000000000000000 ) ;
#645 = DIRECTION ( 'NONE',  ( -1.000000000000000000, 0.000000000000000000, 0.000000000000000000 ) ) ;
#646 = EDGE_LOOP ( 'NONE', ( #144, #1559, #2085, #65 ) ) ;
#647 = CYLINDRICAL_SURFACE ( 'NONE', #589, 2.750000000000000000 ) ;
#648 = DATE_AND_TIME ( #1708, #314 ) ;
#649 = ORIENTED_EDGE ( 'NONE', *, *, #459, .T. ) ;
#650 = DIRECTION ( 'NONE',  ( 0.000000000000000000, 0.000000000000000000, -1.000000000000000000 ) ) ;
#651 = FACE_OUTER_BOUND ( 'NONE', #2071, .T. ) ;
#652 = LINE ( 'NONE', #1348, #732 ) ;
#653 = ORIENTED_EDGE ( 'NONE', *, *, #151, .F. ) ;
#654 = ADVANCED_FACE ( 'NONE', ( #1690 ), #2202, .T. ) ;
#655 = CYLINDRICAL_SURFACE ( 'NONE', #1646, 2.749999999999999112 ) ;
#656 = AXIS2_PLACEMENT_3D ( 'NONE', #845, #1223, #1068 ) ;
#657 = ADVANCED_FACE ( 'NONE', ( #1360 ), #2027, .F. ) ;
#658 = VECTOR ( 'NONE', #752, 1000.000000000000000 ) ;
#659 = ORIENTED_EDGE ( 'NONE', *, *, #902, .F. ) ;
#660 = AXIS2_PLACEMENT_3D ( 'NONE', #1664, #1517, #1166 ) ;
#661 = ORIENTED_EDGE ( 'NONE', *, *, #887, .T. ) ;
#662 = DIRECTION ( 'NONE',  ( -1.000000000000000000, -0.000000000000000000, -0.000000000000000000 ) ) ;
#663 = DIRECTION ( 'NONE',  ( -0.000000000000000000, -0.000000000000000000, -1.000000000000000000 ) ) ;
#664 = CARTESIAN_POINT ( 'NONE',  ( 36.00000000000000000, 30.00000000000000000, 0.000000000000000000 ) ) ;
#665 = VERTEX_POINT ( 'NONE', #1698 ) ;
#666 = DIRECTION ( 'NONE',  ( 1.000000000000000000, 0.000000000000000000, 0.000000000000000000 ) ) ;
#667 = APPROVAL_PERSON_ORGANIZATION ( #723, #1836, #1436 ) ;
#668 = CARTESIAN_POINT ( 'NONE',  ( 0.000000000000000000, 8.000000000000000000, 4.000000000000000000 ) ) ;
#669 = EDGE_CURVE ( 'NONE', #954, #563, #1045, .T. ) ;
#670 = PERSON ( 'UNSPECIFIED', 'UNSPECIFIED', 'UNSPECIFIED', ('UNSPECIFIED'), ('UNSPECIFIED'), ('UNSPECIFIED') ) ;
#671 = ORIENTED_EDGE ( 'NONE', *, *, #1251, .F. ) ;
#672 = ORIENTED_EDGE ( 'NONE', *, *, #902, .T. ) ;
#673 = CARTESIAN_POINT ( 'NONE',  ( -8.000000000000000000, 0.000000000000000000, 3.000000000000000000 ) ) ;
#674 = DIRECTION ( 'NONE',  ( 0.000000000000000000, 0.000000000000000000, -1.000000000000000000 ) ) ;
#675 = CARTESIAN_POINT ( 'NONE',  ( 27.00000000000000000, 7.000000000000000000, 7.000000000000000000 ) ) ;
#676 = DIRECTION ( 'NONE',  ( 0.000000000000000000, 0.000000000000000000, 1.000000000000000000 ) ) ;
#677 = DIRECTION ( 'NONE',  ( -1.000000000000000000, 0.000000000000000000, 0.000000000000000000 ) ) ;
#678 = DIRECTION ( 'NONE',  ( -1.000000000000000000, 0.000000000000000000, 0.000000000000000000 ) ) ;
#679 = EDGE_CURVE ( 'NONE', #1506, #1007, #1777, .T. ) ;
#680 = VERTEX_POINT ( 'NONE', #1286 ) ;
#681 = ORIENTED_EDGE ( 'NONE', *, *, #105, .F. ) ;
#682 = FACE_OUTER_BOUND ( 'NONE', #1928, .T. ) ;
#683 = EDGE_CURVE ( 'NONE', #374, #665, #587, .T. ) ;
#684 = DIRECTION ( 'NONE',  ( 0.000000000000000000, 0.000000000000000000, -1.000000000000000000 ) ) ;
#685 = DIRECTION ( 'NONE',  ( 0.000000000000000000, 0.000000000000000000, 1.000000000000000000 ) ) ;
#686 = VECTOR ( 'NONE', #2130, 1000.000000000000000 ) ;
#687 = CARTESIAN_POINT ( 'NONE',  ( 34.00000000000000000, 15.00000000000000000, 0.000000000000000000 ) ) ;
#688 = VERTEX_POINT ( 'NONE', #1953 ) ;
#689 = AXIS2_PLACEMENT_3D ( 'NONE', #711, #496, #29 ) ;
#690 = MANIFOLD_SOLID_BREP ( 'Fixed_pad_keeper_fasteners', #1148 ) ;
#691 = ORIENTED_EDGE ( 'NONE', *, *, #500, .F. ) ;
#692 = ORIENTED_EDGE ( 'NONE', *, *, #1892, .F. ) ;
#693 = VECTOR ( 'NONE', #193, 1000.000000000000000 ) ;
#694 = APPROVAL ( #367, 'UNSPECIFIED' ) ;
#695 = VECTOR ( 'NONE', #719, 1000.000000000000000 ) ;
#696 = LINE ( 'NONE', #1248, #619 ) ;
#697 = CARTESIAN_POINT ( 'NONE',  ( 66.29999999999999716, 30.00000000000000000, 4.000000000000003553 ) ) ;
#698 = EDGE_CURVE ( 'NONE', #1894, #1604, #1111, .T. ) ;
#699 = CARTESIAN_POINT ( 'NONE',  ( 0.000000000000000000, -8.000000000000000000, 8.000000000000000000 ) ) ;
#700 = FACE_OUTER_BOUND ( 'NONE', #1656, .T. ) ;
#701 = CARTESIAN_POINT ( 'NONE',  ( 0.000000000000000000, -8.000000000000000000, 8.000000000000000000 ) ) ;
#702 = ORIENTED_EDGE ( 'NONE', *, *, #490, .T. ) ;
#703 = VERTEX_POINT ( 'NONE', #1295 ) ;
#704 = ORIENTED_EDGE ( 'NONE', *, *, #1730, .T. ) ;
#705 = DIRECTION ( 'NONE',  ( -0.000000000000000000, -0.000000000000000000, -1.000000000000000000 ) ) ;
#706 = FACE_BOUND ( 'NONE', #2157, .T. ) ;
#707 = DIRECTION ( 'NONE',  ( -1.000000000000000000, 0.000000000000000000, 0.000000000000000000 ) ) ;
#708 = EDGE_CURVE ( 'NONE', #781, #703, #1652, .T. ) ;
#709 = ORIENTED_EDGE ( 'NONE', *, *, #970, .T. ) ;
#710 = DIRECTION ( 'NONE',  ( 1.000000000000000000, 0.000000000000000000, 0.000000000000000000 ) ) ;
#711 = CARTESIAN_POINT ( 'NONE',  ( 0.000000000000000000, -8.000000000000000000, 3.000000000000000000 ) ) ;
#712 = VERTEX_POINT ( 'NONE', #385 ) ;
#713 = ORIENTED_EDGE ( 'NONE', *, *, #1145, .T. ) ;
#714 = ORIENTED_EDGE ( 'NONE', *, *, #1522, .T. ) ;
#715 = DIRECTION ( 'NONE',  ( 1.000000000000000000, 0.000000000000000000, 0.000000000000000000 ) ) ;
#716 = DIRECTION ( 'NONE',  ( 0.000000000000000000, 0.000000000000000000, -1.000000000000000000 ) ) ;
#717 = CIRCLE ( 'NONE', #1463, 1.099999999999996758 ) ;
#718 = LINE ( 'NONE', #34, #1507 ) ;
#719 = DIRECTION ( 'NONE',  ( 1.000000000000000000, 0.000000000000000000, 0.000000000000000000 ) ) ;
#720 = VERTEX_POINT ( 'NONE', #1121 ) ;
#721 = CARTESIAN_POINT ( 'NONE',  ( 26.00000000000000000, 7.000000000000000000, 4.000000000000000000 ) ) ;
#722 = CC_DESIGN_DATE_AND_TIME_ASSIGNMENT ( #38, #1578, ( #1519 ) ) ;
#723 = PERSON_AND_ORGANIZATION ( #670, #1350 ) ;
#724 = ORIENTED_EDGE ( 'NONE', *, *, #347, .F. ) ;
#725 = CARTESIAN_POINT ( 'NONE',  ( 38.60000000000000142, 23.50000000000000000, 4.000000000000000888 ) ) ;
#726 = AXIS2_PLACEMENT_3D ( 'NONE', #1858, #166, #678 ) ;
#727 = EDGE_CURVE ( 'NONE', #219, #1298, #1802, .T. ) ;
#728 = AXIS2_PLACEMENT_3D ( 'NONE', #1267, #2101, #740 ) ;
#729 = ORIENTED_EDGE ( 'NONE', *, *, #1593, .T. ) ;
#730 = ORIENTED_EDGE ( 'NONE', *, *, #411, .F. ) ;
#731 = CARTESIAN_POINT ( 'NONE',  ( -2.750000000000000000, -8.000000000000000000, 8.000000000000000000 ) ) ;
#732 = VECTOR ( 'NONE', #980, 1000.000000000000000 ) ;
#733 = LINE ( 'NONE', #1704, #1087 ) ;
#734 = DIRECTION ( 'NONE',  ( 0.000000000000000000, 0.000000000000000000, -1.000000000000000000 ) ) ;
#735 = AXIS2_PLACEMENT_3D ( 'NONE', #569, #1930, #237 ) ;
#736 = AXIS2_PLACEMENT_3D ( 'NONE', #1800, #1099, #69 ) ;
#737 = ORIENTED_EDGE ( 'NONE', *, *, #1145, .F. ) ;
#738 = PERSON_AND_ORGANIZATION ( #670, #1350 ) ;
#739 = ORIENTED_EDGE ( 'NONE', *, *, #511, .F. ) ;
#740 = DIRECTION ( 'NONE',  ( 1.000000000000000000, 0.000000000000000000, 0.000000000000000000 ) ) ;
#741 = ADVANCED_FACE ( 'NONE', ( #1630 ), #1494, .T. ) ;
#742 = ORIENTED_EDGE ( 'NONE', *, *, #105, .T. ) ;
#743 = LINE ( 'NONE', #886, #110 ) ;
#744 = CARTESIAN_POINT ( 'NONE',  ( -6.589843750000000888, 2.360923410571791337, 5.500000000000000000 ) ) ;
#745 = LOCAL_TIME ( 23, 0, 12.00000000000000000, #2065 ) ;
#746 = CARTESIAN_POINT ( 'NONE',  ( 1.100000000000000089, -8.000000000000000000, 3.000000000000000000 ) ) ;
#747 = ORIENTED_EDGE ( 'NONE', *, *, #1301, .F. ) ;
#748 = DIRECTION ( 'NONE',  ( 1.000000000000000000, 0.000000000000000000, 0.000000000000000000 ) ) ;
#749 = EDGE_LOOP ( 'NONE', ( #2043, #1112, #210, #157 ) ) ;
#750 = LINE ( 'NONE', #66, #1707 ) ;
#751 = EDGE_CURVE ( 'NONE', #185, #1362, #1684, .T. ) ;
#752 = DIRECTION ( 'NONE',  ( -0.000000000000000000, -0.000000000000000000, 1.000000000000000000 ) ) ;
#753 = FACE_OUTER_BOUND ( 'NONE', #2113, .T. ) ;
#754 = EDGE_CURVE ( 'NONE', #2012, #1975, #2112, .T. ) ;
#755 = VECTOR ( 'NONE', #1378, 1000.000000000000000 ) ;
#756 = CARTESIAN_POINT ( 'NONE',  ( 0.000000000000000000, 7.000000000000000000, 4.000000000000000000 ) ) ;
#757 = VERTEX_POINT ( 'NONE', #641 ) ;
#758 = ORIENTED_EDGE ( 'NONE', *, *, #2032, .F. ) ;
#759 = DIRECTION ( 'NONE',  ( -1.000000000000000000, 0.000000000000000000, 0.000000000000000000 ) ) ;
#760 = VERTEX_POINT ( 'NONE', #1187 ) ;
#761 = CARTESIAN_POINT ( 'NONE',  ( -2.750000000000000000, 8.000000000000000000, 4.000000000000000000 ) ) ;
#762 = CIRCLE ( 'NONE', #1190, 1.100000000000000089 ) ;
#763 = CARTESIAN_POINT ( 'NONE',  ( 8.000000000000000000, 0.000000000000000000, 4.000000000000000000 ) ) ;
#764 = AXIS2_PLACEMENT_3D ( 'NONE', #261, #1228, #945 ) ;
#765 = CARTESIAN_POINT ( 'NONE',  ( 26.00000000000000000, 41.00000000000000000, 4.000000000000000000 ) ) ;
#766 = CIRCLE ( 'NONE', #1372, 1.100000000000000089 ) ;
#767 = ADVANCED_FACE ( 'NONE', ( #1327 ), #1832, .F. ) ;
#768 = AXIS2_PLACEMENT_3D ( 'NONE', #1009, #2058, #215 ) ;
#769 = AXIS2_PLACEMENT_3D ( 'NONE', #341, #829, #844 ) ;
#770 = ORIENTED_EDGE ( 'NONE', *, *, #2084, .T. ) ;
#771 = CARTESIAN_POINT ( 'NONE',  ( 30.00000000000000000, -11.00000000000000000, 0.000000000000000000 ) ) ;
#772 = ORIENTED_EDGE ( 'NONE', *, *, #123, .F. ) ;
#773 = CARTESIAN_POINT ( 'NONE',  ( 0.000000000000000000, -8.000000000000000000, 8.000000000000000000 ) ) ;
#774 = CARTESIAN_POINT ( 'NONE',  ( 1.100000000000000089, 8.000000000000000000, 0.000000000000000000 ) ) ;
#775 = CARTESIAN_POINT ( 'NONE',  ( 26.00000000000000000, 15.00000000000000000, 0.000000000000000000 ) ) ;
#776 = FACE_OUTER_BOUND ( 'NONE', #323, .T. ) ;
#777 = VERTEX_POINT ( 'NONE', #1518 ) ;
#778 = ADVANCED_FACE ( 'NONE', ( #470 ), #2177, .F. ) ;
#779 = CARTESIAN_POINT ( 'NONE',  ( 8.000000000000000000, 0.000000000000000000, 3.000000000000000000 ) ) ;
#780 = ADVANCED_FACE ( 'NONE', ( #1358 ), #128, .F. ) ;
#781 = VERTEX_POINT ( 'NONE', #2188 ) ;
#782 = DIRECTION ( 'NONE',  ( -1.000000000000000000, 0.000000000000000000, 0.000000000000000000 ) ) ;
#783 = FACE_OUTER_BOUND ( 'NONE', #1437, .T. ) ;
#784 = EDGE_LOOP ( 'NONE', ( #772, #613, #1455, #340 ) ) ;
#785 = DIRECTION ( 'NONE',  ( 0.000000000000000000, 0.000000000000000000, 1.000000000000000000 ) ) ;
#786 = DIRECTION ( 'NONE',  ( 0.000000000000000000, 0.000000000000000000, -1.000000000000000000 ) ) ;
#787 = ORIENTED_EDGE ( 'NONE', *, *, #2063, .F. ) ;
#788 = EDGE_CURVE ( 'NONE', #1051, #998, #190, .T. ) ;
#789 = CIRCLE ( 'NONE', #464, 2.749999999999999112 ) ;
#790 = PLANE ( 'NONE',  #1538 ) ;
#791 = ADVANCED_FACE ( 'NONE', ( #2024 ), #139, .F. ) ;
#792 = ORIENTED_EDGE ( 'NONE', *, *, #850, .F. ) ;
#793 = CARTESIAN_POINT ( 'NONE',  ( 38.60000000000000142, 36.50000000000000000, 4.000000000000000888 ) ) ;
#794 = DIRECTION ( 'NONE',  ( -1.000000000000000000, 0.000000000000000000, 0.000000000000000000 ) ) ;
#795 = EDGE_LOOP ( 'NONE', ( #832, #2082 ) ) ;
#796 = DIRECTION ( 'NONE',  ( 0.000000000000000000, 0.000000000000000000, 1.000000000000000000 ) ) ;
#797 = DIRECTION ( 'NONE',  ( 0.000000000000000000, 0.000000000000000000, -1.000000000000000000 ) ) ;
#798 = CIRCLE ( 'NONE', #1792, 2.750000000000000000 ) ;
#799 = ORIENTED_EDGE ( 'NONE', *, *, #1511, .T. ) ;
#800 = VECTOR ( 'NONE', #1853, 1000.000000000000000 ) ;
#801 = FACE_OUTER_BOUND ( 'NONE', #2194, .T. ) ;
#802 = VECTOR ( 'NONE', #1185, 1000.000000000000000 ) ;
#803 = ORIENTED_EDGE ( 'NONE', *, *, #459, .F. ) ;
#804 = AXIS2_PLACEMENT_3D ( 'NONE', #1641, #797, #629 ) ;
#805 = PLANE ( 'NONE',  #863 ) ;
#806 = EDGE_CURVE ( 'NONE', #1779, #2126, #506, .T. ) ;
#807 = ORIENTED_EDGE ( 'NONE', *, *, #683, .T. ) ;
#808 = CARTESIAN_POINT ( 'NONE',  ( -1.100000000000000089, -8.000000000000000000, 0.000000000000000000 ) ) ;
#809 = CYLINDRICAL_SURFACE ( 'NONE', #2100, 1.300000000000002487 ) ;
#810 = CARTESIAN_POINT ( 'NONE',  ( 0.000000000000000000, 8.000000000000000000, 3.000000000000000000 ) ) ;
#811 = ORIENTED_EDGE ( 'NONE', *, *, #173, .F. ) ;
#812 = CARTESIAN_POINT ( 'NONE',  ( -8.000000000000000000, 0.000000000000000000, 8.000000000000000000 ) ) ;
#813 = DIRECTION ( 'NONE',  ( 0.000000000000000000, 0.000000000000000000, -1.000000000000000000 ) ) ;
#814 = ORIENTED_EDGE ( 'NONE', *, *, #1948, .F. ) ;
#815 = DIRECTION ( 'NONE',  ( 0.000000000000000000, 0.000000000000000000, -1.000000000000000000 ) ) ;
#816 = ORIENTED_EDGE ( 'NONE', *, *, #1161, .T. ) ;
#817 = CARTESIAN_POINT ( 'NONE',  ( 70.00000000000000000, 27.00000000000000000, 4.000000000000000888 ) ) ;
#818 = PRODUCT_RELATED_PRODUCT_CATEGORY ( 'detail', '', ( #597 ) ) ;
#819 = DIRECTION ( 'NONE',  ( 1.000000000000000000, 0.000000000000000000, 0.000000000000000000 ) ) ;
#820 = LINE ( 'NONE', #2199, #1719 ) ;
#821 = EDGE_CURVE ( 'NONE', #1871, #1208, #820, .T. ) ;
#822 = EDGE_LOOP ( 'NONE', ( #1065, #542, #1199, #2169 ) ) ;
#823 = DIRECTION ( 'NONE',  ( -0.000000000000000000, -0.000000000000000000, -1.000000000000000000 ) ) ;
#824 = CIRCLE ( 'NONE', #363, 4.000000000000000000 ) ;
#825 = ORIENTED_EDGE ( 'NONE', *, *, #1070, .F. ) ;
#826 = LINE ( 'NONE', #625, #1496 ) ;
#827 = EDGE_LOOP ( 'NONE', ( #681, #1727, #1691, #114 ) ) ;
#828 = DIRECTION ( 'NONE',  ( 1.000000000000000000, 0.000000000000000000, 0.000000000000000000 ) ) ;
#829 = DIRECTION ( 'NONE',  ( -0.000000000000000000, -0.000000000000000000, -1.000000000000000000 ) ) ;
#830 = DIRECTION ( 'NONE',  ( 0.000000000000000000, -0.000000000000000000, -1.000000000000000000 ) ) ;
#831 = CIRCLE ( 'NONE', #296, 13.00000000000000000 ) ;
#832 = ORIENTED_EDGE ( 'NONE', *, *, #221, .F. ) ;
#833 = AXIS2_PLACEMENT_3D ( 'NONE', #607, #1964, #313 ) ;
#834 = ADVANCED_FACE ( 'NONE', ( #1338 ), #170, .F. ) ;
#835 = DIRECTION ( 'NONE',  ( 0.000000000000000000, 0.000000000000000000, 1.000000000000000000 ) ) ;
#836 = AXIS2_PLACEMENT_3D ( 'NONE', #504, #348, #1026 ) ;
#837 = VECTOR ( 'NONE', #1596, 1000.000000000000000 ) ;
#838 = CYLINDRICAL_SURFACE ( 'NONE', #1937, 1.100000000000003642 ) ;
#839 = ORIENTED_EDGE ( 'NONE', *, *, #1354, .T. ) ;
#840 = VECTOR ( 'NONE', #650, 1000.000000000000000 ) ;
#841 = AXIS2_PLACEMENT_3D ( 'NONE', #93, #1597, #437 ) ;
#842 = ORIENTED_EDGE ( 'NONE', *, *, #1397, .F. ) ;
#843 = CARTESIAN_POINT ( 'NONE',  ( 27.00000000000000000, -7.000000000000000000, 0.000000000000000000 ) ) ;
#844 = DIRECTION ( 'NONE',  ( 1.000000000000000000, 0.000000000000000000, 0.000000000000000000 ) ) ;
#845 = CARTESIAN_POINT ( 'NONE',  ( 0.000000000000000000, 0.000000000000000000, 0.000000000000000000 ) ) ;
#846 = CARTESIAN_POINT ( 'NONE',  ( 38.60000000000000142, 0.000000000000000000, 0.000000000000000000 ) ) ;
#847 = EDGE_CURVE ( 'NONE', #1547, #1787, #652, .T. ) ;
#848 = CARTESIAN_POINT ( 'NONE',  ( 0.000000000000000000, 0.000000000000000000, 8.000000000000000000 ) ) ;
#849 = VERTEX_POINT ( 'NONE', #1526 ) ;
#850 = EDGE_CURVE ( 'NONE', #40, #1828, #2016, .T. ) ;
#851 = ORIENTED_EDGE ( 'NONE', *, *, #1251, .T. ) ;
#852 = VERTEX_POINT ( 'NONE', #631 ) ;
#853 = CARTESIAN_POINT ( 'NONE',  ( 55.90000000000000568, -13.50000000000000000, 8.000000000000000000 ) ) ;
#854 = CARTESIAN_POINT ( 'NONE',  ( 65.00000000000000000, 30.00000000000000000, 4.000000000000003553 ) ) ;
#855 = DIRECTION ( 'NONE',  ( 0.000000000000000000, 0.000000000000000000, -1.000000000000000000 ) ) ;
#856 = EDGE_CURVE ( 'NONE', #267, #2012, #1674, .T. ) ;
#857 = FACE_OUTER_BOUND ( 'NONE', #1768, .T. ) ;
#858 = EDGE_LOOP ( 'NONE', ( #2151, #661, #1016, #388 ) ) ;
#859 = CIRCLE ( 'NONE', #1075, 1.100000000000003642 ) ;
#860 = EDGE_CURVE ( 'NONE', #565, #606, #2165, .T. ) ;
#861 = VERTEX_POINT ( 'NONE', #162 ) ;
#862 = EDGE_LOOP ( 'NONE', ( #337, #1558, #592, #199 ) ) ;
#863 = AXIS2_PLACEMENT_3D ( 'NONE', #455, #997, #2171 ) ;
#864 = CARTESIAN_POINT ( 'NONE',  ( 34.00000000000000000, -16.00000000000000000, 7.000000000000000000 ) ) ;
#865 = DIRECTION ( 'NONE',  ( 0.000000000000000000, 0.000000000000000000, -1.000000000000000000 ) ) ;
#866 = CARTESIAN_POINT ( 'NONE',  ( 0.000000000000000000, 8.000000000000000000, 4.000000000000000000 ) ) ;
#867 = DIRECTION ( 'NONE',  ( -0.000000000000000000, -0.000000000000000000, 1.000000000000000000 ) ) ;
#868 = VECTOR ( 'NONE', #904, 1000.000000000000000 ) ;
#869 = DIRECTION ( 'NONE',  ( 0.000000000000000000, -0.000000000000000000, -1.000000000000000000 ) ) ;
#870 = VECTOR ( 'NONE', #917, 1000.000000000000000 ) ;
#871 = AXIS2_PLACEMENT_3D ( 'NONE', #992, #343, #1864 ) ;
#872 = FACE_OUTER_BOUND ( 'NONE', #784, .T. ) ;
#873 = ORIENTED_EDGE ( 'NONE', *, *, #1813, .T. ) ;
#874 = ORIENTED_EDGE ( 'NONE', *, *, #539, .F. ) ;
#875 = ORIENTED_EDGE ( 'NONE', *, *, #669, .T. ) ;
#876 = VECTOR ( 'NONE', #1899, 1000.000000000000000 ) ;
#877 = DIRECTION ( 'NONE',  ( 0.000000000000000000, 0.000000000000000000, -1.000000000000000000 ) ) ;
#878 = EDGE_CURVE ( 'NONE', #1332, #972, #1611, .T. ) ;
#879 = AXIS2_PLACEMENT_3D ( 'NONE', #1250, #1923, #1382 ) ;
#880 = FACE_BOUND ( 'NONE', #188, .T. ) ;
#881 = LINE ( 'NONE', #525, #124 ) ;
#882 = CARTESIAN_POINT ( 'NONE',  ( 30.00000000000000000, -11.00000000000000000, 4.000000000000000000 ) ) ;
#883 = ORIENTED_EDGE ( 'NONE', *, *, #1094, .T. ) ;
#884 = ORIENTED_EDGE ( 'NONE', *, *, #1218, .F. ) ;
#885 = ORIENTED_EDGE ( 'NONE', *, *, #1011, .F. ) ;
#886 = CARTESIAN_POINT ( 'NONE',  ( 70.00000000000000000, 41.00000000000000000, 4.000000000000000000 ) ) ;
#887 = EDGE_CURVE ( 'NONE', #1594, #1156, #1014, .T. ) ;
#888 = FACE_BOUND ( 'NONE', #1591, .T. ) ;
#889 = CARTESIAN_POINT ( 'NONE',  ( 10.75000000000000000, 3.367778697655220026E-16, 8.000000000000000000 ) ) ;
#890 = EDGE_CURVE ( 'NONE', #1980, #703, #733, .T. ) ;
#891 = ORIENTED_EDGE ( 'NONE', *, *, #1583, .F. ) ;
#892 = CARTESIAN_POINT ( 'NONE',  ( 0.000000000000000000, 36.50000000000000000, 0.000000000000000000 ) ) ;
#893 = PERSON_AND_ORGANIZATION ( #670, #1350 ) ;
#894 = ORIENTED_EDGE ( 'NONE', *, *, #287, .T. ) ;
#895 = CYLINDRICAL_SURFACE ( 'NONE', #726, 2.749999999999999112 ) ;
#896 = VERTEX_POINT ( 'NONE', #1076 ) ;
#897 = ORIENTED_EDGE ( 'NONE', *, *, #318, .F. ) ;
#898 = CARTESIAN_POINT ( 'NONE',  ( 38.60000000000000142, 36.50000000000000000, 4.000000000000000888 ) ) ;
#899 = PLANE ( 'NONE',  #1230 ) ;
#900 = CARTESIAN_POINT ( 'NONE',  ( -13.00000000000000000, 0.000000000000000000, 4.000000000000000000 ) ) ;
#901 = ORIENTED_EDGE ( 'NONE', *, *, #2069, .F. ) ;
#902 = EDGE_CURVE ( 'NONE', #267, #1500, #1193, .T. ) ;
#903 = ORIENTED_EDGE ( 'NONE', *, *, #2110, .F. ) ;
#904 = DIRECTION ( 'NONE',  ( 1.000000000000000000, 0.000000000000000000, -0.000000000000000000 ) ) ;
#905 = AXIS2_PLACEMENT_3D ( 'NONE', #63, #1428, #1438 ) ;
#906 = VECTOR ( 'NONE', #1159, 1000.000000000000000 ) ;
#907 = ORIENTED_EDGE ( 'NONE', *, *, #1379, .F. ) ;
#908 = LINE ( 'NONE', #1067, #2025 ) ;
#909 = AXIS2_PLACEMENT_3D ( 'NONE', #357, #1543, #1679 ) ;
#910 = DIRECTION ( 'NONE',  ( -0.000000000000000000, -0.000000000000000000, -1.000000000000000000 ) ) ;
#911 = CARTESIAN_POINT ( 'NONE',  ( 38.60000000000000142, 23.50000000000000000, 4.000000000000000888 ) ) ;
#912 = CARTESIAN_POINT ( 'NONE',  ( 26.00000000000000000, 7.000000000000000000, 4.000000000000000000 ) ) ;
#913 = AXIS2_PLACEMENT_3D ( 'NONE', #1988, #268, #466 ) ;
#914 = AXIS2_PLACEMENT_3D ( 'NONE', #2049, #1887, #1765 ) ;
#915 = ORIENTED_EDGE ( 'NONE', *, *, #806, .T. ) ;
#916 = ADVANCED_FACE ( 'NONE', ( #888, #2047, #1732, #1716, #1031, #706, #1237, #1885, #1563, #880 ), #899, .F. ) ;
#917 = DIRECTION ( 'NONE',  ( 0.000000000000000000, 0.000000000000000000, -1.000000000000000000 ) ) ;
#918 = EDGE_CURVE ( 'NONE', #74, #2093, #766, .T. ) ;
#919 = ORIENTED_EDGE ( 'NONE', *, *, #511, .T. ) ;
#920 = CARTESIAN_POINT ( 'NONE',  ( 37.29999999999999716, 30.00000000000000000, 0.000000000000000000 ) ) ;
#921 = DIRECTION ( 'NONE',  ( 1.000000000000000000, 0.000000000000000000, -0.000000000000000000 ) ) ;
#922 = DIRECTION ( 'NONE',  ( -1.000000000000000000, 0.000000000000000000, 0.000000000000000000 ) ) ;
#923 = ORIENTED_EDGE ( 'NONE', *, *, #679, .F. ) ;
#924 = ORIENTED_EDGE ( 'NONE', *, *, #821, .F. ) ;
#925 = CARTESIAN_POINT ( 'NONE',  ( 10.75000000000000000, 3.367778697655220026E-16, 4.000000000000000000 ) ) ;
#926 = EDGE_CURVE ( 'NONE', #1470, #777, #1584, .T. ) ;
#927 = ORIENTED_EDGE ( 'NONE', *, *, #1771, .F. ) ;
#928 = DIRECTION ( 'NONE',  ( 0.000000000000000000, 1.000000000000000000, 0.000000000000000000 ) ) ;
#929 = EDGE_CURVE ( 'NONE', #88, #1007, #378, .T. ) ;
#930 = ORIENTED_EDGE ( 'NONE', *, *, #53, .F. ) ;
#931 = CARTESIAN_POINT ( 'NONE',  ( 62.39999999999999858, 36.50000000000000000, 4.000000000000000888 ) ) ;
#932 = CARTESIAN_POINT ( 'NONE',  ( 10.95445115010332238, -7.000000000000000000, 4.000000000000000000 ) ) ;
#933 = EDGE_LOOP ( 'NONE', ( #2, #747, #1766, #1059 ) ) ;
#934 = ORIENTED_EDGE ( 'NONE', *, *, #1136, .F. ) ;
#935 = CARTESIAN_POINT ( 'NONE',  ( 74.09999999999999432, -13.50000000000000000, 8.000000000000000000 ) ) ;
#936 = VERTEX_POINT ( 'NONE', #399 ) ;
#937 = FACE_OUTER_BOUND ( 'NONE', #1601, .T. ) ;
#938 = DIRECTION ( 'NONE',  ( 0.000000000000000000, 1.000000000000000000, -0.000000000000000000 ) ) ;
#939 = VECTOR ( 'NONE', #1340, 1000.000000000000000 ) ;
#940 = DIRECTION ( 'NONE',  ( 0.000000000000000000, 0.000000000000000000, 1.000000000000000000 ) ) ;
#941 = CIRCLE ( 'NONE', #301, 2.750000000000000000 ) ;
#942 = EDGE_CURVE ( 'NONE', #520, #760, #1416, .T. ) ;
#943 = DIRECTION ( 'NONE',  ( 1.000000000000000000, 0.000000000000000000, -0.000000000000000000 ) ) ;
#944 = CIRCLE ( 'NONE', #545, 2.750000000000000000 ) ;
#945 = DIRECTION ( 'NONE',  ( 1.000000000000000000, 0.000000000000000000, 0.000000000000000000 ) ) ;
#946 = EDGE_CURVE ( 'NONE', #491, #757, #718, .T. ) ;
#947 = ORIENTED_EDGE ( 'NONE', *, *, #887, .F. ) ;
#948 = VECTOR ( 'NONE', #716, 1000.000000000000000 ) ;
#949 = AXIS2_PLACEMENT_3D ( 'NONE', #1305, #239, #922 ) ;
#950 = LINE ( 'NONE', #1757, #2029 ) ;
#951 = ORIENTED_EDGE ( 'NONE', *, *, #541, .F. ) ;
#952 = DIRECTION ( 'NONE',  ( 0.000000000000000000, 0.000000000000000000, -1.000000000000000000 ) ) ;
#953 = FACE_OUTER_BOUND ( 'NONE', #129, .T. ) ;
#954 = VERTEX_POINT ( 'NONE', #1405 ) ;
#955 = LINE ( 'NONE', #247, #1902 ) ;
#956 = CARTESIAN_POINT ( 'NONE',  ( 0.000000000000000000, -7.000000000000000000, 4.000000000000000000 ) ) ;
#957 = APPLICATION_CONTEXT ( 'configuration controlled 3d designs of mechanical parts and assemblies' ) ;
#958 = DIRECTION ( 'NONE',  ( -0.000000000000000000, -0.000000000000000000, -1.000000000000000000 ) ) ;
#959 = ORIENTED_EDGE ( 'NONE', *, *, #372, .F. ) ;
#960 = ADVANCED_FACE ( 'NONE', ( #1391 ), #524, .F. ) ;
#961 = FACE_OUTER_BOUND ( 'NONE', #1949, .T. ) ;
#962 = ORIENTED_EDGE ( 'NONE', *, *, #926, .F. ) ;
#963 = FACE_OUTER_BOUND ( 'NONE', #20, .T. ) ;
#964 = CYLINDRICAL_SURFACE ( 'NONE', #146, 1.100000000000000089 ) ;
#965 = DIRECTION ( 'NONE',  ( 0.000000000000000000, 0.000000000000000000, 1.000000000000000000 ) ) ;
#966 = DIRECTION ( 'NONE',  ( -0.000000000000000000, -0.000000000000000000, -1.000000000000000000 ) ) ;
#967 = ORIENTED_EDGE ( 'NONE', *, *, #1911, .F. ) ;
#968 = AXIS2_PLACEMENT_3D ( 'NONE', #1741, #1873, #1415 ) ;
#969 = CARTESIAN_POINT ( 'NONE',  ( 70.00000000000000000, 27.00000000000000000, 0.000000000000000000 ) ) ;
#970 = EDGE_CURVE ( 'NONE', #1782, #111, #1874, .T. ) ;
#971 = AXIS2_PLACEMENT_3D ( 'NONE', #1489, #1989, #122 ) ;
#972 = VERTEX_POINT ( 'NONE', #546 ) ;
#973 = CARTESIAN_POINT ( 'NONE',  ( -2.750000000000000000, 8.000000000000000000, 8.000000000000000000 ) ) ;
#974 = EDGE_CURVE ( 'NONE', #1659, #1772, #441, .T. ) ;
#975 = MECHANICAL_CONTEXT ( 'NONE', #957, 'mechanical' ) ;
#976 = ORIENTED_EDGE ( 'NONE', *, *, #539, .T. ) ;
#977 = CARTESIAN_POINT ( 'NONE',  ( -10.75000000000000000, 0.000000000000000000, 8.000000000000000000 ) ) ;
#978 = CARTESIAN_POINT ( 'NONE',  ( 10.75000000000000000, 3.367778697655220026E-16, 3.000000000000000000 ) ) ;
#979 = CIRCLE ( 'NONE', #3, 7.000000000000000000 ) ;
#980 = DIRECTION ( 'NONE',  ( -0.000000000000000000, -0.000000000000000000, -1.000000000000000000 ) ) ;
#981 = VERTEX_POINT ( 'NONE', #1537 ) ;
#982 = VECTOR ( 'NONE', #364, 1000.000000000000000 ) ;
#983 = FACE_OUTER_BOUND ( 'NONE', #84, .T. ) ;
#984 = EDGE_CURVE ( 'NONE', #339, #757, #696, .T. ) ;
#985 = CARTESIAN_POINT ( 'NONE',  ( 0.000000000000000000, 0.000000000000000000, 4.000000000000000000 ) ) ;
#986 = ORIENTED_EDGE ( 'NONE', *, *, #2020, .T. ) ;
#987 = DIRECTION ( 'NONE',  ( 0.000000000000000000, 0.000000000000000000, 1.000000000000000000 ) ) ;
#988 = EDGE_CURVE ( 'NONE', #998, #74, #45, .T. ) ;
#989 = VERTEX_POINT ( 'NONE', #1551 ) ;
#990 = PLANE ( 'NONE',  #1616 ) ;
#991 = FACE_OUTER_BOUND ( 'NONE', #95, .T. ) ;
#992 = CARTESIAN_POINT ( 'NONE',  ( 0.000000000000000000, 8.000000000000000000, 8.000000000000000000 ) ) ;
#993 = EDGE_LOOP ( 'NONE', ( #959, #486 ) ) ;
#994 = CARTESIAN_POINT ( 'NONE',  ( 0.000000000000000000, -8.000000000000000000, 0.000000000000000000 ) ) ;
#995 = ORIENTED_EDGE ( 'NONE', *, *, #234, .T. ) ;
#996 = DIRECTION ( 'NONE',  ( 0.000000000000000000, 0.000000000000000000, -1.000000000000000000 ) ) ;
#997 = DIRECTION ( 'NONE',  ( 0.000000000000000000, 0.000000000000000000, 1.000000000000000000 ) ) ;
#998 = VERTEX_POINT ( 'NONE', #25 ) ;
#999 = DIRECTION ( 'NONE',  ( 1.000000000000000000, 0.000000000000000000, 0.000000000000000000 ) ) ;
#1000 = DIRECTION ( 'NONE',  ( 1.000000000000000000, 0.000000000000000000, 0.000000000000000000 ) ) ;
#1001 = EDGE_CURVE ( 'NONE', #1746, #688, #1109, .T. ) ;
#1002 = DIRECTION ( 'NONE',  ( 0.000000000000000000, 0.000000000000000000, -1.000000000000000000 ) ) ;
#1003 = ORIENTED_EDGE ( 'NONE', *, *, #600, .T. ) ;
#1004 = DIRECTION ( 'NONE',  ( -0.000000000000000000, -0.000000000000000000, -1.000000000000000000 ) ) ;
#1005 = AXIS2_PLACEMENT_3D ( 'NONE', #2005, #493, #1860 ) ;
#1006 = DIRECTION ( 'NONE',  ( 0.000000000000000000, 0.000000000000000000, 1.000000000000000000 ) ) ;
#1007 = VERTEX_POINT ( 'NONE', #272 ) ;
#1008 = ORIENTED_EDGE ( 'NONE', *, *, #984, .F. ) ;
#1009 = CARTESIAN_POINT ( 'NONE',  ( 36.00000000000000000, 30.00000000000000000, 4.000000000000003553 ) ) ;
#1010 = CARTESIAN_POINT ( 'NONE',  ( 34.69999999999999574, 30.00000000000000000, 0.000000000000000000 ) ) ;
#1011 = EDGE_CURVE ( 'NONE', #563, #954, #1865, .T. ) ;
#1012 = CARTESIAN_POINT ( 'NONE',  ( 34.00000000000000000, 0.000000000000000000, 0.000000000000000000 ) ) ;
#1013 = FACE_OUTER_BOUND ( 'NONE', #862, .T. ) ;
#1014 = CIRCLE ( 'NONE', #118, 1.299999999999995604 ) ;
#1015 = DIRECTION ( 'NONE',  ( -1.000000000000000000, 0.000000000000000000, 0.000000000000000000 ) ) ;
#1016 = ORIENTED_EDGE ( 'NONE', *, *, #2195, .T. ) ;
#1017 = AXIS2_PLACEMENT_3D ( 'NONE', #1294, #786, #1132 ) ;
#1018 = VERTEX_POINT ( 'NONE', #746 ) ;
#1019 = ORIENTED_EDGE ( 'NONE', *, *, #218, .F. ) ;
#1020 = DIRECTION ( 'NONE',  ( 0.000000000000000000, 0.000000000000000000, -1.000000000000000000 ) ) ;
#1021 = DIRECTION ( 'NONE',  ( 0.000000000000000000, -1.000000000000000000, 0.000000000000000000 ) ) ;
#1022 = EDGE_CURVE ( 'NONE', #1252, #1980, #1721, .T. ) ;
#1023 = DIRECTION ( 'NONE',  ( -0.000000000000000000, -0.000000000000000000, -1.000000000000000000 ) ) ;
#1024 = EDGE_CURVE ( 'NONE', #1894, #308, #1424, .T. ) ;
#1025 = APPROVAL_PERSON_ORGANIZATION ( #1173, #694, #133 ) ;
#1026 = DIRECTION ( 'NONE',  ( -1.000000000000000000, 0.000000000000000000, 0.000000000000000000 ) ) ;
#1027 = ORIENTED_EDGE ( 'NONE', *, *, #558, .F. ) ;
#1028 = ORIENTED_EDGE ( 'NONE', *, *, #878, .F. ) ;
#1029 = EDGE_LOOP ( 'NONE', ( #1355, #62 ) ) ;
#1030 = DIRECTION ( 'NONE',  ( 0.000000000000000000, 0.000000000000000000, 1.000000000000000000 ) ) ;
#1031 = FACE_BOUND ( 'NONE', #1029, .T. ) ;
#1032 = FACE_OUTER_BOUND ( 'NONE', #1714, .T. ) ;
#1033 = CARTESIAN_POINT ( 'NONE',  ( 38.60000000000000142, 23.50000000000000000, 4.000000000000000888 ) ) ;
#1034 = LINE ( 'NONE', #1, #263 ) ;
#1035 = ADVANCED_FACE ( 'NONE', ( #409, #1943, #1764, #238 ), #1788, .T. ) ;
#1036 = EDGE_LOOP ( 'NONE', ( #2054, #2086, #1184, #1050 ) ) ;
#1037 = VERTEX_POINT ( 'NONE', #1628 ) ;
#1038 = ORIENTED_EDGE ( 'NONE', *, *, #1983, .F. ) ;
#1039 = DIRECTION ( 'NONE',  ( 0.000000000000000000, 0.000000000000000000, -1.000000000000000000 ) ) ;
#1040 = DIRECTION ( 'NONE',  ( 0.000000000000000000, 0.000000000000000000, 1.000000000000000000 ) ) ;
#1041 = AXIS2_PLACEMENT_3D ( 'NONE', #1592, #86, #599 ) ;
#1042 = DIRECTION ( 'NONE',  ( -0.000000000000000000, -0.000000000000000000, -1.000000000000000000 ) ) ;
#1043 = CALENDAR_DATE ( 2026, 7, 9 ) ;
#1044 = AXIS2_PLACEMENT_3D ( 'NONE', #1610, #2092, #759 ) ;
#1045 = CIRCLE ( 'NONE', #1472, 1.300000000000002487 ) ;
#1046 = CARTESIAN_POINT ( 'NONE',  ( -6.589843749999999112, 2.360923410571791337, 8.000000000000000000 ) ) ;
#1047 = ORIENTED_EDGE ( 'NONE', *, *, #878, .T. ) ;
#1048 = VECTOR ( 'NONE', #1117, 1000.000000000000000 ) ;
#1049 = EDGE_CURVE ( 'NONE', #2091, #1959, #1474, .T. ) ;
#1050 = ORIENTED_EDGE ( 'NONE', *, *, #2095, .T. ) ;
#1051 = VERTEX_POINT ( 'NONE', #1098 ) ;
#1052 = CIRCLE ( 'NONE', #1723, 2.750000000000000000 ) ;
#1053 = LINE ( 'NONE', #864, #755 ) ;
#1054 = LINE ( 'NONE', #534, #948 ) ;
#1055 = EDGE_CURVE ( 'NONE', #2091, #1980, #10, .T. ) ;
#1056 = AXIS2_PLACEMENT_3D ( 'NONE', #137, #1347, #819 ) ;
#1057 = CARTESIAN_POINT ( 'NONE',  ( 0.000000000000000000, 0.000000000000000000, 0.000000000000000000 ) ) ;
#1058 = DIRECTION ( 'NONE',  ( 0.000000000000000000, 0.000000000000000000, -1.000000000000000000 ) ) ;
#1059 = ORIENTED_EDGE ( 'NONE', *, *, #515, .T. ) ;
#1060 = CARTESIAN_POINT ( 'NONE',  ( 27.00000000000000000, -16.00000000000000000, 7.000000000000000000 ) ) ;
#1061 = PERSON_AND_ORGANIZATION ( #670, #1350 ) ;
#1062 = ORIENTED_EDGE ( 'NONE', *, *, #274, .F. ) ;
#1063 = DIRECTION ( 'NONE',  ( 0.000000000000000000, 0.000000000000000000, 1.000000000000000000 ) ) ;
#1064 = EDGE_LOOP ( 'NONE', ( #692, #875, #43, #915 ) ) ;
#1065 = ORIENTED_EDGE ( 'NONE', *, *, #698, .T. ) ;
#1066 = ORIENTED_EDGE ( 'NONE', *, *, #918, .T. ) ;
#1067 = CARTESIAN_POINT ( 'NONE',  ( 4.000000000000000000, 4.898587196589411843E-16, 6.999999999999999112 ) ) ;
#1068 = DIRECTION ( 'NONE',  ( 1.000000000000000000, 0.000000000000000000, 0.000000000000000000 ) ) ;
#1069 = LINE ( 'NONE', #2036, #695 ) ;
#1070 = EDGE_CURVE ( 'NONE', #989, #1570, #570, .T. ) ;
#1071 = ORIENTED_EDGE ( 'NONE', *, *, #1769, .F. ) ;
#1072 = CARTESIAN_POINT ( 'NONE',  ( -2.750000000000000000, 8.000000000000000000, 3.000000000000000000 ) ) ;
#1073 = ORIENTED_EDGE ( 'NONE', *, *, #1634, .F. ) ;
#1074 = CARTESIAN_POINT ( 'NONE',  ( 55.90000000000000568, -13.50000000000000000, 4.000000000000000000 ) ) ;
#1075 = AXIS2_PLACEMENT_3D ( 'NONE', #224, #2072, #1750 ) ;
#1076 = CARTESIAN_POINT ( 'NONE',  ( -2.750000000000000000, -8.000000000000000000, 4.000000000000000000 ) ) ;
#1077 = EDGE_CURVE ( 'NONE', #2135, #60, #1272, .T. ) ;
#1078 = APPROVAL_ROLE ( '' ) ;
#1079 = ADVANCED_FACE ( 'NONE', ( #1432 ), #1444, .F. ) ;
#1080 = ORIENTED_EDGE ( 'NONE', *, *, #1769, .T. ) ;
#1081 = LINE ( 'NONE', #771, #82 ) ;
#1082 = VECTOR ( 'NONE', #1938, 1000.000000000000000 ) ;
#1083 = CIRCLE ( 'NONE', #298, 1.100000000000000311 ) ;
#1084 = ORIENTED_EDGE ( 'NONE', *, *, #287, .F. ) ;
#1085 = DIRECTION ( 'NONE',  ( 0.000000000000000000, 0.000000000000000000, -1.000000000000000000 ) ) ;
#1086 = DIRECTION ( 'NONE',  ( 1.000000000000000000, 0.000000000000000000, 0.000000000000000000 ) ) ;
#1087 = VECTOR ( 'NONE', #684, 1000.000000000000000 ) ;
#1088 = DIRECTION ( 'NONE',  ( 1.000000000000000000, 0.000000000000000000, 0.000000000000000000 ) ) ;
#1089 = AXIS2_PLACEMENT_3D ( 'NONE', #26, #47, #1224 ) ;
#1090 = ORIENTED_EDGE ( 'NONE', *, *, #23, .T. ) ;
#1091 = EDGE_CURVE ( 'NONE', #1793, #2000, #377, .T. ) ;
#1092 = ORIENTED_EDGE ( 'NONE', *, *, #2011, .F. ) ;
#1093 = CARTESIAN_POINT ( 'NONE',  ( 0.000000000000000000, -8.000000000000000000, 0.000000000000000000 ) ) ;
#1094 = EDGE_CURVE ( 'NONE', #2135, #1659, #1931, .T. ) ;
#1095 = VERTEX_POINT ( 'NONE', #1775 ) ;
#1096 = DIRECTION ( 'NONE',  ( 1.000000000000000000, 0.000000000000000000, 0.000000000000000000 ) ) ;
#1097 = ADVANCED_BREP_SHAPE_REPRESENTATION ( 'ARM-102_Forearm_and_fixed_jaw', ( #690, #1263 ), #1183 ) ;
#1098 = CARTESIAN_POINT ( 'NONE',  ( 1.100000000000000089, 8.000000000000000000, 3.000000000000000000 ) ) ;
#1099 = DIRECTION ( 'NONE',  ( -0.000000000000000000, -0.000000000000000000, -1.000000000000000000 ) ) ;
#1100 = ORIENTED_EDGE ( 'NONE', *, *, #1001, .F. ) ;
#1101 = DATE_AND_TIME ( #419, #61 ) ;
#1102 = ORIENTED_EDGE ( 'NONE', *, *, #67, .F. ) ;
#1103 = DIRECTION ( 'NONE',  ( -0.000000000000000000, -0.000000000000000000, -1.000000000000000000 ) ) ;
#1104 = EDGE_CURVE ( 'NONE', #1095, #1749, #955, .T. ) ;
#1105 = ORIENTED_EDGE ( 'NONE', *, *, #847, .F. ) ;
#1106 = DIRECTION ( 'NONE',  ( 0.000000000000000000, 0.000000000000000000, 1.000000000000000000 ) ) ;
#1107 = CARTESIAN_POINT ( 'NONE',  ( 8.000000000000000000, 0.000000000000000000, 3.000000000000000000 ) ) ;
#1108 = EDGE_CURVE ( 'NONE', #4, #1233, #944, .T. ) ;
#1109 = LINE ( 'NONE', #614, #1654 ) ;
#1110 = PLANE ( 'NONE',  #55 ) ;
#1111 = LINE ( 'NONE', #756, #156 ) ;
#1112 = ORIENTED_EDGE ( 'NONE', *, *, #1214, .F. ) ;
#1113 = LINE ( 'NONE', #566, #870 ) ;
#1114 = ORIENTED_EDGE ( 'NONE', *, *, #2179, .T. ) ;
#1115 = LINE ( 'NONE', #270, #1219 ) ;
#1116 = EDGE_CURVE ( 'NONE', #577, #1037, #448, .T. ) ;
#1117 = DIRECTION ( 'NONE',  ( -0.000000000000000000, -0.000000000000000000, -1.000000000000000000 ) ) ;
#1118 = CYLINDRICAL_SURFACE ( 'NONE', #1545, 1.100000000000000311 ) ;
#1119 = EDGE_CURVE ( 'NONE', #606, #1725, #68, .T. ) ;
#1120 = AXIS2_PLACEMENT_3D ( 'NONE', #2128, #2119, #1131 ) ;
#1121 = CARTESIAN_POINT ( 'NONE',  ( 63.70000000000000995, 30.00000000000000000, 0.000000000000000000 ) ) ;
#1122 = ORIENTED_EDGE ( 'NONE', *, *, #1077, .T. ) ;
#1123 = AXIS2_PLACEMENT_3D ( 'NONE', #483, #1501, #1682 ) ;
#1124 = AXIS2_PLACEMENT_3D ( 'NONE', #793, #1468, #2147 ) ;
#1125 = CARTESIAN_POINT ( 'NONE',  ( 27.00000000000000000, -7.000000000000000000, 4.000000000000000000 ) ) ;
#1126 = LINE ( 'NONE', #1635, #1269 ) ;
#1127 = ORIENTED_EDGE ( 'NONE', *, *, #1393, .F. ) ;
#1128 = LINE ( 'NONE', #2136, #1834 ) ;
#1129 = CARTESIAN_POINT ( 'NONE',  ( -8.000000000000000000, 0.000000000000000000, 8.000000000000000000 ) ) ;
#1130 = EDGE_LOOP ( 'NONE', ( #618, #1306, #1915, #986 ) ) ;
#1131 = DIRECTION ( 'NONE',  ( -1.000000000000000000, 0.000000000000000000, 0.000000000000000000 ) ) ;
#1132 = DIRECTION ( 'NONE',  ( -1.000000000000000000, 0.000000000000000000, -0.000000000000000000 ) ) ;
#1133 = EDGE_CURVE ( 'NONE', #241, #1221, #1798, .T. ) ;
#1134 = CARTESIAN_POINT ( 'NONE',  ( 0.000000000000000000, 23.50000000000000000, 0.000000000000000000 ) ) ;
#1135 = ORIENTED_EDGE ( 'NONE', *, *, #708, .T. ) ;
#1136 = EDGE_CURVE ( 'NONE', #680, #1917, #1443, .T. ) ;
#1137 = FACE_OUTER_BOUND ( 'NONE', #1577, .T. ) ;
#1138 = VERTEX_POINT ( 'NONE', #843 ) ;
#1139 =( LENGTH_UNIT ( ) NAMED_UNIT ( * ) SI_UNIT ( .MILLI., .METRE. ) );
#1140 = ORIENTED_EDGE ( 'NONE', *, *, #586, .T. ) ;
#1141 = DIRECTION ( 'NONE',  ( -1.000000000000000000, 0.000000000000000000, 0.000000000000000000 ) ) ;
#1142 = CARTESIAN_POINT ( 'NONE',  ( 8.000000000000000000, 0.000000000000000000, 8.000000000000000000 ) ) ;
#1143 = DIRECTION ( 'NONE',  ( -0.000000000000000000, -0.000000000000000000, -1.000000000000000000 ) ) ;
#1144 = ORIENTED_EDGE ( 'NONE', *, *, #847, .T. ) ;
#1145 = EDGE_CURVE ( 'NONE', #132, #712, #1850, .T. ) ;
#1146 = DIRECTION ( 'NONE',  ( 0.000000000000000000, 1.000000000000000000, 0.000000000000000000 ) ) ;
#1147 = EDGE_CURVE ( 'NONE', #350, #1252, #1471, .T. ) ;
#1148 = CLOSED_SHELL ( 'NONE', ( #657, #1661, #1423, #2037, #767, #630, #527, #1289, #960, #1709, #164, #2134, #303, #1620, #2192, #423, #1672, #654, #78, #1866, #1974, #1315, #333, #1035, #1479, #741, #191, #2149, #916, #1644, #462, #574, #1786, #780, #1493, #791, #1483, #1365, #256, #285, #435, #1568, #449, #588, #834, #1839, #2098, #1278, #778, #1712, #553, #1686, #1174, #529, #1548, #2125, #1823, #1262, #260, #243, #39, #119, #640, #1079 ) ) ;
#1149 = ORIENTED_EDGE ( 'NONE', *, *, #751, .T. ) ;
#1150 = FACE_OUTER_BOUND ( 'NONE', #1907, .T. ) ;
#1151 = DIRECTION ( 'NONE',  ( 0.000000000000000000, 0.000000000000000000, 1.000000000000000000 ) ) ;
#1152 = VECTOR ( 'NONE', #28, 1000.000000000000000 ) ;
#1153 = PRODUCT_DEFINITION_SHAPE ( 'NONE', 'NONE',  #1811 ) ;
#1154 = AXIS2_PLACEMENT_3D ( 'NONE', #675, #1021, #830 ) ;
#1155 = DIRECTION ( 'NONE',  ( 0.000000000000000000, -1.000000000000000000, 0.000000000000000000 ) ) ;
#1156 = VERTEX_POINT ( 'NONE', #1640 ) ;
#1157 = AXIS2_PLACEMENT_3D ( 'NONE', #1718, #1106, #1921 ) ;
#1158 = EDGE_CURVE ( 'NONE', #1051, #2093, #2197, .T. ) ;
#1159 = DIRECTION ( 'NONE',  ( 0.000000000000000000, 1.000000000000000000, 0.000000000000000000 ) ) ;
#1160 = AXIS2_PLACEMENT_3D ( 'NONE', #1806, #1967, #279 ) ;
#1161 = EDGE_CURVE ( 'NONE', #1604, #1692, #2021, .T. ) ;
#1162 = ORIENTED_EDGE ( 'NONE', *, *, #1318, .T. ) ;
#1163 = APPROVAL_DATE_TIME ( #648, #694 ) ;
#1164 = ORIENTED_EDGE ( 'NONE', *, *, #821, .T. ) ;
#1165 = DIRECTION ( 'NONE',  ( 0.000000000000000000, 0.000000000000000000, 1.000000000000000000 ) ) ;
#1166 = DIRECTION ( 'NONE',  ( 1.000000000000000000, 0.000000000000000000, 0.000000000000000000 ) ) ;
#1167 = CARTESIAN_POINT ( 'NONE',  ( -8.000000000000000000, 0.000000000000000000, 0.000000000000000000 ) ) ;
#1168 = ORIENTED_EDGE ( 'NONE', *, *, #571, .T. ) ;
#1169 = CC_DESIGN_APPROVAL ( #1836, ( #1519 ) ) ;
#1170 = CARTESIAN_POINT ( 'NONE',  ( 58.00000000000000000, 27.00000000000000000, 4.000000000000000888 ) ) ;
#1171 = CARTESIAN_POINT ( 'NONE',  ( 0.000000000000000000, 0.000000000000000000, 6.999999999999999112 ) ) ;
#1172 = EDGE_LOOP ( 'NONE', ( #2161, #1977, #2178, #1066 ) ) ;
#1173 = PERSON_AND_ORGANIZATION ( #670, #1350 ) ;
#1174 = ADVANCED_FACE ( 'NONE', ( #2162 ), #126, .F. ) ;
#1175 = ORIENTED_EDGE ( 'NONE', *, *, #151, .T. ) ;
#1176 = CARTESIAN_POINT ( 'NONE',  ( 2.360923410571791337, -6.589843750000000888, 5.500000000000000000 ) ) ;
#1177 = PLANE ( 'NONE',  #381 ) ;
#1178 = DIRECTION ( 'NONE',  ( 0.000000000000000000, 0.000000000000000000, 1.000000000000000000 ) ) ;
#1179 = DIRECTION ( 'NONE',  ( 1.000000000000000000, 0.000000000000000000, 0.000000000000000000 ) ) ;
#1180 = AXIS2_PLACEMENT_3D ( 'NONE', #499, #2206, #469 ) ;
#1181 = DIRECTION ( 'NONE',  ( -0.000000000000000000, -0.000000000000000000, -1.000000000000000000 ) ) ;
#1182 = LINE ( 'NONE', #369, #115 ) ;
#1183 =( GEOMETRIC_REPRESENTATION_CONTEXT ( 3 ) GLOBAL_UNCERTAINTY_ASSIGNED_CONTEXT ( ( #2107 ) ) GLOBAL_UNIT_ASSIGNED_CONTEXT ( ( #1139, #1499, #636 ) ) REPRESENTATION_CONTEXT ( 'NONE', 'WORKASPACE' ) );
#1184 = ORIENTED_EDGE ( 'NONE', *, *, #1104, .F. ) ;
#1185 = DIRECTION ( 'NONE',  ( -1.000000000000000000, -0.000000000000000000, -0.000000000000000000 ) ) ;
#1186 = LINE ( 'NONE', #1525, #2154 ) ;
#1187 = CARTESIAN_POINT ( 'NONE',  ( 6.589843750000000888, -2.360923410571791337, 4.000000000000000000 ) ) ;
#1188 = VECTOR ( 'NONE', #1905, 1000.000000000000000 ) ;
#1189 = EDGE_CURVE ( 'NONE', #1292, #219, #1671, .T. ) ;
#1190 = AXIS2_PLACEMENT_3D ( 'NONE', #994, #823, #2009 ) ;
#1191 = PLANE ( 'NONE',  #1268 ) ;
#1192 = CIRCLE ( 'NONE', #689, 1.100000000000000089 ) ;
#1193 = CIRCLE ( 'NONE', #585, 1.100000000000003642 ) ;
#1194 = DIRECTION ( 'NONE',  ( 0.000000000000000000, 0.000000000000000000, -1.000000000000000000 ) ) ;
#1195 = DIRECTION ( 'NONE',  ( -1.000000000000000000, -0.000000000000000000, -0.000000000000000000 ) ) ;
#1196 = VECTOR ( 'NONE', #996, 1000.000000000000000 ) ;
#1197 = AXIS2_PLACEMENT_3D ( 'NONE', #450, #966, #1776 ) ;
#1198 = EDGE_LOOP ( 'NONE', ( #1388, #1533, #1140, #1946 ) ) ;
#1199 = ORIENTED_EDGE ( 'NONE', *, *, #1697, .T. ) ;
#1200 = CARTESIAN_POINT ( 'NONE',  ( -8.000000000000000000, 0.000000000000000000, 3.000000000000000000 ) ) ;
#1201 = DIRECTION ( 'NONE',  ( 1.000000000000000000, 0.000000000000000000, 0.000000000000000000 ) ) ;
#1202 = CYLINDRICAL_SURFACE ( 'NONE', #1542, 13.00000000000000000 ) ;
#1203 = EDGE_CURVE ( 'NONE', #981, #1728, #1651, .T. ) ;
#1204 = DIRECTION ( 'NONE',  ( -1.000000000000000000, 0.000000000000000000, 0.000000000000000000 ) ) ;
#1205 = DIRECTION ( 'NONE',  ( -0.000000000000000000, -0.000000000000000000, -1.000000000000000000 ) ) ;
#1206 = ORIENTED_EDGE ( 'NONE', *, *, #1001, .T. ) ;
#1207 = ORIENTED_EDGE ( 'NONE', *, *, #1675, .T. ) ;
#1208 = VERTEX_POINT ( 'NONE', #808 ) ;
#1209 = FACE_OUTER_BOUND ( 'NONE', #373, .T. ) ;
#1210 = CARTESIAN_POINT ( 'NONE',  ( 78.00000000000000000, -11.00000000000000000, 4.000000000000000000 ) ) ;
#1211 = DIRECTION ( 'NONE',  ( -1.000000000000000000, 0.000000000000000000, 0.000000000000000000 ) ) ;
#1212 = CARTESIAN_POINT ( 'NONE',  ( 27.00000000000000000, -16.00000000000000000, 0.000000000000000000 ) ) ;
#1213 = CARTESIAN_POINT ( 'NONE',  ( 30.00000000000000000, -16.00000000000000000, 4.000000000000000000 ) ) ;
#1214 = EDGE_CURVE ( 'NONE', #1692, #2008, #457, .T. ) ;
#1215 = APPLICATION_PROTOCOL_DEFINITION ( 'international standard', 'config_control_design', 1994, #957 ) ;
#1216 = CARTESIAN_POINT ( 'NONE',  ( 58.00000000000000000, 14.00000000000000000, 4.000000000000000888 ) ) ;
#1217 = CARTESIAN_POINT ( 'NONE',  ( -5.250000000000000000, 3.367778697655221012E-16, 3.000000000000000000 ) ) ;
#1218 = EDGE_CURVE ( 'NONE', #444, #413, #194, .T. ) ;
#1219 = VECTOR ( 'NONE', #2137, 1000.000000000000000 ) ;
#1220 = ORIENTED_EDGE ( 'NONE', *, *, #475, .T. ) ;
#1221 = VERTEX_POINT ( 'NONE', #817 ) ;
#1222 = LINE ( 'NONE', #2044, #1748 ) ;
#1223 = DIRECTION ( 'NONE',  ( 0.000000000000000000, 0.000000000000000000, 1.000000000000000000 ) ) ;
#1224 = DIRECTION ( 'NONE',  ( -1.000000000000000000, 0.000000000000000000, 0.000000000000000000 ) ) ;
#1225 = PLANE ( 'NONE',  #1503 ) ;
#1226 = AXIS2_PLACEMENT_3D ( 'NONE', #537, #1042, #2062 ) ;
#1227 = CIRCLE ( 'NONE', #1371, 1.299999999999995604 ) ;
#1228 = DIRECTION ( 'NONE',  ( 0.000000000000000000, 0.000000000000000000, 1.000000000000000000 ) ) ;
#1229 = DIRECTION ( 'NONE',  ( 1.000000000000000000, 0.000000000000000000, 0.000000000000000000 ) ) ;
#1230 = AXIS2_PLACEMENT_3D ( 'NONE', #1057, #1575, #2059 ) ;
#1231 = EDGE_CURVE ( 'NONE', #1711, #972, #1314, .T. ) ;
#1232 = EDGE_LOOP ( 'NONE', ( #1486, #1114, #2061, #671, #304, #1713 ) ) ;
#1233 = VERTEX_POINT ( 'NONE', #1346 ) ;
#1234 = CIRCLE ( 'NONE', #1157, 7.000000000000000000 ) ;
#1235 = DIRECTION ( 'NONE',  ( 1.000000000000000000, 0.000000000000000000, 0.000000000000000000 ) ) ;
#1236 = VECTOR ( 'NONE', #943, 1000.000000000000000 ) ;
#1237 = FACE_BOUND ( 'NONE', #2099, .T. ) ;
#1238 = FACE_OUTER_BOUND ( 'NONE', #71, .T. ) ;
#1239 = ORIENTED_EDGE ( 'NONE', *, *, #1771, .T. ) ;
#1240 = DIRECTION ( 'NONE',  ( 1.000000000000000000, 0.000000000000000000, -0.000000000000000000 ) ) ;
#1241 = VERTEX_POINT ( 'NONE', #293 ) ;
#1242 = CARTESIAN_POINT ( 'NONE',  ( 34.00000000000000000, -11.00000000000000000, 4.000000000000000000 ) ) ;
#1243 = ORIENTED_EDGE ( 'NONE', *, *, #1813, .F. ) ;
#1244 = ORIENTED_EDGE ( 'NONE', *, *, #1603, .F. ) ;
#1245 = CARTESIAN_POINT ( 'NONE',  ( 8.000000000000000000, 0.000000000000000000, 0.000000000000000000 ) ) ;
#1246 = EDGE_CURVE ( 'NONE', #1959, #642, #1052, .T. ) ;
#1247 = CYLINDRICAL_SURFACE ( 'NONE', #735, 1.100000000000000089 ) ;
#1248 = CARTESIAN_POINT ( 'NONE',  ( 10.95445115010332238, 7.000000000000000000, 4.000000000000000000 ) ) ;
#1249 = DIRECTION ( 'NONE',  ( -1.000000000000000000, 0.000000000000000000, 0.000000000000000000 ) ) ;
#1250 = CARTESIAN_POINT ( 'NONE',  ( 36.00000000000000000, 30.00000000000000000, 0.000000000000000000 ) ) ;
#1251 = EDGE_CURVE ( 'NONE', #2042, #1233, #320, .T. ) ;
#1252 = VERTEX_POINT ( 'NONE', #1335 ) ;
#1253 = VERTEX_POINT ( 'NONE', #1991 ) ;
#1254 = CARTESIAN_POINT ( 'NONE',  ( -1.100000000000000089, 8.000000000000000000, 0.000000000000000000 ) ) ;
#1255 = ORIENTED_EDGE ( 'NONE', *, *, #942, .T. ) ;
#1256 = DIRECTION ( 'NONE',  ( 0.000000000000000000, 0.000000000000000000, 1.000000000000000000 ) ) ;
#1257 = LINE ( 'NONE', #744, #161 ) ;
#1258 = CC_DESIGN_DATE_AND_TIME_ASSIGNMENT ( #564, #1914, ( #1811 ) ) ;
#1259 = VECTOR ( 'NONE', #446, 1000.000000000000000 ) ;
#1260 = CARTESIAN_POINT ( 'NONE',  ( 57.00000000000000000, -13.50000000000000000, 0.000000000000000000 ) ) ;
#1261 = CARTESIAN_POINT ( 'NONE',  ( -6.589843750000000888, -2.360923410571791337, 5.500000000000000000 ) ) ;
#1262 = ADVANCED_FACE ( 'NONE', ( #468, #1150 ), #990, .T. ) ;
#1263 = AXIS2_PLACEMENT_3D ( 'NONE', #2148, #987, #1660 ) ;
#1264 = DATE_AND_TIME ( #1396, #559 ) ;
#1265 = VECTOR ( 'NONE', #578, 1000.000000000000000 ) ;
#1266 = EDGE_LOOP ( 'NONE', ( #1084, #452, #1313, #1100, #739, #1449 ) ) ;
#1267 = CARTESIAN_POINT ( 'NONE',  ( 0.000000000000000000, 0.000000000000000000, 4.000000000000000000 ) ) ;
#1268 = AXIS2_PLACEMENT_3D ( 'NONE', #346, #1527, #685 ) ;
#1269 = VECTOR ( 'NONE', #1724, 1000.000000000000000 ) ;
#1270 = ORIENTED_EDGE ( 'NONE', *, *, #1077, .F. ) ;
#1271 = CARTESIAN_POINT ( 'NONE',  ( 6.589843750000000888, 2.360923410571791337, 4.000000000000000000 ) ) ;
#1272 = CIRCLE ( 'NONE', #302, 2.749999999999999112 ) ;
#1273 = VECTOR ( 'NONE', #365, 1000.000000000000000 ) ;
#1274 = DIRECTION ( 'NONE',  ( 0.000000000000000000, 0.000000000000000000, 1.000000000000000000 ) ) ;
#1275 = CARTESIAN_POINT ( 'NONE',  ( 26.00000000000000000, 15.00000000000000000, 4.000000000000000000 ) ) ;
#1276 = AXIS2_PLACEMENT_3D ( 'NONE', #557, #523, #1550 ) ;
#1277 = PERSON_AND_ORGANIZATION_ROLE ( 'creator' ) ;
#1278 = ADVANCED_FACE ( 'NONE', ( #2173 ), #2003, .F. ) ;
#1279 = ORIENTED_EDGE ( 'NONE', *, *, #1341, .T. ) ;
#1280 = DIRECTION ( 'NONE',  ( 1.000000000000000000, 0.000000000000000000, 0.000000000000000000 ) ) ;
#1281 = ORIENTED_EDGE ( 'NONE', *, *, #1632, .F. ) ;
#1282 = DIRECTION ( 'NONE',  ( -1.000000000000000000, 0.000000000000000000, 0.000000000000000000 ) ) ;
#1283 = ORIENTED_EDGE ( 'NONE', *, *, #856, .F. ) ;
#1284 = DIRECTION ( 'NONE',  ( 0.000000000000000000, 0.000000000000000000, 1.000000000000000000 ) ) ;
#1285 = LINE ( 'NONE', #1952, #1236 ) ;
#1286 = CARTESIAN_POINT ( 'NONE',  ( -2.360923410571791337, 6.589843749999999112, 8.000000000000000000 ) ) ;
#1287 = ORIENTED_EDGE ( 'NONE', *, *, #2204, .F. ) ;
#1288 = DIRECTION ( 'NONE',  ( -0.000000000000000000, -0.000000000000000000, -1.000000000000000000 ) ) ;
#1289 = ADVANCED_FACE ( 'NONE', ( #2185 ), #492, .F. ) ;
#1290 = ORIENTED_EDGE ( 'NONE', *, *, #1922, .F. ) ;
#1291 = DIRECTION ( 'NONE',  ( -0.000000000000000000, -0.000000000000000000, -1.000000000000000000 ) ) ;
#1292 = VERTEX_POINT ( 'NONE', #2045 ) ;
#1293 = CARTESIAN_POINT ( 'NONE',  ( 36.00000000000000000, 30.00000000000000000, 4.000000000000003553 ) ) ;
#1294 = CARTESIAN_POINT ( 'NONE',  ( 0.000000000000000000, 0.000000000000000000, 4.000000000000000000 ) ) ;
#1295 = CARTESIAN_POINT ( 'NONE',  ( -2.360923410571791337, -6.589843750000000888, 4.000000000000000000 ) ) ;
#1296 = ORIENTED_EDGE ( 'NONE', *, *, #1022, .F. ) ;
#1297 = PLANE ( 'NONE',  #2181 ) ;
#1298 = VERTEX_POINT ( 'NONE', #2096 ) ;
#1299 = DIRECTION ( 'NONE',  ( 0.000000000000000000, 0.000000000000000000, -1.000000000000000000 ) ) ;
#1300 = CIRCLE ( 'NONE', #1408, 2.750000000000000000 ) ;
#1301 = EDGE_CURVE ( 'NONE', #1659, #1917, #15, .T. ) ;
#1302 = ORIENTED_EDGE ( 'NONE', *, *, #451, .T. ) ;
#1303 = DIRECTION ( 'NONE',  ( -0.000000000000000000, -0.000000000000000000, -1.000000000000000000 ) ) ;
#1304 = CIRCLE ( 'NONE', #2183, 2.750000000000000000 ) ;
#1305 = CARTESIAN_POINT ( 'NONE',  ( 0.000000000000000000, 0.000000000000000000, 8.000000000000000000 ) ) ;
#1306 = ORIENTED_EDGE ( 'NONE', *, *, #2110, .T. ) ;
#1307 = VECTOR ( 'NONE', #734, 1000.000000000000000 ) ;
#1308 = VECTOR ( 'NONE', #596, 1000.000000000000000 ) ;
#1309 = CARTESIAN_POINT ( 'NONE',  ( 5.250000000000000888, 0.000000000000000000, 3.000000000000000000 ) ) ;
#1310 = ORIENTED_EDGE ( 'NONE', *, *, #27, .F. ) ;
#1311 = FACE_OUTER_BOUND ( 'NONE', #2184, .T. ) ;
#1312 = FACE_BOUND ( 'NONE', #168, .T. ) ;
#1313 = ORIENTED_EDGE ( 'NONE', *, *, #1383, .T. ) ;
#1314 = LINE ( 'NONE', #1981, #480 ) ;
#1315 = ADVANCED_FACE ( 'NONE', ( #1390 ), #1247, .F. ) ;
#1316 = CARTESIAN_POINT ( 'NONE',  ( 58.00000000000000000, 15.00000000000000000, 0.000000000000000000 ) ) ;
#1317 = DIRECTION ( 'NONE',  ( -0.000000000000000000, -0.000000000000000000, -1.000000000000000000 ) ) ;
#1318 = EDGE_CURVE ( 'NONE', #642, #1990, #1257, .T. ) ;
#1319 = ORIENTED_EDGE ( 'NONE', *, *, #2020, .F. ) ;
#1320 = DIRECTION ( 'NONE',  ( 0.000000000000000000, 0.000000000000000000, 1.000000000000000000 ) ) ;
#1321 = ORIENTED_EDGE ( 'NONE', *, *, #2121, .F. ) ;
#1322 = PERSON_AND_ORGANIZATION ( #670, #1350 ) ;
#1323 = ORIENTED_EDGE ( 'NONE', *, *, #1466, .T. ) ;
#1324 = DIRECTION ( 'NONE',  ( 0.000000000000000000, 0.000000000000000000, -1.000000000000000000 ) ) ;
#1325 = CARTESIAN_POINT ( 'NONE',  ( 65.00000000000000000, 30.00000000000000000, 0.000000000000000000 ) ) ;
#1326 = EDGE_CURVE ( 'NONE', #1815, #1793, #1054, .T. ) ;
#1327 = FACE_OUTER_BOUND ( 'NONE', #2090, .T. ) ;
#1328 = ORIENTED_EDGE ( 'NONE', *, *, #850, .T. ) ;
#1329 = EDGE_CURVE ( 'NONE', #1749, #2031, #1896, .T. ) ;
#1330 = VECTOR ( 'NONE', #305, 1000.000000000000000 ) ;
#1331 = DIRECTION ( 'NONE',  ( 0.000000000000000000, -1.000000000000000000, 0.000000000000000000 ) ) ;
#1332 = VERTEX_POINT ( 'NONE', #1404 ) ;
#1333 = DIRECTION ( 'NONE',  ( 0.000000000000000000, 0.000000000000000000, -1.000000000000000000 ) ) ;
#1334 = ORIENTED_EDGE ( 'NONE', *, *, #2163, .T. ) ;
#1335 = CARTESIAN_POINT ( 'NONE',  ( 2.360923410571791337, -6.589843749999999112, 8.000000000000000000 ) ) ;
#1336 = CYLINDRICAL_SURFACE ( 'NONE', #1005, 2.750000000000000000 ) ;
#1337 = AXIS2_PLACEMENT_3D ( 'NONE', #699, #1706, #1204 ) ;
#1338 = FACE_OUTER_BOUND ( 'NONE', #858, .T. ) ;
#1339 = VERTEX_POINT ( 'NONE', #1731 ) ;
#1340 = DIRECTION ( 'NONE',  ( 1.000000000000000000, 0.000000000000000000, 0.000000000000000000 ) ) ;
#1341 = EDGE_CURVE ( 'NONE', #1871, #1018, #510, .T. ) ;
#1342 = CIRCLE ( 'NONE', #660, 2.750000000000000000 ) ;
#1343 = ORIENTED_EDGE ( 'NONE', *, *, #1754, .T. ) ;
#1344 = EDGE_CURVE ( 'NONE', #40, #849, #51, .T. ) ;
#1345 = ORIENTED_EDGE ( 'NONE', *, *, #1998, .F. ) ;
#1346 = CARTESIAN_POINT ( 'NONE',  ( -10.75000000000000000, 0.000000000000000000, 3.000000000000000000 ) ) ;
#1347 = DIRECTION ( 'NONE',  ( 0.000000000000000000, 0.000000000000000000, 1.000000000000000000 ) ) ;
#1348 = CARTESIAN_POINT ( 'NONE',  ( 40.00000000000000000, -7.000000000000000000, 4.000000000000000000 ) ) ;
#1349 = ORIENTED_EDGE ( 'NONE', *, *, #1700, .F. ) ;
#1350 = ORGANIZATION ( 'UNSPECIFIED', 'UNSPECIFIED', '' ) ;
#1351 = CYLINDRICAL_SURFACE ( 'NONE', #1337, 1.100000000000000089 ) ;
#1352 = DIRECTION ( 'NONE',  ( -1.000000000000000000, 0.000000000000000000, 0.000000000000000000 ) ) ;
#1353 = ORIENTED_EDGE ( 'NONE', *, *, #608, .F. ) ;
#1354 = EDGE_CURVE ( 'NONE', #1402, #1332, #1884, .T. ) ;
#1355 = ORIENTED_EDGE ( 'NONE', *, *, #345, .F. ) ;
#1356 = DIRECTION ( 'NONE',  ( 0.000000000000000000, 1.000000000000000000, 0.000000000000000000 ) ) ;
#1357 = LINE ( 'NONE', #127, #644 ) ;
#1358 = FACE_OUTER_BOUND ( 'NONE', #1394, .T. ) ;
#1359 = LINE ( 'NONE', #846, #1369 ) ;
#1360 = FACE_OUTER_BOUND ( 'NONE', #646, .T. ) ;
#1361 = CARTESIAN_POINT ( 'NONE',  ( 2.750000000000000000, 8.000000000000000000, 4.000000000000000000 ) ) ;
#1362 = VERTEX_POINT ( 'NONE', #1733 ) ;
#1363 = ORIENTED_EDGE ( 'NONE', *, *, #1218, .T. ) ;
#1364 = CYLINDRICAL_SURFACE ( 'NONE', #1785, 1.100000000000000311 ) ;
#1365 = ADVANCED_FACE ( 'NONE', ( #205 ), #217, .F. ) ;
#1366 = DIRECTION ( 'NONE',  ( -0.000000000000000000, -0.000000000000000000, 1.000000000000000000 ) ) ;
#1367 = LINE ( 'NONE', #697, #1941 ) ;
#1368 = EDGE_CURVE ( 'NONE', #1782, #132, #1564, .T. ) ;
#1369 = VECTOR ( 'NONE', #528, 1000.000000000000000 ) ;
#1370 = CARTESIAN_POINT ( 'NONE',  ( 10.95445115010332238, 7.000000000000000000, 0.000000000000000000 ) ) ;
#1371 = AXIS2_PLACEMENT_3D ( 'NONE', #165, #1181, #18 ) ;
#1372 = AXIS2_PLACEMENT_3D ( 'NONE', #353, #180, #1201 ) ;
#1373 = DIRECTION ( 'NONE',  ( 1.000000000000000000, 0.000000000000000000, 0.000000000000000000 ) ) ;
#1374 = ORIENTED_EDGE ( 'NONE', *, *, #2176, .F. ) ;
#1375 = AXIS2_PLACEMENT_3D ( 'NONE', #1392, #1249, #379 ) ;
#1376 = ORIENTED_EDGE ( 'NONE', *, *, #64, .T. ) ;
#1377 = EDGE_LOOP ( 'NONE', ( #1243, #551, #229, #1936 ) ) ;
#1378 = DIRECTION ( 'NONE',  ( -0.000000000000000000, -0.000000000000000000, -1.000000000000000000 ) ) ;
#1379 = EDGE_CURVE ( 'NONE', #1241, #1990, #1234, .T. ) ;
#1380 = DIRECTION ( 'NONE',  ( 1.000000000000000000, 0.000000000000000000, 0.000000000000000000 ) ) ;
#1381 = DIRECTION ( 'NONE',  ( 1.000000000000000000, 0.000000000000000000, 0.000000000000000000 ) ) ;
#1382 = DIRECTION ( 'NONE',  ( 1.000000000000000000, 0.000000000000000000, 0.000000000000000000 ) ) ;
#1383 = EDGE_CURVE ( 'NONE', #1138, #688, #1743, .T. ) ;
#1384 = LINE ( 'NONE', #2051, #438 ) ;
#1385 = CARTESIAN_POINT ( 'NONE',  ( 34.00000000000000000, 7.000000000000000000, 0.000000000000000000 ) ) ;
#1386 = ORIENTED_EDGE ( 'NONE', *, *, #1744, .F. ) ;
#1387 = ORIENTED_EDGE ( 'NONE', *, *, #234, .F. ) ;
#1388 = ORIENTED_EDGE ( 'NONE', *, *, #1532, .T. ) ;
#1389 = CARTESIAN_POINT ( 'NONE',  ( 58.00000000000000000, 15.00000000000000000, 4.000000000000000888 ) ) ;
#1390 = FACE_OUTER_BOUND ( 'NONE', #1172, .T. ) ;
#1391 = FACE_OUTER_BOUND ( 'NONE', #1198, .T. ) ;
#1392 = CARTESIAN_POINT ( 'NONE',  ( 34.00000000000000000, -16.00000000000000000, 7.000000000000000000 ) ) ;
#1393 = EDGE_CURVE ( 'NONE', #563, #1779, #425, .T. ) ;
#1394 = EDGE_LOOP ( 'NONE', ( #1702, #1872, #873, #1409 ) ) ;
#1395 = CYLINDRICAL_SURFACE ( 'NONE', #1226, 7.000000000000000000 ) ;
#1396 = CALENDAR_DATE ( 2026, 7, 9 ) ;
#1397 = EDGE_CURVE ( 'NONE', #361, #125, #2150, .T. ) ;
#1398 = DIRECTION ( 'NONE',  ( 1.000000000000000000, -0.000000000000000000, 0.000000000000000000 ) ) ;
#1399 = EDGE_LOOP ( 'NONE', ( #200, #2205, #1164, #1429 ) ) ;
#1400 = CIRCLE ( 'NONE', #430, 1.099999999999996758 ) ;
#1401 = EDGE_LOOP ( 'NONE', ( #1062, #1987, #276, #1966 ) ) ;
#1402 = VERTEX_POINT ( 'NONE', #900 ) ;
#1403 = CARTESIAN_POINT ( 'NONE',  ( 74.09999999999999432, -13.50000000000000000, 0.000000000000000000 ) ) ;
#1404 = CARTESIAN_POINT ( 'NONE',  ( -13.00000000000000000, 0.000000000000000000, 0.000000000000000000 ) ) ;
#1405 = CARTESIAN_POINT ( 'NONE',  ( 37.29999999999999716, 30.00000000000000000, 4.000000000000003553 ) ) ;
#1406 = CARTESIAN_POINT ( 'NONE',  ( 8.000000000000000000, 0.000000000000000000, 8.000000000000000000 ) ) ;
#1407 = LINE ( 'NONE', #892, #581 ) ;
#1408 = AXIS2_PLACEMENT_3D ( 'NONE', #516, #1004, #1720 ) ;
#1409 = ORIENTED_EDGE ( 'NONE', *, *, #860, .T. ) ;
#1410 = EDGE_CURVE ( 'NONE', #2159, #40, #1867, .T. ) ;
#1411 = DIRECTION ( 'NONE',  ( 1.000000000000000000, 0.000000000000000000, 0.000000000000000000 ) ) ;
#1412 = ORIENTED_EDGE ( 'NONE', *, *, #2095, .F. ) ;
#1413 = ORIENTED_EDGE ( 'NONE', *, *, #2166, .F. ) ;
#1414 = VECTOR ( 'NONE', #9, 1000.000000000000000 ) ;
#1415 = DIRECTION ( 'NONE',  ( 1.000000000000000000, 0.000000000000000000, 0.000000000000000000 ) ) ;
#1416 = LINE ( 'NONE', #2088, #14 ) ;
#1417 = DIRECTION ( 'NONE',  ( 0.000000000000000000, 0.000000000000000000, 1.000000000000000000 ) ) ;
#1418 = ORIENTED_EDGE ( 'NONE', *, *, #2104, .F. ) ;
#1419 = ORIENTED_EDGE ( 'NONE', *, *, #2176, .T. ) ;
#1420 = LINE ( 'NONE', #414, #868 ) ;
#1421 = ORIENTED_EDGE ( 'NONE', *, *, #669, .F. ) ;
#1422 = DIRECTION ( 'NONE',  ( -0.000000000000000000, -0.000000000000000000, -1.000000000000000000 ) ) ;
#1423 = ADVANCED_FACE ( 'NONE', ( #937 ), #1705, .F. ) ;
#1424 = LINE ( 'NONE', #77, #1048 ) ;
#1425 = DIRECTION ( 'NONE',  ( -0.000000000000000000, 0.000000000000000000, 1.000000000000000000 ) ) ;
#1426 = APPROVAL_DATE_TIME ( #1101, #1836 ) ;
#1427 = ORIENTED_EDGE ( 'NONE', *, *, #186, .F. ) ;
#1428 = DIRECTION ( 'NONE',  ( 0.000000000000000000, 0.000000000000000000, 1.000000000000000000 ) ) ;
#1429 = ORIENTED_EDGE ( 'NONE', *, *, #94, .T. ) ;
#1430 = CARTESIAN_POINT ( 'NONE',  ( 0.000000000000000000, 8.000000000000000000, 8.000000000000000000 ) ) ;
#1431 = VECTOR ( 'NONE', #877, 1000.000000000000000 ) ;
#1432 = FACE_OUTER_BOUND ( 'NONE', #1737, .T. ) ;
#1433 = EDGE_CURVE ( 'NONE', #60, #1837, #1576, .T. ) ;
#1434 = DIRECTION ( 'NONE',  ( 1.000000000000000000, 0.000000000000000000, 0.000000000000000000 ) ) ;
#1435 = ORIENTED_EDGE ( 'NONE', *, *, #1203, .F. ) ;
#1436 = APPROVAL_ROLE ( '' ) ;
#1437 = EDGE_LOOP ( 'NONE', ( #737, #150, #1105, #135 ) ) ;
#1438 = DIRECTION ( 'NONE',  ( 1.000000000000000000, 0.000000000000000000, -0.000000000000000000 ) ) ;
#1439 = VECTOR ( 'NONE', #36, 1000.000000000000000 ) ;
#1440 = AXIS2_PLACEMENT_3D ( 'NONE', #664, #1143, #494 ) ;
#1441 = ORIENTED_EDGE ( 'NONE', *, *, #173, .T. ) ;
#1442 = CARTESIAN_POINT ( 'NONE',  ( 0.000000000000000000, 0.000000000000000000, 0.000000000000000000 ) ) ;
#1443 = CIRCLE ( 'NONE', #2115, 2.750000000000000000 ) ;
#1444 = CYLINDRICAL_SURFACE ( 'NONE', #1120, 1.099999999999996758 ) ;
#1445 = PLANE ( 'NONE',  #1017 ) ;
#1446 = CIRCLE ( 'NONE', #1160, 2.750000000000000000 ) ;
#1447 = CARTESIAN_POINT ( 'NONE',  ( 26.00000000000000000, 0.000000000000000000, 0.000000000000000000 ) ) ;
#1448 = EDGE_CURVE ( 'NONE', #1547, #1894, #881, .T. ) ;
#1449 = ORIENTED_EDGE ( 'NONE', *, *, #727, .T. ) ;
#1450 = CARTESIAN_POINT ( 'NONE',  ( 57.99999999999999289, 15.00000000000000000, 4.000000000000000000 ) ) ;
#1451 = ORIENTED_EDGE ( 'NONE', *, *, #612, .T. ) ;
#1452 = CYLINDRICAL_SURFACE ( 'NONE', #1958, 2.749999999999999112 ) ;
#1453 = DIRECTION ( 'NONE',  ( 1.000000000000000000, 0.000000000000000000, 0.000000000000000000 ) ) ;
#1454 = FACE_OUTER_BOUND ( 'NONE', #465, .T. ) ;
#1455 = ORIENTED_EDGE ( 'NONE', *, *, #856, .T. ) ;
#1456 = DIRECTION ( 'NONE',  ( 0.000000000000000000, 0.000000000000000000, 1.000000000000000000 ) ) ;
#1457 = EDGE_CURVE ( 'NONE', #1594, #1253, #1367, .T. ) ;
#1458 = CYLINDRICAL_SURFACE ( 'NONE', #1756, 4.000000000000000000 ) ;
#1459 = ORIENTED_EDGE ( 'NONE', *, *, #206, .T. ) ;
#1460 = PLANE ( 'NONE',  #2064 ) ;
#1461 = CARTESIAN_POINT ( 'NONE',  ( 0.000000000000000000, 8.000000000000000000, 8.000000000000000000 ) ) ;
#1462 = LINE ( 'NONE', #956, #481 ) ;
#1463 = AXIS2_PLACEMENT_3D ( 'NONE', #109, #1784, #2127 ) ;
#1464 = EDGE_LOOP ( 'NONE', ( #1816, #947 ) ) ;
#1465 = DIRECTION ( 'NONE',  ( 0.000000000000000000, -0.000000000000000000, -1.000000000000000000 ) ) ;
#1466 = EDGE_CURVE ( 'NONE', #688, #1339, #1069, .T. ) ;
#1467 = ORIENTED_EDGE ( 'NONE', *, *, #1116, .F. ) ;
#1468 = DIRECTION ( 'NONE',  ( 0.000000000000000000, -1.000000000000000000, 0.000000000000000000 ) ) ;
#1469 = EDGE_CURVE ( 'NONE', #1772, #520, #1509, .T. ) ;
#1470 = VERTEX_POINT ( 'NONE', #513 ) ;
#1471 = LINE ( 'NONE', #1176, #87 ) ;
#1472 = AXIS2_PLACEMENT_3D ( 'NONE', #172, #1063, #2156 ) ;
#1473 = DIRECTION ( 'NONE',  ( 0.000000000000000000, 0.000000000000000000, -1.000000000000000000 ) ) ;
#1474 = CIRCLE ( 'NONE', #1939, 2.750000000000000000 ) ;
#1475 = EDGE_LOOP ( 'NONE', ( #653, #1515, #2102, #1441, #246, #386, #1662, #907, #1168, #1849, #594, #1580, #1122, #2055 ) ) ;
#1476 = VECTOR ( 'NONE', #2033, 1000.000000000000000 ) ;
#1477 = CARTESIAN_POINT ( 'NONE',  ( 26.00000000000000000, 41.00000000000000000, 4.000000000000000000 ) ) ;
#1478 = ORIENTED_EDGE ( 'NONE', *, *, #400, .T. ) ;
#1479 = ADVANCED_FACE ( 'NONE', ( #2048 ), #1886, .F. ) ;
#1480 = ORIENTED_EDGE ( 'NONE', *, *, #1583, .T. ) ;
#1481 = CARTESIAN_POINT ( 'NONE',  ( -8.000000000000000000, 0.000000000000000000, 8.000000000000000000 ) ) ;
#1482 = DIRECTION ( 'NONE',  ( 0.000000000000000000, 0.000000000000000000, -1.000000000000000000 ) ) ;
#1483 = ADVANCED_FACE ( 'NONE', ( #1238 ), #1202, .T. ) ;
#1484 = LOCAL_TIME ( 23, 0, 12.00000000000000000, #1541 ) ;
#1485 = CARTESIAN_POINT ( 'NONE',  ( 2.750000000000000000, 8.000000000000000000, 8.000000000000000000 ) ) ;
#1486 = ORIENTED_EDGE ( 'NONE', *, *, #1049, .T. ) ;
#1487 = LINE ( 'NONE', #1996, #408 ) ;
#1488 = ORIENTED_EDGE ( 'NONE', *, *, #1754, .F. ) ;
#1489 = CARTESIAN_POINT ( 'NONE',  ( 8.000000000000000000, 0.000000000000000000, 4.000000000000000000 ) ) ;
#1490 = ORIENTED_EDGE ( 'NONE', *, *, #175, .F. ) ;
#1491 = DIRECTION ( 'NONE',  ( 1.000000000000000000, 0.000000000000000000, -0.000000000000000000 ) ) ;
#1492 = CARTESIAN_POINT ( 'NONE',  ( 34.00000000000000000, 7.000000000000000000, 4.000000000000000000 ) ) ;
#1493 = ADVANCED_FACE ( 'NONE', ( #1032 ), #393, .F. ) ;
#1494 = PLANE ( 'NONE',  #2144 ) ;
#1495 = ORIENTED_EDGE ( 'NONE', *, *, #1231, .T. ) ;
#1496 = VECTOR ( 'NONE', #327, 1000.000000000000000 ) ;
#1497 = DIRECTION ( 'NONE',  ( 0.000000000000000000, 1.000000000000000000, 0.000000000000000000 ) ) ;
#1498 = ORIENTED_EDGE ( 'NONE', *, *, #1108, .T. ) ;
#1499 =( NAMED_UNIT ( * ) PLANE_ANGLE_UNIT ( ) SI_UNIT ( $, .RADIAN. ) );
#1500 = VERTEX_POINT ( 'NONE', #316 ) ;
#1501 = DIRECTION ( 'NONE',  ( 0.000000000000000000, 1.000000000000000000, 0.000000000000000000 ) ) ;
#1502 = CARTESIAN_POINT ( 'NONE',  ( 5.250000000000000888, 0.000000000000000000, 8.000000000000000000 ) ) ;
#1503 = AXIS2_PLACEMENT_3D ( 'NONE', #1033, #2017, #1868 ) ;
#1504 = AXIS2_PLACEMENT_3D ( 'NONE', #848, #1521, #677 ) ;
#1505 = DIRECTION ( 'NONE',  ( -1.000000000000000000, 0.000000000000000000, 0.000000000000000000 ) ) ;
#1506 = VERTEX_POINT ( 'NONE', #623 ) ;
#1507 = VECTOR ( 'NONE', #11, 1000.000000000000000 ) ;
#1508 = APPROVAL ( #1567, 'UNSPECIFIED' ) ;
#1509 = CIRCLE ( 'NONE', #231, 2.749999999999999112 ) ;
#1510 = DIRECTION ( 'NONE',  ( 0.000000000000000000, -1.000000000000000000, 0.000000000000000000 ) ) ;
#1511 = EDGE_CURVE ( 'NONE', #861, #1774, #1978, .T. ) ;
#1512 = VECTOR ( 'NONE', #674, 1000.000000000000000 ) ;
#1513 = FACE_OUTER_BOUND ( 'NONE', #98, .T. ) ;
#1514 = EDGE_LOOP ( 'NONE', ( #1778, #1302, #1693, #1627 ) ) ;
#1515 = ORIENTED_EDGE ( 'NONE', *, *, #1565, .T. ) ;
#1516 = CARTESIAN_POINT ( 'NONE',  ( 34.00000000000000000, 0.000000000000000000, 4.000000000000000000 ) ) ;
#1517 = DIRECTION ( 'NONE',  ( 0.000000000000000000, 0.000000000000000000, 1.000000000000000000 ) ) ;
#1518 = CARTESIAN_POINT ( 'NONE',  ( -4.000000000000000000, 0.000000000000000000, 8.000000000000000000 ) ) ;
#1519 = SECURITY_CLASSIFICATION ( '', '', #383 ) ;
#1520 = CARTESIAN_POINT ( 'NONE',  ( 0.000000000000000000, 0.000000000000000000, 8.000000000000000000 ) ) ;
#1521 = DIRECTION ( 'NONE',  ( -0.000000000000000000, -0.000000000000000000, -1.000000000000000000 ) ) ;
#1522 = EDGE_CURVE ( 'NONE', #680, #642, #1831, .T. ) ;
#1523 = EDGE_LOOP ( 'NONE', ( #1478, #2070, #42, #1636 ) ) ;
#1524 = ORIENTED_EDGE ( 'NONE', *, *, #946, .F. ) ;
#1525 = CARTESIAN_POINT ( 'NONE',  ( 34.00000000000000000, 7.000000000000000000, 7.000000000000000000 ) ) ;
#1526 = CARTESIAN_POINT ( 'NONE',  ( 2.360923410571791337, 6.589843750000000888, 4.000000000000000000 ) ) ;
#1527 = DIRECTION ( 'NONE',  ( -1.000000000000000000, 0.000000000000000000, 0.000000000000000000 ) ) ;
#1528 = CIRCLE ( 'NONE', #968, 2.750000000000000000 ) ;
#1529 = AXIS2_PLACEMENT_3D ( 'NONE', #1614, #568, #1299 ) ;
#1530 = FACE_OUTER_BOUND ( 'NONE', #1130, .T. ) ;
#1531 = ORIENTED_EDGE ( 'NONE', *, *, #490, .F. ) ;
#1532 = EDGE_CURVE ( 'NONE', #1156, #1594, #621, .T. ) ;
#1533 = ORIENTED_EDGE ( 'NONE', *, *, #1457, .T. ) ;
#1534 = ORIENTED_EDGE ( 'NONE', *, *, #1397, .T. ) ;
#1535 = CARTESIAN_POINT ( 'NONE',  ( 9.099999999999999645, 1.347111479062088503E-16, 0.000000000000000000 ) ) ;
#1536 = EDGE_CURVE ( 'NONE', #2159, #57, #1826, .T. ) ;
#1537 = CARTESIAN_POINT ( 'NONE',  ( 70.00000000000000000, 41.00000000000000000, 4.000000000000000000 ) ) ;
#1538 = AXIS2_PLACEMENT_3D ( 'NONE', #1477, #1331, #1465 ) ;
#1539 = CIRCLE ( 'NONE', #909, 1.099999999999996758 ) ;
#1540 = CARTESIAN_POINT ( 'NONE',  ( -2.750000000000000000, -8.000000000000000000, 3.000000000000000000 ) ) ;
#1541 = COORDINATED_UNIVERSAL_TIME_OFFSET ( 6, 0, .BEHIND. ) ;
#1542 = AXIS2_PLACEMENT_3D ( 'NONE', #1913, #354, #1552 ) ;
#1543 = DIRECTION ( 'NONE',  ( -0.000000000000000000, -0.000000000000000000, 1.000000000000000000 ) ) ;
#1544 = ORIENTED_EDGE ( 'NONE', *, *, #56, .T. ) ;
#1545 = AXIS2_PLACEMENT_3D ( 'NONE', #2120, #1473, #2129 ) ;
#1546 = ORIENTED_EDGE ( 'NONE', *, *, #1983, .T. ) ;
#1547 = VERTEX_POINT ( 'NONE', #2170 ) ;
#1548 = ADVANCED_FACE ( 'NONE', ( #1311 ), #647, .F. ) ;
#1549 = DIRECTION ( 'NONE',  ( -0.000000000000000000, -1.000000000000000000, -0.000000000000000000 ) ) ;
#1550 = DIRECTION ( 'NONE',  ( 1.000000000000000000, 0.000000000000000000, 0.000000000000000000 ) ) ;
#1551 = CARTESIAN_POINT ( 'NONE',  ( 62.39999999999999858, 27.00000000000000000, 0.000000000000000000 ) ) ;
#1552 = DIRECTION ( 'NONE',  ( -1.000000000000000000, 0.000000000000000000, 0.000000000000000000 ) ) ;
#1553 = EDGE_CURVE ( 'NONE', #1940, #189, #1128, .T. ) ;
#1554 = DIRECTION ( 'NONE',  ( 1.000000000000000000, 0.000000000000000000, 0.000000000000000000 ) ) ;
#1555 = PERSON_AND_ORGANIZATION_ROLE ( 'classification_officer' ) ;
#1556 = CC_DESIGN_SECURITY_CLASSIFICATION ( #1519, ( #24 ) ) ;
#1557 = FACE_OUTER_BOUND ( 'NONE', #1514, .T. ) ;
#1558 = ORIENTED_EDGE ( 'NONE', *, *, #218, .T. ) ;
#1559 = ORIENTED_EDGE ( 'NONE', *, *, #1326, .T. ) ;
#1560 = ORIENTED_EDGE ( 'NONE', *, *, #2084, .F. ) ;
#1561 = DIRECTION ( 'NONE',  ( -1.000000000000000000, 0.000000000000000000, 0.000000000000000000 ) ) ;
#1562 = DIRECTION ( 'NONE',  ( 0.000000000000000000, 0.000000000000000000, 1.000000000000000000 ) ) ;
#1563 = FACE_BOUND ( 'NONE', #284, .T. ) ;
#1564 = LINE ( 'NONE', #12, #876 ) ;
#1565 = EDGE_CURVE ( 'NONE', #350, #936, #1446, .T. ) ;
#1566 = LINE ( 'NONE', #1060, #1717 ) ;
#1567 = APPROVAL_STATUS ( 'not_yet_approved' ) ;
#1568 = ADVANCED_FACE ( 'NONE', ( #963 ), #1637, .T. ) ;
#1569 = ORIENTED_EDGE ( 'NONE', *, *, #1049, .F. ) ;
#1570 = VERTEX_POINT ( 'NONE', #562 ) ;
#1571 = VECTOR ( 'NONE', #715, 1000.000000000000000 ) ;
#1572 = EDGE_LOOP ( 'NONE', ( #1840, #406 ) ) ;
#1573 = ORIENTED_EDGE ( 'NONE', *, *, #942, .F. ) ;
#1574 = CARTESIAN_POINT ( 'NONE',  ( -6.589843750000000888, 2.360923410571791337, 4.000000000000000000 ) ) ;
#1575 = DIRECTION ( 'NONE',  ( 0.000000000000000000, 0.000000000000000000, 1.000000000000000000 ) ) ;
#1576 = LINE ( 'NONE', #889, #1307 ) ;
#1577 = EDGE_LOOP ( 'NONE', ( #1699, #1419, #1149, #951 ) ) ;
#1578 = DATE_TIME_ROLE ( 'classification_date' ) ;
#1579 = AXIS2_PLACEMENT_3D ( 'NONE', #2209, #1023, #1179 ) ;
#1580 = ORIENTED_EDGE ( 'NONE', *, *, #515, .F. ) ;
#1581 = AXIS2_PLACEMENT_3D ( 'NONE', #1171, #106, #1623 ) ;
#1582 = FACE_BOUND ( 'NONE', #795, .T. ) ;
#1583 = EDGE_CURVE ( 'NONE', #2126, #1779, #1619, .T. ) ;
#1584 = CIRCLE ( 'NONE', #476, 4.000000000000000000 ) ;
#1585 = EDGE_LOOP ( 'NONE', ( #1880, #2116, #713, #1287, #1386, #897, #103, #326 ) ) ;
#1586 = AXIS2_PLACEMENT_3D ( 'NONE', #478, #289, #108 ) ;
#1587 = LINE ( 'NONE', #362, #179 ) ;
#1588 = CARTESIAN_POINT ( 'NONE',  ( -13.00000000000000000, 0.000000000000000000, 4.000000000000000000 ) ) ;
#1589 = CIRCLE ( 'NONE', #445, 13.00000000000000000 ) ;
#1590 = DIRECTION ( 'NONE',  ( 1.000000000000000000, 0.000000000000000000, 0.000000000000000000 ) ) ;
#1591 = EDGE_LOOP ( 'NONE', ( #244, #2141 ) ) ;
#1592 = CARTESIAN_POINT ( 'NONE',  ( 0.000000000000000000, 0.000000000000000000, 8.000000000000000000 ) ) ;
#1593 = EDGE_CURVE ( 'NONE', #665, #491, #227, .T. ) ;
#1594 = VERTEX_POINT ( 'NONE', #526 ) ;
#1595 = CARTESIAN_POINT ( 'NONE',  ( 58.00000000000000000, 0.000000000000000000, 0.000000000000000000 ) ) ;
#1596 = DIRECTION ( 'NONE',  ( 0.000000000000000000, 0.000000000000000000, -1.000000000000000000 ) ) ;
#1597 = DIRECTION ( 'NONE',  ( 0.000000000000000000, 0.000000000000000000, -1.000000000000000000 ) ) ;
#1598 = ORIENTED_EDGE ( 'NONE', *, *, #1675, .F. ) ;
#1599 = ORIENTED_EDGE ( 'NONE', *, *, #1955, .F. ) ;
#1600 = LINE ( 'NONE', #935, #2073 ) ;
#1601 = EDGE_LOOP ( 'NONE', ( #1413, #174, #758, #874, #1847, #1255 ) ) ;
#1602 = DIRECTION ( 'NONE',  ( -0.000000000000000000, -0.000000000000000000, 1.000000000000000000 ) ) ;
#1603 = EDGE_CURVE ( 'NONE', #781, #2091, #572, .T. ) ;
#1604 = VERTEX_POINT ( 'NONE', #13 ) ;
#1605 = CARTESIAN_POINT ( 'NONE',  ( 0.000000000000000000, 0.000000000000000000, 4.000000000000000000 ) ) ;
#1606 = CARTESIAN_POINT ( 'NONE',  ( 0.000000000000000000, 0.000000000000000000, 4.000000000000000000 ) ) ;
#1607 = EDGE_CURVE ( 'NONE', #936, #896, #624, .T. ) ;
#1608 = ORIENTED_EDGE ( 'NONE', *, *, #1948, .T. ) ;
#1609 = EDGE_LOOP ( 'NONE', ( #2019, #1270, #883, #1755, #976, #1490 ) ) ;
#1610 = CARTESIAN_POINT ( 'NONE',  ( 0.000000000000000000, -8.000000000000000000, 8.000000000000000000 ) ) ;
#1611 = CIRCLE ( 'NONE', #656, 13.00000000000000000 ) ;
#1612 = ORIENTED_EDGE ( 'NONE', *, *, #586, .F. ) ;
#1613 = CARTESIAN_POINT ( 'NONE',  ( 0.000000000000000000, 0.000000000000000000, 0.000000000000000000 ) ) ;
#1614 = CARTESIAN_POINT ( 'NONE',  ( 27.00000000000000000, -16.00000000000000000, 7.000000000000000000 ) ) ;
#1615 = AXIS2_PLACEMENT_3D ( 'NONE', #1260, #92, #595 ) ;
#1616 = AXIS2_PLACEMENT_3D ( 'NONE', #309, #145, #1491 ) ;
#1617 = DIRECTION ( 'NONE',  ( 1.000000000000000000, 0.000000000000000000, 0.000000000000000000 ) ) ;
#1618 = DIRECTION ( 'NONE',  ( -0.000000000000000000, -1.000000000000000000, -0.000000000000000000 ) ) ;
#1619 = CIRCLE ( 'NONE', #879, 1.300000000000002487 ) ;
#1620 = ADVANCED_FACE ( 'NONE', ( #1810 ), #1118, .F. ) ;
#1621 = ORIENTED_EDGE ( 'NONE', *, *, #1511, .F. ) ;
#1622 = LINE ( 'NONE', #97, #226 ) ;
#1623 = DIRECTION ( 'NONE',  ( -1.000000000000000000, 0.000000000000000000, 0.000000000000000000 ) ) ;
#1624 = ORIENTED_EDGE ( 'NONE', *, *, #946, .T. ) ;
#1625 = DIRECTION ( 'NONE',  ( 0.000000000000000000, 0.000000000000000000, -1.000000000000000000 ) ) ;
#1626 = DIRECTION ( 'NONE',  ( 0.000000000000000000, 0.000000000000000000, 1.000000000000000000 ) ) ;
#1627 = ORIENTED_EDGE ( 'NONE', *, *, #929, .F. ) ;
#1628 = CARTESIAN_POINT ( 'NONE',  ( 62.39999999999999858, 36.50000000000000000, 0.000000000000000000 ) ) ;
#1629 = DIRECTION ( 'NONE',  ( 1.000000000000000000, 0.000000000000000000, 0.000000000000000000 ) ) ;
#1630 = FACE_OUTER_BOUND ( 'NONE', #822, .T. ) ;
#1631 = ORIENTED_EDGE ( 'NONE', *, *, #806, .F. ) ;
#1632 = EDGE_CURVE ( 'NONE', #315, #374, #428, .T. ) ;
#1633 = LINE ( 'NONE', #1645, #1824 ) ;
#1634 = EDGE_CURVE ( 'NONE', #1728, #491, #283, .T. ) ;
#1635 = CARTESIAN_POINT ( 'NONE',  ( 5.250000000000000888, 0.000000000000000000, 8.000000000000000000 ) ) ;
#1636 = ORIENTED_EDGE ( 'NONE', *, *, #929, .T. ) ;
#1637 = PLANE ( 'NONE',  #1124 ) ;
#1638 = DIRECTION ( 'NONE',  ( 0.000000000000000000, 0.000000000000000000, -1.000000000000000000 ) ) ;
#1639 = ORIENTED_EDGE ( 'NONE', *, *, #345, .T. ) ;
#1640 = CARTESIAN_POINT ( 'NONE',  ( 63.70000000000000995, 30.00000000000000000, 4.000000000000003553 ) ) ;
#1641 = CARTESIAN_POINT ( 'NONE',  ( 0.000000000000000000, 0.000000000000000000, 7.000000000000000000 ) ) ;
#1642 = AXIS2_PLACEMENT_3D ( 'NONE', #1200, #1030, #1235 ) ;
#1643 = ORIENTED_EDGE ( 'NONE', *, *, #186, .T. ) ;
#1644 = ADVANCED_FACE ( 'NONE', ( #259 ), #1110, .F. ) ;
#1645 = CARTESIAN_POINT ( 'NONE',  ( -2.360923410571791337, 6.589843750000000888, 5.500000000000000000 ) ) ;
#1646 = AXIS2_PLACEMENT_3D ( 'NONE', #1845, #442, #453 ) ;
#1647 = EDGE_CURVE ( 'NONE', #757, #1402, #1589, .T. ) ;
#1648 = ORIENTED_EDGE ( 'NONE', *, *, #1933, .T. ) ;
#1649 = AXIS2_PLACEMENT_3D ( 'NONE', #2132, #1146, #116 ) ;
#1650 = ORIENTED_EDGE ( 'NONE', *, *, #1730, .F. ) ;
#1651 = LINE ( 'NONE', #638, #1903 ) ;
#1652 = CIRCLE ( 'NONE', #764, 7.000000000000000000 ) ;
#1653 = CARTESIAN_POINT ( 'NONE',  ( 0.000000000000000000, -8.000000000000000000, 3.000000000000000000 ) ) ;
#1654 = VECTOR ( 'NONE', #2105, 1000.000000000000000 ) ;
#1655 = DIRECTION ( 'NONE',  ( 1.000000000000000000, 0.000000000000000000, 0.000000000000000000 ) ) ;
#1656 = EDGE_LOOP ( 'NONE', ( #1296, #649, #447, #2056, #531, #934, #714, #497, #1569, #429 ) ) ;
#1657 = AXIS2_PLACEMENT_3D ( 'NONE', #673, #136, #828 ) ;
#1658 = LINE ( 'NONE', #324, #939 ) ;
#1659 = VERTEX_POINT ( 'NONE', #2153 ) ;
#1660 = DIRECTION ( 'NONE',  ( 1.000000000000000000, 0.000000000000000000, 0.000000000000000000 ) ) ;
#1661 = ADVANCED_FACE ( 'NONE', ( #458 ), #1961, .F. ) ;
#1662 = ORIENTED_EDGE ( 'NONE', *, *, #356, .T. ) ;
#1663 = DIRECTION ( 'NONE',  ( -0.000000000000000000, -0.000000000000000000, 1.000000000000000000 ) ) ;
#1664 = CARTESIAN_POINT ( 'NONE',  ( 0.000000000000000000, -8.000000000000000000, 3.000000000000000000 ) ) ;
#1665 = DIRECTION ( 'NONE',  ( -0.000000000000000000, -0.000000000000000000, -1.000000000000000000 ) ) ;
#1666 = ORIENTED_EDGE ( 'NONE', *, *, #1536, .T. ) ;
#1667 = LINE ( 'NONE', #1170, #46 ) ;
#1668 = ORIENTED_EDGE ( 'NONE', *, *, #1878, .T. ) ;
#1669 = CARTESIAN_POINT ( 'NONE',  ( 63.70000000000000995, 30.00000000000000000, 4.000000000000003553 ) ) ;
#1670 = ORIENTED_EDGE ( 'NONE', *, *, #329, .F. ) ;
#1671 = LINE ( 'NONE', #2152, #802 ) ;
#1672 = ADVANCED_FACE ( 'NONE', ( #776 ), #418, .T. ) ;
#1673 = LINE ( 'NONE', #1492, #1512 ) ;
#1674 = LINE ( 'NONE', #332, #800 ) ;
#1675 = EDGE_CURVE ( 'NONE', #1971, #1774, #2190, .T. ) ;
#1676 = ORIENTED_EDGE ( 'NONE', *, *, #683, .F. ) ;
#1677 = CIRCLE ( 'NONE', #2066, 1.100000000000000311 ) ;
#1678 = FACE_OUTER_BOUND ( 'NONE', #2172, .T. ) ;
#1679 = DIRECTION ( 'NONE',  ( -1.000000000000000000, 0.000000000000000000, 0.000000000000000000 ) ) ;
#1680 = EDGE_LOOP ( 'NONE', ( #253, #288, #519, #1144 ) ) ;
#1681 = ORIENTED_EDGE ( 'NONE', *, *, #2121, .T. ) ;
#1682 = DIRECTION ( 'NONE',  ( 0.000000000000000000, -0.000000000000000000, 1.000000000000000000 ) ) ;
#1683 = CARTESIAN_POINT ( 'NONE',  ( 38.60000000000000142, 36.50000000000000000, 4.000000000000000888 ) ) ;
#1684 = CIRCLE ( 'NONE', #1934, 1.100000000000000311 ) ;
#1685 = DIRECTION ( 'NONE',  ( 0.000000000000000000, 1.000000000000000000, 0.000000000000000000 ) ) ;
#1686 = ADVANCED_FACE ( 'NONE', ( #273, #113, #753 ), #1445, .F. ) ;
#1687 = VECTOR ( 'NONE', #1058, 1000.000000000000000 ) ;
#1688 = CARTESIAN_POINT ( 'NONE',  ( -6.899999999999999467, 1.347111479062088503E-16, 3.000000000000000000 ) ) ;
#1689 = VECTOR ( 'NONE', #102, 1000.000000000000000 ) ;
#1690 = FACE_OUTER_BOUND ( 'NONE', #933, .T. ) ;
#1691 = ORIENTED_EDGE ( 'NONE', *, *, #1189, .F. ) ;
#1692 = VERTEX_POINT ( 'NONE', #1789 ) ;
#1693 = ORIENTED_EDGE ( 'NONE', *, *, #679, .T. ) ;
#1694 = DIRECTION ( 'NONE',  ( -0.000000000000000000, -0.000000000000000000, -1.000000000000000000 ) ) ;
#1695 = DIRECTION ( 'NONE',  ( 0.000000000000000000, 0.000000000000000000, 1.000000000000000000 ) ) ;
#1696 = FACE_OUTER_BOUND ( 'NONE', #1523, .T. ) ;
#1697 = EDGE_CURVE ( 'NONE', #712, #1547, #1462, .T. ) ;
#1698 = CARTESIAN_POINT ( 'NONE',  ( 26.00000000000000000, 7.000000000000000000, 0.000000000000000000 ) ) ;
#1699 = ORIENTED_EDGE ( 'NONE', *, *, #1955, .T. ) ;
#1700 = EDGE_CURVE ( 'NONE', #1787, #308, #615, .T. ) ;
#1701 = ORIENTED_EDGE ( 'NONE', *, *, #1922, .T. ) ;
#1702 = ORIENTED_EDGE ( 'NONE', *, *, #8, .F. ) ;
#1703 = DIRECTION ( 'NONE',  ( 0.000000000000000000, 0.000000000000000000, -1.000000000000000000 ) ) ;
#1704 = CARTESIAN_POINT ( 'NONE',  ( -2.360923410571791337, -6.589843750000000888, 5.500000000000000000 ) ) ;
#1705 = CYLINDRICAL_SURFACE ( 'NONE', #1089, 2.749999999999999112 ) ;
#1706 = DIRECTION ( 'NONE',  ( 0.000000000000000000, 0.000000000000000000, -1.000000000000000000 ) ) ;
#1707 = VECTOR ( 'NONE', #416, 1000.000000000000000 ) ;
#1708 = CALENDAR_DATE ( 2026, 7, 9 ) ;
#1709 = ADVANCED_FACE ( 'NONE', ( #584 ), #1973, .T. ) ;
#1710 = CYLINDRICAL_SURFACE ( 'NONE', #48, 2.750000000000000000 ) ;
#1711 = VERTEX_POINT ( 'NONE', #932 ) ;
#1712 = ADVANCED_FACE ( 'NONE', ( #1454 ), #79, .F. ) ;
#1713 = ORIENTED_EDGE ( 'NONE', *, *, #1603, .T. ) ;
#1714 = EDGE_LOOP ( 'NONE', ( #424, #1220, #167, #1524 ) ) ;
#1715 = CARTESIAN_POINT ( 'NONE',  ( 58.00000000000000000, 14.00000000000000000, 4.000000000000000888 ) ) ;
#1716 = FACE_BOUND ( 'NONE', #439, .T. ) ;
#1717 = VECTOR ( 'NONE', #1735, 1000.000000000000000 ) ;
#1718 = CARTESIAN_POINT ( 'NONE',  ( 0.000000000000000000, 0.000000000000000000, 4.000000000000000000 ) ) ;
#1719 = VECTOR ( 'NONE', #1002, 1000.000000000000000 ) ;
#1720 = DIRECTION ( 'NONE',  ( 1.000000000000000000, 0.000000000000000000, 0.000000000000000000 ) ) ;
#1721 = CIRCLE ( 'NONE', #230, 2.750000000000000000 ) ;
#1722 = LINE ( 'NONE', #1979, #501 ) ;
#1723 = AXIS2_PLACEMENT_3D ( 'NONE', #1481, #1165, #2014 ) ;
#1724 = DIRECTION ( 'NONE',  ( 0.000000000000000000, 0.000000000000000000, -1.000000000000000000 ) ) ;
#1725 = VERTEX_POINT ( 'NONE', #1316 ) ;
#1726 = CIRCLE ( 'NONE', #769, 1.100000000000000089 ) ;
#1727 = ORIENTED_EDGE ( 'NONE', *, *, #727, .F. ) ;
#1728 = VERTEX_POINT ( 'NONE', #765 ) ;
#1729 = DIRECTION ( 'NONE',  ( 1.000000000000000000, 0.000000000000000000, 0.000000000000000000 ) ) ;
#1730 = EDGE_CURVE ( 'NONE', #989, #241, #1285, .T. ) ;
#1731 = CARTESIAN_POINT ( 'NONE',  ( 78.00000000000000000, -16.00000000000000000, 0.000000000000000000 ) ) ;
#1732 = FACE_BOUND ( 'NONE', #360, .T. ) ;
#1733 = CARTESIAN_POINT ( 'NONE',  ( -9.099999999999999645, 0.000000000000000000, 0.000000000000000000 ) ) ;
#1734 = EDGE_CURVE ( 'NONE', #1881, #2000, #484, .T. ) ;
#1735 = DIRECTION ( 'NONE',  ( -0.000000000000000000, -1.000000000000000000, -0.000000000000000000 ) ) ;
#1736 = APPROVAL_STATUS ( 'not_yet_approved' ) ;
#1737 = EDGE_LOOP ( 'NONE', ( #2203, #454, #250, #508 ) ) ;
#1738 = DIRECTION ( 'NONE',  ( 0.000000000000000000, 0.000000000000000000, -1.000000000000000000 ) ) ;
#1739 = VERTEX_POINT ( 'NONE', #2198 ) ;
#1740 = ORIENTED_EDGE ( 'NONE', *, *, #1781, .F. ) ;
#1741 = CARTESIAN_POINT ( 'NONE',  ( 0.000000000000000000, 8.000000000000000000, 3.000000000000000000 ) ) ;
#1742 = DIRECTION ( 'NONE',  ( 0.000000000000000000, 0.000000000000000000, 1.000000000000000000 ) ) ;
#1743 = LINE ( 'NONE', #1212, #265 ) ;
#1744 = EDGE_CURVE ( 'NONE', #1292, #1604, #1186, .T. ) ;
#1745 = ORIENTED_EDGE ( 'NONE', *, *, #1203, .T. ) ;
#1746 = VERTEX_POINT ( 'NONE', #1819 ) ;
#1747 = CYLINDRICAL_SURFACE ( 'NONE', #1044, 1.100000000000000089 ) ;
#1748 = VECTOR ( 'NONE', #1703, 1000.000000000000000 ) ;
#1749 = VERTEX_POINT ( 'NONE', #1842 ) ;
#1750 = DIRECTION ( 'NONE',  ( -1.000000000000000000, 0.000000000000000000, 0.000000000000000000 ) ) ;
#1751 = DIRECTION ( 'NONE',  ( 1.000000000000000000, 0.000000000000000000, 0.000000000000000000 ) ) ;
#1752 = ORIENTED_EDGE ( 'NONE', *, *, #221, .T. ) ;
#1753 = AXIS2_PLACEMENT_3D ( 'NONE', #495, #366, #1554 ) ;
#1754 = EDGE_CURVE ( 'NONE', #577, #1940, #2186, .T. ) ;
#1755 = ORIENTED_EDGE ( 'NONE', *, *, #974, .T. ) ;
#1756 = AXIS2_PLACEMENT_3D ( 'NONE', #2133, #813, #645 ) ;
#1757 = CARTESIAN_POINT ( 'NONE',  ( 34.00000000000000000, -16.00000000000000000, 4.000000000000000000 ) ) ;
#1758 = EDGE_CURVE ( 'NONE', #471, #852, #514, .T. ) ;
#1759 = ORIENTED_EDGE ( 'NONE', *, *, #1104, .T. ) ;
#1760 = VECTOR ( 'NONE', #328, 1000.000000000000000 ) ;
#1761 = FACE_OUTER_BOUND ( 'NONE', #1266, .T. ) ;
#1762 = CARTESIAN_POINT ( 'NONE',  ( 0.000000000000000000, 8.000000000000000000, 4.000000000000000000 ) ) ;
#1763 = AXIS2_PLACEMENT_3D ( 'NONE', #1653, #1151, #1830 ) ;
#1764 = FACE_BOUND ( 'NONE', #177, .T. ) ;
#1765 = DIRECTION ( 'NONE',  ( 1.000000000000000000, 0.000000000000000000, 0.000000000000000000 ) ) ;
#1766 = ORIENTED_EDGE ( 'NONE', *, *, #1094, .F. ) ;
#1767 = APPROVAL_DATE_TIME ( #1264, #1508 ) ;
#1768 = EDGE_LOOP ( 'NONE', ( #1790, #1825, #2030, #814 ) ) ;
#1769 = EDGE_CURVE ( 'NONE', #2093, #74, #1726, .T. ) ;
#1770 = PLANE ( 'NONE',  #905 ) ;
#1771 = EDGE_CURVE ( 'NONE', #1402, #1711, #90, .T. ) ;
#1772 = VERTEX_POINT ( 'NONE', #1502 ) ;
#1773 = CARTESIAN_POINT ( 'NONE',  ( 0.000000000000000000, -7.000000000000000000, 4.000000000000000000 ) ) ;
#1774 = VERTEX_POINT ( 'NONE', #310 ) ;
#1775 = CARTESIAN_POINT ( 'NONE',  ( 78.00000000000000000, -16.00000000000000000, 4.000000000000000000 ) ) ;
#1776 = DIRECTION ( 'NONE',  ( -1.000000000000000000, 0.000000000000000000, 0.000000000000000000 ) ) ;
#1777 = LINE ( 'NONE', #1134, #686 ) ;
#1778 = ORIENTED_EDGE ( 'NONE', *, *, #500, .T. ) ;
#1779 = VERTEX_POINT ( 'NONE', #1010 ) ;
#1780 = CARTESIAN_POINT ( 'NONE',  ( -6.899999999999999467, 1.347111479062088503E-16, 0.000000000000000000 ) ) ;
#1781 = EDGE_CURVE ( 'NONE', #852, #471, #1342, .T. ) ;
#1782 = VERTEX_POINT ( 'NONE', #639 ) ;
#1783 = CARTESIAN_POINT ( 'NONE',  ( 40.00000000000000000, -7.000000000000000000, 4.000000000000000000 ) ) ;
#1784 = DIRECTION ( 'NONE',  ( -0.000000000000000000, -0.000000000000000000, -1.000000000000000000 ) ) ;
#1785 = AXIS2_PLACEMENT_3D ( 'NONE', #1142, #1482, #1561 ) ;
#1786 = ADVANCED_FACE ( 'NONE', ( #991 ), #1177, .T. ) ;
#1787 = VERTEX_POINT ( 'NONE', #294 ) ;
#1788 = PLANE ( 'NONE',  #410 ) ;
#1789 = CARTESIAN_POINT ( 'NONE',  ( 34.00000000000000000, 15.00000000000000000, 4.000000000000000000 ) ) ;
#1790 = ORIENTED_EDGE ( 'NONE', *, *, #1607, .F. ) ;
#1791 = LINE ( 'NONE', #264, #1997 ) ;
#1792 = AXIS2_PLACEMENT_3D ( 'NONE', #591, #1103, #1280 ) ;
#1793 = VERTEX_POINT ( 'NONE', #1993 ) ;
#1794 = CARTESIAN_POINT ( 'NONE',  ( 6.899999999999999467, 0.000000000000000000, 8.000000000000000000 ) ) ;
#1795 = CARTESIAN_POINT ( 'NONE',  ( 30.00000000000000000, -11.00000000000000000, 4.000000000000000000 ) ) ;
#1796 = AXIS2_PLACEMENT_3D ( 'NONE', #427, #940, #2097 ) ;
#1797 = ORIENTED_EDGE ( 'NONE', *, *, #1116, .T. ) ;
#1798 = LINE ( 'NONE', #604, #412 ) ;
#1799 = EDGE_CURVE ( 'NONE', #720, #1253, #1906, .T. ) ;
#1800 = CARTESIAN_POINT ( 'NONE',  ( 8.000000000000000000, 0.000000000000000000, 0.000000000000000000 ) ) ;
#1801 = VECTOR ( 'NONE', #867, 1000.000000000000000 ) ;
#1802 = LINE ( 'NONE', #275, #440 ) ;
#1803 = EDGE_LOOP ( 'NONE', ( #590, #1956, #1244, #1135 ) ) ;
#1804 = CARTESIAN_POINT ( 'NONE',  ( 71.89999999999999147, -13.50000000000000000, 4.000000000000000000 ) ) ;
#1805 = ORIENTED_EDGE ( 'NONE', *, *, #96, .T. ) ;
#1806 = CARTESIAN_POINT ( 'NONE',  ( 0.000000000000000000, -8.000000000000000000, 4.000000000000000000 ) ) ;
#1807 = PLANE ( 'NONE',  #251 ) ;
#1808 = ORIENTED_EDGE ( 'NONE', *, *, #1354, .F. ) ;
#1809 = DIRECTION ( 'NONE',  ( 0.000000000000000000, 0.000000000000000000, 1.000000000000000000 ) ) ;
#1810 = FACE_OUTER_BOUND ( 'NONE', #142, .T. ) ;
#1811 = PRODUCT_DEFINITION ( 'UNKNOWN', '', #24, #1932 ) ;
#1812 = ORIENTED_EDGE ( 'NONE', *, *, #1214, .T. ) ;
#1813 = EDGE_CURVE ( 'NONE', #1604, #565, #1673, .T. ) ;
#1814 = CYLINDRICAL_SURFACE ( 'NONE', #153, 1.100000000000000311 ) ;
#1815 = VERTEX_POINT ( 'NONE', #2175 ) ;
#1816 = ORIENTED_EDGE ( 'NONE', *, *, #1532, .F. ) ;
#1817 = DIRECTION ( 'NONE',  ( -0.000000000000000000, -0.000000000000000000, -1.000000000000000000 ) ) ;
#1818 = AXIS2_PLACEMENT_3D ( 'NONE', #22, #705, #1895 ) ;
#1819 = CARTESIAN_POINT ( 'NONE',  ( 27.00000000000000000, -16.00000000000000000, 7.000000000000000000 ) ) ;
#1820 = CARTESIAN_POINT ( 'NONE',  ( 73.00000000000000000, -13.50000000000000000, 0.000000000000000000 ) ) ;
#1821 = ORIENTED_EDGE ( 'NONE', *, *, #1329, .T. ) ;
#1822 = CARTESIAN_POINT ( 'NONE',  ( 70.00000000000000000, 41.00000000000000000, 0.000000000000000000 ) ) ;
#1823 = ADVANCED_FACE ( 'NONE', ( #651 ), #1336, .F. ) ;
#1824 = VECTOR ( 'NONE', #104, 1000.000000000000000 ) ;
#1825 = ORIENTED_EDGE ( 'NONE', *, *, #2011, .T. ) ;
#1826 = LINE ( 'NONE', #973, #1196 ) ;
#1827 = DIRECTION ( 'NONE',  ( 0.000000000000000000, 0.000000000000000000, -1.000000000000000000 ) ) ;
#1828 = VERTEX_POINT ( 'NONE', #1851 ) ;
#1829 = CARTESIAN_POINT ( 'NONE',  ( 34.00000000000000000, -7.000000000000000000, 4.000000000000000000 ) ) ;
#1830 = DIRECTION ( 'NONE',  ( 1.000000000000000000, 0.000000000000000000, 0.000000000000000000 ) ) ;
#1831 = CIRCLE ( 'NONE', #1586, 7.000000000000000000 ) ;
#1832 = CYLINDRICAL_SURFACE ( 'NONE', #871, 2.750000000000000000 ) ;
#1833 = ORIENTED_EDGE ( 'NONE', *, *, #926, .T. ) ;
#1834 = VECTOR ( 'NONE', #610, 1000.000000000000000 ) ;
#1835 = DIRECTION ( 'NONE',  ( 0.000000000000000000, 1.000000000000000000, 0.000000000000000000 ) ) ;
#1836 = APPROVAL ( #1736, 'UNSPECIFIED' ) ;
#1837 = VERTEX_POINT ( 'NONE', #978 ) ;
#1838 = PERSON_AND_ORGANIZATION ( #670, #1350 ) ;
#1839 = ADVANCED_FACE ( 'NONE', ( #331 ), #809, .F. ) ;
#1840 = ORIENTED_EDGE ( 'NONE', *, *, #754, .F. ) ;
#1841 = CARTESIAN_POINT ( 'NONE',  ( 78.00000000000000000, -16.00000000000000000, 4.000000000000000000 ) ) ;
#1842 = CARTESIAN_POINT ( 'NONE',  ( 78.00000000000000000, -11.00000000000000000, 4.000000000000000000 ) ) ;
#1843 = DIRECTION ( 'NONE',  ( 0.000000000000000000, 0.000000000000000000, -1.000000000000000000 ) ) ;
#1844 = ORIENTED_EDGE ( 'NONE', *, *, #918, .F. ) ;
#1845 = CARTESIAN_POINT ( 'NONE',  ( -8.000000000000000000, 0.000000000000000000, 8.000000000000000000 ) ) ;
#1846 = CARTESIAN_POINT ( 'NONE',  ( 38.60000000000000142, 23.50000000000000000, 4.000000000000000888 ) ) ;
#1847 = ORIENTED_EDGE ( 'NONE', *, *, #1469, .T. ) ;
#1848 = LINE ( 'NONE', #2160, #1330 ) ;
#1849 = ORIENTED_EDGE ( 'NONE', *, *, #1410, .T. ) ;
#1850 = LINE ( 'NONE', #1829, #1760 ) ;
#1851 = CARTESIAN_POINT ( 'NONE',  ( 2.750000000000000000, 8.000000000000000000, 3.000000000000000000 ) ) ;
#1852 = EDGE_CURVE ( 'NONE', #1940, #88, #1357, .T. ) ;
#1853 = DIRECTION ( 'NONE',  ( 0.000000000000000000, 0.000000000000000000, -1.000000000000000000 ) ) ;
#1854 = CIRCLE ( 'NONE', #1180, 4.000000000000000000 ) ;
#1855 = CIRCLE ( 'NONE', #971, 2.749999999999999112 ) ;
#1856 = PLANE ( 'NONE',  #187 ) ;
#1857 = DIRECTION ( 'NONE',  ( 0.000000000000000000, 0.000000000000000000, -1.000000000000000000 ) ) ;
#1858 = CARTESIAN_POINT ( 'NONE',  ( 8.000000000000000000, 0.000000000000000000, 8.000000000000000000 ) ) ;
#1859 = ORIENTED_EDGE ( 'NONE', *, *, #1133, .T. ) ;
#1860 = DIRECTION ( 'NONE',  ( -1.000000000000000000, 0.000000000000000000, 0.000000000000000000 ) ) ;
#1861 = CIRCLE ( 'NONE', #617, 1.100000000000000089 ) ;
#1862 = AXIS2_PLACEMENT_3D ( 'NONE', #1216, #1398, #1857 ) ;
#1863 = EDGE_CURVE ( 'NONE', #777, #1470, #1854, .T. ) ;
#1864 = DIRECTION ( 'NONE',  ( -1.000000000000000000, 0.000000000000000000, 0.000000000000000000 ) ) ;
#1865 = CIRCLE ( 'NONE', #192, 1.300000000000002487 ) ;
#1866 = ADVANCED_FACE ( 'NONE', ( #682 ), #1364, .F. ) ;
#1867 = CIRCLE ( 'NONE', #548, 2.750000000000000000 ) ;
#1868 = DIRECTION ( 'NONE',  ( 0.000000000000000000, 0.000000000000000000, -1.000000000000000000 ) ) ;
#1869 = PLANE ( 'NONE',  #474 ) ;
#1870 = DIRECTION ( 'NONE',  ( 0.000000000000000000, 0.000000000000000000, 1.000000000000000000 ) ) ;
#1871 = VERTEX_POINT ( 'NONE', #44 ) ;
#1872 = ORIENTED_EDGE ( 'NONE', *, *, #1161, .F. ) ;
#1873 = DIRECTION ( 'NONE',  ( 0.000000000000000000, 0.000000000000000000, 1.000000000000000000 ) ) ;
#1874 = LINE ( 'NONE', #535, #2004 ) ;
#1875 = DIRECTION ( 'NONE',  ( 0.000000000000000000, 0.000000000000000000, -1.000000000000000000 ) ) ;
#1876 = EDGE_CURVE ( 'NONE', #1500, #267, #859, .T. ) ;
#1877 = LINE ( 'NONE', #355, #117 ) ;
#1878 = EDGE_CURVE ( 'NONE', #1470, #361, #908, .T. ) ;
#1879 = PLANE ( 'NONE',  #2077 ) ;
#1880 = ORIENTED_EDGE ( 'NONE', *, *, #970, .F. ) ;
#1881 = VERTEX_POINT ( 'NONE', #1074 ) ;
#1882 = ORIENTED_EDGE ( 'NONE', *, *, #475, .F. ) ;
#1883 = LINE ( 'NONE', #556, #1571 ) ;
#1884 = LINE ( 'NONE', #1588, #1273 ) ;
#1885 = FACE_OUTER_BOUND ( 'NONE', #5, .T. ) ;
#1886 = PLANE ( 'NONE',  #1375 ) ;
#1887 = DIRECTION ( 'NONE',  ( -0.000000000000000000, -0.000000000000000000, -1.000000000000000000 ) ) ;
#1888 = CARTESIAN_POINT ( 'NONE',  ( 26.00000000000000000, 41.00000000000000000, 0.000000000000000000 ) ) ;
#1889 = VECTOR ( 'NONE', #938, 1000.000000000000000 ) ;
#1890 = PERSON_AND_ORGANIZATION_ROLE ( 'design_owner' ) ;
#1891 = CARTESIAN_POINT ( 'NONE',  ( -8.000000000000000000, 0.000000000000000000, 3.000000000000000000 ) ) ;
#1892 = EDGE_CURVE ( 'NONE', #954, #2126, #1587, .T. ) ;
#1893 = ORIENTED_EDGE ( 'NONE', *, *, #1863, .F. ) ;
#1894 = VERTEX_POINT ( 'NONE', #178 ) ;
#1895 = DIRECTION ( 'NONE',  ( 1.000000000000000000, 0.000000000000000000, 0.000000000000000000 ) ) ;
#1896 = LINE ( 'NONE', #1210, #1414 ) ;
#1897 = CARTESIAN_POINT ( 'NONE',  ( 65.00000000000000000, 30.00000000000000000, 4.000000000000003553 ) ) ;
#1898 = AXIS2_PLACEMENT_3D ( 'NONE', #1926, #405, #1947 ) ;
#1899 = DIRECTION ( 'NONE',  ( 0.000000000000000000, 1.000000000000000000, 0.000000000000000000 ) ) ;
#1900 = AXIS2_PLACEMENT_3D ( 'NONE', #311, #1505, #460 ) ;
#1901 = DIRECTION ( 'NONE',  ( -0.000000000000000000, -0.000000000000000000, -1.000000000000000000 ) ) ;
#1902 = VECTOR ( 'NONE', #101, 1000.000000000000000 ) ;
#1903 = VECTOR ( 'NONE', #662, 1000.000000000000000 ) ;
#1904 = DIRECTION ( 'NONE',  ( -1.000000000000000000, -0.000000000000000000, -0.000000000000000000 ) ) ;
#1905 = DIRECTION ( 'NONE',  ( 0.000000000000000000, 1.000000000000000000, 0.000000000000000000 ) ) ;
#1906 = CIRCLE ( 'NONE', #269, 1.299999999999995604 ) ;
#1907 = EDGE_LOOP ( 'NONE', ( #1546, #70 ) ) ;
#1908 = EDGE_LOOP ( 'NONE', ( #1279, #2111, #21, #924 ) ) ;
#1909 = LINE ( 'NONE', #2087, #220 ) ;
#1910 = DIRECTION ( 'NONE',  ( 0.000000000000000000, 0.000000000000000000, -1.000000000000000000 ) ) ;
#1911 = EDGE_CURVE ( 'NONE', #1739, #1925, #1053, .T. ) ;
#1912 = DIRECTION ( 'NONE',  ( 0.000000000000000000, 0.000000000000000000, 1.000000000000000000 ) ) ;
#1913 = CARTESIAN_POINT ( 'NONE',  ( 0.000000000000000000, 0.000000000000000000, 4.000000000000000000 ) ) ;
#1914 = DATE_TIME_ROLE ( 'creation_date' ) ;
#1915 = ORIENTED_EDGE ( 'NONE', *, *, #451, .F. ) ;
#1916 = DIRECTION ( 'NONE',  ( 0.000000000000000000, 0.000000000000000000, -1.000000000000000000 ) ) ;
#1917 = VERTEX_POINT ( 'NONE', #2057 ) ;
#1918 = ORIENTED_EDGE ( 'NONE', *, *, #2201, .F. ) ;
#1919 = CARTESIAN_POINT ( 'NONE',  ( 71.89999999999999147, -13.50000000000000000, 0.000000000000000000 ) ) ;
#1920 = CARTESIAN_POINT ( 'NONE',  ( -1.100000000000000089, 8.000000000000000000, 8.000000000000000000 ) ) ;
#1921 = DIRECTION ( 'NONE',  ( 1.000000000000000000, 0.000000000000000000, 0.000000000000000000 ) ) ;
#1922 = EDGE_CURVE ( 'NONE', #1774, #1971, #37, .T. ) ;
#1923 = DIRECTION ( 'NONE',  ( -0.000000000000000000, -0.000000000000000000, -1.000000000000000000 ) ) ;
#1924 = ORIENTED_EDGE ( 'NONE', *, *, #1011, .T. ) ;
#1925 = VERTEX_POINT ( 'NONE', #389 ) ;
#1926 = CARTESIAN_POINT ( 'NONE',  ( 8.000000000000000000, 0.000000000000000000, 3.000000000000000000 ) ) ;
#1927 = AXIS2_PLACEMENT_3D ( 'NONE', #6, #202, #214 ) ;
#1928 = EDGE_LOOP ( 'NONE', ( #2182, #1334, #799, #1701 ) ) ;
#1929 = DIRECTION ( 'NONE',  ( 1.000000000000000000, 0.000000000000000000, -0.000000000000000000 ) ) ;
#1930 = DIRECTION ( 'NONE',  ( 0.000000000000000000, 0.000000000000000000, -1.000000000000000000 ) ) ;
#1931 = LINE ( 'NONE', #417, #658 ) ;
#1932 = DESIGN_CONTEXT ( 'detailed design', #81, 'design' ) ;
#1933 = EDGE_CURVE ( 'NONE', #777, #125, #1222, .T. ) ;
#1934 = AXIS2_PLACEMENT_3D ( 'NONE', #1167, #1665, #1994 ) ;
#1935 = EDGE_CURVE ( 'NONE', #981, #315, #743, .T. ) ;
#1936 = ORIENTED_EDGE ( 'NONE', *, *, #53, .T. ) ;
#1937 = AXIS2_PLACEMENT_3D ( 'NONE', #368, #2018, #1015 ) ;
#1938 = DIRECTION ( 'NONE',  ( 0.000000000000000000, 0.000000000000000000, -1.000000000000000000 ) ) ;
#1939 = AXIS2_PLACEMENT_3D ( 'NONE', #59, #1284, #1617 ) ;
#1940 = VERTEX_POINT ( 'NONE', #898 ) ;
#1941 = VECTOR ( 'NONE', #1875, 1000.000000000000000 ) ;
#1942 = LINE ( 'NONE', #1595, #1889 ) ;
#1943 = FACE_BOUND ( 'NONE', #1464, .T. ) ;
#1944 = DIRECTION ( 'NONE',  ( 0.000000000000000000, 0.000000000000000000, 1.000000000000000000 ) ) ;
#1945 = CC_DESIGN_PERSON_AND_ORGANIZATION_ASSIGNMENT ( #240, #1555, ( #1519 ) ) ;
#1946 = ORIENTED_EDGE ( 'NONE', *, *, #2195, .F. ) ;
#1947 = DIRECTION ( 'NONE',  ( 1.000000000000000000, 0.000000000000000000, 0.000000000000000000 ) ) ;
#1948 = EDGE_CURVE ( 'NONE', #896, #471, #522, .T. ) ;
#1949 = EDGE_LOOP ( 'NONE', ( #729, #1073, #31, #807 ) ) ;
#1950 = DIRECTION ( 'NONE',  ( 1.000000000000000000, 0.000000000000000000, 0.000000000000000000 ) ) ;
#1951 = DIRECTION ( 'NONE',  ( 1.000000000000000000, 0.000000000000000000, 0.000000000000000000 ) ) ;
#1952 = CARTESIAN_POINT ( 'NONE',  ( 0.000000000000000000, 27.00000000000000000, 0.000000000000000000 ) ) ;
#1953 = CARTESIAN_POINT ( 'NONE',  ( 27.00000000000000000, -16.00000000000000000, 0.000000000000000000 ) ) ;
#1954 = LINE ( 'NONE', #1450, #1082 ) ;
#1955 = EDGE_CURVE ( 'NONE', #413, #444, #402, .T. ) ;
#1956 = ORIENTED_EDGE ( 'NONE', *, *, #1055, .F. ) ;
#1957 = CARTESIAN_POINT ( 'NONE',  ( -6.589843749999999112, -2.360923410571791337, 8.000000000000000000 ) ) ;
#1958 = AXIS2_PLACEMENT_3D ( 'NONE', #1129, #280, #794 ) ;
#1959 = VERTEX_POINT ( 'NONE', #352 ) ;
#1960 = CARTESIAN_POINT ( 'NONE',  ( 62.39999999999999858, 27.00000000000000000, 4.000000000000000888 ) ) ;
#1961 = CYLINDRICAL_SURFACE ( 'NONE', #841, 1.100000000000003642 ) ;
#1962 = DIRECTION ( 'NONE',  ( -0.000000000000000000, -1.000000000000000000, -0.000000000000000000 ) ) ;
#1963 = ORIENTED_EDGE ( 'NONE', *, *, #1536, .F. ) ;
#1964 = DIRECTION ( 'NONE',  ( 1.000000000000000000, 0.000000000000000000, 0.000000000000000000 ) ) ;
#1965 = VECTOR ( 'NONE', #1685, 1000.000000000000000 ) ;
#1966 = ORIENTED_EDGE ( 'NONE', *, *, #1522, .F. ) ;
#1967 = DIRECTION ( 'NONE',  ( -0.000000000000000000, -0.000000000000000000, -1.000000000000000000 ) ) ;
#1968 = CARTESIAN_POINT ( 'NONE',  ( 0.000000000000000000, 8.000000000000000000, 3.000000000000000000 ) ) ;
#1969 = AXIS2_PLACEMENT_3D ( 'NONE', #392, #560, #1751 ) ;
#1970 = AXIS2_PLACEMENT_3D ( 'NONE', #203, #1562, #1086 ) ;
#1971 = VERTEX_POINT ( 'NONE', #1535 ) ;
#1972 = CARTESIAN_POINT ( 'NONE',  ( -8.000000000000000000, 0.000000000000000000, 3.000000000000000000 ) ) ;
#1973 = CYLINDRICAL_SURFACE ( 'NONE', #1197, 13.00000000000000000 ) ;
#1974 = ADVANCED_FACE ( 'NONE', ( #1209 ), #509, .F. ) ;
#1975 = VERTEX_POINT ( 'NONE', #1403 ) ;
#1976 = DIRECTION ( 'NONE',  ( -1.000000000000000000, -0.000000000000000000, -0.000000000000000000 ) ) ;
#1977 = ORIENTED_EDGE ( 'NONE', *, *, #788, .T. ) ;
#1978 = LINE ( 'NONE', #1794, #342 ) ;
#1979 = CARTESIAN_POINT ( 'NONE',  ( -5.250000000000000000, 3.367778697655221012E-16, 8.000000000000000000 ) ) ;
#1980 = VERTEX_POINT ( 'NONE', #33 ) ;
#1981 = CARTESIAN_POINT ( 'NONE',  ( 10.95445115010332238, -7.000000000000000000, 4.000000000000000000 ) ) ;
#1982 = CARTESIAN_POINT ( 'NONE',  ( 40.00000000000000000, -7.000000000000000000, 0.000000000000000000 ) ) ;
#1983 = EDGE_CURVE ( 'NONE', #57, #1828, #1528, .T. ) ;
#1984 = DIRECTION ( 'NONE',  ( 0.000000000000000000, -0.000000000000000000, -1.000000000000000000 ) ) ;
#1985 = ORIENTED_EDGE ( 'NONE', *, *, #1565, .F. ) ;
#1986 = DIRECTION ( 'NONE',  ( -1.000000000000000000, 0.000000000000000000, 0.000000000000000000 ) ) ;
#1987 = ORIENTED_EDGE ( 'NONE', *, *, #1379, .T. ) ;
#1988 = CARTESIAN_POINT ( 'NONE',  ( 65.00000000000000000, 30.00000000000000000, 4.000000000000003553 ) ) ;
#1989 = DIRECTION ( 'NONE',  ( -0.000000000000000000, -0.000000000000000000, -1.000000000000000000 ) ) ;
#1990 = VERTEX_POINT ( 'NONE', #1574 ) ;
#1991 = CARTESIAN_POINT ( 'NONE',  ( 66.29999999999999716, 30.00000000000000000, 0.000000000000000000 ) ) ;
#1992 = AXIS2_PLACEMENT_3D ( 'NONE', #1968, #602, #1950 ) ;
#1993 = CARTESIAN_POINT ( 'NONE',  ( 58.10000000000000142, -13.50000000000000000, 0.000000000000000000 ) ) ;
#1994 = DIRECTION ( 'NONE',  ( 1.000000000000000000, 0.000000000000000000, 0.000000000000000000 ) ) ;
#1995 = EDGE_LOOP ( 'NONE', ( #927, #839, #1047, #212 ) ) ;
#1996 = CARTESIAN_POINT ( 'NONE',  ( 34.00000000000000000, -16.00000000000000000, 7.000000000000000000 ) ) ;
#1997 = VECTOR ( 'NONE', #2083, 1000.000000000000000 ) ;
#1998 = EDGE_CURVE ( 'NONE', #132, #1787, #1883, .T. ) ;
#1999 = CIRCLE ( 'NONE', #371, 7.000000000000000000 ) ;
#2000 = VERTEX_POINT ( 'NONE', #533 ) ;
#2001 = AXIS2_PLACEMENT_3D ( 'NONE', #810, #1695, #2007 ) ;
#2002 = ORIENTED_EDGE ( 'NONE', *, *, #890, .T. ) ;
#2003 = PLANE ( 'NONE',  #1123 ) ;
#2004 = VECTOR ( 'NONE', #1742, 1000.000000000000000 ) ;
#2005 = CARTESIAN_POINT ( 'NONE',  ( 0.000000000000000000, 8.000000000000000000, 8.000000000000000000 ) ) ;
#2006 = VECTOR ( 'NONE', #1356, 1000.000000000000000 ) ;
#2007 = DIRECTION ( 'NONE',  ( 1.000000000000000000, 0.000000000000000000, 0.000000000000000000 ) ) ;
#2008 = VERTEX_POINT ( 'NONE', #1389 ) ;
#2009 = DIRECTION ( 'NONE',  ( 1.000000000000000000, 0.000000000000000000, 0.000000000000000000 ) ) ;
#2010 = CARTESIAN_POINT ( 'NONE',  ( 6.589843750000000000, -2.360923410571789560, 8.000000000000000000 ) ) ;
#2011 = EDGE_CURVE ( 'NONE', #936, #852, #1909, .T. ) ;
#2012 = VERTEX_POINT ( 'NONE', #1919 ) ;
#2013 = EDGE_LOOP ( 'NONE', ( #1681, #894, #742, #816, #1812, #1319, #691, #201, #1488, #1102, #1387, #1090, #1745, #140, #1624, #461, #1239 ) ) ;
#2014 = DIRECTION ( 'NONE',  ( 1.000000000000000000, 0.000000000000000000, 0.000000000000000000 ) ) ;
#2015 = CARTESIAN_POINT ( 'NONE',  ( 62.39999999999999858, 23.50000000000000000, 4.000000000000000888 ) ) ;
#2016 = LINE ( 'NONE', #1485, #83 ) ;
#2017 = DIRECTION ( 'NONE',  ( 1.000000000000000000, -0.000000000000000000, 0.000000000000000000 ) ) ;
#2018 = DIRECTION ( 'NONE',  ( 0.000000000000000000, 0.000000000000000000, -1.000000000000000000 ) ) ;
#2019 = ORIENTED_EDGE ( 'NONE', *, *, #1433, .F. ) ;
#2020 = EDGE_CURVE ( 'NONE', #401, #2008, #398, .T. ) ;
#2021 = LINE ( 'NONE', #1516, #2006 ) ;
#2022 = DIRECTION ( 'NONE',  ( -0.000000000000000000, -1.000000000000000000, -0.000000000000000000 ) ) ;
#2023 = EDGE_CURVE ( 'NONE', #1975, #2012, #2174, .T. ) ;
#2024 = FACE_OUTER_BOUND ( 'NONE', #1377, .T. ) ;
#2025 = VECTOR ( 'NONE', #375, 1000.000000000000000 ) ;
#2026 = LINE ( 'NONE', #1213, #1152 ) ;
#2027 = CYLINDRICAL_SURFACE ( 'NONE', #836, 1.099999999999996758 ) ;
#2028 = LINE ( 'NONE', #505, #2108 ) ;
#2029 = VECTOR ( 'NONE', #422, 1000.000000000000000 ) ;
#2030 = ORIENTED_EDGE ( 'NONE', *, *, #1758, .F. ) ;
#2031 = VERTEX_POINT ( 'NONE', #611 ) ;
#2032 = EDGE_CURVE ( 'NONE', #297, #1837, #789, .T. ) ;
#2033 = DIRECTION ( 'NONE',  ( -1.000000000000000000, -0.000000000000000000, -0.000000000000000000 ) ) ;
#2034 = CIRCLE ( 'NONE', #1898, 2.749999999999999112 ) ;
#2035 = DIRECTION ( 'NONE',  ( -1.000000000000000000, 0.000000000000000000, 0.000000000000000000 ) ) ;
#2036 = CARTESIAN_POINT ( 'NONE',  ( 27.00000000000000000, -16.00000000000000000, 0.000000000000000000 ) ) ;
#2037 = ADVANCED_FACE ( 'NONE', ( #255 ), #1452, .F. ) ;
#2038 = AXIS2_PLACEMENT_3D ( 'NONE', #1613, #254, #1381 ) ;
#2039 = CARTESIAN_POINT ( 'NONE',  ( -9.099999999999999645, 0.000000000000000000, 3.000000000000000000 ) ) ;
#2040 = CARTESIAN_POINT ( 'NONE',  ( -9.099999999999999645, 0.000000000000000000, 8.000000000000000000 ) ) ;
#2041 = ORIENTED_EDGE ( 'NONE', *, *, #541, .T. ) ;
#2042 = VERTEX_POINT ( 'NONE', #580 ) ;
#2043 = ORIENTED_EDGE ( 'NONE', *, *, #138, .F. ) ;
#2044 = CARTESIAN_POINT ( 'NONE',  ( -4.000000000000000000, 0.000000000000000000, 6.999999999999999112 ) ) ;
#2045 = CARTESIAN_POINT ( 'NONE',  ( 34.00000000000000000, 7.000000000000000000, 7.000000000000000000 ) ) ;
#2046 = APPROVAL_PERSON_ORGANIZATION ( #1061, #1508, #1078 ) ;
#2047 = FACE_BOUND ( 'NONE', #1572, .T. ) ;
#2048 = FACE_OUTER_BOUND ( 'NONE', #1585, .T. ) ;
#2049 = CARTESIAN_POINT ( 'NONE',  ( 0.000000000000000000, -8.000000000000000000, 4.000000000000000000 ) ) ;
#2050 = EDGE_CURVE ( 'NONE', #2000, #1793, #717, .T. ) ;
#2051 = CARTESIAN_POINT ( 'NONE',  ( 26.00000000000000000, 41.00000000000000000, 4.000000000000000000 ) ) ;
#2052 = LINE ( 'NONE', #1669, #73 ) ;
#2053 = CARTESIAN_POINT ( 'NONE',  ( 62.39999999999999858, 36.50000000000000000, 4.000000000000000000 ) ) ;
#2054 = ORIENTED_EDGE ( 'NONE', *, *, #390, .T. ) ;
#2055 = ORIENTED_EDGE ( 'NONE', *, *, #2166, .T. ) ;
#2056 = ORIENTED_EDGE ( 'NONE', *, *, #974, .F. ) ;
#2057 = CARTESIAN_POINT ( 'NONE',  ( 2.360923410571791337, 6.589843749999999112, 8.000000000000000000 ) ) ;
#2058 = DIRECTION ( 'NONE',  ( 0.000000000000000000, 0.000000000000000000, -1.000000000000000000 ) ) ;
#2059 = DIRECTION ( 'NONE',  ( 1.000000000000000000, 0.000000000000000000, -0.000000000000000000 ) ) ;
#2060 = CARTESIAN_POINT ( 'NONE',  ( 0.000000000000000000, 7.000000000000000000, 4.000000000000000000 ) ) ;
#2061 = ORIENTED_EDGE ( 'NONE', *, *, #600, .F. ) ;
#2062 = DIRECTION ( 'NONE',  ( -1.000000000000000000, 0.000000000000000000, 0.000000000000000000 ) ) ;
#2063 = EDGE_CURVE ( 'NONE', #125, #361, #824, .T. ) ;
#2064 = AXIS2_PLACEMENT_3D ( 'NONE', #1773, #928, #2103 ) ;
#2065 = COORDINATED_UNIVERSAL_TIME_OFFSET ( 6, 0, .BEHIND. ) ;
#2066 = AXIS2_PLACEMENT_3D ( 'NONE', #1107, #143, #197 ) ;
#2067 = CARTESIAN_POINT ( 'NONE',  ( 34.69999999999999574, 30.00000000000000000, 4.000000000000003553 ) ) ;
#2068 = CARTESIAN_POINT ( 'NONE',  ( 70.00000000000000000, 15.00000000000000000, 4.000000000000000000 ) ) ;
#2069 = EDGE_CURVE ( 'NONE', #262, #1138, #91, .T. ) ;
#2070 = ORIENTED_EDGE ( 'NONE', *, *, #1553, .F. ) ;
#2071 = EDGE_LOOP ( 'NONE', ( #792, #278, #1666, #1418 ) ) ;
#2072 = DIRECTION ( 'NONE',  ( -0.000000000000000000, -0.000000000000000000, 1.000000000000000000 ) ) ;
#2073 = VECTOR ( 'NONE', #1916, 1000.000000000000000 ) ;
#2074 = CARTESIAN_POINT ( 'NONE',  ( 65.00000000000000000, 30.00000000000000000, 4.000000000000003553 ) ) ;
#2075 = CIRCLE ( 'NONE', #728, 7.000000000000000000 ) ;
#2076 = DIRECTION ( 'NONE',  ( 0.000000000000000000, 0.000000000000000000, 1.000000000000000000 ) ) ;
#2077 = AXIS2_PLACEMENT_3D ( 'NONE', #1846, #325, #530 ) ;
#2078 = LINE ( 'NONE', #550, #472 ) ;
#2079 = VECTOR ( 'NONE', #1951, 1000.000000000000000 ) ;
#2080 = PERSON_AND_ORGANIZATION_ROLE ( 'design_supplier' ) ;
#2081 = VECTOR ( 'NONE', #112, 1000.000000000000000 ) ;
#2082 = ORIENTED_EDGE ( 'NONE', *, *, #2163, .F. ) ;
#2083 = DIRECTION ( 'NONE',  ( 0.000000000000000000, 0.000000000000000000, -1.000000000000000000 ) ) ;
#2084 = EDGE_CURVE ( 'NONE', #1749, #111, #245, .T. ) ;
#2085 = ORIENTED_EDGE ( 'NONE', *, *, #1091, .T. ) ;
#2086 = ORIENTED_EDGE ( 'NONE', *, *, #1329, .F. ) ;
#2087 = CARTESIAN_POINT ( 'NONE',  ( 2.750000000000000000, -8.000000000000000000, 8.000000000000000000 ) ) ;
#2088 = CARTESIAN_POINT ( 'NONE',  ( 6.589843750000000888, -2.360923410571790448, 5.500000000000000000 ) ) ;
#2089 = DIRECTION ( 'NONE',  ( 0.000000000000000000, 1.000000000000000000, 0.000000000000000000 ) ) ;
#2090 = EDGE_LOOP ( 'NONE', ( #32, #1328, #1038, #1963, #232, #213, #637, #1451 ) ) ;
#2091 = VERTEX_POINT ( 'NONE', #1957 ) ;
#2092 = DIRECTION ( 'NONE',  ( 0.000000000000000000, 0.000000000000000000, -1.000000000000000000 ) ) ;
#2093 = VERTEX_POINT ( 'NONE', #774 ) ;
#2094 = CARTESIAN_POINT ( 'NONE',  ( 8.000000000000000000, 0.000000000000000000, 3.000000000000000000 ) ) ;
#2095 = EDGE_CURVE ( 'NONE', #1095, #1339, #750, .T. ) ;
#2096 = CARTESIAN_POINT ( 'NONE',  ( 27.00000000000000000, 7.000000000000000000, 4.000000000000000000 ) ) ;
#2097 = DIRECTION ( 'NONE',  ( 1.000000000000000000, 0.000000000000000000, 0.000000000000000000 ) ) ;
#2098 = ADVANCED_FACE ( 'NONE', ( #1761 ), #434, .F. ) ;
#2099 = EDGE_LOOP ( 'NONE', ( #787, #842 ) ) ;
#2100 = AXIS2_PLACEMENT_3D ( 'NONE', #160, #1020, #169 ) ;
#2101 = DIRECTION ( 'NONE',  ( 0.000000000000000000, 0.000000000000000000, 1.000000000000000000 ) ) ;
#2102 = ORIENTED_EDGE ( 'NONE', *, *, #1607, .T. ) ;
#2103 = DIRECTION ( 'NONE',  ( 0.000000000000000000, -0.000000000000000000, 1.000000000000000000 ) ) ;
#2104 = EDGE_CURVE ( 'NONE', #1828, #57, #573, .T. ) ;
#2105 = DIRECTION ( 'NONE',  ( -0.000000000000000000, -0.000000000000000000, -1.000000000000000000 ) ) ;
#2106 = DIRECTION ( 'NONE',  ( 0.000000000000000000, -0.000000000000000000, 1.000000000000000000 ) ) ;
#2107 = UNCERTAINTY_MEASURE_WITH_UNIT (LENGTH_MEASURE( 1.000000000000000082E-05 ), #1139, 'distance_accuracy_value', 'NONE');
#2108 = VECTOR ( 'NONE', #1195, 1000.000000000000000 ) ;
#2109 = CIRCLE ( 'NONE', #1753, 1.100000000000000311 ) ;
#2110 = EDGE_CURVE ( 'NONE', #1725, #1506, #1942, .T. ) ;
#2111 = ORIENTED_EDGE ( 'NONE', *, *, #148, .T. ) ;
#2112 = CIRCLE ( 'NONE', #583, 1.100000000000003642 ) ;
#2113 = EDGE_LOOP ( 'NONE', ( #770, #1376, #292, #1759 ) ) ;
#2114 = FACE_OUTER_BOUND ( 'NONE', #358, .T. ) ;
#2115 = AXIS2_PLACEMENT_3D ( 'NONE', #1461, #965, #999 ) ;
#2116 = ORIENTED_EDGE ( 'NONE', *, *, #1368, .T. ) ;
#2117 = VECTOR ( 'NONE', #1425, 1000.000000000000000 ) ;
#2118 = DIRECTION ( 'NONE',  ( 1.000000000000000000, 0.000000000000000000, 0.000000000000000000 ) ) ;
#2119 = DIRECTION ( 'NONE',  ( 0.000000000000000000, 0.000000000000000000, -1.000000000000000000 ) ) ;
#2120 = CARTESIAN_POINT ( 'NONE',  ( 8.000000000000000000, 0.000000000000000000, 8.000000000000000000 ) ) ;
#2121 = EDGE_CURVE ( 'NONE', #1711, #262, #1115, .T. ) ;
#2122 = ORIENTED_EDGE ( 'NONE', *, *, #67, .T. ) ;
#2123 = CC_DESIGN_APPROVAL ( #694, ( #1811 ) ) ;
#2124 = DIRECTION ( 'NONE',  ( -1.000000000000000000, -0.000000000000000000, -0.000000000000000000 ) ) ;
#2125 = ADVANCED_FACE ( 'NONE', ( #236, #953 ), #1807, .T. ) ;
#2126 = VERTEX_POINT ( 'NONE', #920 ) ;
#2127 = DIRECTION ( 'NONE',  ( 1.000000000000000000, 0.000000000000000000, 0.000000000000000000 ) ) ;
#2128 = CARTESIAN_POINT ( 'NONE',  ( 57.00000000000000000, -13.50000000000000000, 8.000000000000000000 ) ) ;
#2129 = DIRECTION ( 'NONE',  ( -1.000000000000000000, 0.000000000000000000, 0.000000000000000000 ) ) ;
#2130 = DIRECTION ( 'NONE',  ( -1.000000000000000000, -0.000000000000000000, 0.000000000000000000 ) ) ;
#2131 = EDGE_LOOP ( 'NONE', ( #901, #1321, #1495, #1805 ) ) ;
#2132 = CARTESIAN_POINT ( 'NONE',  ( 0.000000000000000000, -7.000000000000000000, 4.000000000000000000 ) ) ;
#2133 = CARTESIAN_POINT ( 'NONE',  ( 0.000000000000000000, 0.000000000000000000, 6.999999999999999112 ) ) ;
#2134 = ADVANCED_FACE ( 'NONE', ( #99 ), #964, .F. ) ;
#2135 = VERTEX_POINT ( 'NONE', #1271 ) ;
#2136 = CARTESIAN_POINT ( 'NONE',  ( 38.60000000000000142, 36.50000000000000000, 4.000000000000000888 ) ) ;
#2137 = DIRECTION ( 'NONE',  ( 1.000000000000000000, 0.000000000000000000, 0.000000000000000000 ) ) ;
#2138 = ORIENTED_EDGE ( 'NONE', *, *, #356, .F. ) ;
#2139 = DIRECTION ( 'NONE',  ( 1.000000000000000000, 0.000000000000000000, 0.000000000000000000 ) ) ;
#2140 = CARTESIAN_POINT ( 'NONE',  ( 26.00000000000000000, 41.00000000000000000, 0.000000000000000000 ) ) ;
#2141 = ORIENTED_EDGE ( 'NONE', *, *, #1091, .F. ) ;
#2142 = LINE ( 'NONE', #620, #906 ) ;
#2143 = VECTOR ( 'NONE', #855, 1000.000000000000000 ) ;
#2144 = AXIS2_PLACEMENT_3D ( 'NONE', #485, #1178, #149 ) ;
#2145 = DIRECTION ( 'NONE',  ( 0.000000000000000000, 0.000000000000000000, 1.000000000000000000 ) ) ;
#2146 = ORIENTED_EDGE ( 'NONE', *, *, #1022, .T. ) ;
#2147 = DIRECTION ( 'NONE',  ( 0.000000000000000000, -0.000000000000000000, -1.000000000000000000 ) ) ;
#2148 = CARTESIAN_POINT ( 'NONE',  ( 0.000000000000000000, 0.000000000000000000, 0.000000000000000000 ) ) ;
#2149 = ADVANCED_FACE ( 'NONE', ( #783 ), #1460, .F. ) ;
#2150 = CIRCLE ( 'NONE', #2038, 4.000000000000000000 ) ;
#2151 = ORIENTED_EDGE ( 'NONE', *, *, #1457, .F. ) ;
#2152 = CARTESIAN_POINT ( 'NONE',  ( 27.00000000000000000, 7.000000000000000000, 7.000000000000000000 ) ) ;
#2153 = CARTESIAN_POINT ( 'NONE',  ( 6.589843750000000000, 2.360923410571789560, 8.000000000000000000 ) ) ;
#2154 = VECTOR ( 'NONE', #663, 1000.000000000000000 ) ;
#2155 = EDGE_CURVE ( 'NONE', #1881, #1815, #1400, .T. ) ;
#2156 = DIRECTION ( 'NONE',  ( 1.000000000000000000, 0.000000000000000000, 0.000000000000000000 ) ) ;
#2157 = EDGE_LOOP ( 'NONE', ( #1290, #1598 ) ) ;
#2158 = DIRECTION ( 'NONE',  ( 0.000000000000000000, 0.000000000000000000, -1.000000000000000000 ) ) ;
#2159 = VERTEX_POINT ( 'NONE', #761 ) ;
#2160 = CARTESIAN_POINT ( 'NONE',  ( 62.39999999999999858, 0.000000000000000000, 0.000000000000000000 ) ) ;
#2161 = ORIENTED_EDGE ( 'NONE', *, *, #1158, .F. ) ;
#2162 = FACE_OUTER_BOUND ( 'NONE', #1036, .T. ) ;
#2163 = EDGE_CURVE ( 'NONE', #249, #861, #1677, .T. ) ;
#2164 = DIRECTION ( 'NONE',  ( 0.000000000000000000, 0.000000000000000000, -1.000000000000000000 ) ) ;
#2165 = LINE ( 'NONE', #1012, #1965 ) ;
#2166 = EDGE_CURVE ( 'NONE', #60, #760, #1855, .T. ) ;
#2167 = VERTEX_POINT ( 'NONE', #290 ) ;
#2168 = FACE_BOUND ( 'NONE', #235, .T. ) ;
#2169 = ORIENTED_EDGE ( 'NONE', *, *, #1448, .T. ) ;
#2170 = CARTESIAN_POINT ( 'NONE',  ( 40.00000000000000000, -7.000000000000000000, 4.000000000000000000 ) ) ;
#2171 = DIRECTION ( 'NONE',  ( 1.000000000000000000, 0.000000000000000000, -0.000000000000000000 ) ) ;
#2172 = EDGE_LOOP ( 'NONE', ( #1859, #995, #825, #704 ) ) ;
#2173 = FACE_OUTER_BOUND ( 'NONE', #635, .T. ) ;
#2174 = CIRCLE ( 'NONE', #1818, 1.100000000000003642 ) ;
#2175 = CARTESIAN_POINT ( 'NONE',  ( 58.10000000000000142, -13.50000000000000000, 4.000000000000000000 ) ) ;
#2176 = EDGE_CURVE ( 'NONE', #444, #185, #17, .T. ) ;
#2177 = PLANE ( 'NONE',  #1154 ) ;
#2178 = ORIENTED_EDGE ( 'NONE', *, *, #988, .T. ) ;
#2179 = EDGE_CURVE ( 'NONE', #1959, #4, #1722, .T. ) ;
#2180 = FACE_OUTER_BOUND ( 'NONE', #312, .T. ) ;
#2181 = AXIS2_PLACEMENT_3D ( 'NONE', #643, #1456, #473 ) ;
#2182 = ORIENTED_EDGE ( 'NONE', *, *, #56, .F. ) ;
#2183 = AXIS2_PLACEMENT_3D ( 'NONE', #668, #1205, #538 ) ;
#2184 = EDGE_LOOP ( 'NONE', ( #1092, #1985, #507, #2146, #2002, #811, #1608, #1740 ) ) ;
#2185 = FACE_OUTER_BOUND ( 'NONE', #396, .T. ) ;
#2186 = LINE ( 'NONE', #1683, #1476 ) ;
#2187 = AXIS2_PLACEMENT_3D ( 'NONE', #1783, #707, #1417 ) ;
#2188 = CARTESIAN_POINT ( 'NONE',  ( -6.589843750000000888, -2.360923410571791337, 4.000000000000000000 ) ) ;
#2189 = ORIENTED_EDGE ( 'NONE', *, *, #1647, .F. ) ;
#2190 = CIRCLE ( 'NONE', #736, 1.100000000000000311 ) ;
#2191 = CARTESIAN_POINT ( 'NONE',  ( 58.00000000000000000, 23.50000000000000000, 4.000000000000000888 ) ) ;
#2192 = ADVANCED_FACE ( 'NONE', ( #1312, #700 ), #805, .T. ) ;
#2193 = DIRECTION ( 'NONE',  ( 0.000000000000000000, -0.000000000000000000, -1.000000000000000000 ) ) ;
#2194 = EDGE_LOOP ( 'NONE', ( #351, #724, #1435, #271 ) ) ;
#2195 = EDGE_CURVE ( 'NONE', #1156, #720, #2052, .T. ) ;
#2196 = ORIENTED_EDGE ( 'NONE', *, *, #2032, .T. ) ;
#2197 = LINE ( 'NONE', #158, #840 ) ;
#2198 = CARTESIAN_POINT ( 'NONE',  ( 34.00000000000000000, -16.00000000000000000, 7.000000000000000000 ) ) ;
#2199 = CARTESIAN_POINT ( 'NONE',  ( -1.100000000000000089, -8.000000000000000000, 8.000000000000000000 ) ) ;
#2200 = CARTESIAN_POINT ( 'NONE',  ( 4.000000000000000000, 4.898587196589411843E-16, 0.000000000000000000 ) ) ;
#2201 = EDGE_CURVE ( 'NONE', #1037, #989, #1848, .T. ) ;
#2202 = CYLINDRICAL_SURFACE ( 'NONE', #1504, 7.000000000000000000 ) ;
#2203 = ORIENTED_EDGE ( 'NONE', *, *, #1326, .F. ) ;
#2204 = EDGE_CURVE ( 'NONE', #1604, #712, #826, .T. ) ;
#2205 = ORIENTED_EDGE ( 'NONE', *, *, #558, .T. ) ;
#2206 = DIRECTION ( 'NONE',  ( 0.000000000000000000, 0.000000000000000000, 1.000000000000000000 ) ) ;
#2207 = CARTESIAN_POINT ( 'NONE',  ( 73.00000000000000000, -13.50000000000000000, 4.000000000000000000 ) ) ;
#2208 = VECTOR ( 'NONE', #1085, 1000.000000000000000 ) ;
#2209 = CARTESIAN_POINT ( 'NONE',  ( -8.000000000000000000, 0.000000000000000000, 4.000000000000000000 ) ) ;
ENDSEC;
END-ISO-10303-21;
