ISO-10303-21;
HEADER;
FILE_DESCRIPTION (( 'STEP AP203' ),
    '1' );
FILE_NAME ('ARM-201_Upper_link_dual_MG996R.step',
    '2026-09-28T23:14:16',
    ( '' ),
    ( '' ),
    'SwSTEP 2.0',
    'SolidWorks 2026',
    '' );
FILE_SCHEMA (( 'CONFIG_CONTROL_DESIGN' ));
ENDSEC;

DATA;
#1 = ADVANCED_FACE ( 'NONE', ( #1494 ), #472, .F. ) ;
#2 = VECTOR ( 'NONE', #1404, 1000.000000000000000 ) ;
#3 = DIRECTION ( 'NONE',  ( 1.000000000000000000, 0.000000000000000000, 0.000000000000000000 ) ) ;
#4 = VERTEX_POINT ( 'NONE', #1385 ) ;
#5 = CIRCLE ( 'NONE', #1507, 1.700000000000000178 ) ;
#6 = AXIS2_PLACEMENT_3D ( 'NONE', #1460, #1701, #1286 ) ;
#7 = ORIENTED_EDGE ( 'NONE', *, *, #791, .F. ) ;
#8 = CIRCLE ( 'NONE', #733, 7.000000000000000000 ) ;
#9 = CARTESIAN_POINT ( 'NONE',  ( 35.00000000000000000, 9.000000000000000000, 4.000000000000003553 ) ) ;
#10 = FACE_OUTER_BOUND ( 'NONE', #1106, .T. ) ;
#11 = EDGE_LOOP ( 'NONE', ( #2351, #507, #1066, #1365 ) ) ;
#12 = FACE_OUTER_BOUND ( 'NONE', #1724, .T. ) ;
#13 = EDGE_CURVE ( 'NONE', #1422, #888, #1757, .T. ) ;
#14 = CARTESIAN_POINT ( 'NONE',  ( 28.60000000000000142, -3.000000000000000000, 4.000000000000003553 ) ) ;
#15 = EDGE_CURVE ( 'NONE', #849, #294, #952, .T. ) ;
#16 = CARTESIAN_POINT ( 'NONE',  ( 0.000000000000000000, 9.000000000000000000, 8.000000000000000000 ) ) ;
#17 = DIRECTION ( 'NONE',  ( -1.000000000000000000, 0.000000000000000000, 0.000000000000000000 ) ) ;
#18 = EDGE_CURVE ( 'NONE', #1266, #2539, #1195, .T. ) ;
#19 = EDGE_CURVE ( 'NONE', #2664, #2213, #391, .T. ) ;
#20 = LINE ( 'NONE', #395, #2139 ) ;
#22 = ORIENTED_EDGE ( 'NONE', *, *, #1080, .T. ) ;
#21 = COORDINATED_UNIVERSAL_TIME_OFFSET ( 6, 0, .BEHIND. ) ;
#23 = ORIENTED_EDGE ( 'NONE', *, *, #1217, .F. ) ;
#24 = EDGE_CURVE ( 'NONE', #1647, #348, #1778, .T. ) ;
#25 = CARTESIAN_POINT ( 'NONE',  ( 0.000000000000000000, 10.50000000000000000, 4.000000000000000000 ) ) ;
#26 = CYLINDRICAL_SURFACE ( 'NONE', #2044, 1.599999999999997202 ) ;
#27 = ORIENTED_EDGE ( 'NONE', *, *, #1366, .F. ) ;
#28 = LINE ( 'NONE', #1887, #2174 ) ;
#29 = DIRECTION ( 'NONE',  ( -0.000000000000000000, -0.000000000000000000, 1.000000000000000000 ) ) ;
#30 = FACE_OUTER_BOUND ( 'NONE', #11, .T. ) ;
#31 = FACE_OUTER_BOUND ( 'NONE', #2052, .T. ) ;
#32 = VECTOR ( 'NONE', #587, 1000.000000000000000 ) ;
#33 = CARTESIAN_POINT ( 'NONE',  ( 0.000000000000000000, -7.000000000000000000, 4.000000000000000000 ) ) ;
#34 = DIRECTION ( 'NONE',  ( 1.000000000000000000, 0.000000000000000000, 0.000000000000000000 ) ) ;
#35 = ORIENTED_EDGE ( 'NONE', *, *, #1350, .F. ) ;
#36 = EDGE_CURVE ( 'NONE', #784, #1452, #1566, .T. ) ;
#37 = VERTEX_POINT ( 'NONE', #531 ) ;
#38 = EDGE_CURVE ( 'NONE', #657, #2162, #2175, .T. ) ;
#39 = DIRECTION ( 'NONE',  ( 1.000000000000000000, -0.000000000000000000, 0.000000000000000000 ) ) ;
#40 = ORIENTED_EDGE ( 'NONE', *, *, #2019, .T. ) ;
#41 = FACE_OUTER_BOUND ( 'NONE', #2208, .T. ) ;
#42 = DIRECTION ( 'NONE',  ( -0.000000000000000000, -0.000000000000000000, -1.000000000000000000 ) ) ;
#43 = CARTESIAN_POINT ( 'NONE',  ( 42.00000000000000000, -7.000000000000000000, 0.000000000000000000 ) ) ;
#44 = VECTOR ( 'NONE', #337, 1000.000000000000000 ) ;
#45 = ORIENTED_EDGE ( 'NONE', *, *, #1710, .F. ) ;
#46 = DIRECTION ( 'NONE',  ( -0.000000000000000000, -0.000000000000000000, 1.000000000000000000 ) ) ;
#47 = CARTESIAN_POINT ( 'NONE',  ( 0.000000000000000000, 9.000000000000000000, 8.000000000000000000 ) ) ;
#48 = EDGE_LOOP ( 'NONE', ( #1657, #742, #728, #1328 ) ) ;
#49 = ORIENTED_EDGE ( 'NONE', *, *, #1222, .T. ) ;
#50 = CIRCLE ( 'NONE', #353, 16.00000000000000000 ) ;
#51 = EDGE_CURVE ( 'NONE', #1661, #979, #363, .T. ) ;
#52 = DIRECTION ( 'NONE',  ( -1.000000000000000000, 0.000000000000000000, 0.000000000000000000 ) ) ;
#53 = ORIENTED_EDGE ( 'NONE', *, *, #2407, .F. ) ;
#54 = DIRECTION ( 'NONE',  ( -1.000000000000000000, 0.000000000000000000, 0.000000000000000000 ) ) ;
#55 = CARTESIAN_POINT ( 'NONE',  ( 1.699999999999999956, 9.000000000000000000, 0.000000000000000000 ) ) ;
#56 = VERTEX_POINT ( 'NONE', #1012 ) ;
#57 = CARTESIAN_POINT ( 'NONE',  ( 8.000000000000001776, 3.354101966249684708, 8.000000000000000000 ) ) ;
#58 = PERSON_AND_ORGANIZATION_ROLE ( 'design_supplier' ) ;
#59 = CYLINDRICAL_SURFACE ( 'NONE', #646, 16.00000000000000000 ) ;
#60 = ORIENTED_EDGE ( 'NONE', *, *, #1022, .F. ) ;
#61 = ORIENTED_EDGE ( 'NONE', *, *, #1860, .F. ) ;
#62 = AXIS2_PLACEMENT_3D ( 'NONE', #1382, #542, #1805 ) ;
#63 = CARTESIAN_POINT ( 'NONE',  ( 94.15000000000000568, 5.000000000000000000, 8.000000000000000000 ) ) ;
#64 = VERTEX_POINT ( 'NONE', #2015 ) ;
#65 = LINE ( 'NONE', #2058, #1953 ) ;
#66 = CYLINDRICAL_SURFACE ( 'NONE', #6, 16.00000000000000000 ) ;
#67 = AXIS2_PLACEMENT_3D ( 'NONE', #2296, #456, #2158 ) ;
#68 = VERTEX_POINT ( 'NONE', #336 ) ;
#69 = ORIENTED_EDGE ( 'NONE', *, *, #1881, .T. ) ;
#70 = AXIS2_PLACEMENT_3D ( 'NONE', #421, #2036, #2049 ) ;
#71 = DIRECTION ( 'NONE',  ( 1.000000000000000000, 0.000000000000000000, 0.000000000000000000 ) ) ;
#72 = EDGE_CURVE ( 'NONE', #452, #1513, #1167, .T. ) ;
#73 = DATE_AND_TIME ( #2542, #2556 ) ;
#74 = ORIENTED_EDGE ( 'NONE', *, *, #1976, .T. ) ;
#75 = DIRECTION ( 'NONE',  ( 0.000000000000000000, 0.000000000000000000, 1.000000000000000000 ) ) ;
#76 = CIRCLE ( 'NONE', #2435, 4.999999999999997335 ) ;
#77 = EDGE_LOOP ( 'NONE', ( #2387, #1141, #1492, #2022 ) ) ;
#78 = ORIENTED_EDGE ( 'NONE', *, *, #2531, .F. ) ;
#79 = AXIS2_PLACEMENT_3D ( 'NONE', #1931, #2092, #658 ) ;
#80 = DIRECTION ( 'NONE',  ( 1.000000000000000000, 0.000000000000000000, 0.000000000000000000 ) ) ;
#81 = ORIENTED_EDGE ( 'NONE', *, *, #1536, .T. ) ;
#82 = CARTESIAN_POINT ( 'NONE',  ( 0.000000000000000000, 9.000000000000000000, 8.000000000000000000 ) ) ;
#83 = EDGE_CURVE ( 'NONE', #622, #1009, #1371, .T. ) ;
#84 = CARTESIAN_POINT ( 'NONE',  ( 90.84900000000000375, -10.50000000000000000, 0.000000000000000000 ) ) ;
#85 = FACE_OUTER_BOUND ( 'NONE', #2425, .T. ) ;
#86 = EDGE_LOOP ( 'NONE', ( #1078, #1762 ) ) ;
#87 = EDGE_CURVE ( 'NONE', #1939, #2537, #1550, .T. ) ;
#88 = ORIENTED_EDGE ( 'NONE', *, *, #427, .T. ) ;
#89 = EDGE_LOOP ( 'NONE', ( #2413, #23 ) ) ;
#90 = VECTOR ( 'NONE', #1970, 1000.000000000000000 ) ;
#91 = CARTESIAN_POINT ( 'NONE',  ( 30.00000000000000711, -9.000000000000000000, 0.000000000000000000 ) ) ;
#92 = ORIENTED_EDGE ( 'NONE', *, *, #1671, .T. ) ;
#93 = ORIENTED_EDGE ( 'NONE', *, *, #827, .T. ) ;
#94 = PLANE ( 'NONE',  #2356 ) ;
#95 = DIRECTION ( 'NONE',  ( -1.000000000000000000, 0.000000000000000000, 0.000000000000000000 ) ) ;
#96 = APPROVAL_ROLE ( '' ) ;
#97 = ORIENTED_EDGE ( 'NONE', *, *, #1806, .T. ) ;
#98 = DIRECTION ( 'NONE',  ( 0.000000000000000000, 0.000000000000000000, 1.000000000000000000 ) ) ;
#99 = ORIENTED_EDGE ( 'NONE', *, *, #2486, .F. ) ;
#100 = DIRECTION ( 'NONE',  ( -0.000000000000000000, -0.000000000000000000, 1.000000000000000000 ) ) ;
#101 = EDGE_CURVE ( 'NONE', #700, #1034, #1988, .T. ) ;
#102 = ORIENTED_EDGE ( 'NONE', *, *, #1482, .T. ) ;
#103 = AXIS2_PLACEMENT_3D ( 'NONE', #1758, #549, #1812 ) ;
#104 = DIRECTION ( 'NONE',  ( -1.000000000000000000, 0.000000000000000000, 0.000000000000000000 ) ) ;
#105 = ORIENTED_EDGE ( 'NONE', *, *, #2252, .F. ) ;
#106 = ORIENTED_EDGE ( 'NONE', *, *, #399, .F. ) ;
#107 = DIRECTION ( 'NONE',  ( 0.000000000000000000, -0.000000000000000000, -1.000000000000000000 ) ) ;
#108 = VECTOR ( 'NONE', #1981, 1000.000000000000000 ) ;
#109 = LINE ( 'NONE', #1781, #2196 ) ;
#110 = VECTOR ( 'NONE', #1006, 1000.000000000000000 ) ;
#111 = DIRECTION ( 'NONE',  ( 0.000000000000000000, 0.000000000000000000, 1.000000000000000000 ) ) ;
#112 = CARTESIAN_POINT ( 'NONE',  ( 4.000000000000000000, 4.898587196589412829E-16, 8.000000000000000000 ) ) ;
#113 = AXIS2_PLACEMENT_3D ( 'NONE', #851, #2099, #1270 ) ;
#114 = ORIENTED_EDGE ( 'NONE', *, *, #2546, .F. ) ;
#115 = EDGE_CURVE ( 'NONE', #2330, #1739, #153, .T. ) ;
#116 = DIRECTION ( 'NONE',  ( -0.000000000000000000, -0.000000000000000000, 1.000000000000000000 ) ) ;
#117 = EDGE_LOOP ( 'NONE', ( #2518, #2146, #1578, #2530 ) ) ;
#118 = VECTOR ( 'NONE', #592, 1000.000000000000000 ) ;
#119 = ORIENTED_EDGE ( 'NONE', *, *, #427, .F. ) ;
#120 = FACE_BOUND ( 'NONE', #674, .T. ) ;
#121 = CARTESIAN_POINT ( 'NONE',  ( -3.388860427931490005, 6.125000000000000888, 8.000000000000000000 ) ) ;
#122 = LINE ( 'NONE', #2205, #2253 ) ;
#123 = CARTESIAN_POINT ( 'NONE',  ( 90.84900000000000375, 10.50000000000000000, 8.000000000000000000 ) ) ;
#124 = CARTESIAN_POINT ( 'NONE',  ( 4.000000000000000000, 4.898587196589412829E-16, 0.000000000000000000 ) ) ;
#125 = EDGE_CURVE ( 'NONE', #826, #1632, #2000, .T. ) ;
#126 = EDGE_LOOP ( 'NONE', ( #1233, #788 ) ) ;
#127 = AXIS2_PLACEMENT_3D ( 'NONE', #2608, #765, #1612 ) ;
#128 = CARTESIAN_POINT ( 'NONE',  ( 42.00000000000000000, -15.00000000000000000, 4.000000000000000000 ) ) ;
#129 = VERTEX_POINT ( 'NONE', #2619 ) ;
#130 = DIRECTION ( 'NONE',  ( 0.000000000000000000, 0.000000000000000000, 1.000000000000000000 ) ) ;
#131 = CIRCLE ( 'NONE', #1380, 1.699999999999993072 ) ;
#132 = FACE_BOUND ( 'NONE', #928, .T. ) ;
#133 = AXIS2_PLACEMENT_3D ( 'NONE', #230, #280, #1924 ) ;
#134 = FACE_OUTER_BOUND ( 'NONE', #371, .T. ) ;
#135 = AXIS2_PLACEMENT_3D ( 'NONE', #2367, #2140, #2165 ) ;
#136 = DIRECTION ( 'NONE',  ( -1.000000000000000000, 0.000000000000000000, 0.000000000000000000 ) ) ;
#137 = DIRECTION ( 'NONE',  ( -0.000000000000000000, -0.000000000000000000, 1.000000000000000000 ) ) ;
#138 = DIRECTION ( 'NONE',  ( 1.000000000000000000, 0.000000000000000000, 0.000000000000000000 ) ) ;
#139 = ORIENTED_EDGE ( 'NONE', *, *, #751, .F. ) ;
#140 = CARTESIAN_POINT ( 'NONE',  ( 0.000000000000000000, -7.000000000000000000, 8.000000000000000000 ) ) ;
#141 = DIRECTION ( 'NONE',  ( 0.000000000000000000, 0.000000000000000000, 1.000000000000000000 ) ) ;
#142 = ORIENTED_EDGE ( 'NONE', *, *, #1520, .F. ) ;
#143 = EDGE_CURVE ( 'NONE', #1565, #2618, #2345, .T. ) ;
#144 = CARTESIAN_POINT ( 'NONE',  ( 3.388860427931490449, -6.125000000000000888, 6.000000000000000000 ) ) ;
#145 = DIRECTION ( 'NONE',  ( 1.000000000000000000, 0.000000000000000000, 0.000000000000000000 ) ) ;
#146 = CARTESIAN_POINT ( 'NONE',  ( 44.14999999999999858, 5.000000000000000000, 0.000000000000000000 ) ) ;
#147 = DIRECTION ( 'NONE',  ( 0.000000000000000000, 0.000000000000000000, -1.000000000000000000 ) ) ;
#148 = EDGE_CURVE ( 'NONE', #2445, #1384, #157, .T. ) ;
#149 = DIRECTION ( 'NONE',  ( 0.000000000000000000, 0.000000000000000000, 1.000000000000000000 ) ) ;
#150 = CIRCLE ( 'NONE', #1652, 10.00000000000000178 ) ;
#151 = DIRECTION ( 'NONE',  ( 0.000000000000000000, 0.000000000000000000, 1.000000000000000000 ) ) ;
#152 = VERTEX_POINT ( 'NONE', #984 ) ;
#153 = CIRCLE ( 'NONE', #977, 1.600000000000000755 ) ;
#154 = CARTESIAN_POINT ( 'NONE',  ( -3.388860427931489561, -6.125000000000000888, 8.000000000000000000 ) ) ;
#155 = LINE ( 'NONE', #376, #2645 ) ;
#156 = EDGE_LOOP ( 'NONE', ( #92, #586, #1733, #595 ) ) ;
#157 = LINE ( 'NONE', #1398, #1780 ) ;
#158 = DIRECTION ( 'NONE',  ( 0.000000000000000000, 0.000000000000000000, 1.000000000000000000 ) ) ;
#159 = DIRECTION ( 'NONE',  ( -1.000000000000000000, 0.000000000000000000, 0.000000000000000000 ) ) ;
#160 = EDGE_CURVE ( 'NONE', #272, #271, #998, .T. ) ;
#161 = DIRECTION ( 'NONE',  ( 1.000000000000000000, 0.000000000000000000, 0.000000000000000000 ) ) ;
#162 = CARTESIAN_POINT ( 'NONE',  ( -3.500000000000000000, 7.000000000000000000, 4.000000000000000000 ) ) ;
#164 = ORIENTED_EDGE ( 'NONE', *, *, #911, .T. ) ;
#163 = CARTESIAN_POINT ( 'NONE',  ( 100.0000000000000000, -4.999999999999999112, 4.000000000000000000 ) ) ;
#165 = EDGE_CURVE ( 'NONE', #2123, #2266, #1105, .T. ) ;
#166 = EDGE_LOOP ( 'NONE', ( #1011, #2359 ) ) ;
#167 = AXIS2_PLACEMENT_3D ( 'NONE', #1517, #498, #107 ) ;
#168 = VERTEX_POINT ( 'NONE', #1823 ) ;
#169 = CARTESIAN_POINT ( 'NONE',  ( 36.60000000000000142, -9.000000000000000000, 0.000000000000000000 ) ) ;
#170 = EDGE_LOOP ( 'NONE', ( #932, #2163, #2307, #102 ) ) ;
#171 = DIRECTION ( 'NONE',  ( 0.000000000000000000, 0.000000000000000000, -1.000000000000000000 ) ) ;
#172 = DIRECTION ( 'NONE',  ( 0.000000000000000000, 0.000000000000000000, 1.000000000000000000 ) ) ;
#173 = CARTESIAN_POINT ( 'NONE',  ( 51.79795897113271508, -15.00000000000000000, 4.000000000000000000 ) ) ;
#174 = CARTESIAN_POINT ( 'NONE',  ( 35.00000000000000000, 9.000000000000000000, 0.000000000000000000 ) ) ;
#175 = CIRCLE ( 'NONE', #1853, 3.499999999999999556 ) ;
#176 = EDGE_CURVE ( 'NONE', #2185, #1599, #735, .T. ) ;
#177 = DIRECTION ( 'NONE',  ( 0.000000000000000000, 0.000000000000000000, -1.000000000000000000 ) ) ;
#178 = ORIENTED_EDGE ( 'NONE', *, *, #1482, .F. ) ;
#179 = CIRCLE ( 'NONE', #1305, 1.700000000000000178 ) ;
#180 = ORIENTED_EDGE ( 'NONE', *, *, #1725, .T. ) ;
#181 = VERTEX_POINT ( 'NONE', #1039 ) ;
#182 = DIRECTION ( 'NONE',  ( 0.000000000000000000, 0.000000000000000000, 1.000000000000000000 ) ) ;
#183 = EDGE_CURVE ( 'NONE', #304, #2539, #710, .T. ) ;
#184 = DIRECTION ( 'NONE',  ( -0.000000000000000000, -0.000000000000000000, -1.000000000000000000 ) ) ;
#185 = ORIENTED_EDGE ( 'NONE', *, *, #176, .F. ) ;
#186 = DIRECTION ( 'NONE',  ( 1.000000000000000000, 0.000000000000000000, 0.000000000000000000 ) ) ;
#187 = DIRECTION ( 'NONE',  ( 0.000000000000000000, -0.000000000000000000, 1.000000000000000000 ) ) ;
#188 = CYLINDRICAL_SURFACE ( 'NONE', #2455, 3.500000000000000000 ) ;
#189 = CARTESIAN_POINT ( 'NONE',  ( 9.000000000000000000, 0.000000000000000000, 0.000000000000000000 ) ) ;
#190 = AXIS2_PLACEMENT_3D ( 'NONE', #2027, #182, #2648 ) ;
#191 = FACE_OUTER_BOUND ( 'NONE', #156, .T. ) ;
#192 = EDGE_LOOP ( 'NONE', ( #402, #1516, #2115, #390 ) ) ;
#193 = ORIENTED_EDGE ( 'NONE', *, *, #207, .T. ) ;
#194 = DIRECTION ( 'NONE',  ( -1.000000000000000000, 0.000000000000000000, 0.000000000000000000 ) ) ;
#195 = AXIS2_PLACEMENT_3D ( 'NONE', #1037, #887, #1850 ) ;
#196 = ORIENTED_EDGE ( 'NONE', *, *, #1264, .T. ) ;
#197 = DIRECTION ( 'NONE',  ( -0.000000000000000000, -0.000000000000000000, -1.000000000000000000 ) ) ;
#198 = VERTEX_POINT ( 'NONE', #1886 ) ;
#199 = EDGE_CURVE ( 'NONE', #271, #1009, #2217, .T. ) ;
#200 = CYLINDRICAL_SURFACE ( 'NONE', #1743, 3.500000000000000000 ) ;
#201 = DIRECTION ( 'NONE',  ( 0.000000000000000000, 0.000000000000000000, -1.000000000000000000 ) ) ;
#202 = AXIS2_PLACEMENT_3D ( 'NONE', #1400, #2002, #1793 ) ;
#203 = DIRECTION ( 'NONE',  ( -0.000000000000000000, -0.000000000000000000, -1.000000000000000000 ) ) ;
#205 = ORIENTED_EDGE ( 'NONE', *, *, #1150, .T. ) ;
#204 = CARTESIAN_POINT ( 'NONE',  ( 42.00000000000000000, 6.999999999999992895, 4.000000000000000000 ) ) ;
#206 = ORIENTED_EDGE ( 'NONE', *, *, #262, .T. ) ;
#207 = EDGE_CURVE ( 'NONE', #1647, #1661, #2298, .T. ) ;
#208 = DIRECTION ( 'NONE',  ( 0.000000000000000000, 0.000000000000000000, 1.000000000000000000 ) ) ;
#209 = EDGE_CURVE ( 'NONE', #348, #1540, #227, .T. ) ;
#210 = CARTESIAN_POINT ( 'NONE',  ( 10.69999999999999929, 2.081899558550500033E-16, 8.000000000000000000 ) ) ;
#211 = ORIENTED_EDGE ( 'NONE', *, *, #2198, .T. ) ;
#212 = DIRECTION ( 'NONE',  ( 0.000000000000000000, -1.000000000000000000, 0.000000000000000000 ) ) ;
#213 = ADVANCED_FACE ( 'NONE', ( #341 ), #515, .T. ) ;
#214 = DIRECTION ( 'NONE',  ( 1.000000000000000000, 0.000000000000000000, 0.000000000000000000 ) ) ;
#215 = FACE_OUTER_BOUND ( 'NONE', #1035, .T. ) ;
#216 = AXIS2_PLACEMENT_3D ( 'NONE', #435, #46, #231 ) ;
#217 = LINE ( 'NONE', #1050, #939 ) ;
#219 = ORIENTED_EDGE ( 'NONE', *, *, #1386, .F. ) ;
#218 = DIRECTION ( 'NONE',  ( 0.000000000000000000, 0.000000000000000000, 1.000000000000000000 ) ) ;
#220 = AXIS2_PLACEMENT_3D ( 'NONE', #526, #551, #1351 ) ;
#221 = CIRCLE ( 'NONE', #133, 4.999999999999997335 ) ;
#222 = ORIENTED_EDGE ( 'NONE', *, *, #491, .T. ) ;
#223 = CARTESIAN_POINT ( 'NONE',  ( -7.000000000000000000, 0.000000000000000000, 8.000000000000000000 ) ) ;
#224 = CARTESIAN_POINT ( 'NONE',  ( 94.15000000000000568, -5.000000000000000000, 8.000000000000000000 ) ) ;
#225 = ORIENTED_EDGE ( 'NONE', *, *, #773, .F. ) ;
#226 = EDGE_CURVE ( 'NONE', #2527, #1961, #1584, .T. ) ;
#227 = LINE ( 'NONE', #1376, #1189 ) ;
#228 = CYLINDRICAL_SURFACE ( 'NONE', #1455, 4.999999999999997335 ) ;
#229 = PLANE ( 'NONE',  #479 ) ;
#230 = CARTESIAN_POINT ( 'NONE',  ( 35.00000000000000000, -9.000000000000000000, 0.000000000000000000 ) ) ;
#231 = DIRECTION ( 'NONE',  ( -1.000000000000000000, 0.000000000000000000, 0.000000000000000000 ) ) ;
#232 = DIRECTION ( 'NONE',  ( 0.000000000000000000, 0.000000000000000000, 1.000000000000000000 ) ) ;
#233 = PERSON_AND_ORGANIZATION ( #1918, #1564 ) ;
#234 = CIRCLE ( 'NONE', #924, 4.999999999999997335 ) ;
#235 = EDGE_CURVE ( 'NONE', #2573, #925, #1880, .T. ) ;
#236 = EDGE_LOOP ( 'NONE', ( #663, #1023, #2545, #1194 ) ) ;
#237 = AXIS2_PLACEMENT_3D ( 'NONE', #981, #2459, #598 ) ;
#238 = DIRECTION ( 'NONE',  ( -1.000000000000000000, 0.000000000000000000, 0.000000000000000000 ) ) ;
#239 = VERTEX_POINT ( 'NONE', #1158 ) ;
#240 = LOCAL_TIME ( 18, 14, 16.00000000000000000, #2103 ) ;
#241 = DIRECTION ( 'NONE',  ( 0.000000000000000000, 0.000000000000000000, 1.000000000000000000 ) ) ;
#242 = DIRECTION ( 'NONE',  ( 0.000000000000000000, 0.000000000000000000, -1.000000000000000000 ) ) ;
#243 = LINE ( 'NONE', #1072, #1538 ) ;
#244 = FACE_BOUND ( 'NONE', #519, .T. ) ;
#245 = ORIENTED_EDGE ( 'NONE', *, *, #843, .F. ) ;
#246 = CARTESIAN_POINT ( 'NONE',  ( 0.000000000000000000, 0.000000000000000000, 8.000000000000000000 ) ) ;
#247 = AXIS2_PLACEMENT_3D ( 'NONE', #2637, #2651, #1608 ) ;
#248 = CARTESIAN_POINT ( 'NONE',  ( 90.00000000000001421, 4.999999999999999112, 0.000000000000000000 ) ) ;
#249 = EDGE_CURVE ( 'NONE', #1540, #334, #2559, .T. ) ;
#250 = VERTEX_POINT ( 'NONE', #2357 ) ;
#251 = DIRECTION ( 'NONE',  ( 0.000000000000000000, 0.000000000000000000, -1.000000000000000000 ) ) ;
#252 = ORIENTED_EDGE ( 'NONE', *, *, #1205, .T. ) ;
#253 = DIRECTION ( 'NONE',  ( 0.000000000000000000, 0.000000000000000000, -1.000000000000000000 ) ) ;
#254 = CARTESIAN_POINT ( 'NONE',  ( 28.60000000000000142, -3.000000000000000000, 4.000000000000003553 ) ) ;
#255 = ORIENTED_EDGE ( 'NONE', *, *, #1186, .T. ) ;
#256 = PLANE ( 'NONE',  #1573 ) ;
#257 = APPROVAL_DATE_TIME ( #920, #1669 ) ;
#258 = ORIENTED_EDGE ( 'NONE', *, *, #961, .F. ) ;
#259 = CIRCLE ( 'NONE', #2532, 4.000000000000000000 ) ;
#260 = EDGE_CURVE ( 'NONE', #1560, #567, #627, .T. ) ;
#261 = ORIENTED_EDGE ( 'NONE', *, *, #2546, .T. ) ;
#262 = EDGE_CURVE ( 'NONE', #2440, #785, #131, .T. ) ;
#263 = CIRCLE ( 'NONE', #689, 1.700000000000000178 ) ;
#264 = DIRECTION ( 'NONE',  ( 0.000000000000000000, 0.000000000000000000, 1.000000000000000000 ) ) ;
#265 = ORIENTED_EDGE ( 'NONE', *, *, #160, .F. ) ;
#266 = EDGE_CURVE ( 'NONE', #784, #801, #1047, .T. ) ;
#267 = CIRCLE ( 'NONE', #828, 3.500000000000000000 ) ;
#268 = DIRECTION ( 'NONE',  ( 1.000000000000000000, 0.000000000000000000, 0.000000000000000000 ) ) ;
#269 = EDGE_CURVE ( 'NONE', #2160, #2493, #2195, .T. ) ;
#270 = LINE ( 'NONE', #2312, #517 ) ;
#271 = VERTEX_POINT ( 'NONE', #124 ) ;
#272 = VERTEX_POINT ( 'NONE', #112 ) ;
#273 = CARTESIAN_POINT ( 'NONE',  ( 94.15000000000000568, -5.000000000000000000, 0.000000000000000000 ) ) ;
#274 = CYLINDRICAL_SURFACE ( 'NONE', #556, 1.600000000000000755 ) ;
#275 = EDGE_LOOP ( 'NONE', ( #2349, #321, #1209, #1287 ) ) ;
#276 = AXIS2_PLACEMENT_3D ( 'NONE', #2583, #1595, #2639 ) ;
#277 = EDGE_CURVE ( 'NONE', #250, #304, #1947, .T. ) ;
#278 = ORIENTED_EDGE ( 'NONE', *, *, #1199, .F. ) ;
#279 = EDGE_CURVE ( 'NONE', #68, #1089, #1959, .T. ) ;
#280 = DIRECTION ( 'NONE',  ( 0.000000000000000000, 0.000000000000000000, 1.000000000000000000 ) ) ;
#281 = AXIS2_PLACEMENT_3D ( 'NONE', #937, #137, #356 ) ;
#282 = EDGE_LOOP ( 'NONE', ( #1486, #222, #93, #1117 ) ) ;
#283 = ADVANCED_FACE ( 'NONE', ( #2612 ), #1749, .F. ) ;
#284 = ORIENTED_EDGE ( 'NONE', *, *, #249, .F. ) ;
#285 = DIRECTION ( 'NONE',  ( 0.000000000000000000, 0.000000000000000000, -1.000000000000000000 ) ) ;
#286 = EDGE_CURVE ( 'NONE', #2445, #921, #560, .T. ) ;
#287 = VECTOR ( 'NONE', #1535, 1000.000000000000000 ) ;
#288 = DIRECTION ( 'NONE',  ( -0.000000000000000000, -0.000000000000000000, -1.000000000000000000 ) ) ;
#289 = EDGE_LOOP ( 'NONE', ( #1008, #599, #1511, #1552 ) ) ;
#290 = EDGE_CURVE ( 'NONE', #1478, #581, #2326, .T. ) ;
#291 = EDGE_LOOP ( 'NONE', ( #196, #1831, #885, #2200 ) ) ;
#292 = VECTOR ( 'NONE', #1876, 1000.000000000000000 ) ;
#293 = DIRECTION ( 'NONE',  ( -0.000000000000000000, -0.000000000000000000, -1.000000000000000000 ) ) ;
#294 = VERTEX_POINT ( 'NONE', #1983 ) ;
#295 = ORIENTED_EDGE ( 'NONE', *, *, #1029, .F. ) ;
#296 = DIRECTION ( 'NONE',  ( 0.000000000000000000, 0.000000000000000000, 1.000000000000000000 ) ) ;
#297 = VECTOR ( 'NONE', #2087, 1000.000000000000000 ) ;
#298 = LINE ( 'NONE', #1732, #2331 ) ;
#299 = CARTESIAN_POINT ( 'NONE',  ( 27.00000000000000000, -3.000000000000000000, 4.000000000000003553 ) ) ;
#300 = EDGE_CURVE ( 'NONE', #1519, #1565, #1720, .T. ) ;
#301 = ORIENTED_EDGE ( 'NONE', *, *, #366, .F. ) ;
#302 = CARTESIAN_POINT ( 'NONE',  ( 0.000000000000000000, 7.000000000000000000, 8.000000000000000000 ) ) ;
#303 = CIRCLE ( 'NONE', #1085, 1.700000000000000178 ) ;
#304 = VERTEX_POINT ( 'NONE', #357 ) ;
#305 = DIRECTION ( 'NONE',  ( 0.000000000000000000, 0.000000000000000000, -1.000000000000000000 ) ) ;
#306 = ORIENTED_EDGE ( 'NONE', *, *, #2079, .T. ) ;
#307 = CIRCLE ( 'NONE', #2538, 16.00000000000000000 ) ;
#308 = ORIENTED_EDGE ( 'NONE', *, *, #538, .F. ) ;
#309 = CARTESIAN_POINT ( 'NONE',  ( -9.000000000000000000, 0.000000000000000000, 4.000000000000000000 ) ) ;
#310 = CARTESIAN_POINT ( 'NONE',  ( 0.000000000000000000, -7.000000000000000000, 4.000000000000000000 ) ) ;
#311 = EDGE_CURVE ( 'NONE', #1655, #2070, #2193, .T. ) ;
#312 = ORIENTED_EDGE ( 'NONE', *, *, #1770, .T. ) ;
#313 = CARTESIAN_POINT ( 'NONE',  ( 0.000000000000000000, 7.000000000000000000, 4.000000000000000000 ) ) ;
#314 = CARTESIAN_POINT ( 'NONE',  ( 14.38749456993815734, -7.000000000000000000, 4.000000000000000000 ) ) ;
#315 = ADVANCED_FACE ( 'NONE', ( #1547 ), #2372, .F. ) ;
#316 = CARTESIAN_POINT ( 'NONE',  ( -9.000000000000000000, 0.000000000000000000, 8.000000000000000000 ) ) ;
#317 = ORIENTED_EDGE ( 'NONE', *, *, #673, .T. ) ;
#318 = CIRCLE ( 'NONE', #1731, 1.699999999999993072 ) ;
#319 = CARTESIAN_POINT ( 'NONE',  ( 0.000000000000000000, -7.000000000000000000, 8.000000000000000000 ) ) ;
#320 = EDGE_LOOP ( 'NONE', ( #1370, #1476, #892, #2094 ) ) ;
#321 = ORIENTED_EDGE ( 'NONE', *, *, #2567, .F. ) ;
#322 = DIRECTION ( 'NONE',  ( 0.000000000000000000, 0.000000000000000000, 1.000000000000000000 ) ) ;
#323 = VECTOR ( 'NONE', #1383, 1000.000000000000000 ) ;
#324 = CARTESIAN_POINT ( 'NONE',  ( 90.00000000000000000, 15.00000000000000000, 0.000000000000000000 ) ) ;
#325 = LOCAL_TIME ( 18, 14, 16.00000000000000000, #619 ) ;
#326 = DIRECTION ( 'NONE',  ( 0.000000000000000000, 0.000000000000000000, 1.000000000000000000 ) ) ;
#327 = ADVANCED_FACE ( 'NONE', ( #1737 ), #329, .T. ) ;
#328 = CARTESIAN_POINT ( 'NONE',  ( 0.000000000000000000, -9.000000000000000000, 8.000000000000000000 ) ) ;
#329 = CYLINDRICAL_SURFACE ( 'NONE', #1982, 3.500000000000000000 ) ;
#330 = EDGE_CURVE ( 'NONE', #521, #2070, #2487, .T. ) ;
#331 = CIRCLE ( 'NONE', #2519, 1.599999999999997202 ) ;
#332 = EDGE_LOOP ( 'NONE', ( #1428, #1268, #2225, #106 ) ) ;
#333 = CARTESIAN_POINT ( 'NONE',  ( 47.55000000000000426, 5.000000000000000000, 4.000000000000000000 ) ) ;
#334 = VERTEX_POINT ( 'NONE', #1470 ) ;
#335 = AXIS2_PLACEMENT_3D ( 'NONE', #2332, #855, #1484 ) ;
#336 = CARTESIAN_POINT ( 'NONE',  ( 92.45000000000001705, 5.000000000000000000, 4.000000000000000000 ) ) ;
#337 = DIRECTION ( 'NONE',  ( -0.000000000000000000, -0.000000000000000000, -1.000000000000000000 ) ) ;
#338 = DIRECTION ( 'NONE',  ( 0.000000000000000000, 0.000000000000000000, 1.000000000000000000 ) ) ;
#339 = FACE_OUTER_BOUND ( 'NONE', #596, .T. ) ;
#340 = PLANE ( 'NONE',  #2046 ) ;
#341 = FACE_OUTER_BOUND ( 'NONE', #1626, .T. ) ;
#342 = ADVANCED_FACE ( 'NONE', ( #2075 ), #229, .F. ) ;
#343 = EDGE_CURVE ( 'NONE', #657, #2270, #5, .T. ) ;
#344 = ORIENTED_EDGE ( 'NONE', *, *, #739, .T. ) ;
#345 = DIRECTION ( 'NONE',  ( 1.000000000000000000, 0.000000000000000000, 0.000000000000000000 ) ) ;
#346 = AXIS2_PLACEMENT_3D ( 'NONE', #1582, #326, #2595 ) ;
#347 = CARTESIAN_POINT ( 'NONE',  ( 42.00000000000000000, -15.00000000000000000, 4.000000000000000000 ) ) ;
#348 = VERTEX_POINT ( 'NONE', #1058 ) ;
#349 = CARTESIAN_POINT ( 'NONE',  ( 0.000000000000000000, 0.000000000000000000, 8.000000000000000000 ) ) ;
#350 = ADVANCED_FACE ( 'NONE', ( #446 ), #1888, .T. ) ;
#351 = AXIS2_PLACEMENT_3D ( 'NONE', #302, #2383, #755 ) ;
#352 = CARTESIAN_POINT ( 'NONE',  ( 3.388860427931489561, -6.125000000000000888, 4.000000000000000000 ) ) ;
#353 = AXIS2_PLACEMENT_3D ( 'NONE', #2184, #692, #1539 ) ;
#354 = DIRECTION ( 'NONE',  ( 1.000000000000000000, 0.000000000000000000, 0.000000000000000000 ) ) ;
#355 = CYLINDRICAL_SURFACE ( 'NONE', #909, 4.999999999999997335 ) ;
#356 = DIRECTION ( 'NONE',  ( -1.000000000000000000, 0.000000000000000000, 0.000000000000000000 ) ) ;
#357 = CARTESIAN_POINT ( 'NONE',  ( -3.354101966249684263, -8.000000000000000000, 4.000000000000000000 ) ) ;
#358 = VERTEX_POINT ( 'NONE', #866 ) ;
#359 = CARTESIAN_POINT ( 'NONE',  ( 30.41742430504416461, -7.000000000000000000, 4.000000000000000000 ) ) ;
#360 = EDGE_CURVE ( 'NONE', #1321, #68, #1463, .T. ) ;
#361 = DIRECTION ( 'NONE',  ( 0.000000000000000000, 0.000000000000000000, 1.000000000000000000 ) ) ;
#362 = VERTEX_POINT ( 'NONE', #1043 ) ;
#363 = LINE ( 'NONE', #1356, #477 ) ;
#364 = CARTESIAN_POINT ( 'NONE',  ( 35.00000000000000000, 9.000000000000000000, 0.000000000000000000 ) ) ;
#365 = LINE ( 'NONE', #1859, #2243 ) ;
#366 = EDGE_CURVE ( 'NONE', #2093, #2635, #852, .T. ) ;
#367 = CARTESIAN_POINT ( 'NONE',  ( 0.000000000000000000, 7.000000000000000000, 8.000000000000000000 ) ) ;
#368 = AXIS2_PLACEMENT_3D ( 'NONE', #224, #1068, #639 ) ;
#370 = ORIENTED_EDGE ( 'NONE', *, *, #2292, .T. ) ;
#369 = FACE_OUTER_BOUND ( 'NONE', #275, .T. ) ;
#371 = EDGE_LOOP ( 'NONE', ( #278, #846, #74, #541 ) ) ;
#372 = EDGE_LOOP ( 'NONE', ( #611, #495, #377, #317, #1690, #164, #661, #1774, #1673, #687, #1851, #2515, #1295, #1528, #1950, #1175, #1816, #312, #461, #863, #2548, #255, #2453 ) ) ;
#373 = AXIS2_PLACEMENT_3D ( 'NONE', #1792, #2401, #559 ) ;
#374 = CARTESIAN_POINT ( 'NONE',  ( 0.000000000000000000, 9.000000000000000000, 4.000000000000000000 ) ) ;
#375 = VECTOR ( 'NONE', #2260, 1000.000000000000000 ) ;
#376 = CARTESIAN_POINT ( 'NONE',  ( -3.388860427931490449, -6.125000000000000888, 6.000000000000000000 ) ) ;
#377 = ORIENTED_EDGE ( 'NONE', *, *, #2567, .T. ) ;
#378 = DIRECTION ( 'NONE',  ( -1.000000000000000000, 0.000000000000000000, 0.000000000000000000 ) ) ;
#379 = DIRECTION ( 'NONE',  ( -0.000000000000000000, -0.000000000000000000, -1.000000000000000000 ) ) ;
#380 = CARTESIAN_POINT ( 'NONE',  ( 6.124999999999999112, 3.388860427931489561, 4.000000000000000000 ) ) ;
#381 = CARTESIAN_POINT ( 'NONE',  ( 92.45000000000001705, 5.000000000000000000, 0.000000000000000000 ) ) ;
#382 = CARTESIAN_POINT ( 'NONE',  ( -6.125000000000000888, -3.388860427931490005, 8.000000000000000000 ) ) ;
#383 = ORIENTED_EDGE ( 'NONE', *, *, #1536, .F. ) ;
#384 = ORIENTED_EDGE ( 'NONE', *, *, #1150, .F. ) ;
#385 = EDGE_CURVE ( 'NONE', #921, #239, #243, .T. ) ;
#386 = AXIS2_PLACEMENT_3D ( 'NONE', #2265, #2117, #194 ) ;
#387 = EDGE_LOOP ( 'NONE', ( #868, #1188 ) ) ;
#388 = DIRECTION ( 'NONE',  ( -1.000000000000000000, 0.000000000000000000, 0.000000000000000000 ) ) ;
#389 = LINE ( 'NONE', #1395, #749 ) ;
#390 = ORIENTED_EDGE ( 'NONE', *, *, #2204, .F. ) ;
#391 = LINE ( 'NONE', #1607, #2534 ) ;
#392 = CARTESIAN_POINT ( 'NONE',  ( 0.000000000000000000, 0.000000000000000000, 4.000000000000000000 ) ) ;
#393 = CARTESIAN_POINT ( 'NONE',  ( 51.79795897113271508, 14.99999999999999645, 4.000000000000000000 ) ) ;
#394 = AXIS2_PLACEMENT_3D ( 'NONE', #2247, #1840, #2060 ) ;
#395 = CARTESIAN_POINT ( 'NONE',  ( 28.60000000000000142, 3.000000000000000000, 4.000000000000003553 ) ) ;
#397 = VERTEX_POINT ( 'NONE', #14 ) ;
#396 = APPROVAL_ROLE ( '' ) ;
#398 = VERTEX_POINT ( 'NONE', #836 ) ;
#399 = EDGE_CURVE ( 'NONE', #516, #1051, #1894, .T. ) ;
#400 = ORIENTED_EDGE ( 'NONE', *, *, #2221, .F. ) ;
#401 = DIRECTION ( 'NONE',  ( -1.000000000000000000, 0.000000000000000000, 0.000000000000000000 ) ) ;
#402 = ORIENTED_EDGE ( 'NONE', *, *, #1269, .F. ) ;
#403 = CARTESIAN_POINT ( 'NONE',  ( 8.000000000000001776, 3.354101966249684708, 6.000000000000000000 ) ) ;
#404 = CARTESIAN_POINT ( 'NONE',  ( 0.000000000000000000, -7.000000000000000000, 4.000000000000000000 ) ) ;
#405 = DIRECTION ( 'NONE',  ( -1.000000000000000000, 0.000000000000000000, 0.000000000000000000 ) ) ;
#406 = VECTOR ( 'NONE', #268, 1000.000000000000000 ) ;
#407 = CARTESIAN_POINT ( 'NONE',  ( 0.000000000000000000, 0.000000000000000000, 4.000000000000003553 ) ) ;
#409 = ORIENTED_EDGE ( 'NONE', *, *, #360, .F. ) ;
#408 = MECHANICAL_CONTEXT ( 'NONE', #1224, 'mechanical' ) ;
#410 = ADVANCED_FACE ( 'NONE', ( #830 ), #1929, .F. ) ;
#411 = VECTOR ( 'NONE', #2625, 1000.000000000000000 ) ;
#412 = ORIENTED_EDGE ( 'NONE', *, *, #51, .F. ) ;
#413 = DIRECTION ( 'NONE',  ( -1.000000000000000000, 0.000000000000000000, 0.000000000000000000 ) ) ;
#414 = DIRECTION ( 'NONE',  ( -0.000000000000000000, -0.000000000000000000, -1.000000000000000000 ) ) ;
#415 = ORIENTED_EDGE ( 'NONE', *, *, #1186, .F. ) ;
#416 = DIRECTION ( 'NONE',  ( 0.000000000000000000, 0.000000000000000000, -1.000000000000000000 ) ) ;
#417 = FACE_OUTER_BOUND ( 'NONE', #875, .T. ) ;
#418 = CARTESIAN_POINT ( 'NONE',  ( 95.85000000000000853, 5.000000000000000000, 8.000000000000000000 ) ) ;
#419 = AXIS2_PLACEMENT_3D ( 'NONE', #392, #158, #805 ) ;
#420 = CARTESIAN_POINT ( 'NONE',  ( -3.354101966249685152, 8.000000000000000000, 6.000000000000000000 ) ) ;
#422 = VERTEX_POINT ( 'NONE', #2540 ) ;
#421 = CARTESIAN_POINT ( 'NONE',  ( 0.000000000000000000, -9.000000000000000000, 8.000000000000000000 ) ) ;
#423 = AXIS2_PLACEMENT_3D ( 'NONE', #2516, #232, #71 ) ;
#424 = ORIENTED_EDGE ( 'NONE', *, *, #1178, .F. ) ;
#425 = FACE_OUTER_BOUND ( 'NONE', #2173, .T. ) ;
#426 = VECTOR ( 'NONE', #2341, 1000.000000000000000 ) ;
#427 = EDGE_CURVE ( 'NONE', #2493, #1632, #509, .T. ) ;
#428 = LINE ( 'NONE', #874, #1064 ) ;
#429 = VERTEX_POINT ( 'NONE', #1372 ) ;
#430 = CARTESIAN_POINT ( 'NONE',  ( 0.000000000000000000, -10.50000000000000000, 4.000000000000000000 ) ) ;
#431 = DIRECTION ( 'NONE',  ( 1.000000000000000000, 0.000000000000000000, 0.000000000000000000 ) ) ;
#432 = CARTESIAN_POINT ( 'NONE',  ( 1.699999999999999956, 9.000000000000000000, 8.000000000000000000 ) ) ;
#433 = CARTESIAN_POINT ( 'NONE',  ( 40.00000000000000000, -9.000000000000000000, 4.000000000000000000 ) ) ;
#434 = EDGE_CURVE ( 'NONE', #37, #1515, #959, .T. ) ;
#435 = CARTESIAN_POINT ( 'NONE',  ( 94.15000000000000568, -5.000000000000000000, 4.000000000000000000 ) ) ;
#436 = AXIS2_PLACEMENT_3D ( 'NONE', #189, #821, #449 ) ;
#437 = DIRECTION ( 'NONE',  ( 0.000000000000000000, 0.000000000000000000, -1.000000000000000000 ) ) ;
#438 = CYLINDRICAL_SURFACE ( 'NONE', #70, 3.500000000000000000 ) ;
#439 = VECTOR ( 'NONE', #890, 1000.000000000000000 ) ;
#440 = ORIENTED_EDGE ( 'NONE', *, *, #1900, .F. ) ;
#441 = CARTESIAN_POINT ( 'NONE',  ( -4.000000000000000000, 0.000000000000000000, 0.000000000000000000 ) ) ;
#442 = DIRECTION ( 'NONE',  ( 0.000000000000000000, 0.000000000000000000, 1.000000000000000000 ) ) ;
#443 = EDGE_LOOP ( 'NONE', ( #1752, #1764, #258, #941 ) ) ;
#444 = DIRECTION ( 'NONE',  ( 0.000000000000000000, 0.000000000000000000, 1.000000000000000000 ) ) ;
#445 = EDGE_CURVE ( 'NONE', #1927, #1127, #1935, .T. ) ;
#446 = FACE_OUTER_BOUND ( 'NONE', #1407, .T. ) ;
#447 = CYLINDRICAL_SURFACE ( 'NONE', #607, 3.500000000000000000 ) ;
#448 = ORIENTED_EDGE ( 'NONE', *, *, #2079, .F. ) ;
#449 = DIRECTION ( 'NONE',  ( -1.000000000000000000, 0.000000000000000000, 0.000000000000000000 ) ) ;
#450 = EDGE_CURVE ( 'NONE', #2539, #1034, #1201, .T. ) ;
#451 = CARTESIAN_POINT ( 'NONE',  ( -3.500000000000000000, -7.000000000000000000, 8.000000000000000000 ) ) ;
#452 = VERTEX_POINT ( 'NONE', #352 ) ;
#453 = VECTOR ( 'NONE', #1164, 1000.000000000000000 ) ;
#454 = ORIENTED_EDGE ( 'NONE', *, *, #1512, .T. ) ;
#455 = CIRCLE ( 'NONE', #1485, 1.700000000000000178 ) ;
#456 = DIRECTION ( 'NONE',  ( 0.000000000000000000, 0.000000000000000000, -1.000000000000000000 ) ) ;
#457 = EDGE_LOOP ( 'NONE', ( #2658, #1344, #1815, #1948 ) ) ;
#458 =( GEOMETRIC_REPRESENTATION_CONTEXT ( 3 ) GLOBAL_UNCERTAINTY_ASSIGNED_CONTEXT ( ( #2584 ) ) GLOBAL_UNIT_ASSIGNED_CONTEXT ( ( #1018, #2492, #2239 ) ) REPRESENTATION_CONTEXT ( 'NONE', 'WORKASPACE' ) );
#459 = CARTESIAN_POINT ( 'NONE',  ( 40.00000000000000000, 9.000000000000000000, 4.000000000000000000 ) ) ;
#460 = LINE ( 'NONE', #900, #439 ) ;
#461 = ORIENTED_EDGE ( 'NONE', *, *, #1128, .T. ) ;
#462 = VECTOR ( 'NONE', #1825, 1000.000000000000000 ) ;
#463 = CYLINDRICAL_SURFACE ( 'NONE', #983, 3.500000000000000000 ) ;
#464 = ORIENTED_EDGE ( 'NONE', *, *, #1264, .F. ) ;
#465 = AXIS2_PLACEMENT_3D ( 'NONE', #796, #177, #2437 ) ;
#466 = ADVANCED_FACE ( 'NONE', ( #1745 ), #1965, .F. ) ;
#467 = CARTESIAN_POINT ( 'NONE',  ( 7.000000000000000000, 0.000000000000000000, 8.000000000000000000 ) ) ;
#468 = ORIENTED_EDGE ( 'NONE', *, *, #2633, .F. ) ;
#469 = LINE ( 'NONE', #2111, #406 ) ;
#470 = CARTESIAN_POINT ( 'NONE',  ( 100.0000000000000000, -4.999999999999999112, 0.000000000000000000 ) ) ;
#471 = EDGE_LOOP ( 'NONE', ( #2254, #344 ) ) ;
#472 = CYLINDRICAL_SURFACE ( 'NONE', #2110, 1.699999999999999956 ) ;
#473 = DIRECTION ( 'NONE',  ( -0.000000000000000000, -0.000000000000000000, 1.000000000000000000 ) ) ;
#474 = SECURITY_CLASSIFICATION_LEVEL ( 'unclassified' ) ;
#475 = EDGE_CURVE ( 'NONE', #506, #2340, #1345, .T. ) ;
#476 = AXIS2_PLACEMENT_3D ( 'NONE', #313, #2570, #2143 ) ;
#477 = VECTOR ( 'NONE', #1809, 1000.000000000000000 ) ;
#478 = ORIENTED_EDGE ( 'NONE', *, *, #1926, .T. ) ;
#479 = AXIS2_PLACEMENT_3D ( 'NONE', #1459, #2473, #2288 ) ;
#480 = VECTOR ( 'NONE', #2386, 1000.000000000000000 ) ;
#481 = EDGE_CURVE ( 'NONE', #2241, #64, #1114, .T. ) ;
#482 = ORIENTED_EDGE ( 'NONE', *, *, #568, .F. ) ;
#483 = AXIS2_PLACEMENT_3D ( 'NONE', #1325, #95, #1143 ) ;
#484 = FACE_BOUND ( 'NONE', #86, .T. ) ;
#485 = ORIENTED_EDGE ( 'NONE', *, *, #1399, .F. ) ;
#486 = ORIENTED_EDGE ( 'NONE', *, *, #72, .T. ) ;
#487 = CYLINDRICAL_SURFACE ( 'NONE', #335, 1.700000000000000178 ) ;
#488 = ORIENTED_EDGE ( 'NONE', *, *, #1740, .T. ) ;
#489 = LINE ( 'NONE', #513, #2622 ) ;
#490 = ORIENTED_EDGE ( 'NONE', *, *, #2077, .T. ) ;
#491 = EDGE_CURVE ( 'NONE', #397, #181, #2014, .T. ) ;
#492 = ORIENTED_EDGE ( 'NONE', *, *, #1806, .F. ) ;
#493 = FACE_OUTER_BOUND ( 'NONE', #1498, .T. ) ;
#494 = CIRCLE ( 'NONE', #2211, 3.500000000000000000 ) ;
#495 = ORIENTED_EDGE ( 'NONE', *, *, #1318, .T. ) ;
#496 = ORIENTED_EDGE ( 'NONE', *, *, #1574, .F. ) ;
#497 = EDGE_CURVE ( 'NONE', #429, #2266, #1169, .T. ) ;
#498 = DIRECTION ( 'NONE',  ( 0.000000000000000000, -1.000000000000000000, 0.000000000000000000 ) ) ;
#499 = DIRECTION ( 'NONE',  ( 1.000000000000000000, 0.000000000000000000, 0.000000000000000000 ) ) ;
#500 = APPROVAL_DATE_TIME ( #1942, #601 ) ;
#501 = VECTOR ( 'NONE', #241, 1000.000000000000000 ) ;
#502 = CYLINDRICAL_SURFACE ( 'NONE', #1714, 1.700000000000000178 ) ;
#503 = ORIENTED_EDGE ( 'NONE', *, *, #1002, .T. ) ;
#504 = VERTEX_POINT ( 'NONE', #1334 ) ;
#505 = CARTESIAN_POINT ( 'NONE',  ( 30.41742430504416461, -7.000000000000000000, 0.000000000000000000 ) ) ;
#506 = VERTEX_POINT ( 'NONE', #1989 ) ;
#507 = ORIENTED_EDGE ( 'NONE', *, *, #2287, .T. ) ;
#508 = LINE ( 'NONE', #2176, #44 ) ;
#509 = CIRCLE ( 'NONE', #2145, 1.700000000000000178 ) ;
#510 = DIRECTION ( 'NONE',  ( 0.000000000000000000, 0.000000000000000000, -1.000000000000000000 ) ) ;
#511 = ADVANCED_FACE ( 'NONE', ( #1730, #2390, #2568, #904, #2365, #1952, #1754, #721, #1542, #120, #1766, #1940, #2578, #132, #522 ), #94, .T. ) ;
#512 = EDGE_LOOP ( 'NONE', ( #1166, #1896, #1149, #1206 ) ) ;
#513 = CARTESIAN_POINT ( 'NONE',  ( 30.41742430504416461, 7.000000000000000000, 4.000000000000000000 ) ) ;
#514 = DIRECTION ( 'NONE',  ( 0.000000000000000000, 0.000000000000000000, -1.000000000000000000 ) ) ;
#515 = CYLINDRICAL_SURFACE ( 'NONE', #1451, 3.500000000000000444 ) ;
#516 = VERTEX_POINT ( 'NONE', #1554 ) ;
#517 = VECTOR ( 'NONE', #679, 1000.000000000000000 ) ;
#518 = CARTESIAN_POINT ( 'NONE',  ( -3.388860427931489561, 6.125000000000000888, 4.000000000000000000 ) ) ;
#519 = EDGE_LOOP ( 'NONE', ( #1644, #718 ) ) ;
#520 = CIRCLE ( 'NONE', #2026, 3.500000000000000000 ) ;
#521 = VERTEX_POINT ( 'NONE', #532 ) ;
#522 = FACE_BOUND ( 'NONE', #289, .T. ) ;
#523 = CARTESIAN_POINT ( 'NONE',  ( 45.85000000000000142, 5.000000000000000000, 4.000000000000000000 ) ) ;
#524 = LINE ( 'NONE', #1326, #816 ) ;
#525 = DIRECTION ( 'NONE',  ( -1.000000000000000000, 0.000000000000000000, 0.000000000000000000 ) ) ;
#526 = CARTESIAN_POINT ( 'NONE',  ( 9.000000000000000000, 0.000000000000000000, 8.000000000000000000 ) ) ;
#527 = EDGE_LOOP ( 'NONE', ( #1140, #180, #1180, #1526 ) ) ;
#528 = AXIS2_PLACEMENT_3D ( 'NONE', #980, #1192, #1588 ) ;
#529 = CARTESIAN_POINT ( 'NONE',  ( 9.000000000000000000, 0.000000000000000000, 4.000000000000000000 ) ) ;
#530 = ORIENTED_EDGE ( 'NONE', *, *, #450, .F. ) ;
#531 = CARTESIAN_POINT ( 'NONE',  ( 39.58257569495583539, -7.000000000000000000, 0.000000000000000000 ) ) ;
#532 = CARTESIAN_POINT ( 'NONE',  ( 1.699999999999999956, 9.000000000000000000, 8.000000000000000000 ) ) ;
#533 = CARTESIAN_POINT ( 'NONE',  ( 39.58257569495583539, 7.000000000000000000, 0.000000000000000000 ) ) ;
#534 = LOCAL_TIME ( 18, 14, 16.00000000000000000, #2317 ) ;
#535 = CARTESIAN_POINT ( 'NONE',  ( 3.354101966249685152, -8.000000000000000000, 8.000000000000000000 ) ) ;
#536 = CARTESIAN_POINT ( 'NONE',  ( 35.00000000000000000, 9.000000000000000000, 4.000000000000000000 ) ) ;
#537 = DIRECTION ( 'NONE',  ( 0.000000000000000000, 0.000000000000000000, -1.000000000000000000 ) ) ;
#538 = EDGE_CURVE ( 'NONE', #1136, #1744, #508, .T. ) ;
#539 = CIRCLE ( 'NONE', #2051, 1.600000000000000755 ) ;
#540 = EDGE_CURVE ( 'NONE', #2093, #1500, #2306, .T. ) ;
#541 = ORIENTED_EDGE ( 'NONE', *, *, #434, .T. ) ;
#542 = DIRECTION ( 'NONE',  ( 0.000000000000000000, 0.000000000000000000, -1.000000000000000000 ) ) ;
#543 = CARTESIAN_POINT ( 'NONE',  ( 0.000000000000000000, 0.000000000000000000, 8.000000000000000000 ) ) ;
#544 = EDGE_LOOP ( 'NONE', ( #2008, #2021, #701, #1925 ) ) ;
#545 = AXIS2_PLACEMENT_3D ( 'NONE', #273, #2118, #2528 ) ;
#546 = DIRECTION ( 'NONE',  ( 0.000000000000000000, 0.000000000000000000, 1.000000000000000000 ) ) ;
#547 = DIRECTION ( 'NONE',  ( 0.000000000000000000, 0.000000000000000000, 1.000000000000000000 ) ) ;
#548 = DIRECTION ( 'NONE',  ( 1.000000000000000000, 0.000000000000000000, 0.000000000000000000 ) ) ;
#549 = DIRECTION ( 'NONE',  ( -0.000000000000000000, -0.000000000000000000, -1.000000000000000000 ) ) ;
#550 = CARTESIAN_POINT ( 'NONE',  ( 0.000000000000000000, 9.000000000000000000, 8.000000000000000000 ) ) ;
#551 = DIRECTION ( 'NONE',  ( 0.000000000000000000, 0.000000000000000000, -1.000000000000000000 ) ) ;
#552 = EDGE_CURVE ( 'NONE', #2160, #826, #1239, .T. ) ;
#553 = EDGE_LOOP ( 'NONE', ( #27, #2456, #1053, #640 ) ) ;
#554 = CARTESIAN_POINT ( 'NONE',  ( -9.000000000000000000, 0.000000000000000000, 8.000000000000000000 ) ) ;
#555 = ADVANCED_FACE ( 'NONE', ( #1444 ), #1013, .T. ) ;
#556 = AXIS2_PLACEMENT_3D ( 'NONE', #299, #1545, #922 ) ;
#557 = CARTESIAN_POINT ( 'NONE',  ( -9.000000000000000000, 0.000000000000000000, 0.000000000000000000 ) ) ;
#558 = EDGE_LOOP ( 'NONE', ( #2508, #1056, #211, #2182 ) ) ;
#559 = DIRECTION ( 'NONE',  ( 1.000000000000000000, 0.000000000000000000, 0.000000000000000000 ) ) ;
#560 = CIRCLE ( 'NONE', #351, 3.500000000000000000 ) ;
#561 = CARTESIAN_POINT ( 'NONE',  ( 0.000000000000000000, 9.000000000000000000, 8.000000000000000000 ) ) ;
#562 = AXIS2_PLACEMENT_3D ( 'NONE', #1741, #2536, #2563 ) ;
#563 = CARTESIAN_POINT ( 'NONE',  ( 35.00000000000000000, 9.000000000000000000, 4.000000000000003553 ) ) ;
#564 = DIRECTION ( 'NONE',  ( -0.000000000000000000, -0.000000000000000000, 1.000000000000000000 ) ) ;
#565 = DIRECTION ( 'NONE',  ( 0.000000000000000000, -1.000000000000000000, 0.000000000000000000 ) ) ;
#566 = DIRECTION ( 'NONE',  ( 0.000000000000000000, 0.000000000000000000, 1.000000000000000000 ) ) ;
#567 = VERTEX_POINT ( 'NONE', #999 ) ;
#568 = EDGE_CURVE ( 'NONE', #1519, #1221, #2232, .T. ) ;
#569 = DIRECTION ( 'NONE',  ( -0.000000000000000000, -0.000000000000000000, 1.000000000000000000 ) ) ;
#570 = ADVANCED_FACE ( 'NONE', ( #2202 ), #985, .T. ) ;
#571 = CYLINDRICAL_SURFACE ( 'NONE', #2597, 3.500000000000000000 ) ;
#572 = ORIENTED_EDGE ( 'NONE', *, *, #51, .T. ) ;
#573 = VECTOR ( 'NONE', #242, 1000.000000000000000 ) ;
#574 = DIRECTION ( 'NONE',  ( -0.000000000000000000, -0.000000000000000000, 1.000000000000000000 ) ) ;
#575 = DIRECTION ( 'NONE',  ( -1.000000000000000000, 0.000000000000000000, 0.000000000000000000 ) ) ;
#576 = DIRECTION ( 'NONE',  ( -0.000000000000000000, -0.000000000000000000, 1.000000000000000000 ) ) ;
#577 = EDGE_CURVE ( 'NONE', #2603, #620, #1361, .T. ) ;
#578 = CARTESIAN_POINT ( 'NONE',  ( -7.000000000000000000, 0.000000000000000000, 8.000000000000000000 ) ) ;
#579 = DIRECTION ( 'NONE',  ( -1.000000000000000000, 0.000000000000000000, 0.000000000000000000 ) ) ;
#581 = VERTEX_POINT ( 'NONE', #792 ) ;
#580 = CARTESIAN_POINT ( 'NONE',  ( 47.55000000000000426, 5.000000000000000000, 0.000000000000000000 ) ) ;
#582 = ORIENTED_EDGE ( 'NONE', *, *, #1768, .T. ) ;
#583 = VERTEX_POINT ( 'NONE', #1622 ) ;
#584 = CIRCLE ( 'NONE', #1882, 7.000000000000000000 ) ;
#585 = DIRECTION ( 'NONE',  ( -0.000000000000000000, -0.000000000000000000, -1.000000000000000000 ) ) ;
#586 = ORIENTED_EDGE ( 'NONE', *, *, #1004, .T. ) ;
#587 = DIRECTION ( 'NONE',  ( 0.000000000000000000, 0.000000000000000000, -1.000000000000000000 ) ) ;
#588 = FACE_OUTER_BOUND ( 'NONE', #2290, .T. ) ;
#589 = DIRECTION ( 'NONE',  ( -1.000000000000000000, -8.673617379884040402E-16, 0.000000000000000000 ) ) ;
#590 = CIRCLE ( 'NONE', #2441, 9.999999999999994671 ) ;
#591 = EDGE_CURVE ( 'NONE', #1327, #2150, #893, .T. ) ;
#592 = DIRECTION ( 'NONE',  ( -1.000000000000000000, -0.000000000000000000, -0.000000000000000000 ) ) ;
#594 = EDGE_LOOP ( 'NONE', ( #245, #2460, #1603, #2423 ) ) ;
#593 = PERSON_AND_ORGANIZATION_ROLE ( 'design_owner' ) ;
#595 = ORIENTED_EDGE ( 'NONE', *, *, #2292, .F. ) ;
#596 = EDGE_LOOP ( 'NONE', ( #1283, #706, #2066, #2599 ) ) ;
#597 = DIRECTION ( 'NONE',  ( 0.000000000000000000, 0.000000000000000000, 1.000000000000000000 ) ) ;
#598 = DIRECTION ( 'NONE',  ( 1.000000000000000000, 0.000000000000000000, 0.000000000000000000 ) ) ;
#599 = ORIENTED_EDGE ( 'NONE', *, *, #1237, .T. ) ;
#600 = VECTOR ( 'NONE', #2062, 1000.000000000000000 ) ;
#601 = APPROVAL ( #1683, 'UNSPECIFIED' ) ;
#602 = DIRECTION ( 'NONE',  ( -0.000000000000000000, -0.000000000000000000, 1.000000000000000000 ) ) ;
#603 = FACE_OUTER_BOUND ( 'NONE', #770, .T. ) ;
#604 = LINE ( 'NONE', #616, #2194 ) ;
#605 = ADVANCED_FACE ( 'NONE', ( #1580 ), #2448, .F. ) ;
#606 = DIRECTION ( 'NONE',  ( -0.000000000000000000, -0.000000000000000000, 1.000000000000000000 ) ) ;
#607 = AXIS2_PLACEMENT_3D ( 'NONE', #1889, #1901, #2327 ) ;
#608 = CYLINDRICAL_SURFACE ( 'NONE', #465, 1.699999999999999956 ) ;
#609 = ORIENTED_EDGE ( 'NONE', *, *, #115, .T. ) ;
#610 = VECTOR ( 'NONE', #510, 1000.000000000000000 ) ;
#611 = ORIENTED_EDGE ( 'NONE', *, *, #2183, .T. ) ;
#612 = LINE ( 'NONE', #25, #1273 ) ;
#613 = DIRECTION ( 'NONE',  ( -1.000000000000000000, 0.000000000000000000, 0.000000000000000000 ) ) ;
#614 = ORIENTED_EDGE ( 'NONE', *, *, #279, .F. ) ;
#615 = DIRECTION ( 'NONE',  ( -0.000000000000000000, -0.000000000000000000, -1.000000000000000000 ) ) ;
#616 = CARTESIAN_POINT ( 'NONE',  ( 0.000000000000000000, 7.000000000000000000, 4.000000000000000000 ) ) ;
#617 = AXIS2_PLACEMENT_3D ( 'NONE', #1867, #1645, #623 ) ;
#618 = DIRECTION ( 'NONE',  ( 1.000000000000000000, 0.000000000000000000, 0.000000000000000000 ) ) ;
#620 = VERTEX_POINT ( 'NONE', #1593 ) ;
#619 = COORDINATED_UNIVERSAL_TIME_OFFSET ( 6, 0, .BEHIND. ) ;
#621 = AXIS2_PLACEMENT_3D ( 'NONE', #1672, #1055, #2108 ) ;
#622 = VERTEX_POINT ( 'NONE', #2668 ) ;
#623 = DIRECTION ( 'NONE',  ( 1.000000000000000000, 0.000000000000000000, 0.000000000000000000 ) ) ;
#624 = EDGE_CURVE ( 'NONE', #925, #2573, #1699, .T. ) ;
#625 = CYLINDRICAL_SURFACE ( 'NONE', #2343, 1.699999999999993072 ) ;
#626 = ORIENTED_EDGE ( 'NONE', *, *, #2235, .T. ) ;
#627 = CIRCLE ( 'NONE', #2003, 3.499999999999999556 ) ;
#628 = CARTESIAN_POINT ( 'NONE',  ( 35.00000000000000000, -9.000000000000000000, 0.000000000000000000 ) ) ;
#629 = DIRECTION ( 'NONE',  ( 0.000000000000000000, 0.000000000000000000, 1.000000000000000000 ) ) ;
#630 = FACE_BOUND ( 'NONE', #2315, .T. ) ;
#631 = AXIS2_PLACEMENT_3D ( 'NONE', #1911, #1899, #431 ) ;
#632 = CARTESIAN_POINT ( 'NONE',  ( 0.000000000000000000, 9.000000000000000000, 8.000000000000000000 ) ) ;
#633 = CALENDAR_DATE ( 2026, 28, 9 ) ;
#634 = CIRCLE ( 'NONE', #898, 3.500000000000000000 ) ;
#635 = VERTEX_POINT ( 'NONE', #1387 ) ;
#636 = EDGE_CURVE ( 'NONE', #181, #397, #539, .T. ) ;
#637 = DIRECTION ( 'NONE',  ( -0.000000000000000000, -0.000000000000000000, -1.000000000000000000 ) ) ;
#638 = AXIS2_PLACEMENT_3D ( 'NONE', #1857, #29, #2059 ) ;
#639 = DIRECTION ( 'NONE',  ( -1.000000000000000000, 0.000000000000000000, 0.000000000000000000 ) ) ;
#640 = ORIENTED_EDGE ( 'NONE', *, *, #1162, .F. ) ;
#641 = EDGE_CURVE ( 'NONE', #1744, #1452, #76, .T. ) ;
#642 = CYLINDRICAL_SURFACE ( 'NONE', #1527, 3.500000000000000000 ) ;
#643 = CARTESIAN_POINT ( 'NONE',  ( 0.000000000000000000, 7.000000000000000000, 8.000000000000000000 ) ) ;
#644 = DIRECTION ( 'NONE',  ( -1.000000000000000000, 0.000000000000000000, 0.000000000000000000 ) ) ;
#645 = ORIENTED_EDGE ( 'NONE', *, *, #1162, .T. ) ;
#646 = AXIS2_PLACEMENT_3D ( 'NONE', #1651, #2628, #17 ) ;
#647 = DIRECTION ( 'NONE',  ( 0.000000000000000000, 0.000000000000000000, 1.000000000000000000 ) ) ;
#648 = ORIENTED_EDGE ( 'NONE', *, *, #734, .T. ) ;
#649 = VECTOR ( 'NONE', #2088, 1000.000000000000000 ) ;
#650 = ORIENTED_EDGE ( 'NONE', *, *, #1923, .T. ) ;
#651 = CC_DESIGN_PERSON_AND_ORGANIZATION_ASSIGNMENT ( #2127, #907, ( #1695 ) ) ;
#652 = DIRECTION ( 'NONE',  ( 1.000000000000000000, 0.000000000000000000, 0.000000000000000000 ) ) ;
#653 = VERTEX_POINT ( 'NONE', #2216 ) ;
#654 = DIRECTION ( 'NONE',  ( 0.000000000000000000, 0.000000000000000000, 1.000000000000000000 ) ) ;
#655 = CARTESIAN_POINT ( 'NONE',  ( 0.000000000000000000, 9.000000000000000000, 0.000000000000000000 ) ) ;
#656 = FACE_BOUND ( 'NONE', #1932, .T. ) ;
#657 = VERTEX_POINT ( 'NONE', #2461 ) ;
#658 = DIRECTION ( 'NONE',  ( 1.000000000000000000, 0.000000000000000000, 0.000000000000000000 ) ) ;
#659 = EDGE_CURVE ( 'NONE', #1034, #1591, #1922, .T. ) ;
#660 = COORDINATED_UNIVERSAL_TIME_OFFSET ( 6, 0, .BEHIND. ) ;
#661 = ORIENTED_EDGE ( 'NONE', *, *, #2125, .T. ) ;
#662 = AXIS2_PLACEMENT_3D ( 'NONE', #2268, #2067, #1036 ) ;
#663 = ORIENTED_EDGE ( 'NONE', *, *, #2347, .F. ) ;
#664 = CARTESIAN_POINT ( 'NONE',  ( 30.00000000000000711, -9.000000000000000000, 4.000000000000000000 ) ) ;
#665 = ORIENTED_EDGE ( 'NONE', *, *, #817, .F. ) ;
#666 = APPROVAL_PERSON_ORGANIZATION ( #1642, #2034, #396 ) ;
#667 = CARTESIAN_POINT ( 'NONE',  ( 51.79795897113271508, 4.999999999999999112, 4.000000000000000000 ) ) ;
#668 = FACE_BOUND ( 'NONE', #166, .T. ) ;
#669 = ORIENTED_EDGE ( 'NONE', *, *, #1274, .T. ) ;
#670 = ORIENTED_EDGE ( 'NONE', *, *, #1671, .F. ) ;
#671 = VECTOR ( 'NONE', #416, 1000.000000000000000 ) ;
#672 = CARTESIAN_POINT ( 'NONE',  ( 36.60000000000000142, -9.000000000000000000, 4.000000000000003553 ) ) ;
#673 = EDGE_CURVE ( 'NONE', #1266, #700, #1616, .T. ) ;
#674 = EDGE_LOOP ( 'NONE', ( #897, #2533 ) ) ;
#675 = AXIS2_PLACEMENT_3D ( 'NONE', #632, #2048, #2641 ) ;
#676 = FACE_OUTER_BOUND ( 'NONE', #1670, .T. ) ;
#677 = ORIENTED_EDGE ( 'NONE', *, *, #1246, .F. ) ;
#678 = DIRECTION ( 'NONE',  ( 1.000000000000000000, 0.000000000000000000, 0.000000000000000000 ) ) ;
#679 = DIRECTION ( 'NONE',  ( 0.000000000000000000, 0.000000000000000000, -1.000000000000000000 ) ) ;
#680 = EDGE_LOOP ( 'NONE', ( #61, #994, #1532, #99 ) ) ;
#681 = VERTEX_POINT ( 'NONE', #2246 ) ;
#682 = LINE ( 'NONE', #1098, #1031 ) ;
#683 = DATE_TIME_ROLE ( 'classification_date' ) ;
#684 = ADVANCED_FACE ( 'NONE', ( #588 ), #1779, .F. ) ;
#685 = CIRCLE ( 'NONE', #127, 1.599999999999997202 ) ;
#686 = AXIS2_PLACEMENT_3D ( 'NONE', #958, #2215, #1765 ) ;
#687 = ORIENTED_EDGE ( 'NONE', *, *, #817, .T. ) ;
#688 = AXIS2_PLACEMENT_3D ( 'NONE', #2168, #151, #138 ) ;
#689 = AXIS2_PLACEMENT_3D ( 'NONE', #704, #116, #401 ) ;
#690 = ORIENTED_EDGE ( 'NONE', *, *, #1394, .T. ) ;
#691 = CIRCLE ( 'NONE', #1548, 1.699999999999999956 ) ;
#692 = DIRECTION ( 'NONE',  ( 0.000000000000000000, 0.000000000000000000, 1.000000000000000000 ) ) ;
#693 = ORIENTED_EDGE ( 'NONE', *, *, #1708, .T. ) ;
#694 = EDGE_LOOP ( 'NONE', ( #992, #2319 ) ) ;
#695 = DIRECTION ( 'NONE',  ( -0.000000000000000000, -0.000000000000000000, 1.000000000000000000 ) ) ;
#696 = DIRECTION ( 'NONE',  ( -0.000000000000000000, -0.000000000000000000, 1.000000000000000000 ) ) ;
#697 = PERSON_AND_ORGANIZATION_ROLE ( 'classification_officer' ) ;
#698 = APPLICATION_CONTEXT ( 'configuration controlled 3d designs of mechanical parts and assemblies' ) ;
#699 = AXIS2_PLACEMENT_3D ( 'NONE', #667, #253, #54 ) ;
#700 = VERTEX_POINT ( 'NONE', #2045 ) ;
#701 = ORIENTED_EDGE ( 'NONE', *, *, #659, .T. ) ;
#702 = VECTOR ( 'NONE', #197, 1000.000000000000000 ) ;
#703 = ADVANCED_FACE ( 'NONE', ( #1230 ), #200, .T. ) ;
#704 = CARTESIAN_POINT ( 'NONE',  ( -9.000000000000000000, 0.000000000000000000, 0.000000000000000000 ) ) ;
#705 = EDGE_LOOP ( 'NONE', ( #2142, #1152, #783, #1256 ) ) ;
#706 = ORIENTED_EDGE ( 'NONE', *, *, #2077, .F. ) ;
#707 = DIRECTION ( 'NONE',  ( -1.000000000000000000, 0.000000000000000000, 0.000000000000000000 ) ) ;
#708 = CARTESIAN_POINT ( 'NONE',  ( 0.000000000000000000, 0.000000000000000000, 8.000000000000000000 ) ) ;
#709 = EDGE_LOOP ( 'NONE', ( #2328, #88 ) ) ;
#710 = CIRCLE ( 'NONE', #2132, 3.500000000000000000 ) ;
#711 = CARTESIAN_POINT ( 'NONE',  ( 94.15000000000000568, -5.000000000000000000, 0.000000000000000000 ) ) ;
#712 = AXIS2_PLACEMENT_3D ( 'NONE', #2073, #444, #864 ) ;
#713 = ORIENTED_EDGE ( 'NONE', *, *, #1520, .T. ) ;
#714 = DIRECTION ( 'NONE',  ( 0.000000000000000000, 0.000000000000000000, -1.000000000000000000 ) ) ;
#715 = ORIENTED_EDGE ( 'NONE', *, *, #286, .F. ) ;
#716 = ADVANCED_FACE ( 'NONE', ( #417 ), #971, .T. ) ;
#717 = CARTESIAN_POINT ( 'NONE',  ( 42.00000000000000000, 7.000000000000000000, 0.000000000000000000 ) ) ;
#718 = ORIENTED_EDGE ( 'NONE', *, *, #491, .F. ) ;
#719 = ORIENTED_EDGE ( 'NONE', *, *, #1366, .T. ) ;
#720 = ADVANCED_BREP_SHAPE_REPRESENTATION ( 'ARM-201_Upper_link_dual_MG996R', ( #839, #1826 ), #458 ) ;
#721 = FACE_BOUND ( 'NONE', #1575, .T. ) ;
#722 = ADVANCED_FACE ( 'NONE', ( #12 ), #228, .T. ) ;
#723 = CARTESIAN_POINT ( 'NONE',  ( -1.699999999999999956, 9.000000000000000000, 0.000000000000000000 ) ) ;
#724 = FACE_OUTER_BOUND ( 'NONE', #443, .T. ) ;
#725 = CARTESIAN_POINT ( 'NONE',  ( 51.79795897113271508, -4.999999999999999112, 0.000000000000000000 ) ) ;
#726 = DIRECTION ( 'NONE',  ( 1.000000000000000000, 0.000000000000000000, 0.000000000000000000 ) ) ;
#727 = CIRCLE ( 'NONE', #436, 1.700000000000000178 ) ;
#728 = ORIENTED_EDGE ( 'NONE', *, *, #1710, .T. ) ;
#729 = EDGE_CURVE ( 'NONE', #908, #1927, #1025, .T. ) ;
#730 = AXIS2_PLACEMENT_3D ( 'NONE', #2589, #1563, #2575 ) ;
#731 = CARTESIAN_POINT ( 'NONE',  ( 0.000000000000000000, 9.000000000000000000, 4.000000000000000000 ) ) ;
#732 = ORIENTED_EDGE ( 'NONE', *, *, #497, .F. ) ;
#733 = AXIS2_PLACEMENT_3D ( 'NONE', #708, #1531, #354 ) ;
#734 = EDGE_CURVE ( 'NONE', #504, #1890, #2524, .T. ) ;
#735 = LINE ( 'NONE', #403, #501 ) ;
#736 = DIRECTION ( 'NONE',  ( 0.000000000000000000, 0.000000000000000000, -1.000000000000000000 ) ) ;
#737 = CARTESIAN_POINT ( 'NONE',  ( 0.000000000000000000, 0.000000000000000000, 4.000000000000000000 ) ) ;
#738 = CARTESIAN_POINT ( 'NONE',  ( -3.500000000000000000, -7.000000000000000000, 8.000000000000000000 ) ) ;
#739 = EDGE_CURVE ( 'NONE', #2070, #1655, #1284, .T. ) ;
#740 = LINE ( 'NONE', #314, #411 ) ;
#741 = DIRECTION ( 'NONE',  ( 0.000000000000000000, 0.000000000000000000, -1.000000000000000000 ) ) ;
#742 = ORIENTED_EDGE ( 'NONE', *, *, #2610, .T. ) ;
#743 = CIRCLE ( 'NONE', #190, 3.500000000000000000 ) ;
#744 = FACE_BOUND ( 'NONE', #997, .T. ) ;
#745 = CARTESIAN_POINT ( 'NONE',  ( 8.000000000000001776, 3.354101966249684263, 4.000000000000000000 ) ) ;
#746 = ORIENTED_EDGE ( 'NONE', *, *, #1438, .T. ) ;
#747 = DIRECTION ( 'NONE',  ( 1.000000000000000000, 0.000000000000000000, 0.000000000000000000 ) ) ;
#748 = DIRECTION ( 'NONE',  ( 1.000000000000000000, 0.000000000000000000, 0.000000000000000000 ) ) ;
#749 = VECTOR ( 'NONE', #1226, 1000.000000000000000 ) ;
#750 = CARTESIAN_POINT ( 'NONE',  ( 28.60000000000000142, 3.000000000000000000, 4.000000000000003553 ) ) ;
#751 = EDGE_CURVE ( 'NONE', #834, #1051, #28, .T. ) ;
#752 = CARTESIAN_POINT ( 'NONE',  ( -6.125000000000000888, -3.388860427931490449, 6.000000000000000000 ) ) ;
#753 = CARTESIAN_POINT ( 'NONE',  ( 42.00000000000000000, -7.000000000000000000, 4.000000000000000000 ) ) ;
#754 = ADVANCED_FACE ( 'NONE', ( #1700 ), #642, .T. ) ;
#755 = DIRECTION ( 'NONE',  ( 1.000000000000000000, 0.000000000000000000, 0.000000000000000000 ) ) ;
#756 = AXIS2_PLACEMENT_3D ( 'NONE', #404, #1415, #187 ) ;
#757 = ORIENTED_EDGE ( 'NONE', *, *, #87, .T. ) ;
#758 = DIRECTION ( 'NONE',  ( 0.000000000000000000, 0.000000000000000000, 1.000000000000000000 ) ) ;
#759 = CARTESIAN_POINT ( 'NONE',  ( 8.000000000000001776, -3.354101966249684708, 6.000000000000000000 ) ) ;
#760 = ORIENTED_EDGE ( 'NONE', *, *, #1860, .T. ) ;
#761 = AXIS2_PLACEMENT_3D ( 'NONE', #1797, #2624, #2222 ) ;
#762 = CARTESIAN_POINT ( 'NONE',  ( 27.00000000000000000, -3.000000000000000000, 0.000000000000000000 ) ) ;
#763 = CARTESIAN_POINT ( 'NONE',  ( -7.000000000000000000, 0.000000000000000000, 8.000000000000000000 ) ) ;
#764 = DIRECTION ( 'NONE',  ( -1.000000000000000000, 0.000000000000000000, 0.000000000000000000 ) ) ;
#765 = DIRECTION ( 'NONE',  ( 0.000000000000000000, 0.000000000000000000, 1.000000000000000000 ) ) ;
#766 = AXIS2_PLACEMENT_3D ( 'NONE', #1716, #2138, #1324 ) ;
#767 = FACE_OUTER_BOUND ( 'NONE', #2025, .T. ) ;
#768 = DIRECTION ( 'NONE',  ( 1.000000000000000000, 0.000000000000000000, 0.000000000000000000 ) ) ;
#769 = EDGE_CURVE ( 'NONE', #1788, #1384, #584, .T. ) ;
#770 = EDGE_LOOP ( 'NONE', ( #1252, #953, #2224, #1038 ) ) ;
#771 = CARTESIAN_POINT ( 'NONE',  ( 47.55000000000000426, -5.000000000000000000, 0.000000000000000000 ) ) ;
#772 = AXIS2_PLACEMENT_3D ( 'NONE', #578, #2018, #1556 ) ;
#773 = EDGE_CURVE ( 'NONE', #1903, #2537, #1648, .T. ) ;
#774 = DIRECTION ( 'NONE',  ( 1.000000000000000000, 0.000000000000000000, 0.000000000000000000 ) ) ;
#775 = ORIENTED_EDGE ( 'NONE', *, *, #2134, .T. ) ;
#776 = DIRECTION ( 'NONE',  ( 0.000000000000000000, 0.000000000000000000, -1.000000000000000000 ) ) ;
#777 = DIRECTION ( 'NONE',  ( 0.000000000000000000, 0.000000000000000000, -1.000000000000000000 ) ) ;
#778 = VECTOR ( 'NONE', #2374, 1000.000000000000000 ) ;
#779 = CARTESIAN_POINT ( 'NONE',  ( 0.000000000000000000, 9.000000000000000000, 8.000000000000000000 ) ) ;
#780 = LINE ( 'NONE', #752, #2 ) ;
#781 = CARTESIAN_POINT ( 'NONE',  ( 35.00000000000000000, -9.000000000000000000, 0.000000000000000000 ) ) ;
#783 = ORIENTED_EDGE ( 'NONE', *, *, #2214, .F. ) ;
#782 = CARTESIAN_POINT ( 'NONE',  ( 35.00000000000000000, -9.000000000000000000, 4.000000000000003553 ) ) ;
#784 = VERTEX_POINT ( 'NONE', #459 ) ;
#785 = VERTEX_POINT ( 'NONE', #1296 ) ;
#786 = CARTESIAN_POINT ( 'NONE',  ( -1.699999999999999956, 9.000000000000000000, 8.000000000000000000 ) ) ;
#787 = LINE ( 'NONE', #1789, #2259 ) ;
#788 = ORIENTED_EDGE ( 'NONE', *, *, #1493, .T. ) ;
#789 = CIRCLE ( 'NONE', #2640, 1.599999999999997202 ) ;
#790 = CARTESIAN_POINT ( 'NONE',  ( 4.000000000000000000, 4.898587196589412829E-16, 4.000000000000003553 ) ) ;
#791 = EDGE_CURVE ( 'NONE', #2213, #2240, #331, .T. ) ;
#792 = CARTESIAN_POINT ( 'NONE',  ( 8.000000000000001776, -3.354101966249684263, 4.000000000000000000 ) ) ;
#793 = CARTESIAN_POINT ( 'NONE',  ( 45.85000000000000142, -5.000000000000000000, 8.000000000000000000 ) ) ;
#794 = DIRECTION ( 'NONE',  ( -1.000000000000000000, 0.000000000000000000, 0.000000000000000000 ) ) ;
#795 = VECTOR ( 'NONE', #968, 1000.000000000000000 ) ;
#796 = CARTESIAN_POINT ( 'NONE',  ( 0.000000000000000000, -9.000000000000000000, 8.000000000000000000 ) ) ;
#798 = VERTEX_POINT ( 'NONE', #2286 ) ;
#797 = CARTESIAN_POINT ( 'NONE',  ( 35.00000000000000000, -9.000000000000000000, 4.000000000000000000 ) ) ;
#799 = AXIS2_PLACEMENT_3D ( 'NONE', #550, #1172, #2611 ) ;
#800 = EDGE_LOOP ( 'NONE', ( #2010, #1908, #2498, #1523 ) ) ;
#801 = VERTEX_POINT ( 'NONE', #2086 ) ;
#802 = CARTESIAN_POINT ( 'NONE',  ( 27.00000000000000000, -3.000000000000000000, 0.000000000000000000 ) ) ;
#803 = CARTESIAN_POINT ( 'NONE',  ( -1.699999999999999956, -9.000000000000000000, 8.000000000000000000 ) ) ;
#804 = EDGE_LOOP ( 'NONE', ( #1100, #1122 ) ) ;
#805 = DIRECTION ( 'NONE',  ( 1.000000000000000000, 0.000000000000000000, 0.000000000000000000 ) ) ;
#806 = CARTESIAN_POINT ( 'NONE',  ( 0.000000000000000000, 0.000000000000000000, 0.000000000000000000 ) ) ;
#807 = CIRCLE ( 'NONE', #545, 1.699999999999993072 ) ;
#808 = DIRECTION ( 'NONE',  ( -1.000000000000000000, 0.000000000000000000, 0.000000000000000000 ) ) ;
#810 = ORIENTED_EDGE ( 'NONE', *, *, #445, .F. ) ;
#809 = CYLINDRICAL_SURFACE ( 'NONE', #1738, 4.999999999999997335 ) ;
#811 = ORIENTED_EDGE ( 'NONE', *, *, #1176, .T. ) ;
#812 = ORIENTED_EDGE ( 'NONE', *, *, #1368, .F. ) ;
#813 = DIRECTION ( 'NONE',  ( 0.000000000000000000, 0.000000000000000000, -1.000000000000000000 ) ) ;
#814 = DIRECTION ( 'NONE',  ( 0.000000000000000000, 0.000000000000000000, -1.000000000000000000 ) ) ;
#815 = EDGE_LOOP ( 'NONE', ( #2242, #1790 ) ) ;
#816 = VECTOR ( 'NONE', #288, 1000.000000000000000 ) ;
#817 = EDGE_CURVE ( 'NONE', #1599, #635, #1833, .T. ) ;
#818 = CARTESIAN_POINT ( 'NONE',  ( 45.85000000000000142, -5.000000000000000000, 0.000000000000000000 ) ) ;
#819 = AXIS2_PLACEMENT_3D ( 'NONE', #349, #130, #747 ) ;
#820 = DIRECTION ( 'NONE',  ( 1.000000000000000000, 0.000000000000000000, 0.000000000000000000 ) ) ;
#821 = DIRECTION ( 'NONE',  ( -0.000000000000000000, -0.000000000000000000, 1.000000000000000000 ) ) ;
#822 = VECTOR ( 'NONE', #1649, 1000.000000000000000 ) ;
#823 = CIRCLE ( 'NONE', #2579, 3.500000000000000000 ) ;
#824 = DIRECTION ( 'NONE',  ( -1.000000000000000000, 0.000000000000000000, 0.000000000000000000 ) ) ;
#826 = VERTEX_POINT ( 'NONE', #1094 ) ;
#825 = APPLICATION_PROTOCOL_DEFINITION ( 'international standard', 'config_control_design', 1994, #698 ) ;
#827 = EDGE_CURVE ( 'NONE', #181, #1739, #1490, .T. ) ;
#828 = AXIS2_PLACEMENT_3D ( 'NONE', #310, #338, #1155 ) ;
#829 = EDGE_CURVE ( 'NONE', #2266, #2241, #936, .T. ) ;
#830 = FACE_OUTER_BOUND ( 'NONE', #558, .T. ) ;
#831 = ORIENTED_EDGE ( 'NONE', *, *, #366, .T. ) ;
#832 = DIRECTION ( 'NONE',  ( -1.000000000000000000, 0.000000000000000000, 0.000000000000000000 ) ) ;
#833 = CARTESIAN_POINT ( 'NONE',  ( 35.00000000000000000, -9.000000000000000000, 4.000000000000003553 ) ) ;
#834 = VERTEX_POINT ( 'NONE', #1243 ) ;
#835 = CARTESIAN_POINT ( 'NONE',  ( 0.000000000000000000, 0.000000000000000000, 4.000000000000000000 ) ) ;
#836 = CARTESIAN_POINT ( 'NONE',  ( 44.14999999999999858, -5.000000000000000000, 4.000000000000000000 ) ) ;
#837 = DIRECTION ( 'NONE',  ( 0.000000000000000000, 0.000000000000000000, -1.000000000000000000 ) ) ;
#838 = CARTESIAN_POINT ( 'NONE',  ( 100.0000000000000000, 4.999999999999997335, 4.000000000000000000 ) ) ;
#839 = MANIFOLD_SOLID_BREP ( 'Printed_hub_M3_clearance_PCD18', #2190 ) ;
#840 = FACE_OUTER_BOUND ( 'NONE', #48, .T. ) ;
#842 = ORIENTED_EDGE ( 'NONE', *, *, #568, .T. ) ;
#841 = APPROVAL_DATE_TIME ( #2064, #2034 ) ;
#843 = EDGE_CURVE ( 'NONE', #1074, #925, #2485, .T. ) ;
#844 = VECTOR ( 'NONE', #2006, 1000.000000000000000 ) ;
#845 = ADVANCED_FACE ( 'NONE', ( #41 ), #1675, .T. ) ;
#846 = ORIENTED_EDGE ( 'NONE', *, *, #2009, .T. ) ;
#847 = CARTESIAN_POINT ( 'NONE',  ( 94.15000000000000568, 5.000000000000000000, 0.000000000000000000 ) ) ;
#848 = LINE ( 'NONE', #210, #1996 ) ;
#849 = VERTEX_POINT ( 'NONE', #876 ) ;
#850 = AXIS2_PLACEMENT_3D ( 'NONE', #1430, #1479, #1854 ) ;
#851 = CARTESIAN_POINT ( 'NONE',  ( -7.000000000000000000, 0.000000000000000000, 4.000000000000000000 ) ) ;
#852 = LINE ( 'NONE', #1663, #297 ) ;
#853 = PLANE ( 'NONE',  #913 ) ;
#854 = CYLINDRICAL_SURFACE ( 'NONE', #1503, 4.000000000000000000 ) ;
#855 = DIRECTION ( 'NONE',  ( 0.000000000000000000, 0.000000000000000000, -1.000000000000000000 ) ) ;
#856 = CARTESIAN_POINT ( 'NONE',  ( -3.354101966249684263, 8.000000000000000000, 4.000000000000000000 ) ) ;
#857 = ORIENTED_EDGE ( 'NONE', *, *, #1624, .T. ) ;
#858 = EDGE_CURVE ( 'NONE', #2150, #873, #469, .T. ) ;
#859 = EDGE_CURVE ( 'NONE', #1698, #1647, #65, .T. ) ;
#860 = ORIENTED_EDGE ( 'NONE', *, *, #902, .F. ) ;
#861 = AXIS2_PLACEMENT_3D ( 'NONE', #2164, #296, #748 ) ;
#862 = CYLINDRICAL_SURFACE ( 'NONE', #2301, 1.700000000000000178 ) ;
#863 = ORIENTED_EDGE ( 'NONE', *, *, #2454, .T. ) ;
#864 = DIRECTION ( 'NONE',  ( 1.000000000000000000, 0.000000000000000000, 0.000000000000000000 ) ) ;
#865 = ADVANCED_FACE ( 'NONE', ( #1855 ), #2443, .F. ) ;
#866 = CARTESIAN_POINT ( 'NONE',  ( 92.45000000000001705, -5.000000000000000000, 0.000000000000000000 ) ) ;
#867 = DIRECTION ( 'NONE',  ( 0.000000000000000000, 0.000000000000000000, -1.000000000000000000 ) ) ;
#868 = ORIENTED_EDGE ( 'NONE', *, *, #577, .T. ) ;
#869 = CARTESIAN_POINT ( 'NONE',  ( 0.000000000000000000, 0.000000000000000000, 4.000000000000003553 ) ) ;
#870 = CARTESIAN_POINT ( 'NONE',  ( 39.58257569495583539, -7.000000000000000000, 4.000000000000000000 ) ) ;
#871 = VECTOR ( 'NONE', #1030, 1000.000000000000000 ) ;
#872 = CIRCLE ( 'NONE', #2368, 1.699999999999993072 ) ;
#873 = VERTEX_POINT ( 'NONE', #359 ) ;
#874 = CARTESIAN_POINT ( 'NONE',  ( 30.00000000000000711, -9.000000000000000000, 4.000000000000000000 ) ) ;
#875 = EDGE_LOOP ( 'NONE', ( #2264, #1355, #2364, #415 ) ) ;
#876 = CARTESIAN_POINT ( 'NONE',  ( 7.299999999999998934, 0.000000000000000000, 0.000000000000000000 ) ) ;
#877 = FACE_BOUND ( 'NONE', #815, .T. ) ;
#878 = ADVANCED_FACE ( 'NONE', ( #1024, #1367, #1835, #744, #1177, #1997 ), #2428, .T. ) ;
#879 = ORIENTED_EDGE ( 'NONE', *, *, #1274, .F. ) ;
#880 = CARTESIAN_POINT ( 'NONE',  ( 49.15099999999999625, 10.50000000000000000, 8.000000000000000000 ) ) ;
#881 = PERSON_AND_ORGANIZATION ( #1918, #1564 ) ;
#882 = ORIENTED_EDGE ( 'NONE', *, *, #1450, .T. ) ;
#883 = AXIS2_PLACEMENT_3D ( 'NONE', #554, #1426, #388 ) ;
#884 = CARTESIAN_POINT ( 'NONE',  ( 95.85000000000000853, -5.000000000000000000, 0.000000000000000000 ) ) ;
#885 = ORIENTED_EDGE ( 'NONE', *, *, #235, .F. ) ;
#886 = CIRCLE ( 'NONE', #929, 3.499999999999999556 ) ;
#887 = DIRECTION ( 'NONE',  ( -0.000000000000000000, -0.000000000000000000, -1.000000000000000000 ) ) ;
#888 = VERTEX_POINT ( 'NONE', #154 ) ;
#889 = DIRECTION ( 'NONE',  ( -0.000000000000000000, -0.000000000000000000, -1.000000000000000000 ) ) ;
#890 = DIRECTION ( 'NONE',  ( 0.000000000000000000, 0.000000000000000000, -1.000000000000000000 ) ) ;
#891 = ORIENTED_EDGE ( 'NONE', *, *, #19, .T. ) ;
#892 = ORIENTED_EDGE ( 'NONE', *, *, #2503, .F. ) ;
#893 = CIRCLE ( 'NONE', #419, 16.00000000000000000 ) ;
#894 = DIRECTION ( 'NONE',  ( 1.000000000000000000, 0.000000000000000000, 0.000000000000000000 ) ) ;
#895 = CARTESIAN_POINT ( 'NONE',  ( 40.00000000000000000, -9.000000000000000000, 0.000000000000000000 ) ) ;
#896 = ORIENTED_EDGE ( 'NONE', *, *, #1022, .T. ) ;
#897 = ORIENTED_EDGE ( 'NONE', *, *, #1109, .T. ) ;
#898 = AXIS2_PLACEMENT_3D ( 'NONE', #33, #1705, #1682 ) ;
#899 = ORIENTED_EDGE ( 'NONE', *, *, #1029, .T. ) ;
#900 = CARTESIAN_POINT ( 'NONE',  ( 44.14999999999999858, -5.000000000000000000, 8.000000000000000000 ) ) ;
#901 = ORIENTED_EDGE ( 'NONE', *, *, #858, .T. ) ;
#902 = EDGE_CURVE ( 'NONE', #2333, #2661, #2378, .T. ) ;
#903 = ORIENTED_EDGE ( 'NONE', *, *, #2305, .F. ) ;
#904 = FACE_BOUND ( 'NONE', #387, .T. ) ;
#905 = EDGE_CURVE ( 'NONE', #422, #681, #1060, .T. ) ;
#906 = CARTESIAN_POINT ( 'NONE',  ( 90.00000000000001421, 15.00000000000000000, 4.000000000000000000 ) ) ;
#907 = PERSON_AND_ORGANIZATION_ROLE ( 'creator' ) ;
#908 = VERTEX_POINT ( 'NONE', #2632 ) ;
#909 = AXIS2_PLACEMENT_3D ( 'NONE', #1795, #1156, #2380 ) ;
#910 = EDGE_LOOP ( 'NONE', ( #1241, #206, #896, #1069 ) ) ;
#911 = EDGE_CURVE ( 'NONE', #1091, #1513, #2549, .T. ) ;
#912 = VECTOR ( 'NONE', #964, 1000.000000000000000 ) ;
#913 = AXIS2_PLACEMENT_3D ( 'NONE', #2513, #2076, #2122 ) ;
#914 = ORIENTED_EDGE ( 'NONE', *, *, #15, .T. ) ;
#915 = CARTESIAN_POINT ( 'NONE',  ( 49.15099999999999625, 10.50000000000000000, 8.000000000000000000 ) ) ;
#916 = EDGE_LOOP ( 'NONE', ( #1275, #1921, #2043, #478 ) ) ;
#917 = EDGE_LOOP ( 'NONE', ( #1204, #1549 ) ) ;
#918 = DIRECTION ( 'NONE',  ( 0.000000000000000000, 0.000000000000000000, -1.000000000000000000 ) ) ;
#919 = DIRECTION ( 'NONE',  ( 0.000000000000000000, 0.000000000000000000, 1.000000000000000000 ) ) ;
#920 = DATE_AND_TIME ( #1706, #240 ) ;
#921 = VERTEX_POINT ( 'NONE', #2616 ) ;
#922 = DIRECTION ( 'NONE',  ( -1.000000000000000000, 0.000000000000000000, 0.000000000000000000 ) ) ;
#923 = EDGE_CURVE ( 'NONE', #1919, #516, #2601, .T. ) ;
#924 = AXIS2_PLACEMENT_3D ( 'NONE', #1769, #2220, #2392 ) ;
#925 = VERTEX_POINT ( 'NONE', #771 ) ;
#926 = DIRECTION ( 'NONE',  ( -1.000000000000000000, 0.000000000000000000, 0.000000000000000000 ) ) ;
#927 = EDGE_CURVE ( 'NONE', #1074, #398, #1602, .T. ) ;
#928 = EDGE_LOOP ( 'NONE', ( #1314, #252 ) ) ;
#929 = AXIS2_PLACEMENT_3D ( 'NONE', #2497, #264, #652 ) ;
#930 = DIRECTION ( 'NONE',  ( 0.000000000000000000, 0.000000000000000000, -1.000000000000000000 ) ) ;
#931 = AXIS2_PLACEMENT_3D ( 'NONE', #1557, #2371, #1362 ) ;
#932 = ORIENTED_EDGE ( 'NONE', *, *, #1120, .F. ) ;
#933 = ORIENTED_EDGE ( 'NONE', *, *, #1865, .F. ) ;
#934 = CARTESIAN_POINT ( 'NONE',  ( 45.85000000000000142, 5.000000000000000000, 0.000000000000000000 ) ) ;
#935 = DIRECTION ( 'NONE',  ( 0.000000000000000000, 0.000000000000000000, -1.000000000000000000 ) ) ;
#936 = CIRCLE ( 'NONE', #113, 3.500000000000000000 ) ;
#937 = CARTESIAN_POINT ( 'NONE',  ( 51.79795897113271508, -4.999999999999999112, 4.000000000000000000 ) ) ;
#938 = CARTESIAN_POINT ( 'NONE',  ( 92.45000000000001705, 5.000000000000000000, 8.000000000000000000 ) ) ;
#939 = VECTOR ( 'NONE', #1861, 1000.000000000000000 ) ;
#940 = ADVANCED_FACE ( 'NONE', ( #2398 ), #2011, .F. ) ;
#941 = ORIENTED_EDGE ( 'NONE', *, *, #827, .F. ) ;
#942 = DIRECTION ( 'NONE',  ( 1.000000000000000000, 0.000000000000000000, 0.000000000000000000 ) ) ;
#943 = ORIENTED_EDGE ( 'NONE', *, *, #262, .F. ) ;
#944 = VERTEX_POINT ( 'NONE', #786 ) ;
#945 = EDGE_CURVE ( 'NONE', #2618, #56, #743, .T. ) ;
#946 = DIRECTION ( 'NONE',  ( 1.000000000000000000, 0.000000000000000000, 0.000000000000000000 ) ) ;
#947 = FACE_OUTER_BOUND ( 'NONE', #705, .T. ) ;
#948 = CYLINDRICAL_SURFACE ( 'NONE', #103, 7.000000000000000000 ) ;
#949 = CYLINDRICAL_SURFACE ( 'NONE', #2424, 9.999999999999994671 ) ;
#950 = DIRECTION ( 'NONE',  ( 1.000000000000000000, 0.000000000000000000, 0.000000000000000000 ) ) ;
#951 = CIRCLE ( 'NONE', #476, 3.500000000000000000 ) ;
#952 = CIRCLE ( 'NONE', #686, 1.700000000000000178 ) ;
#953 = ORIENTED_EDGE ( 'NONE', *, *, #36, .T. ) ;
#954 = VECTOR ( 'NONE', #2621, 1000.000000000000000 ) ;
#955 = CARTESIAN_POINT ( 'NONE',  ( 14.38749456993815734, -7.000000000000000000, 4.000000000000000000 ) ) ;
#956 = ORIENTED_EDGE ( 'NONE', *, *, #343, .T. ) ;
#957 = AXIS2_PLACEMENT_3D ( 'NONE', #2153, #2607, #764 ) ;
#958 = CARTESIAN_POINT ( 'NONE',  ( 9.000000000000000000, 0.000000000000000000, 0.000000000000000000 ) ) ;
#959 = LINE ( 'NONE', #1357, #426 ) ;
#960 = CYLINDRICAL_SURFACE ( 'NONE', #135, 4.999999999999997335 ) ;
#961 = EDGE_CURVE ( 'NONE', #1739, #2330, #2509, .T. ) ;
#962 = DIRECTION ( 'NONE',  ( 1.000000000000000000, 0.000000000000000000, 0.000000000000000000 ) ) ;
#963 = CARTESIAN_POINT ( 'NONE',  ( 0.000000000000000000, 9.000000000000000000, 4.000000000000000000 ) ) ;
#964 = DIRECTION ( 'NONE',  ( -0.000000000000000000, -0.000000000000000000, -1.000000000000000000 ) ) ;
#965 = CYLINDRICAL_SURFACE ( 'NONE', #2179, 4.999999999999997335 ) ;
#966 = ORIENTED_EDGE ( 'NONE', *, *, #993, .T. ) ;
#967 = CARTESIAN_POINT ( 'NONE',  ( 36.60000000000000142, 9.000000000000000000, 4.000000000000003553 ) ) ;
#968 = DIRECTION ( 'NONE',  ( 1.000000000000000000, 0.000000000000000000, 0.000000000000000000 ) ) ;
#969 = ORIENTED_EDGE ( 'NONE', *, *, #1450, .F. ) ;
#970 = DIRECTION ( 'NONE',  ( 0.000000000000000000, 0.000000000000000000, -1.000000000000000000 ) ) ;
#971 = CYLINDRICAL_SURFACE ( 'NONE', #2653, 3.500000000000000444 ) ;
#972 = CIRCLE ( 'NONE', #1183, 7.000000000000000000 ) ;
#973 = DIRECTION ( 'NONE',  ( -0.000000000000000000, -0.000000000000000000, 1.000000000000000000 ) ) ;
#974 = EDGE_CURVE ( 'NONE', #834, #1919, #789, .T. ) ;
#975 = LINE ( 'NONE', #738, #1772 ) ;
#976 = DIRECTION ( 'NONE',  ( 0.000000000000000000, 0.000000000000000000, 1.000000000000000000 ) ) ;
#977 = AXIS2_PLACEMENT_3D ( 'NONE', #762, #574, #2636 ) ;
#978 = DIRECTION ( 'NONE',  ( 1.000000000000000000, 0.000000000000000000, 0.000000000000000000 ) ) ;
#979 = VERTEX_POINT ( 'NONE', #2281 ) ;
#980 = CARTESIAN_POINT ( 'NONE',  ( 9.000000000000000000, 0.000000000000000000, 8.000000000000000000 ) ) ;
#981 = CARTESIAN_POINT ( 'NONE',  ( 35.00000000000000000, 9.000000000000000000, 0.000000000000000000 ) ) ;
#982 = EDGE_LOOP ( 'NONE', ( #2375, #645 ) ) ;
#983 = AXIS2_PLACEMENT_3D ( 'NONE', #47, #1277, #1300 ) ;
#984 = CARTESIAN_POINT ( 'NONE',  ( 100.0000000000000000, 4.999999999999997335, 0.000000000000000000 ) ) ;
#985 = CYLINDRICAL_SURFACE ( 'NONE', #1145, 3.500000000000000000 ) ;
#986 = DIRECTION ( 'NONE',  ( 0.000000000000000000, 0.000000000000000000, 1.000000000000000000 ) ) ;
#987 = FACE_OUTER_BOUND ( 'NONE', #2258, .T. ) ;
#988 = AXIS2_PLACEMENT_3D ( 'NONE', #309, #2152, #946 ) ;
#989 = CARTESIAN_POINT ( 'NONE',  ( 9.000000000000000000, 0.000000000000000000, 8.000000000000000000 ) ) ;
#991 = ORIENTED_EDGE ( 'NONE', *, *, #1624, .F. ) ;
#990 = DIRECTION ( 'NONE',  ( -1.000000000000000000, 0.000000000000000000, 0.000000000000000000 ) ) ;
#992 = ORIENTED_EDGE ( 'NONE', *, *, #2256, .T. ) ;
#993 = EDGE_CURVE ( 'NONE', #1079, #1089, #318, .T. ) ;
#994 = ORIENTED_EDGE ( 'NONE', *, *, #2382, .F. ) ;
#995 = CIRCLE ( 'NONE', #2237, 1.599999999999997202 ) ;
#996 = CARTESIAN_POINT ( 'NONE',  ( 0.000000000000000000, 0.000000000000000000, 8.000000000000000000 ) ) ;
#997 = EDGE_LOOP ( 'NONE', ( #670, #1191 ) ) ;
#998 = LINE ( 'NONE', #790, #32 ) ;
#999 = CARTESIAN_POINT ( 'NONE',  ( -8.000000000000000000, -3.354101966249684708, 8.000000000000000000 ) ) ;
#1000 = CIRCLE ( 'NONE', #2495, 9.999999999999994671 ) ;
#1001 = DIRECTION ( 'NONE',  ( -0.000000000000000000, -0.000000000000000000, 1.000000000000000000 ) ) ;
#1002 = EDGE_CURVE ( 'NONE', #1336, #2336, #2083, .T. ) ;
#1003 = DIRECTION ( 'NONE',  ( -1.000000000000000000, -0.000000000000000000, -0.000000000000000000 ) ) ;
#1004 = EDGE_CURVE ( 'NONE', #1336, #620, #2468, .T. ) ;
#1005 = DIRECTION ( 'NONE',  ( 0.000000000000000000, 0.000000000000000000, -1.000000000000000000 ) ) ;
#1007 = ORIENTED_EDGE ( 'NONE', *, *, #2466, .F. ) ;
#1006 = DIRECTION ( 'NONE',  ( 1.000000000000000000, 0.000000000000000000, 0.000000000000000000 ) ) ;
#1008 = ORIENTED_EDGE ( 'NONE', *, *, #1242, .T. ) ;
#1009 = VERTEX_POINT ( 'NONE', #441 ) ;
#1010 = FACE_OUTER_BOUND ( 'NONE', #512, .T. ) ;
#1011 = ORIENTED_EDGE ( 'NONE', *, *, #974, .F. ) ;
#1012 = CARTESIAN_POINT ( 'NONE',  ( -3.500000000000000000, 7.000000000000000000, 8.000000000000000000 ) ) ;
#1013 = CYLINDRICAL_SURFACE ( 'NONE', #202, 7.000000000000000000 ) ;
#1014 = CARTESIAN_POINT ( 'NONE',  ( 0.000000000000000000, -7.000000000000000000, 8.000000000000000000 ) ) ;
#1015 = CARTESIAN_POINT ( 'NONE',  ( 30.41742430504416461, -7.000000000000000000, 4.000000000000000000 ) ) ;
#1016 = VECTOR ( 'NONE', #2617, 1000.000000000000000 ) ;
#1017 = CARTESIAN_POINT ( 'NONE',  ( 30.41742430504416461, 7.000000000000000000, 0.000000000000000000 ) ) ;
#1019 = EDGE_LOOP ( 'NONE', ( #1885, #53, #2522, #2124 ) ) ;
#1018 =( LENGTH_UNIT ( ) NAMED_UNIT ( * ) SI_UNIT ( .MILLI., .METRE. ) );
#1020 = LOCAL_TIME ( 18, 14, 16.00000000000000000, #21 ) ;
#1021 = ORIENTED_EDGE ( 'NONE', *, *, #2478, .F. ) ;
#1022 = EDGE_CURVE ( 'NONE', #785, #358, #2481, .T. ) ;
#1023 = ORIENTED_EDGE ( 'NONE', *, *, #2321, .T. ) ;
#1024 = FACE_BOUND ( 'NONE', #917, .T. ) ;
#1025 = CIRCLE ( 'NONE', #631, 3.500000000000000000 ) ;
#1026 = DIRECTION ( 'NONE',  ( -0.000000000000000000, -0.000000000000000000, 1.000000000000000000 ) ) ;
#1027 = ORIENTED_EDGE ( 'NONE', *, *, #226, .T. ) ;
#1028 = CARTESIAN_POINT ( 'NONE',  ( 0.000000000000000000, -9.000000000000000000, 8.000000000000000000 ) ) ;
#1029 = EDGE_CURVE ( 'NONE', #979, #1698, #612, .T. ) ;
#1030 = DIRECTION ( 'NONE',  ( -0.000000000000000000, 0.000000000000000000, -1.000000000000000000 ) ) ;
#1031 = VECTOR ( 'NONE', #1505, 1000.000000000000000 ) ;
#1032 = EDGE_CURVE ( 'NONE', #1632, #2493, #2040, .T. ) ;
#1033 = CARTESIAN_POINT ( 'NONE',  ( 35.00000000000000000, 9.000000000000000000, 4.000000000000000000 ) ) ;
#1034 = VERTEX_POINT ( 'NONE', #1465 ) ;
#1035 = EDGE_LOOP ( 'NONE', ( #482, #2082, #1985, #1711 ) ) ;
#1036 = DIRECTION ( 'NONE',  ( -1.000000000000000000, 0.000000000000000000, 0.000000000000000000 ) ) ;
#1037 = CARTESIAN_POINT ( 'NONE',  ( 0.000000000000000000, 7.000000000000000000, 8.000000000000000000 ) ) ;
#1038 = ORIENTED_EDGE ( 'NONE', *, *, #1309, .F. ) ;
#1039 = CARTESIAN_POINT ( 'NONE',  ( 25.39999999999999858, -3.000000000000000000, 4.000000000000003553 ) ) ;
#1040 = CIRCLE ( 'NONE', #1628, 1.599999999999997202 ) ;
#1041 = DIRECTION ( 'NONE',  ( -0.000000000000000000, -0.000000000000000000, -1.000000000000000000 ) ) ;
#1042 = ADVANCED_FACE ( 'NONE', ( #425 ), #1253, .T. ) ;
#1043 = CARTESIAN_POINT ( 'NONE',  ( 25.39999999999999858, 3.000000000000000000, 0.000000000000000000 ) ) ;
#1044 = VECTOR ( 'NONE', #1975, 1000.000000000000000 ) ;
#1045 = DIRECTION ( 'NONE',  ( 0.000000000000000000, 0.000000000000000000, -1.000000000000000000 ) ) ;
#1046 = EDGE_CURVE ( 'NONE', #2123, #1719, #2255, .T. ) ;
#1047 = CIRCLE ( 'NONE', #1261, 4.999999999999997335 ) ;
#1048 = AXIS2_PLACEMENT_3D ( 'NONE', #1524, #305, #1986 ) ;
#1049 = ADVANCED_FACE ( 'NONE', ( #1849 ), #2005, .F. ) ;
#1050 = CARTESIAN_POINT ( 'NONE',  ( -12.49999999999999822, 0.000000000000000000, 8.000000000000000000 ) ) ;
#1051 = VERTEX_POINT ( 'NONE', #1360 ) ;
#1052 = AXIS2_PLACEMENT_3D ( 'NONE', #793, #2203, #405 ) ;
#1053 = ORIENTED_EDGE ( 'NONE', *, *, #2480, .T. ) ;
#1054 = DIRECTION ( 'NONE',  ( -0.000000000000000000, -0.000000000000000000, 1.000000000000000000 ) ) ;
#1055 = DIRECTION ( 'NONE',  ( -0.000000000000000000, -0.000000000000000000, -1.000000000000000000 ) ) ;
#1056 = ORIENTED_EDGE ( 'NONE', *, *, #2486, .T. ) ;
#1057 = CARTESIAN_POINT ( 'NONE',  ( 0.000000000000000000, -7.000000000000000000, 8.000000000000000000 ) ) ;
#1058 = CARTESIAN_POINT ( 'NONE',  ( 49.15099999999999625, -10.50000000000000000, 0.000000000000000000 ) ) ;
#1059 = FACE_BOUND ( 'NONE', #1093, .T. ) ;
#1060 = CIRCLE ( 'NONE', #528, 1.700000000000000178 ) ;
#1061 = EDGE_CURVE ( 'NONE', #1684, #1500, #122, .T. ) ;
#1062 = CARTESIAN_POINT ( 'NONE',  ( 0.000000000000000000, 0.000000000000000000, 4.000000000000000000 ) ) ;
#1063 = CARTESIAN_POINT ( 'NONE',  ( -9.000000000000000000, 0.000000000000000000, 8.000000000000000000 ) ) ;
#1064 = VECTOR ( 'NONE', #2096, 1000.000000000000000 ) ;
#1065 = APPROVAL_PERSON_ORGANIZATION ( #233, #601, #1291 ) ;
#1066 = ORIENTED_EDGE ( 'NONE', *, *, #1288, .T. ) ;
#1067 = ADVANCED_FACE ( 'NONE', ( #987 ), #948, .T. ) ;
#1068 = DIRECTION ( 'NONE',  ( 0.000000000000000000, 0.000000000000000000, -1.000000000000000000 ) ) ;
#1069 = ORIENTED_EDGE ( 'NONE', *, *, #1493, .F. ) ;
#1070 = AXIS2_PLACEMENT_3D ( 'NONE', #818, #602, #575 ) ;
#1071 = DIRECTION ( 'NONE',  ( -1.000000000000000000, 0.000000000000000000, 0.000000000000000000 ) ) ;
#1072 = CARTESIAN_POINT ( 'NONE',  ( 3.354101966249685152, 8.000000000000000000, 6.000000000000000000 ) ) ;
#1073 = CARTESIAN_POINT ( 'NONE',  ( -16.00000000000000000, 0.000000000000000000, 0.000000000000000000 ) ) ;
#1074 = VERTEX_POINT ( 'NONE', #2166 ) ;
#1075 = DIRECTION ( 'NONE',  ( -0.000000000000000000, -0.000000000000000000, 1.000000000000000000 ) ) ;
#1076 = AXIS2_PLACEMENT_3D ( 'NONE', #1653, #2263, #579 ) ;
#1077 = FACE_OUTER_BOUND ( 'NONE', #1111, .T. ) ;
#1078 = ORIENTED_EDGE ( 'NONE', *, *, #1708, .F. ) ;
#1079 = VERTEX_POINT ( 'NONE', #1967 ) ;
#1080 = EDGE_CURVE ( 'NONE', #801, #1736, #234, .T. ) ;
#1081 = CARTESIAN_POINT ( 'NONE',  ( 90.00000000000001421, -15.00000000000000000, 4.000000000000000000 ) ) ;
#1082 = ORIENTED_EDGE ( 'NONE', *, *, #905, .T. ) ;
#1083 = DIRECTION ( 'NONE',  ( -1.000000000000000000, 0.000000000000000000, 0.000000000000000000 ) ) ;
#1084 = CARTESIAN_POINT ( 'NONE',  ( 35.00000000000000000, 9.000000000000000000, 4.000000000000003553 ) ) ;
#1085 = AXIS2_PLACEMENT_3D ( 'NONE', #2091, #1075, #1680 ) ;
#1086 = ORIENTED_EDGE ( 'NONE', *, *, #311, .F. ) ;
#1087 = DIRECTION ( 'NONE',  ( 0.000000000000000000, 0.000000000000000000, 1.000000000000000000 ) ) ;
#1088 = CALENDAR_DATE ( 2026, 28, 9 ) ;
#1089 = VERTEX_POINT ( 'NONE', #381 ) ;
#1090 = AXIS2_PLACEMENT_3D ( 'NONE', #128, #1973, #1712 ) ;
#1091 = VERTEX_POINT ( 'NONE', #535 ) ;
#1092 = CYLINDRICAL_SURFACE ( 'NONE', #67, 1.600000000000000755 ) ;
#1093 = EDGE_LOOP ( 'NONE', ( #448, #1753, #1502, #1439, #1236, #530, #1803, #879, #178, #810, #1306, #1906, #2400, #1838, #1709, #1943, #2354, #860, #114, #2588, #1102, #2650, #2558 ) ) ;
#1094 = CARTESIAN_POINT ( 'NONE',  ( 44.14999999999999858, 5.000000000000000000, 4.000000000000000000 ) ) ;
#1095 = CARTESIAN_POINT ( 'NONE',  ( 0.000000000000000000, 7.000000000000000000, 4.000000000000000000 ) ) ;
#1096 = ORIENTED_EDGE ( 'NONE', *, *, #481, .T. ) ;
#1097 = ORIENTED_EDGE ( 'NONE', *, *, #1522, .F. ) ;
#1098 = CARTESIAN_POINT ( 'NONE',  ( 36.60000000000000142, -9.000000000000000000, 4.000000000000003553 ) ) ;
#1099 = VECTOR ( 'NONE', #1658, 1000.000000000000000 ) ;
#1100 = ORIENTED_EDGE ( 'NONE', *, *, #343, .F. ) ;
#1101 = AXIS2_PLACEMENT_3D ( 'NONE', #536, #2167, #1798 ) ;
#1102 = ORIENTED_EDGE ( 'NONE', *, *, #1611, .F. ) ;
#1103 = EDGE_CURVE ( 'NONE', #56, #1719, #2419, .T. ) ;
#1104 = CYLINDRICAL_SURFACE ( 'NONE', #1124, 3.500000000000000000 ) ;
#1105 = CIRCLE ( 'NONE', #1656, 7.000000000000000000 ) ;
#1106 = EDGE_LOOP ( 'NONE', ( #142, #811, #891, #1938 ) ) ;
#1107 = ORIENTED_EDGE ( 'NONE', *, *, #2095, .F. ) ;
#1108 = LINE ( 'NONE', #906, #2609 ) ;
#1109 = EDGE_CURVE ( 'NONE', #1009, #271, #1443, .T. ) ;
#1110 = PERSON_AND_ORGANIZATION ( #1918, #1564 ) ;
#1111 = EDGE_LOOP ( 'NONE', ( #899, #775, #1343, #1007 ) ) ;
#1112 = CIRCLE ( 'NONE', #1496, 1.600000000000000755 ) ;
#1113 = VERTEX_POINT ( 'NONE', #2178 ) ;
#1114 = CIRCLE ( 'NONE', #988, 3.499999999999999556 ) ;
#1115 = CYLINDRICAL_SURFACE ( 'NONE', #1048, 1.699999999999999956 ) ;
#1116 = ORIENTED_EDGE ( 'NONE', *, *, #24, .T. ) ;
#1117 = ORIENTED_EDGE ( 'NONE', *, *, #115, .F. ) ;
#1118 = DIRECTION ( 'NONE',  ( -0.000000000000000000, -0.000000000000000000, -1.000000000000000000 ) ) ;
#1119 = DIRECTION ( 'NONE',  ( 0.000000000000000000, 0.000000000000000000, 1.000000000000000000 ) ) ;
#1120 = EDGE_CURVE ( 'NONE', #1541, #168, #975, .T. ) ;
#1121 = VECTOR ( 'NONE', #2033, 1000.000000000000000 ) ;
#1122 = ORIENTED_EDGE ( 'NONE', *, *, #2654, .F. ) ;
#1123 = DIRECTION ( 'NONE',  ( 0.000000000000000000, 0.000000000000000000, 1.000000000000000000 ) ) ;
#1124 = AXIS2_PLACEMENT_3D ( 'NONE', #1664, #2100, #644 ) ;
#1125 = ORIENTED_EDGE ( 'NONE', *, *, #2151, .F. ) ;
#1126 = LINE ( 'NONE', #915, #480 ) ;
#1127 = VERTEX_POINT ( 'NONE', #1374 ) ;
#1128 = EDGE_CURVE ( 'NONE', #429, #2344, #2206, .T. ) ;
#1129 = ORIENTED_EDGE ( 'NONE', *, *, #2633, .T. ) ;
#1130 = DIRECTION ( 'NONE',  ( 0.000000000000000000, 1.000000000000000000, 0.000000000000000000 ) ) ;
#1131 = CARTESIAN_POINT ( 'NONE',  ( -9.000000000000000000, 0.000000000000000000, 4.000000000000000000 ) ) ;
#1132 = FACE_OUTER_BOUND ( 'NONE', #77, .T. ) ;
#1133 = AXIS2_PLACEMENT_3D ( 'NONE', #140, #2228, #345 ) ;
#1134 = DIRECTION ( 'NONE',  ( -1.000000000000000000, 0.000000000000000000, 0.000000000000000000 ) ) ;
#1135 = ADVANCED_FACE ( 'NONE', ( #339 ), #355, .T. ) ;
#1136 = VERTEX_POINT ( 'NONE', #1389 ) ;
#1137 = CIRCLE ( 'NONE', #1775, 4.999999999999997335 ) ;
#1138 = CARTESIAN_POINT ( 'NONE',  ( 14.38749456993815734, -7.000000000000000000, 0.000000000000000000 ) ) ;
#1139 = CIRCLE ( 'NONE', #1280, 1.700000000000000178 ) ;
#1140 = ORIENTED_EDGE ( 'NONE', *, *, #72, .F. ) ;
#1141 = ORIENTED_EDGE ( 'NONE', *, *, #1309, .T. ) ;
#1142 = DIRECTION ( 'NONE',  ( 1.000000000000000000, 0.000000000000000000, 0.000000000000000000 ) ) ;
#1143 = DIRECTION ( 'NONE',  ( 0.000000000000000000, 0.000000000000000000, 1.000000000000000000 ) ) ;
#1144 = CARTESIAN_POINT ( 'NONE',  ( 35.00000000000000000, -9.000000000000000000, 4.000000000000000000 ) ) ;
#1145 = AXIS2_PLACEMENT_3D ( 'NONE', #561, #379, #1244 ) ;
#1146 = DIRECTION ( 'NONE',  ( 1.000000000000000000, 0.000000000000000000, 0.000000000000000000 ) ) ;
#1147 = DIRECTION ( 'NONE',  ( -0.000000000000000000, -0.000000000000000000, 1.000000000000000000 ) ) ;
#1148 = AXIS2_PLACEMENT_3D ( 'NONE', #1447, #2249, #3 ) ;
#1149 = ORIENTED_EDGE ( 'NONE', *, *, #18, .T. ) ;
#1150 = EDGE_CURVE ( 'NONE', #1051, #516, #995, .T. ) ;
#1151 = DIRECTION ( 'NONE',  ( 0.000000000000000000, 0.000000000000000000, 1.000000000000000000 ) ) ;
#1152 = ORIENTED_EDGE ( 'NONE', *, *, #2095, .T. ) ;
#1153 = CARTESIAN_POINT ( 'NONE',  ( -3.500000000000000000, -9.000000000000000000, 8.000000000000000000 ) ) ;
#1154 = CARTESIAN_POINT ( 'NONE',  ( 51.79795897113271508, 4.999999999999999112, 0.000000000000000000 ) ) ;
#1155 = DIRECTION ( 'NONE',  ( 1.000000000000000000, 0.000000000000000000, 0.000000000000000000 ) ) ;
#1156 = DIRECTION ( 'NONE',  ( -0.000000000000000000, -0.000000000000000000, -1.000000000000000000 ) ) ;
#1157 = LINE ( 'NONE', #163, #844 ) ;
#1158 = CARTESIAN_POINT ( 'NONE',  ( 3.354101966249684263, 8.000000000000000000, 4.000000000000000000 ) ) ;
#1159 = CIRCLE ( 'NONE', #2107, 3.500000000000000000 ) ;
#1160 = VECTOR ( 'NONE', #1553, 1000.000000000000000 ) ;
#1161 = ORIENTED_EDGE ( 'NONE', *, *, #2198, .F. ) ;
#1162 = EDGE_CURVE ( 'NONE', #1113, #362, #2189, .T. ) ;
#1163 = AXIS2_PLACEMENT_3D ( 'NONE', #2417, #576, #589 ) ;
#1164 = DIRECTION ( 'NONE',  ( 0.000000000000000000, 0.000000000000000000, -1.000000000000000000 ) ) ;
#1165 = DIRECTION ( 'NONE',  ( -1.000000000000000000, -0.000000000000000000, -0.000000000000000000 ) ) ;
#1166 = ORIENTED_EDGE ( 'NONE', *, *, #101, .F. ) ;
#1167 = LINE ( 'NONE', #144, #1168 ) ;
#1168 = VECTOR ( 'NONE', #546, 1000.000000000000000 ) ;
#1169 = LINE ( 'NONE', #1567, #2613 ) ;
#1170 = DIRECTION ( 'NONE',  ( -1.000000000000000000, -8.673617379884033500E-16, 0.000000000000000000 ) ) ;
#1171 = DIRECTION ( 'NONE',  ( -0.000000000000000000, -0.000000000000000000, 1.000000000000000000 ) ) ;
#1173 = ORIENTED_EDGE ( 'NONE', *, *, #1674, .F. ) ;
#1172 = DIRECTION ( 'NONE',  ( 0.000000000000000000, 0.000000000000000000, 1.000000000000000000 ) ) ;
#1174 = CARTESIAN_POINT ( 'NONE',  ( 47.55000000000000426, 5.000000000000000000, 8.000000000000000000 ) ) ;
#1175 = ORIENTED_EDGE ( 'NONE', *, *, #945, .T. ) ;
#1176 = EDGE_CURVE ( 'NONE', #1621, #2664, #685, .T. ) ;
#1177 = FACE_OUTER_BOUND ( 'NONE', #372, .T. ) ;
#1178 = EDGE_CURVE ( 'NONE', #1788, #635, #1569, .T. ) ;
#1179 = CARTESIAN_POINT ( 'NONE',  ( -3.500000000000000000, 7.000000000000000000, 8.000000000000000000 ) ) ;
#1180 = ORIENTED_EDGE ( 'NONE', *, *, #2318, .F. ) ;
#1181 = DIRECTION ( 'NONE',  ( -1.000000000000000000, 0.000000000000000000, 0.000000000000000000 ) ) ;
#1182 = DIRECTION ( 'NONE',  ( 0.000000000000000000, 0.000000000000000000, 1.000000000000000000 ) ) ;
#1183 = AXIS2_PLACEMENT_3D ( 'NONE', #996, #2212, #1441 ) ;
#1184 = DIRECTION ( 'NONE',  ( -0.000000000000000000, -0.000000000000000000, 1.000000000000000000 ) ) ;
#1185 = DIRECTION ( 'NONE',  ( -1.000000000000000000, 0.000000000000000000, 0.000000000000000000 ) ) ;
#1186 = EDGE_CURVE ( 'NONE', #567, #1422, #1847, .T. ) ;
#1188 = ORIENTED_EDGE ( 'NONE', *, *, #1386, .T. ) ;
#1187 = FACE_OUTER_BOUND ( 'NONE', #680, .T. ) ;
#1189 = VECTOR ( 'NONE', #726, 1000.000000000000000 ) ;
#1190 = ORIENTED_EDGE ( 'NONE', *, *, #2466, .T. ) ;
#1191 = ORIENTED_EDGE ( 'NONE', *, *, #1002, .F. ) ;
#1192 = DIRECTION ( 'NONE',  ( 0.000000000000000000, 0.000000000000000000, 1.000000000000000000 ) ) ;
#1193 = LINE ( 'NONE', #2634, #702 ) ;
#1194 = ORIENTED_EDGE ( 'NONE', *, *, #1222, .F. ) ;
#1195 = LINE ( 'NONE', #1153, #1044 ) ;
#1196 = CC_DESIGN_PERSON_AND_ORGANIZATION_ASSIGNMENT ( #1110, #697, ( #1234 ) ) ;
#1197 = CARTESIAN_POINT ( 'NONE',  ( 27.00000000000000000, -3.000000000000000000, 4.000000000000003553 ) ) ;
#1198 = DIRECTION ( 'NONE',  ( -0.000000000000000000, -0.000000000000000000, -1.000000000000000000 ) ) ;
#1199 = EDGE_CURVE ( 'NONE', #1934, #1515, #1585, .T. ) ;
#1200 = DIRECTION ( 'NONE',  ( 0.000000000000000000, 0.000000000000000000, 1.000000000000000000 ) ) ;
#1201 = CIRCLE ( 'NONE', #2275, 3.500000000000000000 ) ;
#1202 = LINE ( 'NONE', #2020, #118 ) ;
#1204 = ORIENTED_EDGE ( 'NONE', *, *, #905, .F. ) ;
#1203 = DIRECTION ( 'NONE',  ( -1.000000000000000000, 0.000000000000000000, 0.000000000000000000 ) ) ;
#1205 = EDGE_CURVE ( 'NONE', #2240, #2213, #1040, .T. ) ;
#1206 = ORIENTED_EDGE ( 'NONE', *, *, #450, .T. ) ;
#1207 = EDGE_LOOP ( 'NONE', ( #677, #943 ) ) ;
#1208 = LINE ( 'NONE', #2028, #1735 ) ;
#1209 = ORIENTED_EDGE ( 'NONE', *, *, #277, .T. ) ;
#1210 = AXIS2_PLACEMENT_3D ( 'NONE', #731, #1331, #2362 ) ;
#1211 = CARTESIAN_POINT ( 'NONE',  ( 44.14999999999999858, 5.000000000000000000, 8.000000000000000000 ) ) ;
#1212 = CARTESIAN_POINT ( 'NONE',  ( 3.500000000000000000, 9.000000000000000000, 8.000000000000000000 ) ) ;
#1213 = AXIS2_PLACEMENT_3D ( 'NONE', #1131, #919, #548 ) ;
#1214 = CARTESIAN_POINT ( 'NONE',  ( 90.00000000000000000, -15.00000000000000000, 4.000000000000000000 ) ) ;
#1215 = CARTESIAN_POINT ( 'NONE',  ( -7.299999999999998934, 2.081899558550500033E-16, 8.000000000000000000 ) ) ;
#1216 = EDGE_CURVE ( 'NONE', #1927, #1422, #780, .T. ) ;
#1217 = EDGE_CURVE ( 'NONE', #272, #622, #259, .T. ) ;
#1218 = CARTESIAN_POINT ( 'NONE',  ( 3.388860427931489561, 6.125000000000000888, 4.000000000000000000 ) ) ;
#1220 = ORIENTED_EDGE ( 'NONE', *, *, #277, .F. ) ;
#1219 = PERSON_AND_ORGANIZATION ( #1918, #1564 ) ;
#1221 = VERTEX_POINT ( 'NONE', #2078 ) ;
#1222 = EDGE_CURVE ( 'NONE', #294, #849, #727, .T. ) ;
#1223 = ORIENTED_EDGE ( 'NONE', *, *, #1770, .F. ) ;
#1224 = APPLICATION_CONTEXT ( 'configuration controlled 3d designs of mechanical parts and assemblies' ) ;
#1225 = EDGE_CURVE ( 'NONE', #873, #2131, #1419, .T. ) ;
#1226 = DIRECTION ( 'NONE',  ( -1.000000000000000000, -0.000000000000000000, -0.000000000000000000 ) ) ;
#1227 = ORIENTED_EDGE ( 'NONE', *, *, #2446, .T. ) ;
#1228 = VECTOR ( 'NONE', #208, 1000.000000000000000 ) ;
#1229 = CARTESIAN_POINT ( 'NONE',  ( 0.000000000000000000, -9.000000000000000000, 4.000000000000000000 ) ) ;
#1230 = FACE_OUTER_BOUND ( 'NONE', #544, .T. ) ;
#1231 = FACE_OUTER_BOUND ( 'NONE', #1883, .T. ) ;
#1232 = CARTESIAN_POINT ( 'NONE',  ( 90.00000000000001421, 4.999999999999999112, 4.000000000000000000 ) ) ;
#1233 = ORIENTED_EDGE ( 'NONE', *, *, #1322, .T. ) ;
#1234 = SECURITY_CLASSIFICATION ( '', '', #474 ) ;
#1235 = EDGE_CURVE ( 'NONE', #152, #2340, #1276, .T. ) ;
#1236 = ORIENTED_EDGE ( 'NONE', *, *, #659, .F. ) ;
#1237 = EDGE_CURVE ( 'NONE', #198, #348, #2248, .T. ) ;
#1238 = CARTESIAN_POINT ( 'NONE',  ( 92.45000000000001705, -5.000000000000000000, 8.000000000000000000 ) ) ;
#1239 = CIRCLE ( 'NONE', #2388, 1.700000000000000178 ) ;
#1240 = CARTESIAN_POINT ( 'NONE',  ( -8.000000000000000000, 3.354101966249684263, 4.000000000000000000 ) ) ;
#1241 = ORIENTED_EDGE ( 'NONE', *, *, #2019, .F. ) ;
#1242 = EDGE_CURVE ( 'NONE', #334, #198, #1828, .T. ) ;
#1243 = CARTESIAN_POINT ( 'NONE',  ( 33.40000000000000568, 9.000000000000000000, 4.000000000000003553 ) ) ;
#1244 = DIRECTION ( 'NONE',  ( -1.000000000000000000, 0.000000000000000000, 0.000000000000000000 ) ) ;
#1245 = CARTESIAN_POINT ( 'NONE',  ( 51.79795897113271508, -14.99999999999999645, 0.000000000000000000 ) ) ;
#1246 = EDGE_CURVE ( 'NONE', #785, #2440, #2323, .T. ) ;
#1247 = CARTESIAN_POINT ( 'NONE',  ( 49.15099999999999625, 0.000000000000000000, 0.000000000000000000 ) ) ;
#1248 = FACE_OUTER_BOUND ( 'NONE', #1292, .T. ) ;
#1250 = ORIENTED_EDGE ( 'NONE', *, *, #1417, .F. ) ;
#1249 = DIRECTION ( 'NONE',  ( 1.000000000000000000, 0.000000000000000000, 0.000000000000000000 ) ) ;
#1251 = CARTESIAN_POINT ( 'NONE',  ( 100.0000000000000000, -15.00000000000000000, 4.000000000000000000 ) ) ;
#1252 = ORIENTED_EDGE ( 'NONE', *, *, #266, .F. ) ;
#1253 = CYLINDRICAL_SURFACE ( 'NONE', #1558, 3.500000000000000444 ) ;
#1254 = ADVANCED_FACE ( 'NONE', ( #31 ), #854, .F. ) ;
#1255 = DIRECTION ( 'NONE',  ( 0.000000000000000000, 0.000000000000000000, 1.000000000000000000 ) ) ;
#1256 = ORIENTED_EDGE ( 'NONE', *, *, #1864, .F. ) ;
#1257 = AXIS2_PLACEMENT_3D ( 'NONE', #1933, #98, #1734 ) ;
#1258 = DIRECTION ( 'NONE',  ( -0.000000000000000000, -0.000000000000000000, 1.000000000000000000 ) ) ;
#1259 = DIRECTION ( 'NONE',  ( 0.000000000000000000, 0.000000000000000000, 1.000000000000000000 ) ) ;
#1260 = DIRECTION ( 'NONE',  ( 0.000000000000000000, 0.000000000000000000, 1.000000000000000000 ) ) ;
#1261 = AXIS2_PLACEMENT_3D ( 'NONE', #1786, #566, #768 ) ;
#1262 = CIRCLE ( 'NONE', #1721, 3.500000000000000000 ) ;
#1263 = FACE_OUTER_BOUND ( 'NONE', #1537, .T. ) ;
#1264 = EDGE_CURVE ( 'NONE', #398, #1074, #303, .T. ) ;
#1265 = DIRECTION ( 'NONE',  ( -0.000000000000000000, -0.000000000000000000, -1.000000000000000000 ) ) ;
#1266 = VERTEX_POINT ( 'NONE', #2236 ) ;
#1267 = DIRECTION ( 'NONE',  ( 0.000000000000000000, 0.000000000000000000, -1.000000000000000000 ) ) ;
#1268 = ORIENTED_EDGE ( 'NONE', *, *, #2038, .T. ) ;
#1269 = EDGE_CURVE ( 'NONE', #2270, #583, #2655, .T. ) ;
#1270 = DIRECTION ( 'NONE',  ( 1.000000000000000000, 0.000000000000000000, 0.000000000000000000 ) ) ;
#1271 = CARTESIAN_POINT ( 'NONE',  ( 51.79795897113271508, -4.999999999999999112, 4.000000000000000000 ) ) ;
#1272 = DIRECTION ( 'NONE',  ( 0.000000000000000000, 0.000000000000000000, -1.000000000000000000 ) ) ;
#1273 = VECTOR ( 'NONE', #1440, 1000.000000000000000 ) ;
#1274 = EDGE_CURVE ( 'NONE', #168, #304, #1159, .T. ) ;
#1275 = ORIENTED_EDGE ( 'NONE', *, *, #2287, .F. ) ;
#1276 = LINE ( 'NONE', #838, #2149 ) ;
#1277 = DIRECTION ( 'NONE',  ( -0.000000000000000000, -0.000000000000000000, -1.000000000000000000 ) ) ;
#1278 = AXIS2_PLACEMENT_3D ( 'NONE', #2199, #361, #774 ) ;
#1279 = ADVANCED_FACE ( 'NONE', ( #1907 ), #502, .F. ) ;
#1280 = AXIS2_PLACEMENT_3D ( 'NONE', #1063, #218, #34 ) ;
#1281 = VERTEX_POINT ( 'NONE', #1303 ) ;
#1282 = DIRECTION ( 'NONE',  ( -0.000000000000000000, -0.000000000000000000, 1.000000000000000000 ) ) ;
#1283 = ORIENTED_EDGE ( 'NONE', *, *, #36, .F. ) ;
#1284 = CIRCLE ( 'NONE', #1489, 1.699999999999999956 ) ;
#1285 = DIRECTION ( 'NONE',  ( -0.000000000000000000, -0.000000000000000000, 1.000000000000000000 ) ) ;
#1286 = DIRECTION ( 'NONE',  ( -1.000000000000000000, 0.000000000000000000, 0.000000000000000000 ) ) ;
#1287 = ORIENTED_EDGE ( 'NONE', *, *, #183, .T. ) ;
#1288 = EDGE_CURVE ( 'NONE', #1413, #2123, #951, .T. ) ;
#1289 = CIRCLE ( 'NONE', #423, 3.499999999999999556 ) ;
#1290 = CARTESIAN_POINT ( 'NONE',  ( 3.354101966249684263, -8.000000000000000000, 4.000000000000000000 ) ) ;
#1291 = APPROVAL_ROLE ( '' ) ;
#1292 = EDGE_LOOP ( 'NONE', ( #2144, #2526, #496, #2511 ) ) ;
#1293 = ORIENTED_EDGE ( 'NONE', *, *, #330, .T. ) ;
#1294 = FACE_OUTER_BOUND ( 'NONE', #1703, .T. ) ;
#1295 = ORIENTED_EDGE ( 'NONE', *, *, #1824, .T. ) ;
#1296 = CARTESIAN_POINT ( 'NONE',  ( 92.45000000000001705, -5.000000000000000000, 4.000000000000000000 ) ) ;
#1297 = DIRECTION ( 'NONE',  ( 1.000000000000000000, 0.000000000000000000, 0.000000000000000000 ) ) ;
#1298 = ORIENTED_EDGE ( 'NONE', *, *, #176, .T. ) ;
#1299 = DIRECTION ( 'NONE',  ( 0.000000000000000000, 0.000000000000000000, -1.000000000000000000 ) ) ;
#1300 = DIRECTION ( 'NONE',  ( -1.000000000000000000, 0.000000000000000000, 0.000000000000000000 ) ) ;
#1301 = ADVANCED_FACE ( 'NONE', ( #724 ), #274, .F. ) ;
#1302 = CIRCLE ( 'NONE', #2499, 3.500000000000000000 ) ;
#1303 = CARTESIAN_POINT ( 'NONE',  ( 51.79795897113271508, -14.99999999999999645, 4.000000000000000000 ) ) ;
#1304 = EDGE_CURVE ( 'NONE', #1467, #1736, #489, .T. ) ;
#1305 = AXIS2_PLACEMENT_3D ( 'NONE', #523, #2391, #1568 ) ;
#1306 = ORIENTED_EDGE ( 'NONE', *, *, #729, .F. ) ;
#1307 = AXIS2_PLACEMENT_3D ( 'NONE', #1414, #171, #1181 ) ;
#1308 = EDGE_LOOP ( 'NONE', ( #914, #49 ) ) ;
#1309 = EDGE_CURVE ( 'NONE', #801, #1866, #524, .T. ) ;
#1310 = DIRECTION ( 'NONE',  ( 0.000000000000000000, 0.000000000000000000, 1.000000000000000000 ) ) ;
#1311 = VERTEX_POINT ( 'NONE', #884 ) ;
#1312 = ORIENTED_EDGE ( 'NONE', *, *, #38, .F. ) ;
#1313 = DIRECTION ( 'NONE',  ( 0.000000000000000000, 0.000000000000000000, 1.000000000000000000 ) ) ;
#1314 = ORIENTED_EDGE ( 'NONE', *, *, #791, .T. ) ;
#1315 = EDGE_LOOP ( 'NONE', ( #2659, #400, #424, #2101 ) ) ;
#1316 = VECTOR ( 'NONE', #2381, 1000.000000000000000 ) ;
#1317 = ORIENTED_EDGE ( 'NONE', *, *, #1178, .T. ) ;
#1318 = EDGE_CURVE ( 'NONE', #1541, #250, #2404, .T. ) ;
#1319 = DIRECTION ( 'NONE',  ( 0.000000000000000000, 0.000000000000000000, 1.000000000000000000 ) ) ;
#1320 = AXIS2_PLACEMENT_3D ( 'NONE', #1572, #2598, #1134 ) ;
#1321 = VERTEX_POINT ( 'NONE', #2557 ) ;
#1322 = EDGE_CURVE ( 'NONE', #358, #1311, #1979, .T. ) ;
#1323 = VERTEX_POINT ( 'NONE', #895 ) ;
#1324 = DIRECTION ( 'NONE',  ( 1.000000000000000000, 0.000000000000000000, 0.000000000000000000 ) ) ;
#1325 = CARTESIAN_POINT ( 'NONE',  ( 90.84900000000000375, -10.50000000000000000, 8.000000000000000000 ) ) ;
#1326 = CARTESIAN_POINT ( 'NONE',  ( 30.00000000000000711, 9.000000000000000000, 4.000000000000000000 ) ) ;
#1327 = VERTEX_POINT ( 'NONE', #2128 ) ;
#1328 = ORIENTED_EDGE ( 'NONE', *, *, #739, .F. ) ;
#1329 = AXIS2_PLACEMENT_3D ( 'NONE', #1271, #629, #1872 ) ;
#1330 = ADVANCED_FACE ( 'NONE', ( #85 ), #59, .T. ) ;
#1331 = DIRECTION ( 'NONE',  ( 0.000000000000000000, 0.000000000000000000, 1.000000000000000000 ) ) ;
#1332 = ORIENTED_EDGE ( 'NONE', *, *, #24, .F. ) ;
#1333 = ORIENTED_EDGE ( 'NONE', *, *, #1836, .T. ) ;
#1334 = CARTESIAN_POINT ( 'NONE',  ( 90.00000000000000000, 15.00000000000000000, 4.000000000000000000 ) ) ;
#1335 = CARTESIAN_POINT ( 'NONE',  ( 0.000000000000000000, 7.000000000000000000, 4.000000000000000000 ) ) ;
#1336 = VERTEX_POINT ( 'NONE', #2449 ) ;
#1337 = ADVANCED_FACE ( 'NONE', ( #603 ), #965, .T. ) ;
#1338 = CARTESIAN_POINT ( 'NONE',  ( 100.0000000000000000, 4.999999999999997335, 4.000000000000000000 ) ) ;
#1339 = DIRECTION ( 'NONE',  ( -0.000000000000000000, -0.000000000000000000, -1.000000000000000000 ) ) ;
#1340 = CIRCLE ( 'NONE', #1163, 9.999999999999994671 ) ;
#1341 = ORIENTED_EDGE ( 'NONE', *, *, #2429, .T. ) ;
#1342 = LINE ( 'NONE', #347, #778 ) ;
#1343 = ORIENTED_EDGE ( 'NONE', *, *, #1242, .F. ) ;
#1344 = ORIENTED_EDGE ( 'NONE', *, *, #360, .T. ) ;
#1345 = LINE ( 'NONE', #2377, #1791 ) ;
#1346 = FACE_OUTER_BOUND ( 'NONE', #2309, .T. ) ;
#1347 = DIRECTION ( 'NONE',  ( 0.000000000000000000, 0.000000000000000000, 1.000000000000000000 ) ) ;
#1348 = CARTESIAN_POINT ( 'NONE',  ( 90.00000000000001421, -4.999999999999999112, 4.000000000000000000 ) ) ;
#1349 = AXIS2_PLACEMENT_3D ( 'NONE', #2191, #147, #1992 ) ;
#1350 = EDGE_CURVE ( 'NONE', #1327, #1974, #2420, .T. ) ;
#1351 = DIRECTION ( 'NONE',  ( -1.000000000000000000, 0.000000000000000000, 0.000000000000000000 ) ) ;
#1352 = EDGE_LOOP ( 'NONE', ( #956, #1464, #1379, #1312 ) ) ;
#1353 = VECTOR ( 'NONE', #1282, 1000.000000000000000 ) ;
#1354 = DIRECTION ( 'NONE',  ( 1.000000000000000000, 0.000000000000000000, 0.000000000000000000 ) ) ;
#1355 = ORIENTED_EDGE ( 'NONE', *, *, #729, .T. ) ;
#1356 = CARTESIAN_POINT ( 'NONE',  ( 90.84900000000000375, 0.000000000000000000, 4.000000000000000000 ) ) ;
#1357 = CARTESIAN_POINT ( 'NONE',  ( 39.58257569495583539, -7.000000000000000000, 4.000000000000000000 ) ) ;
#1358 = DIRECTION ( 'NONE',  ( 0.000000000000000000, -0.000000000000000000, -1.000000000000000000 ) ) ;
#1359 = CC_DESIGN_DATE_AND_TIME_ASSIGNMENT ( #73, #683, ( #1234 ) ) ;
#1360 = CARTESIAN_POINT ( 'NONE',  ( 33.40000000000000568, 9.000000000000000000, 0.000000000000000000 ) ) ;
#1361 = CIRCLE ( 'NONE', #1570, 1.699999999999999956 ) ;
#1362 = DIRECTION ( 'NONE',  ( -1.000000000000000000, 0.000000000000000000, 0.000000000000000000 ) ) ;
#1363 = CARTESIAN_POINT ( 'NONE',  ( 7.000000000000000000, 0.000000000000000000, 4.000000000000000000 ) ) ;
#1364 = VECTOR ( 'NONE', #1641, 1000.000000000000000 ) ;
#1365 = ORIENTED_EDGE ( 'NONE', *, *, #1046, .T. ) ;
#1366 = EDGE_CURVE ( 'NONE', #1696, #1113, #20, .T. ) ;
#1367 = FACE_BOUND ( 'NONE', #2302, .T. ) ;
#1368 = EDGE_CURVE ( 'NONE', #2131, #2120, #2226, .T. ) ;
#1369 = DIRECTION ( 'NONE',  ( -1.000000000000000000, 0.000000000000000000, 0.000000000000000000 ) ) ;
#1370 = ORIENTED_EDGE ( 'NONE', *, *, #1225, .F. ) ;
#1371 = LINE ( 'NONE', #2186, #2585 ) ;
#1372 = CARTESIAN_POINT ( 'NONE',  ( -6.125000000000000888, 3.388860427931489561, 8.000000000000000000 ) ) ;
#1373 = PLANE ( 'NONE',  #483 ) ;
#1374 = CARTESIAN_POINT ( 'NONE',  ( -3.388860427931489561, -6.125000000000000888, 4.000000000000000000 ) ) ;
#1375 = DIRECTION ( 'NONE',  ( 0.000000000000000000, 0.000000000000000000, -1.000000000000000000 ) ) ;
#1376 = CARTESIAN_POINT ( 'NONE',  ( 0.000000000000000000, -10.50000000000000000, -0.000000000000000000 ) ) ;
#1377 = VECTOR ( 'NONE', #1347, 1000.000000000000000 ) ;
#1378 = EDGE_CURVE ( 'NONE', #2185, #1788, #2310, .T. ) ;
#1379 = ORIENTED_EDGE ( 'NONE', *, *, #2256, .F. ) ;
#1380 = AXIS2_PLACEMENT_3D ( 'NONE', #2409, #1147, #2181 ) ;
#1381 = VECTOR ( 'NONE', #867, 1000.000000000000000 ) ;
#1382 = CARTESIAN_POINT ( 'NONE',  ( 94.15000000000000568, -5.000000000000000000, 8.000000000000000000 ) ) ;
#1383 = DIRECTION ( 'NONE',  ( -0.000000000000000000, -0.000000000000000000, -1.000000000000000000 ) ) ;
#1384 = VERTEX_POINT ( 'NONE', #1218 ) ;
#1385 = CARTESIAN_POINT ( 'NONE',  ( 14.38749456993815734, 7.000000000000000000, 4.000000000000000000 ) ) ;
#1386 = EDGE_CURVE ( 'NONE', #620, #2603, #1930, .T. ) ;
#1387 = CARTESIAN_POINT ( 'NONE',  ( 6.125000000000000000, 3.388860427931490005, 8.000000000000000000 ) ) ;
#1388 = DIRECTION ( 'NONE',  ( 0.000000000000000000, 0.000000000000000000, 1.000000000000000000 ) ) ;
#1389 = CARTESIAN_POINT ( 'NONE',  ( 39.58257569495583539, 7.000000000000000000, 4.000000000000000000 ) ) ;
#1390 = DIRECTION ( 'NONE',  ( 0.000000000000000000, -0.000000000000000000, -1.000000000000000000 ) ) ;
#1391 = DIRECTION ( 'NONE',  ( -1.000000000000000000, 0.000000000000000000, 0.000000000000000000 ) ) ;
#1392 = AXIS2_PLACEMENT_3D ( 'NONE', #802, #1618, #832 ) ;
#1393 = ORIENTED_EDGE ( 'NONE', *, *, #2282, .F. ) ;
#1394 = EDGE_CURVE ( 'NONE', #2661, #2618, #1405, .T. ) ;
#1395 = CARTESIAN_POINT ( 'NONE',  ( 0.000000000000000000, 7.000000000000000000, 4.000000000000000000 ) ) ;
#1396 = EDGE_LOOP ( 'NONE', ( #1333, #966 ) ) ;
#1397 = CIRCLE ( 'NONE', #1278, 1.700000000000000178 ) ;
#1398 = CARTESIAN_POINT ( 'NONE',  ( 3.388860427931490449, 6.125000000000000888, 6.000000000000000000 ) ) ;
#1399 = EDGE_CURVE ( 'NONE', #362, #1113, #1411, .T. ) ;
#1400 = CARTESIAN_POINT ( 'NONE',  ( 0.000000000000000000, 0.000000000000000000, 8.000000000000000000 ) ) ;
#1401 = APPROVAL_PERSON_ORGANIZATION ( #881, #1669, #96 ) ;
#1402 = CYLINDRICAL_SURFACE ( 'NONE', #2329, 3.500000000000000000 ) ;
#1403 = ADVANCED_FACE ( 'NONE', ( #1248 ), #1613, .T. ) ;
#1404 = DIRECTION ( 'NONE',  ( 0.000000000000000000, 0.000000000000000000, 1.000000000000000000 ) ) ;
#1405 = LINE ( 'NONE', #420, #2054 ) ;
#1406 = ORIENTED_EDGE ( 'NONE', *, *, #19, .F. ) ;
#1407 = EDGE_LOOP ( 'NONE', ( #78, #1027, #2230, #2148 ) ) ;
#1408 = AXIS2_PLACEMENT_3D ( 'NONE', #2016, #172, #1810 ) ;
#1409 = ORIENTED_EDGE ( 'NONE', *, *, #2267, .T. ) ;
#1410 = CARTESIAN_POINT ( 'NONE',  ( 45.85000000000000142, -5.000000000000000000, 4.000000000000000000 ) ) ;
#1411 = CIRCLE ( 'NONE', #2098, 1.600000000000000755 ) ;
#1412 = LINE ( 'NONE', #2257, #1016 ) ;
#1413 = VERTEX_POINT ( 'NONE', #162 ) ;
#1414 = CARTESIAN_POINT ( 'NONE',  ( 90.00000000000001421, -4.999999999999999112, 0.000000000000000000 ) ) ;
#1415 = DIRECTION ( 'NONE',  ( 0.000000000000000000, 1.000000000000000000, 0.000000000000000000 ) ) ;
#1416 = DIRECTION ( 'NONE',  ( -1.000000000000000000, 0.000000000000000000, 0.000000000000000000 ) ) ;
#1417 = EDGE_CURVE ( 'NONE', #1560, #64, #217, .T. ) ;
#1418 = ADVANCED_FACE ( 'NONE', ( #840 ), #2476, .F. ) ;
#1419 = LINE ( 'NONE', #1015, #2280 ) ;
#1420 = DIRECTION ( 'NONE',  ( -0.000000000000000000, -0.000000000000000000, 1.000000000000000000 ) ) ;
#1422 = VERTEX_POINT ( 'NONE', #382 ) ;
#1421 = APPROVAL_STATUS ( 'not_yet_approved' ) ;
#1423 = ORIENTED_EDGE ( 'NONE', *, *, #1900, .T. ) ;
#1424 = ADVANCED_FACE ( 'NONE', ( #1263 ), #1461, .T. ) ;
#1425 = ORIENTED_EDGE ( 'NONE', *, *, #475, .T. ) ;
#1426 = DIRECTION ( 'NONE',  ( 0.000000000000000000, 0.000000000000000000, -1.000000000000000000 ) ) ;
#1427 = DIRECTION ( 'NONE',  ( -1.000000000000000000, 0.000000000000000000, 0.000000000000000000 ) ) ;
#1428 = ORIENTED_EDGE ( 'NONE', *, *, #923, .F. ) ;
#1429 = VECTOR ( 'NONE', #1962, 1000.000000000000000 ) ;
#1430 = CARTESIAN_POINT ( 'NONE',  ( 0.000000000000000000, 0.000000000000000000, 0.000000000000000000 ) ) ;
#1431 = DIRECTION ( 'NONE',  ( -1.000000000000000000, 0.000000000000000000, 0.000000000000000000 ) ) ;
#1432 = AXIS2_PLACEMENT_3D ( 'NONE', #737, #1119, #2188 ) ;
#1433 = DIRECTION ( 'NONE',  ( 1.000000000000000000, 0.000000000000000000, 0.000000000000000000 ) ) ;
#1434 = DIRECTION ( 'NONE',  ( 1.000000000000000000, 0.000000000000000000, 0.000000000000000000 ) ) ;
#1435 = CARTESIAN_POINT ( 'NONE',  ( 6.124999999999999112, -3.388860427931489561, 4.000000000000000000 ) ) ;
#1437 = EDGE_LOOP ( 'NONE', ( #2363, #842, #261, #105 ) ) ;
#1436 = DIRECTION ( 'NONE',  ( 0.000000000000000000, 0.000000000000000000, 1.000000000000000000 ) ) ;
#1438 = EDGE_CURVE ( 'NONE', #129, #1696, #1787, .T. ) ;
#1439 = ORIENTED_EDGE ( 'NONE', *, *, #1768, .F. ) ;
#1440 = DIRECTION ( 'NONE',  ( -1.000000000000000000, 0.000000000000000000, 0.000000000000000000 ) ) ;
#1441 = DIRECTION ( 'NONE',  ( 1.000000000000000000, 0.000000000000000000, 0.000000000000000000 ) ) ;
#1442 = ORIENTED_EDGE ( 'NONE', *, *, #1865, .T. ) ;
#1443 = CIRCLE ( 'NONE', #276, 4.000000000000000000 ) ;
#1444 = FACE_OUTER_BOUND ( 'NONE', #2465, .T. ) ;
#1445 = DIRECTION ( 'NONE',  ( -1.000000000000000000, -0.000000000000000000, -0.000000000000000000 ) ) ;
#1446 = AXIS2_PLACEMENT_3D ( 'NONE', #1456, #39, #514 ) ;
#1447 = CARTESIAN_POINT ( 'NONE',  ( 7.000000000000000000, 0.000000000000000000, 4.000000000000000000 ) ) ;
#1449 = ORIENTED_EDGE ( 'NONE', *, *, #1796, .F. ) ;
#1448 = DIRECTION ( 'NONE',  ( -1.000000000000000000, 0.000000000000000000, 0.000000000000000000 ) ) ;
#1450 = EDGE_CURVE ( 'NONE', #2093, #1744, #1202, .T. ) ;
#1451 = AXIS2_PLACEMENT_3D ( 'NONE', #1773, #1339, #1760 ) ;
#1452 = VERTEX_POINT ( 'NONE', #1813 ) ;
#1453 = ADVANCED_FACE ( 'NONE', ( #191 ), #608, .F. ) ;
#1454 = CARTESIAN_POINT ( 'NONE',  ( 1.699999999999999956, -9.000000000000000000, 8.000000000000000000 ) ) ;
#1455 = AXIS2_PLACEMENT_3D ( 'NONE', #2311, #1041, #1688 ) ;
#1456 = CARTESIAN_POINT ( 'NONE',  ( 49.15099999999999625, -10.50000000000000000, 8.000000000000000000 ) ) ;
#1457 = ORIENTED_EDGE ( 'NONE', *, *, #1120, .T. ) ;
#1458 = DIRECTION ( 'NONE',  ( -0.000000000000000000, -0.000000000000000000, -1.000000000000000000 ) ) ;
#1459 = CARTESIAN_POINT ( 'NONE',  ( 0.000000000000000000, -7.000000000000000000, 4.000000000000000000 ) ) ;
#1460 = CARTESIAN_POINT ( 'NONE',  ( 0.000000000000000000, 0.000000000000000000, 4.000000000000000000 ) ) ;
#1461 = CYLINDRICAL_SURFACE ( 'NONE', #1704, 3.499999999999999556 ) ;
#1462 = DATE_TIME_ROLE ( 'creation_date' ) ;
#1463 = CIRCLE ( 'NONE', #638, 1.699999999999993072 ) ;
#1464 = ORIENTED_EDGE ( 'NONE', *, *, #1269, .T. ) ;
#1465 = CARTESIAN_POINT ( 'NONE',  ( 3.500000000000000000, -9.000000000000000000, 4.000000000000000000 ) ) ;
#1466 = DIRECTION ( 'NONE',  ( 0.000000000000000000, 0.000000000000000000, -1.000000000000000000 ) ) ;
#1467 = VERTEX_POINT ( 'NONE', #1017 ) ;
#1468 = AXIS2_PLACEMENT_3D ( 'NONE', #711, #1533, #2156 ) ;
#1469 = CARTESIAN_POINT ( 'NONE',  ( 42.00000000000000000, 15.00000000000000000, 4.000000000000000000 ) ) ;
#1470 = CARTESIAN_POINT ( 'NONE',  ( 90.84900000000000375, 10.50000000000000000, 0.000000000000000000 ) ) ;
#1471 = FACE_OUTER_BOUND ( 'NONE', #170, .T. ) ;
#1472 = ADVANCED_FACE ( 'NONE', ( #1829 ), #2656, .F. ) ;
#1473 = ORIENTED_EDGE ( 'NONE', *, *, #2454, .F. ) ;
#1474 = VECTOR ( 'NONE', #1165, 1000.000000000000000 ) ;
#1475 = CARTESIAN_POINT ( 'NONE',  ( -8.000000000000000000, 3.354101966249684263, 6.000000000000000000 ) ) ;
#1476 = ORIENTED_EDGE ( 'NONE', *, *, #858, .F. ) ;
#1477 = FACE_OUTER_BOUND ( 'NONE', #553, .T. ) ;
#1478 = VERTEX_POINT ( 'NONE', #1435 ) ;
#1479 = DIRECTION ( 'NONE',  ( -0.000000000000000000, -0.000000000000000000, 1.000000000000000000 ) ) ;
#1480 = DIRECTION ( 'NONE',  ( 0.000000000000000000, 0.000000000000000000, -1.000000000000000000 ) ) ;
#1481 = FACE_OUTER_BOUND ( 'NONE', #2251, .T. ) ;
#1482 = EDGE_CURVE ( 'NONE', #1127, #168, #634, .T. ) ;
#1483 = ORIENTED_EDGE ( 'NONE', *, *, #1128, .F. ) ;
#1484 = DIRECTION ( 'NONE',  ( -1.000000000000000000, 0.000000000000000000, 0.000000000000000000 ) ) ;
#1485 = AXIS2_PLACEMENT_3D ( 'NONE', #557, #1026, #2399 ) ;
#1486 = ORIENTED_EDGE ( 'NONE', *, *, #1971, .F. ) ;
#1487 = CARTESIAN_POINT ( 'NONE',  ( 3.388860427931489561, 6.125000000000000888, 8.000000000000000000 ) ) ;
#1488 = ORIENTED_EDGE ( 'NONE', *, *, #1864, .T. ) ;
#1489 = AXIS2_PLACEMENT_3D ( 'NONE', #655, #1258, #1071 ) ;
#1490 = LINE ( 'NONE', #2500, #671 ) ;
#1491 = LINE ( 'NONE', #254, #2408 ) ;
#1492 = ORIENTED_EDGE ( 'NONE', *, *, #2282, .T. ) ;
#1493 = EDGE_CURVE ( 'NONE', #1311, #358, #807, .T. ) ;
#1494 = FACE_OUTER_BOUND ( 'NONE', #1818, .T. ) ;
#1495 = PRODUCT ( 'ARM-201_Upper_link_dual_MG996R', 'ARM-201_Upper_link_dual_MG996R', '', ( #408 ) ) ;
#1496 = AXIS2_PLACEMENT_3D ( 'NONE', #1666, #647, #894 ) ;
#1497 = CARTESIAN_POINT ( 'NONE',  ( 3.388860427931490005, -6.125000000000000888, 8.000000000000000000 ) ) ;
#1498 = EDGE_LOOP ( 'NONE', ( #2121, #69, #1685, #2562 ) ) ;
#1499 = ADVANCED_FACE ( 'NONE', ( #1518 ), #463, .T. ) ;
#1500 = VERTEX_POINT ( 'NONE', #2291 ) ;
#1501 = LINE ( 'NONE', #2300, #1804 ) ;
#1502 = ORIENTED_EDGE ( 'NONE', *, *, #1725, .F. ) ;
#1503 = AXIS2_PLACEMENT_3D ( 'NONE', #869, #1665, #2490 ) ;
#1504 = EDGE_LOOP ( 'NONE', ( #2085, #503, #370, #219 ) ) ;
#1505 = DIRECTION ( 'NONE',  ( 0.000000000000000000, 0.000000000000000000, -1.000000000000000000 ) ) ;
#1506 = ORIENTED_EDGE ( 'NONE', *, *, #1350, .T. ) ;
#1507 = AXIS2_PLACEMENT_3D ( 'NONE', #1676, #1259, #214 ) ;
#1508 = CIRCLE ( 'NONE', #2627, 1.599999999999997202 ) ;
#1509 = EDGE_CURVE ( 'NONE', #1696, #129, #1112, .T. ) ;
#1510 = CIRCLE ( 'NONE', #1904, 10.00000000000000178 ) ;
#1511 = ORIENTED_EDGE ( 'NONE', *, *, #209, .T. ) ;
#1512 = EDGE_CURVE ( 'NONE', #68, #1321, #1619, .T. ) ;
#1513 = VERTEX_POINT ( 'NONE', #1497 ) ;
#1514 = CARTESIAN_POINT ( 'NONE',  ( -10.69999999999999929, 0.000000000000000000, 0.000000000000000000 ) ) ;
#1515 = VERTEX_POINT ( 'NONE', #870 ) ;
#1516 = ORIENTED_EDGE ( 'NONE', *, *, #2654, .T. ) ;
#1517 = CARTESIAN_POINT ( 'NONE',  ( 0.000000000000000000, 7.000000000000000000, 4.000000000000000000 ) ) ;
#1518 = FACE_OUTER_BOUND ( 'NONE', #1437, .T. ) ;
#1519 = VERTEX_POINT ( 'NONE', #2126 ) ;
#1520 = EDGE_CURVE ( 'NONE', #1621, #2240, #682, .T. ) ;
#1521 = AXIS2_PLACEMENT_3D ( 'NONE', #1776, #1807, #613 ) ;
#1522 = EDGE_CURVE ( 'NONE', #2344, #2241, #2505, .T. ) ;
#1523 = ORIENTED_EDGE ( 'NONE', *, *, #1692, .T. ) ;
#1524 = CARTESIAN_POINT ( 'NONE',  ( 0.000000000000000000, -9.000000000000000000, 8.000000000000000000 ) ) ;
#1525 = VECTOR ( 'NONE', #2072, 1000.000000000000000 ) ;
#1526 = ORIENTED_EDGE ( 'NONE', *, *, #2125, .F. ) ;
#1527 = AXIS2_PLACEMENT_3D ( 'NONE', #1057, #1458, #2299 ) ;
#1528 = ORIENTED_EDGE ( 'NONE', *, *, #300, .T. ) ;
#1529 = ADVANCED_FACE ( 'NONE', ( #2342 ), #487, .F. ) ;
#1530 = DIRECTION ( 'NONE',  ( -1.000000000000000000, 0.000000000000000000, 0.000000000000000000 ) ) ;
#1531 = DIRECTION ( 'NONE',  ( 0.000000000000000000, 0.000000000000000000, 1.000000000000000000 ) ) ;
#1532 = ORIENTED_EDGE ( 'NONE', *, *, #87, .F. ) ;
#1533 = DIRECTION ( 'NONE',  ( -0.000000000000000000, -0.000000000000000000, 1.000000000000000000 ) ) ;
#1534 = LINE ( 'NONE', #1081, #1353 ) ;
#1535 = DIRECTION ( 'NONE',  ( 0.000000000000000000, 1.000000000000000000, 0.000000000000000000 ) ) ;
#1536 = EDGE_CURVE ( 'NONE', #4, #1327, #2393, .T. ) ;
#1537 = EDGE_LOOP ( 'NONE', ( #2564, #626, #306, #1298 ) ) ;
#1538 = VECTOR ( 'NONE', #42, 1000.000000000000000 ) ;
#1539 = DIRECTION ( 'NONE',  ( 1.000000000000000000, 0.000000000000000000, 0.000000000000000000 ) ) ;
#1540 = VERTEX_POINT ( 'NONE', #84 ) ;
#1541 = VERTEX_POINT ( 'NONE', #451 ) ;
#1542 = FACE_OUTER_BOUND ( 'NONE', #2133, .T. ) ;
#1543 = CARTESIAN_POINT ( 'NONE',  ( 49.15099999999999625, 10.50000000000000000, 4.000000000000000000 ) ) ;
#1544 = EDGE_CURVE ( 'NONE', #622, #272, #1747, .T. ) ;
#1545 = DIRECTION ( 'NONE',  ( 0.000000000000000000, 0.000000000000000000, -1.000000000000000000 ) ) ;
#1546 = FACE_OUTER_BOUND ( 'NONE', #1019, .T. ) ;
#1547 = FACE_OUTER_BOUND ( 'NONE', #1586, .T. ) ;
#1548 = AXIS2_PLACEMENT_3D ( 'NONE', #779, #986, #820 ) ;
#1549 = ORIENTED_EDGE ( 'NONE', *, *, #2321, .F. ) ;
#1550 = CIRCLE ( 'NONE', #1307, 9.999999999999994671 ) ;
#1551 = CARTESIAN_POINT ( 'NONE',  ( 0.000000000000000000, 0.000000000000000000, 8.000000000000000000 ) ) ;
#1552 = ORIENTED_EDGE ( 'NONE', *, *, #249, .T. ) ;
#1553 = DIRECTION ( 'NONE',  ( 0.000000000000000000, 0.000000000000000000, -1.000000000000000000 ) ) ;
#1554 = CARTESIAN_POINT ( 'NONE',  ( 36.60000000000000142, 9.000000000000000000, 0.000000000000000000 ) ) ;
#1555 = CARTESIAN_POINT ( 'NONE',  ( 51.79795897113271508, 15.00000000000000000, 4.000000000000000000 ) ) ;
#1556 = DIRECTION ( 'NONE',  ( 1.000000000000000000, 0.000000000000000000, 0.000000000000000000 ) ) ;
#1557 = CARTESIAN_POINT ( 'NONE',  ( 7.000000000000000000, 0.000000000000000000, 8.000000000000000000 ) ) ;
#1558 = AXIS2_PLACEMENT_3D ( 'NONE', #223, #637, #413 ) ;
#1559 = CARTESIAN_POINT ( 'NONE',  ( -3.354101966249685152, -8.000000000000000000, 6.000000000000000000 ) ) ;
#1560 = VERTEX_POINT ( 'NONE', #2541 ) ;
#1561 = AXIS2_PLACEMENT_3D ( 'NONE', #782, #976, #2421 ) ;
#1562 = CARTESIAN_POINT ( 'NONE',  ( 0.000000000000000000, 0.000000000000000000, 8.000000000000000000 ) ) ;
#1563 = DIRECTION ( 'NONE',  ( 0.000000000000000000, 0.000000000000000000, 1.000000000000000000 ) ) ;
#1564 = ORGANIZATION ( 'UNSPECIFIED', 'UNSPECIFIED', '' ) ;
#1565 = VERTEX_POINT ( 'NONE', #1917 ) ;
#1566 = LINE ( 'NONE', #2389, #1629 ) ;
#1567 = CARTESIAN_POINT ( 'NONE',  ( -6.125000000000000888, 3.388860427931490449, 6.000000000000000000 ) ) ;
#1568 = DIRECTION ( 'NONE',  ( -1.000000000000000000, 0.000000000000000000, 0.000000000000000000 ) ) ;
#1569 = LINE ( 'NONE', #2436, #1377 ) ;
#1570 = AXIS2_PLACEMENT_3D ( 'NONE', #2031, #2620, #2402 ) ;
#1571 = DIRECTION ( 'NONE',  ( -0.000000000000000000, 1.000000000000000000, 0.000000000000000000 ) ) ;
#1572 = CARTESIAN_POINT ( 'NONE',  ( 45.85000000000000142, -5.000000000000000000, 0.000000000000000000 ) ) ;
#1573 = AXIS2_PLACEMENT_3D ( 'NONE', #880, #1691, #2102 ) ;
#1574 = EDGE_CURVE ( 'NONE', #1684, #152, #590, .T. ) ;
#1575 = EDGE_LOOP ( 'NONE', ( #2504, #1693 ) ) ;
#1576 = DIRECTION ( 'NONE',  ( -1.000000000000000000, 0.000000000000000000, 0.000000000000000000 ) ) ;
#1577 = CARTESIAN_POINT ( 'NONE',  ( -9.000000000000000000, 0.000000000000000000, 8.000000000000000000 ) ) ;
#1578 = ORIENTED_EDGE ( 'NONE', *, *, #1225, .T. ) ;
#1579 = DIRECTION ( 'NONE',  ( 0.000000000000000000, 0.000000000000000000, -1.000000000000000000 ) ) ;
#1580 = FACE_OUTER_BOUND ( 'NONE', #594, .T. ) ;
#1581 = FACE_OUTER_BOUND ( 'NONE', #291, .T. ) ;
#1582 = CARTESIAN_POINT ( 'NONE',  ( -7.000000000000000000, 0.000000000000000000, 8.000000000000000000 ) ) ;
#1583 = PLANE ( 'NONE',  #2427 ) ;
#1584 = LINE ( 'NONE', #2159, #2560 ) ;
#1585 = CIRCLE ( 'NONE', #2494, 4.999999999999997335 ) ;
#1586 = EDGE_LOOP ( 'NONE', ( #1082, #2284, #2385, #1449 ) ) ;
#1587 = CIRCLE ( 'NONE', #562, 4.999999999999997335 ) ;
#1588 = DIRECTION ( 'NONE',  ( 1.000000000000000000, 0.000000000000000000, 0.000000000000000000 ) ) ;
#1589 = EDGE_CURVE ( 'NONE', #504, #1684, #1108, .T. ) ;
#1590 = CARTESIAN_POINT ( 'NONE',  ( -3.500000000000000000, 9.000000000000000000, 4.000000000000000000 ) ) ;
#1591 = VERTEX_POINT ( 'NONE', #1290 ) ;
#1592 = DIRECTION ( 'NONE',  ( -0.000000000000000000, -0.000000000000000000, -1.000000000000000000 ) ) ;
#1593 = CARTESIAN_POINT ( 'NONE',  ( 1.699999999999999956, -9.000000000000000000, 0.000000000000000000 ) ) ;
#1594 = CARTESIAN_POINT ( 'NONE',  ( 30.00000000000000711, 9.000000000000000000, 0.000000000000000000 ) ) ;
#1595 = DIRECTION ( 'NONE',  ( -0.000000000000000000, -0.000000000000000000, 1.000000000000000000 ) ) ;
#1596 = DIRECTION ( 'NONE',  ( 0.000000000000000000, 0.000000000000000000, 1.000000000000000000 ) ) ;
#1598 = ORIENTED_EDGE ( 'NONE', *, *, #902, .T. ) ;
#1597 = LINE ( 'NONE', #123, #108 ) ;
#1599 = VERTEX_POINT ( 'NONE', #57 ) ;
#1600 = ADVANCED_FACE ( 'NONE', ( #1077 ), #256, .T. ) ;
#1601 = EDGE_CURVE ( 'NONE', #798, #1599, #1289, .T. ) ;
#1602 = CIRCLE ( 'NONE', #1868, 1.700000000000000178 ) ;
#1603 = ORIENTED_EDGE ( 'NONE', *, *, #1956, .T. ) ;
#1604 = FACE_OUTER_BOUND ( 'NONE', #1352, .T. ) ;
#1605 = ORIENTED_EDGE ( 'NONE', *, *, #1976, .F. ) ;
#1606 = CIRCLE ( 'NONE', #281, 10.00000000000000178 ) ;
#1607 = CARTESIAN_POINT ( 'NONE',  ( 33.40000000000000568, -9.000000000000000000, 4.000000000000003553 ) ) ;
#1608 = DIRECTION ( 'NONE',  ( 1.000000000000000000, 0.000000000000000000, 0.000000000000000000 ) ) ;
#1609 = CIRCLE ( 'NONE', #2303, 3.500000000000000000 ) ;
#1610 = DIRECTION ( 'NONE',  ( 1.000000000000000000, 0.000000000000000000, 0.000000000000000000 ) ) ;
#1611 = EDGE_CURVE ( 'NONE', #1384, #239, #1756, .T. ) ;
#1612 = DIRECTION ( 'NONE',  ( 1.000000000000000000, 0.000000000000000000, 0.000000000000000000 ) ) ;
#1613 = CYLINDRICAL_SURFACE ( 'NONE', #2565, 9.999999999999994671 ) ;
#1615 = ORIENTED_EDGE ( 'NONE', *, *, #1199, .T. ) ;
#1614 = CARTESIAN_POINT ( 'NONE',  ( 0.000000000000000000, -7.000000000000000000, 4.000000000000000000 ) ) ;
#1616 = CIRCLE ( 'NONE', #247, 3.500000000000000000 ) ;
#1617 = EDGE_LOOP ( 'NONE', ( #2410, #2297, #1598, #690 ) ) ;
#1618 = DIRECTION ( 'NONE',  ( -0.000000000000000000, -0.000000000000000000, 1.000000000000000000 ) ) ;
#1619 = CIRCLE ( 'NONE', #1968, 1.699999999999993072 ) ;
#1620 = CARTESIAN_POINT ( 'NONE',  ( 33.40000000000000568, -9.000000000000000000, 0.000000000000000000 ) ) ;
#1621 = VERTEX_POINT ( 'NONE', #672 ) ;
#1622 = CARTESIAN_POINT ( 'NONE',  ( -7.299999999999998934, 2.081899558550500033E-16, 0.000000000000000000 ) ) ;
#1623 = FACE_OUTER_BOUND ( 'NONE', #1729, .T. ) ;
#1624 = EDGE_CURVE ( 'NONE', #1890, #2635, #1510, .T. ) ;
#1625 = DIRECTION ( 'NONE',  ( 0.000000000000000000, 0.000000000000000000, -1.000000000000000000 ) ) ;
#1626 = EDGE_LOOP ( 'NONE', ( #185, #1870, #1317, #665 ) ) ;
#1627 = EDGE_LOOP ( 'NONE', ( #1250, #1473, #2050, #1096 ) ) ;
#1628 = AXIS2_PLACEMENT_3D ( 'NONE', #2405, #564, #1185 ) ;
#1629 = VECTOR ( 'NONE', #1592, 1000.000000000000000 ) ;
#1630 = DIRECTION ( 'NONE',  ( -1.000000000000000000, 0.000000000000000000, 0.000000000000000000 ) ) ;
#1631 = CARTESIAN_POINT ( 'NONE',  ( 28.60000000000000142, -3.000000000000000000, 0.000000000000000000 ) ) ;
#1632 = VERTEX_POINT ( 'NONE', #146 ) ;
#1633 = AXIS2_PLACEMENT_3D ( 'NONE', #1363, #1123, #950 ) ;
#1634 = AXIS2_PLACEMENT_3D ( 'NONE', #543, #1319, #1763 ) ;
#1635 = CC_DESIGN_PERSON_AND_ORGANIZATION_ASSIGNMENT ( #1877, #593, ( #1495 ) ) ;
#1636 = DIRECTION ( 'NONE',  ( 0.000000000000000000, 0.000000000000000000, 1.000000000000000000 ) ) ;
#1637 = AXIS2_PLACEMENT_3D ( 'NONE', #1755, #2594, #1978 ) ;
#1638 = CYLINDRICAL_SURFACE ( 'NONE', #2114, 1.599999999999997202 ) ;
#1639 = ADVANCED_FACE ( 'NONE', ( #134 ), #960, .T. ) ;
#1640 = DIRECTION ( 'NONE',  ( -0.000000000000000000, -0.000000000000000000, -1.000000000000000000 ) ) ;
#1641 = DIRECTION ( 'NONE',  ( -0.000000000000000000, -0.000000000000000000, -1.000000000000000000 ) ) ;
#1643 = ORIENTED_EDGE ( 'NONE', *, *, #497, .T. ) ;
#1642 = PERSON_AND_ORGANIZATION ( #1918, #1564 ) ;
#1644 = ORIENTED_EDGE ( 'NONE', *, *, #636, .F. ) ;
#1645 = DIRECTION ( 'NONE',  ( 0.000000000000000000, 0.000000000000000000, 1.000000000000000000 ) ) ;
#1646 = CARTESIAN_POINT ( 'NONE',  ( 95.85000000000000853, -5.000000000000000000, 4.000000000000000000 ) ) ;
#1647 = VERTEX_POINT ( 'NONE', #1954 ) ;
#1648 = LINE ( 'NONE', #2472, #375 ) ;
#1649 = DIRECTION ( 'NONE',  ( 0.000000000000000000, 0.000000000000000000, -1.000000000000000000 ) ) ;
#1650 = DIRECTION ( 'NONE',  ( -1.000000000000000000, 0.000000000000000000, 0.000000000000000000 ) ) ;
#1651 = CARTESIAN_POINT ( 'NONE',  ( 0.000000000000000000, 0.000000000000000000, 4.000000000000000000 ) ) ;
#1652 = AXIS2_PLACEMENT_3D ( 'NONE', #725, #1748, #525 ) ;
#1653 = CARTESIAN_POINT ( 'NONE',  ( 0.000000000000000000, -9.000000000000000000, 0.000000000000000000 ) ) ;
#1655 = VERTEX_POINT ( 'NONE', #723 ) ;
#1654 = CALENDAR_DATE ( 2026, 28, 9 ) ;
#1656 = AXIS2_PLACEMENT_3D ( 'NONE', #2231, #2030, #186 ) ;
#1657 = ORIENTED_EDGE ( 'NONE', *, *, #330, .F. ) ;
#1658 = DIRECTION ( 'NONE',  ( 0.000000000000000000, 0.000000000000000000, -1.000000000000000000 ) ) ;
#1659 = EDGE_CURVE ( 'NONE', #64, #908, #2116, .T. ) ;
#1660 = DIRECTION ( 'NONE',  ( -1.000000000000000000, 0.000000000000000000, 0.000000000000000000 ) ) ;
#1661 = VERTEX_POINT ( 'NONE', #1767 ) ;
#1662 = DIRECTION ( 'NONE',  ( -1.000000000000000000, 0.000000000000000000, 0.000000000000000000 ) ) ;
#1663 = CARTESIAN_POINT ( 'NONE',  ( 42.00000000000000000, 7.000000000000000000, 4.000000000000000000 ) ) ;
#1664 = CARTESIAN_POINT ( 'NONE',  ( 0.000000000000000000, 7.000000000000000000, 8.000000000000000000 ) ) ;
#1665 = DIRECTION ( 'NONE',  ( 0.000000000000000000, 0.000000000000000000, -1.000000000000000000 ) ) ;
#1666 = CARTESIAN_POINT ( 'NONE',  ( 27.00000000000000000, 3.000000000000000000, 4.000000000000003553 ) ) ;
#1667 = ORIENTED_EDGE ( 'NONE', *, *, #923, .T. ) ;
#1668 = AXIS2_PLACEMENT_3D ( 'NONE', #1251, #2187, #322 ) ;
#1669 = APPROVAL ( #2119, 'UNSPECIFIED' ) ;
#1670 = EDGE_LOOP ( 'NONE', ( #1964, #1116, #2210, #1936 ) ) ;
#1671 = EDGE_CURVE ( 'NONE', #2336, #1336, #2457, .T. ) ;
#1672 = CARTESIAN_POINT ( 'NONE',  ( 0.000000000000000000, 0.000000000000000000, 8.000000000000000000 ) ) ;
#1673 = ORIENTED_EDGE ( 'NONE', *, *, #1601, .T. ) ;
#1674 = EDGE_CURVE ( 'NONE', #1661, #1540, #109, .T. ) ;
#1675 = CYLINDRICAL_SURFACE ( 'NONE', #699, 10.00000000000000178 ) ;
#1676 = CARTESIAN_POINT ( 'NONE',  ( -9.000000000000000000, 0.000000000000000000, 8.000000000000000000 ) ) ;
#1677 = CARTESIAN_POINT ( 'NONE',  ( 0.000000000000000000, -9.000000000000000000, 8.000000000000000000 ) ) ;
#1678 = CIRCLE ( 'NONE', #1634, 7.000000000000000000 ) ;
#1679 = ORIENTED_EDGE ( 'NONE', *, *, #2151, .T. ) ;
#1680 = DIRECTION ( 'NONE',  ( -1.000000000000000000, 0.000000000000000000, 0.000000000000000000 ) ) ;
#1681 = AXIS2_PLACEMENT_3D ( 'NONE', #1335, #2177, #1358 ) ;
#1682 = DIRECTION ( 'NONE',  ( 1.000000000000000000, 0.000000000000000000, 0.000000000000000000 ) ) ;
#1683 = APPROVAL_STATUS ( 'not_yet_approved' ) ;
#1684 = VERTEX_POINT ( 'NONE', #324 ) ;
#1685 = ORIENTED_EDGE ( 'NONE', *, *, #773, .T. ) ;
#1686 = DIRECTION ( 'NONE',  ( 0.000000000000000000, 0.000000000000000000, 1.000000000000000000 ) ) ;
#1687 = EDGE_LOOP ( 'NONE', ( #2209, #1457, #669, #1220 ) ) ;
#1688 = DIRECTION ( 'NONE',  ( -1.000000000000000000, 0.000000000000000000, 0.000000000000000000 ) ) ;
#1689 = FACE_BOUND ( 'NONE', #2590, .T. ) ;
#1690 = ORIENTED_EDGE ( 'NONE', *, *, #1991, .T. ) ;
#1691 = DIRECTION ( 'NONE',  ( 0.000000000000000000, -1.000000000000000000, 0.000000000000000000 ) ) ;
#1692 = EDGE_CURVE ( 'NONE', #908, #567, #298, .T. ) ;
#1693 = ORIENTED_EDGE ( 'NONE', *, *, #624, .T. ) ;
#1694 = CIRCLE ( 'NONE', #2089, 3.500000000000000444 ) ;
#1695 = PRODUCT_DEFINITION_FORMATION_WITH_SPECIFIED_SOURCE ( 'ANY', '', #1495, .NOT_KNOWN. ) ;
#1696 = VERTEX_POINT ( 'NONE', #750 ) ;
#1697 = CARTESIAN_POINT ( 'NONE',  ( 35.00000000000000000, 9.000000000000000000, 0.000000000000000000 ) ) ;
#1698 = VERTEX_POINT ( 'NONE', #1543 ) ;
#1699 = CIRCLE ( 'NONE', #1070, 1.700000000000000178 ) ;
#1700 = FACE_OUTER_BOUND ( 'NONE', #1687, .T. ) ;
#1701 = DIRECTION ( 'NONE',  ( -0.000000000000000000, -0.000000000000000000, -1.000000000000000000 ) ) ;
#1702 = ORIENTED_EDGE ( 'NONE', *, *, #148, .T. ) ;
#1703 = EDGE_LOOP ( 'NONE', ( #2484, #40, #2346, #60 ) ) ;
#1704 = AXIS2_PLACEMENT_3D ( 'NONE', #989, #2277, #808 ) ;
#1705 = DIRECTION ( 'NONE',  ( 0.000000000000000000, 0.000000000000000000, 1.000000000000000000 ) ) ;
#1706 = CALENDAR_DATE ( 2026, 28, 9 ) ;
#1707 = CARTESIAN_POINT ( 'NONE',  ( 9.000000000000000000, 0.000000000000000000, 8.000000000000000000 ) ) ;
#1708 = EDGE_CURVE ( 'NONE', #826, #2160, #179, .T. ) ;
#1709 = ORIENTED_EDGE ( 'NONE', *, *, #165, .F. ) ;
#1710 = EDGE_CURVE ( 'NONE', #944, #1655, #1966, .T. ) ;
#1711 = ORIENTED_EDGE ( 'NONE', *, *, #2141, .T. ) ;
#1712 = DIRECTION ( 'NONE',  ( 0.000000000000000000, -0.000000000000000000, 1.000000000000000000 ) ) ;
#1713 = ORIENTED_EDGE ( 'NONE', *, *, #165, .T. ) ;
#1714 = AXIS2_PLACEMENT_3D ( 'NONE', #1707, #2320, #2543 ) ;
#1715 = ORIENTED_EDGE ( 'NONE', *, *, #1061, .F. ) ;
#1716 = CARTESIAN_POINT ( 'NONE',  ( 0.000000000000000000, 0.000000000000000000, 4.000000000000000000 ) ) ;
#1717 = DIRECTION ( 'NONE',  ( 0.000000000000000000, 0.000000000000000000, -1.000000000000000000 ) ) ;
#1718 = ADVANCED_FACE ( 'NONE', ( #1346 ), #1373, .T. ) ;
#1719 = VERTEX_POINT ( 'NONE', #121 ) ;
#1720 = CIRCLE ( 'NONE', #688, 3.500000000000000000 ) ;
#1721 = AXIS2_PLACEMENT_3D ( 'NONE', #1677, #2488, #80 ) ;
#1722 = DIRECTION ( 'NONE',  ( 1.000000000000000000, 0.000000000000000000, 0.000000000000000000 ) ) ;
#1723 = ADVANCED_FACE ( 'NONE', ( #947 ), #2580, .F. ) ;
#1724 = EDGE_LOOP ( 'NONE', ( #1995, #2576, #1341, #2552 ) ) ;
#1725 = EDGE_CURVE ( 'NONE', #452, #1478, #1984, .T. ) ;
#1726 = ORIENTED_EDGE ( 'NONE', *, *, #160, .T. ) ;
#1727 = CYLINDRICAL_SURFACE ( 'NONE', #2285, 7.000000000000000000 ) ;
#1728 = ORIENTED_EDGE ( 'NONE', *, *, #1574, .T. ) ;
#1729 = EDGE_LOOP ( 'NONE', ( #2626, #1667, #384, #139 ) ) ;
#1730 = FACE_BOUND ( 'NONE', #1308, .T. ) ;
#1731 = AXIS2_PLACEMENT_3D ( 'NONE', #847, #1054, #1630 ) ;
#1732 = CARTESIAN_POINT ( 'NONE',  ( -8.000000000000000000, -3.354101966249684263, 6.000000000000000000 ) ) ;
#1733 = ORIENTED_EDGE ( 'NONE', *, *, #577, .F. ) ;
#1734 = DIRECTION ( 'NONE',  ( 1.000000000000000000, 0.000000000000000000, 0.000000000000000000 ) ) ;
#1735 = VECTOR ( 'NONE', #2649, 1000.000000000000000 ) ;
#1736 = VERTEX_POINT ( 'NONE', #2379 ) ;
#1737 = FACE_OUTER_BOUND ( 'NONE', #1951, .T. ) ;
#1738 = AXIS2_PLACEMENT_3D ( 'NONE', #797, #1265, #1203 ) ;
#1739 = VERTEX_POINT ( 'NONE', #1941 ) ;
#1740 = EDGE_CURVE ( 'NONE', #1500, #1890, #2554, .T. ) ;
#1741 = CARTESIAN_POINT ( 'NONE',  ( 35.00000000000000000, 9.000000000000000000, 4.000000000000000000 ) ) ;
#1742 = ORIENTED_EDGE ( 'NONE', *, *, #2478, .T. ) ;
#1743 = AXIS2_PLACEMENT_3D ( 'NONE', #1028, #615, #2261 ) ;
#1744 = VERTEX_POINT ( 'NONE', #533 ) ;
#1745 = FACE_OUTER_BOUND ( 'NONE', #2137, .T. ) ;
#1746 = CARTESIAN_POINT ( 'NONE',  ( -1.699999999999999956, 9.000000000000000000, 8.000000000000000000 ) ) ;
#1747 = CIRCLE ( 'NONE', #79, 4.000000000000000000 ) ;
#1748 = DIRECTION ( 'NONE',  ( 0.000000000000000000, 0.000000000000000000, -1.000000000000000000 ) ) ;
#1749 = CYLINDRICAL_SURFACE ( 'NONE', #1852, 1.699999999999993072 ) ;
#1750 = ORIENTED_EDGE ( 'NONE', *, *, #540, .T. ) ;
#1751 = CARTESIAN_POINT ( 'NONE',  ( 35.00000000000000000, 9.000000000000000000, 4.000000000000003553 ) ) ;
#1752 = ORIENTED_EDGE ( 'NONE', *, *, #636, .T. ) ;
#1753 = ORIENTED_EDGE ( 'NONE', *, *, #290, .F. ) ;
#1754 = FACE_BOUND ( 'NONE', #1396, .T. ) ;
#1755 = CARTESIAN_POINT ( 'NONE',  ( 0.000000000000000000, -9.000000000000000000, 8.000000000000000000 ) ) ;
#1756 = CIRCLE ( 'NONE', #1858, 3.500000000000000000 ) ;
#1757 = CIRCLE ( 'NONE', #819, 7.000000000000000000 ) ;
#1758 = CARTESIAN_POINT ( 'NONE',  ( 0.000000000000000000, 0.000000000000000000, 8.000000000000000000 ) ) ;
#1759 = CYLINDRICAL_SURFACE ( 'NONE', #931, 3.500000000000000444 ) ;
#1760 = DIRECTION ( 'NONE',  ( -1.000000000000000000, 0.000000000000000000, 0.000000000000000000 ) ) ;
#1761 = AXIS2_PLACEMENT_3D ( 'NONE', #2047, #837, #1650 ) ;
#1762 = ORIENTED_EDGE ( 'NONE', *, *, #552, .F. ) ;
#1763 = DIRECTION ( 'NONE',  ( 1.000000000000000000, 0.000000000000000000, 0.000000000000000000 ) ) ;
#1764 = ORIENTED_EDGE ( 'NONE', *, *, #1971, .T. ) ;
#1765 = DIRECTION ( 'NONE',  ( -1.000000000000000000, 0.000000000000000000, 0.000000000000000000 ) ) ;
#1766 = FACE_BOUND ( 'NONE', #982, .T. ) ;
#1767 = CARTESIAN_POINT ( 'NONE',  ( 90.84900000000000375, -10.50000000000000000, 4.000000000000000000 ) ) ;
#1768 = EDGE_CURVE ( 'NONE', #1591, #452, #267, .T. ) ;
#1769 = CARTESIAN_POINT ( 'NONE',  ( 35.00000000000000000, 9.000000000000000000, 4.000000000000000000 ) ) ;
#1770 = EDGE_CURVE ( 'NONE', #1719, #429, #8, .T. ) ;
#1771 = CARTESIAN_POINT ( 'NONE',  ( 44.14999999999999858, -5.000000000000000000, 0.000000000000000000 ) ) ;
#1772 = VECTOR ( 'NONE', #2418, 1000.000000000000000 ) ;
#1773 = CARTESIAN_POINT ( 'NONE',  ( 7.000000000000000000, 0.000000000000000000, 8.000000000000000000 ) ) ;
#1774 = ORIENTED_EDGE ( 'NONE', *, *, #2407, .T. ) ;
#1775 = AXIS2_PLACEMENT_3D ( 'NONE', #1697, #1686, #2308 ) ;
#1776 = CARTESIAN_POINT ( 'NONE',  ( -9.000000000000000000, 0.000000000000000000, 8.000000000000000000 ) ) ;
#1777 = ORIENTED_EDGE ( 'NONE', *, *, #2106, .T. ) ;
#1778 = LINE ( 'NONE', #2432, #2325 ) ;
#1779 = PLANE ( 'NONE',  #756 ) ;
#1780 = VECTOR ( 'NONE', #2376, 1000.000000000000000 ) ;
#1781 = CARTESIAN_POINT ( 'NONE',  ( 90.84900000000000375, -10.50000000000000000, 8.000000000000000000 ) ) ;
#1782 = ADVANCED_FACE ( 'NONE', ( #2353 ), #1990, .F. ) ;
#1783 = CARTESIAN_POINT ( 'NONE',  ( 27.00000000000000000, 3.000000000000000000, 0.000000000000000000 ) ) ;
#1784 = CYLINDRICAL_SURFACE ( 'NONE', #1101, 4.999999999999997335 ) ;
#1785 = ADVANCED_FACE ( 'NONE', ( #1581 ), #2403, .F. ) ;
#1786 = CARTESIAN_POINT ( 'NONE',  ( 35.00000000000000000, 9.000000000000000000, 4.000000000000000000 ) ) ;
#1787 = CIRCLE ( 'NONE', #761, 1.600000000000000755 ) ;
#1788 = VERTEX_POINT ( 'NONE', #380 ) ;
#1789 = CARTESIAN_POINT ( 'NONE',  ( -1.699999999999999956, -9.000000000000000000, 8.000000000000000000 ) ) ;
#1790 = ORIENTED_EDGE ( 'NONE', *, *, #1509, .F. ) ;
#1791 = VECTOR ( 'NONE', #1130, 1000.000000000000000 ) ;
#1792 = CARTESIAN_POINT ( 'NONE',  ( 0.000000000000000000, 9.000000000000000000, 8.000000000000000000 ) ) ;
#1793 = DIRECTION ( 'NONE',  ( -1.000000000000000000, 0.000000000000000000, 0.000000000000000000 ) ) ;
#1794 = LINE ( 'NONE', #2638, #954 ) ;
#1795 = CARTESIAN_POINT ( 'NONE',  ( 35.00000000000000000, 9.000000000000000000, 4.000000000000000000 ) ) ;
#1796 = EDGE_CURVE ( 'NONE', #422, #849, #365, .T. ) ;
#1797 = CARTESIAN_POINT ( 'NONE',  ( 27.00000000000000000, 3.000000000000000000, 4.000000000000003553 ) ) ;
#1799 = ORIENTED_EDGE ( 'NONE', *, *, #540, .F. ) ;
#1798 = DIRECTION ( 'NONE',  ( -1.000000000000000000, 0.000000000000000000, 0.000000000000000000 ) ) ;
#1800 = EDGE_LOOP ( 'NONE', ( #2334, #609 ) ) ;
#1801 = AXIS2_PLACEMENT_3D ( 'NONE', #1783, #1980, #136 ) ;
#1802 = CC_DESIGN_SECURITY_CLASSIFICATION ( #1234, ( #1695 ) ) ;
#1803 = ORIENTED_EDGE ( 'NONE', *, *, #183, .F. ) ;
#1804 = VECTOR ( 'NONE', #1260, 1000.000000000000000 ) ;
#1805 = DIRECTION ( 'NONE',  ( -1.000000000000000000, 0.000000000000000000, 0.000000000000000000 ) ) ;
#1806 = EDGE_CURVE ( 'NONE', #944, #521, #691, .T. ) ;
#1807 = DIRECTION ( 'NONE',  ( -0.000000000000000000, -0.000000000000000000, -1.000000000000000000 ) ) ;
#1808 = VERTEX_POINT ( 'NONE', #1214 ) ;
#1809 = DIRECTION ( 'NONE',  ( 0.000000000000000000, 1.000000000000000000, 0.000000000000000000 ) ) ;
#1810 = DIRECTION ( 'NONE',  ( 1.000000000000000000, 0.000000000000000000, 0.000000000000000000 ) ) ;
#1811 = DIRECTION ( 'NONE',  ( -1.000000000000000000, 8.673617379884040402E-16, 0.000000000000000000 ) ) ;
#1812 = DIRECTION ( 'NONE',  ( -1.000000000000000000, 0.000000000000000000, 0.000000000000000000 ) ) ;
#1813 = CARTESIAN_POINT ( 'NONE',  ( 40.00000000000000000, 9.000000000000000000, 0.000000000000000000 ) ) ;
#1815 = ORIENTED_EDGE ( 'NONE', *, *, #279, .T. ) ;
#1814 = CYLINDRICAL_SURFACE ( 'NONE', #2647, 3.499999999999999556 ) ;
#1816 = ORIENTED_EDGE ( 'NONE', *, *, #1103, .T. ) ;
#1817 = VECTOR ( 'NONE', #813, 1000.000000000000000 ) ;
#1818 = EDGE_LOOP ( 'NONE', ( #97, #1293, #1086, #45 ) ) ;
#1819 = DIRECTION ( 'NONE',  ( 1.000000000000000000, 0.000000000000000000, 0.000000000000000000 ) ) ;
#1820 = DIRECTION ( 'NONE',  ( -1.000000000000000000, 0.000000000000000000, 0.000000000000000000 ) ) ;
#1821 = ORIENTED_EDGE ( 'NONE', *, *, #2610, .F. ) ;
#1822 = AXIS2_PLACEMENT_3D ( 'NONE', #1577, #814, #1427 ) ;
#1823 = CARTESIAN_POINT ( 'NONE',  ( -3.500000000000000000, -7.000000000000000000, 4.000000000000000000 ) ) ;
#1824 = EDGE_CURVE ( 'NONE', #921, #1519, #520, .T. ) ;
#1825 = DIRECTION ( 'NONE',  ( -0.000000000000000000, -0.000000000000000000, -1.000000000000000000 ) ) ;
#1826 = AXIS2_PLACEMENT_3D ( 'NONE', #2657, #1436, #1249 ) ;
#1827 = DIRECTION ( 'NONE',  ( -0.000000000000000000, -0.000000000000000000, -1.000000000000000000 ) ) ;
#1828 = LINE ( 'NONE', #1891, #2574 ) ;
#1829 = FACE_OUTER_BOUND ( 'NONE', #1910, .T. ) ;
#1831 = ORIENTED_EDGE ( 'NONE', *, *, #843, .T. ) ;
#1830 = DATE_AND_TIME ( #1654, #1020 ) ;
#1832 = ORIENTED_EDGE ( 'NONE', *, *, #1046, .F. ) ;
#1833 = CIRCLE ( 'NONE', #712, 3.500000000000000444 ) ;
#1834 = ORIENTED_EDGE ( 'NONE', *, *, #859, .F. ) ;
#1835 = FACE_BOUND ( 'NONE', #804, .T. ) ;
#1836 = EDGE_CURVE ( 'NONE', #1089, #1079, #872, .T. ) ;
#1837 = DIRECTION ( 'NONE',  ( 0.000000000000000000, 0.000000000000000000, -1.000000000000000000 ) ) ;
#1838 = ORIENTED_EDGE ( 'NONE', *, *, #829, .F. ) ;
#1839 = CARTESIAN_POINT ( 'NONE',  ( 45.85000000000000142, -5.000000000000000000, 8.000000000000000000 ) ) ;
#1840 = DIRECTION ( 'NONE',  ( 0.000000000000000000, 0.000000000000000000, 1.000000000000000000 ) ) ;
#1841 = DIRECTION ( 'NONE',  ( 0.000000000000000000, 0.000000000000000000, 1.000000000000000000 ) ) ;
#1842 = DIRECTION ( 'NONE',  ( 0.000000000000000000, 0.000000000000000000, 1.000000000000000000 ) ) ;
#1843 = ADVANCED_FACE ( 'NONE', ( #1231 ), #2004, .F. ) ;
#1845 = EDGE_LOOP ( 'NONE', ( #193, #1846, #2489, #1332 ) ) ;
#1844 = LINE ( 'NONE', #1614, #110 ) ;
#1846 = ORIENTED_EDGE ( 'NONE', *, *, #1674, .T. ) ;
#1847 = CIRCLE ( 'NONE', #346, 3.500000000000000000 ) ;
#1848 = DESIGN_CONTEXT ( 'detailed design', #698, 'design' ) ;
#1849 = FACE_OUTER_BOUND ( 'NONE', #282, .T. ) ;
#1850 = DIRECTION ( 'NONE',  ( -1.000000000000000000, 0.000000000000000000, 0.000000000000000000 ) ) ;
#1851 = ORIENTED_EDGE ( 'NONE', *, *, #2221, .T. ) ;
#1852 = AXIS2_PLACEMENT_3D ( 'NONE', #2572, #741, #1391 ) ;
#1853 = AXIS2_PLACEMENT_3D ( 'NONE', #529, #1151, #1354 ) ;
#1854 = DIRECTION ( 'NONE',  ( -1.000000000000000000, 0.000000000000000000, 0.000000000000000000 ) ) ;
#1855 = FACE_OUTER_BOUND ( 'NONE', #910, .T. ) ;
#1856 = ADVANCED_FACE ( 'NONE', ( #1623 ), #1638, .F. ) ;
#1857 = CARTESIAN_POINT ( 'NONE',  ( 94.15000000000000568, 5.000000000000000000, 4.000000000000000000 ) ) ;
#1858 = AXIS2_PLACEMENT_3D ( 'NONE', #1893, #1087, #1905 ) ;
#1859 = CARTESIAN_POINT ( 'NONE',  ( 7.299999999999998934, 0.000000000000000000, 8.000000000000000000 ) ) ;
#1860 = EDGE_CURVE ( 'NONE', #1808, #506, #1000, .T. ) ;
#1861 = DIRECTION ( 'NONE',  ( -0.000000000000000000, -0.000000000000000000, -1.000000000000000000 ) ) ;
#1863 = EDGE_LOOP ( 'NONE', ( #2155, #582, #486, #2643 ) ) ;
#1862 = PERSON_AND_ORGANIZATION_ROLE ( 'creator' ) ;
#1864 = EDGE_CURVE ( 'NONE', #1736, #4, #604, .T. ) ;
#1865 = EDGE_CURVE ( 'NONE', #37, #1961, #1794, .T. ) ;
#1866 = VERTEX_POINT ( 'NONE', #1594 ) ;
#1867 = CARTESIAN_POINT ( 'NONE',  ( 0.000000000000000000, -9.000000000000000000, 8.000000000000000000 ) ) ;
#1868 = AXIS2_PLACEMENT_3D ( 'NONE', #1410, #569, #1576 ) ;
#1869 = CARTESIAN_POINT ( 'NONE',  ( -8.000000000000000000, 3.354101966249684263, 8.000000000000000000 ) ) ;
#1870 = ORIENTED_EDGE ( 'NONE', *, *, #1378, .T. ) ;
#1871 = DIRECTION ( 'NONE',  ( -1.000000000000000000, -0.000000000000000000, -0.000000000000000000 ) ) ;
#1872 = DIRECTION ( 'NONE',  ( 1.000000000000000000, 0.000000000000000000, 0.000000000000000000 ) ) ;
#1873 = DIRECTION ( 'NONE',  ( 1.000000000000000000, 0.000000000000000000, 0.000000000000000000 ) ) ;
#1874 = AXIS2_PLACEMENT_3D ( 'NONE', #2469, #1255, #2069 ) ;
#1875 = CIRCLE ( 'NONE', #1874, 4.999999999999997335 ) ;
#1876 = DIRECTION ( 'NONE',  ( -0.000000000000000000, -0.000000000000000000, -1.000000000000000000 ) ) ;
#1877 = PERSON_AND_ORGANIZATION ( #1918, #1564 ) ;
#1878 = EDGE_CURVE ( 'NONE', #2340, #504, #1340, .T. ) ;
#1879 = ADVANCED_FACE ( 'NONE', ( #215 ), #1402, .T. ) ;
#1880 = CIRCLE ( 'NONE', #1320, 1.700000000000000178 ) ;
#1881 = EDGE_CURVE ( 'NONE', #1281, #1903, #2017, .T. ) ;
#1882 = AXIS2_PLACEMENT_3D ( 'NONE', #835, #2512, #678 ) ;
#1883 = EDGE_LOOP ( 'NONE', ( #1742, #713, #7, #1406 ) ) ;
#1884 = CYLINDRICAL_SURFACE ( 'NONE', #621, 7.000000000000000000 ) ;
#1885 = ORIENTED_EDGE ( 'NONE', *, *, #2235, .F. ) ;
#1886 = CARTESIAN_POINT ( 'NONE',  ( 49.15099999999999625, 10.50000000000000000, 0.000000000000000000 ) ) ;
#1887 = CARTESIAN_POINT ( 'NONE',  ( 33.40000000000000568, 9.000000000000000000, 4.000000000000003553 ) ) ;
#1888 = CYLINDRICAL_SURFACE ( 'NONE', #1329, 10.00000000000000178 ) ;
#1889 = CARTESIAN_POINT ( 'NONE',  ( 0.000000000000000000, -7.000000000000000000, 8.000000000000000000 ) ) ;
#1890 = VERTEX_POINT ( 'NONE', #393 ) ;
#1891 = CARTESIAN_POINT ( 'NONE',  ( 0.000000000000000000, 10.50000000000000000, 0.000000000000000000 ) ) ;
#1892 = PRODUCT_DEFINITION ( 'UNKNOWN', '', #1695, #1848 ) ;
#1893 = CARTESIAN_POINT ( 'NONE',  ( 0.000000000000000000, 7.000000000000000000, 4.000000000000000000 ) ) ;
#1894 = CIRCLE ( 'NONE', #386, 1.599999999999997202 ) ;
#1895 = ADVANCED_FACE ( 'NONE', ( #2234 ), #188, .T. ) ;
#1896 = ORIENTED_EDGE ( 'NONE', *, *, #673, .F. ) ;
#1897 = DIRECTION ( 'NONE',  ( 0.000000000000000000, 0.000000000000000000, -1.000000000000000000 ) ) ;
#1898 = ORIENTED_EDGE ( 'NONE', *, *, #641, .F. ) ;
#1899 = DIRECTION ( 'NONE',  ( 0.000000000000000000, 0.000000000000000000, 1.000000000000000000 ) ) ;
#1900 = EDGE_CURVE ( 'NONE', #653, #1974, #307, .T. ) ;
#1901 = DIRECTION ( 'NONE',  ( -0.000000000000000000, -0.000000000000000000, -1.000000000000000000 ) ) ;
#1902 = CIRCLE ( 'NONE', #394, 4.999999999999997335 ) ;
#1903 = VERTEX_POINT ( 'NONE', #1245 ) ;
#1904 = AXIS2_PLACEMENT_3D ( 'NONE', #2316, #473, #1170 ) ;
#1905 = DIRECTION ( 'NONE',  ( 1.000000000000000000, 0.000000000000000000, 0.000000000000000000 ) ) ;
#1906 = ORIENTED_EDGE ( 'NONE', *, *, #1659, .F. ) ;
#1907 = FACE_OUTER_BOUND ( 'NONE', #236, .T. ) ;
#1908 = ORIENTED_EDGE ( 'NONE', *, *, #1417, .T. ) ;
#1909 = FACE_OUTER_BOUND ( 'NONE', #2644, .T. ) ;
#1910 = EDGE_LOOP ( 'NONE', ( #2439, #1726, #2104, #2136 ) ) ;
#1911 = CARTESIAN_POINT ( 'NONE',  ( -7.000000000000000000, 0.000000000000000000, 4.000000000000000000 ) ) ;
#1912 = CARTESIAN_POINT ( 'NONE',  ( 40.00000000000000000, -9.000000000000000000, 4.000000000000000000 ) ) ;
#1913 = AXIS2_PLACEMENT_3D ( 'NONE', #374, #758, #1819 ) ;
#1914 = ORIENTED_EDGE ( 'NONE', *, *, #399, .T. ) ;
#1915 = EDGE_CURVE ( 'NONE', #2120, #1323, #1902, .T. ) ;
#1916 = ORIENTED_EDGE ( 'NONE', *, *, #125, .F. ) ;
#1917 = CARTESIAN_POINT ( 'NONE',  ( -3.500000000000000000, 9.000000000000000000, 8.000000000000000000 ) ) ;
#1918 = PERSON ( 'UNSPECIFIED', 'UNSPECIFIED', 'UNSPECIFIED', ('UNSPECIFIED'), ('UNSPECIFIED'), ('UNSPECIFIED') ) ;
#1919 = VERTEX_POINT ( 'NONE', #2669 ) ;
#1920 = CC_DESIGN_DATE_AND_TIME_ASSIGNMENT ( #1830, #1462, ( #1892 ) ) ;
#1921 = ORIENTED_EDGE ( 'NONE', *, *, #945, .F. ) ;
#1922 = CIRCLE ( 'NONE', #1408, 3.500000000000000000 ) ;
#1923 = EDGE_CURVE ( 'NONE', #1321, #1079, #2262, .T. ) ;
#1924 = DIRECTION ( 'NONE',  ( 1.000000000000000000, 0.000000000000000000, 0.000000000000000000 ) ) ;
#1925 = ORIENTED_EDGE ( 'NONE', *, *, #2024, .T. ) ;
#1926 = EDGE_CURVE ( 'NONE', #2661, #1413, #1302, .T. ) ;
#1927 = VERTEX_POINT ( 'NONE', #2502 ) ;
#1928 = PRODUCT_DEFINITION_SHAPE ( 'NONE', 'NONE',  #1892 ) ;
#1929 = PLANE ( 'NONE',  #1668 ) ;
#1930 = CIRCLE ( 'NONE', #1076, 1.699999999999999956 ) ;
#1931 = CARTESIAN_POINT ( 'NONE',  ( 0.000000000000000000, 0.000000000000000000, 8.000000000000000000 ) ) ;
#1932 = EDGE_LOOP ( 'NONE', ( #2566, #409 ) ) ;
#1933 = CARTESIAN_POINT ( 'NONE',  ( 0.000000000000000000, -7.000000000000000000, 8.000000000000000000 ) ) ;
#1934 = VERTEX_POINT ( 'NONE', #1912 ) ;
#1935 = CIRCLE ( 'NONE', #766, 7.000000000000000000 ) ;
#1936 = ORIENTED_EDGE ( 'NONE', *, *, #2134, .F. ) ;
#1937 = LINE ( 'NONE', #2550, #1429 ) ;
#1938 = ORIENTED_EDGE ( 'NONE', *, *, #1205, .F. ) ;
#1939 = VERTEX_POINT ( 'NONE', #470 ) ;
#1940 = FACE_BOUND ( 'NONE', #1800, .T. ) ;
#1941 = CARTESIAN_POINT ( 'NONE',  ( 25.39999999999999858, -3.000000000000000000, 0.000000000000000000 ) ) ;
#1942 = DATE_AND_TIME ( #1088, #534 ) ;
#1943 = ORIENTED_EDGE ( 'NONE', *, *, #1288, .F. ) ;
#1944 = AXIS2_PLACEMENT_3D ( 'NONE', #1751, #930, #104 ) ;
#1945 = ORIENTED_EDGE ( 'NONE', *, *, #199, .F. ) ;
#1946 = ADVANCED_FACE ( 'NONE', ( #1059, #484, #2112, #656, #630, #1689, #668, #244, #877, #1481, #2525 ), #853, .F. ) ;
#1947 = LINE ( 'NONE', #1559, #912 ) ;
#1948 = ORIENTED_EDGE ( 'NONE', *, *, #993, .F. ) ;
#1949 = PLANE ( 'NONE',  #1090 ) ;
#1950 = ORIENTED_EDGE ( 'NONE', *, *, #143, .T. ) ;
#1951 = EDGE_LOOP ( 'NONE', ( #2109, #715, #1702, #2631 ) ) ;
#1952 = FACE_BOUND ( 'NONE', #126, .T. ) ;
#1953 = VECTOR ( 'NONE', #212, 1000.000000000000000 ) ;
#1954 = CARTESIAN_POINT ( 'NONE',  ( 49.15099999999999625, -10.50000000000000000, 4.000000000000000000 ) ) ;
#1955 = CC_DESIGN_PERSON_AND_ORGANIZATION_ASSIGNMENT ( #2506, #58, ( #1695 ) ) ;
#1956 = EDGE_CURVE ( 'NONE', #398, #2573, #460, .T. ) ;
#1957 = CARTESIAN_POINT ( 'NONE',  ( 90.00000000000000000, -15.00000000000000000, 0.000000000000000000 ) ) ;
#1958 = CIRCLE ( 'NONE', #237, 4.999999999999997335 ) ;
#1959 = LINE ( 'NONE', #938, #90 ) ;
#1960 = CIRCLE ( 'NONE', #799, 1.699999999999999956 ) ;
#1961 = VERTEX_POINT ( 'NONE', #43 ) ;
#1962 = DIRECTION ( 'NONE',  ( 0.000000000000000000, 1.000000000000000000, 0.000000000000000000 ) ) ;
#1963 = ORIENTED_EDGE ( 'NONE', *, *, #2157, .T. ) ;
#1964 = ORIENTED_EDGE ( 'NONE', *, *, #859, .T. ) ;
#1965 = PLANE ( 'NONE',  #167 ) ;
#1966 = LINE ( 'NONE', #1746, #610 ) ;
#1967 = CARTESIAN_POINT ( 'NONE',  ( 95.85000000000000853, 5.000000000000000000, 0.000000000000000000 ) ) ;
#1968 = AXIS2_PLACEMENT_3D ( 'NONE', #2491, #696, #2304 ) ;
#1969 = LINE ( 'NONE', #2586, #1316 ) ;
#1970 = DIRECTION ( 'NONE',  ( 0.000000000000000000, 0.000000000000000000, -1.000000000000000000 ) ) ;
#1971 = EDGE_CURVE ( 'NONE', #397, #2330, #1491, .T. ) ;
#1972 = ORIENTED_EDGE ( 'NONE', *, *, #2233, .F. ) ;
#1973 = DIRECTION ( 'NONE',  ( 0.000000000000000000, 1.000000000000000000, 0.000000000000000000 ) ) ;
#1974 = VERTEX_POINT ( 'NONE', #1073 ) ;
#1975 = DIRECTION ( 'NONE',  ( -0.000000000000000000, -0.000000000000000000, -1.000000000000000000 ) ) ;
#1976 = EDGE_CURVE ( 'NONE', #1323, #37, #221, .T. ) ;
#1977 = CARTESIAN_POINT ( 'NONE',  ( 45.85000000000000142, 5.000000000000000000, 4.000000000000000000 ) ) ;
#1978 = DIRECTION ( 'NONE',  ( 1.000000000000000000, 0.000000000000000000, 0.000000000000000000 ) ) ;
#1979 = CIRCLE ( 'NONE', #1468, 1.699999999999993072 ) ;
#1980 = DIRECTION ( 'NONE',  ( -0.000000000000000000, -0.000000000000000000, 1.000000000000000000 ) ) ;
#1981 = DIRECTION ( 'NONE',  ( 0.000000000000000000, 0.000000000000000000, -1.000000000000000000 ) ) ;
#1982 = AXIS2_PLACEMENT_3D ( 'NONE', #643, #2273, #2501 ) ;
#1983 = CARTESIAN_POINT ( 'NONE',  ( 10.69999999999999929, 2.081899558550500033E-16, 0.000000000000000000 ) ) ;
#1984 = CIRCLE ( 'NONE', #1432, 7.000000000000000000 ) ;
#1985 = ORIENTED_EDGE ( 'NONE', *, *, #385, .T. ) ;
#1986 = DIRECTION ( 'NONE',  ( -1.000000000000000000, 0.000000000000000000, 0.000000000000000000 ) ) ;
#1987 = ORIENTED_EDGE ( 'NONE', *, *, #829, .T. ) ;
#1988 = LINE ( 'NONE', #2414, #2600 ) ;
#1989 = CARTESIAN_POINT ( 'NONE',  ( 100.0000000000000000, -4.999999999999999112, 4.000000000000000000 ) ) ;
#1990 = CYLINDRICAL_SURFACE ( 'NONE', #957, 1.600000000000000755 ) ;
#1991 = EDGE_CURVE ( 'NONE', #700, #1091, #1262, .T. ) ;
#1992 = DIRECTION ( 'NONE',  ( -1.000000000000000000, 0.000000000000000000, 0.000000000000000000 ) ) ;
#1993 = CARTESIAN_POINT ( 'NONE',  ( -3.500000000000000000, -9.000000000000000000, 4.000000000000000000 ) ) ;
#1994 = DIRECTION ( 'NONE',  ( 0.000000000000000000, 0.000000000000000000, 1.000000000000000000 ) ) ;
#1995 = ORIENTED_EDGE ( 'NONE', *, *, #2009, .F. ) ;
#1996 = VECTOR ( 'NONE', #1466, 1000.000000000000000 ) ;
#1997 = FACE_BOUND ( 'NONE', #89, .T. ) ;
#1998 = LINE ( 'NONE', #759, #2471 ) ;
#1999 = ORIENTED_EDGE ( 'NONE', *, *, #445, .T. ) ;
#2000 = LINE ( 'NONE', #1211, #2475 ) ;
#2001 = ADVANCED_FACE ( 'NONE', ( #2474 ), #66, .T. ) ;
#2002 = DIRECTION ( 'NONE',  ( -0.000000000000000000, -0.000000000000000000, -1.000000000000000000 ) ) ;
#2003 = AXIS2_PLACEMENT_3D ( 'NONE', #316, #1994, #978 ) ;
#2004 = CYLINDRICAL_SURFACE ( 'NONE', #1761, 1.599999999999997202 ) ;
#2005 = CYLINDRICAL_SURFACE ( 'NONE', #1349, 1.600000000000000755 ) ;
#2007 = ORIENTED_EDGE ( 'NONE', *, *, #1217, .T. ) ;
#2006 = DIRECTION ( 'NONE',  ( 0.000000000000000000, 0.000000000000000000, -1.000000000000000000 ) ) ;
#2008 = ORIENTED_EDGE ( 'NONE', *, *, #1991, .F. ) ;
#2009 = EDGE_CURVE ( 'NONE', #1934, #1323, #2274, .T. ) ;
#2010 = ORIENTED_EDGE ( 'NONE', *, *, #260, .F. ) ;
#2011 = CYLINDRICAL_SURFACE ( 'NONE', #883, 1.700000000000000178 ) ;
#2012 = CYLINDRICAL_SURFACE ( 'NONE', #1521, 3.499999999999999556 ) ;
#2013 = ORIENTED_EDGE ( 'NONE', *, *, #2267, .F. ) ;
#2014 = CIRCLE ( 'NONE', #861, 1.600000000000000755 ) ;
#2015 = CARTESIAN_POINT ( 'NONE',  ( -12.49999999999999822, 0.000000000000000000, 4.000000000000000000 ) ) ;
#2016 = CARTESIAN_POINT ( 'NONE',  ( 0.000000000000000000, -9.000000000000000000, 4.000000000000000000 ) ) ;
#2017 = LINE ( 'NONE', #173, #871 ) ;
#2018 = DIRECTION ( 'NONE',  ( 0.000000000000000000, 0.000000000000000000, 1.000000000000000000 ) ) ;
#2019 = EDGE_CURVE ( 'NONE', #2440, #1311, #270, .T. ) ;
#2020 = CARTESIAN_POINT ( 'NONE',  ( 0.000000000000000000, 7.000000000000000000, 0.000000000000000000 ) ) ;
#2021 = ORIENTED_EDGE ( 'NONE', *, *, #101, .T. ) ;
#2022 = ORIENTED_EDGE ( 'NONE', *, *, #1304, .T. ) ;
#2023 = CIRCLE ( 'NONE', #1210, 3.500000000000000000 ) ;
#2024 = EDGE_CURVE ( 'NONE', #1591, #1091, #1501, .T. ) ;
#2025 = EDGE_LOOP ( 'NONE', ( #2442, #488, #2324, #2555 ) ) ;
#2026 = AXIS2_PLACEMENT_3D ( 'NONE', #16, #1388, #1610 ) ;
#2027 = CARTESIAN_POINT ( 'NONE',  ( 0.000000000000000000, 7.000000000000000000, 8.000000000000000000 ) ) ;
#2028 = CARTESIAN_POINT ( 'NONE',  ( 6.125000000000000888, -3.388860427931490449, 6.000000000000000000 ) ) ;
#2029 = ORIENTED_EDGE ( 'NONE', *, *, #269, .F. ) ;
#2030 = DIRECTION ( 'NONE',  ( 0.000000000000000000, 0.000000000000000000, 1.000000000000000000 ) ) ;
#2031 = CARTESIAN_POINT ( 'NONE',  ( 0.000000000000000000, -9.000000000000000000, 0.000000000000000000 ) ) ;
#2032 = CARTESIAN_POINT ( 'NONE',  ( 90.00000000000001421, -4.999999999999999112, 4.000000000000000000 ) ) ;
#2033 = DIRECTION ( 'NONE',  ( 0.000000000000000000, 0.000000000000000000, -1.000000000000000000 ) ) ;
#2034 = APPROVAL ( #1421, 'UNSPECIFIED' ) ;
#2035 = CARTESIAN_POINT ( 'NONE',  ( -16.00000000000000000, 0.000000000000000000, 4.000000000000000000 ) ) ;
#2037 = ORIENTED_EDGE ( 'NONE', *, *, #1740, .F. ) ;
#2036 = DIRECTION ( 'NONE',  ( -0.000000000000000000, -0.000000000000000000, -1.000000000000000000 ) ) ;
#2038 = EDGE_CURVE ( 'NONE', #1919, #834, #1508, .T. ) ;
#2039 = ORIENTED_EDGE ( 'NONE', *, *, #1836, .F. ) ;
#2040 = CIRCLE ( 'NONE', #662, 1.700000000000000178 ) ;
#2041 = ORIENTED_EDGE ( 'NONE', *, *, #591, .T. ) ;
#2042 = FACE_OUTER_BOUND ( 'NONE', #1627, .T. ) ;
#2043 = ORIENTED_EDGE ( 'NONE', *, *, #1394, .F. ) ;
#2044 = AXIS2_PLACEMENT_3D ( 'NONE', #833, #1267, #52 ) ;
#2045 = CARTESIAN_POINT ( 'NONE',  ( 3.500000000000000000, -9.000000000000000000, 8.000000000000000000 ) ) ;
#2046 = AXIS2_PLACEMENT_3D ( 'NONE', #2596, #1571, #2192 ) ;
#2047 = CARTESIAN_POINT ( 'NONE',  ( 35.00000000000000000, -9.000000000000000000, 4.000000000000003553 ) ) ;
#2048 = DIRECTION ( 'NONE',  ( 0.000000000000000000, 0.000000000000000000, -1.000000000000000000 ) ) ;
#2050 = ORIENTED_EDGE ( 'NONE', *, *, #1522, .T. ) ;
#2049 = DIRECTION ( 'NONE',  ( -1.000000000000000000, 0.000000000000000000, 0.000000000000000000 ) ) ;
#2051 = AXIS2_PLACEMENT_3D ( 'NONE', #1197, #1636, #145 ) ;
#2052 = EDGE_LOOP ( 'NONE', ( #265, #2007, #2470, #1945 ) ) ;
#2053 = CARTESIAN_POINT ( 'NONE',  ( -3.388860427931490449, 6.125000000000000888, 6.000000000000000000 ) ) ;
#2054 = VECTOR ( 'NONE', #1596, 1000.000000000000000 ) ;
#2055 = ADVANCED_FACE ( 'NONE', ( #30 ), #1104, .T. ) ;
#2056 = CARTESIAN_POINT ( 'NONE',  ( 0.000000000000000000, -7.000000000000000000, 0.000000000000000000 ) ) ;
#2057 = EDGE_LOOP ( 'NONE', ( #693, #2477, #2479, #1916 ) ) ;
#2058 = CARTESIAN_POINT ( 'NONE',  ( 49.15099999999999625, 0.000000000000000000, 4.000000000000000000 ) ) ;
#2059 = DIRECTION ( 'NONE',  ( -1.000000000000000000, 0.000000000000000000, 0.000000000000000000 ) ) ;
#2060 = DIRECTION ( 'NONE',  ( 1.000000000000000000, 0.000000000000000000, 0.000000000000000000 ) ) ;
#2061 = ADVANCED_FACE ( 'NONE', ( #1471 ), #447, .T. ) ;
#2062 = DIRECTION ( 'NONE',  ( 0.000000000000000000, -1.000000000000000000, 0.000000000000000000 ) ) ;
#2063 = DIRECTION ( 'NONE',  ( -1.000000000000000000, 0.000000000000000000, 0.000000000000000000 ) ) ;
#2065 = EDGE_LOOP ( 'NONE', ( #205, #1914 ) ) ;
#2064 = DATE_AND_TIME ( #633, #325 ) ;
#2066 = ORIENTED_EDGE ( 'NONE', *, *, #538, .T. ) ;
#2067 = DIRECTION ( 'NONE',  ( -0.000000000000000000, -0.000000000000000000, 1.000000000000000000 ) ) ;
#2068 = CC_DESIGN_APPROVAL ( #1669, ( #1234 ) ) ;
#2069 = DIRECTION ( 'NONE',  ( 1.000000000000000000, 0.000000000000000000, 0.000000000000000000 ) ) ;
#2070 = VERTEX_POINT ( 'NONE', #55 ) ;
#2071 = AXIS2_PLACEMENT_3D ( 'NONE', #2395, #100, #926 ) ;
#2072 = DIRECTION ( 'NONE',  ( 1.000000000000000000, 0.000000000000000000, 0.000000000000000000 ) ) ;
#2073 = CARTESIAN_POINT ( 'NONE',  ( 7.000000000000000000, 0.000000000000000000, 8.000000000000000000 ) ) ;
#2074 = ADVANCED_FACE ( 'NONE', ( #2348 ), #2338, .F. ) ;
#2075 = FACE_OUTER_BOUND ( 'NONE', #320, .T. ) ;
#2076 = DIRECTION ( 'NONE',  ( 0.000000000000000000, 0.000000000000000000, -1.000000000000000000 ) ) ;
#2077 = EDGE_CURVE ( 'NONE', #1136, #784, #1587, .T. ) ;
#2078 = CARTESIAN_POINT ( 'NONE',  ( 3.500000000000000000, 9.000000000000000000, 4.000000000000000000 ) ) ;
#2079 = EDGE_CURVE ( 'NONE', #581, #2185, #175, .T. ) ;
#2080 = DIRECTION ( 'NONE',  ( -1.000000000000000000, 0.000000000000000000, 0.000000000000000000 ) ) ;
#2081 = DIRECTION ( 'NONE',  ( -0.000000000000000000, -0.000000000000000000, -1.000000000000000000 ) ) ;
#2082 = ORIENTED_EDGE ( 'NONE', *, *, #1824, .F. ) ;
#2083 = CIRCLE ( 'NONE', #617, 1.699999999999999956 ) ;
#2084 = CYLINDRICAL_SURFACE ( 'NONE', #368, 1.699999999999993072 ) ;
#2085 = ORIENTED_EDGE ( 'NONE', *, *, #1004, .F. ) ;
#2086 = CARTESIAN_POINT ( 'NONE',  ( 30.00000000000000711, 9.000000000000000000, 4.000000000000000000 ) ) ;
#2087 = DIRECTION ( 'NONE',  ( -0.000000000000000000, 0.000000000000000000, 1.000000000000000000 ) ) ;
#2088 = DIRECTION ( 'NONE',  ( -0.000000000000000000, -0.000000000000000000, -1.000000000000000000 ) ) ;
#2089 = AXIS2_PLACEMENT_3D ( 'NONE', #467, #442, #2269 ) ;
#2090 = ORIENTED_EDGE ( 'NONE', *, *, #1176, .F. ) ;
#2091 = CARTESIAN_POINT ( 'NONE',  ( 45.85000000000000142, -5.000000000000000000, 4.000000000000000000 ) ) ;
#2092 = DIRECTION ( 'NONE',  ( 0.000000000000000000, 0.000000000000000000, 1.000000000000000000 ) ) ;
#2093 = VERTEX_POINT ( 'NONE', #717 ) ;
#2094 = ORIENTED_EDGE ( 'NONE', *, *, #2305, .T. ) ;
#2095 = EDGE_CURVE ( 'NONE', #1467, #653, #2172, .T. ) ;
#2096 = DIRECTION ( 'NONE',  ( -0.000000000000000000, -0.000000000000000000, -1.000000000000000000 ) ) ;
#2097 = ORIENTED_EDGE ( 'NONE', *, *, #2531, .T. ) ;
#2098 = AXIS2_PLACEMENT_3D ( 'NONE', #2238, #1420, #824 ) ;
#2099 = DIRECTION ( 'NONE',  ( 0.000000000000000000, 0.000000000000000000, 1.000000000000000000 ) ) ;
#2100 = DIRECTION ( 'NONE',  ( -0.000000000000000000, -0.000000000000000000, -1.000000000000000000 ) ) ;
#2101 = ORIENTED_EDGE ( 'NONE', *, *, #769, .T. ) ;
#2102 = DIRECTION ( 'NONE',  ( 0.000000000000000000, -0.000000000000000000, -1.000000000000000000 ) ) ;
#2103 = COORDINATED_UNIVERSAL_TIME_OFFSET ( 6, 0, .BEHIND. ) ;
#2104 = ORIENTED_EDGE ( 'NONE', *, *, #1109, .F. ) ;
#2105 = ADVANCED_FACE ( 'NONE', ( #493 ), #1949, .F. ) ;
#2106 = EDGE_CURVE ( 'NONE', #2431, #1934, #2366, .T. ) ;
#2107 = AXIS2_PLACEMENT_3D ( 'NONE', #2369, #75, #1722 ) ;
#2108 = DIRECTION ( 'NONE',  ( -1.000000000000000000, 0.000000000000000000, 0.000000000000000000 ) ) ;
#2109 = ORIENTED_EDGE ( 'NONE', *, *, #385, .F. ) ;
#2110 = AXIS2_PLACEMENT_3D ( 'NONE', #82, #1299, #378 ) ;
#2111 = CARTESIAN_POINT ( 'NONE',  ( 0.000000000000000000, -7.000000000000000000, 4.000000000000000000 ) ) ;
#2112 = FACE_BOUND ( 'NONE', #1207, .T. ) ;
#2113 = ORIENTED_EDGE ( 'NONE', *, *, #927, .F. ) ;
#2114 = AXIS2_PLACEMENT_3D ( 'NONE', #563, #201, #159 ) ;
#2115 = ORIENTED_EDGE ( 'NONE', *, *, #38, .T. ) ;
#2116 = CIRCLE ( 'NONE', #1213, 3.499999999999999556 ) ;
#2117 = DIRECTION ( 'NONE',  ( -0.000000000000000000, -0.000000000000000000, 1.000000000000000000 ) ) ;
#2118 = DIRECTION ( 'NONE',  ( -0.000000000000000000, -0.000000000000000000, 1.000000000000000000 ) ) ;
#2119 = APPROVAL_STATUS ( 'not_yet_approved' ) ;
#2120 = VERTEX_POINT ( 'NONE', #91 ) ;
#2121 = ORIENTED_EDGE ( 'NONE', *, *, #2157, .F. ) ;
#2122 = DIRECTION ( 'NONE',  ( -1.000000000000000000, 0.000000000000000000, -0.000000000000000000 ) ) ;
#2123 = VERTEX_POINT ( 'NONE', #518 ) ;
#2124 = ORIENTED_EDGE ( 'NONE', *, *, #290, .T. ) ;
#2125 = EDGE_CURVE ( 'NONE', #1513, #2646, #1678, .T. ) ;
#2126 = CARTESIAN_POINT ( 'NONE',  ( 3.500000000000000000, 9.000000000000000000, 8.000000000000000000 ) ) ;
#2127 = PERSON_AND_ORGANIZATION ( #1918, #1564 ) ;
#2128 = CARTESIAN_POINT ( 'NONE',  ( -16.00000000000000000, 0.000000000000000000, 4.000000000000000000 ) ) ;
#2129 = CIRCLE ( 'NONE', #1561, 1.599999999999997202 ) ;
#2130 = DIRECTION ( 'NONE',  ( 0.000000000000000000, 0.000000000000000000, 1.000000000000000000 ) ) ;
#2131 = VERTEX_POINT ( 'NONE', #505 ) ;
#2132 = AXIS2_PLACEMENT_3D ( 'NONE', #1229, #654, #2666 ) ;
#2133 = EDGE_LOOP ( 'NONE', ( #969, #1750, #1715, #1728, #1161, #757, #225, #2629, #933, #1605, #2227, #812, #903, #1125, #440, #1107, #1393, #2313, #1898 ) ) ;
#2134 = EDGE_CURVE ( 'NONE', #1698, #198, #1126, .T. ) ;
#2135 = CARTESIAN_POINT ( 'NONE',  ( 0.000000000000000000, 7.000000000000000000, 0.000000000000000000 ) ) ;
#2136 = ORIENTED_EDGE ( 'NONE', *, *, #83, .F. ) ;
#2137 = EDGE_LOOP ( 'NONE', ( #308, #2013, #301, #882 ) ) ;
#2138 = DIRECTION ( 'NONE',  ( 0.000000000000000000, 0.000000000000000000, 1.000000000000000000 ) ) ;
#2139 = VECTOR ( 'NONE', #437, 1000.000000000000000 ) ;
#2140 = DIRECTION ( 'NONE',  ( -0.000000000000000000, -0.000000000000000000, -1.000000000000000000 ) ) ;
#2141 = EDGE_CURVE ( 'NONE', #239, #1221, #2023, .T. ) ;
#2142 = ORIENTED_EDGE ( 'NONE', *, *, #1304, .F. ) ;
#2143 = DIRECTION ( 'NONE',  ( 1.000000000000000000, 0.000000000000000000, 0.000000000000000000 ) ) ;
#2144 = ORIENTED_EDGE ( 'NONE', *, *, #1878, .F. ) ;
#2145 = AXIS2_PLACEMENT_3D ( 'NONE', #934, #695, #1530 ) ;
#2146 = ORIENTED_EDGE ( 'NONE', *, *, #2446, .F. ) ;
#2147 = FACE_OUTER_BOUND ( 'NONE', #1315, .T. ) ;
#2148 = ORIENTED_EDGE ( 'NONE', *, *, #1881, .F. ) ;
#2149 = VECTOR ( 'NONE', #606, 1000.000000000000000 ) ;
#2150 = VERTEX_POINT ( 'NONE', #955 ) ;
#2151 = EDGE_CURVE ( 'NONE', #1974, #2197, #50, .T. ) ;
#2152 = DIRECTION ( 'NONE',  ( 0.000000000000000000, 0.000000000000000000, 1.000000000000000000 ) ) ;
#2153 = CARTESIAN_POINT ( 'NONE',  ( 27.00000000000000000, 3.000000000000000000, 4.000000000000003553 ) ) ;
#2154 = ADVANCED_FACE ( 'NONE', ( #2147 ), #1727, .T. ) ;
#2155 = ORIENTED_EDGE ( 'NONE', *, *, #2024, .F. ) ;
#2156 = DIRECTION ( 'NONE',  ( -1.000000000000000000, 0.000000000000000000, 0.000000000000000000 ) ) ;
#2157 = EDGE_CURVE ( 'NONE', #1281, #1808, #1342, .T. ) ;
#2158 = DIRECTION ( 'NONE',  ( -1.000000000000000000, 0.000000000000000000, 0.000000000000000000 ) ) ;
#2159 = CARTESIAN_POINT ( 'NONE',  ( 42.00000000000000000, -7.000000000000000000, 4.000000000000000000 ) ) ;
#2160 = VERTEX_POINT ( 'NONE', #333 ) ;
#2161 = FACE_OUTER_BOUND ( 'NONE', #1504, .T. ) ;
#2162 = VERTEX_POINT ( 'NONE', #1514 ) ;
#2163 = ORIENTED_EDGE ( 'NONE', *, *, #2183, .F. ) ;
#2164 = CARTESIAN_POINT ( 'NONE',  ( 27.00000000000000000, -3.000000000000000000, 4.000000000000003553 ) ) ;
#2165 = DIRECTION ( 'NONE',  ( -1.000000000000000000, 0.000000000000000000, 0.000000000000000000 ) ) ;
#2166 = CARTESIAN_POINT ( 'NONE',  ( 47.55000000000000426, -5.000000000000000000, 4.000000000000000000 ) ) ;
#2167 = DIRECTION ( 'NONE',  ( -0.000000000000000000, -0.000000000000000000, -1.000000000000000000 ) ) ;
#2168 = CARTESIAN_POINT ( 'NONE',  ( 0.000000000000000000, 9.000000000000000000, 8.000000000000000000 ) ) ;
#2169 = CC_DESIGN_APPROVAL ( #2034, ( #1892 ) ) ;
#2170 = ADVANCED_FACE ( 'NONE', ( #2161 ), #1115, .F. ) ;
#2171 = ORIENTED_EDGE ( 'NONE', *, *, #125, .T. ) ;
#2172 = LINE ( 'NONE', #2135, #1474 ) ;
#2173 = EDGE_LOOP ( 'NONE', ( #1097, #1483, #1643, #1987 ) ) ;
#2174 = VECTOR ( 'NONE', #1480, 1000.000000000000000 ) ;
#2175 = LINE ( 'NONE', #2201, #1160 ) ;
#2176 = CARTESIAN_POINT ( 'NONE',  ( 39.58257569495583539, 7.000000000000000000, 4.000000000000000000 ) ) ;
#2177 = DIRECTION ( 'NONE',  ( 0.000000000000000000, -1.000000000000000000, 0.000000000000000000 ) ) ;
#2178 = CARTESIAN_POINT ( 'NONE',  ( 28.60000000000000142, 3.000000000000000000, 0.000000000000000000 ) ) ;
#2179 = AXIS2_PLACEMENT_3D ( 'NONE', #1033, #203, #2464 ) ;
#2180 = FACE_OUTER_BOUND ( 'NONE', #1845, .T. ) ;
#2181 = DIRECTION ( 'NONE',  ( -1.000000000000000000, 0.000000000000000000, 0.000000000000000000 ) ) ;
#2182 = ORIENTED_EDGE ( 'NONE', *, *, #1235, .T. ) ;
#2183 = EDGE_CURVE ( 'NONE', #888, #1541, #823, .T. ) ;
#2184 = CARTESIAN_POINT ( 'NONE',  ( 0.000000000000000000, 0.000000000000000000, 0.000000000000000000 ) ) ;
#2185 = VERTEX_POINT ( 'NONE', #745 ) ;
#2186 = CARTESIAN_POINT ( 'NONE',  ( -4.000000000000000000, 0.000000000000000000, 4.000000000000003553 ) ) ;
#2187 = DIRECTION ( 'NONE',  ( -1.000000000000000000, 0.000000000000000000, 0.000000000000000000 ) ) ;
#2188 = DIRECTION ( 'NONE',  ( 1.000000000000000000, 0.000000000000000000, 0.000000000000000000 ) ) ;
#2189 = CIRCLE ( 'NONE', #1801, 1.600000000000000755 ) ;
#2190 = CLOSED_SHELL ( 'NONE', ( #315, #1, #2314, #1453, #2667, #1499, #570, #703, #2335, #1529, #2447, #283, #1785, #1843, #1856, #1337, #2514, #1639, #722, #1301, #1782, #1330, #1472, #754, #2055, #2547, #213, #1042, #716, #327, #2396, #2061, #1895, #1946, #511, #1254, #555, #2337, #2154, #1067, #1723, #466, #684, #342, #2001, #2463, #1049, #2665, #1135, #2074, #2415, #878, #2614, #410, #2105, #845, #350, #2496, #1403, #2370, #2581, #1718, #1600, #605, #2361, #865, #2350, #2630, #1879, #2271, #1424, #2170, #940, #1418, #1279 ) ) ;
#2191 = CARTESIAN_POINT ( 'NONE',  ( 27.00000000000000000, -3.000000000000000000, 4.000000000000003553 ) ) ;
#2192 = DIRECTION ( 'NONE',  ( 0.000000000000000000, -0.000000000000000000, 1.000000000000000000 ) ) ;
#2193 = CIRCLE ( 'NONE', #2071, 1.699999999999999956 ) ;
#2194 = VECTOR ( 'NONE', #1445, 1000.000000000000000 ) ;
#2195 = LINE ( 'NONE', #1174, #2535 ) ;
#2196 = VECTOR ( 'NONE', #935, 1000.000000000000000 ) ;
#2197 = VERTEX_POINT ( 'NONE', #1138 ) ;
#2198 = EDGE_CURVE ( 'NONE', #1939, #152, #1937, .T. ) ;
#2199 = CARTESIAN_POINT ( 'NONE',  ( 9.000000000000000000, 0.000000000000000000, 8.000000000000000000 ) ) ;
#2200 = ORIENTED_EDGE ( 'NONE', *, *, #1956, .F. ) ;
#2201 = CARTESIAN_POINT ( 'NONE',  ( -10.69999999999999929, 0.000000000000000000, 8.000000000000000000 ) ) ;
#2202 = FACE_OUTER_BOUND ( 'NONE', #1617, .T. ) ;
#2203 = DIRECTION ( 'NONE',  ( 0.000000000000000000, 0.000000000000000000, -1.000000000000000000 ) ) ;
#2204 = EDGE_CURVE ( 'NONE', #583, #2162, #263, .T. ) ;
#2205 = CARTESIAN_POINT ( 'NONE',  ( 42.00000000000000000, 15.00000000000000000, 0.000000000000000000 ) ) ;
#2206 = CIRCLE ( 'NONE', #772, 3.500000000000000000 ) ;
#2208 = EDGE_LOOP ( 'NONE', ( #991, #2037, #1799, #831 ) ) ;
#2207 = CARTESIAN_POINT ( 'NONE',  ( -3.354101966249685152, 8.000000000000000000, 8.000000000000000000 ) ) ;
#2209 = ORIENTED_EDGE ( 'NONE', *, *, #1318, .F. ) ;
#2210 = ORIENTED_EDGE ( 'NONE', *, *, #1237, .F. ) ;
#2211 = AXIS2_PLACEMENT_3D ( 'NONE', #963, #111, #2571 ) ;
#2212 = DIRECTION ( 'NONE',  ( 0.000000000000000000, 0.000000000000000000, 1.000000000000000000 ) ) ;
#2213 = VERTEX_POINT ( 'NONE', #1620 ) ;
#2214 = EDGE_CURVE ( 'NONE', #4, #653, #1412, .T. ) ;
#2215 = DIRECTION ( 'NONE',  ( -0.000000000000000000, -0.000000000000000000, 1.000000000000000000 ) ) ;
#2216 = CARTESIAN_POINT ( 'NONE',  ( 14.38749456993815734, 7.000000000000000000, 0.000000000000000000 ) ) ;
#2217 = CIRCLE ( 'NONE', #850, 4.000000000000000000 ) ;
#2218 = CARTESIAN_POINT ( 'NONE',  ( 0.000000000000000000, 9.000000000000000000, 8.000000000000000000 ) ) ;
#2219 = AXIS2_PLACEMENT_3D ( 'NONE', #1839, #777, #2606 ) ;
#2220 = DIRECTION ( 'NONE',  ( 0.000000000000000000, 0.000000000000000000, 1.000000000000000000 ) ) ;
#2221 = EDGE_CURVE ( 'NONE', #635, #2445, #972, .T. ) ;
#2222 = DIRECTION ( 'NONE',  ( 1.000000000000000000, 0.000000000000000000, 0.000000000000000000 ) ) ;
#2224 = ORIENTED_EDGE ( 'NONE', *, *, #2360, .T. ) ;
#2223 = CARTESIAN_POINT ( 'NONE',  ( 6.124999999999999112, -3.388860427931489561, 8.000000000000000000 ) ) ;
#2225 = ORIENTED_EDGE ( 'NONE', *, *, #751, .T. ) ;
#2226 = CIRCLE ( 'NONE', #2482, 4.999999999999997335 ) ;
#2227 = ORIENTED_EDGE ( 'NONE', *, *, #1915, .F. ) ;
#2228 = DIRECTION ( 'NONE',  ( 0.000000000000000000, 0.000000000000000000, 1.000000000000000000 ) ) ;
#2229 = LINE ( 'NONE', #1179, #323 ) ;
#2230 = ORIENTED_EDGE ( 'NONE', *, *, #2544, .F. ) ;
#2231 = CARTESIAN_POINT ( 'NONE',  ( 0.000000000000000000, 0.000000000000000000, 4.000000000000000000 ) ) ;
#2232 = LINE ( 'NONE', #1212, #462 ) ;
#2233 = EDGE_CURVE ( 'NONE', #888, #1127, #155, .T. ) ;
#2234 = FACE_OUTER_BOUND ( 'NONE', #1863, .T. ) ;
#2235 = EDGE_CURVE ( 'NONE', #798, #581, #1998, .T. ) ;
#2236 = CARTESIAN_POINT ( 'NONE',  ( -3.500000000000000000, -9.000000000000000000, 8.000000000000000000 ) ) ;
#2237 = AXIS2_PLACEMENT_3D ( 'NONE', #174, #1171, #794 ) ;
#2238 = CARTESIAN_POINT ( 'NONE',  ( 27.00000000000000000, 3.000000000000000000, 0.000000000000000000 ) ) ;
#2240 = VERTEX_POINT ( 'NONE', #169 ) ;
#2239 =( NAMED_UNIT ( * ) SI_UNIT ( $, .STERADIAN. ) SOLID_ANGLE_UNIT ( ) );
#2241 = VERTEX_POINT ( 'NONE', #1240 ) ;
#2242 = ORIENTED_EDGE ( 'NONE', *, *, #1438, .F. ) ;
#2243 = VECTOR ( 'NONE', #1045, 1000.000000000000000 ) ;
#2244 = FACE_OUTER_BOUND ( 'NONE', #527, .T. ) ;
#2245 = ORIENTED_EDGE ( 'NONE', *, *, #266, .T. ) ;
#2246 = CARTESIAN_POINT ( 'NONE',  ( 10.69999999999999929, 2.081899558550500033E-16, 8.000000000000000000 ) ) ;
#2247 = CARTESIAN_POINT ( 'NONE',  ( 35.00000000000000000, -9.000000000000000000, 0.000000000000000000 ) ) ;
#2248 = LINE ( 'NONE', #1247, #600 ) ;
#2249 = DIRECTION ( 'NONE',  ( 0.000000000000000000, 0.000000000000000000, 1.000000000000000000 ) ) ;
#2251 = EDGE_LOOP ( 'NONE', ( #648, #857, #1409, #490, #2245, #22, #1488, #81, #2041, #901, #1227, #1777, #1615, #1129, #2097, #1963, #760, #1425, #2339 ) ) ;
#2250 = FACE_OUTER_BOUND ( 'NONE', #800, .T. ) ;
#2252 = EDGE_CURVE ( 'NONE', #1565, #2333, #1193, .T. ) ;
#2253 = VECTOR ( 'NONE', #1003, 1000.000000000000000 ) ;
#2254 = ORIENTED_EDGE ( 'NONE', *, *, #311, .T. ) ;
#2255 = LINE ( 'NONE', #2053, #1228 ) ;
#2256 = EDGE_CURVE ( 'NONE', #2162, #583, #455, .T. ) ;
#2257 = CARTESIAN_POINT ( 'NONE',  ( 14.38749456993815734, 7.000000000000000000, 4.000000000000000000 ) ) ;
#2258 = EDGE_LOOP ( 'NONE', ( #1832, #1713, #732, #1223 ) ) ;
#2259 = VECTOR ( 'NONE', #1837, 1000.000000000000000 ) ;
#2260 = DIRECTION ( 'NONE',  ( 1.000000000000000000, 0.000000000000000000, 0.000000000000000000 ) ) ;
#2261 = DIRECTION ( 'NONE',  ( -1.000000000000000000, 0.000000000000000000, 0.000000000000000000 ) ) ;
#2262 = LINE ( 'NONE', #418, #1381 ) ;
#2263 = DIRECTION ( 'NONE',  ( -0.000000000000000000, -0.000000000000000000, 1.000000000000000000 ) ) ;
#2264 = ORIENTED_EDGE ( 'NONE', *, *, #1692, .F. ) ;
#2265 = CARTESIAN_POINT ( 'NONE',  ( 35.00000000000000000, 9.000000000000000000, 0.000000000000000000 ) ) ;
#2266 = VERTEX_POINT ( 'NONE', #2430 ) ;
#2267 = EDGE_CURVE ( 'NONE', #2635, #1136, #389, .T. ) ;
#2268 = CARTESIAN_POINT ( 'NONE',  ( 45.85000000000000142, 5.000000000000000000, 0.000000000000000000 ) ) ;
#2269 = DIRECTION ( 'NONE',  ( 1.000000000000000000, 0.000000000000000000, 0.000000000000000000 ) ) ;
#2270 = VERTEX_POINT ( 'NONE', #2444 ) ;
#2271 = ADVANCED_FACE ( 'NONE', ( #2042 ), #2012, .T. ) ;
#2272 = CARTESIAN_POINT ( 'NONE',  ( 47.55000000000000426, -5.000000000000000000, 8.000000000000000000 ) ) ;
#2273 = DIRECTION ( 'NONE',  ( -0.000000000000000000, -0.000000000000000000, -1.000000000000000000 ) ) ;
#2274 = LINE ( 'NONE', #433, #649 ) ;
#2275 = AXIS2_PLACEMENT_3D ( 'NONE', #2592, #547, #1142 ) ;
#2276 = DIRECTION ( 'NONE',  ( -1.000000000000000000, 0.000000000000000000, 0.000000000000000000 ) ) ;
#2277 = DIRECTION ( 'NONE',  ( -0.000000000000000000, -0.000000000000000000, -1.000000000000000000 ) ) ;
#2278 = CARTESIAN_POINT ( 'NONE',  ( -9.000000000000000000, 0.000000000000000000, 8.000000000000000000 ) ) ;
#2279 = ORIENTED_EDGE ( 'NONE', *, *, #591, .F. ) ;
#2280 = VECTOR ( 'NONE', #1640, 1000.000000000000000 ) ;
#2281 = CARTESIAN_POINT ( 'NONE',  ( 90.84900000000000375, 10.50000000000000000, 4.000000000000000000 ) ) ;
#2282 = EDGE_CURVE ( 'NONE', #1866, #1467, #1958, .T. ) ;
#2283 = CYLINDRICAL_SURFACE ( 'NONE', #195, 3.500000000000000000 ) ;
#2284 = ORIENTED_EDGE ( 'NONE', *, *, #2347, .T. ) ;
#2285 = AXIS2_PLACEMENT_3D ( 'NONE', #1551, #293, #1369 ) ;
#2286 = CARTESIAN_POINT ( 'NONE',  ( 8.000000000000001776, -3.354101966249684263, 8.000000000000000000 ) ) ;
#2287 = EDGE_CURVE ( 'NONE', #56, #1413, #2229, .T. ) ;
#2288 = DIRECTION ( 'NONE',  ( 0.000000000000000000, -0.000000000000000000, 1.000000000000000000 ) ) ;
#2289 = DIRECTION ( 'NONE',  ( 0.000000000000000000, 0.000000000000000000, 1.000000000000000000 ) ) ;
#2290 = EDGE_LOOP ( 'NONE', ( #2615, #1442, #2507, #468 ) ) ;
#2291 = CARTESIAN_POINT ( 'NONE',  ( 51.79795897113270797, 15.00000000000000000, 0.000000000000000000 ) ) ;
#2292 = EDGE_CURVE ( 'NONE', #2336, #2603, #787, .T. ) ;
#2293 = ORIENTED_EDGE ( 'NONE', *, *, #13, .F. ) ;
#2294 = ORIENTED_EDGE ( 'NONE', *, *, #2480, .F. ) ;
#2295 = AXIS2_PLACEMENT_3D ( 'NONE', #1562, #597, #2411 ) ;
#2296 = CARTESIAN_POINT ( 'NONE',  ( 27.00000000000000000, 3.000000000000000000, 4.000000000000003553 ) ) ;
#2297 = ORIENTED_EDGE ( 'NONE', *, *, #2252, .T. ) ;
#2298 = LINE ( 'NONE', #430, #1525 ) ;
#2299 = DIRECTION ( 'NONE',  ( -1.000000000000000000, 0.000000000000000000, 0.000000000000000000 ) ) ;
#2300 = CARTESIAN_POINT ( 'NONE',  ( 3.354101966249685152, -8.000000000000000000, 6.000000000000000000 ) ) ;
#2301 = AXIS2_PLACEMENT_3D ( 'NONE', #2510, #251, #238 ) ;
#2302 = EDGE_LOOP ( 'NONE', ( #492, #1821 ) ) ;
#2303 = AXIS2_PLACEMENT_3D ( 'NONE', #328, #149, #1146 ) ;
#2304 = DIRECTION ( 'NONE',  ( -1.000000000000000000, 0.000000000000000000, 0.000000000000000000 ) ) ;
#2305 = EDGE_CURVE ( 'NONE', #2197, #2131, #2602, .T. ) ;
#2306 = CIRCLE ( 'NONE', #2561, 10.00000000000000178 ) ;
#2307 = ORIENTED_EDGE ( 'NONE', *, *, #2233, .T. ) ;
#2308 = DIRECTION ( 'NONE',  ( 1.000000000000000000, 0.000000000000000000, 0.000000000000000000 ) ) ;
#2309 = EDGE_LOOP ( 'NONE', ( #572, #1190, #284, #1173 ) ) ;
#2310 = CIRCLE ( 'NONE', #1148, 3.500000000000000444 ) ;
#2311 = CARTESIAN_POINT ( 'NONE',  ( 35.00000000000000000, -9.000000000000000000, 4.000000000000000000 ) ) ;
#2312 = CARTESIAN_POINT ( 'NONE',  ( 95.85000000000000853, -5.000000000000000000, 8.000000000000000000 ) ) ;
#2313 = ORIENTED_EDGE ( 'NONE', *, *, #2360, .F. ) ;
#2314 = ADVANCED_FACE ( 'NONE', ( #1604 ), #2663, .F. ) ;
#2315 = EDGE_LOOP ( 'NONE', ( #464, #2113 ) ) ;
#2316 = CARTESIAN_POINT ( 'NONE',  ( 51.79795897113271508, 4.999999999999999112, 4.000000000000000000 ) ) ;
#2317 = COORDINATED_UNIVERSAL_TIME_OFFSET ( 6, 0, .BEHIND. ) ;
#2318 = EDGE_CURVE ( 'NONE', #2646, #1478, #1208, .T. ) ;
#2319 = ORIENTED_EDGE ( 'NONE', *, *, #2204, .T. ) ;
#2320 = DIRECTION ( 'NONE',  ( 0.000000000000000000, 0.000000000000000000, -1.000000000000000000 ) ) ;
#2321 = EDGE_CURVE ( 'NONE', #681, #422, #1397, .T. ) ;
#2322 = ORIENTED_EDGE ( 'NONE', *, *, #2214, .T. ) ;
#2323 = CIRCLE ( 'NONE', #216, 1.699999999999993072 ) ;
#2324 = ORIENTED_EDGE ( 'NONE', *, *, #734, .F. ) ;
#2325 = VECTOR ( 'NONE', #2591, 1000.000000000000000 ) ;
#2326 = CIRCLE ( 'NONE', #1633, 3.500000000000000444 ) ;
#2327 = DIRECTION ( 'NONE',  ( -1.000000000000000000, 0.000000000000000000, 0.000000000000000000 ) ) ;
#2328 = ORIENTED_EDGE ( 'NONE', *, *, #1032, .T. ) ;
#2329 = AXIS2_PLACEMENT_3D ( 'NONE', #2218, #1198, #1416 ) ;
#2330 = VERTEX_POINT ( 'NONE', #1631 ) ;
#2331 = VECTOR ( 'NONE', #2569, 1000.000000000000000 ) ;
#2332 = CARTESIAN_POINT ( 'NONE',  ( 45.85000000000000142, 5.000000000000000000, 8.000000000000000000 ) ) ;
#2333 = VERTEX_POINT ( 'NONE', #1590 ) ;
#2334 = ORIENTED_EDGE ( 'NONE', *, *, #961, .T. ) ;
#2335 = ADVANCED_FACE ( 'NONE', ( #1010 ), #571, .T. ) ;
#2336 = VERTEX_POINT ( 'NONE', #803 ) ;
#2337 = ADVANCED_FACE ( 'NONE', ( #2244 ), #1884, .T. ) ;
#2338 = CYLINDRICAL_SURFACE ( 'NONE', #1944, 1.599999999999997202 ) ;
#2339 = ORIENTED_EDGE ( 'NONE', *, *, #1878, .T. ) ;
#2340 = VERTEX_POINT ( 'NONE', #1338 ) ;
#2341 = DIRECTION ( 'NONE',  ( 0.000000000000000000, 0.000000000000000000, 1.000000000000000000 ) ) ;
#2342 = FACE_OUTER_BOUND ( 'NONE', #2057, .T. ) ;
#2343 = AXIS2_PLACEMENT_3D ( 'NONE', #63, #1897, #1660 ) ;
#2344 = VERTEX_POINT ( 'NONE', #1869 ) ;
#2345 = CIRCLE ( 'NONE', #373, 3.500000000000000000 ) ;
#2346 = ORIENTED_EDGE ( 'NONE', *, *, #1322, .F. ) ;
#2347 = EDGE_CURVE ( 'NONE', #681, #294, #848, .T. ) ;
#2348 = FACE_OUTER_BOUND ( 'NONE', #332, .T. ) ;
#2349 = ORIENTED_EDGE ( 'NONE', *, *, #18, .F. ) ;
#2350 = ADVANCED_FACE ( 'NONE', ( #1909 ), #862, .F. ) ;
#2351 = ORIENTED_EDGE ( 'NONE', *, *, #1103, .F. ) ;
#2352 = CARTESIAN_POINT ( 'NONE',  ( 0.000000000000000000, 0.000000000000000000, 0.000000000000000000 ) ) ;
#2353 = FACE_OUTER_BOUND ( 'NONE', #2422, .T. ) ;
#2354 = ORIENTED_EDGE ( 'NONE', *, *, #1926, .F. ) ;
#2355 = FACE_OUTER_BOUND ( 'NONE', #916, .T. ) ;
#2356 = AXIS2_PLACEMENT_3D ( 'NONE', #2352, #736, #2553 ) ;
#2357 = CARTESIAN_POINT ( 'NONE',  ( -3.354101966249684263, -8.000000000000000000, 8.000000000000000000 ) ) ;
#2358 = CC_DESIGN_PERSON_AND_ORGANIZATION_ASSIGNMENT ( #1219, #1862, ( #1892 ) ) ;
#2359 = ORIENTED_EDGE ( 'NONE', *, *, #2038, .F. ) ;
#2360 = EDGE_CURVE ( 'NONE', #1452, #1866, #1137, .T. ) ;
#2361 = ADVANCED_FACE ( 'NONE', ( #2521 ), #625, .F. ) ;
#2362 = DIRECTION ( 'NONE',  ( 1.000000000000000000, 0.000000000000000000, 0.000000000000000000 ) ) ;
#2363 = ORIENTED_EDGE ( 'NONE', *, *, #300, .F. ) ;
#2364 = ORIENTED_EDGE ( 'NONE', *, *, #1216, .T. ) ;
#2365 = FACE_BOUND ( 'NONE', #709, .T. ) ;
#2366 = CIRCLE ( 'NONE', #730, 4.999999999999997335 ) ;
#2367 = CARTESIAN_POINT ( 'NONE',  ( 35.00000000000000000, -9.000000000000000000, 4.000000000000000000 ) ) ;
#2368 = AXIS2_PLACEMENT_3D ( 'NONE', #2434, #1184, #2462 ) ;
#2369 = CARTESIAN_POINT ( 'NONE',  ( 0.000000000000000000, -7.000000000000000000, 4.000000000000000000 ) ) ;
#2370 = ADVANCED_FACE ( 'NONE', ( #676 ), #2483, .T. ) ;
#2371 = DIRECTION ( 'NONE',  ( -0.000000000000000000, -0.000000000000000000, -1.000000000000000000 ) ) ;
#2372 = CYLINDRICAL_SURFACE ( 'NONE', #220, 1.700000000000000178 ) ;
#2373 = EDGE_LOOP ( 'NONE', ( #454, #650, #2039, #614 ) ) ;
#2374 = DIRECTION ( 'NONE',  ( 1.000000000000000000, 0.000000000000000000, 0.000000000000000000 ) ) ;
#2375 = ORIENTED_EDGE ( 'NONE', *, *, #1399, .T. ) ;
#2376 = DIRECTION ( 'NONE',  ( -0.000000000000000000, -0.000000000000000000, -1.000000000000000000 ) ) ;
#2377 = CARTESIAN_POINT ( 'NONE',  ( 100.0000000000000000, -15.00000000000000000, 4.000000000000000000 ) ) ;
#2378 = CIRCLE ( 'NONE', #1913, 3.500000000000000000 ) ;
#2379 = CARTESIAN_POINT ( 'NONE',  ( 30.41742430504416461, 7.000000000000000000, 4.000000000000000000 ) ) ;
#2380 = DIRECTION ( 'NONE',  ( -1.000000000000000000, 0.000000000000000000, 0.000000000000000000 ) ) ;
#2381 = DIRECTION ( 'NONE',  ( 0.000000000000000000, 0.000000000000000000, -1.000000000000000000 ) ) ;
#2382 = EDGE_CURVE ( 'NONE', #2537, #1808, #1534, .T. ) ;
#2383 = DIRECTION ( 'NONE',  ( 0.000000000000000000, 0.000000000000000000, 1.000000000000000000 ) ) ;
#2384 = CC_DESIGN_APPROVAL ( #601, ( #1695 ) ) ;
#2385 = ORIENTED_EDGE ( 'NONE', *, *, #15, .F. ) ;
#2386 = DIRECTION ( 'NONE',  ( 0.000000000000000000, 0.000000000000000000, -1.000000000000000000 ) ) ;
#2387 = ORIENTED_EDGE ( 'NONE', *, *, #1080, .F. ) ;
#2388 = AXIS2_PLACEMENT_3D ( 'NONE', #1977, #2416, #1431 ) ;
#2389 = CARTESIAN_POINT ( 'NONE',  ( 40.00000000000000000, 9.000000000000000000, 4.000000000000000000 ) ) ;
#2390 = FACE_BOUND ( 'NONE', #471, .T. ) ;
#2391 = DIRECTION ( 'NONE',  ( -0.000000000000000000, -0.000000000000000000, 1.000000000000000000 ) ) ;
#2392 = DIRECTION ( 'NONE',  ( 1.000000000000000000, 0.000000000000000000, 0.000000000000000000 ) ) ;
#2393 = CIRCLE ( 'NONE', #2523, 16.00000000000000000 ) ;
#2394 = CARTESIAN_POINT ( 'NONE',  ( -1.699999999999999956, -9.000000000000000000, 0.000000000000000000 ) ) ;
#2395 = CARTESIAN_POINT ( 'NONE',  ( 0.000000000000000000, 9.000000000000000000, 0.000000000000000000 ) ) ;
#2396 = ADVANCED_FACE ( 'NONE', ( #2355 ), #2283, .T. ) ;
#2397 = ORIENTED_EDGE ( 'NONE', *, *, #552, .T. ) ;
#2398 = FACE_OUTER_BOUND ( 'NONE', #192, .T. ) ;
#2399 = DIRECTION ( 'NONE',  ( -1.000000000000000000, 0.000000000000000000, 0.000000000000000000 ) ) ;
#2400 = ORIENTED_EDGE ( 'NONE', *, *, #481, .F. ) ;
#2401 = DIRECTION ( 'NONE',  ( 0.000000000000000000, 0.000000000000000000, 1.000000000000000000 ) ) ;
#2402 = DIRECTION ( 'NONE',  ( -1.000000000000000000, 0.000000000000000000, 0.000000000000000000 ) ) ;
#2403 = CYLINDRICAL_SURFACE ( 'NONE', #1052, 1.700000000000000178 ) ;
#2404 = CIRCLE ( 'NONE', #1257, 3.500000000000000000 ) ;
#2405 = CARTESIAN_POINT ( 'NONE',  ( 35.00000000000000000, -9.000000000000000000, 0.000000000000000000 ) ) ;
#2406 = CARTESIAN_POINT ( 'NONE',  ( 42.00000000000000000, 15.00000000000000000, 4.000000000000000000 ) ) ;
#2407 = EDGE_CURVE ( 'NONE', #2646, #798, #1694, .T. ) ;
#2408 = VECTOR ( 'NONE', #1272, 1000.000000000000000 ) ;
#2409 = CARTESIAN_POINT ( 'NONE',  ( 94.15000000000000568, -5.000000000000000000, 4.000000000000000000 ) ) ;
#2410 = ORIENTED_EDGE ( 'NONE', *, *, #143, .F. ) ;
#2411 = DIRECTION ( 'NONE',  ( 1.000000000000000000, 0.000000000000000000, -0.000000000000000000 ) ) ;
#2412 = CARTESIAN_POINT ( 'NONE',  ( 0.000000000000000000, -9.000000000000000000, 8.000000000000000000 ) ) ;
#2413 = ORIENTED_EDGE ( 'NONE', *, *, #1544, .F. ) ;
#2414 = CARTESIAN_POINT ( 'NONE',  ( 3.500000000000000000, -9.000000000000000000, 8.000000000000000000 ) ) ;
#2415 = ADVANCED_FACE ( 'NONE', ( #10 ), #26, .F. ) ;
#2416 = DIRECTION ( 'NONE',  ( -0.000000000000000000, -0.000000000000000000, 1.000000000000000000 ) ) ;
#2417 = CARTESIAN_POINT ( 'NONE',  ( 90.00000000000001421, 4.999999999999999112, 4.000000000000000000 ) ) ;
#2418 = DIRECTION ( 'NONE',  ( -0.000000000000000000, -0.000000000000000000, -1.000000000000000000 ) ) ;
#2419 = CIRCLE ( 'NONE', #2593, 3.500000000000000000 ) ;
#2420 = LINE ( 'NONE', #2035, #1364 ) ;
#2422 = EDGE_LOOP ( 'NONE', ( #746, #719, #485, #2294 ) ) ;
#2421 = DIRECTION ( 'NONE',  ( 1.000000000000000000, 0.000000000000000000, 0.000000000000000000 ) ) ;
#2423 = ORIENTED_EDGE ( 'NONE', *, *, #624, .F. ) ;
#2424 = AXIS2_PLACEMENT_3D ( 'NONE', #1348, #1375, #990 ) ;
#2425 = EDGE_LOOP ( 'NONE', ( #2279, #1506, #1679, #2551 ) ) ;
#2426 = PRODUCT_RELATED_PRODUCT_CATEGORY ( 'detail', '', ( #1495 ) ) ;
#2427 = AXIS2_PLACEMENT_3D ( 'NONE', #2406, #565, #1390 ) ;
#2428 = PLANE ( 'NONE',  #2295 ) ;
#2429 = EDGE_CURVE ( 'NONE', #2431, #2120, #428, .T. ) ;
#2430 = CARTESIAN_POINT ( 'NONE',  ( -6.125000000000000888, 3.388860427931489561, 4.000000000000000000 ) ) ;
#2431 = VERTEX_POINT ( 'NONE', #664 ) ;
#2432 = CARTESIAN_POINT ( 'NONE',  ( 49.15099999999999625, -10.50000000000000000, 8.000000000000000000 ) ) ;
#2433 = DIRECTION ( 'NONE',  ( 1.000000000000000000, 0.000000000000000000, 0.000000000000000000 ) ) ;
#2434 = CARTESIAN_POINT ( 'NONE',  ( 94.15000000000000568, 5.000000000000000000, 0.000000000000000000 ) ) ;
#2435 = AXIS2_PLACEMENT_3D ( 'NONE', #364, #1182, #2433 ) ;
#2436 = CARTESIAN_POINT ( 'NONE',  ( 6.125000000000000888, 3.388860427931490449, 6.000000000000000000 ) ) ;
#2437 = DIRECTION ( 'NONE',  ( -1.000000000000000000, 0.000000000000000000, 0.000000000000000000 ) ) ;
#2439 = ORIENTED_EDGE ( 'NONE', *, *, #1544, .T. ) ;
#2438 = CARTESIAN_POINT ( 'NONE',  ( 33.40000000000000568, -9.000000000000000000, 4.000000000000003553 ) ) ;
#2440 = VERTEX_POINT ( 'NONE', #1646 ) ;
#2441 = AXIS2_PLACEMENT_3D ( 'NONE', #248, #285, #2080 ) ;
#2442 = ORIENTED_EDGE ( 'NONE', *, *, #1061, .T. ) ;
#2443 = CYLINDRICAL_SURFACE ( 'NONE', #62, 1.699999999999993072 ) ;
#2444 = CARTESIAN_POINT ( 'NONE',  ( -7.299999999999998934, 2.081899558550500033E-16, 8.000000000000000000 ) ) ;
#2445 = VERTEX_POINT ( 'NONE', #1487 ) ;
#2446 = EDGE_CURVE ( 'NONE', #873, #2431, #1875, .T. ) ;
#2447 = ADVANCED_FACE ( 'NONE', ( #1294 ), #2084, .F. ) ;
#2448 = CYLINDRICAL_SURFACE ( 'NONE', #2219, 1.700000000000000178 ) ;
#2449 = CARTESIAN_POINT ( 'NONE',  ( 1.699999999999999956, -9.000000000000000000, 8.000000000000000000 ) ) ;
#2450 = DIRECTION ( 'NONE',  ( 0.000000000000000000, 0.000000000000000000, 1.000000000000000000 ) ) ;
#2451 = DIRECTION ( 'NONE',  ( -1.000000000000000000, 0.000000000000000000, 0.000000000000000000 ) ) ;
#2453 = ORIENTED_EDGE ( 'NONE', *, *, #13, .T. ) ;
#2452 = FACE_OUTER_BOUND ( 'NONE', #117, .T. ) ;
#2454 = EDGE_CURVE ( 'NONE', #2344, #1560, #886, .T. ) ;
#2455 = AXIS2_PLACEMENT_3D ( 'NONE', #1014, #1827, #2652 ) ;
#2456 = ORIENTED_EDGE ( 'NONE', *, *, #1509, .T. ) ;
#2457 = CIRCLE ( 'NONE', #1637, 1.699999999999999956 ) ;
#2458 = DIRECTION ( 'NONE',  ( 1.000000000000000000, 0.000000000000000000, 0.000000000000000000 ) ) ;
#2459 = DIRECTION ( 'NONE',  ( 0.000000000000000000, 0.000000000000000000, 1.000000000000000000 ) ) ;
#2460 = ORIENTED_EDGE ( 'NONE', *, *, #927, .T. ) ;
#2461 = CARTESIAN_POINT ( 'NONE',  ( -10.69999999999999929, 0.000000000000000000, 8.000000000000000000 ) ) ;
#2462 = DIRECTION ( 'NONE',  ( -1.000000000000000000, 0.000000000000000000, 0.000000000000000000 ) ) ;
#2463 = ADVANCED_FACE ( 'NONE', ( #1477 ), #1092, .F. ) ;
#2464 = DIRECTION ( 'NONE',  ( -1.000000000000000000, 0.000000000000000000, 0.000000000000000000 ) ) ;
#2465 = EDGE_LOOP ( 'NONE', ( #1972, #2293, #2520, #1999 ) ) ;
#2466 = EDGE_CURVE ( 'NONE', #979, #334, #1597, .T. ) ;
#2467 = ORIENTED_EDGE ( 'NONE', *, *, #207, .F. ) ;
#2468 = LINE ( 'NONE', #1454, #1099 ) ;
#2469 = CARTESIAN_POINT ( 'NONE',  ( 35.00000000000000000, -9.000000000000000000, 4.000000000000000000 ) ) ;
#2470 = ORIENTED_EDGE ( 'NONE', *, *, #83, .T. ) ;
#2471 = VECTOR ( 'NONE', #414, 1000.000000000000000 ) ;
#2472 = CARTESIAN_POINT ( 'NONE',  ( 42.00000000000000000, -15.00000000000000000, 0.000000000000000000 ) ) ;
#2473 = DIRECTION ( 'NONE',  ( 0.000000000000000000, 1.000000000000000000, 0.000000000000000000 ) ) ;
#2474 = FACE_OUTER_BOUND ( 'NONE', #2529, .T. ) ;
#2475 = VECTOR ( 'NONE', #1579, 1000.000000000000000 ) ;
#2476 = CYLINDRICAL_SURFACE ( 'NONE', #675, 1.699999999999999956 ) ;
#2477 = ORIENTED_EDGE ( 'NONE', *, *, #269, .T. ) ;
#2478 = EDGE_CURVE ( 'NONE', #2664, #1621, #2129, .T. ) ;
#2479 = ORIENTED_EDGE ( 'NONE', *, *, #1032, .F. ) ;
#2480 = EDGE_CURVE ( 'NONE', #129, #362, #1969, .T. ) ;
#2481 = LINE ( 'NONE', #1238, #1817 ) ;
#2482 = AXIS2_PLACEMENT_3D ( 'NONE', #781, #1842, #618 ) ;
#2483 = PLANE ( 'NONE',  #1446 ) ;
#2484 = ORIENTED_EDGE ( 'NONE', *, *, #1246, .T. ) ;
#2485 = LINE ( 'NONE', #2272, #573 ) ;
#2486 = EDGE_CURVE ( 'NONE', #506, #1939, #1157, .T. ) ;
#2487 = LINE ( 'NONE', #432, #822 ) ;
#2488 = DIRECTION ( 'NONE',  ( 0.000000000000000000, 0.000000000000000000, 1.000000000000000000 ) ) ;
#2489 = ORIENTED_EDGE ( 'NONE', *, *, #209, .F. ) ;
#2490 = DIRECTION ( 'NONE',  ( -1.000000000000000000, 0.000000000000000000, 0.000000000000000000 ) ) ;
#2491 = CARTESIAN_POINT ( 'NONE',  ( 94.15000000000000568, 5.000000000000000000, 4.000000000000000000 ) ) ;
#2492 =( NAMED_UNIT ( * ) PLANE_ANGLE_UNIT ( ) SI_UNIT ( $, .RADIAN. ) );
#2493 = VERTEX_POINT ( 'NONE', #580 ) ;
#2494 = AXIS2_PLACEMENT_3D ( 'NONE', #1144, #2623, #962 ) ;
#2495 = AXIS2_PLACEMENT_3D ( 'NONE', #2032, #1001, #1811 ) ;
#2496 = ADVANCED_FACE ( 'NONE', ( #1187 ), #949, .T. ) ;
#2497 = CARTESIAN_POINT ( 'NONE',  ( -9.000000000000000000, 0.000000000000000000, 8.000000000000000000 ) ) ;
#2498 = ORIENTED_EDGE ( 'NONE', *, *, #1659, .T. ) ;
#2499 = AXIS2_PLACEMENT_3D ( 'NONE', #1095, #1310, #1297 ) ;
#2500 = CARTESIAN_POINT ( 'NONE',  ( 25.39999999999999858, -3.000000000000000000, 4.000000000000003553 ) ) ;
#2501 = DIRECTION ( 'NONE',  ( -1.000000000000000000, 0.000000000000000000, 0.000000000000000000 ) ) ;
#2502 = CARTESIAN_POINT ( 'NONE',  ( -6.125000000000000888, -3.388860427931489561, 4.000000000000000000 ) ) ;
#2503 = EDGE_CURVE ( 'NONE', #2197, #2150, #740, .T. ) ;
#2504 = ORIENTED_EDGE ( 'NONE', *, *, #235, .T. ) ;
#2505 = LINE ( 'NONE', #1475, #292 ) ;
#2506 = PERSON_AND_ORGANIZATION ( #1918, #1564 ) ;
#2507 = ORIENTED_EDGE ( 'NONE', *, *, #226, .F. ) ;
#2508 = ORIENTED_EDGE ( 'NONE', *, *, #475, .F. ) ;
#2509 = CIRCLE ( 'NONE', #1392, 1.600000000000000755 ) ;
#2510 = CARTESIAN_POINT ( 'NONE',  ( 45.85000000000000142, 5.000000000000000000, 8.000000000000000000 ) ) ;
#2511 = ORIENTED_EDGE ( 'NONE', *, *, #1589, .F. ) ;
#2512 = DIRECTION ( 'NONE',  ( 0.000000000000000000, 0.000000000000000000, 1.000000000000000000 ) ) ;
#2513 = CARTESIAN_POINT ( 'NONE',  ( 0.000000000000000000, 0.000000000000000000, 4.000000000000000000 ) ) ;
#2514 = ADVANCED_FACE ( 'NONE', ( #1132 ), #1784, .T. ) ;
#2515 = ORIENTED_EDGE ( 'NONE', *, *, #286, .T. ) ;
#2516 = CARTESIAN_POINT ( 'NONE',  ( 9.000000000000000000, 0.000000000000000000, 8.000000000000000000 ) ) ;
#2517 = SHAPE_DEFINITION_REPRESENTATION ( #1928, #720 ) ;
#2518 = ORIENTED_EDGE ( 'NONE', *, *, #2429, .F. ) ;
#2519 = AXIS2_PLACEMENT_3D ( 'NONE', #628, #1285, #1662 ) ;
#2520 = ORIENTED_EDGE ( 'NONE', *, *, #1216, .F. ) ;
#2521 = FACE_OUTER_BOUND ( 'NONE', #457, .T. ) ;
#2522 = ORIENTED_EDGE ( 'NONE', *, *, #2318, .T. ) ;
#2523 = AXIS2_PLACEMENT_3D ( 'NONE', #1062, #1313, #499 ) ;
#2524 = LINE ( 'NONE', #1469, #2604 ) ;
#2525 = FACE_BOUND ( 'NONE', #2577, .T. ) ;
#2526 = ORIENTED_EDGE ( 'NONE', *, *, #1235, .F. ) ;
#2527 = VERTEX_POINT ( 'NONE', #753 ) ;
#2528 = DIRECTION ( 'NONE',  ( -1.000000000000000000, 0.000000000000000000, 0.000000000000000000 ) ) ;
#2529 = EDGE_LOOP ( 'NONE', ( #35, #383, #2322, #1423 ) ) ;
#2530 = ORIENTED_EDGE ( 'NONE', *, *, #1368, .T. ) ;
#2531 = EDGE_CURVE ( 'NONE', #2527, #1281, #1606, .T. ) ;
#2532 = AXIS2_PLACEMENT_3D ( 'NONE', #246, #1841, #1434 ) ;
#2533 = ORIENTED_EDGE ( 'NONE', *, *, #199, .T. ) ;
#2534 = VECTOR ( 'NONE', #776, 1000.000000000000000 ) ;
#2535 = VECTOR ( 'NONE', #537, 1000.000000000000000 ) ;
#2536 = DIRECTION ( 'NONE',  ( 0.000000000000000000, 0.000000000000000000, 1.000000000000000000 ) ) ;
#2537 = VERTEX_POINT ( 'NONE', #1957 ) ;
#2538 = AXIS2_PLACEMENT_3D ( 'NONE', #806, #2450, #1433 ) ;
#2539 = VERTEX_POINT ( 'NONE', #1993 ) ;
#2540 = CARTESIAN_POINT ( 'NONE',  ( 7.299999999999998934, 0.000000000000000000, 8.000000000000000000 ) ) ;
#2541 = CARTESIAN_POINT ( 'NONE',  ( -12.49999999999999822, 0.000000000000000000, 8.000000000000000000 ) ) ;
#2542 = CALENDAR_DATE ( 2026, 28, 9 ) ;
#2543 = DIRECTION ( 'NONE',  ( -1.000000000000000000, 0.000000000000000000, 0.000000000000000000 ) ) ;
#2544 = EDGE_CURVE ( 'NONE', #1903, #1961, #150, .T. ) ;
#2545 = ORIENTED_EDGE ( 'NONE', *, *, #1796, .T. ) ;
#2546 = EDGE_CURVE ( 'NONE', #1221, #2333, #494, .T. ) ;
#2547 = ADVANCED_FACE ( 'NONE', ( #1546 ), #1759, .T. ) ;
#2548 = ORIENTED_EDGE ( 'NONE', *, *, #260, .T. ) ;
#2549 = CIRCLE ( 'NONE', #1133, 3.500000000000000000 ) ;
#2550 = CARTESIAN_POINT ( 'NONE',  ( 100.0000000000000000, -15.00000000000000000, 0.000000000000000000 ) ) ;
#2551 = ORIENTED_EDGE ( 'NONE', *, *, #2503, .T. ) ;
#2552 = ORIENTED_EDGE ( 'NONE', *, *, #1915, .T. ) ;
#2553 = DIRECTION ( 'NONE',  ( -1.000000000000000000, 0.000000000000000000, -0.000000000000000000 ) ) ;
#2554 = LINE ( 'NONE', #1555, #2582 ) ;
#2555 = ORIENTED_EDGE ( 'NONE', *, *, #1589, .T. ) ;
#2556 = LOCAL_TIME ( 18, 14, 16.00000000000000000, #660 ) ;
#2557 = CARTESIAN_POINT ( 'NONE',  ( 95.85000000000000853, 5.000000000000000000, 4.000000000000000000 ) ) ;
#2558 = ORIENTED_EDGE ( 'NONE', *, *, #1378, .F. ) ;
#2559 = LINE ( 'NONE', #2587, #287 ) ;
#2560 = VECTOR ( 'NONE', #714, 1000.000000000000000 ) ;
#2561 = AXIS2_PLACEMENT_3D ( 'NONE', #1154, #918, #707 ) ;
#2562 = ORIENTED_EDGE ( 'NONE', *, *, #2382, .T. ) ;
#2563 = DIRECTION ( 'NONE',  ( 1.000000000000000000, 0.000000000000000000, 0.000000000000000000 ) ) ;
#2564 = ORIENTED_EDGE ( 'NONE', *, *, #1601, .F. ) ;
#2565 = AXIS2_PLACEMENT_3D ( 'NONE', #1232, #1005, #2063 ) ;
#2566 = ORIENTED_EDGE ( 'NONE', *, *, #1512, .F. ) ;
#2567 = EDGE_CURVE ( 'NONE', #250, #1266, #1609, .T. ) ;
#2568 = FACE_BOUND ( 'NONE', #694, .T. ) ;
#2569 = DIRECTION ( 'NONE',  ( 0.000000000000000000, 0.000000000000000000, 1.000000000000000000 ) ) ;
#2570 = DIRECTION ( 'NONE',  ( 0.000000000000000000, 0.000000000000000000, 1.000000000000000000 ) ) ;
#2571 = DIRECTION ( 'NONE',  ( 1.000000000000000000, 0.000000000000000000, 0.000000000000000000 ) ) ;
#2572 = CARTESIAN_POINT ( 'NONE',  ( 94.15000000000000568, 5.000000000000000000, 8.000000000000000000 ) ) ;
#2573 = VERTEX_POINT ( 'NONE', #1771 ) ;
#2574 = VECTOR ( 'NONE', #2276, 1000.000000000000000 ) ;
#2575 = DIRECTION ( 'NONE',  ( 1.000000000000000000, 0.000000000000000000, 0.000000000000000000 ) ) ;
#2576 = ORIENTED_EDGE ( 'NONE', *, *, #2106, .F. ) ;
#2577 = EDGE_LOOP ( 'NONE', ( #1834, #295, #412, #2467 ) ) ;
#2578 = FACE_BOUND ( 'NONE', #2065, .T. ) ;
#2579 = AXIS2_PLACEMENT_3D ( 'NONE', #319, #141, #942 ) ;
#2580 = PLANE ( 'NONE',  #1681 ) ;
#2581 = ADVANCED_FACE ( 'NONE', ( #2180 ), #340, .T. ) ;
#2582 = VECTOR ( 'NONE', #973, 1000.000000000000000 ) ;
#2583 = CARTESIAN_POINT ( 'NONE',  ( 0.000000000000000000, 0.000000000000000000, 0.000000000000000000 ) ) ;
#2584 = UNCERTAINTY_MEASURE_WITH_UNIT (LENGTH_MEASURE( 1.000000000000000082E-05 ), #1018, 'distance_accuracy_value', 'NONE');
#2585 = VECTOR ( 'NONE', #970, 1000.000000000000000 ) ;
#2586 = CARTESIAN_POINT ( 'NONE',  ( 25.39999999999999858, 3.000000000000000000, 4.000000000000003553 ) ) ;
#2587 = CARTESIAN_POINT ( 'NONE',  ( 90.84900000000000375, 0.000000000000000000, -0.000000000000000000 ) ) ;
#2588 = ORIENTED_EDGE ( 'NONE', *, *, #2141, .F. ) ;
#2589 = CARTESIAN_POINT ( 'NONE',  ( 35.00000000000000000, -9.000000000000000000, 4.000000000000000000 ) ) ;
#2590 = EDGE_LOOP ( 'NONE', ( #1021, #2090 ) ) ;
#2591 = DIRECTION ( 'NONE',  ( 0.000000000000000000, 0.000000000000000000, -1.000000000000000000 ) ) ;
#2592 = CARTESIAN_POINT ( 'NONE',  ( 0.000000000000000000, -9.000000000000000000, 4.000000000000000000 ) ) ;
#2593 = AXIS2_PLACEMENT_3D ( 'NONE', #367, #1200, #161 ) ;
#2594 = DIRECTION ( 'NONE',  ( 0.000000000000000000, 0.000000000000000000, 1.000000000000000000 ) ) ;
#2595 = DIRECTION ( 'NONE',  ( 1.000000000000000000, 0.000000000000000000, 0.000000000000000000 ) ) ;
#2596 = CARTESIAN_POINT ( 'NONE',  ( 49.15099999999999625, -10.50000000000000000, 8.000000000000000000 ) ) ;
#2597 = AXIS2_PLACEMENT_3D ( 'NONE', #2412, #184, #1820 ) ;
#2598 = DIRECTION ( 'NONE',  ( -0.000000000000000000, -0.000000000000000000, 1.000000000000000000 ) ) ;
#2599 = ORIENTED_EDGE ( 'NONE', *, *, #641, .T. ) ;
#2600 = VECTOR ( 'NONE', #2605, 1000.000000000000000 ) ;
#2601 = LINE ( 'NONE', #967, #453 ) ;
#2602 = LINE ( 'NONE', #2056, #795 ) ;
#2603 = VERTEX_POINT ( 'NONE', #2394 ) ;
#2604 = VECTOR ( 'NONE', #1871, 1000.000000000000000 ) ;
#2605 = DIRECTION ( 'NONE',  ( -0.000000000000000000, -0.000000000000000000, -1.000000000000000000 ) ) ;
#2606 = DIRECTION ( 'NONE',  ( -1.000000000000000000, 0.000000000000000000, 0.000000000000000000 ) ) ;
#2607 = DIRECTION ( 'NONE',  ( 0.000000000000000000, 0.000000000000000000, -1.000000000000000000 ) ) ;
#2608 = CARTESIAN_POINT ( 'NONE',  ( 35.00000000000000000, -9.000000000000000000, 4.000000000000003553 ) ) ;
#2609 = VECTOR ( 'NONE', #1717, 1000.000000000000000 ) ;
#2610 = EDGE_CURVE ( 'NONE', #521, #944, #1960, .T. ) ;
#2611 = DIRECTION ( 'NONE',  ( 1.000000000000000000, 0.000000000000000000, 0.000000000000000000 ) ) ;
#2612 = FACE_OUTER_BOUND ( 'NONE', #2373, .T. ) ;
#2613 = VECTOR ( 'NONE', #1118, 1000.000000000000000 ) ;
#2614 = ADVANCED_FACE ( 'NONE', ( #767 ), #1583, .F. ) ;
#2615 = ORIENTED_EDGE ( 'NONE', *, *, #434, .F. ) ;
#2616 = CARTESIAN_POINT ( 'NONE',  ( 3.354101966249684263, 8.000000000000000000, 8.000000000000000000 ) ) ;
#2617 = DIRECTION ( 'NONE',  ( -0.000000000000000000, -0.000000000000000000, -1.000000000000000000 ) ) ;
#2618 = VERTEX_POINT ( 'NONE', #2207 ) ;
#2619 = CARTESIAN_POINT ( 'NONE',  ( 25.39999999999999858, 3.000000000000000000, 4.000000000000003553 ) ) ;
#2620 = DIRECTION ( 'NONE',  ( -0.000000000000000000, -0.000000000000000000, 1.000000000000000000 ) ) ;
#2621 = DIRECTION ( 'NONE',  ( 1.000000000000000000, 0.000000000000000000, 0.000000000000000000 ) ) ;
#2622 = VECTOR ( 'NONE', #2130, 1000.000000000000000 ) ;
#2623 = DIRECTION ( 'NONE',  ( 0.000000000000000000, 0.000000000000000000, 1.000000000000000000 ) ) ;
#2624 = DIRECTION ( 'NONE',  ( 0.000000000000000000, 0.000000000000000000, 1.000000000000000000 ) ) ;
#2626 = ORIENTED_EDGE ( 'NONE', *, *, #974, .T. ) ;
#2625 = DIRECTION ( 'NONE',  ( 0.000000000000000000, 0.000000000000000000, 1.000000000000000000 ) ) ;
#2627 = AXIS2_PLACEMENT_3D ( 'NONE', #1084, #2289, #1873 ) ;
#2628 = DIRECTION ( 'NONE',  ( -0.000000000000000000, -0.000000000000000000, -1.000000000000000000 ) ) ;
#2629 = ORIENTED_EDGE ( 'NONE', *, *, #2544, .T. ) ;
#2630 = ADVANCED_FACE ( 'NONE', ( #369 ), #438, .T. ) ;
#2631 = ORIENTED_EDGE ( 'NONE', *, *, #1611, .T. ) ;
#2632 = CARTESIAN_POINT ( 'NONE',  ( -8.000000000000000000, -3.354101966249684263, 4.000000000000000000 ) ) ;
#2633 = EDGE_CURVE ( 'NONE', #1515, #2527, #1844, .T. ) ;
#2634 = CARTESIAN_POINT ( 'NONE',  ( -3.500000000000000000, 9.000000000000000000, 8.000000000000000000 ) ) ;
#2635 = VERTEX_POINT ( 'NONE', #204 ) ;
#2636 = DIRECTION ( 'NONE',  ( -1.000000000000000000, 0.000000000000000000, 0.000000000000000000 ) ) ;
#2637 = CARTESIAN_POINT ( 'NONE',  ( 0.000000000000000000, -9.000000000000000000, 8.000000000000000000 ) ) ;
#2638 = CARTESIAN_POINT ( 'NONE',  ( 0.000000000000000000, -7.000000000000000000, 0.000000000000000000 ) ) ;
#2639 = DIRECTION ( 'NONE',  ( -1.000000000000000000, 0.000000000000000000, 0.000000000000000000 ) ) ;
#2640 = AXIS2_PLACEMENT_3D ( 'NONE', #9, #2662, #2458 ) ;
#2641 = DIRECTION ( 'NONE',  ( -1.000000000000000000, 0.000000000000000000, 0.000000000000000000 ) ) ;
#2643 = ORIENTED_EDGE ( 'NONE', *, *, #911, .F. ) ;
#2642 = APPLICATION_PROTOCOL_DEFINITION ( 'international standard', 'config_control_design', 1994, #1224 ) ;
#2644 = EDGE_LOOP ( 'NONE', ( #2029, #2397, #2171, #119 ) ) ;
#2645 = VECTOR ( 'NONE', #585, 1000.000000000000000 ) ;
#2646 = VERTEX_POINT ( 'NONE', #2223 ) ;
#2647 = AXIS2_PLACEMENT_3D ( 'NONE', #2278, #2081, #1448 ) ;
#2648 = DIRECTION ( 'NONE',  ( 1.000000000000000000, 0.000000000000000000, 0.000000000000000000 ) ) ;
#2649 = DIRECTION ( 'NONE',  ( -0.000000000000000000, -0.000000000000000000, -1.000000000000000000 ) ) ;
#2650 = ORIENTED_EDGE ( 'NONE', *, *, #769, .F. ) ;
#2651 = DIRECTION ( 'NONE',  ( 0.000000000000000000, 0.000000000000000000, 1.000000000000000000 ) ) ;
#2652 = DIRECTION ( 'NONE',  ( -1.000000000000000000, 0.000000000000000000, 0.000000000000000000 ) ) ;
#2653 = AXIS2_PLACEMENT_3D ( 'NONE', #763, #889, #1083 ) ;
#2654 = EDGE_CURVE ( 'NONE', #2270, #657, #1139, .T. ) ;
#2655 = LINE ( 'NONE', #1215, #1121 ) ;
#2656 = CYLINDRICAL_SURFACE ( 'NONE', #2660, 4.000000000000000000 ) ;
#2658 = ORIENTED_EDGE ( 'NONE', *, *, #1923, .F. ) ;
#2657 = CARTESIAN_POINT ( 'NONE',  ( 0.000000000000000000, 0.000000000000000000, 0.000000000000000000 ) ) ;
#2659 = ORIENTED_EDGE ( 'NONE', *, *, #148, .F. ) ;
#2660 = AXIS2_PLACEMENT_3D ( 'NONE', #407, #1625, #2451 ) ;
#2661 = VERTEX_POINT ( 'NONE', #856 ) ;
#2662 = DIRECTION ( 'NONE',  ( 0.000000000000000000, 0.000000000000000000, 1.000000000000000000 ) ) ;
#2663 = CYLINDRICAL_SURFACE ( 'NONE', #1822, 1.700000000000000178 ) ;
#2664 = VERTEX_POINT ( 'NONE', #2438 ) ;
#2665 = ADVANCED_FACE ( 'NONE', ( #2452 ), #809, .T. ) ;
#2666 = DIRECTION ( 'NONE',  ( 1.000000000000000000, 0.000000000000000000, 0.000000000000000000 ) ) ;
#2667 = ADVANCED_FACE ( 'NONE', ( #2250 ), #1814, .T. ) ;
#2668 = CARTESIAN_POINT ( 'NONE',  ( -4.000000000000000000, 0.000000000000000000, 8.000000000000000000 ) ) ;
#2669 = CARTESIAN_POINT ( 'NONE',  ( 36.60000000000000142, 9.000000000000000000, 4.000000000000003553 ) ) ;
ENDSEC;
END-ISO-10303-21;
