ISO-10303-21;
HEADER;
FILE_DESCRIPTION (( 'STEP AP203' ),
    '1' );
FILE_NAME ('ARM-204_Modular_forearm_MG996R.step',
    '2026-09-12T20:00:54',
    ( '' ),
    ( '' ),
    'SwSTEP 2.0',
    'SolidWorks 2026',
    '' );
FILE_SCHEMA (( 'CONFIG_CONTROL_DESIGN' ));
ENDSEC;

DATA;
#1 = CARTESIAN_POINT ( 'NONE',  ( 58.00000000000000000, -11.50000000000000000, 4.000000000000000000 ) ) ;
#2 = APPROVAL_STATUS ( 'not_yet_approved' ) ;
#3 = EDGE_LOOP ( 'NONE', ( #468, #576 ) ) ;
#4 = DIRECTION ( 'NONE',  ( -1.000000000000000000, 0.000000000000000000, 0.000000000000000000 ) ) ;
#5 = EDGE_CURVE ( 'NONE', #637, #662, #163, .T. ) ;
#6 = ORIENTED_EDGE ( 'NONE', *, *, #908, .T. ) ;
#7 = DIRECTION ( 'NONE',  ( 0.000000000000000000, 0.000000000000000000, 1.000000000000000000 ) ) ;
#8 = FACE_OUTER_BOUND ( 'NONE', #893, .T. ) ;
#9 = APPROVAL_ROLE ( '' ) ;
#10 = ORIENTED_EDGE ( 'NONE', *, *, #332, .T. ) ;
#11 = CARTESIAN_POINT ( 'NONE',  ( 25.30000000000000071, -11.50000000000000000, 4.000000000000000000 ) ) ;
#12 = ORIENTED_EDGE ( 'NONE', *, *, #659, .F. ) ;
#13 = DIRECTION ( 'NONE',  ( 1.000000000000000000, 0.000000000000000000, 0.000000000000000000 ) ) ;
#14 = EDGE_CURVE ( 'NONE', #1489, #230, #737, .T. ) ;
#15 = CARTESIAN_POINT ( 'NONE',  ( -8.599999999999999645, 0.000000000000000000, 8.000000000000000000 ) ) ;
#16 = MECHANICAL_CONTEXT ( 'NONE', #160, 'mechanical' ) ;
#17 = ORIENTED_EDGE ( 'NONE', *, *, #1189, .T. ) ;
#18 = CARTESIAN_POINT ( 'NONE',  ( 0.000000000000000000, 0.000000000000000000, 8.000000000000000000 ) ) ;
#19 = AXIS2_PLACEMENT_3D ( 'NONE', #686, #1526, #1408 ) ;
#20 = VERTEX_POINT ( 'NONE', #1236 ) ;
#21 = CARTESIAN_POINT ( 'NONE',  ( 1.600000000000000089, 7.000000000000000000, 8.000000000000000000 ) ) ;
#22 = VECTOR ( 'NONE', #531, 1000.000000000000000 ) ;
#23 = ADVANCED_FACE ( 'NONE', ( #1005 ), #156, .T. ) ;
#24 = CYLINDRICAL_SURFACE ( 'NONE', #64, 7.000000000000000000 ) ;
#25 = CALENDAR_DATE ( 2026, 12, 9 ) ;
#26 = ORIENTED_EDGE ( 'NONE', *, *, #1249, .T. ) ;
#27 = CARTESIAN_POINT ( 'NONE',  ( 28.69999999999999929, -11.50000000000000000, 4.000000000000000000 ) ) ;
#28 = ORIENTED_EDGE ( 'NONE', *, *, #1035, .F. ) ;
#29 = FACE_OUTER_BOUND ( 'NONE', #1116, .T. ) ;
#30 = UNCERTAINTY_MEASURE_WITH_UNIT (LENGTH_MEASURE( 1.000000000000000082E-05 ), #1262, 'distance_accuracy_value', 'NONE');
#31 = DIRECTION ( 'NONE',  ( 0.000000000000000000, 0.000000000000000000, 1.000000000000000000 ) ) ;
#32 = DIRECTION ( 'NONE',  ( -0.000000000000000000, -0.000000000000000000, -1.000000000000000000 ) ) ;
#33 = FACE_OUTER_BOUND ( 'NONE', #198, .T. ) ;
#34 = ORIENTED_EDGE ( 'NONE', *, *, #359, .T. ) ;
#35 = DIRECTION ( 'NONE',  ( 1.000000000000000000, 0.000000000000000000, 0.000000000000000000 ) ) ;
#36 = CARTESIAN_POINT ( 'NONE',  ( 59.70000000000000284, -11.50000000000000000, 8.000000000000000000 ) ) ;
#37 = DIRECTION ( 'NONE',  ( -0.000000000000000000, -0.000000000000000000, -1.000000000000000000 ) ) ;
#38 = CARTESIAN_POINT ( 'NONE',  ( 23.00000000000000000, 15.00000000000000000, 0.000000000000000000 ) ) ;
#39 = ADVANCED_FACE ( 'NONE', ( #422 ), #643, .F. ) ;
#40 = EDGE_LOOP ( 'NONE', ( #1535, #1235 ) ) ;
#41 = CARTESIAN_POINT ( 'NONE',  ( 23.00000000000000000, -7.000000000000000000, 4.000000000000000000 ) ) ;
#42 = AXIS2_PLACEMENT_3D ( 'NONE', #275, #46, #1341 ) ;
#43 = ORIENTED_EDGE ( 'NONE', *, *, #404, .F. ) ;
#44 = AXIS2_PLACEMENT_3D ( 'NONE', #1117, #755, #1112 ) ;
#45 = CIRCLE ( 'NONE', #1357, 1.600000000000000089 ) ;
#46 = DIRECTION ( 'NONE',  ( -0.000000000000000000, -0.000000000000000000, -1.000000000000000000 ) ) ;
#47 = EDGE_LOOP ( 'NONE', ( #834, #592, #1014, #418 ) ) ;
#48 = LINE ( 'NONE', #688, #298 ) ;
#49 = ORIENTED_EDGE ( 'NONE', *, *, #430, .F. ) ;
#50 = LINE ( 'NONE', #56, #441 ) ;
#51 = VERTEX_POINT ( 'NONE', #522 ) ;
#52 = SHAPE_DEFINITION_REPRESENTATION ( #929, #258 ) ;
#53 = DIRECTION ( 'NONE',  ( 0.000000000000000000, 0.000000000000000000, -1.000000000000000000 ) ) ;
#54 = CARTESIAN_POINT ( 'NONE',  ( 5.400000000000000355, 0.000000000000000000, 8.000000000000000000 ) ) ;
#55 = ORIENTED_EDGE ( 'NONE', *, *, #118, .F. ) ;
#56 = CARTESIAN_POINT ( 'NONE',  ( 25.30000000000000071, -11.50000000000000000, 8.000000000000000000 ) ) ;
#57 = VERTEX_POINT ( 'NONE', #533 ) ;
#58 = EDGE_CURVE ( 'NONE', #61, #392, #406, .T. ) ;
#59 = DIRECTION ( 'NONE',  ( -1.000000000000000000, 0.000000000000000000, 0.000000000000000000 ) ) ;
#60 = FACE_BOUND ( 'NONE', #176, .T. ) ;
#61 = VERTEX_POINT ( 'NONE', #992 ) ;
#62 = CARTESIAN_POINT ( 'NONE',  ( 0.000000000000000000, -7.000000000000000000, 0.000000000000000000 ) ) ;
#63 = CIRCLE ( 'NONE', #1477, 1.700000000000000178 ) ;
#64 = AXIS2_PLACEMENT_3D ( 'NONE', #497, #965, #1441 ) ;
#65 = AXIS2_PLACEMENT_3D ( 'NONE', #620, #373, #723 ) ;
#66 = ADVANCED_FACE ( 'NONE', ( #505 ), #1460, .T. ) ;
#67 = AXIS2_PLACEMENT_3D ( 'NONE', #1230, #984, #186 ) ;
#68 = CARTESIAN_POINT ( 'NONE',  ( 0.000000000000000000, 7.000000000000000000, 4.000000000000000000 ) ) ;
#69 = LOCAL_TIME ( 15, 0, 54.00000000000000000, #467 ) ;
#70 = EDGE_CURVE ( 'NONE', #309, #384, #1356, .T. ) ;
#71 = ORIENTED_EDGE ( 'NONE', *, *, #715, .F. ) ;
#72 = CARTESIAN_POINT ( 'NONE',  ( 23.00000000000000000, 15.00000000000000000, 4.000000000000000000 ) ) ;
#73 = ORIENTED_EDGE ( 'NONE', *, *, #458, .T. ) ;
#74 = CARTESIAN_POINT ( 'NONE',  ( 23.00000000000000000, 15.00000000000000000, 4.000000000000000000 ) ) ;
#75 = CARTESIAN_POINT ( 'NONE',  ( 8.599999999999999645, 1.959434878635764491E-16, 0.000000000000000000 ) ) ;
#76 = DIRECTION ( 'NONE',  ( 0.000000000000000000, 0.000000000000000000, 1.000000000000000000 ) ) ;
#77 = EDGE_CURVE ( 'NONE', #849, #532, #1467, .T. ) ;
#78 = ORIENTED_EDGE ( 'NONE', *, *, #1347, .F. ) ;
#79 = CARTESIAN_POINT ( 'NONE',  ( 4.000000000000000000, 4.898587196589412829E-16, 8.000000000000000000 ) ) ;
#80 = ORIENTED_EDGE ( 'NONE', *, *, #561, .F. ) ;
#81 = DIRECTION ( 'NONE',  ( -0.000000000000000000, -0.000000000000000000, -1.000000000000000000 ) ) ;
#82 = CARTESIAN_POINT ( 'NONE',  ( 28.69999999999999929, 11.50000000000000000, 0.000000000000000000 ) ) ;
#83 =( NAMED_UNIT ( * ) PLANE_ANGLE_UNIT ( ) SI_UNIT ( $, .RADIAN. ) );
#84 = ORIENTED_EDGE ( 'NONE', *, *, #1405, .F. ) ;
#85 = CARTESIAN_POINT ( 'NONE',  ( 5.400000000000000355, 0.000000000000000000, 8.000000000000000000 ) ) ;
#86 = ADVANCED_FACE ( 'NONE', ( #511 ), #982, .F. ) ;
#87 = VERTEX_POINT ( 'NONE', #1335 ) ;
#88 = CYLINDRICAL_SURFACE ( 'NONE', #1007, 16.00000000000000000 ) ;
#89 = CIRCLE ( 'NONE', #293, 3.500000000000000000 ) ;
#90 = AXIS2_PLACEMENT_3D ( 'NONE', #360, #480, #820 ) ;
#91 = DIRECTION ( 'NONE',  ( -1.000000000000000000, 0.000000000000000000, 0.000000000000000000 ) ) ;
#92 =( NAMED_UNIT ( * ) SI_UNIT ( $, .STERADIAN. ) SOLID_ANGLE_UNIT ( ) );
#93 = AXIS2_PLACEMENT_3D ( 'NONE', #844, #1072, #135 ) ;
#94 = VECTOR ( 'NONE', #248, 1000.000000000000000 ) ;
#95 = ORIENTED_EDGE ( 'NONE', *, *, #544, .F. ) ;
#96 = CARTESIAN_POINT ( 'NONE',  ( 27.00000000000000000, 11.50000000000000000, 0.000000000000000000 ) ) ;
#97 = CIRCLE ( 'NONE', #1232, 1.700000000000000178 ) ;
#98 = ORIENTED_EDGE ( 'NONE', *, *, #214, .F. ) ;
#99 = DIRECTION ( 'NONE',  ( -0.000000000000000000, -0.000000000000000000, -1.000000000000000000 ) ) ;
#100 = DIRECTION ( 'NONE',  ( 1.000000000000000000, 0.000000000000000000, 0.000000000000000000 ) ) ;
#101 = DIRECTION ( 'NONE',  ( -1.000000000000000000, 0.000000000000000000, 0.000000000000000000 ) ) ;
#102 = ORIENTED_EDGE ( 'NONE', *, *, #1513, .T. ) ;
#103 = LINE ( 'NONE', #79, #805 ) ;
#104 = VERTEX_POINT ( 'NONE', #528 ) ;
#105 = DIRECTION ( 'NONE',  ( 1.000000000000000000, 0.000000000000000000, 0.000000000000000000 ) ) ;
#106 = ADVANCED_FACE ( 'NONE', ( #973, #1204, #876, #399, #150, #289, #412, #618, #1448, #749 ), #388, .F. ) ;
#107 = CARTESIAN_POINT ( 'NONE',  ( 58.00000000000000000, -11.50000000000000000, 4.000000000000000000 ) ) ;
#108 = PERSON_AND_ORGANIZATION_ROLE ( 'creator' ) ;
#109 = ORIENTED_EDGE ( 'NONE', *, *, #632, .F. ) ;
#110 = LINE ( 'NONE', #903, #391 ) ;
#111 = ORIENTED_EDGE ( 'NONE', *, *, #659, .T. ) ;
#112 = CARTESIAN_POINT ( 'NONE',  ( 56.30000000000000426, 11.50000000000000000, 4.000000000000000000 ) ) ;
#113 = VECTOR ( 'NONE', #1025, 1000.000000000000000 ) ;
#114 = DIRECTION ( 'NONE',  ( 0.000000000000000000, 0.000000000000000000, 1.000000000000000000 ) ) ;
#115 = EDGE_CURVE ( 'NONE', #1187, #860, #899, .T. ) ;
#116 = VECTOR ( 'NONE', #742, 1000.000000000000000 ) ;
#117 = ORIENTED_EDGE ( 'NONE', *, *, #470, .T. ) ;
#118 = EDGE_CURVE ( 'NONE', #384, #152, #1036, .T. ) ;
#119 = AXIS2_PLACEMENT_3D ( 'NONE', #568, #327, #1054 ) ;
#120 = CARTESIAN_POINT ( 'NONE',  ( 0.000000000000000000, 0.000000000000000000, 0.000000000000000000 ) ) ;
#121 = AXIS2_PLACEMENT_3D ( 'NONE', #624, #974, #639 ) ;
#122 = ORIENTED_EDGE ( 'NONE', *, *, #1385, .T. ) ;
#123 = CYLINDRICAL_SURFACE ( 'NONE', #1030, 1.700000000000000178 ) ;
#124 = CARTESIAN_POINT ( 'NONE',  ( 0.000000000000000000, -7.000000000000000000, 8.000000000000000000 ) ) ;
#125 = EDGE_LOOP ( 'NONE', ( #843, #547, #205, #863 ) ) ;
#126 = CARTESIAN_POINT ( 'NONE',  ( 23.00000000000000000, -7.000000000000000000, 0.000000000000000000 ) ) ;
#127 = ADVANCED_FACE ( 'NONE', ( #1377 ), #660, .T. ) ;
#128 = ORIENTED_EDGE ( 'NONE', *, *, #831, .T. ) ;
#129 = CARTESIAN_POINT ( 'NONE',  ( -3.388860427931490449, 6.125000000000000888, 6.000000000000000000 ) ) ;
#130 = DIRECTION ( 'NONE',  ( 0.000000000000000000, 0.000000000000000000, -1.000000000000000000 ) ) ;
#131 = DIRECTION ( 'NONE',  ( 1.000000000000000000, 0.000000000000000000, 0.000000000000000000 ) ) ;
#132 = VERTEX_POINT ( 'NONE', #1277 ) ;
#133 = CARTESIAN_POINT ( 'NONE',  ( 3.500000000000000000, -7.000000000000000000, 8.000000000000000000 ) ) ;
#134 = ORIENTED_EDGE ( 'NONE', *, *, #997, .F. ) ;
#135 = DIRECTION ( 'NONE',  ( 1.000000000000000000, 0.000000000000000000, 0.000000000000000000 ) ) ;
#136 = EDGE_CURVE ( 'NONE', #767, #1194, #928, .T. ) ;
#137 = DIRECTION ( 'NONE',  ( -0.000000000000000000, -0.000000000000000000, -1.000000000000000000 ) ) ;
#138 = DATE_AND_TIME ( #830, #1486 ) ;
#139 = VECTOR ( 'NONE', #1315, 1000.000000000000000 ) ;
#140 = ORIENTED_EDGE ( 'NONE', *, *, #1298, .F. ) ;
#141 = CARTESIAN_POINT ( 'NONE',  ( -6.125000000000000000, 3.388860427931489561, 4.000000000000000000 ) ) ;
#142 = CIRCLE ( 'NONE', #1376, 1.700000000000000178 ) ;
#143 = AXIS2_PLACEMENT_3D ( 'NONE', #1338, #1078, #1321 ) ;
#144 = ORIENTED_EDGE ( 'NONE', *, *, #1095, .F. ) ;
#145 = LINE ( 'NONE', #1087, #753 ) ;
#146 = AXIS2_PLACEMENT_3D ( 'NONE', #593, #379, #1421 ) ;
#147 = AXIS2_PLACEMENT_3D ( 'NONE', #523, #1343, #1485 ) ;
#148 = EDGE_CURVE ( 'NONE', #912, #1020, #1012, .T. ) ;
#149 = CARTESIAN_POINT ( 'NONE',  ( -7.000000000000000000, 0.000000000000000000, 8.000000000000000000 ) ) ;
#150 = FACE_BOUND ( 'NONE', #381, .T. ) ;
#151 = DIRECTION ( 'NONE',  ( 1.000000000000000000, 0.000000000000000000, 0.000000000000000000 ) ) ;
#152 = VERTEX_POINT ( 'NONE', #564 ) ;
#153 = DIRECTION ( 'NONE',  ( 1.000000000000000000, 0.000000000000000000, 0.000000000000000000 ) ) ;
#154 = DIRECTION ( 'NONE',  ( -0.000000000000000000, -0.000000000000000000, -1.000000000000000000 ) ) ;
#155 = EDGE_CURVE ( 'NONE', #1206, #1264, #1527, .T. ) ;
#156 = CYLINDRICAL_SURFACE ( 'NONE', #1224, 3.500000000000000000 ) ;
#157 = DIRECTION ( 'NONE',  ( -0.000000000000000000, -0.000000000000000000, -1.000000000000000000 ) ) ;
#158 = ORIENTED_EDGE ( 'NONE', *, *, #498, .F. ) ;
#159 = DIRECTION ( 'NONE',  ( 1.000000000000000000, 0.000000000000000000, 0.000000000000000000 ) ) ;
#160 = APPLICATION_CONTEXT ( 'configuration controlled 3d designs of mechanical parts and assemblies' ) ;
#161 = LINE ( 'NONE', #36, #116 ) ;
#162 = ADVANCED_FACE ( 'NONE', ( #572 ), #885, .T. ) ;
#163 = LINE ( 'NONE', #299, #725 ) ;
#164 = DIRECTION ( 'NONE',  ( 0.000000000000000000, 0.000000000000000000, 1.000000000000000000 ) ) ;
#165 = EDGE_CURVE ( 'NONE', #684, #1337, #1392, .T. ) ;
#166 = VERTEX_POINT ( 'NONE', #75 ) ;
#167 = VECTOR ( 'NONE', #891, 1000.000000000000000 ) ;
#168 = CARTESIAN_POINT ( 'NONE',  ( 0.000000000000000000, 0.000000000000000000, 8.000000000000000000 ) ) ;
#169 = AXIS2_PLACEMENT_3D ( 'NONE', #336, #932, #1158 ) ;
#170 = ORIENTED_EDGE ( 'NONE', *, *, #840, .T. ) ;
#171 = VECTOR ( 'NONE', #866, 1000.000000000000000 ) ;
#172 = CIRCLE ( 'NONE', #657, 3.500000000000000000 ) ;
#173 = AXIS2_PLACEMENT_3D ( 'NONE', #1369, #243, #131 ) ;
#174 = DIRECTION ( 'NONE',  ( -1.000000000000000000, 0.000000000000000000, 0.000000000000000000 ) ) ;
#175 = CYLINDRICAL_SURFACE ( 'NONE', #121, 1.600000000000000089 ) ;
#176 = EDGE_LOOP ( 'NONE', ( #855, #1370, #355, #1255, #798, #1071, #1364, #1084, #495, #664, #238, #49, #28 ) ) ;
#177 = DIRECTION ( 'NONE',  ( 1.000000000000000000, 0.000000000000000000, 0.000000000000000000 ) ) ;
#178 = EDGE_CURVE ( 'NONE', #1077, #392, #1375, .T. ) ;
#179 = CARTESIAN_POINT ( 'NONE',  ( 0.000000000000000000, -7.000000000000000000, 8.000000000000000000 ) ) ;
#180 = FACE_BOUND ( 'NONE', #1233, .T. ) ;
#181 = ORIENTED_EDGE ( 'NONE', *, *, #136, .T. ) ;
#182 = CARTESIAN_POINT ( 'NONE',  ( 6.124999999999999112, 3.388860427931489561, 4.000000000000000000 ) ) ;
#183 = ORIENTED_EDGE ( 'NONE', *, *, #715, .T. ) ;
#184 = EDGE_CURVE ( 'NONE', #970, #352, #649, .T. ) ;
#185 = CARTESIAN_POINT ( 'NONE',  ( 27.00000000000000000, -11.50000000000000000, 4.000000000000000000 ) ) ;
#186 = DIRECTION ( 'NONE',  ( 1.000000000000000000, 0.000000000000000000, 0.000000000000000000 ) ) ;
#187 = VERTEX_POINT ( 'NONE', #451 ) ;
#188 = CYLINDRICAL_SURFACE ( 'NONE', #610, 4.000000000000000000 ) ;
#189 = VECTOR ( 'NONE', #1137, 1000.000000000000000 ) ;
#190 = EDGE_LOOP ( 'NONE', ( #501, #78, #1056, #1118 ) ) ;
#191 = CARTESIAN_POINT ( 'NONE',  ( 0.000000000000000000, 0.000000000000000000, 4.000000000000000000 ) ) ;
#192 = VECTOR ( 'NONE', #845, 1000.000000000000000 ) ;
#193 = AXIS2_PLACEMENT_3D ( 'NONE', #416, #641, #288 ) ;
#194 = EDGE_CURVE ( 'NONE', #1020, #51, #387, .T. ) ;
#195 = VECTOR ( 'NONE', #835, 1000.000000000000000 ) ;
#196 = DIRECTION ( 'NONE',  ( 0.000000000000000000, 0.000000000000000000, 1.000000000000000000 ) ) ;
#197 = DIRECTION ( 'NONE',  ( -1.000000000000000000, 0.000000000000000000, 0.000000000000000000 ) ) ;
#198 = EDGE_LOOP ( 'NONE', ( #1498, #524, #713, #335 ) ) ;
#199 = LINE ( 'NONE', #1039, #1202 ) ;
#200 = ORIENTED_EDGE ( 'NONE', *, *, #1298, .T. ) ;
#201 = DIRECTION ( 'NONE',  ( 1.000000000000000000, 0.000000000000000000, 0.000000000000000000 ) ) ;
#202 = DIRECTION ( 'NONE',  ( 0.000000000000000000, 0.000000000000000000, 1.000000000000000000 ) ) ;
#203 = EDGE_CURVE ( 'NONE', #240, #931, #63, .T. ) ;
#204 = CYLINDRICAL_SURFACE ( 'NONE', #1083, 1.599999999999999867 ) ;
#205 = ORIENTED_EDGE ( 'NONE', *, *, #424, .T. ) ;
#206 = DIRECTION ( 'NONE',  ( 1.000000000000000000, 0.000000000000000000, 0.000000000000000000 ) ) ;
#207 = EDGE_LOOP ( 'NONE', ( #996, #73, #378, #144 ) ) ;
#208 = FACE_OUTER_BOUND ( 'NONE', #1223, .T. ) ;
#209 = CARTESIAN_POINT ( 'NONE',  ( 0.000000000000000000, 0.000000000000000000, 0.000000000000000000 ) ) ;
#210 = CARTESIAN_POINT ( 'NONE',  ( -7.000000000000000000, 0.000000000000000000, 8.000000000000000000 ) ) ;
#211 = CC_DESIGN_PERSON_AND_ORGANIZATION_ASSIGNMENT ( #719, #108, ( #225 ) ) ;
#212 = ORIENTED_EDGE ( 'NONE', *, *, #632, .T. ) ;
#213 = CARTESIAN_POINT ( 'NONE',  ( 0.000000000000000000, 0.000000000000000000, 4.000000000000000000 ) ) ;
#214 = EDGE_CURVE ( 'NONE', #647, #1317, #549, .T. ) ;
#215 = ORIENTED_EDGE ( 'NONE', *, *, #887, .T. ) ;
#216 = CARTESIAN_POINT ( 'NONE',  ( 7.000000000000000000, 0.000000000000000000, 8.000000000000000000 ) ) ;
#217 = AXIS2_PLACEMENT_3D ( 'NONE', #1096, #276, #1103 ) ;
#218 = CIRCLE ( 'NONE', #1503, 7.000000000000000000 ) ;
#219 = FACE_BOUND ( 'NONE', #1320, .T. ) ;
#220 = FACE_OUTER_BOUND ( 'NONE', #1000, .T. ) ;
#221 = VECTOR ( 'NONE', #1446, 1000.000000000000000 ) ;
#222 = AXIS2_PLACEMENT_3D ( 'NONE', #696, #1171, #4 ) ;
#223 = ORIENTED_EDGE ( 'NONE', *, *, #14, .T. ) ;
#224 = DIRECTION ( 'NONE',  ( -0.000000000000000000, -0.000000000000000000, -1.000000000000000000 ) ) ;
#225 = PRODUCT_DEFINITION_FORMATION_WITH_SPECIFIED_SOURCE ( 'ANY', '', #1416, .NOT_KNOWN. ) ;
#226 = VERTEX_POINT ( 'NONE', #427 ) ;
#227 = CARTESIAN_POINT ( 'NONE',  ( 23.00000000000000000, -15.00000000000000000, 0.000000000000000000 ) ) ;
#228 = EDGE_CURVE ( 'NONE', #1420, #372, #89, .T. ) ;
#229 = DIRECTION ( 'NONE',  ( 1.000000000000000000, 0.000000000000000000, 0.000000000000000000 ) ) ;
#230 = VERTEX_POINT ( 'NONE', #1496 ) ;
#231 = CARTESIAN_POINT ( 'NONE',  ( 0.000000000000000000, -7.000000000000000000, 8.000000000000000000 ) ) ;
#232 = ORIENTED_EDGE ( 'NONE', *, *, #178, .F. ) ;
#233 = CARTESIAN_POINT ( 'NONE',  ( 0.000000000000000000, 0.000000000000000000, 8.000000000000000000 ) ) ;
#234 = EDGE_CURVE ( 'NONE', #1482, #261, #1079, .T. ) ;
#235 = EDGE_CURVE ( 'NONE', #462, #849, #1261, .T. ) ;
#236 = CARTESIAN_POINT ( 'NONE',  ( 23.00000000000000000, 7.000000000000000000, 0.000000000000000000 ) ) ;
#237 = DATE_TIME_ROLE ( 'creation_date' ) ;
#238 = ORIENTED_EDGE ( 'NONE', *, *, #234, .F. ) ;
#239 = CARTESIAN_POINT ( 'NONE',  ( 56.30000000000000426, -11.50000000000000000, 0.000000000000000000 ) ) ;
#240 = VERTEX_POINT ( 'NONE', #82 ) ;
#241 = CARTESIAN_POINT ( 'NONE',  ( 0.000000000000000000, 7.000000000000000000, 8.000000000000000000 ) ) ;
#242 = CARTESIAN_POINT ( 'NONE',  ( 58.00000000000000000, 11.50000000000000000, 0.000000000000000000 ) ) ;
#243 = DIRECTION ( 'NONE',  ( 0.000000000000000000, 0.000000000000000000, 1.000000000000000000 ) ) ;
#244 = ADVANCED_FACE ( 'NONE', ( #556, #219, #1144, #252, #366, #829 ), #578, .T. ) ;
#245 = CIRCLE ( 'NONE', #1479, 16.00000000000000000 ) ;
#246 = ORIENTED_EDGE ( 'NONE', *, *, #1373, .T. ) ;
#247 = CIRCLE ( 'NONE', #419, 1.600000000000000089 ) ;
#248 = DIRECTION ( 'NONE',  ( -0.000000000000000000, -0.000000000000000000, -1.000000000000000000 ) ) ;
#249 = AXIS2_PLACEMENT_3D ( 'NONE', #350, #1499, #1524 ) ;
#250 = ORIENTED_EDGE ( 'NONE', *, *, #284, .T. ) ;
#251 = LINE ( 'NONE', #605, #1379 ) ;
#252 = FACE_BOUND ( 'NONE', #989, .T. ) ;
#253 = ADVANCED_FACE ( 'NONE', ( #354 ), #1424, .T. ) ;
#254 = EDGE_LOOP ( 'NONE', ( #1221, #482, #256, #787 ) ) ;
#255 = DIRECTION ( 'NONE',  ( -1.000000000000000000, 0.000000000000000000, 0.000000000000000000 ) ) ;
#256 = ORIENTED_EDGE ( 'NONE', *, *, #1159, .T. ) ;
#257 = CARTESIAN_POINT ( 'NONE',  ( 58.00000000000000000, -11.50000000000000000, 8.000000000000000000 ) ) ;
#258 = ADVANCED_BREP_SHAPE_REPRESENTATION ( 'ARM-204_Modular_forearm_MG996R', ( #315, #173 ), #1308 ) ;
#259 = CARTESIAN_POINT ( 'NONE',  ( 0.000000000000000000, 7.000000000000000000, 8.000000000000000000 ) ) ;
#260 = DATE_AND_TIME ( #25, #542 ) ;
#261 = VERTEX_POINT ( 'NONE', #694 ) ;
#262 = LINE ( 'NONE', #944, #907 ) ;
#263 = ORIENTED_EDGE ( 'NONE', *, *, #1450, .F. ) ;
#264 = DIRECTION ( 'NONE',  ( 1.000000000000000000, 0.000000000000000000, 0.000000000000000000 ) ) ;
#265 = ADVANCED_FACE ( 'NONE', ( #1184 ), #718, .F. ) ;
#266 = LINE ( 'NONE', #1495, #192 ) ;
#267 = APPROVAL_STATUS ( 'not_yet_approved' ) ;
#268 = DIRECTION ( 'NONE',  ( 0.000000000000000000, 0.000000000000000000, -1.000000000000000000 ) ) ;
#269 = CARTESIAN_POINT ( 'NONE',  ( 58.00000000000000000, 11.50000000000000000, 0.000000000000000000 ) ) ;
#270 = CIRCLE ( 'NONE', #1080, 16.00000000000000000 ) ;
#271 = EDGE_LOOP ( 'NONE', ( #720, #357, #847, #1258 ) ) ;
#272 = DIRECTION ( 'NONE',  ( -0.000000000000000000, -0.000000000000000000, -1.000000000000000000 ) ) ;
#273 = AXIS2_PLACEMENT_3D ( 'NONE', #1474, #534, #1468 ) ;
#274 = ADVANCED_FACE ( 'NONE', ( #607 ), #812, .F. ) ;
#275 = CARTESIAN_POINT ( 'NONE',  ( 0.000000000000000000, 7.000000000000000000, 0.000000000000000000 ) ) ;
#276 = DIRECTION ( 'NONE',  ( 0.000000000000000000, 0.000000000000000000, -1.000000000000000000 ) ) ;
#277 = LINE ( 'NONE', #738, #420 ) ;
#278 = VERTEX_POINT ( 'NONE', #1074 ) ;
#279 = CARTESIAN_POINT ( 'NONE',  ( 0.000000000000000000, 0.000000000000000000, 8.000000000000000000 ) ) ;
#280 = ORIENTED_EDGE ( 'NONE', *, *, #1042, .F. ) ;
#281 = EDGE_CURVE ( 'NONE', #1475, #87, #1067, .T. ) ;
#282 = CARTESIAN_POINT ( 'NONE',  ( 59.70000000000000284, 11.50000000000000000, 4.000000000000000000 ) ) ;
#283 = APPROVAL_DATE_TIME ( #1211, #514 ) ;
#284 = EDGE_CURVE ( 'NONE', #1482, #104, #488, .T. ) ;
#285 = DIRECTION ( 'NONE',  ( -1.000000000000000000, 0.000000000000000000, 0.000000000000000000 ) ) ;
#286 = CARTESIAN_POINT ( 'NONE',  ( 23.00000000000000000, -15.00000000000000000, 0.000000000000000000 ) ) ;
#287 = ORIENTED_EDGE ( 'NONE', *, *, #1013, .T. ) ;
#288 = DIRECTION ( 'NONE',  ( 1.000000000000000000, 0.000000000000000000, 0.000000000000000000 ) ) ;
#289 = FACE_BOUND ( 'NONE', #1469, .T. ) ;
#290 = EDGE_CURVE ( 'NONE', #453, #860, #978, .T. ) ;
#291 = DIRECTION ( 'NONE',  ( 1.000000000000000000, 0.000000000000000000, 0.000000000000000000 ) ) ;
#292 = EDGE_LOOP ( 'NONE', ( #822, #1294, #581, #349 ) ) ;
#293 = AXIS2_PLACEMENT_3D ( 'NONE', #680, #765, #1018 ) ;
#294 = CARTESIAN_POINT ( 'NONE',  ( 14.38749456993815734, -7.000000000000000000, 4.000000000000000000 ) ) ;
#295 = CIRCLE ( 'NONE', #801, 1.599999999999999867 ) ;
#296 = ORIENTED_EDGE ( 'NONE', *, *, #527, .T. ) ;
#297 = AXIS2_PLACEMENT_3D ( 'NONE', #231, #580, #469 ) ;
#298 = VECTOR ( 'NONE', #76, 1000.000000000000000 ) ;
#299 = CARTESIAN_POINT ( 'NONE',  ( 56.30000000000000426, 11.50000000000000000, 8.000000000000000000 ) ) ;
#300 = DIRECTION ( 'NONE',  ( 1.000000000000000000, 0.000000000000000000, 0.000000000000000000 ) ) ;
#301 = EDGE_CURVE ( 'NONE', #968, #1047, #535, .T. ) ;
#302 = ORIENTED_EDGE ( 'NONE', *, *, #861, .T. ) ;
#303 = DIRECTION ( 'NONE',  ( -0.000000000000000000, -0.000000000000000000, -1.000000000000000000 ) ) ;
#304 = ORIENTED_EDGE ( 'NONE', *, *, #359, .F. ) ;
#305 = DIRECTION ( 'NONE',  ( -0.000000000000000000, -0.000000000000000000, -1.000000000000000000 ) ) ;
#306 = CARTESIAN_POINT ( 'NONE',  ( -3.388860427931490005, 6.125000000000000888, 8.000000000000000000 ) ) ;
#307 = VERTEX_POINT ( 'NONE', #346 ) ;
#308 = CYLINDRICAL_SURFACE ( 'NONE', #654, 7.000000000000000000 ) ;
#309 = VERTEX_POINT ( 'NONE', #236 ) ;
#310 = CARTESIAN_POINT ( 'NONE',  ( 25.30000000000000071, 11.50000000000000000, 8.000000000000000000 ) ) ;
#311 = DIRECTION ( 'NONE',  ( -0.000000000000000000, -0.000000000000000000, -1.000000000000000000 ) ) ;
#312 = DIRECTION ( 'NONE',  ( 0.000000000000000000, 0.000000000000000000, -1.000000000000000000 ) ) ;
#313 = EDGE_LOOP ( 'NONE', ( #401, #1228 ) ) ;
#314 = LINE ( 'NONE', #777, #94 ) ;
#315 = MANIFOLD_SOLID_BREP ( 'Modular_tool_four_M3_pattern', #365 ) ;
#316 = AXIS2_PLACEMENT_3D ( 'NONE', #1386, #1043, #91 ) ;
#317 = ORIENTED_EDGE ( 'NONE', *, *, #1442, .T. ) ;
#318 = CARTESIAN_POINT ( 'NONE',  ( -7.000000000000000000, 0.000000000000000000, 4.000000000000000000 ) ) ;
#319 = CIRCLE ( 'NONE', #652, 1.700000000000000178 ) ;
#320 = EDGE_CURVE ( 'NONE', #676, #462, #245, .T. ) ;
#321 = VECTOR ( 'NONE', #303, 1000.000000000000000 ) ;
#322 = CIRCLE ( 'NONE', #1125, 1.700000000000000178 ) ;
#323 = DIRECTION ( 'NONE',  ( 1.000000000000000000, 0.000000000000000000, 0.000000000000000000 ) ) ;
#324 = CC_DESIGN_APPROVAL ( #514, ( #985 ) ) ;
#325 = FACE_OUTER_BOUND ( 'NONE', #1108, .T. ) ;
#326 = ORIENTED_EDGE ( 'NONE', *, *, #1340, .T. ) ;
#327 = DIRECTION ( 'NONE',  ( 0.000000000000000000, 0.000000000000000000, 1.000000000000000000 ) ) ;
#328 = ORIENTED_EDGE ( 'NONE', *, *, #1089, .T. ) ;
#329 = CARTESIAN_POINT ( 'NONE',  ( 62.00000000000000000, 15.00000000000000000, 4.000000000000000000 ) ) ;
#330 = DIRECTION ( 'NONE',  ( -1.000000000000000000, 0.000000000000000000, 0.000000000000000000 ) ) ;
#331 = CARTESIAN_POINT ( 'NONE',  ( 28.69999999999999929, -11.50000000000000000, 8.000000000000000000 ) ) ;
#332 = EDGE_CURVE ( 'NONE', #278, #526, #838, .T. ) ;
#333 = ORIENTED_EDGE ( 'NONE', *, *, #724, .T. ) ;
#334 = CARTESIAN_POINT ( 'NONE',  ( 8.599999999999999645, 1.959434878635764491E-16, 8.000000000000000000 ) ) ;
#335 = ORIENTED_EDGE ( 'NONE', *, *, #383, .T. ) ;
#336 = CARTESIAN_POINT ( 'NONE',  ( 0.000000000000000000, 0.000000000000000000, 8.000000000000000000 ) ) ;
#337 = DIRECTION ( 'NONE',  ( 0.000000000000000000, 0.000000000000000000, -1.000000000000000000 ) ) ;
#338 = DIRECTION ( 'NONE',  ( -1.000000000000000000, 0.000000000000000000, 0.000000000000000000 ) ) ;
#339 = ADVANCED_FACE ( 'NONE', ( #8 ), #1081, .T. ) ;
#340 = ORIENTED_EDGE ( 'NONE', *, *, #430, .T. ) ;
#341 = DIRECTION ( 'NONE',  ( -1.000000000000000000, 0.000000000000000000, 0.000000000000000000 ) ) ;
#342 = ORIENTED_EDGE ( 'NONE', *, *, #115, .T. ) ;
#343 = DIRECTION ( 'NONE',  ( 0.000000000000000000, 0.000000000000000000, 1.000000000000000000 ) ) ;
#344 = VECTOR ( 'NONE', #337, 1000.000000000000000 ) ;
#345 = AXIS2_PLACEMENT_3D ( 'NONE', #517, #747, #1001 ) ;
#346 = CARTESIAN_POINT ( 'NONE',  ( 3.500000000000000000, 7.000000000000000000, 4.000000000000000000 ) ) ;
#347 = CYLINDRICAL_SURFACE ( 'NONE', #565, 1.700000000000000178 ) ;
#348 = AXIS2_PLACEMENT_3D ( 'NONE', #382, #721, #848 ) ;
#349 = ORIENTED_EDGE ( 'NONE', *, *, #148, .F. ) ;
#350 = CARTESIAN_POINT ( 'NONE',  ( -7.000000000000000000, 0.000000000000000000, 8.000000000000000000 ) ) ;
#351 = EDGE_CURVE ( 'NONE', #526, #307, #1028, .T. ) ;
#352 = VERTEX_POINT ( 'NONE', #1160 ) ;
#353 = DIRECTION ( 'NONE',  ( -0.000000000000000000, -0.000000000000000000, -1.000000000000000000 ) ) ;
#354 = FACE_OUTER_BOUND ( 'NONE', #1155, .T. ) ;
#355 = ORIENTED_EDGE ( 'NONE', *, *, #504, .F. ) ;
#356 = DIRECTION ( 'NONE',  ( 0.000000000000000000, 0.000000000000000000, -1.000000000000000000 ) ) ;
#357 = ORIENTED_EDGE ( 'NONE', *, *, #1436, .T. ) ;
#358 = DIRECTION ( 'NONE',  ( 1.000000000000000000, 0.000000000000000000, 0.000000000000000000 ) ) ;
#359 = EDGE_CURVE ( 'NONE', #1047, #968, #465, .T. ) ;
#360 = CARTESIAN_POINT ( 'NONE',  ( 0.000000000000000000, -7.000000000000000000, 8.000000000000000000 ) ) ;
#361 = VERTEX_POINT ( 'NONE', #1417 ) ;
#362 = ORIENTED_EDGE ( 'NONE', *, *, #763, .F. ) ;
#363 = CARTESIAN_POINT ( 'NONE',  ( -6.125000000000000888, 3.388860427931490449, 6.000000000000000000 ) ) ;
#364 = EDGE_CURVE ( 'NONE', #484, #1489, #390, .T. ) ;
#365 = CLOSED_SHELL ( 'NONE', ( #790, #819, #1415, #86, #1453, #1465, #589, #1329, #23, #1120, #127, #339, #818, #667, #955, #1423, #518, #162, #867, #1053, #811, #265, #615, #438, #106, #990, #411, #1483, #1208, #397, #244, #642, #1492, #66, #253, #623, #39, #1113, #898, #274, #1282, #1531, #1522 ) ) ;
#366 = FACE_BOUND ( 'NONE', #952, .T. ) ;
#367 = PERSON_AND_ORGANIZATION ( #1209, #732 ) ;
#368 = ORIENTED_EDGE ( 'NONE', *, *, #214, .T. ) ;
#369 = CIRCLE ( 'NONE', #1432, 1.599999999999999867 ) ;
#370 = CARTESIAN_POINT ( 'NONE',  ( 0.000000000000000000, 0.000000000000000000, 0.000000000000000000 ) ) ;
#371 = AXIS2_PLACEMENT_3D ( 'NONE', #1534, #1396, #1371 ) ;
#372 = VERTEX_POINT ( 'NONE', #1299 ) ;
#373 = DIRECTION ( 'NONE',  ( 0.000000000000000000, 0.000000000000000000, -1.000000000000000000 ) ) ;
#374 = AXIS2_PLACEMENT_3D ( 'NONE', #661, #452, #1387 ) ;
#375 = DIRECTION ( 'NONE',  ( 0.000000000000000000, 0.000000000000000000, -1.000000000000000000 ) ) ;
#376 = ORIENTED_EDGE ( 'NONE', *, *, #155, .T. ) ;
#377 = CARTESIAN_POINT ( 'NONE',  ( 0.000000000000000000, 0.000000000000000000, 0.000000000000000000 ) ) ;
#378 = ORIENTED_EDGE ( 'NONE', *, *, #693, .T. ) ;
#379 = DIRECTION ( 'NONE',  ( 0.000000000000000000, 0.000000000000000000, 1.000000000000000000 ) ) ;
#380 = CARTESIAN_POINT ( 'NONE',  ( 3.388860427931489561, 6.125000000000000000, 4.000000000000000000 ) ) ;
#381 = EDGE_LOOP ( 'NONE', ( #1300, #232 ) ) ;
#382 = CARTESIAN_POINT ( 'NONE',  ( 7.000000000000000000, 0.000000000000000000, 8.000000000000000000 ) ) ;
#383 = EDGE_CURVE ( 'NONE', #662, #1525, #142, .T. ) ;
#384 = VERTEX_POINT ( 'NONE', #616 ) ;
#385 = CARTESIAN_POINT ( 'NONE',  ( -7.000000000000000000, 0.000000000000000000, 8.000000000000000000 ) ) ;
#386 = DIRECTION ( 'NONE',  ( 1.000000000000000000, 0.000000000000000000, 0.000000000000000000 ) ) ;
#387 = CIRCLE ( 'NONE', #415, 3.500000000000000000 ) ;
#388 = PLANE ( 'NONE',  #826 ) ;
#389 = FACE_OUTER_BOUND ( 'NONE', #254, .T. ) ;
#390 = CIRCLE ( 'NONE', #90, 3.500000000000000000 ) ;
#391 = VECTOR ( 'NONE', #1134, 1000.000000000000000 ) ;
#392 = VERTEX_POINT ( 'NONE', #405 ) ;
#393 = CARTESIAN_POINT ( 'NONE',  ( -16.00000000000000000, 0.000000000000000000, 4.000000000000000000 ) ) ;
#394 = EDGE_CURVE ( 'NONE', #261, #841, #562, .T. ) ;
#395 = CIRCLE ( 'NONE', #832, 16.00000000000000000 ) ;
#396 = AXIS2_PLACEMENT_3D ( 'NONE', #1097, #164, #1104 ) ;
#397 = ADVANCED_FACE ( 'NONE', ( #1210 ), #736, .F. ) ;
#398 = DIRECTION ( 'NONE',  ( -1.000000000000000000, 0.000000000000000000, 0.000000000000000000 ) ) ;
#399 = FACE_BOUND ( 'NONE', #313, .T. ) ;
#400 = FACE_OUTER_BOUND ( 'NONE', #1238, .T. ) ;
#401 = ORIENTED_EDGE ( 'NONE', *, *, #1393, .F. ) ;
#402 = DIRECTION ( 'NONE',  ( -1.000000000000000000, 0.000000000000000000, 0.000000000000000000 ) ) ;
#403 = ORIENTED_EDGE ( 'NONE', *, *, #351, .T. ) ;
#404 = EDGE_CURVE ( 'NONE', #998, #166, #1017, .T. ) ;
#405 = CARTESIAN_POINT ( 'NONE',  ( -4.000000000000000000, 0.000000000000000000, 0.000000000000000000 ) ) ;
#406 = LINE ( 'NONE', #638, #954 ) ;
#407 = CARTESIAN_POINT ( 'NONE',  ( 0.000000000000000000, -7.000000000000000000, 0.000000000000000000 ) ) ;
#408 = ORIENTED_EDGE ( 'NONE', *, *, #458, .F. ) ;
#409 = DIRECTION ( 'NONE',  ( -0.000000000000000000, -0.000000000000000000, -1.000000000000000000 ) ) ;
#410 = ORIENTED_EDGE ( 'NONE', *, *, #617, .F. ) ;
#411 = ADVANCED_FACE ( 'NONE', ( #853 ), #509, .F. ) ;
#412 = FACE_BOUND ( 'NONE', #554, .T. ) ;
#413 = CARTESIAN_POINT ( 'NONE',  ( 23.00000000000000000, 15.00000000000000000, 4.000000000000000000 ) ) ;
#414 = ORIENTED_EDGE ( 'NONE', *, *, #70, .T. ) ;
#415 = AXIS2_PLACEMENT_3D ( 'NONE', #68, #196, #100 ) ;
#416 = CARTESIAN_POINT ( 'NONE',  ( 58.00000000000000000, 11.50000000000000000, 4.000000000000000000 ) ) ;
#417 = CIRCLE ( 'NONE', #1402, 3.500000000000000000 ) ;
#418 = ORIENTED_EDGE ( 'NONE', *, *, #1393, .T. ) ;
#419 = AXIS2_PLACEMENT_3D ( 'NONE', #62, #409, #177 ) ;
#420 = VECTOR ( 'NONE', #157, 1000.000000000000000 ) ;
#421 = CC_DESIGN_DATE_AND_TIME_ASSIGNMENT ( #1316, #237, ( #1268 ) ) ;
#422 = FACE_OUTER_BOUND ( 'NONE', #475, .T. ) ;
#423 = DIRECTION ( 'NONE',  ( -0.000000000000000000, -1.000000000000000000, -0.000000000000000000 ) ) ;
#424 = EDGE_CURVE ( 'NONE', #132, #931, #1466, .T. ) ;
#425 = ORIENTED_EDGE ( 'NONE', *, *, #925, .F. ) ;
#426 = FACE_OUTER_BOUND ( 'NONE', #1367, .T. ) ;
#427 = CARTESIAN_POINT ( 'NONE',  ( 4.000000000000000000, 4.898587196589412829E-16, 8.000000000000000000 ) ) ;
#428 = VERTEX_POINT ( 'NONE', #991 ) ;
#429 = LINE ( 'NONE', #768, #171 ) ;
#430 = EDGE_CURVE ( 'NONE', #668, #1482, #1429, .T. ) ;
#431 = ORIENTED_EDGE ( 'NONE', *, *, #1319, .F. ) ;
#432 = DIRECTION ( 'NONE',  ( -0.000000000000000000, -0.000000000000000000, -1.000000000000000000 ) ) ;
#433 = CARTESIAN_POINT ( 'NONE',  ( 0.000000000000000000, 0.000000000000000000, 4.000000000000000000 ) ) ;
#434 = DIRECTION ( 'NONE',  ( 0.000000000000000000, 0.000000000000000000, -1.000000000000000000 ) ) ;
#435 = ORIENTED_EDGE ( 'NONE', *, *, #404, .T. ) ;
#436 = DIRECTION ( 'NONE',  ( 0.000000000000000000, 0.000000000000000000, -1.000000000000000000 ) ) ;
#437 = ORIENTED_EDGE ( 'NONE', *, *, #1107, .F. ) ;
#438 = ADVANCED_FACE ( 'NONE', ( #628 ), #1458, .T. ) ;
#439 = CARTESIAN_POINT ( 'NONE',  ( 3.500000000000000000, -7.000000000000000000, 4.000000000000000000 ) ) ;
#440 = VECTOR ( 'NONE', #677, 1000.000000000000000 ) ;
#441 = VECTOR ( 'NONE', #1488, 1000.000000000000000 ) ;
#442 = AXIS2_PLACEMENT_3D ( 'NONE', #120, #591, #1063 ) ;
#443 = DIRECTION ( 'NONE',  ( 0.000000000000000000, 0.000000000000000000, -1.000000000000000000 ) ) ;
#444 = DIRECTION ( 'NONE',  ( -0.000000000000000000, -0.000000000000000000, -1.000000000000000000 ) ) ;
#445 = VERTEX_POINT ( 'NONE', #780 ) ;
#446 = DIRECTION ( 'NONE',  ( 1.000000000000000000, 0.000000000000000000, 0.000000000000000000 ) ) ;
#447 = ORIENTED_EDGE ( 'NONE', *, *, #948, .F. ) ;
#448 = LINE ( 'NONE', #329, #776 ) ;
#449 = CC_DESIGN_PERSON_AND_ORGANIZATION_ASSIGNMENT ( #474, #1323, ( #1268 ) ) ;
#450 = EDGE_CURVE ( 'NONE', #841, #901, #266, .T. ) ;
#451 = CARTESIAN_POINT ( 'NONE',  ( -3.388860427931489561, -6.125000000000000000, 4.000000000000000000 ) ) ;
#452 = DIRECTION ( 'NONE',  ( 0.000000000000000000, 1.000000000000000000, 0.000000000000000000 ) ) ;
#453 = VERTEX_POINT ( 'NONE', #656 ) ;
#454 = CARTESIAN_POINT ( 'NONE',  ( 14.38749456993815734, -7.000000000000000000, 0.000000000000000000 ) ) ;
#455 = ORIENTED_EDGE ( 'NONE', *, *, #861, .F. ) ;
#456 = CARTESIAN_POINT ( 'NONE',  ( 58.00000000000000000, -11.50000000000000000, 0.000000000000000000 ) ) ;
#457 = DIRECTION ( 'NONE',  ( -1.000000000000000000, 0.000000000000000000, 0.000000000000000000 ) ) ;
#458 = EDGE_CURVE ( 'NONE', #968, #428, #161, .T. ) ;
#459 = DIRECTION ( 'NONE',  ( -1.000000000000000000, 0.000000000000000000, 0.000000000000000000 ) ) ;
#460 = VERTEX_POINT ( 'NONE', #972 ) ;
#461 = DIRECTION ( 'NONE',  ( -0.000000000000000000, -0.000000000000000000, -1.000000000000000000 ) ) ;
#462 = VERTEX_POINT ( 'NONE', #503 ) ;
#463 = PLANE ( 'NONE',  #1172 ) ;
#464 = AXIS2_PLACEMENT_3D ( 'NONE', #1348, #1114, #285 ) ;
#465 = CIRCLE ( 'NONE', #1280, 1.700000000000000178 ) ;
#466 = DIRECTION ( 'NONE',  ( 0.000000000000000000, 0.000000000000000000, 1.000000000000000000 ) ) ;
#467 = COORDINATED_UNIVERSAL_TIME_OFFSET ( 6, 0, .BEHIND. ) ;
#468 = ORIENTED_EDGE ( 'NONE', *, *, #1366, .F. ) ;
#469 = DIRECTION ( 'NONE',  ( -1.000000000000000000, 0.000000000000000000, 0.000000000000000000 ) ) ;
#470 = EDGE_CURVE ( 'NONE', #1264, #1206, #513, .T. ) ;
#471 = ORIENTED_EDGE ( 'NONE', *, *, #1331, .T. ) ;
#472 = DIRECTION ( 'NONE',  ( 1.000000000000000000, 0.000000000000000000, 0.000000000000000000 ) ) ;
#473 = DIRECTION ( 'NONE',  ( 0.000000000000000000, 0.000000000000000000, 1.000000000000000000 ) ) ;
#474 = PERSON_AND_ORGANIZATION ( #1209, #732 ) ;
#475 = EDGE_LOOP ( 'NONE', ( #769, #739, #706, #477 ) ) ;
#476 = CARTESIAN_POINT ( 'NONE',  ( -1.600000000000000089, -7.000000000000000000, 8.000000000000000000 ) ) ;
#477 = ORIENTED_EDGE ( 'NONE', *, *, #486, .T. ) ;
#478 = DIRECTION ( 'NONE',  ( -1.000000000000000000, 0.000000000000000000, 0.000000000000000000 ) ) ;
#479 = EDGE_CURVE ( 'NONE', #132, #1478, #1480, .T. ) ;
#480 = DIRECTION ( 'NONE',  ( 0.000000000000000000, 0.000000000000000000, 1.000000000000000000 ) ) ;
#481 = PERSON_AND_ORGANIZATION ( #1209, #732 ) ;
#482 = ORIENTED_EDGE ( 'NONE', *, *, #743, .T. ) ;
#483 = CARTESIAN_POINT ( 'NONE',  ( 62.00000000000000000, -15.00000000000000000, 4.000000000000000000 ) ) ;
#484 = VERTEX_POINT ( 'NONE', #621 ) ;
#485 = DIRECTION ( 'NONE',  ( 0.000000000000000000, 0.000000000000000000, -1.000000000000000000 ) ) ;
#486 = EDGE_CURVE ( 'NONE', #1002, #1337, #1330, .T. ) ;
#487 = AXIS2_PLACEMENT_3D ( 'NONE', #433, #666, #783 ) ;
#488 = LINE ( 'NONE', #957, #139 ) ;
#489 = PERSON_AND_ORGANIZATION ( #1209, #732 ) ;
#490 = VECTOR ( 'NONE', #1374, 1000.000000000000000 ) ;
#491 = VERTEX_POINT ( 'NONE', #282 ) ;
#492 = CIRCLE ( 'NONE', #1124, 7.000000000000000000 ) ;
#493 = DIRECTION ( 'NONE',  ( 1.000000000000000000, 0.000000000000000000, 0.000000000000000000 ) ) ;
#494 = CIRCLE ( 'NONE', #1254, 7.000000000000000000 ) ;
#495 = ORIENTED_EDGE ( 'NONE', *, *, #782, .F. ) ;
#496 = DIRECTION ( 'NONE',  ( 0.000000000000000000, 0.000000000000000000, 1.000000000000000000 ) ) ;
#497 = CARTESIAN_POINT ( 'NONE',  ( 0.000000000000000000, 0.000000000000000000, 8.000000000000000000 ) ) ;
#498 = EDGE_CURVE ( 'NONE', #372, #986, #727, .T. ) ;
#499 = ORIENTED_EDGE ( 'NONE', *, *, #184, .T. ) ;
#500 = LINE ( 'NONE', #969, #679 ) ;
#501 = ORIENTED_EDGE ( 'NONE', *, *, #770, .T. ) ;
#502 = DIRECTION ( 'NONE',  ( -0.000000000000000000, -0.000000000000000000, -1.000000000000000000 ) ) ;
#503 = CARTESIAN_POINT ( 'NONE',  ( 14.38749456993815734, -7.000000000000000000, 4.000000000000000000 ) ) ;
#504 = EDGE_CURVE ( 'NONE', #986, #914, #1101, .T. ) ;
#505 = FACE_OUTER_BOUND ( 'NONE', #963, .T. ) ;
#506 = CARTESIAN_POINT ( 'NONE',  ( 62.00000000000000000, -15.00000000000000000, 4.000000000000000000 ) ) ;
#507 = ORIENTED_EDGE ( 'NONE', *, *, #58, .F. ) ;
#508 = LINE ( 'NONE', #129, #539 ) ;
#509 = PLANE ( 'NONE',  #1225 ) ;
#510 = AXIS2_PLACEMENT_3D ( 'NONE', #185, #1368, #323 ) ;
#511 = FACE_OUTER_BOUND ( 'NONE', #1500, .T. ) ;
#512 = CARTESIAN_POINT ( 'NONE',  ( 0.000000000000000000, 0.000000000000000000, 4.000000000000000000 ) ) ;
#513 = CIRCLE ( 'NONE', #827, 1.700000000000000178 ) ;
#514 = APPROVAL ( #1293, 'UNSPECIFIED' ) ;
#515 = VECTOR ( 'NONE', #1452, 1000.000000000000000 ) ;
#516 = ORIENTED_EDGE ( 'NONE', *, *, #918, .T. ) ;
#517 = CARTESIAN_POINT ( 'NONE',  ( 0.000000000000000000, 7.000000000000000000, 8.000000000000000000 ) ) ;
#518 = ADVANCED_FACE ( 'NONE', ( #665 ), #24, .T. ) ;
#519 = AXIS2_PLACEMENT_3D ( 'NONE', #857, #993, #1336 ) ;
#520 = ORIENTED_EDGE ( 'NONE', *, *, #598, .T. ) ;
#521 = DIRECTION ( 'NONE',  ( 1.000000000000000000, 0.000000000000000000, 0.000000000000000000 ) ) ;
#522 = CARTESIAN_POINT ( 'NONE',  ( -3.388860427931489561, 6.125000000000000000, 4.000000000000000000 ) ) ;
#523 = CARTESIAN_POINT ( 'NONE',  ( 7.000000000000000000, 0.000000000000000000, 8.000000000000000000 ) ) ;
#524 = ORIENTED_EDGE ( 'NONE', *, *, #887, .F. ) ;
#525 = CARTESIAN_POINT ( 'NONE',  ( -10.50000000000000000, 0.000000000000000000, 4.000000000000000000 ) ) ;
#526 = VERTEX_POINT ( 'NONE', #380 ) ;
#527 = EDGE_CURVE ( 'NONE', #970, #1475, #295, .T. ) ;
#528 = CARTESIAN_POINT ( 'NONE',  ( 3.388860427931490005, -6.125000000000000888, 8.000000000000000000 ) ) ;
#529 = DIRECTION ( 'NONE',  ( 1.000000000000000000, 0.000000000000000000, 0.000000000000000000 ) ) ;
#530 = ORIENTED_EDGE ( 'NONE', *, *, #320, .T. ) ;
#531 = DIRECTION ( 'NONE',  ( 0.000000000000000000, 1.000000000000000000, 0.000000000000000000 ) ) ;
#532 = VERTEX_POINT ( 'NONE', #906 ) ;
#533 = CARTESIAN_POINT ( 'NONE',  ( -16.00000000000000000, 0.000000000000000000, 0.000000000000000000 ) ) ;
#534 = DIRECTION ( 'NONE',  ( 0.000000000000000000, 0.000000000000000000, 1.000000000000000000 ) ) ;
#535 = CIRCLE ( 'NONE', #608, 1.700000000000000178 ) ;
#536 = ORIENTED_EDGE ( 'NONE', *, *, #1502, .T. ) ;
#537 = AXIS2_PLACEMENT_3D ( 'NONE', #216, #99, #1536 ) ;
#538 = FACE_OUTER_BOUND ( 'NONE', #1170, .T. ) ;
#539 = VECTOR ( 'NONE', #1365, 1000.000000000000000 ) ;
#540 = ORIENTED_EDGE ( 'NONE', *, *, #332, .F. ) ;
#541 = VECTOR ( 'NONE', #1110, 1000.000000000000000 ) ;
#542 = LOCAL_TIME ( 15, 0, 54.00000000000000000, #813 ) ;
#543 = DIRECTION ( 'NONE',  ( 0.000000000000000000, 0.000000000000000000, -1.000000000000000000 ) ) ;
#544 = EDGE_CURVE ( 'NONE', #1381, #104, #1147, .T. ) ;
#545 = ORIENTED_EDGE ( 'NONE', *, *, #1139, .T. ) ;
#546 = DIRECTION ( 'NONE',  ( 0.000000000000000000, 0.000000000000000000, 1.000000000000000000 ) ) ;
#547 = ORIENTED_EDGE ( 'NONE', *, *, #479, .F. ) ;
#548 = DIRECTION ( 'NONE',  ( 0.000000000000000000, -1.000000000000000000, 0.000000000000000000 ) ) ;
#549 = LINE ( 'NONE', #910, #1302 ) ;
#550 = CARTESIAN_POINT ( 'NONE',  ( -3.500000000000000000, -7.000000000000000000, 8.000000000000000000 ) ) ;
#551 = EDGE_CURVE ( 'NONE', #1317, #309, #1512, .T. ) ;
#552 = ORIENTED_EDGE ( 'NONE', *, *, #1198, .F. ) ;
#553 = CARTESIAN_POINT ( 'NONE',  ( 6.125000000000000888, -3.388860427931490449, 6.000000000000000000 ) ) ;
#554 = EDGE_LOOP ( 'NONE', ( #1413, #12 ) ) ;
#555 = FACE_OUTER_BOUND ( 'NONE', #271, .T. ) ;
#556 = FACE_BOUND ( 'NONE', #3, .T. ) ;
#557 = EDGE_LOOP ( 'NONE', ( #1342, #733 ) ) ;
#558 = DIRECTION ( 'NONE',  ( 0.000000000000000000, 0.000000000000000000, 1.000000000000000000 ) ) ;
#559 = EDGE_LOOP ( 'NONE', ( #1090, #287, #122, #437 ) ) ;
#560 = DIRECTION ( 'NONE',  ( -0.000000000000000000, -0.000000000000000000, -1.000000000000000000 ) ) ;
#561 = EDGE_CURVE ( 'NONE', #1023, #484, #726, .T. ) ;
#562 = CIRCLE ( 'NONE', #584, 3.500000000000000444 ) ;
#563 = AXIS2_PLACEMENT_3D ( 'NONE', #483, #255, #951 ) ;
#564 = CARTESIAN_POINT ( 'NONE',  ( 14.38749456993815734, 7.000000000000000000, 4.000000000000000000 ) ) ;
#565 = AXIS2_PLACEMENT_3D ( 'NONE', #1132, #1270, #338 ) ;
#566 = DIRECTION ( 'NONE',  ( -1.000000000000000000, 0.000000000000000000, 0.000000000000000000 ) ) ;
#567 = EDGE_LOOP ( 'NONE', ( #921, #919, #98, #1397, #1272, #1508, #84, #1062, #140 ) ) ;
#568 = CARTESIAN_POINT ( 'NONE',  ( 0.000000000000000000, -7.000000000000000000, 4.000000000000000000 ) ) ;
#569 = EDGE_LOOP ( 'NONE', ( #431, #1009 ) ) ;
#570 = CARTESIAN_POINT ( 'NONE',  ( 0.000000000000000000, 7.000000000000000000, 8.000000000000000000 ) ) ;
#571 = EDGE_CURVE ( 'NONE', #460, #647, #448, .T. ) ;
#572 = FACE_OUTER_BOUND ( 'NONE', #1388, .T. ) ;
#573 = DIRECTION ( 'NONE',  ( 0.000000000000000000, 0.000000000000000000, -1.000000000000000000 ) ) ;
#574 = ORIENTED_EDGE ( 'NONE', *, *, #693, .F. ) ;
#575 = DIRECTION ( 'NONE',  ( 0.000000000000000000, 0.000000000000000000, -1.000000000000000000 ) ) ;
#576 = ORIENTED_EDGE ( 'NONE', *, *, #1373, .F. ) ;
#577 = CARTESIAN_POINT ( 'NONE',  ( 3.500000000000000000, 7.000000000000000000, 8.000000000000000000 ) ) ;
#578 = PLANE ( 'NONE',  #800 ) ;
#579 = ORIENTED_EDGE ( 'NONE', *, *, #707, .T. ) ;
#580 = DIRECTION ( 'NONE',  ( -0.000000000000000000, -0.000000000000000000, -1.000000000000000000 ) ) ;
#581 = ORIENTED_EDGE ( 'NONE', *, *, #606, .T. ) ;
#582 = CYLINDRICAL_SURFACE ( 'NONE', #537, 3.500000000000000444 ) ;
#583 = AXIS2_PLACEMENT_3D ( 'NONE', #1167, #1287, #1410 ) ;
#584 = AXIS2_PLACEMENT_3D ( 'NONE', #980, #868, #1322 ) ;
#585 = AXIS2_PLACEMENT_3D ( 'NONE', #698, #502, #710 ) ;
#586 = DIRECTION ( 'NONE',  ( -0.000000000000000000, -0.000000000000000000, -1.000000000000000000 ) ) ;
#587 = PERSON_AND_ORGANIZATION ( #1209, #732 ) ;
#588 = VECTOR ( 'NONE', #423, 1000.000000000000000 ) ;
#589 = ADVANCED_FACE ( 'NONE', ( #795 ), #692, .F. ) ;
#590 = VERTEX_POINT ( 'NONE', #577 ) ;
#591 = DIRECTION ( 'NONE',  ( 0.000000000000000000, 0.000000000000000000, 1.000000000000000000 ) ) ;
#592 = ORIENTED_EDGE ( 'NONE', *, *, #155, .F. ) ;
#593 = CARTESIAN_POINT ( 'NONE',  ( 0.000000000000000000, -7.000000000000000000, 8.000000000000000000 ) ) ;
#594 = DIRECTION ( 'NONE',  ( 1.000000000000000000, 0.000000000000000000, 0.000000000000000000 ) ) ;
#595 = APPLICATION_PROTOCOL_DEFINITION ( 'international standard', 'config_control_design', 1994, #875 ) ;
#596 = ORIENTED_EDGE ( 'NONE', *, *, #617, .T. ) ;
#597 = CARTESIAN_POINT ( 'NONE',  ( 25.30000000000000071, -11.50000000000000000, 0.000000000000000000 ) ) ;
#598 = EDGE_CURVE ( 'NONE', #1173, #428, #319, .T. ) ;
#599 = EDGE_LOOP ( 'NONE', ( #629, #1180, #994, #722 ) ) ;
#600 = CARTESIAN_POINT ( 'NONE',  ( 59.70000000000000284, 11.50000000000000000, 8.000000000000000000 ) ) ;
#601 = CARTESIAN_POINT ( 'NONE',  ( 0.000000000000000000, 0.000000000000000000, 8.000000000000000000 ) ) ;
#602 = VERTEX_POINT ( 'NONE', #1165 ) ;
#603 = FACE_OUTER_BOUND ( 'NONE', #945, .T. ) ;
#604 = EDGE_LOOP ( 'NONE', ( #1430, #1075, #1164, #200 ) ) ;
#605 = CARTESIAN_POINT ( 'NONE',  ( 23.00000000000000000, -15.00000000000000000, 0.000000000000000000 ) ) ;
#606 = EDGE_CURVE ( 'NONE', #307, #1020, #1303, .T. ) ;
#607 = FACE_OUTER_BOUND ( 'NONE', #47, .T. ) ;
#608 = AXIS2_PLACEMENT_3D ( 'NONE', #1, #1292, #1400 ) ;
#609 = ORIENTED_EDGE ( 'NONE', *, *, #115, .F. ) ;
#610 = AXIS2_PLACEMENT_3D ( 'NONE', #168, #1010, #402 ) ;
#611 = DIRECTION ( 'NONE',  ( 1.000000000000000000, 0.000000000000000000, 0.000000000000000000 ) ) ;
#612 = CIRCLE ( 'NONE', #249, 3.500000000000000000 ) ;
#613 = ORIENTED_EDGE ( 'NONE', *, *, #70, .F. ) ;
#614 = CARTESIAN_POINT ( 'NONE',  ( 28.69999999999999929, 11.50000000000000000, 8.000000000000000000 ) ) ;
#615 = ADVANCED_FACE ( 'NONE', ( #208 ), #463, .F. ) ;
#616 = CARTESIAN_POINT ( 'NONE',  ( 23.00000000000000000, 7.000000000000000000, 4.000000000000000000 ) ) ;
#617 = EDGE_CURVE ( 'NONE', #1350, #384, #1057, .T. ) ;
#618 = FACE_BOUND ( 'NONE', #1192, .T. ) ;
#619 = DIRECTION ( 'NONE',  ( 0.000000000000000000, 0.000000000000000000, -1.000000000000000000 ) ) ;
#620 = CARTESIAN_POINT ( 'NONE',  ( 27.00000000000000000, 11.50000000000000000, 8.000000000000000000 ) ) ;
#621 = CARTESIAN_POINT ( 'NONE',  ( -3.388860427931489561, -6.125000000000000888, 8.000000000000000000 ) ) ;
#622 = ORIENTED_EDGE ( 'NONE', *, *, #290, .F. ) ;
#623 = ADVANCED_FACE ( 'NONE', ( #1291 ), #922, .F. ) ;
#624 = CARTESIAN_POINT ( 'NONE',  ( 0.000000000000000000, -7.000000000000000000, 8.000000000000000000 ) ) ;
#625 = ORIENTED_EDGE ( 'NONE', *, *, #988, .T. ) ;
#626 = DIRECTION ( 'NONE',  ( -1.000000000000000000, -0.000000000000000000, -0.000000000000000000 ) ) ;
#627 = ORIENTED_EDGE ( 'NONE', *, *, #571, .T. ) ;
#628 = FACE_OUTER_BOUND ( 'NONE', #604, .T. ) ;
#629 = ORIENTED_EDGE ( 'NONE', *, *, #840, .F. ) ;
#630 = DIRECTION ( 'NONE',  ( 0.000000000000000000, 0.000000000000000000, 1.000000000000000000 ) ) ;
#631 = AXIS2_PLACEMENT_3D ( 'NONE', #1060, #473, #806 ) ;
#632 = EDGE_CURVE ( 'NONE', #901, #278, #218, .T. ) ;
#633 = CIRCLE ( 'NONE', #119, 3.500000000000000000 ) ;
#634 = ORIENTED_EDGE ( 'NONE', *, *, #763, .T. ) ;
#635 = CARTESIAN_POINT ( 'NONE',  ( 62.00000000000000000, -15.00000000000000000, 4.000000000000000000 ) ) ;
#636 = CIRCLE ( 'NONE', #1229, 1.700000000000000178 ) ;
#637 = VERTEX_POINT ( 'NONE', #112 ) ;
#638 = CARTESIAN_POINT ( 'NONE',  ( -4.000000000000000000, 0.000000000000000000, 8.000000000000000000 ) ) ;
#639 = DIRECTION ( 'NONE',  ( -1.000000000000000000, 0.000000000000000000, 0.000000000000000000 ) ) ;
#640 = ORIENTED_EDGE ( 'NONE', *, *, #735, .T. ) ;
#641 = DIRECTION ( 'NONE',  ( -0.000000000000000000, -0.000000000000000000, -1.000000000000000000 ) ) ;
#642 = ADVANCED_FACE ( 'NONE', ( #671 ), #582, .T. ) ;
#643 = CYLINDRICAL_SURFACE ( 'NONE', #217, 1.600000000000000089 ) ;
#644 = LINE ( 'NONE', #506, #541 ) ;
#645 = EDGE_LOOP ( 'NONE', ( #709, #1403, #223, #1214 ) ) ;
#646 = FACE_OUTER_BOUND ( 'NONE', #1437, .T. ) ;
#647 = VERTEX_POINT ( 'NONE', #940 ) ;
#648 = EDGE_CURVE ( 'NONE', #912, #1395, #417, .T. ) ;
#649 = LINE ( 'NONE', #789, #851 ) ;
#650 = DIRECTION ( 'NONE',  ( 1.000000000000000000, 0.000000000000000000, 0.000000000000000000 ) ) ;
#651 = ORIENTED_EDGE ( 'NONE', *, *, #470, .F. ) ;
#652 = AXIS2_PLACEMENT_3D ( 'NONE', #456, #1297, #1048 ) ;
#653 = CARTESIAN_POINT ( 'NONE',  ( -1.600000000000000089, -7.000000000000000000, 0.000000000000000000 ) ) ;
#654 = AXIS2_PLACEMENT_3D ( 'NONE', #279, #1015, #1239 ) ;
#655 = ORIENTED_EDGE ( 'NONE', *, *, #938, .T. ) ;
#656 = CARTESIAN_POINT ( 'NONE',  ( 1.600000000000000089, -7.000000000000000000, 0.000000000000000000 ) ) ;
#657 = AXIS2_PLACEMENT_3D ( 'NONE', #842, #1193, #1312 ) ;
#658 = APPROVAL_PERSON_ORGANIZATION ( #1051, #514, #1529 ) ;
#659 = EDGE_CURVE ( 'NONE', #352, #87, #852, .T. ) ;
#660 = CYLINDRICAL_SURFACE ( 'NONE', #316, 3.500000000000000000 ) ;
#661 = CARTESIAN_POINT ( 'NONE',  ( 23.00000000000000000, -15.00000000000000000, 4.000000000000000000 ) ) ;
#662 = VERTEX_POINT ( 'NONE', #817 ) ;
#663 = CARTESIAN_POINT ( 'NONE',  ( -1.600000000000000089, 7.000000000000000000, 0.000000000000000000 ) ) ;
#664 = ORIENTED_EDGE ( 'NONE', *, *, #394, .F. ) ;
#665 = FACE_OUTER_BOUND ( 'NONE', #1216, .T. ) ;
#666 = DIRECTION ( 'NONE',  ( 0.000000000000000000, 0.000000000000000000, 1.000000000000000000 ) ) ;
#667 = ADVANCED_FACE ( 'NONE', ( #555 ), #88, .T. ) ;
#668 = VERTEX_POINT ( 'NONE', #439 ) ;
#669 = LINE ( 'NONE', #553, #1253 ) ;
#670 = ORIENTED_EDGE ( 'NONE', *, *, #235, .T. ) ;
#671 = FACE_OUTER_BOUND ( 'NONE', #1140, .T. ) ;
#672 = DIRECTION ( 'NONE',  ( 1.000000000000000000, 0.000000000000000000, 0.000000000000000000 ) ) ;
#673 = ORIENTED_EDGE ( 'NONE', *, *, #301, .T. ) ;
#674 = DIRECTION ( 'NONE',  ( 0.000000000000000000, 0.000000000000000000, 1.000000000000000000 ) ) ;
#675 = EDGE_CURVE ( 'NONE', #187, #230, #956, .T. ) ;
#676 = VERTEX_POINT ( 'NONE', #393 ) ;
#677 = DIRECTION ( 'NONE',  ( -0.000000000000000000, -1.000000000000000000, -0.000000000000000000 ) ) ;
#678 = AXIS2_PLACEMENT_3D ( 'NONE', #1391, #915, #105 ) ;
#679 = VECTOR ( 'NONE', #1091, 1000.000000000000000 ) ;
#680 = CARTESIAN_POINT ( 'NONE',  ( -7.000000000000000000, 0.000000000000000000, 8.000000000000000000 ) ) ;
#681 = CARTESIAN_POINT ( 'NONE',  ( 28.69999999999999929, 11.50000000000000000, 4.000000000000000000 ) ) ;
#682 = ORIENTED_EDGE ( 'NONE', *, *, #1366, .T. ) ;
#683 = DIRECTION ( 'NONE',  ( 0.000000000000000000, 0.000000000000000000, 1.000000000000000000 ) ) ;
#684 = VERTEX_POINT ( 'NONE', #21 ) ;
#685 = CC_DESIGN_DATE_AND_TIME_ASSIGNMENT ( #138, #967, ( #985 ) ) ;
#686 = CARTESIAN_POINT ( 'NONE',  ( 0.000000000000000000, 7.000000000000000000, 4.000000000000000000 ) ) ;
#687 = CARTESIAN_POINT ( 'NONE',  ( 0.000000000000000000, 0.000000000000000000, 4.000000000000000000 ) ) ;
#688 = CARTESIAN_POINT ( 'NONE',  ( -6.125000000000000888, -3.388860427931490449, 6.000000000000000000 ) ) ;
#689 = ORIENTED_EDGE ( 'NONE', *, *, #1050, .F. ) ;
#690 = DIRECTION ( 'NONE',  ( -0.000000000000000000, -0.000000000000000000, -1.000000000000000000 ) ) ;
#691 = ORIENTED_EDGE ( 'NONE', *, *, #184, .F. ) ;
#692 = CYLINDRICAL_SURFACE ( 'NONE', #979, 1.600000000000000089 ) ;
#693 = EDGE_CURVE ( 'NONE', #428, #1173, #904, .T. ) ;
#694 = CARTESIAN_POINT ( 'NONE',  ( 6.124999999999999112, -3.388860427931489561, 4.000000000000000000 ) ) ;
#695 = EDGE_LOOP ( 'NONE', ( #447, #622 ) ) ;
#696 = CARTESIAN_POINT ( 'NONE',  ( 58.00000000000000000, 11.50000000000000000, 8.000000000000000000 ) ) ;
#697 = ORIENTED_EDGE ( 'NONE', *, *, #1331, .F. ) ;
#698 = CARTESIAN_POINT ( 'NONE',  ( 0.000000000000000000, 0.000000000000000000, 8.000000000000000000 ) ) ;
#699 = VECTOR ( 'NONE', #1088, 1000.000000000000000 ) ;
#700 = VECTOR ( 'NONE', #626, 1000.000000000000000 ) ;
#701 = DIRECTION ( 'NONE',  ( -0.000000000000000000, -0.000000000000000000, -1.000000000000000000 ) ) ;
#702 = EDGE_CURVE ( 'NONE', #590, #307, #145, .T. ) ;
#703 = CALENDAR_DATE ( 2026, 12, 9 ) ;
#704 = VECTOR ( 'NONE', #461, 1000.000000000000000 ) ;
#705 = AXIS2_PLACEMENT_3D ( 'NONE', #512, #1220, #766 ) ;
#706 = ORIENTED_EDGE ( 'NONE', *, *, #1198, .T. ) ;
#707 = EDGE_CURVE ( 'NONE', #1149, #986, #728, .T. ) ;
#708 = LINE ( 'NONE', #1181, #195 ) ;
#709 = ORIENTED_EDGE ( 'NONE', *, *, #1179, .F. ) ;
#710 = DIRECTION ( 'NONE',  ( -1.000000000000000000, 0.000000000000000000, 0.000000000000000000 ) ) ;
#711 = CARTESIAN_POINT ( 'NONE',  ( 27.00000000000000000, -11.50000000000000000, 8.000000000000000000 ) ) ;
#712 = APPROVAL_DATE_TIME ( #1310, #895 ) ;
#713 = ORIENTED_EDGE ( 'NONE', *, *, #5, .T. ) ;
#714 = CARTESIAN_POINT ( 'NONE',  ( 1.600000000000000089, -7.000000000000000000, 8.000000000000000000 ) ) ;
#715 = EDGE_CURVE ( 'NONE', #1040, #998, #369, .T. ) ;
#716 = ORIENTED_EDGE ( 'NONE', *, *, #571, .F. ) ;
#717 = CARTESIAN_POINT ( 'NONE',  ( 0.000000000000000000, -7.000000000000000000, 4.000000000000000000 ) ) ;
#718 = PLANE ( 'NONE',  #583 ) ;
#719 = PERSON_AND_ORGANIZATION ( #1209, #732 ) ;
#720 = ORIENTED_EDGE ( 'NONE', *, *, #320, .F. ) ;
#721 = DIRECTION ( 'NONE',  ( 0.000000000000000000, 0.000000000000000000, 1.000000000000000000 ) ) ;
#722 = ORIENTED_EDGE ( 'NONE', *, *, #1260, .F. ) ;
#723 = DIRECTION ( 'NONE',  ( -1.000000000000000000, 0.000000000000000000, 0.000000000000000000 ) ) ;
#724 = EDGE_CURVE ( 'NONE', #1420, #1149, #1196, .T. ) ;
#725 = VECTOR ( 'NONE', #268, 1000.000000000000000 ) ;
#726 = CIRCLE ( 'NONE', #169, 7.000000000000000000 ) ;
#727 = LINE ( 'NONE', #897, #490 ) ;
#728 = CIRCLE ( 'NONE', #880, 3.500000000000000000 ) ;
#729 = CARTESIAN_POINT ( 'NONE',  ( 27.00000000000000000, -11.50000000000000000, 8.000000000000000000 ) ) ;
#730 = CIRCLE ( 'NONE', #67, 4.000000000000000000 ) ;
#731 = LINE ( 'NONE', #1070, #1011 ) ;
#732 = ORGANIZATION ( 'UNSPECIFIED', 'UNSPECIFIED', '' ) ;
#733 = ORIENTED_EDGE ( 'NONE', *, *, #1159, .F. ) ;
#734 = CARTESIAN_POINT ( 'NONE',  ( -7.000000000000000000, 0.000000000000000000, 4.000000000000000000 ) ) ;
#735 = EDGE_CURVE ( 'NONE', #1478, #240, #977, .T. ) ;
#736 = PLANE ( 'NONE',  #1454 ) ;
#737 = LINE ( 'NONE', #1212, #1119 ) ;
#738 = CARTESIAN_POINT ( 'NONE',  ( -16.00000000000000000, 0.000000000000000000, 4.000000000000000000 ) ) ;
#739 = ORIENTED_EDGE ( 'NONE', *, *, #1042, .T. ) ;
#740 = DIRECTION ( 'NONE',  ( 1.000000000000000000, 0.000000000000000000, 0.000000000000000000 ) ) ;
#741 = ORIENTED_EDGE ( 'NONE', *, *, #1179, .T. ) ;
#742 = DIRECTION ( 'NONE',  ( 0.000000000000000000, 0.000000000000000000, -1.000000000000000000 ) ) ;
#743 = EDGE_CURVE ( 'NONE', #491, #1525, #1431, .T. ) ;
#744 = CARTESIAN_POINT ( 'NONE',  ( 0.000000000000000000, 0.000000000000000000, 0.000000000000000000 ) ) ;
#745 = LINE ( 'NONE', #407, #1333 ) ;
#746 = ORIENTED_EDGE ( 'NONE', *, *, #675, .T. ) ;
#747 = DIRECTION ( 'NONE',  ( 0.000000000000000000, 0.000000000000000000, 1.000000000000000000 ) ) ;
#748 = VECTOR ( 'NONE', #543, 1000.000000000000000 ) ;
#749 = FACE_OUTER_BOUND ( 'NONE', #567, .T. ) ;
#750 = CYLINDRICAL_SURFACE ( 'NONE', #519, 1.700000000000000178 ) ;
#751 = VECTOR ( 'NONE', #586, 1000.000000000000000 ) ;
#752 = EDGE_CURVE ( 'NONE', #445, #1187, #1533, .T. ) ;
#753 = VECTOR ( 'NONE', #964, 1000.000000000000000 ) ;
#754 = ORIENTED_EDGE ( 'NONE', *, *, #1219, .F. ) ;
#755 = DIRECTION ( 'NONE',  ( 0.000000000000000000, 0.000000000000000000, -1.000000000000000000 ) ) ;
#756 = CIRCLE ( 'NONE', #348, 1.599999999999999867 ) ;
#757 = EDGE_LOOP ( 'NONE', ( #1290, #814, #874, #858 ) ) ;
#758 = APPROVAL_PERSON_ORGANIZATION ( #1068, #1240, #9 ) ;
#759 = ORIENTED_EDGE ( 'NONE', *, *, #1271, .T. ) ;
#760 = DIRECTION ( 'NONE',  ( 0.000000000000000000, 0.000000000000000000, 1.000000000000000000 ) ) ;
#761 = ORIENTED_EDGE ( 'NONE', *, *, #14, .F. ) ;
#762 = LINE ( 'NONE', #1127, #1332 ) ;
#763 = EDGE_CURVE ( 'NONE', #361, #166, #1227, .T. ) ;
#764 = ORIENTED_EDGE ( 'NONE', *, *, #148, .T. ) ;
#765 = DIRECTION ( 'NONE',  ( 0.000000000000000000, 0.000000000000000000, 1.000000000000000000 ) ) ;
#766 = DIRECTION ( 'NONE',  ( 1.000000000000000000, 0.000000000000000000, -0.000000000000000000 ) ) ;
#767 = VERTEX_POINT ( 'NONE', #825 ) ;
#768 = CARTESIAN_POINT ( 'NONE',  ( 23.00000000000000000, 15.00000000000000000, 4.000000000000000000 ) ) ;
#769 = ORIENTED_EDGE ( 'NONE', *, *, #165, .F. ) ;
#770 = EDGE_CURVE ( 'NONE', #1418, #872, #251, .T. ) ;
#771 = DIRECTION ( 'NONE',  ( 0.000000000000000000, 0.000000000000000000, -1.000000000000000000 ) ) ;
#772 = DIRECTION ( 'NONE',  ( 1.000000000000000000, 0.000000000000000000, -0.000000000000000000 ) ) ;
#773 = FACE_OUTER_BOUND ( 'NONE', #125, .T. ) ;
#774 = AXIS2_PLACEMENT_3D ( 'NONE', #711, #130, #935 ) ;
#775 = EDGE_LOOP ( 'NONE', ( #809, #1511, #317, #1182, #536, #326, #212, #26, #1241, #1126, #939, #1266, #328 ) ) ;
#776 = VECTOR ( 'NONE', #353, 1000.000000000000000 ) ;
#777 = CARTESIAN_POINT ( 'NONE',  ( -3.388860427931490449, -6.125000000000000888, 6.000000000000000000 ) ) ;
#778 = AXIS2_PLACEMENT_3D ( 'NONE', #96, #690, #206 ) ;
#779 = EDGE_LOOP ( 'NONE', ( #95, #741, #340, #250 ) ) ;
#780 = CARTESIAN_POINT ( 'NONE',  ( 1.600000000000000089, -7.000000000000000000, 8.000000000000000000 ) ) ;
#781 = CIRCLE ( 'NONE', #442, 16.00000000000000000 ) ;
#782 = EDGE_CURVE ( 'NONE', #841, #526, #854, .T. ) ;
#783 = DIRECTION ( 'NONE',  ( 1.000000000000000000, 0.000000000000000000, 0.000000000000000000 ) ) ;
#784 = CARTESIAN_POINT ( 'NONE',  ( 27.00000000000000000, 11.50000000000000000, 8.000000000000000000 ) ) ;
#785 = ORIENTED_EDGE ( 'NONE', *, *, #58, .T. ) ;
#786 = CARTESIAN_POINT ( 'NONE',  ( 0.000000000000000000, 7.000000000000000000, 8.000000000000000000 ) ) ;
#787 = ORIENTED_EDGE ( 'NONE', *, *, #5, .F. ) ;
#788 = DIRECTION ( 'NONE',  ( -1.000000000000000000, 0.000000000000000000, 0.000000000000000000 ) ) ;
#789 = CARTESIAN_POINT ( 'NONE',  ( -5.400000000000000355, 1.959434878635764491E-16, 8.000000000000000000 ) ) ;
#790 = ADVANCED_FACE ( 'NONE', ( #29 ), #953, .F. ) ;
#791 = DIRECTION ( 'NONE',  ( 0.000000000000000000, 0.000000000000000000, 1.000000000000000000 ) ) ;
#792 = ORIENTED_EDGE ( 'NONE', *, *, #394, .T. ) ;
#793 = CARTESIAN_POINT ( 'NONE',  ( -3.500000000000000000, 7.000000000000000000, 4.000000000000000000 ) ) ;
#794 = ORIENTED_EDGE ( 'NONE', *, *, #118, .T. ) ;
#795 = FACE_OUTER_BOUND ( 'NONE', #1361, .T. ) ;
#796 = DIRECTION ( 'NONE',  ( 1.000000000000000000, 0.000000000000000000, 0.000000000000000000 ) ) ;
#797 = FACE_OUTER_BOUND ( 'NONE', #190, .T. ) ;
#798 = ORIENTED_EDGE ( 'NONE', *, *, #1073, .F. ) ;
#799 = CARTESIAN_POINT ( 'NONE',  ( 23.00000000000000000, -15.00000000000000000, 4.000000000000000000 ) ) ;
#800 = AXIS2_PLACEMENT_3D ( 'NONE', #601, #466, #1309 ) ;
#801 = AXIS2_PLACEMENT_3D ( 'NONE', #149, #1285, #1032 ) ;
#802 = ORIENTED_EDGE ( 'NONE', *, *, #1013, .F. ) ;
#803 = DIRECTION ( 'NONE',  ( 0.000000000000000000, 0.000000000000000000, 1.000000000000000000 ) ) ;
#804 = AXIS2_PLACEMENT_3D ( 'NONE', #717, #496, #264 ) ;
#805 = VECTOR ( 'NONE', #1509, 1000.000000000000000 ) ;
#806 = DIRECTION ( 'NONE',  ( 1.000000000000000000, 0.000000000000000000, 0.000000000000000000 ) ) ;
#807 = EDGE_LOOP ( 'NONE', ( #376, #117 ) ) ;
#808 = FACE_OUTER_BOUND ( 'NONE', #645, .T. ) ;
#809 = ORIENTED_EDGE ( 'NONE', *, *, #561, .T. ) ;
#810 = DIRECTION ( 'NONE',  ( -0.000000000000000000, -1.000000000000000000, -0.000000000000000000 ) ) ;
#811 = ADVANCED_FACE ( 'NONE', ( #837 ), #1207, .F. ) ;
#812 = CYLINDRICAL_SURFACE ( 'NONE', #774, 1.700000000000000178 ) ;
#813 = COORDINATED_UNIVERSAL_TIME_OFFSET ( 6, 0, .BEHIND. ) ;
#814 = ORIENTED_EDGE ( 'NONE', *, *, #498, .T. ) ;
#815 = DIRECTION ( 'NONE',  ( 0.000000000000000000, 0.000000000000000000, 1.000000000000000000 ) ) ;
#816 = ORIENTED_EDGE ( 'NONE', *, *, #281, .T. ) ;
#817 = CARTESIAN_POINT ( 'NONE',  ( 56.30000000000000426, 11.50000000000000000, 0.000000000000000000 ) ) ;
#818 = ADVANCED_FACE ( 'NONE', ( #971 ), #1314, .T. ) ;
#819 = ADVANCED_FACE ( 'NONE', ( #1174 ), #123, .F. ) ;
#820 = DIRECTION ( 'NONE',  ( 1.000000000000000000, 0.000000000000000000, 0.000000000000000000 ) ) ;
#821 = APPROVAL_ROLE ( '' ) ;
#822 = ORIENTED_EDGE ( 'NONE', *, *, #1422, .F. ) ;
#823 = CARTESIAN_POINT ( 'NONE',  ( -7.000000000000000000, 0.000000000000000000, 0.000000000000000000 ) ) ;
#824 = ORIENTED_EDGE ( 'NONE', *, *, #1064, .F. ) ;
#825 = CARTESIAN_POINT ( 'NONE',  ( 28.69999999999999929, -11.50000000000000000, 0.000000000000000000 ) ) ;
#826 = AXIS2_PLACEMENT_3D ( 'NONE', #744, #202, #772 ) ;
#827 = AXIS2_PLACEMENT_3D ( 'NONE', #1201, #432, #386 ) ;
#828 = CIRCLE ( 'NONE', #345, 1.600000000000000089 ) ;
#829 = FACE_OUTER_BOUND ( 'NONE', #775, .T. ) ;
#830 = CALENDAR_DATE ( 2026, 12, 9 ) ;
#831 = EDGE_CURVE ( 'NONE', #914, #187, #492, .T. ) ;
#832 = AXIS2_PLACEMENT_3D ( 'NONE', #370, #815, #1076 ) ;
#833 = CIRCLE ( 'NONE', #1459, 7.000000000000000000 ) ;
#834 = ORIENTED_EDGE ( 'NONE', *, *, #1472, .F. ) ;
#835 = DIRECTION ( 'NONE',  ( 1.000000000000000000, 0.000000000000000000, 0.000000000000000000 ) ) ;
#836 = ORIENTED_EDGE ( 'NONE', *, *, #869, .T. ) ;
#837 = FACE_OUTER_BOUND ( 'NONE', #865, .T. ) ;
#838 = LINE ( 'NONE', #1190, #751 ) ;
#839 = COORDINATED_UNIVERSAL_TIME_OFFSET ( 6, 0, .BEHIND. ) ;
#840 = EDGE_CURVE ( 'NONE', #51, #1395, #508, .T. ) ;
#841 = VERTEX_POINT ( 'NONE', #182 ) ;
#842 = CARTESIAN_POINT ( 'NONE',  ( 0.000000000000000000, 7.000000000000000000, 8.000000000000000000 ) ) ;
#843 = ORIENTED_EDGE ( 'NONE', *, *, #735, .F. ) ;
#844 = CARTESIAN_POINT ( 'NONE',  ( 7.000000000000000000, 0.000000000000000000, 0.000000000000000000 ) ) ;
#845 = DIRECTION ( 'NONE',  ( 0.000000000000000000, 0.000000000000000000, 1.000000000000000000 ) ) ;
#846 = COORDINATED_UNIVERSAL_TIME_OFFSET ( 6, 0, .BEHIND. ) ;
#847 = ORIENTED_EDGE ( 'NONE', *, *, #1242, .T. ) ;
#848 = DIRECTION ( 'NONE',  ( 1.000000000000000000, 0.000000000000000000, 0.000000000000000000 ) ) ;
#849 = VERTEX_POINT ( 'NONE', #41 ) ;
#850 = DIRECTION ( 'NONE',  ( 0.000000000000000000, 0.000000000000000000, -1.000000000000000000 ) ) ;
#851 = VECTOR ( 'NONE', #443, 1000.000000000000000 ) ;
#852 = CIRCLE ( 'NONE', #930, 1.599999999999999867 ) ;
#853 = FACE_OUTER_BOUND ( 'NONE', #1296, .T. ) ;
#854 = CIRCLE ( 'NONE', #143, 7.000000000000000000 ) ;
#855 = ORIENTED_EDGE ( 'NONE', *, *, #675, .F. ) ;
#856 = CIRCLE ( 'NONE', #1286, 7.000000000000000000 ) ;
#857 = CARTESIAN_POINT ( 'NONE',  ( 58.00000000000000000, 11.50000000000000000, 8.000000000000000000 ) ) ;
#858 = ORIENTED_EDGE ( 'NONE', *, *, #1450, .T. ) ;
#859 = CARTESIAN_POINT ( 'NONE',  ( 58.00000000000000000, -11.50000000000000000, 0.000000000000000000 ) ) ;
#860 = VERTEX_POINT ( 'NONE', #653 ) ;
#861 = EDGE_CURVE ( 'NONE', #1350, #1317, #429, .T. ) ;
#862 = CARTESIAN_POINT ( 'NONE',  ( 27.00000000000000000, 11.50000000000000000, 4.000000000000000000 ) ) ;
#863 = ORIENTED_EDGE ( 'NONE', *, *, #1022, .T. ) ;
#864 = CARTESIAN_POINT ( 'NONE',  ( 1.600000000000000089, 7.000000000000000000, 0.000000000000000000 ) ) ;
#865 = EDGE_LOOP ( 'NONE', ( #689, #246, #785, #1383 ) ) ;
#866 = DIRECTION ( 'NONE',  ( -0.000000000000000000, -0.000000000000000000, -1.000000000000000000 ) ) ;
#867 = ADVANCED_FACE ( 'NONE', ( #426 ), #308, .T. ) ;
#868 = DIRECTION ( 'NONE',  ( 0.000000000000000000, 0.000000000000000000, 1.000000000000000000 ) ) ;
#869 = EDGE_CURVE ( 'NONE', #20, #684, #828, .T. ) ;
#870 = CARTESIAN_POINT ( 'NONE',  ( 23.00000000000000000, -15.00000000000000000, 4.000000000000000000 ) ) ;
#871 = CARTESIAN_POINT ( 'NONE',  ( 27.00000000000000000, -11.50000000000000000, 0.000000000000000000 ) ) ;
#872 = VERTEX_POINT ( 'NONE', #1345 ) ;
#873 = PLANE ( 'NONE',  #1306 ) ;
#874 = ORIENTED_EDGE ( 'NONE', *, *, #504, .T. ) ;
#875 = APPLICATION_CONTEXT ( 'configuration controlled 3d designs of mechanical parts and assemblies' ) ;
#876 = FACE_BOUND ( 'NONE', #557, .T. ) ;
#877 = EDGE_CURVE ( 'NONE', #152, #676, #270, .T. ) ;
#878 = DIRECTION ( 'NONE',  ( -0.000000000000000000, -0.000000000000000000, -1.000000000000000000 ) ) ;
#879 = AXIS2_PLACEMENT_3D ( 'NONE', #1150, #1398, #1136 ) ;
#880 = AXIS2_PLACEMENT_3D ( 'NONE', #734, #7, #947 ) ;
#881 = ORIENTED_EDGE ( 'NONE', *, *, #948, .T. ) ;
#882 = CYLINDRICAL_SURFACE ( 'NONE', #44, 1.599999999999999867 ) ;
#883 = CIRCLE ( 'NONE', #1082, 1.599999999999999867 ) ;
#884 = ORIENTED_EDGE ( 'NONE', *, *, #424, .F. ) ;
#885 = CYLINDRICAL_SURFACE ( 'NONE', #1026, 7.000000000000000000 ) ;
#886 = CARTESIAN_POINT ( 'NONE',  ( -6.125000000000000888, 3.388860427931489561, 8.000000000000000000 ) ) ;
#887 = EDGE_CURVE ( 'NONE', #637, #491, #1354, .T. ) ;
#888 = ORIENTED_EDGE ( 'NONE', *, *, #290, .T. ) ;
#889 = CARTESIAN_POINT ( 'NONE',  ( 25.30000000000000071, 11.50000000000000000, 0.000000000000000000 ) ) ;
#890 = ORIENTED_EDGE ( 'NONE', *, *, #450, .T. ) ;
#891 = DIRECTION ( 'NONE',  ( -0.000000000000000000, -0.000000000000000000, -1.000000000000000000 ) ) ;
#892 = APPLICATION_PROTOCOL_DEFINITION ( 'international standard', 'config_control_design', 1994, #160 ) ;
#893 = EDGE_LOOP ( 'NONE', ( #1359, #764, #1411, #170 ) ) ;
#894 = CARTESIAN_POINT ( 'NONE',  ( 23.00000000000000000, -15.00000000000000000, 4.000000000000000000 ) ) ;
#895 = APPROVAL ( #2, 'UNSPECIFIED' ) ;
#896 = EDGE_LOOP ( 'NONE', ( #754, #1069, #342, #881 ) ) ;
#897 = CARTESIAN_POINT ( 'NONE',  ( -10.50000000000000000, 0.000000000000000000, 8.000000000000000000 ) ) ;
#898 = ADVANCED_FACE ( 'NONE', ( #646 ), #882, .F. ) ;
#899 = LINE ( 'NONE', #1243, #344 ) ;
#900 = DIRECTION ( 'NONE',  ( -0.000000000000000000, -0.000000000000000000, -1.000000000000000000 ) ) ;
#901 = VERTEX_POINT ( 'NONE', #1215 ) ;
#902 = AXIS2_PLACEMENT_3D ( 'NONE', #1248, #31, #1447 ) ;
#903 = CARTESIAN_POINT ( 'NONE',  ( 23.00000000000000000, -7.000000000000000000, 4.000000000000000000 ) ) ;
#904 = CIRCLE ( 'NONE', #1175, 1.700000000000000178 ) ;
#905 = EDGE_LOOP ( 'NONE', ( #802, #950, #655, #1045 ) ) ;
#906 = CARTESIAN_POINT ( 'NONE',  ( 23.00000000000000000, -15.00000000000000000, 4.000000000000000000 ) ) ;
#907 = VECTOR ( 'NONE', #1444, 1000.000000000000000 ) ;
#908 = EDGE_CURVE ( 'NONE', #491, #637, #1506, .T. ) ;
#909 = CC_DESIGN_APPROVAL ( #1240, ( #225 ) ) ;
#910 = CARTESIAN_POINT ( 'NONE',  ( 23.00000000000000000, 15.00000000000000000, 0.000000000000000000 ) ) ;
#911 = FACE_OUTER_BOUND ( 'NONE', #1135, .T. ) ;
#912 = VERTEX_POINT ( 'NONE', #1494 ) ;
#913 = DIRECTION ( 'NONE',  ( 1.000000000000000000, 0.000000000000000000, 0.000000000000000000 ) ) ;
#914 = VERTEX_POINT ( 'NONE', #1463 ) ;
#915 = DIRECTION ( 'NONE',  ( 0.000000000000000000, 0.000000000000000000, 1.000000000000000000 ) ) ;
#916 = CARTESIAN_POINT ( 'NONE',  ( 0.000000000000000000, -7.000000000000000000, 4.000000000000000000 ) ) ;
#917 = DIRECTION ( 'NONE',  ( 1.000000000000000000, 0.000000000000000000, 0.000000000000000000 ) ) ;
#918 = EDGE_CURVE ( 'NONE', #602, #460, #1476, .T. ) ;
#919 = ORIENTED_EDGE ( 'NONE', *, *, #551, .F. ) ;
#920 = LINE ( 'NONE', #799, #704 ) ;
#921 = ORIENTED_EDGE ( 'NONE', *, *, #1151, .F. ) ;
#922 = CYLINDRICAL_SURFACE ( 'NONE', #879, 1.600000000000000089 ) ;
#923 = DIRECTION ( 'NONE',  ( -1.000000000000000000, 0.000000000000000000, 0.000000000000000000 ) ) ;
#924 = CARTESIAN_POINT ( 'NONE',  ( 7.000000000000000000, 0.000000000000000000, 8.000000000000000000 ) ) ;
#925 = EDGE_CURVE ( 'NONE', #460, #1350, #995, .T. ) ;
#926 = ORIENTED_EDGE ( 'NONE', *, *, #551, .T. ) ;
#927 = CYLINDRICAL_SURFACE ( 'NONE', #1307, 1.599999999999999867 ) ;
#928 = CIRCLE ( 'NONE', #1278, 1.700000000000000178 ) ;
#929 = PRODUCT_DEFINITION_SHAPE ( 'NONE', 'NONE',  #1268 ) ;
#930 = AXIS2_PLACEMENT_3D ( 'NONE', #1414, #81, #358 ) ;
#931 = VERTEX_POINT ( 'NONE', #889 ) ;
#932 = DIRECTION ( 'NONE',  ( 0.000000000000000000, 0.000000000000000000, 1.000000000000000000 ) ) ;
#933 = VECTOR ( 'NONE', #999, 1000.000000000000000 ) ;
#934 = VECTOR ( 'NONE', #434, 1000.000000000000000 ) ;
#935 = DIRECTION ( 'NONE',  ( -1.000000000000000000, 0.000000000000000000, 0.000000000000000000 ) ) ;
#936 = ORIENTED_EDGE ( 'NONE', *, *, #702, .F. ) ;
#937 = LINE ( 'NONE', #133, #1457 ) ;
#938 = EDGE_CURVE ( 'NONE', #462, #1098, #1360, .T. ) ;
#939 = ORIENTED_EDGE ( 'NONE', *, *, #1260, .T. ) ;
#940 = CARTESIAN_POINT ( 'NONE',  ( 62.00000000000000000, 15.00000000000000000, 0.000000000000000000 ) ) ;
#941 = DIRECTION ( 'NONE',  ( -0.000000000000000000, -0.000000000000000000, -1.000000000000000000 ) ) ;
#942 = PERSON_AND_ORGANIZATION_ROLE ( 'design_supplier' ) ;
#943 = ORIENTED_EDGE ( 'NONE', *, *, #782, .T. ) ;
#944 = CARTESIAN_POINT ( 'NONE',  ( 0.000000000000000000, 7.000000000000000000, 0.000000000000000000 ) ) ;
#945 = EDGE_LOOP ( 'NONE', ( #759, #716, #1372, #1111 ) ) ;
#946 = CC_DESIGN_PERSON_AND_ORGANIZATION_ASSIGNMENT ( #481, #1425, ( #985 ) ) ;
#947 = DIRECTION ( 'NONE',  ( 1.000000000000000000, 0.000000000000000000, 0.000000000000000000 ) ) ;
#948 = EDGE_CURVE ( 'NONE', #860, #453, #247, .T. ) ;
#949 = DIRECTION ( 'NONE',  ( 1.000000000000000000, 0.000000000000000000, 0.000000000000000000 ) ) ;
#950 = ORIENTED_EDGE ( 'NONE', *, *, #235, .F. ) ;
#951 = DIRECTION ( 'NONE',  ( 0.000000000000000000, 0.000000000000000000, 1.000000000000000000 ) ) ;
#952 = EDGE_LOOP ( 'NONE', ( #134, #1443 ) ) ;
#953 = CYLINDRICAL_SURFACE ( 'NONE', #65, 1.700000000000000178 ) ;
#954 = VECTOR ( 'NONE', #37, 1000.000000000000000 ) ;
#955 = ADVANCED_FACE ( 'NONE', ( #538 ), #188, .F. ) ;
#956 = CIRCLE ( 'NONE', #804, 3.500000000000000000 ) ;
#957 = CARTESIAN_POINT ( 'NONE',  ( 3.388860427931490449, -6.125000000000000888, 6.000000000000000000 ) ) ;
#958 = CALENDAR_DATE ( 2026, 12, 9 ) ;
#959 = CIRCLE ( 'NONE', #983, 1.599999999999999867 ) ;
#960 = AXIS2_PLACEMENT_3D ( 'NONE', #784, #1521, #459 ) ;
#961 = ORIENTED_EDGE ( 'NONE', *, *, #1319, .T. ) ;
#962 = CARTESIAN_POINT ( 'NONE',  ( 0.000000000000000000, 7.000000000000000000, 0.000000000000000000 ) ) ;
#963 = EDGE_LOOP ( 'NONE', ( #936, #1487, #10, #403 ) ) ;
#964 = DIRECTION ( 'NONE',  ( -0.000000000000000000, -0.000000000000000000, -1.000000000000000000 ) ) ;
#965 = DIRECTION ( 'NONE',  ( -0.000000000000000000, -0.000000000000000000, -1.000000000000000000 ) ) ;
#966 = CC_DESIGN_PERSON_AND_ORGANIZATION_ASSIGNMENT ( #367, #942, ( #225 ) ) ;
#967 = DATE_TIME_ROLE ( 'classification_date' ) ;
#968 = VERTEX_POINT ( 'NONE', #1234 ) ;
#969 = CARTESIAN_POINT ( 'NONE',  ( 62.00000000000000000, -15.00000000000000000, 0.000000000000000000 ) ) ;
#970 = VERTEX_POINT ( 'NONE', #1106 ) ;
#971 = FACE_OUTER_BOUND ( 'NONE', #757, .T. ) ;
#972 = CARTESIAN_POINT ( 'NONE',  ( 62.00000000000000000, 15.00000000000000000, 4.000000000000000000 ) ) ;
#973 = FACE_BOUND ( 'NONE', #40, .T. ) ;
#974 = DIRECTION ( 'NONE',  ( 0.000000000000000000, 0.000000000000000000, -1.000000000000000000 ) ) ;
#975 = EDGE_CURVE ( 'NONE', #1206, #1194, #50, .T. ) ;
#976 = ORIENTED_EDGE ( 'NONE', *, *, #997, .T. ) ;
#977 = LINE ( 'NONE', #614, #515 ) ;
#978 = CIRCLE ( 'NONE', #1195, 1.600000000000000089 ) ;
#979 = AXIS2_PLACEMENT_3D ( 'NONE', #241, #1041, #788 ) ;
#980 = CARTESIAN_POINT ( 'NONE',  ( 7.000000000000000000, 0.000000000000000000, 4.000000000000000000 ) ) ;
#981 = CIRCLE ( 'NONE', #1033, 1.600000000000000089 ) ;
#982 = CYLINDRICAL_SURFACE ( 'NONE', #1428, 1.700000000000000178 ) ;
#983 = AXIS2_PLACEMENT_3D ( 'NONE', #1273, #224, #1021 ) ;
#984 = DIRECTION ( 'NONE',  ( 0.000000000000000000, 0.000000000000000000, 1.000000000000000000 ) ) ;
#985 = SECURITY_CLASSIFICATION ( '', '', #1191 ) ;
#986 = VERTEX_POINT ( 'NONE', #525 ) ;
#987 = DIRECTION ( 'NONE',  ( 1.000000000000000000, 0.000000000000000000, 0.000000000000000000 ) ) ;
#988 = EDGE_CURVE ( 'NONE', #1065, #152, #762, .T. ) ;
#989 = EDGE_LOOP ( 'NONE', ( #1284, #280 ) ) ;
#990 = ADVANCED_FACE ( 'NONE', ( #1470 ), #873, .F. ) ;
#991 = CARTESIAN_POINT ( 'NONE',  ( 59.70000000000000284, -11.50000000000000000, 0.000000000000000000 ) ) ;
#992 = CARTESIAN_POINT ( 'NONE',  ( -4.000000000000000000, 0.000000000000000000, 8.000000000000000000 ) ) ;
#993 = DIRECTION ( 'NONE',  ( 0.000000000000000000, 0.000000000000000000, -1.000000000000000000 ) ) ;
#994 = ORIENTED_EDGE ( 'NONE', *, *, #724, .F. ) ;
#995 = LINE ( 'NONE', #72, #700 ) ;
#996 = ORIENTED_EDGE ( 'NONE', *, *, #301, .F. ) ;
#997 = EDGE_CURVE ( 'NONE', #1187, #445, #1481, .T. ) ;
#998 = VERTEX_POINT ( 'NONE', #334 ) ;
#999 = DIRECTION ( 'NONE',  ( 0.000000000000000000, 0.000000000000000000, -1.000000000000000000 ) ) ;
#1000 = EDGE_LOOP ( 'NONE', ( #961, #499, #111, #1445 ) ) ;
#1001 = DIRECTION ( 'NONE',  ( 1.000000000000000000, 0.000000000000000000, 0.000000000000000000 ) ) ;
#1002 = VERTEX_POINT ( 'NONE', #663 ) ;
#1003 = EDGE_CURVE ( 'NONE', #1031, #261, #669, .T. ) ;
#1004 = AXIS2_PLACEMENT_3D ( 'NONE', #862, #1102, #1094 ) ;
#1005 = FACE_OUTER_BOUND ( 'NONE', #779, .T. ) ;
#1006 = LINE ( 'NONE', #286, #588 ) ;
#1007 = AXIS2_PLACEMENT_3D ( 'NONE', #1024, #560, #1501 ) ;
#1008 = VECTOR ( 'NONE', #485, 1000.000000000000000 ) ;
#1009 = ORIENTED_EDGE ( 'NONE', *, *, #527, .F. ) ;
#1010 = DIRECTION ( 'NONE',  ( -0.000000000000000000, -0.000000000000000000, -1.000000000000000000 ) ) ;
#1011 = VECTOR ( 'NONE', #356, 1000.000000000000000 ) ;
#1012 = LINE ( 'NONE', #1362, #167 ) ;
#1013 = EDGE_CURVE ( 'NONE', #849, #1185, #110, .T. ) ;
#1014 = ORIENTED_EDGE ( 'NONE', *, *, #975, .T. ) ;
#1015 = DIRECTION ( 'NONE',  ( -0.000000000000000000, -0.000000000000000000, -1.000000000000000000 ) ) ;
#1016 = EDGE_LOOP ( 'NONE', ( #1516, #102 ) ) ;
#1017 = LINE ( 'NONE', #1129, #1197 ) ;
#1018 = DIRECTION ( 'NONE',  ( 1.000000000000000000, 0.000000000000000000, 0.000000000000000000 ) ) ;
#1019 = CYLINDRICAL_SURFACE ( 'NONE', #1257, 3.500000000000000444 ) ;
#1020 = VERTEX_POINT ( 'NONE', #793 ) ;
#1021 = DIRECTION ( 'NONE',  ( 1.000000000000000000, 0.000000000000000000, 0.000000000000000000 ) ) ;
#1022 = EDGE_CURVE ( 'NONE', #931, #240, #1456, .T. ) ;
#1023 = VERTEX_POINT ( 'NONE', #1156 ) ;
#1024 = CARTESIAN_POINT ( 'NONE',  ( 0.000000000000000000, 0.000000000000000000, 4.000000000000000000 ) ) ;
#1025 = DIRECTION ( 'NONE',  ( -1.000000000000000000, -0.000000000000000000, -0.000000000000000000 ) ) ;
#1026 = AXIS2_PLACEMENT_3D ( 'NONE', #1153, #1251, #330 ) ;
#1027 = ORIENTED_EDGE ( 'NONE', *, *, #1003, .F. ) ;
#1028 = CIRCLE ( 'NONE', #631, 3.500000000000000000 ) ;
#1029 = CARTESIAN_POINT ( 'NONE',  ( 56.30000000000000426, -11.50000000000000000, 4.000000000000000000 ) ) ;
#1030 = AXIS2_PLACEMENT_3D ( 'NONE', #257, #850, #1328 ) ;
#1031 = VERTEX_POINT ( 'NONE', #1141 ) ;
#1032 = DIRECTION ( 'NONE',  ( 1.000000000000000000, 0.000000000000000000, 0.000000000000000000 ) ) ;
#1033 = AXIS2_PLACEMENT_3D ( 'NONE', #786, #558, #1256 ) ;
#1034 = CIRCLE ( 'NONE', #396, 3.500000000000000000 ) ;
#1035 = EDGE_CURVE ( 'NONE', #230, #668, #633, .T. ) ;
#1036 = LINE ( 'NONE', #1520, #113 ) ;
#1037 = CARTESIAN_POINT ( 'NONE',  ( -8.599999999999999645, 0.000000000000000000, 8.000000000000000000 ) ) ;
#1038 = ORIENTED_EDGE ( 'NONE', *, *, #1131, .T. ) ;
#1039 = CARTESIAN_POINT ( 'NONE',  ( 56.30000000000000426, -11.50000000000000000, 8.000000000000000000 ) ) ;
#1040 = VERTEX_POINT ( 'NONE', #85 ) ;
#1041 = DIRECTION ( 'NONE',  ( 0.000000000000000000, 0.000000000000000000, -1.000000000000000000 ) ) ;
#1042 = EDGE_CURVE ( 'NONE', #684, #20, #981, .T. ) ;
#1043 = DIRECTION ( 'NONE',  ( -0.000000000000000000, -0.000000000000000000, -1.000000000000000000 ) ) ;
#1044 = CYLINDRICAL_SURFACE ( 'NONE', #960, 1.700000000000000178 ) ;
#1045 = ORIENTED_EDGE ( 'NONE', *, *, #1405, .T. ) ;
#1046 = DIRECTION ( 'NONE',  ( -0.000000000000000000, -0.000000000000000000, -1.000000000000000000 ) ) ;
#1047 = VERTEX_POINT ( 'NONE', #1029 ) ;
#1048 = DIRECTION ( 'NONE',  ( 1.000000000000000000, 0.000000000000000000, 0.000000000000000000 ) ) ;
#1049 = DIRECTION ( 'NONE',  ( -0.000000000000000000, -0.000000000000000000, -1.000000000000000000 ) ) ;
#1050 = EDGE_CURVE ( 'NONE', #226, #1077, #103, .T. ) ;
#1051 = PERSON_AND_ORGANIZATION ( #1209, #732 ) ;
#1052 = ORIENTED_EDGE ( 'NONE', *, *, #598, .F. ) ;
#1053 = ADVANCED_FACE ( 'NONE', ( #1517 ), #1148, .T. ) ;
#1054 = DIRECTION ( 'NONE',  ( 1.000000000000000000, 0.000000000000000000, 0.000000000000000000 ) ) ;
#1055 = AXIS2_PLACEMENT_3D ( 'NONE', #259, #137, #457 ) ;
#1056 = ORIENTED_EDGE ( 'NONE', *, *, #1169, .F. ) ;
#1057 = LINE ( 'NONE', #1267, #1530 ) ;
#1058 = AXIS2_PLACEMENT_3D ( 'NONE', #1265, #674, #913 ) ;
#1059 = AXIS2_PLACEMENT_3D ( 'NONE', #823, #1419, #1295 ) ;
#1060 = CARTESIAN_POINT ( 'NONE',  ( 0.000000000000000000, 7.000000000000000000, 4.000000000000000000 ) ) ;
#1061 = PERSON_AND_ORGANIZATION_ROLE ( 'design_owner' ) ;
#1062 = ORIENTED_EDGE ( 'NONE', *, *, #1242, .F. ) ;
#1063 = DIRECTION ( 'NONE',  ( 1.000000000000000000, 0.000000000000000000, 0.000000000000000000 ) ) ;
#1064 = EDGE_CURVE ( 'NONE', #166, #361, #959, .T. ) ;
#1065 = VERTEX_POINT ( 'NONE', #1389 ) ;
#1066 = DIRECTION ( 'NONE',  ( -0.000000000000000000, -0.000000000000000000, -1.000000000000000000 ) ) ;
#1067 = LINE ( 'NONE', #15, #1276 ) ;
#1068 = PERSON_AND_ORGANIZATION ( #1209, #732 ) ;
#1069 = ORIENTED_EDGE ( 'NONE', *, *, #752, .T. ) ;
#1070 = CARTESIAN_POINT ( 'NONE',  ( -1.600000000000000089, 7.000000000000000000, 8.000000000000000000 ) ) ;
#1071 = ORIENTED_EDGE ( 'NONE', *, *, #194, .F. ) ;
#1072 = DIRECTION ( 'NONE',  ( -0.000000000000000000, -0.000000000000000000, -1.000000000000000000 ) ) ;
#1073 = EDGE_CURVE ( 'NONE', #51, #1149, #856, .T. ) ;
#1074 = CARTESIAN_POINT ( 'NONE',  ( 3.388860427931489561, 6.125000000000000888, 8.000000000000000000 ) ) ;
#1075 = ORIENTED_EDGE ( 'NONE', *, *, #877, .F. ) ;
#1076 = DIRECTION ( 'NONE',  ( 1.000000000000000000, 0.000000000000000000, 0.000000000000000000 ) ) ;
#1077 = VERTEX_POINT ( 'NONE', #1163 ) ;
#1078 = DIRECTION ( 'NONE',  ( 0.000000000000000000, 0.000000000000000000, 1.000000000000000000 ) ) ;
#1079 = CIRCLE ( 'NONE', #487, 7.000000000000000000 ) ;
#1080 = AXIS2_PLACEMENT_3D ( 'NONE', #1246, #1099, #987 ) ;
#1081 = CYLINDRICAL_SURFACE ( 'NONE', #1055, 3.500000000000000000 ) ;
#1082 = AXIS2_PLACEMENT_3D ( 'NONE', #1123, #630, #529 ) ;
#1083 = AXIS2_PLACEMENT_3D ( 'NONE', #1505, #312, #566 ) ;
#1084 = ORIENTED_EDGE ( 'NONE', *, *, #351, .F. ) ;
#1085 = DIRECTION ( 'NONE',  ( 1.000000000000000000, 0.000000000000000000, 0.000000000000000000 ) ) ;
#1086 = EDGE_LOOP ( 'NONE', ( #691, #296, #816, #545 ) ) ;
#1087 = CARTESIAN_POINT ( 'NONE',  ( 3.500000000000000000, 7.000000000000000000, 8.000000000000000000 ) ) ;
#1088 = DIRECTION ( 'NONE',  ( 0.000000000000000000, 0.000000000000000000, -1.000000000000000000 ) ) ;
#1089 = EDGE_CURVE ( 'NONE', #372, #1023, #612, .T. ) ;
#1090 = ORIENTED_EDGE ( 'NONE', *, *, #77, .F. ) ;
#1091 = DIRECTION ( 'NONE',  ( 0.000000000000000000, 1.000000000000000000, 0.000000000000000000 ) ) ;
#1092 = ORIENTED_EDGE ( 'NONE', *, *, #1189, .F. ) ;
#1093 = DIRECTION ( 'NONE',  ( 0.000000000000000000, 0.000000000000000000, 1.000000000000000000 ) ) ;
#1094 = DIRECTION ( 'NONE',  ( 1.000000000000000000, 0.000000000000000000, 0.000000000000000000 ) ) ;
#1095 = EDGE_CURVE ( 'NONE', #1047, #1173, #199, .T. ) ;
#1096 = CARTESIAN_POINT ( 'NONE',  ( 0.000000000000000000, 7.000000000000000000, 8.000000000000000000 ) ) ;
#1097 = CARTESIAN_POINT ( 'NONE',  ( 0.000000000000000000, -7.000000000000000000, 8.000000000000000000 ) ) ;
#1098 = VERTEX_POINT ( 'NONE', #454 ) ;
#1099 = DIRECTION ( 'NONE',  ( 0.000000000000000000, 0.000000000000000000, 1.000000000000000000 ) ) ;
#1100 = ORIENTED_EDGE ( 'NONE', *, *, #1513, .F. ) ;
#1101 = CIRCLE ( 'NONE', #1121, 3.500000000000000000 ) ;
#1102 = DIRECTION ( 'NONE',  ( -0.000000000000000000, -0.000000000000000000, -1.000000000000000000 ) ) ;
#1103 = DIRECTION ( 'NONE',  ( -1.000000000000000000, 0.000000000000000000, 0.000000000000000000 ) ) ;
#1104 = DIRECTION ( 'NONE',  ( 1.000000000000000000, 0.000000000000000000, 0.000000000000000000 ) ) ;
#1105 = ORIENTED_EDGE ( 'NONE', *, *, #1340, .F. ) ;
#1106 = CARTESIAN_POINT ( 'NONE',  ( -5.400000000000000355, 1.959434878635764491E-16, 8.000000000000000000 ) ) ;
#1107 = EDGE_CURVE ( 'NONE', #532, #1418, #920, .T. ) ;
#1108 = EDGE_LOOP ( 'NONE', ( #158, #1326, #333, #579 ) ) ;
#1109 = CARTESIAN_POINT ( 'NONE',  ( 23.00000000000000000, 7.000000000000000000, 4.000000000000000000 ) ) ;
#1110 = DIRECTION ( 'NONE',  ( -0.000000000000000000, -0.000000000000000000, -1.000000000000000000 ) ) ;
#1111 = ORIENTED_EDGE ( 'NONE', *, *, #1347, .T. ) ;
#1112 = DIRECTION ( 'NONE',  ( -1.000000000000000000, 0.000000000000000000, 0.000000000000000000 ) ) ;
#1113 = ADVANCED_FACE ( 'NONE', ( #1281 ), #927, .F. ) ;
#1114 = DIRECTION ( 'NONE',  ( -0.000000000000000000, -0.000000000000000000, -1.000000000000000000 ) ) ;
#1115 = FACE_BOUND ( 'NONE', #1523, .T. ) ;
#1116 = EDGE_LOOP ( 'NONE', ( #1100, #640, #1128, #884 ) ) ;
#1117 = CARTESIAN_POINT ( 'NONE',  ( 7.000000000000000000, 0.000000000000000000, 8.000000000000000000 ) ) ;
#1118 = ORIENTED_EDGE ( 'NONE', *, *, #1107, .T. ) ;
#1119 = VECTOR ( 'NONE', #1218, 1000.000000000000000 ) ;
#1120 = ADVANCED_FACE ( 'NONE', ( #808 ), #1289, .T. ) ;
#1121 = AXIS2_PLACEMENT_3D ( 'NONE', #318, #1259, #201 ) ;
#1122 = CARTESIAN_POINT ( 'NONE',  ( 1.600000000000000089, 7.000000000000000000, 8.000000000000000000 ) ) ;
#1123 = CARTESIAN_POINT ( 'NONE',  ( -7.000000000000000000, 0.000000000000000000, 8.000000000000000000 ) ) ;
#1124 = AXIS2_PLACEMENT_3D ( 'NONE', #1183, #1093, #35 ) ;
#1125 = AXIS2_PLACEMENT_3D ( 'NONE', #871, #878, #300 ) ;
#1126 = ORIENTED_EDGE ( 'NONE', *, *, #648, .T. ) ;
#1127 = CARTESIAN_POINT ( 'NONE',  ( 14.38749456993815734, 7.000000000000000000, 4.000000000000000000 ) ) ;
#1128 = ORIENTED_EDGE ( 'NONE', *, *, #203, .T. ) ;
#1129 = CARTESIAN_POINT ( 'NONE',  ( 8.599999999999999645, 1.959434878635764491E-16, 8.000000000000000000 ) ) ;
#1130 = DIRECTION ( 'NONE',  ( -0.000000000000000000, -0.000000000000000000, -1.000000000000000000 ) ) ;
#1131 = EDGE_CURVE ( 'NONE', #484, #187, #314, .T. ) ;
#1132 = CARTESIAN_POINT ( 'NONE',  ( 58.00000000000000000, -11.50000000000000000, 8.000000000000000000 ) ) ;
#1133 = ORIENTED_EDGE ( 'NONE', *, *, #1095, .T. ) ;
#1134 = DIRECTION ( 'NONE',  ( 0.000000000000000000, 0.000000000000000000, -1.000000000000000000 ) ) ;
#1135 = EDGE_LOOP ( 'NONE', ( #183, #435, #1311, #697 ) ) ;
#1136 = DIRECTION ( 'NONE',  ( -1.000000000000000000, 0.000000000000000000, 0.000000000000000000 ) ) ;
#1137 = DIRECTION ( 'NONE',  ( 1.000000000000000000, 0.000000000000000000, 0.000000000000000000 ) ) ;
#1138 = CYLINDRICAL_SURFACE ( 'NONE', #1434, 1.599999999999999867 ) ;
#1139 = EDGE_CURVE ( 'NONE', #87, #352, #1433, .T. ) ;
#1140 = EDGE_LOOP ( 'NONE', ( #1105, #1390, #792, #890 ) ) ;
#1141 = CARTESIAN_POINT ( 'NONE',  ( 6.124999999999999112, -3.388860427931489561, 8.000000000000000000 ) ) ;
#1142 = ORIENTED_EDGE ( 'NONE', *, *, #364, .F. ) ;
#1143 = DIRECTION ( 'NONE',  ( 1.000000000000000000, 0.000000000000000000, 0.000000000000000000 ) ) ;
#1144 = FACE_BOUND ( 'NONE', #569, .T. ) ;
#1145 = AXIS2_PLACEMENT_3D ( 'NONE', #209, #305, #1269 ) ;
#1146 = ORIENTED_EDGE ( 'NONE', *, *, #77, .T. ) ;
#1147 = CIRCLE ( 'NONE', #678, 3.500000000000000000 ) ;
#1148 = CYLINDRICAL_SURFACE ( 'NONE', #371, 7.000000000000000000 ) ;
#1149 = VERTEX_POINT ( 'NONE', #141 ) ;
#1150 = CARTESIAN_POINT ( 'NONE',  ( 0.000000000000000000, -7.000000000000000000, 8.000000000000000000 ) ) ;
#1151 = EDGE_CURVE ( 'NONE', #309, #1065, #262, .T. ) ;
#1152 = AXIS2_PLACEMENT_3D ( 'NONE', #377, #1427, #611 ) ;
#1153 = CARTESIAN_POINT ( 'NONE',  ( 0.000000000000000000, 0.000000000000000000, 8.000000000000000000 ) ) ;
#1154 = PLANE ( 'NONE',  #374 ) ;
#1155 = EDGE_LOOP ( 'NONE', ( #761, #1142, #1038, #746 ) ) ;
#1156 = CARTESIAN_POINT ( 'NONE',  ( -6.125000000000000888, -3.388860427931490005, 8.000000000000000000 ) ) ;
#1157 = ORIENTED_EDGE ( 'NONE', *, *, #1151, .T. ) ;
#1158 = DIRECTION ( 'NONE',  ( 1.000000000000000000, 0.000000000000000000, 0.000000000000000000 ) ) ;
#1159 = EDGE_CURVE ( 'NONE', #1525, #662, #636, .T. ) ;
#1160 = CARTESIAN_POINT ( 'NONE',  ( -5.400000000000000355, 1.959434878635764491E-16, 0.000000000000000000 ) ) ;
#1161 = APPROVAL_DATE_TIME ( #260, #1240 ) ;
#1162 = EDGE_LOOP ( 'NONE', ( #368, #455, #425, #627 ) ) ;
#1163 = CARTESIAN_POINT ( 'NONE',  ( 4.000000000000000000, 4.898587196589412829E-16, 0.000000000000000000 ) ) ;
#1164 = ORIENTED_EDGE ( 'NONE', *, *, #988, .F. ) ;
#1165 = CARTESIAN_POINT ( 'NONE',  ( 62.00000000000000000, -15.00000000000000000, 4.000000000000000000 ) ) ;
#1166 = CC_DESIGN_PERSON_AND_ORGANIZATION_ASSIGNMENT ( #587, #1061, ( #1416 ) ) ;
#1167 = CARTESIAN_POINT ( 'NONE',  ( 0.000000000000000000, -7.000000000000000000, 4.000000000000000000 ) ) ;
#1168 = COORDINATED_UNIVERSAL_TIME_OFFSET ( 6, 0, .BEHIND. ) ;
#1169 = EDGE_CURVE ( 'NONE', #532, #602, #708, .T. ) ;
#1170 = EDGE_LOOP ( 'NONE', ( #682, #1439, #1493, #507 ) ) ;
#1171 = DIRECTION ( 'NONE',  ( 0.000000000000000000, 0.000000000000000000, -1.000000000000000000 ) ) ;
#1172 = AXIS2_PLACEMENT_3D ( 'NONE', #1275, #1519, #1384 ) ;
#1173 = VERTEX_POINT ( 'NONE', #239 ) ;
#1174 = FACE_OUTER_BOUND ( 'NONE', #207, .T. ) ;
#1175 = AXIS2_PLACEMENT_3D ( 'NONE', #859, #272, #1305 ) ;
#1176 = CIRCLE ( 'NONE', #1380, 3.500000000000000000 ) ;
#1177 = CC_DESIGN_SECURITY_CLASSIFICATION ( #985, ( #225 ) ) ;
#1178 = DIRECTION ( 'NONE',  ( 1.000000000000000000, 0.000000000000000000, 0.000000000000000000 ) ) ;
#1179 = EDGE_CURVE ( 'NONE', #1381, #668, #937, .T. ) ;
#1180 = ORIENTED_EDGE ( 'NONE', *, *, #1073, .T. ) ;
#1181 = CARTESIAN_POINT ( 'NONE',  ( 23.00000000000000000, -15.00000000000000000, 4.000000000000000000 ) ) ;
#1182 = ORIENTED_EDGE ( 'NONE', *, *, #544, .T. ) ;
#1183 = CARTESIAN_POINT ( 'NONE',  ( 0.000000000000000000, 0.000000000000000000, 4.000000000000000000 ) ) ;
#1184 = FACE_OUTER_BOUND ( 'NONE', #905, .T. ) ;
#1185 = VERTEX_POINT ( 'NONE', #126 ) ;
#1186 = DIRECTION ( 'NONE',  ( 0.000000000000000000, 0.000000000000000000, 1.000000000000000000 ) ) ;
#1187 = VERTEX_POINT ( 'NONE', #476 ) ;
#1188 = CARTESIAN_POINT ( 'NONE',  ( 7.000000000000000000, 0.000000000000000000, 8.000000000000000000 ) ) ;
#1189 = EDGE_CURVE ( 'NONE', #998, #1040, #756, .T. ) ;
#1190 = CARTESIAN_POINT ( 'NONE',  ( 3.388860427931490449, 6.125000000000000888, 6.000000000000000000 ) ) ;
#1191 = SECURITY_CLASSIFICATION_LEVEL ( 'unclassified' ) ;
#1192 = EDGE_LOOP ( 'NONE', ( #1451, #1426 ) ) ;
#1193 = DIRECTION ( 'NONE',  ( 0.000000000000000000, 0.000000000000000000, 1.000000000000000000 ) ) ;
#1194 = VERTEX_POINT ( 'NONE', #597 ) ;
#1195 = AXIS2_PLACEMENT_3D ( 'NONE', #1435, #1528, #594 ) ;
#1196 = LINE ( 'NONE', #363, #221 ) ;
#1197 = VECTOR ( 'NONE', #1217, 1000.000000000000000 ) ;
#1198 = EDGE_CURVE ( 'NONE', #20, #1002, #731, .T. ) ;
#1199 = AXIS2_PLACEMENT_3D ( 'NONE', #1351, #1222, #740 ) ;
#1200 = VECTOR ( 'NONE', #619, 1000.000000000000000 ) ;
#1201 = CARTESIAN_POINT ( 'NONE',  ( 27.00000000000000000, -11.50000000000000000, 4.000000000000000000 ) ) ;
#1202 = VECTOR ( 'NONE', #436, 1000.000000000000000 ) ;
#1203 = LOCAL_TIME ( 15, 0, 54.00000000000000000, #839 ) ;
#1204 = FACE_BOUND ( 'NONE', #1288, .T. ) ;
#1205 = PLANE ( 'NONE',  #563 ) ;
#1206 = VERTEX_POINT ( 'NONE', #11 ) ;
#1207 = CYLINDRICAL_SURFACE ( 'NONE', #585, 4.000000000000000000 ) ;
#1208 = ADVANCED_FACE ( 'NONE', ( #603 ), #1205, .F. ) ;
#1209 = PERSON ( 'UNSPECIFIED', 'UNSPECIFIED', 'UNSPECIFIED', ('UNSPECIFIED'), ('UNSPECIFIED'), ('UNSPECIFIED') ) ;
#1210 = FACE_OUTER_BOUND ( 'NONE', #1162, .T. ) ;
#1211 = DATE_AND_TIME ( #1226, #69 ) ;
#1212 = CARTESIAN_POINT ( 'NONE',  ( -3.500000000000000000, -7.000000000000000000, 8.000000000000000000 ) ) ;
#1213 = FACE_BOUND ( 'NONE', #807, .T. ) ;
#1214 = ORIENTED_EDGE ( 'NONE', *, *, #1035, .T. ) ;
#1215 = CARTESIAN_POINT ( 'NONE',  ( 6.125000000000000000, 3.388860427931490005, 8.000000000000000000 ) ) ;
#1216 = EDGE_LOOP ( 'NONE', ( #1352, #80, #263, #128 ) ) ;
#1217 = DIRECTION ( 'NONE',  ( 0.000000000000000000, 0.000000000000000000, -1.000000000000000000 ) ) ;
#1218 = DIRECTION ( 'NONE',  ( -0.000000000000000000, -0.000000000000000000, -1.000000000000000000 ) ) ;
#1219 = EDGE_CURVE ( 'NONE', #445, #453, #1325, .T. ) ;
#1220 = DIRECTION ( 'NONE',  ( 0.000000000000000000, 0.000000000000000000, 1.000000000000000000 ) ) ;
#1221 = ORIENTED_EDGE ( 'NONE', *, *, #908, .F. ) ;
#1222 = DIRECTION ( 'NONE',  ( -0.000000000000000000, -0.000000000000000000, -1.000000000000000000 ) ) ;
#1223 = EDGE_LOOP ( 'NONE', ( #613, #1157, #625, #55 ) ) ;
#1224 = AXIS2_PLACEMENT_3D ( 'NONE', #179, #32, #174 ) ;
#1225 = AXIS2_PLACEMENT_3D ( 'NONE', #1334, #521, #771 ) ;
#1226 = CALENDAR_DATE ( 2026, 12, 9 ) ;
#1227 = CIRCLE ( 'NONE', #93, 1.599999999999999867 ) ;
#1228 = ORIENTED_EDGE ( 'NONE', *, *, #136, .F. ) ;
#1229 = AXIS2_PLACEMENT_3D ( 'NONE', #269, #1301, #151 ) ;
#1230 = CARTESIAN_POINT ( 'NONE',  ( 0.000000000000000000, 0.000000000000000000, 8.000000000000000000 ) ) ;
#1231 = EDGE_CURVE ( 'NONE', #392, #1077, #1507, .T. ) ;
#1232 = AXIS2_PLACEMENT_3D ( 'NONE', #1497, #900, #1491 ) ;
#1233 = EDGE_LOOP ( 'NONE', ( #34, #673 ) ) ;
#1234 = CARTESIAN_POINT ( 'NONE',  ( 59.70000000000000284, -11.50000000000000000, 4.000000000000000000 ) ) ;
#1235 = ORIENTED_EDGE ( 'NONE', *, *, #203, .F. ) ;
#1236 = CARTESIAN_POINT ( 'NONE',  ( -1.600000000000000089, 7.000000000000000000, 8.000000000000000000 ) ) ;
#1237 = FACE_BOUND ( 'NONE', #1016, .T. ) ;
#1238 = EDGE_LOOP ( 'NONE', ( #596, #794, #1247, #530, #670, #1146, #1313, #516, #1518 ) ) ;
#1239 = DIRECTION ( 'NONE',  ( -1.000000000000000000, 0.000000000000000000, 0.000000000000000000 ) ) ;
#1240 = APPROVAL ( #267, 'UNSPECIFIED' ) ;
#1241 = ORIENTED_EDGE ( 'NONE', *, *, #1422, .T. ) ;
#1242 = EDGE_CURVE ( 'NONE', #57, #1098, #395, .T. ) ;
#1243 = CARTESIAN_POINT ( 'NONE',  ( -1.600000000000000089, -7.000000000000000000, 8.000000000000000000 ) ) ;
#1244 = FACE_OUTER_BOUND ( 'NONE', #1279, .T. ) ;
#1245 = ORIENTED_EDGE ( 'NONE', *, *, #1502, .F. ) ;
#1246 = CARTESIAN_POINT ( 'NONE',  ( 0.000000000000000000, 0.000000000000000000, 4.000000000000000000 ) ) ;
#1247 = ORIENTED_EDGE ( 'NONE', *, *, #877, .T. ) ;
#1248 = CARTESIAN_POINT ( 'NONE',  ( 0.000000000000000000, -7.000000000000000000, 4.000000000000000000 ) ) ;
#1249 = EDGE_CURVE ( 'NONE', #278, #590, #172, .T. ) ;
#1250 = AXIS2_PLACEMENT_3D ( 'NONE', #124, #1049, #923 ) ;
#1251 = DIRECTION ( 'NONE',  ( -0.000000000000000000, -0.000000000000000000, -1.000000000000000000 ) ) ;
#1252 = CARTESIAN_POINT ( 'NONE',  ( 59.70000000000000284, 11.50000000000000000, 0.000000000000000000 ) ) ;
#1253 = VECTOR ( 'NONE', #1046, 1000.000000000000000 ) ;
#1254 = AXIS2_PLACEMENT_3D ( 'NONE', #18, #1186, #493 ) ;
#1255 = ORIENTED_EDGE ( 'NONE', *, *, #707, .F. ) ;
#1256 = DIRECTION ( 'NONE',  ( 1.000000000000000000, 0.000000000000000000, 0.000000000000000000 ) ) ;
#1257 = AXIS2_PLACEMENT_3D ( 'NONE', #210, #444, #101 ) ;
#1258 = ORIENTED_EDGE ( 'NONE', *, *, #938, .F. ) ;
#1259 = DIRECTION ( 'NONE',  ( 0.000000000000000000, 0.000000000000000000, 1.000000000000000000 ) ) ;
#1260 = EDGE_CURVE ( 'NONE', #1395, #1420, #494, .T. ) ;
#1261 = LINE ( 'NONE', #916, #189 ) ;
#1262 =( LENGTH_UNIT ( ) NAMED_UNIT ( * ) SI_UNIT ( .MILLI., .METRE. ) );
#1263 = EDGE_CURVE ( 'NONE', #1337, #1002, #45, .T. ) ;
#1264 = VERTEX_POINT ( 'NONE', #27 ) ;
#1265 = CARTESIAN_POINT ( 'NONE',  ( 0.000000000000000000, -7.000000000000000000, 8.000000000000000000 ) ) ;
#1266 = ORIENTED_EDGE ( 'NONE', *, *, #228, .T. ) ;
#1267 = CARTESIAN_POINT ( 'NONE',  ( 23.00000000000000000, -15.00000000000000000, 4.000000000000000000 ) ) ;
#1268 = PRODUCT_DEFINITION ( 'UNKNOWN', '', #225, #1455 ) ;
#1269 = DIRECTION ( 'NONE',  ( 1.000000000000000000, 0.000000000000000000, 0.000000000000000000 ) ) ;
#1270 = DIRECTION ( 'NONE',  ( 0.000000000000000000, 0.000000000000000000, -1.000000000000000000 ) ) ;
#1271 = EDGE_CURVE ( 'NONE', #872, #647, #500, .T. ) ;
#1272 = ORIENTED_EDGE ( 'NONE', *, *, #770, .F. ) ;
#1273 = CARTESIAN_POINT ( 'NONE',  ( 7.000000000000000000, 0.000000000000000000, 0.000000000000000000 ) ) ;
#1274 = ORIENTED_EDGE ( 'NONE', *, *, #1263, .T. ) ;
#1275 = CARTESIAN_POINT ( 'NONE',  ( 0.000000000000000000, 7.000000000000000000, 4.000000000000000000 ) ) ;
#1276 = VECTOR ( 'NONE', #375, 1000.000000000000000 ) ;
#1277 = CARTESIAN_POINT ( 'NONE',  ( 25.30000000000000071, 11.50000000000000000, 4.000000000000000000 ) ) ;
#1278 = AXIS2_PLACEMENT_3D ( 'NONE', #1504, #311, #796 ) ;
#1279 = EDGE_LOOP ( 'NONE', ( #976, #1532, #888, #609 ) ) ;
#1280 = AXIS2_PLACEMENT_3D ( 'NONE', #107, #941, #949 ) ;
#1281 = FACE_OUTER_BOUND ( 'NONE', #1086, .T. ) ;
#1282 = ADVANCED_FACE ( 'NONE', ( #33 ), #1412, .F. ) ;
#1283 = AXIS2_PLACEMENT_3D ( 'NONE', #385, #1066, #478 ) ;
#1284 = ORIENTED_EDGE ( 'NONE', *, *, #869, .F. ) ;
#1285 = DIRECTION ( 'NONE',  ( 0.000000000000000000, 0.000000000000000000, 1.000000000000000000 ) ) ;
#1286 = AXIS2_PLACEMENT_3D ( 'NONE', #213, #683, #446 ) ;
#1287 = DIRECTION ( 'NONE',  ( 0.000000000000000000, 1.000000000000000000, 0.000000000000000000 ) ) ;
#1288 = EDGE_LOOP ( 'NONE', ( #1052, #574 ) ) ;
#1289 = CYLINDRICAL_SURFACE ( 'NONE', #297, 3.500000000000000000 ) ;
#1290 = ORIENTED_EDGE ( 'NONE', *, *, #1089, .F. ) ;
#1291 = FACE_OUTER_BOUND ( 'NONE', #896, .T. ) ;
#1292 = DIRECTION ( 'NONE',  ( -0.000000000000000000, -0.000000000000000000, -1.000000000000000000 ) ) ;
#1293 = APPROVAL_STATUS ( 'not_yet_approved' ) ;
#1294 = ORIENTED_EDGE ( 'NONE', *, *, #702, .T. ) ;
#1295 = DIRECTION ( 'NONE',  ( 1.000000000000000000, 0.000000000000000000, 0.000000000000000000 ) ) ;
#1296 = EDGE_LOOP ( 'NONE', ( #926, #414, #410, #302 ) ) ;
#1297 = DIRECTION ( 'NONE',  ( -0.000000000000000000, -0.000000000000000000, -1.000000000000000000 ) ) ;
#1298 = EDGE_CURVE ( 'NONE', #1065, #57, #781, .T. ) ;
#1299 = CARTESIAN_POINT ( 'NONE',  ( -10.50000000000000000, 0.000000000000000000, 8.000000000000000000 ) ) ;
#1300 = ORIENTED_EDGE ( 'NONE', *, *, #1231, .F. ) ;
#1301 = DIRECTION ( 'NONE',  ( -0.000000000000000000, -0.000000000000000000, -1.000000000000000000 ) ) ;
#1302 = VECTOR ( 'NONE', #1490, 1000.000000000000000 ) ;
#1303 = CIRCLE ( 'NONE', #19, 3.500000000000000000 ) ;
#1304 = ORIENTED_EDGE ( 'NONE', *, *, #975, .F. ) ;
#1305 = DIRECTION ( 'NONE',  ( 1.000000000000000000, 0.000000000000000000, 0.000000000000000000 ) ) ;
#1306 = AXIS2_PLACEMENT_3D ( 'NONE', #894, #159, #575 ) ;
#1307 = AXIS2_PLACEMENT_3D ( 'NONE', #1404, #1382, #341 ) ;
#1308 =( GEOMETRIC_REPRESENTATION_CONTEXT ( 3 ) GLOBAL_UNCERTAINTY_ASSIGNED_CONTEXT ( ( #30 ) ) GLOBAL_UNIT_ASSIGNED_CONTEXT ( ( #1262, #83, #92 ) ) REPRESENTATION_CONTEXT ( 'NONE', 'WORKASPACE' ) );
#1309 = DIRECTION ( 'NONE',  ( 1.000000000000000000, 0.000000000000000000, -0.000000000000000000 ) ) ;
#1310 = DATE_AND_TIME ( #958, #1409 ) ;
#1311 = ORIENTED_EDGE ( 'NONE', *, *, #1064, .T. ) ;
#1312 = DIRECTION ( 'NONE',  ( 1.000000000000000000, 0.000000000000000000, 0.000000000000000000 ) ) ;
#1313 = ORIENTED_EDGE ( 'NONE', *, *, #1169, .T. ) ;
#1314 = CYLINDRICAL_SURFACE ( 'NONE', #1283, 3.500000000000000444 ) ;
#1315 = DIRECTION ( 'NONE',  ( 0.000000000000000000, 0.000000000000000000, 1.000000000000000000 ) ) ;
#1316 = DATE_AND_TIME ( #703, #1203 ) ;
#1317 = VERTEX_POINT ( 'NONE', #38 ) ;
#1318 = DIRECTION ( 'NONE',  ( -0.000000000000000000, -0.000000000000000000, -1.000000000000000000 ) ) ;
#1319 = EDGE_CURVE ( 'NONE', #1475, #970, #883, .T. ) ;
#1320 = EDGE_LOOP ( 'NONE', ( #71, #1092 ) ) ;
#1321 = DIRECTION ( 'NONE',  ( 1.000000000000000000, 0.000000000000000000, 0.000000000000000000 ) ) ;
#1322 = DIRECTION ( 'NONE',  ( 1.000000000000000000, 0.000000000000000000, 0.000000000000000000 ) ) ;
#1323 = PERSON_AND_ORGANIZATION_ROLE ( 'creator' ) ;
#1324 = DIRECTION ( 'NONE',  ( -0.000000000000000000, -1.000000000000000000, -0.000000000000000000 ) ) ;
#1325 = LINE ( 'NONE', #714, #1200 ) ;
#1326 = ORIENTED_EDGE ( 'NONE', *, *, #228, .F. ) ;
#1327 = VECTOR ( 'NONE', #1324, 1000.000000000000000 ) ;
#1328 = DIRECTION ( 'NONE',  ( -1.000000000000000000, 0.000000000000000000, 0.000000000000000000 ) ) ;
#1329 = ADVANCED_FACE ( 'NONE', ( #1244 ), #175, .F. ) ;
#1330 = CIRCLE ( 'NONE', #42, 1.600000000000000089 ) ;
#1331 = EDGE_CURVE ( 'NONE', #1040, #361, #1349, .T. ) ;
#1332 = VECTOR ( 'NONE', #546, 1000.000000000000000 ) ;
#1333 = VECTOR ( 'NONE', #650, 1000.000000000000000 ) ;
#1334 = CARTESIAN_POINT ( 'NONE',  ( 23.00000000000000000, -15.00000000000000000, 4.000000000000000000 ) ) ;
#1335 = CARTESIAN_POINT ( 'NONE',  ( -8.599999999999999645, 0.000000000000000000, 0.000000000000000000 ) ) ;
#1336 = DIRECTION ( 'NONE',  ( -1.000000000000000000, 0.000000000000000000, 0.000000000000000000 ) ) ;
#1337 = VERTEX_POINT ( 'NONE', #864 ) ;
#1338 = CARTESIAN_POINT ( 'NONE',  ( 0.000000000000000000, 0.000000000000000000, 4.000000000000000000 ) ) ;
#1339 = ORIENTED_EDGE ( 'NONE', *, *, #284, .F. ) ;
#1340 = EDGE_CURVE ( 'NONE', #1031, #901, #1484, .T. ) ;
#1341 = DIRECTION ( 'NONE',  ( 1.000000000000000000, 0.000000000000000000, 0.000000000000000000 ) ) ;
#1342 = ORIENTED_EDGE ( 'NONE', *, *, #383, .F. ) ;
#1343 = DIRECTION ( 'NONE',  ( 0.000000000000000000, 0.000000000000000000, 1.000000000000000000 ) ) ;
#1344 = ORIENTED_EDGE ( 'NONE', *, *, #165, .T. ) ;
#1345 = CARTESIAN_POINT ( 'NONE',  ( 62.00000000000000000, -15.00000000000000000, 0.000000000000000000 ) ) ;
#1346 = DIRECTION ( 'NONE',  ( 0.000000000000000000, -0.000000000000000000, -1.000000000000000000 ) ) ;
#1347 = EDGE_CURVE ( 'NONE', #602, #872, #644, .T. ) ;
#1348 = CARTESIAN_POINT ( 'NONE',  ( 0.000000000000000000, 7.000000000000000000, 8.000000000000000000 ) ) ;
#1349 = LINE ( 'NONE', #54, #933 ) ;
#1350 = VERTEX_POINT ( 'NONE', #413 ) ;
#1351 = CARTESIAN_POINT ( 'NONE',  ( 58.00000000000000000, 11.50000000000000000, 4.000000000000000000 ) ) ;
#1352 = ORIENTED_EDGE ( 'NONE', *, *, #1131, .F. ) ;
#1353 = AXIS2_PLACEMENT_3D ( 'NONE', #191, #154, #398 ) ;
#1354 = CIRCLE ( 'NONE', #193, 1.700000000000000178 ) ;
#1355 = PRODUCT_RELATED_PRODUCT_CATEGORY ( 'detail', '', ( #1416 ) ) ;
#1356 = LINE ( 'NONE', #1109, #1399 ) ;
#1357 = AXIS2_PLACEMENT_3D ( 'NONE', #962, #1438, #1085 ) ;
#1358 = CARTESIAN_POINT ( 'NONE',  ( 23.00000000000000000, -15.00000000000000000, 0.000000000000000000 ) ) ;
#1359 = ORIENTED_EDGE ( 'NONE', *, *, #648, .F. ) ;
#1360 = LINE ( 'NONE', #294, #321 ) ;
#1361 = EDGE_LOOP ( 'NONE', ( #836, #1344, #1274, #552 ) ) ;
#1362 = CARTESIAN_POINT ( 'NONE',  ( -3.500000000000000000, 7.000000000000000000, 8.000000000000000000 ) ) ;
#1363 = PLANE ( 'NONE',  #705 ) ;
#1364 = ORIENTED_EDGE ( 'NONE', *, *, #606, .F. ) ;
#1365 = DIRECTION ( 'NONE',  ( 0.000000000000000000, 0.000000000000000000, 1.000000000000000000 ) ) ;
#1366 = EDGE_CURVE ( 'NONE', #61, #226, #1406, .T. ) ;
#1367 = EDGE_LOOP ( 'NONE', ( #540, #109, #1464, #943 ) ) ;
#1368 = DIRECTION ( 'NONE',  ( -0.000000000000000000, -0.000000000000000000, -1.000000000000000000 ) ) ;
#1369 = CARTESIAN_POINT ( 'NONE',  ( 0.000000000000000000, 0.000000000000000000, 0.000000000000000000 ) ) ;
#1370 = ORIENTED_EDGE ( 'NONE', *, *, #831, .F. ) ;
#1371 = DIRECTION ( 'NONE',  ( -1.000000000000000000, 0.000000000000000000, 0.000000000000000000 ) ) ;
#1372 = ORIENTED_EDGE ( 'NONE', *, *, #918, .F. ) ;
#1373 = EDGE_CURVE ( 'NONE', #226, #61, #730, .T. ) ;
#1374 = DIRECTION ( 'NONE',  ( -0.000000000000000000, -0.000000000000000000, -1.000000000000000000 ) ) ;
#1375 = CIRCLE ( 'NONE', #1145, 4.000000000000000000 ) ;
#1376 = AXIS2_PLACEMENT_3D ( 'NONE', #242, #701, #1178 ) ;
#1377 = FACE_OUTER_BOUND ( 'NONE', #292, .T. ) ;
#1378 = CARTESIAN_POINT ( 'NONE',  ( 0.000000000000000000, 0.000000000000000000, 8.000000000000000000 ) ) ;
#1379 = VECTOR ( 'NONE', #13, 1000.000000000000000 ) ;
#1380 = AXIS2_PLACEMENT_3D ( 'NONE', #1461, #760, #291 ) ;
#1381 = VERTEX_POINT ( 'NONE', #1449 ) ;
#1382 = DIRECTION ( 'NONE',  ( 0.000000000000000000, 0.000000000000000000, -1.000000000000000000 ) ) ;
#1383 = ORIENTED_EDGE ( 'NONE', *, *, #1231, .T. ) ;
#1384 = DIRECTION ( 'NONE',  ( 0.000000000000000000, -0.000000000000000000, -1.000000000000000000 ) ) ;
#1385 = EDGE_CURVE ( 'NONE', #1185, #1418, #1006, .T. ) ;
#1386 = CARTESIAN_POINT ( 'NONE',  ( 0.000000000000000000, 7.000000000000000000, 8.000000000000000000 ) ) ;
#1387 = DIRECTION ( 'NONE',  ( 0.000000000000000000, -0.000000000000000000, 1.000000000000000000 ) ) ;
#1388 = EDGE_LOOP ( 'NONE', ( #1339, #1471, #1027, #1245 ) ) ;
#1389 = CARTESIAN_POINT ( 'NONE',  ( 14.38749456993815734, 7.000000000000000000, 0.000000000000000000 ) ) ;
#1390 = ORIENTED_EDGE ( 'NONE', *, *, #1003, .T. ) ;
#1391 = CARTESIAN_POINT ( 'NONE',  ( 0.000000000000000000, -7.000000000000000000, 8.000000000000000000 ) ) ;
#1392 = LINE ( 'NONE', #1122, #748 ) ;
#1393 = EDGE_CURVE ( 'NONE', #1194, #767, #322, .T. ) ;
#1394 = FACE_OUTER_BOUND ( 'NONE', #1407, .T. ) ;
#1395 = VERTEX_POINT ( 'NONE', #306 ) ;
#1396 = DIRECTION ( 'NONE',  ( -0.000000000000000000, -0.000000000000000000, -1.000000000000000000 ) ) ;
#1397 = ORIENTED_EDGE ( 'NONE', *, *, #1271, .F. ) ;
#1398 = DIRECTION ( 'NONE',  ( 0.000000000000000000, 0.000000000000000000, -1.000000000000000000 ) ) ;
#1399 = VECTOR ( 'NONE', #1473, 1000.000000000000000 ) ;
#1400 = DIRECTION ( 'NONE',  ( 1.000000000000000000, 0.000000000000000000, 0.000000000000000000 ) ) ;
#1401 = LINE ( 'NONE', #331, #934 ) ;
#1402 = AXIS2_PLACEMENT_3D ( 'NONE', #570, #803, #1143 ) ;
#1403 = ORIENTED_EDGE ( 'NONE', *, *, #1442, .F. ) ;
#1404 = CARTESIAN_POINT ( 'NONE',  ( -7.000000000000000000, 0.000000000000000000, 8.000000000000000000 ) ) ;
#1405 = EDGE_CURVE ( 'NONE', #1098, #1185, #745, .T. ) ;
#1406 = CIRCLE ( 'NONE', #273, 4.000000000000000000 ) ;
#1407 = EDGE_LOOP ( 'NONE', ( #408, #304, #1133, #520 ) ) ;
#1408 = DIRECTION ( 'NONE',  ( 1.000000000000000000, 0.000000000000000000, 0.000000000000000000 ) ) ;
#1409 = LOCAL_TIME ( 15, 0, 54.00000000000000000, #846 ) ;
#1410 = DIRECTION ( 'NONE',  ( 0.000000000000000000, -0.000000000000000000, 1.000000000000000000 ) ) ;
#1411 = ORIENTED_EDGE ( 'NONE', *, *, #194, .T. ) ;
#1412 = CYLINDRICAL_SURFACE ( 'NONE', #222, 1.700000000000000178 ) ;
#1413 = ORIENTED_EDGE ( 'NONE', *, *, #1139, .F. ) ;
#1414 = CARTESIAN_POINT ( 'NONE',  ( -7.000000000000000000, 0.000000000000000000, 0.000000000000000000 ) ) ;
#1415 = ADVANCED_FACE ( 'NONE', ( #389 ), #750, .F. ) ;
#1416 = PRODUCT ( 'ARM-204_Modular_forearm_MG996R', 'ARM-204_Modular_forearm_MG996R', '', ( #16 ) ) ;
#1417 = CARTESIAN_POINT ( 'NONE',  ( 5.400000000000000355, 0.000000000000000000, 0.000000000000000000 ) ) ;
#1418 = VERTEX_POINT ( 'NONE', #1358 ) ;
#1419 = DIRECTION ( 'NONE',  ( -0.000000000000000000, -0.000000000000000000, -1.000000000000000000 ) ) ;
#1420 = VERTEX_POINT ( 'NONE', #886 ) ;
#1421 = DIRECTION ( 'NONE',  ( 1.000000000000000000, 0.000000000000000000, 0.000000000000000000 ) ) ;
#1422 = EDGE_CURVE ( 'NONE', #590, #912, #1176, .T. ) ;
#1423 = ADVANCED_FACE ( 'NONE', ( #1237, #180, #1115, #1213, #400, #60 ), #1363, .T. ) ;
#1424 = CYLINDRICAL_SURFACE ( 'NONE', #1250, 3.500000000000000000 ) ;
#1425 = PERSON_AND_ORGANIZATION_ROLE ( 'classification_officer' ) ;
#1426 = ORIENTED_EDGE ( 'NONE', *, *, #1263, .F. ) ;
#1427 = DIRECTION ( 'NONE',  ( -0.000000000000000000, -0.000000000000000000, -1.000000000000000000 ) ) ;
#1428 = AXIS2_PLACEMENT_3D ( 'NONE', #729, #53, #59 ) ;
#1429 = CIRCLE ( 'NONE', #902, 3.500000000000000000 ) ;
#1430 = ORIENTED_EDGE ( 'NONE', *, *, #1436, .F. ) ;
#1431 = LINE ( 'NONE', #600, #1008 ) ;
#1432 = AXIS2_PLACEMENT_3D ( 'NONE', #1188, #1440, #153 ) ;
#1433 = CIRCLE ( 'NONE', #1059, 1.599999999999999867 ) ;
#1434 = AXIS2_PLACEMENT_3D ( 'NONE', #924, #573, #197 ) ;
#1435 = CARTESIAN_POINT ( 'NONE',  ( 0.000000000000000000, -7.000000000000000000, 0.000000000000000000 ) ) ;
#1436 = EDGE_CURVE ( 'NONE', #676, #57, #277, .T. ) ;
#1437 = EDGE_LOOP ( 'NONE', ( #43, #17, #471, #634 ) ) ;
#1438 = DIRECTION ( 'NONE',  ( -0.000000000000000000, -0.000000000000000000, -1.000000000000000000 ) ) ;
#1439 = ORIENTED_EDGE ( 'NONE', *, *, #1050, .T. ) ;
#1440 = DIRECTION ( 'NONE',  ( 0.000000000000000000, 0.000000000000000000, 1.000000000000000000 ) ) ;
#1441 = DIRECTION ( 'NONE',  ( -1.000000000000000000, 0.000000000000000000, 0.000000000000000000 ) ) ;
#1442 = EDGE_CURVE ( 'NONE', #1489, #1381, #1034, .T. ) ;
#1443 = ORIENTED_EDGE ( 'NONE', *, *, #752, .F. ) ;
#1444 = DIRECTION ( 'NONE',  ( -1.000000000000000000, -0.000000000000000000, -0.000000000000000000 ) ) ;
#1445 = ORIENTED_EDGE ( 'NONE', *, *, #281, .F. ) ;
#1446 = DIRECTION ( 'NONE',  ( -0.000000000000000000, -0.000000000000000000, -1.000000000000000000 ) ) ;
#1447 = DIRECTION ( 'NONE',  ( 1.000000000000000000, 0.000000000000000000, 0.000000000000000000 ) ) ;
#1448 = FACE_BOUND ( 'NONE', #695, .T. ) ;
#1449 = CARTESIAN_POINT ( 'NONE',  ( 3.500000000000000000, -7.000000000000000000, 8.000000000000000000 ) ) ;
#1450 = EDGE_CURVE ( 'NONE', #914, #1023, #48, .T. ) ;
#1451 = ORIENTED_EDGE ( 'NONE', *, *, #486, .F. ) ;
#1452 = DIRECTION ( 'NONE',  ( 0.000000000000000000, 0.000000000000000000, -1.000000000000000000 ) ) ;
#1453 = ADVANCED_FACE ( 'NONE', ( #911 ), #1138, .F. ) ;
#1454 = AXIS2_PLACEMENT_3D ( 'NONE', #74, #548, #1346 ) ;
#1455 = DESIGN_CONTEXT ( 'detailed design', #875, 'design' ) ;
#1456 = CIRCLE ( 'NONE', #778, 1.700000000000000178 ) ;
#1457 = VECTOR ( 'NONE', #1318, 1000.000000000000000 ) ;
#1458 = CYLINDRICAL_SURFACE ( 'NONE', #1353, 16.00000000000000000 ) ;
#1459 = AXIS2_PLACEMENT_3D ( 'NONE', #1378, #791, #917 ) ;
#1460 = CYLINDRICAL_SURFACE ( 'NONE', #464, 3.500000000000000000 ) ;
#1461 = CARTESIAN_POINT ( 'NONE',  ( 0.000000000000000000, 7.000000000000000000, 8.000000000000000000 ) ) ;
#1462 = ORIENTED_EDGE ( 'NONE', *, *, #1472, .T. ) ;
#1463 = CARTESIAN_POINT ( 'NONE',  ( -6.125000000000000000, -3.388860427931489561, 4.000000000000000000 ) ) ;
#1464 = ORIENTED_EDGE ( 'NONE', *, *, #450, .F. ) ;
#1465 = ADVANCED_FACE ( 'NONE', ( #220 ), #204, .F. ) ;
#1466 = LINE ( 'NONE', #310, #699 ) ;
#1467 = LINE ( 'NONE', #870, #1327 ) ;
#1468 = DIRECTION ( 'NONE',  ( 1.000000000000000000, 0.000000000000000000, 0.000000000000000000 ) ) ;
#1469 = EDGE_LOOP ( 'NONE', ( #362, #824 ) ) ;
#1470 = FACE_OUTER_BOUND ( 'NONE', #559, .T. ) ;
#1471 = ORIENTED_EDGE ( 'NONE', *, *, #234, .T. ) ;
#1472 = EDGE_CURVE ( 'NONE', #1264, #767, #1401, .T. ) ;
#1473 = DIRECTION ( 'NONE',  ( -0.000000000000000000, 0.000000000000000000, 1.000000000000000000 ) ) ;
#1474 = CARTESIAN_POINT ( 'NONE',  ( 0.000000000000000000, 0.000000000000000000, 8.000000000000000000 ) ) ;
#1475 = VERTEX_POINT ( 'NONE', #1037 ) ;
#1476 = LINE ( 'NONE', #635, #22 ) ;
#1477 = AXIS2_PLACEMENT_3D ( 'NONE', #1514, #1130, #672 ) ;
#1478 = VERTEX_POINT ( 'NONE', #681 ) ;
#1479 = AXIS2_PLACEMENT_3D ( 'NONE', #687, #114, #229 ) ;
#1480 = CIRCLE ( 'NONE', #1004, 1.700000000000000178 ) ;
#1481 = CIRCLE ( 'NONE', #1058, 1.600000000000000089 ) ;
#1482 = VERTEX_POINT ( 'NONE', #1515 ) ;
#1483 = ADVANCED_FACE ( 'NONE', ( #797 ), #1154, .F. ) ;
#1484 = CIRCLE ( 'NONE', #147, 3.500000000000000444 ) ;
#1485 = DIRECTION ( 'NONE',  ( 1.000000000000000000, 0.000000000000000000, 0.000000000000000000 ) ) ;
#1486 = LOCAL_TIME ( 15, 0, 54.00000000000000000, #1168 ) ;
#1487 = ORIENTED_EDGE ( 'NONE', *, *, #1249, .F. ) ;
#1488 = DIRECTION ( 'NONE',  ( 0.000000000000000000, 0.000000000000000000, -1.000000000000000000 ) ) ;
#1489 = VERTEX_POINT ( 'NONE', #550 ) ;
#1490 = DIRECTION ( 'NONE',  ( -1.000000000000000000, -0.000000000000000000, -0.000000000000000000 ) ) ;
#1491 = DIRECTION ( 'NONE',  ( 1.000000000000000000, 0.000000000000000000, 0.000000000000000000 ) ) ;
#1492 = ADVANCED_FACE ( 'NONE', ( #325 ), #1019, .T. ) ;
#1493 = ORIENTED_EDGE ( 'NONE', *, *, #178, .T. ) ;
#1494 = CARTESIAN_POINT ( 'NONE',  ( -3.500000000000000000, 7.000000000000000000, 8.000000000000000000 ) ) ;
#1495 = CARTESIAN_POINT ( 'NONE',  ( 6.125000000000000888, 3.388860427931490449, 6.000000000000000000 ) ) ;
#1496 = CARTESIAN_POINT ( 'NONE',  ( -3.500000000000000000, -7.000000000000000000, 4.000000000000000000 ) ) ;
#1497 = CARTESIAN_POINT ( 'NONE',  ( 27.00000000000000000, 11.50000000000000000, 4.000000000000000000 ) ) ;
#1498 = ORIENTED_EDGE ( 'NONE', *, *, #743, .F. ) ;
#1499 = DIRECTION ( 'NONE',  ( 0.000000000000000000, 0.000000000000000000, 1.000000000000000000 ) ) ;
#1500 = EDGE_LOOP ( 'NONE', ( #651, #1462, #181, #1304 ) ) ;
#1501 = DIRECTION ( 'NONE',  ( -1.000000000000000000, 0.000000000000000000, 0.000000000000000000 ) ) ;
#1502 = EDGE_CURVE ( 'NONE', #104, #1031, #833, .T. ) ;
#1503 = AXIS2_PLACEMENT_3D ( 'NONE', #233, #343, #472 ) ;
#1504 = CARTESIAN_POINT ( 'NONE',  ( 27.00000000000000000, -11.50000000000000000, 0.000000000000000000 ) ) ;
#1505 = CARTESIAN_POINT ( 'NONE',  ( -7.000000000000000000, 0.000000000000000000, 8.000000000000000000 ) ) ;
#1506 = CIRCLE ( 'NONE', #1199, 1.700000000000000178 ) ;
#1507 = CIRCLE ( 'NONE', #1152, 4.000000000000000000 ) ;
#1508 = ORIENTED_EDGE ( 'NONE', *, *, #1385, .F. ) ;
#1509 = DIRECTION ( 'NONE',  ( -0.000000000000000000, -0.000000000000000000, -1.000000000000000000 ) ) ;
#1510 = CC_DESIGN_APPROVAL ( #895, ( #1268 ) ) ;
#1511 = ORIENTED_EDGE ( 'NONE', *, *, #364, .T. ) ;
#1512 = LINE ( 'NONE', #227, #440 ) ;
#1513 = EDGE_CURVE ( 'NONE', #1478, #132, #97, .T. ) ;
#1514 = CARTESIAN_POINT ( 'NONE',  ( 27.00000000000000000, 11.50000000000000000, 0.000000000000000000 ) ) ;
#1515 = CARTESIAN_POINT ( 'NONE',  ( 3.388860427931489561, -6.125000000000000000, 4.000000000000000000 ) ) ;
#1516 = ORIENTED_EDGE ( 'NONE', *, *, #479, .T. ) ;
#1517 = FACE_OUTER_BOUND ( 'NONE', #599, .T. ) ;
#1518 = ORIENTED_EDGE ( 'NONE', *, *, #925, .T. ) ;
#1519 = DIRECTION ( 'NONE',  ( 0.000000000000000000, -1.000000000000000000, 0.000000000000000000 ) ) ;
#1520 = CARTESIAN_POINT ( 'NONE',  ( 0.000000000000000000, 7.000000000000000000, 4.000000000000000000 ) ) ;
#1521 = DIRECTION ( 'NONE',  ( 0.000000000000000000, 0.000000000000000000, -1.000000000000000000 ) ) ;
#1522 = ADVANCED_FACE ( 'NONE', ( #773 ), #1044, .F. ) ;
#1523 = EDGE_LOOP ( 'NONE', ( #215, #6 ) ) ;
#1524 = DIRECTION ( 'NONE',  ( 1.000000000000000000, 0.000000000000000000, 0.000000000000000000 ) ) ;
#1525 = VERTEX_POINT ( 'NONE', #1252 ) ;
#1526 = DIRECTION ( 'NONE',  ( 0.000000000000000000, 0.000000000000000000, 1.000000000000000000 ) ) ;
#1527 = CIRCLE ( 'NONE', #510, 1.700000000000000178 ) ;
#1528 = DIRECTION ( 'NONE',  ( -0.000000000000000000, -0.000000000000000000, -1.000000000000000000 ) ) ;
#1529 = APPROVAL_ROLE ( '' ) ;
#1530 = VECTOR ( 'NONE', #810, 1000.000000000000000 ) ;
#1531 = ADVANCED_FACE ( 'NONE', ( #1394 ), #347, .F. ) ;
#1532 = ORIENTED_EDGE ( 'NONE', *, *, #1219, .T. ) ;
#1533 = CIRCLE ( 'NONE', #146, 1.600000000000000089 ) ;
#1534 = CARTESIAN_POINT ( 'NONE',  ( 0.000000000000000000, 0.000000000000000000, 8.000000000000000000 ) ) ;
#1535 = ORIENTED_EDGE ( 'NONE', *, *, #1022, .F. ) ;
#1536 = DIRECTION ( 'NONE',  ( -1.000000000000000000, 0.000000000000000000, 0.000000000000000000 ) ) ;
#1537 = APPROVAL_PERSON_ORGANIZATION ( #489, #895, #821 ) ;
ENDSEC;
END-ISO-10303-21;
