ISO-10303-21;
HEADER;
FILE_DESCRIPTION (( 'STEP AP203' ),
    '1' );
FILE_NAME ('ARM-202_Yaw_platform.step',
    '2026-09-13T02:39:44',
    ( '' ),
    ( '' ),
    'SwSTEP 2.0',
    'SolidWorks 2026',
    '' );
FILE_SCHEMA (( 'CONFIG_CONTROL_DESIGN' ));
ENDSEC;

DATA;
#1 = EDGE_CURVE ( 'NONE', #3115, #1907, #2278, .T. ) ;
#2 = ADVANCED_FACE ( 'NONE', ( #914 ), #656, .T. ) ;
#3 = ORIENTED_EDGE ( 'NONE', *, *, #1009, .F. ) ;
#4 = EDGE_CURVE ( 'NONE', #3000, #816, #38, .T. ) ;
#5 = CARTESIAN_POINT ( 'NONE',  ( 32.00000000000000000, 74.50000000000000000, -8.000000000000000000 ) ) ;
#6 = EDGE_CURVE ( 'NONE', #45, #1506, #2427, .T. ) ;
#7 = DIRECTION ( 'NONE',  ( 0.000000000000000000, -1.000000000000000000, 0.000000000000000000 ) ) ;
#8 = ORIENTED_EDGE ( 'NONE', *, *, #608, .F. ) ;
#9 = CARTESIAN_POINT ( 'NONE',  ( 0.000000000000000000, 72.00000000000000000, -3.950000000000000178 ) ) ;
#10 = CARTESIAN_POINT ( 'NONE',  ( -32.00000000000000000, 72.00000000000000000, -11.29089653438086671 ) ) ;
#11 = VECTOR ( 'NONE', #1767, 1000.000000000000114 ) ;
#12 = CARTESIAN_POINT ( 'NONE',  ( 31.83520831611286184, 75.00000000000000000, 4.804245988671586254 ) ) ;
#13 = AXIS2_PLACEMENT_3D ( 'NONE', #667, #3388, #2030 ) ;
#14 = VERTEX_POINT ( 'NONE', #2563 ) ;
#15 = PLANE ( 'NONE',  #2584 ) ;
#16 = CONICAL_SURFACE ( 'NONE', #3376, 2.249999999999946709, 0.7853981633974428389 ) ;
#17 = FACE_OUTER_BOUND ( 'NONE', #3227, .T. ) ;
#18 = DIRECTION ( 'NONE',  ( -0.4999999999999997224, 0.000000000000000000, -0.8660254037844388186 ) ) ;
#19 = VERTEX_POINT ( 'NONE', #2805 ) ;
#20 = AXIS2_PLACEMENT_3D ( 'NONE', #1125, #2161, #827 ) ;
#21 = VECTOR ( 'NONE', #3024, 1000.000000000000114 ) ;
#22 = EDGE_LOOP ( 'NONE', ( #2653, #1419 ) ) ;
#23 = VERTEX_POINT ( 'NONE', #672 ) ;
#24 = ADVANCED_FACE ( 'NONE', ( #1519 ), #166, .F. ) ;
#25 = APPROVAL_DATE_TIME ( #3039, #2880 ) ;
#26 = DIRECTION ( 'NONE',  ( -0.000000000000000000, 1.000000000000000000, -0.000000000000000000 ) ) ;
#27 = EDGE_CURVE ( 'NONE', #43, #527, #2025, .T. ) ;
#28 = VECTOR ( 'NONE', #1295, 1000.000000000000000 ) ;
#29 = DIRECTION ( 'NONE',  ( 0.8660254037844389297, 0.000000000000000000, -0.4999999999999995004 ) ) ;
#30 = ORIENTED_EDGE ( 'NONE', *, *, #1351, .F. ) ;
#31 = CARTESIAN_POINT ( 'NONE',  ( -34.85000000000000142, 75.00000000000000000, -6.354551732809565756 ) ) ;
#32 = AXIS2_PLACEMENT_3D ( 'NONE', #2549, #2562, #109 ) ;
#33 = CARTESIAN_POINT ( 'NONE',  ( 32.00000000000000000, 75.00000000000000000, 8.000000000000000000 ) ) ;
#34 = LINE ( 'NONE', #2049, #3322 ) ;
#35 = AXIS2_PLACEMENT_3D ( 'NONE', #2950, #1062, #1865 ) ;
#36 = VERTEX_POINT ( 'NONE', #1186 ) ;
#37 = DIRECTION ( 'NONE',  ( 0.000000000000000000, 0.000000000000000000, 1.000000000000000000 ) ) ;
#38 = CIRCLE ( 'NONE', #100, 3.200000000000001510 ) ;
#39 = DIRECTION ( 'NONE',  ( 0.000000000000000000, 1.000000000000000000, 0.000000000000000000 ) ) ;
#40 = LINE ( 'NONE', #3301, #814 ) ;
#41 = VERTEX_POINT ( 'NONE', #961 ) ;
#42 = EDGE_CURVE ( 'NONE', #2774, #3115, #686, .T. ) ;
#43 = VERTEX_POINT ( 'NONE', #2033 ) ;
#44 = VERTEX_POINT ( 'NONE', #2823 ) ;
#45 = VERTEX_POINT ( 'NONE', #1501 ) ;
#46 = DIRECTION ( 'NONE',  ( -0.000000000000000000, -1.000000000000000000, -0.000000000000000000 ) ) ;
#47 = ORIENTED_EDGE ( 'NONE', *, *, #1294, .F. ) ;
#48 = DIRECTION ( 'NONE',  ( -0.4999999999999995004, 0.000000000000000000, 0.8660254037844390407 ) ) ;
#49 = CARTESIAN_POINT ( 'NONE',  ( 34.85000000000000142, 74.50000000000000000, -6.544836778914469022 ) ) ;
#50 = LINE ( 'NONE', #1136, #2626 ) ;
#51 = VERTEX_POINT ( 'NONE', #1747 ) ;
#52 = FACE_OUTER_BOUND ( 'NONE', #1928, .T. ) ;
#53 = CARTESIAN_POINT ( 'NONE',  ( 0.000000000000000000, 72.00000000000000000, 0.000000000000000000 ) ) ;
#54 = DIRECTION ( 'NONE',  ( 0.000000000000000000, -1.000000000000000000, 0.000000000000000000 ) ) ;
#55 = ORIENTED_EDGE ( 'NONE', *, *, #905, .T. ) ;
#56 = FACE_OUTER_BOUND ( 'NONE', #1903, .T. ) ;
#57 = EDGE_CURVE ( 'NONE', #659, #665, #3393, .T. ) ;
#58 = EDGE_LOOP ( 'NONE', ( #2320, #70, #59, #3306 ) ) ;
#59 = ORIENTED_EDGE ( 'NONE', *, *, #963, .T. ) ;
#60 = CALENDAR_DATE ( 2026, 12, 9 ) ;
#61 = FACE_OUTER_BOUND ( 'NONE', #1090, .T. ) ;
#62 = ORIENTED_EDGE ( 'NONE', *, *, #1820, .F. ) ;
#63 = FACE_OUTER_BOUND ( 'NONE', #1558, .T. ) ;
#64 = CARTESIAN_POINT ( 'NONE',  ( 1.361065758881620846, 45.50000000000000000, -1.100000000000000311 ) ) ;
#65 = EDGE_CURVE ( 'NONE', #687, #1116, #1004, .T. ) ;
#66 = CARTESIAN_POINT ( 'NONE',  ( 3.000000000000000000, 43.00000000000000000, 5.000000000000000000 ) ) ;
#67 = LINE ( 'NONE', #3335, #3054 ) ;
#68 = VERTEX_POINT ( 'NONE', #3407 ) ;
#69 = DIRECTION ( 'NONE',  ( 0.000000000000000000, -1.000000000000000000, 0.000000000000000000 ) ) ;
#70 = ORIENTED_EDGE ( 'NONE', *, *, #398, .F. ) ;
#71 = CARTESIAN_POINT ( 'NONE',  ( 34.85000000000000142, 72.00000000000000000, -9.645448267190433356 ) ) ;
#72 = AXIS2_PLACEMENT_3D ( 'NONE', #3072, #1712, #2801 ) ;
#73 = CIRCLE ( 'NONE', #981, 1.700000000000000178 ) ;
#74 = CARTESIAN_POINT ( 'NONE',  ( -32.16479168388714527, 75.00000000000000000, -4.804245988671586254 ) ) ;
#75 = EDGE_CURVE ( 'NONE', #239, #2341, #3225, .T. ) ;
#76 = ORIENTED_EDGE ( 'NONE', *, *, #2804, .F. ) ;
#77 = VECTOR ( 'NONE', #648, 1000.000000000000000 ) ;
#78 = ORIENTED_EDGE ( 'NONE', *, *, #1058, .T. ) ;
#79 = EDGE_CURVE ( 'NONE', #41, #2177, #3421, .T. ) ;
#80 = AXIS2_PLACEMENT_3D ( 'NONE', #1568, #1545, #3434 ) ;
#81 = EDGE_CURVE ( 'NONE', #1585, #2737, #2872, .T. ) ;
#82 = EDGE_CURVE ( 'NONE', #1645, #1782, #2715, .T. ) ;
#83 = CARTESIAN_POINT ( 'NONE',  ( 32.00000000000000000, 74.50000000000000000, 8.000000000000000000 ) ) ;
#84 = EDGE_LOOP ( 'NONE', ( #3033, #829 ) ) ;
#85 = DIRECTION ( 'NONE',  ( 0.000000000000000000, 1.000000000000000000, 0.000000000000000000 ) ) ;
#86 = CARTESIAN_POINT ( 'NONE',  ( -1.749823076452303283, 44.40028146958022859, -0.1507651104496760541 ) ) ;
#87 = DESIGN_CONTEXT ( 'detailed design', #3207, 'design' ) ;
#88 = VECTOR ( 'NONE', #1255, 1000.000000000000114 ) ;
#89 = PLANE ( 'NONE',  #3221 ) ;
#90 = VECTOR ( 'NONE', #1862, 1000.000000000000000 ) ;
#91 = ORIENTED_EDGE ( 'NONE', *, *, #1647, .F. ) ;
#92 = DIRECTION ( 'NONE',  ( 0.000000000000000000, -1.000000000000000000, 0.000000000000000000 ) ) ;
#93 = FACE_OUTER_BOUND ( 'NONE', #1226, .T. ) ;
#94 = AXIS2_PLACEMENT_3D ( 'NONE', #1139, #3527, #544 ) ;
#95 = CARTESIAN_POINT ( 'NONE',  ( 32.00000000000000000, 72.00000000000000000, 11.29089653438086671 ) ) ;
#96 = ORIENTED_EDGE ( 'NONE', *, *, #2329, .F. ) ;
#97 = DIRECTION ( 'NONE',  ( 0.000000000000000000, 0.000000000000000000, 1.000000000000000000 ) ) ;
#98 = DIRECTION ( 'NONE',  ( 0.000000000000000000, 0.000000000000000000, -1.000000000000000000 ) ) ;
#99 = PRODUCT_DEFINITION_SHAPE ( 'NONE', 'NONE',  #1138 ) ;
#100 = AXIS2_PLACEMENT_3D ( 'NONE', #3361, #2294, #2580 ) ;
#101 = DIRECTION ( 'NONE',  ( -0.000000000000000000, 1.000000000000000000, -0.000000000000000000 ) ) ;
#102 = ORIENTED_EDGE ( 'NONE', *, *, #2757, .F. ) ;
#103 = DIRECTION ( 'NONE',  ( 0.000000000000000000, 0.000000000000000000, 1.000000000000000000 ) ) ;
#104 = FACE_BOUND ( 'NONE', #1662, .T. ) ;
#105 = ORIENTED_EDGE ( 'NONE', *, *, #1022, .T. ) ;
#106 = DIRECTION ( 'NONE',  ( 0.000000000000000000, -0.000000000000000000, 1.000000000000000000 ) ) ;
#107 = CARTESIAN_POINT ( 'NONE',  ( -32.00000000000000000, 74.50000000000000000, 11.29089653438086671 ) ) ;
#108 = CYLINDRICAL_SURFACE ( 'NONE', #360, 3.200000000000001510 ) ;
#109 = DIRECTION ( 'NONE',  ( 0.000000000000000000, 0.000000000000000000, -1.000000000000000000 ) ) ;
#110 = CARTESIAN_POINT ( 'NONE',  ( 0.000000000000000000, 72.00000000000000000, 0.000000000000000000 ) ) ;
#111 = EDGE_CURVE ( 'NONE', #1995, #282, #2365, .T. ) ;
#112 = VERTEX_POINT ( 'NONE', #489 ) ;
#113 = EDGE_CURVE ( 'NONE', #775, #227, #1179, .T. ) ;
#114 = CARTESIAN_POINT ( 'NONE',  ( -32.00000000000000000, 75.00000000000000000, -8.000000000000000000 ) ) ;
#115 = ORIENTED_EDGE ( 'NONE', *, *, #3044, .T. ) ;
#116 = CARTESIAN_POINT ( 'NONE',  ( 1.730491623367011123, 46.56963605936962836, 0.2944245871872657738 ) ) ;
#117 = ADVANCED_FACE ( 'NONE', ( #3173, #1534, #1591, #2945, #3496 ), #2618, .T. ) ;
#118 = CARTESIAN_POINT ( 'NONE',  ( 0.000000000000000000, 75.00000000000000000, 0.000000000000000000 ) ) ;
#119 = VERTEX_POINT ( 'NONE', #220 ) ;
#120 = CARTESIAN_POINT ( 'NONE',  ( 32.00000000000000000, 77.00000000000000000, -8.000000000000000000 ) ) ;
#121 = ORIENTED_EDGE ( 'NONE', *, *, #543, .T. ) ;
#122 = CYLINDRICAL_SURFACE ( 'NONE', #1156, 1.700000000000000178 ) ;
#123 = DIRECTION ( 'NONE',  ( 0.000000000000000000, -1.000000000000000000, 0.000000000000000000 ) ) ;
#124 = AXIS2_PLACEMENT_3D ( 'NONE', #3087, #1745, #1697 ) ;
#125 = CARTESIAN_POINT ( 'NONE',  ( -34.85000000000000142, 72.00000000000000000, -9.645448267190433356 ) ) ;
#126 = DIRECTION ( 'NONE',  ( 0.000000000000000000, -1.000000000000000000, 0.000000000000000000 ) ) ;
#127 = LOCAL_TIME ( 21, 39, 44.00000000000000000, #169 ) ;
#128 = AXIS2_PLACEMENT_3D ( 'NONE', #1789, #1507, #2879 ) ;
#129 = VERTEX_POINT ( 'NONE', #3190 ) ;
#130 = AXIS2_PLACEMENT_3D ( 'NONE', #769, #1586, #506 ) ;
#131 = CARTESIAN_POINT ( 'NONE',  ( 0.000000000000000000, 72.00000000000000000, 0.000000000000000000 ) ) ;
#132 = VECTOR ( 'NONE', #1720, 1000.000000000000000 ) ;
#133 = FACE_OUTER_BOUND ( 'NONE', #2127, .T. ) ;
#134 = EDGE_LOOP ( 'NONE', ( #531, #2604, #3280, #2093 ) ) ;
#135 = CARTESIAN_POINT ( 'NONE',  ( -1.465971205565282931, 44.94112555789574515, -0.9581545523665193631 ) ) ;
#136 = APPROVAL ( #3465, 'UNSPECIFIED' ) ;
#137 = ORIENTED_EDGE ( 'NONE', *, *, #401, .T. ) ;
#138 = CYLINDRICAL_SURFACE ( 'NONE', #1792, 1.100000000000000089 ) ;
#139 = ORIENTED_EDGE ( 'NONE', *, *, #1158, .T. ) ;
#140 = CARTESIAN_POINT ( 'NONE',  ( 34.85000000000000142, 75.00000000000000000, 6.354551732809566644 ) ) ;
#141 = AXIS2_PLACEMENT_3D ( 'NONE', #3455, #2937, #2095 ) ;
#142 = DIRECTION ( 'NONE',  ( 0.000000000000000000, 1.000000000000000000, 0.000000000000000000 ) ) ;
#143 = FACE_OUTER_BOUND ( 'NONE', #2716, .T. ) ;
#144 = CIRCLE ( 'NONE', #2357, 1.750000000000000000 ) ;
#145 = DIRECTION ( 'NONE',  ( 0.8660254037844388186, 0.000000000000000000, -0.4999999999999996669 ) ) ;
#146 = CARTESIAN_POINT ( 'NONE',  ( 29.14999999999999858, 75.00000000000000000, 9.455163221085523872 ) ) ;
#147 = EDGE_CURVE ( 'NONE', #1921, #2783, #182, .T. ) ;
#148 = AXIS2_PLACEMENT_3D ( 'NONE', #3514, #3188, #2403 ) ;
#149 = VECTOR ( 'NONE', #1707, 1000.000000000000114 ) ;
#150 = VERTEX_POINT ( 'NONE', #3476 ) ;
#151 = AXIS2_PLACEMENT_3D ( 'NONE', #1800, #470, #2386 ) ;
#152 = DIRECTION ( 'NONE',  ( 0.000000000000000000, -1.000000000000000000, 0.000000000000000000 ) ) ;
#153 = CARTESIAN_POINT ( 'NONE',  ( 34.68520831611286326, 75.00000000000000000, 9.740590790242887209 ) ) ;
#154 = ORIENTED_EDGE ( 'NONE', *, *, #3065, .F. ) ;
#155 = FACE_BOUND ( 'NONE', #1461, .T. ) ;
#156 = EDGE_CURVE ( 'NONE', #231, #891, #2147, .T. ) ;
#157 = EDGE_CURVE ( 'NONE', #409, #348, #2905, .T. ) ;
#158 = DIRECTION ( 'NONE',  ( 0.000000000000000000, -1.000000000000000000, 0.000000000000000000 ) ) ;
#159 = EDGE_LOOP ( 'NONE', ( #741, #782, #376, #1240, #3028, #796, #2925, #261 ) ) ;
#160 = FACE_OUTER_BOUND ( 'NONE', #1318, .T. ) ;
#161 = VERTEX_POINT ( 'NONE', #2888 ) ;
#162 = CARTESIAN_POINT ( 'NONE',  ( 1.726754365798367052, 44.43730799167676082, 0.2933269844271479965 ) ) ;
#163 = FACE_OUTER_BOUND ( 'NONE', #1367, .T. ) ;
#164 = VERTEX_POINT ( 'NONE', #260 ) ;
#165 = DIRECTION ( 'NONE',  ( 0.000000000000000000, 0.000000000000000000, 1.000000000000000000 ) ) ;
#166 = CYLINDRICAL_SURFACE ( 'NONE', #386, 3.200000000000001510 ) ;
#167 = ADVANCED_FACE ( 'NONE', ( #2641 ), #454, .T. ) ;
#168 = ORIENTED_EDGE ( 'NONE', *, *, #57, .T. ) ;
#169 = COORDINATED_UNIVERSAL_TIME_OFFSET ( 6, 0, .BEHIND. ) ;
#170 = DIRECTION ( 'NONE',  ( 0.000000000000000000, -0.000000000000000000, 1.000000000000000000 ) ) ;
#171 = ORIENTED_EDGE ( 'NONE', *, *, #1813, .T. ) ;
#172 = CARTESIAN_POINT ( 'NONE',  ( 29.14999999999999858, 75.00000000000000000, 9.645448267190433356 ) ) ;
#173 = CARTESIAN_POINT ( 'NONE',  ( -29.14999999999999858, 75.00000000000000000, 6.354551732809566644 ) ) ;
#174 = VERTEX_POINT ( 'NONE', #204 ) ;
#175 = CARTESIAN_POINT ( 'NONE',  ( -34.85000000000000142, 75.00000000000000000, -9.645448267190433356 ) ) ;
#176 = ORIENTED_EDGE ( 'NONE', *, *, #2420, .T. ) ;
#177 = EDGE_CURVE ( 'NONE', #227, #775, #1517, .T. ) ;
#178 = DIRECTION ( 'NONE',  ( -0.8660254037844388186, 0.000000000000000000, 0.4999999999999996114 ) ) ;
#179 = CARTESIAN_POINT ( 'NONE',  ( -34.68520831611286326, 75.00000000000000000, -9.740590790242885433 ) ) ;
#180 = DIRECTION ( 'NONE',  ( 0.000000000000000000, 0.000000000000000000, 1.000000000000000000 ) ) ;
#181 = DIRECTION ( 'NONE',  ( 0.000000000000000000, 1.000000000000000000, 0.000000000000000000 ) ) ;
#182 = LINE ( 'NONE', #738, #2941 ) ;
#183 = EDGE_CURVE ( 'NONE', #2027, #2038, #2252, .T. ) ;
#184 = ORIENTED_EDGE ( 'NONE', *, *, #1453, .T. ) ;
#185 = EDGE_CURVE ( 'NONE', #2987, #199, #1798, .T. ) ;
#186 = ORIENTED_EDGE ( 'NONE', *, *, #1232, .F. ) ;
#187 = AXIS2_PLACEMENT_3D ( 'NONE', #2795, #1437, #1703 ) ;
#188 = EDGE_CURVE ( 'NONE', #969, #44, #2144, .T. ) ;
#189 = VECTOR ( 'NONE', #2869, 1000.000000000000114 ) ;
#190 = PERSON_AND_ORGANIZATION_ROLE ( 'design_supplier' ) ;
#191 = DIRECTION ( 'NONE',  ( -0.000000000000000000, 1.000000000000000000, -0.000000000000000000 ) ) ;
#192 = ORIENTED_EDGE ( 'NONE', *, *, #1816, .T. ) ;
#193 = DIRECTION ( 'NONE',  ( 0.000000000000000000, -1.000000000000000000, 0.000000000000000000 ) ) ;
#194 = EDGE_CURVE ( 'NONE', #1411, #1133, #755, .T. ) ;
#195 = VECTOR ( 'NONE', #1032, 1000.000000000000000 ) ;
#196 = LINE ( 'NONE', #1846, #1680 ) ;
#197 = ORIENTED_EDGE ( 'NONE', *, *, #712, .T. ) ;
#198 = CARTESIAN_POINT ( 'NONE',  ( -3.949993145781843129, 44.40002461287463120, -0.1452177755523993141 ) ) ;
#199 = VERTEX_POINT ( 'NONE', #1855 ) ;
#200 = CARTESIAN_POINT ( 'NONE',  ( 1.615699261574590206, 44.62514169107521411, 0.6812614076481781078 ) ) ;
#201 = DIRECTION ( 'NONE',  ( 0.000000000000000000, -0.000000000000000000, 1.000000000000000000 ) ) ;
#202 = CARTESIAN_POINT ( 'NONE',  ( 34.85000000000000142, 74.50000000000000000, 6.354551732809566644 ) ) ;
#203 = LINE ( 'NONE', #259, #195 ) ;
#204 = CARTESIAN_POINT ( 'NONE',  ( 34.85000000000000142, 75.00000000000000000, 9.645448267190435132 ) ) ;
#205 = EDGE_LOOP ( 'NONE', ( #460, #2514, #2481, #3359, #1729, #1121 ) ) ;
#206 = AXIS2_PLACEMENT_3D ( 'NONE', #1472, #2553, #1768 ) ;
#207 = VECTOR ( 'NONE', #2184, 1000.000000000000000 ) ;
#208 = CIRCLE ( 'NONE', #1685, 3.200000000000001510 ) ;
#209 = APPROVAL_DATE_TIME ( #1021, #136 ) ;
#210 = CARTESIAN_POINT ( 'NONE',  ( -34.85000000000000142, 75.00000000000000000, -6.544836778914469022 ) ) ;
#211 = VERTEX_POINT ( 'NONE', #511 ) ;
#212 = CYLINDRICAL_SURFACE ( 'NONE', #1350, 1.750000000000000000 ) ;
#213 = DIRECTION ( 'NONE',  ( 0.000000000000000000, 1.000000000000000000, 0.000000000000000000 ) ) ;
#214 = VERTEX_POINT ( 'NONE', #792 ) ;
#215 = DIRECTION ( 'NONE',  ( 0.000000000000000000, 0.000000000000000000, -1.000000000000000000 ) ) ;
#216 = DIRECTION ( 'NONE',  ( 0.000000000000000000, -1.000000000000000000, 0.000000000000000000 ) ) ;
#217 = CARTESIAN_POINT ( 'NONE',  ( 1.361065758881619958, 45.50000000000000000, 1.100000000000000089 ) ) ;
#218 = FACE_OUTER_BOUND ( 'NONE', #2379, .T. ) ;
#219 = DIRECTION ( 'NONE',  ( 0.000000000000000000, 1.000000000000000000, 0.000000000000000000 ) ) ;
#220 = CARTESIAN_POINT ( 'NONE',  ( 3.000000000000000000, 47.99999999999999289, -2.569533031505919496 ) ) ;
#221 = ORIENTED_EDGE ( 'NONE', *, *, #753, .F. ) ;
#222 = ORIENTED_EDGE ( 'NONE', *, *, #1976, .F. ) ;
#223 = ADVANCED_FACE ( 'NONE', ( #1321 ), #2675, .F. ) ;
#224 = ADVANCED_FACE ( 'NONE', ( #1608 ), #2694, .T. ) ;
#225 = APPLICATION_PROTOCOL_DEFINITION ( 'international standard', 'config_control_design', 1994, #3207 ) ;
#226 = CARTESIAN_POINT ( 'NONE',  ( 29.31479168388714029, 75.00000000000000000, 6.259409209757112791 ) ) ;
#227 = VERTEX_POINT ( 'NONE', #2175 ) ;
#228 = CARTESIAN_POINT ( 'NONE',  ( -29.15000000000000213, 75.00000000000000000, 9.645448267190435132 ) ) ;
#229 = EDGE_CURVE ( 'NONE', #211, #2341, #858, .T. ) ;
#230 = CARTESIAN_POINT ( 'NONE',  ( -1.713007534194597836, 46.54038677621048237, 0.3643685047911461306 ) ) ;
#231 = VERTEX_POINT ( 'NONE', #1089 ) ;
#232 = DIRECTION ( 'NONE',  ( 0.000000000000000000, 0.000000000000000000, -1.000000000000000000 ) ) ;
#233 = EDGE_CURVE ( 'NONE', #2748, #1882, #2743, .T. ) ;
#234 = CARTESIAN_POINT ( 'NONE',  ( 1.361065758881619958, 45.50000000000000000, 1.100000000000000089 ) ) ;
#235 = FACE_OUTER_BOUND ( 'NONE', #3062, .T. ) ;
#236 = LINE ( 'NONE', #202, #614 ) ;
#237 = LINE ( 'NONE', #2367, #2825 ) ;
#238 = DIRECTION ( 'NONE',  ( 0.000000000000000000, 0.000000000000000000, 1.000000000000000000 ) ) ;
#239 = VERTEX_POINT ( 'NONE', #2212 ) ;
#240 = ORIENTED_EDGE ( 'NONE', *, *, #2332, .F. ) ;
#241 = VERTEX_POINT ( 'NONE', #1926 ) ;
#242 = DATE_TIME_ROLE ( 'creation_date' ) ;
#243 = DIRECTION ( 'NONE',  ( 0.8660254037844387076, 0.000000000000000000, 0.4999999999999998890 ) ) ;
#244 = ORIENTED_EDGE ( 'NONE', *, *, #2083, .F. ) ;
#245 = CIRCLE ( 'NONE', #2744, 6.000000000000000000 ) ;
#246 = FACE_OUTER_BOUND ( 'NONE', #2845, .T. ) ;
#247 = AXIS2_PLACEMENT_3D ( 'NONE', #788, #2613, #3205 ) ;
#248 = B_SPLINE_CURVE_WITH_KNOTS ( 'NONE', 3,
 ( #64, #2239, #2780, #2555, #1191, #1989, #391, #3130, #2523, #3352, #116, #1690, #3331, #1975, #354, #2285, #936, #3079 ),
 .UNSPECIFIED., .F., .F.,
 ( 4, 2, 2, 2, 2, 2, 2, 2, 4 ),
 ( 0.003537689808556947202, 0.003978709766150344967, 0.004419729723743741866, 0.004860749681337138764, 0.005301769638930536530, 0.005742789596523934295, 0.006183809554117331193, 0.006624829511710728092, 0.007065849469304125857 ),
 .UNSPECIFIED. ) ;
#249 = VECTOR ( 'NONE', #329, 1000.000000000000000 ) ;
#250 = LINE ( 'NONE', #1566, #1845 ) ;
#251 = ORIENTED_EDGE ( 'NONE', *, *, #294, .T. ) ;
#252 = APPROVAL ( #1580, 'UNSPECIFIED' ) ;
#253 = CARTESIAN_POINT ( 'NONE',  ( 34.85000000000000142, 75.00000000000000000, 9.455163221085530978 ) ) ;
#254 = PLANE ( 'NONE',  #2855 ) ;
#255 = AXIS2_PLACEMENT_3D ( 'NONE', #1640, #1445, #1413 ) ;
#256 = LINE ( 'NONE', #1900, #3198 ) ;
#257 = VERTEX_POINT ( 'NONE', #1398 ) ;
#258 = PLANE ( 'NONE',  #2827 ) ;
#259 = CARTESIAN_POINT ( 'NONE',  ( -29.15000000000000213, 75.00000000000000000, -6.354551732809564868 ) ) ;
#260 = CARTESIAN_POINT ( 'NONE',  ( 34.85000000000000142, 75.00000000000000000, -6.544836778914469022 ) ) ;
#261 = ORIENTED_EDGE ( 'NONE', *, *, #2862, .F. ) ;
#262 = CIRCLE ( 'NONE', #607, 3.200000000000001510 ) ;
#263 = AXIS2_PLACEMENT_3D ( 'NONE', #2064, #181, #2015 ) ;
#264 = LINE ( 'NONE', #3290, #1733 ) ;
#265 = CIRCLE ( 'NONE', #2536, 3.950000000000000178 ) ;
#266 = DIRECTION ( 'NONE',  ( 0.000000000000000000, 0.000000000000000000, 1.000000000000000000 ) ) ;
#267 = ORIENTED_EDGE ( 'NONE', *, *, #2396, .T. ) ;
#268 = CARTESIAN_POINT ( 'NONE',  ( -32.00000000000000000, 72.00000000000000000, -4.709103465619133289 ) ) ;
#269 = CARTESIAN_POINT ( 'NONE',  ( -29.15000000000000213, 74.50000000000000000, 9.455163221085530978 ) ) ;
#270 = VECTOR ( 'NONE', #1236, 1000.000000000000000 ) ;
#271 = EDGE_CURVE ( 'NONE', #2104, #653, #2997, .T. ) ;
#272 = DIRECTION ( 'NONE',  ( 0.000000000000000000, -1.000000000000000000, 0.000000000000000000 ) ) ;
#273 = ORIENTED_EDGE ( 'NONE', *, *, #1069, .F. ) ;
#274 = DIRECTION ( 'NONE',  ( 0.000000000000000000, 0.000000000000000000, -1.000000000000000000 ) ) ;
#275 = CARTESIAN_POINT ( 'NONE',  ( 32.00000000000000000, 74.50000000000000000, 8.000000000000000000 ) ) ;
#276 = DIRECTION ( 'NONE',  ( 0.8660254037844388186, 0.000000000000000000, -0.4999999999999997224 ) ) ;
#277 = ORIENTED_EDGE ( 'NONE', *, *, #2068, .T. ) ;
#278 = ORIENTED_EDGE ( 'NONE', *, *, #6, .T. ) ;
#279 = ADVANCED_FACE ( 'NONE', ( #1885 ), #3248, .F. ) ;
#280 = CARTESIAN_POINT ( 'NONE',  ( -34.85000000000000142, 75.00000000000000000, -6.354551732809565756 ) ) ;
#281 = LINE ( 'NONE', #3022, #2069 ) ;
#282 = VERTEX_POINT ( 'NONE', #2495 ) ;
#283 = DIRECTION ( 'NONE',  ( 0.000000000000000000, 1.000000000000000000, 0.000000000000000000 ) ) ;
#284 = CARTESIAN_POINT ( 'NONE',  ( -32.00000000000000000, 75.00000000000000000, 8.000000000000000000 ) ) ;
#285 = CARTESIAN_POINT ( 'NONE',  ( 32.00000000000000000, 74.50000000000000000, -8.000000000000000000 ) ) ;
#286 = ORIENTED_EDGE ( 'NONE', *, *, #1188, .F. ) ;
#287 = ADVANCED_FACE ( 'NONE', ( #2713 ), #3529, .F. ) ;
#288 = LINE ( 'NONE', #1375, #1289 ) ;
#289 = LINE ( 'NONE', #1979, #1779 ) ;
#290 = FACE_OUTER_BOUND ( 'NONE', #3456, .T. ) ;
#291 = ORIENTED_EDGE ( 'NONE', *, *, #1486, .F. ) ;
#292 = ORIENTED_EDGE ( 'NONE', *, *, #2013, .F. ) ;
#293 = ADVANCED_FACE ( 'NONE', ( #290 ), #2729, .F. ) ;
#294 = EDGE_CURVE ( 'NONE', #241, #2774, #40, .T. ) ;
#295 = CARTESIAN_POINT ( 'NONE',  ( 29.14999999999999858, 72.00000000000000000, -6.354551732809565756 ) ) ;
#296 = AXIS2_PLACEMENT_3D ( 'NONE', #684, #3186, #1015 ) ;
#297 = DIRECTION ( 'NONE',  ( 0.000000000000000000, 0.000000000000000000, 1.000000000000000000 ) ) ;
#298 = ORIENTED_EDGE ( 'NONE', *, *, #1784, .F. ) ;
#299 = CARTESIAN_POINT ( 'NONE',  ( -29.14999999999999858, 75.00000000000000000, 6.354551732809566644 ) ) ;
#300 = ADVANCED_FACE ( 'NONE', ( #1941 ), #3031, .F. ) ;
#301 = CARTESIAN_POINT ( 'NONE',  ( 3.000000000000002665, 45.50000000000000000, 0.000000000000000000 ) ) ;
#302 =( GEOMETRIC_REPRESENTATION_CONTEXT ( 3 ) GLOBAL_UNCERTAINTY_ASSIGNED_CONTEXT ( ( #2318 ) ) GLOBAL_UNIT_ASSIGNED_CONTEXT ( ( #2930, #457, #1327 ) ) REPRESENTATION_CONTEXT ( 'NONE', 'WORKASPACE' ) );
#303 = CARTESIAN_POINT ( 'NONE',  ( 32.00000000000000000, 75.00000000000000000, 8.000000000000000000 ) ) ;
#304 = CIRCLE ( 'NONE', #416, 3.200000000000001510 ) ;
#305 = EDGE_LOOP ( 'NONE', ( #1655, #2411, #1739, #807, #2607, #222, #184, #2629 ) ) ;
#306 = CARTESIAN_POINT ( 'NONE',  ( 0.000000000000000000, 70.00000000000000000, 0.000000000000000000 ) ) ;
#307 = PLANE ( 'NONE',  #874 ) ;
#308 = CARTESIAN_POINT ( 'NONE',  ( 34.85000000000000142, 75.00000000000000000, 9.645448267190435132 ) ) ;
#309 = ORIENTED_EDGE ( 'NONE', *, *, #4, .T. ) ;
#310 = VECTOR ( 'NONE', #3523, 1000.000000000000000 ) ;
#311 = ORIENTED_EDGE ( 'NONE', *, *, #905, .F. ) ;
#312 = ORIENTED_EDGE ( 'NONE', *, *, #1453, .F. ) ;
#313 = VERTEX_POINT ( 'NONE', #2979 ) ;
#314 = ORIENTED_EDGE ( 'NONE', *, *, #2337, .F. ) ;
#315 = DIRECTION ( 'NONE',  ( -1.000000000000000000, 0.000000000000000000, 0.000000000000000000 ) ) ;
#316 = CONICAL_SURFACE ( 'NONE', #2701, 2.249999999999946709, 0.7853981633974428389 ) ;
#317 = CIRCLE ( 'NONE', #2298, 3.200000000000001510 ) ;
#318 = CARTESIAN_POINT ( 'NONE',  ( 32.00000000000000000, 77.00000000000000000, -9.700000000000001066 ) ) ;
#319 = ORIENTED_EDGE ( 'NONE', *, *, #2271, .T. ) ;
#320 = CARTESIAN_POINT ( 'NONE',  ( -29.31479168388714029, 74.50000000000000000, 6.259409209757112791 ) ) ;
#321 = DIRECTION ( 'NONE',  ( 0.000000000000000000, 0.000000000000000000, 1.000000000000000000 ) ) ;
#322 = LINE ( 'NONE', #675, #1266 ) ;
#323 = CIRCLE ( 'NONE', #2303, 3.200000000000001510 ) ;
#324 = ORIENTED_EDGE ( 'NONE', *, *, #1348, .F. ) ;
#325 = CARTESIAN_POINT ( 'NONE',  ( -29.14999999999999858, 75.00000000000000000, -9.645448267190433356 ) ) ;
#326 = CLOSED_SHELL ( 'NONE', ( #646, #2180, #568, #1430, #1526, #293, #3378, #3291, #3308, #864, #1455, #3193, #2852, #3187, #2661, #3086, #439, #1483, #455, #729, #1345, #797, #1113, #1773, #1127, #2438, #638, #1332, #339, #3500, #2551, #1005, #1077, #2050, #3460, #1915, #3288, #2483, #117, #2266, #2189, #1122, #674, #2, #2951, #3177, #1083, #1248, #2556, #2719, #2603, #429, #930, #1744, #555, #1379, #957, #1452, #3250, #2537, #747, #1490, #2894, #224, #2717, #1555, #812, #2408, #223, #854, #1003, #167, #1559, #2371, #2691, #2645, #1227, #971, #3091, #2586, #24, #1705, #2191, #2755, #3452, #2267, #300, #1751, #3283, #3159, #1218, #378, #828, #3242, #2965, #2447, #279, #2814, #1339, #2615, #1861, #2330, #485, #1671, #287 ) ) ;
#327 = LINE ( 'NONE', #3300, #1095 ) ;
#328 = ORIENTED_EDGE ( 'NONE', *, *, #3426, .F. ) ;
#329 = DIRECTION ( 'NONE',  ( 0.000000000000000000, -1.000000000000000000, 0.000000000000000000 ) ) ;
#330 = ORIENTED_EDGE ( 'NONE', *, *, #2185, .T. ) ;
#331 = CARTESIAN_POINT ( 'NONE',  ( 32.00000000000000000, 75.00000000000000000, -6.299999999999999822 ) ) ;
#332 = ORIENTED_EDGE ( 'NONE', *, *, #2232, .T. ) ;
#333 = ORIENTED_EDGE ( 'NONE', *, *, #177, .F. ) ;
#334 = EDGE_CURVE ( 'NONE', #877, #2622, #1696, .T. ) ;
#335 = FACE_OUTER_BOUND ( 'NONE', #1724, .T. ) ;
#336 = ORIENTED_EDGE ( 'NONE', *, *, #1482, .T. ) ;
#337 = CARTESIAN_POINT ( 'NONE',  ( -29.14999999999999858, 75.00000000000000000, -9.645448267190433356 ) ) ;
#338 = CARTESIAN_POINT ( 'NONE',  ( 2.755455298081479204E-16, 43.00000000000000000, 2.249999999999946709 ) ) ;
#339 = ADVANCED_FACE ( 'NONE', ( #1377 ), #2457, .T. ) ;
#340 = CARTESIAN_POINT ( 'NONE',  ( -34.85000000000000142, 72.00000000000000000, 9.645448267190433356 ) ) ;
#341 = EDGE_CURVE ( 'NONE', #1937, #1592, #2769, .T. ) ;
#342 = DIRECTION ( 'NONE',  ( 0.000000000000000000, 1.000000000000000000, 0.000000000000000000 ) ) ;
#343 = ORIENTED_EDGE ( 'NONE', *, *, #962, .F. ) ;
#344 = PLANE ( 'NONE',  #3326 ) ;
#345 = DIRECTION ( 'NONE',  ( -0.8660254037844388186, 0.000000000000000000, 0.4999999999999997224 ) ) ;
#346 = EDGE_CURVE ( 'NONE', #1473, #1882, #2196, .T. ) ;
#347 = DIRECTION ( 'NONE',  ( 0.000000000000000000, 0.000000000000000000, 1.000000000000000000 ) ) ;
#348 = VERTEX_POINT ( 'NONE', #845 ) ;
#349 = ORIENTED_EDGE ( 'NONE', *, *, #900, .F. ) ;
#350 = EDGE_CURVE ( 'NONE', #2302, #1435, #3014, .T. ) ;
#351 = DIRECTION ( 'NONE',  ( 0.000000000000000000, -0.000000000000000000, 1.000000000000000000 ) ) ;
#352 = ORIENTED_EDGE ( 'NONE', *, *, #2228, .T. ) ;
#353 = DIRECTION ( 'NONE',  ( 0.000000000000000000, -1.000000000000000000, 0.000000000000000000 ) ) ;
#354 = CARTESIAN_POINT ( 'NONE',  ( 1.466957476301570029, 46.06168288072887407, 0.9567060921530626816 ) ) ;
#355 = EDGE_CURVE ( 'NONE', #2306, #3509, #3265, .T. ) ;
#356 = CARTESIAN_POINT ( 'NONE',  ( 29.31479168388714385, 75.00000000000000000, -9.740590790242890762 ) ) ;
#357 = ORIENTED_EDGE ( 'NONE', *, *, #3346, .F. ) ;
#358 = CARTESIAN_POINT ( 'NONE',  ( 5.388445916248353619E-15, 77.00000000000000000, 44.00000000000000000 ) ) ;
#359 = LINE ( 'NONE', #1466, #77 ) ;
#360 = AXIS2_PLACEMENT_3D ( 'NONE', #2771, #2213, #878 ) ;
#361 = VECTOR ( 'NONE', #1438, 1000.000000000000000 ) ;
#362 = CARTESIAN_POINT ( 'NONE',  ( -34.85000000000000142, 75.00000000000000000, 6.544836778914469022 ) ) ;
#363 = VECTOR ( 'NONE', #688, 1000.000000000000000 ) ;
#364 = ORIENTED_EDGE ( 'NONE', *, *, #1439, .T. ) ;
#365 = AXIS2_PLACEMENT_3D ( 'NONE', #2476, #1415, #2226 ) ;
#366 = CARTESIAN_POINT ( 'NONE',  ( -32.00000000000000000, 77.00000000000000000, -8.000000000000000000 ) ) ;
#367 = VECTOR ( 'NONE', #1427, 1000.000000000000114 ) ;
#368 = DIRECTION ( 'NONE',  ( 0.000000000000000000, 1.000000000000000000, 0.000000000000000000 ) ) ;
#369 = EDGE_LOOP ( 'NONE', ( #105, #1045, #1020, #2938, #3217, #3268, #1172, #704 ) ) ;
#370 = CARTESIAN_POINT ( 'NONE',  ( 0.000000000000000000, 72.00000000000001421, -6.000000000000000000 ) ) ;
#371 = PLANE ( 'NONE',  #2339 ) ;
#372 = VECTOR ( 'NONE', #968, 1000.000000000000227 ) ;
#373 = DIRECTION ( 'NONE',  ( 0.000000000000000000, 0.000000000000000000, 1.000000000000000000 ) ) ;
#374 = CIRCLE ( 'NONE', #939, 3.200000000000001510 ) ;
#375 = EDGE_CURVE ( 'NONE', #867, #691, #1428, .T. ) ;
#376 = ORIENTED_EDGE ( 'NONE', *, *, #1593, .T. ) ;
#377 = PLANE ( 'NONE',  #1387 ) ;
#378 = ADVANCED_FACE ( 'NONE', ( #2836 ), #2044, .T. ) ;
#379 = FACE_OUTER_BOUND ( 'NONE', #579, .T. ) ;
#380 = AXIS2_PLACEMENT_3D ( 'NONE', #617, #1657, #3260 ) ;
#381 = DIRECTION ( 'NONE',  ( 0.000000000000000000, 1.000000000000000000, 0.000000000000000000 ) ) ;
#382 = ORIENTED_EDGE ( 'NONE', *, *, #229, .F. ) ;
#383 = DIRECTION ( 'NONE',  ( 0.000000000000000000, -1.000000000000000000, 0.000000000000000000 ) ) ;
#384 = ORIENTED_EDGE ( 'NONE', *, *, #2163, .T. ) ;
#385 = EDGE_CURVE ( 'NONE', #2865, #418, #3085, .T. ) ;
#386 = AXIS2_PLACEMENT_3D ( 'NONE', #1731, #126, #98 ) ;
#387 = EDGE_CURVE ( 'NONE', #3000, #816, #2597, .T. ) ;
#388 = B_SPLINE_CURVE_WITH_KNOTS ( 'NONE', 3,
 ( #234, #1316, #2324, #2398, #2139, #200, #2655, #1869, #162, #2363, #3417, #1282, #975, #2059, #3458, #718, #1796, #3185, #751, #870 ),
 .UNSPECIFIED., .F., .F.,
 ( 4, 2, 2, 2, 2, 2, 2, 2, 2, 4 ),
 ( 2.168404344971008868E-19, 0.0004422112260696186171, 0.0008844224521392370173, 0.001326633678208855418, 0.001547739291243664618, 0.001768844904278473818, 0.002211056130348092001, 0.002653267356417710401, 0.003095478582487328802, 0.003537689808556947202 ),
 .UNSPECIFIED. ) ;
#389 = CARTESIAN_POINT ( 'NONE',  ( 34.85000000000000142, 75.00000000000000000, 6.354551732809566644 ) ) ;
#390 = VERTEX_POINT ( 'NONE', #1478 ) ;
#391 = CARTESIAN_POINT ( 'NONE',  ( 1.662301750245524179, 46.45542547336660988, -0.5642696606776054224 ) ) ;
#392 = DIRECTION ( 'NONE',  ( 0.000000000000000000, -0.000000000000000000, 1.000000000000000000 ) ) ;
#393 = ORIENTED_EDGE ( 'NONE', *, *, #341, .F. ) ;
#394 = DIRECTION ( 'NONE',  ( 0.000000000000000000, 0.000000000000000000, 1.000000000000000000 ) ) ;
#395 = EDGE_LOOP ( 'NONE', ( #1699, #1528, #3042, #3487 ) ) ;
#396 = CARTESIAN_POINT ( 'NONE',  ( -34.85000000000000142, 75.00000000000000000, -6.354551732809565756 ) ) ;
#397 = CARTESIAN_POINT ( 'NONE',  ( 44.00000000000000000, 45.50000000000000000, 1.100000000000000089 ) ) ;
#398 = EDGE_CURVE ( 'NONE', #405, #3222, #359, .T. ) ;
#399 = DIRECTION ( 'NONE',  ( 0.000000000000000000, 0.000000000000000000, 1.000000000000000000 ) ) ;
#400 = CARTESIAN_POINT ( 'NONE',  ( 31.83520831611286184, 75.00000000000000000, -4.804245988671586254 ) ) ;
#401 = EDGE_CURVE ( 'NONE', #68, #977, #1743, .T. ) ;
#402 = ORIENTED_EDGE ( 'NONE', *, *, #2491, .T. ) ;
#403 = CARTESIAN_POINT ( 'NONE',  ( -29.14999999999999858, 72.00000000000000000, -9.645448267190433356 ) ) ;
#404 = PLANE ( 'NONE',  #206 ) ;
#405 = VERTEX_POINT ( 'NONE', #3404 ) ;
#406 = CARTESIAN_POINT ( 'NONE',  ( -1.387131731489455344, 45.20435915878254463, -1.069110509377904084 ) ) ;
#407 = EDGE_CURVE ( 'NONE', #1411, #1133, #1760, .T. ) ;
#408 = CARTESIAN_POINT ( 'NONE',  ( 34.68520831611286326, 75.00000000000000000, -9.740590790242887209 ) ) ;
#409 = VERTEX_POINT ( 'NONE', #958 ) ;
#410 = FACE_OUTER_BOUND ( 'NONE', #3129, .T. ) ;
#411 = VERTEX_POINT ( 'NONE', #3134 ) ;
#412 = CARTESIAN_POINT ( 'NONE',  ( -29.31479168388714029, 75.00000000000000000, 9.740590790242887209 ) ) ;
#413 = DIRECTION ( 'NONE',  ( 0.000000000000000000, 0.000000000000000000, -1.000000000000000000 ) ) ;
#414 = CARTESIAN_POINT ( 'NONE',  ( -32.00000000000000000, 75.00000000000000000, 8.000000000000000000 ) ) ;
#415 = DIRECTION ( 'NONE',  ( 0.000000000000000000, 1.000000000000000000, 0.000000000000000000 ) ) ;
#416 = AXIS2_PLACEMENT_3D ( 'NONE', #1548, #507, #483 ) ;
#417 = CIRCLE ( 'NONE', #2124, 3.200000000000001510 ) ;
#418 = VERTEX_POINT ( 'NONE', #1209 ) ;
#419 = EDGE_CURVE ( 'NONE', #2500, #2433, #2634, .T. ) ;
#420 = VECTOR ( 'NONE', #3367, 1000.000000000000000 ) ;
#421 = CARTESIAN_POINT ( 'NONE',  ( -32.00000000000000000, 75.00000000000000000, 11.29089653438086671 ) ) ;
#422 = AXIS2_PLACEMENT_3D ( 'NONE', #2364, #3405, #201 ) ;
#423 = FACE_OUTER_BOUND ( 'NONE', #84, .T. ) ;
#424 = ORIENTED_EDGE ( 'NONE', *, *, #2083, .T. ) ;
#425 = DIRECTION ( 'NONE',  ( 0.8660254037844389297, 0.000000000000000000, 0.4999999999999993894 ) ) ;
#426 = CARTESIAN_POINT ( 'NONE',  ( -34.68520831611286326, 75.00000000000000000, -6.259409209757112791 ) ) ;
#427 = ORIENTED_EDGE ( 'NONE', *, *, #3492, .F. ) ;
#428 = CYLINDRICAL_SURFACE ( 'NONE', #475, 1.700000000000000178 ) ;
#429 = ADVANCED_FACE ( 'NONE', ( #2244 ), #122, .F. ) ;
#430 = ORIENTED_EDGE ( 'NONE', *, *, #1968, .T. ) ;
#431 = CIRCLE ( 'NONE', #2296, 3.200000000000001510 ) ;
#432 = DIRECTION ( 'NONE',  ( 0.000000000000000000, 0.000000000000000000, -1.000000000000000000 ) ) ;
#433 = DIRECTION ( 'NONE',  ( 0.000000000000000000, -1.000000000000000000, 0.000000000000000000 ) ) ;
#434 = VECTOR ( 'NONE', #1664, 1000.000000000000227 ) ;
#435 = FACE_OUTER_BOUND ( 'NONE', #1244, .T. ) ;
#436 = CARTESIAN_POINT ( 'NONE',  ( 34.85000000000000142, 74.50000000000000000, -9.645448267190433356 ) ) ;
#437 = VECTOR ( 'NONE', #1639, 1000.000000000000000 ) ;
#438 = ORIENTED_EDGE ( 'NONE', *, *, #2337, .T. ) ;
#439 = ADVANCED_FACE ( 'NONE', ( #379 ), #1727, .T. ) ;
#440 = CARTESIAN_POINT ( 'NONE',  ( 29.14999999999999858, 75.00000000000000000, -9.455163221085523872 ) ) ;
#441 = ORIENTED_EDGE ( 'NONE', *, *, #2073, .F. ) ;
#442 = FACE_OUTER_BOUND ( 'NONE', #831, .T. ) ;
#443 = CARTESIAN_POINT ( 'NONE',  ( -29.14999999999999858, 72.00000000000000000, -9.645448267190433356 ) ) ;
#444 = ORIENTED_EDGE ( 'NONE', *, *, #603, .F. ) ;
#445 = EDGE_CURVE ( 'NONE', #1595, #1803, #2275, .T. ) ;
#446 = DIRECTION ( 'NONE',  ( 0.000000000000000000, 0.000000000000000000, 1.000000000000000000 ) ) ;
#447 = VERTEX_POINT ( 'NONE', #412 ) ;
#448 = DIRECTION ( 'NONE',  ( 0.000000000000000000, -0.000000000000000000, 1.000000000000000000 ) ) ;
#449 = LINE ( 'NONE', #1531, #586 ) ;
#450 = EDGE_CURVE ( 'NONE', #1978, #2890, #683, .T. ) ;
#451 = DIRECTION ( 'NONE',  ( 0.000000000000000000, 0.000000000000000000, -1.000000000000000000 ) ) ;
#452 = CARTESIAN_POINT ( 'NONE',  ( 29.14999999999999858, 75.00000000000000000, 9.455163221085523872 ) ) ;
#453 = EDGE_CURVE ( 'NONE', #1937, #1592, #1441, .T. ) ;
#454 = PLANE ( 'NONE',  #1059 ) ;
#455 = ADVANCED_FACE ( 'NONE', ( #93 ), #3103, .T. ) ;
#456 = ORIENTED_EDGE ( 'NONE', *, *, #2962, .T. ) ;
#457 =( NAMED_UNIT ( * ) PLANE_ANGLE_UNIT ( ) SI_UNIT ( $, .RADIAN. ) );
#458 = ORIENTED_EDGE ( 'NONE', *, *, #919, .T. ) ;
#459 = LINE ( 'NONE', #1523, #1683 ) ;
#460 = ORIENTED_EDGE ( 'NONE', *, *, #350, .T. ) ;
#461 = CARTESIAN_POINT ( 'NONE',  ( 32.00000000000000000, 75.00000000000000000, 9.700000000000001066 ) ) ;
#462 = CARTESIAN_POINT ( 'NONE',  ( -1.517669449218296940, 46.17691470210998261, 0.8782258549558219496 ) ) ;
#463 = ORIENTED_EDGE ( 'NONE', *, *, #2527, .T. ) ;
#464 = FACE_OUTER_BOUND ( 'NONE', #1267, .T. ) ;
#465 = ORIENTED_EDGE ( 'NONE', *, *, #2802, .T. ) ;
#466 = CARTESIAN_POINT ( 'NONE',  ( 5.388445916248353619E-15, 77.00000000000000000, 44.00000000000000000 ) ) ;
#467 = FACE_OUTER_BOUND ( 'NONE', #3023, .T. ) ;
#468 = CARTESIAN_POINT ( 'NONE',  ( -29.31479168388714029, 75.00000000000000000, -6.259409209757112791 ) ) ;
#469 = CARTESIAN_POINT ( 'NONE',  ( -3.802465212182941201, 45.78917911440021982, -1.070984320101324938 ) ) ;
#470 = DIRECTION ( 'NONE',  ( 0.000000000000000000, 1.000000000000000000, 0.000000000000000000 ) ) ;
#471 = VERTEX_POINT ( 'NONE', #1710 ) ;
#472 = APPROVAL_PERSON_ORGANIZATION ( #3195, #2880, #3020 ) ;
#473 = VECTOR ( 'NONE', #2133, 1000.000000000000000 ) ;
#474 = ORIENTED_EDGE ( 'NONE', *, *, #1748, .T. ) ;
#475 = AXIS2_PLACEMENT_3D ( 'NONE', #120, #3116, #666 ) ;
#476 = DIRECTION ( 'NONE',  ( 0.000000000000000000, -1.000000000000000000, 0.000000000000000000 ) ) ;
#477 = EDGE_LOOP ( 'NONE', ( #3057, #2460, #2290, #3027 ) ) ;
#478 = DIRECTION ( 'NONE',  ( 0.000000000000000000, 1.000000000000000000, 0.000000000000000000 ) ) ;
#479 = VECTOR ( 'NONE', #888, 1000.000000000000000 ) ;
#480 = DIRECTION ( 'NONE',  ( 0.000000000000000000, 1.000000000000000000, 0.000000000000000000 ) ) ;
#481 = ORIENTED_EDGE ( 'NONE', *, *, #3234, .T. ) ;
#482 = DIRECTION ( 'NONE',  ( 0.000000000000000000, 0.000000000000000000, -1.000000000000000000 ) ) ;
#483 = DIRECTION ( 'NONE',  ( 0.000000000000000000, 0.000000000000000000, 1.000000000000000000 ) ) ;
#484 = CARTESIAN_POINT ( 'NONE',  ( -29.31479168388714385, 75.00000000000000000, 9.740590790242890762 ) ) ;
#485 = ADVANCED_FACE ( 'NONE', ( #1446 ), #2577, .F. ) ;
#486 = CARTESIAN_POINT ( 'NONE',  ( -29.15000000000000213, 74.50000000000000000, 6.544836778914476128 ) ) ;
#487 = AXIS2_PLACEMENT_3D ( 'NONE', #3111, #3362, #3061 ) ;
#488 = PLANE ( 'NONE',  #2989 ) ;
#489 = CARTESIAN_POINT ( 'NONE',  ( 32.00000000000000000, 77.00000000000000000, -9.700000000000001066 ) ) ;
#490 = ORIENTED_EDGE ( 'NONE', *, *, #2826, .T. ) ;
#491 = EDGE_CURVE ( 'NONE', #3375, #2964, #2260, .T. ) ;
#492 = AXIS2_PLACEMENT_3D ( 'NONE', #2651, #213, #2609 ) ;
#493 = ORIENTED_EDGE ( 'NONE', *, *, #2233, .F. ) ;
#494 = ORIENTED_EDGE ( 'NONE', *, *, #375, .F. ) ;
#495 = VECTOR ( 'NONE', #2277, 1000.000000000000114 ) ;
#496 = EDGE_CURVE ( 'NONE', #1159, #518, #1246, .T. ) ;
#497 = CIRCLE ( 'NONE', #835, 3.200000000000001510 ) ;
#498 = CARTESIAN_POINT ( 'NONE',  ( -29.31479168388714029, 75.00000000000000000, -6.259409209757112791 ) ) ;
#499 = EDGE_CURVE ( 'NONE', #2201, #1978, #3201, .T. ) ;
#500 = VECTOR ( 'NONE', #1764, 1000.000000000000114 ) ;
#501 = CARTESIAN_POINT ( 'NONE',  ( -32.00000000000000000, 75.00000000000000000, 11.29089653438086671 ) ) ;
#502 = VERTEX_POINT ( 'NONE', #3472 ) ;
#503 = CARTESIAN_POINT ( 'NONE',  ( -32.16479168388714527, 74.50000000000000000, -4.804245988671586254 ) ) ;
#504 = CARTESIAN_POINT ( 'NONE',  ( -1.730454952383831513, 46.56958493931607279, -0.2947962644112174790 ) ) ;
#505 = ORIENTED_EDGE ( 'NONE', *, *, #1644, .T. ) ;
#506 = DIRECTION ( 'NONE',  ( 0.000000000000000000, 0.000000000000000000, 1.000000000000000000 ) ) ;
#507 = DIRECTION ( 'NONE',  ( 0.000000000000000000, 1.000000000000000000, 0.000000000000000000 ) ) ;
#508 = DIRECTION ( 'NONE',  ( 8.659560562354886020E-17, -0.7071067811865513475, 0.7071067811865436870 ) ) ;
#509 = DIRECTION ( 'NONE',  ( 0.000000000000000000, 0.000000000000000000, 1.000000000000000000 ) ) ;
#510 = CARTESIAN_POINT ( 'NONE',  ( -3.793744851726327472, 45.64402466021311255, -1.100000000000000533 ) ) ;
#511 = CARTESIAN_POINT ( 'NONE',  ( 29.14999999999999858, 74.50000000000000000, -6.544836778914476128 ) ) ;
#512 = CALENDAR_DATE ( 2026, 12, 9 ) ;
#513 = PRODUCT_RELATED_PRODUCT_CATEGORY ( 'detail', '', ( #1177 ) ) ;
#514 = LINE ( 'NONE', #295, #434 ) ;
#515 = EDGE_LOOP ( 'NONE', ( #309, #709 ) ) ;
#516 = DIRECTION ( 'NONE',  ( 0.000000000000000000, 1.000000000000000000, 0.000000000000000000 ) ) ;
#517 = CARTESIAN_POINT ( 'NONE',  ( -1.466355937556612421, 46.05978928986502297, -0.9575670710578049194 ) ) ;
#518 = VERTEX_POINT ( 'NONE', #2382 ) ;
#519 = CYLINDRICAL_SURFACE ( 'NONE', #596, 3.200000000000001510 ) ;
#520 = CARTESIAN_POINT ( 'NONE',  ( -32.00000000000000000, 77.00000000000000000, -6.299999999999999822 ) ) ;
#521 = DIRECTION ( 'NONE',  ( 0.000000000000000000, 0.000000000000000000, -1.000000000000000000 ) ) ;
#522 = EDGE_CURVE ( 'NONE', #2283, #313, #2918, .T. ) ;
#523 = ORIENTED_EDGE ( 'NONE', *, *, #2075, .T. ) ;
#524 = PLANE ( 'NONE',  #2992 ) ;
#525 = CARTESIAN_POINT ( 'NONE',  ( -3.831785351144655127, 46.05449242338431048, -0.9608174262145675604 ) ) ;
#526 = DIRECTION ( 'NONE',  ( 0.000000000000000000, 0.000000000000000000, -1.000000000000000000 ) ) ;
#527 = VERTEX_POINT ( 'NONE', #1830 ) ;
#528 = EDGE_CURVE ( 'NONE', #687, #2038, #1259, .T. ) ;
#529 = CARTESIAN_POINT ( 'NONE',  ( 0.000000000000000000, 43.49999999999995026, 0.000000000000000000 ) ) ;
#530 = EDGE_CURVE ( 'NONE', #44, #239, #3152, .T. ) ;
#531 = ORIENTED_EDGE ( 'NONE', *, *, #2962, .F. ) ;
#532 = CIRCLE ( 'NONE', #72, 1.700000000000000178 ) ;
#533 = AXIS2_PLACEMENT_3D ( 'NONE', #33, #1118, #321 ) ;
#534 = AXIS2_PLACEMENT_3D ( 'NONE', #950, #1955, #3127 ) ;
#535 = VECTOR ( 'NONE', #276, 1000.000000000000000 ) ;
#536 = DIRECTION ( 'NONE',  ( -0.000000000000000000, 1.000000000000000000, -0.000000000000000000 ) ) ;
#537 = ORIENTED_EDGE ( 'NONE', *, *, #79, .F. ) ;
#538 = LINE ( 'NONE', #2954, #2126 ) ;
#539 = CARTESIAN_POINT ( 'NONE',  ( -32.16479168388714527, 75.00000000000000000, -4.804245988671587142 ) ) ;
#540 = VECTOR ( 'NONE', #1161, 1000.000000000000000 ) ;
#541 = CARTESIAN_POINT ( 'NONE',  ( 32.00000000000000000, 74.50000000000000000, 11.29089653438086671 ) ) ;
#542 = ORIENTED_EDGE ( 'NONE', *, *, #3065, .T. ) ;
#543 = EDGE_CURVE ( 'NONE', #2665, #1524, #417, .T. ) ;
#544 = DIRECTION ( 'NONE',  ( 0.000000000000000000, 0.000000000000000000, 1.000000000000000000 ) ) ;
#545 = DIRECTION ( 'NONE',  ( 0.8660254037844388186, 0.000000000000000000, -0.4999999999999997224 ) ) ;
#546 = CARTESIAN_POINT ( 'NONE',  ( 32.00000000000000000, 75.00000000000000000, -4.709103465619133289 ) ) ;
#547 = VERTEX_POINT ( 'NONE', #2632 ) ;
#548 = ORIENTED_EDGE ( 'NONE', *, *, #1565, .T. ) ;
#549 = ORIENTED_EDGE ( 'NONE', *, *, #147, .F. ) ;
#550 = ORIENTED_EDGE ( 'NONE', *, *, #2111, .F. ) ;
#551 = CIRCLE ( 'NONE', #487, 3.200000000000001510 ) ;
#552 = VECTOR ( 'NONE', #1763, 1000.000000000000000 ) ;
#553 = DIRECTION ( 'NONE',  ( -0.8660254037844388186, 0.000000000000000000, 0.4999999999999996114 ) ) ;
#554 = VECTOR ( 'NONE', #1589, 1000.000000000000114 ) ;
#555 = ADVANCED_FACE ( 'NONE', ( #1530, #1587 ), #1301, .F. ) ;
#556 = DIRECTION ( 'NONE',  ( 0.000000000000000000, 1.000000000000000000, 0.000000000000000000 ) ) ;
#557 = ORIENTED_EDGE ( 'NONE', *, *, #3327, .F. ) ;
#558 = CARTESIAN_POINT ( 'NONE',  ( 34.85000000000000142, 72.00000000000000000, -9.645448267190433356 ) ) ;
#559 = CARTESIAN_POINT ( 'NONE',  ( 29.31479168388714029, 74.50000000000000000, 9.740590790242888986 ) ) ;
#560 = AXIS2_PLACEMENT_3D ( 'NONE', #3137, #2550, #2047 ) ;
#561 = DIRECTION ( 'NONE',  ( 0.000000000000000000, -1.000000000000000000, 0.000000000000000000 ) ) ;
#562 = VERTEX_POINT ( 'NONE', #3224 ) ;
#564 = EDGE_CURVE ( 'NONE', #1964, #447, #2178, .T. ) ;
#563 = CARTESIAN_POINT ( 'NONE',  ( -34.68520831611286326, 75.00000000000000000, 9.740590790242887209 ) ) ;
#565 = FACE_OUTER_BOUND ( 'NONE', #3363, .T. ) ;
#566 = VERTEX_POINT ( 'NONE', #770 ) ;
#567 = CARTESIAN_POINT ( 'NONE',  ( -29.15000000000000213, 75.00000000000000000, 9.455163221085534531 ) ) ;
#568 = ADVANCED_FACE ( 'NONE', ( #734 ), #1602, .F. ) ;
#569 = EDGE_LOOP ( 'NONE', ( #2442, #803, #197, #880 ) ) ;
#570 = EDGE_CURVE ( 'NONE', #2437, #2582, #3436, .T. ) ;
#571 = ORIENTED_EDGE ( 'NONE', *, *, #1037, .T. ) ;
#572 = EDGE_CURVE ( 'NONE', #2179, #987, #304, .T. ) ;
#573 = DIRECTION ( 'NONE',  ( -0.000000000000000000, -1.000000000000000000, -0.000000000000000000 ) ) ;
#574 = CARTESIAN_POINT ( 'NONE',  ( 34.68520831611286326, 74.50000000000000000, -9.740590790242883656 ) ) ;
#575 = ORIENTED_EDGE ( 'NONE', *, *, #2700, .F. ) ;
#576 = DIRECTION ( 'NONE',  ( 0.000000000000000000, 0.000000000000000000, -1.000000000000000000 ) ) ;
#577 = CARTESIAN_POINT ( 'NONE',  ( 34.85000000000000142, 74.50000000000000000, -9.455163221085530978 ) ) ;
#578 = DIRECTION ( 'NONE',  ( 0.000000000000000000, 0.000000000000000000, -1.000000000000000000 ) ) ;
#579 = EDGE_LOOP ( 'NONE', ( #2230, #862, #1129, #2449, #2273, #3399, #171, #1074 ) ) ;
#580 = CARTESIAN_POINT ( 'NONE',  ( 32.00000000000000000, 75.00000000000000000, 8.000000000000000000 ) ) ;
#581 = DIRECTION ( 'NONE',  ( -0.000000000000000000, 1.000000000000000000, -0.000000000000000000 ) ) ;
#582 = CARTESIAN_POINT ( 'NONE',  ( -32.00000000000000000, 75.00000000000000000, -8.000000000000000000 ) ) ;
#583 = ORIENTED_EDGE ( 'NONE', *, *, #1364, .T. ) ;
#584 = VERTEX_POINT ( 'NONE', #2670 ) ;
#585 = CARTESIAN_POINT ( 'NONE',  ( -34.85000000000000142, 75.00000000000000000, 9.645448267190433356 ) ) ;
#586 = VECTOR ( 'NONE', #2614, 1000.000000000000114 ) ;
#587 = CARTESIAN_POINT ( 'NONE',  ( -34.85000000000000142, 72.00000000000000000, 6.354551732809566644 ) ) ;
#588 = ORIENTED_EDGE ( 'NONE', *, *, #42, .F. ) ;
#589 = CARTESIAN_POINT ( 'NONE',  ( -32.16479168388714527, 75.00000000000000000, 4.804245988671588030 ) ) ;
#590 = CARTESIAN_POINT ( 'NONE',  ( 32.00000000000000000, 77.00000000000000000, -8.000000000000000000 ) ) ;
#591 = CC_DESIGN_SECURITY_CLASSIFICATION ( #1210, ( #3485 ) ) ;
#592 = CARTESIAN_POINT ( 'NONE',  ( -32.00000000000000000, 77.00000000000000000, 9.700000000000001066 ) ) ;
#593 = AXIS2_PLACEMENT_3D ( 'NONE', #1849, #2900, #1048 ) ;
#594 = ORIENTED_EDGE ( 'NONE', *, *, #1971, .T. ) ;
#595 = CARTESIAN_POINT ( 'NONE',  ( 34.68520831611286326, 75.00000000000000000, 6.259409209757114567 ) ) ;
#596 = AXIS2_PLACEMENT_3D ( 'NONE', #1028, #2630, #232 ) ;
#597 = CARTESIAN_POINT ( 'NONE',  ( -32.00000000000000000, 74.50000000000000000, -8.000000000000000000 ) ) ;
#598 = ORIENTED_EDGE ( 'NONE', *, *, #3484, .T. ) ;
#599 = CARTESIAN_POINT ( 'NONE',  ( 32.00000000000000000, 75.00000000000000000, 8.000000000000000000 ) ) ;
#600 = ORIENTED_EDGE ( 'NONE', *, *, #1816, .F. ) ;
#601 = DIRECTION ( 'NONE',  ( 0.000000000000000000, 0.000000000000000000, 1.000000000000000000 ) ) ;
#602 = CIRCLE ( 'NONE', #1433, 3.200000000000001510 ) ;
#603 = EDGE_CURVE ( 'NONE', #3240, #2007, #388, .T. ) ;
#604 = ORIENTED_EDGE ( 'NONE', *, *, #346, .T. ) ;
#605 = VERTEX_POINT ( 'NONE', #2735 ) ;
#606 = EDGE_CURVE ( 'NONE', #23, #1536, #2207, .T. ) ;
#607 = AXIS2_PLACEMENT_3D ( 'NONE', #1313, #3148, #1791 ) ;
#608 = EDGE_CURVE ( 'NONE', #502, #612, #2284, .T. ) ;
#609 = AXIS2_PLACEMENT_3D ( 'NONE', #2877, #476, #2623 ) ;
#610 = EDGE_CURVE ( 'NONE', #3464, #1995, #615, .T. ) ;
#611 = LINE ( 'NONE', #1063, #1051 ) ;
#612 = VERTEX_POINT ( 'NONE', #3511 ) ;
#613 = LINE ( 'NONE', #3006, #310 ) ;
#614 = VECTOR ( 'NONE', #3229, 1000.000000000000000 ) ;
#615 = LINE ( 'NONE', #1372, #1772 ) ;
#616 = LINE ( 'NONE', #1692, #2912 ) ;
#617 = CARTESIAN_POINT ( 'NONE',  ( 32.00000000000000000, 75.00000000000000000, 8.000000000000000000 ) ) ;
#618 = ORIENTED_EDGE ( 'NONE', *, *, #3016, .F. ) ;
#619 = AXIS2_PLACEMENT_3D ( 'NONE', #1553, #3516, #1817 ) ;
#620 = FACE_OUTER_BOUND ( 'NONE', #2041, .T. ) ;
#621 = DIRECTION ( 'NONE',  ( 0.000000000000000000, 1.000000000000000000, 0.000000000000000000 ) ) ;
#622 = DIRECTION ( 'NONE',  ( 0.000000000000000000, 0.000000000000000000, 1.000000000000000000 ) ) ;
#623 = ORIENTED_EDGE ( 'NONE', *, *, #3342, .T. ) ;
#624 = ORIENTED_EDGE ( 'NONE', *, *, #2111, .T. ) ;
#625 = EDGE_CURVE ( 'NONE', #348, #3074, #1672, .T. ) ;
#626 = CARTESIAN_POINT ( 'NONE',  ( 3.000000000000000000, 72.00000000000000000, 2.569533031505919052 ) ) ;
#627 = ORIENTED_EDGE ( 'NONE', *, *, #2445, .F. ) ;
#628 = CARTESIAN_POINT ( 'NONE',  ( -1.361065758881619958, 45.50000000000000000, 1.100000000000000089 ) ) ;
#629 = CARTESIAN_POINT ( 'NONE',  ( -1.466957476301568919, 44.93831711927111883, 0.9567060921530624595 ) ) ;
#630 = DIRECTION ( 'NONE',  ( -1.000000000000000000, 0.000000000000000000, 0.000000000000000000 ) ) ;
#631 = ORIENTED_EDGE ( 'NONE', *, *, #1597, .T. ) ;
#632 = DIRECTION ( 'NONE',  ( 0.000000000000000000, -0.000000000000000000, 1.000000000000000000 ) ) ;
#633 = EDGE_LOOP ( 'NONE', ( #3505, #1418, #2388, #463, #3287, #1414, #3182, #490 ) ) ;
#634 = DIRECTION ( 'NONE',  ( 0.000000000000000000, -0.000000000000000000, 1.000000000000000000 ) ) ;
#635 = CARTESIAN_POINT ( 'NONE',  ( -32.00000000000000000, 74.50000000000000000, -8.000000000000000000 ) ) ;
#636 = ORIENTED_EDGE ( 'NONE', *, *, #1601, .T. ) ;
#637 = ORIENTED_EDGE ( 'NONE', *, *, #398, .T. ) ;
#638 = ADVANCED_FACE ( 'NONE', ( #2686 ), #254, .T. ) ;
#639 = EDGE_CURVE ( 'NONE', #447, #2642, #801, .T. ) ;
#640 = DIRECTION ( 'NONE',  ( -0.8660254037844385966, 0.000000000000000000, 0.5000000000000001110 ) ) ;
#641 = ORIENTED_EDGE ( 'NONE', *, *, #2323, .T. ) ;
#642 = CARTESIAN_POINT ( 'NONE',  ( 34.68520831611286326, 75.00000000000000000, -9.740590790242885433 ) ) ;
#643 = CARTESIAN_POINT ( 'NONE',  ( -34.85000000000000142, 74.50000000000000000, -6.544836778914469022 ) ) ;
#644 = DIRECTION ( 'NONE',  ( -0.000000000000000000, -1.000000000000000000, -0.000000000000000000 ) ) ;
#645 = ORIENTED_EDGE ( 'NONE', *, *, #3080, .F. ) ;
#646 = ADVANCED_FACE ( 'NONE', ( #2435 ), #1066, .F. ) ;
#647 = DIRECTION ( 'NONE',  ( 0.8660254037844388186, 0.000000000000000000, 0.4999999999999996114 ) ) ;
#648 = DIRECTION ( 'NONE',  ( 0.000000000000000000, -1.000000000000000000, 0.000000000000000000 ) ) ;
#649 = AXIS2_PLACEMENT_3D ( 'NONE', #131, #2506, #1485 ) ;
#650 = DIRECTION ( 'NONE',  ( 0.000000000000000000, 1.000000000000000000, 0.000000000000000000 ) ) ;
#651 = EDGE_CURVE ( 'NONE', #816, #3066, #2170, .T. ) ;
#652 = VECTOR ( 'NONE', #2725, 1000.000000000000000 ) ;
#653 = VERTEX_POINT ( 'NONE', #269 ) ;
#654 = VECTOR ( 'NONE', #1981, 1000.000000000000000 ) ;
#655 = LINE ( 'NONE', #1533, #721 ) ;
#656 = CYLINDRICAL_SURFACE ( 'NONE', #2085, 44.00000000000000000 ) ;
#657 = AXIS2_PLACEMENT_3D ( 'NONE', #1529, #3403, #1794 ) ;
#658 = DIRECTION ( 'NONE',  ( -1.000000000000000000, 0.000000000000000000, -0.000000000000000000 ) ) ;
#659 = VERTEX_POINT ( 'NONE', #49 ) ;
#660 = CYLINDRICAL_SURFACE ( 'NONE', #1888, 3.200000000000001510 ) ;
#661 = EDGE_CURVE ( 'NONE', #1397, #2428, #2401, .T. ) ;
#662 = CIRCLE ( 'NONE', #3501, 1.700000000000000178 ) ;
#663 = FACE_OUTER_BOUND ( 'NONE', #3048, .T. ) ;
#664 = VECTOR ( 'NONE', #2948, 1000.000000000000000 ) ;
#665 = VERTEX_POINT ( 'NONE', #577 ) ;
#666 = DIRECTION ( 'NONE',  ( 0.000000000000000000, 0.000000000000000000, -1.000000000000000000 ) ) ;
#667 = CARTESIAN_POINT ( 'NONE',  ( 34.85000000000000142, 75.00000000000000000, 6.354551732809566644 ) ) ;
#668 = AXIS2_PLACEMENT_3D ( 'NONE', #2094, #1583, #3180 ) ;
#669 = CARTESIAN_POINT ( 'NONE',  ( -32.00000000000000000, 75.00000000000000000, 4.709103465619133289 ) ) ;
#670 = EDGE_CURVE ( 'NONE', #547, #1292, #2002, .T. ) ;
#671 = CARTESIAN_POINT ( 'NONE',  ( 32.00000000000000000, 77.00000000000000000, 8.000000000000000000 ) ) ;
#672 = CARTESIAN_POINT ( 'NONE',  ( 29.14999999999999858, 72.00000000000000000, 6.354551732809566644 ) ) ;
#673 = EDGE_LOOP ( 'NONE', ( #1661, #3467, #1765, #1208 ) ) ;
#674 = ADVANCED_FACE ( 'NONE', ( #1391 ), #1135, .T. ) ;
#675 = CARTESIAN_POINT ( 'NONE',  ( 34.85000000000000142, 72.00000000000000000, 9.645448267190435132 ) ) ;
#676 = PLANE ( 'NONE',  #2873 ) ;
#677 = VERTEX_POINT ( 'NONE', #10 ) ;
#678 = LINE ( 'NONE', #2813, #361 ) ;
#679 = PLANE ( 'NONE',  #1857 ) ;
#680 = ORIENTED_EDGE ( 'NONE', *, *, #784, .F. ) ;
#681 = PLANE ( 'NONE',  #820 ) ;
#682 = VERTEX_POINT ( 'NONE', #1100 ) ;
#683 = LINE ( 'NONE', #3340, #1557 ) ;
#684 = CARTESIAN_POINT ( 'NONE',  ( 3.000000000000000000, 47.99999999999999289, 5.000000000000000000 ) ) ;
#685 = DIRECTION ( 'NONE',  ( -0.8660254037844389297, 0.000000000000000000, -0.4999999999999993894 ) ) ;
#686 = LINE ( 'NONE', #2065, #500 ) ;
#687 = VERTEX_POINT ( 'NONE', #3255 ) ;
#688 = DIRECTION ( 'NONE',  ( -0.000000000000000000, -0.000000000000000000, 1.000000000000000000 ) ) ;
#689 = EDGE_CURVE ( 'NONE', #1473, #150, #2190, .T. ) ;
#690 = FACE_BOUND ( 'NONE', #1407, .T. ) ;
#691 = VERTEX_POINT ( 'NONE', #559 ) ;
#692 = CARTESIAN_POINT ( 'NONE',  ( 29.31479168388714029, 75.00000000000000000, 9.740590790242887209 ) ) ;
#693 = DIRECTION ( 'NONE',  ( -0.8660254037844389297, 0.000000000000000000, -0.4999999999999994449 ) ) ;
#694 = EDGE_LOOP ( 'NONE', ( #2602, #2395, #1539, #3499, #2052, #2218, #1019, #1167, #984, #3056, #286, #627, #1759, #1056, #2029, #2106, #1823, #1698 ) ) ;
#695 = CARTESIAN_POINT ( 'NONE',  ( 0.000000000000000000, 43.00000000000000000, 0.000000000000000000 ) ) ;
#696 = ORIENTED_EDGE ( 'NONE', *, *, #1448, .F. ) ;
#697 = DIRECTION ( 'NONE',  ( 0.000000000000000000, 0.000000000000000000, -1.000000000000000000 ) ) ;
#698 = FACE_OUTER_BOUND ( 'NONE', #1380, .T. ) ;
#699 = CARTESIAN_POINT ( 'NONE',  ( -32.00000000000000000, 72.00000000000000000, 4.709103465619133289 ) ) ;
#700 = CARTESIAN_POINT ( 'NONE',  ( 0.000000000000000000, 77.00000000000000000, 0.000000000000000000 ) ) ;
#701 = VECTOR ( 'NONE', #1898, 1000.000000000000227 ) ;
#702 = EDGE_CURVE ( 'NONE', #112, #2726, #2689, .T. ) ;
#703 = VECTOR ( 'NONE', #1959, 1000.000000000000000 ) ;
#704 = ORIENTED_EDGE ( 'NONE', *, *, #271, .T. ) ;
#705 = VECTOR ( 'NONE', #2504, 1000.000000000000000 ) ;
#706 = CARTESIAN_POINT ( 'NONE',  ( 0.000000000000000000, 0.000000000000000000, 0.000000000000000000 ) ) ;
#707 = EDGE_CURVE ( 'NONE', #282, #1995, #73, .T. ) ;
#708 = CARTESIAN_POINT ( 'NONE',  ( 32.00000000000000000, 75.00000000000000000, -4.709103465619133289 ) ) ;
#709 = ORIENTED_EDGE ( 'NONE', *, *, #387, .F. ) ;
#710 = FACE_OUTER_BOUND ( 'NONE', #2128, .T. ) ;
#711 = EDGE_CURVE ( 'NONE', #867, #409, #3424, .T. ) ;
#712 = EDGE_CURVE ( 'NONE', #1468, #2014, #1211, .T. ) ;
#713 = CARTESIAN_POINT ( 'NONE',  ( -1.387536657437735466, 45.79735885588550559, -1.068586194674189915 ) ) ;
#714 = VERTEX_POINT ( 'NONE', #1203 ) ;
#715 = CARTESIAN_POINT ( 'NONE',  ( 0.000000000000000000, 72.00000000000000000, 0.000000000000000000 ) ) ;
#716 = ORIENTED_EDGE ( 'NONE', *, *, #2372, .T. ) ;
#717 = CIRCLE ( 'NONE', #3272, 3.200000000000001510 ) ;
#718 = CARTESIAN_POINT ( 'NONE',  ( 1.517967581411532318, 44.82241875612813686, -0.8777322444836269666 ) ) ;
#719 = DIRECTION ( 'NONE',  ( -1.000000000000000000, 0.000000000000000000, -1.054255858762918044E-15 ) ) ;
#720 = EDGE_CURVE ( 'NONE', #1126, #677, #2003, .T. ) ;
#721 = VECTOR ( 'NONE', #145, 1000.000000000000000 ) ;
#722 = LINE ( 'NONE', #2046, #2534 ) ;
#723 = CARTESIAN_POINT ( 'NONE',  ( 0.000000000000000000, 77.00000000000000000, 0.000000000000000000 ) ) ;
#724 = VECTOR ( 'NONE', #2943, 1000.000000000000000 ) ;
#725 = MECHANICAL_CONTEXT ( 'NONE', #1520, 'mechanical' ) ;
#726 = DIRECTION ( 'NONE',  ( 0.000000000000000000, -1.000000000000000000, 0.000000000000000000 ) ) ;
#727 = ORIENTED_EDGE ( 'NONE', *, *, #3126, .F. ) ;
#728 = CARTESIAN_POINT ( 'NONE',  ( 34.85000000000000142, 72.00000000000000000, 6.354551732809566644 ) ) ;
#729 = ADVANCED_FACE ( 'NONE', ( #1704 ), #1474, .T. ) ;
#730 = CARTESIAN_POINT ( 'NONE',  ( 34.68520831611286326, 75.00000000000000000, 6.259409209757114567 ) ) ;
#731 = ORIENTED_EDGE ( 'NONE', *, *, #1192, .F. ) ;
#732 = CARTESIAN_POINT ( 'NONE',  ( 0.000000000000000000, 77.00000000000000000, -44.00000000000000000 ) ) ;
#733 = ORIENTED_EDGE ( 'NONE', *, *, #606, .T. ) ;
#734 = FACE_OUTER_BOUND ( 'NONE', #3428, .T. ) ;
#735 = CARTESIAN_POINT ( 'NONE',  ( 32.00000000000000000, 75.00000000000000000, -8.000000000000000000 ) ) ;
#736 = CARTESIAN_POINT ( 'NONE',  ( -3.793744851726326583, 45.50000000000000000, 1.100000000000000089 ) ) ;
#737 = DIRECTION ( 'NONE',  ( 0.000000000000000000, 0.000000000000000000, 1.000000000000000000 ) ) ;
#738 = CARTESIAN_POINT ( 'NONE',  ( -34.85000000000000142, 75.00000000000000000, 9.645448267190433356 ) ) ;
#739 = ORIENTED_EDGE ( 'NONE', *, *, #82, .T. ) ;
#740 = ORIENTED_EDGE ( 'NONE', *, *, #1691, .F. ) ;
#741 = ORIENTED_EDGE ( 'NONE', *, *, #1147, .F. ) ;
#742 = PERSON_AND_ORGANIZATION_ROLE ( 'creator' ) ;
#743 = ORIENTED_EDGE ( 'NONE', *, *, #3167, .T. ) ;
#744 = CARTESIAN_POINT ( 'NONE',  ( 34.85000000000000142, 75.00000000000000000, 9.645448267190435132 ) ) ;
#745 = ORIENTED_EDGE ( 'NONE', *, *, #1535, .F. ) ;
#746 = CARTESIAN_POINT ( 'NONE',  ( 3.000000000000000000, 72.00000000000000000, -2.569533031505919052 ) ) ;
#747 = ADVANCED_FACE ( 'NONE', ( #3099 ), #660, .F. ) ;
#748 = CARTESIAN_POINT ( 'NONE',  ( -1.615699261574590873, 46.37485830892479299, 0.6812614076481781078 ) ) ;
#749 = ORIENTED_EDGE ( 'NONE', *, *, #2198, .T. ) ;
#750 = CYLINDRICAL_SURFACE ( 'NONE', #1667, 1.700000000000000178 ) ;
#751 = CARTESIAN_POINT ( 'NONE',  ( 1.361065758881620402, 45.35051835478783744, -1.099999999999998757 ) ) ;
#752 = FACE_OUTER_BOUND ( 'NONE', #1144, .T. ) ;
#753 = EDGE_CURVE ( 'NONE', #471, #2915, #1649, .T. ) ;
#754 = CARTESIAN_POINT ( 'NONE',  ( -34.85000000000000142, 75.00000000000000000, 6.354551732809566644 ) ) ;
#755 = CIRCLE ( 'NONE', #1766, 3.200000000000001510 ) ;
#756 = DIRECTION ( 'NONE',  ( 0.000000000000000000, 1.000000000000000000, 0.000000000000000000 ) ) ;
#757 = DIRECTION ( 'NONE',  ( 0.000000000000000000, 1.000000000000000000, 0.000000000000000000 ) ) ;
#758 = ORIENTED_EDGE ( 'NONE', *, *, #75, .F. ) ;
#759 = EDGE_CURVE ( 'NONE', #2177, #2509, #1222, .T. ) ;
#760 = AXIS2_PLACEMENT_3D ( 'NONE', #3153, #719, #1797 ) ;
#761 = AXIS2_PLACEMENT_3D ( 'NONE', #706, #1822, #1860 ) ;
#762 = AXIS2_PLACEMENT_3D ( 'NONE', #1635, #1935, #1409 ) ;
#763 = APPROVAL_ROLE ( '' ) ;
#764 = CARTESIAN_POINT ( 'NONE',  ( 0.000000000000000000, 72.00000000000000000, 0.000000000000000000 ) ) ;
#765 = ORIENTED_EDGE ( 'NONE', *, *, #3426, .T. ) ;
#766 = CARTESIAN_POINT ( 'NONE',  ( -32.00000000000000000, 75.00000000000000000, -8.000000000000000000 ) ) ;
#767 = CARTESIAN_POINT ( 'NONE',  ( -1.361065758881627730, 45.65001271087818679, 1.100000000000000089 ) ) ;
#768 = EDGE_LOOP ( 'NONE', ( #1288, #1103, #96, #1599, #2668, #1663, #1142, #324, #1619, #575, #2753, #618, #154, #740, #2501, #1150, #2998, #493 ) ) ;
#769 = CARTESIAN_POINT ( 'NONE',  ( 32.00000000000000000, 74.50000000000000000, -8.000000000000000000 ) ) ;
#770 = CARTESIAN_POINT ( 'NONE',  ( -29.15000000000000213, 74.50000000000000000, -9.455163221085523872 ) ) ;
#771 = DIRECTION ( 'NONE',  ( 0.000000000000000000, 0.000000000000000000, -1.000000000000000000 ) ) ;
#772 = FACE_OUTER_BOUND ( 'NONE', #633, .T. ) ;
#773 = CARTESIAN_POINT ( 'NONE',  ( -3.913033128306676822, 46.46031503185504619, -0.5556472974250182828 ) ) ;
#774 = DIRECTION ( 'NONE',  ( 0.000000000000000000, 1.000000000000000000, 0.000000000000000000 ) ) ;
#775 = VERTEX_POINT ( 'NONE', #338 ) ;
#776 = EDGE_CURVE ( 'NONE', #2007, #3240, #248, .T. ) ;
#777 = AXIS2_PLACEMENT_3D ( 'NONE', #3121, #2600, #165 ) ;
#778 = VERTEX_POINT ( 'NONE', #643 ) ;
#779 = VECTOR ( 'NONE', #630, 1000.000000000000000 ) ;
#780 = CIRCLE ( 'NONE', #2146, 3.200000000000001510 ) ;
#781 = CARTESIAN_POINT ( 'NONE',  ( -31.83520831611286184, 75.00000000000000000, 4.804245988671586254 ) ) ;
#782 = ORIENTED_EDGE ( 'NONE', *, *, #450, .T. ) ;
#783 = FACE_BOUND ( 'NONE', #1578, .T. ) ;
#784 = EDGE_CURVE ( 'NONE', #3037, #257, #678, .T. ) ;
#785 = DIRECTION ( 'NONE',  ( 0.000000000000000000, 0.000000000000000000, -1.000000000000000000 ) ) ;
#786 = EDGE_LOOP ( 'NONE', ( #2264, #2928, #859, #2214 ) ) ;
#787 = FACE_OUTER_BOUND ( 'NONE', #1081, .T. ) ;
#788 = CARTESIAN_POINT ( 'NONE',  ( 0.000000000000000000, 70.00000000000000000, 0.000000000000000000 ) ) ;
#789 = CARTESIAN_POINT ( 'NONE',  ( 0.000000000000000000, 47.99999999999999289, 0.000000000000000000 ) ) ;
#790 = CARTESIAN_POINT ( 'NONE',  ( 29.31479168388714029, 75.00000000000000000, -9.740590790242887209 ) ) ;
#791 = CARTESIAN_POINT ( 'NONE',  ( -3.950016982396468812, 46.60006098224690874, -0.1438492712402049678 ) ) ;
#792 = CARTESIAN_POINT ( 'NONE',  ( 32.16479168388713816, 75.00000000000000000, 11.19575401132841463 ) ) ;
#793 = VERTEX_POINT ( 'NONE', #1755 ) ;
#794 = ORIENTED_EDGE ( 'NONE', *, *, #1508, .T. ) ;
#795 = LINE ( 'NONE', #2984, #1110 ) ;
#796 = ORIENTED_EDGE ( 'NONE', *, *, #821, .F. ) ;
#797 = ADVANCED_FACE ( 'NONE', ( #904 ), #371, .T. ) ;
#798 = LINE ( 'NONE', #2986, #2763 ) ;
#799 = EDGE_LOOP ( 'NONE', ( #2168, #240 ) ) ;
#800 = DIRECTION ( 'NONE',  ( 0.000000000000000000, -1.000000000000000000, 0.000000000000000000 ) ) ;
#801 = LINE ( 'NONE', #1953, #3140 ) ;
#802 = CARTESIAN_POINT ( 'NONE',  ( 0.000000000000000000, 72.00000000000001421, 0.000000000000000000 ) ) ;
#803 = ORIENTED_EDGE ( 'NONE', *, *, #1163, .F. ) ;
#804 = CARTESIAN_POINT ( 'NONE',  ( 32.00000000000000000, 74.50000000000000000, -8.000000000000000000 ) ) ;
#805 = DIRECTION ( 'NONE',  ( -0.8660254037844385966, 0.000000000000000000, 0.5000000000000001110 ) ) ;
#806 = CARTESIAN_POINT ( 'NONE',  ( 44.00000000000000000, 45.50000000000000000, 0.000000000000000000 ) ) ;
#807 = ORIENTED_EDGE ( 'NONE', *, *, #3385, .T. ) ;
#808 = VERTEX_POINT ( 'NONE', #2625 ) ;
#809 = EDGE_CURVE ( 'NONE', #2509, #1536, #1806, .T. ) ;
#810 = CARTESIAN_POINT ( 'NONE',  ( 44.00000000000000000, 45.50000000000000000, 1.100000000000000089 ) ) ;
#811 = CIRCLE ( 'NONE', #124, 1.750000000000000000 ) ;
#812 = ADVANCED_FACE ( 'NONE', ( #2934 ), #3483, .F. ) ;
#813 = AXIS2_PLACEMENT_3D ( 'NONE', #802, #1049, #2140 ) ;
#814 = VECTOR ( 'NONE', #54, 1000.000000000000000 ) ;
#815 = CARTESIAN_POINT ( 'NONE',  ( 2.143131898507867804E-16, 43.49999999999995026, 1.750000000000000000 ) ) ;
#816 = VERTEX_POINT ( 'NONE', #503 ) ;
#817 = LINE ( 'NONE', #3294, #2696 ) ;
#818 = EDGE_CURVE ( 'NONE', #68, #241, #2376, .T. ) ;
#819 = DIRECTION ( 'NONE',  ( 0.8660254037844389297, 0.000000000000000000, -0.4999999999999995004 ) ) ;
#820 = AXIS2_PLACEMENT_3D ( 'NONE', #1758, #1245, #2576 ) ;
#821 = EDGE_CURVE ( 'NONE', #1769, #119, #1844, .T. ) ;
#822 = LINE ( 'NONE', #3279, #2565 ) ;
#823 = ORIENTED_EDGE ( 'NONE', *, *, #2221, .F. ) ;
#824 = DIRECTION ( 'NONE',  ( 0.000000000000000000, 1.000000000000000000, 0.000000000000000000 ) ) ;
#825 = LINE ( 'NONE', #2243, #3490 ) ;
#826 = ORIENTED_EDGE ( 'NONE', *, *, #3269, .T. ) ;
#827 = DIRECTION ( 'NONE',  ( 0.000000000000000000, 0.000000000000000000, -1.000000000000000000 ) ) ;
#828 = ADVANCED_FACE ( 'NONE', ( #710 ), #1826, .F. ) ;
#829 = ORIENTED_EDGE ( 'NONE', *, *, #2125, .F. ) ;
#830 = ORIENTED_EDGE ( 'NONE', *, *, #3419, .T. ) ;
#831 = EDGE_LOOP ( 'NONE', ( #3298, #393 ) ) ;
#832 = VECTOR ( 'NONE', #536, 1000.000000000000000 ) ;
#833 = VECTOR ( 'NONE', #1594, 1000.000000000000000 ) ;
#834 = DIRECTION ( 'NONE',  ( -0.8660254037844385966, 0.000000000000000000, 0.5000000000000001110 ) ) ;
#835 = AXIS2_PLACEMENT_3D ( 'NONE', #843, #1676, #2727 ) ;
#836 = CARTESIAN_POINT ( 'NONE',  ( -32.00000000000000000, 74.50000000000000000, 8.000000000000000000 ) ) ;
#837 = ORIENTED_EDGE ( 'NONE', *, *, #3183, .T. ) ;
#838 = CARTESIAN_POINT ( 'NONE',  ( 31.83520831611286184, 74.50000000000000000, -11.19575401132841641 ) ) ;
#839 = DIRECTION ( 'NONE',  ( 0.000000000000000000, 0.000000000000000000, 1.000000000000000000 ) ) ;
#840 = DIRECTION ( 'NONE',  ( 0.8660254037844389297, 0.000000000000000000, 0.4999999999999993894 ) ) ;
#841 = ORIENTED_EDGE ( 'NONE', *, *, #2535, .T. ) ;
#842 = EDGE_LOOP ( 'NONE', ( #992, #990 ) ) ;
#843 = CARTESIAN_POINT ( 'NONE',  ( 32.00000000000000000, 75.00000000000000000, 8.000000000000000000 ) ) ;
#844 = FACE_OUTER_BOUND ( 'NONE', #2392, .T. ) ;
#845 = CARTESIAN_POINT ( 'NONE',  ( 32.00000000000000000, 75.00000000000000000, 11.29089653438086671 ) ) ;
#846 = EDGE_LOOP ( 'NONE', ( #3125, #1546 ) ) ;
#847 = DIRECTION ( 'NONE',  ( 0.000000000000000000, 1.000000000000000000, 0.000000000000000000 ) ) ;
#848 = CARTESIAN_POINT ( 'NONE',  ( 29.31479168388714029, 74.50000000000000000, 6.259409209757112791 ) ) ;
#849 = ORIENTED_EDGE ( 'NONE', *, *, #818, .T. ) ;
#850 = LINE ( 'NONE', #2704, #3095 ) ;
#851 = CARTESIAN_POINT ( 'NONE',  ( 32.00000000000000000, 75.00000000000000000, -11.29089653438086671 ) ) ;
#852 = EDGE_CURVE ( 'NONE', #2193, #2882, #2893, .T. ) ;
#853 = DIRECTION ( 'NONE',  ( 0.000000000000000000, 1.000000000000000000, 0.000000000000000000 ) ) ;
#854 = ADVANCED_FACE ( 'NONE', ( #442 ), #1525, .T. ) ;
#855 = EDGE_LOOP ( 'NONE', ( #3433, #548, #1537, #192, #2017, #3477, #523, #2248 ) ) ;
#856 = DIRECTION ( 'NONE',  ( 0.000000000000000000, -1.000000000000000000, 0.000000000000000000 ) ) ;
#857 = DIRECTION ( 'NONE',  ( 0.000000000000000000, 1.000000000000000000, 0.000000000000000000 ) ) ;
#858 = LINE ( 'NONE', #2512, #2345 ) ;
#859 = ORIENTED_EDGE ( 'NONE', *, *, #572, .T. ) ;
#860 = CARTESIAN_POINT ( 'NONE',  ( 32.00000000000000000, 77.00000000000000000, 6.299999999999999822 ) ) ;
#861 = EDGE_CURVE ( 'NONE', #653, #1002, #1038, .T. ) ;
#862 = ORIENTED_EDGE ( 'NONE', *, *, #3518, .T. ) ;
#863 = ORIENTED_EDGE ( 'NONE', *, *, #610, .T. ) ;
#864 = ADVANCED_FACE ( 'NONE', ( #155, #2666 ), #212, .F. ) ;
#865 = AXIS2_PLACEMENT_3D ( 'NONE', #3104, #911, #2546 ) ;
#866 = DIRECTION ( 'NONE',  ( 0.000000000000000000, -0.7071067811865513475, -0.7071067811865436870 ) ) ;
#867 = VERTEX_POINT ( 'NONE', #692 ) ;
#868 = AXIS2_PLACEMENT_3D ( 'NONE', #3277, #1357, #3524 ) ;
#869 = DIRECTION ( 'NONE',  ( -0.000000000000000000, 1.000000000000000000, -0.000000000000000000 ) ) ;
#870 = CARTESIAN_POINT ( 'NONE',  ( 1.361065758881620846, 45.50000000000000000, -1.100000000000000311 ) ) ;
#871 = CYLINDRICAL_SURFACE ( 'NONE', #534, 1.100000000000000089 ) ;
#872 = ORIENTED_EDGE ( 'NONE', *, *, #570, .F. ) ;
#873 = DIRECTION ( 'NONE',  ( 0.000000000000000000, 1.000000000000000000, 0.000000000000000000 ) ) ;
#874 = AXIS2_PLACEMENT_3D ( 'NONE', #1709, #3317, #632 ) ;
#875 = CARTESIAN_POINT ( 'NONE',  ( 32.00000000000000000, 74.50000000000000000, -11.29089653438086671 ) ) ;
#876 = CARTESIAN_POINT ( 'NONE',  ( -29.15000000000000213, 72.00000000000000000, -6.354551732809564868 ) ) ;
#877 = VERTEX_POINT ( 'NONE', #2336 ) ;
#878 = DIRECTION ( 'NONE',  ( 0.000000000000000000, 0.000000000000000000, -1.000000000000000000 ) ) ;
#879 = AXIS2_PLACEMENT_3D ( 'NONE', #2789, #381, #347 ) ;
#880 = ORIENTED_EDGE ( 'NONE', *, *, #1508, .F. ) ;
#881 = EDGE_LOOP ( 'NONE', ( #3305, #3035, #2631, #1714 ) ) ;
#882 = EDGE_CURVE ( 'NONE', #3222, #778, #889, .T. ) ;
#883 = AXIS2_PLACEMENT_3D ( 'NONE', #83, #1189, #1171 ) ;
#884 = PERSON ( 'UNSPECIFIED', 'UNSPECIFIED', 'UNSPECIFIED', ('UNSPECIFIED'), ('UNSPECIFIED'), ('UNSPECIFIED') ) ;
#885 = VECTOR ( 'NONE', #315, 1000.000000000000000 ) ;
#886 = DIRECTION ( 'NONE',  ( 0.000000000000000000, 0.000000000000000000, 1.000000000000000000 ) ) ;
#887 = ORIENTED_EDGE ( 'NONE', *, *, #2746, .T. ) ;
#888 = DIRECTION ( 'NONE',  ( 0.000000000000000000, -1.000000000000000000, 0.000000000000000000 ) ) ;
#889 = CIRCLE ( 'NONE', #1967, 3.200000000000001510 ) ;
#890 = CARTESIAN_POINT ( 'NONE',  ( -1.750174480205819894, 44.39972241755664584, 0.1466294862917770225 ) ) ;
#891 = VERTEX_POINT ( 'NONE', #461 ) ;
#892 = CARTESIAN_POINT ( 'NONE',  ( -32.00000000000000000, 77.00000000000000000, -9.700000000000001066 ) ) ;
#893 = EDGE_LOOP ( 'NONE', ( #1108, #1091, #1828, #273 ) ) ;
#894 = VECTOR ( 'NONE', #1033, 1000.000000000000227 ) ;
#895 = DIRECTION ( 'NONE',  ( 0.000000000000000000, -1.000000000000000000, 0.000000000000000000 ) ) ;
#896 = DIRECTION ( 'NONE',  ( 0.000000000000000000, 1.000000000000000000, 0.000000000000000000 ) ) ;
#897 = DIRECTION ( 'NONE',  ( 0.000000000000000000, -1.000000000000000000, 0.000000000000000000 ) ) ;
#898 = ORIENTED_EDGE ( 'NONE', *, *, #229, .T. ) ;
#899 = ORIENTED_EDGE ( 'NONE', *, *, #1749, .F. ) ;
#900 = EDGE_CURVE ( 'NONE', #502, #1937, #1297, .T. ) ;
#901 = DIRECTION ( 'NONE',  ( -0.000000000000000000, 0.000000000000000000, 1.000000000000000000 ) ) ;
#902 = EDGE_LOOP ( 'NONE', ( #1221, #430, #2690, #929, #3088, #1237, #1378, #2830 ) ) ;
#903 = CARTESIAN_POINT ( 'NONE',  ( 32.00000000000000000, 75.00000000000000000, 8.000000000000000000 ) ) ;
#904 = FACE_OUTER_BOUND ( 'NONE', #902, .T. ) ;
#905 = EDGE_CURVE ( 'NONE', #1322, #3464, #1736, .T. ) ;
#906 = ORIENTED_EDGE ( 'NONE', *, *, #2906, .F. ) ;
#907 = CARTESIAN_POINT ( 'NONE',  ( -32.00000000000000000, 75.00000000000000000, -8.000000000000000000 ) ) ;
#908 = ORIENTED_EDGE ( 'NONE', *, *, #1235, .F. ) ;
#909 = DIRECTION ( 'NONE',  ( 0.000000000000000000, -0.000000000000000000, 1.000000000000000000 ) ) ;
#910 = DIRECTION ( 'NONE',  ( 0.000000000000000000, 0.000000000000000000, 1.000000000000000000 ) ) ;
#911 = DIRECTION ( 'NONE',  ( 0.000000000000000000, -1.000000000000000000, 0.000000000000000000 ) ) ;
#912 = ORIENTED_EDGE ( 'NONE', *, *, #528, .T. ) ;
#913 = LINE ( 'NONE', #1092, #2074 ) ;
#914 = FACE_OUTER_BOUND ( 'NONE', #955, .T. ) ;
#915 = EDGE_CURVE ( 'NONE', #161, #2078, #2110, .T. ) ;
#916 = DIRECTION ( 'NONE',  ( 0.000000000000000000, -1.000000000000000000, 0.000000000000000000 ) ) ;
#917 = ORIENTED_EDGE ( 'NONE', *, *, #2271, .F. ) ;
#918 = DIRECTION ( 'NONE',  ( 0.4999999999999996114, 0.000000000000000000, 0.8660254037844388186 ) ) ;
#919 = EDGE_CURVE ( 'NONE', #129, #977, #1542, .T. ) ;
#920 = EDGE_CURVE ( 'NONE', #2899, #36, #3219, .T. ) ;
#921 = DIRECTION ( 'NONE',  ( 0.8660254037844388186, 0.000000000000000000, -0.4999999999999996669 ) ) ;
#922 = ORIENTED_EDGE ( 'NONE', *, *, #3346, .T. ) ;
#923 = CARTESIAN_POINT ( 'NONE',  ( -32.00000000000000000, 74.50000000000000000, 8.000000000000000000 ) ) ;
#924 = DIRECTION ( 'NONE',  ( 0.8660254037844389297, 0.000000000000000000, -0.4999999999999995004 ) ) ;
#925 = CIRCLE ( 'NONE', #649, 44.00000000000000000 ) ;
#926 = LINE ( 'NONE', #1429, #3423 ) ;
#927 = VECTOR ( 'NONE', #2494, 1000.000000000000000 ) ;
#928 = LINE ( 'NONE', #2348, #3050 ) ;
#929 = ORIENTED_EDGE ( 'NONE', *, *, #625, .T. ) ;
#930 = ADVANCED_FACE ( 'NONE', ( #2317 ), #1008, .F. ) ;
#931 = AXIS2_PLACEMENT_3D ( 'NONE', #337, #48, #1897 ) ;
#932 = LINE ( 'NONE', #2020, #2977 ) ;
#933 = AXIS2_PLACEMENT_3D ( 'NONE', #114, #368, #2268 ) ;
#934 = CARTESIAN_POINT ( 'NONE',  ( 31.83520831611286184, 74.50000000000000000, 11.19575401132841641 ) ) ;
#935 = EDGE_LOOP ( 'NONE', ( #2172, #2478 ) ) ;
#936 = CARTESIAN_POINT ( 'NONE',  ( 1.361065758881614185, 45.64960859311055685, 1.099999999999999867 ) ) ;
#937 = VECTOR ( 'NONE', #170, 1000.000000000000000 ) ;
#938 = CARTESIAN_POINT ( 'NONE',  ( -32.00000000000000000, 74.50000000000000000, 8.000000000000000000 ) ) ;
#939 = AXIS2_PLACEMENT_3D ( 'NONE', #414, #2617, #399 ) ;
#940 = ORIENTED_EDGE ( 'NONE', *, *, #3347, .F. ) ;
#941 = FACE_OUTER_BOUND ( 'NONE', #1627, .T. ) ;
#942 = ORIENTED_EDGE ( 'NONE', *, *, #2497, .T. ) ;
#943 = ORIENTED_EDGE ( 'NONE', *, *, #1112, .F. ) ;
#944 = CARTESIAN_POINT ( 'NONE',  ( -32.00000000000000000, 75.00000000000000000, -4.709103465619133289 ) ) ;
#945 = CARTESIAN_POINT ( 'NONE',  ( 34.85000000000000142, 72.00000000000000000, -6.354551732809564868 ) ) ;
#946 = AXIS2_PLACEMENT_3D ( 'NONE', #999, #2123, #1072 ) ;
#947 = LINE ( 'NONE', #3420, #2705 ) ;
#948 = CARTESIAN_POINT ( 'NONE',  ( 32.00000000000000000, 75.00000000000000000, -8.000000000000000000 ) ) ;
#949 = VERTEX_POINT ( 'NONE', #1331 ) ;
#950 = CARTESIAN_POINT ( 'NONE',  ( 44.00000000000000000, 45.50000000000000000, 0.000000000000000000 ) ) ;
#951 = CARTESIAN_POINT ( 'NONE',  ( 29.14999999999999858, 75.00000000000000000, 6.354551732809566644 ) ) ;
#952 = ORIENTED_EDGE ( 'NONE', *, *, #113, .F. ) ;
#953 = CARTESIAN_POINT ( 'NONE',  ( -1.662301750245525955, 44.54457452663340433, -0.5642696606776024248 ) ) ;
#954 = CARTESIAN_POINT ( 'NONE',  ( 34.85000000000000142, 75.00000000000000000, -9.645448267190433356 ) ) ;
#955 = EDGE_LOOP ( 'NONE', ( #872, #1754, #3438, #3522 ) ) ;
#956 = DIRECTION ( 'NONE',  ( -0.000000000000000000, -1.000000000000000000, -0.000000000000000000 ) ) ;
#957 = ADVANCED_FACE ( 'NONE', ( #246, #783 ), #2412, .F. ) ;
#958 = CARTESIAN_POINT ( 'NONE',  ( 31.83520831611286184, 75.00000000000000000, 11.19575401132841463 ) ) ;
#959 = PLANE ( 'NONE',  #1947 ) ;
#960 = CARTESIAN_POINT ( 'NONE',  ( 32.00000000000000000, 75.00000000000000000, 4.709103465619133289 ) ) ;
#961 = CARTESIAN_POINT ( 'NONE',  ( 29.14999999999999858, 74.50000000000000000, 9.455163221085523872 ) ) ;
#962 = EDGE_CURVE ( 'NONE', #3037, #164, #3506, .T. ) ;
#963 = EDGE_CURVE ( 'NONE', #405, #3253, #208, .T. ) ;
#964 = EDGE_LOOP ( 'NONE', ( #1646, #917 ) ) ;
#965 = B_SPLINE_CURVE_WITH_KNOTS ( 'NONE', 3,
 ( #1205, #767, #2683, #2394, #462, #748, #1827, #230, #3486, #1044, #1598, #3432, #504, #2378, #2135, #1866, #517, #713, #3469, #2340 ),
 .UNSPECIFIED., .F., .F.,
 ( 4, 2, 2, 2, 2, 2, 2, 2, 2, 4 ),
 ( 2.168404344971008627E-19, 0.0004422112260696162860, 0.0008844224521392323552, 0.001326633678208848479, 0.001547739291243656378, 0.001768844904278464494, 0.002211056130348080292, 0.002653267356417696524, 0.003095478582487312322, 0.003537689808556928554 ),
 .UNSPECIFIED. ) ;
#966 = EDGE_CURVE ( 'NONE', #677, #2205, #1814, .T. ) ;
#967 = DIRECTION ( 'NONE',  ( 0.000000000000000000, 0.000000000000000000, -1.000000000000000000 ) ) ;
#968 = DIRECTION ( 'NONE',  ( 0.8660254037844389297, 0.000000000000000000, 0.4999999999999993894 ) ) ;
#969 = VERTEX_POINT ( 'NONE', #790 ) ;
#970 = DIRECTION ( 'NONE',  ( 0.000000000000000000, 1.000000000000000000, 0.000000000000000000 ) ) ;
#971 = ADVANCED_FACE ( 'NONE', ( #1031 ), #2384, .T. ) ;
#972 = CARTESIAN_POINT ( 'NONE',  ( -31.83520831611286184, 74.50000000000000000, 11.19575401132841641 ) ) ;
#973 = VERTEX_POINT ( 'NONE', #736 ) ;
#974 = CARTESIAN_POINT ( 'NONE',  ( 32.00000000000000000, 75.00000000000000000, -8.000000000000000000 ) ) ;
#975 = CARTESIAN_POINT ( 'NONE',  ( 1.730454952383830847, 44.43041506068393431, -0.2947962644112190334 ) ) ;
#976 = DIRECTION ( 'NONE',  ( -0.000000000000000000, 1.000000000000000000, -0.000000000000000000 ) ) ;
#977 = VERTEX_POINT ( 'NONE', #1285 ) ;
#978 = AXIS2_PLACEMENT_3D ( 'NONE', #1761, #2849, #2100 ) ;
#979 = CARTESIAN_POINT ( 'NONE',  ( -29.14999999999999858, 75.00000000000000000, -9.645448267190433356 ) ) ;
#980 = ORIENTED_EDGE ( 'NONE', *, *, #3124, .T. ) ;
#981 = AXIS2_PLACEMENT_3D ( 'NONE', #284, #2762, #1919 ) ;
#982 = AXIS2_PLACEMENT_3D ( 'NONE', #421, #2240, #1503 ) ;
#983 = VECTOR ( 'NONE', #2011, 1000.000000000000000 ) ;
#984 = ORIENTED_EDGE ( 'NONE', *, *, #1795, .F. ) ;
#985 = AXIS2_PLACEMENT_3D ( 'NONE', #53, #1140, #2225 ) ;
#986 = FACE_BOUND ( 'NONE', #2798, .T. ) ;
#987 = VERTEX_POINT ( 'NONE', #468 ) ;
#988 = DIRECTION ( 'NONE',  ( 0.000000000000000000, 0.000000000000000000, 1.000000000000000000 ) ) ;
#989 = FACE_OUTER_BOUND ( 'NONE', #159, .T. ) ;
#990 = ORIENTED_EDGE ( 'NONE', *, *, #407, .F. ) ;
#991 = LINE ( 'NONE', #3166, #2286 ) ;
#992 = ORIENTED_EDGE ( 'NONE', *, *, #194, .T. ) ;
#993 = AXIS2_PLACEMENT_3D ( 'NONE', #3349, #658, #901 ) ;
#994 = CARTESIAN_POINT ( 'NONE',  ( 29.14999999999999858, 75.00000000000000000, -9.645448267190433356 ) ) ;
#995 = DIRECTION ( 'NONE',  ( 0.000000000000000000, 1.000000000000000000, 0.000000000000000000 ) ) ;
#996 = VECTOR ( 'NONE', #685, 1000.000000000000227 ) ;
#997 = FACE_OUTER_BOUND ( 'NONE', #1688, .T. ) ;
#998 = LINE ( 'NONE', #3089, #2875 ) ;
#999 = CARTESIAN_POINT ( 'NONE',  ( 0.000000000000000000, 43.00000000000000000, 0.000000000000000000 ) ) ;
#1000 = AXIS2_PLACEMENT_3D ( 'NONE', #766, #970, #1241 ) ;
#1001 = ORIENTED_EDGE ( 'NONE', *, *, #2068, .F. ) ;
#1002 = VERTEX_POINT ( 'NONE', #486 ) ;
#1003 = ADVANCED_FACE ( 'NONE', ( #997 ), #1050, .F. ) ;
#1004 = CIRCLE ( 'NONE', #1464, 1.700000000000000178 ) ;
#1005 = ADVANCED_FACE ( 'NONE', ( #772 ), #524, .T. ) ;
#1006 = LINE ( 'NONE', #1023, #372 ) ;
#1007 = ORIENTED_EDGE ( 'NONE', *, *, #2295, .F. ) ;
#1008 = CYLINDRICAL_SURFACE ( 'NONE', #668, 1.700000000000000178 ) ;
#1009 = EDGE_CURVE ( 'NONE', #411, #808, #236, .T. ) ;
#1010 = LINE ( 'NONE', #1584, #1219 ) ;
#1011 = ORIENTED_EDGE ( 'NONE', *, *, #3347, .T. ) ;
#1012 = CARTESIAN_POINT ( 'NONE',  ( -3.831933596032543576, 44.94452560720861101, 0.9602323797277430018 ) ) ;
#1013 = EDGE_CURVE ( 'NONE', #2847, #1595, #1459, .T. ) ;
#1014 = CARTESIAN_POINT ( 'NONE',  ( 32.00000000000000000, 75.00000000000000000, 4.709103465619133289 ) ) ;
#1015 = DIRECTION ( 'NONE',  ( 0.000000000000000000, 0.000000000000000000, -1.000000000000000000 ) ) ;
#1016 = CARTESIAN_POINT ( 'NONE',  ( -29.15000000000000213, 75.00000000000000000, 6.544836778914472575 ) ) ;
#1017 = CARTESIAN_POINT ( 'NONE',  ( 0.000000000000000000, 43.00000000000000000, 0.000000000000000000 ) ) ;
#1018 = DIRECTION ( 'NONE',  ( 0.000000000000000000, 0.000000000000000000, 1.000000000000000000 ) ) ;
#1019 = ORIENTED_EDGE ( 'NONE', *, *, #157, .F. ) ;
#1020 = ORIENTED_EDGE ( 'NONE', *, *, #852, .T. ) ;
#1021 = DATE_AND_TIME ( #2333, #127 ) ;
#1022 = EDGE_CURVE ( 'NONE', #653, #1002, #1532, .T. ) ;
#1023 = CARTESIAN_POINT ( 'NONE',  ( 29.14999999999999858, 75.00000000000000000, 9.645448267190433356 ) ) ;
#1024 = VERTEX_POINT ( 'NONE', #3494 ) ;
#1025 = CARTESIAN_POINT ( 'NONE',  ( 32.16479168388713106, 75.00000000000000000, -4.804245988671584477 ) ) ;
#1026 = FACE_OUTER_BOUND ( 'NONE', #842, .T. ) ;
#1027 = ORIENTED_EDGE ( 'NONE', *, *, #784, .T. ) ;
#1028 = CARTESIAN_POINT ( 'NONE',  ( 32.00000000000000000, 75.00000000000000000, -8.000000000000000000 ) ) ;
#1029 = CARTESIAN_POINT ( 'NONE',  ( 32.00000000000000000, 74.50000000000000000, 8.000000000000000000 ) ) ;
#1030 = CARTESIAN_POINT ( 'NONE',  ( 0.000000000000000000, 77.00000000000000000, 0.000000000000000000 ) ) ;
#1031 = FACE_OUTER_BOUND ( 'NONE', #1762, .T. ) ;
#1032 = DIRECTION ( 'NONE',  ( 1.054255858762918044E-15, 0.000000000000000000, -1.000000000000000000 ) ) ;
#1033 = DIRECTION ( 'NONE',  ( -0.8660254037844389297, 0.000000000000000000, 0.4999999999999993894 ) ) ;
#1034 = ORIENTED_EDGE ( 'NONE', *, *, #2445, .T. ) ;
#1035 = CIRCLE ( 'NONE', #3319, 3.950000000000000178 ) ;
#1036 = ORIENTED_EDGE ( 'NONE', *, *, #1187, .F. ) ;
#1037 = EDGE_CURVE ( 'NONE', #348, #214, #1883, .T. ) ;
#1038 = CIRCLE ( 'NONE', #3036, 3.200000000000001510 ) ;
#1039 = AXIS2_PLACEMENT_3D ( 'NONE', #2169, #283, #1082 ) ;
#1040 = DIRECTION ( 'NONE',  ( 0.8660254037844388186, 0.000000000000000000, -0.4999999999999996669 ) ) ;
#1041 = ORIENTED_EDGE ( 'NONE', *, *, #2279, .F. ) ;
#1042 = DIRECTION ( 'NONE',  ( 0.000000000000000000, 0.000000000000000000, 1.000000000000000000 ) ) ;
#1043 = VECTOR ( 'NONE', #2245, 1000.000000000000000 ) ;
#1044 = CARTESIAN_POINT ( 'NONE',  ( -1.745058591865601416, 46.59218274743484756, 0.1499728993948259426 ) ) ;
#1045 = ORIENTED_EDGE ( 'NONE', *, *, #1069, .T. ) ;
#1046 = DIRECTION ( 'NONE',  ( 0.000000000000000000, 0.000000000000000000, 1.000000000000000000 ) ) ;
#1047 = ADVANCED_BREP_SHAPE_REPRESENTATION ( 'ARM-202_Yaw_platform', ( #1054, #761 ), #302 ) ;
#1048 = DIRECTION ( 'NONE',  ( 0.000000000000000000, 0.000000000000000000, -1.000000000000000000 ) ) ;
#1049 = DIRECTION ( 'NONE',  ( -0.000000000000000000, -1.000000000000000000, -0.000000000000000000 ) ) ;
#1050 = CYLINDRICAL_SURFACE ( 'NONE', #2359, 3.200000000000001510 ) ;
#1051 = VECTOR ( 'NONE', #1388, 1000.000000000000000 ) ;
#1052 = CARTESIAN_POINT ( 'NONE',  ( -3.852423278337229640, 46.17707926801950435, 0.8785993193052645811 ) ) ;
#1053 = DIRECTION ( 'NONE',  ( 0.000000000000000000, 0.000000000000000000, 1.000000000000000000 ) ) ;
#1054 = MANIFOLD_SOLID_BREP ( 'Washer_seats_above_captive_nuts', #326 ) ;
#1055 = VECTOR ( 'NONE', #1060, 1000.000000000000000 ) ;
#1056 = ORIENTED_EDGE ( 'NONE', *, *, #2232, .F. ) ;
#1057 = VECTOR ( 'NONE', #2241, 1000.000000000000000 ) ;
#1058 = EDGE_CURVE ( 'NONE', #1126, #1997, #2958, .T. ) ;
#1059 = AXIS2_PLACEMENT_3D ( 'NONE', #1306, #1265, #3441 ) ;
#1060 = DIRECTION ( 'NONE',  ( 0.000000000000000000, 0.000000000000000000, 1.000000000000000000 ) ) ;
#1061 = ORIENTED_EDGE ( 'NONE', *, *, #27, .T. ) ;
#1062 = DIRECTION ( 'NONE',  ( 0.000000000000000000, 1.000000000000000000, 0.000000000000000000 ) ) ;
#1063 = CARTESIAN_POINT ( 'NONE',  ( -32.16479168388714527, 75.00000000000000000, 11.19575401132841286 ) ) ;
#1064 = ORIENTED_EDGE ( 'NONE', *, *, #818, .F. ) ;
#1065 = CARTESIAN_POINT ( 'NONE',  ( -3.793744851726326583, 45.50000000000000000, 1.100000000000000089 ) ) ;
#1066 = CYLINDRICAL_SURFACE ( 'NONE', #3320, 1.700000000000000178 ) ;
#1067 = LINE ( 'NONE', #1637, #652 ) ;
#1068 = ORIENTED_EDGE ( 'NONE', *, *, #2265, .T. ) ;
#1069 = EDGE_CURVE ( 'NONE', #1002, #2193, #2159, .T. ) ;
#1070 = DIRECTION ( 'NONE',  ( -0.8660254037844387076, 0.000000000000000000, 0.4999999999999998890 ) ) ;
#1071 = FACE_BOUND ( 'NONE', #2022, .T. ) ;
#1072 = DIRECTION ( 'NONE',  ( 0.000000000000000000, 0.000000000000000000, 1.000000000000000000 ) ) ;
#1073 = ORIENTED_EDGE ( 'NONE', *, *, #2381, .F. ) ;
#1074 = ORIENTED_EDGE ( 'NONE', *, *, #2788, .T. ) ;
#1075 = ORIENTED_EDGE ( 'NONE', *, *, #3353, .F. ) ;
#1076 = EDGE_CURVE ( 'NONE', #174, #2678, #3171, .T. ) ;
#1077 = ADVANCED_FACE ( 'NONE', ( #218 ), #1606, .T. ) ;
#1078 = CARTESIAN_POINT ( 'NONE',  ( 29.14999999999999858, 75.00000000000000000, 6.544836778914476128 ) ) ;
#1079 = EDGE_CURVE ( 'NONE', #562, #211, #2770, .T. ) ;
#1080 = CARTESIAN_POINT ( 'NONE',  ( 32.00000000000000000, 75.00000000000000000, -8.000000000000000000 ) ) ;
#1081 = EDGE_LOOP ( 'NONE', ( #1068, #3165, #1481, #3384, #1007, #2148, #2803, #637 ) ) ;
#1082 = DIRECTION ( 'NONE',  ( 0.000000000000000000, -0.000000000000000000, 1.000000000000000000 ) ) ;
#1083 = ADVANCED_FACE ( 'NONE', ( #2086 ), #2692, .F. ) ;
#1084 = DIRECTION ( 'NONE',  ( 0.000000000000000000, 0.000000000000000000, 1.000000000000000000 ) ) ;
#1085 = CARTESIAN_POINT ( 'NONE',  ( 0.000000000000000000, 72.00000000000000000, 0.000000000000000000 ) ) ;
#1086 = EDGE_LOOP ( 'NONE', ( #1887, #2558 ) ) ;
#1087 = CARTESIAN_POINT ( 'NONE',  ( -29.31479168388714029, 74.50000000000000000, 9.740590790242888986 ) ) ;
#1088 = LINE ( 'NONE', #2174, #927 ) ;
#1089 = CARTESIAN_POINT ( 'NONE',  ( 32.00000000000000000, 75.00000000000000000, 6.299999999999999822 ) ) ;
#1090 = EDGE_LOOP ( 'NONE', ( #121, #1944 ) ) ;
#1091 = ORIENTED_EDGE ( 'NONE', *, *, #271, .F. ) ;
#1092 = CARTESIAN_POINT ( 'NONE',  ( -32.00000000000000000, 75.00000000000000000, 4.709103465619133289 ) ) ;
#1093 = LOCAL_TIME ( 21, 39, 44.00000000000000000, #1309 ) ;
#1094 = VECTOR ( 'NONE', #2099, 1000.000000000000000 ) ;
#1095 = VECTOR ( 'NONE', #895, 1000.000000000000000 ) ;
#1096 = AXIS2_PLACEMENT_3D ( 'NONE', #1196, #1164, #910 ) ;
#1097 = DIRECTION ( 'NONE',  ( 0.000000000000000000, -1.000000000000000000, 0.000000000000000000 ) ) ;
#1098 = ORIENTED_EDGE ( 'NONE', *, *, #1163, .T. ) ;
#1099 = DIRECTION ( 'NONE',  ( -0.000000000000000000, -1.000000000000000000, -0.000000000000000000 ) ) ;
#1100 = CARTESIAN_POINT ( 'NONE',  ( 3.000000000000000000, 47.99999999999999289, 2.569533031505919496 ) ) ;
#1101 = VECTOR ( 'NONE', #2289, 1000.000000000000000 ) ;
#1102 = FACE_BOUND ( 'NONE', #2760, .T. ) ;
#1103 = ORIENTED_EDGE ( 'NONE', *, *, #2420, .F. ) ;
#1104 = CARTESIAN_POINT ( 'NONE',  ( 0.000000000000000000, 70.00000000000000000, 0.000000000000000000 ) ) ;
#1105 = LINE ( 'NONE', #3338, #367 ) ;
#1106 = CARTESIAN_POINT ( 'NONE',  ( 32.00000000000000000, 74.50000000000000000, -4.709103465619133289 ) ) ;
#1107 = ORIENTED_EDGE ( 'NONE', *, *, #2073, .T. ) ;
#1108 = ORIENTED_EDGE ( 'NONE', *, *, #861, .F. ) ;
#1109 = VECTOR ( 'NONE', #726, 1000.000000000000000 ) ;
#1110 = VECTOR ( 'NONE', #3154, 1000.000000000000000 ) ;
#1111 = CARTESIAN_POINT ( 'NONE',  ( 0.000000000000000000, 43.00000000000000000, -3.950000000000000178 ) ) ;
#1112 = EDGE_CURVE ( 'NONE', #2067, #2890, #2141, .T. ) ;
#1113 = ADVANCED_FACE ( 'NONE', ( #2423 ), #258, .T. ) ;
#1114 = AXIS2_PLACEMENT_3D ( 'NONE', #804, #3209, #3474 ) ;
#1115 = CARTESIAN_POINT ( 'NONE',  ( -34.85000000000000142, 72.00000000000000000, 6.354551732809566644 ) ) ;
#1116 = VERTEX_POINT ( 'NONE', #892 ) ;
#1117 = DIRECTION ( 'NONE',  ( 0.000000000000000000, 1.000000000000000000, 0.000000000000000000 ) ) ;
#1118 = DIRECTION ( 'NONE',  ( 0.000000000000000000, 1.000000000000000000, 0.000000000000000000 ) ) ;
#1119 = EDGE_CURVE ( 'NONE', #1145, #1921, #3109, .T. ) ;
#1120 = FACE_OUTER_BOUND ( 'NONE', #2515, .T. ) ;
#1121 = ORIENTED_EDGE ( 'NONE', *, *, #2759, .T. ) ;
#1122 = ADVANCED_FACE ( 'NONE', ( #2766, #2439 ), #2224, .F. ) ;
#1123 = CARTESIAN_POINT ( 'NONE',  ( -32.00000000000000000, 75.00000000000000000, -11.29089653438086671 ) ) ;
#1124 = CARTESIAN_POINT ( 'NONE',  ( -34.68520831611286326, 74.50000000000000000, 9.740590790242883656 ) ) ;
#1125 = CARTESIAN_POINT ( 'NONE',  ( -32.00000000000000000, 75.00000000000000000, -8.000000000000000000 ) ) ;
#1126 = VERTEX_POINT ( 'NONE', #1123 ) ;
#1127 = ADVANCED_FACE ( 'NONE', ( #1360 ), #15, .T. ) ;
#1128 = LINE ( 'NONE', #397, #1043 ) ;
#1129 = ORIENTED_EDGE ( 'NONE', *, *, #1382, .T. ) ;
#1130 = ORIENTED_EDGE ( 'NONE', *, *, #2599, .F. ) ;
#1131 = COORDINATED_UNIVERSAL_TIME_OFFSET ( 6, 0, .BEHIND. ) ;
#1132 = CARTESIAN_POINT ( 'NONE',  ( -31.83520831611286184, 74.50000000000000000, 4.804245988671586254 ) ) ;
#1133 = VERTEX_POINT ( 'NONE', #1087 ) ;
#1134 = CARTESIAN_POINT ( 'NONE',  ( -32.00000000000000000, 77.00000000000000000, 8.000000000000000000 ) ) ;
#1135 = CYLINDRICAL_SURFACE ( 'NONE', #868, 6.000000000000000000 ) ;
#1136 = CARTESIAN_POINT ( 'NONE',  ( 29.14999999999999858, 74.50000000000000000, 9.645448267190433356 ) ) ;
#1137 = ORIENTED_EDGE ( 'NONE', *, *, #1119, .F. ) ;
#1138 = PRODUCT_DEFINITION ( 'UNKNOWN', '', #3485, #87 ) ;
#1139 = CARTESIAN_POINT ( 'NONE',  ( -32.00000000000000000, 75.00000000000000000, 8.000000000000000000 ) ) ;
#1140 = DIRECTION ( 'NONE',  ( -0.000000000000000000, -1.000000000000000000, -0.000000000000000000 ) ) ;
#1141 = DIRECTION ( 'NONE',  ( 0.000000000000000000, -1.000000000000000000, 0.000000000000000000 ) ) ;
#1142 = ORIENTED_EDGE ( 'NONE', *, *, #1985, .F. ) ;
#1143 = FACE_OUTER_BOUND ( 'NONE', #786, .T. ) ;
#1144 = EDGE_LOOP ( 'NONE', ( #2733, #743, #542, #2539, #2362, #2360, #78, #2331 ) ) ;
#1145 = VERTEX_POINT ( 'NONE', #563 ) ;
#1146 = ORIENTED_EDGE ( 'NONE', *, *, #188, .T. ) ;
#1147 = EDGE_CURVE ( 'NONE', #1978, #2201, #265, .T. ) ;
#1148 = AXIS2_PLACEMENT_3D ( 'NONE', #1302, #3525, #1358 ) ;
#1149 = DIRECTION ( 'NONE',  ( 0.000000000000000000, 1.000000000000000000, 0.000000000000000000 ) ) ;
#1150 = ORIENTED_EDGE ( 'NONE', *, *, #2396, .F. ) ;
#1151 = AXIS2_PLACEMENT_3D ( 'NONE', #3312, #2418, #1084 ) ;
#1152 = DIRECTION ( 'NONE',  ( 0.000000000000000000, 0.000000000000000000, 1.000000000000000000 ) ) ;
#1153 = CARTESIAN_POINT ( 'NONE',  ( -32.00000000000000000, 75.00000000000000000, -11.29089653438086671 ) ) ;
#1154 = VECTOR ( 'NONE', #2688, 1000.000000000000000 ) ;
#1155 = PLANE ( 'NONE',  #982 ) ;
#1156 = AXIS2_PLACEMENT_3D ( 'NONE', #2308, #2848, #432 ) ;
#1157 = FACE_OUTER_BOUND ( 'NONE', #569, .T. ) ;
#1158 = EDGE_CURVE ( 'NONE', #891, #231, #2023, .T. ) ;
#1159 = VERTEX_POINT ( 'NONE', #1624 ) ;
#1160 = CIRCLE ( 'NONE', #1840, 1.700000000000000178 ) ;
#1161 = DIRECTION ( 'NONE',  ( 0.8660254037844389297, 0.000000000000000000, -0.4999999999999995004 ) ) ;
#1162 = VERTEX_POINT ( 'NONE', #325 ) ;
#1163 = EDGE_CURVE ( 'NONE', #1468, #411, #3284, .T. ) ;
#1164 = DIRECTION ( 'NONE',  ( 0.000000000000000000, 1.000000000000000000, 0.000000000000000000 ) ) ;
#1165 = CARTESIAN_POINT ( 'NONE',  ( -32.00000000000000000, 72.00000000000000000, -4.709103465619133289 ) ) ;
#1166 = EDGE_LOOP ( 'NONE', ( #2745, #314, #176, #3412 ) ) ;
#1167 = ORIENTED_EDGE ( 'NONE', *, *, #711, .F. ) ;
#1168 = EDGE_CURVE ( 'NONE', #214, #1643, #67, .T. ) ;
#1169 = AXIS2_PLACEMENT_3D ( 'NONE', #1354, #2465, #3508 ) ;
#1170 = CIRCLE ( 'NONE', #777, 3.200000000000001510 ) ;
#1171 = DIRECTION ( 'NONE',  ( 0.000000000000000000, -0.000000000000000000, 1.000000000000000000 ) ) ;
#1172 = ORIENTED_EDGE ( 'NONE', *, *, #1784, .T. ) ;
#1173 = LINE ( 'NONE', #642, #2806 ) ;
#1174 = VECTOR ( 'NONE', #2072, 1000.000000000000000 ) ;
#1175 = CARTESIAN_POINT ( 'NONE',  ( -1.517424172750161171, 44.82356825630642305, -0.8787387289766817045 ) ) ;
#1176 = CARTESIAN_POINT ( 'NONE',  ( -32.00000000000000000, 75.00000000000000000, -8.000000000000000000 ) ) ;
#1177 = PRODUCT ( 'ARM-202_Yaw_platform', 'ARM-202_Yaw_platform', '', ( #725 ) ) ;
#1178 = ORIENTED_EDGE ( 'NONE', *, *, #3342, .F. ) ;
#1179 = CIRCLE ( 'NONE', #946, 2.249999999999946709 ) ;
#1180 = CARTESIAN_POINT ( 'NONE',  ( 32.00000000000000000, 75.00000000000000000, -4.709103465619133289 ) ) ;
#1181 = CARTESIAN_POINT ( 'NONE',  ( -32.00000000000000000, 75.00000000000000000, -8.000000000000000000 ) ) ;
#1182 = DIRECTION ( 'NONE',  ( 0.8660254037844389297, 0.000000000000000000, -0.4999999999999995004 ) ) ;
#1183 = EDGE_CURVE ( 'NONE', #1322, #282, #1412, .T. ) ;
#1184 = ORIENTED_EDGE ( 'NONE', *, *, #79, .T. ) ;
#1185 = CARTESIAN_POINT ( 'NONE',  ( -29.15000000000000213, 75.00000000000000000, -6.354551732809564868 ) ) ;
#1186 = CARTESIAN_POINT ( 'NONE',  ( -31.83520831611286184, 75.00000000000000000, -11.19575401132841463 ) ) ;
#1187 = EDGE_CURVE ( 'NONE', #2001, #2847, #1904, .T. ) ;
#1188 = EDGE_CURVE ( 'NONE', #1987, #2177, #497, .T. ) ;
#1189 = DIRECTION ( 'NONE',  ( 0.000000000000000000, 1.000000000000000000, 0.000000000000000000 ) ) ;
#1190 = ORIENTED_EDGE ( 'NONE', *, *, #2935, .T. ) ;
#1191 = CARTESIAN_POINT ( 'NONE',  ( 1.517424172750160061, 46.17643174369358405, -0.8787387289766812604 ) ) ;
#1192 = EDGE_CURVE ( 'NONE', #164, #659, #288, .T. ) ;
#1193 = PLANE ( 'NONE',  #2018 ) ;
#1194 = ORIENTED_EDGE ( 'NONE', *, *, #1, .T. ) ;
#1195 = LINE ( 'NONE', #1513, #1892 ) ;
#1196 = CARTESIAN_POINT ( 'NONE',  ( -32.00000000000000000, 75.00000000000000000, 8.000000000000000000 ) ) ;
#1197 = LINE ( 'NONE', #3034, #1886 ) ;
#1198 = LINE ( 'NONE', #960, #495 ) ;
#1199 = DIRECTION ( 'NONE',  ( 0.000000000000000000, 0.000000000000000000, 1.000000000000000000 ) ) ;
#1200 = ORIENTED_EDGE ( 'NONE', *, *, #1079, .F. ) ;
#1201 = FACE_OUTER_BOUND ( 'NONE', #1927, .T. ) ;
#1202 = ORIENTED_EDGE ( 'NONE', *, *, #753, .T. ) ;
#1203 = CARTESIAN_POINT ( 'NONE',  ( -34.85000000000000142, 75.00000000000000000, 6.354551732809566644 ) ) ;
#1204 = VECTOR ( 'NONE', #508, 1000.000000000000000 ) ;
#1205 = CARTESIAN_POINT ( 'NONE',  ( -1.361065758881619958, 45.50000000000000000, 1.100000000000000089 ) ) ;
#1206 = ORIENTED_EDGE ( 'NONE', *, *, #1303, .T. ) ;
#1207 = DIRECTION ( 'NONE',  ( 0.000000000000000000, -1.000000000000000000, 0.000000000000000000 ) ) ;
#1208 = ORIENTED_EDGE ( 'NONE', *, *, #2372, .F. ) ;
#1209 = CARTESIAN_POINT ( 'NONE',  ( -34.68520831611286326, 75.00000000000000000, -6.259409209757114567 ) ) ;
#1210 = SECURITY_CLASSIFICATION ( '', '', #1272 ) ;
#1211 = CIRCLE ( 'NONE', #533, 3.200000000000001510 ) ;
#1212 = CARTESIAN_POINT ( 'NONE',  ( -29.15000000000000213, 75.00000000000000000, -6.354551732809564868 ) ) ;
#1213 = VECTOR ( 'NONE', #3285, 1000.000000000000114 ) ;
#1214 = CARTESIAN_POINT ( 'NONE',  ( 32.16479168388713816, 75.00000000000000000, -11.19575401132841463 ) ) ;
#1215 = ORIENTED_EDGE ( 'NONE', *, *, #3119, .T. ) ;
#1216 = VERTEX_POINT ( 'NONE', #2455 ) ;
#1217 = DIRECTION ( 'NONE',  ( 0.000000000000000000, -1.000000000000000000, 0.000000000000000000 ) ) ;
#1218 = ADVANCED_FACE ( 'NONE', ( #1157 ), #3012, .F. ) ;
#1219 = VECTOR ( 'NONE', #3181, 1000.000000000000000 ) ;
#1220 = CARTESIAN_POINT ( 'NONE',  ( -32.00000000000000000, 77.00000000000000000, -8.000000000000000000 ) ) ;
#1221 = ORIENTED_EDGE ( 'NONE', *, *, #3498, .T. ) ;
#1222 = LINE ( 'NONE', #2039, #1666 ) ;
#1223 = VECTOR ( 'NONE', #1040, 1000.000000000000000 ) ;
#1224 = LINE ( 'NONE', #2006, #779 ) ;
#1225 = VECTOR ( 'NONE', #3218, 1000.000000000000000 ) ;
#1226 = EDGE_LOOP ( 'NONE', ( #3191, #794, #384, #2698, #1757, #1296, #2772, #1098 ) ) ;
#1227 = ADVANCED_FACE ( 'NONE', ( #52 ), #2493, .F. ) ;
#1228 = CARTESIAN_POINT ( 'NONE',  ( 34.85000000000000142, 75.00000000000000000, -9.455163221085530978 ) ) ;
#1229 = DIRECTION ( 'NONE',  ( 0.000000000000000000, -1.000000000000000000, 0.000000000000000000 ) ) ;
#1230 = CIRCLE ( 'NONE', #2589, 3.200000000000001510 ) ;
#1231 = DIRECTION ( 'NONE',  ( 0.4999999999999999445, 0.000000000000000000, 0.8660254037844387076 ) ) ;
#1232 = EDGE_CURVE ( 'NONE', #3073, #2511, #1404, .T. ) ;
#1233 = AXIS2_PLACEMENT_3D ( 'NONE', #723, #2349, #3463 ) ;
#1234 = CARTESIAN_POINT ( 'NONE',  ( 0.000000000000000000, 72.00000000000000000, 0.000000000000000000 ) ) ;
#1235 = EDGE_CURVE ( 'NONE', #2246, #41, #2480, .T. ) ;
#1236 = DIRECTION ( 'NONE',  ( -0.000000000000000000, 1.000000000000000000, -0.000000000000000000 ) ) ;
#1237 = ORIENTED_EDGE ( 'NONE', *, *, #809, .F. ) ;
#1238 = DIRECTION ( 'NONE',  ( -0.8660254037844389297, 0.000000000000000000, -0.4999999999999993894 ) ) ;
#1239 = FACE_OUTER_BOUND ( 'NONE', #2136, .T. ) ;
#1240 = ORIENTED_EDGE ( 'NONE', *, *, #1706, .F. ) ;
#1241 = DIRECTION ( 'NONE',  ( 0.000000000000000000, 0.000000000000000000, 1.000000000000000000 ) ) ;
#1242 = ORIENTED_EDGE ( 'NONE', *, *, #27, .F. ) ;
#1243 = DIRECTION ( 'NONE',  ( 0.000000000000000000, 0.000000000000000000, 1.000000000000000000 ) ) ;
#1244 = EDGE_LOOP ( 'NONE', ( #2794, #3302, #2874, #3304 ) ) ;
#1245 = DIRECTION ( 'NONE',  ( 0.000000000000000000, 1.000000000000000000, 0.000000000000000000 ) ) ;
#1246 = LINE ( 'NONE', #2343, #1094 ) ;
#1247 = DIRECTION ( 'NONE',  ( 0.000000000000000000, 0.000000000000000000, -1.000000000000000000 ) ) ;
#1248 = ADVANCED_FACE ( 'NONE', ( #2026 ), #138, .F. ) ;
#1249 = ORIENTED_EDGE ( 'NONE', *, *, #2981, .F. ) ;
#1250 = CARTESIAN_POINT ( 'NONE',  ( 29.14999999999999858, 74.50000000000000000, 6.544836778914476128 ) ) ;
#1251 = DIRECTION ( 'NONE',  ( 0.000000000000000000, 0.000000000000000000, -1.000000000000000000 ) ) ;
#1252 = CARTESIAN_POINT ( 'NONE',  ( 31.83520831611286184, 75.00000000000000000, -4.804245988671586254 ) ) ;
#1253 = ORIENTED_EDGE ( 'NONE', *, *, #1303, .F. ) ;
#1254 = DIRECTION ( 'NONE',  ( 0.000000000000000000, -0.000000000000000000, 1.000000000000000000 ) ) ;
#1255 = DIRECTION ( 'NONE',  ( -0.8660254037844388186, 0.000000000000000000, -0.4999999999999996114 ) ) ;
#1256 = EDGE_LOOP ( 'NONE', ( #1876, #1837, #1951, #1178 ) ) ;
#1257 = DIRECTION ( 'NONE',  ( 0.000000000000000000, 0.000000000000000000, 1.000000000000000000 ) ) ;
#1258 = ORIENTED_EDGE ( 'NONE', *, *, #1706, .T. ) ;
#1259 = LINE ( 'NONE', #520, #3258 ) ;
#1260 = PLANE ( 'NONE',  #760 ) ;
#1261 = EDGE_CURVE ( 'NONE', #1292, #2007, #1224, .T. ) ;
#1262 = DIRECTION ( 'NONE',  ( 1.000000000000000000, 0.000000000000000000, -0.000000000000000000 ) ) ;
#1263 = VECTOR ( 'NONE', #3341, 1000.000000000000227 ) ;
#1264 = DIRECTION ( 'NONE',  ( -0.8660254037844385966, 0.000000000000000000, 0.5000000000000001110 ) ) ;
#1265 = DIRECTION ( 'NONE',  ( 0.000000000000000000, 1.000000000000000000, 0.000000000000000000 ) ) ;
#1266 = VECTOR ( 'NONE', #967, 1000.000000000000000 ) ;
#1267 = EDGE_LOOP ( 'NONE', ( #1401, #2477 ) ) ;
#1268 = AXIS2_PLACEMENT_3D ( 'NONE', #599, #1141, #3318 ) ;
#1269 = ORIENTED_EDGE ( 'NONE', *, *, #522, .T. ) ;
#1270 = AXIS2_PLACEMENT_3D ( 'NONE', #1829, #3241, #215 ) ;
#1271 = EDGE_CURVE ( 'NONE', #562, #211, #3383, .T. ) ;
#1272 = SECURITY_CLASSIFICATION_LEVEL ( 'unclassified' ) ;
#1273 = EDGE_CURVE ( 'NONE', #241, #1907, #1230, .T. ) ;
#1274 = LINE ( 'NONE', #226, #2936 ) ;
#1275 = ORIENTED_EDGE ( 'NONE', *, *, #1969, .F. ) ;
#1276 = DIRECTION ( 'NONE',  ( -0.000000000000000000, -1.000000000000000000, -0.000000000000000000 ) ) ;
#1277 = FACE_OUTER_BOUND ( 'NONE', #3282, .T. ) ;
#1278 = VERTEX_POINT ( 'NONE', #1462 ) ;
#1279 = CARTESIAN_POINT ( 'NONE',  ( -3.941640084158780422, 44.42908564799461146, 0.2894079565859378755 ) ) ;
#1280 = ORIENTED_EDGE ( 'NONE', *, *, #350, .F. ) ;
#1281 = CIRCLE ( 'NONE', #1341, 3.950000000000000178 ) ;
#1282 = CARTESIAN_POINT ( 'NONE',  ( 1.750203231610401255, 44.39967667651378491, -0.1466269737638905557 ) ) ;
#1283 = CARTESIAN_POINT ( 'NONE',  ( -31.83520831611286184, 74.50000000000000000, -11.19575401132841641 ) ) ;
#1284 = VECTOR ( 'NONE', #1631, 1000.000000000000000 ) ;
#1285 = CARTESIAN_POINT ( 'NONE',  ( 29.14999999999999858, 72.00000000000000000, -6.354551732809565756 ) ) ;
#1286 = CARTESIAN_POINT ( 'NONE',  ( -34.85000000000000142, 74.50000000000000000, -9.645448267190433356 ) ) ;
#1287 = CARTESIAN_POINT ( 'NONE',  ( 0.000000000000000000, 43.00000000000000000, 0.000000000000000000 ) ) ;
#1288 = ORIENTED_EDGE ( 'NONE', *, *, #3123, .F. ) ;
#1289 = VECTOR ( 'NONE', #1956, 1000.000000000000000 ) ;
#1290 = EDGE_CURVE ( 'NONE', #51, #949, #323, .T. ) ;
#1291 = VERTEX_POINT ( 'NONE', #1492 ) ;
#1292 = VERTEX_POINT ( 'NONE', #2557 ) ;
#1293 = PERSON_AND_ORGANIZATION ( #884, #2747 ) ;
#1294 = EDGE_CURVE ( 'NONE', #2216, #1473, #2574, .T. ) ;
#1295 = DIRECTION ( 'NONE',  ( 0.8660254037844388186, 0.000000000000000000, -0.4999999999999996669 ) ) ;
#1296 = ORIENTED_EDGE ( 'NONE', *, *, #1601, .F. ) ;
#1297 = LINE ( 'NONE', #1025, #3281 ) ;
#1298 = LINE ( 'NONE', #173, #88 ) ;
#1299 = ORIENTED_EDGE ( 'NONE', *, *, #651, .F. ) ;
#1300 = CARTESIAN_POINT ( 'NONE',  ( -29.14999999999999858, 75.00000000000000000, -9.455163221085525649 ) ) ;
#1301 = PLANE ( 'NONE',  #3093 ) ;
#1302 = CARTESIAN_POINT ( 'NONE',  ( -32.00000000000000000, 74.50000000000000000, -8.000000000000000000 ) ) ;
#1303 = EDGE_CURVE ( 'NONE', #584, #969, #2797, .T. ) ;
#1304 = CARTESIAN_POINT ( 'NONE',  ( 0.000000000000000000, 43.00000000000000000, 0.000000000000000000 ) ) ;
#1305 = CARTESIAN_POINT ( 'NONE',  ( -3.793744851726326583, 45.50000000000000000, 1.100000000000000089 ) ) ;
#1306 = CARTESIAN_POINT ( 'NONE',  ( 32.00000000000000000, 74.50000000000000000, -8.000000000000000000 ) ) ;
#1307 = ORIENTED_EDGE ( 'NONE', *, *, #2917, .T. ) ;
#1308 = ORIENTED_EDGE ( 'NONE', *, *, #2527, .F. ) ;
#1309 = COORDINATED_UNIVERSAL_TIME_OFFSET ( 6, 0, .BEHIND. ) ;
#1310 = CARTESIAN_POINT ( 'NONE',  ( 32.00000000000000000, 72.00000000000000000, -11.29089653438086671 ) ) ;
#1311 = VERTEX_POINT ( 'NONE', #2040 ) ;
#1312 = DIRECTION ( 'NONE',  ( 0.000000000000000000, 0.000000000000000000, -1.000000000000000000 ) ) ;
#1313 = CARTESIAN_POINT ( 'NONE',  ( -32.00000000000000000, 74.50000000000000000, 8.000000000000000000 ) ) ;
#1314 = ORIENTED_EDGE ( 'NONE', *, *, #1603, .F. ) ;
#1315 = CARTESIAN_POINT ( 'NONE',  ( -3.802484094445943708, 45.21063292758334029, -1.070914699399409642 ) ) ;
#1316 = CARTESIAN_POINT ( 'NONE',  ( 1.361065758881612631, 45.34998728912180610, 1.099999999999999867 ) ) ;
#1317 = FACE_OUTER_BOUND ( 'NONE', #1512, .T. ) ;
#1318 = EDGE_LOOP ( 'NONE', ( #3396, #3070 ) ) ;
#1319 = DIRECTION ( 'NONE',  ( 0.000000000000000000, -1.000000000000000000, 0.000000000000000000 ) ) ;
#1320 = DIRECTION ( 'NONE',  ( 0.000000000000000000, -0.000000000000000000, 1.000000000000000000 ) ) ;
#1321 = FACE_OUTER_BOUND ( 'NONE', #893, .T. ) ;
#1322 = VERTEX_POINT ( 'NONE', #1475 ) ;
#1323 = AXIS2_PLACEMENT_3D ( 'NONE', #2325, #1231, #2598 ) ;
#1324 = ORIENTED_EDGE ( 'NONE', *, *, #564, .F. ) ;
#1325 = AXIS2_PLACEMENT_3D ( 'NONE', #3169, #1570, #2116 ) ;
#1326 = AXIS2_PLACEMENT_3D ( 'NONE', #546, #18, #345 ) ;
#1327 =( NAMED_UNIT ( * ) SI_UNIT ( $, .STERADIAN. ) SOLID_ANGLE_UNIT ( ) );
#1328 = VECTOR ( 'NONE', #3275, 1000.000000000000000 ) ;
#1329 = CARTESIAN_POINT ( 'NONE',  ( 32.00000000000000000, 72.00000000000000000, 4.709103465619133289 ) ) ;
#1330 = ORIENTED_EDGE ( 'NONE', *, *, #1859, .F. ) ;
#1331 = CARTESIAN_POINT ( 'NONE',  ( -34.85000000000000142, 74.50000000000000000, 9.455163221085530978 ) ) ;
#1332 = ADVANCED_FACE ( 'NONE', ( #2287 ), #679, .T. ) ;
#1333 = CARTESIAN_POINT ( 'NONE',  ( -31.83520831611286184, 74.50000000000000000, -4.804245988671586254 ) ) ;
#1334 = ORIENTED_EDGE ( 'NONE', *, *, #1547, .F. ) ;
#1335 = FACE_OUTER_BOUND ( 'NONE', #1563, .T. ) ;
#1336 = DIRECTION ( 'NONE',  ( -0.000000000000000000, 0.000000000000000000, -1.000000000000000000 ) ) ;
#1337 = LINE ( 'NONE', #2973, #2971 ) ;
#1338 = ORIENTED_EDGE ( 'NONE', *, *, #81, .T. ) ;
#1339 = ADVANCED_FACE ( 'NONE', ( #3131 ), #3114, .F. ) ;
#1340 = DIRECTION ( 'NONE',  ( -0.000000000000000000, 1.000000000000000000, -0.000000000000000000 ) ) ;
#1341 = AXIS2_PLACEMENT_3D ( 'NONE', #2829, #2253, #886 ) ;
#1342 = CARTESIAN_POINT ( 'NONE',  ( -3.793744851726326139, 45.50000000000000000, -1.100000000000000089 ) ) ;
#1343 = CARTESIAN_POINT ( 'NONE',  ( 29.14999999999999858, 75.00000000000000000, 9.645448267190433356 ) ) ;
#1344 = ORIENTED_EDGE ( 'NONE', *, *, #82, .F. ) ;
#1345 = ADVANCED_FACE ( 'NONE', ( #663 ), #89, .T. ) ;
#1346 = AXIS2_PLACEMENT_3D ( 'NONE', #275, #756, #2087 ) ;
#1347 = ORIENTED_EDGE ( 'NONE', *, *, #2125, .T. ) ;
#1348 = EDGE_CURVE ( 'NONE', #418, #3066, #780, .T. ) ;
#1349 = VERTEX_POINT ( 'NONE', #408 ) ;
#1350 = AXIS2_PLACEMENT_3D ( 'NONE', #2911, #1276, #1312 ) ;
#1351 = EDGE_CURVE ( 'NONE', #418, #3000, #3100, .T. ) ;
#1352 = VECTOR ( 'NONE', #2425, 1000.000000000000227 ) ;
#1353 = LINE ( 'NONE', #2431, #2019 ) ;
#1354 = CARTESIAN_POINT ( 'NONE',  ( 0.000000000000000000, 77.00000000000000000, 0.000000000000000000 ) ) ;
#1355 = ORIENTED_EDGE ( 'NONE', *, *, #491, .F. ) ;
#1356 = DIRECTION ( 'NONE',  ( 0.000000000000000000, -1.000000000000000000, 0.000000000000000000 ) ) ;
#1357 = DIRECTION ( 'NONE',  ( -0.000000000000000000, -1.000000000000000000, -0.000000000000000000 ) ) ;
#1358 = DIRECTION ( 'NONE',  ( 0.000000000000000000, -0.000000000000000000, 1.000000000000000000 ) ) ;
#1359 = VERTEX_POINT ( 'NONE', #1990 ) ;
#1360 = FACE_OUTER_BOUND ( 'NONE', #2200, .T. ) ;
#1361 = LINE ( 'NONE', #3247, #3446 ) ;
#1362 = DIRECTION ( 'NONE',  ( 0.000000000000000000, -1.000000000000000000, 0.000000000000000000 ) ) ;
#1363 = ORIENTED_EDGE ( 'NONE', *, *, #852, .F. ) ;
#1364 = EDGE_CURVE ( 'NONE', #43, #45, #3082, .T. ) ;
#1365 = ORIENTED_EDGE ( 'NONE', *, *, #3235, .F. ) ;
#1366 = ORIENTED_EDGE ( 'NONE', *, *, #3327, .T. ) ;
#1367 = EDGE_LOOP ( 'NONE', ( #1347, #2389, #2043, #352, #1280, #292, #3402, #438 ) ) ;
#1368 = CARTESIAN_POINT ( 'NONE',  ( -32.00000000000000000, 75.00000000000000000, 9.700000000000001066 ) ) ;
#1369 = DIRECTION ( 'NONE',  ( -0.000000000000000000, 1.000000000000000000, -0.000000000000000000 ) ) ;
#1370 = ORIENTED_EDGE ( 'NONE', *, *, #1894, .F. ) ;
#1371 = LINE ( 'NONE', #589, #479 ) ;
#1372 = CARTESIAN_POINT ( 'NONE',  ( -32.00000000000000000, 77.00000000000000000, 9.700000000000001066 ) ) ;
#1373 = LINE ( 'NONE', #2956, #1154 ) ;
#1374 = ORIENTED_EDGE ( 'NONE', *, *, #2746, .F. ) ;
#1375 = CARTESIAN_POINT ( 'NONE',  ( 34.85000000000000142, 75.00000000000000000, -6.544836778914469022 ) ) ;
#1376 = CYLINDRICAL_SURFACE ( 'NONE', #985, 1.750000000000000000 ) ;
#1377 = FACE_OUTER_BOUND ( 'NONE', #2660, .T. ) ;
#1378 = ORIENTED_EDGE ( 'NONE', *, *, #1795, .T. ) ;
#1379 = ADVANCED_FACE ( 'NONE', ( #2542, #104 ), #1193, .F. ) ;
#1380 = EDGE_LOOP ( 'NONE', ( #1258, #2247, #3132, #922 ) ) ;
#1381 = ORIENTED_EDGE ( 'NONE', *, *, #882, .T. ) ;
#1382 = EDGE_CURVE ( 'NONE', #987, #2311, #2833, .T. ) ;
#1383 = CARTESIAN_POINT ( 'NONE',  ( 29.14999999999999858, 75.00000000000000000, -9.645448267190433356 ) ) ;
#1384 = AXIS2_PLACEMENT_3D ( 'NONE', #285, #1622, #2707 ) ;
#1385 = AXIS2_PLACEMENT_3D ( 'NONE', #1181, #3118, #697 ) ;
#1386 = EDGE_CURVE ( 'NONE', #2915, #471, #965, .T. ) ;
#1387 = AXIS2_PLACEMENT_3D ( 'NONE', #2544, #2010, #106 ) ;
#1388 = DIRECTION ( 'NONE',  ( -0.000000000000000000, 1.000000000000000000, -0.000000000000000000 ) ) ;
#1389 = ORIENTED_EDGE ( 'NONE', *, *, #2265, .F. ) ;
#1390 = PLANE ( 'NONE',  #2008 ) ;
#1391 = FACE_OUTER_BOUND ( 'NONE', #2648, .T. ) ;
#1392 = VECTOR ( 'NONE', #576, 1000.000000000000000 ) ;
#1393 = DIRECTION ( 'NONE',  ( 0.000000000000000000, 0.000000000000000000, -1.000000000000000000 ) ) ;
#1394 = VERTEX_POINT ( 'NONE', #2952 ) ;
#1395 = CARTESIAN_POINT ( 'NONE',  ( 32.00000000000000000, 74.50000000000000000, 8.000000000000000000 ) ) ;
#1396 = FACE_OUTER_BOUND ( 'NONE', #515, .T. ) ;
#1397 = VERTEX_POINT ( 'NONE', #1333 ) ;
#1398 = CARTESIAN_POINT ( 'NONE',  ( 34.85000000000000142, 72.00000000000000000, -6.354551732809564868 ) ) ;
#1399 = ORIENTED_EDGE ( 'NONE', *, *, #2906, .T. ) ;
#1400 = VECTOR ( 'NONE', #916, 1000.000000000000000 ) ;
#1401 = ORIENTED_EDGE ( 'NONE', *, *, #1998, .T. ) ;
#1402 = ORIENTED_EDGE ( 'NONE', *, *, #3238, .F. ) ;
#1403 = ORIENTED_EDGE ( 'NONE', *, *, #1192, .T. ) ;
#1404 = CIRCLE ( 'NONE', #2708, 1.700000000000000178 ) ;
#1405 = VECTOR ( 'NONE', #1070, 1000.000000000000114 ) ;
#1406 = PLANE ( 'NONE',  #1963 ) ;
#1407 = EDGE_LOOP ( 'NONE', ( #2684, #2525 ) ) ;
#1408 = DIRECTION ( 'NONE',  ( 0.000000000000000000, 0.000000000000000000, 1.000000000000000000 ) ) ;
#1409 = DIRECTION ( 'NONE',  ( 0.000000000000000000, 0.000000000000000000, 1.000000000000000000 ) ) ;
#1410 = DIRECTION ( 'NONE',  ( 0.000000000000000000, 1.000000000000000000, 0.000000000000000000 ) ) ;
#1411 = VERTEX_POINT ( 'NONE', #972 ) ;
#1412 = LINE ( 'NONE', #2173, #2077 ) ;
#1413 = DIRECTION ( 'NONE',  ( 0.8660254037844389297, 0.000000000000000000, -0.4999999999999994449 ) ) ;
#1414 = ORIENTED_EDGE ( 'NONE', *, *, #3385, .F. ) ;
#1415 = DIRECTION ( 'NONE',  ( 0.000000000000000000, 1.000000000000000000, 0.000000000000000000 ) ) ;
#1416 = EDGE_CURVE ( 'NONE', #2246, #41, #250, .T. ) ;
#1417 = LINE ( 'NONE', #2498, #1491 ) ;
#1418 = ORIENTED_EDGE ( 'NONE', *, *, #3117, .T. ) ;
#1419 = ORIENTED_EDGE ( 'NONE', *, *, #6, .F. ) ;
#1420 = LINE ( 'NONE', #587, #3332 ) ;
#1421 = ORIENTED_EDGE ( 'NONE', *, *, #185, .F. ) ;
#1422 = CARTESIAN_POINT ( 'NONE',  ( -29.14999999999999858, 75.00000000000000000, 6.354551732809566644 ) ) ;
#1423 = CARTESIAN_POINT ( 'NONE',  ( -1.730324933460705372, 44.43060058834680603, -0.2960117961750186044 ) ) ;
#1424 = CYLINDRICAL_SURFACE ( 'NONE', #2181, 3.200000000000001510 ) ;
#1425 = DIRECTION ( 'NONE',  ( 0.000000000000000000, 0.000000000000000000, 1.000000000000000000 ) ) ;
#1426 = ORIENTED_EDGE ( 'NONE', *, *, #720, .T. ) ;
#1427 = DIRECTION ( 'NONE',  ( -0.8660254037844387076, 0.000000000000000000, -0.4999999999999998890 ) ) ;
#1428 = LINE ( 'NONE', #2528, #2234 ) ;
#1429 = CARTESIAN_POINT ( 'NONE',  ( 32.00000000000000000, 75.00000000000000000, 11.29089653438086671 ) ) ;
#1430 = ADVANCED_FACE ( 'NONE', ( #2414 ), #2914, .F. ) ;
#1431 = ORIENTED_EDGE ( 'NONE', *, *, #1261, .F. ) ;
#1432 = ORIENTED_EDGE ( 'NONE', *, *, #1158, .F. ) ;
#1433 = AXIS2_PLACEMENT_3D ( 'NONE', #903, #85, #3078 ) ;
#1434 = PLANE ( 'NONE',  #993 ) ;
#1435 = VERTEX_POINT ( 'NONE', #443 ) ;
#1436 = AXIS2_PLACEMENT_3D ( 'NONE', #2571, #918, #1721 ) ;
#1437 = DIRECTION ( 'NONE',  ( 0.000000000000000000, -1.000000000000000000, 0.000000000000000000 ) ) ;
#1438 = DIRECTION ( 'NONE',  ( 0.000000000000000000, -1.000000000000000000, 0.000000000000000000 ) ) ;
#1439 = EDGE_CURVE ( 'NONE', #2109, #2897, #262, .T. ) ;
#1440 = VECTOR ( 'NONE', #1217, 1000.000000000000000 ) ;
#1441 = CIRCLE ( 'NONE', #3429, 3.200000000000001510 ) ;
#1442 = DIRECTION ( 'NONE',  ( -0.000000000000000000, 1.000000000000000000, -0.000000000000000000 ) ) ;
#1443 = ORIENTED_EDGE ( 'NONE', *, *, #1183, .F. ) ;
#1444 = VECTOR ( 'NONE', #92, 1000.000000000000000 ) ;
#1445 = DIRECTION ( 'NONE',  ( 0.4999999999999995004, 0.000000000000000000, 0.8660254037844390407 ) ) ;
#1446 = FACE_OUTER_BOUND ( 'NONE', #2983, .T. ) ;
#1447 = DIRECTION ( 'NONE',  ( 1.054255858762918044E-15, 0.000000000000000000, -1.000000000000000000 ) ) ;
#1448 = EDGE_CURVE ( 'NONE', #2726, #112, #662, .T. ) ;
#1449 = ORIENTED_EDGE ( 'NONE', *, *, #2166, .F. ) ;
#1450 = LINE ( 'NONE', #2446, #1284 ) ;
#1451 = DIRECTION ( 'NONE',  ( 0.000000000000000000, 0.000000000000000000, 1.000000000000000000 ) ) ;
#1452 = ADVANCED_FACE ( 'NONE', ( #1026 ), #1543, .T. ) ;
#1453 = EDGE_CURVE ( 'NONE', #2882, #2001, #1298, .T. ) ;
#1454 = VECTOR ( 'NONE', #644, 1000.000000000000000 ) ;
#1455 = ADVANCED_FACE ( 'NONE', ( #989 ), #2076, .T. ) ;
#1456 = VECTOR ( 'NONE', #1264, 1000.000000000000000 ) ;
#1457 = PLANE ( 'NONE',  #883 ) ;
#1458 = ORIENTED_EDGE ( 'NONE', *, *, #2863, .T. ) ;
#1459 = CIRCLE ( 'NONE', #148, 3.200000000000001510 ) ;
#1460 = DIRECTION ( 'NONE',  ( 0.4999999999999995004, 0.000000000000000000, -0.8660254037844390407 ) ) ;
#1461 = EDGE_LOOP ( 'NONE', ( #1946, #1202 ) ) ;
#1462 = CARTESIAN_POINT ( 'NONE',  ( -29.31479168388714029, 74.50000000000000000, -9.740590790242888986 ) ) ;
#1463 = ORIENTED_EDGE ( 'NONE', *, *, #450, .F. ) ;
#1464 = AXIS2_PLACEMENT_3D ( 'NONE', #366, #2839, #1781 ) ;
#1465 = DIRECTION ( 'NONE',  ( -0.4999999999999996114, 0.000000000000000000, 0.8660254037844388186 ) ) ;
#1466 = CARTESIAN_POINT ( 'NONE',  ( -34.85000000000000142, 75.00000000000000000, -9.455163221085530978 ) ) ;
#1467 = CARTESIAN_POINT ( 'NONE',  ( 32.00000000000000000, 72.00000000000000000, -11.29089653438086671 ) ) ;
#1468 = VERTEX_POINT ( 'NONE', #730 ) ;
#1469 = CYLINDRICAL_SURFACE ( 'NONE', #32, 3.200000000000001510 ) ;
#1470 = DIRECTION ( 'NONE',  ( -0.000000000000000000, -1.000000000000000000, -0.000000000000000000 ) ) ;
#1471 = EDGE_LOOP ( 'NONE', ( #2993, #2262 ) ) ;
#1472 = CARTESIAN_POINT ( 'NONE',  ( 0.000000000000000000, 75.00000000000000000, 0.000000000000000000 ) ) ;
#1473 = VERTEX_POINT ( 'NONE', #2896 ) ;
#1474 = PLANE ( 'NONE',  #1436 ) ;
#1475 = CARTESIAN_POINT ( 'NONE',  ( -32.00000000000000000, 77.00000000000000000, 6.299999999999999822 ) ) ;
#1476 = ORIENTED_EDGE ( 'NONE', *, *, #570, .T. ) ;
#1477 = CARTESIAN_POINT ( 'NONE',  ( 5.388445916248353619E-15, 72.00000000000000000, 44.00000000000000000 ) ) ;
#1478 = CARTESIAN_POINT ( 'NONE',  ( -32.00000000000000000, 75.00000000000000000, -4.709103465619133289 ) ) ;
#1479 = CARTESIAN_POINT ( 'NONE',  ( 34.85000000000000142, 75.00000000000000000, -6.354551732809564868 ) ) ;
#1480 = DIRECTION ( 'NONE',  ( 0.000000000000000000, -0.000000000000000000, 1.000000000000000000 ) ) ;
#1481 = ORIENTED_EDGE ( 'NONE', *, *, #2700, .T. ) ;
#1482 = EDGE_CURVE ( 'NONE', #3098, #36, #196, .T. ) ;
#1483 = ADVANCED_FACE ( 'NONE', ( #1277 ), #2358, .T. ) ;
#1484 = EDGE_LOOP ( 'NONE', ( #1374, #731, #3203, #3445 ) ) ;
#1485 = DIRECTION ( 'NONE',  ( 0.000000000000000000, 0.000000000000000000, 1.000000000000000000 ) ) ;
#1486 = EDGE_CURVE ( 'NONE', #2726, #2987, #1010, .T. ) ;
#1487 = DIRECTION ( 'NONE',  ( 0.000000000000000000, 0.000000000000000000, 1.000000000000000000 ) ) ;
#1488 = ORIENTED_EDGE ( 'NONE', *, *, #3484, .F. ) ;
#1489 = DIRECTION ( 'NONE',  ( -0.8660254037844389297, 0.000000000000000000, -0.4999999999999994449 ) ) ;
#1490 = ADVANCED_FACE ( 'NONE', ( #2667 ), #1632, .T. ) ;
#1491 = VECTOR ( 'NONE', #1728, 1000.000000000000114 ) ;
#1492 = CARTESIAN_POINT ( 'NONE',  ( 0.000000000000000000, 77.00000000000000000, -44.00000000000000000 ) ) ;
#1493 = ORIENTED_EDGE ( 'NONE', *, *, #1364, .F. ) ;
#1494 = LINE ( 'NONE', #1180, #1101 ) ;
#1495 = EDGE_LOOP ( 'NONE', ( #3323, #1075 ) ) ;
#1496 = ORIENTED_EDGE ( 'NONE', *, *, #702, .F. ) ;
#1497 = DIRECTION ( 'NONE',  ( -0.000000000000000000, -1.000000000000000000, -0.000000000000000000 ) ) ;
#1498 = VECTOR ( 'NONE', #1811, 1000.000000000000000 ) ;
#1499 = PLANE ( 'NONE',  #1323 ) ;
#1500 = CARTESIAN_POINT ( 'NONE',  ( -32.00000000000000000, 75.00000000000000000, 4.709103465619133289 ) ) ;
#1501 = CARTESIAN_POINT ( 'NONE',  ( 7.347880794884119736E-16, 70.00000000000000000, 6.000000000000000000 ) ) ;
#1502 = ORIENTED_EDGE ( 'NONE', *, *, #2430, .T. ) ;
#1503 = DIRECTION ( 'NONE',  ( -0.8660254037844389297, 0.000000000000000000, 0.4999999999999995004 ) ) ;
#1504 = CIRCLE ( 'NONE', #933, 3.200000000000001510 ) ;
#1505 = DIRECTION ( 'NONE',  ( -0.000000000000000000, 1.000000000000000000, -0.000000000000000000 ) ) ;
#1506 = VERTEX_POINT ( 'NONE', #2721 ) ;
#1507 = DIRECTION ( 'NONE',  ( 0.000000000000000000, -1.000000000000000000, 0.000000000000000000 ) ) ;
#1508 = EDGE_CURVE ( 'NONE', #808, #2014, #281, .T. ) ;
#1509 = CIRCLE ( 'NONE', #2767, 3.200000000000001510 ) ;
#1510 = CARTESIAN_POINT ( 'NONE',  ( 32.00000000000000000, 75.00000000000000000, -8.000000000000000000 ) ) ;
#1511 = AXIS2_PLACEMENT_3D ( 'NONE', #1304, #2120, #509 ) ;
#1512 = EDGE_LOOP ( 'NONE', ( #1463, #1991, #3001, #2975 ) ) ;
#1513 = CARTESIAN_POINT ( 'NONE',  ( -32.00000000000000000, 74.50000000000000000, -11.29089653438086671 ) ) ;
#1514 = VERTEX_POINT ( 'NONE', #1115 ) ;
#1515 = DIRECTION ( 'NONE',  ( -0.8660254037844388186, 0.000000000000000000, 0.4999999999999997224 ) ) ;
#1516 = LINE ( 'NONE', #1212, #2516 ) ;
#1517 = CIRCLE ( 'NONE', #3059, 2.249999999999946709 ) ;
#1518 = CARTESIAN_POINT ( 'NONE',  ( 0.000000000000000000, 70.00000000000000000, -3.950000000000000178 ) ) ;
#1519 = FACE_OUTER_BOUND ( 'NONE', #1484, .T. ) ;
#1520 = APPLICATION_CONTEXT ( 'configuration controlled 3d designs of mechanical parts and assemblies' ) ;
#1521 = ORIENTED_EDGE ( 'NONE', *, *, #111, .T. ) ;
#1522 = PERSON_AND_ORGANIZATION_ROLE ( 'design_owner' ) ;
#1523 = CARTESIAN_POINT ( 'NONE',  ( 34.85000000000000142, 75.00000000000000000, -9.455163221085530978 ) ) ;
#1524 = VERTEX_POINT ( 'NONE', #848 ) ;
#1525 = PLANE ( 'NONE',  #2570 ) ;
#1526 = ADVANCED_FACE ( 'NONE', ( #2484 ), #316, .F. ) ;
#1527 = DIRECTION ( 'NONE',  ( 0.000000000000000000, 0.000000000000000000, 1.000000000000000000 ) ) ;
#1528 = ORIENTED_EDGE ( 'NONE', *, *, #2792, .T. ) ;
#1529 = CARTESIAN_POINT ( 'NONE',  ( 3.000000000000002665, 45.50000000000000000, 0.000000000000000000 ) ) ;
#1530 = FACE_OUTER_BOUND ( 'NONE', #694, .T. ) ;
#1531 = CARTESIAN_POINT ( 'NONE',  ( -29.14999999999999858, 72.00000000000000000, 6.354551732809566644 ) ) ;
#1532 = LINE ( 'NONE', #3461, #3507 ) ;
#1533 = CARTESIAN_POINT ( 'NONE',  ( 32.00000000000000000, 72.00000000000000000, -4.709103465619133289 ) ) ;
#1534 = FACE_BOUND ( 'NONE', #3077, .T. ) ;
#1535 = EDGE_CURVE ( 'NONE', #1514, #518, #1420, .T. ) ;
#1536 = VERTEX_POINT ( 'NONE', #3041 ) ;
#1537 = ORIENTED_EDGE ( 'NONE', *, *, #147, .T. ) ;
#1538 = PERSON_AND_ORGANIZATION ( #884, #2747 ) ;
#1539 = ORIENTED_EDGE ( 'NONE', *, *, #1076, .F. ) ;
#1540 = DIRECTION ( 'NONE',  ( 0.000000000000000000, 1.000000000000000000, 0.000000000000000000 ) ) ;
#1541 = ORIENTED_EDGE ( 'NONE', *, *, #2714, .T. ) ;
#1542 = LINE ( 'NONE', #1564, #1851 ) ;
#1543 = PLANE ( 'NONE',  #492 ) ;
#1544 = EDGE_LOOP ( 'NONE', ( #1713, #645, #1567, #2415 ) ) ;
#1545 = DIRECTION ( 'NONE',  ( 0.000000000000000000, 1.000000000000000000, 0.000000000000000000 ) ) ;
#1546 = ORIENTED_EDGE ( 'NONE', *, *, #1902, .F. ) ;
#1547 = EDGE_CURVE ( 'NONE', #1782, #227, #1932, .T. ) ;
#1548 = CARTESIAN_POINT ( 'NONE',  ( -32.00000000000000000, 75.00000000000000000, -8.000000000000000000 ) ) ;
#1549 = DIRECTION ( 'NONE',  ( 0.4999999999999999445, 0.000000000000000000, -0.8660254037844387076 ) ) ;
#1550 = DIRECTION ( 'NONE',  ( 1.054255858762918044E-15, 0.000000000000000000, -1.000000000000000000 ) ) ;
#1551 = LOCAL_TIME ( 21, 39, 44.00000000000000000, #1561 ) ;
#1552 = CARTESIAN_POINT ( 'NONE',  ( 32.00000000000000000, 75.00000000000000000, -8.000000000000000000 ) ) ;
#1553 = CARTESIAN_POINT ( 'NONE',  ( 32.00000000000000000, 75.00000000000000000, 8.000000000000000000 ) ) ;
#1554 = VECTOR ( 'NONE', #2156, 1000.000000000000000 ) ;
#1555 = ADVANCED_FACE ( 'NONE', ( #1668 ), #1406, .T. ) ;
#1556 = VECTOR ( 'NONE', #1207, 1000.000000000000000 ) ;
#1557 = VECTOR ( 'NONE', #1497, 1000.000000000000000 ) ;
#1558 = EDGE_LOOP ( 'NONE', ( #1381, #1389 ) ) ;
#1559 = ADVANCED_FACE ( 'NONE', ( #335 ), #2448, .F. ) ;
#1560 = VECTOR ( 'NONE', #1099, 1000.000000000000000 ) ;
#1561 = COORDINATED_UNIVERSAL_TIME_OFFSET ( 6, 0, .BEHIND. ) ;
#1562 = LINE ( 'NONE', #708, #1109 ) ;
#1563 = EDGE_LOOP ( 'NONE', ( #1200, #1330, #3274, #382 ) ) ;
#1564 = CARTESIAN_POINT ( 'NONE',  ( 29.14999999999999858, 72.00000000000000000, -9.645448267190433356 ) ) ;
#1565 = EDGE_CURVE ( 'NONE', #605, #1921, #611, .T. ) ;
#1566 = CARTESIAN_POINT ( 'NONE',  ( 29.14999999999999858, 74.50000000000000000, 6.354551732809566644 ) ) ;
#1567 = ORIENTED_EDGE ( 'NONE', *, *, #1647, .T. ) ;
#1568 = CARTESIAN_POINT ( 'NONE',  ( 32.00000000000000000, 74.50000000000000000, -8.000000000000000000 ) ) ;
#1569 = VECTOR ( 'NONE', #29, 1000.000000000000000 ) ;
#1570 = DIRECTION ( 'NONE',  ( 0.000000000000000000, 1.000000000000000000, 0.000000000000000000 ) ) ;
#1571 = CARTESIAN_POINT ( 'NONE',  ( -34.68520831611286326, 75.00000000000000000, 6.259409209757114567 ) ) ;
#1572 = AXIS2_PLACEMENT_3D ( 'NONE', #671, #383, #3106 ) ;
#1573 = DIRECTION ( 'NONE',  ( -1.000000000000000000, 0.000000000000000000, 0.000000000000000000 ) ) ;
#1574 = CARTESIAN_POINT ( 'NONE',  ( 2.143131898507867804E-16, 72.00000000000000000, 1.750000000000000000 ) ) ;
#1575 = DIRECTION ( 'NONE',  ( 0.000000000000000000, 0.000000000000000000, 1.000000000000000000 ) ) ;
#1576 = ORIENTED_EDGE ( 'NONE', *, *, #564, .T. ) ;
#1577 = AXIS2_PLACEMENT_3D ( 'NONE', #1104, #2210, #1924 ) ;
#1578 = EDGE_LOOP ( 'NONE', ( #3310, #1521 ) ) ;
#1579 = ORIENTED_EDGE ( 'NONE', *, *, #2249, .F. ) ;
#1580 = APPROVAL_STATUS ( 'not_yet_approved' ) ;
#1581 = DIRECTION ( 'NONE',  ( 0.000000000000000000, -1.000000000000000000, 0.000000000000000000 ) ) ;
#1582 = EDGE_LOOP ( 'NONE', ( #2499, #2662, #1801, #2596, #3350, #600, #505, #1502 ) ) ;
#1583 = DIRECTION ( 'NONE',  ( 0.000000000000000000, -1.000000000000000000, 0.000000000000000000 ) ) ;
#1584 = CARTESIAN_POINT ( 'NONE',  ( 32.00000000000000000, 77.00000000000000000, -6.299999999999999822 ) ) ;
#1585 = VERTEX_POINT ( 'NONE', #574 ) ;
#1586 = DIRECTION ( 'NONE',  ( 0.000000000000000000, 1.000000000000000000, 0.000000000000000000 ) ) ;
#1587 = FACE_BOUND ( 'NONE', #2927, .T. ) ;
#1588 = FACE_OUTER_BOUND ( 'NONE', #1821, .T. ) ;
#1589 = DIRECTION ( 'NONE',  ( -0.8660254037844387076, 0.000000000000000000, 0.4999999999999998890 ) ) ;
#1590 = CARTESIAN_POINT ( 'NONE',  ( -32.00000000000000000, 74.50000000000000000, -8.000000000000000000 ) ) ;
#1591 = FACE_BOUND ( 'NONE', #1938, .T. ) ;
#1592 = VERTEX_POINT ( 'NONE', #2758 ) ;
#1593 = EDGE_CURVE ( 'NONE', #2890, #2933, #3105, .T. ) ;
#1594 = DIRECTION ( 'NONE',  ( 0.000000000000000000, -1.000000000000000000, 0.000000000000000000 ) ) ;
#1595 = VERTEX_POINT ( 'NONE', #1132 ) ;
#1596 = CARTESIAN_POINT ( 'NONE',  ( 34.85000000000000142, 75.00000000000000000, -6.354551732809564868 ) ) ;
#1597 = EDGE_CURVE ( 'NONE', #1291, #2437, #3213, .T. ) ;
#1598 = CARTESIAN_POINT ( 'NONE',  ( -1.749895903595128255, 46.59983439184546228, 0.07692224596731725428 ) ) ;
#1599 = ORIENTED_EDGE ( 'NONE', *, *, #1382, .F. ) ;
#1600 = CARTESIAN_POINT ( 'NONE',  ( -3.892975940227386911, 44.62106925054208517, 0.6766323317350303457 ) ) ;
#1601 = EDGE_CURVE ( 'NONE', #2622, #161, #798, .T. ) ;
#1602 = CYLINDRICAL_SURFACE ( 'NONE', #593, 1.700000000000000178 ) ;
#1603 = EDGE_CURVE ( 'NONE', #691, #1651, #431, .T. ) ;
#1604 = CYLINDRICAL_SURFACE ( 'NONE', #813, 6.000000000000000000 ) ;
#1605 = ORIENTED_EDGE ( 'NONE', *, *, #156, .T. ) ;
#1606 = PLANE ( 'NONE',  #2202 ) ;
#1607 = CARTESIAN_POINT ( 'NONE',  ( -3.941756406038502636, 46.57136373922529060, -0.2883203388866367178 ) ) ;
#1608 = FACE_OUTER_BOUND ( 'NONE', #2791, .T. ) ;
#1609 = EDGE_CURVE ( 'NONE', #2749, #877, #1916, .T. ) ;
#1610 = CIRCLE ( 'NONE', #2687, 3.200000000000001510 ) ;
#1611 = ORIENTED_EDGE ( 'NONE', *, *, #2714, .F. ) ;
#1612 = VECTOR ( 'NONE', #1621, 1000.000000000000000 ) ;
#1613 = VECTOR ( 'NONE', #1674, 1000.000000000000000 ) ;
#1614 = AXIS2_PLACEMENT_3D ( 'NONE', #582, #1362, #1908 ) ;
#1615 = AXIS2_PLACEMENT_3D ( 'NONE', #2559, #1465, #647 ) ;
#1616 = LINE ( 'NONE', #2731, #833 ) ;
#1617 = ORIENTED_EDGE ( 'NONE', *, *, #1864, .T. ) ;
#1618 = LINE ( 'NONE', #3252, #1569 ) ;
#1619 = ORIENTED_EDGE ( 'NONE', *, *, #385, .F. ) ;
#1620 = DIRECTION ( 'NONE',  ( 0.000000000000000000, 1.000000000000000000, 0.000000000000000000 ) ) ;
#1621 = DIRECTION ( 'NONE',  ( 0.000000000000000000, -1.000000000000000000, 0.000000000000000000 ) ) ;
#1622 = DIRECTION ( 'NONE',  ( 0.000000000000000000, 1.000000000000000000, 0.000000000000000000 ) ) ;
#1623 = ORIENTED_EDGE ( 'NONE', *, *, #1969, .T. ) ;
#1624 = CARTESIAN_POINT ( 'NONE',  ( -34.85000000000000142, 75.00000000000000000, 9.645448267190433356 ) ) ;
#1625 = LINE ( 'NONE', #2712, #2183 ) ;
#1626 = DIRECTION ( 'NONE',  ( -0.000000000000000000, 1.000000000000000000, -0.000000000000000000 ) ) ;
#1627 = EDGE_LOOP ( 'NONE', ( #887, #2355 ) ) ;
#1628 = AXIS2_PLACEMENT_3D ( 'NONE', #1234, #2310, #1480 ) ;
#1629 = VECTOR ( 'NONE', #1340, 1000.000000000000000 ) ;
#1630 = VECTOR ( 'NONE', #2103, 1000.000000000000000 ) ;
#1631 = DIRECTION ( 'NONE',  ( 0.000000000000000000, -1.000000000000000000, 0.000000000000000000 ) ) ;
#1632 = PLANE ( 'NONE',  #3387 ) ;
#1633 = VERTEX_POINT ( 'NONE', #1687 ) ;
#1634 = LINE ( 'NONE', #2219, #1392 ) ;
#1635 = CARTESIAN_POINT ( 'NONE',  ( -32.00000000000000000, 74.50000000000000000, -8.000000000000000000 ) ) ;
#1636 = EDGE_CURVE ( 'NONE', #112, #199, #1950, .T. ) ;
#1637 = CARTESIAN_POINT ( 'NONE',  ( 34.68520831611285615, 75.00000000000000000, 9.740590790242888986 ) ) ;
#1638 = ORIENTED_EDGE ( 'NONE', *, *, #2112, .F. ) ;
#1639 = DIRECTION ( 'NONE',  ( 0.000000000000000000, -1.000000000000000000, 0.000000000000000000 ) ) ;
#1640 = CARTESIAN_POINT ( 'NONE',  ( 32.00000000000000000, 75.00000000000000000, -11.29089653438086671 ) ) ;
#1641 = ORIENTED_EDGE ( 'NONE', *, *, #341, .T. ) ;
#1642 = DIRECTION ( 'NONE',  ( -0.8660254037844387076, 0.000000000000000000, -0.4999999999999998890 ) ) ;
#1643 = VERTEX_POINT ( 'NONE', #3292 ) ;
#1644 = EDGE_CURVE ( 'NONE', #2783, #1964, #1618, .T. ) ;
#1645 = VERTEX_POINT ( 'NONE', #815 ) ;
#1646 = ORIENTED_EDGE ( 'NONE', *, *, #2828, .T. ) ;
#1647 = EDGE_CURVE ( 'NONE', #14, #2387, #717, .T. ) ;
#1648 = CARTESIAN_POINT ( 'NONE',  ( 1.361065758881620846, 45.50000000000000000, -1.100000000000000311 ) ) ;
#1649 = B_SPLINE_CURVE_WITH_KNOTS ( 'NONE', 3,
 ( #2796, #3400, #406, #135, #1175, #3382, #953, #1423, #86, #890, #2540, #2256, #1737, #2831, #629, #2505, #3064, #3113 ),
 .UNSPECIFIED., .F., .F.,
 ( 4, 2, 2, 2, 2, 2, 2, 2, 4 ),
 ( 0.003537689808556928554, 0.003978709766150326753, 0.004419729723743725386, 0.004860749681337123151, 0.005301769638930520917, 0.005742789596523918683, 0.006183809554117316448, 0.006624829511710714214, 0.007065849469304111979 ),
 .UNSPECIFIED. ) ;
#1650 = DIRECTION ( 'NONE',  ( 0.000000000000000000, 1.000000000000000000, 0.000000000000000000 ) ) ;
#1651 = VERTEX_POINT ( 'NONE', #934 ) ;
#1652 = CARTESIAN_POINT ( 'NONE',  ( -32.00000000000000000, 74.50000000000000000, -8.000000000000000000 ) ) ;
#1653 = DIRECTION ( 'NONE',  ( 0.000000000000000000, 1.000000000000000000, 0.000000000000000000 ) ) ;
#1654 = CARTESIAN_POINT ( 'NONE',  ( 32.00000000000000000, 75.00000000000000000, 8.000000000000000000 ) ) ;
#1655 = ORIENTED_EDGE ( 'NONE', *, *, #3238, .T. ) ;
#1656 = EDGE_CURVE ( 'NONE', #313, #23, #2021, .T. ) ;
#1657 = DIRECTION ( 'NONE',  ( 0.000000000000000000, -1.000000000000000000, 0.000000000000000000 ) ) ;
#1658 = CARTESIAN_POINT ( 'NONE',  ( -32.00000000000000000, 72.00000000000000000, 11.29089653438086671 ) ) ;
#1659 = ORIENTED_EDGE ( 'NONE', *, *, #3390, .T. ) ;
#1660 = DIRECTION ( 'NONE',  ( -1.000000000000000000, 0.000000000000000000, 0.000000000000000000 ) ) ;
#1661 = ORIENTED_EDGE ( 'NONE', *, *, #1715, .F. ) ;
#1662 = EDGE_LOOP ( 'NONE', ( #402, #1788 ) ) ;
#1663 = ORIENTED_EDGE ( 'NONE', *, *, #1813, .F. ) ;
#1664 = DIRECTION ( 'NONE',  ( 0.8660254037844389297, 0.000000000000000000, 0.4999999999999993894 ) ) ;
#1665 = CIRCLE ( 'NONE', #2517, 44.00000000000000000 ) ;
#1666 = VECTOR ( 'NONE', #103, 1000.000000000000000 ) ;
#1667 = AXIS2_PLACEMENT_3D ( 'NONE', #2916, #2968, #482 ) ;
#1668 = FACE_OUTER_BOUND ( 'NONE', #2162, .T. ) ;
#1669 = ORIENTED_EDGE ( 'NONE', *, *, #1013, .F. ) ;
#1670 = CARTESIAN_POINT ( 'NONE',  ( 29.31479168388714385, 74.50000000000000000, -6.259409209757110126 ) ) ;
#1671 = ADVANCED_FACE ( 'NONE', ( #423 ), #676, .T. ) ;
#1672 = LINE ( 'NONE', #3243, #1612 ) ;
#1673 = VECTOR ( 'NONE', #2309, 1000.000000000000000 ) ;
#1674 = DIRECTION ( 'NONE',  ( -0.000000000000000000, -1.000000000000000000, -0.000000000000000000 ) ) ;
#1675 = ORIENTED_EDGE ( 'NONE', *, *, #702, .T. ) ;
#1676 = DIRECTION ( 'NONE',  ( 0.000000000000000000, 1.000000000000000000, 0.000000000000000000 ) ) ;
#1677 = CARTESIAN_POINT ( 'NONE',  ( -34.85000000000000142, 75.00000000000000000, -9.645448267190433356 ) ) ;
#1678 = DIRECTION ( 'NONE',  ( 0.000000000000000000, 0.000000000000000000, -1.000000000000000000 ) ) ;
#1679 = DIRECTION ( 'NONE',  ( 0.000000000000000000, 0.000000000000000000, 1.000000000000000000 ) ) ;
#1680 = VECTOR ( 'NONE', #2628, 1000.000000000000000 ) ;
#1681 = ORIENTED_EDGE ( 'NONE', *, *, #2824, .T. ) ;
#1682 = EDGE_LOOP ( 'NONE', ( #3408, #1910 ) ) ;
#1683 = VECTOR ( 'NONE', #2334, 1000.000000000000000 ) ;
#1684 = SHAPE_DEFINITION_REPRESENTATION ( #99, #1047 ) ;
#1685 = AXIS2_PLACEMENT_3D ( 'NONE', #2682, #516, #180 ) ;
#1686 = VECTOR ( 'NONE', #1442, 1000.000000000000000 ) ;
#1687 = CARTESIAN_POINT ( 'NONE',  ( 34.68520831611285615, 74.50000000000000000, 9.740590790242888986 ) ) ;
#1688 = EDGE_LOOP ( 'NONE', ( #2458, #349, #2080, #102 ) ) ;
#1689 = CARTESIAN_POINT ( 'NONE',  ( 29.14999999999999858, 75.00000000000000000, -6.354551732809565756 ) ) ;
#1690 = CARTESIAN_POINT ( 'NONE',  ( 1.663549969099136216, 46.45755863561982579, 0.5602576160964216623 ) ) ;
#1691 = EDGE_CURVE ( 'NONE', #1997, #1708, #1504, .T. ) ;
#1692 = CARTESIAN_POINT ( 'NONE',  ( -32.00000000000000000, 75.00000000000000000, -4.709103465619133289 ) ) ;
#1693 = CARTESIAN_POINT ( 'NONE',  ( 32.00000000000000000, 75.00000000000000000, -8.000000000000000000 ) ) ;
#1694 = EDGE_LOOP ( 'NONE', ( #1805, #1194, #1458, #2496, #1858, #3259, #849, #251 ) ) ;
#1695 = LINE ( 'NONE', #3386, #420 ) ;
#1696 = LINE ( 'NONE', #308, #2061 ) ;
#1697 = DIRECTION ( 'NONE',  ( 0.000000000000000000, 0.000000000000000000, 1.000000000000000000 ) ) ;
#1698 = ORIENTED_EDGE ( 'NONE', *, *, #1742, .F. ) ;
#1699 = ORIENTED_EDGE ( 'NONE', *, *, #610, .F. ) ;
#1700 = EDGE_CURVE ( 'NONE', #566, #2738, #1972, .T. ) ;
#1701 = LINE ( 'NONE', #389, #2929 ) ;
#1702 = ORIENTED_EDGE ( 'NONE', *, *, #81, .F. ) ;
#1703 = DIRECTION ( 'NONE',  ( 0.000000000000000000, 0.000000000000000000, -1.000000000000000000 ) ) ;
#1704 = FACE_OUTER_BOUND ( 'NONE', #1973, .T. ) ;
#1705 = ADVANCED_FACE ( 'NONE', ( #133 ), #1457, .T. ) ;
#1706 = EDGE_CURVE ( 'NONE', #682, #2933, #3398, .T. ) ;
#1707 = DIRECTION ( 'NONE',  ( -0.8660254037844387076, 0.000000000000000000, -0.4999999999999998890 ) ) ;
#1708 = VERTEX_POINT ( 'NONE', #2037 ) ;
#1709 = CARTESIAN_POINT ( 'NONE',  ( -32.00000000000000000, 74.50000000000000000, 8.000000000000000000 ) ) ;
#1710 = CARTESIAN_POINT ( 'NONE',  ( -1.361065758881620846, 45.50000000000000000, -1.100000000000000311 ) ) ;
#1711 = EDGE_CURVE ( 'NONE', #1769, #2067, #1281, .T. ) ;
#1712 = DIRECTION ( 'NONE',  ( 0.000000000000000000, 1.000000000000000000, 0.000000000000000000 ) ) ;
#1713 = ORIENTED_EDGE ( 'NONE', *, *, #1290, .F. ) ;
#1714 = ORIENTED_EDGE ( 'NONE', *, *, #3117, .F. ) ;
#1715 = EDGE_CURVE ( 'NONE', #1585, #2737, #551, .T. ) ;
#1716 = CIRCLE ( 'NONE', #2854, 3.200000000000001510 ) ;
#1717 = LINE ( 'NONE', #2810, #1905 ) ;
#1718 = ORIENTED_EDGE ( 'NONE', *, *, #113, .T. ) ;
#1719 = AXIS2_PLACEMENT_3D ( 'NONE', #301, #2487, #2220 ) ;
#1720 = DIRECTION ( 'NONE',  ( -0.000000000000000000, -1.000000000000000000, -0.000000000000000000 ) ) ;
#1721 = DIRECTION ( 'NONE',  ( 0.8660254037844388186, 0.000000000000000000, -0.4999999999999996114 ) ) ;
#1722 = VECTOR ( 'NONE', #2818, 1000.000000000000114 ) ;
#1723 = DIRECTION ( 'NONE',  ( 0.000000000000000000, 0.000000000000000000, 1.000000000000000000 ) ) ;
#1724 = EDGE_LOOP ( 'NONE', ( #940, #3151, #2961, #3289 ) ) ;
#1725 = VECTOR ( 'NONE', #1906, 1000.000000000000000 ) ;
#1726 = CARTESIAN_POINT ( 'NONE',  ( -34.68520831611286326, 75.00000000000000000, 9.740590790242885433 ) ) ;
#1727 = PLANE ( 'NONE',  #2518 ) ;
#1728 = DIRECTION ( 'NONE',  ( -0.8660254037844387076, 0.000000000000000000, 0.4999999999999998890 ) ) ;
#1729 = ORIENTED_EDGE ( 'NONE', *, *, #491, .T. ) ;
#1730 = CARTESIAN_POINT ( 'NONE',  ( -31.83520831611286184, 75.00000000000000000, -4.804245988671586254 ) ) ;
#1731 = CARTESIAN_POINT ( 'NONE',  ( 32.00000000000000000, 75.00000000000000000, -8.000000000000000000 ) ) ;
#1732 = AXIS2_PLACEMENT_3D ( 'NONE', #2113, #3164, #3202 ) ;
#1733 = VECTOR ( 'NONE', #553, 1000.000000000000114 ) ;
#1734 = CARTESIAN_POINT ( 'NONE',  ( -32.00000000000000000, 74.50000000000000000, -8.000000000000000000 ) ) ;
#1735 = ORIENTED_EDGE ( 'NONE', *, *, #1715, .T. ) ;
#1736 = CIRCLE ( 'NONE', #2876, 1.700000000000000178 ) ;
#1737 = CARTESIAN_POINT ( 'NONE',  ( -1.616552260919283057, 44.62353632483844734, 0.6793560449707384263 ) ) ;
#1738 = CARTESIAN_POINT ( 'NONE',  ( 7.347880794884119736E-16, 72.00000000000001421, 6.000000000000000000 ) ) ;
#1739 = ORIENTED_EDGE ( 'NONE', *, *, #2804, .T. ) ;
#1740 = DIRECTION ( 'NONE',  ( 0.000000000000000000, 0.000000000000000000, -1.000000000000000000 ) ) ;
#1741 = EDGE_LOOP ( 'NONE', ( #2048, #583, #278, #906 ) ) ;
#1742 = EDGE_CURVE ( 'NONE', #2622, #1468, #1701, .T. ) ;
#1743 = LINE ( 'NONE', #2560, #654 ) ;
#1744 = ADVANCED_FACE ( 'NONE', ( #2793, #690 ), #404, .F. ) ;
#1745 = DIRECTION ( 'NONE',  ( 0.000000000000000000, 1.000000000000000000, 0.000000000000000000 ) ) ;
#1746 = FACE_OUTER_BOUND ( 'NONE', #3005, .T. ) ;
#1747 = CARTESIAN_POINT ( 'NONE',  ( -34.85000000000000142, 74.50000000000000000, 6.544836778914469022 ) ) ;
#1748 = EDGE_CURVE ( 'NONE', #1116, #687, #3156, .T. ) ;
#1749 = EDGE_CURVE ( 'NONE', #1116, #2027, #3379, .T. ) ;
#1750 = EDGE_LOOP ( 'NONE', ( #2485, #3015, #2472, #2832 ) ) ;
#1751 = ADVANCED_FACE ( 'NONE', ( #61 ), #2301, .T. ) ;
#1752 = CARTESIAN_POINT ( 'NONE',  ( 0.000000000000000000, 72.00000000000000000, 0.000000000000000000 ) ) ;
#1753 = CARTESIAN_POINT ( 'NONE',  ( 3.000000000000000000, 43.00000000000000000, -2.569533031505919052 ) ) ;
#1754 = ORIENTED_EDGE ( 'NONE', *, *, #1597, .F. ) ;
#1755 = CARTESIAN_POINT ( 'NONE',  ( 32.00000000000000000, 75.00000000000000000, -4.709103465619133289 ) ) ;
#1756 = DIRECTION ( 'NONE',  ( -0.000000000000000000, 0.000000000000000000, -1.000000000000000000 ) ) ;
#1757 = ORIENTED_EDGE ( 'NONE', *, *, #915, .F. ) ;
#1758 = CARTESIAN_POINT ( 'NONE',  ( -32.00000000000000000, 74.50000000000000000, -8.000000000000000000 ) ) ;
#1759 = ORIENTED_EDGE ( 'NONE', *, *, #522, .F. ) ;
#1760 = LINE ( 'NONE', #107, #2695 ) ;
#1761 = CARTESIAN_POINT ( 'NONE',  ( 0.000000000000000000, 77.00000000000000000, 0.000000000000000000 ) ) ;
#1762 = EDGE_LOOP ( 'NONE', ( #1735, #1702 ) ) ;
#1763 = DIRECTION ( 'NONE',  ( 0.000000000000000000, 0.000000000000000000, 1.000000000000000000 ) ) ;
#1764 = DIRECTION ( 'NONE',  ( 0.8660254037844389297, -0.000000000000000000, 0.4999999999999994449 ) ) ;
#1765 = ORIENTED_EDGE ( 'NONE', *, *, #2249, .T. ) ;
#1766 = AXIS2_PLACEMENT_3D ( 'NONE', #3211, #774, #238 ) ;
#1767 = DIRECTION ( 'NONE',  ( 0.8660254037844387076, 0.000000000000000000, 0.4999999999999998890 ) ) ;
#1768 = DIRECTION ( 'NONE',  ( 0.000000000000000000, -0.000000000000000000, 1.000000000000000000 ) ) ;
#1769 = VERTEX_POINT ( 'NONE', #1753 ) ;
#1770 = DIRECTION ( 'NONE',  ( 0.000000000000000000, 0.000000000000000000, 1.000000000000000000 ) ) ;
#1771 = VECTOR ( 'NONE', #1247, 1000.000000000000000 ) ;
#1772 = VECTOR ( 'NONE', #3025, 1000.000000000000000 ) ;
#1773 = ADVANCED_FACE ( 'NONE', ( #1201 ), #1434, .T. ) ;
#1774 = DIRECTION ( 'NONE',  ( 1.000000000000000000, 0.000000000000000000, -0.000000000000000000 ) ) ;
#1775 = ORIENTED_EDGE ( 'NONE', *, *, #1636, .F. ) ;
#1776 = DIRECTION ( 'NONE',  ( 0.000000000000000000, 1.000000000000000000, 0.000000000000000000 ) ) ;
#1777 = CARTESIAN_POINT ( 'NONE',  ( -34.85000000000000142, 74.50000000000000000, -6.354551732809565756 ) ) ;
#1778 = CARTESIAN_POINT ( 'NONE',  ( -34.85000000000000142, 75.00000000000000000, -6.354551732809565756 ) ) ;
#1779 = VECTOR ( 'NONE', #2510, 1000.000000000000227 ) ;
#1780 = DIRECTION ( 'NONE',  ( 0.000000000000000000, 0.000000000000000000, 1.000000000000000000 ) ) ;
#1781 = DIRECTION ( 'NONE',  ( 0.000000000000000000, 0.000000000000000000, 1.000000000000000000 ) ) ;
#1782 = VERTEX_POINT ( 'NONE', #2841 ) ;
#1783 = EDGE_CURVE ( 'NONE', #2114, #1514, #1986, .T. ) ;
#1784 = EDGE_CURVE ( 'NONE', #2642, #2104, #1717, .T. ) ;
#1785 = DIRECTION ( 'NONE',  ( -1.054255858762918044E-15, 0.000000000000000000, 1.000000000000000000 ) ) ;
#1786 = AXIS2_PLACEMENT_3D ( 'NONE', #3220, #2056, #785 ) ;
#1787 = CARTESIAN_POINT ( 'NONE',  ( -32.00000000000000000, 75.00000000000000000, -4.709103465619133289 ) ) ;
#1788 = ORIENTED_EDGE ( 'NONE', *, *, #185, .T. ) ;
#1789 = CARTESIAN_POINT ( 'NONE',  ( 32.00000000000000000, 75.00000000000000000, 8.000000000000000000 ) ) ;
#1790 = VECTOR ( 'NONE', #2150, 1000.000000000000000 ) ;
#1791 = DIRECTION ( 'NONE',  ( 0.000000000000000000, 0.000000000000000000, 1.000000000000000000 ) ) ;
#1792 = AXIS2_PLACEMENT_3D ( 'NONE', #2524, #3067, #1723 ) ;
#1793 = VERTEX_POINT ( 'NONE', #3097 ) ;
#1794 = DIRECTION ( 'NONE',  ( 0.000000000000000000, 0.000000000000000000, -1.000000000000000000 ) ) ;
#1795 = EDGE_CURVE ( 'NONE', #2509, #867, #1006, .T. ) ;
#1796 = CARTESIAN_POINT ( 'NONE',  ( 1.466355937556611089, 44.94021071013498414, -0.9575670710578049194 ) ) ;
#1797 = DIRECTION ( 'NONE',  ( -1.054255858762918044E-15, 0.000000000000000000, 1.000000000000000000 ) ) ;
#1798 = CIRCLE ( 'NONE', #1970, 1.700000000000000178 ) ;
#1799 = DIRECTION ( 'NONE',  ( -0.8660254037844385966, 0.000000000000000000, -0.5000000000000001110 ) ) ;
#1800 = CARTESIAN_POINT ( 'NONE',  ( -32.00000000000000000, 75.00000000000000000, 8.000000000000000000 ) ) ;
#1801 = ORIENTED_EDGE ( 'NONE', *, *, #639, .T. ) ;
#1802 = EDGE_CURVE ( 'NONE', #793, #3233, #1562, .T. ) ;
#1803 = VERTEX_POINT ( 'NONE', #781 ) ;
#1804 = DIRECTION ( 'NONE',  ( 0.000000000000000000, -0.000000000000000000, 1.000000000000000000 ) ) ;
#1805 = ORIENTED_EDGE ( 'NONE', *, *, #42, .T. ) ;
#1806 = LINE ( 'NONE', #172, #473 ) ;
#1807 = DIRECTION ( 'NONE',  ( 0.000000000000000000, -0.000000000000000000, 1.000000000000000000 ) ) ;
#1808 = ORIENTED_EDGE ( 'NONE', *, *, #1416, .T. ) ;
#1809 = CC_DESIGN_PERSON_AND_ORGANIZATION_ASSIGNMENT ( #1538, #1522, ( #1177 ) ) ;
#1810 = DIRECTION ( 'NONE',  ( -0.000000000000000000, -1.000000000000000000, -0.000000000000000000 ) ) ;
#1811 = DIRECTION ( 'NONE',  ( 0.000000000000000000, 0.000000000000000000, 1.000000000000000000 ) ) ;
#1812 = DIRECTION ( 'NONE',  ( 1.054255858762918044E-15, 0.000000000000000000, -1.000000000000000000 ) ) ;
#1813 = EDGE_CURVE ( 'NONE', #390, #2179, #2587, .T. ) ;
#1814 = LINE ( 'NONE', #3439, #1405 ) ;
#1815 = CARTESIAN_POINT ( 'NONE',  ( -3.802474773444904699, 45.78947292788335943, 1.070964528425318196 ) ) ;
#1816 = EDGE_CURVE ( 'NONE', #2783, #19, #3216, .T. ) ;
#1817 = DIRECTION ( 'NONE',  ( 0.000000000000000000, 0.000000000000000000, 1.000000000000000000 ) ) ;
#1818 = ORIENTED_EDGE ( 'NONE', *, *, #1547, .T. ) ;
#1819 = EDGE_LOOP ( 'NONE', ( #311, #2471 ) ) ;
#1820 = EDGE_CURVE ( 'NONE', #3074, #1359, #2051, .T. ) ;
#1821 = EDGE_LOOP ( 'NONE', ( #2575, #2353, #332, #3435 ) ) ;
#1822 = DIRECTION ( 'NONE',  ( 0.000000000000000000, 0.000000000000000000, 1.000000000000000000 ) ) ;
#1823 = ORIENTED_EDGE ( 'NONE', *, *, #712, .F. ) ;
#1824 = LINE ( 'NONE', #2391, #937 ) ;
#1825 = ORIENTED_EDGE ( 'NONE', *, *, #2185, .F. ) ;
#1826 = CYLINDRICAL_SURFACE ( 'NONE', #128, 3.200000000000001510 ) ;
#1827 = CARTESIAN_POINT ( 'NONE',  ( -1.662629374353736589, 46.45596849534313577, 0.5628502833799271521 ) ) ;
#1828 = ORIENTED_EDGE ( 'NONE', *, *, #2112, .T. ) ;
#1829 = CARTESIAN_POINT ( 'NONE',  ( -32.00000000000000000, 75.00000000000000000, 8.000000000000000000 ) ) ;
#1830 = CARTESIAN_POINT ( 'NONE',  ( 0.000000000000000000, 72.00000000000000000, -6.000000000000000000 ) ) ;
#1831 = VECTOR ( 'NONE', #2082, 1000.000000000000000 ) ;
#1832 = LINE ( 'NONE', #1571, #1673 ) ;
#1833 = DIRECTION ( 'NONE',  ( -0.000000000000000000, 0.000000000000000000, -1.000000000000000000 ) ) ;
#1834 = AXIS2_PLACEMENT_3D ( 'NONE', #1030, #3208, #771 ) ;
#1835 = FACE_OUTER_BOUND ( 'NONE', #2638, .T. ) ;
#1836 = CARTESIAN_POINT ( 'NONE',  ( 32.00000000000000000, 75.00000000000000000, -8.000000000000000000 ) ) ;
#1837 = ORIENTED_EDGE ( 'NONE', *, *, #1168, .F. ) ;
#1838 = VECTOR ( 'NONE', #2940, 1000.000000000000000 ) ;
#1839 = AXIS2_PLACEMENT_3D ( 'NONE', #175, #2380, #1868 ) ;
#1840 = AXIS2_PLACEMENT_3D ( 'NONE', #1134, #1117, #1408 ) ;
#1841 = APPROVAL_STATUS ( 'not_yet_approved' ) ;
#1842 = LINE ( 'NONE', #3480, #1223 ) ;
#1843 = ORIENTED_EDGE ( 'NONE', *, *, #1232, .T. ) ;
#1844 = LINE ( 'NONE', #746, #2461 ) ;
#1845 = VECTOR ( 'NONE', #1807, 1000.000000000000000 ) ;
#1846 = CARTESIAN_POINT ( 'NONE',  ( -31.83520831611286184, 75.00000000000000000, -11.19575401132841463 ) ) ;
#1847 = ORIENTED_EDGE ( 'NONE', *, *, #962, .T. ) ;
#1848 = PLANE ( 'NONE',  #1839 ) ;
#1849 = CARTESIAN_POINT ( 'NONE',  ( 32.00000000000000000, 77.00000000000000000, -8.000000000000000000 ) ) ;
#1850 = DIRECTION ( 'NONE',  ( 0.8660254037844389297, 0.000000000000000000, -0.4999999999999995004 ) ) ;
#1851 = VECTOR ( 'NONE', #3199, 1000.000000000000000 ) ;
#1852 = EDGE_CURVE ( 'NONE', #1524, #2283, #1274, .T. ) ;
#1853 = CARTESIAN_POINT ( 'NONE',  ( 32.00000000000000000, 74.50000000000000000, -8.000000000000000000 ) ) ;
#1854 = DIRECTION ( 'NONE',  ( 0.000000000000000000, -0.000000000000000000, 1.000000000000000000 ) ) ;
#1855 = CARTESIAN_POINT ( 'NONE',  ( 32.00000000000000000, 75.00000000000000000, -9.700000000000001066 ) ) ;
#1856 = VERTEX_POINT ( 'NONE', #153 ) ;
#1857 = AXIS2_PLACEMENT_3D ( 'NONE', #1977, #2591, #693 ) ;
#1858 = ORIENTED_EDGE ( 'NONE', *, *, #2066, .F. ) ;
#1859 = EDGE_CURVE ( 'NONE', #239, #562, #3449, .T. ) ;
#1860 = DIRECTION ( 'NONE',  ( 1.000000000000000000, 0.000000000000000000, 0.000000000000000000 ) ) ;
#1861 = ADVANCED_FACE ( 'NONE', ( #1239 ), #2315, .F. ) ;
#1862 = DIRECTION ( 'NONE',  ( 0.8660254037844389297, 0.000000000000000000, -0.4999999999999995004 ) ) ;
#1863 = ORIENTED_EDGE ( 'NONE', *, *, #346, .F. ) ;
#1864 = EDGE_CURVE ( 'NONE', #1987, #2246, #2664, .T. ) ;
#1865 = DIRECTION ( 'NONE',  ( 0.000000000000000000, -0.000000000000000000, 1.000000000000000000 ) ) ;
#1866 = CARTESIAN_POINT ( 'NONE',  ( -1.517967581411531208, 46.17758124387187024, -0.8777322444836271886 ) ) ;
#1867 = ORIENTED_EDGE ( 'NONE', *, *, #1711, .F. ) ;
#1868 = DIRECTION ( 'NONE',  ( -0.000000000000000000, 0.000000000000000000, -1.000000000000000000 ) ) ;
#1869 = CARTESIAN_POINT ( 'NONE',  ( 1.713007534194597392, 44.45961322378952474, 0.3643685047911460195 ) ) ;
#1870 = DIRECTION ( 'NONE',  ( 0.000000000000000000, 0.000000000000000000, -1.000000000000000000 ) ) ;
#1871 = CARTESIAN_POINT ( 'NONE',  ( 32.00000000000000000, 75.00000000000000000, 11.29089653438086671 ) ) ;
#1872 = LINE ( 'NONE', #1286, #3158 ) ;
#1873 = CARTESIAN_POINT ( 'NONE',  ( -32.00000000000000000, 75.00000000000000000, 8.000000000000000000 ) ) ;
#1874 = CC_DESIGN_PERSON_AND_ORGANIZATION_ASSIGNMENT ( #2130, #3176, ( #1210 ) ) ;
#1875 = CARTESIAN_POINT ( 'NONE',  ( -29.14999999999999858, 75.00000000000000000, 6.354551732809566644 ) ) ;
#1876 = ORIENTED_EDGE ( 'NONE', *, *, #3119, .F. ) ;
#1877 = CARTESIAN_POINT ( 'NONE',  ( 32.00000000000000000, 74.50000000000000000, 8.000000000000000000 ) ) ;
#1878 = EDGE_LOOP ( 'NONE', ( #1980, #30, #3174, #1299 ) ) ;
#1879 = CARTESIAN_POINT ( 'NONE',  ( -3.941764845835240116, 44.42859269452080895, -0.2884068337442020069 ) ) ;
#1880 = CARTESIAN_POINT ( 'NONE',  ( -32.00000000000000000, 77.00000000000000000, -8.000000000000000000 ) ) ;
#1881 = CARTESIAN_POINT ( 'NONE',  ( -34.85000000000000142, 75.00000000000000000, -6.544836778914469022 ) ) ;
#1882 = VERTEX_POINT ( 'NONE', #1310 ) ;
#1883 = LINE ( 'NONE', #1871, #724 ) ;
#1884 = CARTESIAN_POINT ( 'NONE',  ( -3.892965539265425878, 46.37889243347261470, 0.6766987434967618453 ) ) ;
#1885 = FACE_OUTER_BOUND ( 'NONE', #1878, .T. ) ;
#1886 = VECTOR ( 'NONE', #1447, 1000.000000000000000 ) ;
#1887 = ORIENTED_EDGE ( 'NONE', *, *, #1235, .T. ) ;
#1888 = AXIS2_PLACEMENT_3D ( 'NONE', #2024, #3364, #2304 ) ;
#1889 = CC_DESIGN_APPROVAL ( #136, ( #3485 ) ) ;
#1890 = AXIS2_PLACEMENT_3D ( 'NONE', #1873, #2960, #526 ) ;
#1891 = EDGE_CURVE ( 'NONE', #665, #2624, #459, .T. ) ;
#1892 = VECTOR ( 'NONE', #2274, 1000.000000000000000 ) ;
#1893 = CARTESIAN_POINT ( 'NONE',  ( -32.16479168388714527, 74.50000000000000000, 4.804245988671586254 ) ) ;
#1894 = EDGE_CURVE ( 'NONE', #174, #1359, #2092, .T. ) ;
#1895 = DIRECTION ( 'NONE',  ( 0.000000000000000000, 1.000000000000000000, 0.000000000000000000 ) ) ;
#1896 = ORIENTED_EDGE ( 'NONE', *, *, #2312, .F. ) ;
#1897 = DIRECTION ( 'NONE',  ( 0.8660254037844389297, 0.000000000000000000, 0.4999999999999994449 ) ) ;
#1898 = DIRECTION ( 'NONE',  ( -0.8660254037844389297, 0.000000000000000000, 0.4999999999999993894 ) ) ;
#1899 = EDGE_CURVE ( 'NONE', #44, #129, #2606, .T. ) ;
#1900 = CARTESIAN_POINT ( 'NONE',  ( -34.85000000000000142, 75.00000000000000000, -6.354551732809565756 ) ) ;
#1901 = ORIENTED_EDGE ( 'NONE', *, *, #1448, .T. ) ;
#1902 = EDGE_CURVE ( 'NONE', #51, #949, #1824, .T. ) ;
#1903 = EDGE_LOOP ( 'NONE', ( #826, #357 ) ) ;
#1904 = LINE ( 'NONE', #3049, #437 ) ;
#1905 = VECTOR ( 'NONE', #2000, 1000.000000000000000 ) ;
#1906 = DIRECTION ( 'NONE',  ( 0.000000000000000000, -1.000000000000000000, 0.000000000000000000 ) ) ;
#1907 = VERTEX_POINT ( 'NONE', #1252 ) ;
#1908 = DIRECTION ( 'NONE',  ( 0.000000000000000000, 0.000000000000000000, -1.000000000000000000 ) ) ;
#1909 = VECTOR ( 'NONE', #191, 1000.000000000000000 ) ;
#1910 = ORIENTED_EDGE ( 'NONE', *, *, #1147, .T. ) ;
#1911 = ORIENTED_EDGE ( 'NONE', *, *, #1079, .T. ) ;
#1912 = AXIS2_PLACEMENT_3D ( 'NONE', #2922, #1573, #2657 ) ;
#1913 = VECTOR ( 'NONE', #2016, 1000.000000000000000 ) ;
#1914 = CARTESIAN_POINT ( 'NONE',  ( 32.16479168388714527, 75.00000000000000000, 4.804245988671586254 ) ) ;
#1915 = ADVANCED_FACE ( 'NONE', ( #2647, #2374, #3427, #2932, #986, #2070 ), #3161, .F. ) ;
#1916 = LINE ( 'NONE', #3273, #832 ) ;
#1917 = ORIENTED_EDGE ( 'NONE', *, *, #3381, .F. ) ;
#1918 = CARTESIAN_POINT ( 'NONE',  ( -34.85000000000000142, 75.00000000000000000, 9.455163221085530978 ) ) ;
#1919 = DIRECTION ( 'NONE',  ( 0.000000000000000000, 0.000000000000000000, 1.000000000000000000 ) ) ;
#1920 = DIRECTION ( 'NONE',  ( -0.8660254037844388186, 0.000000000000000000, -0.4999999999999996114 ) ) ;
#1921 = VERTEX_POINT ( 'NONE', #2891 ) ;
#1922 = EDGE_LOOP ( 'NONE', ( #3422, #942 ) ) ;
#1923 = CC_DESIGN_PERSON_AND_ORGANIZATION_ASSIGNMENT ( #2149, #2947, ( #1138 ) ) ;
#1924 = DIRECTION ( 'NONE',  ( 0.000000000000000000, -0.000000000000000000, 1.000000000000000000 ) ) ;
#1925 = DIRECTION ( 'NONE',  ( 0.000000000000000000, -0.000000000000000000, 1.000000000000000000 ) ) ;
#1926 = CARTESIAN_POINT ( 'NONE',  ( 29.31479168388714385, 75.00000000000000000, -6.259409209757110126 ) ) ;
#1927 = EDGE_LOOP ( 'NONE', ( #168, #1960, #465, #594, #2422, #680, #1847, #1403 ) ) ;
#1928 = EDGE_LOOP ( 'NONE', ( #2946, #1917, #598, #1253 ) ) ;
#1929 = ORIENTED_EDGE ( 'NONE', *, *, #2917, .F. ) ;
#1930 = EDGE_CURVE ( 'NONE', #778, #3253, #2909, .T. ) ;
#1931 = DIRECTION ( 'NONE',  ( 0.000000000000000000, 0.000000000000000000, 1.000000000000000000 ) ) ;
#1932 = LINE ( 'NONE', #2153, #3443 ) ;
#1933 = ORIENTED_EDGE ( 'NONE', *, *, #1656, .F. ) ;
#1934 = LINE ( 'NONE', #1918, #2573 ) ;
#1935 = DIRECTION ( 'NONE',  ( 0.000000000000000000, 1.000000000000000000, 0.000000000000000000 ) ) ;
#1936 = LINE ( 'NONE', #403, #3142 ) ;
#1937 = VERTEX_POINT ( 'NONE', #3466 ) ;
#1938 = EDGE_LOOP ( 'NONE', ( #1496, #696 ) ) ;
#1939 = DIRECTION ( 'NONE',  ( 0.000000000000000000, -1.000000000000000000, 0.000000000000000000 ) ) ;
#1940 = PLANE ( 'NONE',  #255 ) ;
#1941 = FACE_OUTER_BOUND ( 'NONE', #3149, .T. ) ;
#1942 = ORIENTED_EDGE ( 'NONE', *, *, #3019, .T. ) ;
#1943 = DIRECTION ( 'NONE',  ( 0.000000000000000000, 1.000000000000000000, 0.000000000000000000 ) ) ;
#1944 = ORIENTED_EDGE ( 'NONE', *, *, #2857, .F. ) ;
#1945 = ORIENTED_EDGE ( 'NONE', *, *, #233, .F. ) ;
#1946 = ORIENTED_EDGE ( 'NONE', *, *, #1386, .T. ) ;
#1947 = AXIS2_PLACEMENT_3D ( 'NONE', #1778, #1549, #2635 ) ;
#1948 = AXIS2_PLACEMENT_3D ( 'NONE', #303, #3410, #2208 ) ;
#1949 = CIRCLE ( 'NONE', #3431, 6.000000000000000000 ) ;
#1950 = LINE ( 'NONE', #318, #3046 ) ;
#1951 = ORIENTED_EDGE ( 'NONE', *, *, #2902, .T. ) ;
#1952 = CARTESIAN_POINT ( 'NONE',  ( -32.00000000000000000, 75.00000000000000000, 11.29089653438086671 ) ) ;
#1953 = CARTESIAN_POINT ( 'NONE',  ( -32.00000000000000000, 75.00000000000000000, 11.29089653438086671 ) ) ;
#1954 = VECTOR ( 'NONE', #976, 1000.000000000000000 ) ;
#1955 = DIRECTION ( 'NONE',  ( -1.000000000000000000, 0.000000000000000000, 0.000000000000000000 ) ) ;
#1956 = DIRECTION ( 'NONE',  ( 0.000000000000000000, -1.000000000000000000, 0.000000000000000000 ) ) ;
#1957 = DIRECTION ( 'NONE',  ( 0.000000000000000000, 1.000000000000000000, 0.000000000000000000 ) ) ;
#1958 = ORIENTED_EDGE ( 'NONE', *, *, #2066, .T. ) ;
#1959 = DIRECTION ( 'NONE',  ( 1.054255858762918044E-15, 0.000000000000000000, -1.000000000000000000 ) ) ;
#1960 = ORIENTED_EDGE ( 'NONE', *, *, #1891, .T. ) ;
#1961 = DIRECTION ( 'NONE',  ( 0.000000000000000000, -1.000000000000000000, 0.000000000000000000 ) ) ;
#1962 = EDGE_CURVE ( 'NONE', #793, #502, #1842, .T. ) ;
#1963 = AXIS2_PLACEMENT_3D ( 'NONE', #836, #3521, #2204 ) ;
#1964 = VERTEX_POINT ( 'NONE', #2131 ) ;
#1965 = ORIENTED_EDGE ( 'NONE', *, *, #1691, .T. ) ;
#1966 = CIRCLE ( 'NONE', #1346, 3.200000000000001510 ) ;
#1967 = AXIS2_PLACEMENT_3D ( 'NONE', #3451, #3163, #1770 ) ;
#1968 = EDGE_CURVE ( 'NONE', #1651, #409, #1353, .T. ) ;
#1969 = EDGE_CURVE ( 'NONE', #2078, #23, #264, .T. ) ;
#1970 = AXIS2_PLACEMENT_3D ( 'NONE', #1836, #2659, #1053 ) ;
#1971 = EDGE_CURVE ( 'NONE', #2215, #2748, #1450, .T. ) ;
#1972 = LINE ( 'NONE', #2538, #2413 ) ;
#1973 = EDGE_LOOP ( 'NONE', ( #2908, #2503, #1269, #2254, #1275, #2564, #749, #2612 ) ) ;
#1974 = DIRECTION ( 'NONE',  ( 0.000000000000000000, -0.000000000000000000, 1.000000000000000000 ) ) ;
#1975 = CARTESIAN_POINT ( 'NONE',  ( 1.518009725658947096, 46.17771741071748437, 0.8777313489481728404 ) ) ;
#1976 = EDGE_CURVE ( 'NONE', #2882, #1024, #2963, .T. ) ;
#1977 = CARTESIAN_POINT ( 'NONE',  ( 29.14999999999999858, 75.00000000000000000, -6.354551732809565756 ) ) ;
#1978 = VERTEX_POINT ( 'NONE', #3520 ) ;
#1979 = CARTESIAN_POINT ( 'NONE',  ( -29.14999999999999858, 75.00000000000000000, -9.645448267190433356 ) ) ;
#1980 = ORIENTED_EDGE ( 'NONE', *, *, #4, .F. ) ;
#1981 = DIRECTION ( 'NONE',  ( 0.000000000000000000, -1.000000000000000000, 0.000000000000000000 ) ) ;
#1982 = CARTESIAN_POINT ( 'NONE',  ( 32.00000000000000000, 77.00000000000000000, 9.700000000000001066 ) ) ;
#1983 = ORIENTED_EDGE ( 'NONE', *, *, #496, .T. ) ;
#1984 = VERTEX_POINT ( 'NONE', #3360 ) ;
#1985 = EDGE_CURVE ( 'NONE', #3066, #390, #3270, .T. ) ;
#1986 = LINE ( 'NONE', #3076, #2985 ) ;
#1987 = VERTEX_POINT ( 'NONE', #1078 ) ;
#1988 = CARTESIAN_POINT ( 'NONE',  ( -34.68520831611286326, 74.50000000000000000, 6.259409209757114567 ) ) ;
#1989 = CARTESIAN_POINT ( 'NONE',  ( 1.616070488470637612, 46.37559557304474822, -0.6804954446168893778 ) ) ;
#1990 = CARTESIAN_POINT ( 'NONE',  ( 34.85000000000000853, 72.00000000000000000, 9.645448267190429803 ) ) ;
#1991 = ORIENTED_EDGE ( 'NONE', *, *, #499, .F. ) ;
#1992 = DIRECTION ( 'NONE',  ( 0.000000000000000000, -1.000000000000000000, 0.000000000000000000 ) ) ;
#1993 = CARTESIAN_POINT ( 'NONE',  ( 32.00000000000000000, 74.50000000000000000, 8.000000000000000000 ) ) ;
#1994 = CARTESIAN_POINT ( 'NONE',  ( -29.15000000000000213, 75.00000000000000000, 9.645448267190435132 ) ) ;
#1995 = VERTEX_POINT ( 'NONE', #1368 ) ;
#1996 = LINE ( 'NONE', #1185, #1790 ) ;
#1997 = VERTEX_POINT ( 'NONE', #2699 ) ;
#1998 = EDGE_CURVE ( 'NONE', #2842, #584, #2250, .T. ) ;
#1999 = LOCAL_TIME ( 21, 39, 44.00000000000000000, #3160 ) ;
#2000 = DIRECTION ( 'NONE',  ( 1.054255858762918044E-15, 0.000000000000000000, -1.000000000000000000 ) ) ;
#2001 = VERTEX_POINT ( 'NONE', #2720 ) ;
#2002 = CIRCLE ( 'NONE', #1719, 1.100000000000000089 ) ;
#2003 = LINE ( 'NONE', #1153, #2974 ) ;
#2004 = AXIS2_PLACEMENT_3D ( 'NONE', #597, #39, #1925 ) ;
#2005 = AXIS2_PLACEMENT_3D ( 'NONE', #806, #1660, #2441 ) ;
#2006 = CARTESIAN_POINT ( 'NONE',  ( 44.00000000000000000, 45.50000000000000000, -1.100000000000000089 ) ) ;
#2007 = VERTEX_POINT ( 'NONE', #1648 ) ;
#2008 = AXIS2_PLACEMENT_3D ( 'NONE', #2723, #3063, #1974 ) ;
#2009 = EDGE_CURVE ( 'NONE', #2433, #714, #913, .T. ) ;
#2010 = DIRECTION ( 'NONE',  ( 0.000000000000000000, 1.000000000000000000, 0.000000000000000000 ) ) ;
#2011 = DIRECTION ( 'NONE',  ( -0.000000000000000000, 1.000000000000000000, -0.000000000000000000 ) ) ;
#2012 = LINE ( 'NONE', #1994, #2338 ) ;
#2013 = EDGE_CURVE ( 'NONE', #2311, #2302, #1996, .T. ) ;
#2014 = VERTEX_POINT ( 'NONE', #1914 ) ;
#2015 = DIRECTION ( 'NONE',  ( 0.000000000000000000, 0.000000000000000000, 1.000000000000000000 ) ) ;
#2016 = DIRECTION ( 'NONE',  ( -0.000000000000000000, 1.000000000000000000, -0.000000000000000000 ) ) ;
#2017 = ORIENTED_EDGE ( 'NONE', *, *, #3442, .F. ) ;
#2018 = AXIS2_PLACEMENT_3D ( 'NONE', #118, #2272, #392 ) ;
#2019 = VECTOR ( 'NONE', #26, 1000.000000000000000 ) ;
#2020 = CARTESIAN_POINT ( 'NONE',  ( 0.000000000000000000, 72.00000000000000000, -1.750000000000000000 ) ) ;
#2021 = LINE ( 'NONE', #951, #2352 ) ;
#2022 = EDGE_LOOP ( 'NONE', ( #2269, #1718 ) ) ;
#2023 = CIRCLE ( 'NONE', #3447, 1.700000000000000178 ) ;
#2024 = CARTESIAN_POINT ( 'NONE',  ( -32.00000000000000000, 75.00000000000000000, 8.000000000000000000 ) ) ;
#2025 = CIRCLE ( 'NONE', #2999, 6.000000000000000000 ) ;
#2026 = FACE_OUTER_BOUND ( 'NONE', #477, .T. ) ;
#2027 = VERTEX_POINT ( 'NONE', #3504 ) ;
#2028 = FACE_OUTER_BOUND ( 'NONE', #305, .T. ) ;
#2029 = ORIENTED_EDGE ( 'NONE', *, *, #2198, .F. ) ;
#2030 = DIRECTION ( 'NONE',  ( 0.8660254037844385966, 0.000000000000000000, 0.5000000000000001110 ) ) ;
#2031 = CARTESIAN_POINT ( 'NONE',  ( 31.83520831611286184, 74.50000000000000000, -4.804245988671586254 ) ) ;
#2032 = DIRECTION ( 'NONE',  ( 0.000000000000000000, -1.000000000000000000, 0.000000000000000000 ) ) ;
#2033 = CARTESIAN_POINT ( 'NONE',  ( 7.347880794884119736E-16, 72.00000000000000000, 6.000000000000000000 ) ) ;
#2034 = ORIENTED_EDGE ( 'NONE', *, *, #2863, .F. ) ;
#2035 = EDGE_CURVE ( 'NONE', #1782, #1645, #144, .T. ) ;
#2036 = FACE_OUTER_BOUND ( 'NONE', #2335, .T. ) ;
#2037 = CARTESIAN_POINT ( 'NONE',  ( -34.68520831611286326, 75.00000000000000000, -9.740590790242887209 ) ) ;
#2038 = VERTEX_POINT ( 'NONE', #3021 ) ;
#2039 = CARTESIAN_POINT ( 'NONE',  ( 29.14999999999999858, 75.00000000000000000, 6.354551732809566644 ) ) ;
#2040 = CARTESIAN_POINT ( 'NONE',  ( -29.15000000000000213, 72.00000000000000000, 9.645448267190433356 ) ) ;
#2041 = EDGE_LOOP ( 'NONE', ( #2297, #2889, #2996, #2096 ) ) ;
#2042 = FACE_OUTER_BOUND ( 'NONE', #2953, .T. ) ;
#2043 = ORIENTED_EDGE ( 'NONE', *, *, #3123, .T. ) ;
#2044 = PLANE ( 'NONE',  #2980 ) ;
#2045 = CARTESIAN_POINT ( 'NONE',  ( -29.15000000000000213, 75.00000000000000000, -6.544836778914469022 ) ) ;
#2046 = CARTESIAN_POINT ( 'NONE',  ( -29.15000000000000213, 74.50000000000000000, -6.354551732809564868 ) ) ;
#2047 = DIRECTION ( 'NONE',  ( 0.000000000000000000, 0.000000000000000000, 1.000000000000000000 ) ) ;
#2048 = ORIENTED_EDGE ( 'NONE', *, *, #2599, .T. ) ;
#2049 = CARTESIAN_POINT ( 'NONE',  ( -32.00000000000000000, 75.00000000000000000, 4.709103465619133289 ) ) ;
#2050 = ADVANCED_FACE ( 'NONE', ( #2165 ), #2263, .T. ) ;
#2051 = LINE ( 'NONE', #3196, #90 ) ;
#2052 = ORIENTED_EDGE ( 'NONE', *, *, #2902, .F. ) ;
#2053 = CARTESIAN_POINT ( 'NONE',  ( 29.14999999999999858, 75.00000000000000000, -6.354551732809565756 ) ) ;
#2054 = AXIS2_PLACEMENT_3D ( 'NONE', #735, #433, #413 ) ;
#2055 = AXIS2_PLACEMENT_3D ( 'NONE', #3007, #1653, #2468 ) ;
#2056 = DIRECTION ( 'NONE',  ( 0.000000000000000000, -1.000000000000000000, 0.000000000000000000 ) ) ;
#2057 = ORIENTED_EDGE ( 'NONE', *, *, #419, .F. ) ;
#2058 = LINE ( 'NONE', #2883, #1444 ) ;
#2059 = CARTESIAN_POINT ( 'NONE',  ( 1.663242114360625745, 44.54296712116832424, -0.5612529276161802860 ) ) ;
#2060 = VECTOR ( 'NONE', #1850, 1000.000000000000114 ) ;
#2061 = VECTOR ( 'NONE', #1678, 1000.000000000000000 ) ;
#2062 = FACE_BOUND ( 'NONE', #1922, .T. ) ;
#2063 = AXIS2_PLACEMENT_3D ( 'NONE', #923, #3356, #909 ) ;
#2064 = CARTESIAN_POINT ( 'NONE',  ( 32.00000000000000000, 77.00000000000000000, 8.000000000000000000 ) ) ;
#2065 = CARTESIAN_POINT ( 'NONE',  ( 29.14999999999999858, 74.50000000000000000, -6.354551732809565756 ) ) ;
#2066 = EDGE_CURVE ( 'NONE', #977, #3233, #514, .T. ) ;
#2067 = VERTEX_POINT ( 'NONE', #1111 ) ;
#2068 = EDGE_CURVE ( 'NONE', #2899, #1278, #1616, .T. ) ;
#2069 = VECTOR ( 'NONE', #1369, 1000.000000000000000 ) ;
#2070 = FACE_BOUND ( 'NONE', #205, .T. ) ;
#2071 = ORIENTED_EDGE ( 'NONE', *, *, #3271, .T. ) ;
#2072 = DIRECTION ( 'NONE',  ( -0.8660254037844385966, 0.000000000000000000, -0.5000000000000001110 ) ) ;
#2073 = EDGE_CURVE ( 'NONE', #2341, #68, #2680, .T. ) ;
#2074 = VECTOR ( 'NONE', #834, 1000.000000000000000 ) ;
#2075 = EDGE_CURVE ( 'NONE', #1159, #1145, #2464, .T. ) ;
#2076 = CYLINDRICAL_SURFACE ( 'NONE', #1732, 3.950000000000000178 ) ;
#2077 = VECTOR ( 'NONE', #1939, 1000.000000000000000 ) ;
#2078 = VERTEX_POINT ( 'NONE', #1329 ) ;
#2079 = LINE ( 'NONE', #732, #2235 ) ;
#2080 = ORIENTED_EDGE ( 'NONE', *, *, #608, .T. ) ;
#2081 = DIRECTION ( 'NONE',  ( 0.000000000000000000, 1.000000000000000000, 0.000000000000000000 ) ) ;
#2082 = DIRECTION ( 'NONE',  ( -0.000000000000000000, 1.000000000000000000, -0.000000000000000000 ) ) ;
#2083 = EDGE_CURVE ( 'NONE', #547, #3240, #2410, .T. ) ;
#2084 = EDGE_LOOP ( 'NONE', ( #2676, #2949, #2884, #2703, #3245, #3519 ) ) ;
#2085 = AXIS2_PLACEMENT_3D ( 'NONE', #700, #1470, #1251 ) ;
#2086 = FACE_OUTER_BOUND ( 'NONE', #2231, .T. ) ;
#2087 = DIRECTION ( 'NONE',  ( 0.000000000000000000, 0.000000000000000000, 1.000000000000000000 ) ) ;
#2088 = DIRECTION ( 'NONE',  ( -0.000000000000000000, -1.000000000000000000, -0.000000000000000000 ) ) ;
#2089 = ORIENTED_EDGE ( 'NONE', *, *, #355, .F. ) ;
#2090 = ORIENTED_EDGE ( 'NONE', *, *, #1593, .F. ) ;
#2091 = PERSON_AND_ORGANIZATION ( #884, #2747 ) ;
#2092 = LINE ( 'NONE', #744, #3336 ) ;
#2093 = ORIENTED_EDGE ( 'NONE', *, *, #1565, .F. ) ;
#2094 = CARTESIAN_POINT ( 'NONE',  ( -32.00000000000000000, 77.00000000000000000, -8.000000000000000000 ) ) ;
#2095 = DIRECTION ( 'NONE',  ( -0.000000000000000000, 0.000000000000000000, 1.000000000000000000 ) ) ;
#2096 = ORIENTED_EDGE ( 'NONE', *, *, #2035, .T. ) ;
#2097 = CARTESIAN_POINT ( 'NONE',  ( -3.793744851726333245, 45.35389745986240229, 1.100000000000000089 ) ) ;
#2098 = ORIENTED_EDGE ( 'NONE', *, *, #809, .T. ) ;
#2099 = DIRECTION ( 'NONE',  ( 0.000000000000000000, -1.000000000000000000, 0.000000000000000000 ) ) ;
#2100 = DIRECTION ( 'NONE',  ( 0.000000000000000000, 0.000000000000000000, 1.000000000000000000 ) ) ;
#2101 = CARTESIAN_POINT ( 'NONE',  ( -32.00000000000000000, 75.00000000000000000, -11.29089653438086671 ) ) ;
#2102 = DIRECTION ( 'NONE',  ( 0.000000000000000000, -0.000000000000000000, 1.000000000000000000 ) ) ;
#2103 = DIRECTION ( 'NONE',  ( -0.8660254037844387076, 0.000000000000000000, -0.4999999999999999445 ) ) ;
#2104 = VERTEX_POINT ( 'NONE', #3236 ) ;
#2105 = VERTEX_POINT ( 'NONE', #2532 ) ;
#2106 = ORIENTED_EDGE ( 'NONE', *, *, #2163, .F. ) ;
#2107 = DATE_TIME_ROLE ( 'classification_date' ) ;
#2108 = DIRECTION ( 'NONE',  ( 0.000000000000000000, -1.000000000000000000, 0.000000000000000000 ) ) ;
#2109 = VERTEX_POINT ( 'NONE', #1893 ) ;
#2110 = LINE ( 'NONE', #728, #1174 ) ;
#2111 = EDGE_CURVE ( 'NONE', #2678, #1394, #795, .T. ) ;
#2112 = EDGE_CURVE ( 'NONE', #2104, #2193, #374, .T. ) ;
#2113 = CARTESIAN_POINT ( 'NONE',  ( 0.000000000000000000, 72.00000000000000000, 0.000000000000000000 ) ) ;
#2114 = VERTEX_POINT ( 'NONE', #699 ) ;
#2115 = CARTESIAN_POINT ( 'NONE',  ( -3.892979850549308729, 44.62097836517529714, -0.6766902772966383317 ) ) ;
#2116 = DIRECTION ( 'NONE',  ( 0.000000000000000000, 0.000000000000000000, 1.000000000000000000 ) ) ;
#2117 = AXIS2_PLACEMENT_3D ( 'NONE', #1085, #3473, #1870 ) ;
#2118 = DIRECTION ( 'NONE',  ( 0.000000000000000000, 0.000000000000000000, 1.000000000000000000 ) ) ;
#2119 = EDGE_CURVE ( 'NONE', #714, #14, #3440, .T. ) ;
#2120 = DIRECTION ( 'NONE',  ( 0.000000000000000000, 1.000000000000000000, 0.000000000000000000 ) ) ;
#2121 = CC_DESIGN_APPROVAL ( #2880, ( #1210 ) ) ;
#2122 = FACE_OUTER_BOUND ( 'NONE', #1086, .T. ) ;
#2123 = DIRECTION ( 'NONE',  ( 0.000000000000000000, 1.000000000000000000, 0.000000000000000000 ) ) ;
#2124 = AXIS2_PLACEMENT_3D ( 'NONE', #1029, #2081, #3489 ) ;
#2125 = EDGE_CURVE ( 'NONE', #1216, #566, #722, .T. ) ;
#2126 = VECTOR ( 'NONE', #800, 1000.000000000000000 ) ;
#2127 = EDGE_LOOP ( 'NONE', ( #1215, #557 ) ) ;
#2128 = EDGE_LOOP ( 'NONE', ( #823, #550, #3197, #3513 ) ) ;
#2129 = VECTOR ( 'NONE', #622, 1000.000000000000000 ) ;
#2130 = PERSON_AND_ORGANIZATION ( #884, #2747 ) ;
#2131 = CARTESIAN_POINT ( 'NONE',  ( -31.83520831611286184, 75.00000000000000000, 11.19575401132841463 ) ) ;
#2132 = ORIENTED_EDGE ( 'NONE', *, *, #1271, .T. ) ;
#2133 = DIRECTION ( 'NONE',  ( 0.000000000000000000, -1.000000000000000000, 0.000000000000000000 ) ) ;
#2134 = AXIS2_PLACEMENT_3D ( 'NONE', #3309, #1650, #266 ) ;
#2135 = CARTESIAN_POINT ( 'NONE',  ( -1.616067860719646365, 46.37553760300830419, -0.6804146829483240788 ) ) ;
#2136 = EDGE_LOOP ( 'NONE', ( #2543, #2554, #1965, #2821 ) ) ;
#2137 = CARTESIAN_POINT ( 'NONE',  ( -3.852222594376606413, 44.82397793354609661, -0.8795356340393964967 ) ) ;
#2138 = VECTOR ( 'NONE', #3143, 1000.000000000000000 ) ;
#2139 = CARTESIAN_POINT ( 'NONE',  ( 1.517669449218297606, 44.82308529789002449, 0.8782258549558219496 ) ) ;
#2140 = DIRECTION ( 'NONE',  ( 0.000000000000000000, 0.000000000000000000, -1.000000000000000000 ) ) ;
#2141 = CIRCLE ( 'NONE', #1511, 3.950000000000000178 ) ;
#2142 = CARTESIAN_POINT ( 'NONE',  ( -32.00000000000000000, 75.00000000000000000, 4.709103465619133289 ) ) ;
#2143 = CARTESIAN_POINT ( 'NONE',  ( 29.31479168388714385, 75.00000000000000000, 6.259409209757111903 ) ) ;
#2144 = LINE ( 'NONE', #2924, #894 ) ;
#2145 = ORIENTED_EDGE ( 'NONE', *, *, #606, .F. ) ;
#2146 = AXIS2_PLACEMENT_3D ( 'NONE', #907, #2864, #2844 ) ;
#2147 = CIRCLE ( 'NONE', #619, 1.700000000000000178 ) ;
#2148 = ORIENTED_EDGE ( 'NONE', *, *, #2451, .F. ) ;
#2149 = PERSON_AND_ORGANIZATION ( #884, #2747 ) ;
#2150 = DIRECTION ( 'NONE',  ( 0.000000000000000000, -1.000000000000000000, 0.000000000000000000 ) ) ;
#2151 = ORIENTED_EDGE ( 'NONE', *, *, #689, .F. ) ;
#2152 = EDGE_CURVE ( 'NONE', #3017, #2500, #2838, .T. ) ;
#2153 = CARTESIAN_POINT ( 'NONE',  ( 0.000000000000000000, 43.00000000000000000, -2.249999999999946709 ) ) ;
#2154 = ORIENTED_EDGE ( 'NONE', *, *, #2895, .T. ) ;
#2155 = CARTESIAN_POINT ( 'NONE',  ( -3.793744851726326139, 45.50000000000000000, -1.100000000000000089 ) ) ;
#2156 = DIRECTION ( 'NONE',  ( 0.000000000000000000, 0.000000000000000000, 1.000000000000000000 ) ) ;
#2157 = DIRECTION ( 'NONE',  ( 0.000000000000000000, -1.000000000000000000, 0.000000000000000000 ) ) ;
#2158 = ORIENTED_EDGE ( 'NONE', *, *, #2488, .F. ) ;
#2159 = LINE ( 'NONE', #1016, #1629 ) ;
#2160 = CARTESIAN_POINT ( 'NONE',  ( 32.00000000000000000, 74.50000000000000000, 8.000000000000000000 ) ) ;
#2161 = DIRECTION ( 'NONE',  ( 0.000000000000000000, -1.000000000000000000, 0.000000000000000000 ) ) ;
#2162 = EDGE_LOOP ( 'NONE', ( #2209, #1402 ) ) ;
#2163 = EDGE_CURVE ( 'NONE', #2014, #2105, #928, .T. ) ;
#2164 = EDGE_CURVE ( 'NONE', #3073, #891, #998, .T. ) ;
#2165 = FACE_OUTER_BOUND ( 'NONE', #855, .T. ) ;
#2166 = EDGE_CURVE ( 'NONE', #2511, #3073, #3108, .T. ) ;
#2167 = DIRECTION ( 'NONE',  ( 0.000000000000000000, 0.000000000000000000, -1.000000000000000000 ) ) ;
#2168 = ORIENTED_EDGE ( 'NONE', *, *, #661, .T. ) ;
#2169 = CARTESIAN_POINT ( 'NONE',  ( 32.00000000000000000, 74.50000000000000000, 8.000000000000000000 ) ) ;
#2170 = LINE ( 'NONE', #539, #2406 ) ;
#2171 = DIRECTION ( 'NONE',  ( 0.000000000000000000, -1.000000000000000000, 0.000000000000000000 ) ) ;
#2172 = ORIENTED_EDGE ( 'NONE', *, *, #2221, .T. ) ;
#2173 = CARTESIAN_POINT ( 'NONE',  ( -32.00000000000000000, 77.00000000000000000, 6.299999999999999822 ) ) ;
#2174 = CARTESIAN_POINT ( 'NONE',  ( -34.85000000000000142, 74.50000000000000000, 9.645448267190433356 ) ) ;
#2175 = CARTESIAN_POINT ( 'NONE',  ( 0.000000000000000000, 43.00000000000000000, -2.249999999999946709 ) ) ;
#2176 = AXIS2_PLACEMENT_3D ( 'NONE', #2764, #1410, #3333 ) ;
#2177 = VERTEX_POINT ( 'NONE', #452 ) ;
#2178 = CIRCLE ( 'NONE', #1325, 3.200000000000001510 ) ;
#2179 = VERTEX_POINT ( 'NONE', #1730 ) ;
#2180 = ADVANCED_FACE ( 'NONE', ( #435 ), #2579, .F. ) ;
#2181 = AXIS2_PLACEMENT_3D ( 'NONE', #1654, #3296, #1393 ) ;
#2182 = VECTOR ( 'NONE', #2800, 1000.000000000000000 ) ;
#2183 = VECTOR ( 'NONE', #69, 1000.000000000000000 ) ;
#2184 = DIRECTION ( 'NONE',  ( 0.000000000000000000, -1.000000000000000000, 0.000000000000000000 ) ) ;
#2185 = EDGE_CURVE ( 'NONE', #3233, #257, #655, .T. ) ;
#2186 = CARTESIAN_POINT ( 'NONE',  ( -32.00000000000000000, 75.00000000000000000, 8.000000000000000000 ) ) ;
#2187 = ORIENTED_EDGE ( 'NONE', *, *, #3019, .F. ) ;
#2188 = LINE ( 'NONE', #1689, #2921 ) ;
#2189 = ADVANCED_FACE ( 'NONE', ( #1746 ), #2327, .F. ) ;
#2190 = LINE ( 'NONE', #851, #701 ) ;
#2191 = ADVANCED_FACE ( 'NONE', ( #2822 ), #1469, .F. ) ;
#2192 = CARTESIAN_POINT ( 'NONE',  ( 32.00000000000000000, 75.00000000000000000, 8.000000000000000000 ) ) ;
#2193 = VERTEX_POINT ( 'NONE', #3406 ) ;
#2194 = DIRECTION ( 'NONE',  ( 0.8660254037844387076, 0.000000000000000000, 0.4999999999999999445 ) ) ;
#2195 = DIRECTION ( 'NONE',  ( 0.000000000000000000, -0.000000000000000000, 1.000000000000000000 ) ) ;
#2196 = LINE ( 'NONE', #3286, #249 ) ;
#2197 = ORIENTED_EDGE ( 'NONE', *, *, #625, .F. ) ;
#2198 = EDGE_CURVE ( 'NONE', #2105, #3249, #1198, .T. ) ;
#2199 = VECTOR ( 'NONE', #2756, 1000.000000000000114 ) ;
#2200 = EDGE_LOOP ( 'NONE', ( #1338, #716, #2834, #604, #1945, #2316, #2619, #2154 ) ) ;
#2201 = VERTEX_POINT ( 'NONE', #1518 ) ;
#2202 = AXIS2_PLACEMENT_3D ( 'NONE', #754, #1262, #1833 ) ;
#2203 = CARTESIAN_POINT ( 'NONE',  ( -34.85000000000000142, 75.00000000000000000, 9.645448267190433356 ) ) ;
#2204 = DIRECTION ( 'NONE',  ( 0.000000000000000000, -0.000000000000000000, 1.000000000000000000 ) ) ;
#2205 = VERTEX_POINT ( 'NONE', #125 ) ;
#2206 = CARTESIAN_POINT ( 'NONE',  ( 4.837354856632044071E-16, 43.00000000000000000, 3.950000000000000178 ) ) ;
#2207 = LINE ( 'NONE', #3045, #1554 ) ;
#2208 = DIRECTION ( 'NONE',  ( 0.000000000000000000, 0.000000000000000000, 1.000000000000000000 ) ) ;
#2209 = ORIENTED_EDGE ( 'NONE', *, *, #1013, .T. ) ;
#2210 = DIRECTION ( 'NONE',  ( 0.000000000000000000, 1.000000000000000000, 0.000000000000000000 ) ) ;
#2211 = CARTESIAN_POINT ( 'NONE',  ( -29.31479168388714029, 74.50000000000000000, -6.259409209757112791 ) ) ;
#2212 = CARTESIAN_POINT ( 'NONE',  ( 29.14999999999999858, 75.00000000000000000, -9.455163221085523872 ) ) ;
#2213 = DIRECTION ( 'NONE',  ( 0.000000000000000000, -1.000000000000000000, 0.000000000000000000 ) ) ;
#2214 = ORIENTED_EDGE ( 'NONE', *, *, #3518, .F. ) ;
#2215 = VERTEX_POINT ( 'NONE', #3371 ) ;
#2216 = VERTEX_POINT ( 'NONE', #1214 ) ;
#2217 = CARTESIAN_POINT ( 'NONE',  ( 0.000000000000000000, 43.00000000000000000, 0.000000000000000000 ) ) ;
#2218 = ORIENTED_EDGE ( 'NONE', *, *, #1037, .F. ) ;
#2219 = CARTESIAN_POINT ( 'NONE',  ( 34.85000000000000142, 75.00000000000000000, -6.354551732809564868 ) ) ;
#2220 = DIRECTION ( 'NONE',  ( 0.000000000000000000, 0.000000000000000000, -1.000000000000000000 ) ) ;
#2221 = EDGE_CURVE ( 'NONE', #1394, #2749, #317, .T. ) ;
#2222 = FACE_OUTER_BOUND ( 'NONE', #369, .T. ) ;
#2223 = ORIENTED_EDGE ( 'NONE', *, *, #2228, .F. ) ;
#2224 = PLANE ( 'NONE',  #1577 ) ;
#2225 = DIRECTION ( 'NONE',  ( 0.000000000000000000, 0.000000000000000000, -1.000000000000000000 ) ) ;
#2226 = DIRECTION ( 'NONE',  ( 0.000000000000000000, -0.000000000000000000, 1.000000000000000000 ) ) ;
#2227 = LINE ( 'NONE', #1467, #1263 ) ;
#2228 = EDGE_CURVE ( 'NONE', #1162, #1435, #947, .T. ) ;
#2229 = ORIENTED_EDGE ( 'NONE', *, *, #707, .F. ) ;
#2230 = ORIENTED_EDGE ( 'NONE', *, *, #2332, .T. ) ;
#2231 = EDGE_LOOP ( 'NONE', ( #1431, #3010, #424, #2313 ) ) ;
#2232 = EDGE_CURVE ( 'NONE', #3249, #2283, #1170, .T. ) ;
#2233 = EDGE_CURVE ( 'NONE', #1162, #2899, #3136, .T. ) ;
#2234 = VECTOR ( 'NONE', #1229, 1000.000000000000000 ) ;
#2235 = VECTOR ( 'NONE', #1810, 1000.000000000000000 ) ;
#2236 = DIRECTION ( 'NONE',  ( -0.000000000000000000, -1.000000000000000000, -0.000000000000000000 ) ) ;
#2237 = EDGE_LOOP ( 'NONE', ( #2288, #2592, #343, #2610, #8, #3232, #2034, #2533, #1064, #441, #758, #2739, #2967, #1488, #2151, #47, #1579, #1073 ) ) ;
#2238 = CARTESIAN_POINT ( 'NONE',  ( 34.68520831611286326, 75.00000000000000000, -6.259409209757114567 ) ) ;
#2239 = CARTESIAN_POINT ( 'NONE',  ( 1.361065758881619958, 45.64907895807709792, -1.100000000000001199 ) ) ;
#2240 = DIRECTION ( 'NONE',  ( -0.4999999999999995004, 0.000000000000000000, -0.8660254037844389297 ) ) ;
#2241 = DIRECTION ( 'NONE',  ( 0.000000000000000000, -1.000000000000000000, 0.000000000000000000 ) ) ;
#2242 = ORIENTED_EDGE ( 'NONE', *, *, #2497, .F. ) ;
#2243 = CARTESIAN_POINT ( 'NONE',  ( 32.16479168388714527, 75.00000000000000000, -11.19575401132841286 ) ) ;
#2244 = FACE_OUTER_BOUND ( 'NONE', #3337, .T. ) ;
#2245 = DIRECTION ( 'NONE',  ( -1.000000000000000000, 0.000000000000000000, 0.000000000000000000 ) ) ;
#2246 = VERTEX_POINT ( 'NONE', #1250 ) ;
#2247 = ORIENTED_EDGE ( 'NONE', *, *, #3390, .F. ) ;
#2248 = ORIENTED_EDGE ( 'NONE', *, *, #2547, .T. ) ;
#2249 = EDGE_CURVE ( 'NONE', #1349, #2216, #1509, .T. ) ;
#2250 = CIRCLE ( 'NONE', #2650, 3.200000000000001510 ) ;
#2251 = VECTOR ( 'NONE', #2305, 1000.000000000000000 ) ;
#2252 = CIRCLE ( 'NONE', #3345, 1.700000000000000178 ) ;
#2253 = DIRECTION ( 'NONE',  ( 0.000000000000000000, 1.000000000000000000, 0.000000000000000000 ) ) ;
#2254 = ORIENTED_EDGE ( 'NONE', *, *, #1656, .T. ) ;
#2255 = LINE ( 'NONE', #370, #132 ) ;
#2256 = CARTESIAN_POINT ( 'NONE',  ( -1.663549969099136883, 44.54244136438018131, 0.5602576160964214402 ) ) ;
#2257 = DIRECTION ( 'NONE',  ( 0.000000000000000000, 0.000000000000000000, -1.000000000000000000 ) ) ;
#2258 = ORIENTED_EDGE ( 'NONE', *, *, #387, .T. ) ;
#2259 = PLANE ( 'NONE',  #2063 ) ;
#2260 = LINE ( 'NONE', #3357, #189 ) ;
#2261 = CARTESIAN_POINT ( 'NONE',  ( -3.793744851726326139, 45.50000000000000000, -1.100000000000000089 ) ) ;
#2262 = ORIENTED_EDGE ( 'NONE', *, *, #3498, .F. ) ;
#2263 = PLANE ( 'NONE',  #2931 ) ;
#2264 = ORIENTED_EDGE ( 'NONE', *, *, #661, .F. ) ;
#2265 = EDGE_CURVE ( 'NONE', #3222, #778, #1872, .T. ) ;
#2266 = ADVANCED_FACE ( 'NONE', ( #1071, #1835 ), #2923, .F. ) ;
#2267 = ADVANCED_FACE ( 'NONE', ( #2122 ), #488, .T. ) ;
#2268 = DIRECTION ( 'NONE',  ( 0.000000000000000000, 0.000000000000000000, 1.000000000000000000 ) ) ;
#2269 = ORIENTED_EDGE ( 'NONE', *, *, #177, .T. ) ;
#2270 = DIRECTION ( 'NONE',  ( 0.000000000000000000, -1.000000000000000000, 0.000000000000000000 ) ) ;
#2271 = EDGE_CURVE ( 'NONE', #1278, #3098, #1361, .T. ) ;
#2272 = DIRECTION ( 'NONE',  ( 0.000000000000000000, 1.000000000000000000, 0.000000000000000000 ) ) ;
#2273 = ORIENTED_EDGE ( 'NONE', *, *, #2759, .F. ) ;
#2274 = DIRECTION ( 'NONE',  ( -0.8660254037844387076, 0.000000000000000000, 0.4999999999999999445 ) ) ;
#2275 = LINE ( 'NONE', #3368, #983 ) ;
#2276 = CARTESIAN_POINT ( 'NONE',  ( -34.68520831611286326, 74.50000000000000000, -6.259409209757112791 ) ) ;
#2277 = DIRECTION ( 'NONE',  ( -0.8660254037844388186, 0.000000000000000000, 0.4999999999999996114 ) ) ;
#2278 = LINE ( 'NONE', #400, #1913 ) ;
#2279 = EDGE_CURVE ( 'NONE', #2109, #2897, #237, .T. ) ;
#2280 = CIRCLE ( 'NONE', #978, 44.00000000000000000 ) ;
#2281 = CIRCLE ( 'NONE', #1948, 3.200000000000001510 ) ;
#2282 = DIRECTION ( 'NONE',  ( 0.000000000000000000, -1.000000000000000000, 0.000000000000000000 ) ) ;
#2283 = VERTEX_POINT ( 'NONE', #2143 ) ;
#2284 = CIRCLE ( 'NONE', #1151, 3.200000000000001510 ) ;
#2285 = CARTESIAN_POINT ( 'NONE',  ( 1.387167814897774187, 45.79623971360214796, 1.069119374696571034 ) ) ;
#2286 = VECTOR ( 'NONE', #1046, 1000.000000000000000 ) ;
#2287 = FACE_OUTER_BOUND ( 'NONE', #1694, .T. ) ;
#2288 = ORIENTED_EDGE ( 'NONE', *, *, #2802, .F. ) ;
#2289 = DIRECTION ( 'NONE',  ( 0.8660254037844388186, 0.000000000000000000, -0.4999999999999996669 ) ) ;
#2290 = ORIENTED_EDGE ( 'NONE', *, *, #2981, .T. ) ;
#2291 = CARTESIAN_POINT ( 'NONE',  ( 32.00000000000000000, 74.50000000000000000, -8.000000000000000000 ) ) ;
#2292 = CARTESIAN_POINT ( 'NONE',  ( 32.00000000000000000, 74.50000000000000000, 8.000000000000000000 ) ) ;
#2293 = CARTESIAN_POINT ( 'NONE',  ( 32.00000000000000000, 74.50000000000000000, 8.000000000000000000 ) ) ;
#2294 = DIRECTION ( 'NONE',  ( 0.000000000000000000, 1.000000000000000000, 0.000000000000000000 ) ) ;
#2295 = EDGE_CURVE ( 'NONE', #2205, #3375, #3189, .T. ) ;
#2296 = AXIS2_PLACEMENT_3D ( 'NONE', #1877, #556, #2432 ) ;
#2297 = ORIENTED_EDGE ( 'NONE', *, *, #3448, .F. ) ;
#2298 = AXIS2_PLACEMENT_3D ( 'NONE', #2293, #3392, #1780 ) ;
#2299 = AXIS2_PLACEMENT_3D ( 'NONE', #1853, #2366, #2639 ) ;
#2300 = LINE ( 'NONE', #2566, #1440 ) ;
#2301 = PLANE ( 'NONE',  #2646 ) ;
#2302 = VERTEX_POINT ( 'NONE', #2944 ) ;
#2303 = AXIS2_PLACEMENT_3D ( 'NONE', #938, #3414, #1243 ) ;
#2304 = DIRECTION ( 'NONE',  ( 0.000000000000000000, 0.000000000000000000, -1.000000000000000000 ) ) ;
#2305 = DIRECTION ( 'NONE',  ( 0.000000000000000000, -0.000000000000000000, 1.000000000000000000 ) ) ;
#2306 = VERTEX_POINT ( 'NONE', #1574 ) ;
#2307 = LINE ( 'NONE', #2321, #2407 ) ;
#2308 = CARTESIAN_POINT ( 'NONE',  ( 32.00000000000000000, 77.00000000000000000, 8.000000000000000000 ) ) ;
#2309 = DIRECTION ( 'NONE',  ( -0.000000000000000000, 1.000000000000000000, -0.000000000000000000 ) ) ;
#2310 = DIRECTION ( 'NONE',  ( 0.000000000000000000, 1.000000000000000000, 0.000000000000000000 ) ) ;
#2311 = VERTEX_POINT ( 'NONE', #3495 ) ;
#2312 = EDGE_CURVE ( 'NONE', #973, #3038, #2620, .T. ) ;
#2313 = ORIENTED_EDGE ( 'NONE', *, *, #776, .F. ) ;
#2314 = DIRECTION ( 'NONE',  ( 0.8660254037844389297, -0.000000000000000000, 0.4999999999999994449 ) ) ;
#2315 = CYLINDRICAL_SURFACE ( 'NONE', #609, 3.200000000000001510 ) ;
#2316 = ORIENTED_EDGE ( 'NONE', *, *, #1971, .F. ) ;
#2317 = FACE_OUTER_BOUND ( 'NONE', #1750, .T. ) ;
#2318 = UNCERTAINTY_MEASURE_WITH_UNIT (LENGTH_MEASURE( 1.000000000000000082E-05 ), #2930, 'distance_accuracy_value', 'NONE');
#2319 = DIRECTION ( 'NONE',  ( 0.000000000000000000, -1.000000000000000000, 0.000000000000000000 ) ) ;
#2320 = ORIENTED_EDGE ( 'NONE', *, *, #882, .F. ) ;
#2321 = CARTESIAN_POINT ( 'NONE',  ( 32.00000000000000000, 75.00000000000000000, 4.709103465619133289 ) ) ;
#2322 = ORIENTED_EDGE ( 'NONE', *, *, #2757, .T. ) ;
#2323 = EDGE_CURVE ( 'NONE', #411, #808, #1966, .T. ) ;
#2324 = CARTESIAN_POINT ( 'NONE',  ( 1.387154739967178196, 45.20426665866633442, 1.069080069554490642 ) ) ;
#2325 = CARTESIAN_POINT ( 'NONE',  ( -32.00000000000000000, 75.00000000000000000, -11.29089653438086671 ) ) ;
#2326 = ORIENTED_EDGE ( 'NONE', *, *, #2009, .F. ) ;
#2327 = PLANE ( 'NONE',  #1628 ) ;
#2328 = CARTESIAN_POINT ( 'NONE',  ( 34.85000000000000142, 74.50000000000000000, -6.354551732809564868 ) ) ;
#2329 = EDGE_CURVE ( 'NONE', #2311, #3096, #203, .T. ) ;
#2330 = ADVANCED_FACE ( 'NONE', ( #2978 ), #2693, .T. ) ;
#2331 = ORIENTED_EDGE ( 'NONE', *, *, #2672, .T. ) ;
#2332 = EDGE_CURVE ( 'NONE', #1397, #2428, #2674, .T. ) ;
#2333 = CALENDAR_DATE ( 2026, 12, 9 ) ;
#2334 = DIRECTION ( 'NONE',  ( -0.000000000000000000, 1.000000000000000000, -0.000000000000000000 ) ) ;
#2335 = EDGE_LOOP ( 'NONE', ( #2242, #2572, #444, #244 ) ) ;
#2336 = CARTESIAN_POINT ( 'NONE',  ( 34.85000000000000142, 75.00000000000000000, 6.544836778914469022 ) ) ;
#2337 = EDGE_CURVE ( 'NONE', #3096, #1216, #1625, .T. ) ;
#2338 = VECTOR ( 'NONE', #1961, 1000.000000000000000 ) ;
#2339 = AXIS2_PLACEMENT_3D ( 'NONE', #2843, #1460, #1489 ) ;
#2340 = CARTESIAN_POINT ( 'NONE',  ( -1.361065758881620846, 45.50000000000000000, -1.100000000000000311 ) ) ;
#2341 = VERTEX_POINT ( 'NONE', #2768 ) ;
#2342 = CARTESIAN_POINT ( 'NONE',  ( -29.15000000000000213, 75.00000000000000000, 9.645448267190435132 ) ) ;
#2343 = CARTESIAN_POINT ( 'NONE',  ( -34.85000000000000142, 75.00000000000000000, 9.645448267190433356 ) ) ;
#2344 = CC_DESIGN_APPROVAL ( #252, ( #1138 ) ) ;
#2345 = VECTOR ( 'NONE', #1626, 1000.000000000000000 ) ;
#2346 = DIRECTION ( 'NONE',  ( 0.000000000000000000, 0.000000000000000000, 1.000000000000000000 ) ) ;
#2347 = CARTESIAN_POINT ( 'NONE',  ( 34.85000000000000142, 75.00000000000000000, 9.645448267190435132 ) ) ;
#2348 = CARTESIAN_POINT ( 'NONE',  ( 34.85000000000000142, 75.00000000000000000, 6.354551732809566644 ) ) ;
#2349 = DIRECTION ( 'NONE',  ( 0.000000000000000000, 1.000000000000000000, 0.000000000000000000 ) ) ;
#2350 = EDGE_LOOP ( 'NONE', ( #2681, #2787 ) ) ;
#2351 = LINE ( 'NONE', #498, #3373 ) ;
#2352 = VECTOR ( 'NONE', #2282, 1000.000000000000000 ) ;
#2353 = ORIENTED_EDGE ( 'NONE', *, *, #2601, .F. ) ;
#2354 = DIRECTION ( 'NONE',  ( 0.000000000000000000, -1.000000000000000000, 0.000000000000000000 ) ) ;
#2355 = ORIENTED_EDGE ( 'NONE', *, *, #57, .F. ) ;
#2356 = CARTESIAN_POINT ( 'NONE',  ( -32.00000000000000000, 74.50000000000000000, 8.000000000000000000 ) ) ;
#2357 = AXIS2_PLACEMENT_3D ( 'NONE', #529, #573, #97 ) ;
#2358 = PLANE ( 'NONE',  #141 ) ;
#2359 = AXIS2_PLACEMENT_3D ( 'NONE', #2616, #1319, #2673 ) ;
#2360 = ORIENTED_EDGE ( 'NONE', *, *, #720, .F. ) ;
#2361 = CARTESIAN_POINT ( 'NONE',  ( -32.00000000000000000, 74.50000000000000000, -8.000000000000000000 ) ) ;
#2362 = ORIENTED_EDGE ( 'NONE', *, *, #966, .F. ) ;
#2363 = CARTESIAN_POINT ( 'NONE',  ( 1.745058591865600750, 44.40781725256515955, 0.1499728993948268307 ) ) ;
#2364 = CARTESIAN_POINT ( 'NONE',  ( 32.00000000000000000, 74.50000000000000000, 8.000000000000000000 ) ) ;
#2365 = CIRCLE ( 'NONE', #151, 1.700000000000000178 ) ;
#2366 = DIRECTION ( 'NONE',  ( 0.000000000000000000, 1.000000000000000000, 0.000000000000000000 ) ) ;
#2367 = CARTESIAN_POINT ( 'NONE',  ( -32.00000000000000000, 74.50000000000000000, 4.709103465619133289 ) ) ;
#2368 = DIRECTION ( 'NONE',  ( 0.000000000000000000, 1.000000000000000000, 0.000000000000000000 ) ) ;
#2369 = EDGE_LOOP ( 'NONE', ( #1669, #1036, #1190, #3101 ) ) ;
#2370 = ORIENTED_EDGE ( 'NONE', *, *, #1859, .T. ) ;
#2371 = ADVANCED_FACE ( 'NONE', ( #17 ), #344, .T. ) ;
#2372 = EDGE_CURVE ( 'NONE', #2737, #2216, #825, .T. ) ;
#2373 = DATE_AND_TIME ( #2644, #1551 ) ;
#2374 = FACE_BOUND ( 'NONE', #2084, .T. ) ;
#2375 = ORIENTED_EDGE ( 'NONE', *, *, #233, .T. ) ;
#2376 = LINE ( 'NONE', #2053, #2807 ) ;
#2377 = EDGE_CURVE ( 'NONE', #2842, #584, #2784, .T. ) ;
#2378 = CARTESIAN_POINT ( 'NONE',  ( -1.663242114360625079, 46.45703287883166155, -0.5612529276161789538 ) ) ;
#2379 = EDGE_LOOP ( 'NONE', ( #3212, #3068, #3192, #1983, #745, #1308, #2521, #3517 ) ) ;
#2380 = DIRECTION ( 'NONE',  ( 1.000000000000000000, 0.000000000000000000, -0.000000000000000000 ) ) ;
#2381 = EDGE_CURVE ( 'NONE', #2215, #1349, #1105, .T. ) ;
#2382 = CARTESIAN_POINT ( 'NONE',  ( -34.85000000000000142, 72.00000000000000000, 9.645448267190433356 ) ) ;
#2383 = DIRECTION ( 'NONE',  ( 0.000000000000000000, 0.000000000000000000, -1.000000000000000000 ) ) ;
#2384 = PLANE ( 'NONE',  #2299 ) ;
#2385 = CARTESIAN_POINT ( 'NONE',  ( -3.949982962728439961, 46.59993882070163806, 0.1447804137717117745 ) ) ;
#2386 = DIRECTION ( 'NONE',  ( 0.000000000000000000, 0.000000000000000000, 1.000000000000000000 ) ) ;
#2387 = VERTEX_POINT ( 'NONE', #2741 ) ;
#2388 = ORIENTED_EDGE ( 'NONE', *, *, #2009, .T. ) ;
#2389 = ORIENTED_EDGE ( 'NONE', *, *, #1700, .T. ) ;
#2390 = DATE_AND_TIME ( #512, #1093 ) ;
#2391 = CARTESIAN_POINT ( 'NONE',  ( -34.85000000000000142, 74.50000000000000000, 6.354551732809566644 ) ) ;
#2392 = EDGE_LOOP ( 'NONE', ( #3366, #2709 ) ) ;
#2393 = DIRECTION ( 'NONE',  ( 0.000000000000000000, 1.000000000000000000, 0.000000000000000000 ) ) ;
#2394 = CARTESIAN_POINT ( 'NONE',  ( -1.465981706633360471, 46.05889381884811229, 0.9581378311852543073 ) ) ;
#2395 = ORIENTED_EDGE ( 'NONE', *, *, #3409, .F. ) ;
#2396 = EDGE_CURVE ( 'NONE', #36, #1126, #289, .T. ) ;
#2397 = CARTESIAN_POINT ( 'NONE',  ( -3.912914071283217332, 44.54015623999637796, -0.5565896804349317328 ) ) ;
#2398 = CARTESIAN_POINT ( 'NONE',  ( 1.465981706633359360, 44.94110618115188771, 0.9581378311852541962 ) ) ;
#2399 = AXIS2_PLACEMENT_3D ( 'NONE', #2192, #2157, #2383 ) ;
#2400 = FACE_OUTER_BOUND ( 'NONE', #799, .T. ) ;
#2401 = CIRCLE ( 'NONE', #762, 3.200000000000001510 ) ;
#2402 = ORIENTED_EDGE ( 'NONE', *, *, #639, .F. ) ;
#2403 = DIRECTION ( 'NONE',  ( 0.000000000000000000, 0.000000000000000000, 1.000000000000000000 ) ) ;
#2404 = DIRECTION ( 'NONE',  ( 0.000000000000000000, 0.000000000000000000, 1.000000000000000000 ) ) ;
#2405 = CARTESIAN_POINT ( 'NONE',  ( 0.000000000000000000, 43.49999999999995026, 0.000000000000000000 ) ) ;
#2406 = VECTOR ( 'NONE', #3295, 1000.000000000000000 ) ;
#2407 = VECTOR ( 'NONE', #3416, 1000.000000000000000 ) ;
#2408 = ADVANCED_FACE ( 'NONE', ( #844 ), #307, .T. ) ;
#2409 = VECTOR ( 'NONE', #123, 1000.000000000000000 ) ;
#2410 = LINE ( 'NONE', #810, #885 ) ;
#2411 = ORIENTED_EDGE ( 'NONE', *, *, #445, .T. ) ;
#2412 = PLANE ( 'NONE',  #35 ) ;
#2413 = VECTOR ( 'NONE', #101, 1000.000000000000000 ) ;
#2414 = FACE_OUTER_BOUND ( 'NONE', #3334, .T. ) ;
#2415 = ORIENTED_EDGE ( 'NONE', *, *, #2751, .F. ) ;
#2416 = CARTESIAN_POINT ( 'NONE',  ( -3.913146061039499912, 44.53924868393905001, 0.5545912218504075453 ) ) ;
#2417 = VECTOR ( 'NONE', #243, 1000.000000000000114 ) ;
#2418 = DIRECTION ( 'NONE',  ( 0.000000000000000000, 1.000000000000000000, 0.000000000000000000 ) ) ;
#2419 = EDGE_CURVE ( 'NONE', #19, #1311, #3013, .T. ) ;
#2420 = EDGE_CURVE ( 'NONE', #3096, #2738, #2519, .T. ) ;
#2421 = FACE_OUTER_BOUND ( 'NONE', #2730, .T. ) ;
#2422 = ORIENTED_EDGE ( 'NONE', *, *, #3124, .F. ) ;
#2423 = FACE_OUTER_BOUND ( 'NONE', #2722, .T. ) ;
#2424 = CARTESIAN_POINT ( 'NONE',  ( -32.00000000000000000, 74.50000000000000000, -4.709103465619133289 ) ) ;
#2425 = DIRECTION ( 'NONE',  ( 0.8660254037844389297, 0.000000000000000000, 0.4999999999999993894 ) ) ;
#2426 = ORIENTED_EDGE ( 'NONE', *, *, #2491, .F. ) ;
#2427 = CIRCLE ( 'NONE', #560, 6.000000000000000000 ) ;
#2428 = VERTEX_POINT ( 'NONE', #2211 ) ;
#2429 = ORIENTED_EDGE ( 'NONE', *, *, #3008, .T. ) ;
#2430 = EDGE_CURVE ( 'NONE', #1964, #1411, #327, .T. ) ;
#2431 = CARTESIAN_POINT ( 'NONE',  ( 31.83520831611286184, 75.00000000000000000, 11.19575401132841463 ) ) ;
#2432 = DIRECTION ( 'NONE',  ( 0.000000000000000000, 0.000000000000000000, 1.000000000000000000 ) ) ;
#2433 = VERTEX_POINT ( 'NONE', #3069 ) ;
#2434 = PLANE ( 'NONE',  #931 ) ;
#2435 = FACE_OUTER_BOUND ( 'NONE', #2588, .T. ) ;
#2436 = CARTESIAN_POINT ( 'NONE',  ( 2.755455298081479204E-16, 43.00000000000000000, 2.249999999999946709 ) ) ;
#2437 = VERTEX_POINT ( 'NONE', #358 ) ;
#2438 = ADVANCED_FACE ( 'NONE', ( #565 ), #1940, .T. ) ;
#2439 = FACE_BOUND ( 'NONE', #1682, .T. ) ;
#2440 = CARTESIAN_POINT ( 'NONE',  ( -3.852168512982243609, 46.17574947360939319, -0.8798012994998994918 ) ) ;
#2441 = DIRECTION ( 'NONE',  ( 0.000000000000000000, 0.000000000000000000, 1.000000000000000000 ) ) ;
#2442 = ORIENTED_EDGE ( 'NONE', *, *, #2323, .F. ) ;
#2443 = ORIENTED_EDGE ( 'NONE', *, *, #900, .T. ) ;
#2444 = EDGE_CURVE ( 'NONE', #2479, #605, #1088, .T. ) ;
#2445 = EDGE_CURVE ( 'NONE', #313, #1987, #3262, .T. ) ;
#2446 = CARTESIAN_POINT ( 'NONE',  ( 34.85000000000000142, 75.00000000000000000, -9.645448267190433356 ) ) ;
#2447 = ADVANCED_FACE ( 'NONE', ( #1396 ), #2728, .T. ) ;
#2448 = CYLINDRICAL_SURFACE ( 'NONE', #2581, 3.200000000000001510 ) ;
#2449 = ORIENTED_EDGE ( 'NONE', *, *, #2013, .T. ) ;
#2450 = LINE ( 'NONE', #9, #1560 ) ;
#2451 = EDGE_CURVE ( 'NONE', #1793, #2205, #2475, .T. ) ;
#2452 = DIRECTION ( 'NONE',  ( 1.000000000000000000, 0.000000000000000000, -0.000000000000000000 ) ) ;
#2453 = CYLINDRICAL_SURFACE ( 'NONE', #2399, 3.200000000000001510 ) ;
#2454 = ORIENTED_EDGE ( 'NONE', *, *, #915, .T. ) ;
#2455 = CARTESIAN_POINT ( 'NONE',  ( -29.15000000000000213, 74.50000000000000000, -6.544836778914469022 ) ) ;
#2456 = CARTESIAN_POINT ( 'NONE',  ( 29.14999999999999858, 75.00000000000000000, 6.354551732809566644 ) ) ;
#2457 = PLANE ( 'NONE',  #1326 ) ;
#2458 = ORIENTED_EDGE ( 'NONE', *, *, #453, .F. ) ;
#2459 = APPROVAL_PERSON_ORGANIZATION ( #2091, #252, #2621 ) ;
#2460 = ORIENTED_EDGE ( 'NONE', *, *, #1386, .F. ) ;
#2461 = VECTOR ( 'NONE', #3146, 1000.000000000000000 ) ;
#2462 = AXIS2_PLACEMENT_3D ( 'NONE', #2361, #3223, #1257 ) ;
#2463 = CIRCLE ( 'NONE', #3377, 3.200000000000001510 ) ;
#2464 = LINE ( 'NONE', #2203, #2199 ) ;
#2465 = DIRECTION ( 'NONE',  ( 0.000000000000000000, 1.000000000000000000, 0.000000000000000000 ) ) ;
#2466 = ORIENTED_EDGE ( 'NONE', *, *, #1609, .T. ) ;
#2467 = DIRECTION ( 'NONE',  ( 0.8660254037844389297, 0.000000000000000000, 0.4999999999999993894 ) ) ;
#2468 = DIRECTION ( 'NONE',  ( 0.000000000000000000, 0.000000000000000000, 1.000000000000000000 ) ) ;
#2469 = VECTOR ( 'NONE', #2236, 1000.000000000000000 ) ;
#2470 = FACE_OUTER_BOUND ( 'NONE', #1582, .T. ) ;
#2471 = ORIENTED_EDGE ( 'NONE', *, *, #2792, .F. ) ;
#2472 = ORIENTED_EDGE ( 'NONE', *, *, #1749, .T. ) ;
#2473 = DIRECTION ( 'NONE',  ( 0.000000000000000000, 1.000000000000000000, 0.000000000000000000 ) ) ;
#2474 = VECTOR ( 'NONE', #158, 1000.000000000000000 ) ;
#2475 = LINE ( 'NONE', #1677, #1725 ) ;
#2476 = CARTESIAN_POINT ( 'NONE',  ( -32.00000000000000000, 74.50000000000000000, 8.000000000000000000 ) ) ;
#2477 = ORIENTED_EDGE ( 'NONE', *, *, #2377, .F. ) ;
#2478 = ORIENTED_EDGE ( 'NONE', *, *, #3081, .F. ) ;
#2479 = VERTEX_POINT ( 'NONE', #1124 ) ;
#2480 = CIRCLE ( 'NONE', #3394, 3.200000000000001510 ) ;
#2481 = ORIENTED_EDGE ( 'NONE', *, *, #966, .T. ) ;
#2482 = AXIS2_PLACEMENT_3D ( 'NONE', #2405, #2088, #3155 ) ;
#2483 = ADVANCED_FACE ( 'NONE', ( #620, #2995 ), #1376, .F. ) ;
#2484 = FACE_OUTER_BOUND ( 'NONE', #3194, .T. ) ;
#2485 = ORIENTED_EDGE ( 'NONE', *, *, #528, .F. ) ;
#2486 = LINE ( 'NONE', #268, #705 ) ;
#2487 = DIRECTION ( 'NONE',  ( -1.000000000000000000, -0.000000000000000000, -0.000000000000000000 ) ) ;
#2488 = EDGE_CURVE ( 'NONE', #2387, #1159, #1695, .T. ) ;
#2489 = DIRECTION ( 'NONE',  ( -0.000000000000000000, -1.000000000000000000, -0.000000000000000000 ) ) ;
#2490 = ORIENTED_EDGE ( 'NONE', *, *, #1351, .T. ) ;
#2491 = EDGE_CURVE ( 'NONE', #199, #2987, #3147, .T. ) ;
#2492 = B_SPLINE_CURVE_WITH_KNOTS ( 'NONE', 3,
 ( #2155, #3457, #1315, #2898, #2137, #2115, #2397, #1879, #198, #3488, #1279, #2416, #1600, #3510, #1012, #2685, #2097, #1065 ),
 .UNSPECIFIED., .F., .F.,
 ( 4, 2, 2, 2, 2, 2, 2, 2, 4 ),
 ( 0.003456224663674721878, 0.003888133802550609516, 0.004320042941426497154, 0.004751952080302384793, 0.005183861219178273298, 0.005615770358054160936, 0.006047679496930049442, 0.006479588635805937080, 0.006911497774681824718 ),
 .UNSPECIFIED. ) ;
#2493 = CYLINDRICAL_SURFACE ( 'NONE', #3395, 3.200000000000001510 ) ;
#2494 = DIRECTION ( 'NONE',  ( 0.8660254037844387076, -0.000000000000000000, 0.4999999999999999445 ) ) ;
#2495 = CARTESIAN_POINT ( 'NONE',  ( -32.00000000000000000, 75.00000000000000000, 6.299999999999999822 ) ) ;
#2496 = ORIENTED_EDGE ( 'NONE', *, *, #1802, .T. ) ;
#2497 = EDGE_CURVE ( 'NONE', #1292, #547, #2982, .T. ) ;
#2498 = CARTESIAN_POINT ( 'NONE',  ( -32.00000000000000000, 75.00000000000000000, -11.29089653438086671 ) ) ;
#2499 = ORIENTED_EDGE ( 'NONE', *, *, #407, .T. ) ;
#2500 = VERTEX_POINT ( 'NONE', #3133 ) ;
#2501 = ORIENTED_EDGE ( 'NONE', *, *, #1058, .F. ) ;
#2502 = DIRECTION ( 'NONE',  ( 0.000000000000000000, 1.000000000000000000, 0.000000000000000000 ) ) ;
#2503 = ORIENTED_EDGE ( 'NONE', *, *, #1852, .T. ) ;
#2504 = DIRECTION ( 'NONE',  ( 0.8660254037844388186, 0.000000000000000000, -0.4999999999999996669 ) ) ;
#2505 = CARTESIAN_POINT ( 'NONE',  ( -1.387167814897775520, 45.20376028639785915, 1.069119374696570812 ) ) ;
#2506 = DIRECTION ( 'NONE',  ( 0.000000000000000000, 1.000000000000000000, 0.000000000000000000 ) ) ;
#2507 = CC_DESIGN_DATE_AND_TIME_ASSIGNMENT ( #2373, #2107, ( #1210 ) ) ;
#2508 = DIRECTION ( 'NONE',  ( -0.8660254037844389297, 0.000000000000000000, 0.4999999999999995004 ) ) ;
#2509 = VERTEX_POINT ( 'NONE', #2817 ) ;
#2510 = DIRECTION ( 'NONE',  ( -0.8660254037844389297, 0.000000000000000000, -0.4999999999999993894 ) ) ;
#2511 = VERTEX_POINT ( 'NONE', #2846 ) ;
#2512 = CARTESIAN_POINT ( 'NONE',  ( 29.14999999999999858, 75.00000000000000000, -6.544836778914476128 ) ) ;
#2513 = CARTESIAN_POINT ( 'NONE',  ( 32.00000000000000000, 75.00000000000000000, -8.000000000000000000 ) ) ;
#2514 = ORIENTED_EDGE ( 'NONE', *, *, #3348, .T. ) ;
#2515 = EDGE_LOOP ( 'NONE', ( #1314, #494, #3179, #3325 ) ) ;
#2516 = VECTOR ( 'NONE', #1812, 1000.000000000000000 ) ;
#2517 = AXIS2_PLACEMENT_3D ( 'NONE', #1752, #853, #3026 ) ;
#2518 = AXIS2_PLACEMENT_3D ( 'NONE', #944, #2545, #1515 ) ;
#2519 = CIRCLE ( 'NONE', #3266, 3.200000000000001510 ) ;
#2520 = DIRECTION ( 'NONE',  ( 0.000000000000000000, 1.000000000000000000, 0.000000000000000000 ) ) ;
#2521 = ORIENTED_EDGE ( 'NONE', *, *, #2119, .T. ) ;
#2522 = CARTESIAN_POINT ( 'NONE',  ( -29.31479168388714029, 75.00000000000000000, -9.740590790242887209 ) ) ;
#2523 = CARTESIAN_POINT ( 'NONE',  ( 1.749823076452303283, 46.59971853041977852, -0.1507651104496759153 ) ) ;
#2524 = CARTESIAN_POINT ( 'NONE',  ( 44.00000000000000000, 45.50000000000000000, 0.000000000000000000 ) ) ;
#2525 = ORIENTED_EDGE ( 'NONE', *, *, #3075, .T. ) ;
#2526 = CARTESIAN_POINT ( 'NONE',  ( -32.00000000000000000, 75.00000000000000000, -8.000000000000000000 ) ) ;
#2527 = EDGE_CURVE ( 'NONE', #714, #1514, #2058, .T. ) ;
#2528 = CARTESIAN_POINT ( 'NONE',  ( 29.31479168388714385, 75.00000000000000000, 9.740590790242890762 ) ) ;
#2529 = DIRECTION ( 'NONE',  ( 0.000000000000000000, 0.000000000000000000, 1.000000000000000000 ) ) ;
#2530 = AXIS2_PLACEMENT_3D ( 'NONE', #1220, #2502, #1487 ) ;
#2531 = ORIENTED_EDGE ( 'NONE', *, *, #183, .F. ) ;
#2532 = CARTESIAN_POINT ( 'NONE',  ( 32.00000000000000000, 75.00000000000000000, 4.709103465619133289 ) ) ;
#2533 = ORIENTED_EDGE ( 'NONE', *, *, #1273, .F. ) ;
#2534 = VECTOR ( 'NONE', #2887, 1000.000000000000000 ) ;
#2535 = EDGE_CURVE ( 'NONE', #612, #3037, #1494, .T. ) ;
#2536 = AXIS2_PLACEMENT_3D ( 'NONE', #306, #873, #1425 ) ;
#2537 = ADVANCED_FACE ( 'NONE', ( #2835 ), #2259, .T. ) ;
#2538 = CARTESIAN_POINT ( 'NONE',  ( -29.15000000000000213, 75.00000000000000000, -9.455163221085527425 ) ) ;
#2539 = ORIENTED_EDGE ( 'NONE', *, *, #2451, .T. ) ;
#2540 = CARTESIAN_POINT ( 'NONE',  ( -1.730491623367011123, 44.43036394063037875, 0.2944245871872653297 ) ) ;
#2541 = ORIENTED_EDGE ( 'NONE', *, *, #1802, .F. ) ;
#2542 = FACE_OUTER_BOUND ( 'NONE', #2237, .T. ) ;
#2543 = ORIENTED_EDGE ( 'NONE', *, *, #3060, .F. ) ;
#2544 = CARTESIAN_POINT ( 'NONE',  ( 32.00000000000000000, 74.50000000000000000, -8.000000000000000000 ) ) ;
#2545 = DIRECTION ( 'NONE',  ( -0.4999999999999997224, 0.000000000000000000, -0.8660254037844388186 ) ) ;
#2546 = DIRECTION ( 'NONE',  ( 0.000000000000000000, -0.000000000000000000, -1.000000000000000000 ) ) ;
#2547 = EDGE_CURVE ( 'NONE', #1145, #2479, #3150, .T. ) ;
#2548 = ORIENTED_EDGE ( 'NONE', *, *, #2444, .F. ) ;
#2549 = CARTESIAN_POINT ( 'NONE',  ( 32.00000000000000000, 75.00000000000000000, 8.000000000000000000 ) ) ;
#2550 = DIRECTION ( 'NONE',  ( 0.000000000000000000, 1.000000000000000000, 0.000000000000000000 ) ) ;
#2551 = ADVANCED_FACE ( 'NONE', ( #2028 ), #3084, .T. ) ;
#2552 = ORIENTED_EDGE ( 'NONE', *, *, #1644, .F. ) ;
#2553 = DIRECTION ( 'NONE',  ( 0.000000000000000000, 1.000000000000000000, 0.000000000000000000 ) ) ;
#2554 = ORIENTED_EDGE ( 'NONE', *, *, #2672, .F. ) ;
#2555 = CARTESIAN_POINT ( 'NONE',  ( 1.465971205565284041, 46.05887444210426196, -0.9581545523665194741 ) ) ;
#2556 = ADVANCED_FACE ( 'NONE', ( #2042 ), #16, .F. ) ;
#2557 = CARTESIAN_POINT ( 'NONE',  ( 3.000000000000002665, 45.50000000000000000, -1.100000000000000089 ) ) ;
#2558 = ORIENTED_EDGE ( 'NONE', *, *, #1416, .F. ) ;
#2559 = CARTESIAN_POINT ( 'NONE',  ( -29.14999999999999858, 75.00000000000000000, 6.354551732809566644 ) ) ;
#2560 = CARTESIAN_POINT ( 'NONE',  ( 29.14999999999999858, 75.00000000000000000, -6.354551732809565756 ) ) ;
#2561 = DIRECTION ( 'NONE',  ( 0.000000000000000000, 1.000000000000000000, 0.000000000000000000 ) ) ;
#2562 = DIRECTION ( 'NONE',  ( 0.000000000000000000, -1.000000000000000000, 0.000000000000000000 ) ) ;
#2563 = CARTESIAN_POINT ( 'NONE',  ( -34.85000000000000142, 75.00000000000000000, 6.544836778914469022 ) ) ;
#2564 = ORIENTED_EDGE ( 'NONE', *, *, #2637, .F. ) ;
#2565 = VECTOR ( 'NONE', #840, 1000.000000000000227 ) ;
#2566 = CARTESIAN_POINT ( 'NONE',  ( 31.83520831611286184, 75.00000000000000000, -11.19575401132841463 ) ) ;
#2567 = AXIS2_PLACEMENT_3D ( 'NONE', #3110, #2840, #1785 ) ;
#2568 = CARTESIAN_POINT ( 'NONE',  ( -32.00000000000000000, 77.00000000000000000, -9.700000000000001066 ) ) ;
#2569 = ORIENTED_EDGE ( 'NONE', *, *, #919, .F. ) ;
#2570 = AXIS2_PLACEMENT_3D ( 'NONE', #2861, #2393, #1254 ) ;
#2571 = CARTESIAN_POINT ( 'NONE',  ( 32.00000000000000000, 75.00000000000000000, 4.709103465619133289 ) ) ;
#2572 = ORIENTED_EDGE ( 'NONE', *, *, #1261, .T. ) ;
#2573 = VECTOR ( 'NONE', #869, 1000.000000000000000 ) ;
#2574 = LINE ( 'NONE', #954, #149 ) ;
#2575 = ORIENTED_EDGE ( 'NONE', *, *, #543, .F. ) ;
#2576 = DIRECTION ( 'NONE',  ( 0.000000000000000000, -0.000000000000000000, 1.000000000000000000 ) ) ;
#2577 = CYLINDRICAL_SURFACE ( 'NONE', #1385, 3.200000000000001510 ) ;
#2578 = CYLINDRICAL_SURFACE ( 'NONE', #2054, 3.200000000000001510 ) ;
#2579 = CYLINDRICAL_SURFACE ( 'NONE', #1572, 1.700000000000000178 ) ;
#2580 = DIRECTION ( 'NONE',  ( 0.000000000000000000, 0.000000000000000000, 1.000000000000000000 ) ) ;
#2581 = AXIS2_PLACEMENT_3D ( 'NONE', #1080, #7, #2167 ) ;
#2582 = VERTEX_POINT ( 'NONE', #1477 ) ;
#2583 = VECTOR ( 'NONE', #1581, 1000.000000000000000 ) ;
#2584 = AXIS2_PLACEMENT_3D ( 'NONE', #3316, #3299, #2194 ) ;
#2585 = PLANE ( 'NONE',  #2567 ) ;
#2586 = ADVANCED_FACE ( 'NONE', ( #941 ), #377, .T. ) ;
#2587 = LINE ( 'NONE', #1787, #28 ) ;
#2588 = EDGE_LOOP ( 'NONE', ( #474, #912, #2531, #899 ) ) ;
#2589 = AXIS2_PLACEMENT_3D ( 'NONE', #1510, #2815, #373 ) ;
#2590 = DIRECTION ( 'NONE',  ( 0.000000000000000000, -1.000000000000000000, 0.000000000000000000 ) ) ;
#2591 = DIRECTION ( 'NONE',  ( 0.4999999999999995004, 0.000000000000000000, -0.8660254037844390407 ) ) ;
#2592 = ORIENTED_EDGE ( 'NONE', *, *, #3058, .F. ) ;
#2593 = EDGE_CURVE ( 'NONE', #1984, #3481, #1195, .T. ) ;
#2594 = LINE ( 'NONE', #3102, #1556 ) ;
#2595 = ORIENTED_EDGE ( 'NONE', *, *, #1899, .T. ) ;
#2596 = ORIENTED_EDGE ( 'NONE', *, *, #2969, .T. ) ;
#2597 = LINE ( 'NONE', #1777, #2182 ) ;
#2598 = DIRECTION ( 'NONE',  ( 0.8660254037844387076, 0.000000000000000000, -0.4999999999999999445 ) ) ;
#2599 = EDGE_CURVE ( 'NONE', #527, #43, #1949, .T. ) ;
#2600 = DIRECTION ( 'NONE',  ( 0.000000000000000000, 1.000000000000000000, 0.000000000000000000 ) ) ;
#2601 = EDGE_CURVE ( 'NONE', #3249, #2665, #2594, .T. ) ;
#2602 = ORIENTED_EDGE ( 'NONE', *, *, #334, .F. ) ;
#2603 = ADVANCED_FACE ( 'NONE', ( #410 ), #428, .F. ) ;
#2604 = ORIENTED_EDGE ( 'NONE', *, *, #2547, .F. ) ;
#2605 = PERSON_AND_ORGANIZATION ( #884, #2747 ) ;
#2606 = LINE ( 'NONE', #3178, #2583 ) ;
#2607 = ORIENTED_EDGE ( 'NONE', *, *, #3228, .F. ) ;
#2608 = DIRECTION ( 'NONE',  ( 1.054255858762918044E-15, 0.000000000000000000, -1.000000000000000000 ) ) ;
#2609 = DIRECTION ( 'NONE',  ( 0.000000000000000000, -0.000000000000000000, 1.000000000000000000 ) ) ;
#2610 = ORIENTED_EDGE ( 'NONE', *, *, #2535, .F. ) ;
#2611 = PLANE ( 'NONE',  #80 ) ;
#2612 = ORIENTED_EDGE ( 'NONE', *, *, #2601, .T. ) ;
#2613 = DIRECTION ( 'NONE',  ( 0.000000000000000000, 1.000000000000000000, 0.000000000000000000 ) ) ;
#2614 = DIRECTION ( 'NONE',  ( -0.8660254037844388186, 0.000000000000000000, -0.4999999999999996114 ) ) ;
#2615 = ADVANCED_FACE ( 'NONE', ( #160 ), #681, .T. ) ;
#2616 = CARTESIAN_POINT ( 'NONE',  ( 32.00000000000000000, 75.00000000000000000, -8.000000000000000000 ) ) ;
#2617 = DIRECTION ( 'NONE',  ( 0.000000000000000000, 1.000000000000000000, 0.000000000000000000 ) ) ;
#2618 = PLANE ( 'NONE',  #1233 ) ;
#2619 = ORIENTED_EDGE ( 'NONE', *, *, #2381, .T. ) ;
#2620 = B_SPLINE_CURVE_WITH_KNOTS ( 'NONE', 3,
 ( #1305, #2959, #1815, #2658, #1052, #1884, #2904, #3230, #2385, #791, #1607, #773, #2640, #2440, #525, #469, #510, #1342 ),
 .UNSPECIFIED., .F., .F.,
 ( 4, 2, 2, 2, 2, 2, 2, 2, 4 ),
 ( 0.000000000000000000, 0.0004320280829593405058, 0.0008640561659186809032, 0.001296084248878021138, 0.001728112331837361373, 0.002160140414796701824, 0.002592168497756041842, 0.003024196580715381860, 0.003456224663674721878 ),
 .UNSPECIFIED. ) ;
#2621 = APPROVAL_ROLE ( '' ) ;
#2622 = VERTEX_POINT ( 'NONE', #140 ) ;
#2623 = DIRECTION ( 'NONE',  ( 0.000000000000000000, 0.000000000000000000, -1.000000000000000000 ) ) ;
#2624 = VERTEX_POINT ( 'NONE', #1228 ) ;
#2625 = CARTESIAN_POINT ( 'NONE',  ( 32.16479168388714527, 74.50000000000000000, 4.804245988671586254 ) ) ;
#2626 = VECTOR ( 'NONE', #2314, 1000.000000000000114 ) ;
#2627 = AXIS2_PLACEMENT_3D ( 'NONE', #590, #2724, #839 ) ;
#2628 = DIRECTION ( 'NONE',  ( -0.000000000000000000, 1.000000000000000000, -0.000000000000000000 ) ) ;
#2629 = ORIENTED_EDGE ( 'NONE', *, *, #1187, .T. ) ;
#2630 = DIRECTION ( 'NONE',  ( 0.000000000000000000, -1.000000000000000000, 0.000000000000000000 ) ) ;
#2631 = ORIENTED_EDGE ( 'NONE', *, *, #419, .T. ) ;
#2632 = CARTESIAN_POINT ( 'NONE',  ( 3.000000000000002665, 45.50000000000000000, 1.100000000000000089 ) ) ;
#2633 = VECTOR ( 'NONE', #3052, 1000.000000000000000 ) ;
#2634 = CIRCLE ( 'NONE', #1096, 3.200000000000001510 ) ;
#2635 = DIRECTION ( 'NONE',  ( -0.8660254037844387076, 0.000000000000000000, -0.4999999999999999445 ) ) ;
#2636 = AXIS2_PLACEMENT_3D ( 'NONE', #1590, #3475, #3210 ) ;
#2637 = EDGE_CURVE ( 'NONE', #2105, #2078, #2307, .T. ) ;
#2638 = EDGE_LOOP ( 'NONE', ( #1867, #1659, #2090, #943 ) ) ;
#2639 = DIRECTION ( 'NONE',  ( 0.000000000000000000, -0.000000000000000000, 1.000000000000000000 ) ) ;
#2640 = CARTESIAN_POINT ( 'NONE',  ( -3.893023606447264751, 46.37924279867803534, -0.6764760000605234413 ) ) ;
#2641 = FACE_OUTER_BOUND ( 'NONE', #3011, .T. ) ;
#2642 = VERTEX_POINT ( 'NONE', #2342 ) ;
#2643 = EDGE_CURVE ( 'NONE', #1216, #566, #2809, .T. ) ;
#2644 = CALENDAR_DATE ( 2026, 12, 9 ) ;
#2645 = ADVANCED_FACE ( 'NONE', ( #464 ), #2611, .T. ) ;
#2646 = AXIS2_PLACEMENT_3D ( 'NONE', #2858, #1149, #351 ) ;
#2647 = FACE_BOUND ( 'NONE', #2677, .T. ) ;
#2648 = EDGE_LOOP ( 'NONE', ( #1493, #1061, #1399, #2071 ) ) ;
#2649 = DIRECTION ( 'NONE',  ( 0.000000000000000000, 1.000000000000000000, 0.000000000000000000 ) ) ;
#2650 = AXIS2_PLACEMENT_3D ( 'NONE', #5, #847, #1931 ) ;
#2651 = CARTESIAN_POINT ( 'NONE',  ( -32.00000000000000000, 74.50000000000000000, 8.000000000000000000 ) ) ;
#2652 = VECTOR ( 'NONE', #451, 1000.000000000000000 ) ;
#2653 = ORIENTED_EDGE ( 'NONE', *, *, #3271, .F. ) ;
#2654 = CARTESIAN_POINT ( 'NONE',  ( 32.00000000000000000, 77.00000000000000000, -6.299999999999999822 ) ) ;
#2655 = CARTESIAN_POINT ( 'NONE',  ( 1.662629374353737033, 44.54403150465685002, 0.5628502833799270411 ) ) ;
#2656 = LINE ( 'NONE', #2436, #1204 ) ;
#2657 = DIRECTION ( 'NONE',  ( 0.000000000000000000, 0.000000000000000000, 1.000000000000000000 ) ) ;
#2658 = CARTESIAN_POINT ( 'NONE',  ( -3.831923360054738659, 46.05553290687922185, 0.9602826596877299670 ) ) ;
#2659 = DIRECTION ( 'NONE',  ( 0.000000000000000000, 1.000000000000000000, 0.000000000000000000 ) ) ;
#2660 = EDGE_LOOP ( 'NONE', ( #1641, #2322, #841, #1027, #1825, #2541, #2778, #2443 ) ) ;
#2661 = ADVANCED_FACE ( 'NONE', ( #787 ), #1848, .T. ) ;
#2662 = ORIENTED_EDGE ( 'NONE', *, *, #3126, .T. ) ;
#2663 = CALENDAR_DATE ( 2026, 12, 9 ) ;
#2664 = LINE ( 'NONE', #3411, #3276 ) ;
#2665 = VERTEX_POINT ( 'NONE', #3471 ) ;
#2666 = FACE_OUTER_BOUND ( 'NONE', #3293, .T. ) ;
#2667 = FACE_OUTER_BOUND ( 'NONE', #846, .T. ) ;
#2668 = ORIENTED_EDGE ( 'NONE', *, *, #572, .F. ) ;
#2669 = FACE_OUTER_BOUND ( 'NONE', #395, .T. ) ;
#2670 = CARTESIAN_POINT ( 'NONE',  ( 29.31479168388714029, 74.50000000000000000, -9.740590790242888986 ) ) ;
#2671 = CARTESIAN_POINT ( 'NONE',  ( -32.00000000000000000, 75.00000000000000000, 8.000000000000000000 ) ) ;
#2672 = EDGE_CURVE ( 'NONE', #1997, #1984, #538, .T. ) ;
#2673 = DIRECTION ( 'NONE',  ( 0.000000000000000000, 0.000000000000000000, -1.000000000000000000 ) ) ;
#2674 = LINE ( 'NONE', #2424, #2919 ) ;
#2675 = CYLINDRICAL_SURFACE ( 'NONE', #1890, 3.200000000000001510 ) ;
#2676 = ORIENTED_EDGE ( 'NONE', *, *, #2972, .T. ) ;
#2677 = EDGE_LOOP ( 'NONE', ( #765, #2454, #1623, #733, #481, #3470 ) ) ;
#2678 = VERTEX_POINT ( 'NONE', #253 ) ;
#2679 = DATE_AND_TIME ( #2663, #1999 ) ;
#2680 = LINE ( 'NONE', #1383, #1055 ) ;
#2681 = ORIENTED_EDGE ( 'NONE', *, *, #1748, .F. ) ;
#2682 = CARTESIAN_POINT ( 'NONE',  ( -32.00000000000000000, 75.00000000000000000, -8.000000000000000000 ) ) ;
#2683 = CARTESIAN_POINT ( 'NONE',  ( -1.387154739967177086, 45.79573334133365847, 1.069080069554490198 ) ) ;
#2684 = ORIENTED_EDGE ( 'NONE', *, *, #183, .T. ) ;
#2685 = CARTESIAN_POINT ( 'NONE',  ( -3.802572320130712225, 45.20949532453277442, 1.070609666337946075 ) ) ;
#2686 = FACE_OUTER_BOUND ( 'NONE', #2752, .T. ) ;
#2687 = AXIS2_PLACEMENT_3D ( 'NONE', #2292, #995, #2346 ) ;
#2688 = DIRECTION ( 'NONE',  ( -0.000000000000000000, -0.000000000000000000, 1.000000000000000000 ) ) ;
#2689 = CIRCLE ( 'NONE', #2627, 1.700000000000000178 ) ;
#2690 = ORIENTED_EDGE ( 'NONE', *, *, #157, .T. ) ;
#2691 = ADVANCED_FACE ( 'NONE', ( #1335 ), #519, .F. ) ;
#2692 = CYLINDRICAL_SURFACE ( 'NONE', #1912, 1.100000000000000089 ) ;
#2693 = PLANE ( 'NONE',  #2636 ) ;
#2694 = PLANE ( 'NONE',  #365 ) ;
#2695 = VECTOR ( 'NONE', #924, 1000.000000000000114 ) ;
#2696 = VECTOR ( 'NONE', #1356, 1000.000000000000000 ) ;
#2697 = ORIENTED_EDGE ( 'NONE', *, *, #334, .T. ) ;
#2698 = ORIENTED_EDGE ( 'NONE', *, *, #2637, .T. ) ;
#2699 = CARTESIAN_POINT ( 'NONE',  ( -32.16479168388713816, 75.00000000000000000, -11.19575401132841463 ) ) ;
#2700 = EDGE_CURVE ( 'NONE', #3253, #2865, #991, .T. ) ;
#2701 = AXIS2_PLACEMENT_3D ( 'NONE', #2217, #46, #2966 ) ;
#2702 = DIRECTION ( 'NONE',  ( 0.000000000000000000, -0.000000000000000000, 1.000000000000000000 ) ) ;
#2703 = ORIENTED_EDGE ( 'NONE', *, *, #1535, .T. ) ;
#2704 = CARTESIAN_POINT ( 'NONE',  ( 44.00000000000000000, 45.50000000000000000, -1.100000000000000089 ) ) ;
#2705 = VECTOR ( 'NONE', #2032, 1000.000000000000000 ) ;
#2706 = CARTESIAN_POINT ( 'NONE',  ( 29.14999999999999858, 75.00000000000000000, -9.645448267190433356 ) ) ;
#2707 = DIRECTION ( 'NONE',  ( 0.000000000000000000, 0.000000000000000000, 1.000000000000000000 ) ) ;
#2708 = AXIS2_PLACEMENT_3D ( 'NONE', #2782, #342, #2711 ) ;
#2709 = ORIENTED_EDGE ( 'NONE', *, *, #1022, .F. ) ;
#2710 = EDGE_CURVE ( 'NONE', #1291, #2868, #2079, .T. ) ;
#2711 = DIRECTION ( 'NONE',  ( 0.000000000000000000, 0.000000000000000000, 1.000000000000000000 ) ) ;
#2712 = CARTESIAN_POINT ( 'NONE',  ( -29.15000000000000213, 75.00000000000000000, -6.544836778914466358 ) ) ;
#2713 = FACE_OUTER_BOUND ( 'NONE', #1166, .T. ) ;
#2714 = EDGE_CURVE ( 'NONE', #3038, #973, #2492, .T. ) ;
#2715 = CIRCLE ( 'NONE', #2482, 1.750000000000000000 ) ;
#2716 = EDGE_LOOP ( 'NONE', ( #641, #3 ) ) ;
#2717 = ADVANCED_FACE ( 'NONE', ( #3184 ), #3204, .F. ) ;
#2718 = ORIENTED_EDGE ( 'NONE', *, *, #1864, .F. ) ;
#2719 = ADVANCED_FACE ( 'NONE', ( #2669 ), #750, .F. ) ;
#2720 = CARTESIAN_POINT ( 'NONE',  ( -29.31479168388714385, 75.00000000000000000, 6.259409209757110126 ) ) ;
#2721 = CARTESIAN_POINT ( 'NONE',  ( 0.000000000000000000, 70.00000000000000000, -6.000000000000000000 ) ) ;
#2722 = EDGE_LOOP ( 'NONE', ( #1366, #623, #2429, #3297, #62, #2197, #571, #3355 ) ) ;
#2723 = CARTESIAN_POINT ( 'NONE',  ( -32.00000000000000000, 74.50000000000000000, -8.000000000000000000 ) ) ;
#2724 = DIRECTION ( 'NONE',  ( 0.000000000000000000, 1.000000000000000000, 0.000000000000000000 ) ) ;
#2725 = DIRECTION ( 'NONE',  ( -0.000000000000000000, 1.000000000000000000, -0.000000000000000000 ) ) ;
#2726 = VERTEX_POINT ( 'NONE', #2654 ) ;
#2727 = DIRECTION ( 'NONE',  ( 0.000000000000000000, 0.000000000000000000, 1.000000000000000000 ) ) ;
#2728 = PLANE ( 'NONE',  #2004 ) ;
#2729 = CYLINDRICAL_SURFACE ( 'NONE', #2005, 1.100000000000000089 ) ;
#2730 = EDGE_LOOP ( 'NONE', ( #3329, #1476, #3144, #2892 ) ) ;
#2731 = CARTESIAN_POINT ( 'NONE',  ( -29.31479168388714385, 75.00000000000000000, -9.740590790242890762 ) ) ;
#2732 = DIRECTION ( 'NONE',  ( 0.000000000000000000, 0.000000000000000000, 1.000000000000000000 ) ) ;
#2733 = ORIENTED_EDGE ( 'NONE', *, *, #2593, .T. ) ;
#2734 = CARTESIAN_POINT ( 'NONE',  ( 34.85000000000000142, 74.50000000000000000, 6.544836778914469022 ) ) ;
#2735 = CARTESIAN_POINT ( 'NONE',  ( -32.16479168388714527, 74.50000000000000000, 11.19575401132841463 ) ) ;
#2736 = LINE ( 'NONE', #66, #363 ) ;
#2737 = VERTEX_POINT ( 'NONE', #2939 ) ;
#2738 = VERTEX_POINT ( 'NONE', #1300 ) ;
#2739 = ORIENTED_EDGE ( 'NONE', *, *, #530, .F. ) ;
#2740 = DIRECTION ( 'NONE',  ( 0.000000000000000000, -1.000000000000000000, 0.000000000000000000 ) ) ;
#2741 = CARTESIAN_POINT ( 'NONE',  ( -34.85000000000000142, 75.00000000000000000, 9.455163221085530978 ) ) ;
#2742 = ORIENTED_EDGE ( 'NONE', *, *, #1076, .T. ) ;
#2743 = LINE ( 'NONE', #71, #3324 ) ;
#2745 = ORIENTED_EDGE ( 'NONE', *, *, #2643, .F. ) ;
#2744 = AXIS2_PLACEMENT_3D ( 'NONE', #2991, #3244, #2118 ) ;
#2746 = EDGE_CURVE ( 'NONE', #659, #665, #3206, .T. ) ;
#2747 = ORGANIZATION ( 'UNSPECIFIED', 'UNSPECIFIED', '' ) ;
#2748 = VERTEX_POINT ( 'NONE', #558 ) ;
#2749 = VERTEX_POINT ( 'NONE', #2734 ) ;
#2750 = VECTOR ( 'NONE', #178, 1000.000000000000114 ) ;
#2751 = EDGE_CURVE ( 'NONE', #949, #2387, #1934, .T. ) ;
#2752 = EDGE_LOOP ( 'NONE', ( #2132, #898, #1107, #137, #2569, #3162, #2853, #2370 ) ) ;
#2753 = ORIENTED_EDGE ( 'NONE', *, *, #963, .F. ) ;
#2754 = AXIS2_PLACEMENT_3D ( 'NONE', #974, #1776, #446 ) ;
#2755 = ADVANCED_FACE ( 'NONE', ( #2988 ), #3330, .T. ) ;
#2756 = DIRECTION ( 'NONE',  ( 0.8660254037844387076, 0.000000000000000000, 0.4999999999999998890 ) ) ;
#2757 = EDGE_CURVE ( 'NONE', #1592, #612, #3254, .T. ) ;
#2758 = CARTESIAN_POINT ( 'NONE',  ( 34.68520831611285615, 74.50000000000000000, -6.259409209757112791 ) ) ;
#2759 = EDGE_CURVE ( 'NONE', #2964, #2302, #2486, .T. ) ;
#2760 = EDGE_LOOP ( 'NONE', ( #1896, #1611 ) ) ;
#2761 = LINE ( 'NONE', #299, #21 ) ;
#2762 = DIRECTION ( 'NONE',  ( 0.000000000000000000, 1.000000000000000000, 0.000000000000000000 ) ) ;
#2763 = VECTOR ( 'NONE', #1097, 1000.000000000000000 ) ;
#2764 = CARTESIAN_POINT ( 'NONE',  ( 32.00000000000000000, 75.00000000000000000, -8.000000000000000000 ) ) ;
#2765 = ORIENTED_EDGE ( 'NONE', *, *, #2377, .T. ) ;
#2766 = FACE_OUTER_BOUND ( 'NONE', #22, .T. ) ;
#2767 = AXIS2_PLACEMENT_3D ( 'NONE', #1552, #3172, #737 ) ;
#2768 = CARTESIAN_POINT ( 'NONE',  ( 29.14999999999999858, 75.00000000000000000, -6.544836778914476128 ) ) ;
#2769 = LINE ( 'NONE', #1106, #535 ) ;
#2770 = CIRCLE ( 'NONE', #1114, 3.200000000000001510 ) ;
#2771 = CARTESIAN_POINT ( 'NONE',  ( -32.00000000000000000, 75.00000000000000000, -8.000000000000000000 ) ) ;
#2772 = ORIENTED_EDGE ( 'NONE', *, *, #1742, .T. ) ;
#2773 = AXIS2_PLACEMENT_3D ( 'NONE', #1176, #2319, #2257 ) ;
#2774 = VERTEX_POINT ( 'NONE', #1670 ) ;
#2775 = VECTOR ( 'NONE', #2851, 1000.000000000000000 ) ;
#2776 = CC_DESIGN_PERSON_AND_ORGANIZATION_ASSIGNMENT ( #3479, #742, ( #3485 ) ) ;
#2777 = DIRECTION ( 'NONE',  ( 0.000000000000000000, -1.000000000000000000, 0.000000000000000000 ) ) ;
#2778 = ORIENTED_EDGE ( 'NONE', *, *, #1962, .T. ) ;
#2779 = CARTESIAN_POINT ( 'NONE',  ( 0.000000000000000000, 72.00000000000000000, -44.00000000000000000 ) ) ;
#2780 = CARTESIAN_POINT ( 'NONE',  ( 1.387131731489455122, 45.79564084121744827, -1.069110509377904306 ) ) ;
#2781 = CARTESIAN_POINT ( 'NONE',  ( 2.143131898507867804E-16, 72.00000000000000000, 1.750000000000000000 ) ) ;
#2782 = CARTESIAN_POINT ( 'NONE',  ( 32.00000000000000000, 77.00000000000000000, 8.000000000000000000 ) ) ;
#2783 = VERTEX_POINT ( 'NONE', #1952 ) ;
#2784 = LINE ( 'NONE', #875, #1213 ) ;
#2785 = ORIENTED_EDGE ( 'NONE', *, *, #1985, .T. ) ;
#2786 = DIRECTION ( 'NONE',  ( 0.000000000000000000, 0.000000000000000000, 1.000000000000000000 ) ) ;
#2787 = ORIENTED_EDGE ( 'NONE', *, *, #65, .F. ) ;
#2788 = EDGE_CURVE ( 'NONE', #2179, #1397, #817, .T. ) ;
#2789 = CARTESIAN_POINT ( 'NONE',  ( -32.00000000000000000, 75.00000000000000000, 8.000000000000000000 ) ) ;
#2790 = ORIENTED_EDGE ( 'NONE', *, *, #2828, .F. ) ;
#2791 = EDGE_LOOP ( 'NONE', ( #364, #1041 ) ) ;
#2792 = EDGE_CURVE ( 'NONE', #3464, #1322, #1160, .T. ) ;
#2793 = FACE_OUTER_BOUND ( 'NONE', #768, .T. ) ;
#2794 = ORIENTED_EDGE ( 'NONE', *, *, #2166, .T. ) ;
#2795 = CARTESIAN_POINT ( 'NONE',  ( -32.00000000000000000, 75.00000000000000000, 8.000000000000000000 ) ) ;
#2796 = CARTESIAN_POINT ( 'NONE',  ( -1.361065758881620846, 45.50000000000000000, -1.100000000000000311 ) ) ;
#2797 = LINE ( 'NONE', #356, #1686 ) ;
#2798 = EDGE_LOOP ( 'NONE', ( #980, #2375, #1307, #458, #1958, #330 ) ) ;
#2799 = DIRECTION ( 'NONE',  ( 0.000000000000000000, 0.000000000000000000, 1.000000000000000000 ) ) ;
#2800 = DIRECTION ( 'NONE',  ( 0.8660254037844387076, -0.000000000000000000, 0.4999999999999999445 ) ) ;
#2801 = DIRECTION ( 'NONE',  ( 0.000000000000000000, 0.000000000000000000, 1.000000000000000000 ) ) ;
#2802 = EDGE_CURVE ( 'NONE', #2624, #2215, #1634, .T. ) ;
#2803 = ORIENTED_EDGE ( 'NONE', *, *, #3016, .T. ) ;
#2804 = EDGE_CURVE ( 'NONE', #1803, #3017, #2761, .T. ) ;
#2805 = CARTESIAN_POINT ( 'NONE',  ( -32.00000000000000000, 72.00000000000000000, 11.29089653438086671 ) ) ;
#2806 = VECTOR ( 'NONE', #353, 1000.000000000000000 ) ;
#2807 = VECTOR ( 'NONE', #425, 1000.000000000000227 ) ;
#2808 = CIRCLE ( 'NONE', #1384, 3.200000000000001510 ) ;
#2809 = CIRCLE ( 'NONE', #2462, 3.200000000000001510 ) ;
#2810 = CARTESIAN_POINT ( 'NONE',  ( -29.15000000000000213, 75.00000000000000000, 9.645448267190435132 ) ) ;
#2811 = ORIENTED_EDGE ( 'NONE', *, *, #759, .T. ) ;
#2812 = CYLINDRICAL_SURFACE ( 'NONE', #187, 3.200000000000001510 ) ;
#2813 = CARTESIAN_POINT ( 'NONE',  ( 34.85000000000000142, 75.00000000000000000, -6.354551732809564868 ) ) ;
#2814 = ADVANCED_FACE ( 'NONE', ( #63 ), #1390, .T. ) ;
#2815 = DIRECTION ( 'NONE',  ( 0.000000000000000000, 1.000000000000000000, 0.000000000000000000 ) ) ;
#2816 = ORIENTED_EDGE ( 'NONE', *, *, #3278, .F. ) ;
#2817 = CARTESIAN_POINT ( 'NONE',  ( 29.14999999999999858, 75.00000000000000000, 9.645448267190433356 ) ) ;
#2818 = DIRECTION ( 'NONE',  ( 0.8660254037844387076, 0.000000000000000000, 0.4999999999999998890 ) ) ;
#2819 = LINE ( 'NONE', #362, #2409 ) ;
#2820 = VECTOR ( 'NONE', #921, 1000.000000000000000 ) ;
#2821 = ORIENTED_EDGE ( 'NONE', *, *, #3167, .F. ) ;
#2822 = FACE_OUTER_BOUND ( 'NONE', #1256, .T. ) ;
#2823 = CARTESIAN_POINT ( 'NONE',  ( 29.14999999999999858, 75.00000000000000000, -9.645448267190433356 ) ) ;
#2824 = EDGE_CURVE ( 'NONE', #471, #3038, #850, .T. ) ;
#2825 = VECTOR ( 'NONE', #805, 1000.000000000000000 ) ;
#2826 = EDGE_CURVE ( 'NONE', #2500, #2109, #1371, .T. ) ;
#2827 = AXIS2_PLACEMENT_3D ( 'NONE', #2994, #3029, #2508 ) ;
#2828 = EDGE_CURVE ( 'NONE', #1278, #3098, #2463, .T. ) ;
#2829 = CARTESIAN_POINT ( 'NONE',  ( 0.000000000000000000, 43.00000000000000000, 0.000000000000000000 ) ) ;
#2830 = ORIENTED_EDGE ( 'NONE', *, *, #375, .T. ) ;
#2831 = CARTESIAN_POINT ( 'NONE',  ( -1.518009725658947762, 44.82228258928252984, 0.8777313489481728404 ) ) ;
#2832 = ORIENTED_EDGE ( 'NONE', *, *, #3075, .F. ) ;
#2833 = LINE ( 'NONE', #3365, #2820 ) ;
#2834 = ORIENTED_EDGE ( 'NONE', *, *, #1294, .T. ) ;
#2835 = FACE_OUTER_BOUND ( 'NONE', #3051, .T. ) ;
#2836 = FACE_OUTER_BOUND ( 'NONE', #935, .T. ) ;
#2837 = CARTESIAN_POINT ( 'NONE',  ( -34.85000000000000142, 75.00000000000000000, -9.645448267190433356 ) ) ;
#2838 = LINE ( 'NONE', #1500, #1456 ) ;
#2839 = DIRECTION ( 'NONE',  ( 0.000000000000000000, 1.000000000000000000, 0.000000000000000000 ) ) ;
#2840 = DIRECTION ( 'NONE',  ( -1.000000000000000000, 0.000000000000000000, -1.054255858762918044E-15 ) ) ;
#2841 = CARTESIAN_POINT ( 'NONE',  ( 0.000000000000000000, 43.49999999999995026, -1.750000000000000000 ) ) ;
#2842 = VERTEX_POINT ( 'NONE', #838 ) ;
#2843 = CARTESIAN_POINT ( 'NONE',  ( 29.14999999999999858, 75.00000000000000000, 9.645448267190433356 ) ) ;
#2844 = DIRECTION ( 'NONE',  ( 0.000000000000000000, 0.000000000000000000, 1.000000000000000000 ) ) ;
#2845 = EDGE_LOOP ( 'NONE', ( #1363, #1638, #298, #2402, #1324, #2552, #549, #1137, #3343, #2158, #91, #2910, #2326, #2057, #3237, #76, #2878, #312 ) ) ;
#2846 = CARTESIAN_POINT ( 'NONE',  ( 32.00000000000000000, 77.00000000000000000, 6.299999999999999822 ) ) ;
#2847 = VERTEX_POINT ( 'NONE', #320 ) ;
#2848 = DIRECTION ( 'NONE',  ( 0.000000000000000000, -1.000000000000000000, 0.000000000000000000 ) ) ;
#2849 = DIRECTION ( 'NONE',  ( 0.000000000000000000, 1.000000000000000000, 0.000000000000000000 ) ) ;
#2850 = CARTESIAN_POINT ( 'NONE',  ( -34.85000000000000142, 75.00000000000000000, 6.354551732809566644 ) ) ;
#2851 = DIRECTION ( 'NONE',  ( 0.000000000000000000, 0.000000000000000000, -1.000000000000000000 ) ) ;
#2852 = ADVANCED_FACE ( 'NONE', ( #3043 ), #2434, .T. ) ;
#2853 = ORIENTED_EDGE ( 'NONE', *, *, #530, .T. ) ;
#2854 = AXIS2_PLACEMENT_3D ( 'NONE', #635, #1943, #1679 ) ;
#2855 = AXIS2_PLACEMENT_3D ( 'NONE', #2706, #2452, #1336 ) ;
#2856 = LINE ( 'NONE', #2781, #1613 ) ;
#2857 = EDGE_CURVE ( 'NONE', #2665, #1524, #613, .T. ) ;
#2858 = CARTESIAN_POINT ( 'NONE',  ( 32.00000000000000000, 74.50000000000000000, 8.000000000000000000 ) ) ;
#2859 = EDGE_LOOP ( 'NONE', ( #319, #336, #267, #1426, #3497, #2223, #3450, #277 ) ) ;
#2860 = VECTOR ( 'NONE', #3264, 1000.000000000000000 ) ;
#2861 = CARTESIAN_POINT ( 'NONE',  ( 32.00000000000000000, 74.50000000000000000, -8.000000000000000000 ) ) ;
#2862 = EDGE_CURVE ( 'NONE', #2201, #2067, #2450, .T. ) ;
#2863 = EDGE_CURVE ( 'NONE', #1907, #793, #2188, .T. ) ;
#2864 = DIRECTION ( 'NONE',  ( 0.000000000000000000, 1.000000000000000000, 0.000000000000000000 ) ) ;
#2865 = VERTEX_POINT ( 'NONE', #31 ) ;
#2866 = DIRECTION ( 'NONE',  ( -0.000000000000000000, -1.000000000000000000, -0.000000000000000000 ) ) ;
#2867 = CIRCLE ( 'NONE', #879, 3.200000000000001510 ) ;
#2868 = VERTEX_POINT ( 'NONE', #2779 ) ;
#2869 = DIRECTION ( 'NONE',  ( 0.8660254037844387076, 0.000000000000000000, 0.4999999999999998890 ) ) ;
#2870 = LINE ( 'NONE', #3389, #1771 ) ;
#2871 = DIRECTION ( 'NONE',  ( 0.000000000000000000, -1.000000000000000000, 0.000000000000000000 ) ) ;
#2872 = LINE ( 'NONE', #436, #1630 ) ;
#2873 = AXIS2_PLACEMENT_3D ( 'NONE', #1734, #2520, #3328 ) ;
#2874 = ORIENTED_EDGE ( 'NONE', *, *, #156, .F. ) ;
#2875 = VECTOR ( 'NONE', #2871, 1000.000000000000000 ) ;
#2876 = AXIS2_PLACEMENT_3D ( 'NONE', #3430, #478, #988 ) ;
#2877 = CARTESIAN_POINT ( 'NONE',  ( -32.00000000000000000, 75.00000000000000000, -8.000000000000000000 ) ) ;
#2878 = ORIENTED_EDGE ( 'NONE', *, *, #2935, .F. ) ;
#2879 = DIRECTION ( 'NONE',  ( 0.000000000000000000, 0.000000000000000000, -1.000000000000000000 ) ) ;
#2880 = APPROVAL ( #1841, 'UNSPECIFIED' ) ;
#2881 = CARTESIAN_POINT ( 'NONE',  ( 32.00000000000000000, 77.00000000000000000, -8.000000000000000000 ) ) ;
#2882 = VERTEX_POINT ( 'NONE', #1422 ) ;
#2883 = CARTESIAN_POINT ( 'NONE',  ( -34.85000000000000142, 75.00000000000000000, 6.354551732809566644 ) ) ;
#2884 = ORIENTED_EDGE ( 'NONE', *, *, #1783, .T. ) ;
#2885 = CARTESIAN_POINT ( 'NONE',  ( 0.000000000000000000, 75.00000000000000000, 0.000000000000000000 ) ) ;
#2886 = CARTESIAN_POINT ( 'NONE',  ( -34.85000000000000142, 74.50000000000000000, -9.455163221085530978 ) ) ;
#2887 = DIRECTION ( 'NONE',  ( 1.054255858762918044E-15, 0.000000000000000000, -1.000000000000000000 ) ) ;
#2888 = CARTESIAN_POINT ( 'NONE',  ( 34.85000000000000142, 72.00000000000000000, 6.354551732809566644 ) ) ;
#2889 = ORIENTED_EDGE ( 'NONE', *, *, #355, .T. ) ;
#2890 = VERTEX_POINT ( 'NONE', #2206 ) ;
#2891 = CARTESIAN_POINT ( 'NONE',  ( -32.16479168388713816, 75.00000000000000000, 11.19575401132841463 ) ) ;
#2892 = ORIENTED_EDGE ( 'NONE', *, *, #2710, .F. ) ;
#2893 = LINE ( 'NONE', #228, #3374 ) ;
#2894 = ADVANCED_FACE ( 'NONE', ( #3351 ), #2812, .F. ) ;
#2895 = EDGE_CURVE ( 'NONE', #1349, #1585, #1173, .T. ) ;
#2896 = CARTESIAN_POINT ( 'NONE',  ( 32.00000000000000000, 75.00000000000000000, -11.29089653438086671 ) ) ;
#2897 = VERTEX_POINT ( 'NONE', #1988 ) ;
#2898 = CARTESIAN_POINT ( 'NONE',  ( -3.831778648164175571, 44.94558533333660932, -0.9608412841761332368 ) ) ;
#2899 = VERTEX_POINT ( 'NONE', #2522 ) ;
#2900 = DIRECTION ( 'NONE',  ( 0.000000000000000000, -1.000000000000000000, 0.000000000000000000 ) ) ;
#2901 = LINE ( 'NONE', #945, #3493 ) ;
#2902 = EDGE_CURVE ( 'NONE', #214, #1856, #602, .T. ) ;
#2903 = DIRECTION ( 'NONE',  ( 0.8660254037844385966, 0.000000000000000000, -0.5000000000000001110 ) ) ;
#2904 = CARTESIAN_POINT ( 'NONE',  ( -3.913141634802791202, 46.46072806675218914, 0.5545397335577351150 ) ) ;
#2905 = LINE ( 'NONE', #1343, #1352 ) ;
#2906 = EDGE_CURVE ( 'NONE', #527, #1506, #2255, .T. ) ;
#2907 = APPROVAL_DATE_TIME ( #2679, #252 ) ;
#2908 = ORIENTED_EDGE ( 'NONE', *, *, #2857, .T. ) ;
#2909 = LINE ( 'NONE', #210, #1909 ) ;
#2910 = ORIENTED_EDGE ( 'NONE', *, *, #2119, .F. ) ;
#2911 = CARTESIAN_POINT ( 'NONE',  ( 0.000000000000000000, 72.00000000000000000, 0.000000000000000000 ) ) ;
#2912 = VECTOR ( 'NONE', #152, 1000.000000000000000 ) ;
#2913 = AXIS2_PLACEMENT_3D ( 'NONE', #3413, #193, #3468 ) ;
#2914 = CYLINDRICAL_SURFACE ( 'NONE', #1786, 1.700000000000000178 ) ;
#2915 = VERTEX_POINT ( 'NONE', #628 ) ;
#2916 = CARTESIAN_POINT ( 'NONE',  ( -32.00000000000000000, 77.00000000000000000, 8.000000000000000000 ) ) ;
#2917 = EDGE_CURVE ( 'NONE', #1882, #129, #2227, .T. ) ;
#2918 = LINE ( 'NONE', #1014, #2750 ) ;
#2919 = VECTOR ( 'NONE', #545, 1000.000000000000000 ) ;
#2920 = CARTESIAN_POINT ( 'NONE',  ( 32.00000000000000000, 72.00000000000000000, -4.709103465619133289 ) ) ;
#2921 = VECTOR ( 'NONE', #2467, 1000.000000000000227 ) ;
#2922 = CARTESIAN_POINT ( 'NONE',  ( 44.00000000000000000, 45.50000000000000000, 0.000000000000000000 ) ) ;
#2923 = PLANE ( 'NONE',  #3215 ) ;
#2924 = CARTESIAN_POINT ( 'NONE',  ( 32.00000000000000000, 75.00000000000000000, -11.29089653438086671 ) ) ;
#2925 = ORIENTED_EDGE ( 'NONE', *, *, #1711, .T. ) ;
#2926 = CC_DESIGN_PERSON_AND_ORGANIZATION_ASSIGNMENT ( #1293, #190, ( #3485 ) ) ;
#2927 = EDGE_LOOP ( 'NONE', ( #1605, #139 ) ) ;
#2928 = ORIENTED_EDGE ( 'NONE', *, *, #2788, .F. ) ;
#2929 = VECTOR ( 'NONE', #3128, 1000.000000000000000 ) ;
#2930 =( LENGTH_UNIT ( ) NAMED_UNIT ( * ) SI_UNIT ( .MILLI., .METRE. ) );
#2931 = AXIS2_PLACEMENT_3D ( 'NONE', #585, #3251, #3003 ) ;
#2932 = FACE_OUTER_BOUND ( 'NONE', #1495, .T. ) ;
#2933 = VERTEX_POINT ( 'NONE', #3321 ) ;
#2934 = FACE_OUTER_BOUND ( 'NONE', #2369, .T. ) ;
#2935 = EDGE_CURVE ( 'NONE', #2001, #1803, #2867, .T. ) ;
#2936 = VECTOR ( 'NONE', #1505, 1000.000000000000000 ) ;
#2937 = DIRECTION ( 'NONE',  ( -1.000000000000000000, 0.000000000000000000, -0.000000000000000000 ) ) ;
#2938 = ORIENTED_EDGE ( 'NONE', *, *, #1976, .T. ) ;
#2939 = CARTESIAN_POINT ( 'NONE',  ( 32.16479168388714527, 74.50000000000000000, -11.19575401132841463 ) ) ;
#2940 = DIRECTION ( 'NONE',  ( -0.000000000000000000, -1.000000000000000000, -0.000000000000000000 ) ) ;
#2941 = VECTOR ( 'NONE', #3231, 1000.000000000000114 ) ;
#2942 = FACE_OUTER_BOUND ( 'NONE', #1741, .T. ) ;
#2943 = DIRECTION ( 'NONE',  ( 0.8660254037844389297, 0.000000000000000000, -0.4999999999999995004 ) ) ;
#2944 = CARTESIAN_POINT ( 'NONE',  ( -29.15000000000000213, 72.00000000000000000, -6.354551732809563092 ) ) ;
#2945 = FACE_BOUND ( 'NONE', #1819, .T. ) ;
#2946 = ORIENTED_EDGE ( 'NONE', *, *, #1998, .F. ) ;
#2947 = PERSON_AND_ORGANIZATION_ROLE ( 'creator' ) ;
#2948 = DIRECTION ( 'NONE',  ( 0.000000000000000000, -1.000000000000000000, 0.000000000000000000 ) ) ;
#2949 = ORIENTED_EDGE ( 'NONE', *, *, #3228, .T. ) ;
#2950 = CARTESIAN_POINT ( 'NONE',  ( 0.000000000000000000, 75.00000000000000000, 0.000000000000000000 ) ) ;
#2951 = ADVANCED_FACE ( 'NONE', ( #56 ), #3358, .T. ) ;
#2952 = CARTESIAN_POINT ( 'NONE',  ( 34.85000000000000142, 74.50000000000000000, 9.455163221085530978 ) ) ;
#2953 = EDGE_LOOP ( 'NONE', ( #1365, #3314, #1818, #952 ) ) ;
#2954 = CARTESIAN_POINT ( 'NONE',  ( -32.16479168388714527, 75.00000000000000000, -11.19575401132841286 ) ) ;
#2955 = DIRECTION ( 'NONE',  ( 0.000000000000000000, 1.000000000000000000, 0.000000000000000000 ) ) ;
#2956 = CARTESIAN_POINT ( 'NONE',  ( 3.000000000000000000, 47.99999999999999289, 5.000000000000000000 ) ) ;
#2957 = ORIENTED_EDGE ( 'NONE', *, *, #3235, .T. ) ;
#2958 = LINE ( 'NONE', #2101, #554 ) ;
#2959 = CARTESIAN_POINT ( 'NONE',  ( -3.793744851726333245, 45.64614277552777111, 1.100000000000000089 ) ) ;
#2960 = DIRECTION ( 'NONE',  ( 0.000000000000000000, -1.000000000000000000, 0.000000000000000000 ) ) ;
#2961 = ORIENTED_EDGE ( 'NONE', *, *, #1273, .T. ) ;
#2962 = EDGE_CURVE ( 'NONE', #2479, #605, #3482, .T. ) ;
#2963 = LINE ( 'NONE', #1875, #207 ) ;
#2964 = VERTEX_POINT ( 'NONE', #1165 ) ;
#2965 = ADVANCED_FACE ( 'NONE', ( #1143 ), #108, .F. ) ;
#2966 = DIRECTION ( 'NONE',  ( 0.000000000000000000, 0.000000000000000000, -1.000000000000000000 ) ) ;
#2967 = ORIENTED_EDGE ( 'NONE', *, *, #188, .F. ) ;
#2968 = DIRECTION ( 'NONE',  ( 0.000000000000000000, -1.000000000000000000, 0.000000000000000000 ) ) ;
#2969 = EDGE_CURVE ( 'NONE', #2642, #1311, #2012, .T. ) ;
#2970 = DIRECTION ( 'NONE',  ( 0.000000000000000000, -1.000000000000000000, 0.000000000000000000 ) ) ;
#2971 = VECTOR ( 'NONE', #1920, 1000.000000000000000 ) ;
#2972 = EDGE_CURVE ( 'NONE', #1311, #1024, #1197, .T. ) ;
#2973 = CARTESIAN_POINT ( 'NONE',  ( -29.14999999999999858, 74.50000000000000000, 6.354551732809566644 ) ) ;
#2974 = VECTOR ( 'NONE', #2270, 1000.000000000000000 ) ;
#2975 = ORIENTED_EDGE ( 'NONE', *, *, #1112, .T. ) ;
#2976 = DIRECTION ( 'NONE',  ( 0.000000000000000000, 0.000000000000000000, 1.000000000000000000 ) ) ;
#2977 = VECTOR ( 'NONE', #2489, 1000.000000000000000 ) ;
#2978 = FACE_OUTER_BOUND ( 'NONE', #964, .T. ) ;
#2979 = CARTESIAN_POINT ( 'NONE',  ( 29.14999999999999858, 75.00000000000000000, 6.354551732809566644 ) ) ;
#2980 = AXIS2_PLACEMENT_3D ( 'NONE', #1993, #896, #634 ) ;
#2981 = EDGE_CURVE ( 'NONE', #2915, #973, #1128, .T. ) ;
#2982 = CIRCLE ( 'NONE', #657, 1.100000000000000089 ) ;
#2983 = EDGE_LOOP ( 'NONE', ( #2790, #1001, #3380, #3083 ) ) ;
#2984 = CARTESIAN_POINT ( 'NONE',  ( 34.85000000000000142, 75.00000000000000000, 9.455163221085530978 ) ) ;
#2985 = VECTOR ( 'NONE', #640, 1000.000000000000000 ) ;
#2986 = CARTESIAN_POINT ( 'NONE',  ( 34.85000000000000142, 75.00000000000000000, 6.354551732809566644 ) ) ;
#2987 = VERTEX_POINT ( 'NONE', #331 ) ;
#2988 = FACE_OUTER_BOUND ( 'NONE', #1471, .T. ) ;
#2989 = AXIS2_PLACEMENT_3D ( 'NONE', #2160, #219, #2102 ) ;
#2990 = DIRECTION ( 'NONE',  ( 0.000000000000000000, 0.000000000000000000, -1.000000000000000000 ) ) ;
#2991 = CARTESIAN_POINT ( 'NONE',  ( 0.000000000000000000, 70.00000000000000000, 0.000000000000000000 ) ) ;
#2992 = AXIS2_PLACEMENT_3D ( 'NONE', #2142, #3246, #2903 ) ;
#2993 = ORIENTED_EDGE ( 'NONE', *, *, #1603, .T. ) ;
#2994 = CARTESIAN_POINT ( 'NONE',  ( 32.00000000000000000, 75.00000000000000000, 11.29089653438086671 ) ) ;
#2995 = FACE_BOUND ( 'NONE', #3175, .T. ) ;
#2996 = ORIENTED_EDGE ( 'NONE', *, *, #3492, .T. ) ;
#2997 = LINE ( 'NONE', #567, #2860 ) ;
#2998 = ORIENTED_EDGE ( 'NONE', *, *, #920, .F. ) ;
#2999 = AXIS2_PLACEMENT_3D ( 'NONE', #110, #3122, #1199 ) ;
#3000 = VERTEX_POINT ( 'NONE', #2276 ) ;
#3001 = ORIENTED_EDGE ( 'NONE', *, *, #2862, .T. ) ;
#3002 = EDGE_LOOP ( 'NONE', ( #1130, #1242 ) ) ;
#3003 = DIRECTION ( 'NONE',  ( -0.8660254037844387076, 0.000000000000000000, -0.4999999999999999445 ) ) ;
#3004 = DIRECTION ( 'NONE',  ( 0.000000000000000000, 1.000000000000000000, 0.000000000000000000 ) ) ;
#3005 = EDGE_LOOP ( 'NONE', ( #2187, #2089 ) ) ;
#3006 = CARTESIAN_POINT ( 'NONE',  ( 32.00000000000000000, 74.50000000000000000, 4.709103465619133289 ) ) ;
#3007 = CARTESIAN_POINT ( 'NONE',  ( 32.00000000000000000, 75.00000000000000000, 8.000000000000000000 ) ) ;
#3008 = EDGE_CURVE ( 'NONE', #1856, #174, #926, .T. ) ;
#3009 = CYLINDRICAL_SURFACE ( 'NONE', #2117, 3.950000000000000178 ) ;
#3010 = ORIENTED_EDGE ( 'NONE', *, *, #670, .F. ) ;
#3011 = EDGE_LOOP ( 'NONE', ( #1011, #588 ) ) ;
#3012 = CYLINDRICAL_SURFACE ( 'NONE', #380, 3.200000000000001510 ) ;
#3013 = LINE ( 'NONE', #1658, #540 ) ;
#3014 = LINE ( 'NONE', #876, #703 ) ;
#3015 = ORIENTED_EDGE ( 'NONE', *, *, #65, .T. ) ;
#3016 = EDGE_CURVE ( 'NONE', #1793, #405, #3055, .T. ) ;
#3017 = VERTEX_POINT ( 'NONE', #669 ) ;
#3018 = ORIENTED_EDGE ( 'NONE', *, *, #3081, .T. ) ;
#3019 = EDGE_CURVE ( 'NONE', #3509, #2306, #811, .T. ) ;
#3020 = APPROVAL_ROLE ( '' ) ;
#3021 = CARTESIAN_POINT ( 'NONE',  ( -32.00000000000000000, 75.00000000000000000, -6.299999999999999822 ) ) ;
#3022 = CARTESIAN_POINT ( 'NONE',  ( 32.16479168388714527, 75.00000000000000000, 4.804245988671588030 ) ) ;
#3023 = EDGE_LOOP ( 'NONE', ( #2258, #3307, #2785, #830, #1355, #2816, #3478, #2490 ) ) ;
#3024 = DIRECTION ( 'NONE',  ( -0.8660254037844388186, 0.000000000000000000, -0.4999999999999996114 ) ) ;
#3025 = DIRECTION ( 'NONE',  ( 0.000000000000000000, -1.000000000000000000, 0.000000000000000000 ) ) ;
#3026 = DIRECTION ( 'NONE',  ( 0.000000000000000000, 0.000000000000000000, 1.000000000000000000 ) ) ;
#3027 = ORIENTED_EDGE ( 'NONE', *, *, #2312, .T. ) ;
#3028 = ORIENTED_EDGE ( 'NONE', *, *, #3269, .F. ) ;
#3029 = DIRECTION ( 'NONE',  ( -0.4999999999999995004, 0.000000000000000000, -0.8660254037844389297 ) ) ;
#3030 = CARTESIAN_POINT ( 'NONE',  ( 32.00000000000000000, 74.50000000000000000, -8.000000000000000000 ) ) ;
#3031 = CYLINDRICAL_SURFACE ( 'NONE', #1268, 3.200000000000001510 ) ;
#3033 = ORIENTED_EDGE ( 'NONE', *, *, #2643, .T. ) ;
#3032 = AXIS2_PLACEMENT_3D ( 'NONE', #3369, #2561, #601 ) ;
#3034 = CARTESIAN_POINT ( 'NONE',  ( -29.15000000000000213, 72.00000000000000000, 9.645448267190435132 ) ) ;
#3035 = ORIENTED_EDGE ( 'NONE', *, *, #2826, .F. ) ;
#3036 = AXIS2_PLACEMENT_3D ( 'NONE', #2356, #2649, #1042 ) ;
#3037 = VERTEX_POINT ( 'NONE', #1479 ) ;
#3038 = VERTEX_POINT ( 'NONE', #2261 ) ;
#3039 = DATE_AND_TIME ( #60, #3200 ) ;
#3040 = VECTOR ( 'NONE', #897, 1000.000000000000000 ) ;
#3041 = CARTESIAN_POINT ( 'NONE',  ( 29.14999999999999858, 72.00000000000000000, 9.645448267190433356 ) ) ;
#3042 = ORIENTED_EDGE ( 'NONE', *, *, #1183, .T. ) ;
#3043 = FACE_OUTER_BOUND ( 'NONE', #2859, .T. ) ;
#3044 = EDGE_CURVE ( 'NONE', #2511, #231, #3303, .T. ) ;
#3045 = CARTESIAN_POINT ( 'NONE',  ( 29.14999999999999858, 72.00000000000000000, 6.354551732809566644 ) ) ;
#3046 = VECTOR ( 'NONE', #2777, 1000.000000000000000 ) ;
#3047 = DIRECTION ( 'NONE',  ( 0.000000000000000000, -1.000000000000000000, 0.000000000000000000 ) ) ;
#3048 = EDGE_LOOP ( 'NONE', ( #1808, #1184, #2811, #2098, #2145, #1933, #1034, #1617 ) ) ;
#3049 = CARTESIAN_POINT ( 'NONE',  ( -29.31479168388714029, 75.00000000000000000, 6.259409209757112791 ) ) ;
#3050 = VECTOR ( 'NONE', #1799, 1000.000000000000000 ) ;
#3051 = EDGE_LOOP ( 'NONE', ( #456, #2548 ) ) ;
#3052 = DIRECTION ( 'NONE',  ( 0.000000000000000000, 0.000000000000000000, 1.000000000000000000 ) ) ;
#3053 = CARTESIAN_POINT ( 'NONE',  ( 0.000000000000000000, 72.00000000000000000, 0.000000000000000000 ) ) ;
#3054 = VECTOR ( 'NONE', #856, 1000.000000000000000 ) ;
#3055 = LINE ( 'NONE', #2837, #2129 ) ;
#3056 = ORIENTED_EDGE ( 'NONE', *, *, #759, .F. ) ;
#3057 = ORIENTED_EDGE ( 'NONE', *, *, #2824, .F. ) ;
#3058 = EDGE_CURVE ( 'NONE', #164, #2624, #3256, .T. ) ;
#3059 = AXIS2_PLACEMENT_3D ( 'NONE', #1287, #2368, #1018 ) ;
#3060 = EDGE_CURVE ( 'NONE', #1984, #3481, #1716, .T. ) ;
#3061 = DIRECTION ( 'NONE',  ( 0.000000000000000000, 0.000000000000000000, 1.000000000000000000 ) ) ;
#3062 = EDGE_LOOP ( 'NONE', ( #3107, #3315, #1576, #727 ) ) ;
#3063 = DIRECTION ( 'NONE',  ( 0.000000000000000000, 1.000000000000000000, 0.000000000000000000 ) ) ;
#3064 = CARTESIAN_POINT ( 'NONE',  ( -1.361065758881626842, 45.35039140688945736, 1.100000000000000311 ) ) ;
#3065 = EDGE_CURVE ( 'NONE', #1708, #1793, #1417, .T. ) ;
#3066 = VERTEX_POINT ( 'NONE', #74 ) ;
#3067 = DIRECTION ( 'NONE',  ( -1.000000000000000000, 0.000000000000000000, 0.000000000000000000 ) ) ;
#3068 = ORIENTED_EDGE ( 'NONE', *, *, #2751, .T. ) ;
#3069 = CARTESIAN_POINT ( 'NONE',  ( -34.68520831611286326, 75.00000000000000000, 6.259409209757114567 ) ) ;
#3070 = ORIENTED_EDGE ( 'NONE', *, *, #2593, .F. ) ;
#3071 = DIRECTION ( 'NONE',  ( 0.000000000000000000, 0.000000000000000000, 1.000000000000000000 ) ) ;
#3072 = CARTESIAN_POINT ( 'NONE',  ( -32.00000000000000000, 75.00000000000000000, -8.000000000000000000 ) ) ;
#3073 = VERTEX_POINT ( 'NONE', #1982 ) ;
#3074 = VERTEX_POINT ( 'NONE', #95 ) ;
#3075 = EDGE_CURVE ( 'NONE', #2038, #2027, #532, .T. ) ;
#3076 = CARTESIAN_POINT ( 'NONE',  ( -32.00000000000000000, 72.00000000000000000, 4.709103465619133289 ) ) ;
#3077 = EDGE_LOOP ( 'NONE', ( #1449, #186 ) ) ;
#3078 = DIRECTION ( 'NONE',  ( 0.000000000000000000, 0.000000000000000000, 1.000000000000000000 ) ) ;
#3079 = CARTESIAN_POINT ( 'NONE',  ( 1.361065758881619958, 45.50000000000000000, 1.100000000000000089 ) ) ;
#3080 = EDGE_CURVE ( 'NONE', #14, #51, #2819, .T. ) ;
#3081 = EDGE_CURVE ( 'NONE', #1394, #2749, #2870, .T. ) ;
#3082 = LINE ( 'NONE', #1738, #1454 ) ;
#3083 = ORIENTED_EDGE ( 'NONE', *, *, #1482, .F. ) ;
#3084 = PLANE ( 'NONE',  #1615 ) ;
#3085 = LINE ( 'NONE', #396, #1722 ) ;
#3086 = ADVANCED_FACE ( 'NONE', ( #467 ), #959, .T. ) ;
#3087 = CARTESIAN_POINT ( 'NONE',  ( 0.000000000000000000, 72.00000000000000000, 0.000000000000000000 ) ) ;
#3088 = ORIENTED_EDGE ( 'NONE', *, *, #3234, .F. ) ;
#3089 = CARTESIAN_POINT ( 'NONE',  ( 32.00000000000000000, 77.00000000000000000, 9.700000000000001066 ) ) ;
#3090 = ORIENTED_EDGE ( 'NONE', *, *, #776, .T. ) ;
#3091 = ADVANCED_FACE ( 'NONE', ( #3418 ), #2578, .F. ) ;
#3092 = APPROVAL_PERSON_ORGANIZATION ( #2605, #136, #763 ) ;
#3093 = AXIS2_PLACEMENT_3D ( 'NONE', #2885, #2955, #448 ) ;
#3094 = VECTOR ( 'NONE', #1992, 1000.000000000000000 ) ;
#3095 = VECTOR ( 'NONE', #3311, 1000.000000000000000 ) ;
#3096 = VERTEX_POINT ( 'NONE', #2045 ) ;
#3097 = CARTESIAN_POINT ( 'NONE',  ( -34.85000000000000142, 75.00000000000000000, -9.645448267190433356 ) ) ;
#3098 = VERTEX_POINT ( 'NONE', #1283 ) ;
#3099 = FACE_OUTER_BOUND ( 'NONE', #134, .T. ) ;
#3100 = LINE ( 'NONE', #426, #2474 ) ;
#3101 = ORIENTED_EDGE ( 'NONE', *, *, #445, .F. ) ;
#3102 = CARTESIAN_POINT ( 'NONE',  ( 31.83520831611286184, 75.00000000000000000, 4.804245988671586254 ) ) ;
#3103 = PLANE ( 'NONE',  #13 ) ;
#3104 = CARTESIAN_POINT ( 'NONE',  ( 0.000000000000000000, 47.99999999999999289, 0.000000000000000000 ) ) ;
#3105 = CIRCLE ( 'NONE', #2134, 3.950000000000000178 ) ;
#3106 = DIRECTION ( 'NONE',  ( 0.000000000000000000, 0.000000000000000000, -1.000000000000000000 ) ) ;
#3107 = ORIENTED_EDGE ( 'NONE', *, *, #194, .F. ) ;
#3108 = CIRCLE ( 'NONE', #263, 1.700000000000000178 ) ;
#3109 = CIRCLE ( 'NONE', #94, 3.200000000000001510 ) ;
#3110 = CARTESIAN_POINT ( 'NONE',  ( -29.15000000000000213, 75.00000000000000000, 9.645448267190435132 ) ) ;
#3111 = CARTESIAN_POINT ( 'NONE',  ( 32.00000000000000000, 74.50000000000000000, -8.000000000000000000 ) ) ;
#3112 = ORIENTED_EDGE ( 'NONE', *, *, #689, .T. ) ;
#3113 = CARTESIAN_POINT ( 'NONE',  ( -1.361065758881619958, 45.50000000000000000, 1.100000000000000089 ) ) ;
#3114 = CYLINDRICAL_SURFACE ( 'NONE', #2773, 3.200000000000001510 ) ;
#3115 = VERTEX_POINT ( 'NONE', #2031 ) ;
#3116 = DIRECTION ( 'NONE',  ( 0.000000000000000000, -1.000000000000000000, 0.000000000000000000 ) ) ;
#3117 = EDGE_CURVE ( 'NONE', #2897, #2433, #1832, .T. ) ;
#3118 = DIRECTION ( 'NONE',  ( 0.000000000000000000, -1.000000000000000000, 0.000000000000000000 ) ) ;
#3119 = EDGE_CURVE ( 'NONE', #1643, #1633, #1610, .T. ) ;
#3120 = DIRECTION ( 'NONE',  ( 0.000000000000000000, 0.000000000000000000, -1.000000000000000000 ) ) ;
#3121 = CARTESIAN_POINT ( 'NONE',  ( 32.00000000000000000, 75.00000000000000000, 8.000000000000000000 ) ) ;
#3122 = DIRECTION ( 'NONE',  ( -0.000000000000000000, -1.000000000000000000, -0.000000000000000000 ) ) ;
#3123 = EDGE_CURVE ( 'NONE', #2738, #1162, #1516, .T. ) ;
#3124 = EDGE_CURVE ( 'NONE', #257, #2748, #2901, .T. ) ;
#3125 = ORIENTED_EDGE ( 'NONE', *, *, #1290, .T. ) ;
#3126 = EDGE_CURVE ( 'NONE', #1133, #447, #3135, .T. ) ;
#3127 = DIRECTION ( 'NONE',  ( 0.000000000000000000, 0.000000000000000000, 1.000000000000000000 ) ) ;
#3128 = DIRECTION ( 'NONE',  ( -0.8660254037844385966, 0.000000000000000000, -0.5000000000000001110 ) ) ;
#3129 = EDGE_LOOP ( 'NONE', ( #291, #1901, #3415, #1421 ) ) ;
#3130 = CARTESIAN_POINT ( 'NONE',  ( 1.730324933460704928, 46.56939941165321528, -0.2960117961750227678 ) ) ;
#3131 = FACE_OUTER_BOUND ( 'NONE', #58, .T. ) ;
#3132 = ORIENTED_EDGE ( 'NONE', *, *, #821, .T. ) ;
#3133 = CARTESIAN_POINT ( 'NONE',  ( -32.16479168388714527, 75.00000000000000000, 4.804245988671586254 ) ) ;
#3134 = CARTESIAN_POINT ( 'NONE',  ( 34.68520831611286326, 74.50000000000000000, 6.259409209757114567 ) ) ;
#3135 = LINE ( 'NONE', #484, #1954 ) ;
#3136 = LINE ( 'NONE', #979, #996 ) ;
#3137 = CARTESIAN_POINT ( 'NONE',  ( 0.000000000000000000, 70.00000000000000000, 0.000000000000000000 ) ) ;
#3138 = CC_DESIGN_DATE_AND_TIME_ASSIGNMENT ( #2390, #242, ( #1138 ) ) ;
#3139 = AXIS2_PLACEMENT_3D ( 'NONE', #2671, #272, #521 ) ;
#3140 = VECTOR ( 'NONE', #819, 1000.000000000000000 ) ;
#3141 = LINE ( 'NONE', #340, #11 ) ;
#3142 = VECTOR ( 'NONE', #1238, 1000.000000000000227 ) ;
#3143 = DIRECTION ( 'NONE',  ( 0.000000000000000000, -1.000000000000000000, 0.000000000000000000 ) ) ;
#3144 = ORIENTED_EDGE ( 'NONE', *, *, #3353, .T. ) ;
#3145 = AXIS2_PLACEMENT_3D ( 'NONE', #3053, #621, #2786 ) ;
#3146 = DIRECTION ( 'NONE',  ( 0.000000000000000000, 1.000000000000000000, 0.000000000000000000 ) ) ;
#3147 = CIRCLE ( 'NONE', #2754, 1.700000000000000178 ) ;
#3148 = DIRECTION ( 'NONE',  ( 0.000000000000000000, 1.000000000000000000, 0.000000000000000000 ) ) ;
#3149 = EDGE_LOOP ( 'NONE', ( #908, #2718, #3157, #537 ) ) ;
#3150 = LINE ( 'NONE', #1726, #3094 ) ;
#3151 = ORIENTED_EDGE ( 'NONE', *, *, #294, .F. ) ;
#3152 = LINE ( 'NONE', #994, #1498 ) ;
#3153 = CARTESIAN_POINT ( 'NONE',  ( -29.15000000000000213, 75.00000000000000000, -6.354551732809564868 ) ) ;
#3154 = DIRECTION ( 'NONE',  ( 0.000000000000000000, -1.000000000000000000, 0.000000000000000000 ) ) ;
#3155 = DIRECTION ( 'NONE',  ( 0.000000000000000000, 0.000000000000000000, 1.000000000000000000 ) ) ;
#3156 = CIRCLE ( 'NONE', #2530, 1.700000000000000178 ) ;
#3157 = ORIENTED_EDGE ( 'NONE', *, *, #1188, .T. ) ;
#3158 = VECTOR ( 'NONE', #1320, 1000.000000000000000 ) ;
#3159 = ADVANCED_FACE ( 'NONE', ( #143 ), #3437, .T. ) ;
#3160 = COORDINATED_UNIVERSAL_TIME_OFFSET ( 6, 0, .BEHIND. ) ;
#3161 = PLANE ( 'NONE',  #3391 ) ;
#3162 = ORIENTED_EDGE ( 'NONE', *, *, #1899, .F. ) ;
#3163 = DIRECTION ( 'NONE',  ( 0.000000000000000000, 1.000000000000000000, 0.000000000000000000 ) ) ;
#3164 = DIRECTION ( 'NONE',  ( -0.000000000000000000, -1.000000000000000000, -0.000000000000000000 ) ) ;
#3165 = ORIENTED_EDGE ( 'NONE', *, *, #1930, .T. ) ;
#3166 = CARTESIAN_POINT ( 'NONE',  ( -34.85000000000000142, 75.00000000000000000, -9.645448267190433356 ) ) ;
#3167 = EDGE_CURVE ( 'NONE', #3481, #1708, #3459, .T. ) ;
#3168 = ORIENTED_EDGE ( 'NONE', *, *, #1486, .T. ) ;
#3169 = CARTESIAN_POINT ( 'NONE',  ( -32.00000000000000000, 75.00000000000000000, 8.000000000000000000 ) ) ;
#3170 = PLANE ( 'NONE',  #296 ) ;
#3171 = LINE ( 'NONE', #2347, #2652 ) ;
#3172 = DIRECTION ( 'NONE',  ( 0.000000000000000000, 1.000000000000000000, 0.000000000000000000 ) ) ;
#3173 = FACE_BOUND ( 'NONE', #2350, .T. ) ;
#3174 = ORIENTED_EDGE ( 'NONE', *, *, #1348, .T. ) ;
#3175 = EDGE_LOOP ( 'NONE', ( #3267, #3090 ) ) ;
#3176 = PERSON_AND_ORGANIZATION_ROLE ( 'classification_officer' ) ;
#3177 = ADVANCED_FACE ( 'NONE', ( #2062, #698 ), #3170, .T. ) ;
#3178 = CARTESIAN_POINT ( 'NONE',  ( 29.14999999999999858, 75.00000000000000000, -9.645448267190433356 ) ) ;
#3179 = ORIENTED_EDGE ( 'NONE', *, *, #711, .T. ) ;
#3180 = DIRECTION ( 'NONE',  ( 0.000000000000000000, 0.000000000000000000, -1.000000000000000000 ) ) ;
#3181 = DIRECTION ( 'NONE',  ( 0.000000000000000000, -1.000000000000000000, 0.000000000000000000 ) ) ;
#3182 = ORIENTED_EDGE ( 'NONE', *, *, #2152, .T. ) ;
#3183 = EDGE_CURVE ( 'NONE', #2437, #1291, #2280, .T. ) ;
#3184 = FACE_OUTER_BOUND ( 'NONE', #881, .T. ) ;
#3185 = CARTESIAN_POINT ( 'NONE',  ( 1.387536657437736798, 45.20264114411448730, -1.068586194674190359 ) ) ;
#3186 = DIRECTION ( 'NONE',  ( 1.000000000000000000, 0.000000000000000000, 0.000000000000000000 ) ) ;
#3187 = ADVANCED_FACE ( 'NONE', ( #752 ), #1499, .T. ) ;
#3188 = DIRECTION ( 'NONE',  ( 0.000000000000000000, 1.000000000000000000, 0.000000000000000000 ) ) ;
#3189 = LINE ( 'NONE', #3462, #3503 ) ;
#3190 = CARTESIAN_POINT ( 'NONE',  ( 29.14999999999999858, 72.00000000000000000, -9.645448267190433356 ) ) ;
#3191 = ORIENTED_EDGE ( 'NONE', *, *, #1009, .T. ) ;
#3192 = ORIENTED_EDGE ( 'NONE', *, *, #2488, .T. ) ;
#3193 = ADVANCED_FACE ( 'NONE', ( #163 ), #1260, .T. ) ;
#3194 = EDGE_LOOP ( 'NONE', ( #1344, #2957, #333, #1334 ) ) ;
#3195 = PERSON_AND_ORGANIZATION ( #884, #2747 ) ;
#3196 = CARTESIAN_POINT ( 'NONE',  ( 32.00000000000000000, 72.00000000000000000, 11.29089653438086671 ) ) ;
#3197 = ORIENTED_EDGE ( 'NONE', *, *, #3409, .T. ) ;
#3198 = VECTOR ( 'NONE', #561, 1000.000000000000000 ) ;
#3199 = DIRECTION ( 'NONE',  ( 0.000000000000000000, 0.000000000000000000, 1.000000000000000000 ) ) ;
#3200 = LOCAL_TIME ( 21, 39, 44.00000000000000000, #1131 ) ;
#3201 = CIRCLE ( 'NONE', #247, 3.950000000000000178 ) ;
#3202 = DIRECTION ( 'NONE',  ( 0.000000000000000000, 0.000000000000000000, -1.000000000000000000 ) ) ;
#3203 = ORIENTED_EDGE ( 'NONE', *, *, #3058, .T. ) ;
#3204 = CYLINDRICAL_SURFACE ( 'NONE', #1270, 3.200000000000001510 ) ;
#3205 = DIRECTION ( 'NONE',  ( 0.000000000000000000, 0.000000000000000000, 1.000000000000000000 ) ) ;
#3206 = CIRCLE ( 'NONE', #130, 3.200000000000001510 ) ;
#3207 = APPLICATION_CONTEXT ( 'configuration controlled 3d designs of mechanical parts and assemblies' ) ;
#3208 = DIRECTION ( 'NONE',  ( -0.000000000000000000, -1.000000000000000000, -0.000000000000000000 ) ) ;
#3209 = DIRECTION ( 'NONE',  ( 0.000000000000000000, 1.000000000000000000, 0.000000000000000000 ) ) ;
#3210 = DIRECTION ( 'NONE',  ( 0.000000000000000000, -0.000000000000000000, 1.000000000000000000 ) ) ;
#3211 = CARTESIAN_POINT ( 'NONE',  ( -32.00000000000000000, 74.50000000000000000, 8.000000000000000000 ) ) ;
#3212 = ORIENTED_EDGE ( 'NONE', *, *, #1902, .T. ) ;
#3213 = CIRCLE ( 'NONE', #1169, 44.00000000000000000 ) ;
#3214 = CARTESIAN_POINT ( 'NONE',  ( 0.000000000000000000, 72.00000000000000000, -1.750000000000000000 ) ) ;
#3215 = AXIS2_PLACEMENT_3D ( 'NONE', #1017, #3528, #1854 ) ;
#3216 = LINE ( 'NONE', #501, #664 ) ;
#3217 = ORIENTED_EDGE ( 'NONE', *, *, #2972, .F. ) ;
#3218 = DIRECTION ( 'NONE',  ( 0.000000000000000000, 0.000000000000000000, -1.000000000000000000 ) ) ;
#3219 = CIRCLE ( 'NONE', #1000, 3.200000000000001510 ) ;
#3220 = CARTESIAN_POINT ( 'NONE',  ( -32.00000000000000000, 77.00000000000000000, 8.000000000000000000 ) ) ;
#3221 = AXIS2_PLACEMENT_3D ( 'NONE', #3354, #1774, #1756 ) ;
#3222 = VERTEX_POINT ( 'NONE', #2886 ) ;
#3223 = DIRECTION ( 'NONE',  ( 0.000000000000000000, 1.000000000000000000, 0.000000000000000000 ) ) ;
#3224 = CARTESIAN_POINT ( 'NONE',  ( 29.14999999999999858, 74.50000000000000000, -9.455163221085523872 ) ) ;
#3225 = CIRCLE ( 'NONE', #3453, 3.200000000000001510 ) ;
#3226 = LINE ( 'NONE', #541, #2060 ) ;
#3227 = EDGE_LOOP ( 'NONE', ( #1911, #3339 ) ) ;
#3228 = EDGE_CURVE ( 'NONE', #1024, #2114, #449, .T. ) ;
#3229 = DIRECTION ( 'NONE',  ( -0.8660254037844385966, 0.000000000000000000, -0.5000000000000001110 ) ) ;
#3230 = CARTESIAN_POINT ( 'NONE',  ( -3.941581728276892349, 46.57069486078180631, 0.2900435302417446182 ) ) ;
#3231 = DIRECTION ( 'NONE',  ( 0.8660254037844387076, 0.000000000000000000, 0.4999999999999998890 ) ) ;
#3232 = ORIENTED_EDGE ( 'NONE', *, *, #1962, .F. ) ;
#3233 = VERTEX_POINT ( 'NONE', #2920 ) ;
#3234 = EDGE_CURVE ( 'NONE', #1536, #3074, #822, .T. ) ;
#3235 = EDGE_CURVE ( 'NONE', #1645, #775, #2656, .T. ) ;
#3236 = CARTESIAN_POINT ( 'NONE',  ( -29.15000000000000213, 75.00000000000000000, 9.455163221085530978 ) ) ;
#3237 = ORIENTED_EDGE ( 'NONE', *, *, #2152, .F. ) ;
#3238 = EDGE_CURVE ( 'NONE', #2847, #1595, #1337, .T. ) ;
#3239 = CARTESIAN_POINT ( 'NONE',  ( -32.00000000000000000, 74.50000000000000000, 8.000000000000000000 ) ) ;
#3240 = VERTEX_POINT ( 'NONE', #217 ) ;
#3241 = DIRECTION ( 'NONE',  ( 0.000000000000000000, -1.000000000000000000, 0.000000000000000000 ) ) ;
#3242 = ADVANCED_FACE ( 'NONE', ( #2400 ), #3257, .T. ) ;
#3243 = CARTESIAN_POINT ( 'NONE',  ( 32.00000000000000000, 75.00000000000000000, 11.29089653438086671 ) ) ;
#3244 = DIRECTION ( 'NONE',  ( 0.000000000000000000, 1.000000000000000000, 0.000000000000000000 ) ) ;
#3245 = ORIENTED_EDGE ( 'NONE', *, *, #3442, .T. ) ;
#3246 = DIRECTION ( 'NONE',  ( 0.5000000000000001110, 0.000000000000000000, 0.8660254037844385966 ) ) ;
#3247 = CARTESIAN_POINT ( 'NONE',  ( -29.14999999999999858, 74.50000000000000000, -9.645448267190433356 ) ) ;
#3248 = CYLINDRICAL_SURFACE ( 'NONE', #1614, 3.200000000000001510 ) ;
#3249 = VERTEX_POINT ( 'NONE', #12 ) ;
#3250 = ADVANCED_FACE ( 'NONE', ( #235 ), #3512, .F. ) ;
#3251 = DIRECTION ( 'NONE',  ( 0.4999999999999999445, 0.000000000000000000, -0.8660254037844387076 ) ) ;
#3252 = CARTESIAN_POINT ( 'NONE',  ( -32.00000000000000000, 75.00000000000000000, 11.29089653438086671 ) ) ;
#3253 = VERTEX_POINT ( 'NONE', #1881 ) ;
#3254 = LINE ( 'NONE', #2238, #1328 ) ;
#3255 = CARTESIAN_POINT ( 'NONE',  ( -32.00000000000000000, 77.00000000000000000, -6.299999999999999822 ) ) ;
#3256 = CIRCLE ( 'NONE', #3370, 3.200000000000001510 ) ;
#3257 = PLANE ( 'NONE',  #1148 ) ;
#3258 = VECTOR ( 'NONE', #216, 1000.000000000000000 ) ;
#3259 = ORIENTED_EDGE ( 'NONE', *, *, #401, .F. ) ;
#3260 = DIRECTION ( 'NONE',  ( 0.000000000000000000, 0.000000000000000000, -1.000000000000000000 ) ) ;
#3261 = CIRCLE ( 'NONE', #2176, 3.200000000000001510 ) ;
#3262 = LINE ( 'NONE', #2456, #2633 ) ;
#3263 = ORIENTED_EDGE ( 'NONE', *, *, #3381, .T. ) ;
#3264 = DIRECTION ( 'NONE',  ( 0.000000000000000000, -1.000000000000000000, 0.000000000000000000 ) ) ;
#3265 = CIRCLE ( 'NONE', #3145, 1.750000000000000000 ) ;
#3266 = AXIS2_PLACEMENT_3D ( 'NONE', #2526, #1957, #2799 ) ;
#3267 = ORIENTED_EDGE ( 'NONE', *, *, #603, .T. ) ;
#3268 = ORIENTED_EDGE ( 'NONE', *, *, #2969, .F. ) ;
#3269 = EDGE_CURVE ( 'NONE', #119, #682, #1035, .T. ) ;
#3270 = LINE ( 'NONE', #280, #2417 ) ;
#3271 = EDGE_CURVE ( 'NONE', #1506, #45, #245, .T. ) ;
#3272 = AXIS2_PLACEMENT_3D ( 'NONE', #2186, #3004, #2732 ) ;
#3273 = CARTESIAN_POINT ( 'NONE',  ( 34.85000000000000142, 75.00000000000000000, 6.544836778914469022 ) ) ;
#3274 = ORIENTED_EDGE ( 'NONE', *, *, #75, .T. ) ;
#3275 = DIRECTION ( 'NONE',  ( -0.000000000000000000, 1.000000000000000000, -0.000000000000000000 ) ) ;
#3276 = VECTOR ( 'NONE', #2354, 1000.000000000000000 ) ;
#3277 = CARTESIAN_POINT ( 'NONE',  ( 0.000000000000000000, 72.00000000000001421, 0.000000000000000000 ) ) ;
#3278 = EDGE_CURVE ( 'NONE', #2865, #3375, #256, .T. ) ;
#3279 = CARTESIAN_POINT ( 'NONE',  ( 29.14999999999999858, 72.00000000000000000, 9.645448267190433356 ) ) ;
#3280 = ORIENTED_EDGE ( 'NONE', *, *, #1119, .T. ) ;
#3281 = VECTOR ( 'NONE', #2590, 1000.000000000000000 ) ;
#3282 = EDGE_LOOP ( 'NONE', ( #3018, #2466, #2697, #636, #328, #1370, #2742, #624 ) ) ;
#3283 = ADVANCED_FACE ( 'NONE', ( #1588 ), #2453, .F. ) ;
#3284 = LINE ( 'NONE', #595, #1057 ) ;
#3285 = DIRECTION ( 'NONE',  ( -0.8660254037844389297, 0.000000000000000000, 0.4999999999999994449 ) ) ;
#3286 = CARTESIAN_POINT ( 'NONE',  ( 32.00000000000000000, 75.00000000000000000, -11.29089653438086671 ) ) ;
#3287 = ORIENTED_EDGE ( 'NONE', *, *, #1783, .F. ) ;
#3288 = ADVANCED_FACE ( 'NONE', ( #1317, #1102 ), #3009, .T. ) ;
#3289 = ORIENTED_EDGE ( 'NONE', *, *, #1, .F. ) ;
#3290 = CARTESIAN_POINT ( 'NONE',  ( 32.00000000000000000, 72.00000000000000000, 4.709103465619133289 ) ) ;
#3291 = ADVANCED_FACE ( 'NONE', ( #2421 ), #3491, .T. ) ;
#3292 = CARTESIAN_POINT ( 'NONE',  ( 32.16479168388713816, 74.50000000000000000, 11.19575401132841641 ) ) ;
#3293 = EDGE_LOOP ( 'NONE', ( #1942, #3526, #739, #427 ) ) ;
#3294 = CARTESIAN_POINT ( 'NONE',  ( -31.83520831611286184, 75.00000000000000000, -4.804245988671586254 ) ) ;
#3295 = DIRECTION ( 'NONE',  ( -0.000000000000000000, 1.000000000000000000, -0.000000000000000000 ) ) ;
#3296 = DIRECTION ( 'NONE',  ( 0.000000000000000000, -1.000000000000000000, 0.000000000000000000 ) ) ;
#3297 = ORIENTED_EDGE ( 'NONE', *, *, #1894, .T. ) ;
#3298 = ORIENTED_EDGE ( 'NONE', *, *, #453, .T. ) ;
#3299 = DIRECTION ( 'NONE',  ( -0.4999999999999999445, 0.000000000000000000, 0.8660254037844387076 ) ) ;
#3300 = CARTESIAN_POINT ( 'NONE',  ( -31.83520831611286184, 75.00000000000000000, 11.19575401132841463 ) ) ;
#3301 = CARTESIAN_POINT ( 'NONE',  ( 29.31479168388714385, 75.00000000000000000, -6.259409209757110126 ) ) ;
#3302 = ORIENTED_EDGE ( 'NONE', *, *, #2164, .T. ) ;
#3303 = LINE ( 'NONE', #860, #3040 ) ;
#3304 = ORIENTED_EDGE ( 'NONE', *, *, #3044, .F. ) ;
#3305 = ORIENTED_EDGE ( 'NONE', *, *, #1439, .F. ) ;
#3306 = ORIENTED_EDGE ( 'NONE', *, *, #1930, .F. ) ;
#3307 = ORIENTED_EDGE ( 'NONE', *, *, #651, .T. ) ;
#3308 = ADVANCED_FACE ( 'NONE', ( #2942 ), #1604, .T. ) ;
#3309 = CARTESIAN_POINT ( 'NONE',  ( 0.000000000000000000, 43.00000000000000000, 0.000000000000000000 ) ) ;
#3310 = ORIENTED_EDGE ( 'NONE', *, *, #707, .T. ) ;
#3311 = DIRECTION ( 'NONE',  ( -1.000000000000000000, 0.000000000000000000, 0.000000000000000000 ) ) ;
#3312 = CARTESIAN_POINT ( 'NONE',  ( 32.00000000000000000, 75.00000000000000000, -8.000000000000000000 ) ) ;
#3313 = CARTESIAN_POINT ( 'NONE',  ( -34.85000000000000142, 72.00000000000000000, -6.354551732809565756 ) ) ;
#3314 = ORIENTED_EDGE ( 'NONE', *, *, #2035, .F. ) ;
#3315 = ORIENTED_EDGE ( 'NONE', *, *, #2430, .F. ) ;
#3316 = CARTESIAN_POINT ( 'NONE',  ( 34.85000000000000142, 75.00000000000000000, -9.645448267190433356 ) ) ;
#3317 = DIRECTION ( 'NONE',  ( 0.000000000000000000, 1.000000000000000000, 0.000000000000000000 ) ) ;
#3318 = DIRECTION ( 'NONE',  ( 0.000000000000000000, 0.000000000000000000, -1.000000000000000000 ) ) ;
#3319 = AXIS2_PLACEMENT_3D ( 'NONE', #789, #2171, #578 ) ;
#3320 = AXIS2_PLACEMENT_3D ( 'NONE', #1880, #2970, #2990 ) ;
#3321 = CARTESIAN_POINT ( 'NONE',  ( 3.000000000000000000, 43.00000000000000000, 2.569533031505919496 ) ) ;
#3322 = VECTOR ( 'NONE', #3047, 1000.000000000000000 ) ;
#3323 = ORIENTED_EDGE ( 'NONE', *, *, #3454, .F. ) ;
#3324 = VECTOR ( 'NONE', #1642, 1000.000000000000114 ) ;
#3325 = ORIENTED_EDGE ( 'NONE', *, *, #1968, .F. ) ;
#3326 = AXIS2_PLACEMENT_3D ( 'NONE', #3030, #857, #2195 ) ;
#3327 = EDGE_CURVE ( 'NONE', #1643, #1633, #3226, .T. ) ;
#3328 = DIRECTION ( 'NONE',  ( 0.000000000000000000, -0.000000000000000000, 1.000000000000000000 ) ) ;
#3329 = ORIENTED_EDGE ( 'NONE', *, *, #3183, .F. ) ;
#3330 = PLANE ( 'NONE',  #1039 ) ;
#3331 = CARTESIAN_POINT ( 'NONE',  ( 1.616552260919284167, 46.37646367516155976, 0.6793560449707385374 ) ) ;
#3332 = VECTOR ( 'NONE', #297, 1000.000000000000000 ) ;
#3333 = DIRECTION ( 'NONE',  ( 0.000000000000000000, 0.000000000000000000, 1.000000000000000000 ) ) ;
#3334 = EDGE_LOOP ( 'NONE', ( #55, #863, #2229, #1443 ) ) ;
#3335 = CARTESIAN_POINT ( 'NONE',  ( 32.16479168388713816, 75.00000000000000000, 11.19575401132841641 ) ) ;
#3336 = VECTOR ( 'NONE', #2108, 1000.000000000000000 ) ;
#3337 = EDGE_LOOP ( 'NONE', ( #3344, #1843, #115, #1432 ) ) ;
#3338 = CARTESIAN_POINT ( 'NONE',  ( 34.85000000000000142, 75.00000000000000000, -9.645448267190433356 ) ) ;
#3339 = ORIENTED_EDGE ( 'NONE', *, *, #1271, .F. ) ;
#3340 = CARTESIAN_POINT ( 'NONE',  ( 4.837354856632044071E-16, 72.00000000000000000, 3.950000000000000178 ) ) ;
#3341 = DIRECTION ( 'NONE',  ( -0.8660254037844389297, 0.000000000000000000, 0.4999999999999993894 ) ) ;
#3342 = EDGE_CURVE ( 'NONE', #1633, #1856, #1067, .T. ) ;
#3343 = ORIENTED_EDGE ( 'NONE', *, *, #2075, .F. ) ;
#3344 = ORIENTED_EDGE ( 'NONE', *, *, #2164, .F. ) ;
#3345 = AXIS2_PLACEMENT_3D ( 'NONE', #3372, #757, #1575 ) ;
#3346 = EDGE_CURVE ( 'NONE', #119, #682, #1373, .T. ) ;
#3347 = EDGE_CURVE ( 'NONE', #2774, #3115, #2808, .T. ) ;
#3348 = EDGE_CURVE ( 'NONE', #1435, #677, #1936, .T. ) ;
#3349 = CARTESIAN_POINT ( 'NONE',  ( 34.85000000000000142, 75.00000000000000000, -6.354551732809564868 ) ) ;
#3350 = ORIENTED_EDGE ( 'NONE', *, *, #2419, .F. ) ;
#3351 = FACE_OUTER_BOUND ( 'NONE', #1544, .T. ) ;
#3352 = CARTESIAN_POINT ( 'NONE',  ( 1.750174480205820782, 46.60027758244333285, 0.1466294862917772168 ) ) ;
#3353 = EDGE_CURVE ( 'NONE', #2582, #2868, #925, .T. ) ;
#3354 = CARTESIAN_POINT ( 'NONE',  ( 29.14999999999999858, 75.00000000000000000, 6.354551732809566644 ) ) ;
#3355 = ORIENTED_EDGE ( 'NONE', *, *, #1168, .T. ) ;
#3356 = DIRECTION ( 'NONE',  ( 0.000000000000000000, 1.000000000000000000, 0.000000000000000000 ) ) ;
#3357 = CARTESIAN_POINT ( 'NONE',  ( -34.85000000000000142, 72.00000000000000000, -6.354551732809565756 ) ) ;
#3358 = PLANE ( 'NONE',  #865 ) ;
#3359 = ORIENTED_EDGE ( 'NONE', *, *, #2295, .T. ) ;
#3360 = CARTESIAN_POINT ( 'NONE',  ( -32.16479168388714527, 74.50000000000000000, -11.19575401132841463 ) ) ;
#3361 = CARTESIAN_POINT ( 'NONE',  ( -32.00000000000000000, 74.50000000000000000, -8.000000000000000000 ) ) ;
#3362 = DIRECTION ( 'NONE',  ( 0.000000000000000000, 1.000000000000000000, 0.000000000000000000 ) ) ;
#3363 = EDGE_LOOP ( 'NONE', ( #2765, #1206, #1146, #2595, #1929, #1863, #3112, #3263 ) ) ;
#3364 = DIRECTION ( 'NONE',  ( 0.000000000000000000, -1.000000000000000000, 0.000000000000000000 ) ) ;
#3365 = CARTESIAN_POINT ( 'NONE',  ( -32.00000000000000000, 75.00000000000000000, -4.709103465619133289 ) ) ;
#3366 = ORIENTED_EDGE ( 'NONE', *, *, #861, .T. ) ;
#3367 = DIRECTION ( 'NONE',  ( 0.000000000000000000, 0.000000000000000000, 1.000000000000000000 ) ) ;
#3368 = CARTESIAN_POINT ( 'NONE',  ( -31.83520831611286184, 75.00000000000000000, 4.804245988671586254 ) ) ;
#3369 = CARTESIAN_POINT ( 'NONE',  ( -32.00000000000000000, 74.50000000000000000, 8.000000000000000000 ) ) ;
#3370 = AXIS2_PLACEMENT_3D ( 'NONE', #2513, #650, #2529 ) ;
#3371 = CARTESIAN_POINT ( 'NONE',  ( 34.85000000000000142, 75.00000000000000000, -9.645448267190433356 ) ) ;
#3372 = CARTESIAN_POINT ( 'NONE',  ( -32.00000000000000000, 75.00000000000000000, -8.000000000000000000 ) ) ;
#3373 = VECTOR ( 'NONE', #3425, 1000.000000000000000 ) ;
#3374 = VECTOR ( 'NONE', #2608, 1000.000000000000000 ) ;
#3375 = VERTEX_POINT ( 'NONE', #3313 ) ;
#3376 = AXIS2_PLACEMENT_3D ( 'NONE', #695, #956, #1740 ) ;
#3377 = AXIS2_PLACEMENT_3D ( 'NONE', #1652, #1620, #1152 ) ;
#3378 = ADVANCED_FACE ( 'NONE', ( #2036 ), #871, .F. ) ;
#3379 = LINE ( 'NONE', #2568, #1400 ) ;
#3380 = ORIENTED_EDGE ( 'NONE', *, *, #920, .T. ) ;
#3381 = EDGE_CURVE ( 'NONE', #150, #2842, #2300, .T. ) ;
#3382 = CARTESIAN_POINT ( 'NONE',  ( -1.616070488470636723, 44.62440442695525178, -0.6804954446168893778 ) ) ;
#3383 = LINE ( 'NONE', #3401, #2251 ) ;
#3384 = ORIENTED_EDGE ( 'NONE', *, *, #3278, .T. ) ;
#3385 = EDGE_CURVE ( 'NONE', #3017, #2114, #34, .T. ) ;
#3386 = CARTESIAN_POINT ( 'NONE',  ( -34.85000000000000142, 75.00000000000000000, 6.354551732809566644 ) ) ;
#3387 = AXIS2_PLACEMENT_3D ( 'NONE', #3239, #1895, #2702 ) ;
#3388 = DIRECTION ( 'NONE',  ( -0.5000000000000001110, 0.000000000000000000, 0.8660254037844385966 ) ) ;
#3389 = CARTESIAN_POINT ( 'NONE',  ( 34.85000000000000142, 74.50000000000000000, 9.645448267190435132 ) ) ;
#3390 = EDGE_CURVE ( 'NONE', #1769, #2933, #2736, .T. ) ;
#3391 = AXIS2_PLACEMENT_3D ( 'NONE', #764, #1540, #1804 ) ;
#3392 = DIRECTION ( 'NONE',  ( 0.000000000000000000, 1.000000000000000000, 0.000000000000000000 ) ) ;
#3393 = LINE ( 'NONE', #2328, #2775 ) ;
#3394 = AXIS2_PLACEMENT_3D ( 'NONE', #1395, #2473, #37 ) ;
#3395 = AXIS2_PLACEMENT_3D ( 'NONE', #1693, #2740, #274 ) ;
#3396 = ORIENTED_EDGE ( 'NONE', *, *, #3060, .T. ) ;
#3397 = CARTESIAN_POINT ( 'NONE',  ( -34.68520831611286326, 74.50000000000000000, -9.740590790242883656 ) ) ;
#3398 = LINE ( 'NONE', #626, #2469 ) ;
#3399 = ORIENTED_EDGE ( 'NONE', *, *, #3419, .F. ) ;
#3400 = CARTESIAN_POINT ( 'NONE',  ( -1.361065758881618848, 45.35092104192288076, -1.100000000000001199 ) ) ;
#3401 = CARTESIAN_POINT ( 'NONE',  ( 29.14999999999999858, 74.50000000000000000, -9.645448267190433356 ) ) ;
#3402 = ORIENTED_EDGE ( 'NONE', *, *, #2329, .T. ) ;
#3403 = DIRECTION ( 'NONE',  ( -1.000000000000000000, -0.000000000000000000, -0.000000000000000000 ) ) ;
#3404 = CARTESIAN_POINT ( 'NONE',  ( -34.85000000000000142, 75.00000000000000000, -9.455163221085530978 ) ) ;
#3405 = DIRECTION ( 'NONE',  ( 0.000000000000000000, 1.000000000000000000, 0.000000000000000000 ) ) ;
#3406 = CARTESIAN_POINT ( 'NONE',  ( -29.14999999999999858, 75.00000000000000000, 6.544836778914474351 ) ) ;
#3407 = CARTESIAN_POINT ( 'NONE',  ( 29.14999999999999858, 75.00000000000000000, -6.354551732809565756 ) ) ;
#3408 = ORIENTED_EDGE ( 'NONE', *, *, #499, .T. ) ;
#3409 = EDGE_CURVE ( 'NONE', #2678, #877, #2281, .T. ) ;
#3410 = DIRECTION ( 'NONE',  ( 0.000000000000000000, 1.000000000000000000, 0.000000000000000000 ) ) ;
#3411 = CARTESIAN_POINT ( 'NONE',  ( 29.14999999999999858, 75.00000000000000000, 6.544836778914476128 ) ) ;
#3412 = ORIENTED_EDGE ( 'NONE', *, *, #1700, .F. ) ;
#3413 = CARTESIAN_POINT ( 'NONE',  ( -32.00000000000000000, 75.00000000000000000, 8.000000000000000000 ) ) ;
#3414 = DIRECTION ( 'NONE',  ( 0.000000000000000000, 1.000000000000000000, 0.000000000000000000 ) ) ;
#3415 = ORIENTED_EDGE ( 'NONE', *, *, #1636, .T. ) ;
#3416 = DIRECTION ( 'NONE',  ( 0.000000000000000000, -1.000000000000000000, 0.000000000000000000 ) ) ;
#3417 = CARTESIAN_POINT ( 'NONE',  ( 1.749895903595128477, 44.40016560815453772, 0.07692224596731775388 ) ) ;
#3418 = FACE_OUTER_BOUND ( 'NONE', #673, .T. ) ;
#3419 = EDGE_CURVE ( 'NONE', #390, #2964, #616, .T. ) ;
#3420 = CARTESIAN_POINT ( 'NONE',  ( -29.14999999999999858, 75.00000000000000000, -9.645448267190433356 ) ) ;
#3421 = LINE ( 'NONE', #146, #270 ) ;
#3422 = ORIENTED_EDGE ( 'NONE', *, *, #670, .T. ) ;
#3423 = VECTOR ( 'NONE', #1182, 1000.000000000000000 ) ;
#3424 = CIRCLE ( 'NONE', #2055, 3.200000000000001510 ) ;
#3425 = DIRECTION ( 'NONE',  ( -0.000000000000000000, 1.000000000000000000, -0.000000000000000000 ) ) ;
#3426 = EDGE_CURVE ( 'NONE', #1359, #161, #322, .T. ) ;
#3427 = FACE_BOUND ( 'NONE', #3002, .T. ) ;
#3428 = EDGE_LOOP ( 'NONE', ( #1675, #3168, #2426, #1775 ) ) ;
#3429 = AXIS2_PLACEMENT_3D ( 'NONE', #2291, #142, #3071 ) ;
#3430 = CARTESIAN_POINT ( 'NONE',  ( -32.00000000000000000, 77.00000000000000000, 8.000000000000000000 ) ) ;
#3431 = AXIS2_PLACEMENT_3D ( 'NONE', #715, #2866, #394 ) ;
#3432 = CARTESIAN_POINT ( 'NONE',  ( -1.750203231610401255, 46.60032332348621509, -0.1466269737638909720 ) ) ;
#3433 = ORIENTED_EDGE ( 'NONE', *, *, #2444, .T. ) ;
#3434 = DIRECTION ( 'NONE',  ( 0.000000000000000000, -0.000000000000000000, 1.000000000000000000 ) ) ;
#3435 = ORIENTED_EDGE ( 'NONE', *, *, #1852, .F. ) ;
#3436 = LINE ( 'NONE', #466, #1838 ) ;
#3437 = PLANE ( 'NONE',  #422 ) ;
#3438 = ORIENTED_EDGE ( 'NONE', *, *, #2710, .T. ) ;
#3439 = CARTESIAN_POINT ( 'NONE',  ( -32.00000000000000000, 72.00000000000000000, -11.29089653438086671 ) ) ;
#3440 = LINE ( 'NONE', #2850, #552 ) ;
#3441 = DIRECTION ( 'NONE',  ( 0.000000000000000000, -0.000000000000000000, 1.000000000000000000 ) ) ;
#3442 = EDGE_CURVE ( 'NONE', #518, #19, #3141, .T. ) ;
#3443 = VECTOR ( 'NONE', #866, 1000.000000000000000 ) ;
#3444 = EDGE_LOOP ( 'NONE', ( #631, #837 ) ) ;
#3445 = ORIENTED_EDGE ( 'NONE', *, *, #1891, .F. ) ;
#3446 = VECTOR ( 'NONE', #3515, 1000.000000000000114 ) ;
#3447 = AXIS2_PLACEMENT_3D ( 'NONE', #580, #824, #2976 ) ;
#3448 = EDGE_CURVE ( 'NONE', #2306, #1645, #2856, .T. ) ;
#3449 = LINE ( 'NONE', #440, #2138 ) ;
#3450 = ORIENTED_EDGE ( 'NONE', *, *, #2233, .T. ) ;
#3451 = CARTESIAN_POINT ( 'NONE',  ( -32.00000000000000000, 74.50000000000000000, -8.000000000000000000 ) ) ;
#3452 = ADVANCED_FACE ( 'NONE', ( #1120 ), #1424, .F. ) ;
#3453 = AXIS2_PLACEMENT_3D ( 'NONE', #948, #415, #1451 ) ;
#3454 = EDGE_CURVE ( 'NONE', #2868, #2582, #1665, .T. ) ;
#3455 = CARTESIAN_POINT ( 'NONE',  ( 34.85000000000000142, 75.00000000000000000, 9.645448267190435132 ) ) ;
#3456 = EDGE_LOOP ( 'NONE', ( #221, #1681, #1541, #1249 ) ) ;
#3457 = CARTESIAN_POINT ( 'NONE',  ( -3.793744851726326583, 45.35601499202682874, -1.100000000000000089 ) ) ;
#3458 = CARTESIAN_POINT ( 'NONE',  ( 1.616067860719645921, 44.62446239699169581, -0.6804146829483237457 ) ) ;
#3459 = LINE ( 'NONE', #179, #1831 ) ;
#3460 = ADVANCED_FACE ( 'NONE', ( #2470 ), #1155, .T. ) ;
#3461 = CARTESIAN_POINT ( 'NONE',  ( -29.15000000000000213, 74.50000000000000000, 9.645448267190435132 ) ) ;
#3462 = CARTESIAN_POINT ( 'NONE',  ( -34.85000000000000142, 72.00000000000000000, -9.645448267190433356 ) ) ;
#3463 = DIRECTION ( 'NONE',  ( 0.000000000000000000, -0.000000000000000000, 1.000000000000000000 ) ) ;
#3464 = VERTEX_POINT ( 'NONE', #592 ) ;
#3465 = APPROVAL_STATUS ( 'not_yet_approved' ) ;
#3466 = CARTESIAN_POINT ( 'NONE',  ( 32.16479168388713816, 74.50000000000000000, -4.804245988671586254 ) ) ;
#3467 = ORIENTED_EDGE ( 'NONE', *, *, #2895, .F. ) ;
#3468 = DIRECTION ( 'NONE',  ( 0.000000000000000000, 0.000000000000000000, -1.000000000000000000 ) ) ;
#3469 = CARTESIAN_POINT ( 'NONE',  ( -1.361065758881621957, 45.64948164521217677, -1.099999999999998979 ) ) ;
#3470 = ORIENTED_EDGE ( 'NONE', *, *, #1820, .T. ) ;
#3471 = CARTESIAN_POINT ( 'NONE',  ( 31.83520831611286184, 74.50000000000000000, 4.804245988671586254 ) ) ;
#3472 = CARTESIAN_POINT ( 'NONE',  ( 32.16479168388713816, 75.00000000000000000, -4.804245988671586254 ) ) ;
#3473 = DIRECTION ( 'NONE',  ( -0.000000000000000000, -1.000000000000000000, -0.000000000000000000 ) ) ;
#3474 = DIRECTION ( 'NONE',  ( 0.000000000000000000, 0.000000000000000000, 1.000000000000000000 ) ) ;
#3475 = DIRECTION ( 'NONE',  ( 0.000000000000000000, 1.000000000000000000, 0.000000000000000000 ) ) ;
#3476 = CARTESIAN_POINT ( 'NONE',  ( 31.83520831611286184, 75.00000000000000000, -11.19575401132841463 ) ) ;
#3477 = ORIENTED_EDGE ( 'NONE', *, *, #496, .F. ) ;
#3478 = ORIENTED_EDGE ( 'NONE', *, *, #385, .T. ) ;
#3479 = PERSON_AND_ORGANIZATION ( #884, #2747 ) ;
#3480 = CARTESIAN_POINT ( 'NONE',  ( 32.00000000000000000, 75.00000000000000000, -4.709103465619133289 ) ) ;
#3481 = VERTEX_POINT ( 'NONE', #3397 ) ;
#3482 = CIRCLE ( 'NONE', #3032, 3.200000000000001510 ) ;
#3483 = CYLINDRICAL_SURFACE ( 'NONE', #2913, 3.200000000000001510 ) ;
#3484 = EDGE_CURVE ( 'NONE', #150, #969, #3261, .T. ) ;
#3485 = PRODUCT_DEFINITION_FORMATION_WITH_SPECIFIED_SOURCE ( 'ANY', '', #1177, .NOT_KNOWN. ) ;
#3486 = CARTESIAN_POINT ( 'NONE',  ( -1.726754365798366830, 46.56269200832324628, 0.2933269844271476079 ) ) ;
#3487 = ORIENTED_EDGE ( 'NONE', *, *, #111, .F. ) ;
#3488 = CARTESIAN_POINT ( 'NONE',  ( -3.950006845407031619, 44.39997541876533660, 0.1448446591956913110 ) ) ;
#3489 = DIRECTION ( 'NONE',  ( 0.000000000000000000, 0.000000000000000000, 1.000000000000000000 ) ) ;
#3490 = VECTOR ( 'NONE', #581, 1000.000000000000000 ) ;
#3491 = CYLINDRICAL_SURFACE ( 'NONE', #1834, 44.00000000000000000 ) ;
#3492 = EDGE_CURVE ( 'NONE', #3509, #1782, #932, .T. ) ;
#3493 = VECTOR ( 'NONE', #3120, 1000.000000000000000 ) ;
#3494 = CARTESIAN_POINT ( 'NONE',  ( -29.14999999999999858, 72.00000000000000000, 6.354551732809566644 ) ) ;
#3495 = CARTESIAN_POINT ( 'NONE',  ( -29.15000000000000213, 75.00000000000000000, -6.354551732809564868 ) ) ;
#3496 = FACE_OUTER_BOUND ( 'NONE', #3444, .T. ) ;
#3497 = ORIENTED_EDGE ( 'NONE', *, *, #3348, .F. ) ;
#3498 = EDGE_CURVE ( 'NONE', #691, #1651, #50, .T. ) ;
#3499 = ORIENTED_EDGE ( 'NONE', *, *, #3008, .F. ) ;
#3500 = ADVANCED_FACE ( 'NONE', ( #2222 ), #2585, .T. ) ;
#3501 = AXIS2_PLACEMENT_3D ( 'NONE', #2881, #480, #1527 ) ;
#3502 = APPLICATION_PROTOCOL_DEFINITION ( 'international standard', 'config_control_design', 1994, #1520 ) ;
#3503 = VECTOR ( 'NONE', #2404, 1000.000000000000000 ) ;
#3504 = CARTESIAN_POINT ( 'NONE',  ( -32.00000000000000000, 75.00000000000000000, -9.700000000000001066 ) ) ;
#3505 = ORIENTED_EDGE ( 'NONE', *, *, #2279, .T. ) ;
#3506 = LINE ( 'NONE', #1596, #1225 ) ;
#3507 = VECTOR ( 'NONE', #1550, 1000.000000000000000 ) ;
#3508 = DIRECTION ( 'NONE',  ( 0.000000000000000000, 0.000000000000000000, 1.000000000000000000 ) ) ;
#3509 = VERTEX_POINT ( 'NONE', #3214 ) ;
#3510 = CARTESIAN_POINT ( 'NONE',  ( -3.852456330907985560, 44.82274275736146052, 0.8784493166856455204 ) ) ;
#3511 = CARTESIAN_POINT ( 'NONE',  ( 34.68520831611286326, 75.00000000000000000, -6.259409209757112791 ) ) ;
#3512 = CYLINDRICAL_SURFACE ( 'NONE', #3139, 3.200000000000001510 ) ;
#3513 = ORIENTED_EDGE ( 'NONE', *, *, #1609, .F. ) ;
#3514 = CARTESIAN_POINT ( 'NONE',  ( -32.00000000000000000, 74.50000000000000000, 8.000000000000000000 ) ) ;
#3515 = DIRECTION ( 'NONE',  ( -0.8660254037844389297, 0.000000000000000000, -0.4999999999999994449 ) ) ;
#3516 = DIRECTION ( 'NONE',  ( 0.000000000000000000, 1.000000000000000000, 0.000000000000000000 ) ) ;
#3517 = ORIENTED_EDGE ( 'NONE', *, *, #3080, .T. ) ;
#3518 = EDGE_CURVE ( 'NONE', #2428, #987, #2351, .T. ) ;
#3519 = ORIENTED_EDGE ( 'NONE', *, *, #2419, .T. ) ;
#3520 = CARTESIAN_POINT ( 'NONE',  ( 4.837354856632044071E-16, 70.00000000000000000, 3.950000000000000178 ) ) ;
#3521 = DIRECTION ( 'NONE',  ( 0.000000000000000000, 1.000000000000000000, 0.000000000000000000 ) ) ;
#3522 = ORIENTED_EDGE ( 'NONE', *, *, #3454, .T. ) ;
#3523 = DIRECTION ( 'NONE',  ( -0.8660254037844388186, 0.000000000000000000, 0.4999999999999996114 ) ) ;
#3524 = DIRECTION ( 'NONE',  ( 0.000000000000000000, 0.000000000000000000, -1.000000000000000000 ) ) ;
#3525 = DIRECTION ( 'NONE',  ( 0.000000000000000000, 1.000000000000000000, 0.000000000000000000 ) ) ;
#3526 = ORIENTED_EDGE ( 'NONE', *, *, #3448, .T. ) ;
#3527 = DIRECTION ( 'NONE',  ( 0.000000000000000000, 1.000000000000000000, 0.000000000000000000 ) ) ;
#3528 = DIRECTION ( 'NONE',  ( 0.000000000000000000, 1.000000000000000000, 0.000000000000000000 ) ) ;
#3529 = CYLINDRICAL_SURFACE ( 'NONE', #20, 3.200000000000001510 ) ;
ENDSEC;
END-ISO-10303-21;
