ISO-10303-21;
HEADER;
FILE_DESCRIPTION (( 'STEP AP203' ),
    '1' );
FILE_NAME ('ARM-207_MG996R_printed_spline_hub.step',
    '2026-09-28T23:12:53',
    ( '' ),
    ( '' ),
    'SwSTEP 2.0',
    'SolidWorks 2026',
    '' );
FILE_SCHEMA (( 'CONFIG_CONTROL_DESIGN' ));
ENDSEC;

DATA;
#1 = CYLINDRICAL_SURFACE ( 'NONE', #362, 1.700000000000000178 ) ;
#2 = EDGE_CURVE ( 'NONE', #745, #341, #476, .T. ) ;
#3 = ORIENTED_EDGE ( 'NONE', *, *, #1187, .T. ) ;
#4 = CARTESIAN_POINT ( 'NONE',  ( -1.699999999999999956, -9.000000000000000000, 4.000000000000003553 ) ) ;
#5 = LINE ( 'NONE', #100, #474 ) ;
#6 = AXIS2_PLACEMENT_3D ( 'NONE', #386, #464, #1385 ) ;
#7 = ORIENTED_EDGE ( 'NONE', *, *, #985, .T. ) ;
#8 = CARTESIAN_POINT ( 'NONE',  ( -1.699999999999999956, 0.000000000000000000, 4.000000000000003553 ) ) ;
#9 = ADVANCED_FACE ( 'NONE', ( #709, #1379 ), #147, .F. ) ;
#10 = VERTEX_POINT ( 'NONE', #373 ) ;
#11 = CARTESIAN_POINT ( 'NONE',  ( 3.290896534380867156, -9.000000000000000000, 2.899999999999999911 ) ) ;
#12 = DIRECTION ( 'NONE',  ( 1.000000000000000000, 0.000000000000000000, 0.000000000000000000 ) ) ;
#13 = CARTESIAN_POINT ( 'NONE',  ( 1.645448267190434022, 6.150000000000000355, 0.000000000000000000 ) ) ;
#14 = CIRCLE ( 'NONE', #1022, 1.699999999999999956 ) ;
#15 = CARTESIAN_POINT ( 'NONE',  ( -3.290896534380867156, -9.000000000000000000, 2.899999999999999911 ) ) ;
#16 = CARTESIAN_POINT ( 'NONE',  ( 2.899999999999999911, 3.551475717527323832E-16, 3.000000000000007105 ) ) ;
#17 = EDGE_CURVE ( 'NONE', #706, #1398, #1269, .T. ) ;
#18 = ORIENTED_EDGE ( 'NONE', *, *, #896, .F. ) ;
#19 = FACE_OUTER_BOUND ( 'NONE', #1011, .T. ) ;
#20 = CARTESIAN_POINT ( 'NONE',  ( 0.000000000000000000, -9.000000000000000000, 4.000000000000003553 ) ) ;
#21 = DIRECTION ( 'NONE',  ( -0.8660254037844385966, 0.5000000000000000000, 0.000000000000000000 ) ) ;
#22 = AXIS2_PLACEMENT_3D ( 'NONE', #1216, #1419, #1193 ) ;
#23 = CARTESIAN_POINT ( 'NONE',  ( 9.000000000000000000, -3.290896534380867156, 0.000000000000000000 ) ) ;
#24 = CC_DESIGN_APPROVAL ( #583, ( #1101 ) ) ;
#25 = CARTESIAN_POINT ( 'NONE',  ( 1.645448267190434022, -11.84999999999999964, 0.000000000000000000 ) ) ;
#26 = EDGE_CURVE ( 'NONE', #377, #563, #696, .T. ) ;
#27 = PLANE ( 'NONE',  #200 ) ;
#28 = DIRECTION ( 'NONE',  ( 0.000000000000000000, 0.000000000000000000, -1.000000000000000000 ) ) ;
#29 = EDGE_LOOP ( 'NONE', ( #154, #602, #973, #489, #997, #1108 ) ) ;
#30 = AXIS2_PLACEMENT_3D ( 'NONE', #657, #1106, #541 ) ;
#31 = DIRECTION ( 'NONE',  ( 1.000000000000000000, 0.000000000000000000, 0.000000000000000000 ) ) ;
#32 = ORIENTED_EDGE ( 'NONE', *, *, #771, .T. ) ;
#33 = EDGE_CURVE ( 'NONE', #849, #1014, #557, .T. ) ;
#34 = AXIS2_PLACEMENT_3D ( 'NONE', #284, #731, #1284 ) ;
#35 = DIRECTION ( 'NONE',  ( -1.000000000000000000, 0.000000000000000000, 0.000000000000000000 ) ) ;
#36 = FACE_OUTER_BOUND ( 'NONE', #753, .T. ) ;
#37 = DIRECTION ( 'NONE',  ( 1.000000000000000000, 0.000000000000000000, -0.000000000000000000 ) ) ;
#38 = PLANE ( 'NONE',  #193 ) ;
#39 = ORIENTED_EDGE ( 'NONE', *, *, #672, .F. ) ;
#40 = LINE ( 'NONE', #1054, #1151 ) ;
#41 = DIRECTION ( 'NONE',  ( -0.8660254037844387076, -0.4999999999999999445, 0.000000000000000000 ) ) ;
#42 = LINE ( 'NONE', #592, #605 ) ;
#43 = EDGE_LOOP ( 'NONE', ( #465, #394 ) ) ;
#44 = AXIS2_PLACEMENT_3D ( 'NONE', #353, #125, #573 ) ;
#45 = ORIENTED_EDGE ( 'NONE', *, *, #665, .F. ) ;
#46 = CC_DESIGN_APPROVAL ( #884, ( #374 ) ) ;
#47 = EDGE_CURVE ( 'NONE', #1166, #772, #1399, .T. ) ;
#48 = ORIENTED_EDGE ( 'NONE', *, *, #1248, .F. ) ;
#49 = CARTESIAN_POINT ( 'NONE',  ( -11.84999999999999964, 1.645448267190434688, 0.000000000000000000 ) ) ;
#50 = CARTESIAN_POINT ( 'NONE',  ( -1.645448267190435132, -11.84999999999999964, 0.000000000000000000 ) ) ;
#51 = CARTESIAN_POINT ( 'NONE',  ( 1.645448267190432690, 11.85000000000000142, 2.899999999999999911 ) ) ;
#52 = ORIENTED_EDGE ( 'NONE', *, *, #33, .F. ) ;
#53 = APPLICATION_PROTOCOL_DEFINITION ( 'international standard', 'config_control_design', 1994, #763 ) ;
#54 = ORIENTED_EDGE ( 'NONE', *, *, #1058, .F. ) ;
#55 = EDGE_CURVE ( 'NONE', #979, #1407, #1029, .T. ) ;
#56 = ORIENTED_EDGE ( 'NONE', *, *, #1310, .T. ) ;
#57 = DIRECTION ( 'NONE',  ( 0.000000000000000000, 0.000000000000000000, -1.000000000000000000 ) ) ;
#58 = DIRECTION ( 'NONE',  ( 1.000000000000000000, 0.000000000000000000, 0.000000000000000000 ) ) ;
#59 = DIRECTION ( 'NONE',  ( 0.000000000000000000, 0.000000000000000000, 1.000000000000000000 ) ) ;
#60 = ORIENTED_EDGE ( 'NONE', *, *, #1224, .T. ) ;
#61 = VECTOR ( 'NONE', #1116, 1000.000000000000000 ) ;
#62 = EDGE_CURVE ( 'NONE', #742, #1398, #895, .T. ) ;
#63 = CIRCLE ( 'NONE', #882, 2.899999999999999911 ) ;
#64 = ORIENTED_EDGE ( 'NONE', *, *, #95, .T. ) ;
#65 = CARTESIAN_POINT ( 'NONE',  ( 1.645448267190432690, 11.85000000000000142, 2.899999999999999911 ) ) ;
#66 = LINE ( 'NONE', #50, #1091 ) ;
#67 = ORIENTED_EDGE ( 'NONE', *, *, #167, .F. ) ;
#68 = CIRCLE ( 'NONE', #1032, 14.00000000000000000 ) ;
#69 = VERTEX_POINT ( 'NONE', #1251 ) ;
#70 = EDGE_CURVE ( 'NONE', #1081, #10, #1144, .T. ) ;
#71 = CARTESIAN_POINT ( 'NONE',  ( 11.85000000000000142, 1.645448267190433356, 2.899999999999999911 ) ) ;
#72 = CARTESIAN_POINT ( 'NONE',  ( -1.699999999999999956, 0.000000000000000000, 4.000000000000003553 ) ) ;
#73 =( NAMED_UNIT ( * ) SI_UNIT ( $, .STERADIAN. ) SOLID_ANGLE_UNIT ( ) );
#74 = ORIENTED_EDGE ( 'NONE', *, *, #1062, .F. ) ;
#75 = VECTOR ( 'NONE', #254, 1000.000000000000227 ) ;
#76 = ORIENTED_EDGE ( 'NONE', *, *, #723, .T. ) ;
#77 = ORIENTED_EDGE ( 'NONE', *, *, #665, .T. ) ;
#78 = CARTESIAN_POINT ( 'NONE',  ( 0.000000000000000000, 0.000000000000000000, 3.000000000000007105 ) ) ;
#79 = CARTESIAN_POINT ( 'NONE',  ( 6.150000000000000355, -1.645448267190434022, 2.899999999999999911 ) ) ;
#80 = CC_DESIGN_DATE_AND_TIME_ASSIGNMENT ( #1222, #1107, ( #1101 ) ) ;
#81 = CARTESIAN_POINT ( 'NONE',  ( -11.84999999999999964, -1.645448267190434022, 0.000000000000000000 ) ) ;
#82 = ORIENTED_EDGE ( 'NONE', *, *, #1372, .T. ) ;
#83 = AXIS2_PLACEMENT_3D ( 'NONE', #1134, #266, #1156 ) ;
#84 = CARTESIAN_POINT ( 'NONE',  ( -9.000000000000000000, 0.000000000000000000, 2.899999999999999911 ) ) ;
#85 = CARTESIAN_POINT ( 'NONE',  ( 0.000000000000000000, 0.000000000000000000, 0.000000000000000000 ) ) ;
#86 = ORIENTED_EDGE ( 'NONE', *, *, #322, .F. ) ;
#87 = ORIENTED_EDGE ( 'NONE', *, *, #1318, .F. ) ;
#88 = EDGE_CURVE ( 'NONE', #607, #118, #1012, .T. ) ;
#89 = AXIS2_PLACEMENT_3D ( 'NONE', #1320, #1202, #1083 ) ;
#90 = CARTESIAN_POINT ( 'NONE',  ( 0.000000000000000000, 9.000000000000000000, 4.000000000000003553 ) ) ;
#91 = DIRECTION ( 'NONE',  ( 0.000000000000000000, 0.000000000000000000, 1.000000000000000000 ) ) ;
#92 = CARTESIAN_POINT ( 'NONE',  ( 0.000000000000000000, 0.000000000000000000, 4.000000000000007105 ) ) ;
#93 = APPROVAL_ROLE ( '' ) ;
#94 = ORIENTED_EDGE ( 'NONE', *, *, #294, .F. ) ;
#95 = EDGE_CURVE ( 'NONE', #1403, #828, #572, .T. ) ;
#96 = VERTEX_POINT ( 'NONE', #1006 ) ;
#97 = DIRECTION ( 'NONE',  ( 0.000000000000000000, 0.000000000000000000, -1.000000000000000000 ) ) ;
#98 = FACE_OUTER_BOUND ( 'NONE', #862, .T. ) ;
#99 = VECTOR ( 'NONE', #892, 1000.000000000000000 ) ;
#100 = CARTESIAN_POINT ( 'NONE',  ( -3.290896534380867156, 9.000000000000000000, 2.899999999999999911 ) ) ;
#101 = PERSON_AND_ORGANIZATION ( #491, #725 ) ;
#102 = VERTEX_POINT ( 'NONE', #23 ) ;
#103 = CIRCLE ( 'NONE', #857, 1.699999999999999956 ) ;
#104 = EDGE_CURVE ( 'NONE', #1302, #848, #232, .T. ) ;
#105 = ORIENTED_EDGE ( 'NONE', *, *, #597, .T. ) ;
#106 = CARTESIAN_POINT ( 'NONE',  ( -9.000000000000000000, -3.290896534380867156, 2.899999999999999911 ) ) ;
#107 = DIRECTION ( 'NONE',  ( -0.8660254037844385966, -0.5000000000000001110, 0.000000000000000000 ) ) ;
#108 = PERSON_AND_ORGANIZATION ( #491, #725 ) ;
#109 = FACE_OUTER_BOUND ( 'NONE', #411, .T. ) ;
#110 = ORIENTED_EDGE ( 'NONE', *, *, #1244, .T. ) ;
#111 = DIRECTION ( 'NONE',  ( 0.000000000000000000, 0.000000000000000000, -1.000000000000000000 ) ) ;
#112 = ADVANCED_FACE ( 'NONE', ( #109 ), #1, .F. ) ;
#113 = LINE ( 'NONE', #562, #852 ) ;
#114 = APPROVAL_STATUS ( 'not_yet_approved' ) ;
#115 = ORIENTED_EDGE ( 'NONE', *, *, #104, .T. ) ;
#116 = CC_DESIGN_SECURITY_CLASSIFICATION ( #1382, ( #374 ) ) ;
#117 = DIRECTION ( 'NONE',  ( 0.000000000000000000, 1.000000000000000000, 0.000000000000000000 ) ) ;
#118 = VERTEX_POINT ( 'NONE', #1129 ) ;
#119 = FACE_OUTER_BOUND ( 'NONE', #402, .T. ) ;
#120 = FACE_OUTER_BOUND ( 'NONE', #930, .T. ) ;
#121 = ADVANCED_FACE ( 'NONE', ( #124 ), #1245, .T. ) ;
#122 = DIRECTION ( 'NONE',  ( 0.000000000000000000, 0.000000000000000000, -1.000000000000000000 ) ) ;
#123 = ORIENTED_EDGE ( 'NONE', *, *, #985, .F. ) ;
#124 = FACE_OUTER_BOUND ( 'NONE', #234, .T. ) ;
#125 = DIRECTION ( 'NONE',  ( 0.000000000000000000, 0.000000000000000000, 1.000000000000000000 ) ) ;
#126 = ORIENTED_EDGE ( 'NONE', *, *, #771, .F. ) ;
#127 = PLANE ( 'NONE',  #401 ) ;
#128 = VECTOR ( 'NONE', #360, 1000.000000000000000 ) ;
#129 = FACE_OUTER_BOUND ( 'NONE', #1175, .T. ) ;
#130 = DIRECTION ( 'NONE',  ( 1.000000000000000000, 0.000000000000000000, 0.000000000000000000 ) ) ;
#131 = AXIS2_PLACEMENT_3D ( 'NONE', #137, #1249, #12 ) ;
#132 = VECTOR ( 'NONE', #414, 1000.000000000000000 ) ;
#133 = FACE_OUTER_BOUND ( 'NONE', #611, .T. ) ;
#134 = DIRECTION ( 'NONE',  ( 0.000000000000000000, 0.000000000000000000, 1.000000000000000000 ) ) ;
#135 = CARTESIAN_POINT ( 'NONE',  ( 9.000000000000000000, 3.290896534380867156, 0.000000000000000000 ) ) ;
#136 = ADVANCED_FACE ( 'NONE', ( #133 ), #1020, .T. ) ;
#137 = CARTESIAN_POINT ( 'NONE',  ( 0.000000000000000000, 0.000000000000000000, 4.000000000000007105 ) ) ;
#138 = CARTESIAN_POINT ( 'NONE',  ( 0.000000000000000000, 0.000000000000000000, 4.000000000000003553 ) ) ;
#139 = VECTOR ( 'NONE', #1185, 1000.000000000000000 ) ;
#140 = CARTESIAN_POINT ( 'NONE',  ( 0.000000000000000000, 0.000000000000000000, 0.000000000000000000 ) ) ;
#141 = AXIS2_PLACEMENT_3D ( 'NONE', #1286, #1205, #506 ) ;
#142 = EDGE_CURVE ( 'NONE', #905, #1277, #581, .T. ) ;
#143 = FACE_OUTER_BOUND ( 'NONE', #315, .T. ) ;
#144 = CARTESIAN_POINT ( 'NONE',  ( 3.290896534380867156, -9.000000000000000000, 2.899999999999999911 ) ) ;
#145 = CARTESIAN_POINT ( 'NONE',  ( 6.149999999999999467, 1.645448267190433356, 0.000000000000000000 ) ) ;
#146 = AXIS2_PLACEMENT_3D ( 'NONE', #926, #815, #920 ) ;
#147 = PLANE ( 'NONE',  #1183 ) ;
#148 = CIRCLE ( 'NONE', #335, 1.700000000000000178 ) ;
#149 = CARTESIAN_POINT ( 'NONE',  ( 0.000000000000000000, 0.000000000000000000, 3.000000000000007105 ) ) ;
#150 = VERTEX_POINT ( 'NONE', #806 ) ;
#151 = AXIS2_PLACEMENT_3D ( 'NONE', #623, #956, #741 ) ;
#152 = FACE_OUTER_BOUND ( 'NONE', #1311, .T. ) ;
#153 = DIRECTION ( 'NONE',  ( -0.000000000000000000, -0.000000000000000000, -1.000000000000000000 ) ) ;
#154 = ORIENTED_EDGE ( 'NONE', *, *, #306, .T. ) ;
#155 = EDGE_CURVE ( 'NONE', #848, #644, #786, .T. ) ;
#156 = ORIENTED_EDGE ( 'NONE', *, *, #630, .F. ) ;
#157 = FACE_OUTER_BOUND ( 'NONE', #986, .T. ) ;
#158 = DIRECTION ( 'NONE',  ( -5.271279293814592193E-16, -1.000000000000000000, 0.000000000000000000 ) ) ;
#159 = ADVANCED_FACE ( 'NONE', ( #457, #799, #1257, #688, #471, #246 ), #918, .F. ) ;
#160 = LINE ( 'NONE', #1276, #594 ) ;
#161 = ORIENTED_EDGE ( 'NONE', *, *, #788, .T. ) ;
#162 = EDGE_LOOP ( 'NONE', ( #382, #978, #1223, #829, #964, #110 ) ) ;
#163 = ORIENTED_EDGE ( 'NONE', *, *, #247, .T. ) ;
#164 = CARTESIAN_POINT ( 'NONE',  ( -3.290896534380867156, -9.000000000000000000, 0.000000000000000000 ) ) ;
#165 = DIRECTION ( 'NONE',  ( 0.5000000000000000000, -0.8660254037844385966, 0.000000000000000000 ) ) ;
#166 = FACE_OUTER_BOUND ( 'NONE', #1436, .T. ) ;
#167 = EDGE_CURVE ( 'NONE', #252, #443, #1275, .T. ) ;
#168 =( LENGTH_UNIT ( ) NAMED_UNIT ( * ) SI_UNIT ( .MILLI., .METRE. ) );
#169 = ORIENTED_EDGE ( 'NONE', *, *, #1402, .T. ) ;
#170 = ORIENTED_EDGE ( 'NONE', *, *, #545, .F. ) ;
#171 = DIRECTION ( 'NONE',  ( 0.000000000000000000, 0.000000000000000000, -1.000000000000000000 ) ) ;
#172 = CARTESIAN_POINT ( 'NONE',  ( -1.645448267190432912, 11.85000000000000142, 2.899999999999999911 ) ) ;
#173 = CARTESIAN_POINT ( 'NONE',  ( -1.645448267190435132, -11.84999999999999964, 2.899999999999999911 ) ) ;
#174 = CARTESIAN_POINT ( 'NONE',  ( -11.85000000000000142, 1.645448267190432912, 0.000000000000000000 ) ) ;
#175 = ORIENTED_EDGE ( 'NONE', *, *, #876, .F. ) ;
#176 = VECTOR ( 'NONE', #224, 1000.000000000000114 ) ;
#177 = ADVANCED_FACE ( 'NONE', ( #243 ), #817, .F. ) ;
#178 = VECTOR ( 'NONE', #844, 1000.000000000000000 ) ;
#179 = VERTEX_POINT ( 'NONE', #1027 ) ;
#180 = CARTESIAN_POINT ( 'NONE',  ( 1.645448267190434022, 6.150000000000000355, 2.899999999999999911 ) ) ;
#181 = DIRECTION ( 'NONE',  ( 0.000000000000000000, 0.000000000000000000, 1.000000000000000000 ) ) ;
#182 = CARTESIAN_POINT ( 'NONE',  ( 6.150000000000000355, -1.645448267190434022, 2.899999999999999911 ) ) ;
#183 = EDGE_LOOP ( 'NONE', ( #868, #787, #404, #1290 ) ) ;
#184 = CIRCLE ( 'NONE', #558, 1.699999999999999956 ) ;
#185 = ADVANCED_FACE ( 'NONE', ( #1148 ), #27, .T. ) ;
#186 = ORIENTED_EDGE ( 'NONE', *, *, #466, .T. ) ;
#187 = LOCAL_TIME ( 18, 12, 53.00000000000000000, #1456 ) ;
#188 = VERTEX_POINT ( 'NONE', #480 ) ;
#189 = CARTESIAN_POINT ( 'NONE',  ( -1.699999999999999956, 9.000000000000000000, 4.000000000000003553 ) ) ;
#190 = FACE_OUTER_BOUND ( 'NONE', #293, .T. ) ;
#191 = DIRECTION ( 'NONE',  ( 0.000000000000000000, 0.000000000000000000, -1.000000000000000000 ) ) ;
#192 = ORIENTED_EDGE ( 'NONE', *, *, #896, .T. ) ;
#193 = AXIS2_PLACEMENT_3D ( 'NONE', #933, #1383, #1369 ) ;
#194 = ORIENTED_EDGE ( 'NONE', *, *, #782, .F. ) ;
#195 = FACE_OUTER_BOUND ( 'NONE', #965, .T. ) ;
#196 = CARTESIAN_POINT ( 'NONE',  ( -1.645448267190435354, -11.84999999999999787, 0.000000000000000000 ) ) ;
#197 = DATE_AND_TIME ( #1004, #751 ) ;
#198 = ORIENTED_EDGE ( 'NONE', *, *, #991, .F. ) ;
#199 = EDGE_CURVE ( 'NONE', #1161, #341, #14, .T. ) ;
#200 = AXIS2_PLACEMENT_3D ( 'NONE', #936, #461, #1358 ) ;
#201 = LINE ( 'NONE', #859, #779 ) ;
#202 = CARTESIAN_POINT ( 'NONE',  ( -11.84999999999999964, -1.645448267190434022, 2.899999999999999911 ) ) ;
#203 = CARTESIAN_POINT ( 'NONE',  ( 1.645448267190434022, 6.150000000000000355, 2.899999999999999911 ) ) ;
#204 = ADVANCED_FACE ( 'NONE', ( #714 ), #473, .F. ) ;
#205 = ORIENTED_EDGE ( 'NONE', *, *, #1440, .F. ) ;
#206 = ORIENTED_EDGE ( 'NONE', *, *, #310, .T. ) ;
#207 = AXIS2_PLACEMENT_3D ( 'NONE', #78, #646, #1096 ) ;
#208 = DIRECTION ( 'NONE',  ( 1.000000000000000000, 0.000000000000000000, 0.000000000000000000 ) ) ;
#209 = FACE_OUTER_BOUND ( 'NONE', #1288, .T. ) ;
#210 = LOCAL_TIME ( 18, 12, 53.00000000000000000, #1351 ) ;
#211 = LINE ( 'NONE', #776, #358 ) ;
#212 = CALENDAR_DATE ( 2026, 28, 9 ) ;
#213 = ORIENTED_EDGE ( 'NONE', *, *, #502, .F. ) ;
#214 = DIRECTION ( 'NONE',  ( 0.000000000000000000, 0.000000000000000000, -1.000000000000000000 ) ) ;
#215 = VECTOR ( 'NONE', #532, 1000.000000000000000 ) ;
#216 = CARTESIAN_POINT ( 'NONE',  ( 9.000000000000000000, -3.290896534380867156, 2.899999999999999911 ) ) ;
#217 = DIRECTION ( 'NONE',  ( -1.000000000000000000, 2.635639646907297575E-16, 0.000000000000000000 ) ) ;
#218 = AXIS2_PLACEMENT_3D ( 'NONE', #1149, #372, #819 ) ;
#219 = EDGE_LOOP ( 'NONE', ( #431, #587 ) ) ;
#220 = ADVANCED_FACE ( 'NONE', ( #120 ), #349, .T. ) ;
#221 = DIRECTION ( 'NONE',  ( 0.000000000000000000, 0.000000000000000000, -1.000000000000000000 ) ) ;
#222 = DIRECTION ( 'NONE',  ( 0.000000000000000000, 0.000000000000000000, -1.000000000000000000 ) ) ;
#223 = VERTEX_POINT ( 'NONE', #569 ) ;
#224 = DIRECTION ( 'NONE',  ( -0.4999999999999999445, 0.8660254037844385966, 0.000000000000000000 ) ) ;
#225 = ORIENTED_EDGE ( 'NONE', *, *, #1293, .F. ) ;
#226 = CC_DESIGN_PERSON_AND_ORGANIZATION_ASSIGNMENT ( #971, #615, ( #652 ) ) ;
#227 = FACE_OUTER_BOUND ( 'NONE', #737, .T. ) ;
#228 = AXIS2_PLACEMENT_3D ( 'NONE', #1241, #599, #708 ) ;
#229 = CARTESIAN_POINT ( 'NONE',  ( -7.299999999999998934, 2.081899558550500526E-16, 4.000000000000003553 ) ) ;
#230 = CARTESIAN_POINT ( 'NONE',  ( 9.000000000000000000, 3.290896534380867156, 2.899999999999999911 ) ) ;
#231 = ORIENTED_EDGE ( 'NONE', *, *, #1062, .T. ) ;
#232 = LINE ( 'NONE', #238, #242 ) ;
#233 = FACE_BOUND ( 'NONE', #499, .T. ) ;
#234 = EDGE_LOOP ( 'NONE', ( #213, #507, #56, #596 ) ) ;
#235 = CARTESIAN_POINT ( 'NONE',  ( 6.149999999999999467, 1.645448267190433356, 2.899999999999999911 ) ) ;
#236 = CARTESIAN_POINT ( 'NONE',  ( -1.645448267190432912, -6.149999999999999467, 2.899999999999999911 ) ) ;
#237 = DIRECTION ( 'NONE',  ( 0.000000000000000000, 0.000000000000000000, 1.000000000000000000 ) ) ;
#238 = CARTESIAN_POINT ( 'NONE',  ( 1.645448267190434022, -11.84999999999999964, 2.899999999999999911 ) ) ;
#239 = DIRECTION ( 'NONE',  ( -1.000000000000000000, 0.000000000000000000, 0.000000000000000000 ) ) ;
#240 = EDGE_CURVE ( 'NONE', #639, #1161, #487, .T. ) ;
#241 = CARTESIAN_POINT ( 'NONE',  ( 0.000000000000000000, 9.000000000000000000, 4.000000000000003553 ) ) ;
#242 = VECTOR ( 'NONE', #667, 1000.000000000000000 ) ;
#243 = FACE_OUTER_BOUND ( 'NONE', #183, .T. ) ;
#244 = CARTESIAN_POINT ( 'NONE',  ( 7.299999999999998934, 0.000000000000000000, 4.000000000000003553 ) ) ;
#245 = VECTOR ( 'NONE', #851, 1000.000000000000227 ) ;
#246 = FACE_BOUND ( 'NONE', #162, .T. ) ;
#247 = EDGE_CURVE ( 'NONE', #1429, #671, #379, .T. ) ;
#248 = DIRECTION ( 'NONE',  ( 1.000000000000000000, 0.000000000000000000, 0.000000000000000000 ) ) ;
#249 = ADVANCED_FACE ( 'NONE', ( #152 ), #585, .T. ) ;
#250 = CARTESIAN_POINT ( 'NONE',  ( 11.85000000000000142, 1.645448267190433356, 2.899999999999999911 ) ) ;
#251 = FACE_OUTER_BOUND ( 'NONE', #794, .T. ) ;
#252 = VERTEX_POINT ( 'NONE', #256 ) ;
#253 = EDGE_CURVE ( 'NONE', #150, #1391, #1280, .T. ) ;
#254 = DIRECTION ( 'NONE',  ( -0.5000000000000000000, 0.8660254037844385966, 0.000000000000000000 ) ) ;
#255 = EDGE_LOOP ( 'NONE', ( #927, #1312 ) ) ;
#256 = CARTESIAN_POINT ( 'NONE',  ( -14.00000000000000000, 0.000000000000000000, 4.000000000000007105 ) ) ;
#257 = EDGE_CURVE ( 'NONE', #653, #252, #692, .T. ) ;
#258 = LINE ( 'NONE', #230, #477 ) ;
#259 = VECTOR ( 'NONE', #1113, 1000.000000000000227 ) ;
#260 = CARTESIAN_POINT ( 'NONE',  ( 11.84999999999999964, -1.645448267190435132, 0.000000000000000000 ) ) ;
#261 = ORIENTED_EDGE ( 'NONE', *, *, #310, .F. ) ;
#262 = LINE ( 'NONE', #368, #75 ) ;
#263 = EDGE_CURVE ( 'NONE', #1407, #1355, #357, .T. ) ;
#264 = ORIENTED_EDGE ( 'NONE', *, *, #565, .F. ) ;
#265 = FACE_OUTER_BOUND ( 'NONE', #534, .T. ) ;
#266 = DIRECTION ( 'NONE',  ( 0.000000000000000000, 0.000000000000000000, -1.000000000000000000 ) ) ;
#267 = CARTESIAN_POINT ( 'NONE',  ( 0.000000000000000000, 0.000000000000000000, 0.000000000000000000 ) ) ;
#268 = ORIENTED_EDGE ( 'NONE', *, *, #257, .T. ) ;
#269 = VECTOR ( 'NONE', #1425, 1000.000000000000000 ) ;
#270 = ORIENTED_EDGE ( 'NONE', *, *, #384, .T. ) ;
#271 = ORIENTED_EDGE ( 'NONE', *, *, #1092, .T. ) ;
#272 = ADVANCED_FACE ( 'NONE', ( #129 ), #810, .F. ) ;
#273 = PLANE ( 'NONE',  #6 ) ;
#274 = FACE_OUTER_BOUND ( 'NONE', #934, .T. ) ;
#275 = DIRECTION ( 'NONE',  ( 5.271279293814595151E-16, -1.000000000000000000, 0.000000000000000000 ) ) ;
#276 = ORIENTED_EDGE ( 'NONE', *, *, #959, .T. ) ;
#277 = MECHANICAL_CONTEXT ( 'NONE', #763, 'mechanical' ) ;
#278 = VECTOR ( 'NONE', #877, 1000.000000000000000 ) ;
#279 = ORIENTED_EDGE ( 'NONE', *, *, #1443, .F. ) ;
#280 = ADVANCED_FACE ( 'NONE', ( #598 ), #1260, .T. ) ;
#281 = VERTEX_POINT ( 'NONE', #144 ) ;
#282 = CARTESIAN_POINT ( 'NONE',  ( 1.645448267190434022, -6.150000000000000355, 0.000000000000000000 ) ) ;
#283 = DIRECTION ( 'NONE',  ( 1.000000000000000000, 0.000000000000000000, 0.000000000000000000 ) ) ;
#284 = CARTESIAN_POINT ( 'NONE',  ( -9.000000000000000000, 0.000000000000000000, 4.000000000000003553 ) ) ;
#285 = EDGE_CURVE ( 'NONE', #1277, #671, #707, .T. ) ;
#286 = VERTEX_POINT ( 'NONE', #305 ) ;
#287 = AXIS2_PLACEMENT_3D ( 'NONE', #92, #329, #446 ) ;
#288 = VERTEX_POINT ( 'NONE', #1064 ) ;
#289 = LINE ( 'NONE', #993, #513 ) ;
#290 = DIRECTION ( 'NONE',  ( -0.8660254037844387076, -0.5000000000000001110, 0.000000000000000000 ) ) ;
#291 = VECTOR ( 'NONE', #495, 1000.000000000000000 ) ;
#292 = DIRECTION ( 'NONE',  ( 0.000000000000000000, 0.000000000000000000, -1.000000000000000000 ) ) ;
#293 = EDGE_LOOP ( 'NONE', ( #1057, #1362, #64, #1095 ) ) ;
#294 = EDGE_CURVE ( 'NONE', #188, #1427, #1186, .T. ) ;
#295 = ORIENTED_EDGE ( 'NONE', *, *, #95, .F. ) ;
#296 = ORIENTED_EDGE ( 'NONE', *, *, #199, .T. ) ;
#297 = DIRECTION ( 'NONE',  ( 0.000000000000000000, 0.000000000000000000, -1.000000000000000000 ) ) ;
#298 = DIRECTION ( 'NONE',  ( 1.000000000000000000, 0.000000000000000000, 0.000000000000000000 ) ) ;
#299 = DIRECTION ( 'NONE',  ( 0.000000000000000000, 0.000000000000000000, 1.000000000000000000 ) ) ;
#300 = EDGE_LOOP ( 'NONE', ( #456, #449 ) ) ;
#301 = VECTOR ( 'NONE', #171, 1000.000000000000000 ) ;
#302 = VERTEX_POINT ( 'NONE', #421 ) ;
#303 = VERTEX_POINT ( 'NONE', #524 ) ;
#304 = CYLINDRICAL_SURFACE ( 'NONE', #207, 2.899999999999999911 ) ;
#305 = CARTESIAN_POINT ( 'NONE',  ( -2.899999999999999911, 0.000000000000000000, 3.000000000000007105 ) ) ;
#306 = EDGE_CURVE ( 'NONE', #435, #848, #66, .T. ) ;
#307 = APPROVAL_ROLE ( '' ) ;
#308 = ORIENTED_EDGE ( 'NONE', *, *, #1026, .T. ) ;
#309 = ORIENTED_EDGE ( 'NONE', *, *, #795, .T. ) ;
#310 = EDGE_CURVE ( 'NONE', #1160, #302, #505, .T. ) ;
#311 = LINE ( 'NONE', #180, #699 ) ;
#312 = CARTESIAN_POINT ( 'NONE',  ( -1.645448267190432912, 11.85000000000000142, 0.000000000000000000 ) ) ;
#313 = CARTESIAN_POINT ( 'NONE',  ( 1.699999999999999956, 2.081899558550500280E-16, 4.000000000000003553 ) ) ;
#314 = PERSON_AND_ORGANIZATION_ROLE ( 'creator' ) ;
#315 = EDGE_LOOP ( 'NONE', ( #194, #1396, #7, #939 ) ) ;
#316 = AXIS2_PLACEMENT_3D ( 'NONE', #1354, #1123, #450 ) ;
#317 = EDGE_LOOP ( 'NONE', ( #719, #77 ) ) ;
#318 = AXIS2_PLACEMENT_3D ( 'NONE', #250, #370, #700 ) ;
#319 = VECTOR ( 'NONE', #298, 1000.000000000000000 ) ;
#320 = DIRECTION ( 'NONE',  ( 0.000000000000000000, 0.000000000000000000, 1.000000000000000000 ) ) ;
#321 = DIRECTION ( 'NONE',  ( 1.000000000000000000, 0.000000000000000000, -0.000000000000000000 ) ) ;
#322 = EDGE_CURVE ( 'NONE', #1391, #150, #715, .T. ) ;
#323 = PLANE ( 'NONE',  #591 ) ;
#324 = CALENDAR_DATE ( 2026, 28, 9 ) ;
#325 = ORIENTED_EDGE ( 'NONE', *, *, #1263, .F. ) ;
#326 = ORIENTED_EDGE ( 'NONE', *, *, #481, .F. ) ;
#327 = VECTOR ( 'NONE', #1348, 1000.000000000000000 ) ;
#328 = LINE ( 'NONE', #1226, #773 ) ;
#329 = DIRECTION ( 'NONE',  ( 0.000000000000000000, 0.000000000000000000, 1.000000000000000000 ) ) ;
#330 = CARTESIAN_POINT ( 'NONE',  ( -6.150000000000000355, -1.645448267190435132, 2.899999999999999911 ) ) ;
#331 = ADVANCED_FACE ( 'NONE', ( #274 ), #501, .T. ) ;
#332 = VERTEX_POINT ( 'NONE', #833 ) ;
#333 = VECTOR ( 'NONE', #1361, 1000.000000000000227 ) ;
#334 = CARTESIAN_POINT ( 'NONE',  ( 3.290896534380867156, 9.000000000000000000, 2.899999999999999911 ) ) ;
#335 = AXIS2_PLACEMENT_3D ( 'NONE', #84, #1314, #530 ) ;
#336 = CARTESIAN_POINT ( 'NONE',  ( 1.699999999999999956, -9.000000000000000000, 4.000000000000003553 ) ) ;
#337 = EDGE_LOOP ( 'NONE', ( #519, #650, #1128, #496 ) ) ;
#338 = DIRECTION ( 'NONE',  ( 0.000000000000000000, 0.000000000000000000, -1.000000000000000000 ) ) ;
#339 = ADVANCED_FACE ( 'NONE', ( #865 ), #977, .T. ) ;
#340 = VECTOR ( 'NONE', #861, 1000.000000000000000 ) ;
#341 = VERTEX_POINT ( 'NONE', #387 ) ;
#342 = CARTESIAN_POINT ( 'NONE',  ( -1.645448267190435132, 6.150000000000000355, 2.899999999999999911 ) ) ;
#343 = DIRECTION ( 'NONE',  ( 0.000000000000000000, 0.000000000000000000, 1.000000000000000000 ) ) ;
#344 = APPROVAL_DATE_TIME ( #197, #1162 ) ;
#345 = ORIENTED_EDGE ( 'NONE', *, *, #447, .T. ) ;
#346 = CARTESIAN_POINT ( 'NONE',  ( 1.645448267190434022, -6.150000000000000355, 2.899999999999999911 ) ) ;
#347 = ORIENTED_EDGE ( 'NONE', *, *, #718, .F. ) ;
#348 = LINE ( 'NONE', #899, #381 ) ;
#349 = PLANE ( 'NONE',  #834 ) ;
#350 = LINE ( 'NONE', #1256, #423 ) ;
#351 = ADVANCED_FACE ( 'NONE', ( #1194, #494 ), #1164, .F. ) ;
#352 = DIRECTION ( 'NONE',  ( 0.000000000000000000, 0.000000000000000000, -1.000000000000000000 ) ) ;
#353 = CARTESIAN_POINT ( 'NONE',  ( 0.000000000000000000, 0.000000000000000000, 4.000000000000007105 ) ) ;
#354 = ORIENTED_EDGE ( 'NONE', *, *, #723, .F. ) ;
#355 = LINE ( 'NONE', #781, #1085 ) ;
#356 = ADVANCED_FACE ( 'NONE', ( #1307 ), #613, .T. ) ;
#357 = LINE ( 'NONE', #236, #1400 ) ;
#358 = VECTOR ( 'NONE', #107, 1000.000000000000114 ) ;
#359 = CARTESIAN_POINT ( 'NONE',  ( 0.000000000000000000, 9.000000000000000000, 2.899999999999999911 ) ) ;
#360 = DIRECTION ( 'NONE',  ( 0.000000000000000000, 0.000000000000000000, -1.000000000000000000 ) ) ;
#361 = CARTESIAN_POINT ( 'NONE',  ( -1.645448267190435132, 6.150000000000000355, 2.899999999999999911 ) ) ;
#362 = AXIS2_PLACEMENT_3D ( 'NONE', #903, #792, #1345 ) ;
#363 = DIRECTION ( 'NONE',  ( -0.5000000000000001110, -0.8660254037844384856, 0.000000000000000000 ) ) ;
#364 = EDGE_CURVE ( 'NONE', #849, #1339, #952, .T. ) ;
#365 = CARTESIAN_POINT ( 'NONE',  ( -9.000000000000000000, -3.290896534380867156, 0.000000000000000000 ) ) ;
#366 = DIRECTION ( 'NONE',  ( 0.000000000000000000, 0.000000000000000000, -1.000000000000000000 ) ) ;
#367 = EDGE_CURVE ( 'NONE', #223, #742, #967, .T. ) ;
#368 = CARTESIAN_POINT ( 'NONE',  ( 3.290896534380867156, -9.000000000000000000, 0.000000000000000000 ) ) ;
#369 = VERTEX_POINT ( 'NONE', #604 ) ;
#370 = DIRECTION ( 'NONE',  ( -0.4999999999999998335, -0.8660254037844387076, 0.000000000000000000 ) ) ;
#371 = AXIS2_PLACEMENT_3D ( 'NONE', #1137, #134, #582 ) ;
#372 = DIRECTION ( 'NONE',  ( 0.000000000000000000, 0.000000000000000000, -1.000000000000000000 ) ) ;
#373 = CARTESIAN_POINT ( 'NONE',  ( -1.645448267190432912, -6.149999999999999467, 0.000000000000000000 ) ) ;
#374 = PRODUCT_DEFINITION_FORMATION_WITH_SPECIFIED_SOURCE ( 'ANY', '', #652, .NOT_KNOWN. ) ;
#375 = EDGE_CURVE ( 'NONE', #1398, #867, #1405, .T. ) ;
#376 = LINE ( 'NONE', #361, #968 ) ;
#377 = VERTEX_POINT ( 'NONE', #72 ) ;
#378 = CARTESIAN_POINT ( 'NONE',  ( -1.645448267190432912, 11.85000000000000142, 2.899999999999999911 ) ) ;
#379 = LINE ( 'NONE', #797, #390 ) ;
#380 = DIRECTION ( 'NONE',  ( 0.8660254037844387076, -0.4999999999999998890, 0.000000000000000000 ) ) ;
#381 = VECTOR ( 'NONE', #796, 1000.000000000000114 ) ;
#382 = ORIENTED_EDGE ( 'NONE', *, *, #17, .T. ) ;
#383 = ORIENTED_EDGE ( 'NONE', *, *, #1372, .F. ) ;
#384 = EDGE_CURVE ( 'NONE', #288, #332, #396, .T. ) ;
#385 = ORIENTED_EDGE ( 'NONE', *, *, #1231, .F. ) ;
#386 = CARTESIAN_POINT ( 'NONE',  ( -1.645448267190432912, 11.85000000000000142, 2.899999999999999911 ) ) ;
#387 = CARTESIAN_POINT ( 'NONE',  ( -1.699999999999999956, 9.000000000000000000, 2.899999999999999911 ) ) ;
#388 = CARTESIAN_POINT ( 'NONE',  ( 3.290896534380867156, 9.000000000000000000, 0.000000000000000000 ) ) ;
#389 = EDGE_LOOP ( 'NONE', ( #385, #1050, #902, #1023 ) ) ;
#390 = VECTOR ( 'NONE', #915, 1000.000000000000000 ) ;
#391 = CARTESIAN_POINT ( 'NONE',  ( -11.85000000000000142, 1.645448267190432912, 2.899999999999999911 ) ) ;
#392 = ORIENTED_EDGE ( 'NONE', *, *, #419, .T. ) ;
#393 = AXIS2_PLACEMENT_3D ( 'NONE', #1203, #1097, #1432 ) ;
#394 = ORIENTED_EDGE ( 'NONE', *, *, #447, .F. ) ;
#395 = CARTESIAN_POINT ( 'NONE',  ( 2.899999999999999911, 3.551475717527323832E-16, 0.000000000000000000 ) ) ;
#396 = LINE ( 'NONE', #172, #999 ) ;
#397 = DIRECTION ( 'NONE',  ( -1.000000000000000000, 0.000000000000000000, 0.000000000000000000 ) ) ;
#398 = AXIS2_PLACEMENT_3D ( 'NONE', #140, #998, #1449 ) ;
#399 = LINE ( 'NONE', #1413, #846 ) ;
#400 = EDGE_CURVE ( 'NONE', #1309, #1302, #1070, .T. ) ;
#401 = AXIS2_PLACEMENT_3D ( 'NONE', #444, #1034, #467 ) ;
#402 = EDGE_LOOP ( 'NONE', ( #593, #894, #3, #881 ) ) ;
#403 = APPROVAL_PERSON_ORGANIZATION ( #996, #1162, #93 ) ;
#404 = ORIENTED_EDGE ( 'NONE', *, *, #1210, .T. ) ;
#405 = CARTESIAN_POINT ( 'NONE',  ( 1.645448267190432690, 11.85000000000000142, 2.899999999999999911 ) ) ;
#406 = DIRECTION ( 'NONE',  ( 0.8660254037844388186, 0.4999999999999997224, 0.000000000000000000 ) ) ;
#407 = ADVANCED_FACE ( 'NONE', ( #190 ), #636, .T. ) ;
#408 = PERSON_AND_ORGANIZATION ( #491, #725 ) ;
#409 = EDGE_LOOP ( 'NONE', ( #712, #264, #76, #1051 ) ) ;
#410 = VECTOR ( 'NONE', #885, 1000.000000000000000 ) ;
#411 = EDGE_LOOP ( 'NONE', ( #1121, #206, #105, #45 ) ) ;
#412 = ORIENTED_EDGE ( 'NONE', *, *, #1092, .F. ) ;
#413 = DIRECTION ( 'NONE',  ( 0.000000000000000000, 0.000000000000000000, 1.000000000000000000 ) ) ;
#414 = DIRECTION ( 'NONE',  ( -0.8660254037844387076, 0.4999999999999998335, 0.000000000000000000 ) ) ;
#415 = VECTOR ( 'NONE', #275, 1000.000000000000000 ) ;
#416 =( NAMED_UNIT ( * ) PLANE_ANGLE_UNIT ( ) SI_UNIT ( $, .RADIAN. ) );
#417 = EDGE_LOOP ( 'NONE', ( #702, #632, #1076, #347 ) ) ;
#418 = ORIENTED_EDGE ( 'NONE', *, *, #1182, .T. ) ;
#419 = EDGE_CURVE ( 'NONE', #1429, #600, #1084, .T. ) ;
#420 = CARTESIAN_POINT ( 'NONE',  ( 0.000000000000000000, -9.000000000000000000, 4.000000000000003553 ) ) ;
#421 = CARTESIAN_POINT ( 'NONE',  ( -10.69999999999999929, 0.000000000000000000, 4.000000000000003553 ) ) ;
#422 = EDGE_LOOP ( 'NONE', ( #680, #616, #710, #1304 ) ) ;
#423 = VECTOR ( 'NONE', #687, 1000.000000000000000 ) ;
#424 = ADVANCED_FACE ( 'NONE', ( #209 ), #760, .T. ) ;
#425 = ORIENTED_EDGE ( 'NONE', *, *, #948, .F. ) ;
#426 = FACE_BOUND ( 'NONE', #300, .T. ) ;
#427 = CYLINDRICAL_SURFACE ( 'NONE', #393, 1.699999999999999956 ) ;
#428 = LINE ( 'NONE', #440, #1176 ) ;
#429 = ORIENTED_EDGE ( 'NONE', *, *, #1131, .F. ) ;
#430 = ADVANCED_FACE ( 'NONE', ( #1438, #878 ), #647, .F. ) ;
#431 = ORIENTED_EDGE ( 'NONE', *, *, #47, .F. ) ;
#432 = CARTESIAN_POINT ( 'NONE',  ( -1.645448267190435132, 6.150000000000000355, 0.000000000000000000 ) ) ;
#433 = DIRECTION ( 'NONE',  ( 0.000000000000000000, 0.000000000000000000, 1.000000000000000000 ) ) ;
#434 = CARTESIAN_POINT ( 'NONE',  ( -6.150000000000000355, -1.645448267190435132, 2.899999999999999911 ) ) ;
#435 = VERTEX_POINT ( 'NONE', #196 ) ;
#436 = ORIENTED_EDGE ( 'NONE', *, *, #2, .F. ) ;
#437 = AXIS2_PLACEMENT_3D ( 'NONE', #85, #433, #1104 ) ;
#438 = PLANE ( 'NONE',  #912 ) ;
#439 = ADVANCED_FACE ( 'NONE', ( #642 ), #547, .T. ) ;
#440 = CARTESIAN_POINT ( 'NONE',  ( -1.699999999999999956, -9.000000000000000000, 4.000000000000003553 ) ) ;
#441 = ORIENTED_EDGE ( 'NONE', *, *, #509, .T. ) ;
#442 = DIRECTION ( 'NONE',  ( 0.000000000000000000, 0.000000000000000000, -1.000000000000000000 ) ) ;
#443 = VERTEX_POINT ( 'NONE', #1217 ) ;
#444 = CARTESIAN_POINT ( 'NONE',  ( 1.645448267190434022, 6.150000000000000355, 2.899999999999999911 ) ) ;
#445 = VECTOR ( 'NONE', #847, 1000.000000000000000 ) ;
#446 = DIRECTION ( 'NONE',  ( 1.000000000000000000, 0.000000000000000000, 0.000000000000000000 ) ) ;
#447 = EDGE_CURVE ( 'NONE', #96, #443, #1401, .T. ) ;
#448 = SECURITY_CLASSIFICATION_LEVEL ( 'unclassified' ) ;
#449 = ORIENTED_EDGE ( 'NONE', *, *, #322, .T. ) ;
#450 = DIRECTION ( 'NONE',  ( 1.000000000000000000, 0.000000000000000000, 0.000000000000000000 ) ) ;
#451 = ORIENTED_EDGE ( 'NONE', *, *, #889, .T. ) ;
#452 = AXIS2_PLACEMENT_3D ( 'NONE', #472, #1039, #588 ) ;
#453 = DIRECTION ( 'NONE',  ( -0.8660254037844388186, -0.4999999999999996669, 0.000000000000000000 ) ) ;
#454 = CARTESIAN_POINT ( 'NONE',  ( 9.000000000000000000, 3.290896534380867156, 2.899999999999999911 ) ) ;
#455 = PERSON_AND_ORGANIZATION ( #491, #725 ) ;
#456 = ORIENTED_EDGE ( 'NONE', *, *, #253, .T. ) ;
#457 = FACE_BOUND ( 'NONE', #1441, .T. ) ;
#458 = ORIENTED_EDGE ( 'NONE', *, *, #1333, .F. ) ;
#459 = CYLINDRICAL_SURFACE ( 'NONE', #468, 1.699999999999999956 ) ;
#460 = ADVANCED_FACE ( 'NONE', ( #98 ), #427, .F. ) ;
#461 = DIRECTION ( 'NONE',  ( 0.8660254037844388186, 0.4999999999999997224, 0.000000000000000000 ) ) ;
#462 = DIRECTION ( 'NONE',  ( -1.000000000000000000, 0.000000000000000000, 0.000000000000000000 ) ) ;
#463 = DIRECTION ( 'NONE',  ( 0.8660254037844388186, 0.4999999999999996669, 0.000000000000000000 ) ) ;
#464 = DIRECTION ( 'NONE',  ( 0.8660254037844387076, -0.4999999999999998890, 0.000000000000000000 ) ) ;
#465 = ORIENTED_EDGE ( 'NONE', *, *, #788, .F. ) ;
#466 = EDGE_CURVE ( 'NONE', #745, #639, #693, .T. ) ;
#467 = DIRECTION ( 'NONE',  ( -0.5000000000000000000, -0.8660254037844385966, 0.000000000000000000 ) ) ;
#468 = AXIS2_PLACEMENT_3D ( 'NONE', #241, #221, #1234 ) ;
#469 = DIRECTION ( 'NONE',  ( 0.000000000000000000, 0.000000000000000000, -1.000000000000000000 ) ) ;
#470 = LINE ( 'NONE', #1366, #525 ) ;
#471 = FACE_BOUND ( 'NONE', #727, .T. ) ;
#472 = CARTESIAN_POINT ( 'NONE',  ( 0.000000000000000000, 0.000000000000000000, 2.899999999999999911 ) ) ;
#473 = CYLINDRICAL_SURFACE ( 'NONE', #764, 2.899999999999999911 ) ;
#474 = VECTOR ( 'NONE', #548, 1000.000000000000114 ) ;
#475 = DIRECTION ( 'NONE',  ( -0.8660254037844383745, 0.5000000000000003331, 0.000000000000000000 ) ) ;
#476 = LINE ( 'NONE', #924, #949 ) ;
#477 = VECTOR ( 'NONE', #122, 1000.000000000000000 ) ;
#478 = PLANE ( 'NONE',  #452 ) ;
#479 = VERTEX_POINT ( 'NONE', #1090 ) ;
#480 = CARTESIAN_POINT ( 'NONE',  ( -11.84999999999999964, -1.645448267190434022, 2.899999999999999911 ) ) ;
#481 = EDGE_CURVE ( 'NONE', #1086, #566, #63, .T. ) ;
#482 = DIRECTION ( 'NONE',  ( 1.000000000000000000, 0.000000000000000000, 0.000000000000000000 ) ) ;
#483 = DIRECTION ( 'NONE',  ( 0.000000000000000000, 0.000000000000000000, 1.000000000000000000 ) ) ;
#484 = FACE_OUTER_BOUND ( 'NONE', #1019, .T. ) ;
#485 = EDGE_LOOP ( 'NONE', ( #522, #441, #1132, #1053 ) ) ;
#486 = CYLINDRICAL_SURFACE ( 'NONE', #1122, 1.699999999999999956 ) ;
#487 = LINE ( 'NONE', #1377, #577 ) ;
#488 = CARTESIAN_POINT ( 'NONE',  ( -11.84999999999999964, -1.645448267190434022, 2.899999999999999911 ) ) ;
#489 = ORIENTED_EDGE ( 'NONE', *, *, #70, .T. ) ;
#490 = VERTEX_POINT ( 'NONE', #312 ) ;
#491 = PERSON ( 'UNSPECIFIED', 'UNSPECIFIED', 'UNSPECIFIED', ('UNSPECIFIED'), ('UNSPECIFIED'), ('UNSPECIFIED') ) ;
#492 = ORIENTED_EDGE ( 'NONE', *, *, #1415, .F. ) ;
#493 = DIRECTION ( 'NONE',  ( 0.000000000000000000, 0.000000000000000000, -1.000000000000000000 ) ) ;
#494 = FACE_OUTER_BOUND ( 'NONE', #542, .T. ) ;
#495 = DIRECTION ( 'NONE',  ( 0.4999999999999996114, -0.8660254037844388186, 0.000000000000000000 ) ) ;
#496 = ORIENTED_EDGE ( 'NONE', *, *, #1293, .T. ) ;
#497 = DATE_AND_TIME ( #1059, #818 ) ;
#498 = ORIENTED_EDGE ( 'NONE', *, *, #247, .F. ) ;
#499 = EDGE_LOOP ( 'NONE', ( #856, #39 ) ) ;
#500 = DIRECTION ( 'NONE',  ( 0.000000000000000000, 1.000000000000000000, 0.000000000000000000 ) ) ;
#501 = PLANE ( 'NONE',  #1071 ) ;
#502 = EDGE_CURVE ( 'NONE', #303, #490, #670, .T. ) ;
#503 = CARTESIAN_POINT ( 'NONE',  ( 2.899999999999999911, 3.551475717527323832E-16, 3.000000000000007105 ) ) ;
#504 = VECTOR ( 'NONE', #217, 1000.000000000000000 ) ;
#505 = CIRCLE ( 'NONE', #1353, 1.700000000000000178 ) ;
#506 = DIRECTION ( 'NONE',  ( 1.000000000000000000, 0.000000000000000000, 0.000000000000000000 ) ) ;
#507 = ORIENTED_EDGE ( 'NONE', *, *, #1033, .F. ) ;
#508 = AXIS2_PLACEMENT_3D ( 'NONE', #656, #1327, #321 ) ;
#509 = EDGE_CURVE ( 'NONE', #1374, #791, #983, .T. ) ;
#510 = ORIENTED_EDGE ( 'NONE', *, *, #718, .T. ) ;
#511 = LINE ( 'NONE', #164, #1342 ) ;
#512 = CARTESIAN_POINT ( 'NONE',  ( -8.999999999999998224, 3.290896534380867156, 2.899999999999999911 ) ) ;
#513 = VECTOR ( 'NONE', #1444, 1000.000000000000000 ) ;
#514 = ORIENTED_EDGE ( 'NONE', *, *, #384, .F. ) ;
#515 = ORIENTED_EDGE ( 'NONE', *, *, #367, .T. ) ;
#516 = DIRECTION ( 'NONE',  ( 0.000000000000000000, -0.000000000000000000, 1.000000000000000000 ) ) ;
#517 = CARTESIAN_POINT ( 'NONE',  ( 0.000000000000000000, 0.000000000000000000, 2.899999999999999911 ) ) ;
#518 = VECTOR ( 'NONE', #682, 1000.000000000000000 ) ;
#519 = ORIENTED_EDGE ( 'NONE', *, *, #375, .F. ) ;
#520 = EDGE_CURVE ( 'NONE', #772, #1391, #1455, .T. ) ;
#521 = VERTEX_POINT ( 'NONE', #1433 ) ;
#522 = ORIENTED_EDGE ( 'NONE', *, *, #630, .T. ) ;
#523 = DIRECTION ( 'NONE',  ( 0.5000000000000000000, 0.8660254037844385966, 0.000000000000000000 ) ) ;
#524 = CARTESIAN_POINT ( 'NONE',  ( 1.645448267190433800, 11.85000000000000142, 0.000000000000000000 ) ) ;
#525 = VECTOR ( 'NONE', #1127, 1000.000000000000000 ) ;
#526 = EDGE_CURVE ( 'NONE', #890, #972, #428, .T. ) ;
#527 = LINE ( 'NONE', #1295, #1264 ) ;
#528 = ORIENTED_EDGE ( 'NONE', *, *, #1174, .T. ) ;
#529 = ORIENTED_EDGE ( 'NONE', *, *, #88, .T. ) ;
#530 = DIRECTION ( 'NONE',  ( 1.000000000000000000, 0.000000000000000000, 0.000000000000000000 ) ) ;
#531 = CARTESIAN_POINT ( 'NONE',  ( 0.000000000000000000, 9.000000000000000000, 4.000000000000003553 ) ) ;
#532 = DIRECTION ( 'NONE',  ( 0.000000000000000000, 0.000000000000000000, -1.000000000000000000 ) ) ;
#533 = PERSON_AND_ORGANIZATION_ROLE ( 'creator' ) ;
#534 = EDGE_LOOP ( 'NONE', ( #744, #169, #1296, #86 ) ) ;
#535 = EDGE_CURVE ( 'NONE', #1317, #286, #1038, .T. ) ;
#536 = PRODUCT_DEFINITION_SHAPE ( 'NONE', 'NONE',  #1101 ) ;
#537 = ORIENTED_EDGE ( 'NONE', *, *, #285, .F. ) ;
#538 = DIRECTION ( 'NONE',  ( 0.5000000000000001110, -0.8660254037844387076, 0.000000000000000000 ) ) ;
#539 = DIRECTION ( 'NONE',  ( 1.000000000000000000, 0.000000000000000000, 0.000000000000000000 ) ) ;
#540 = EDGE_CURVE ( 'NONE', #332, #1423, #5, .T. ) ;
#541 = DIRECTION ( 'NONE',  ( 1.000000000000000000, 0.000000000000000000, 0.000000000000000000 ) ) ;
#542 = EDGE_LOOP ( 'NONE', ( #383, #295, #1190, #1422, #18, #624 ) ) ;
#543 = AXIS2_PLACEMENT_3D ( 'NONE', #879, #343, #1220 ) ;
#544 = ORIENTED_EDGE ( 'NONE', *, *, #1231, .T. ) ;
#545 = EDGE_CURVE ( 'NONE', #369, #990, #919, .T. ) ;
#546 = FACE_OUTER_BOUND ( 'NONE', #950, .T. ) ;
#547 = PLANE ( 'NONE',  #1024 ) ;
#548 = DIRECTION ( 'NONE',  ( 0.4999999999999997224, -0.8660254037844388186, 0.000000000000000000 ) ) ;
#549 = VECTOR ( 'NONE', #1049, 1000.000000000000000 ) ;
#550 = DATE_TIME_ROLE ( 'classification_date' ) ;
#551 = ORIENTED_EDGE ( 'NONE', *, *, #1248, .T. ) ;
#552 = AXIS2_PLACEMENT_3D ( 'NONE', #15, #463, #1136 ) ;
#553 = EDGE_CURVE ( 'NONE', #671, #102, #770, .T. ) ;
#554 = CARTESIAN_POINT ( 'NONE',  ( 1.699999999999999956, -9.000000000000000000, 2.899999999999999911 ) ) ;
#555 = CARTESIAN_POINT ( 'NONE',  ( 0.000000000000000000, 0.000000000000000000, 3.000000000000007105 ) ) ;
#556 = CALENDAR_DATE ( 2026, 28, 9 ) ;
#557 = LINE ( 'NONE', #1230, #176 ) ;
#558 = AXIS2_PLACEMENT_3D ( 'NONE', #695, #153, #482 ) ;
#559 = EDGE_LOOP ( 'NONE', ( #1346, #54, #957, #1184 ) ) ;
#560 = DIRECTION ( 'NONE',  ( -0.8660254037844385966, -0.5000000000000001110, 0.000000000000000000 ) ) ;
#561 = APPROVAL_PERSON_ORGANIZATION ( #408, #583, #307 ) ;
#562 = CARTESIAN_POINT ( 'NONE',  ( -6.150000000000000355, 1.645448267190433578, 2.899999999999999911 ) ) ;
#563 = VERTEX_POINT ( 'NONE', #1212 ) ;
#564 = DIRECTION ( 'NONE',  ( 0.4999999999999998890, 0.8660254037844387076, 0.000000000000000000 ) ) ;
#565 = EDGE_CURVE ( 'NONE', #735, #1168, #664, .T. ) ;
#566 = VERTEX_POINT ( 'NONE', #1003 ) ;
#567 = VECTOR ( 'NONE', #1259, 1000.000000000000000 ) ;
#568 = CARTESIAN_POINT ( 'NONE',  ( 9.000000000000000000, -3.290896534380867156, 2.899999999999999911 ) ) ;
#569 = CARTESIAN_POINT ( 'NONE',  ( 11.84999999999999964, -1.645448267190435132, 2.899999999999999911 ) ) ;
#570 = CARTESIAN_POINT ( 'NONE',  ( 1.645448267190434022, -11.84999999999999964, 2.899999999999999911 ) ) ;
#571 = ORIENTED_EDGE ( 'NONE', *, *, #1333, .T. ) ;
#572 = LINE ( 'NONE', #777, #61 ) ;
#573 = DIRECTION ( 'NONE',  ( 1.000000000000000000, 0.000000000000000000, -0.000000000000000000 ) ) ;
#574 = EDGE_CURVE ( 'NONE', #252, #653, #970, .T. ) ;
#575 = ORIENTED_EDGE ( 'NONE', *, *, #1145, .F. ) ;
#576 = LINE ( 'NONE', #1015, #259 ) ;
#577 = VECTOR ( 'NONE', #922, 1000.000000000000000 ) ;
#578 = VECTOR ( 'NONE', #1445, 1000.000000000000000 ) ;
#579 = CARTESIAN_POINT ( 'NONE',  ( -14.00000000000000000, 0.000000000000000000, 4.000000000000007105 ) ) ;
#580 = CARTESIAN_POINT ( 'NONE',  ( 9.000000000000000000, 0.000000000000000000, 4.000000000000003553 ) ) ;
#581 = LINE ( 'NONE', #1360, #840 ) ;
#582 = DIRECTION ( 'NONE',  ( 1.000000000000000000, 0.000000000000000000, 0.000000000000000000 ) ) ;
#583 = APPROVAL ( #726, 'UNSPECIFIED' ) ;
#584 = DIRECTION ( 'NONE',  ( -0.8660254037844388186, -0.4999999999999997224, 0.000000000000000000 ) ) ;
#585 = CYLINDRICAL_SURFACE ( 'NONE', #1329, 14.00000000000000000 ) ;
#586 = CARTESIAN_POINT ( 'NONE',  ( 1.645448267190434022, -11.84999999999999964, 2.899999999999999911 ) ) ;
#587 = ORIENTED_EDGE ( 'NONE', *, *, #1402, .F. ) ;
#588 = DIRECTION ( 'NONE',  ( 1.000000000000000000, 0.000000000000000000, -0.000000000000000000 ) ) ;
#589 = EDGE_CURVE ( 'NONE', #1160, #990, #1227, .T. ) ;
#590 = CARTESIAN_POINT ( 'NONE',  ( 6.149999999999999467, 1.645448267190433356, 0.000000000000000000 ) ) ;
#591 = AXIS2_PLACEMENT_3D ( 'NONE', #1120, #1341, #1335 ) ;
#592 = CARTESIAN_POINT ( 'NONE',  ( 9.000000000000000000, -3.290896534380867156, 2.899999999999999911 ) ) ;
#593 = ORIENTED_EDGE ( 'NONE', *, *, #1244, .F. ) ;
#594 = VECTOR ( 'NONE', #724, 1000.000000000000114 ) ;
#595 = LINE ( 'NONE', #1375, #567 ) ;
#596 = ORIENTED_EDGE ( 'NONE', *, *, #1131, .T. ) ;
#597 = EDGE_CURVE ( 'NONE', #302, #369, #1126, .T. ) ;
#598 = FACE_OUTER_BOUND ( 'NONE', #337, .T. ) ;
#599 = DIRECTION ( 'NONE',  ( -0.8660254037844387076, 0.4999999999999998890, 0.000000000000000000 ) ) ;
#600 = VERTEX_POINT ( 'NONE', #216 ) ;
#601 = ORIENTED_EDGE ( 'NONE', *, *, #617, .T. ) ;
#602 = ORIENTED_EDGE ( 'NONE', *, *, #155, .T. ) ;
#603 = FACE_OUTER_BOUND ( 'NONE', #1337, .T. ) ;
#604 = CARTESIAN_POINT ( 'NONE',  ( -10.69999999999999929, 0.000000000000000000, 2.899999999999999911 ) ) ;
#605 = VECTOR ( 'NONE', #1041, 1000.000000000000000 ) ;
#606 = DIRECTION ( 'NONE',  ( -0.4999999999999999445, 0.8660254037844385966, 0.000000000000000000 ) ) ;
#607 = VERTEX_POINT ( 'NONE', #434 ) ;
#608 = COORDINATED_UNIVERSAL_TIME_OFFSET ( 6, 0, .BEHIND. ) ;
#609 = ORIENTED_EDGE ( 'NONE', *, *, #1224, .F. ) ;
#610 = EDGE_CURVE ( 'NONE', #645, #905, #211, .T. ) ;
#611 = EDGE_LOOP ( 'NONE', ( #1046, #875, #633, #992 ) ) ;
#612 = LINE ( 'NONE', #911, #1430 ) ;
#613 = PLANE ( 'NONE',  #809 ) ;
#614 = CYLINDRICAL_SURFACE ( 'NONE', #151, 14.00000000000000000 ) ;
#615 = PERSON_AND_ORGANIZATION_ROLE ( 'design_owner' ) ;
#616 = ORIENTED_EDGE ( 'NONE', *, *, #1174, .F. ) ;
#617 = EDGE_CURVE ( 'NONE', #791, #972, #1109, .T. ) ;
#618 = ORIENTED_EDGE ( 'NONE', *, *, #969, .T. ) ;
#619 = LINE ( 'NONE', #951, #866 ) ;
#620 = DIRECTION ( 'NONE',  ( -0.4999999999999999445, -0.8660254037844387076, 0.000000000000000000 ) ) ;
#621 = LINE ( 'NONE', #1406, #291 ) ;
#622 = AXIS2_PLACEMENT_3D ( 'NONE', #681, #1367, #442 ) ;
#623 = CARTESIAN_POINT ( 'NONE',  ( 0.000000000000000000, 0.000000000000000000, 4.000000000000007105 ) ) ;
#624 = ORIENTED_EDGE ( 'NONE', *, *, #1287, .F. ) ;
#625 = AXIS2_PLACEMENT_3D ( 'NONE', #1292, #730, #283 ) ;
#626 = ADVANCED_FACE ( 'NONE', ( #1098 ), #323, .T. ) ;
#627 = VERTEX_POINT ( 'NONE', #313 ) ;
#628 = CARTESIAN_POINT ( 'NONE',  ( 6.150000000000000355, -1.645448267190434022, 0.000000000000000000 ) ) ;
#629 = DIRECTION ( 'NONE',  ( 1.000000000000000000, 5.271279293814595151E-16, 0.000000000000000000 ) ) ;
#630 = EDGE_CURVE ( 'NONE', #890, #1374, #1298, .T. ) ;
#631 = CARTESIAN_POINT ( 'NONE',  ( 7.299999999999998934, 0.000000000000000000, 4.000000000000003553 ) ) ;
#632 = ORIENTED_EDGE ( 'NONE', *, *, #1105, .T. ) ;
#633 = ORIENTED_EDGE ( 'NONE', *, *, #1318, .T. ) ;
#634 = EDGE_CURVE ( 'NONE', #118, #1403, #113, .T. ) ;
#635 = FACE_OUTER_BOUND ( 'NONE', #1325, .T. ) ;
#636 = PLANE ( 'NONE',  #1140 ) ;
#637 = CARTESIAN_POINT ( 'NONE',  ( 11.85000000000000142, 1.645448267190433356, 0.000000000000000000 ) ) ;
#638 = CIRCLE ( 'NONE', #146, 1.699999999999999956 ) ;
#639 = VERTEX_POINT ( 'NONE', #678 ) ;
#640 = ORIENTED_EDGE ( 'NONE', *, *, #33, .T. ) ;
#641 = CARTESIAN_POINT ( 'NONE',  ( -1.645448267190435132, -11.84999999999999964, 2.899999999999999911 ) ) ;
#642 = FACE_OUTER_BOUND ( 'NONE', #422, .T. ) ;
#643 = PRODUCT_RELATED_PRODUCT_CATEGORY ( 'detail', '', ( #652 ) ) ;
#644 = VERTEX_POINT ( 'NONE', #1010 ) ;
#645 = VERTEX_POINT ( 'NONE', #454 ) ;
#646 = DIRECTION ( 'NONE',  ( 0.000000000000000000, 0.000000000000000000, -1.000000000000000000 ) ) ;
#647 = PLANE ( 'NONE',  #508 ) ;
#648 = CARTESIAN_POINT ( 'NONE',  ( -9.000000000000000000, 0.000000000000000000, 2.899999999999999911 ) ) ;
#649 = APPROVAL_STATUS ( 'not_yet_approved' ) ;
#650 = ORIENTED_EDGE ( 'NONE', *, *, #62, .F. ) ;
#651 = VECTOR ( 'NONE', #1451, 1000.000000000000000 ) ;
#652 = PRODUCT ( 'ARM-207_MG996R_printed_spline_hub', 'ARM-207_MG996R_printed_spline_hub', '', ( #277 ) ) ;
#653 = VERTEX_POINT ( 'NONE', #900 ) ;
#654 = EDGE_CURVE ( 'NONE', #563, #823, #1229, .T. ) ;
#655 = DIRECTION ( 'NONE',  ( 1.000000000000000000, 0.000000000000000000, 0.000000000000000000 ) ) ;
#656 = CARTESIAN_POINT ( 'NONE',  ( 0.000000000000000000, 0.000000000000000000, 2.899999999999999911 ) ) ;
#657 = CARTESIAN_POINT ( 'NONE',  ( 0.000000000000000000, -9.000000000000000000, 4.000000000000003553 ) ) ;
#658 = PERSON_AND_ORGANIZATION ( #491, #725 ) ;
#659 = ORIENTED_EDGE ( 'NONE', *, *, #364, .F. ) ;
#660 = EDGE_CURVE ( 'NONE', #627, #823, #201, .T. ) ;
#661 = AXIS2_PLACEMENT_3D ( 'NONE', #555, #783, #1330 ) ;
#662 = ORIENTED_EDGE ( 'NONE', *, *, #26, .T. ) ;
#663 = DIRECTION ( 'NONE',  ( -0.5000000000000004441, -0.8660254037844384856, 0.000000000000000000 ) ) ;
#664 = LINE ( 'NONE', #203, #410 ) ;
#665 = EDGE_CURVE ( 'NONE', #990, #369, #148, .T. ) ;
#666 = CIRCLE ( 'NONE', #34, 1.700000000000000178 ) ;
#667 = DIRECTION ( 'NONE',  ( 0.000000000000000000, 0.000000000000000000, -1.000000000000000000 ) ) ;
#668 = ORIENTED_EDGE ( 'NONE', *, *, #574, .F. ) ;
#669 = DIRECTION ( 'NONE',  ( 0.000000000000000000, 0.000000000000000000, -1.000000000000000000 ) ) ;
#670 = LINE ( 'NONE', #1350, #1258 ) ;
#671 = VERTEX_POINT ( 'NONE', #628 ) ;
#672 = EDGE_CURVE ( 'NONE', #627, #377, #1099, .T. ) ;
#673 = CARTESIAN_POINT ( 'NONE',  ( 1.645448267190434022, -11.84999999999999964, 0.000000000000000000 ) ) ;
#674 = VECTOR ( 'NONE', #916, 1000.000000000000114 ) ;
#675 = ORIENTED_EDGE ( 'NONE', *, *, #199, .F. ) ;
#676 = CARTESIAN_POINT ( 'NONE',  ( -3.290896534380867156, -9.000000000000000000, 0.000000000000000000 ) ) ;
#677 = ADVANCED_FACE ( 'NONE', ( #869 ), #981, .F. ) ;
#678 = CARTESIAN_POINT ( 'NONE',  ( 1.699999999999999956, 9.000000000000000000, 4.000000000000003553 ) ) ;
#679 = CARTESIAN_POINT ( 'NONE',  ( -7.299999999999998934, 2.081899558550500526E-16, 4.000000000000003553 ) ) ;
#680 = ORIENTED_EDGE ( 'NONE', *, *, #1048, .F. ) ;
#681 = CARTESIAN_POINT ( 'NONE',  ( 1.645448267190432690, 11.85000000000000142, 2.899999999999999911 ) ) ;
#682 = DIRECTION ( 'NONE',  ( 0.000000000000000000, 0.000000000000000000, -1.000000000000000000 ) ) ;
#683 = ORIENTED_EDGE ( 'NONE', *, *, #257, .F. ) ;
#684 = FACE_OUTER_BOUND ( 'NONE', #389, .T. ) ;
#685 = DIRECTION ( 'NONE',  ( -0.000000000000000000, -0.000000000000000000, -1.000000000000000000 ) ) ;
#686 = ADVANCED_FACE ( 'NONE', ( #546 ), #1306, .T. ) ;
#687 = DIRECTION ( 'NONE',  ( 0.000000000000000000, 0.000000000000000000, -1.000000000000000000 ) ) ;
#688 = FACE_OUTER_BOUND ( 'NONE', #43, .T. ) ;
#689 = CARTESIAN_POINT ( 'NONE',  ( 0.000000000000000000, 9.000000000000000000, 4.000000000000003553 ) ) ;
#690 = VECTOR ( 'NONE', #117, 1000.000000000000000 ) ;
#691 = CARTESIAN_POINT ( 'NONE',  ( -9.000000000000000000, 0.000000000000000000, 4.000000000000003553 ) ) ;
#692 = CIRCLE ( 'NONE', #131, 14.00000000000000000 ) ;
#693 = CIRCLE ( 'NONE', #1213, 1.699999999999999956 ) ;
#694 = CARTESIAN_POINT ( 'NONE',  ( 0.000000000000000000, 0.000000000000000000, 3.000000000000007105 ) ) ;
#695 = CARTESIAN_POINT ( 'NONE',  ( 0.000000000000000000, 0.000000000000000000, 3.000000000000007105 ) ) ;
#696 = LINE ( 'NONE', #8, #740 ) ;
#697 = EDGE_CURVE ( 'NONE', #490, #479, #1089, .T. ) ;
#698 = PLANE ( 'NONE',  #1204 ) ;
#699 = VECTOR ( 'NONE', #523, 1000.000000000000227 ) ;
#700 = DIRECTION ( 'NONE',  ( 0.8660254037844387076, -0.4999999999999998335, 0.000000000000000000 ) ) ;
#701 = CYLINDRICAL_SURFACE ( 'NONE', #218, 1.700000000000000178 ) ;
#702 = ORIENTED_EDGE ( 'NONE', *, *, #940, .T. ) ;
#703 = ADVANCED_FACE ( 'NONE', ( #426, #195 ), #738, .F. ) ;
#704 = DIRECTION ( 'NONE',  ( 0.000000000000000000, -0.000000000000000000, 1.000000000000000000 ) ) ;
#705 = AXIS2_PLACEMENT_3D ( 'NONE', #149, #1272, #31 ) ;
#706 = VERTEX_POINT ( 'NONE', #768 ) ;
#707 = LINE ( 'NONE', #590, #1139 ) ;
#708 = DIRECTION ( 'NONE',  ( -0.4999999999999998890, -0.8660254037844387076, 0.000000000000000000 ) ) ;
#709 = FACE_BOUND ( 'NONE', #841, .T. ) ;
#710 = ORIENTED_EDGE ( 'NONE', *, *, #263, .T. ) ;
#711 = FACE_OUTER_BOUND ( 'NONE', #1088, .T. ) ;
#712 = ORIENTED_EDGE ( 'NONE', *, *, #872, .F. ) ;
#713 = CYLINDRICAL_SURFACE ( 'NONE', #1192, 1.700000000000000178 ) ;
#714 = FACE_OUTER_BOUND ( 'NONE', #417, .T. ) ;
#715 = CIRCLE ( 'NONE', #625, 1.700000000000000178 ) ;
#716 = LINE ( 'NONE', #51, #1043 ) ;
#717 = ORIENTED_EDGE ( 'NONE', *, *, #540, .F. ) ;
#718 = EDGE_CURVE ( 'NONE', #286, #566, #289, .T. ) ;
#719 = ORIENTED_EDGE ( 'NONE', *, *, #545, .T. ) ;
#720 = ORIENTED_EDGE ( 'NONE', *, *, #155, .F. ) ;
#721 = CARTESIAN_POINT ( 'NONE',  ( -1.645448267190432912, -6.149999999999999467, 0.000000000000000000 ) ) ;
#722 = CARTESIAN_POINT ( 'NONE',  ( -11.85000000000000142, 1.645448267190432912, 2.899999999999999911 ) ) ;
#723 = EDGE_CURVE ( 'NONE', #735, #849, #311, .T. ) ;
#724 = DIRECTION ( 'NONE',  ( 0.4999999999999997224, -0.8660254037844388186, 0.000000000000000000 ) ) ;
#725 = ORGANIZATION ( 'UNSPECIFIED', 'UNSPECIFIED', '' ) ;
#726 = APPROVAL_STATUS ( 'not_yet_approved' ) ;
#727 = EDGE_LOOP ( 'NONE', ( #1207, #1262, #1189, #271, #544, #276 ) ) ;
#728 = ORIENTED_EDGE ( 'NONE', *, *, #795, .F. ) ;
#729 = DIRECTION ( 'NONE',  ( 0.000000000000000000, 0.000000000000000000, -1.000000000000000000 ) ) ;
#730 = DIRECTION ( 'NONE',  ( 0.000000000000000000, -0.000000000000000000, 1.000000000000000000 ) ) ;
#731 = DIRECTION ( 'NONE',  ( 0.000000000000000000, 0.000000000000000000, 1.000000000000000000 ) ) ;
#732 = VECTOR ( 'NONE', #1322, 1000.000000000000227 ) ;
#733 = ADVANCED_FACE ( 'NONE', ( #635 ), #438, .T. ) ;
#734 = DIRECTION ( 'NONE',  ( 0.000000000000000000, 0.000000000000000000, -1.000000000000000000 ) ) ;
#735 = VERTEX_POINT ( 'NONE', #759 ) ;
#736 = AXIS2_PLACEMENT_3D ( 'NONE', #267, #59, #955 ) ;
#737 = EDGE_LOOP ( 'NONE', ( #1200, #32, #1082, #675 ) ) ;
#738 = PLANE ( 'NONE',  #89 ) ;
#739 = CARTESIAN_POINT ( 'NONE',  ( 11.84999999999999964, -1.645448267190435132, 2.899999999999999911 ) ) ;
#740 = VECTOR ( 'NONE', #338, 1000.000000000000000 ) ;
#741 = DIRECTION ( 'NONE',  ( -1.000000000000000000, 0.000000000000000000, 0.000000000000000000 ) ) ;
#742 = VERTEX_POINT ( 'NONE', #71 ) ;
#743 = ADVANCED_FACE ( 'NONE', ( #976 ), #1077, .T. ) ;
#744 = ORIENTED_EDGE ( 'NONE', *, *, #520, .F. ) ;
#745 = VERTEX_POINT ( 'NONE', #189 ) ;
#746 = DIRECTION ( 'NONE',  ( 0.8660254037844385966, 0.5000000000000000000, 0.000000000000000000 ) ) ;
#747 = DIRECTION ( 'NONE',  ( 0.000000000000000000, 0.000000000000000000, 1.000000000000000000 ) ) ;
#748 = VECTOR ( 'NONE', #800, 1000.000000000000000 ) ;
#749 = DIRECTION ( 'NONE',  ( 0.8660254037844387076, -0.4999999999999998890, 0.000000000000000000 ) ) ;
#750 = EDGE_LOOP ( 'NONE', ( #425, #1435, #1117, #231 ) ) ;
#751 = LOCAL_TIME ( 18, 12, 53.00000000000000000, #1447 ) ;
#752 = CC_DESIGN_PERSON_AND_ORGANIZATION_ASSIGNMENT ( #108, #533, ( #1101 ) ) ;
#753 = EDGE_LOOP ( 'NONE', ( #1167, #498, #392, #1037 ) ) ;
#754 = EDGE_LOOP ( 'NONE', ( #551, #296 ) ) ;
#755 = DIRECTION ( 'NONE',  ( -0.000000000000000000, 1.000000000000000000, 0.000000000000000000 ) ) ;
#756 = DIRECTION ( 'NONE',  ( 0.4999999999999998890, 0.8660254037844387076, 0.000000000000000000 ) ) ;
#757 = AXIS2_PLACEMENT_3D ( 'NONE', #883, #663, #1253 ) ;
#758 = ORIENTED_EDGE ( 'NONE', *, *, #1310, .F. ) ;
#759 = CARTESIAN_POINT ( 'NONE',  ( 1.645448267190434022, 6.150000000000000355, 2.899999999999999911 ) ) ;
#760 = PLANE ( 'NONE',  #954 ) ;
#761 = DIRECTION ( 'NONE',  ( 1.000000000000000000, 0.000000000000000000, 0.000000000000000000 ) ) ;
#762 = ORIENTED_EDGE ( 'NONE', *, *, #1210, .F. ) ;
#763 = APPLICATION_CONTEXT ( 'configuration controlled 3d designs of mechanical parts and assemblies' ) ;
#764 = AXIS2_PLACEMENT_3D ( 'NONE', #694, #1365, #35 ) ;
#765 = ADVANCED_FACE ( 'NONE', ( #1208 ), #304, .F. ) ;
#766 = AXIS2_PLACEMENT_3D ( 'NONE', #1055, #290, #165 ) ;
#767 = ORIENTED_EDGE ( 'NONE', *, *, #400, .T. ) ;
#768 = CARTESIAN_POINT ( 'NONE',  ( 11.84999999999999787, -1.645448267190435354, 0.000000000000000000 ) ) ;
#769 = DIRECTION ( 'NONE',  ( 0.8660254037844385966, -0.5000000000000001110, 0.000000000000000000 ) ) ;
#770 = LINE ( 'NONE', #1235, #732 ) ;
#771 = EDGE_CURVE ( 'NONE', #639, #745, #1289, .T. ) ;
#772 = VERTEX_POINT ( 'NONE', #1437 ) ;
#773 = VECTOR ( 'NONE', #1239, 1000.000000000000000 ) ;
#774 = ORIENTED_EDGE ( 'NONE', *, *, #589, .T. ) ;
#775 = CARTESIAN_POINT ( 'NONE',  ( 6.149999999999999467, 1.645448267190433356, 2.899999999999999911 ) ) ;
#776 = CARTESIAN_POINT ( 'NONE',  ( 9.000000000000000000, 3.290896534380867156, 2.899999999999999911 ) ) ;
#777 = CARTESIAN_POINT ( 'NONE',  ( -8.999999999999998224, 3.290896534380867156, 2.899999999999999911 ) ) ;
#778 = CIRCLE ( 'NONE', #705, 2.899999999999999911 ) ;
#779 = VECTOR ( 'NONE', #297, 1000.000000000000000 ) ;
#780 = ORIENTED_EDGE ( 'NONE', *, *, #610, .T. ) ;
#781 = CARTESIAN_POINT ( 'NONE',  ( 9.000000000000000000, 3.290896534380867156, 0.000000000000000000 ) ) ;
#782 = EDGE_CURVE ( 'NONE', #179, #1168, #1103, .T. ) ;
#783 = DIRECTION ( 'NONE',  ( 0.000000000000000000, 0.000000000000000000, 1.000000000000000000 ) ) ;
#784 = CIRCLE ( 'NONE', #974, 1.700000000000000178 ) ;
#785 = ORIENTED_EDGE ( 'NONE', *, *, #1454, .F. ) ;
#786 = LINE ( 'NONE', #673, #1031 ) ;
#787 = ORIENTED_EDGE ( 'NONE', *, *, #660, .T. ) ;
#788 = EDGE_CURVE ( 'NONE', #443, #96, #68, .T. ) ;
#789 = DIRECTION ( 'NONE',  ( 1.000000000000000000, 0.000000000000000000, 0.000000000000000000 ) ) ;
#790 = DIRECTION ( 'NONE',  ( -1.000000000000000000, 0.000000000000000000, 0.000000000000000000 ) ) ;
#791 = VERTEX_POINT ( 'NONE', #554 ) ;
#792 = DIRECTION ( 'NONE',  ( 0.000000000000000000, 0.000000000000000000, -1.000000000000000000 ) ) ;
#793 = AXIS2_PLACEMENT_3D ( 'NONE', #1250, #937, #21 ) ;
#794 = EDGE_LOOP ( 'NONE', ( #1448, #874, #1246, #279 ) ) ;
#795 = EDGE_CURVE ( 'NONE', #905, #1429, #1340, .T. ) ;
#796 = DIRECTION ( 'NONE',  ( 0.8660254037844388186, 0.4999999999999997224, 0.000000000000000000 ) ) ;
#797 = CARTESIAN_POINT ( 'NONE',  ( 6.150000000000000355, -1.645448267190434022, 2.899999999999999911 ) ) ;
#798 = PLANE ( 'NONE',  #228 ) ;
#799 = FACE_BOUND ( 'NONE', #29, .T. ) ;
#800 = DIRECTION ( 'NONE',  ( 0.000000000000000000, 0.000000000000000000, -1.000000000000000000 ) ) ;
#801 = EDGE_CURVE ( 'NONE', #1355, #838, #328, .T. ) ;
#802 = FACE_OUTER_BOUND ( 'NONE', #409, .T. ) ;
#803 = DIRECTION ( 'NONE',  ( -0.000000000000000000, -0.000000000000000000, -1.000000000000000000 ) ) ;
#804 = ADVANCED_FACE ( 'NONE', ( #227 ), #459, .F. ) ;
#805 = DIRECTION ( 'NONE',  ( 0.000000000000000000, 0.000000000000000000, 1.000000000000000000 ) ) ;
#806 = CARTESIAN_POINT ( 'NONE',  ( 7.299999999999998934, 0.000000000000000000, 2.899999999999999911 ) ) ;
#807 = VECTOR ( 'NONE', #887, 1000.000000000000000 ) ;
#808 = CARTESIAN_POINT ( 'NONE',  ( -1.645448267190435132, 6.150000000000000355, 2.899999999999999911 ) ) ;
#809 = AXIS2_PLACEMENT_3D ( 'NONE', #722, #629, #1078 ) ;
#810 = CYLINDRICAL_SURFACE ( 'NONE', #953, 1.699999999999999956 ) ;
#811 = FACE_OUTER_BOUND ( 'NONE', #947, .T. ) ;
#812 = ORIENTED_EDGE ( 'NONE', *, *, #1336, .F. ) ;
#813 = EDGE_CURVE ( 'NONE', #1403, #1100, #1133, .T. ) ;
#814 = AXIS2_PLACEMENT_3D ( 'NONE', #138, #237, #130 ) ;
#815 = DIRECTION ( 'NONE',  ( 0.000000000000000000, 0.000000000000000000, 1.000000000000000000 ) ) ;
#816 = ORIENTED_EDGE ( 'NONE', *, *, #660, .F. ) ;
#817 = CYLINDRICAL_SURFACE ( 'NONE', #83, 1.699999999999999956 ) ;
#818 = LOCAL_TIME ( 18, 12, 53.00000000000000000, #608 ) ;
#819 = DIRECTION ( 'NONE',  ( -1.000000000000000000, 0.000000000000000000, 0.000000000000000000 ) ) ;
#820 = DIRECTION ( 'NONE',  ( -0.000000000000000000, -0.000000000000000000, -1.000000000000000000 ) ) ;
#821 = ORIENTED_EDGE ( 'NONE', *, *, #263, .F. ) ;
#822 = CARTESIAN_POINT ( 'NONE',  ( -7.299999999999998934, 2.081899558550500526E-16, 2.899999999999999911 ) ) ;
#823 = VERTEX_POINT ( 'NONE', #1334 ) ;
#824 = LINE ( 'NONE', #942, #333 ) ;
#825 = CARTESIAN_POINT ( 'NONE',  ( 0.000000000000000000, 0.000000000000000000, 4.000000000000007105 ) ) ;
#826 = ADVANCED_FACE ( 'NONE', ( #802 ), #127, .T. ) ;
#827 = DIRECTION ( 'NONE',  ( 0.000000000000000000, 0.000000000000000000, -1.000000000000000000 ) ) ;
#828 = VERTEX_POINT ( 'NONE', #1001 ) ;
#829 = ORIENTED_EDGE ( 'NONE', *, *, #285, .T. ) ;
#830 = EDGE_CURVE ( 'NONE', #1423, #179, #891, .T. ) ;
#831 = EDGE_LOOP ( 'NONE', ( #945, #87, #821, #836, #198, #609 ) ) ;
#832 = CARTESIAN_POINT ( 'NONE',  ( -9.000000000000000000, -3.290896534380867156, 2.899999999999999911 ) ) ;
#833 = CARTESIAN_POINT ( 'NONE',  ( -3.290896534380867156, 9.000000000000000000, 2.899999999999999911 ) ) ;
#834 = AXIS2_PLACEMENT_3D ( 'NONE', #1040, #41, #928 ) ;
#835 = CARTESIAN_POINT ( 'NONE',  ( -3.290896534380867156, -9.000000000000000000, 2.899999999999999911 ) ) ;
#836 = ORIENTED_EDGE ( 'NONE', *, *, #55, .F. ) ;
#837 = LINE ( 'NONE', #631, #1079 ) ;
#838 = VERTEX_POINT ( 'NONE', #676 ) ;
#839 = APPLICATION_CONTEXT ( 'configuration controlled 3d designs of mechanical parts and assemblies' ) ;
#840 = VECTOR ( 'NONE', #352, 1000.000000000000000 ) ;
#841 = EDGE_LOOP ( 'NONE', ( #984, #762 ) ) ;
#842 = ADVANCED_FACE ( 'NONE', ( #1125 ), #906, .F. ) ;
#843 = LINE ( 'NONE', #1291, #1313 ) ;
#844 = DIRECTION ( 'NONE',  ( 0.000000000000000000, 0.000000000000000000, -1.000000000000000000 ) ) ;
#845 = LINE ( 'NONE', #173, #1370 ) ;
#846 = VECTOR ( 'NONE', #734, 1000.000000000000000 ) ;
#847 = DIRECTION ( 'NONE',  ( 0.000000000000000000, 0.000000000000000000, -1.000000000000000000 ) ) ;
#848 = VERTEX_POINT ( 'NONE', #25 ) ;
#849 = VERTEX_POINT ( 'NONE', #334 ) ;
#850 = FACE_BOUND ( 'NONE', #1150, .T. ) ;
#851 = DIRECTION ( 'NONE',  ( 0.8660254037844385966, -0.5000000000000000000, 0.000000000000000000 ) ) ;
#852 = VECTOR ( 'NONE', #989, 1000.000000000000227 ) ;
#853 = ADVANCED_FACE ( 'NONE', ( #119 ), #1357, .T. ) ;
#854 = APPROVAL_DATE_TIME ( #497, #583 ) ;
#855 = ORIENTED_EDGE ( 'NONE', *, *, #466, .F. ) ;
#856 = ORIENTED_EDGE ( 'NONE', *, *, #1201, .F. ) ;
#857 = AXIS2_PLACEMENT_3D ( 'NONE', #359, #805, #1378 ) ;
#858 = ORIENTED_EDGE ( 'NONE', *, *, #574, .T. ) ;
#859 = CARTESIAN_POINT ( 'NONE',  ( 1.699999999999999956, 2.081899558550500280E-16, 4.000000000000003553 ) ) ;
#860 = CARTESIAN_POINT ( 'NONE',  ( 3.290896534380867156, 9.000000000000000000, 2.899999999999999911 ) ) ;
#861 = DIRECTION ( 'NONE',  ( 5.271279293814595151E-16, -1.000000000000000000, 0.000000000000000000 ) ) ;
#862 = EDGE_LOOP ( 'NONE', ( #816, #1199, #662, #1061 ) ) ;
#863 = ORIENTED_EDGE ( 'NONE', *, *, #1026, .F. ) ;
#864 = CARTESIAN_POINT ( 'NONE',  ( 0.000000000000000000, 0.000000000000000000, 4.000000000000003553 ) ) ;
#865 = FACE_OUTER_BOUND ( 'NONE', #750, .T. ) ;
#866 = VECTOR ( 'NONE', #57, 1000.000000000000000 ) ;
#867 = VERTEX_POINT ( 'NONE', #135 ) ;
#868 = ORIENTED_EDGE ( 'NONE', *, *, #1201, .T. ) ;
#869 = FACE_OUTER_BOUND ( 'NONE', #485, .T. ) ;
#870 = CARTESIAN_POINT ( 'NONE',  ( 0.000000000000000000, 0.000000000000000000, 0.000000000000000000 ) ) ;
#871 = DIRECTION ( 'NONE',  ( 0.000000000000000000, 0.000000000000000000, -1.000000000000000000 ) ) ;
#872 = EDGE_CURVE ( 'NONE', #1168, #1339, #576, .T. ) ;
#873 = APPROVAL_ROLE ( '' ) ;
#874 = ORIENTED_EDGE ( 'NONE', *, *, #520, .T. ) ;
#875 = ORIENTED_EDGE ( 'NONE', *, *, #801, .F. ) ;
#876 = EDGE_CURVE ( 'NONE', #867, #1277, #355, .T. ) ;
#877 = DIRECTION ( 'NONE',  ( 1.000000000000000000, 0.000000000000000000, 0.000000000000000000 ) ) ;
#878 = FACE_OUTER_BOUND ( 'NONE', #831, .T. ) ;
#879 = CARTESIAN_POINT ( 'NONE',  ( 0.000000000000000000, -9.000000000000000000, 2.899999999999999911 ) ) ;
#880 = CLOSED_SHELL ( 'NONE', ( #1278, #1067, #842, #677, #177, #204, #1394, #159, #249, #1075, #765, #9, #460, #272, #112, #804, #1138, #331, #280, #733, #626, #1196, #853, #703, #121, #1002, #185, #921, #826, #220, #932, #356, #424, #917, #980, #908, #407, #351, #686, #1154, #339, #743, #439, #136, #430 ) ) ;
#881 = ORIENTED_EDGE ( 'NONE', *, *, #1087, .T. ) ;
#882 = AXIS2_PLACEMENT_3D ( 'NONE', #870, #1209, #1321 ) ;
#883 = CARTESIAN_POINT ( 'NONE',  ( -6.150000000000000355, 1.645448267190433578, 2.899999999999999911 ) ) ;
#884 = APPROVAL ( #114, 'UNSPECIFIED' ) ;
#885 = DIRECTION ( 'NONE',  ( 0.000000000000000000, 0.000000000000000000, -1.000000000000000000 ) ) ;
#886 = EDGE_LOOP ( 'NONE', ( #618, #601 ) ) ;
#887 = DIRECTION ( 'NONE',  ( 5.271279293814592193E-16, 1.000000000000000000, 0.000000000000000000 ) ) ;
#888 = VECTOR ( 'NONE', #214, 1000.000000000000000 ) ;
#889 = EDGE_CURVE ( 'NONE', #281, #644, #1364, .T. ) ;
#890 = VERTEX_POINT ( 'NONE', #4 ) ;
#891 = LINE ( 'NONE', #342, #651 ) ;
#892 = DIRECTION ( 'NONE',  ( 0.000000000000000000, 0.000000000000000000, -1.000000000000000000 ) ) ;
#893 = DATE_AND_TIME ( #556, #210 ) ;
#894 = ORIENTED_EDGE ( 'NONE', *, *, #1421, .F. ) ;
#895 = LINE ( 'NONE', #1237, #128 ) ;
#896 = EDGE_CURVE ( 'NONE', #1068, #607, #348, .T. ) ;
#897 = AXIS2_PLACEMENT_3D ( 'NONE', #568, #1009, #453 ) ;
#898 = ORIENTED_EDGE ( 'NONE', *, *, #509, .F. ) ;
#899 = CARTESIAN_POINT ( 'NONE',  ( -9.000000000000000000, -3.290896534380867156, 2.899999999999999911 ) ) ;
#900 = CARTESIAN_POINT ( 'NONE',  ( 14.00000000000000000, 1.714505518806294638E-15, 4.000000000000007105 ) ) ;
#901 = APPROVAL_DATE_TIME ( #1434, #884 ) ;
#902 = ORIENTED_EDGE ( 'NONE', *, *, #634, .T. ) ;
#903 = CARTESIAN_POINT ( 'NONE',  ( -9.000000000000000000, 0.000000000000000000, 4.000000000000003553 ) ) ;
#904 = CC_DESIGN_PERSON_AND_ORGANIZATION_ASSIGNMENT ( #101, #314, ( #374 ) ) ;
#905 = VERTEX_POINT ( 'NONE', #235 ) ;
#906 = CYLINDRICAL_SURFACE ( 'NONE', #1416, 1.700000000000000178 ) ;
#907 = CARTESIAN_POINT ( 'NONE',  ( 0.000000000000000000, 9.000000000000000000, 2.899999999999999911 ) ) ;
#908 = ADVANCED_FACE ( 'NONE', ( #684 ), #1025, .T. ) ;
#909 = CARTESIAN_POINT ( 'NONE',  ( -1.645448267190432912, -6.149999999999999467, 2.899999999999999911 ) ) ;
#910 = DIRECTION ( 'NONE',  ( -1.000000000000000000, 2.635639646907297575E-16, 0.000000000000000000 ) ) ;
#911 = CARTESIAN_POINT ( 'NONE',  ( -6.150000000000000355, -1.645448267190435132, 0.000000000000000000 ) ) ;
#912 = AXIS2_PLACEMENT_3D ( 'NONE', #1299, #538, #746 ) ;
#913 = ORIENTED_EDGE ( 'NONE', *, *, #1105, .F. ) ;
#914 = PLANE ( 'NONE',  #1271 ) ;
#915 = DIRECTION ( 'NONE',  ( 0.000000000000000000, 0.000000000000000000, -1.000000000000000000 ) ) ;
#916 = DIRECTION ( 'NONE',  ( 0.8660254037844388186, 0.4999999999999997224, 0.000000000000000000 ) ) ;
#917 = ADVANCED_FACE ( 'NONE', ( #19 ), #914, .T. ) ;
#918 = PLANE ( 'NONE',  #398 ) ;
#919 = CIRCLE ( 'NONE', #1418, 1.700000000000000178 ) ;
#920 = DIRECTION ( 'NONE',  ( 1.000000000000000000, 0.000000000000000000, 0.000000000000000000 ) ) ;
#921 = ADVANCED_FACE ( 'NONE', ( #143 ), #698, .T. ) ;
#922 = DIRECTION ( 'NONE',  ( 0.000000000000000000, 0.000000000000000000, -1.000000000000000000 ) ) ;
#923 = CARTESIAN_POINT ( 'NONE',  ( 11.85000000000000142, 1.645448267190433356, 2.899999999999999911 ) ) ;
#924 = CARTESIAN_POINT ( 'NONE',  ( -1.699999999999999956, 9.000000000000000000, 4.000000000000003553 ) ) ;
#925 = VECTOR ( 'NONE', #380, 1000.000000000000000 ) ;
#926 = CARTESIAN_POINT ( 'NONE',  ( 0.000000000000000000, -9.000000000000000000, 2.899999999999999911 ) ) ;
#927 = ORIENTED_EDGE ( 'NONE', *, *, #1349, .T. ) ;
#928 = DIRECTION ( 'NONE',  ( 0.4999999999999998890, -0.8660254037844385966, 0.000000000000000000 ) ) ;
#929 = LINE ( 'NONE', #586, #1005 ) ;
#930 = EDGE_LOOP ( 'NONE', ( #458, #659, #640, #1384 ) ) ;
#931 = VECTOR ( 'NONE', #1274, 1000.000000000000000 ) ;
#932 = ADVANCED_FACE ( 'NONE', ( #1147, #484 ), #478, .F. ) ;
#933 = CARTESIAN_POINT ( 'NONE',  ( -6.150000000000000355, -1.645448267190435132, 2.899999999999999911 ) ) ;
#934 = EDGE_LOOP ( 'NONE', ( #1273, #975, #515, #1285 ) ) ;
#935 = FACE_BOUND ( 'NONE', #938, .T. ) ;
#936 = CARTESIAN_POINT ( 'NONE',  ( -3.290896534380867156, 9.000000000000000000, 2.899999999999999911 ) ) ;
#937 = DIRECTION ( 'NONE',  ( 0.5000000000000001110, 0.8660254037844387076, 0.000000000000000000 ) ) ;
#938 = EDGE_LOOP ( 'NONE', ( #1173, #261 ) ) ;
#939 = ORIENTED_EDGE ( 'NONE', *, *, #565, .T. ) ;
#940 = EDGE_CURVE ( 'NONE', #286, #1317, #778, .T. ) ;
#941 = ORIENTED_EDGE ( 'NONE', *, *, #167, .T. ) ;
#942 = CARTESIAN_POINT ( 'NONE',  ( 3.290896534380867156, -9.000000000000000000, 2.899999999999999911 ) ) ;
#943 = CARTESIAN_POINT ( 'NONE',  ( -11.84999999999999964, -1.645448267190434022, 2.899999999999999911 ) ) ;
#944 = CARTESIAN_POINT ( 'NONE',  ( -6.150000000000000355, 1.645448267190433578, 2.899999999999999911 ) ) ;
#945 = ORIENTED_EDGE ( 'NONE', *, *, #400, .F. ) ;
#946 = LINE ( 'NONE', #174, #340 ) ;
#947 = EDGE_LOOP ( 'NONE', ( #720, #1242, #60, #451 ) ) ;
#948 = EDGE_CURVE ( 'NONE', #644, #1081, #262, .T. ) ;
#949 = VECTOR ( 'NONE', #366, 1000.000000000000000 ) ;
#950 = EDGE_LOOP ( 'NONE', ( #1060, #812, #767, #115 ) ) ;
#951 = CARTESIAN_POINT ( 'NONE',  ( -3.290896534380867156, 9.000000000000000000, 2.899999999999999911 ) ) ;
#952 = LINE ( 'NONE', #860, #178 ) ;
#953 = AXIS2_PLACEMENT_3D ( 'NONE', #20, #469, #1254 ) ;
#954 = AXIS2_PLACEMENT_3D ( 'NONE', #202, #756, #988 ) ;
#955 = DIRECTION ( 'NONE',  ( 1.000000000000000000, 0.000000000000000000, 0.000000000000000000 ) ) ;
#956 = DIRECTION ( 'NONE',  ( -0.000000000000000000, -0.000000000000000000, -1.000000000000000000 ) ) ;
#957 = ORIENTED_EDGE ( 'NONE', *, *, #540, .T. ) ;
#958 = ORIENTED_EDGE ( 'NONE', *, *, #70, .F. ) ;
#959 = EDGE_CURVE ( 'NONE', #1100, #1066, #595, .T. ) ;
#960 = DIRECTION ( 'NONE',  ( 0.4999999999999996114, -0.8660254037844388186, 0.000000000000000000 ) ) ;
#961 = CARTESIAN_POINT ( 'NONE',  ( -1.645448267190435132, -11.84999999999999964, 2.899999999999999911 ) ) ;
#962 = AXIS2_PLACEMENT_3D ( 'NONE', #864, #413, #208 ) ;
#963 = CC_DESIGN_APPROVAL ( #1162, ( #1382 ) ) ;
#964 = ORIENTED_EDGE ( 'NONE', *, *, #553, .T. ) ;
#965 = EDGE_LOOP ( 'NONE', ( #1110, #1215, #1324, #728, #1191, #325 ) ) ;
#966 = DIRECTION ( 'NONE',  ( -1.000000000000000000, 0.000000000000000000, 0.000000000000000000 ) ) ;
#967 = LINE ( 'NONE', #1178, #1331 ) ;
#968 = VECTOR ( 'NONE', #248, 1000.000000000000000 ) ;
#969 = EDGE_CURVE ( 'NONE', #972, #791, #638, .T. ) ;
#970 = CIRCLE ( 'NONE', #287, 14.00000000000000000 ) ;
#971 = PERSON_AND_ORGANIZATION ( #491, #725 ) ;
#972 = VERTEX_POINT ( 'NONE', #1265 ) ;
#973 = ORIENTED_EDGE ( 'NONE', *, *, #948, .T. ) ;
#974 = AXIS2_PLACEMENT_3D ( 'NONE', #1172, #299, #1397 ) ;
#975 = ORIENTED_EDGE ( 'NONE', *, *, #1087, .F. ) ;
#976 = FACE_OUTER_BOUND ( 'NONE', #1266, .T. ) ;
#977 = PLANE ( 'NONE',  #766 ) ;
#978 = ORIENTED_EDGE ( 'NONE', *, *, #375, .T. ) ;
#979 = VERTEX_POINT ( 'NONE', #1045 ) ;
#980 = ADVANCED_FACE ( 'NONE', ( #711 ), #38, .T. ) ;
#981 = CYLINDRICAL_SURFACE ( 'NONE', #1408, 1.699999999999999956 ) ;
#982 = DIRECTION ( 'NONE',  ( 0.5000000000000001110, 0.8660254037844385966, 0.000000000000000000 ) ) ;
#983 = LINE ( 'NONE', #336, #578 ) ;
#984 = ORIENTED_EDGE ( 'NONE', *, *, #654, .F. ) ;
#985 = EDGE_CURVE ( 'NONE', #1423, #735, #376, .T. ) ;
#986 = EDGE_LOOP ( 'NONE', ( #1102, #429, #270, #1305 ) ) ;
#987 = DIRECTION ( 'NONE',  ( 0.000000000000000000, 0.000000000000000000, 1.000000000000000000 ) ) ;
#988 = DIRECTION ( 'NONE',  ( -0.8660254037844387076, 0.4999999999999998890, 0.000000000000000000 ) ) ;
#989 = DIRECTION ( 'NONE',  ( -0.8660254037844383745, 0.5000000000000003331, 0.000000000000000000 ) ) ;
#990 = VERTEX_POINT ( 'NONE', #822 ) ;
#991 = EDGE_CURVE ( 'NONE', #281, #979, #824, .T. ) ;
#992 = ORIENTED_EDGE ( 'NONE', *, *, #1336, .T. ) ;
#993 = CARTESIAN_POINT ( 'NONE',  ( -2.899999999999999911, 0.000000000000000000, 3.000000000000007105 ) ) ;
#994 = CARTESIAN_POINT ( 'NONE',  ( -1.645448267190432912, -6.149999999999999467, 2.899999999999999911 ) ) ;
#995 = DIRECTION ( 'NONE',  ( 0.000000000000000000, 0.000000000000000000, 1.000000000000000000 ) ) ;
#996 = PERSON_AND_ORGANIZATION ( #491, #725 ) ;
#997 = ORIENTED_EDGE ( 'NONE', *, *, #1048, .T. ) ;
#998 = DIRECTION ( 'NONE',  ( 0.000000000000000000, 0.000000000000000000, 1.000000000000000000 ) ) ;
#999 = VECTOR ( 'NONE', #620, 1000.000000000000000 ) ;
#1000 = ORIENTED_EDGE ( 'NONE', *, *, #1363, .T. ) ;
#1001 = CARTESIAN_POINT ( 'NONE',  ( -11.85000000000000142, 1.645448267190432912, 2.899999999999999911 ) ) ;
#1002 = ADVANCED_FACE ( 'NONE', ( #157 ), #273, .T. ) ;
#1003 = CARTESIAN_POINT ( 'NONE',  ( -2.899999999999999911, 0.000000000000000000, 0.000000000000000000 ) ) ;
#1004 = CALENDAR_DATE ( 2026, 28, 9 ) ;
#1005 = VECTOR ( 'NONE', #1028, 1000.000000000000000 ) ;
#1006 = CARTESIAN_POINT ( 'NONE',  ( 14.00000000000000000, 1.714505518806294638E-15, 0.000000000000000000 ) ) ;
#1007 = APPROVAL_PERSON_ORGANIZATION ( #658, #884, #873 ) ;
#1008 = ORIENTED_EDGE ( 'NONE', *, *, #535, .T. ) ;
#1009 = DIRECTION ( 'NONE',  ( -0.4999999999999996669, 0.8660254037844388186, 0.000000000000000000 ) ) ;
#1010 = CARTESIAN_POINT ( 'NONE',  ( 3.290896534380867156, -9.000000000000000000, 0.000000000000000000 ) ) ;
#1011 = EDGE_LOOP ( 'NONE', ( #575, #1238, #192, #1414 ) ) ;
#1012 = LINE ( 'NONE', #330, #690 ) ;
#1013 = VECTOR ( 'NONE', #1069, 1000.000000000000227 ) ;
#1014 = VERTEX_POINT ( 'NONE', #65 ) ;
#1015 = CARTESIAN_POINT ( 'NONE',  ( 1.645448267190434022, 6.150000000000000355, 0.000000000000000000 ) ) ;
#1016 = DIRECTION ( 'NONE',  ( 0.000000000000000000, -0.000000000000000000, 1.000000000000000000 ) ) ;
#1017 = MANIFOLD_SOLID_BREP ( 'Captured_M3_nut_pockets_depth2p9', #880 ) ;
#1018 = CARTESIAN_POINT ( 'NONE',  ( -1.645448267190435132, -11.84999999999999964, 2.899999999999999911 ) ) ;
#1019 = EDGE_LOOP ( 'NONE', ( #758, #52, #354, #123, #717, #514 ) ) ;
#1020 = PLANE ( 'NONE',  #552 ) ;
#1021 = LINE ( 'NONE', #16, #748 ) ;
#1022 = AXIS2_PLACEMENT_3D ( 'NONE', #907, #1386, #1142 ) ;
#1023 = ORIENTED_EDGE ( 'NONE', *, *, #813, .T. ) ;
#1024 = AXIS2_PLACEMENT_3D ( 'NONE', #994, #769, #982 ) ;
#1025 = PLANE ( 'NONE',  #757 ) ;
#1026 = EDGE_CURVE ( 'NONE', #653, #96, #40, .T. ) ;
#1027 = CARTESIAN_POINT ( 'NONE',  ( -1.645448267190435132, 6.150000000000000355, 0.000000000000000000 ) ) ;
#1028 = DIRECTION ( 'NONE',  ( 0.4999999999999998890, 0.8660254037844387076, 0.000000000000000000 ) ) ;
#1029 = LINE ( 'NONE', #346, #504 ) ;
#1030 = LINE ( 'NONE', #378, #931 ) ;
#1031 = VECTOR ( 'NONE', #564, 1000.000000000000000 ) ;
#1032 = AXIS2_PLACEMENT_3D ( 'NONE', #1326, #320, #789 ) ;
#1033 = EDGE_CURVE ( 'NONE', #1014, #303, #1404, .T. ) ;
#1034 = DIRECTION ( 'NONE',  ( -0.8660254037844387076, 0.5000000000000001110, 0.000000000000000000 ) ) ;
#1035 = DIRECTION ( 'NONE',  ( -1.000000000000000000, 0.000000000000000000, 0.000000000000000000 ) ) ;
#1036 = CARTESIAN_POINT ( 'NONE',  ( -6.150000000000000355, 1.645448267190433578, 0.000000000000000000 ) ) ;
#1037 = ORIENTED_EDGE ( 'NONE', *, *, #1421, .T. ) ;
#1038 = CIRCLE ( 'NONE', #661, 2.899999999999999911 ) ;
#1039 = DIRECTION ( 'NONE',  ( 0.000000000000000000, 0.000000000000000000, 1.000000000000000000 ) ) ;
#1040 = CARTESIAN_POINT ( 'NONE',  ( 3.290896534380867156, 9.000000000000000000, 2.899999999999999911 ) ) ;
#1041 = DIRECTION ( 'NONE',  ( 0.8660254037844388186, 0.4999999999999996114, 0.000000000000000000 ) ) ;
#1042 = CARTESIAN_POINT ( 'NONE',  ( 0.000000000000000000, 0.000000000000000000, 3.000000000000007105 ) ) ;
#1043 = VECTOR ( 'NONE', #397, 1000.000000000000000 ) ;
#1044 = EDGE_CURVE ( 'NONE', #838, #435, #511, .T. ) ;
#1045 = CARTESIAN_POINT ( 'NONE',  ( 1.645448267190434022, -6.150000000000000355, 2.899999999999999911 ) ) ;
#1046 = ORIENTED_EDGE ( 'NONE', *, *, #1044, .F. ) ;
#1047 = DIRECTION ( 'NONE',  ( 2.635639646907296589E-16, -1.000000000000000000, 0.000000000000000000 ) ) ;
#1048 = EDGE_CURVE ( 'NONE', #10, #838, #1252, .T. ) ;
#1049 = DIRECTION ( 'NONE',  ( -0.8660254037844387076, 0.4999999999999998335, 0.000000000000000000 ) ) ;
#1050 = ORIENTED_EDGE ( 'NONE', *, *, #1356, .F. ) ;
#1051 = ORIENTED_EDGE ( 'NONE', *, *, #364, .T. ) ;
#1052 = VECTOR ( 'NONE', #1359, 1000.000000000000000 ) ;
#1053 = ORIENTED_EDGE ( 'NONE', *, *, #526, .F. ) ;
#1054 = CARTESIAN_POINT ( 'NONE',  ( 14.00000000000000000, 1.714505518806294638E-15, 4.000000000000007105 ) ) ;
#1055 = CARTESIAN_POINT ( 'NONE',  ( 3.290896534380867156, -9.000000000000000000, 2.899999999999999911 ) ) ;
#1056 = LINE ( 'NONE', #944, #1303 ) ;
#1057 = ORIENTED_EDGE ( 'NONE', *, *, #959, .F. ) ;
#1058 = EDGE_CURVE ( 'NONE', #332, #479, #619, .T. ) ;
#1059 = CALENDAR_DATE ( 2026, 28, 9 ) ;
#1060 = ORIENTED_EDGE ( 'NONE', *, *, #306, .F. ) ;
#1061 = ORIENTED_EDGE ( 'NONE', *, *, #654, .T. ) ;
#1062 = EDGE_CURVE ( 'NONE', #979, #1081, #843, .T. ) ;
#1063 = CARTESIAN_POINT ( 'NONE',  ( -8.999999999999998224, 3.290896534380867156, 0.000000000000000000 ) ) ;
#1064 = CARTESIAN_POINT ( 'NONE',  ( -1.645448267190432912, 11.85000000000000142, 2.899999999999999911 ) ) ;
#1065 = LINE ( 'NONE', #388, #1159 ) ;
#1066 = VERTEX_POINT ( 'NONE', #49 ) ;
#1067 = ADVANCED_FACE ( 'NONE', ( #603 ), #486, .F. ) ;
#1068 = VERTEX_POINT ( 'NONE', #832 ) ;
#1069 = DIRECTION ( 'NONE',  ( -0.5000000000000001110, -0.8660254037844384856, 0.000000000000000000 ) ) ;
#1070 = LINE ( 'NONE', #961, #319 ) ;
#1071 = AXIS2_PLACEMENT_3D ( 'NONE', #739, #1393, #158 ) ;
#1072 = CARTESIAN_POINT ( 'NONE',  ( -11.85000000000000142, 1.645448267190432912, 2.899999999999999911 ) ) ;
#1073 = CARTESIAN_POINT ( 'NONE',  ( -9.000000000000000000, -3.290896534380867156, 0.000000000000000000 ) ) ;
#1074 = ORIENTED_EDGE ( 'NONE', *, *, #502, .T. ) ;
#1075 = ADVANCED_FACE ( 'NONE', ( #1411, #1177, #935, #850, #233, #1392 ), #1130, .T. ) ;
#1076 = ORIENTED_EDGE ( 'NONE', *, *, #1349, .F. ) ;
#1077 = PLANE ( 'NONE',  #22 ) ;
#1078 = DIRECTION ( 'NONE',  ( -5.271279293814595151E-16, 1.000000000000000000, 0.000000000000000000 ) ) ;
#1079 = VECTOR ( 'NONE', #191, 1000.000000000000000 ) ;
#1080 = ORIENTED_EDGE ( 'NONE', *, *, #1111, .T. ) ;
#1081 = VERTEX_POINT ( 'NONE', #282 ) ;
#1082 = ORIENTED_EDGE ( 'NONE', *, *, #2, .T. ) ;
#1083 = DIRECTION ( 'NONE',  ( 1.000000000000000000, 0.000000000000000000, -0.000000000000000000 ) ) ;
#1084 = LINE ( 'NONE', #79, #245 ) ;
#1085 = VECTOR ( 'NONE', #560, 1000.000000000000114 ) ;
#1086 = VERTEX_POINT ( 'NONE', #395 ) ;
#1087 = EDGE_CURVE ( 'NONE', #223, #706, #1282, .T. ) ;
#1088 = EDGE_LOOP ( 'NONE', ( #412, #785, #529, #1181 ) ) ;
#1089 = LINE ( 'NONE', #1431, #139 ) ;
#1090 = CARTESIAN_POINT ( 'NONE',  ( -3.290896534380867156, 9.000000000000000000, 0.000000000000000000 ) ) ;
#1091 = VECTOR ( 'NONE', #58, 1000.000000000000000 ) ;
#1092 = EDGE_CURVE ( 'NONE', #521, #69, #612, .T. ) ;
#1093 = PERSON_AND_ORGANIZATION_ROLE ( 'design_supplier' ) ;
#1094 = ORIENTED_EDGE ( 'NONE', *, *, #597, .F. ) ;
#1095 = ORIENTED_EDGE ( 'NONE', *, *, #1440, .T. ) ;
#1096 = DIRECTION ( 'NONE',  ( -1.000000000000000000, 0.000000000000000000, 0.000000000000000000 ) ) ;
#1097 = DIRECTION ( 'NONE',  ( 0.000000000000000000, 0.000000000000000000, -1.000000000000000000 ) ) ;
#1098 = FACE_OUTER_BOUND ( 'NONE', #1158, .T. ) ;
#1099 = CIRCLE ( 'NONE', #962, 1.699999999999999956 ) ;
#1100 = VERTEX_POINT ( 'NONE', #1063 ) ;
#1101 = PRODUCT_DEFINITION ( 'UNKNOWN', '', #374, #1218 ) ;
#1102 = ORIENTED_EDGE ( 'NONE', *, *, #697, .F. ) ;
#1103 = LINE ( 'NONE', #432, #278 ) ;
#1104 = DIRECTION ( 'NONE',  ( 1.000000000000000000, 0.000000000000000000, 0.000000000000000000 ) ) ;
#1105 = EDGE_CURVE ( 'NONE', #1317, #1086, #1021, .T. ) ;
#1106 = DIRECTION ( 'NONE',  ( 0.000000000000000000, 0.000000000000000000, 1.000000000000000000 ) ) ;
#1107 = DATE_TIME_ROLE ( 'creation_date' ) ;
#1108 = ORIENTED_EDGE ( 'NONE', *, *, #1044, .T. ) ;
#1109 = CIRCLE ( 'NONE', #543, 1.699999999999999956 ) ;
#1110 = ORIENTED_EDGE ( 'NONE', *, *, #367, .F. ) ;
#1111 = EDGE_CURVE ( 'NONE', #1374, #890, #1243, .T. ) ;
#1112 = CIRCLE ( 'NONE', #736, 2.899999999999999911 ) ;
#1113 = DIRECTION ( 'NONE',  ( 0.5000000000000000000, 0.8660254037844385966, 0.000000000000000000 ) ) ;
#1114 = CARTESIAN_POINT ( 'NONE',  ( -10.69999999999999929, 0.000000000000000000, 4.000000000000003553 ) ) ;
#1115 = PERSON_AND_ORGANIZATION ( #491, #725 ) ;
#1116 = DIRECTION ( 'NONE',  ( -0.8660254037844388186, -0.4999999999999996669, 0.000000000000000000 ) ) ;
#1117 = ORIENTED_EDGE ( 'NONE', *, *, #991, .T. ) ;
#1118 = CC_DESIGN_PERSON_AND_ORGANIZATION_ASSIGNMENT ( #455, #1093, ( #374 ) ) ;
#1119 = DIRECTION ( 'NONE',  ( -1.000000000000000000, 0.000000000000000000, 0.000000000000000000 ) ) ;
#1120 = CARTESIAN_POINT ( 'NONE',  ( 6.149999999999999467, 1.645448267190433356, 2.899999999999999911 ) ) ;
#1121 = ORIENTED_EDGE ( 'NONE', *, *, #589, .F. ) ;
#1122 = AXIS2_PLACEMENT_3D ( 'NONE', #689, #493, #239 ) ;
#1123 = DIRECTION ( 'NONE',  ( 0.000000000000000000, 0.000000000000000000, 1.000000000000000000 ) ) ;
#1124 = ORIENTED_EDGE ( 'NONE', *, *, #940, .F. ) ;
#1125 = FACE_OUTER_BOUND ( 'NONE', #1297, .T. ) ;
#1126 = LINE ( 'NONE', #1114, #99 ) ;
#1127 = DIRECTION ( 'NONE',  ( 0.8660254037844388186, 0.4999999999999996114, 0.000000000000000000 ) ) ;
#1128 = ORIENTED_EDGE ( 'NONE', *, *, #1263, .T. ) ;
#1129 = CARTESIAN_POINT ( 'NONE',  ( -6.150000000000000355, 1.645448267190433578, 2.899999999999999911 ) ) ;
#1130 = PLANE ( 'NONE',  #44 ) ;
#1131 = EDGE_CURVE ( 'NONE', #288, #490, #1030, .T. ) ;
#1132 = ORIENTED_EDGE ( 'NONE', *, *, #969, .F. ) ;
#1133 = LINE ( 'NONE', #1247, #888 ) ;
#1134 = CARTESIAN_POINT ( 'NONE',  ( 0.000000000000000000, 0.000000000000000000, 4.000000000000003553 ) ) ;
#1135 = PLANE ( 'NONE',  #793 ) ;
#1136 = DIRECTION ( 'NONE',  ( -0.4999999999999996669, 0.8660254037844388186, 0.000000000000000000 ) ) ;
#1137 = CARTESIAN_POINT ( 'NONE',  ( 0.000000000000000000, -9.000000000000000000, 4.000000000000003553 ) ) ;
#1138 = ADVANCED_FACE ( 'NONE', ( #265 ), #713, .F. ) ;
#1139 = VECTOR ( 'NONE', #1047, 1000.000000000000000 ) ;
#1140 = AXIS2_PLACEMENT_3D ( 'NONE', #512, #1412, #406 ) ;
#1141 = DIRECTION ( 'NONE',  ( -0.4999999999999997224, 0.8660254037844388186, 0.000000000000000000 ) ) ;
#1142 = DIRECTION ( 'NONE',  ( 1.000000000000000000, 0.000000000000000000, 0.000000000000000000 ) ) ;
#1143 = LINE ( 'NONE', #909, #1052 ) ;
#1144 = LINE ( 'NONE', #1338, #1328 ) ;
#1145 = EDGE_CURVE ( 'NONE', #1417, #521, #1373, .T. ) ;
#1146 = AXIS2_PLACEMENT_3D ( 'NONE', #90, #987, #655 ) ;
#1147 = FACE_BOUND ( 'NONE', #754, .T. ) ;
#1148 = FACE_OUTER_BOUND ( 'NONE', #559, .T. ) ;
#1149 = CARTESIAN_POINT ( 'NONE',  ( 9.000000000000000000, 0.000000000000000000, 4.000000000000003553 ) ) ;
#1150 = EDGE_LOOP ( 'NONE', ( #156, #1332 ) ) ;
#1151 = VECTOR ( 'NONE', #1163, 1000.000000000000000 ) ;
#1152 = AXIS2_PLACEMENT_3D ( 'NONE', #1439, #820, #1424 ) ;
#1153 = DIRECTION ( 'NONE',  ( -0.000000000000000000, 1.000000000000000000, 0.000000000000000000 ) ) ;
#1154 = ADVANCED_FACE ( 'NONE', ( #811 ), #798, .T. ) ;
#1155 = ORIENTED_EDGE ( 'NONE', *, *, #535, .F. ) ;
#1156 = DIRECTION ( 'NONE',  ( -1.000000000000000000, 0.000000000000000000, 0.000000000000000000 ) ) ;
#1157 = LINE ( 'NONE', #1036, #1381 ) ;
#1158 = EDGE_LOOP ( 'NONE', ( #537, #1389, #309, #163 ) ) ;
#1159 = VECTOR ( 'NONE', #606, 1000.000000000000114 ) ;
#1160 = VERTEX_POINT ( 'NONE', #679 ) ;
#1161 = VERTEX_POINT ( 'NONE', #1261 ) ;
#1162 = APPROVAL ( #649, 'UNSPECIFIED' ) ;
#1163 = DIRECTION ( 'NONE',  ( -0.000000000000000000, -0.000000000000000000, -1.000000000000000000 ) ) ;
#1164 = PLANE ( 'NONE',  #1446 ) ;
#1165 = CARTESIAN_POINT ( 'NONE',  ( 1.699999999999999956, -9.000000000000000000, 4.000000000000003553 ) ) ;
#1166 = VERTEX_POINT ( 'NONE', #244 ) ;
#1167 = ORIENTED_EDGE ( 'NONE', *, *, #553, .F. ) ;
#1168 = VERTEX_POINT ( 'NONE', #13 ) ;
#1169 = CARTESIAN_POINT ( 'NONE',  ( 11.84999999999999964, -1.645448267190435132, 2.899999999999999911 ) ) ;
#1170 = CARTESIAN_POINT ( 'NONE',  ( 11.85000000000000142, 1.645448267190433356, 0.000000000000000000 ) ) ;
#1171 = CARTESIAN_POINT ( 'NONE',  ( 10.69999999999999929, 2.081899558550500526E-16, 2.899999999999999911 ) ) ;
#1172 = CARTESIAN_POINT ( 'NONE',  ( 9.000000000000000000, 0.000000000000000000, 4.000000000000003553 ) ) ;
#1173 = ORIENTED_EDGE ( 'NONE', *, *, #1363, .F. ) ;
#1174 = EDGE_CURVE ( 'NONE', #1407, #10, #1143, .T. ) ;
#1175 = EDGE_LOOP ( 'NONE', ( #898, #1080, #1281, #1198 ) ) ;
#1176 = VECTOR ( 'NONE', #871, 1000.000000000000000 ) ;
#1177 = FACE_BOUND ( 'NONE', #1442, .T. ) ;
#1178 = CARTESIAN_POINT ( 'NONE',  ( 11.84999999999999964, -1.645448267190435132, 2.899999999999999911 ) ) ;
#1179 = LINE ( 'NONE', #1072, #415 ) ;
#1180 = LINE ( 'NONE', #391, #445 ) ;
#1181 = ORIENTED_EDGE ( 'NONE', *, *, #1356, .T. ) ;
#1182 = EDGE_CURVE ( 'NONE', #1068, #1417, #350, .T. ) ;
#1183 = AXIS2_PLACEMENT_3D ( 'NONE', #1042, #483, #37 ) ;
#1184 = ORIENTED_EDGE ( 'NONE', *, *, #830, .T. ) ;
#1185 = DIRECTION ( 'NONE',  ( -0.4999999999999999445, -0.8660254037844387076, 0.000000000000000000 ) ) ;
#1186 = LINE ( 'NONE', #943, #269 ) ;
#1187 = EDGE_CURVE ( 'NONE', #600, #223, #42, .T. ) ;
#1188 = CARTESIAN_POINT ( 'NONE',  ( -1.645448267190432912, -6.149999999999999467, 2.899999999999999911 ) ) ;
#1189 = ORIENTED_EDGE ( 'NONE', *, *, #1145, .T. ) ;
#1190 = ORIENTED_EDGE ( 'NONE', *, *, #634, .F. ) ;
#1191 = ORIENTED_EDGE ( 'NONE', *, *, #610, .F. ) ;
#1192 = AXIS2_PLACEMENT_3D ( 'NONE', #580, #28, #462 ) ;
#1193 = DIRECTION ( 'NONE',  ( 1.000000000000000000, -2.635639646907297575E-16, 0.000000000000000000 ) ) ;
#1194 = FACE_BOUND ( 'NONE', #317, .T. ) ;
#1195 = LOCAL_TIME ( 18, 12, 53.00000000000000000, #1323 ) ;
#1196 = ADVANCED_FACE ( 'NONE', ( #36 ), #1135, .T. ) ;
#1197 = APPLICATION_PROTOCOL_DEFINITION ( 'international standard', 'config_control_design', 1994, #839 ) ;
#1198 = ORIENTED_EDGE ( 'NONE', *, *, #617, .F. ) ;
#1199 = ORIENTED_EDGE ( 'NONE', *, *, #672, .T. ) ;
#1200 = ORIENTED_EDGE ( 'NONE', *, *, #240, .F. ) ;
#1201 = EDGE_CURVE ( 'NONE', #377, #627, #1453, .T. ) ;
#1202 = DIRECTION ( 'NONE',  ( 0.000000000000000000, -0.000000000000000000, 1.000000000000000000 ) ) ;
#1203 = CARTESIAN_POINT ( 'NONE',  ( 0.000000000000000000, 0.000000000000000000, 4.000000000000003553 ) ) ;
#1204 = AXIS2_PLACEMENT_3D ( 'NONE', #808, #1153, #704 ) ;
#1205 = DIRECTION ( 'NONE',  ( 0.000000000000000000, 0.000000000000000000, 1.000000000000000000 ) ) ;
#1206 = EDGE_LOOP ( 'NONE', ( #913, #1008, #510, #326 ) ) ;
#1207 = ORIENTED_EDGE ( 'NONE', *, *, #1410, .T. ) ;
#1208 = FACE_OUTER_BOUND ( 'NONE', #1206, .T. ) ;
#1209 = DIRECTION ( 'NONE',  ( 0.000000000000000000, 0.000000000000000000, 1.000000000000000000 ) ) ;
#1210 = EDGE_CURVE ( 'NONE', #823, #563, #184, .T. ) ;
#1211 = AXIS2_PLACEMENT_3D ( 'NONE', #1267, #1016, #1371 ) ;
#1212 = CARTESIAN_POINT ( 'NONE',  ( -1.699999999999999956, 0.000000000000000000, 3.000000000000007105 ) ) ;
#1213 = AXIS2_PLACEMENT_3D ( 'NONE', #531, #91, #539 ) ;
#1214 = EDGE_LOOP ( 'NONE', ( #858, #268 ) ) ;
#1215 = ORIENTED_EDGE ( 'NONE', *, *, #1187, .F. ) ;
#1216 = CARTESIAN_POINT ( 'NONE',  ( 1.645448267190434022, -6.150000000000000355, 2.899999999999999911 ) ) ;
#1217 = CARTESIAN_POINT ( 'NONE',  ( -14.00000000000000000, 0.000000000000000000, 0.000000000000000000 ) ) ;
#1218 = DESIGN_CONTEXT ( 'detailed design', #839, 'design' ) ;
#1219 = VECTOR ( 'NONE', #685, 1000.000000000000000 ) ;
#1220 = DIRECTION ( 'NONE',  ( 1.000000000000000000, 0.000000000000000000, 0.000000000000000000 ) ) ;
#1221 = AXIS2_PLACEMENT_3D ( 'NONE', #641, #755, #516 ) ;
#1222 = DATE_AND_TIME ( #324, #187 ) ;
#1223 = ORIENTED_EDGE ( 'NONE', *, *, #876, .T. ) ;
#1224 = EDGE_CURVE ( 'NONE', #1302, #281, #929, .T. ) ;
#1225 = ORIENTED_EDGE ( 'NONE', *, *, #55, .T. ) ;
#1226 = CARTESIAN_POINT ( 'NONE',  ( -3.290896534380867156, -9.000000000000000000, 2.899999999999999911 ) ) ;
#1227 = LINE ( 'NONE', #229, #1368 ) ;
#1228 = PERSON_AND_ORGANIZATION_ROLE ( 'classification_officer' ) ;
#1229 = CIRCLE ( 'NONE', #1152, 1.699999999999999956 ) ;
#1230 = CARTESIAN_POINT ( 'NONE',  ( 3.290896534380867156, 9.000000000000000000, 2.899999999999999911 ) ) ;
#1231 = EDGE_CURVE ( 'NONE', #69, #1100, #1157, .T. ) ;
#1232 = ORIENTED_EDGE ( 'NONE', *, *, #782, .T. ) ;
#1233 = ADVANCED_BREP_SHAPE_REPRESENTATION ( 'ARM-207_MG996R_printed_spline_hub', ( #1017, #141 ), #1457 ) ;
#1234 = DIRECTION ( 'NONE',  ( -1.000000000000000000, 0.000000000000000000, 0.000000000000000000 ) ) ;
#1235 = CARTESIAN_POINT ( 'NONE',  ( 6.150000000000000355, -1.645448267190434022, 0.000000000000000000 ) ) ;
#1236 = ORIENTED_EDGE ( 'NONE', *, *, #872, .T. ) ;
#1237 = CARTESIAN_POINT ( 'NONE',  ( 11.85000000000000142, 1.645448267190433356, 2.899999999999999911 ) ) ;
#1238 = ORIENTED_EDGE ( 'NONE', *, *, #1182, .F. ) ;
#1239 = DIRECTION ( 'NONE',  ( 0.000000000000000000, 0.000000000000000000, -1.000000000000000000 ) ) ;
#1240 = CARTESIAN_POINT ( 'NONE',  ( 10.69999999999999929, 2.081899558550500526E-16, 4.000000000000003553 ) ) ;
#1241 = CARTESIAN_POINT ( 'NONE',  ( 1.645448267190434022, -11.84999999999999964, 2.899999999999999911 ) ) ;
#1242 = ORIENTED_EDGE ( 'NONE', *, *, #104, .F. ) ;
#1243 = CIRCLE ( 'NONE', #371, 1.699999999999999956 ) ;
#1244 = EDGE_CURVE ( 'NONE', #102, #706, #470, .T. ) ;
#1245 = PLANE ( 'NONE',  #622 ) ;
#1246 = ORIENTED_EDGE ( 'NONE', *, *, #253, .F. ) ;
#1247 = CARTESIAN_POINT ( 'NONE',  ( -8.999999999999998224, 3.290896534380867156, 2.899999999999999911 ) ) ;
#1248 = EDGE_CURVE ( 'NONE', #341, #1161, #103, .T. ) ;
#1249 = DIRECTION ( 'NONE',  ( 0.000000000000000000, 0.000000000000000000, 1.000000000000000000 ) ) ;
#1250 = CARTESIAN_POINT ( 'NONE',  ( 6.150000000000000355, -1.645448267190434022, 2.899999999999999911 ) ) ;
#1251 = CARTESIAN_POINT ( 'NONE',  ( -6.150000000000000355, 1.645448267190433578, 0.000000000000000000 ) ) ;
#1252 = LINE ( 'NONE', #721, #1013 ) ;
#1253 = DIRECTION ( 'NONE',  ( 0.8660254037844383745, -0.5000000000000003331, 0.000000000000000000 ) ) ;
#1254 = DIRECTION ( 'NONE',  ( -1.000000000000000000, 0.000000000000000000, 0.000000000000000000 ) ) ;
#1255 = CC_DESIGN_DATE_AND_TIME_ASSIGNMENT ( #893, #550, ( #1382 ) ) ;
#1256 = CARTESIAN_POINT ( 'NONE',  ( -9.000000000000000000, -3.290896534380867156, 2.899999999999999911 ) ) ;
#1257 = FACE_BOUND ( 'NONE', #255, .T. ) ;
#1258 = VECTOR ( 'NONE', #790, 1000.000000000000000 ) ;
#1259 = DIRECTION ( 'NONE',  ( -0.8660254037844388186, -0.4999999999999996669, 0.000000000000000000 ) ) ;
#1260 = PLANE ( 'NONE',  #318 ) ;
#1261 = CARTESIAN_POINT ( 'NONE',  ( 1.699999999999999956, 9.000000000000000000, 2.899999999999999911 ) ) ;
#1262 = ORIENTED_EDGE ( 'NONE', *, *, #1415, .T. ) ;
#1263 = EDGE_CURVE ( 'NONE', #742, #645, #1387, .T. ) ;
#1264 = VECTOR ( 'NONE', #292, 1000.000000000000000 ) ;
#1265 = CARTESIAN_POINT ( 'NONE',  ( -1.699999999999999956, -9.000000000000000000, 2.899999999999999911 ) ) ;
#1266 = EDGE_LOOP ( 'NONE', ( #958, #74, #1225, #528 ) ) ;
#1267 = CARTESIAN_POINT ( 'NONE',  ( 9.000000000000000000, 0.000000000000000000, 2.899999999999999911 ) ) ;
#1268 = LINE ( 'NONE', #488, #925 ) ;
#1269 = LINE ( 'NONE', #260, #807 ) ;
#1270 = EDGE_LOOP ( 'NONE', ( #1124, #1155 ) ) ;
#1271 = AXIS2_PLACEMENT_3D ( 'NONE', #106, #1141, #584 ) ;
#1272 = DIRECTION ( 'NONE',  ( 0.000000000000000000, 0.000000000000000000, 1.000000000000000000 ) ) ;
#1273 = ORIENTED_EDGE ( 'NONE', *, *, #17, .F. ) ;
#1274 = DIRECTION ( 'NONE',  ( 0.000000000000000000, 0.000000000000000000, -1.000000000000000000 ) ) ;
#1275 = LINE ( 'NONE', #579, #1219 ) ;
#1276 = CARTESIAN_POINT ( 'NONE',  ( -3.290896534380867156, 9.000000000000000000, 0.000000000000000000 ) ) ;
#1277 = VERTEX_POINT ( 'NONE', #145 ) ;
#1278 = ADVANCED_FACE ( 'NONE', ( #251 ), #701, .F. ) ;
#1279 = ORIENTED_EDGE ( 'NONE', *, *, #1410, .F. ) ;
#1280 = CIRCLE ( 'NONE', #1211, 1.700000000000000178 ) ;
#1281 = ORIENTED_EDGE ( 'NONE', *, *, #526, .T. ) ;
#1282 = LINE ( 'NONE', #1169, #301 ) ;
#1283 = DIRECTION ( 'NONE',  ( 1.000000000000000000, 0.000000000000000000, -0.000000000000000000 ) ) ;
#1284 = DIRECTION ( 'NONE',  ( 1.000000000000000000, 0.000000000000000000, 0.000000000000000000 ) ) ;
#1285 = ORIENTED_EDGE ( 'NONE', *, *, #62, .T. ) ;
#1286 = CARTESIAN_POINT ( 'NONE',  ( 0.000000000000000000, 0.000000000000000000, 0.000000000000000000 ) ) ;
#1287 = EDGE_CURVE ( 'NONE', #188, #1068, #1268, .T. ) ;
#1288 = EDGE_LOOP ( 'NONE', ( #492, #94, #1376, #418 ) ) ;
#1289 = CIRCLE ( 'NONE', #1146, 1.699999999999999956 ) ;
#1290 = ORIENTED_EDGE ( 'NONE', *, *, #26, .F. ) ;
#1291 = CARTESIAN_POINT ( 'NONE',  ( 1.645448267190434022, -6.150000000000000355, 2.899999999999999911 ) ) ;
#1292 = CARTESIAN_POINT ( 'NONE',  ( 9.000000000000000000, 0.000000000000000000, 2.899999999999999911 ) ) ;
#1293 = EDGE_CURVE ( 'NONE', #645, #867, #258, .T. ) ;
#1294 = CARTESIAN_POINT ( 'NONE',  ( 3.290896534380867156, 9.000000000000000000, 0.000000000000000000 ) ) ;
#1295 = CARTESIAN_POINT ( 'NONE',  ( -6.150000000000000355, -1.645448267190435132, 2.899999999999999911 ) ) ;
#1296 = ORIENTED_EDGE ( 'NONE', *, *, #1443, .T. ) ;
#1297 = EDGE_LOOP ( 'NONE', ( #1000, #774, #170, #1094 ) ) ;
#1298 = CIRCLE ( 'NONE', #30, 1.699999999999999956 ) ;
#1299 = CARTESIAN_POINT ( 'NONE',  ( 9.000000000000000000, 3.290896534380867156, 2.899999999999999911 ) ) ;
#1300 = DIRECTION ( 'NONE',  ( 1.000000000000000000, 0.000000000000000000, 0.000000000000000000 ) ) ;
#1301 = CARTESIAN_POINT ( 'NONE',  ( -11.84999999999999964, -1.645448267190434022, 0.000000000000000000 ) ) ;
#1302 = VERTEX_POINT ( 'NONE', #570 ) ;
#1303 = VECTOR ( 'NONE', #1395, 1000.000000000000000 ) ;
#1304 = ORIENTED_EDGE ( 'NONE', *, *, #801, .T. ) ;
#1305 = ORIENTED_EDGE ( 'NONE', *, *, #1058, .T. ) ;
#1306 = PLANE ( 'NONE',  #1221 ) ;
#1307 = FACE_OUTER_BOUND ( 'NONE', #1319, .T. ) ;
#1308 = CARTESIAN_POINT ( 'NONE',  ( -1.645448267190435132, 6.150000000000000355, 2.899999999999999911 ) ) ;
#1309 = VERTEX_POINT ( 'NONE', #1018 ) ;
#1310 = EDGE_CURVE ( 'NONE', #1014, #288, #716, .T. ) ;
#1311 = EDGE_LOOP ( 'NONE', ( #863, #668, #941, #161 ) ) ;
#1312 = ORIENTED_EDGE ( 'NONE', *, *, #481, .T. ) ;
#1313 = VECTOR ( 'NONE', #729, 1000.000000000000000 ) ;
#1314 = DIRECTION ( 'NONE',  ( 0.000000000000000000, 0.000000000000000000, 1.000000000000000000 ) ) ;
#1315 = CARTESIAN_POINT ( 'NONE',  ( -9.000000000000000000, 0.000000000000000000, 4.000000000000003553 ) ) ;
#1316 = CARTESIAN_POINT ( 'NONE',  ( -8.999999999999998224, 3.290896534380867156, 2.899999999999999911 ) ) ;
#1317 = VERTEX_POINT ( 'NONE', #503 ) ;
#1318 = EDGE_CURVE ( 'NONE', #1355, #1309, #621, .T. ) ;
#1319 = EDGE_LOOP ( 'NONE', ( #1279, #205, #82, #1409 ) ) ;
#1320 = CARTESIAN_POINT ( 'NONE',  ( 0.000000000000000000, 0.000000000000000000, 2.899999999999999911 ) ) ;
#1321 = DIRECTION ( 'NONE',  ( 1.000000000000000000, 0.000000000000000000, 0.000000000000000000 ) ) ;
#1322 = DIRECTION ( 'NONE',  ( 0.8660254037844385966, -0.5000000000000000000, 0.000000000000000000 ) ) ;
#1323 = COORDINATED_UNIVERSAL_TIME_OFFSET ( 6, 0, .BEHIND. ) ;
#1324 = ORIENTED_EDGE ( 'NONE', *, *, #419, .F. ) ;
#1325 = EDGE_LOOP ( 'NONE', ( #175, #225, #780, #1344 ) ) ;
#1326 = CARTESIAN_POINT ( 'NONE',  ( 0.000000000000000000, 0.000000000000000000, 0.000000000000000000 ) ) ;
#1327 = DIRECTION ( 'NONE',  ( 0.000000000000000000, 0.000000000000000000, 1.000000000000000000 ) ) ;
#1328 = VECTOR ( 'NONE', #910, 1000.000000000000000 ) ;
#1329 = AXIS2_PLACEMENT_3D ( 'NONE', #825, #803, #1035 ) ;
#1330 = DIRECTION ( 'NONE',  ( 1.000000000000000000, 0.000000000000000000, 0.000000000000000000 ) ) ;
#1331 = VECTOR ( 'NONE', #1420, 1000.000000000000000 ) ;
#1332 = ORIENTED_EDGE ( 'NONE', *, *, #1111, .F. ) ;
#1333 = EDGE_CURVE ( 'NONE', #1339, #303, #1065, .T. ) ;
#1334 = CARTESIAN_POINT ( 'NONE',  ( 1.699999999999999956, 2.081899558550500280E-16, 3.000000000000007105 ) ) ;
#1335 = DIRECTION ( 'NONE',  ( -2.635639646907296589E-16, 1.000000000000000000, 0.000000000000000000 ) ) ;
#1336 = EDGE_CURVE ( 'NONE', #1309, #435, #845, .T. ) ;
#1337 = EDGE_LOOP ( 'NONE', ( #186, #1388, #48, #436 ) ) ;
#1338 = CARTESIAN_POINT ( 'NONE',  ( 1.645448267190434022, -6.150000000000000355, 0.000000000000000000 ) ) ;
#1339 = VERTEX_POINT ( 'NONE', #1294 ) ;
#1340 = LINE ( 'NONE', #775, #327 ) ;
#1341 = DIRECTION ( 'NONE',  ( 1.000000000000000000, 2.635639646907296589E-16, 0.000000000000000000 ) ) ;
#1342 = VECTOR ( 'NONE', #960, 1000.000000000000000 ) ;
#1343 = SHAPE_DEFINITION_REPRESENTATION ( #536, #1233 ) ;
#1344 = ORIENTED_EDGE ( 'NONE', *, *, #142, .T. ) ;
#1345 = DIRECTION ( 'NONE',  ( -1.000000000000000000, 0.000000000000000000, 0.000000000000000000 ) ) ;
#1346 = ORIENTED_EDGE ( 'NONE', *, *, #1380, .F. ) ;
#1347 = VECTOR ( 'NONE', #749, 1000.000000000000000 ) ;
#1348 = DIRECTION ( 'NONE',  ( 2.635639646907296589E-16, -1.000000000000000000, 0.000000000000000000 ) ) ;
#1349 = EDGE_CURVE ( 'NONE', #566, #1086, #1112, .T. ) ;
#1350 = CARTESIAN_POINT ( 'NONE',  ( 1.645448267190432690, 11.85000000000000142, 0.000000000000000000 ) ) ;
#1351 = COORDINATED_UNIVERSAL_TIME_OFFSET ( 6, 0, .BEHIND. ) ;
#1352 = ORIENTED_EDGE ( 'NONE', *, *, #1380, .T. ) ;
#1353 = AXIS2_PLACEMENT_3D ( 'NONE', #1315, #747, #1300 ) ;
#1354 = CARTESIAN_POINT ( 'NONE',  ( 9.000000000000000000, 0.000000000000000000, 4.000000000000003553 ) ) ;
#1355 = VERTEX_POINT ( 'NONE', #835 ) ;
#1356 = EDGE_CURVE ( 'NONE', #118, #69, #1056, .T. ) ;
#1357 = PLANE ( 'NONE',  #897 ) ;
#1358 = DIRECTION ( 'NONE',  ( -0.4999999999999997224, 0.8660254037844388186, 0.000000000000000000 ) ) ;
#1359 = DIRECTION ( 'NONE',  ( 0.000000000000000000, 0.000000000000000000, -1.000000000000000000 ) ) ;
#1360 = CARTESIAN_POINT ( 'NONE',  ( 6.149999999999999467, 1.645448267190433356, 2.899999999999999911 ) ) ;
#1361 = DIRECTION ( 'NONE',  ( -0.5000000000000000000, 0.8660254037844385966, 0.000000000000000000 ) ) ;
#1362 = ORIENTED_EDGE ( 'NONE', *, *, #813, .F. ) ;
#1363 = EDGE_CURVE ( 'NONE', #302, #1160, #666, .T. ) ;
#1364 = LINE ( 'NONE', #11, #1390 ) ;
#1365 = DIRECTION ( 'NONE',  ( 0.000000000000000000, 0.000000000000000000, -1.000000000000000000 ) ) ;
#1366 = CARTESIAN_POINT ( 'NONE',  ( 9.000000000000000000, -3.290896534380867156, 0.000000000000000000 ) ) ;
#1367 = DIRECTION ( 'NONE',  ( 0.000000000000000000, -1.000000000000000000, -0.000000000000000000 ) ) ;
#1368 = VECTOR ( 'NONE', #222, 1000.000000000000000 ) ;
#1369 = DIRECTION ( 'NONE',  ( 0.000000000000000000, 0.000000000000000000, 1.000000000000000000 ) ) ;
#1370 = VECTOR ( 'NONE', #827, 1000.000000000000000 ) ;
#1371 = DIRECTION ( 'NONE',  ( 1.000000000000000000, 0.000000000000000000, 0.000000000000000000 ) ) ;
#1372 = EDGE_CURVE ( 'NONE', #828, #188, #1179, .T. ) ;
#1373 = LINE ( 'NONE', #365, #674 ) ;
#1374 = VERTEX_POINT ( 'NONE', #1165 ) ;
#1375 = CARTESIAN_POINT ( 'NONE',  ( -8.999999999999998224, 3.290896534380867156, 0.000000000000000000 ) ) ;
#1376 = ORIENTED_EDGE ( 'NONE', *, *, #1287, .T. ) ;
#1377 = CARTESIAN_POINT ( 'NONE',  ( 1.699999999999999956, 9.000000000000000000, 4.000000000000003553 ) ) ;
#1378 = DIRECTION ( 'NONE',  ( 1.000000000000000000, 0.000000000000000000, 0.000000000000000000 ) ) ;
#1379 = FACE_OUTER_BOUND ( 'NONE', #1270, .T. ) ;
#1380 = EDGE_CURVE ( 'NONE', #479, #179, #160, .T. ) ;
#1381 = VECTOR ( 'NONE', #475, 1000.000000000000227 ) ;
#1382 = SECURITY_CLASSIFICATION ( '', '', #448 ) ;
#1383 = DIRECTION ( 'NONE',  ( -1.000000000000000000, 0.000000000000000000, 0.000000000000000000 ) ) ;
#1384 = ORIENTED_EDGE ( 'NONE', *, *, #1033, .T. ) ;
#1385 = DIRECTION ( 'NONE',  ( 0.4999999999999998890, 0.8660254037844387076, 0.000000000000000000 ) ) ;
#1386 = DIRECTION ( 'NONE',  ( 0.000000000000000000, 0.000000000000000000, 1.000000000000000000 ) ) ;
#1387 = LINE ( 'NONE', #923, #549 ) ;
#1388 = ORIENTED_EDGE ( 'NONE', *, *, #240, .T. ) ;
#1389 = ORIENTED_EDGE ( 'NONE', *, *, #142, .F. ) ;
#1390 = VECTOR ( 'NONE', #111, 1000.000000000000000 ) ;
#1391 = VERTEX_POINT ( 'NONE', #1171 ) ;
#1392 = FACE_OUTER_BOUND ( 'NONE', #1214, .T. ) ;
#1393 = DIRECTION ( 'NONE',  ( -1.000000000000000000, 5.271279293814592193E-16, 0.000000000000000000 ) ) ;
#1394 = ADVANCED_FACE ( 'NONE', ( #166 ), #614, .T. ) ;
#1395 = DIRECTION ( 'NONE',  ( 0.000000000000000000, 0.000000000000000000, -1.000000000000000000 ) ) ;
#1396 = ORIENTED_EDGE ( 'NONE', *, *, #830, .F. ) ;
#1397 = DIRECTION ( 'NONE',  ( 1.000000000000000000, 0.000000000000000000, 0.000000000000000000 ) ) ;
#1398 = VERTEX_POINT ( 'NONE', #637 ) ;
#1399 = CIRCLE ( 'NONE', #316, 1.700000000000000178 ) ;
#1400 = VECTOR ( 'NONE', #363, 1000.000000000000227 ) ;
#1401 = CIRCLE ( 'NONE', #437, 14.00000000000000000 ) ;
#1402 = EDGE_CURVE ( 'NONE', #772, #1166, #784, .T. ) ;
#1403 = VERTEX_POINT ( 'NONE', #1316 ) ;
#1404 = LINE ( 'NONE', #405, #518 ) ;
#1405 = LINE ( 'NONE', #1170, #132 ) ;
#1406 = CARTESIAN_POINT ( 'NONE',  ( -3.290896534380867156, -9.000000000000000000, 2.899999999999999911 ) ) ;
#1407 = VERTEX_POINT ( 'NONE', #1188 ) ;
#1408 = AXIS2_PLACEMENT_3D ( 'NONE', #420, #97, #966 ) ;
#1409 = ORIENTED_EDGE ( 'NONE', *, *, #294, .T. ) ;
#1410 = EDGE_CURVE ( 'NONE', #1066, #1427, #946, .T. ) ;
#1411 = FACE_BOUND ( 'NONE', #219, .T. ) ;
#1412 = DIRECTION ( 'NONE',  ( 0.4999999999999997224, -0.8660254037844388186, 0.000000000000000000 ) ) ;
#1413 = CARTESIAN_POINT ( 'NONE',  ( 9.000000000000000000, -3.290896534380867156, 2.899999999999999911 ) ) ;
#1414 = ORIENTED_EDGE ( 'NONE', *, *, #1454, .T. ) ;
#1415 = EDGE_CURVE ( 'NONE', #1427, #1417, #1426, .T. ) ;
#1416 = AXIS2_PLACEMENT_3D ( 'NONE', #691, #669, #1119 ) ;
#1417 = VERTEX_POINT ( 'NONE', #1073 ) ;
#1418 = AXIS2_PLACEMENT_3D ( 'NONE', #648, #995, #761 ) ;
#1419 = DIRECTION ( 'NONE',  ( -2.635639646907297575E-16, -1.000000000000000000, 0.000000000000000000 ) ) ;
#1420 = DIRECTION ( 'NONE',  ( 5.271279293814592193E-16, 1.000000000000000000, 0.000000000000000000 ) ) ;
#1421 = EDGE_CURVE ( 'NONE', #600, #102, #399, .T. ) ;
#1422 = ORIENTED_EDGE ( 'NONE', *, *, #88, .F. ) ;
#1423 = VERTEX_POINT ( 'NONE', #1308 ) ;
#1424 = DIRECTION ( 'NONE',  ( 1.000000000000000000, 0.000000000000000000, 0.000000000000000000 ) ) ;
#1425 = DIRECTION ( 'NONE',  ( 0.000000000000000000, 0.000000000000000000, -1.000000000000000000 ) ) ;
#1426 = LINE ( 'NONE', #81, #1347 ) ;
#1427 = VERTEX_POINT ( 'NONE', #1301 ) ;
#1428 = CC_DESIGN_PERSON_AND_ORGANIZATION_ASSIGNMENT ( #1115, #1228, ( #1382 ) ) ;
#1429 = VERTEX_POINT ( 'NONE', #182 ) ;
#1430 = VECTOR ( 'NONE', #500, 1000.000000000000000 ) ;
#1431 = CARTESIAN_POINT ( 'NONE',  ( -1.645448267190432912, 11.85000000000000142, 0.000000000000000000 ) ) ;
#1432 = DIRECTION ( 'NONE',  ( -1.000000000000000000, 0.000000000000000000, 0.000000000000000000 ) ) ;
#1433 = CARTESIAN_POINT ( 'NONE',  ( -6.150000000000000355, -1.645448267190435132, 0.000000000000000000 ) ) ;
#1434 = DATE_AND_TIME ( #212, #1195 ) ;
#1435 = ORIENTED_EDGE ( 'NONE', *, *, #889, .F. ) ;
#1436 = EDGE_LOOP ( 'NONE', ( #683, #308, #345, #67 ) ) ;
#1437 = CARTESIAN_POINT ( 'NONE',  ( 10.69999999999999929, 2.081899558550500526E-16, 4.000000000000003553 ) ) ;
#1438 = FACE_BOUND ( 'NONE', #886, .T. ) ;
#1439 = CARTESIAN_POINT ( 'NONE',  ( 0.000000000000000000, 0.000000000000000000, 3.000000000000007105 ) ) ;
#1440 = EDGE_CURVE ( 'NONE', #828, #1066, #1180, .T. ) ;
#1441 = EDGE_LOOP ( 'NONE', ( #1074, #1450, #1352, #1232, #1236, #571 ) ) ;
#1442 = EDGE_LOOP ( 'NONE', ( #855, #126 ) ) ;
#1443 = EDGE_CURVE ( 'NONE', #1166, #150, #837, .T. ) ;
#1444 = DIRECTION ( 'NONE',  ( 0.000000000000000000, 0.000000000000000000, -1.000000000000000000 ) ) ;
#1445 = DIRECTION ( 'NONE',  ( 0.000000000000000000, 0.000000000000000000, -1.000000000000000000 ) ) ;
#1446 = AXIS2_PLACEMENT_3D ( 'NONE', #517, #181, #1283 ) ;
#1447 = COORDINATED_UNIVERSAL_TIME_OFFSET ( 6, 0, .BEHIND. ) ;
#1448 = ORIENTED_EDGE ( 'NONE', *, *, #47, .T. ) ;
#1449 = DIRECTION ( 'NONE',  ( 1.000000000000000000, 0.000000000000000000, -0.000000000000000000 ) ) ;
#1450 = ORIENTED_EDGE ( 'NONE', *, *, #697, .T. ) ;
#1451 = DIRECTION ( 'NONE',  ( 0.000000000000000000, 0.000000000000000000, -1.000000000000000000 ) ) ;
#1452 = UNCERTAINTY_MEASURE_WITH_UNIT (LENGTH_MEASURE( 1.000000000000000082E-05 ), #168, 'distance_accuracy_value', 'NONE');
#1453 = CIRCLE ( 'NONE', #814, 1.699999999999999956 ) ;
#1454 = EDGE_CURVE ( 'NONE', #607, #521, #527, .T. ) ;
#1455 = LINE ( 'NONE', #1240, #215 ) ;
#1456 = COORDINATED_UNIVERSAL_TIME_OFFSET ( 6, 0, .BEHIND. ) ;
#1457 =( GEOMETRIC_REPRESENTATION_CONTEXT ( 3 ) GLOBAL_UNCERTAINTY_ASSIGNED_CONTEXT ( ( #1452 ) ) GLOBAL_UNIT_ASSIGNED_CONTEXT ( ( #168, #416, #73 ) ) REPRESENTATION_CONTEXT ( 'NONE', 'WORKASPACE' ) );
ENDSEC;
END-ISO-10303-21;
