ISO-10303-21;
HEADER;
FILE_DESCRIPTION (( 'STEP AP203' ),
    '1' );
FILE_NAME ('ARM-203_Bolted_shoulder_upright.step',
    '2026-09-28T23:13:51',
    ( '' ),
    ( '' ),
    'SwSTEP 2.0',
    'SolidWorks 2026',
    '' );
FILE_SCHEMA (( 'CONFIG_CONTROL_DESIGN' ));
ENDSEC;

DATA;
#1 = CIRCLE ( 'NONE', #1818, 1.700000000000000178 ) ;
#2 = VERTEX_POINT ( 'NONE', #44 ) ;
#3 = DIRECTION ( 'NONE',  ( 0.000000000000000000, 0.000000000000000000, -1.000000000000000000 ) ) ;
#4 = EDGE_LOOP ( 'NONE', ( #1222, #1609, #1305, #195 ) ) ;
#5 = CARTESIAN_POINT ( 'NONE',  ( 43.84683786407268258, 77.00000000003515765, 3.763297399235751683 ) ) ;
#6 = CYLINDRICAL_SURFACE ( 'NONE', #650, 1.700000000000000178 ) ;
#7 = ADVANCED_FACE ( 'NONE', ( #645 ), #508, .F. ) ;
#8 = CARTESIAN_POINT ( 'NONE',  ( -16.00000000000000000, 83.00000000000000000, -8.000000000000000000 ) ) ;
#9 = EDGE_LOOP ( 'NONE', ( #1284, #277, #1123, #1485 ) ) ;
#10 = CARTESIAN_POINT ( 'NONE',  ( -15.85000000000000320, 117.0000000000000000, 0.000000000000000000 ) ) ;
#11 = CARTESIAN_POINT ( 'NONE',  ( 43.00000000000000000, 79.05341984226707552, 4.153249922282197915 ) ) ;
#12 = LINE ( 'NONE', #1202, #836 ) ;
#13 = ADVANCED_FACE ( 'NONE', ( #668 ), #203, .T. ) ;
#14 = EDGE_LOOP ( 'NONE', ( #815, #1500, #560, #295 ) ) ;
#15 = CARTESIAN_POINT ( 'NONE',  ( -43.01361191011982754, 78.91166614634946086, -0.1994056858331368087 ) ) ;
#16 = EDGE_LOOP ( 'NONE', ( #1091, #1910, #678, #1457, #903 ) ) ;
#17 = CARTESIAN_POINT ( 'NONE',  ( 32.00000000000000000, 144.0000000000000000, 8.000000000000000000 ) ) ;
#18 = CARTESIAN_POINT ( 'NONE',  ( 30.84900000000000020, 132.5000000000000000, 12.00000000000000000 ) ) ;
#19 = DIRECTION ( 'NONE',  ( 0.000000000000000000, 0.000000000000000000, -1.000000000000000000 ) ) ;
#20 = EDGE_LOOP ( 'NONE', ( #386, #1836 ) ) ;
#21 = DIRECTION ( 'NONE',  ( 0.000000000000000000, 0.000000000000000000, -1.000000000000000000 ) ) ;
#22 = CC_DESIGN_DATE_AND_TIME_ASSIGNMENT ( #489, #1089, ( #1795 ) ) ;
#23 = EDGE_LOOP ( 'NONE', ( #1272, #740, #355, #1187, #458 ) ) ;
#24 = CIRCLE ( 'NONE', #597, 1.599999999999997202 ) ;
#25 = CARTESIAN_POINT ( 'NONE',  ( 30.84900000000000020, 0.000000000000000000, -0.000000000000000000 ) ) ;
#26 = EDGE_CURVE ( 'NONE', #141, #67, #250, .T. ) ;
#27 = VECTOR ( 'NONE', #1917, 1000.000000000000114 ) ;
#28 = CC_DESIGN_APPROVAL ( #1100, ( #656 ) ) ;
#29 = DIRECTION ( 'NONE',  ( -1.000000000000000000, 0.000000000000000000, 0.000000000000000000 ) ) ;
#30 = CARTESIAN_POINT ( 'NONE',  ( 0.000000000000000000, 111.5000000000000000, 0.000000000000000000 ) ) ;
#31 = CARTESIAN_POINT ( 'NONE',  ( -15.85000000000000320, 127.0000000000000000, 11.99999999999999645 ) ) ;
#32 = FACE_OUTER_BOUND ( 'NONE', #1635, .T. ) ;
#33 = EDGE_LOOP ( 'NONE', ( #912, #1501 ) ) ;
#34 = EDGE_CURVE ( 'NONE', #1177, #1075, #927, .T. ) ;
#35 = EDGE_LOOP ( 'NONE', ( #167, #526, #1342, #1740 ) ) ;
#36 = DIRECTION ( 'NONE',  ( 0.000000000000000000, 1.000000000000000000, 0.000000000000000000 ) ) ;
#37 = VECTOR ( 'NONE', #672, 1000.000000000000000 ) ;
#38 = DIRECTION ( 'NONE',  ( -1.000000000000000000, 0.000000000000000000, 0.000000000000000000 ) ) ;
#39 = DIRECTION ( 'NONE',  ( 0.000000000000000000, -1.000000000000000000, 0.000000000000000000 ) ) ;
#40 = VERTEX_POINT ( 'NONE', #351 ) ;
#41 = APPROVAL_STATUS ( 'not_yet_approved' ) ;
#42 = VERTEX_POINT ( 'NONE', #1246 ) ;
#43 = DIRECTION ( 'NONE',  ( 0.000000000000000000, 0.000000000000000000, -1.000000000000000000 ) ) ;
#44 = CARTESIAN_POINT ( 'NONE',  ( -16.00000000000000000, 108.0000000000000000, -4.999999999999997335 ) ) ;
#45 = FACE_OUTER_BOUND ( 'NONE', #1207, .T. ) ;
#46 = DIRECTION ( 'NONE',  ( 0.000000000000000000, 0.000000000000000000, -1.000000000000000000 ) ) ;
#47 = VERTEX_POINT ( 'NONE', #360 ) ;
#48 = PERSON_AND_ORGANIZATION ( #425, #718 ) ;
#49 = ORIENTED_EDGE ( 'NONE', *, *, #938, .F. ) ;
#50 = CARTESIAN_POINT ( 'NONE',  ( 0.000000000000000000, 111.5000000000000000, 4.000000000000000000 ) ) ;
#51 = AXIS2_PLACEMENT_3D ( 'NONE', #1508, #1051, #631 ) ;
#52 = AXIS2_PLACEMENT_3D ( 'NONE', #1300, #1590, #1451 ) ;
#53 = AXIS2_PLACEMENT_3D ( 'NONE', #55, #1381, #29 ) ;
#54 = AXIS2_PLACEMENT_3D ( 'NONE', #1548, #202, #1717 ) ;
#55 = CARTESIAN_POINT ( 'NONE',  ( -36.00000000000000000, 140.0000000000000000, 4.000000000000003553 ) ) ;
#56 = ORIENTED_EDGE ( 'NONE', *, *, #1321, .T. ) ;
#57 = CARTESIAN_POINT ( 'NONE',  ( 40.00000000000000000, 0.000000000000000000, 4.000000000000000000 ) ) ;
#58 = CC_DESIGN_SECURITY_CLASSIFICATION ( #94, ( #656 ) ) ;
#59 = LINE ( 'NONE', #661, #1623 ) ;
#60 = DIRECTION ( 'NONE',  ( 0.000000000000000000, 0.000000000000000000, -1.000000000000000000 ) ) ;
#61 = EDGE_CURVE ( 'NONE', #1856, #757, #369, .T. ) ;
#62 = DIRECTION ( 'NONE',  ( 0.000000000000000000, -1.000000000000000000, 0.000000000000000000 ) ) ;
#63 = PERSON_AND_ORGANIZATION ( #425, #718 ) ;
#64 = ORIENTED_EDGE ( 'NONE', *, *, #527, .F. ) ;
#65 = CARTESIAN_POINT ( 'NONE',  ( 0.000000000000000000, 77.00000000000000000, 0.000000000000000000 ) ) ;
#66 = CARTESIAN_POINT ( 'NONE',  ( -40.00000000000000000, 77.00000000000000000, 7.000000000000000000 ) ) ;
#67 = VERTEX_POINT ( 'NONE', #952 ) ;
#68 = ORIENTED_EDGE ( 'NONE', *, *, #897, .T. ) ;
#69 = DIRECTION ( 'NONE',  ( 0.000000000000000000, -1.000000000000000000, 0.000000000000000000 ) ) ;
#70 = CARTESIAN_POINT ( 'NONE',  ( -43.00000000000000711, 79.12109366759436568, 3.446672346143610177 ) ) ;
#71 = DIRECTION ( 'NONE',  ( 0.000000000000000000, 0.000000000000000000, -1.000000000000000000 ) ) ;
#72 = CARTESIAN_POINT ( 'NONE',  ( -40.00000000000000000, 77.00000000000000000, 12.00000000000000000 ) ) ;
#73 = COORDINATED_UNIVERSAL_TIME_OFFSET ( 6, 0, .BEHIND. ) ;
#74 = EDGE_CURVE ( 'NONE', #416, #646, #191, .T. ) ;
#75 = ORIENTED_EDGE ( 'NONE', *, *, #207, .F. ) ;
#76 = LINE ( 'NONE', #1843, #1502 ) ;
#77 = CARTESIAN_POINT ( 'NONE',  ( -43.28258614047842201, 77.66122464416072546, 5.114809322218181187 ) ) ;
#78 = EDGE_CURVE ( 'NONE', #858, #945, #1551, .T. ) ;
#79 = FACE_OUTER_BOUND ( 'NONE', #1606, .T. ) ;
#80 = CARTESIAN_POINT ( 'NONE',  ( 43.00000000000000000, 80.00000000000000000, 0.000000000000000000 ) ) ;
#81 = VECTOR ( 'NONE', #854, 1000.000000000000000 ) ;
#82 = LINE ( 'NONE', #72, #37 ) ;
#83 = ORIENTED_EDGE ( 'NONE', *, *, #527, .T. ) ;
#84 = EDGE_CURVE ( 'NONE', #637, #755, #89, .T. ) ;
#85 = DIRECTION ( 'NONE',  ( 0.000000000000000000, -1.000000000000000000, 0.000000000000000000 ) ) ;
#86 = CARTESIAN_POINT ( 'NONE',  ( 34.14999999999999858, 127.0000000000000000, 11.99999999999999645 ) ) ;
#87 = ORIENTED_EDGE ( 'NONE', *, *, #1201, .T. ) ;
#88 = ADVANCED_FACE ( 'NONE', ( #1256 ), #1837, .F. ) ;
#89 = CIRCLE ( 'NONE', #1002, 1.700000000000000178 ) ;
#90 = AXIS2_PLACEMENT_3D ( 'NONE', #1650, #312, #1218 ) ;
#91 = DIRECTION ( 'NONE',  ( -1.000000000000000000, 0.000000000000000000, 0.000000000000000000 ) ) ;
#92 = VECTOR ( 'NONE', #979, 1000.000000000000000 ) ;
#93 = CARTESIAN_POINT ( 'NONE',  ( 40.00000000000000000, 77.00000000000000000, 12.00000000000000000 ) ) ;
#94 = SECURITY_CLASSIFICATION ( '', '', #1427 ) ;
#95 = DIRECTION ( 'NONE',  ( 0.000000000000000000, 1.000000000000000000, 0.000000000000000000 ) ) ;
#96 = VERTEX_POINT ( 'NONE', #205 ) ;
#97 = ORIENTED_EDGE ( 'NONE', *, *, #625, .T. ) ;
#98 = DIRECTION ( 'NONE',  ( -0.000000000000000000, -0.000000000000000000, 1.000000000000000000 ) ) ;
#99 = CYLINDRICAL_SURFACE ( 'NONE', #1384, 1.700000000000000178 ) ;
#100 = ORIENTED_EDGE ( 'NONE', *, *, #1830, .T. ) ;
#101 = CARTESIAN_POINT ( 'NONE',  ( -36.00000000000000000, 140.0000000000000000, 4.000000000000003553 ) ) ;
#102 = DIRECTION ( 'NONE',  ( -0.000000000000000000, 1.000000000000000000, -0.000000000000000000 ) ) ;
#103 = ADVANCED_FACE ( 'NONE', ( #1848 ), #196, .T. ) ;
#104 = CIRCLE ( 'NONE', #1857, 1.599999999999997202 ) ;
#105 = DIRECTION ( 'NONE',  ( 0.000000000000000000, -1.000000000000000000, 0.000000000000000000 ) ) ;
#106 = CARTESIAN_POINT ( 'NONE',  ( 43.00000000000000000, 79.05341984226707552, 4.153249922282197915 ) ) ;
#107 = LINE ( 'NONE', #1927, #1090 ) ;
#108 = EDGE_LOOP ( 'NONE', ( #238, #1782, #1788, #118 ) ) ;
#109 = ORIENTED_EDGE ( 'NONE', *, *, #786, .F. ) ;
#110 = CARTESIAN_POINT ( 'NONE',  ( 0.000000000000000000, 83.00000000000000000, 0.000000000000000000 ) ) ;
#111 = VECTOR ( 'NONE', #1426, 1000.000000000000000 ) ;
#112 = CARTESIAN_POINT ( 'NONE',  ( 40.00000000000000000, 77.00000000000000000, 12.00000000000000000 ) ) ;
#113 = CARTESIAN_POINT ( 'NONE',  ( -43.00000000000001421, 77.88289012956933277, 2.967959463081366600 ) ) ;
#114 = CARTESIAN_POINT ( 'NONE',  ( 43.00000000000000711, 79.07015718162324447, -0.1425896059262697912 ) ) ;
#115 = EDGE_CURVE ( 'NONE', #169, #805, #1403, .T. ) ;
#116 = CARTESIAN_POINT ( 'NONE',  ( 0.000000000000000000, 83.00000000000000000, 0.000000000000000000 ) ) ;
#117 = EDGE_CURVE ( 'NONE', #994, #96, #809, .T. ) ;
#118 = ORIENTED_EDGE ( 'NONE', *, *, #841, .T. ) ;
#119 = DIRECTION ( 'NONE',  ( 0.000000000000000000, -1.000000000000000000, 0.000000000000000000 ) ) ;
#120 = CARTESIAN_POINT ( 'NONE',  ( 43.00000000000000000, 80.00000000000000000, 4.000000000000000000 ) ) ;
#121 = ORIENTED_EDGE ( 'NONE', *, *, #1645, .F. ) ;
#122 = VECTOR ( 'NONE', #955, 1000.000000000000000 ) ;
#123 = CARTESIAN_POINT ( 'NONE',  ( -14.15000000000000036, 127.0000000000000000, 4.000000000000000000 ) ) ;
#124 = CARTESIAN_POINT ( 'NONE',  ( 43.90910543240025987, 77.00000000000000000, -2.831765385699593018 ) ) ;
#125 = CIRCLE ( 'NONE', #1352, 1.700000000000000178 ) ;
#126 = AXIS2_PLACEMENT_3D ( 'NONE', #890, #1633, #578 ) ;
#127 = VECTOR ( 'NONE', #1608, 1000.000000000000000 ) ;
#128 = DIRECTION ( 'NONE',  ( -0.000000000000000000, 1.000000000000000000, -0.000000000000000000 ) ) ;
#129 = VECTOR ( 'NONE', #43, 1000.000000000000000 ) ;
#130 = EDGE_CURVE ( 'NONE', #1126, #1496, #218, .T. ) ;
#131 = ORIENTED_EDGE ( 'NONE', *, *, #297, .F. ) ;
#132 = CARTESIAN_POINT ( 'NONE',  ( 0.000000000000000000, 80.00000000000000000, 7.000000000000000000 ) ) ;
#133 = LINE ( 'NONE', #1007, #1627 ) ;
#134 = ORIENTED_EDGE ( 'NONE', *, *, #367, .T. ) ;
#135 = DIRECTION ( 'NONE',  ( 0.000000000000000000, 0.000000000000000000, -1.000000000000000000 ) ) ;
#136 = CARTESIAN_POINT ( 'NONE',  ( 32.00000000000000000, 77.00000000000000000, -8.000000000000000000 ) ) ;
#137 = CYLINDRICAL_SURFACE ( 'NONE', #281, 1.700000000000000178 ) ;
#138 = FACE_BOUND ( 'NONE', #1885, .T. ) ;
#139 = DIRECTION ( 'NONE',  ( 1.000000000000000000, -0.000000000000000000, 0.000000000000000000 ) ) ;
#140 = CYLINDRICAL_SURFACE ( 'NONE', #1844, 1.700000000000000178 ) ;
#141 = VERTEX_POINT ( 'NONE', #1694 ) ;
#142 = DIRECTION ( 'NONE',  ( 0.000000000000000000, 0.000000000000000000, -1.000000000000000000 ) ) ;
#143 = DIRECTION ( 'NONE',  ( -1.000000000000000000, 0.000000000000000000, 0.000000000000000000 ) ) ;
#144 = EDGE_CURVE ( 'NONE', #1418, #515, #1866, .T. ) ;
#145 = ORIENTED_EDGE ( 'NONE', *, *, #283, .F. ) ;
#146 = DIRECTION ( 'NONE',  ( -0.000000000000000000, -0.000000000000000000, 1.000000000000000000 ) ) ;
#147 = CARTESIAN_POINT ( 'NONE',  ( 32.00000000000000000, 83.00000000000000000, 9.700000000000001066 ) ) ;
#148 = LINE ( 'NONE', #1192, #27 ) ;
#149 = ORIENTED_EDGE ( 'NONE', *, *, #1415, .F. ) ;
#150 = DIRECTION ( 'NONE',  ( 0.000000000000000000, 1.000000000000000000, 0.000000000000000000 ) ) ;
#151 = ORIENTED_EDGE ( 'NONE', *, *, #639, .F. ) ;
#152 = FACE_OUTER_BOUND ( 'NONE', #1400, .T. ) ;
#153 = EDGE_CURVE ( 'NONE', #217, #47, #1533, .T. ) ;
#154 = CARTESIAN_POINT ( 'NONE',  ( -40.00000000000000000, 83.00000000000000000, 12.00000000000000000 ) ) ;
#155 = DESIGN_CONTEXT ( 'detailed design', #1783, 'design' ) ;
#156 = AXIS2_PLACEMENT_3D ( 'NONE', #332, #932, #1416 ) ;
#157 = AXIS2_PLACEMENT_3D ( 'NONE', #1316, #1289, #1875 ) ;
#158 = FACE_BOUND ( 'NONE', #33, .T. ) ;
#159 = VECTOR ( 'NONE', #509, 1000.000000000000114 ) ;
#160 = CIRCLE ( 'NONE', #745, 1.700000000000000178 ) ;
#161 = CARTESIAN_POINT ( 'NONE',  ( -43.40247097805210785, 77.72023239113795512, -1.043511452663988592 ) ) ;
#162 = VERTEX_POINT ( 'NONE', #669 ) ;
#163 = DIRECTION ( 'NONE',  ( -1.000000000000000000, 0.000000000000000000, 0.000000000000000000 ) ) ;
#164 = CARTESIAN_POINT ( 'NONE',  ( 43.00000000000000000, 79.24255579984402686, 0.3694158282961336193 ) ) ;
#165 = ADVANCED_FACE ( 'NONE', ( #528 ), #788, .F. ) ;
#166 = DIRECTION ( 'NONE',  ( 0.000000000000000000, 0.000000000000000000, -1.000000000000000000 ) ) ;
#167 = ORIENTED_EDGE ( 'NONE', *, *, #1261, .T. ) ;
#168 = CARTESIAN_POINT ( 'NONE',  ( -43.23411949485027606, 78.06242704564692758, -0.7040043526181258837 ) ) ;
#169 = VERTEX_POINT ( 'NONE', #1108 ) ;
#170 = CARTESIAN_POINT ( 'NONE',  ( 43.00000000000000000, 77.89517597323306575, 0.3605843312425924263 ) ) ;
#171 = EDGE_CURVE ( 'NONE', #805, #1856, #518, .T. ) ;
#172 = FACE_OUTER_BOUND ( 'NONE', #368, .T. ) ;
#173 = ADVANCED_FACE ( 'NONE', ( #45 ), #1711, .F. ) ;
#174 = ORIENTED_EDGE ( 'NONE', *, *, #1602, .T. ) ;
#175 = CARTESIAN_POINT ( 'NONE',  ( -32.00000000000000000, 83.00000000000000000, 8.000000000000000000 ) ) ;
#176 = ORIENTED_EDGE ( 'NONE', *, *, #1878, .T. ) ;
#177 = CARTESIAN_POINT ( 'NONE',  ( -16.00000000000000000, 77.00000000000000000, -8.000000000000000000 ) ) ;
#178 = EDGE_LOOP ( 'NONE', ( #444, #1036, #609, #121 ) ) ;
#179 = CARTESIAN_POINT ( 'NONE',  ( 43.89344807807892579, 77.00000000000000000, -3.060264010994690143 ) ) ;
#180 = FACE_OUTER_BOUND ( 'NONE', #1213, .T. ) ;
#181 = FACE_OUTER_BOUND ( 'NONE', #9, .T. ) ;
#182 = CARTESIAN_POINT ( 'NONE',  ( 40.00000000000000000, 83.00000000000000000, 12.00000000000000000 ) ) ;
#183 = ORIENTED_EDGE ( 'NONE', *, *, #1154, .F. ) ;
#184 = LINE ( 'NONE', #1351, #746 ) ;
#185 = VECTOR ( 'NONE', #1470, 1000.000000000000000 ) ;
#186 = ADVANCED_FACE ( 'NONE', ( #79 ), #679, .F. ) ;
#187 = EDGE_LOOP ( 'NONE', ( #1814, #149, #682, #1465, #1597, #247, #1306, #947, #1616, #1049 ) ) ;
#188 = VECTOR ( 'NONE', #1728, 1000.000000000000000 ) ;
#189 = AXIS2_PLACEMENT_3D ( 'NONE', #267, #1025, #856 ) ;
#190 = VERTEX_POINT ( 'NONE', #584 ) ;
#191 = LINE ( 'NONE', #57, #401 ) ;
#192 = FACE_OUTER_BOUND ( 'NONE', #397, .T. ) ;
#193 = EDGE_LOOP ( 'NONE', ( #131, #1088, #855, #413, #731 ) ) ;
#194 = VERTEX_POINT ( 'NONE', #1452 ) ;
#195 = ORIENTED_EDGE ( 'NONE', *, *, #1127, .F. ) ;
#196 = PLANE ( 'NONE',  #1750 ) ;
#197 = DIRECTION ( 'NONE',  ( -0.000000000000000000, 1.000000000000000000, -0.000000000000000000 ) ) ;
#198 = ORIENTED_EDGE ( 'NONE', *, *, #1539, .T. ) ;
#199 = PERSON_AND_ORGANIZATION_ROLE ( 'design_owner' ) ;
#200 = B_SPLINE_CURVE_WITH_KNOTS ( 'NONE', 3,
 ( #11, #1490, #1506, #1359, #1050, #1382 ),
 .UNSPECIFIED., .F., .F.,
 ( 4, 2, 4 ),
 ( 4.336808689942017736E-18, 0.002129036784817588904, 0.004258073569635173472 ),
 .UNSPECIFIED. ) ;
#201 = VERTEX_POINT ( 'NONE', #1773 ) ;
#202 = DIRECTION ( 'NONE',  ( -1.000000000000000000, 0.000000000000000000, 0.000000000000000000 ) ) ;
#203 = PLANE ( 'NONE',  #1412 ) ;
#204 = ORIENTED_EDGE ( 'NONE', *, *, #606, .F. ) ;
#205 = CARTESIAN_POINT ( 'NONE',  ( -10.84900000000000020, 132.5000000000000000, 0.000000000000000000 ) ) ;
#206 = CARTESIAN_POINT ( 'NONE',  ( -32.00000000000000000, 77.00000000000000000, -8.000000000000000000 ) ) ;
#207 = EDGE_CURVE ( 'NONE', #190, #833, #1813, .T. ) ;
#208 = CARTESIAN_POINT ( 'NONE',  ( 34.14999999999999858, 127.0000000000000000, 4.000000000000000000 ) ) ;
#209 = LINE ( 'NONE', #222, #1815 ) ;
#210 = EDGE_LOOP ( 'NONE', ( #726, #1001 ) ) ;
#211 = DIRECTION ( 'NONE',  ( 1.000000000000000000, 0.000000000000000000, -0.000000000000000000 ) ) ;
#212 = AXIS2_PLACEMENT_3D ( 'NONE', #520, #1142, #1405 ) ;
#213 = LINE ( 'NONE', #1681, #1596 ) ;
#214 = VECTOR ( 'NONE', #1118, 1000.000000000000000 ) ;
#215 = CIRCLE ( 'NONE', #252, 1.700000000000000178 ) ;
#216 = ORIENTED_EDGE ( 'NONE', *, *, #1115, .F. ) ;
#217 = VERTEX_POINT ( 'NONE', #850 ) ;
#218 = LINE ( 'NONE', #380, #1940 ) ;
#219 = LOCAL_TIME ( 18, 13, 51.00000000000000000, #1263 ) ;
#220 = CARTESIAN_POINT ( 'NONE',  ( 43.38865861837683724, 77.39912584742096158, 5.496765084715235616 ) ) ;
#221 = ADVANCED_FACE ( 'NONE', ( #688 ), #1160, .F. ) ;
#222 = CARTESIAN_POINT ( 'NONE',  ( 40.00000000000000000, 83.00000000000000000, 12.00000000000000000 ) ) ;
#223 = CARTESIAN_POINT ( 'NONE',  ( -10.84900000000000020, 0.000000000000000000, 4.000000000000000000 ) ) ;
#224 = ADVANCED_FACE ( 'NONE', ( #1338 ), #231, .F. ) ;
#225 = PERSON_AND_ORGANIZATION ( #425, #718 ) ;
#226 = ORIENTED_EDGE ( 'NONE', *, *, #34, .T. ) ;
#227 = CARTESIAN_POINT ( 'NONE',  ( -23.00000000000000000, 77.00000000000000000, -3.000000000000000000 ) ) ;
#228 = LINE ( 'NONE', #1085, #465 ) ;
#229 = ORIENTED_EDGE ( 'NONE', *, *, #1763, .T. ) ;
#230 = CARTESIAN_POINT ( 'NONE',  ( -40.00000000000000000, 83.00000000000000000, 12.00000000000000000 ) ) ;
#231 = CYLINDRICAL_SURFACE ( 'NONE', #802, 1.700000000000000178 ) ;
#232 = CARTESIAN_POINT ( 'NONE',  ( 43.24423094620366470, 77.76134176271479248, 4.996947112346266096 ) ) ;
#233 = EDGE_CURVE ( 'NONE', #1771, #1882, #539, .T. ) ;
#234 = CARTESIAN_POINT ( 'NONE',  ( -14.15000000000000036, 117.0000000000000000, 0.000000000000000000 ) ) ;
#235 = EDGE_CURVE ( 'NONE', #1764, #1685, #1624, .T. ) ;
#236 = ORIENTED_EDGE ( 'NONE', *, *, #606, .T. ) ;
#237 = CYLINDRICAL_SURFACE ( 'NONE', #773, 1.599999999999997202 ) ;
#238 = ORIENTED_EDGE ( 'NONE', *, *, #1165, .T. ) ;
#239 = FACE_OUTER_BOUND ( 'NONE', #298, .T. ) ;
#240 = FACE_OUTER_BOUND ( 'NONE', #1494, .T. ) ;
#241 = CARTESIAN_POINT ( 'NONE',  ( -10.84900000000000020, 111.5000000000000000, 12.00000000000000000 ) ) ;
#242 = DIRECTION ( 'NONE',  ( -1.000000000000000000, 0.000000000000000000, 0.000000000000000000 ) ) ;
#243 = ORIENTED_EDGE ( 'NONE', *, *, #1377, .F. ) ;
#244 = FACE_OUTER_BOUND ( 'NONE', #1309, .T. ) ;
#245 = CARTESIAN_POINT ( 'NONE',  ( -40.00000000000000000, 83.00000000000000000, 4.000000000000000000 ) ) ;
#246 = ADVANCED_FACE ( 'NONE', ( #1045 ), #140, .F. ) ;
#247 = ORIENTED_EDGE ( 'NONE', *, *, #1115, .T. ) ;
#248 = VECTOR ( 'NONE', #1618, 1000.000000000000000 ) ;
#249 = AXIS2_PLACEMENT_3D ( 'NONE', #626, #1132, #1726 ) ;
#250 = CIRCLE ( 'NONE', #53, 1.599999999999997202 ) ;
#251 = CARTESIAN_POINT ( 'NONE',  ( -43.98733405127114793, 76.99999999999741362, -1.359312326337542176 ) ) ;
#252 = AXIS2_PLACEMENT_3D ( 'NONE', #329, #475, #1077 ) ;
#253 = CARTESIAN_POINT ( 'NONE',  ( 43.52086623851345593, 77.52624511607776014, -1.295395471452088998 ) ) ;
#254 = AXIS2_PLACEMENT_3D ( 'NONE', #1448, #1145, #1738 ) ;
#255 = CARTESIAN_POINT ( 'NONE',  ( -12.45000000000000107, 127.0000000000000000, 4.000000000000000000 ) ) ;
#256 = ORIENTED_EDGE ( 'NONE', *, *, #1574, .T. ) ;
#257 = ORIENTED_EDGE ( 'NONE', *, *, #144, .T. ) ;
#258 = CYLINDRICAL_SURFACE ( 'NONE', #1696, 3.000000000000000000 ) ;
#259 = VERTEX_POINT ( 'NONE', #1032 ) ;
#260 = EDGE_CURVE ( 'NONE', #1460, #1702, #882, .T. ) ;
#261 = CARTESIAN_POINT ( 'NONE',  ( -43.49489166668487172, 76.99999999988882848, 6.660010722161427310 ) ) ;
#262 = CARTESIAN_POINT ( 'NONE',  ( 0.000000000000000000, 0.000000000000000000, 0.000000000000000000 ) ) ;
#263 = CARTESIAN_POINT ( 'NONE',  ( -40.00000000000000000, 83.00000000000000000, 12.00000000000000000 ) ) ;
#264 = CARTESIAN_POINT ( 'NONE',  ( 32.00000000000000000, 83.00000000000000000, -8.000000000000000000 ) ) ;
#265 = ORIENTED_EDGE ( 'NONE', *, *, #144, .F. ) ;
#266 = EDGE_LOOP ( 'NONE', ( #216, #1368, #543, #1662 ) ) ;
#267 = CARTESIAN_POINT ( 'NONE',  ( 0.000000000000000000, 80.00000000000000000, -3.000000000000000000 ) ) ;
#268 = DIRECTION ( 'NONE',  ( 0.000000000000000000, 0.000000000000000000, -1.000000000000000000 ) ) ;
#269 = ORIENTED_EDGE ( 'NONE', *, *, #1189, .T. ) ;
#270 = CARTESIAN_POINT ( 'NONE',  ( -43.00000000000002132, 77.89306671519695158, -1.383306989859791392 ) ) ;
#271 = LINE ( 'NONE', #844, #438 ) ;
#272 = EDGE_CURVE ( 'NONE', #551, #883, #896, .T. ) ;
#273 = DIRECTION ( 'NONE',  ( 0.000000000000000000, 0.000000000000000000, -1.000000000000000000 ) ) ;
#274 = VERTEX_POINT ( 'NONE', #285 ) ;
#275 = LINE ( 'NONE', #865, #1535 ) ;
#276 = CYLINDRICAL_SURFACE ( 'NONE', #869, 1.700000000000001954 ) ;
#277 = ORIENTED_EDGE ( 'NONE', *, *, #1515, .T. ) ;
#278 = DIRECTION ( 'NONE',  ( -0.000000000000000000, -0.000000000000000000, 1.000000000000000000 ) ) ;
#279 = CARTESIAN_POINT ( 'NONE',  ( 43.40277283859365554, 77.71970753196580972, -1.044135463611622461 ) ) ;
#280 = AXIS2_PLACEMENT_3D ( 'NONE', #1545, #197, #1442 ) ;
#281 = AXIS2_PLACEMENT_3D ( 'NONE', #1141, #105, #728 ) ;
#282 = VECTOR ( 'NONE', #838, 1000.000000000000000 ) ;
#283 = EDGE_CURVE ( 'NONE', #1243, #477, #1918, .T. ) ;
#284 = DIRECTION ( 'NONE',  ( 0.000000000000000000, 0.000000000000000000, -1.000000000000000000 ) ) ;
#285 = CARTESIAN_POINT ( 'NONE',  ( 35.85000000000000142, 127.0000000000000000, 0.000000000000000000 ) ) ;
#286 = EDGE_LOOP ( 'NONE', ( #570, #1184, #354, #1232 ) ) ;
#287 = LINE ( 'NONE', #724, #1135 ) ;
#288 = DIRECTION ( 'NONE',  ( -0.000000000000000000, -0.000000000000000000, 1.000000000000000000 ) ) ;
#289 = VERTEX_POINT ( 'NONE', #1775 ) ;
#290 = FACE_OUTER_BOUND ( 'NONE', #1250, .T. ) ;
#291 = CARTESIAN_POINT ( 'NONE',  ( -10.84900000000000020, 132.5000000000000000, 4.000000000000000000 ) ) ;
#292 = FACE_BOUND ( 'NONE', #1194, .T. ) ;
#293 = DIRECTION ( 'NONE',  ( 0.000000000000000000, 0.000000000000000000, -1.000000000000000000 ) ) ;
#294 = ADVANCED_FACE ( 'NONE', ( #1591 ), #137, .F. ) ;
#295 = ORIENTED_EDGE ( 'NONE', *, *, #1189, .F. ) ;
#296 = DIRECTION ( 'NONE',  ( -0.000000000000000000, -1.000000000000000000, -0.000000000000000000 ) ) ;
#297 = EDGE_CURVE ( 'NONE', #1245, #1126, #983, .T. ) ;
#298 = EDGE_LOOP ( 'NONE', ( #1540, #658, #492, #1056, #1295 ) ) ;
#299 = DIRECTION ( 'NONE',  ( 0.000000000000000000, -1.000000000000000000, 0.000000000000000000 ) ) ;
#300 = CIRCLE ( 'NONE', #484, 1.599999999999997202 ) ;
#301 = LINE ( 'NONE', #899, #406 ) ;
#302 = PLANE ( 'NONE',  #1225 ) ;
#303 = EDGE_LOOP ( 'NONE', ( #365, #875, #229, #1668 ) ) ;
#304 = CARTESIAN_POINT ( 'NONE',  ( -40.00000000000000000, 80.00000000000000000, 4.000000000000000000 ) ) ;
#305 = ORIENTED_EDGE ( 'NONE', *, *, #689, .F. ) ;
#306 = ADVANCED_FACE ( 'NONE', ( #239 ), #870, .F. ) ;
#307 = DIRECTION ( 'NONE',  ( 0.000000000000000000, 0.000000000000000000, 1.000000000000000000 ) ) ;
#308 = VECTOR ( 'NONE', #69, 1000.000000000000000 ) ;
#309 = CARTESIAN_POINT ( 'NONE',  ( -10.84900000000000020, 111.5000000000000000, 0.000000000000000000 ) ) ;
#310 = CIRCLE ( 'NONE', #1444, 1.700000000000000178 ) ;
#311 = AXIS2_PLACEMENT_3D ( 'NONE', #1031, #128, #1349 ) ;
#312 = DIRECTION ( 'NONE',  ( 1.000000000000000000, -0.000000000000000000, 0.000000000000000000 ) ) ;
#313 = AXIS2_PLACEMENT_3D ( 'NONE', #348, #940, #211 ) ;
#314 = AXIS2_PLACEMENT_3D ( 'NONE', #455, #1659, #1223 ) ;
#315 = ORIENTED_EDGE ( 'NONE', *, *, #1074, .F. ) ;
#316 = DIRECTION ( 'NONE',  ( -0.000000000000000000, -0.000000000000000000, 1.000000000000000000 ) ) ;
#317 = ORIENTED_EDGE ( 'NONE', *, *, #863, .T. ) ;
#318 = ADVANCED_FACE ( 'NONE', ( #1330 ), #1298, .F. ) ;
#319 = CARTESIAN_POINT ( 'NONE',  ( 42.99999999999687361, 77.89412097542584945, 1.228019087545076271 ) ) ;
#320 = EDGE_CURVE ( 'NONE', #544, #1406, #463, .T. ) ;
#321 = CARTESIAN_POINT ( 'NONE',  ( 32.45000000000000284, 117.0000000000000000, 4.000000000000000000 ) ) ;
#322 = ORIENTED_EDGE ( 'NONE', *, *, #1008, .F. ) ;
#323 = EDGE_LOOP ( 'NONE', ( #1094, #269 ) ) ;
#324 = CARTESIAN_POINT ( 'NONE',  ( -43.00000000000000711, 79.07010151623167360, -0.1426042659417713354 ) ) ;
#325 = ORIENTED_EDGE ( 'NONE', *, *, #417, .F. ) ;
#326 = CARTESIAN_POINT ( 'NONE',  ( 32.00000000000000000, 144.0000000000000000, -9.700000000000001066 ) ) ;
#327 = ORIENTED_EDGE ( 'NONE', *, *, #1661, .T. ) ;
#328 = CARTESIAN_POINT ( 'NONE',  ( 43.43047292860241981, 77.00000000000000000, 7.056487879811904840 ) ) ;
#329 = CARTESIAN_POINT ( 'NONE',  ( 34.14999999999999858, 117.0000000000000000, 0.000000000000000000 ) ) ;
#330 = DIRECTION ( 'NONE',  ( 0.000000000000000000, -1.000000000000000000, 0.000000000000000000 ) ) ;
#331 = EDGE_CURVE ( 'NONE', #1678, #624, #830, .T. ) ;
#332 = CARTESIAN_POINT ( 'NONE',  ( -32.00000000000000000, 144.0000000000000000, -8.000000000000000000 ) ) ;
#333 = ORIENTED_EDGE ( 'NONE', *, *, #1008, .T. ) ;
#334 = CARTESIAN_POINT ( 'NONE',  ( -40.00000000000000000, 80.00000000000000000, 0.000000000000000000 ) ) ;
#335 = VERTEX_POINT ( 'NONE', #1741 ) ;
#336 = DIRECTION ( 'NONE',  ( 1.000000000000000000, 0.000000000000000000, 0.000000000000000000 ) ) ;
#337 = CARTESIAN_POINT ( 'NONE',  ( 43.66519429705821409, 77.00000000003026912, 5.433431578759027047 ) ) ;
#338 = CARTESIAN_POINT ( 'NONE',  ( -43.39091830943370809, 77.38958970928996450, 5.489697268471957159 ) ) ;
#339 = DIRECTION ( 'NONE',  ( 0.000000000000000000, 0.000000000000000000, -1.000000000000000000 ) ) ;
#340 = EDGE_CURVE ( 'NONE', #1418, #217, #1937, .T. ) ;
#341 = ORIENTED_EDGE ( 'NONE', *, *, #1602, .F. ) ;
#342 = ORIENTED_EDGE ( 'NONE', *, *, #1851, .F. ) ;
#343 = APPROVAL_ROLE ( '' ) ;
#344 = CIRCLE ( 'NONE', #1065, 3.000000000000000000 ) ;
#345 = AXIS2_PLACEMENT_3D ( 'NONE', #1012, #1149, #704 ) ;
#346 = EDGE_LOOP ( 'NONE', ( #1922, #256, #1759, #1693 ) ) ;
#347 = VECTOR ( 'NONE', #39, 1000.000000000000000 ) ;
#348 = CARTESIAN_POINT ( 'NONE',  ( -40.00000000000000000, 83.00000000000000000, -12.00000000000000000 ) ) ;
#349 = AXIS2_PLACEMENT_3D ( 'NONE', #175, #1510, #904 ) ;
#350 = ORIENTED_EDGE ( 'NONE', *, *, #761, .T. ) ;
#351 = CARTESIAN_POINT ( 'NONE',  ( 30.84900000000000020, 111.5000000000000000, 0.000000000000000000 ) ) ;
#352 = CARTESIAN_POINT ( 'NONE',  ( -43.00000000000000711, 79.22433656031729754, 1.320242810779366449 ) ) ;
#353 = CARTESIAN_POINT ( 'NONE',  ( -16.00000000000000000, 108.0000000000000000, 0.000000000000000000 ) ) ;
#354 = ORIENTED_EDGE ( 'NONE', *, *, #761, .F. ) ;
#355 = ORIENTED_EDGE ( 'NONE', *, *, #459, .T. ) ;
#356 = DIRECTION ( 'NONE',  ( 0.000000000000000000, 1.000000000000000000, 0.000000000000000000 ) ) ;
#357 = ADVANCED_FACE ( 'NONE', ( #537 ), #982, .F. ) ;
#358 = ORIENTED_EDGE ( 'NONE', *, *, #260, .F. ) ;
#359 = EDGE_LOOP ( 'NONE', ( #350, #1710 ) ) ;
#360 = CARTESIAN_POINT ( 'NONE',  ( -32.00000000000000000, 77.00000000000000000, -6.299999999999999822 ) ) ;
#361 = CARTESIAN_POINT ( 'NONE',  ( -43.00000000000000000, 79.16613622604572242, 2.738096847759134089 ) ) ;
#362 = CARTESIAN_POINT ( 'NONE',  ( -40.00000000000000000, 77.00000000000000000, -12.00000000000000000 ) ) ;
#363 = CARTESIAN_POINT ( 'NONE',  ( -14.15000000000000036, 127.0000000000000000, 0.000000000000000000 ) ) ;
#364 = DATE_AND_TIME ( #1122, #410 ) ;
#365 = ORIENTED_EDGE ( 'NONE', *, *, #117, .F. ) ;
#366 = FACE_BOUND ( 'NONE', #323, .T. ) ;
#367 = EDGE_CURVE ( 'NONE', #67, #141, #1226, .T. ) ;
#368 = EDGE_LOOP ( 'NONE', ( #151, #134, #1156, #1080 ) ) ;
#369 = LINE ( 'NONE', #1394, #159 ) ;
#370 = DIRECTION ( 'NONE',  ( -1.000000000000000000, 0.000000000000000000, 0.000000000000000000 ) ) ;
#371 = LINE ( 'NONE', #362, #1099 ) ;
#372 = DIRECTION ( 'NONE',  ( 0.000000000000000000, 0.000000000000000000, -1.000000000000000000 ) ) ;
#373 = DIRECTION ( 'NONE',  ( 0.000000000000000000, 0.000000000000000000, 1.000000000000000000 ) ) ;
#374 = ORIENTED_EDGE ( 'NONE', *, *, #1143, .T. ) ;
#375 = DIRECTION ( 'NONE',  ( 1.000000000000000000, 0.000000000000000000, 0.000000000000000000 ) ) ;
#376 = AXIS2_PLACEMENT_3D ( 'NONE', #101, #1895, #894 ) ;
#377 = DIRECTION ( 'NONE',  ( -1.000000000000000000, 0.000000000000000000, 0.000000000000000000 ) ) ;
#378 = VECTOR ( 'NONE', #877, 1000.000000000000000 ) ;
#379 = ORIENTED_EDGE ( 'NONE', *, *, #1830, .F. ) ;
#380 = CARTESIAN_POINT ( 'NONE',  ( -40.00000000000000000, 83.00000000000000000, 12.00000000000000000 ) ) ;
#381 = AXIS2_PLACEMENT_3D ( 'NONE', #1636, #316, #1527 ) ;
#382 = CC_DESIGN_PERSON_AND_ORGANIZATION_ASSIGNMENT ( #63, #502, ( #94 ) ) ;
#383 = DIRECTION ( 'NONE',  ( 0.000000000000000000, 0.000000000000000000, 1.000000000000000000 ) ) ;
#384 = ADVANCED_FACE ( 'NONE', ( #1504 ), #1793, .F. ) ;
#385 = CARTESIAN_POINT ( 'NONE',  ( -43.00000000000000711, 80.00000000000000000, -3.000000000000000000 ) ) ;
#386 = ORIENTED_EDGE ( 'NONE', *, *, #677, .F. ) ;
#387 = CARTESIAN_POINT ( 'NONE',  ( 40.00000000000000000, 0.000000000000000000, -0.000000000000000000 ) ) ;
#388 = CARTESIAN_POINT ( 'NONE',  ( -34.39999999999999858, 140.0000000000000000, 0.000000000000000000 ) ) ;
#389 = DIRECTION ( 'NONE',  ( 0.000000000000000000, 0.000000000000000000, 1.000000000000000000 ) ) ;
#390 = CARTESIAN_POINT ( 'NONE',  ( -43.00000000000000711, 79.23733810429713742, 0.6108251825871260365 ) ) ;
#391 = AXIS2_PLACEMENT_3D ( 'NONE', #234, #1155, #829 ) ;
#392 = ADVANCED_FACE ( 'NONE', ( #448 ), #1933, .F. ) ;
#393 = CARTESIAN_POINT ( 'NONE',  ( 32.00000000000000000, 144.0000000000000000, 6.299999999999999822 ) ) ;
#394 = ORIENTED_EDGE ( 'NONE', *, *, #1886, .F. ) ;
#395 = CARTESIAN_POINT ( 'NONE',  ( -15.85000000000000320, 127.0000000000000000, 4.000000000000000000 ) ) ;
#396 = CARTESIAN_POINT ( 'NONE',  ( 40.00000000000000000, 80.00000000000000000, 0.000000000000000000 ) ) ;
#397 = EDGE_LOOP ( 'NONE', ( #547, #1033, #1826, #1601, #183 ) ) ;
#398 = CARTESIAN_POINT ( 'NONE',  ( 40.00000000000000000, 83.00000000000000000, 12.00000000000000000 ) ) ;
#399 = DIRECTION ( 'NONE',  ( -1.000000000000000000, 0.000000000000000000, 0.000000000000000000 ) ) ;
#400 = DIRECTION ( 'NONE',  ( 0.000000000000000000, 0.000000000000000000, -1.000000000000000000 ) ) ;
#401 = VECTOR ( 'NONE', #1280, 1000.000000000000000 ) ;
#402 = ORIENTED_EDGE ( 'NONE', *, *, #636, .F. ) ;
#403 = VERTEX_POINT ( 'NONE', #10 ) ;
#404 = DIRECTION ( 'NONE',  ( -0.000000000000000000, 1.000000000000000000, -0.000000000000000000 ) ) ;
#405 = CARTESIAN_POINT ( 'NONE',  ( 35.85000000000000142, 117.0000000000000000, 4.000000000000000000 ) ) ;
#406 = VECTOR ( 'NONE', #1084, 1000.000000000000114 ) ;
#407 = CIRCLE ( 'NONE', #898, 1.700000000000001954 ) ;
#408 = AXIS2_PLACEMENT_3D ( 'NONE', #206, #1829, #494 ) ;
#409 = CARTESIAN_POINT ( 'NONE',  ( -43.00000000000000711, 78.61171079150273044, 7.043046459358672351 ) ) ;
#410 = LOCAL_TIME ( 18, 13, 51.00000000000000000, #73 ) ;
#411 = CARTESIAN_POINT ( 'NONE',  ( 43.34361972418463438, 77.82763166571658076, -0.9247417734799106004 ) ) ;
#412 = CARTESIAN_POINT ( 'NONE',  ( -14.15000000000000036, 117.0000000000000000, 11.99999999999999645 ) ) ;
#413 = ORIENTED_EDGE ( 'NONE', *, *, #559, .T. ) ;
#414 = DIRECTION ( 'NONE',  ( 1.000000000000000000, 0.000000000000000000, 0.000000000000000000 ) ) ;
#415 = FACE_OUTER_BOUND ( 'NONE', #1446, .T. ) ;
#416 = VERTEX_POINT ( 'NONE', #1064 ) ;
#417 = EDGE_CURVE ( 'NONE', #335, #1262, #583, .T. ) ;
#418 = DIRECTION ( 'NONE',  ( 0.000000000000000000, -1.000000000000000000, 0.000000000000000000 ) ) ;
#419 = CARTESIAN_POINT ( 'NONE',  ( 43.69268657538696488, 77.28675307881950118, -1.710028632495832923 ) ) ;
#420 = B_SPLINE_CURVE_WITH_KNOTS ( 'NONE', 3,
 ( #1119, #1248, #1712, #1850, #963, #1564, #671, #220, #1573, #810, #232, #1291, #984, #1182, #853, #1190, #880, #106 ),
 .UNSPECIFIED., .F., .F.,
 ( 4, 2, 2, 2, 2, 2, 2, 2, 4 ),
 ( 0.000000000000000000, 0.0004721904700213244775, 0.0009443809400426489550, 0.001416571410063973378, 0.001888761880085297910, 0.002360952350106622442, 0.002833142820127946757, 0.003305333290149271505, 0.003777523760170595820 ),
 .UNSPECIFIED. ) ;
#421 = DIRECTION ( 'NONE',  ( 0.000000000000000000, 0.000000000000000000, -1.000000000000000000 ) ) ;
#422 = ORIENTED_EDGE ( 'NONE', *, *, #1236, .T. ) ;
#423 = CARTESIAN_POINT ( 'NONE',  ( 43.00000000000000000, 141.0000000000000000, 4.000000000000000000 ) ) ;
#424 = ORIENTED_EDGE ( 'NONE', *, *, #153, .F. ) ;
#425 = PERSON ( 'UNSPECIFIED', 'UNSPECIFIED', 'UNSPECIFIED', ('UNSPECIFIED'), ('UNSPECIFIED'), ('UNSPECIFIED') ) ;
#426 = EDGE_CURVE ( 'NONE', #217, #1418, #1692, .T. ) ;
#427 = CARTESIAN_POINT ( 'NONE',  ( -43.84683786407368444, 77.00000000003605294, 3.763297399218550332 ) ) ;
#428 = DIRECTION ( 'NONE',  ( 0.000000000000000000, 0.000000000000000000, -1.000000000000000000 ) ) ;
#429 = EDGE_CURVE ( 'NONE', #2, #627, #603, .T. ) ;
#430 = DIRECTION ( 'NONE',  ( -0.000000000000000000, -0.000000000000000000, 1.000000000000000000 ) ) ;
#431 = DIRECTION ( 'NONE',  ( 0.000000000000000000, -1.000000000000000000, 0.000000000000000000 ) ) ;
#432 = ORIENTED_EDGE ( 'NONE', *, *, #1366, .T. ) ;
#433 = CARTESIAN_POINT ( 'NONE',  ( -37.59999999999999432, 104.0000000000000000, 0.000000000000000000 ) ) ;
#434 = ORIENTED_EDGE ( 'NONE', *, *, #1021, .T. ) ;
#435 = CLOSED_SHELL ( 'NONE', ( #797, #1507, #165, #764, #392, #384, #885, #799, #88, #523, #1043, #707, #1816, #1923, #103, #1734, #221, #698, #1819, #186, #437, #7, #823, #1361, #1484, #1055, #318, #13, #779, #357, #1619, #1621, #819, #811, #777, #1805, #1634, #306, #173, #224, #1087, #294, #1129, #910, #1212, #442, #472, #722, #1247, #246, #1428 ) ) ;
#436 = CARTESIAN_POINT ( 'NONE',  ( -16.00000000000000000, 104.9999999999999858, -8.000000000000000000 ) ) ;
#437 = ADVANCED_FACE ( 'NONE', ( #152 ), #1039, .F. ) ;
#438 = VECTOR ( 'NONE', #1454, 1000.000000000000000 ) ;
#439 = AXIS2_PLACEMENT_3D ( 'NONE', #592, #1801, #751 ) ;
#440 = AXIS2_PLACEMENT_3D ( 'NONE', #971, #1872, #534 ) ;
#441 = DIRECTION ( 'NONE',  ( -1.000000000000000000, 0.000000000000000000, 0.000000000000000000 ) ) ;
#442 = ADVANCED_FACE ( 'NONE', ( #290 ), #1355, .T. ) ;
#443 = VECTOR ( 'NONE', #1901, 1000.000000000000000 ) ;
#444 = ORIENTED_EDGE ( 'NONE', *, *, #677, .T. ) ;
#445 = CARTESIAN_POINT ( 'NONE',  ( -43.18392377651823466, 78.18853690390216116, -0.6029878449808053764 ) ) ;
#446 = CARTESIAN_POINT ( 'NONE',  ( 40.00000000000000000, 83.00000000000000000, 12.00000000000000000 ) ) ;
#447 = ORIENTED_EDGE ( 'NONE', *, *, #1661, .F. ) ;
#448 = FACE_OUTER_BOUND ( 'NONE', #864, .T. ) ;
#449 = CARTESIAN_POINT ( 'NONE',  ( 43.00000000000000000, 78.92750966251611544, 5.280029047804632114 ) ) ;
#450 = DIRECTION ( 'NONE',  ( 0.000000000000000000, -1.000000000000000000, 0.000000000000000000 ) ) ;
#451 = EDGE_CURVE ( 'NONE', #1391, #194, #837, .T. ) ;
#452 = VERTEX_POINT ( 'NONE', #906 ) ;
#453 = CARTESIAN_POINT ( 'NONE',  ( -16.00000000000000000, 77.00000000000000000, 4.000000000000000000 ) ) ;
#454 = ORIENTED_EDGE ( 'NONE', *, *, #487, .F. ) ;
#455 = CARTESIAN_POINT ( 'NONE',  ( -36.00000000000000000, 140.0000000000000000, 0.000000000000000000 ) ) ;
#456 = CARTESIAN_POINT ( 'NONE',  ( 43.71492776444095796, 76.99999999998242117, 5.018166004636665178 ) ) ;
#457 = DIRECTION ( 'NONE',  ( 0.000000000000000000, 0.000000000000000000, 1.000000000000000000 ) ) ;
#458 = ORIENTED_EDGE ( 'NONE', *, *, #1030, .F. ) ;
#459 = EDGE_CURVE ( 'NONE', #991, #2, #879, .T. ) ;
#460 = ORIENTED_EDGE ( 'NONE', *, *, #1708, .F. ) ;
#461 = CARTESIAN_POINT ( 'NONE',  ( 43.00000000000000000, 79.13093133986976113, -3.207133425821235839 ) ) ;
#462 = CIRCLE ( 'NONE', #1941, 3.000000000000000000 ) ;
#463 = CIRCLE ( 'NONE', #651, 1.700000000000000178 ) ;
#464 = FACE_OUTER_BOUND ( 'NONE', #178, .T. ) ;
#465 = VECTOR ( 'NONE', #929, 1000.000000000000000 ) ;
#466 = VERTEX_POINT ( 'NONE', #471 ) ;
#467 = AXIS2_PLACEMENT_3D ( 'NONE', #264, #699, #1605 ) ;
#468 = LINE ( 'NONE', #1376, #1881 ) ;
#469 = AXIS2_PLACEMENT_3D ( 'NONE', #1761, #414, #1018 ) ;
#470 = EDGE_LOOP ( 'NONE', ( #950, #1219, #1402, #710 ) ) ;
#471 = CARTESIAN_POINT ( 'NONE',  ( 32.00000000000000000, 77.00000000000000000, 6.299999999999999822 ) ) ;
#472 = ADVANCED_FACE ( 'NONE', ( #1073 ), #1669, .T. ) ;
#473 = EDGE_LOOP ( 'NONE', ( #402, #1144 ) ) ;
#474 = CARTESIAN_POINT ( 'NONE',  ( 43.00000000000000000, 79.08616404606719641, 3.946316258853709513 ) ) ;
#475 = DIRECTION ( 'NONE',  ( -0.000000000000000000, -0.000000000000000000, 1.000000000000000000 ) ) ;
#476 = FACE_OUTER_BOUND ( 'NONE', #1353, .T. ) ;
#477 = VERTEX_POINT ( 'NONE', #1269 ) ;
#478 = ORIENTED_EDGE ( 'NONE', *, *, #1172, .F. ) ;
#479 = FACE_OUTER_BOUND ( 'NONE', #1378, .T. ) ;
#480 = ORIENTED_EDGE ( 'NONE', *, *, #1686, .F. ) ;
#481 = CARTESIAN_POINT ( 'NONE',  ( 40.00000000000002132, 144.0000000000000000, 4.000000000000000000 ) ) ;
#482 = CARTESIAN_POINT ( 'NONE',  ( -43.13519847385347106, 78.09469042953000439, 4.677465621784906880 ) ) ;
#483 = EDGE_CURVE ( 'NONE', #941, #978, #300, .T. ) ;
#484 = AXIS2_PLACEMENT_3D ( 'NONE', #530, #521, #1890 ) ;
#485 = B_SPLINE_CURVE_WITH_KNOTS ( 'NONE', 3,
 ( #706, #114, #1152, #860, #1766, #1318, #1029, #411, #279, #253, #719, #419, #1041, #1022, #1904, #1612, #124, #691 ),
 .UNSPECIFIED., .F., .F.,
 ( 4, 2, 2, 2, 2, 2, 2, 2, 4 ),
 ( 0.006613005728065109862, 0.007119503168469436434, 0.007626000608873763006, 0.008132498049278088711, 0.008638995489682416151, 0.009145492930086741856, 0.009651990370491067561, 0.01015848781089539327, 0.01066498525129972071 ),
 .UNSPECIFIED. ) ;
#486 = PLANE ( 'NONE',  #497 ) ;
#487 = EDGE_CURVE ( 'NONE', #1842, #991, #1121, .T. ) ;
#488 = VERTEX_POINT ( 'NONE', #1304 ) ;
#489 = DATE_AND_TIME ( #1698, #567 ) ;
#490 = ORIENTED_EDGE ( 'NONE', *, *, #1878, .F. ) ;
#491 = DIRECTION ( 'NONE',  ( 0.000000000000000000, -0.000000000000000000, -1.000000000000000000 ) ) ;
#492 = ORIENTED_EDGE ( 'NONE', *, *, #1221, .F. ) ;
#493 = DIRECTION ( 'NONE',  ( -1.000000000000000000, 0.000000000000000000, 0.000000000000000000 ) ) ;
#494 = DIRECTION ( 'NONE',  ( 0.000000000000000000, 0.000000000000000000, -1.000000000000000000 ) ) ;
#495 = PLANE ( 'NONE',  #1380 ) ;
#496 = CYLINDRICAL_SURFACE ( 'NONE', #156, 1.700000000000000178 ) ;
#497 = AXIS2_PLACEMENT_3D ( 'NONE', #1683, #450, #1231 ) ;
#498 = AXIS2_PLACEMENT_3D ( 'NONE', #1493, #1333, #1786 ) ;
#499 = EDGE_CURVE ( 'NONE', #784, #1882, #1492, .T. ) ;
#500 = ORIENTED_EDGE ( 'NONE', *, *, #171, .T. ) ;
#501 = AXIS2_PLACEMENT_3D ( 'NONE', #1550, #1532, #808 ) ;
#502 = PERSON_AND_ORGANIZATION_ROLE ( 'classification_officer' ) ;
#503 = VECTOR ( 'NONE', #1557, 1000.000000000000000 ) ;
#504 = EDGE_LOOP ( 'NONE', ( #1559, #1537, #934, #56, #478 ) ) ;
#505 = AXIS2_PLACEMENT_3D ( 'NONE', #1684, #1675, #71 ) ;
#506 = LINE ( 'NONE', #50, #654 ) ;
#507 = VECTOR ( 'NONE', #1667, 1000.000000000000000 ) ;
#508 = PLANE ( 'NONE',  #501 ) ;
#509 = DIRECTION ( 'NONE',  ( -0.7071067811865441310, -0.7071067811865507924, -0.000000000000000000 ) ) ;
#510 = CARTESIAN_POINT ( 'NONE',  ( 32.45000000000000284, 127.0000000000000000, 4.000000000000000000 ) ) ;
#511 = CARTESIAN_POINT ( 'NONE',  ( -37.59999999999999432, 104.0000000000000000, 44.00000000000000000 ) ) ;
#512 = APPROVAL_DATE_TIME ( #1270, #741 ) ;
#513 = EDGE_CURVE ( 'NONE', #693, #1558, #1244, .T. ) ;
#514 = CIRCLE ( 'NONE', #1111, 1.700000000000000178 ) ;
#515 = VERTEX_POINT ( 'NONE', #1379 ) ;
#516 = CARTESIAN_POINT ( 'NONE',  ( 0.000000000000000000, 77.00000000000000000, 7.000000000000000000 ) ) ;
#517 = ORIENTED_EDGE ( 'NONE', *, *, #1301, .T. ) ;
#518 = LINE ( 'NONE', #1267, #214 ) ;
#519 = CIRCLE ( 'NONE', #391, 1.700000000000001954 ) ;
#520 = CARTESIAN_POINT ( 'NONE',  ( 32.00000000000000000, 144.0000000000000000, 8.000000000000000000 ) ) ;
#521 = DIRECTION ( 'NONE',  ( -0.000000000000000000, -0.000000000000000000, 1.000000000000000000 ) ) ;
#522 = ORIENTED_EDGE ( 'NONE', *, *, #499, .F. ) ;
#523 = ADVANCED_FACE ( 'NONE', ( #479 ), #1714, .F. ) ;
#524 = PLANE ( 'NONE',  #1758 ) ;
#525 = CARTESIAN_POINT ( 'NONE',  ( -43.00000000000000711, 76.00000000000000000, 0.000000000000000000 ) ) ;
#526 = ORIENTED_EDGE ( 'NONE', *, *, #1180, .T. ) ;
#527 = EDGE_CURVE ( 'NONE', #608, #886, #1147, .T. ) ;
#528 = FACE_OUTER_BOUND ( 'NONE', #286, .T. ) ;
#529 = CARTESIAN_POINT ( 'NONE',  ( -43.00000000000000711, 79.23597284044504363, -0.09892045964568729755 ) ) ;
#530 = CARTESIAN_POINT ( 'NONE',  ( -36.00000000000000000, 104.0000000000000000, 4.000000000000003553 ) ) ;
#531 = APPROVAL_ROLE ( '' ) ;
#532 = VERTEX_POINT ( 'NONE', #915 ) ;
#533 = AXIS2_PLACEMENT_3D ( 'NONE', #1552, #817, #383 ) ;
#534 = DIRECTION ( 'NONE',  ( -1.000000000000000000, 0.000000000000000000, 0.000000000000000000 ) ) ;
#535 = VECTOR ( 'NONE', #1553, 1000.000000000000000 ) ;
#536 = EDGE_LOOP ( 'NONE', ( #922, #972 ) ) ;
#537 = FACE_OUTER_BOUND ( 'NONE', #266, .T. ) ;
#538 = CARTESIAN_POINT ( 'NONE',  ( -92.00000000000017053, 91.99999999999930367, -0.000000000000000000 ) ) ;
#539 = LINE ( 'NONE', #1193, #1655 ) ;
#540 = EDGE_CURVE ( 'NONE', #994, #957, #1575, .T. ) ;
#541 = DIRECTION ( 'NONE',  ( 1.000000000000000000, -0.000000000000000000, -0.000000000000000000 ) ) ;
#542 = CARTESIAN_POINT ( 'NONE',  ( -14.15000000000000036, 117.0000000000000000, 4.000000000000000000 ) ) ;
#543 = ORIENTED_EDGE ( 'NONE', *, *, #628, .F. ) ;
#544 = VERTEX_POINT ( 'NONE', #1435 ) ;
#545 = FACE_BOUND ( 'NONE', #1468, .T. ) ;
#546 = CARTESIAN_POINT ( 'NONE',  ( -32.00000000000000000, 77.00000000000000000, 8.000000000000000000 ) ) ;
#547 = ORIENTED_EDGE ( 'NONE', *, *, #1549, .F. ) ;
#548 = CARTESIAN_POINT ( 'NONE',  ( -43.00000000000000711, 77.87324804215421636, 3.832006795950004818 ) ) ;
#549 = EDGE_CURVE ( 'NONE', #289, #403, #519, .T. ) ;
#550 = DIRECTION ( 'NONE',  ( 0.000000000000000000, 0.000000000000000000, -1.000000000000000000 ) ) ;
#551 = VERTEX_POINT ( 'NONE', #1112 ) ;
#552 = CARTESIAN_POINT ( 'NONE',  ( -34.39999999999999858, 104.0000000000000000, 0.000000000000000000 ) ) ;
#553 = CARTESIAN_POINT ( 'NONE',  ( -12.45000000000000107, 127.0000000000000000, 11.99999999999999645 ) ) ;
#554 = ORIENTED_EDGE ( 'NONE', *, *, #171, .F. ) ;
#555 = CARTESIAN_POINT ( 'NONE',  ( -43.89344807807892579, 77.00000000000000000, -3.060264010994700801 ) ) ;
#556 = CARTESIAN_POINT ( 'NONE',  ( 40.00000000000000000, 77.00000000000000000, 7.000000000000000000 ) ) ;
#557 = LINE ( 'NONE', #1434, #804 ) ;
#558 = CARTESIAN_POINT ( 'NONE',  ( 32.00000000000000000, 83.00000000000000000, -6.299999999999999822 ) ) ;
#559 = EDGE_CURVE ( 'NONE', #1350, #1870, #82, .T. ) ;
#560 = ORIENTED_EDGE ( 'NONE', *, *, #1745, .T. ) ;
#561 = B_SPLINE_CURVE_WITH_KNOTS ( 'NONE', 3,
 ( #622, #324, #15, #1214, #1363, #445, #168, #1061, #161, #913, #1644, #1518, #1495, #1220, #756, #925, #1369, #749 ),
 .UNSPECIFIED., .F., .F.,
 ( 4, 2, 2, 2, 2, 2, 2, 2, 4 ),
 ( 0.006782224843445087969, 0.007289436579272601940, 0.007796648315100115911, 0.008303860050927629882, 0.008811071786755143853, 0.009318283522582659559, 0.009825495258410173530, 0.01033270699423768750, 0.01083991873006520321 ),
 .UNSPECIFIED. ) ;
#562 = ORIENTED_EDGE ( 'NONE', *, *, #1030, .T. ) ;
#563 = PLANE ( 'NONE',  #1628 ) ;
#564 = VECTOR ( 'NONE', #942, 1000.000000000000000 ) ;
#565 = VECTOR ( 'NONE', #921, 1000.000000000000000 ) ;
#566 = CARTESIAN_POINT ( 'NONE',  ( -43.00000000000000711, 78.92750966251607281, 5.280029047805019360 ) ) ;
#567 = LOCAL_TIME ( 18, 13, 51.00000000000000000, #1706 ) ;
#568 = CARTESIAN_POINT ( 'NONE',  ( -40.00000000000000000, 83.00000000000000000, 12.00000000000000000 ) ) ;
#569 = PLANE ( 'NONE',  #1198 ) ;
#570 = ORIENTED_EDGE ( 'NONE', *, *, #874, .T. ) ;
#571 = DIRECTION ( 'NONE',  ( 0.000000000000000000, 0.000000000000000000, 1.000000000000000000 ) ) ;
#572 = DIRECTION ( 'NONE',  ( -1.000000000000000000, -0.000000000000000000, -0.000000000000000000 ) ) ;
#573 = EDGE_CURVE ( 'NONE', #40, #600, #1520, .T. ) ;
#574 = ORIENTED_EDGE ( 'NONE', *, *, #1203, .F. ) ;
#575 = CARTESIAN_POINT ( 'NONE',  ( 32.00000000000000000, 144.0000000000000000, 9.700000000000001066 ) ) ;
#576 = FACE_OUTER_BOUND ( 'NONE', #1760, .T. ) ;
#577 = FACE_BOUND ( 'NONE', #1474, .T. ) ;
#578 = DIRECTION ( 'NONE',  ( -1.000000000000000000, 0.000000000000000000, 0.000000000000000000 ) ) ;
#579 = ORIENTED_EDGE ( 'NONE', *, *, #1784, .T. ) ;
#580 = LINE ( 'NONE', #1157, #1230 ) ;
#581 = CARTESIAN_POINT ( 'NONE',  ( -32.00000000000000000, 83.00000000000000000, -9.700000000000001066 ) ) ;
#582 = ORIENTED_EDGE ( 'NONE', *, *, #84, .F. ) ;
#583 = LINE ( 'NONE', #1807, #1846 ) ;
#584 = CARTESIAN_POINT ( 'NONE',  ( 32.00000000000000000, 77.00000000000000000, -6.299999999999999822 ) ) ;
#585 = EDGE_CURVE ( 'NONE', #403, #289, #1939, .T. ) ;
#586 = FACE_OUTER_BOUND ( 'NONE', #1105, .T. ) ;
#587 = DIRECTION ( 'NONE',  ( -0.000000000000000000, -0.000000000000000000, 1.000000000000000000 ) ) ;
#588 = ORIENTED_EDGE ( 'NONE', *, *, #1708, .T. ) ;
#589 = PLANE ( 'NONE',  #1725 ) ;
#590 = DIRECTION ( 'NONE',  ( 0.000000000000000000, -0.000000000000000000, -1.000000000000000000 ) ) ;
#591 = ORIENTED_EDGE ( 'NONE', *, *, #1497, .T. ) ;
#592 = CARTESIAN_POINT ( 'NONE',  ( 30.84900000000000020, 111.5000000000000000, 12.00000000000000000 ) ) ;
#593 = AXIS2_PLACEMENT_3D ( 'NONE', #398, #91, #389 ) ;
#594 = CARTESIAN_POINT ( 'NONE',  ( 43.99164420141836018, 77.00000000001075762, 1.209851718862578807 ) ) ;
#595 = AXIS2_PLACEMENT_3D ( 'NONE', #759, #146, #1076 ) ;
#596 = EDGE_CURVE ( 'NONE', #1568, #1322, #407, .T. ) ;
#597 = AXIS2_PLACEMENT_3D ( 'NONE', #1487, #288, #143 ) ;
#598 = FACE_BOUND ( 'NONE', #470, .T. ) ;
#599 = AXIS2_PLACEMENT_3D ( 'NONE', #1004, #404, #876 ) ;
#600 = VERTEX_POINT ( 'NONE', #1735 ) ;
#601 = CARTESIAN_POINT ( 'NONE',  ( 0.000000000000000000, 77.00000000000000000, 0.000000000000000000 ) ) ;
#602 = ORIENTED_EDGE ( 'NONE', *, *, #1561, .T. ) ;
#603 = LINE ( 'NONE', #1188, #1171 ) ;
#604 = CARTESIAN_POINT ( 'NONE',  ( 43.00000000000000000, 77.89306671519695158, -1.383306989856777580 ) ) ;
#605 = DIRECTION ( 'NONE',  ( 0.000000000000000000, 0.000000000000000000, -1.000000000000000000 ) ) ;
#606 = EDGE_CURVE ( 'NONE', #162, #466, #1825, .T. ) ;
#607 = CARTESIAN_POINT ( 'NONE',  ( 43.00000000000000000, 79.05341984226707552, 4.153249922282197915 ) ) ;
#608 = VERTEX_POINT ( 'NONE', #1016 ) ;
#609 = ORIENTED_EDGE ( 'NONE', *, *, #585, .F. ) ;
#610 = CARTESIAN_POINT ( 'NONE',  ( 42.99999999999999289, 77.87905059580707245, -3.120850499256205168 ) ) ;
#611 = CYLINDRICAL_SURFACE ( 'NONE', #930, 1.700000000000001954 ) ;
#612 = ORIENTED_EDGE ( 'NONE', *, *, #1275, .T. ) ;
#613 = CARTESIAN_POINT ( 'NONE',  ( -12.45000000000000107, 117.0000000000000000, 11.99999999999999645 ) ) ;
#614 = EDGE_CURVE ( 'NONE', #978, #941, #104, .T. ) ;
#615 = ORIENTED_EDGE ( 'NONE', *, *, #78, .F. ) ;
#616 = CARTESIAN_POINT ( 'NONE',  ( 43.00000000000000000, 76.00000000000000000, 4.000000000000000000 ) ) ;
#617 = CARTESIAN_POINT ( 'NONE',  ( 43.00000000000000000, 77.68790307519948612, 7.249099337184317982 ) ) ;
#618 = LINE ( 'NONE', #1828, #1445 ) ;
#619 = CIRCLE ( 'NONE', #51, 1.700000000000001954 ) ;
#620 = CARTESIAN_POINT ( 'NONE',  ( -40.00000000000000000, 77.00000000000000000, -3.000000000000000000 ) ) ;
#621 = ORIENTED_EDGE ( 'NONE', *, *, #1525, .T. ) ;
#622 = CARTESIAN_POINT ( 'NONE',  ( -43.00000000000000711, 79.23597284044504363, -0.09892045964568729755 ) ) ;
#623 = APPROVAL_PERSON_ORGANIZATION ( #967, #987, #343 ) ;
#624 = VERTEX_POINT ( 'NONE', #255 ) ;
#625 = EDGE_CURVE ( 'NONE', #1516, #824, #514, .T. ) ;
#626 = CARTESIAN_POINT ( 'NONE',  ( -14.15000000000000036, 117.0000000000000000, 0.000000000000000000 ) ) ;
#627 = VERTEX_POINT ( 'NONE', #737 ) ;
#628 = EDGE_CURVE ( 'NONE', #201, #945, #148, .T. ) ;
#629 = DIRECTION ( 'NONE',  ( 0.000000000000000000, 0.000000000000000000, -1.000000000000000000 ) ) ;
#630 = CARTESIAN_POINT ( 'NONE',  ( -36.00000000000000000, 104.0000000000000000, 44.00000000000000000 ) ) ;
#631 = DIRECTION ( 'NONE',  ( -1.000000000000000000, 0.000000000000000000, 0.000000000000000000 ) ) ;
#632 = ORIENTED_EDGE ( 'NONE', *, *, #1165, .F. ) ;
#633 = COORDINATED_UNIVERSAL_TIME_OFFSET ( 6, 0, .BEHIND. ) ;
#634 = ORIENTED_EDGE ( 'NONE', *, *, #26, .T. ) ;
#635 = AXIS2_PLACEMENT_3D ( 'NONE', #542, #692, #966 ) ;
#636 = EDGE_CURVE ( 'NONE', #452, #720, #1009, .T. ) ;
#637 = VERTEX_POINT ( 'NONE', #845 ) ;
#638 = CARTESIAN_POINT ( 'NONE',  ( 34.14999999999999858, 117.0000000000000000, 0.000000000000000000 ) ) ;
#639 = EDGE_CURVE ( 'NONE', #67, #1391, #107, .T. ) ;
#640 = CARTESIAN_POINT ( 'NONE',  ( -10.84900000000000020, 111.5000000000000000, 12.00000000000000000 ) ) ;
#641 = DIRECTION ( 'NONE',  ( 0.000000000000000000, 0.000000000000000000, -1.000000000000000000 ) ) ;
#642 = PERSON_AND_ORGANIZATION ( #425, #718 ) ;
#643 = ORIENTED_EDGE ( 'NONE', *, *, #117, .T. ) ;
#644 = DIRECTION ( 'NONE',  ( -1.000000000000000000, 0.000000000000000000, 0.000000000000000000 ) ) ;
#645 = FACE_OUTER_BOUND ( 'NONE', #1060, .T. ) ;
#646 = VERTEX_POINT ( 'NONE', #1778 ) ;
#647 = DIRECTION ( 'NONE',  ( -0.000000000000000000, -0.000000000000000000, 1.000000000000000000 ) ) ;
#648 = CARTESIAN_POINT ( 'NONE',  ( -34.39999999999999858, 104.0000000000000000, 4.000000000000003553 ) ) ;
#649 = EDGE_CURVE ( 'NONE', #1842, #1262, #721, .T. ) ;
#650 = AXIS2_PLACEMENT_3D ( 'NONE', #920, #330, #605 ) ;
#651 = AXIS2_PLACEMENT_3D ( 'NONE', #717, #1469, #1617 ) ;
#652 = ORIENTED_EDGE ( 'NONE', *, *, #863, .F. ) ;
#653 = APPROVAL_ROLE ( '' ) ;
#654 = VECTOR ( 'NONE', #375, 1000.000000000000000 ) ;
#655 = ORIENTED_EDGE ( 'NONE', *, *, #1839, .F. ) ;
#656 = PRODUCT_DEFINITION_FORMATION_WITH_SPECIFIED_SOURCE ( 'ANY', '', #1346, .NOT_KNOWN. ) ;
#657 = DIRECTION ( 'NONE',  ( 1.000000000000000000, -0.000000000000000000, 0.000000000000000000 ) ) ;
#658 = ORIENTED_EDGE ( 'NONE', *, *, #74, .T. ) ;
#659 = DIRECTION ( 'NONE',  ( -1.000000000000000000, 0.000000000000000000, 0.000000000000000000 ) ) ;
#660 = CARTESIAN_POINT ( 'NONE',  ( -32.00000000000000000, 144.0000000000000000, 8.000000000000000000 ) ) ;
#661 = CARTESIAN_POINT ( 'NONE',  ( -40.00000000000000000, 77.00000000000000000, 12.00000000000000000 ) ) ;
#662 = EDGE_CURVE ( 'NONE', #515, #47, #1191, .T. ) ;
#663 = PERSON_AND_ORGANIZATION ( #425, #718 ) ;
#664 = ORIENTED_EDGE ( 'NONE', *, *, #977, .T. ) ;
#665 = CARTESIAN_POINT ( 'NONE',  ( 40.00000000000000000, 77.00000000000000000, -3.000000000000000000 ) ) ;
#666 = CARTESIAN_POINT ( 'NONE',  ( 32.00000000000000000, 77.00000000000000000, 8.000000000000000000 ) ) ;
#667 = EDGE_LOOP ( 'NONE', ( #778, #588, #1053, #1276 ) ) ;
#668 = FACE_OUTER_BOUND ( 'NONE', #1521, .T. ) ;
#669 = CARTESIAN_POINT ( 'NONE',  ( 32.00000000000000000, 83.00000000000000000, 6.299999999999999822 ) ) ;
#670 = DIRECTION ( 'NONE',  ( 0.000000000000000000, 0.000000000000000000, -1.000000000000000000 ) ) ;
#671 = CARTESIAN_POINT ( 'NONE',  ( 43.44465094997573118, 77.25743315071306938, 5.774198774157438763 ) ) ;
#672 = DIRECTION ( 'NONE',  ( -0.000000000000000000, -0.000000000000000000, 1.000000000000000000 ) ) ;
#673 = SHAPE_DEFINITION_REPRESENTATION ( #1027, #1206 ) ;
#674 = ORIENTED_EDGE ( 'NONE', *, *, #596, .T. ) ;
#675 = DIRECTION ( 'NONE',  ( 0.000000000000000000, 0.000000000000000000, -1.000000000000000000 ) ) ;
#676 = CARTESIAN_POINT ( 'NONE',  ( -43.00000000000002132, 78.74983903506702632, 4.254194353833601561 ) ) ;
#677 = EDGE_CURVE ( 'NONE', #1558, #693, #1279, .T. ) ;
#678 = ORIENTED_EDGE ( 'NONE', *, *, #951, .T. ) ;
#679 = PLANE ( 'NONE',  #715 ) ;
#680 = LINE ( 'NONE', #1109, #1877 ) ;
#681 = DIRECTION ( 'NONE',  ( -1.000000000000000000, 0.000000000000000000, 0.000000000000000000 ) ) ;
#682 = ORIENTED_EDGE ( 'NONE', *, *, #74, .F. ) ;
#683 = CARTESIAN_POINT ( 'NONE',  ( -43.00000000000000711, 79.05341984226704710, 4.153249922282208573 ) ) ;
#684 = VECTOR ( 'NONE', #1648, 1000.000000000000000 ) ;
#685 = DIRECTION ( 'NONE',  ( -1.000000000000000000, 0.000000000000000000, 0.000000000000000000 ) ) ;
#686 = VECTOR ( 'NONE', #356, 1000.000000000000000 ) ;
#687 = EDGE_CURVE ( 'NONE', #201, #805, #1472, .T. ) ;
#688 = FACE_OUTER_BOUND ( 'NONE', #16, .T. ) ;
#689 = EDGE_CURVE ( 'NONE', #335, #1771, #1044, .T. ) ;
#690 = CARTESIAN_POINT ( 'NONE',  ( -43.00000000000000711, 79.22419442867065698, -1.421309169399547656 ) ) ;
#691 = CARTESIAN_POINT ( 'NONE',  ( 43.89760813529593975, 77.00000000000000000, -3.000000000000000000 ) ) ;
#692 = DIRECTION ( 'NONE',  ( -0.000000000000000000, -0.000000000000000000, 1.000000000000000000 ) ) ;
#693 = VERTEX_POINT ( 'NONE', #708 ) ;
#694 = DIRECTION ( 'NONE',  ( -1.000000000000000000, 0.000000000000000000, 0.000000000000000000 ) ) ;
#695 = DIRECTION ( 'NONE',  ( 0.000000000000000000, 0.000000000000000000, -1.000000000000000000 ) ) ;
#696 = ORIENTED_EDGE ( 'NONE', *, *, #1542, .T. ) ;
#697 = CARTESIAN_POINT ( 'NONE',  ( -10.84900000000000020, 111.5000000000000000, 4.000000000000000000 ) ) ;
#698 = ADVANCED_FACE ( 'NONE', ( #730 ), #1907, .F. ) ;
#699 = DIRECTION ( 'NONE',  ( -0.000000000000000000, 1.000000000000000000, -0.000000000000000000 ) ) ;
#700 = ORIENTED_EDGE ( 'NONE', *, *, #662, .T. ) ;
#701 = DIRECTION ( 'NONE',  ( 0.000000000000000000, -1.000000000000000000, 0.000000000000000000 ) ) ;
#702 = CARTESIAN_POINT ( 'NONE',  ( 43.00000000000000000, 141.0000000000000000, 4.000000000000000000 ) ) ;
#703 = ORIENTED_EDGE ( 'NONE', *, *, #1745, .F. ) ;
#704 = DIRECTION ( 'NONE',  ( 0.000000000000000000, 0.000000000000000000, 1.000000000000000000 ) ) ;
#705 = CARTESIAN_POINT ( 'NONE',  ( -43.43047292860238429, 77.00000000000000000, 7.056487879812086028 ) ) ;
#706 = CARTESIAN_POINT ( 'NONE',  ( 43.00000000000000000, 79.23597284044505784, -0.09892045964568306482 ) ) ;
#707 = ADVANCED_FACE ( 'NONE', ( #577, #292, #873, #1483, #1341, #881, #1938, #598 ), #569, .F. ) ;
#708 = CARTESIAN_POINT ( 'NONE',  ( -12.45000000000000107, 117.0000000000000000, 4.000000000000000000 ) ) ;
#709 = VERTEX_POINT ( 'NONE', #1595 ) ;
#710 = ORIENTED_EDGE ( 'NONE', *, *, #1584, .F. ) ;
#711 = CARTESIAN_POINT ( 'NONE',  ( -40.00000000000000000, 83.00000000000000000, 0.000000000000000000 ) ) ;
#712 = DIRECTION ( 'NONE',  ( 0.000000000000000000, 0.000000000000000000, -1.000000000000000000 ) ) ;
#713 = ORIENTED_EDGE ( 'NONE', *, *, #1774, .F. ) ;
#714 = AXIS2_PLACEMENT_3D ( 'NONE', #747, #19, #1086 ) ;
#715 = AXIS2_PLACEMENT_3D ( 'NONE', #1290, #1876, #1610 ) ;
#716 = VECTOR ( 'NONE', #1125, 1000.000000000000000 ) ;
#717 = CARTESIAN_POINT ( 'NONE',  ( -32.00000000000000000, 83.00000000000000000, 8.000000000000000000 ) ) ;
#718 = ORGANIZATION ( 'UNSPECIFIED', 'UNSPECIFIED', '' ) ;
#719 = CARTESIAN_POINT ( 'NONE',  ( 43.58027330424683043, 77.43979145366205330, -1.428037155803576708 ) ) ;
#720 = VERTEX_POINT ( 'NONE', #558 ) ;
#721 = LINE ( 'NONE', #1332, #81 ) ;
#722 = ADVANCED_FACE ( 'NONE', ( #1164 ), #1757, .F. ) ;
#723 = ORIENTED_EDGE ( 'NONE', *, *, #1549, .T. ) ;
#724 = CARTESIAN_POINT ( 'NONE',  ( -23.00000000000000000, 0.000000000000000000, -0.000000000000000000 ) ) ;
#725 = EDGE_CURVE ( 'NONE', #1929, #1350, #462, .T. ) ;
#726 = ORIENTED_EDGE ( 'NONE', *, *, #1851, .T. ) ;
#727 = DIRECTION ( 'NONE',  ( 0.000000000000000000, 0.000000000000000000, -1.000000000000000000 ) ) ;
#728 = DIRECTION ( 'NONE',  ( 0.000000000000000000, 0.000000000000000000, -1.000000000000000000 ) ) ;
#729 = PLANE ( 'NONE',  #1593 ) ;
#730 = FACE_OUTER_BOUND ( 'NONE', #1450, .T. ) ;
#731 = ORIENTED_EDGE ( 'NONE', *, *, #1224, .F. ) ;
#732 = DIRECTION ( 'NONE',  ( 0.000000000000000000, 1.000000000000000000, 0.000000000000000000 ) ) ;
#733 = LINE ( 'NONE', #702, #378 ) ;
#734 = VERTEX_POINT ( 'NONE', #1183 ) ;
#735 = EDGE_CURVE ( 'NONE', #1322, #1568, #619, .T. ) ;
#736 = FACE_OUTER_BOUND ( 'NONE', #1511, .T. ) ;
#737 = CARTESIAN_POINT ( 'NONE',  ( -23.00000000000000000, 108.0000000000000000, -4.999999999999997335 ) ) ;
#738 = ORIENTED_EDGE ( 'NONE', *, *, #1889, .F. ) ;
#739 = CARTESIAN_POINT ( 'NONE',  ( -40.00000000000000000, 77.00000000000000000, 12.00000000000000000 ) ) ;
#740 = ORIENTED_EDGE ( 'NONE', *, *, #487, .T. ) ;
#741 = APPROVAL ( #1407, 'UNSPECIFIED' ) ;
#742 = CIRCLE ( 'NONE', #595, 1.700000000000001954 ) ;
#743 = VECTOR ( 'NONE', #1095, 1000.000000000000000 ) ;
#744 = LINE ( 'NONE', #511, #1787 ) ;
#745 = AXIS2_PLACEMENT_3D ( 'NONE', #546, #1146, #1739 ) ;
#746 = VECTOR ( 'NONE', #1930, 1000.000000000000000 ) ;
#747 = CARTESIAN_POINT ( 'NONE',  ( -14.15000000000000036, 117.0000000000000000, 11.99999999999999645 ) ) ;
#748 = CIRCLE ( 'NONE', #937, 44.00000000000000000 ) ;
#749 = CARTESIAN_POINT ( 'NONE',  ( -43.89760813529593975, 77.00000000000000000, -3.000000000000000000 ) ) ;
#750 = ORIENTED_EDGE ( 'NONE', *, *, #834, .T. ) ;
#751 = DIRECTION ( 'NONE',  ( 0.000000000000000000, 0.000000000000000000, 1.000000000000000000 ) ) ;
#752 = CARTESIAN_POINT ( 'NONE',  ( 43.55523361809242289, 76.99999999996973088, 6.254038391170722910 ) ) ;
#753 = LINE ( 'NONE', #1374, #1754 ) ;
#754 = EDGE_CURVE ( 'NONE', #1406, #1571, #753, .T. ) ;
#755 = VERTEX_POINT ( 'NONE', #1395 ) ;
#756 = CARTESIAN_POINT ( 'NONE',  ( -43.86581589599724396, 77.07125089289962716, -2.328122541062803919 ) ) ;
#757 = VERTEX_POINT ( 'NONE', #902 ) ;
#758 = DIRECTION ( 'NONE',  ( -0.000000000000000000, 1.000000000000000000, -0.000000000000000000 ) ) ;
#759 = CARTESIAN_POINT ( 'NONE',  ( -14.15000000000000036, 127.0000000000000000, 4.000000000000000000 ) ) ;
#760 = PLANE ( 'NONE',  #90 ) ;
#761 = EDGE_CURVE ( 'NONE', #734, #274, #125, .T. ) ;
#762 = ORIENTED_EDGE ( 'NONE', *, *, #689, .T. ) ;
#763 = FACE_OUTER_BOUND ( 'NONE', #23, .T. ) ;
#764 = ADVANCED_FACE ( 'NONE', ( #464 ), #1514, .F. ) ;
#765 = VERTEX_POINT ( 'NONE', #1210 ) ;
#766 = CARTESIAN_POINT ( 'NONE',  ( -40.00000000000000000, 80.00000000000000000, -3.000000000000000000 ) ) ;
#767 = DIRECTION ( 'NONE',  ( 0.000000000000000000, 0.7071067811865459074, -0.7071067811865491270 ) ) ;
#768 = CARTESIAN_POINT ( 'NONE',  ( 43.00000000000000000, 77.87324804215423057, 3.832006795960506640 ) ) ;
#769 = CARTESIAN_POINT ( 'NONE',  ( -43.49560758051030263, 77.06228857066150795, 6.371739833047241675 ) ) ;
#770 = CIRCLE ( 'NONE', #1096, 1.700000000000000178 ) ;
#771 = DIRECTION ( 'NONE',  ( -0.000000000000000000, -0.000000000000000000, 1.000000000000000000 ) ) ;
#772 = DIRECTION ( 'NONE',  ( -0.000000000000000000, 1.000000000000000000, -0.000000000000000000 ) ) ;
#773 = AXIS2_PLACEMENT_3D ( 'NONE', #630, #1286, #377 ) ;
#774 = ORIENTED_EDGE ( 'NONE', *, *, #1288, .T. ) ;
#775 = APPLICATION_PROTOCOL_DEFINITION ( 'international standard', 'config_control_design', 1994, #1783 ) ;
#776 = LOCAL_TIME ( 18, 13, 51.00000000000000000, #633 ) ;
#777 = ADVANCED_FACE ( 'NONE', ( #158, #1386, #1831 ), #486, .F. ) ;
#778 = ORIENTED_EDGE ( 'NONE', *, *, #1377, .T. ) ;
#779 = ADVANCED_FACE ( 'NONE', ( #32 ), #302, .F. ) ;
#780 = ORIENTED_EDGE ( 'NONE', *, *, #513, .T. ) ;
#781 = CARTESIAN_POINT ( 'NONE',  ( 43.00000000000000000, 76.00000000000000000, 0.000000000000000000 ) ) ;
#782 = PLANE ( 'NONE',  #895 ) ;
#783 = ORIENTED_EDGE ( 'NONE', *, *, #897, .F. ) ;
#784 = VERTEX_POINT ( 'NONE', #620 ) ;
#785 = CARTESIAN_POINT ( 'NONE',  ( -40.00000000000000000, 83.00000000000000000, 12.00000000000000000 ) ) ;
#786 = EDGE_CURVE ( 'NONE', #551, #274, #12, .T. ) ;
#787 = ORIENTED_EDGE ( 'NONE', *, *, #1645, .T. ) ;
#788 = CYLINDRICAL_SURFACE ( 'NONE', #1656, 1.700000000000000178 ) ;
#789 = DIRECTION ( 'NONE',  ( 0.000000000000000000, -1.000000000000000000, 0.000000000000000000 ) ) ;
#790 = DIRECTION ( 'NONE',  ( -0.000000000000000000, -0.000000000000000000, 1.000000000000000000 ) ) ;
#791 = VERTEX_POINT ( 'NONE', #889 ) ;
#792 = PERSON_AND_ORGANIZATION_ROLE ( 'design_supplier' ) ;
#793 = ORIENTED_EDGE ( 'NONE', *, *, #417, .T. ) ;
#794 = VERTEX_POINT ( 'NONE', #1499 ) ;
#795 = ORIENTED_EDGE ( 'NONE', *, *, #628, .T. ) ;
#796 = CARTESIAN_POINT ( 'NONE',  ( -32.00000000000000000, 144.0000000000000000, -9.700000000000001066 ) ) ;
#797 = ADVANCED_FACE ( 'NONE', ( #181 ), #611, .F. ) ;
#798 = CARTESIAN_POINT ( 'NONE',  ( -16.00000000000000000, 83.00000000000000000, 4.000000000000000000 ) ) ;
#799 = ADVANCED_FACE ( 'NONE', ( #931 ), #6, .F. ) ;
#800 =( BOUNDED_SURFACE ( )  B_SPLINE_SURFACE ( 3, 2, ( 
 ( #179, #610, #461 ),
 ( #1348, #917, #1217 ),
 ( #1200, #604, #1238 ),
 ( #888, #170, #164 ),
 ( #594, #319, #1808 ),
 ( #1820, #1802, #1671 ),
 ( #5, #768, #474 ),
 ( #456, #1680, #449 ),
 ( #337, #1935, #1640 ),
 ( #752, #1365, #1794 ),
 ( #1066, #907, #1663 ),
 ( #328, #617, #1522 ) ),
 .UNSPECIFIED., .F., .F., .F. ) 
 B_SPLINE_SURFACE_WITH_KNOTS ( ( 4, 2, 2, 2, 2, 4 ),
 ( 3, 3 ),
 ( 0.005512088688012877630, 0.008185321701316057921, 0.01085855471461923821, 0.01353178772792241850, 0.01486840423457400778, 0.01620502074122559880 ),
 ( 0.000000000000000000, 1.000000000000000000 ),
 .UNSPECIFIED. ) 
 GEOMETRIC_REPRESENTATION_ITEM ( )  RATIONAL_B_SPLINE_SURFACE ( (
 ( 1.000000000000000000, 0.9225464687411936149, 1.000000000000000000),
 ( 1.000000000000000000, 0.9172077552836703784, 1.000000000000000000),
 ( 1.000000000000000000, 0.9140268721784488015, 1.000000000000000000),
 ( 1.000000000000000000, 0.9122399444642128596, 1.000000000000000000),
 ( 1.000000000000000000, 0.9136406170241756497, 1.000000000000000000),
 ( 1.000000000000000000, 0.9209099052164751997, 1.000000000000000000),
 ( 1.000000000000000000, 0.9267803606224419566, 1.000000000000000000),
 ( 1.000000000000000000, 0.9385418172837677320, 1.000000000000000000),
 ( 1.000000000000000000, 0.9429515641873691401, 1.000000000000000000),
 ( 1.000000000000000000, 0.9526197731539050029, 1.000000000000000000),
 ( 1.000000000000000000, 0.9578865120318710291, 1.000000000000000000),
 ( 1.000000000000000000, 0.9634596576399013790, 1.000000000000000000) ) ) 
 REPRESENTATION_ITEM ( '' )  SURFACE ( )  );
#801 = AXIS2_PLACEMENT_3D ( 'NONE', #17, #1058, #629 ) ;
#802 = AXIS2_PLACEMENT_3D ( 'NONE', #660, #789, #670 ) ;
#803 = DATE_TIME_ROLE ( 'classification_date' ) ;
#804 = VECTOR ( 'NONE', #1753, 1000.000000000000000 ) ;
#805 = VERTEX_POINT ( 'NONE', #1803 ) ;
#806 = DIRECTION ( 'NONE',  ( 1.000000000000000000, -0.000000000000000000, 0.000000000000000000 ) ) ;
#807 = CYLINDRICAL_SURFACE ( 'NONE', #1658, 1.700000000000000178 ) ;
#808 = DIRECTION ( 'NONE',  ( 0.000000000000000000, -0.000000000000000000, -1.000000000000000000 ) ) ;
#809 = LINE ( 'NONE', #928, #743 ) ;
#810 = CARTESIAN_POINT ( 'NONE',  ( 43.28226868739254485, 77.66204726542694914, 5.113812425247323823 ) ) ;
#811 = ADVANCED_FACE ( 'NONE', ( #192 ), #782, .F. ) ;
#812 = DATE_AND_TIME ( #1399, #1296 ) ;
#813 = ORIENTED_EDGE ( 'NONE', *, *, #962, .T. ) ;
#814 = CARTESIAN_POINT ( 'NONE',  ( -43.04223825549498628, 78.47171934953800587, 4.399646131257233250 ) ) ;
#815 = ORIENTED_EDGE ( 'NONE', *, *, #754, .F. ) ;
#816 = DIRECTION ( 'NONE',  ( 0.000000000000000000, 0.000000000000000000, -1.000000000000000000 ) ) ;
#817 = DIRECTION ( 'NONE',  ( 1.000000000000000000, -0.000000000000000000, -0.000000000000000000 ) ) ;
#818 = DIRECTION ( 'NONE',  ( 0.000000000000000000, 1.000000000000000000, 0.000000000000000000 ) ) ;
#819 = ADVANCED_FACE ( 'NONE', ( #476 ), #760, .F. ) ;
#820 = ORIENTED_EDGE ( 'NONE', *, *, #1140, .T. ) ;
#821 = CARTESIAN_POINT ( 'NONE',  ( -12.45000000000000107, 127.0000000000000000, 0.000000000000000000 ) ) ;
#822 = LINE ( 'NONE', #980, #1594 ) ;
#823 = ADVANCED_FACE ( 'NONE', ( #172 ), #1809, .F. ) ;
#824 = VERTEX_POINT ( 'NONE', #321 ) ;
#825 = LINE ( 'NONE', #326, #188 ) ;
#826 = CARTESIAN_POINT ( 'NONE',  ( -43.00000000000000711, 77.87905059580708667, -3.120850499256211830 ) ) ;
#827 = LINE ( 'NONE', #1130, #1654 ) ;
#828 = DIRECTION ( 'NONE',  ( -0.000000000000000000, 1.000000000000000000, 0.000000000000000000 ) ) ;
#829 = DIRECTION ( 'NONE',  ( -1.000000000000000000, 0.000000000000000000, 0.000000000000000000 ) ) ;
#830 = CIRCLE ( 'NONE', #1755, 1.700000000000001954 ) ;
#831 = EDGE_LOOP ( 'NONE', ( #1792, #1517 ) ) ;
#832 = VECTOR ( 'NONE', #1703, 1000.000000000000000 ) ;
#833 = VERTEX_POINT ( 'NONE', #909 ) ;
#834 = EDGE_CURVE ( 'NONE', #1942, #794, #1674, .T. ) ;
#835 = CARTESIAN_POINT ( 'NONE',  ( 32.00000000000000000, 83.00000000000000000, 8.000000000000000000 ) ) ;
#836 = VECTOR ( 'NONE', #339, 1000.000000000000000 ) ;
#837 = CIRCLE ( 'NONE', #314, 1.599999999999997202 ) ;
#838 = DIRECTION ( 'NONE',  ( -1.000000000000000000, 0.000000000000000000, 0.000000000000000000 ) ) ;
#839 = AXIS2_PLACEMENT_3D ( 'NONE', #1249, #772, #1387 ) ;
#840 = ORIENTED_EDGE ( 'NONE', *, *, #1221, .T. ) ;
#841 = EDGE_CURVE ( 'NONE', #1024, #765, #1097, .T. ) ;
#842 = VECTOR ( 'NONE', #1600, 1000.000000000000000 ) ;
#843 = CARTESIAN_POINT ( 'NONE',  ( -43.00000000000000711, 79.24255579983780251, 0.3694158282962078932 ) ) ;
#844 = CARTESIAN_POINT ( 'NONE',  ( -16.00000000000000000, 0.000000000000000000, 0.000000000000000000 ) ) ;
#845 = CARTESIAN_POINT ( 'NONE',  ( 35.85000000000000142, 117.0000000000000000, 0.000000000000000000 ) ) ;
#846 = ORIENTED_EDGE ( 'NONE', *, *, #1515, .F. ) ;
#847 = ORIENTED_EDGE ( 'NONE', *, *, #1588, .T. ) ;
#848 = LINE ( 'NONE', #1780, #1260 ) ;
#849 = CARTESIAN_POINT ( 'NONE',  ( 0.000000000000000000, 83.00000000000000000, 4.000000000000000000 ) ) ;
#850 = CARTESIAN_POINT ( 'NONE',  ( -32.00000000000000000, 83.00000000000000000, -6.299999999999999822 ) ) ;
#851 = EDGE_CURVE ( 'NONE', #720, #452, #1354, .T. ) ;
#852 = CARTESIAN_POINT ( 'NONE',  ( -43.00000000000000711, 78.49105056820319248, 7.473978996383053186 ) ) ;
#853 = CARTESIAN_POINT ( 'NONE',  ( 43.04762210868932470, 78.47625086636286085, 4.411047057739037491 ) ) ;
#854 = DIRECTION ( 'NONE',  ( -1.000000000000000000, 0.000000000000000000, 0.000000000000000000 ) ) ;
#855 = ORIENTED_EDGE ( 'NONE', *, *, #725, .T. ) ;
#856 = DIRECTION ( 'NONE',  ( 0.000000000000000000, 0.000000000000000000, -1.000000000000000000 ) ) ;
#857 = LINE ( 'NONE', #1459, #1229 ) ;
#858 = VERTEX_POINT ( 'NONE', #80 ) ;
#859 = CARTESIAN_POINT ( 'NONE',  ( -43.00000000000000711, 79.22899659999808364, 1.264271929139975326 ) ) ;
#860 = CARTESIAN_POINT ( 'NONE',  ( 43.06231334007971157, 78.60763264611910017, -0.3374483746272535778 ) ) ;
#861 = EDGE_CURVE ( 'NONE', #1011, #416, #344, .T. ) ;
#862 = CARTESIAN_POINT ( 'NONE',  ( -36.00000000000000000, 104.0000000000000000, 4.000000000000003553 ) ) ;
#863 = EDGE_CURVE ( 'NONE', #886, #1555, #1150, .T. ) ;
#864 = EDGE_LOOP ( 'NONE', ( #1806, #1375, #1666, #265 ) ) ;
#865 = CARTESIAN_POINT ( 'NONE',  ( -23.00000000000000000, 108.0000000000000000, 4.000000000000000000 ) ) ;
#866 = ORIENTED_EDGE ( 'NONE', *, *, #1874, .T. ) ;
#867 = VECTOR ( 'NONE', #1424, 1000.000000000000000 ) ;
#868 = CARTESIAN_POINT ( 'NONE',  ( -10.84900000000000020, 132.5000000000000000, 12.00000000000000000 ) ) ;
#869 = AXIS2_PLACEMENT_3D ( 'NONE', #1781, #268, #1035 ) ;
#870 = PLANE ( 'NONE',  #593 ) ;
#871 = APPROVAL_PERSON_ORGANIZATION ( #225, #1100, #531 ) ;
#872 = FACE_BOUND ( 'NONE', #924, .T. ) ;
#873 = FACE_BOUND ( 'NONE', #536, .T. ) ;
#874 = EDGE_CURVE ( 'NONE', #883, #551, #310, .T. ) ;
#875 = ORIENTED_EDGE ( 'NONE', *, *, #540, .T. ) ;
#876 = DIRECTION ( 'NONE',  ( 0.000000000000000000, 0.000000000000000000, -1.000000000000000000 ) ) ;
#877 = DIRECTION ( 'NONE',  ( 0.000000000000000000, 0.000000000000000000, 1.000000000000000000 ) ) ;
#878 = VERTEX_POINT ( 'NONE', #1581 ) ;
#879 = LINE ( 'NONE', #1057, #1278 ) ;
#880 = CARTESIAN_POINT ( 'NONE',  ( 43.00000000000000000, 78.90155393941691386, 4.203747242506877591 ) ) ;
#881 = FACE_BOUND ( 'NONE', #1334, .T. ) ;
#882 = LINE ( 'NONE', #1928, #1443 ) ;
#883 = VERTEX_POINT ( 'NONE', #510 ) ;
#884 = LINE ( 'NONE', #613, #1447 ) ;
#885 = ADVANCED_FACE ( 'NONE', ( #240 ), #1880, .F. ) ;
#886 = VERTEX_POINT ( 'NONE', #1838 ) ;
#887 = EDGE_CURVE ( 'NONE', #757, #1003, #827, .T. ) ;
#888 = CARTESIAN_POINT ( 'NONE',  ( 44.00691449202019356, 77.00000000000100897, 0.3532192383105133282 ) ) ;
#889 = CARTESIAN_POINT ( 'NONE',  ( 43.43961325794694517, 77.00000000000000000, 7.000000000000000000 ) ) ;
#890 = CARTESIAN_POINT ( 'NONE',  ( 34.14999999999999858, 127.0000000000000000, 4.000000000000000000 ) ) ;
#891 = ORIENTED_EDGE ( 'NONE', *, *, #1392, .F. ) ;
#892 = LINE ( 'NONE', #1789, #1478 ) ;
#893 = ORIENTED_EDGE ( 'NONE', *, *, #1063, .T. ) ;
#894 = DIRECTION ( 'NONE',  ( -1.000000000000000000, 0.000000000000000000, 0.000000000000000000 ) ) ;
#895 = AXIS2_PLACEMENT_3D ( 'NONE', #1367, #38, #457 ) ;
#896 = CIRCLE ( 'NONE', #126, 1.700000000000000178 ) ;
#897 = EDGE_CURVE ( 'NONE', #1882, #608, #680, .T. ) ;
#898 = AXIS2_PLACEMENT_3D ( 'NONE', #363, #1235, #681 ) ;
#899 = CARTESIAN_POINT ( 'NONE',  ( 40.00000000000002132, 144.0000000000000000, 4.000000000000000000 ) ) ;
#900 = CIRCLE ( 'NONE', #54, 3.000000000000000000 ) ;
#901 = CC_DESIGN_APPROVAL ( #741, ( #94 ) ) ;
#902 = CARTESIAN_POINT ( 'NONE',  ( -43.00000000000000711, 140.9999999999999432, 4.000000000000000000 ) ) ;
#903 = ORIENTED_EDGE ( 'NONE', *, *, #1336, .F. ) ;
#904 = DIRECTION ( 'NONE',  ( 0.000000000000000000, 0.000000000000000000, -1.000000000000000000 ) ) ;
#905 = ORIENTED_EDGE ( 'NONE', *, *, #573, .F. ) ;
#906 = CARTESIAN_POINT ( 'NONE',  ( 32.00000000000000000, 83.00000000000000000, -9.700000000000001066 ) ) ;
#907 = CARTESIAN_POINT ( 'NONE',  ( 42.99999999999998579, 77.73456013816115728, 6.831686787262012395 ) ) ;
#908 = EDGE_CURVE ( 'NONE', #1842, #709, #1414, .T. ) ;
#909 = CARTESIAN_POINT ( 'NONE',  ( 32.00000000000000000, 77.00000000000000000, -9.700000000000001066 ) ) ;
#910 = ADVANCED_FACE ( 'NONE', ( #1704 ), #495, .T. ) ;
#911 = ORIENTED_EDGE ( 'NONE', *, *, #1934, .F. ) ;
#912 = ORIENTED_EDGE ( 'NONE', *, *, #340, .F. ) ;
#913 = CARTESIAN_POINT ( 'NONE',  ( -43.52067395147483353, 77.52652990361592344, -1.294968191332666052 ) ) ;
#914 = ORIENTED_EDGE ( 'NONE', *, *, #1127, .T. ) ;
#915 = CARTESIAN_POINT ( 'NONE',  ( 40.00000000000000000, 83.00000000000000000, 0.000000000000000000 ) ) ;
#916 = ORIENTED_EDGE ( 'NONE', *, *, #549, .F. ) ;
#917 = CARTESIAN_POINT ( 'NONE',  ( 43.00000000000000000, 77.88999485671283196, -2.249449542854062845 ) ) ;
#918 = CARTESIAN_POINT ( 'NONE',  ( -43.49220538911036726, 77.09928634261878244, 6.218207434034709102 ) ) ;
#919 = PRODUCT_RELATED_PRODUCT_CATEGORY ( 'detail', '', ( #1346 ) ) ;
#920 = CARTESIAN_POINT ( 'NONE',  ( -32.00000000000000000, 144.0000000000000000, 8.000000000000000000 ) ) ;
#921 = DIRECTION ( 'NONE',  ( -1.000000000000000000, 0.000000000000000000, 0.000000000000000000 ) ) ;
#922 = ORIENTED_EDGE ( 'NONE', *, *, #874, .F. ) ;
#923 = EDGE_CURVE ( 'NONE', #1345, #1651, #1292, .T. ) ;
#924 = EDGE_LOOP ( 'NONE', ( #517, #1072 ) ) ;
#925 = CARTESIAN_POINT ( 'NONE',  ( -43.90501517800390729, 77.01403781945681715, -2.663814770498849960 ) ) ;
#926 = EDGE_LOOP ( 'NONE', ( #612, #327 ) ) ;
#927 = LINE ( 'NONE', #1731, #832 ) ;
#928 = CARTESIAN_POINT ( 'NONE',  ( -10.84900000000000020, 132.5000000000000000, 12.00000000000000000 ) ) ;
#929 = DIRECTION ( 'NONE',  ( 1.000000000000000000, -0.000000000000000000, -0.000000000000000000 ) ) ;
#930 = AXIS2_PLACEMENT_3D ( 'NONE', #1362, #1822, #1536 ) ;
#931 = FACE_OUTER_BOUND ( 'NONE', #1687, .T. ) ;
#932 = DIRECTION ( 'NONE',  ( 0.000000000000000000, -1.000000000000000000, 0.000000000000000000 ) ) ;
#933 = VECTOR ( 'NONE', #572, 1000.000000000000000 ) ;
#934 = ORIENTED_EDGE ( 'NONE', *, *, #1784, .F. ) ;
#935 = ORIENTED_EDGE ( 'NONE', *, *, #34, .F. ) ;
#936 = PERSON_AND_ORGANIZATION ( #425, #718 ) ;
#937 = AXIS2_PLACEMENT_3D ( 'NONE', #601, #150, #1195 ) ;
#938 = EDGE_CURVE ( 'NONE', #794, #784, #59, .T. ) ;
#939 = ORIENTED_EDGE ( 'NONE', *, *, #625, .F. ) ;
#940 = DIRECTION ( 'NONE',  ( 0.000000000000000000, 0.000000000000000000, 1.000000000000000000 ) ) ;
#941 = VERTEX_POINT ( 'NONE', #648 ) ;
#942 = DIRECTION ( 'NONE',  ( 0.000000000000000000, -1.000000000000000000, 0.000000000000000000 ) ) ;
#943 = CARTESIAN_POINT ( 'NONE',  ( -43.00000000000000711, 79.05341984226704710, 4.153249922282208573 ) ) ;
#944 = LINE ( 'NONE', #1565, #535 ) ;
#945 = VERTEX_POINT ( 'NONE', #1268 ) ;
#946 =( NAMED_UNIT ( * ) SI_UNIT ( $, .STERADIAN. ) SOLID_ANGLE_UNIT ( ) );
#947 = ORIENTED_EDGE ( 'NONE', *, *, #61, .T. ) ;
#948 = CC_DESIGN_PERSON_AND_ORGANIZATION_ASSIGNMENT ( #48, #199, ( #1346 ) ) ;
#949 = CARTESIAN_POINT ( 'NONE',  ( 32.00000000000000000, 144.0000000000000000, -6.299999999999999822 ) ) ;
#950 = ORIENTED_EDGE ( 'NONE', *, *, #540, .F. ) ;
#951 = EDGE_CURVE ( 'NONE', #791, #1854, #420, .T. ) ;
#952 = CARTESIAN_POINT ( 'NONE',  ( -34.39999999999999858, 140.0000000000000000, 4.000000000000003553 ) ) ;
#953 = DIRECTION ( 'NONE',  ( -0.000000000000000000, -1.000000000000000000, -0.000000000000000000 ) ) ;
#954 = LINE ( 'NONE', #1098, #565 ) ;
#955 = DIRECTION ( 'NONE',  ( 0.000000000000000000, -1.000000000000000000, 0.000000000000000000 ) ) ;
#956 = COORDINATED_UNIVERSAL_TIME_OFFSET ( 6, 0, .BEHIND. ) ;
#957 = VERTEX_POINT ( 'NONE', #697 ) ;
#958 = PLANE ( 'NONE',  #1199 ) ;
#959 = EDGE_LOOP ( 'NONE', ( #1148, #176, #713, #1529, #1769, #1134, #1767, #1797, #911, #198, #49, #632 ) ) ;
#960 = ORIENTED_EDGE ( 'NONE', *, *, #1404, .F. ) ;
#961 = DIRECTION ( 'NONE',  ( -1.000000000000000000, 0.000000000000000000, 0.000000000000000000 ) ) ;
#962 = EDGE_CURVE ( 'NONE', #162, #1243, #770, .T. ) ;
#963 = CARTESIAN_POINT ( 'NONE',  ( 43.49221623832807637, 77.09904154908947760, 6.219308592857426099 ) ) ;
#964 = LINE ( 'NONE', #1860, #347 ) ;
#965 = AXIS2_PLACEMENT_3D ( 'NONE', #136, #102, #727 ) ;
#966 = DIRECTION ( 'NONE',  ( -1.000000000000000000, 0.000000000000000000, 0.000000000000000000 ) ) ;
#967 = PERSON_AND_ORGANIZATION ( #425, #718 ) ;
#968 = EDGE_LOOP ( 'NONE', ( #454, #1614, #655, #847 ) ) ;
#969 = CC_DESIGN_APPROVAL ( #987, ( #1795 ) ) ;
#970 = LINE ( 'NONE', #516, #1170 ) ;
#971 = CARTESIAN_POINT ( 'NONE',  ( 34.14999999999999858, 117.0000000000000000, 4.000000000000000000 ) ) ;
#972 = ORIENTED_EDGE ( 'NONE', *, *, #272, .F. ) ;
#973 = CARTESIAN_POINT ( 'NONE',  ( 34.14999999999999858, 127.0000000000000000, 11.99999999999999645 ) ) ;
#974 = DIRECTION ( 'NONE',  ( -0.000000000000000000, -0.000000000000000000, 1.000000000000000000 ) ) ;
#975 = EDGE_CURVE ( 'NONE', #488, #1011, #1462, .T. ) ;
#976 = DIRECTION ( 'NONE',  ( 0.000000000000000000, -0.000000000000000000, -1.000000000000000000 ) ) ;
#977 = EDGE_CURVE ( 'NONE', #259, #1408, #485, .T. ) ;
#978 = VERTEX_POINT ( 'NONE', #1631 ) ;
#979 = DIRECTION ( 'NONE',  ( 0.000000000000000000, -1.000000000000000000, 0.000000000000000000 ) ) ;
#980 = CARTESIAN_POINT ( 'NONE',  ( -37.59999999999999432, 140.0000000000000000, 44.00000000000000000 ) ) ;
#981 = ORIENTED_EDGE ( 'NONE', *, *, #1774, .T. ) ;
#982 = PLANE ( 'NONE',  #52 ) ;
#983 = LINE ( 'NONE', #1580, #1411 ) ;
#984 = CARTESIAN_POINT ( 'NONE',  ( 43.13468058964876661, 78.09671576076408428, 4.675931161155285842 ) ) ;
#985 = FACE_OUTER_BOUND ( 'NONE', #1234, .T. ) ;
#986 = AXIS2_PLACEMENT_3D ( 'NONE', #766, #1868, #988 ) ;
#987 = APPROVAL ( #41, 'UNSPECIFIED' ) ;
#988 = DIRECTION ( 'NONE',  ( 0.000000000000000000, 0.000000000000000000, -1.000000000000000000 ) ) ;
#989 = EDGE_CURVE ( 'NONE', #1299, #994, #1743, .T. ) ;
#990 = ORIENTED_EDGE ( 'NONE', *, *, #1439, .F. ) ;
#991 = VERTEX_POINT ( 'NONE', #436 ) ;
#992 = FACE_OUTER_BOUND ( 'NONE', #1919, .T. ) ;
#993 = CARTESIAN_POINT ( 'NONE',  ( 30.84900000000000020, 132.5000000000000000, 4.000000000000000000 ) ) ;
#994 = VERTEX_POINT ( 'NONE', #291 ) ;
#995 = DIRECTION ( 'NONE',  ( -1.000000000000000000, 0.000000000000000000, 0.000000000000000000 ) ) ;
#996 = DIRECTION ( 'NONE',  ( -0.000000000000000000, -0.000000000000000000, 1.000000000000000000 ) ) ;
#997 = LINE ( 'NONE', #568, #185 ) ;
#998 = DIRECTION ( 'NONE',  ( -1.000000000000000000, 0.000000000000000000, -0.000000000000000000 ) ) ;
#999 = CIRCLE ( 'NONE', #505, 1.700000000000000178 ) ;
#1000 = VECTOR ( 'NONE', #418, 1000.000000000000000 ) ;
#1001 = ORIENTED_EDGE ( 'NONE', *, *, #451, .T. ) ;
#1002 = AXIS2_PLACEMENT_3D ( 'NONE', #638, #647, #961 ) ;
#1003 = VERTEX_POINT ( 'NONE', #1331 ) ;
#1004 = CARTESIAN_POINT ( 'NONE',  ( 32.00000000000000000, 77.00000000000000000, 8.000000000000000000 ) ) ;
#1005 = AXIS2_PLACEMENT_3D ( 'NONE', #666, #1274, #1821 ) ;
#1006 = AXIS2_PLACEMENT_3D ( 'NONE', #616, #163, #307 ) ;
#1007 = CARTESIAN_POINT ( 'NONE',  ( -43.00000000000000711, 144.0000000000000000, 4.000000000000000000 ) ) ;
#1008 = EDGE_CURVE ( 'NONE', #1942, #1771, #997, .T. ) ;
#1009 = CIRCLE ( 'NONE', #467, 1.700000000000000178 ) ;
#1010 = AXIS2_PLACEMENT_3D ( 'NONE', #1389, #373, #1869 ) ;
#1011 = VERTEX_POINT ( 'NONE', #556 ) ;
#1012 = CARTESIAN_POINT ( 'NONE',  ( 0.000000000000000000, 80.00000000000000000, 7.000000000000000000 ) ) ;
#1013 = CARTESIAN_POINT ( 'NONE',  ( -42.99999999999533884, 77.73456013815943777, 6.831686787261490146 ) ) ;
#1014 = FACE_BOUND ( 'NONE', #831, .T. ) ;
#1015 = LINE ( 'NONE', #263, #1133 ) ;
#1016 = CARTESIAN_POINT ( 'NONE',  ( -43.00000000000000711, 80.00000000000000000, 0.000000000000000000 ) ) ;
#1017 = ORIENTED_EDGE ( 'NONE', *, *, #1063, .F. ) ;
#1018 = DIRECTION ( 'NONE',  ( 0.000000000000000000, 0.000000000000000000, -1.000000000000000000 ) ) ;
#1019 = LINE ( 'NONE', #849, #127 ) ;
#1020 = ORIENTED_EDGE ( 'NONE', *, *, #649, .F. ) ;
#1021 = EDGE_CURVE ( 'NONE', #757, #169, #1888, .T. ) ;
#1022 = CARTESIAN_POINT ( 'NONE',  ( 43.83186738499376389, 77.11306096917365949, -2.167948950117080997 ) ) ;
#1023 = CARTESIAN_POINT ( 'NONE',  ( -40.00000000000000000, 80.00000000000000000, 7.000000000000000000 ) ) ;
#1024 = VERTEX_POINT ( 'NONE', #1592 ) ;
#1025 = DIRECTION ( 'NONE',  ( 1.000000000000000000, -0.000000000000000000, 0.000000000000000000 ) ) ;
#1026 = VERTEX_POINT ( 'NONE', #1604 ) ;
#1027 = PRODUCT_DEFINITION_SHAPE ( 'NONE', 'NONE',  #1795 ) ;
#1028 = CARTESIAN_POINT ( 'NONE',  ( -43.71492776444041795, 76.99999999998196643, 5.018166004645542522 ) ) ;
#1029 = CARTESIAN_POINT ( 'NONE',  ( 43.23427843904050860, 78.06202356005699983, -0.7043240200841921483 ) ) ;
#1030 = EDGE_CURVE ( 'NONE', #709, #1177, #271, .T. ) ;
#1031 = CARTESIAN_POINT ( 'NONE',  ( -32.00000000000000000, 77.00000000000000000, -8.000000000000000000 ) ) ;
#1032 = CARTESIAN_POINT ( 'NONE',  ( 43.00000000000000000, 79.23597284044505784, -0.09892045964568306482 ) ) ;
#1033 = ORIENTED_EDGE ( 'NONE', *, *, #923, .T. ) ;
#1034 = FACE_OUTER_BOUND ( 'NONE', #504, .T. ) ;
#1035 = DIRECTION ( 'NONE',  ( -1.000000000000000000, 0.000000000000000000, 0.000000000000000000 ) ) ;
#1036 = ORIENTED_EDGE ( 'NONE', *, *, #1889, .T. ) ;
#1037 = VECTOR ( 'NONE', #399, 1000.000000000000000 ) ;
#1038 = AXIS2_PLACEMENT_3D ( 'NONE', #1924, #1647, #1630 ) ;
#1039 = PLANE ( 'NONE',  #1006 ) ;
#1040 = CIRCLE ( 'NONE', #599, 1.700000000000000178 ) ;
#1041 = CARTESIAN_POINT ( 'NONE',  ( 43.74544276196173342, 77.22057033522850134, -1.859168436662140822 ) ) ;
#1042 = DIRECTION ( 'NONE',  ( 0.000000000000000000, -0.7071067811865491270, -0.7071067811865459074 ) ) ;
#1043 = ADVANCED_FACE ( 'NONE', ( #1481, #872, #1752, #1014, #138, #1916, #576, #1776 ), #729, .T. ) ;
#1044 = LINE ( 'NONE', #116, #1691 ) ;
#1045 = FACE_OUTER_BOUND ( 'NONE', #1215, .T. ) ;
#1046 = ORIENTED_EDGE ( 'NONE', *, *, #1488, .T. ) ;
#1047 =( LENGTH_UNIT ( ) NAMED_UNIT ( * ) SI_UNIT ( .MILLI., .METRE. ) );
#1048 = LINE ( 'NONE', #1637, #282 ) ;
#1049 = ORIENTED_EDGE ( 'NONE', *, *, #1453, .T. ) ;
#1050 = CARTESIAN_POINT ( 'NONE',  ( 43.00000000000000000, 79.23733810429715163, 0.6108251825871255924 ) ) ;
#1051 = DIRECTION ( 'NONE',  ( -0.000000000000000000, -0.000000000000000000, 1.000000000000000000 ) ) ;
#1052 = DIRECTION ( 'NONE',  ( 0.000000000000000000, 1.000000000000000000, 0.000000000000000000 ) ) ;
#1053 = ORIENTED_EDGE ( 'NONE', *, *, #1301, .F. ) ;
#1054 = DIRECTION ( 'NONE',  ( 0.000000000000000000, 0.000000000000000000, 1.000000000000000000 ) ) ;
#1055 = ADVANCED_FACE ( 'NONE', ( #586 ), #800, .F. ) ;
#1056 = ORIENTED_EDGE ( 'NONE', *, *, #1203, .T. ) ;
#1057 = CARTESIAN_POINT ( 'NONE',  ( -16.00000000000000000, 108.0000000000000000, -4.999999999999997335 ) ) ;
#1058 = DIRECTION ( 'NONE',  ( 0.000000000000000000, -1.000000000000000000, 0.000000000000000000 ) ) ;
#1059 = CARTESIAN_POINT ( 'NONE',  ( -43.00000000000000711, 140.9999999999999432, 4.000000000000000000 ) ) ;
#1060 = EDGE_LOOP ( 'NONE', ( #1665, #500, #1547, #602 ) ) ;
#1061 = CARTESIAN_POINT ( 'NONE',  ( -43.34322731499919712, 77.82841041741500021, -0.9239499883082278320 ) ) ;
#1062 = EDGE_LOOP ( 'NONE', ( #1643, #1727 ) ) ;
#1063 = EDGE_CURVE ( 'NONE', #1854, #259, #200, .T. ) ;
#1064 = CARTESIAN_POINT ( 'NONE',  ( 40.00000000000000000, 80.00000000000000000, 4.000000000000000000 ) ) ;
#1065 = AXIS2_PLACEMENT_3D ( 'NONE', #1859, #541, #1697 ) ;
#1066 = CARTESIAN_POINT ( 'NONE',  ( 43.49489166668431039, 76.99999999988992272, 6.660010722160976115 ) ) ;
#1067 = VECTOR ( 'NONE', #1420, 1000.000000000000000 ) ;
#1068 = APPROVAL_PERSON_ORGANIZATION ( #663, #741, #653 ) ;
#1069 = CARTESIAN_POINT ( 'NONE',  ( -36.00000000000000000, 140.0000000000000000, 44.00000000000000000 ) ) ;
#1070 = ORIENTED_EDGE ( 'NONE', *, *, #754, .T. ) ;
#1071 = DIRECTION ( 'NONE',  ( 0.000000000000000000, 0.000000000000000000, -1.000000000000000000 ) ) ;
#1072 = ORIENTED_EDGE ( 'NONE', *, *, #84, .T. ) ;
#1073 = FACE_OUTER_BOUND ( 'NONE', #1388, .T. ) ;
#1074 = EDGE_CURVE ( 'NONE', #1107, #40, #1498, .T. ) ;
#1075 = VERTEX_POINT ( 'NONE', #1208 ) ;
#1076 = DIRECTION ( 'NONE',  ( -1.000000000000000000, 0.000000000000000000, 0.000000000000000000 ) ) ;
#1077 = DIRECTION ( 'NONE',  ( -1.000000000000000000, 0.000000000000000000, 0.000000000000000000 ) ) ;
#1078 = EDGE_CURVE ( 'NONE', #624, #1678, #742, .T. ) ;
#1079 = DIRECTION ( 'NONE',  ( 0.000000000000000000, 0.000000000000000000, -1.000000000000000000 ) ) ;
#1080 = ORIENTED_EDGE ( 'NONE', *, *, #451, .F. ) ;
#1081 =( NAMED_UNIT ( * ) PLANE_ANGLE_UNIT ( ) SI_UNIT ( $, .RADIAN. ) );
#1082 = ORIENTED_EDGE ( 'NONE', *, *, #1898, .F. ) ;
#1083 = ORIENTED_EDGE ( 'NONE', *, *, #1525, .F. ) ;
#1084 = DIRECTION ( 'NONE',  ( -0.7071067811865474617, 0.7071067811865474617, -0.000000000000000000 ) ) ;
#1085 = CARTESIAN_POINT ( 'NONE',  ( 0.000000000000000000, 80.00000000000000000, 4.000000000000000000 ) ) ;
#1086 = DIRECTION ( 'NONE',  ( -1.000000000000000000, 0.000000000000000000, 0.000000000000000000 ) ) ;
#1087 = ADVANCED_FACE ( 'NONE', ( #736 ), #1372, .F. ) ;
#1088 = ORIENTED_EDGE ( 'NONE', *, *, #1864, .T. ) ;
#1089 = DATE_TIME_ROLE ( 'creation_date' ) ;
#1090 = VECTOR ( 'NONE', #1491, 1000.000000000000000 ) ;
#1091 = ORIENTED_EDGE ( 'NONE', *, *, #861, .F. ) ;
#1092 = FACE_BOUND ( 'NONE', #1873, .T. ) ;
#1093 = ORIENTED_EDGE ( 'NONE', *, *, #1898, .T. ) ;
#1094 = ORIENTED_EDGE ( 'NONE', *, *, #1404, .T. ) ;
#1095 = DIRECTION ( 'NONE',  ( 0.000000000000000000, 0.000000000000000000, -1.000000000000000000 ) ) ;
#1096 = AXIS2_PLACEMENT_3D ( 'NONE', #1303, #1897, #428 ) ;
#1097 = LINE ( 'NONE', #1724, #1812 ) ;
#1098 = CARTESIAN_POINT ( 'NONE',  ( 0.000000000000000000, 77.00000000000000000, 7.000000000000000000 ) ) ;
#1099 = VECTOR ( 'NONE', #1396, 1000.000000000000000 ) ;
#1100 = APPROVAL ( #1841, 'UNSPECIFIED' ) ;
#1101 = ORIENTED_EDGE ( 'NONE', *, *, #1839, .T. ) ;
#1102 = APPLICATION_PROTOCOL_DEFINITION ( 'international standard', 'config_control_design', 1994, #1482 ) ;
#1103 = AXIS2_PLACEMENT_3D ( 'NONE', #1607, #732, #1626 ) ;
#1104 = EDGE_CURVE ( 'NONE', #1900, #40, #1227, .T. ) ;
#1105 = EDGE_LOOP ( 'NONE', ( #1847, #981, #1700, #1017 ) ) ;
#1106 = PLANE ( 'NONE',  #313 ) ;
#1107 = VERTEX_POINT ( 'NONE', #309 ) ;
#1108 = CARTESIAN_POINT ( 'NONE',  ( -43.00000000000000711, 140.9999999999999432, 0.000000000000000000 ) ) ;
#1109 = CARTESIAN_POINT ( 'NONE',  ( -43.00000000000000711, 80.00000000000000000, 0.000000000000000000 ) ) ;
#1110 = LINE ( 'NONE', #1713, #1476 ) ;
#1111 = AXIS2_PLACEMENT_3D ( 'NONE', #1785, #430, #1768 ) ;
#1112 = CARTESIAN_POINT ( 'NONE',  ( 35.85000000000000142, 127.0000000000000000, 4.000000000000000000 ) ) ;
#1113 = ORIENTED_EDGE ( 'NONE', *, *, #1104, .F. ) ;
#1114 = DIRECTION ( 'NONE',  ( -1.000000000000000000, 0.000000000000000000, 0.000000000000000000 ) ) ;
#1115 = EDGE_CURVE ( 'NONE', #1702, #1116, #301, .T. ) ;
#1116 = VERTEX_POINT ( 'NONE', #481 ) ;
#1117 = AXIS2_PLACEMENT_3D ( 'NONE', #868, #62, #976 ) ;
#1118 = DIRECTION ( 'NONE',  ( 0.000000000000000000, 0.000000000000000000, 1.000000000000000000 ) ) ;
#1119 = CARTESIAN_POINT ( 'NONE',  ( 43.43961325794694517, 77.00000000000000000, 7.000000000000000000 ) ) ;
#1120 = FACE_OUTER_BOUND ( 'NONE', #1737, .T. ) ;
#1121 = LINE ( 'NONE', #177, #1833 ) ;
#1122 = CALENDAR_DATE ( 2026, 28, 9 ) ;
#1123 = ORIENTED_EDGE ( 'NONE', *, *, #735, .F. ) ;
#1124 = LINE ( 'NONE', #949, #92 ) ;
#1125 = DIRECTION ( 'NONE',  ( -0.000000000000000000, -1.000000000000000000, -0.000000000000000000 ) ) ;
#1126 = VERTEX_POINT ( 'NONE', #154 ) ;
#1127 = EDGE_CURVE ( 'NONE', #978, #1764, #744, .T. ) ;
#1128 = DIRECTION ( 'NONE',  ( -1.000000000000000000, 0.000000000000000000, -0.000000000000000000 ) ) ;
#1129 = ADVANCED_FACE ( 'NONE', ( #1120 ), #496, .F. ) ;
#1130 = CARTESIAN_POINT ( 'NONE',  ( -43.00000000000000711, 76.00000000000000000, 4.000000000000000000 ) ) ;
#1131 = VECTOR ( 'NONE', #1281, 1000.000000000000000 ) ;
#1132 = DIRECTION ( 'NONE',  ( -0.000000000000000000, -0.000000000000000000, 1.000000000000000000 ) ) ;
#1133 = VECTOR ( 'NONE', #1649, 1000.000000000000000 ) ;
#1134 = ORIENTED_EDGE ( 'NONE', *, *, #1271, .F. ) ;
#1135 = VECTOR ( 'NONE', #119, 1000.000000000000000 ) ;
#1136 = DIRECTION ( 'NONE',  ( 0.000000000000000000, 0.000000000000000000, 1.000000000000000000 ) ) ;
#1137 = LINE ( 'NONE', #525, #716 ) ;
#1138 = EDGE_LOOP ( 'NONE', ( #866, #1237, #379, #935 ) ) ;
#1139 = CARTESIAN_POINT ( 'NONE',  ( -36.00000000000000000, 104.0000000000000000, 44.00000000000000000 ) ) ;
#1140 = EDGE_CURVE ( 'NONE', #833, #190, #999, .T. ) ;
#1141 = CARTESIAN_POINT ( 'NONE',  ( 32.00000000000000000, 144.0000000000000000, -8.000000000000000000 ) ) ;
#1142 = DIRECTION ( 'NONE',  ( 0.000000000000000000, -1.000000000000000000, 0.000000000000000000 ) ) ;
#1143 = EDGE_CURVE ( 'NONE', #1900, #1299, #1110, .T. ) ;
#1144 = ORIENTED_EDGE ( 'NONE', *, *, #851, .F. ) ;
#1145 = DIRECTION ( 'NONE',  ( 1.000000000000000000, 0.000000000000000000, 0.000000000000000000 ) ) ;
#1146 = DIRECTION ( 'NONE',  ( -0.000000000000000000, 1.000000000000000000, -0.000000000000000000 ) ) ;
#1147 = CIRCLE ( 'NONE', #1639, 3.000000000000000000 ) ;
#1148 = ORIENTED_EDGE ( 'NONE', *, *, #1463, .F. ) ;
#1149 = DIRECTION ( 'NONE',  ( -1.000000000000000000, 0.000000000000000000, 0.000000000000000000 ) ) ;
#1150 = B_SPLINE_CURVE_WITH_KNOTS ( 'NONE', 3,
 ( #529, #390, #352, #361, #70, #943 ),
 .UNSPECIFIED., .F., .F.,
 ( 4, 2, 4 ),
 ( -9.888130763686004158E-05, 0.002029514851229816293, 0.004157911010096492464 ),
 .UNSPECIFIED. ) ;
#1151 = CARTESIAN_POINT ( 'NONE',  ( -43.00000000000000711, 78.70600776732104009, 6.604523039870758616 ) ) ;
#1152 = CARTESIAN_POINT ( 'NONE',  ( 43.01360592949155404, 78.91163325723020705, -0.1994061631216610952 ) ) ;
#1153 = DIRECTION ( 'NONE',  ( 0.000000000000000000, -0.000000000000000000, 1.000000000000000000 ) ) ;
#1154 = EDGE_CURVE ( 'NONE', #532, #1024, #1705, .T. ) ;
#1155 = DIRECTION ( 'NONE',  ( -0.000000000000000000, -0.000000000000000000, 1.000000000000000000 ) ) ;
#1156 = ORIENTED_EDGE ( 'NONE', *, *, #1392, .T. ) ;
#1157 = CARTESIAN_POINT ( 'NONE',  ( -34.39999999999999858, 104.0000000000000000, 44.00000000000000000 ) ) ;
#1158 = CARTESIAN_POINT ( 'NONE',  ( 34.14999999999999858, 117.0000000000000000, 11.99999999999999645 ) ) ;
#1159 = ORIENTED_EDGE ( 'NONE', *, *, #962, .F. ) ;
#1160 = CYLINDRICAL_SURFACE ( 'NONE', #345, 3.000000000000000000 ) ;
#1161 = CARTESIAN_POINT ( 'NONE',  ( -43.00000000000000711, 79.08616404606715378, 3.946316258853483916 ) ) ;
#1162 = CARTESIAN_POINT ( 'NONE',  ( -43.00000000000000711, 140.9999999999999432, 4.000000000000000000 ) ) ;
#1163 = DIRECTION ( 'NONE',  ( -0.000000000000000000, -1.000000000000000000, -0.000000000000000000 ) ) ;
#1164 = FACE_OUTER_BOUND ( 'NONE', #1810, .T. ) ;
#1165 = EDGE_CURVE ( 'NONE', #765, #794, #371, .T. ) ;
#1166 = AXIS2_PLACEMENT_3D ( 'NONE', #1464, #1312, #441 ) ;
#1167 = ORIENTED_EDGE ( 'NONE', *, *, #459, .F. ) ;
#1168 = AXIS2_PLACEMENT_3D ( 'NONE', #1139, #1544, #493 ) ;
#1169 = PLANE ( 'NONE',  #469 ) ;
#1170 = VECTOR ( 'NONE', #1114, 1000.000000000000000 ) ;
#1171 = VECTOR ( 'NONE', #1371, 1000.000000000000000 ) ;
#1172 = EDGE_CURVE ( 'NONE', #1350, #878, #954, .T. ) ;
#1173 = ORIENTED_EDGE ( 'NONE', *, *, #1275, .F. ) ;
#1174 = DIRECTION ( 'NONE',  ( 0.000000000000000000, 0.000000000000000000, -1.000000000000000000 ) ) ;
#1175 = PLANE ( 'NONE',  #1790 ) ;
#1176 = DIRECTION ( 'NONE',  ( -1.000000000000000000, 0.000000000000000000, 0.000000000000000000 ) ) ;
#1177 = VERTEX_POINT ( 'NONE', #353 ) ;
#1178 = CARTESIAN_POINT ( 'NONE',  ( -32.00000000000000000, 144.0000000000000000, 6.299999999999999822 ) ) ;
#1179 = ORIENTED_EDGE ( 'NONE', *, *, #887, .F. ) ;
#1180 = EDGE_CURVE ( 'NONE', #96, #1107, #964, .T. ) ;
#1181 = CARTESIAN_POINT ( 'NONE',  ( -43.00000000000000711, 77.89412097542583524, 1.228019087542791654 ) ) ;
#1182 = CARTESIAN_POINT ( 'NONE',  ( 43.07348088142525455, 78.34508064658916737, 4.493004029377154929 ) ) ;
#1183 = CARTESIAN_POINT ( 'NONE',  ( 32.45000000000000284, 127.0000000000000000, 0.000000000000000000 ) ) ;
#1184 = ORIENTED_EDGE ( 'NONE', *, *, #786, .T. ) ;
#1185 = DIRECTION ( 'NONE',  ( -1.000000000000000000, 0.000000000000000000, 0.000000000000000000 ) ) ;
#1186 = LINE ( 'NONE', #112, #1879 ) ;
#1187 = ORIENTED_EDGE ( 'NONE', *, *, #1874, .F. ) ;
#1188 = CARTESIAN_POINT ( 'NONE',  ( -23.00000000000000000, 108.0000000000000000, -4.999999999999997335 ) ) ;
#1189 = EDGE_CURVE ( 'NONE', #1571, #1429, #1413, .T. ) ;
#1190 = CARTESIAN_POINT ( 'NONE',  ( 43.01086242899951628, 78.75388244166470031, 4.266562641963407287 ) ) ;
#1191 = CIRCLE ( 'NONE', #311, 1.700000000000000178 ) ;
#1192 = CARTESIAN_POINT ( 'NONE',  ( 92.00000000000000000, 92.00000000000000000, 0.000000000000000000 ) ) ;
#1193 = CARTESIAN_POINT ( 'NONE',  ( -40.00000000000000000, 0.000000000000000000, -0.000000000000000000 ) ) ;
#1194 = EDGE_LOOP ( 'NONE', ( #243, #939 ) ) ;
#1195 = DIRECTION ( 'NONE',  ( 0.000000000000000000, 0.000000000000000000, 1.000000000000000000 ) ) ;
#1196 = LINE ( 'NONE', #1791, #933 ) ;
#1197 = EDGE_LOOP ( 'NONE', ( #1357, #1519, #1046, #333, #305, #793, #1020, #1287 ) ) ;
#1198 = AXIS2_PLACEMENT_3D ( 'NONE', #1744, #400, #998 ) ;
#1199 = AXIS2_PLACEMENT_3D ( 'NONE', #65, #85, #491 ) ;
#1200 = CARTESIAN_POINT ( 'NONE',  ( 43.98733405126944973, 76.99999999999899103, -1.359312326333218301 ) ) ;
#1201 = EDGE_CURVE ( 'NONE', #883, #734, #944, .T. ) ;
#1202 = CARTESIAN_POINT ( 'NONE',  ( 35.85000000000000142, 127.0000000000000000, 11.99999999999999645 ) ) ;
#1203 = EDGE_CURVE ( 'NONE', #1496, #488, #209, .T. ) ;
#1204 = ORIENTED_EDGE ( 'NONE', *, *, #235, .T. ) ;
#1205 = DIRECTION ( 'NONE',  ( 1.000000000000000000, -0.000000000000000000, 0.000000000000000000 ) ) ;
#1206 = ADVANCED_BREP_SHAPE_REPRESENTATION ( 'ARM-203_Bolted_shoulder_upright', ( #1582, #1010 ), #1385 ) ;
#1207 = EDGE_LOOP ( 'NONE', ( #1657, #574, #1894, #1676 ) ) ;
#1208 = CARTESIAN_POINT ( 'NONE',  ( -23.00000000000000000, 108.0000000000000000, 0.000000000000000000 ) ) ;
#1209 = AXIS2_PLACEMENT_3D ( 'NONE', #1583, #372, #242 ) ;
#1210 = CARTESIAN_POINT ( 'NONE',  ( 40.00000000000000000, 77.00000000000000000, -12.00000000000000000 ) ) ;
#1211 = VECTOR ( 'NONE', #818, 1000.000000000000000 ) ;
#1212 = ADVANCED_FACE ( 'NONE', ( #985 ), #1175, .T. ) ;
#1213 = EDGE_LOOP ( 'NONE', ( #109, #1589, #87, #1398 ) ) ;
#1214 = CARTESIAN_POINT ( 'NONE',  ( -43.06223831602420660, 78.60803078167529634, -0.3372531504511896983 ) ) ;
#1215 = EDGE_LOOP ( 'NONE', ( #460, #97, #1914, #582 ) ) ;
#1216 = CARTESIAN_POINT ( 'NONE',  ( 32.00000000000000000, 144.0000000000000000, -8.000000000000000000 ) ) ;
#1217 = CARTESIAN_POINT ( 'NONE',  ( 43.00000000000000000, 79.19239390300484160, -2.315371823058253398 ) ) ;
#1218 = DIRECTION ( 'NONE',  ( 0.000000000000000000, 0.000000000000000000, -1.000000000000000000 ) ) ;
#1219 = ORIENTED_EDGE ( 'NONE', *, *, #989, .F. ) ;
#1220 = CARTESIAN_POINT ( 'NONE',  ( -43.83175606407252900, 77.11319796251886771, -2.167438983404147201 ) ) ;
#1221 = EDGE_CURVE ( 'NONE', #1496, #646, #557, .T. ) ;
#1222 = ORIENTED_EDGE ( 'NONE', *, *, #614, .T. ) ;
#1223 = DIRECTION ( 'NONE',  ( -1.000000000000000000, 0.000000000000000000, 0.000000000000000000 ) ) ;
#1224 = EDGE_CURVE ( 'NONE', #1126, #1870, #1015, .T. ) ;
#1225 = AXIS2_PLACEMENT_3D ( 'NONE', #1059, #1524, #166 ) ;
#1226 = CIRCLE ( 'NONE', #376, 1.599999999999997202 ) ;
#1227 = LINE ( 'NONE', #1827, #684 ) ;
#1228 = DIRECTION ( 'NONE',  ( 1.000000000000000000, 0.000000000000000000, 0.000000000000000000 ) ) ;
#1229 = VECTOR ( 'NONE', #1467, 1000.000000000000000 ) ;
#1230 = VECTOR ( 'NONE', #1466, 1000.000000000000000 ) ;
#1231 = DIRECTION ( 'NONE',  ( 0.000000000000000000, -0.000000000000000000, -1.000000000000000000 ) ) ;
#1232 = ORIENTED_EDGE ( 'NONE', *, *, #1201, .F. ) ;
#1233 = DIRECTION ( 'NONE',  ( -1.000000000000000000, 0.000000000000000000, 0.000000000000000000 ) ) ;
#1234 = EDGE_LOOP ( 'NONE', ( #1861, #1393, #1277, #315 ) ) ;
#1235 = DIRECTION ( 'NONE',  ( -0.000000000000000000, -0.000000000000000000, 1.000000000000000000 ) ) ;
#1236 = EDGE_CURVE ( 'NONE', #627, #42, #1360, .T. ) ;
#1237 = ORIENTED_EDGE ( 'NONE', *, *, #429, .T. ) ;
#1238 = CARTESIAN_POINT ( 'NONE',  ( 43.00000000000000000, 79.22419442866444683, -1.421309169399582739 ) ) ;
#1239 = DIRECTION ( 'NONE',  ( 0.000000000000000000, 0.000000000000000000, -1.000000000000000000 ) ) ;
#1240 = DIRECTION ( 'NONE',  ( 0.000000000000000000, -1.000000000000000000, 0.000000000000000000 ) ) ;
#1241 = EDGE_LOOP ( 'NONE', ( #700, #621 ) ) ;
#1242 = CALENDAR_DATE ( 2026, 28, 9 ) ;
#1243 = VERTEX_POINT ( 'NONE', #147 ) ;
#1244 = CIRCLE ( 'NONE', #635, 1.700000000000001954 ) ;
#1245 = VERTEX_POINT ( 'NONE', #245 ) ;
#1246 = CARTESIAN_POINT ( 'NONE',  ( -23.00000000000000000, 104.9999999999999858, -8.000000000000000000 ) ) ;
#1247 = ADVANCED_FACE ( 'NONE', ( #180 ), #807, .F. ) ;
#1248 = CARTESIAN_POINT ( 'NONE',  ( 43.46502153252703238, 77.00000000000002842, 6.842324911241349561 ) ) ;
#1249 = CARTESIAN_POINT ( 'NONE',  ( -32.00000000000000000, 77.00000000000000000, 8.000000000000000000 ) ) ;
#1250 = EDGE_LOOP ( 'NONE', ( #1113, #374, #1431, #905 ) ) ;
#1251 = PERSON_AND_ORGANIZATION_ROLE ( 'creator' ) ;
#1252 = ORIENTED_EDGE ( 'NONE', *, *, #331, .F. ) ;
#1253 = LINE ( 'NONE', #227, #1294 ) ;
#1254 = ORIENTED_EDGE ( 'NONE', *, *, #233, .T. ) ;
#1255 = ORIENTED_EDGE ( 'NONE', *, *, #297, .T. ) ;
#1256 = FACE_OUTER_BOUND ( 'NONE', #4, .T. ) ;
#1257 = AXIS2_PLACEMENT_3D ( 'NONE', #1069, #1079, #1664 ) ;
#1258 = CIRCLE ( 'NONE', #408, 1.700000000000000178 ) ;
#1259 = DIRECTION ( 'NONE',  ( 1.000000000000000000, -0.000000000000000000, 0.000000000000000000 ) ) ;
#1260 = VECTOR ( 'NONE', #142, 1000.000000000000000 ) ;
#1261 = EDGE_CURVE ( 'NONE', #600, #96, #213, .T. ) ;
#1262 = VERTEX_POINT ( 'NONE', #1523 ) ;
#1263 = COORDINATED_UNIVERSAL_TIME_OFFSET ( 6, 0, .BEHIND. ) ;
#1264 = ORIENTED_EDGE ( 'NONE', *, *, #78, .T. ) ;
#1265 = CARTESIAN_POINT ( 'NONE',  ( -16.00000000000000000, 104.9999999999999858, -8.000000000000000000 ) ) ;
#1266 = ORIENTED_EDGE ( 'NONE', *, *, #320, .F. ) ;
#1267 = CARTESIAN_POINT ( 'NONE',  ( -39.99999999999997868, 144.0000000000000000, 4.000000000000000000 ) ) ;
#1268 = CARTESIAN_POINT ( 'NONE',  ( 43.00000000000000000, 141.0000000000000000, 0.000000000000000000 ) ) ;
#1269 = CARTESIAN_POINT ( 'NONE',  ( 32.00000000000000000, 77.00000000000000000, 9.700000000000001066 ) ) ;
#1270 = DATE_AND_TIME ( #1853, #219 ) ;
#1271 = EDGE_CURVE ( 'NONE', #1870, #488, #618, .T. ) ;
#1272 = ORIENTED_EDGE ( 'NONE', *, *, #908, .F. ) ;
#1273 = CARTESIAN_POINT ( 'NONE',  ( -15.85000000000000320, 117.0000000000000000, 11.99999999999999645 ) ) ;
#1274 = DIRECTION ( 'NONE',  ( -0.000000000000000000, 1.000000000000000000, -0.000000000000000000 ) ) ;
#1275 = EDGE_CURVE ( 'NONE', #466, #477, #1326, .T. ) ;
#1276 = ORIENTED_EDGE ( 'NONE', *, *, #1936, .F. ) ;
#1277 = ORIENTED_EDGE ( 'NONE', *, *, #1104, .T. ) ;
#1278 = VECTOR ( 'NONE', #1817, 1000.000000000000000 ) ;
#1279 = CIRCLE ( 'NONE', #1166, 1.700000000000001954 ) ;
#1280 = DIRECTION ( 'NONE',  ( 0.000000000000000000, 1.000000000000000000, 0.000000000000000000 ) ) ;
#1281 = DIRECTION ( 'NONE',  ( -0.000000000000000000, -1.000000000000000000, -0.000000000000000000 ) ) ;
#1282 = DIRECTION ( 'NONE',  ( 0.000000000000000000, 1.000000000000000000, 0.000000000000000000 ) ) ;
#1283 = PERSON_AND_ORGANIZATION ( #425, #718 ) ;
#1284 = ORIENTED_EDGE ( 'NONE', *, *, #331, .T. ) ;
#1285 = CC_DESIGN_DATE_AND_TIME_ASSIGNMENT ( #364, #803, ( #94 ) ) ;
#1286 = DIRECTION ( 'NONE',  ( 0.000000000000000000, 0.000000000000000000, -1.000000000000000000 ) ) ;
#1287 = ORIENTED_EDGE ( 'NONE', *, *, #908, .T. ) ;
#1288 = EDGE_CURVE ( 'NONE', #1678, #1322, #1578, .T. ) ;
#1289 = DIRECTION ( 'NONE',  ( -0.000000000000000000, 1.000000000000000000, -0.000000000000000000 ) ) ;
#1290 = CARTESIAN_POINT ( 'NONE',  ( -43.00000000000000711, 76.00000000000000000, 4.000000000000000000 ) ) ;
#1291 = CARTESIAN_POINT ( 'NONE',  ( 43.17038155189931814, 77.97867325348271095, 4.777827693918251128 ) ) ;
#1292 = CIRCLE ( 'NONE', #533, 3.000000000000000000 ) ;
#1293 = AXIS2_PLACEMENT_3D ( 'NONE', #1512, #758, #1480 ) ;
#1294 = VECTOR ( 'NONE', #657, 1000.000000000000000 ) ;
#1295 = ORIENTED_EDGE ( 'NONE', *, *, #975, .T. ) ;
#1296 = LOCAL_TIME ( 18, 13, 51.00000000000000000, #956 ) ;
#1297 = CARTESIAN_POINT ( 'NONE',  ( -43.00000000000000711, 79.05341984226704710, 4.153249922282208573 ) ) ;
#1298 =( BOUNDED_SURFACE ( )  B_SPLINE_SURFACE ( 3, 2, ( 
 ( #1317, #826, #555 ),
 ( #1903, #1441, #1339 ),
 ( #690, #270, #251 ),
 ( #843, #1915, #1302 ),
 ( #859, #1181, #1603 ),
 ( #1887, #113, #1925 ),
 ( #1161, #548, #427 ),
 ( #566, #1310, #1028 ),
 ( #1765, #1896, #1732 ),
 ( #1151, #1742, #1751 ),
 ( #409, #1013, #261 ),
 ( #852, #1461, #705 ) ),
 .UNSPECIFIED., .F., .F., .F. ) 
 B_SPLINE_SURFACE_WITH_KNOTS ( ( 4, 2, 2, 2, 2, 4 ),
 ( 3, 3 ),
 ( 0.005512088688012881099, 0.008185321701316120371, 0.01085855471461935964, 0.01353178772792259892, 0.01486840423457421942, 0.01620502074122583819 ),
 ( 0.000000000000000000, 1.000000000000000000 ),
 .UNSPECIFIED. ) 
 GEOMETRIC_REPRESENTATION_ITEM ( )  RATIONAL_B_SPLINE_SURFACE ( (
 ( 1.000000000000000000, 0.9225464687411946141, 1.000000000000000000),
 ( 1.000000000000000000, 0.9172077552840076642, 1.000000000000000000),
 ( 1.000000000000000000, 0.9140268721780024919, 1.000000000000000000),
 ( 1.000000000000000000, 0.9122399444646611677, 1.000000000000000000),
 ( 1.000000000000000000, 0.9136406170245743308, 1.000000000000000000),
 ( 1.000000000000000000, 0.9209099052160789611, 1.000000000000000000),
 ( 1.000000000000000000, 0.9267803606223453672, 1.000000000000000000),
 ( 1.000000000000000000, 0.9385418172838204676, 1.000000000000000000),
 ( 1.000000000000000000, 0.9429515641873968956, 1.000000000000000000),
 ( 1.000000000000000000, 0.9526197731538832425, 1.000000000000000000),
 ( 1.000000000000000000, 0.9578865120318936777, 1.000000000000000000),
 ( 1.000000000000000000, 0.9634596576399054868, 1.000000000000000000) ) ) 
 REPRESENTATION_ITEM ( '' )  SURFACE ( )  );
#1299 = VERTEX_POINT ( 'NONE', #993 ) ;
#1300 = CARTESIAN_POINT ( 'NONE',  ( 40.00000000000002132, 144.0000000000000000, 4.000000000000000000 ) ) ;
#1301 = EDGE_CURVE ( 'NONE', #755, #637, #215, .T. ) ;
#1302 = CARTESIAN_POINT ( 'NONE',  ( -44.00691449201849537, 77.00000000000258638, 0.3532192383149326820 ) ) ;
#1303 = CARTESIAN_POINT ( 'NONE',  ( 32.00000000000000000, 83.00000000000000000, 8.000000000000000000 ) ) ;
#1304 = CARTESIAN_POINT ( 'NONE',  ( 40.00000000000000000, 77.00000000000000000, 12.00000000000000000 ) ) ;
#1305 = ORIENTED_EDGE ( 'NONE', *, *, #235, .F. ) ;
#1306 = ORIENTED_EDGE ( 'NONE', *, *, #1425, .T. ) ;
#1307 = LINE ( 'NONE', #1178, #842 ) ;
#1308 = DIRECTION ( 'NONE',  ( -1.000000000000000000, 0.000000000000000000, 0.000000000000000000 ) ) ;
#1309 = EDGE_LOOP ( 'NONE', ( #325, #1823, #100, #422, #1101 ) ) ;
#1310 = CARTESIAN_POINT ( 'NONE',  ( -43.00000000000000711, 77.83377049257344993, 5.129471325636785650 ) ) ;
#1311 = CARTESIAN_POINT ( 'NONE',  ( 0.000000000000000000, 132.5000000000000000, 4.000000000000000000 ) ) ;
#1312 = DIRECTION ( 'NONE',  ( -0.000000000000000000, -0.000000000000000000, 1.000000000000000000 ) ) ;
#1313 = ORIENTED_EDGE ( 'NONE', *, *, #1673, .F. ) ;
#1314 = CARTESIAN_POINT ( 'NONE',  ( 34.14999999999999858, 127.0000000000000000, 0.000000000000000000 ) ) ;
#1315 = DIRECTION ( 'NONE',  ( -1.000000000000000000, -0.000000000000000000, -0.000000000000000000 ) ) ;
#1316 = CARTESIAN_POINT ( 'NONE',  ( -32.00000000000000000, 83.00000000000000000, -8.000000000000000000 ) ) ;
#1317 = CARTESIAN_POINT ( 'NONE',  ( -43.00000000000000711, 79.13093133986974692, -3.207133425821238504 ) ) ;
#1318 = CARTESIAN_POINT ( 'NONE',  ( 43.18405706676278299, 78.18819718674095043, -0.6032570994235088024 ) ) ;
#1319 = DIRECTION ( 'NONE',  ( -1.000000000000000000, 0.000000000000000000, 0.000000000000000000 ) ) ;
#1320 = VECTOR ( 'NONE', #1174, 1000.000000000000000 ) ;
#1321 = EDGE_CURVE ( 'NONE', #1555, #878, #1390, .T. ) ;
#1322 = VERTEX_POINT ( 'NONE', #1718 ) ;
#1323 = AXIS2_PLACEMENT_3D ( 'NONE', #230, #816, #1432 ) ;
#1324 = ORIENTED_EDGE ( 'NONE', *, *, #367, .F. ) ;
#1325 = CARTESIAN_POINT ( 'NONE',  ( 35.85000000000000142, 117.0000000000000000, 11.99999999999999645 ) ) ;
#1326 = CIRCLE ( 'NONE', #1005, 1.700000000000000178 ) ;
#1327 = FACE_OUTER_BOUND ( 'NONE', #1138, .T. ) ;
#1328 = AXIS2_PLACEMENT_3D ( 'NONE', #835, #1747, #1486 ) ;
#1329 = ORIENTED_EDGE ( 'NONE', *, *, #1528, .T. ) ;
#1330 = FACE_OUTER_BOUND ( 'NONE', #1479, .T. ) ;
#1331 = CARTESIAN_POINT ( 'NONE',  ( -43.00000000000000711, 80.00000000000000000, 4.000000000000000000 ) ) ;
#1332 = CARTESIAN_POINT ( 'NONE',  ( 0.000000000000000000, 83.00000000000000000, -8.000000000000000000 ) ) ;
#1333 = DIRECTION ( 'NONE',  ( -0.000000000000000000, -0.000000000000000000, 1.000000000000000000 ) ) ;
#1334 = EDGE_LOOP ( 'NONE', ( #1585, #1324 ) ) ;
#1335 = LINE ( 'NONE', #1325, #443 ) ;
#1336 = EDGE_CURVE ( 'NONE', #416, #1460, #228, .T. ) ;
#1337 = ORIENTED_EDGE ( 'NONE', *, *, #1021, .F. ) ;
#1338 = FACE_OUTER_BOUND ( 'NONE', #14, .T. ) ;
#1339 = CARTESIAN_POINT ( 'NONE',  ( -43.95248895944565959, 76.99999999995449684, -2.213439080392780145 ) ) ;
#1340 = DIRECTION ( 'NONE',  ( 0.000000000000000000, 0.000000000000000000, -1.000000000000000000 ) ) ;
#1341 = FACE_OUTER_BOUND ( 'NONE', #187, .T. ) ;
#1342 = ORIENTED_EDGE ( 'NONE', *, *, #1074, .T. ) ;
#1343 = CARTESIAN_POINT ( 'NONE',  ( -23.00000000000000000, 77.00000000000000000, -8.000000000000000000 ) ) ;
#1344 = CARTESIAN_POINT ( 'NONE',  ( -23.00000000000000000, 108.0000000000000000, 4.000000000000000000 ) ) ;
#1345 = VERTEX_POINT ( 'NONE', #396 ) ;
#1346 = PRODUCT ( 'ARM-203_Bolted_shoulder_upright', 'ARM-203_Bolted_shoulder_upright', '', ( #1688 ) ) ;
#1347 = EDGE_CURVE ( 'NONE', #1299, #600, #1570, .T. ) ;
#1348 = CARTESIAN_POINT ( 'NONE',  ( 43.95248895944605039, 76.99999999995388578, -2.213439080395983805 ) ) ;
#1349 = DIRECTION ( 'NONE',  ( 0.000000000000000000, 0.000000000000000000, -1.000000000000000000 ) ) ;
#1350 = VERTEX_POINT ( 'NONE', #66 ) ;
#1351 = CARTESIAN_POINT ( 'NONE',  ( -40.00000000000000000, 0.000000000000000000, 4.000000000000000000 ) ) ;
#1352 = AXIS2_PLACEMENT_3D ( 'NONE', #1796, #771, #1641 ) ;
#1353 = EDGE_LOOP ( 'NONE', ( #1646, #322, #750, #1736, #1546 ) ) ;
#1354 = CIRCLE ( 'NONE', #280, 1.700000000000000178 ) ;
#1355 = PLANE ( 'NONE',  #439 ) ;
#1356 = CIRCLE ( 'NONE', #440, 1.700000000000000178 ) ;
#1357 = ORIENTED_EDGE ( 'NONE', *, *, #1497, .F. ) ;
#1358 = CIRCLE ( 'NONE', #381, 1.599999999999997202 ) ;
#1359 = CARTESIAN_POINT ( 'NONE',  ( 43.00000000000000000, 79.22433656031731175, 1.320242810779364895 ) ) ;
#1360 = LINE ( 'NONE', #1777, #1906 ) ;
#1361 = ADVANCED_FACE ( 'NONE', ( #1863 ), #237, .F. ) ;
#1362 = CARTESIAN_POINT ( 'NONE',  ( -14.15000000000000036, 127.0000000000000000, 11.99999999999999645 ) ) ;
#1363 = CARTESIAN_POINT ( 'NONE',  ( -43.09778654631179506, 78.46151064573533063, -0.4192798821553095356 ) ) ;
#1364 = EDGE_LOOP ( 'NONE', ( #1832, #1891, #1329, #75 ) ) ;
#1365 = CARTESIAN_POINT ( 'NONE',  ( 42.99999999999999289, 77.76669121029216569, 6.409099173662188953 ) ) ;
#1366 = EDGE_CURVE ( 'NONE', #169, #608, #1137, .T. ) ;
#1367 = CARTESIAN_POINT ( 'NONE',  ( 40.00000000000000000, 83.00000000000000000, 12.00000000000000000 ) ) ;
#1368 = ORIENTED_EDGE ( 'NONE', *, *, #1471, .F. ) ;
#1369 = CARTESIAN_POINT ( 'NONE',  ( -43.90910083712878276, 77.00000000000002842, -2.831832626171825851 ) ) ;
#1370 = ORIENTED_EDGE ( 'NONE', *, *, #1588, .F. ) ;
#1371 = DIRECTION ( 'NONE',  ( -1.000000000000000000, 0.000000000000000000, 0.000000000000000000 ) ) ;
#1372 = CYLINDRICAL_SURFACE ( 'NONE', #801, 1.700000000000000178 ) ;
#1373 = CARTESIAN_POINT ( 'NONE',  ( -43.48214737340126135, 77.01261673397536356, 6.683139618567737195 ) ) ;
#1374 = CARTESIAN_POINT ( 'NONE',  ( -32.00000000000000000, 144.0000000000000000, 9.700000000000001066 ) ) ;
#1375 = ORIENTED_EDGE ( 'NONE', *, *, #153, .T. ) ;
#1376 = CARTESIAN_POINT ( 'NONE',  ( 43.00000000000000000, 77.00000000000000000, -3.000000000000000000 ) ) ;
#1377 = EDGE_CURVE ( 'NONE', #824, #1516, #1356, .T. ) ;
#1378 = EDGE_LOOP ( 'NONE', ( #634, #1456, #342, #891 ) ) ;
#1379 = CARTESIAN_POINT ( 'NONE',  ( -32.00000000000000000, 77.00000000000000000, -9.700000000000001066 ) ) ;
#1380 = AXIS2_PLACEMENT_3D ( 'NONE', #640, #1259, #46 ) ;
#1381 = DIRECTION ( 'NONE',  ( -0.000000000000000000, -0.000000000000000000, 1.000000000000000000 ) ) ;
#1382 = CARTESIAN_POINT ( 'NONE',  ( 43.00000000000000000, 79.23597284044505784, -0.09892045964568306482 ) ) ;
#1383 = CARTESIAN_POINT ( 'NONE',  ( -43.43961325794694517, 77.00000000000000000, 7.000000000000000000 ) ) ;
#1384 = AXIS2_PLACEMENT_3D ( 'NONE', #1158, #695, #1308 ) ;
#1385 =( GEOMETRIC_REPRESENTATION_CONTEXT ( 3 ) GLOBAL_UNCERTAINTY_ASSIGNED_CONTEXT ( ( #1902 ) ) GLOBAL_UNIT_ASSIGNED_CONTEXT ( ( #1047, #1081, #946 ) ) REPRESENTATION_CONTEXT ( 'NONE', 'WORKASPACE' ) );
#1386 = FACE_BOUND ( 'NONE', #473, .T. ) ;
#1387 = DIRECTION ( 'NONE',  ( 0.000000000000000000, 0.000000000000000000, -1.000000000000000000 ) ) ;
#1388 = EDGE_LOOP ( 'NONE', ( #1652, #1421, #643, #1746 ) ) ;
#1389 = CARTESIAN_POINT ( 'NONE',  ( 0.000000000000000000, 0.000000000000000000, 0.000000000000000000 ) ) ;
#1390 = B_SPLINE_CURVE_WITH_KNOTS ( 'NONE', 3,
 ( #1297, #676, #814, #482, #1884, #1729, #77, #338, #1587, #918, #769, #1373, #1672, #1383 ),
 .UNSPECIFIED., .F., .F.,
 ( 4, 2, 2, 2, 2, 2, 4 ),
 ( 0.000000000000000000, 0.0009441221859052224613, 0.001416183278857836457, 0.001888244371810450344, 0.002832366557715682888, 0.003304427650668305232, 0.003776488743620928443 ),
 .UNSPECIFIED. ) ;
#1391 = VERTEX_POINT ( 'NONE', #388 ) ;
#1392 = EDGE_CURVE ( 'NONE', #141, #194, #822, .T. ) ;
#1393 = ORIENTED_EDGE ( 'NONE', *, *, #1584, .T. ) ;
#1394 = CARTESIAN_POINT ( 'NONE',  ( -43.00000000000000711, 140.9999999999999432, 4.000000000000000000 ) ) ;
#1395 = CARTESIAN_POINT ( 'NONE',  ( 32.45000000000000284, 117.0000000000000000, 0.000000000000000000 ) ) ;
#1396 = DIRECTION ( 'NONE',  ( -1.000000000000000000, -0.000000000000000000, -0.000000000000000000 ) ) ;
#1397 = ORIENTED_EDGE ( 'NONE', *, *, #596, .F. ) ;
#1398 = ORIENTED_EDGE ( 'NONE', *, *, #1699, .F. ) ;
#1399 = CALENDAR_DATE ( 2026, 28, 9 ) ;
#1400 = EDGE_LOOP ( 'NONE', ( #1264, #1436, #358, #696, #893, #174 ) ) ;
#1401 = FACE_OUTER_BOUND ( 'NONE', #959, .T. ) ;
#1402 = ORIENTED_EDGE ( 'NONE', *, *, #1143, .F. ) ;
#1403 = LINE ( 'NONE', #538, #1905 ) ;
#1404 = EDGE_CURVE ( 'NONE', #1429, #1571, #160, .T. ) ;
#1405 = DIRECTION ( 'NONE',  ( 0.000000000000000000, 0.000000000000000000, -1.000000000000000000 ) ) ;
#1406 = VERTEX_POINT ( 'NONE', #1921 ) ;
#1407 = APPROVAL_STATUS ( 'not_yet_approved' ) ;
#1408 = VERTEX_POINT ( 'NONE', #1762 ) ;
#1409 = CARTESIAN_POINT ( 'NONE',  ( -23.00000000000000000, 108.0000000000000000, -4.999999999999997335 ) ) ;
#1410 = DIRECTION ( 'NONE',  ( 0.000000000000000000, 0.000000000000000000, -1.000000000000000000 ) ) ;
#1411 = VECTOR ( 'NONE', #996, 1000.000000000000000 ) ;
#1412 = AXIS2_PLACEMENT_3D ( 'NONE', #1409, #767, #336 ) ;
#1413 = CIRCLE ( 'NONE', #839, 1.700000000000000178 ) ;
#1414 = LINE ( 'NONE', #798, #867 ) ;
#1415 = EDGE_CURVE ( 'NONE', #646, #1245, #1019, .T. ) ;
#1416 = DIRECTION ( 'NONE',  ( 0.000000000000000000, 0.000000000000000000, -1.000000000000000000 ) ) ;
#1417 = APPROVAL_DATE_TIME ( #812, #1100 ) ;
#1418 = VERTEX_POINT ( 'NONE', #581 ) ;
#1419 = DIRECTION ( 'NONE',  ( 0.000000000000000000, 0.000000000000000000, -1.000000000000000000 ) ) ;
#1420 = DIRECTION ( 'NONE',  ( 0.000000000000000000, 0.000000000000000000, -1.000000000000000000 ) ) ;
#1421 = ORIENTED_EDGE ( 'NONE', *, *, #989, .T. ) ;
#1422 = ORIENTED_EDGE ( 'NONE', *, *, #1078, .T. ) ;
#1423 = DIRECTION ( 'NONE',  ( 1.000000000000000000, 0.000000000000000000, 0.000000000000000000 ) ) ;
#1424 = DIRECTION ( 'NONE',  ( 0.000000000000000000, 0.000000000000000000, 1.000000000000000000 ) ) ;
#1425 = EDGE_CURVE ( 'NONE', #1116, #1856, #133, .T. ) ;
#1426 = DIRECTION ( 'NONE',  ( 0.000000000000000000, -1.000000000000000000, 0.000000000000000000 ) ) ;
#1427 = SECURITY_CLASSIFICATION_LEVEL ( 'unclassified' ) ;
#1428 = ADVANCED_FACE ( 'NONE', ( #415 ), #276, .F. ) ;
#1429 = VERTEX_POINT ( 'NONE', #1477 ) ;
#1430 = DIRECTION ( 'NONE',  ( -1.000000000000000000, 0.000000000000000000, 0.000000000000000000 ) ) ;
#1431 = ORIENTED_EDGE ( 'NONE', *, *, #1347, .T. ) ;
#1432 = DIRECTION ( 'NONE',  ( -1.000000000000000000, 0.000000000000000000, -0.000000000000000000 ) ) ;
#1433 = DIRECTION ( 'NONE',  ( -1.000000000000000000, 0.000000000000000000, 0.000000000000000000 ) ) ;
#1434 = CARTESIAN_POINT ( 'NONE',  ( 40.00000000000000000, 83.00000000000000000, 12.00000000000000000 ) ) ;
#1435 = CARTESIAN_POINT ( 'NONE',  ( -32.00000000000000000, 83.00000000000000000, 6.299999999999999822 ) ) ;
#1436 = ORIENTED_EDGE ( 'NONE', *, *, #1471, .T. ) ;
#1437 = FACE_BOUND ( 'NONE', #926, .T. ) ;
#1438 = DIRECTION ( 'NONE',  ( 0.000000000000000000, 0.000000000000000000, -1.000000000000000000 ) ) ;
#1439 = EDGE_CURVE ( 'NONE', #1685, #1764, #24, .T. ) ;
#1440 = ORIENTED_EDGE ( 'NONE', *, *, #429, .F. ) ;
#1441 = CARTESIAN_POINT ( 'NONE',  ( -43.00000000000001421, 77.88999485674425216, -2.249449542852804296 ) ) ;
#1442 = DIRECTION ( 'NONE',  ( 0.000000000000000000, 0.000000000000000000, -1.000000000000000000 ) ) ;
#1443 = VECTOR ( 'NONE', #1052, 1000.000000000000000 ) ;
#1444 = AXIS2_PLACEMENT_3D ( 'NONE', #208, #790, #370 ) ;
#1445 = VECTOR ( 'NONE', #1228, 1000.000000000000000 ) ;
#1446 = EDGE_LOOP ( 'NONE', ( #846, #1422, #774, #1397 ) ) ;
#1447 = VECTOR ( 'NONE', #21, 1000.000000000000000 ) ;
#1448 = CARTESIAN_POINT ( 'NONE',  ( -43.00000000000000711, 80.00000000000000000, 7.000000000000000000 ) ) ;
#1449 = FACE_OUTER_BOUND ( 'NONE', #667, .T. ) ;
#1450 = EDGE_LOOP ( 'NONE', ( #1911, #1576, #341, #664, #490 ) ) ;
#1451 = DIRECTION ( 'NONE',  ( 0.000000000000000000, 0.000000000000000000, -1.000000000000000000 ) ) ;
#1452 = CARTESIAN_POINT ( 'NONE',  ( -37.59999999999999432, 140.0000000000000000, 0.000000000000000000 ) ) ;
#1453 = EDGE_CURVE ( 'NONE', #1003, #1929, #857, .T. ) ;
#1454 = DIRECTION ( 'NONE',  ( 0.000000000000000000, 1.000000000000000000, 0.000000000000000000 ) ) ;
#1455 = DIRECTION ( 'NONE',  ( -1.000000000000000000, 0.000000000000000000, 0.000000000000000000 ) ) ;
#1456 = ORIENTED_EDGE ( 'NONE', *, *, #639, .T. ) ;
#1457 = ORIENTED_EDGE ( 'NONE', *, *, #1542, .F. ) ;
#1458 = DIRECTION ( 'NONE',  ( -1.000000000000000000, 0.000000000000000000, 0.000000000000000000 ) ) ;
#1459 = CARTESIAN_POINT ( 'NONE',  ( 0.000000000000000000, 80.00000000000000000, 4.000000000000000000 ) ) ;
#1460 = VERTEX_POINT ( 'NONE', #120 ) ;
#1461 = CARTESIAN_POINT ( 'NONE',  ( -43.00000000000002842, 77.68790307519944349, 7.249099337184518710 ) ) ;
#1462 = LINE ( 'NONE', #93, #248 ) ;
#1463 = EDGE_CURVE ( 'NONE', #1651, #765, #1186, .T. ) ;
#1464 = CARTESIAN_POINT ( 'NONE',  ( -14.15000000000000036, 117.0000000000000000, 4.000000000000000000 ) ) ;
#1465 = ORIENTED_EDGE ( 'NONE', *, *, #1336, .T. ) ;
#1466 = DIRECTION ( 'NONE',  ( 0.000000000000000000, 0.000000000000000000, -1.000000000000000000 ) ) ;
#1467 = DIRECTION ( 'NONE',  ( 1.000000000000000000, -0.000000000000000000, -0.000000000000000000 ) ) ;
#1468 = EDGE_LOOP ( 'NONE', ( #1266, #394 ) ) ;
#1469 = DIRECTION ( 'NONE',  ( -0.000000000000000000, 1.000000000000000000, -0.000000000000000000 ) ) ;
#1470 = DIRECTION ( 'NONE',  ( -0.000000000000000000, -0.000000000000000000, 1.000000000000000000 ) ) ;
#1471 = EDGE_CURVE ( 'NONE', #945, #1702, #733, .T. ) ;
#1472 = LINE ( 'NONE', #1620, #1721 ) ;
#1473 = AXIS2_PLACEMENT_3D ( 'NONE', #1632, #139, #284 ) ;
#1474 = EDGE_LOOP ( 'NONE', ( #1252, #1932 ) ) ;
#1475 = DIRECTION ( 'NONE',  ( -0.000000000000000000, -0.000000000000000000, -1.000000000000000000 ) ) ;
#1476 = VECTOR ( 'NONE', #1282, 1000.000000000000000 ) ;
#1477 = CARTESIAN_POINT ( 'NONE',  ( -32.00000000000000000, 77.00000000000000000, 6.299999999999999822 ) ) ;
#1478 = VECTOR ( 'NONE', #1071, 1000.000000000000000 ) ;
#1479 = EDGE_LOOP ( 'NONE', ( #1538, #652, #1093, #1670 ) ) ;
#1480 = DIRECTION ( 'NONE',  ( 0.000000000000000000, 0.000000000000000000, -1.000000000000000000 ) ) ;
#1481 = FACE_BOUND ( 'NONE', #1800, .T. ) ;
#1482 = APPLICATION_CONTEXT ( 'configuration controlled 3d designs of mechanical parts and assemblies' ) ;
#1483 = FACE_BOUND ( 'NONE', #20, .T. ) ;
#1484 = ADVANCED_FACE ( 'NONE', ( #1327 ), #1913, .F. ) ;
#1485 = ORIENTED_EDGE ( 'NONE', *, *, #1288, .F. ) ;
#1486 = DIRECTION ( 'NONE',  ( 0.000000000000000000, 0.000000000000000000, -1.000000000000000000 ) ) ;
#1487 = CARTESIAN_POINT ( 'NONE',  ( -36.00000000000000000, 104.0000000000000000, 0.000000000000000000 ) ) ;
#1488 = EDGE_CURVE ( 'NONE', #1024, #1942, #1196, .T. ) ;
#1489 = ORIENTED_EDGE ( 'NONE', *, *, #426, .T. ) ;
#1490 = CARTESIAN_POINT ( 'NONE',  ( 42.99999999999999289, 79.12109366759439411, 3.446672346143608401 ) ) ;
#1491 = DIRECTION ( 'NONE',  ( 0.000000000000000000, 0.000000000000000000, -1.000000000000000000 ) ) ;
#1492 = CIRCLE ( 'NONE', #986, 3.000000000000000000 ) ;
#1493 = CARTESIAN_POINT ( 'NONE',  ( -36.00000000000000000, 104.0000000000000000, 0.000000000000000000 ) ) ;
#1494 = EDGE_LOOP ( 'NONE', ( #813, #1679, #1173, #204 ) ) ;
#1495 = CARTESIAN_POINT ( 'NONE',  ( -43.74518192811401462, 77.22089629646544040, -1.858349241247177819 ) ) ;
#1496 = VERTEX_POINT ( 'NONE', #446 ) ;
#1497 = EDGE_CURVE ( 'NONE', #532, #709, #1048, .T. ) ;
#1498 = LINE ( 'NONE', #30, #1531 ) ;
#1499 = CARTESIAN_POINT ( 'NONE',  ( -40.00000000000000000, 77.00000000000000000, -12.00000000000000000 ) ) ;
#1500 = ORIENTED_EDGE ( 'NONE', *, *, #1886, .T. ) ;
#1501 = ORIENTED_EDGE ( 'NONE', *, *, #426, .F. ) ;
#1502 = VECTOR ( 'NONE', #675, 1000.000000000000000 ) ;
#1503 = AXIS2_PLACEMENT_3D ( 'NONE', #1216, #299, #135 ) ;
#1504 = FACE_OUTER_BOUND ( 'NONE', #346, .T. ) ;
#1505 = CIRCLE ( 'NONE', #1103, 44.00000000000000000 ) ;
#1506 = CARTESIAN_POINT ( 'NONE',  ( 43.00000000000000000, 79.16613622604572242, 2.738096847759126540 ) ) ;
#1507 = ADVANCED_FACE ( 'NONE', ( #1449 ), #99, .F. ) ;
#1508 = CARTESIAN_POINT ( 'NONE',  ( -14.15000000000000036, 127.0000000000000000, 0.000000000000000000 ) ) ;
#1509 = ORIENTED_EDGE ( 'NONE', *, *, #320, .T. ) ;
#1510 = DIRECTION ( 'NONE',  ( -0.000000000000000000, 1.000000000000000000, -0.000000000000000000 ) ) ;
#1511 = EDGE_LOOP ( 'NONE', ( #145, #1526, #236, #447 ) ) ;
#1512 = CARTESIAN_POINT ( 'NONE',  ( -32.00000000000000000, 83.00000000000000000, -8.000000000000000000 ) ) ;
#1513 = DIRECTION ( 'NONE',  ( 1.000000000000000000, 0.000000000000000000, 0.000000000000000000 ) ) ;
#1514 = CYLINDRICAL_SURFACE ( 'NONE', #714, 1.700000000000001954 ) ;
#1515 = EDGE_CURVE ( 'NONE', #624, #1568, #1893, .T. ) ;
#1516 = VERTEX_POINT ( 'NONE', #405 ) ;
#1517 = ORIENTED_EDGE ( 'NONE', *, *, #549, .T. ) ;
#1518 = CARTESIAN_POINT ( 'NONE',  ( -43.69220542974878185, 77.28738463110954626, -1.708750928859863460 ) ) ;
#1519 = ORIENTED_EDGE ( 'NONE', *, *, #1154, .T. ) ;
#1520 = LINE ( 'NONE', #25, #1211 ) ;
#1521 = EDGE_LOOP ( 'NONE', ( #1167, #1370, #1689, #1440 ) ) ;
#1522 = CARTESIAN_POINT ( 'NONE',  ( 43.00000000000000000, 78.49105056820329196, 7.473978996382830253 ) ) ;
#1523 = CARTESIAN_POINT ( 'NONE',  ( -23.00000000000000000, 83.00000000000000000, -8.000000000000000000 ) ) ;
#1524 = DIRECTION ( 'NONE',  ( 0.7071067811865507924, -0.7071067811865442421, 0.000000000000000000 ) ) ;
#1525 = EDGE_CURVE ( 'NONE', #47, #515, #1258, .T. ) ;
#1526 = ORIENTED_EDGE ( 'NONE', *, *, #1673, .T. ) ;
#1527 = DIRECTION ( 'NONE',  ( -1.000000000000000000, 0.000000000000000000, 0.000000000000000000 ) ) ;
#1528 = EDGE_CURVE ( 'NONE', #452, #833, #825, .T. ) ;
#1529 = ORIENTED_EDGE ( 'NONE', *, *, #1611, .T. ) ;
#1530 = VECTOR ( 'NONE', #36, 1000.000000000000000 ) ;
#1531 = VECTOR ( 'NONE', #1513, 1000.000000000000000 ) ;
#1532 = DIRECTION ( 'NONE',  ( 0.000000000000000000, -1.000000000000000000, 0.000000000000000000 ) ) ;
#1533 = LINE ( 'NONE', #1858, #564 ) ;
#1534 = AXIS2_PLACEMENT_3D ( 'NONE', #1855, #644, #1136 ) ;
#1535 = VECTOR ( 'NONE', #1475, 1000.000000000000000 ) ;
#1536 = DIRECTION ( 'NONE',  ( -1.000000000000000000, 0.000000000000000000, 0.000000000000000000 ) ) ;
#1537 = ORIENTED_EDGE ( 'NONE', *, *, #1453, .F. ) ;
#1538 = ORIENTED_EDGE ( 'NONE', *, *, #1321, .F. ) ;
#1539 = EDGE_CURVE ( 'NONE', #1026, #784, #1253, .T. ) ;
#1540 = ORIENTED_EDGE ( 'NONE', *, *, #861, .T. ) ;
#1541 = FACE_OUTER_BOUND ( 'NONE', #193, .T. ) ;
#1542 = EDGE_CURVE ( 'NONE', #1460, #1854, #1695, .T. ) ;
#1543 = EDGE_LOOP ( 'NONE', ( #522, #1599, #1082, #64, #783 ) ) ;
#1544 = DIRECTION ( 'NONE',  ( 0.000000000000000000, 0.000000000000000000, -1.000000000000000000 ) ) ;
#1545 = CARTESIAN_POINT ( 'NONE',  ( 32.00000000000000000, 83.00000000000000000, -8.000000000000000000 ) ) ;
#1546 = ORIENTED_EDGE ( 'NONE', *, *, #499, .T. ) ;
#1547 = ORIENTED_EDGE ( 'NONE', *, *, #1425, .F. ) ;
#1548 = CARTESIAN_POINT ( 'NONE',  ( 43.00000000000000000, 80.00000000000000000, -3.000000000000000000 ) ) ;
#1549 = EDGE_CURVE ( 'NONE', #1345, #532, #1569, .T. ) ;
#1550 = CARTESIAN_POINT ( 'NONE',  ( -43.00000000000000711, 144.0000000000000000, 4.000000000000000000 ) ) ;
#1551 = LINE ( 'NONE', #781, #1530 ) ;
#1552 = CARTESIAN_POINT ( 'NONE',  ( 40.00000000000000000, 80.00000000000000000, -3.000000000000000000 ) ) ;
#1553 = DIRECTION ( 'NONE',  ( 0.000000000000000000, 0.000000000000000000, -1.000000000000000000 ) ) ;
#1554 = PERSON_AND_ORGANIZATION_ROLE ( 'creator' ) ;
#1555 = VERTEX_POINT ( 'NONE', #683 ) ;
#1556 = FACE_BOUND ( 'NONE', #1241, .T. ) ;
#1557 = DIRECTION ( 'NONE',  ( 0.000000000000000000, 0.000000000000000000, -1.000000000000000000 ) ) ;
#1558 = VERTEX_POINT ( 'NONE', #1871 ) ;
#1559 = ORIENTED_EDGE ( 'NONE', *, *, #725, .F. ) ;
#1560 = DIRECTION ( 'NONE',  ( 0.000000000000000000, 0.000000000000000000, -1.000000000000000000 ) ) ;
#1561 = EDGE_CURVE ( 'NONE', #1116, #201, #76, .T. ) ;
#1562 = AXIS2_PLACEMENT_3D ( 'NONE', #412, #421, #1176 ) ;
#1563 = VECTOR ( 'NONE', #641, 1000.000000000000000 ) ;
#1564 = CARTESIAN_POINT ( 'NONE',  ( 43.46654066780889281, 77.19726613372570512, 5.918463185122798009 ) ) ;
#1565 = CARTESIAN_POINT ( 'NONE',  ( 32.45000000000000284, 127.0000000000000000, 11.99999999999999645 ) ) ;
#1566 = VECTOR ( 'NONE', #296, 1000.000000000000000 ) ;
#1567 = DIRECTION ( 'NONE',  ( 1.000000000000000000, 0.000000000000000000, 0.000000000000000000 ) ) ;
#1568 = VERTEX_POINT ( 'NONE', #821 ) ;
#1569 = LINE ( 'NONE', #387, #686 ) ;
#1570 = LINE ( 'NONE', #18, #503 ) ;
#1571 = VERTEX_POINT ( 'NONE', #1701 ) ;
#1572 = CARTESIAN_POINT ( 'NONE',  ( 0.000000000000000000, 0.000000000000000000, -8.000000000000000000 ) ) ;
#1573 = CARTESIAN_POINT ( 'NONE',  ( 43.35438837522584521, 77.48115946818253974, 5.363183293241854166 ) ) ;
#1574 = EDGE_CURVE ( 'NONE', #720, #190, #1124, .T. ) ;
#1575 = LINE ( 'NONE', #223, #111 ) ;
#1576 = ORIENTED_EDGE ( 'NONE', *, *, #1798, .F. ) ;
#1577 = DIRECTION ( 'NONE',  ( 1.000000000000000000, 0.000000000000000000, 0.000000000000000000 ) ) ;
#1578 = LINE ( 'NONE', #31, #1067 ) ;
#1579 = ORIENTED_EDGE ( 'NONE', *, *, #483, .T. ) ;
#1580 = CARTESIAN_POINT ( 'NONE',  ( -40.00000000000000000, 83.00000000000000000, 12.00000000000000000 ) ) ;
#1581 = CARTESIAN_POINT ( 'NONE',  ( -43.43961325794694517, 77.00000000000000000, 7.000000000000000000 ) ) ;
#1582 = MANIFOLD_SOLID_BREP ( 'Owned_MG996R_M3_ear_holes', #435 ) ;
#1583 = CARTESIAN_POINT ( 'NONE',  ( -36.00000000000000000, 140.0000000000000000, 44.00000000000000000 ) ) ;
#1584 = EDGE_CURVE ( 'NONE', #957, #1900, #506, .T. ) ;
#1585 = ORIENTED_EDGE ( 'NONE', *, *, #26, .F. ) ;
#1586 = DIRECTION ( 'NONE',  ( 0.000000000000000000, -0.000000000000000000, -1.000000000000000000 ) ) ;
#1587 = CARTESIAN_POINT ( 'NONE',  ( -43.45321946154597015, 77.24781723631086550, 5.764343337120521937 ) ) ;
#1588 = EDGE_CURVE ( 'NONE', #42, #991, #1709, .T. ) ;
#1589 = ORIENTED_EDGE ( 'NONE', *, *, #272, .T. ) ;
#1590 = DIRECTION ( 'NONE',  ( -0.7071067811865475727, -0.7071067811865475727, -0.000000000000000000 ) ) ;
#1591 = FACE_OUTER_BOUND ( 'NONE', #1364, .T. ) ;
#1592 = CARTESIAN_POINT ( 'NONE',  ( 40.00000000000000000, 83.00000000000000000, -12.00000000000000000 ) ) ;
#1593 = AXIS2_PLACEMENT_3D ( 'NONE', #262, #1340, #1926 ) ;
#1594 = VECTOR ( 'NONE', #1438, 1000.000000000000000 ) ;
#1595 = CARTESIAN_POINT ( 'NONE',  ( -16.00000000000000000, 83.00000000000000000, 0.000000000000000000 ) ) ;
#1596 = VECTOR ( 'NONE', #1430, 1000.000000000000000 ) ;
#1597 = ORIENTED_EDGE ( 'NONE', *, *, #260, .T. ) ;
#1598 = CIRCLE ( 'NONE', #349, 1.700000000000000178 ) ;
#1599 = ORIENTED_EDGE ( 'NONE', *, *, #1539, .F. ) ;
#1600 = DIRECTION ( 'NONE',  ( 0.000000000000000000, -1.000000000000000000, 0.000000000000000000 ) ) ;
#1601 = ORIENTED_EDGE ( 'NONE', *, *, #841, .F. ) ;
#1602 = EDGE_CURVE ( 'NONE', #259, #858, #900, .T. ) ;
#1603 = CARTESIAN_POINT ( 'NONE',  ( -43.99164420141680409, 77.00000000001242029, 1.209851718858041769 ) ) ;
#1604 = CARTESIAN_POINT ( 'NONE',  ( -43.89760813529593975, 77.00000000000000000, -3.000000000000000000 ) ) ;
#1605 = DIRECTION ( 'NONE',  ( 0.000000000000000000, 0.000000000000000000, -1.000000000000000000 ) ) ;
#1606 = EDGE_LOOP ( 'NONE', ( #1179, #434, #432, #83, #317, #579 ) ) ;
#1607 = CARTESIAN_POINT ( 'NONE',  ( 0.000000000000000000, 77.00000000000000000, 0.000000000000000000 ) ) ;
#1608 = DIRECTION ( 'NONE',  ( -1.000000000000000000, 0.000000000000000000, 0.000000000000000000 ) ) ;
#1609 = ORIENTED_EDGE ( 'NONE', *, *, #1686, .T. ) ;
#1610 = DIRECTION ( 'NONE',  ( 0.000000000000000000, 0.000000000000000000, -1.000000000000000000 ) ) ;
#1611 = EDGE_CURVE ( 'NONE', #791, #1011, #970, .T. ) ;
#1612 = CARTESIAN_POINT ( 'NONE',  ( 43.90498060165207761, 77.01405089005227467, -2.664160847994682335 ) ) ;
#1613 = DIRECTION ( 'NONE',  ( -1.000000000000000000, 0.000000000000000000, -0.000000000000000000 ) ) ;
#1614 = ORIENTED_EDGE ( 'NONE', *, *, #649, .T. ) ;
#1615 = FACE_OUTER_BOUND ( 'NONE', #1543, .T. ) ;
#1616 = ORIENTED_EDGE ( 'NONE', *, *, #887, .T. ) ;
#1617 = DIRECTION ( 'NONE',  ( 0.000000000000000000, 0.000000000000000000, -1.000000000000000000 ) ) ;
#1618 = DIRECTION ( 'NONE',  ( 0.000000000000000000, 0.000000000000000000, -1.000000000000000000 ) ) ;
#1619 = ADVANCED_FACE ( 'NONE', ( #1556, #1437, #1092, #366, #1401 ), #958, .T. ) ;
#1620 = CARTESIAN_POINT ( 'NONE',  ( -43.00000000000000711, 144.0000000000000000, 0.000000000000000000 ) ) ;
#1621 = ADVANCED_FACE ( 'NONE', ( #1690 ), #1106, .F. ) ;
#1622 = DIRECTION ( 'NONE',  ( -1.000000000000000000, 0.000000000000000000, 0.000000000000000000 ) ) ;
#1623 = VECTOR ( 'NONE', #974, 1000.000000000000000 ) ;
#1624 = CIRCLE ( 'NONE', #498, 1.599999999999997202 ) ;
#1625 = ORIENTED_EDGE ( 'NONE', *, *, #735, .T. ) ;
#1626 = DIRECTION ( 'NONE',  ( 0.000000000000000000, 0.000000000000000000, 1.000000000000000000 ) ) ;
#1627 = VECTOR ( 'NONE', #1315, 1000.000000000000000 ) ;
#1628 = AXIS2_PLACEMENT_3D ( 'NONE', #110, #701, #1586 ) ;
#1629 = ORIENTED_EDGE ( 'NONE', *, *, #115, .F. ) ;
#1630 = DIRECTION ( 'NONE',  ( 0.000000000000000000, 0.000000000000000000, -1.000000000000000000 ) ) ;
#1631 = CARTESIAN_POINT ( 'NONE',  ( -37.59999999999999432, 104.0000000000000000, 4.000000000000003553 ) ) ;
#1632 = CARTESIAN_POINT ( 'NONE',  ( 0.000000000000000000, 80.00000000000000000, -3.000000000000000000 ) ) ;
#1633 = DIRECTION ( 'NONE',  ( -0.000000000000000000, -0.000000000000000000, 1.000000000000000000 ) ) ;
#1634 = ADVANCED_FACE ( 'NONE', ( #1541 ), #524, .F. ) ;
#1635 = EDGE_LOOP ( 'NONE', ( #1707, #554, #1629, #1337 ) ) ;
#1636 = CARTESIAN_POINT ( 'NONE',  ( -36.00000000000000000, 140.0000000000000000, 0.000000000000000000 ) ) ;
#1637 = CARTESIAN_POINT ( 'NONE',  ( 0.000000000000000000, 83.00000000000000000, 0.000000000000000000 ) ) ;
#1638 = ORIENTED_EDGE ( 'NONE', *, *, #1798, .T. ) ;
#1639 = AXIS2_PLACEMENT_3D ( 'NONE', #385, #1567, #550 ) ;
#1640 = CARTESIAN_POINT ( 'NONE',  ( 43.00000000000000000, 78.86407668498929979, 5.723405897597934278 ) ) ;
#1641 = DIRECTION ( 'NONE',  ( -1.000000000000000000, 0.000000000000000000, 0.000000000000000000 ) ) ;
#1642 = CARTESIAN_POINT ( 'NONE',  ( 34.14999999999999858, 117.0000000000000000, 11.99999999999999645 ) ) ;
#1643 = ORIENTED_EDGE ( 'NONE', *, *, #614, .F. ) ;
#1644 = CARTESIAN_POINT ( 'NONE',  ( -43.58003772920984176, 77.44013578863456360, -1.427517401485269843 ) ) ;
#1645 = EDGE_CURVE ( 'NONE', #1558, #403, #1862, .T. ) ;
#1646 = ORIENTED_EDGE ( 'NONE', *, *, #233, .F. ) ;
#1647 = DIRECTION ( 'NONE',  ( 0.000000000000000000, -1.000000000000000000, 0.000000000000000000 ) ) ;
#1648 = DIRECTION ( 'NONE',  ( 0.000000000000000000, 0.000000000000000000, -1.000000000000000000 ) ) ;
#1649 = DIRECTION ( 'NONE',  ( -0.000000000000000000, -1.000000000000000000, -0.000000000000000000 ) ) ;
#1650 = CARTESIAN_POINT ( 'NONE',  ( -40.00000000000000000, 83.00000000000000000, 12.00000000000000000 ) ) ;
#1651 = VERTEX_POINT ( 'NONE', #665 ) ;
#1652 = ORIENTED_EDGE ( 'NONE', *, *, #1347, .F. ) ;
#1653 = CARTESIAN_POINT ( 'NONE',  ( -16.00000000000000000, 108.0000000000000000, 4.000000000000000000 ) ) ;
#1654 = VECTOR ( 'NONE', #953, 1000.000000000000000 ) ;
#1655 = VECTOR ( 'NONE', #431, 1000.000000000000000 ) ;
#1656 = AXIS2_PLACEMENT_3D ( 'NONE', #973, #1410, #659 ) ;
#1657 = ORIENTED_EDGE ( 'NONE', *, *, #1271, .T. ) ;
#1658 = AXIS2_PLACEMENT_3D ( 'NONE', #86, #1239, #685 ) ;
#1659 = DIRECTION ( 'NONE',  ( -0.000000000000000000, -0.000000000000000000, 1.000000000000000000 ) ) ;
#1660 = CIRCLE ( 'NONE', #254, 3.000000000000000000 ) ;
#1661 = EDGE_CURVE ( 'NONE', #477, #466, #1040, .T. ) ;
#1662 = ORIENTED_EDGE ( 'NONE', *, *, #1561, .F. ) ;
#1663 = CARTESIAN_POINT ( 'NONE',  ( 43.00000000000000000, 78.61171079149343655, 7.043046459356108180 ) ) ;
#1664 = DIRECTION ( 'NONE',  ( -1.000000000000000000, 0.000000000000000000, 0.000000000000000000 ) ) ;
#1665 = ORIENTED_EDGE ( 'NONE', *, *, #687, .T. ) ;
#1666 = ORIENTED_EDGE ( 'NONE', *, *, #662, .F. ) ;
#1667 = DIRECTION ( 'NONE',  ( -0.000000000000000000, -0.000000000000000000, -1.000000000000000000 ) ) ;
#1668 = ORIENTED_EDGE ( 'NONE', *, *, #1180, .F. ) ;
#1669 = PLANE ( 'NONE',  #1117 ) ;
#1670 = ORIENTED_EDGE ( 'NONE', *, *, #1934, .T. ) ;
#1671 = CARTESIAN_POINT ( 'NONE',  ( 43.00000000000000000, 79.15048659681247045, 3.052839683312469798 ) ) ;
#1672 = CARTESIAN_POINT ( 'NONE',  ( -43.46506594889481079, 77.00000000000000000, 6.842049278407314361 ) ) ;
#1673 = EDGE_CURVE ( 'NONE', #1243, #162, #1908, .T. ) ;
#1674 = LINE ( 'NONE', #1867, #1131 ) ;
#1675 = DIRECTION ( 'NONE',  ( -0.000000000000000000, 1.000000000000000000, -0.000000000000000000 ) ) ;
#1676 = ORIENTED_EDGE ( 'NONE', *, *, #1224, .T. ) ;
#1677 = CARTESIAN_POINT ( 'NONE',  ( -39.99999999999997868, 144.0000000000000000, 4.000000000000000000 ) ) ;
#1678 = VERTEX_POINT ( 'NONE', #395 ) ;
#1679 = ORIENTED_EDGE ( 'NONE', *, *, #283, .T. ) ;
#1680 = CARTESIAN_POINT ( 'NONE',  ( 43.00000000000000000, 77.83377049257347835, 5.129471325631394407 ) ) ;
#1681 = CARTESIAN_POINT ( 'NONE',  ( 0.000000000000000000, 132.5000000000000000, 0.000000000000000000 ) ) ;
#1682 = CC_DESIGN_PERSON_AND_ORGANIZATION_ASSIGNMENT ( #642, #1554, ( #1795 ) ) ;
#1683 = CARTESIAN_POINT ( 'NONE',  ( 0.000000000000000000, 83.00000000000000000, 0.000000000000000000 ) ) ;
#1684 = CARTESIAN_POINT ( 'NONE',  ( 32.00000000000000000, 77.00000000000000000, -8.000000000000000000 ) ) ;
#1685 = VERTEX_POINT ( 'NONE', #552 ) ;
#1686 = EDGE_CURVE ( 'NONE', #941, #1685, #580, .T. ) ;
#1687 = EDGE_LOOP ( 'NONE', ( #1509, #1070, #960, #703 ) ) ;
#1688 = MECHANICAL_CONTEXT ( 'NONE', #1482, 'mechanical' ) ;
#1689 = ORIENTED_EDGE ( 'NONE', *, *, #1236, .F. ) ;
#1690 = FACE_OUTER_BOUND ( 'NONE', #108, .T. ) ;
#1691 = VECTOR ( 'NONE', #1319, 1000.000000000000000 ) ;
#1692 = CIRCLE ( 'NONE', #1293, 1.700000000000000178 ) ;
#1693 = ORIENTED_EDGE ( 'NONE', *, *, #1528, .F. ) ;
#1694 = CARTESIAN_POINT ( 'NONE',  ( -37.59999999999999432, 140.0000000000000000, 4.000000000000003553 ) ) ;
#1695 = CIRCLE ( 'NONE', #1534, 3.000000000000000000 ) ;
#1696 = AXIS2_PLACEMENT_3D ( 'NONE', #132, #694, #571 ) ;
#1697 = DIRECTION ( 'NONE',  ( 0.000000000000000000, 0.000000000000000000, 1.000000000000000000 ) ) ;
#1698 = CALENDAR_DATE ( 2026, 28, 9 ) ;
#1699 = EDGE_CURVE ( 'NONE', #274, #734, #1, .T. ) ;
#1700 = ORIENTED_EDGE ( 'NONE', *, *, #977, .F. ) ;
#1701 = CARTESIAN_POINT ( 'NONE',  ( -32.00000000000000000, 77.00000000000000000, 9.700000000000001066 ) ) ;
#1702 = VERTEX_POINT ( 'NONE', #423 ) ;
#1703 = DIRECTION ( 'NONE',  ( -1.000000000000000000, 0.000000000000000000, 0.000000000000000000 ) ) ;
#1704 = FACE_OUTER_BOUND ( 'NONE', #303, .T. ) ;
#1705 = LINE ( 'NONE', #182, #1563 ) ;
#1706 = COORDINATED_UNIVERSAL_TIME_OFFSET ( 6, 0, .BEHIND. ) ;
#1707 = ORIENTED_EDGE ( 'NONE', *, *, #61, .F. ) ;
#1708 = EDGE_CURVE ( 'NONE', #1516, #637, #1335, .T. ) ;
#1709 = LINE ( 'NONE', #1265, #1756 ) ;
#1710 = ORIENTED_EDGE ( 'NONE', *, *, #1699, .T. ) ;
#1711 = PLANE ( 'NONE',  #1323 ) ;
#1712 = CARTESIAN_POINT ( 'NONE',  ( 43.48189906565698237, 77.01234926046909379, 6.685858769120744505 ) ) ;
#1713 = CARTESIAN_POINT ( 'NONE',  ( 30.84900000000000020, 0.000000000000000000, 4.000000000000000000 ) ) ;
#1714 = CYLINDRICAL_SURFACE ( 'NONE', #1209, 1.599999999999997202 ) ;
#1715 = APPROVAL_DATE_TIME ( #1834, #987 ) ;
#1716 = EDGE_LOOP ( 'NONE', ( #480, #1579, #914, #990 ) ) ;
#1717 = DIRECTION ( 'NONE',  ( 0.000000000000000000, 0.000000000000000000, 1.000000000000000000 ) ) ;
#1718 = CARTESIAN_POINT ( 'NONE',  ( -15.85000000000000320, 127.0000000000000000, 0.000000000000000000 ) ) ;
#1719 = ORIENTED_EDGE ( 'NONE', *, *, #1415, .T. ) ;
#1720 = DIRECTION ( 'NONE',  ( 0.7071067811865441310, 0.7071067811865507924, -0.000000000000000000 ) ) ;
#1721 = VECTOR ( 'NONE', #1899, 1000.000000000000000 ) ;
#1722 = EDGE_CURVE ( 'NONE', #1075, #335, #287, .T. ) ;
#1723 = AXIS2_PLACEMENT_3D ( 'NONE', #1344, #1931, #590 ) ;
#1724 = CARTESIAN_POINT ( 'NONE',  ( 40.00000000000000000, 83.00000000000000000, -12.00000000000000000 ) ) ;
#1725 = AXIS2_PLACEMENT_3D ( 'NONE', #453, #1233, #1054 ) ;
#1726 = DIRECTION ( 'NONE',  ( -1.000000000000000000, 0.000000000000000000, 0.000000000000000000 ) ) ;
#1727 = ORIENTED_EDGE ( 'NONE', *, *, #483, .F. ) ;
#1728 = DIRECTION ( 'NONE',  ( 0.000000000000000000, -1.000000000000000000, 0.000000000000000000 ) ) ;
#1729 = CARTESIAN_POINT ( 'NONE',  ( -43.24407519668996969, 77.76180058073485668, 4.996485136478138855 ) ) ;
#1730 = ORIENTED_EDGE ( 'NONE', *, *, #1722, .T. ) ;
#1731 = CARTESIAN_POINT ( 'NONE',  ( 0.000000000000000000, 108.0000000000000000, 0.000000000000000000 ) ) ;
#1732 = CARTESIAN_POINT ( 'NONE',  ( -43.66519429705817856, 77.00000000003026912, 5.433431578759382319 ) ) ;
#1733 = DIRECTION ( 'NONE',  ( -0.000000000000000000, -1.000000000000000000, -0.000000000000000000 ) ) ;
#1734 = ADVANCED_FACE ( 'NONE', ( #1034 ), #258, .F. ) ;
#1735 = CARTESIAN_POINT ( 'NONE',  ( 30.84900000000000020, 132.5000000000000000, 0.000000000000000000 ) ) ;
#1736 = ORIENTED_EDGE ( 'NONE', *, *, #938, .T. ) ;
#1737 = EDGE_LOOP ( 'NONE', ( #424, #1489, #257, #1083 ) ) ;
#1738 = DIRECTION ( 'NONE',  ( 0.000000000000000000, 0.000000000000000000, -1.000000000000000000 ) ) ;
#1739 = DIRECTION ( 'NONE',  ( 0.000000000000000000, 0.000000000000000000, -1.000000000000000000 ) ) ;
#1740 = ORIENTED_EDGE ( 'NONE', *, *, #573, .T. ) ;
#1741 = CARTESIAN_POINT ( 'NONE',  ( -23.00000000000000000, 83.00000000000000000, -0.000000000000000000 ) ) ;
#1742 = CARTESIAN_POINT ( 'NONE',  ( -43.00000000000001421, 77.76669121028906773, 6.409099173662779592 ) ) ;
#1743 = LINE ( 'NONE', #1311, #1037 ) ;
#1744 = CARTESIAN_POINT ( 'NONE',  ( 0.000000000000000000, 0.000000000000000000, 4.000000000000000000 ) ) ;
#1745 = EDGE_CURVE ( 'NONE', #544, #1429, #1307, .T. ) ;
#1746 = ORIENTED_EDGE ( 'NONE', *, *, #1261, .F. ) ;
#1747 = DIRECTION ( 'NONE',  ( -0.000000000000000000, 1.000000000000000000, -0.000000000000000000 ) ) ;
#1748 = DIRECTION ( 'NONE',  ( 0.000000000000000000, 0.000000000000000000, -1.000000000000000000 ) ) ;
#1749 = ORIENTED_EDGE ( 'NONE', *, *, #115, .T. ) ;
#1750 = AXIS2_PLACEMENT_3D ( 'NONE', #1572, #1560, #1128 ) ;
#1751 = CARTESIAN_POINT ( 'NONE',  ( -43.55523361809241578, 76.99999999996973088, 6.254038391170712252 ) ) ;
#1752 = FACE_BOUND ( 'NONE', #359, .T. ) ;
#1753 = DIRECTION ( 'NONE',  ( 0.000000000000000000, 0.000000000000000000, -1.000000000000000000 ) ) ;
#1754 = VECTOR ( 'NONE', #1240, 1000.000000000000000 ) ;
#1755 = AXIS2_PLACEMENT_3D ( 'NONE', #123, #278, #995 ) ;
#1756 = VECTOR ( 'NONE', #1577, 1000.000000000000000 ) ;
#1757 = CYLINDRICAL_SURFACE ( 'NONE', #1562, 1.700000000000001954 ) ;
#1758 = AXIS2_PLACEMENT_3D ( 'NONE', #785, #806, #1419 ) ;
#1759 = ORIENTED_EDGE ( 'NONE', *, *, #1140, .F. ) ;
#1760 = EDGE_LOOP ( 'NONE', ( #1638, #723, #591, #562, #226, #1730, #762, #1254, #68, #1865, #1749, #1824, #795, #615 ) ) ;
#1761 = CARTESIAN_POINT ( 'NONE',  ( -23.00000000000000000, 77.00000000000000000, 4.000000000000000000 ) ) ;
#1762 = CARTESIAN_POINT ( 'NONE',  ( 43.89760813529593975, 77.00000000000000000, -3.000000000000000000 ) ) ;
#1763 = EDGE_CURVE ( 'NONE', #957, #1107, #848, .T. ) ;
#1764 = VERTEX_POINT ( 'NONE', #433 ) ;
#1765 = CARTESIAN_POINT ( 'NONE',  ( -43.00000000000000711, 78.86407668498927137, 5.723405897597732661 ) ) ;
#1766 = CARTESIAN_POINT ( 'NONE',  ( 43.09797490243665408, 78.46083135587754498, -0.4196965584359498846 ) ) ;
#1767 = ORIENTED_EDGE ( 'NONE', *, *, #559, .F. ) ;
#1768 = DIRECTION ( 'NONE',  ( -1.000000000000000000, 0.000000000000000000, 0.000000000000000000 ) ) ;
#1769 = ORIENTED_EDGE ( 'NONE', *, *, #975, .F. ) ;
#1770 = CYLINDRICAL_SURFACE ( 'NONE', #189, 3.000000000000000000 ) ;
#1771 = VERTEX_POINT ( 'NONE', #711 ) ;
#1772 = CC_DESIGN_PERSON_AND_ORGANIZATION_ASSIGNMENT ( #936, #1251, ( #656 ) ) ;
#1773 = CARTESIAN_POINT ( 'NONE',  ( 40.00000000000002132, 144.0000000000000000, 0.000000000000000000 ) ) ;
#1774 = EDGE_CURVE ( 'NONE', #791, #1408, #1505, .T. ) ;
#1775 = CARTESIAN_POINT ( 'NONE',  ( -12.45000000000000107, 117.0000000000000000, 0.000000000000000000 ) ) ;
#1776 = FACE_BOUND ( 'NONE', #35, .T. ) ;
#1777 = CARTESIAN_POINT ( 'NONE',  ( -23.00000000000000000, 108.0000000000000000, -4.999999999999997335 ) ) ;
#1778 = CARTESIAN_POINT ( 'NONE',  ( 40.00000000000000000, 83.00000000000000000, 4.000000000000000000 ) ) ;
#1779 = ORIENTED_EDGE ( 'NONE', *, *, #130, .T. ) ;
#1780 = CARTESIAN_POINT ( 'NONE',  ( -10.84900000000000020, 111.5000000000000000, 12.00000000000000000 ) ) ;
#1781 = CARTESIAN_POINT ( 'NONE',  ( -14.15000000000000036, 127.0000000000000000, 11.99999999999999645 ) ) ;
#1782 = ORIENTED_EDGE ( 'NONE', *, *, #834, .F. ) ;
#1783 = APPLICATION_CONTEXT ( 'configuration controlled 3d designs of mechanical parts and assemblies' ) ;
#1784 = EDGE_CURVE ( 'NONE', #1555, #1003, #1660, .T. ) ;
#1785 = CARTESIAN_POINT ( 'NONE',  ( 34.14999999999999858, 117.0000000000000000, 4.000000000000000000 ) ) ;
#1786 = DIRECTION ( 'NONE',  ( -1.000000000000000000, 0.000000000000000000, 0.000000000000000000 ) ) ;
#1787 = VECTOR ( 'NONE', #60, 1000.000000000000000 ) ;
#1788 = ORIENTED_EDGE ( 'NONE', *, *, #1488, .F. ) ;
#1789 = CARTESIAN_POINT ( 'NONE',  ( 32.45000000000000284, 117.0000000000000000, 11.99999999999999645 ) ) ;
#1790 = AXIS2_PLACEMENT_3D ( 'NONE', #241, #828, #1153 ) ;
#1791 = CARTESIAN_POINT ( 'NONE',  ( -40.00000000000000000, 83.00000000000000000, -12.00000000000000000 ) ) ;
#1792 = ORIENTED_EDGE ( 'NONE', *, *, #585, .T. ) ;
#1793 = CYLINDRICAL_SURFACE ( 'NONE', #1503, 1.700000000000000178 ) ;
#1794 = CARTESIAN_POINT ( 'NONE',  ( 43.00000000000000000, 78.70600776732109694, 6.604523039870165313 ) ) ;
#1795 = PRODUCT_DEFINITION ( 'UNKNOWN', '', #656, #155 ) ;
#1796 = CARTESIAN_POINT ( 'NONE',  ( 34.14999999999999858, 127.0000000000000000, 0.000000000000000000 ) ) ;
#1797 = ORIENTED_EDGE ( 'NONE', *, *, #1172, .T. ) ;
#1798 = EDGE_CURVE ( 'NONE', #858, #1345, #1883, .T. ) ;
#1799 = LINE ( 'NONE', #1653, #507 ) ;
#1800 = EDGE_LOOP ( 'NONE', ( #1625, #674 ) ) ;
#1801 = DIRECTION ( 'NONE',  ( -1.000000000000000000, 0.000000000000000000, 0.000000000000000000 ) ) ;
#1802 = CARTESIAN_POINT ( 'NONE',  ( 43.00000000000309086, 77.88289012956936119, 2.967959463078185145 ) ) ;
#1803 = CARTESIAN_POINT ( 'NONE',  ( -39.99999999999997868, 144.0000000000000000, 0.000000000000000000 ) ) ;
#1804 = CARTESIAN_POINT ( 'NONE',  ( -40.00000000000000000, 83.00000000000000000, -12.00000000000000000 ) ) ;
#1805 = ADVANCED_FACE ( 'NONE', ( #1912, #545, #992 ), #563, .F. ) ;
#1806 = ORIENTED_EDGE ( 'NONE', *, *, #340, .T. ) ;
#1807 = CARTESIAN_POINT ( 'NONE',  ( -23.00000000000000000, 83.00000000000000000, 4.000000000000000000 ) ) ;
#1808 = CARTESIAN_POINT ( 'NONE',  ( 43.00000000000000000, 79.22899660000430799, 1.264271929140277750 ) ) ;
#1809 = CYLINDRICAL_SURFACE ( 'NONE', #1257, 1.599999999999997202 ) ;
#1810 = EDGE_LOOP ( 'NONE', ( #738, #780, #787, #916 ) ) ;
#1811 = CARTESIAN_POINT ( 'NONE',  ( 30.84900000000000020, 111.5000000000000000, 4.000000000000000000 ) ) ;
#1812 = VECTOR ( 'NONE', #1733, 1000.000000000000000 ) ;
#1813 = CIRCLE ( 'NONE', #965, 1.700000000000000178 ) ;
#1814 = ORIENTED_EDGE ( 'NONE', *, *, #1864, .F. ) ;
#1815 = VECTOR ( 'NONE', #1163, 1000.000000000000000 ) ;
#1816 = ADVANCED_FACE ( 'NONE', ( #244 ), #1169, .F. ) ;
#1817 = DIRECTION ( 'NONE',  ( 0.000000000000000000, 0.7071067811865491270, 0.7071067811865459074 ) ) ;
#1818 = AXIS2_PLACEMENT_3D ( 'NONE', #1314, #98, #1185 ) ;
#1819 = ADVANCED_FACE ( 'NONE', ( #1615 ), #1770, .F. ) ;
#1820 = CARTESIAN_POINT ( 'NONE',  ( 43.91162894262131289, 76.99999999998924238, 2.915020468775891604 ) ) ;
#1821 = DIRECTION ( 'NONE',  ( 0.000000000000000000, 0.000000000000000000, -1.000000000000000000 ) ) ;
#1822 = DIRECTION ( 'NONE',  ( 0.000000000000000000, 0.000000000000000000, -1.000000000000000000 ) ) ;
#1823 = ORIENTED_EDGE ( 'NONE', *, *, #1722, .F. ) ;
#1824 = ORIENTED_EDGE ( 'NONE', *, *, #687, .F. ) ;
#1825 = LINE ( 'NONE', #393, #122 ) ;
#1826 = ORIENTED_EDGE ( 'NONE', *, *, #1463, .T. ) ;
#1827 = CARTESIAN_POINT ( 'NONE',  ( 30.84900000000000020, 111.5000000000000000, 12.00000000000000000 ) ) ;
#1828 = CARTESIAN_POINT ( 'NONE',  ( -40.00000000000000000, 77.00000000000000000, 12.00000000000000000 ) ) ;
#1829 = DIRECTION ( 'NONE',  ( -0.000000000000000000, 1.000000000000000000, -0.000000000000000000 ) ) ;
#1830 = EDGE_CURVE ( 'NONE', #1075, #627, #275, .T. ) ;
#1831 = FACE_OUTER_BOUND ( 'NONE', #1197, .T. ) ;
#1832 = ORIENTED_EDGE ( 'NONE', *, *, #1574, .F. ) ;
#1833 = VECTOR ( 'NONE', #95, 1000.000000000000000 ) ;
#1834 = DATE_AND_TIME ( #1242, #776 ) ;
#1835 = EDGE_LOOP ( 'NONE', ( #1159, #1313 ) ) ;
#1836 = ORIENTED_EDGE ( 'NONE', *, *, #513, .F. ) ;
#1837 = CYLINDRICAL_SURFACE ( 'NONE', #1168, 1.599999999999997202 ) ;
#1838 = CARTESIAN_POINT ( 'NONE',  ( -43.00000000000000711, 79.23597284044504363, -0.09892045964568729755 ) ) ;
#1839 = EDGE_CURVE ( 'NONE', #42, #1262, #1920, .T. ) ;
#1840 = ORIENTED_EDGE ( 'NONE', *, *, #207, .T. ) ;
#1841 = APPROVAL_STATUS ( 'not_yet_approved' ) ;
#1842 = VERTEX_POINT ( 'NONE', #8 ) ;
#1843 = CARTESIAN_POINT ( 'NONE',  ( 40.00000000000002132, 144.0000000000000000, 4.000000000000000000 ) ) ;
#1844 = AXIS2_PLACEMENT_3D ( 'NONE', #1642, #293, #1622 ) ;
#1845 = VECTOR ( 'NONE', #1748, 1000.000000000000000 ) ;
#1846 = VECTOR ( 'NONE', #3, 1000.000000000000000 ) ;
#1847 = ORIENTED_EDGE ( 'NONE', *, *, #951, .F. ) ;
#1848 = FACE_OUTER_BOUND ( 'NONE', #968, .T. ) ;
#1849 = VECTOR ( 'NONE', #1458, 1000.000000000000000 ) ;
#1850 = CARTESIAN_POINT ( 'NONE',  ( 43.49558859022389612, 77.06158230833868572, 6.375145517988451971 ) ) ;
#1851 = EDGE_CURVE ( 'NONE', #194, #1391, #1358, .T. ) ;
#1852 = ORIENTED_EDGE ( 'NONE', *, *, #1439, .T. ) ;
#1853 = CALENDAR_DATE ( 2026, 28, 9 ) ;
#1854 = VERTEX_POINT ( 'NONE', #607 ) ;
#1855 = CARTESIAN_POINT ( 'NONE',  ( 43.00000000000000000, 80.00000000000000000, 7.000000000000000000 ) ) ;
#1856 = VERTEX_POINT ( 'NONE', #1677 ) ;
#1857 = AXIS2_PLACEMENT_3D ( 'NONE', #862, #587, #1455 ) ;
#1858 = CARTESIAN_POINT ( 'NONE',  ( -32.00000000000000000, 144.0000000000000000, -6.299999999999999822 ) ) ;
#1859 = CARTESIAN_POINT ( 'NONE',  ( 40.00000000000000000, 80.00000000000000000, 7.000000000000000000 ) ) ;
#1860 = CARTESIAN_POINT ( 'NONE',  ( -10.84900000000000020, 0.000000000000000000, -0.000000000000000000 ) ) ;
#1861 = ORIENTED_EDGE ( 'NONE', *, *, #1763, .F. ) ;
#1862 = LINE ( 'NONE', #1273, #129 ) ;
#1863 = FACE_OUTER_BOUND ( 'NONE', #1716, .T. ) ;
#1864 = EDGE_CURVE ( 'NONE', #1245, #1929, #184, .T. ) ;
#1865 = ORIENTED_EDGE ( 'NONE', *, *, #1366, .F. ) ;
#1866 = LINE ( 'NONE', #796, #308 ) ;
#1867 = CARTESIAN_POINT ( 'NONE',  ( -40.00000000000000000, 83.00000000000000000, -12.00000000000000000 ) ) ;
#1868 = DIRECTION ( 'NONE',  ( -1.000000000000000000, 0.000000000000000000, -0.000000000000000000 ) ) ;
#1869 = DIRECTION ( 'NONE',  ( 1.000000000000000000, 0.000000000000000000, 0.000000000000000000 ) ) ;
#1870 = VERTEX_POINT ( 'NONE', #739 ) ;
#1871 = CARTESIAN_POINT ( 'NONE',  ( -15.85000000000000320, 117.0000000000000000, 4.000000000000000000 ) ) ;
#1872 = DIRECTION ( 'NONE',  ( -0.000000000000000000, -0.000000000000000000, 1.000000000000000000 ) ) ;
#1873 = EDGE_LOOP ( 'NONE', ( #820, #1840 ) ) ;
#1874 = EDGE_CURVE ( 'NONE', #1177, #2, #1799, .T. ) ;
#1875 = DIRECTION ( 'NONE',  ( 0.000000000000000000, 0.000000000000000000, -1.000000000000000000 ) ) ;
#1876 = DIRECTION ( 'NONE',  ( 1.000000000000000000, 0.000000000000000000, 0.000000000000000000 ) ) ;
#1877 = VECTOR ( 'NONE', #1433, 1000.000000000000000 ) ;
#1878 = EDGE_CURVE ( 'NONE', #1651, #1408, #468, .T. ) ;
#1879 = VECTOR ( 'NONE', #712, 1000.000000000000000 ) ;
#1880 = CYLINDRICAL_SURFACE ( 'NONE', #212, 1.700000000000000178 ) ;
#1881 = VECTOR ( 'NONE', #1205, 1000.000000000000000 ) ;
#1882 = VERTEX_POINT ( 'NONE', #334 ) ;
#1883 = LINE ( 'NONE', #1892, #1849 ) ;
#1884 = CARTESIAN_POINT ( 'NONE',  ( -43.17054135947296345, 77.97820249301960871, 4.778301710510669764 ) ) ;
#1885 = EDGE_LOOP ( 'NONE', ( #1204, #1852 ) ) ;
#1886 = EDGE_CURVE ( 'NONE', #1406, #544, #1598, .T. ) ;
#1887 = CARTESIAN_POINT ( 'NONE',  ( -43.00000000000000711, 79.15048659681865217, 3.052839683312982721 ) ) ;
#1888 = LINE ( 'NONE', #1162, #1320 ) ;
#1889 = EDGE_CURVE ( 'NONE', #693, #289, #884, .T. ) ;
#1890 = DIRECTION ( 'NONE',  ( -1.000000000000000000, 0.000000000000000000, 0.000000000000000000 ) ) ;
#1891 = ORIENTED_EDGE ( 'NONE', *, *, #851, .T. ) ;
#1892 = CARTESIAN_POINT ( 'NONE',  ( -16.00000000000000000, 80.00000000000000000, 0.000000000000000000 ) ) ;
#1893 = LINE ( 'NONE', #553, #1845 ) ;
#1894 = ORIENTED_EDGE ( 'NONE', *, *, #130, .F. ) ;
#1895 = DIRECTION ( 'NONE',  ( -0.000000000000000000, -0.000000000000000000, 1.000000000000000000 ) ) ;
#1896 = CARTESIAN_POINT ( 'NONE',  ( -43.00000000000000711, 77.81650845883667955, 5.558004002263369436 ) ) ;
#1897 = DIRECTION ( 'NONE',  ( -0.000000000000000000, 1.000000000000000000, -0.000000000000000000 ) ) ;
#1898 = EDGE_CURVE ( 'NONE', #886, #1026, #561, .T. ) ;
#1899 = DIRECTION ( 'NONE',  ( -1.000000000000000000, -0.000000000000000000, -0.000000000000000000 ) ) ;
#1900 = VERTEX_POINT ( 'NONE', #1811 ) ;
#1901 = DIRECTION ( 'NONE',  ( 0.000000000000000000, 0.000000000000000000, -1.000000000000000000 ) ) ;
#1902 = UNCERTAINTY_MEASURE_WITH_UNIT (LENGTH_MEASURE( 1.000000000000000082E-05 ), #1047, 'distance_accuracy_value', 'NONE');
#1903 = CARTESIAN_POINT ( 'NONE',  ( -43.00000000000000711, 79.19239390301096648, -2.315371823058987033 ) ) ;
#1904 = CARTESIAN_POINT ( 'NONE',  ( 43.86613854171076810, 77.07081709668204894, -2.330248148843865774 ) ) ;
#1905 = VECTOR ( 'NONE', #1720, 1000.000000000000114 ) ;
#1906 = VECTOR ( 'NONE', #1042, 1000.000000000000000 ) ;
#1907 = CYLINDRICAL_SURFACE ( 'NONE', #1473, 3.000000000000000000 ) ;
#1908 = CIRCLE ( 'NONE', #1328, 1.700000000000000178 ) ;
#1909 = CC_DESIGN_PERSON_AND_ORGANIZATION_ASSIGNMENT ( #1283, #792, ( #656 ) ) ;
#1910 = ORIENTED_EDGE ( 'NONE', *, *, #1611, .F. ) ;
#1911 = ORIENTED_EDGE ( 'NONE', *, *, #923, .F. ) ;
#1912 = FACE_BOUND ( 'NONE', #1835, .T. ) ;
#1913 = PLANE ( 'NONE',  #1723 ) ;
#1914 = ORIENTED_EDGE ( 'NONE', *, *, #1936, .T. ) ;
#1915 = CARTESIAN_POINT ( 'NONE',  ( -43.00000000000002132, 77.89517597323305154, 0.3605843312448582250 ) ) ;
#1916 = FACE_BOUND ( 'NONE', #210, .T. ) ;
#1917 = DIRECTION ( 'NONE',  ( 0.7071067811865474617, -0.7071067811865474617, -0.000000000000000000 ) ) ;
#1918 = LINE ( 'NONE', #575, #1000 ) ;
#1919 = EDGE_LOOP ( 'NONE', ( #840, #1719, #1255, #1779 ) ) ;
#1920 = LINE ( 'NONE', #1343, #1566 ) ;
#1921 = CARTESIAN_POINT ( 'NONE',  ( -32.00000000000000000, 83.00000000000000000, 9.700000000000001066 ) ) ;
#1922 = ORIENTED_EDGE ( 'NONE', *, *, #636, .T. ) ;
#1923 = ADVANCED_FACE ( 'NONE', ( #763 ), #589, .F. ) ;
#1924 = CARTESIAN_POINT ( 'NONE',  ( -32.00000000000000000, 144.0000000000000000, -8.000000000000000000 ) ) ;
#1925 = CARTESIAN_POINT ( 'NONE',  ( -43.91162894262285477, 76.99999999998757971, 2.915020468780563423 ) ) ;
#1926 = DIRECTION ( 'NONE',  ( -1.000000000000000000, 0.000000000000000000, -0.000000000000000000 ) ) ;
#1927 = CARTESIAN_POINT ( 'NONE',  ( -34.39999999999999858, 140.0000000000000000, 44.00000000000000000 ) ) ;
#1928 = CARTESIAN_POINT ( 'NONE',  ( 43.00000000000000000, 76.00000000000000000, 4.000000000000000000 ) ) ;
#1929 = VERTEX_POINT ( 'NONE', #304 ) ;
#1930 = DIRECTION ( 'NONE',  ( 0.000000000000000000, -1.000000000000000000, 0.000000000000000000 ) ) ;
#1931 = DIRECTION ( 'NONE',  ( 0.000000000000000000, -1.000000000000000000, 0.000000000000000000 ) ) ;
#1932 = ORIENTED_EDGE ( 'NONE', *, *, #1078, .F. ) ;
#1933 = CYLINDRICAL_SURFACE ( 'NONE', #1038, 1.700000000000000178 ) ;
#1934 = EDGE_CURVE ( 'NONE', #1026, #878, #748, .T. ) ;
#1935 = CARTESIAN_POINT ( 'NONE',  ( 42.99999999999999289, 77.81650845883356737, 5.558004002263573717 ) ) ;
#1936 = EDGE_CURVE ( 'NONE', #824, #755, #892, .T. ) ;
#1937 = CIRCLE ( 'NONE', #157, 1.700000000000000178 ) ;
#1938 = FACE_BOUND ( 'NONE', #1062, .T. ) ;
#1939 = CIRCLE ( 'NONE', #249, 1.700000000000001954 ) ;
#1940 = VECTOR ( 'NONE', #1423, 1000.000000000000000 ) ;
#1941 = AXIS2_PLACEMENT_3D ( 'NONE', #1023, #1613, #273 ) ;
#1942 = VERTEX_POINT ( 'NONE', #1804 ) ;
ENDSEC;
END-ISO-10303-21;
