ISO-10303-21;
HEADER;
FILE_DESCRIPTION (( 'STEP AP203' ),
    '1' );
FILE_NAME ('ARM-003_Yaw_D_drive_collar.step',
    '2026-09-28T23:55:17',
    ( '' ),
    ( '' ),
    'SwSTEP 2.0',
    'SolidWorks 2026',
    '' );
FILE_SCHEMA (( 'CONFIG_CONTROL_DESIGN' ));
ENDSEC;

DATA;
#1 = CARTESIAN_POINT ( 'NONE',  ( -6.000000000000000000, 45.50000000000000000, 0.000000000000000000 ) ) ;
#2 = DATE_AND_TIME ( #512, #158 ) ;
#3 = AXIS2_PLACEMENT_3D ( 'NONE', #308, #713, #1017 ) ;
#4 = DIRECTION ( 'NONE',  ( 0.000000000000000000, 1.000000000000000000, 0.000000000000000000 ) ) ;
#5 = VERTEX_POINT ( 'NONE', #1329 ) ;
#6 = CARTESIAN_POINT ( 'NONE',  ( -4.034504347212437558, 46.85462687071893839, -0.3652831998816756243 ) ) ;
#7 = LINE ( 'NONE', #1024, #314 ) ;
#8 = CARTESIAN_POINT ( 'NONE',  ( 6.000000000000000000, 45.50000000000000000, 0.000000000000000000 ) ) ;
#9 = CARTESIAN_POINT ( 'NONE',  ( 6.437196594791866566, 45.50000000000000000, 2.750000000000000000 ) ) ;
#10 = ORIENTED_EDGE ( 'NONE', *, *, #913, .T. ) ;
#11 = EDGE_CURVE ( 'NONE', #71, #1123, #618, .T. ) ;
#12 = CARTESIAN_POINT ( 'NONE',  ( 0.000000000000000000, 39.80000000000000426, 0.000000000000000000 ) ) ;
#13 = CARTESIAN_POINT ( 'NONE',  ( -4.025508913991773241, 46.82791261187406917, -0.4529648376217621508 ) ) ;
#14 = EDGE_CURVE ( 'NONE', #1276, #961, #1195, .T. ) ;
#15 = EDGE_LOOP ( 'NONE', ( #254, #698, #47, #568 ) ) ;
#16 = DIRECTION ( 'NONE',  ( 0.000000000000000000, 1.000000000000000000, 0.000000000000000000 ) ) ;
#17 = AXIS2_PLACEMENT_3D ( 'NONE', #116, #126, #336 ) ;
#18 = CARTESIAN_POINT ( 'NONE',  ( -3.814573997280802597, 45.86917394156316163, -1.362713906478189463 ) ) ;
#19 = VERTEX_POINT ( 'NONE', #312 ) ;
#20 =( LENGTH_UNIT ( ) NAMED_UNIT ( * ) SI_UNIT ( .MILLI., .METRE. ) );
#21 = CIRCLE ( 'NONE', #776, 1.199999999999999956 ) ;
#22 = ADVANCED_FACE ( 'NONE', ( #690 ), #87, .F. ) ;
#23 = CARTESIAN_POINT ( 'NONE',  ( -3.849963565819473743, 46.12183045336895049, -1.257635294818248095 ) ) ;
#24 = VERTEX_POINT ( 'NONE', #704 ) ;
#25 = DIRECTION ( 'NONE',  ( -1.000000000000000000, 0.000000000000000000, 0.000000000000000000 ) ) ;
#26 = ADVANCED_FACE ( 'NONE', ( #499 ), #193, .F. ) ;
#27 = CARTESIAN_POINT ( 'NONE',  ( -6.583178390557679727, 46.88274523150815298, 2.380610386006558610 ) ) ;
#28 = EDGE_CURVE ( 'NONE', #741, #1036, #611, .T. ) ;
#29 = EDGE_LOOP ( 'NONE', ( #874, #1083, #1258, #185, #348, #364, #80, #762, #136 ) ) ;
#30 = CARTESIAN_POINT ( 'NONE',  ( -3.959430457382024482, 44.38195820102595945, 0.8619244333419661119 ) ) ;
#31 = VERTEX_POINT ( 'NONE', #1117 ) ;
#32 = CARTESIAN_POINT ( 'NONE',  ( 6.469576303269104045, 44.84128164293299790, -2.673249954226672109 ) ) ;
#33 = CARTESIAN_POINT ( 'NONE',  ( 0.000000000000000000, 39.80000000000000426, -2.424999999999999822 ) ) ;
#34 = DIRECTION ( 'NONE',  ( -1.000000000000000000, -0.000000000000000000, -0.000000000000000000 ) ) ;
#35 = ORIENTED_EDGE ( 'NONE', *, *, #715, .F. ) ;
#36 = ADVANCED_FACE ( 'NONE', ( #998 ), #73, .F. ) ;
#37 = DIRECTION ( 'NONE',  ( 0.000000000000000000, 1.000000000000000000, 0.000000000000000000 ) ) ;
#38 = LOCAL_TIME ( 18, 55, 17.00000000000000000, #1110 ) ;
#39 = CARTESIAN_POINT ( 'NONE',  ( 6.437196594791866566, 45.50000000000000000, -2.750000000000000000 ) ) ;
#40 = ORIENTED_EDGE ( 'NONE', *, *, #853, .F. ) ;
#41 = CARTESIAN_POINT ( 'NONE',  ( -3.864322858976140029, 44.79575612289506381, -1.213384340689049434 ) ) ;
#42 = EDGE_CURVE ( 'NONE', #246, #24, #731, .T. ) ;
#43 = EDGE_LOOP ( 'NONE', ( #993, #679 ) ) ;
#44 = CARTESIAN_POINT ( 'NONE',  ( 6.865723972125080898, 47.88981489486730680, 1.386087535513879310 ) ) ;
#45 = EDGE_CURVE ( 'NONE', #552, #1161, #46, .T. ) ;
#46 = B_SPLINE_CURVE_WITH_KNOTS ( 'NONE', 3,
 ( #1269, #252, #49, #56, #461, #1071, #150, #557 ),
 .UNSPECIFIED., .F., .F.,
 ( 4, 2, 2, 4 ),
 ( 0.003162636253750208699, 0.003559672703773024069, 0.003956709153795839873, 0.004750782053841491430 ),
 .UNSPECIFIED. ) ;
#47 = ORIENTED_EDGE ( 'NONE', *, *, #316, .T. ) ;
#48 = CARTESIAN_POINT ( 'NONE',  ( 6.583178390557679727, 46.88274523150815298, -2.380610386006558610 ) ) ;
#49 = CARTESIAN_POINT ( 'NONE',  ( -6.441293304524754681, 45.23547906751637271, -2.740469204710237694 ) ) ;
#50 = CARTESIAN_POINT ( 'NONE',  ( -3.864087123807964819, 44.79704446448365474, 1.214131451091667424 ) ) ;
#51 = ORIENTED_EDGE ( 'NONE', *, *, #1244, .F. ) ;
#52 = CARTESIAN_POINT ( 'NONE',  ( -3.894905173584978453, 46.36205682444661846, 1.117884019535641205 ) ) ;
#53 = DIRECTION ( 'NONE',  ( 0.000000000000000000, 1.000000000000000000, 0.000000000000000000 ) ) ;
#54 = VERTEX_POINT ( 'NONE', #141 ) ;
#55 = DIRECTION ( 'NONE',  ( 0.000000000000000000, 0.000000000000000000, 1.000000000000000000 ) ) ;
#56 = CARTESIAN_POINT ( 'NONE',  ( -6.457433250572954364, 44.97259496171182747, -2.702218849626251806 ) ) ;
#57 = CARTESIAN_POINT ( 'NONE',  ( 0.000000000000000000, 48.00000000000000000, 0.000000000000000000 ) ) ;
#58 = ORIENTED_EDGE ( 'NONE', *, *, #108, .T. ) ;
#59 = AXIS2_PLACEMENT_3D ( 'NONE', #248, #263, #1185 ) ;
#60 = LINE ( 'NONE', #723, #989 ) ;
#61 = CARTESIAN_POINT ( 'NONE',  ( 1.592040838891559095E-15, 41.00000000000000000, 13.00000000000000000 ) ) ;
#62 = VERTEX_POINT ( 'NONE', #871 ) ;
#63 = DIRECTION ( 'NONE',  ( 0.000000000000000000, 0.000000000000000000, 1.000000000000000000 ) ) ;
#64 = EDGE_CURVE ( 'NONE', #957, #1004, #902, .T. ) ;
#65 = CARTESIAN_POINT ( 'NONE',  ( -6.437196594791865678, 45.36682682189692173, 2.750000000000000000 ) ) ;
#66 = AXIS2_PLACEMENT_3D ( 'NONE', #654, #966, #1272 ) ;
#67 = AXIS2_PLACEMENT_3D ( 'NONE', #935, #732, #1026 ) ;
#68 = ORIENTED_EDGE ( 'NONE', *, *, #924, .T. ) ;
#69 = CARTESIAN_POINT ( 'NONE',  ( 0.000000000000000000, 48.00000000000000000, 0.000000000000000000 ) ) ;
#70 = LINE ( 'NONE', #481, #778 ) ;
#71 = VERTEX_POINT ( 'NONE', #359 ) ;
#72 = DIRECTION ( 'NONE',  ( -1.000000000000000000, 0.000000000000000000, 0.000000000000000000 ) ) ;
#73 = CYLINDRICAL_SURFACE ( 'NONE', #657, 2.750000000000000000 ) ;
#74 = DIRECTION ( 'NONE',  ( 0.000000000000000000, 0.000000000000000000, 1.000000000000000000 ) ) ;
#75 = ORIENTED_EDGE ( 'NONE', *, *, #45, .F. ) ;
#76 = CARTESIAN_POINT ( 'NONE',  ( -6.000000000000000000, 45.50000000000000000, -1.399999999999999911 ) ) ;
#77 = CARTESIAN_POINT ( 'NONE',  ( -6.632624427534246081, 47.10170685754231101, -2.239163868617264797 ) ) ;
#78 = AXIS2_PLACEMENT_3D ( 'NONE', #876, #478, #574 ) ;
#79 = ORIENTED_EDGE ( 'NONE', *, *, #1144, .T. ) ;
#80 = ORIENTED_EDGE ( 'NONE', *, *, #1273, .T. ) ;
#81 = DIRECTION ( 'NONE',  ( 0.000000000000000000, 0.000000000000000000, -1.000000000000000000 ) ) ;
#82 = EDGE_CURVE ( 'NONE', #446, #750, #489, .T. ) ;
#83 = CIRCLE ( 'NONE', #3, 6.000000000000000000 ) ;
#84 = FACE_BOUND ( 'NONE', #1282, .T. ) ;
#85 = SECURITY_CLASSIFICATION_LEVEL ( 'unclassified' ) ;
#86 = CARTESIAN_POINT ( 'NONE',  ( -6.905613658466567273, 48.00000000000000000, -1.145643923738954628 ) ) ;
#87 = PLANE ( 'NONE',  #622 ) ;
#88 = DIRECTION ( 'NONE',  ( 0.000000000000000000, 0.000000000000000000, -1.000000000000000000 ) ) ;
#89 = VECTOR ( 'NONE', #934, 1000.000000000000000 ) ;
#90 = ORIENTED_EDGE ( 'NONE', *, *, #417, .F. ) ;
#91 = AXIS2_PLACEMENT_3D ( 'NONE', #220, #4, #413 ) ;
#92 = APPROVAL_PERSON_ORGANIZATION ( #1014, #278, #616 ) ;
#93 = LINE ( 'NONE', #592, #1293 ) ;
#94 = DIRECTION ( 'NONE',  ( 0.000000000000000000, 0.000000000000000000, 1.000000000000000000 ) ) ;
#95 = EDGE_CURVE ( 'NONE', #62, #887, #563, .T. ) ;
#96 = LINE ( 'NONE', #506, #113 ) ;
#97 = ORIENTED_EDGE ( 'NONE', *, *, #931, .F. ) ;
#98 = CARTESIAN_POINT ( 'NONE',  ( -3.800328933131972509, 45.50000000000000000, 1.399999999999999911 ) ) ;
#99 = ORIENTED_EDGE ( 'NONE', *, *, #480, .F. ) ;
#100 = DIRECTION ( 'NONE',  ( 0.000000000000000000, 1.000000000000000000, 0.000000000000000000 ) ) ;
#101 = DATE_AND_TIME ( #198, #38 ) ;
#102 = CARTESIAN_POINT ( 'NONE',  ( 12.00000000000000000, 44.00000000000000711, 0.000000000000000000 ) ) ;
#103 = ORIENTED_EDGE ( 'NONE', *, *, #296, .F. ) ;
#104 = CARTESIAN_POINT ( 'NONE',  ( -6.000000000000000000, 45.50000000000000000, 0.000000000000000000 ) ) ;
#105 = DIRECTION ( 'NONE',  ( 1.000000000000000000, 0.000000000000000000, 0.000000000000000000 ) ) ;
#106 = SHAPE_DEFINITION_REPRESENTATION ( #306, #517 ) ;
#107 = FACE_OUTER_BOUND ( 'NONE', #1221, .T. ) ;
#108 = EDGE_CURVE ( 'NONE', #1146, #1176, #368, .T. ) ;
#109 = CARTESIAN_POINT ( 'NONE',  ( -3.800328933131972953, 45.50000000000000000, -1.399999999999999911 ) ) ;
#110 = ADVANCED_FACE ( 'NONE', ( #1181, #542 ), #783, .F. ) ;
#111 = AXIS2_PLACEMENT_3D ( 'NONE', #1075, #947, #153 ) ;
#112 = ORIENTED_EDGE ( 'NONE', *, *, #630, .F. ) ;
#113 = VECTOR ( 'NONE', #922, 1000.000000000000000 ) ;
#114 = CARTESIAN_POINT ( 'NONE',  ( 0.000000000000000000, 44.00000000000000711, 0.000000000000000000 ) ) ;
#115 = B_SPLINE_CURVE_WITH_KNOTS ( 'NONE', 3,
 ( #1077, #863, #157, #460, #774, #238, #250, #1177, #27, #651, #1286, #267, #573, #375 ),
 .UNSPECIFIED., .F., .F.,
 ( 4, 2, 2, 2, 2, 2, 4 ),
 ( 0.001592589179840804298, 0.001987557321475789170, 0.002382525463110774042, 0.002777493604745758914, 0.003172461746380744220, 0.003962398029650714831, 0.004752334312920686310 ),
 .UNSPECIFIED. ) ;
#116 = CARTESIAN_POINT ( 'NONE',  ( -6.000000000000000000, 45.50000000000000000, 0.000000000000000000 ) ) ;
#117 = ORIENTED_EDGE ( 'NONE', *, *, #11, .T. ) ;
#118 = DIRECTION ( 'NONE',  ( 1.000000000000000000, -0.000000000000000000, -0.000000000000000000 ) ) ;
#119 = EDGE_CURVE ( 'NONE', #750, #1062, #839, .T. ) ;
#120 = LINE ( 'NONE', #415, #945 ) ;
#121 = EDGE_CURVE ( 'NONE', #1276, #1073, #809, .T. ) ;
#122 = ORIENTED_EDGE ( 'NONE', *, *, #745, .T. ) ;
#123 = CARTESIAN_POINT ( 'NONE',  ( 0.000000000000000000, 44.00000000000000711, 0.000000000000000000 ) ) ;
#124 = ADVANCED_FACE ( 'NONE', ( #245 ), #1281, .T. ) ;
#125 = VECTOR ( 'NONE', #858, 1000.000000000000000 ) ;
#126 = DIRECTION ( 'NONE',  ( -1.000000000000000000, 0.000000000000000000, 0.000000000000000000 ) ) ;
#127 = EDGE_LOOP ( 'NONE', ( #634, #232, #1311, #1105 ) ) ;
#128 = DIRECTION ( 'NONE',  ( 0.000000000000000000, 1.000000000000000000, 0.000000000000000000 ) ) ;
#129 = EDGE_LOOP ( 'NONE', ( #1196, #972 ) ) ;
#130 = DIRECTION ( 'NONE',  ( 0.000000000000000000, 0.000000000000000000, -1.000000000000000000 ) ) ;
#131 = AXIS2_PLACEMENT_3D ( 'NONE', #952, #438, #1162 ) ;
#132 = EDGE_CURVE ( 'NONE', #872, #356, #142, .T. ) ;
#133 = AXIS2_PLACEMENT_3D ( 'NONE', #1164, #885, #244 ) ;
#134 = CIRCLE ( 'NONE', #439, 4.049999999999999822 ) ;
#135 = DIRECTION ( 'NONE',  ( -0.000000000000000000, -1.000000000000000000, -0.000000000000000000 ) ) ;
#136 = ORIENTED_EDGE ( 'NONE', *, *, #1091, .T. ) ;
#137 = ORIENTED_EDGE ( 'NONE', *, *, #910, .T. ) ;
#138 = PLANE ( 'NONE',  #290 ) ;
#139 = CARTESIAN_POINT ( 'NONE',  ( 13.00000000000000000, 45.50000000000000000, 1.399999999999999911 ) ) ;
#140 = ORIENTED_EDGE ( 'NONE', *, *, #1220, .F. ) ;
#141 = CARTESIAN_POINT ( 'NONE',  ( 6.609652033201145471, 43.99999999999999289, -2.304886114323216439 ) ) ;
#142 = LINE ( 'NONE', #963, #878 ) ;
#143 = EDGE_LOOP ( 'NONE', ( #700, #923, #1236, #850 ) ) ;
#144 = CARTESIAN_POINT ( 'NONE',  ( 0.000000000000000000, 40.99999999999999289, 0.000000000000000000 ) ) ;
#145 = CIRCLE ( 'NONE', #793, 2.750000000000000000 ) ;
#146 = LINE ( 'NONE', #671, #329 ) ;
#147 = CYLINDRICAL_SURFACE ( 'NONE', #631, 13.00000000000000000 ) ;
#148 = ORIENTED_EDGE ( 'NONE', *, *, #211, .F. ) ;
#149 = AXIS2_PLACEMENT_3D ( 'NONE', #706, #674, #362 ) ;
#150 = CARTESIAN_POINT ( 'NONE',  ( -6.559459016920192731, 44.22117224807590929, -2.448823105418905133 ) ) ;
#151 = EDGE_CURVE ( 'NONE', #155, #583, #790, .T. ) ;
#152 = ORIENTED_EDGE ( 'NONE', *, *, #924, .F. ) ;
#153 = DIRECTION ( 'NONE',  ( 0.000000000000000000, -0.000000000000000000, -1.000000000000000000 ) ) ;
#154 = AXIS2_PLACEMENT_3D ( 'NONE', #328, #620, #204 ) ;
#155 = VERTEX_POINT ( 'NONE', #425 ) ;
#156 = CIRCLE ( 'NONE', #914, 4.049999999999999822 ) ;
#157 = CARTESIAN_POINT ( 'NONE',  ( -6.441377084039342726, 45.76614042000488780, 2.740271585420120726 ) ) ;
#158 = LOCAL_TIME ( 18, 55, 17.00000000000000000, #1201 ) ;
#159 = ORIENTED_EDGE ( 'NONE', *, *, #1158, .F. ) ;
#160 = CARTESIAN_POINT ( 'NONE',  ( 3.100000000000000089, 48.00000000000000000, 2.399999999999999911 ) ) ;
#161 = ORIENTED_EDGE ( 'NONE', *, *, #771, .T. ) ;
#162 = CARTESIAN_POINT ( 'NONE',  ( -3.826439345839284467, 45.95403817855945761, 1.327495971375459716 ) ) ;
#163 = CARTESIAN_POINT ( 'NONE',  ( 0.000000000000000000, 44.00000000000000000, 0.000000000000000000 ) ) ;
#164 = EDGE_LOOP ( 'NONE', ( #1205, #433, #606, #1271 ) ) ;
#165 = CARTESIAN_POINT ( 'NONE',  ( 0.000000000000000000, 37.29999999999999716, 0.000000000000000000 ) ) ;
#166 = DIRECTION ( 'NONE',  ( -1.000000000000000000, 0.000000000000000000, 0.000000000000000000 ) ) ;
#167 = FACE_OUTER_BOUND ( 'NONE', #735, .T. ) ;
#168 = ORIENTED_EDGE ( 'NONE', *, *, #1059, .F. ) ;
#169 = DIRECTION ( 'NONE',  ( 0.000000000000000000, 0.000000000000000000, 1.000000000000000000 ) ) ;
#170 = DIRECTION ( 'NONE',  ( 0.000000000000000000, 0.000000000000000000, 1.000000000000000000 ) ) ;
#171 = AXIS2_PLACEMENT_3D ( 'NONE', #338, #534, #240 ) ;
#172 = ORIENTED_EDGE ( 'NONE', *, *, #330, .F. ) ;
#173 = DIRECTION ( 'NONE',  ( 0.000000000000000000, 1.000000000000000000, 0.000000000000000000 ) ) ;
#174 = CARTESIAN_POINT ( 'NONE',  ( -6.441332276753944264, 45.23468883201866930, 2.740377411041130973 ) ) ;
#175 = EDGE_LOOP ( 'NONE', ( #929, #79 ) ) ;
#176 = CIRCLE ( 'NONE', #643, 1.399999999999999911 ) ;
#177 = CARTESIAN_POINT ( 'NONE',  ( 0.000000000000000000, 41.00000000000000000, 0.000000000000000000 ) ) ;
#178 = DIRECTION ( 'NONE',  ( 1.000000000000000000, 0.000000000000000000, 0.000000000000000000 ) ) ;
#179 = ORIENTED_EDGE ( 'NONE', *, *, #1079, .T. ) ;
#180 = EDGE_CURVE ( 'NONE', #683, #501, #384, .T. ) ;
#181 = LINE ( 'NONE', #299, #315 ) ;
#182 = ORIENTED_EDGE ( 'NONE', *, *, #436, .F. ) ;
#183 = ORIENTED_EDGE ( 'NONE', *, *, #813, .F. ) ;
#184 = PLANE ( 'NONE',  #1251 ) ;
#185 = ORIENTED_EDGE ( 'NONE', *, *, #119, .T. ) ;
#186 = COORDINATED_UNIVERSAL_TIME_OFFSET ( 6, 0, .BEHIND. ) ;
#187 = CARTESIAN_POINT ( 'NONE',  ( -6.658511140723013533, 47.20503742989174611, -2.161514923064316029 ) ) ;
#188 = EDGE_LOOP ( 'NONE', ( #594, #1307, #670, #1255 ) ) ;
#189 = ORIENTED_EDGE ( 'NONE', *, *, #468, .T. ) ;
#190 = FACE_BOUND ( 'NONE', #1119, .T. ) ;
#191 = PERSON_AND_ORGANIZATION ( #1041, #915 ) ;
#192 = FACE_OUTER_BOUND ( 'NONE', #1003, .T. ) ;
#193 = CYLINDRICAL_SURFACE ( 'NONE', #445, 4.049999999999999822 ) ;
#194 = ORIENTED_EDGE ( 'NONE', *, *, #948, .T. ) ;
#195 = EDGE_CURVE ( 'NONE', #455, #260, #145, .T. ) ;
#196 = AXIS2_PLACEMENT_3D ( 'NONE', #177, #1191, #88 ) ;
#197 = DIRECTION ( 'NONE',  ( 0.000000000000000000, 0.000000000000000000, -1.000000000000000000 ) ) ;
#198 = CALENDAR_DATE ( 2026, 28, 9 ) ;
#199 = CARTESIAN_POINT ( 'NONE',  ( 2.969768487932330991E-16, 37.29999999999999716, 2.424999999999999822 ) ) ;
#200 = DIRECTION ( 'NONE',  ( -1.000000000000000000, 0.000000000000000000, 0.000000000000000000 ) ) ;
#201 = DIRECTION ( 'NONE',  ( 1.000000000000000000, 0.000000000000000000, 0.000000000000000000 ) ) ;
#202 = CIRCLE ( 'NONE', #372, 1.199999999999999956 ) ;
#203 = CIRCLE ( 'NONE', #374, 2.750000000000000000 ) ;
#204 = DIRECTION ( 'NONE',  ( 0.000000000000000000, 0.000000000000000000, -1.000000000000000000 ) ) ;
#205 = APPROVAL_STATUS ( 'not_yet_approved' ) ;
#206 = CARTESIAN_POINT ( 'NONE',  ( 3.100000000000000089, 48.00000000000000000, 2.399999999999999911 ) ) ;
#207 = ORIENTED_EDGE ( 'NONE', *, *, #180, .F. ) ;
#208 = DIRECTION ( 'NONE',  ( 1.000000000000000000, -0.000000000000000000, -0.000000000000000000 ) ) ;
#209 = VERTEX_POINT ( 'NONE', #1259 ) ;
#210 = CARTESIAN_POINT ( 'NONE',  ( 12.00000000000000000, 44.00000000000000711, 2.304886114323225321 ) ) ;
#211 = EDGE_CURVE ( 'NONE', #1046, #455, #629, .T. ) ;
#212 = APPROVAL_DATE_TIME ( #2, #278 ) ;
#213 = CARTESIAN_POINT ( 'NONE',  ( 6.905613658466567273, 48.00000000000000000, 1.145643923738954628 ) ) ;
#214 = DIRECTION ( 'NONE',  ( 0.000000000000000000, 0.000000000000000000, -1.000000000000000000 ) ) ;
#215 = VECTOR ( 'NONE', #1226, 1000.000000000000000 ) ;
#216 = VERTEX_POINT ( 'NONE', #529 ) ;
#217 = FACE_OUTER_BOUND ( 'NONE', #788, .T. ) ;
#218 = CIRCLE ( 'NONE', #470, 2.424999999999999822 ) ;
#219 = CC_DESIGN_PERSON_AND_ORGANIZATION_ASSIGNMENT ( #709, #505, ( #844 ) ) ;
#220 = CARTESIAN_POINT ( 'NONE',  ( 0.000000000000000000, 41.00000000000000000, 0.000000000000000000 ) ) ;
#221 = FACE_BOUND ( 'NONE', #707, .T. ) ;
#222 = CARTESIAN_POINT ( 'NONE',  ( 0.000000000000000000, 39.79999999999999716, 0.000000000000000000 ) ) ;
#223 = VECTOR ( 'NONE', #759, 1000.000000000000000 ) ;
#224 = EDGE_LOOP ( 'NONE', ( #983, #940, #422, #350 ) ) ;
#225 = VECTOR ( 'NONE', #178, 1000.000000000000000 ) ;
#226 = CYLINDRICAL_SURFACE ( 'NONE', #332, 1.399999999999999911 ) ;
#227 = CARTESIAN_POINT ( 'NONE',  ( 0.000000000000000000, 48.00000000000000000, 0.000000000000000000 ) ) ;
#228 = EDGE_CURVE ( 'NONE', #1123, #382, #717, .T. ) ;
#229 = ORIENTED_EDGE ( 'NONE', *, *, #352, .T. ) ;
#230 = DIRECTION ( 'NONE',  ( 0.000000000000000000, 0.000000000000000000, -1.000000000000000000 ) ) ;
#231 = FACE_BOUND ( 'NONE', #1112, .T. ) ;
#232 = ORIENTED_EDGE ( 'NONE', *, *, #468, .F. ) ;
#233 = ORIENTED_EDGE ( 'NONE', *, *, #42, .F. ) ;
#234 = ADVANCED_FACE ( 'NONE', ( #849, #1153 ), #1254, .F. ) ;
#235 = CARTESIAN_POINT ( 'NONE',  ( -12.00000000000000000, 44.00000000000000711, 0.000000000000000000 ) ) ;
#236 = UNCERTAINTY_MEASURE_WITH_UNIT (LENGTH_MEASURE( 1.000000000000000082E-05 ), #20, 'distance_accuracy_value', 'NONE');
#237 = AXIS2_PLACEMENT_3D ( 'NONE', #509, #943, #773 ) ;
#238 = CARTESIAN_POINT ( 'NONE',  ( -6.499561673978746512, 46.40684787571950665, 2.599483432554923201 ) ) ;
#239 = EDGE_LOOP ( 'NONE', ( #189, #354 ) ) ;
#240 = DIRECTION ( 'NONE',  ( 0.000000000000000000, -0.000000000000000000, 1.000000000000000000 ) ) ;
#241 = ORIENTED_EDGE ( 'NONE', *, *, #990, .F. ) ;
#242 = DIRECTION ( 'NONE',  ( 0.000000000000000000, 0.000000000000000000, 1.000000000000000000 ) ) ;
#243 = AXIS2_PLACEMENT_3D ( 'NONE', #531, #37, #335 ) ;
#244 = DIRECTION ( 'NONE',  ( 0.000000000000000000, 0.000000000000000000, 1.000000000000000000 ) ) ;
#245 = FACE_OUTER_BOUND ( 'NONE', #378, .T. ) ;
#246 = VERTEX_POINT ( 'NONE', #1056 ) ;
#247 = CARTESIAN_POINT ( 'NONE',  ( -3.800328933131972953, 45.50000000000000000, -1.399999999999999911 ) ) ;
#248 = CARTESIAN_POINT ( 'NONE',  ( -6.000000000000000000, 45.50000000000000000, 0.000000000000000000 ) ) ;
#249 = EDGE_CURVE ( 'NONE', #31, #260, #93, .T. ) ;
#250 = CARTESIAN_POINT ( 'NONE',  ( -6.518198274269424886, 46.53107725406510298, 2.552749073516589196 ) ) ;
#251 = ORIENTED_EDGE ( 'NONE', *, *, #579, .F. ) ;
#252 = CARTESIAN_POINT ( 'NONE',  ( -6.437196594791866566, 45.36746691884724214, -2.750000000000000888 ) ) ;
#253 = DIRECTION ( 'NONE',  ( 0.000000000000000000, 0.000000000000000000, 1.000000000000000000 ) ) ;
#254 = ORIENTED_EDGE ( 'NONE', *, *, #121, .F. ) ;
#255 = FACE_OUTER_BOUND ( 'NONE', #946, .T. ) ;
#256 = AXIS2_PLACEMENT_3D ( 'NONE', #57, #1189, #253 ) ;
#257 = CARTESIAN_POINT ( 'NONE',  ( 6.656899193256566427, 47.20932544665775765, -2.169762028032470980 ) ) ;
#258 = ORIENTED_EDGE ( 'NONE', *, *, #677, .F. ) ;
#259 = VECTOR ( 'NONE', #1295, 1000.000000000000000 ) ;
#260 = VERTEX_POINT ( 'NONE', #487 ) ;
#261 = CARTESIAN_POINT ( 'NONE',  ( 6.457518781622471948, 46.02845067969364123, 2.702014877186277531 ) ) ;
#262 = CARTESIAN_POINT ( 'NONE',  ( 0.000000000000000000, 39.80000000000000426, 0.000000000000000000 ) ) ;
#263 = DIRECTION ( 'NONE',  ( -1.000000000000000000, -0.000000000000000000, -0.000000000000000000 ) ) ;
#264 = VECTOR ( 'NONE', #817, 1000.000000000000000 ) ;
#265 = ORIENTED_EDGE ( 'NONE', *, *, #526, .T. ) ;
#266 = VECTOR ( 'NONE', #1092, 1000.000000000000000 ) ;
#267 = CARTESIAN_POINT ( 'NONE',  ( -6.816091093722637773, 47.74666126132438393, 1.606738752447796958 ) ) ;
#268 = CARTESIAN_POINT ( 'NONE',  ( -3.910850823326024184, 44.57470464199347759, -1.054606664430368879 ) ) ;
#269 = ORIENTED_EDGE ( 'NONE', *, *, #730, .T. ) ;
#270 = EDGE_CURVE ( 'NONE', #394, #697, #134, .T. ) ;
#271 = CARTESIAN_POINT ( 'NONE',  ( 6.437196594791866566, 45.50000000000000000, 2.750000000000000000 ) ) ;
#272 = DIRECTION ( 'NONE',  ( 0.000000000000000000, 0.000000000000000000, 1.000000000000000000 ) ) ;
#273 = ORIENTED_EDGE ( 'NONE', *, *, #393, .F. ) ;
#274 = DIRECTION ( 'NONE',  ( 0.000000000000000000, 0.000000000000000000, 1.000000000000000000 ) ) ;
#275 = CARTESIAN_POINT ( 'NONE',  ( -6.457452281733363719, 44.97244101072307387, 2.702173177950148997 ) ) ;
#276 = CARTESIAN_POINT ( 'NONE',  ( -3.800328933131972065, 45.31631219987266945, -1.399999999999999689 ) ) ;
#277 = ORIENTED_EDGE ( 'NONE', *, *, #443, .F. ) ;
#278 = APPROVAL ( #205, 'UNSPECIFIED' ) ;
#279 = CARTESIAN_POINT ( 'NONE',  ( 1.469576158976823553E-16, 40.99999999999999289, 1.199999999999999956 ) ) ;
#280 = EDGE_CURVE ( 'NONE', #356, #391, #1207, .T. ) ;
#281 = FACE_BOUND ( 'NONE', #955, .T. ) ;
#282 = VECTOR ( 'NONE', #166, 1000.000000000000000 ) ;
#283 = CARTESIAN_POINT ( 'NONE',  ( -6.437196594791866566, 45.50000000000000000, -2.750000000000000000 ) ) ;
#284 = DIRECTION ( 'NONE',  ( -1.000000000000000000, 0.000000000000000000, 0.000000000000000000 ) ) ;
#285 = CARTESIAN_POINT ( 'NONE',  ( -6.000000000000000000, 45.50000000000000000, 0.000000000000000000 ) ) ;
#286 = ORIENTED_EDGE ( 'NONE', *, *, #151, .T. ) ;
#287 = FACE_OUTER_BOUND ( 'NONE', #909, .T. ) ;
#288 = EDGE_CURVE ( 'NONE', #1046, #887, #686, .T. ) ;
#289 = PERSON_AND_ORGANIZATION_ROLE ( 'creator' ) ;
#290 = AXIS2_PLACEMENT_3D ( 'NONE', #357, #1150, #1156 ) ;
#291 = CYLINDRICAL_SURFACE ( 'NONE', #537, 1.399999999999999911 ) ;
#292 = VECTOR ( 'NONE', #1187, 1000.000000000000000 ) ;
#293 = DIRECTION ( 'NONE',  ( 0.000000000000000000, 1.000000000000000000, 0.000000000000000000 ) ) ;
#294 = ORIENTED_EDGE ( 'NONE', *, *, #1199, .F. ) ;
#295 = LINE ( 'NONE', #383, #266 ) ;
#296 = EDGE_CURVE ( 'NONE', #1247, #926, #734, .T. ) ;
#297 = ORIENTED_EDGE ( 'NONE', *, *, #630, .T. ) ;
#298 = PERSON_AND_ORGANIZATION ( #1041, #915 ) ;
#299 = CARTESIAN_POINT ( 'NONE',  ( -6.000000000000000000, 44.00000000000000711, 2.304886114323225321 ) ) ;
#300 = ADVANCED_FACE ( 'NONE', ( #167 ), #992, .T. ) ;
#301 = CARTESIAN_POINT ( 'NONE',  ( 3.100000000000000089, 48.00000000000000000, -2.399999999999999911 ) ) ;
#302 = ORIENTED_EDGE ( 'NONE', *, *, #132, .F. ) ;
#303 = DIRECTION ( 'NONE',  ( -1.000000000000000000, 0.000000000000000000, 0.000000000000000000 ) ) ;
#304 = DATE_TIME_ROLE ( 'creation_date' ) ;
#305 = CARTESIAN_POINT ( 'NONE',  ( 13.00000000000000000, 45.50000000000000000, 0.000000000000000000 ) ) ;
#306 = PRODUCT_DEFINITION_SHAPE ( 'NONE', 'NONE',  #969 ) ;
#307 = ORIENTED_EDGE ( 'NONE', *, *, #1217, .T. ) ;
#308 = CARTESIAN_POINT ( 'NONE',  ( 0.000000000000000000, 41.00000000000000000, 0.000000000000000000 ) ) ;
#309 = AXIS2_PLACEMENT_3D ( 'NONE', #358, #365, #1268 ) ;
#310 = CARTESIAN_POINT ( 'NONE',  ( -6.905613658466567273, 48.00000000000000000, -1.145643923738954628 ) ) ;
#311 = DIRECTION ( 'NONE',  ( 0.000000000000000000, 0.000000000000000000, 1.000000000000000000 ) ) ;
#312 = CARTESIAN_POINT ( 'NONE',  ( 6.000000000000000000, 45.50000000000000000, -1.399999999999999911 ) ) ;
#313 = CARTESIAN_POINT ( 'NONE',  ( 6.711302512696335931, 47.40077969347409237, 1.991566206993405252 ) ) ;
#314 = VECTOR ( 'NONE', #322, 1000.000000000000000 ) ;
#315 = VECTOR ( 'NONE', #797, 1000.000000000000000 ) ;
#316 = EDGE_CURVE ( 'NONE', #961, #1131, #932, .T. ) ;
#317 = DIRECTION ( 'NONE',  ( 0.000000000000000000, 1.000000000000000000, 0.000000000000000000 ) ) ;
#318 = PERSON_AND_ORGANIZATION ( #1041, #915 ) ;
#319 = FACE_BOUND ( 'NONE', #43, .T. ) ;
#320 = FACE_OUTER_BOUND ( 'NONE', #143, .T. ) ;
#321 = ORIENTED_EDGE ( 'NONE', *, *, #28, .T. ) ;
#322 = DIRECTION ( 'NONE',  ( -0.000000000000000000, -1.000000000000000000, -0.000000000000000000 ) ) ;
#323 = DIRECTION ( 'NONE',  ( 0.000000000000000000, 0.000000000000000000, -1.000000000000000000 ) ) ;
#324 = CARTESIAN_POINT ( 'NONE',  ( -3.991214964933072373, 46.72139938140387727, -0.7087310820685494006 ) ) ;
#325 = AXIS2_PLACEMENT_3D ( 'NONE', #471, #886, #1275 ) ;
#326 = DIRECTION ( 'NONE',  ( 0.000000000000000000, 0.000000000000000000, -1.000000000000000000 ) ) ;
#327 = ORIENTED_EDGE ( 'NONE', *, *, #1228, .F. ) ;
#328 = CARTESIAN_POINT ( 'NONE',  ( 0.000000000000000000, 48.00000000000000000, 0.000000000000000000 ) ) ;
#329 = VECTOR ( 'NONE', #595, 1000.000000000000000 ) ;
#330 = EDGE_CURVE ( 'NONE', #872, #741, #146, .T. ) ;
#331 = DIRECTION ( 'NONE',  ( -0.000000000000000000, -1.000000000000000000, -0.000000000000000000 ) ) ;
#332 = AXIS2_PLACEMENT_3D ( 'NONE', #1030, #708, #1114 ) ;
#333 = ORIENTED_EDGE ( 'NONE', *, *, #1158, .T. ) ;
#334 = AXIS2_PLACEMENT_3D ( 'NONE', #466, #371, #687 ) ;
#335 = DIRECTION ( 'NONE',  ( 0.000000000000000000, 0.000000000000000000, 1.000000000000000000 ) ) ;
#336 = DIRECTION ( 'NONE',  ( 0.000000000000000000, 0.000000000000000000, 1.000000000000000000 ) ) ;
#337 = ADVANCED_FACE ( 'NONE', ( #701 ), #565, .F. ) ;
#338 = CARTESIAN_POINT ( 'NONE',  ( 0.000000000000000000, 41.00000000000000000, 0.000000000000000000 ) ) ;
#339 = ORIENTED_EDGE ( 'NONE', *, *, #408, .F. ) ;
#340 = LINE ( 'NONE', #351, #223 ) ;
#341 = DIRECTION ( 'NONE',  ( 0.000000000000000000, -1.000000000000000000, 0.000000000000000000 ) ) ;
#342 = DIRECTION ( 'NONE',  ( 0.000000000000000000, 0.000000000000000000, -1.000000000000000000 ) ) ;
#343 = ORIENTED_EDGE ( 'NONE', *, *, #895, .F. ) ;
#344 = EDGE_CURVE ( 'NONE', #246, #799, #1067, .T. ) ;
#345 = CARTESIAN_POINT ( 'NONE',  ( 6.559388157041597722, 44.22148448750300531, -2.449026308144497843 ) ) ;
#346 = CIRCLE ( 'NONE', #237, 2.424999999999999822 ) ;
#347 = LINE ( 'NONE', #139, #367 ) ;
#348 = ORIENTED_EDGE ( 'NONE', *, *, #440, .T. ) ;
#349 = CARTESIAN_POINT ( 'NONE',  ( -3.816716093905498486, 45.13551420647789314, 1.354822206900420101 ) ) ;
#350 = ORIENTED_EDGE ( 'NONE', *, *, #931, .T. ) ;
#351 = CARTESIAN_POINT ( 'NONE',  ( -6.000000000000000000, 48.00000000000000000, 1.145643923738954628 ) ) ;
#352 = EDGE_CURVE ( 'NONE', #24, #246, #346, .T. ) ;
#353 = CARTESIAN_POINT ( 'NONE',  ( 6.905613658466567273, 48.00000000000000000, -1.145643923738954628 ) ) ;
#354 = ORIENTED_EDGE ( 'NONE', *, *, #1142, .T. ) ;
#355 = CARTESIAN_POINT ( 'NONE',  ( -4.025522119538865518, 44.17205045720254475, -0.4528020449624717281 ) ) ;
#356 = VERTEX_POINT ( 'NONE', #398 ) ;
#357 = CARTESIAN_POINT ( 'NONE',  ( 12.00000000000000000, 45.50000000000000000, 0.000000000000000000 ) ) ;
#358 = CARTESIAN_POINT ( 'NONE',  ( -6.000000000000000000, 45.50000000000000000, 0.000000000000000000 ) ) ;
#359 = CARTESIAN_POINT ( 'NONE',  ( 7.347880794884119736E-16, 41.00000000000000000, 6.000000000000000000 ) ) ;
#360 = ORIENTED_EDGE ( 'NONE', *, *, #132, .T. ) ;
#361 = CARTESIAN_POINT ( 'NONE',  ( 0.000000000000000000, 40.99999999999999289, -1.199999999999999956 ) ) ;
#362 = DIRECTION ( 'NONE',  ( 0.000000000000000000, 0.000000000000000000, -1.000000000000000000 ) ) ;
#363 = EDGE_CURVE ( 'NONE', #1171, #926, #576, .T. ) ;
#364 = ORIENTED_EDGE ( 'NONE', *, *, #249, .F. ) ;
#365 = DIRECTION ( 'NONE',  ( -1.000000000000000000, -0.000000000000000000, -0.000000000000000000 ) ) ;
#366 = EDGE_CURVE ( 'NONE', #784, #382, #370, .T. ) ;
#367 = VECTOR ( 'NONE', #960, 1000.000000000000000 ) ;
#368 = LINE ( 'NONE', #985, #282 ) ;
#369 = VERTEX_POINT ( 'NONE', #584 ) ;
#370 = LINE ( 'NONE', #1118, #604 ) ;
#371 = DIRECTION ( 'NONE',  ( 0.000000000000000000, 1.000000000000000000, 0.000000000000000000 ) ) ;
#372 = AXIS2_PLACEMENT_3D ( 'NONE', #144, #1050, #755 ) ;
#373 = ORIENTED_EDGE ( 'NONE', *, *, #280, .T. ) ;
#374 = AXIS2_PLACEMENT_3D ( 'NONE', #1285, #494, #1303 ) ;
#375 = CARTESIAN_POINT ( 'NONE',  ( -6.905613658466567273, 48.00000000000000000, 1.145643923738954628 ) ) ;
#376 = CARTESIAN_POINT ( 'NONE',  ( -6.559388157041597722, 44.22148448750301242, 2.449026308144500508 ) ) ;
#377 = ADVANCED_FACE ( 'NONE', ( #1085 ), #1284, .F. ) ;
#378 = EDGE_LOOP ( 'NONE', ( #1317, #140 ) ) ;
#379 = CARTESIAN_POINT ( 'NONE',  ( 13.00000000000000000, 45.50000000000000000, 0.000000000000000000 ) ) ;
#380 = DIRECTION ( 'NONE',  ( 0.000000000000000000, 0.000000000000000000, 1.000000000000000000 ) ) ;
#381 = DIRECTION ( 'NONE',  ( -0.000000000000000000, -1.000000000000000000, -0.000000000000000000 ) ) ;
#382 = VERTEX_POINT ( 'NONE', #873 ) ;
#383 = CARTESIAN_POINT ( 'NONE',  ( 0.000000000000000000, 44.00000000000000711, -4.049999999999999822 ) ) ;
#384 = CIRCLE ( 'NONE', #386, 1.199999999999999956 ) ;
#385 = VECTOR ( 'NONE', #483, 1000.000000000000000 ) ;
#386 = AXIS2_PLACEMENT_3D ( 'NONE', #222, #1241, #1235 ) ;
#387 = PERSON_AND_ORGANIZATION_ROLE ( 'design_supplier' ) ;
#388 = DIRECTION ( 'NONE',  ( -1.000000000000000000, 0.000000000000000000, -0.000000000000000000 ) ) ;
#389 = EDGE_LOOP ( 'NONE', ( #522, #1200, #148, #241 ) ) ;
#390 = AXIS2_PLACEMENT_3D ( 'NONE', #1087, #1280, #540 ) ;
#391 = VERTEX_POINT ( 'NONE', #1227 ) ;
#392 = FACE_OUTER_BOUND ( 'NONE', #976, .T. ) ;
#393 = EDGE_CURVE ( 'NONE', #957, #209, #60, .T. ) ;
#394 = VERTEX_POINT ( 'NONE', #994 ) ;
#395 = CALENDAR_DATE ( 2026, 28, 9 ) ;
#396 = AXIS2_PLACEMENT_3D ( 'NONE', #262, #1086, #577 ) ;
#397 = CARTESIAN_POINT ( 'NONE',  ( 6.000000000000000000, 45.50000000000000000, 1.399999999999999911 ) ) ;
#398 = CARTESIAN_POINT ( 'NONE',  ( 3.100000000000000089, 44.00000000000000000, -2.399999999999999911 ) ) ;
#399 = VERTEX_POINT ( 'NONE', #880 ) ;
#400 = CARTESIAN_POINT ( 'NONE',  ( 0.000000000000000000, 48.00000000000000000, -4.049999999999999822 ) ) ;
#401 = MECHANICAL_CONTEXT ( 'NONE', #1297, 'mechanical' ) ;
#402 = DIRECTION ( 'NONE',  ( -1.000000000000000000, -0.000000000000000000, -0.000000000000000000 ) ) ;
#403 = DIRECTION ( 'NONE',  ( 0.000000000000000000, 0.000000000000000000, -1.000000000000000000 ) ) ;
#404 = CARTESIAN_POINT ( 'NONE',  ( 6.514753208766934200, 46.53267108062811985, 2.562114570348312803 ) ) ;
#405 = ORIENTED_EDGE ( 'NONE', *, *, #228, .F. ) ;
#406 = CARTESIAN_POINT ( 'NONE',  ( 0.000000000000000000, 48.00000000000000000, -7.000000000000000000 ) ) ;
#407 = LINE ( 'NONE', #680, #292 ) ;
#408 = EDGE_CURVE ( 'NONE', #575, #683, #685, .T. ) ;
#409 = CARTESIAN_POINT ( 'NONE',  ( -3.803764249674551401, 45.68485502651929409, 1.390770956782315437 ) ) ;
#410 = ORIENTED_EDGE ( 'NONE', *, *, #725, .T. ) ;
#411 = DIRECTION ( 'NONE',  ( 1.000000000000000000, 0.000000000000000000, 0.000000000000000000 ) ) ;
#412 = CARTESIAN_POINT ( 'NONE',  ( 3.100000000000000533, 45.50000000000000000, 0.000000000000000000 ) ) ;
#413 = DIRECTION ( 'NONE',  ( 0.000000000000000000, 0.000000000000000000, 1.000000000000000000 ) ) ;
#414 = ORIENTED_EDGE ( 'NONE', *, *, #1142, .F. ) ;
#415 = CARTESIAN_POINT ( 'NONE',  ( 12.00000000000000000, 48.00000000000000000, -1.145643923738954628 ) ) ;
#416 = ORIENTED_EDGE ( 'NONE', *, *, #843, .T. ) ;
#417 = EDGE_CURVE ( 'NONE', #893, #837, #658, .T. ) ;
#418 = ORIENTED_EDGE ( 'NONE', *, *, #1179, .T. ) ;
#419 = LINE ( 'NONE', #1139, #911 ) ;
#420 = DIRECTION ( 'NONE',  ( -1.000000000000000000, -0.000000000000000000, -0.000000000000000000 ) ) ;
#421 = DIRECTION ( 'NONE',  ( 0.000000000000000000, 0.000000000000000000, -1.000000000000000000 ) ) ;
#422 = ORIENTED_EDGE ( 'NONE', *, *, #586, .T. ) ;
#423 = PLANE ( 'NONE',  #560 ) ;
#424 = CARTESIAN_POINT ( 'NONE',  ( 6.441293304524753793, 45.23547906751638692, 2.740469204710239914 ) ) ;
#425 = CARTESIAN_POINT ( 'NONE',  ( 6.000000000000000000, 45.50000000000000000, 2.750000000000000000 ) ) ;
#426 = ORIENTED_EDGE ( 'NONE', *, *, #1144, .F. ) ;
#427 = ADVANCED_FACE ( 'NONE', ( #676 ), #508, .T. ) ;
#428 = CARTESIAN_POINT ( 'NONE',  ( -3.959429117908626949, 46.61809073790031022, -0.8619911824152135527 ) ) ;
#429 = LOCAL_TIME ( 18, 55, 17.00000000000000000, #186 ) ;
#430 = DIRECTION ( 'NONE',  ( 0.000000000000000000, 0.000000000000000000, 1.000000000000000000 ) ) ;
#431 = CIRCLE ( 'NONE', #845, 13.00000000000000000 ) ;
#432 = DIRECTION ( 'NONE',  ( 0.000000000000000000, -1.000000000000000000, 0.000000000000000000 ) ) ;
#433 = ORIENTED_EDGE ( 'NONE', *, *, #195, .T. ) ;
#434 = AXIS2_PLACEMENT_3D ( 'NONE', #996, #693, #272 ) ;
#435 = CARTESIAN_POINT ( 'NONE',  ( -3.991482188007700049, 46.72222533027417057, 0.7066749977563339113 ) ) ;
#436 = EDGE_CURVE ( 'NONE', #583, #399, #1283, .T. ) ;
#437 = EDGE_LOOP ( 'NONE', ( #530, #297, #99, #182 ) ) ;
#438 = DIRECTION ( 'NONE',  ( 0.000000000000000000, 1.000000000000000000, 0.000000000000000000 ) ) ;
#439 = AXIS2_PLACEMENT_3D ( 'NONE', #1308, #474, #891 ) ;
#440 = EDGE_CURVE ( 'NONE', #1062, #260, #918, .T. ) ;
#441 = FACE_OUTER_BOUND ( 'NONE', #224, .T. ) ;
#442 = EDGE_LOOP ( 'NONE', ( #1260, #137, #459, #159, #536, #578, #675, #753 ) ) ;
#443 = EDGE_CURVE ( 'NONE', #1242, #501, #612, .T. ) ;
#444 = CARTESIAN_POINT ( 'NONE',  ( -3.910910230756858841, 44.57448619005935342, 1.054351452728358174 ) ) ;
#445 = AXIS2_PLACEMENT_3D ( 'NONE', #1016, #711, #403 ) ;
#446 = VERTEX_POINT ( 'NONE', #815 ) ;
#447 = DIRECTION ( 'NONE',  ( -0.000000000000000000, -1.000000000000000000, -0.000000000000000000 ) ) ;
#448 = CARTESIAN_POINT ( 'NONE',  ( -6.437196594791866566, 45.50000000000000000, -2.750000000000000000 ) ) ;
#449 = CARTESIAN_POINT ( 'NONE',  ( -3.800328933131972953, 45.50000000000000000, -1.399999999999999911 ) ) ;
#450 = PRODUCT_DEFINITION_FORMATION_WITH_SPECIFIED_SOURCE ( 'ANY', '', #502, .NOT_KNOWN. ) ;
#451 = ORIENTED_EDGE ( 'NONE', *, *, #853, .T. ) ;
#452 = LINE ( 'NONE', #868, #1031 ) ;
#453 = VECTOR ( 'NONE', #1033, 1000.000000000000000 ) ;
#454 = CARTESIAN_POINT ( 'NONE',  ( 6.816091093722635996, 47.74666126132436972, -1.606738752447796958 ) ) ;
#455 = VERTEX_POINT ( 'NONE', #1219 ) ;
#456 = CARTESIAN_POINT ( 'NONE',  ( -4.036658990343310549, 44.13745070966901096, 0.3698975558524987273 ) ) ;
#457 = ORIENTED_EDGE ( 'NONE', *, *, #108, .F. ) ;
#458 = CARTESIAN_POINT ( 'NONE',  ( 3.262284475639731340, 44.00000000000000000, 2.399999999999999911 ) ) ;
#459 = ORIENTED_EDGE ( 'NONE', *, *, #45, .T. ) ;
#460 = CARTESIAN_POINT ( 'NONE',  ( -6.457445106597440088, 46.02734171946890029, 2.702189814933226852 ) ) ;
#461 = CARTESIAN_POINT ( 'NONE',  ( -6.469612034146805968, 44.84107285759884576, -2.673159329098455661 ) ) ;
#462 = DIRECTION ( 'NONE',  ( 0.000000000000000000, 0.000000000000000000, 1.000000000000000000 ) ) ;
#463 = CARTESIAN_POINT ( 'NONE',  ( -3.800328933131972065, 45.40673805667481133, 1.399999999999999467 ) ) ;
#464 = ORIENTED_EDGE ( 'NONE', *, *, #832, .F. ) ;
#465 = CARTESIAN_POINT ( 'NONE',  ( -3.959474618286007441, 46.61816586882584801, 0.8616912089032081612 ) ) ;
#466 = CARTESIAN_POINT ( 'NONE',  ( 0.000000000000000000, 41.00000000000000000, 0.000000000000000000 ) ) ;
#467 = VERTEX_POINT ( 'NONE', #458 ) ;
#468 = EDGE_CURVE ( 'NONE', #784, #71, #83, .T. ) ;
#469 = CARTESIAN_POINT ( 'NONE',  ( 0.000000000000000000, 48.00000000000000000, 0.000000000000000000 ) ) ;
#470 = AXIS2_PLACEMENT_3D ( 'NONE', #165, #672, #55 ) ;
#471 = CARTESIAN_POINT ( 'NONE',  ( 0.000000000000000000, 44.00000000000000711, 0.000000000000000000 ) ) ;
#472 = ORIENTED_EDGE ( 'NONE', *, *, #514, .T. ) ;
#473 = CARTESIAN_POINT ( 'NONE',  ( 6.738409342686614067, 47.49379518522300003, 1.898468533991905849 ) ) ;
#474 = DIRECTION ( 'NONE',  ( 0.000000000000000000, 1.000000000000000000, 0.000000000000000000 ) ) ;
#475 = CARTESIAN_POINT ( 'NONE',  ( 0.000000000000000000, 41.00000000000000000, 0.000000000000000000 ) ) ;
#476 = AXIS2_PLACEMENT_3D ( 'NONE', #520, #827, #617 ) ;
#477 = LINE ( 'NONE', #206, #1318 ) ;
#478 = DIRECTION ( 'NONE',  ( 0.000000000000000000, 1.000000000000000000, 0.000000000000000000 ) ) ;
#479 = EDGE_CURVE ( 'NONE', #1073, #1276, #1082, .T. ) ;
#480 = EDGE_CURVE ( 'NONE', #399, #446, #120, .T. ) ;
#481 = CARTESIAN_POINT ( 'NONE',  ( 12.00000000000000000, 45.50000000000000000, -2.750000000000000000 ) ) ;
#482 = CARTESIAN_POINT ( 'NONE',  ( -6.865723972125027608, 47.88981489486718601, -1.386087535514138436 ) ) ;
#483 = DIRECTION ( 'NONE',  ( -1.000000000000000000, -0.000000000000000000, -0.000000000000000000 ) ) ;
#484 = ADVANCED_FACE ( 'NONE', ( #231, #829 ), #936, .T. ) ;
#485 = ORIENTED_EDGE ( 'NONE', *, *, #1273, .F. ) ;
#486 = ADVANCED_FACE ( 'NONE', ( #628, #221 ), #1034, .T. ) ;
#487 = CARTESIAN_POINT ( 'NONE',  ( -6.000000000000000000, 48.00000000000000000, -1.145643923738954628 ) ) ;
#488 = CYLINDRICAL_SURFACE ( 'NONE', #666, 6.000000000000000000 ) ;
#489 = CIRCLE ( 'NONE', #78, 7.000000000000000000 ) ;
#490 =( NAMED_UNIT ( * ) SI_UNIT ( $, .STERADIAN. ) SOLID_ANGLE_UNIT ( ) );
#491 = CARTESIAN_POINT ( 'NONE',  ( -6.437196594791868343, 45.63196330187406602, -2.750000000000000000 ) ) ;
#492 = ORIENTED_EDGE ( 'NONE', *, *, #352, .F. ) ;
#493 = EDGE_LOOP ( 'NONE', ( #856, #695, #859, #152 ) ) ;
#494 = DIRECTION ( 'NONE',  ( 1.000000000000000000, 0.000000000000000000, 0.000000000000000000 ) ) ;
#495 = DATE_AND_TIME ( #1223, #1029 ) ;
#496 = VECTOR ( 'NONE', #118, 1000.000000000000000 ) ;
#497 = DIRECTION ( 'NONE',  ( -1.000000000000000000, 0.000000000000000000, 0.000000000000000000 ) ) ;
#498 = AXIS2_PLACEMENT_3D ( 'NONE', #786, #53, #380 ) ;
#499 = FACE_OUTER_BOUND ( 'NONE', #591, .T. ) ;
#500 = CARTESIAN_POINT ( 'NONE',  ( 6.000000000000000000, 45.50000000000000000, 0.000000000000000000 ) ) ;
#501 = VERTEX_POINT ( 'NONE', #852 ) ;
#502 = PRODUCT ( 'ARM-003_Yaw_D_drive_collar', 'ARM-003_Yaw_D_drive_collar', '', ( #401 ) ) ;
#503 = ADVANCED_FACE ( 'NONE', ( #619 ), #930, .F. ) ;
#504 = CARTESIAN_POINT ( 'NONE',  ( 0.000000000000000000, 41.00000000000000000, 0.000000000000000000 ) ) ;
#505 = PERSON_AND_ORGANIZATION_ROLE ( 'classification_officer' ) ;
#506 = CARTESIAN_POINT ( 'NONE',  ( 13.00000000000000000, 45.50000000000000000, 1.399999999999999911 ) ) ;
#507 = ORIENTED_EDGE ( 'NONE', *, *, #586, .F. ) ;
#508 = CYLINDRICAL_SURFACE ( 'NONE', #196, 6.000000000000000000 ) ;
#509 = CARTESIAN_POINT ( 'NONE',  ( 0.000000000000000000, 39.80000000000000426, 0.000000000000000000 ) ) ;
#510 = LINE ( 'NONE', #927, #496 ) ;
#511 = ADVANCED_FACE ( 'NONE', ( #320 ), #524, .F. ) ;
#512 = CALENDAR_DATE ( 2026, 28, 9 ) ;
#513 = DIRECTION ( 'NONE',  ( 0.000000000000000000, 0.000000000000000000, -1.000000000000000000 ) ) ;
#514 = EDGE_CURVE ( 'NONE', #837, #1176, #1302, .T. ) ;
#515 = ORIENTED_EDGE ( 'NONE', *, *, #832, .T. ) ;
#516 = DIRECTION ( 'NONE',  ( 0.000000000000000000, 1.000000000000000000, 0.000000000000000000 ) ) ;
#517 = ADVANCED_BREP_SHAPE_REPRESENTATION ( 'ARM-003_Yaw_D_drive_collar', ( #1291, #664 ), #632 ) ;
#518 = DIRECTION ( 'NONE',  ( 0.000000000000000000, 1.000000000000000000, 0.000000000000000000 ) ) ;
#519 = APPROVAL_STATUS ( 'not_yet_approved' ) ;
#520 = CARTESIAN_POINT ( 'NONE',  ( 0.000000000000000000, 44.00000000000000711, 0.000000000000000000 ) ) ;
#521 = CARTESIAN_POINT ( 'NONE',  ( -3.894587176917796434, 46.35486490310373853, -1.112423918877013085 ) ) ;
#522 = ORIENTED_EDGE ( 'NONE', *, *, #249, .T. ) ;
#523 = CARTESIAN_POINT ( 'NONE',  ( 0.000000000000000000, 41.00000000000000000, 0.000000000000000000 ) ) ;
#524 = CYLINDRICAL_SURFACE ( 'NONE', #554, 2.424999999999999822 ) ;
#525 = EDGE_LOOP ( 'NONE', ( #1182, #1186 ) ) ;
#526 = EDGE_CURVE ( 'NONE', #548, #637, #176, .T. ) ;
#527 = FACE_OUTER_BOUND ( 'NONE', #1324, .T. ) ;
#528 = DIRECTION ( 'NONE',  ( 0.000000000000000000, 1.000000000000000000, 0.000000000000000000 ) ) ;
#529 = CARTESIAN_POINT ( 'NONE',  ( -6.905613658466567273, 48.00000000000000000, 1.145643923738954628 ) ) ;
#530 = ORIENTED_EDGE ( 'NONE', *, *, #980, .F. ) ;
#531 = CARTESIAN_POINT ( 'NONE',  ( 0.000000000000000000, 44.00000000000000000, 0.000000000000000000 ) ) ;
#532 = AXIS2_PLACEMENT_3D ( 'NONE', #285, #971, #462 ) ;
#533 = FACE_OUTER_BOUND ( 'NONE', #389, .T. ) ;
#534 = DIRECTION ( 'NONE',  ( 0.000000000000000000, 1.000000000000000000, 0.000000000000000000 ) ) ;
#535 = CIRCLE ( 'NONE', #131, 7.000000000000000000 ) ;
#536 = ORIENTED_EDGE ( 'NONE', *, *, #615, .F. ) ;
#537 = AXIS2_PLACEMENT_3D ( 'NONE', #305, #72, #274 ) ;
#538 = CARTESIAN_POINT ( 'NONE',  ( 6.437196594791866566, 45.50000000000000000, -2.750000000000000000 ) ) ;
#539 = ADVANCED_FACE ( 'NONE', ( #749 ), #1151, .T. ) ;
#540 = DIRECTION ( 'NONE',  ( 0.000000000000000000, 0.000000000000000000, -1.000000000000000000 ) ) ;
#541 = ORIENTED_EDGE ( 'NONE', *, *, #288, .T. ) ;
#542 = FACE_OUTER_BOUND ( 'NONE', #978, .T. ) ;
#543 = ORIENTED_EDGE ( 'NONE', *, *, #296, .T. ) ;
#544 = CARTESIAN_POINT ( 'NONE',  ( 6.437196594791868343, 45.36682682189694304, -2.750000000000001332 ) ) ;
#545 = PRODUCT_RELATED_PRODUCT_CATEGORY ( 'detail', '', ( #502 ) ) ;
#546 = ADVANCED_FACE ( 'NONE', ( #1045, #533 ), #949, .F. ) ;
#547 = CARTESIAN_POINT ( 'NONE',  ( 6.499561673978746512, 46.40684787571950665, -2.599483432554923201 ) ) ;
#548 = VERTEX_POINT ( 'NONE', #655 ) ;
#549 = CARTESIAN_POINT ( 'NONE',  ( -3.803765204084398110, 45.31518149441843235, 1.390767854814223492 ) ) ;
#550 = VECTOR ( 'NONE', #284, 1000.000000000000000 ) ;
#551 = AXIS2_PLACEMENT_3D ( 'NONE', #944, #128, #430 ) ;
#552 = VERTEX_POINT ( 'NONE', #448 ) ;
#553 = CARTESIAN_POINT ( 'NONE',  ( 1.469576158976823553E-16, 40.99999999999999289, 1.199999999999999956 ) ) ;
#554 = AXIS2_PLACEMENT_3D ( 'NONE', #1143, #341, #421 ) ;
#555 = CARTESIAN_POINT ( 'NONE',  ( 6.437196594791869231, 45.63210980794494276, -2.749999999999999556 ) ) ;
#556 = ORIENTED_EDGE ( 'NONE', *, *, #82, .F. ) ;
#557 = CARTESIAN_POINT ( 'NONE',  ( -6.609652033201143695, 44.00000000000000000, -2.304886114323220880 ) ) ;
#558 = DIRECTION ( 'NONE',  ( 1.000000000000000000, -0.000000000000000000, 0.000000000000000000 ) ) ;
#559 = ORIENTED_EDGE ( 'NONE', *, *, #869, .F. ) ;
#560 = AXIS2_PLACEMENT_3D ( 'NONE', #838, #105, #824 ) ;
#561 = CARTESIAN_POINT ( 'NONE',  ( 0.000000000000000000, 37.29999999999999716, 0.000000000000000000 ) ) ;
#562 = CIRCLE ( 'NONE', #668, 2.750000000000000000 ) ;
#563 = B_SPLINE_CURVE_WITH_KNOTS ( 'NONE', 3,
 ( #766, #376, #782, #1188, #275, #174, #65, #877 ),
 .UNSPECIFIED., .F., .F.,
 ( 4, 2, 2, 4 ),
 ( 0.000000000000000000, 0.0007962945899204120154, 0.001194441884880608103, 0.001592589179840804298 ),
 .UNSPECIFIED. ) ;
#564 = ORIENTED_EDGE ( 'NONE', *, *, #990, .T. ) ;
#565 = CYLINDRICAL_SURFACE ( 'NONE', #532, 2.750000000000000000 ) ;
#566 = CARTESIAN_POINT ( 'NONE',  ( 6.560037626623678619, 46.76897802340306498, -2.443223876829603292 ) ) ;
#567 = CARTESIAN_POINT ( 'NONE',  ( -3.959763201181329961, 44.38067254193246924, -0.8605654573902696836 ) ) ;
#568 = ORIENTED_EDGE ( 'NONE', *, *, #570, .F. ) ;
#569 = CARTESIAN_POINT ( 'NONE',  ( 6.632624427534246081, 47.10170685754232522, 2.239163868617259467 ) ) ;
#570 = EDGE_CURVE ( 'NONE', #1073, #1131, #347, .T. ) ;
#571 = DIRECTION ( 'NONE',  ( 0.000000000000000000, -1.000000000000000000, 0.000000000000000000 ) ) ;
#572 = EDGE_LOOP ( 'NONE', ( #229, #1049, #1278, #251 ) ) ;
#573 = CARTESIAN_POINT ( 'NONE',  ( -6.865808160912436620, 47.89004744496337196, 1.385580069600780728 ) ) ;
#574 = DIRECTION ( 'NONE',  ( 0.000000000000000000, 0.000000000000000000, 1.000000000000000000 ) ) ;
#575 = VERTEX_POINT ( 'NONE', #1069 ) ;
#576 = LINE ( 'NONE', #821, #1074 ) ;
#577 = DIRECTION ( 'NONE',  ( 0.000000000000000000, -0.000000000000000000, 1.000000000000000000 ) ) ;
#578 = ORIENTED_EDGE ( 'NONE', *, *, #745, .F. ) ;
#579 = EDGE_CURVE ( 'NONE', #24, #1057, #756, .T. ) ;
#580 = CARTESIAN_POINT ( 'NONE',  ( 6.000000000000000000, 45.50000000000000000, 0.000000000000000000 ) ) ;
#581 = DIRECTION ( 'NONE',  ( 0.000000000000000000, -1.000000000000000000, 0.000000000000000000 ) ) ;
#582 = DIRECTION ( 'NONE',  ( 0.000000000000000000, 1.000000000000000000, 0.000000000000000000 ) ) ;
#583 = VERTEX_POINT ( 'NONE', #984 ) ;
#584 = CARTESIAN_POINT ( 'NONE',  ( -12.00000000000000000, 44.00000000000000711, 2.304886114323225321 ) ) ;
#585 = CYLINDRICAL_SURFACE ( 'NONE', #434, 2.750000000000000000 ) ;
#586 = EDGE_CURVE ( 'NONE', #1171, #391, #975, .T. ) ;
#587 = ORIENTED_EDGE ( 'NONE', *, *, #514, .F. ) ;
#588 = CARTESIAN_POINT ( 'NONE',  ( -6.441336450685494874, 45.76556840322475495, -2.740368212597222630 ) ) ;
#589 = EDGE_CURVE ( 'NONE', #1131, #961, #882, .T. ) ;
#590 = DIRECTION ( 'NONE',  ( 0.000000000000000000, 0.000000000000000000, 1.000000000000000000 ) ) ;
#591 = EDGE_LOOP ( 'NONE', ( #640, #543, #659, #780, #842, #647, #68, #986 ) ) ;
#592 = CARTESIAN_POINT ( 'NONE',  ( -6.000000000000000000, 48.00000000000000000, 0.000000000000000000 ) ) ;
#593 = CARTESIAN_POINT ( 'NONE',  ( 0.000000000000000000, 37.29999999999999716, 0.000000000000000000 ) ) ;
#594 = ORIENTED_EDGE ( 'NONE', *, *, #725, .F. ) ;
#595 = DIRECTION ( 'NONE',  ( 0.000000000000000000, 1.000000000000000000, 0.000000000000000000 ) ) ;
#596 = DIRECTION ( 'NONE',  ( 0.000000000000000000, 0.000000000000000000, -1.000000000000000000 ) ) ;
#597 = CC_DESIGN_PERSON_AND_ORGANIZATION_ASSIGNMENT ( #298, #289, ( #969 ) ) ;
#598 = ORIENTED_EDGE ( 'NONE', *, *, #1179, .F. ) ;
#599 = ORIENTED_EDGE ( 'NONE', *, *, #95, .F. ) ;
#600 = PLANE ( 'NONE',  #334 ) ;
#601 = PERSON_AND_ORGANIZATION_ROLE ( 'creator' ) ;
#602 = CYLINDRICAL_SURFACE ( 'NONE', #1080, 2.750000000000000000 ) ;
#603 = ORIENTED_EDGE ( 'NONE', *, *, #1170, .T. ) ;
#604 = VECTOR ( 'NONE', #1323, 1000.000000000000000 ) ;
#605 = EDGE_CURVE ( 'NONE', #1057, #799, #218, .T. ) ;
#606 = ORIENTED_EDGE ( 'NONE', *, *, #440, .F. ) ;
#607 = CYLINDRICAL_SURFACE ( 'NONE', #154, 7.000000000000000000 ) ;
#608 = DATE_TIME_ROLE ( 'classification_date' ) ;
#609 = AXIS2_PLACEMENT_3D ( 'NONE', #504, #518, #1019 ) ;
#610 = CARTESIAN_POINT ( 'NONE',  ( 0.000000000000000000, 40.99999999999999289, 0.000000000000000000 ) ) ;
#611 = LINE ( 'NONE', #814, #385 ) ;
#612 = LINE ( 'NONE', #279, #714 ) ;
#613 = APPROVAL ( #702, 'UNSPECIFIED' ) ;
#614 = CARTESIAN_POINT ( 'NONE',  ( -3.800328933131972509, 45.50000000000000000, 1.399999999999999911 ) ) ;
#615 = EDGE_CURVE ( 'NONE', #369, #5, #965, .T. ) ;
#616 = APPROVAL_ROLE ( '' ) ;
#617 = DIRECTION ( 'NONE',  ( 0.000000000000000000, 0.000000000000000000, -1.000000000000000000 ) ) ;
#618 = LINE ( 'NONE', #807, #215 ) ;
#619 = FACE_OUTER_BOUND ( 'NONE', #1300, .T. ) ;
#620 = DIRECTION ( 'NONE',  ( -0.000000000000000000, -1.000000000000000000, -0.000000000000000000 ) ) ;
#621 = DIRECTION ( 'NONE',  ( 1.000000000000000000, 0.000000000000000000, 0.000000000000000000 ) ) ;
#622 = AXIS2_PLACEMENT_3D ( 'NONE', #301, #590, #1203 ) ;
#623 = DIRECTION ( 'NONE',  ( 0.000000000000000000, 1.000000000000000000, 0.000000000000000000 ) ) ;
#624 = DIRECTION ( 'NONE',  ( 0.000000000000000000, -0.000000000000000000, 1.000000000000000000 ) ) ;
#625 = ORIENTED_EDGE ( 'NONE', *, *, #119, .F. ) ;
#626 = DIRECTION ( 'NONE',  ( -1.000000000000000000, 0.000000000000000000, -0.000000000000000000 ) ) ;
#627 = CARTESIAN_POINT ( 'NONE',  ( 6.437196594791866566, 45.50000000000000000, -2.750000000000000000 ) ) ;
#628 = FACE_OUTER_BOUND ( 'NONE', #175, .T. ) ;
#629 = CIRCLE ( 'NONE', #1287, 2.750000000000000000 ) ;
#630 = EDGE_CURVE ( 'NONE', #901, #446, #712, .T. ) ;
#631 = AXIS2_PLACEMENT_3D ( 'NONE', #644, #135, #1053 ) ;
#632 =( GEOMETRIC_REPRESENTATION_CONTEXT ( 3 ) GLOBAL_UNCERTAINTY_ASSIGNED_CONTEXT ( ( #236 ) ) GLOBAL_UNIT_ASSIGNED_CONTEXT ( ( #20, #1326, #490 ) ) REPRESENTATION_CONTEXT ( 'NONE', 'WORKASPACE' ) );
#633 = DIRECTION ( 'NONE',  ( 1.000000000000000000, 0.000000000000000000, 0.000000000000000000 ) ) ;
#634 = ORIENTED_EDGE ( 'NONE', *, *, #11, .F. ) ;
#635 = DIRECTION ( 'NONE',  ( 0.000000000000000000, 0.000000000000000000, 1.000000000000000000 ) ) ;
#636 = CARTESIAN_POINT ( 'NONE',  ( -4.049970193849455669, 46.89991377505620562, 0.1849572734681088348 ) ) ;
#637 = VERTEX_POINT ( 'NONE', #760 ) ;
#638 = DIRECTION ( 'NONE',  ( 1.000000000000000000, 0.000000000000000000, 0.000000000000000000 ) ) ;
#639 = CARTESIAN_POINT ( 'NONE',  ( 6.559459016920195396, 44.22117224807590929, 2.448823105418901136 ) ) ;
#640 = ORIENTED_EDGE ( 'NONE', *, *, #1299, .F. ) ;
#641 = ORIENTED_EDGE ( 'NONE', *, *, #903, .T. ) ;
#642 = CARTESIAN_POINT ( 'NONE',  ( 6.515906959523549702, 44.45908077852737250, -2.559235811958065820 ) ) ;
#643 = AXIS2_PLACEMENT_3D ( 'NONE', #733, #840, #1246 ) ;
#644 = CARTESIAN_POINT ( 'NONE',  ( 0.000000000000000000, 44.00000000000000711, 0.000000000000000000 ) ) ;
#645 = ORIENTED_EDGE ( 'NONE', *, *, #436, .T. ) ;
#646 = AXIS2_PLACEMENT_3D ( 'NONE', #1266, #638, #230 ) ;
#647 = ORIENTED_EDGE ( 'NONE', *, *, #650, .T. ) ;
#648 = CIRCLE ( 'NONE', #91, 13.00000000000000000 ) ;
#649 = CARTESIAN_POINT ( 'NONE',  ( 12.00000000000000000, 44.00000000000000711, -2.304886114323225321 ) ) ;
#650 = EDGE_CURVE ( 'NONE', #741, #1155, #1309, .T. ) ;
#651 = CARTESIAN_POINT ( 'NONE',  ( -6.656899193256567315, 47.20932544665775765, 2.169762028032470980 ) ) ;
#652 = DIRECTION ( 'NONE',  ( 1.000000000000000000, 0.000000000000000000, 0.000000000000000000 ) ) ;
#653 = ORIENTED_EDGE ( 'NONE', *, *, #830, .F. ) ;
#654 = CARTESIAN_POINT ( 'NONE',  ( 0.000000000000000000, 44.00000000000000000, 0.000000000000000000 ) ) ;
#655 = CARTESIAN_POINT ( 'NONE',  ( 3.100000000000000533, 45.50000000000000000, 1.399999999999999911 ) ) ;
#656 = CARTESIAN_POINT ( 'NONE',  ( -4.046756344595349830, 44.10930775129019565, -0.1854452759945195428 ) ) ;
#657 = AXIS2_PLACEMENT_3D ( 'NONE', #900, #200, #1306 ) ;
#658 = B_SPLINE_CURVE_WITH_KNOTS ( 'NONE', 3,
 ( #1183, #44, #973, #473, #313, #667, #569, #889, #404, #1294, #261, #1174, #768, #271 ),
 .UNSPECIFIED., .F., .F.,
 ( 4, 2, 2, 2, 2, 2, 4 ),
 ( 2.991495929591895866E-16, 0.0007906590634378415482, 0.001185988595156619316, 0.001581318126875396867, 0.002371977190312952403, 0.002767306722031730171, 0.003162636253750508372 ),
 .UNSPECIFIED. ) ;
#659 = ORIENTED_EDGE ( 'NONE', *, *, #1134, .T. ) ;
#660 = PLANE ( 'NONE',  #111 ) ;
#661 = DIRECTION ( 'NONE',  ( 0.000000000000000000, 1.000000000000000000, 0.000000000000000000 ) ) ;
#662 = EDGE_CURVE ( 'NONE', #1155, #1247, #970, .T. ) ;
#663 = CARTESIAN_POINT ( 'NONE',  ( -3.850060769346017153, 44.87753601223286637, -1.257341734940179867 ) ) ;
#664 = AXIS2_PLACEMENT_3D ( 'NONE', #1320, #905, #621 ) ;
#665 = ORIENTED_EDGE ( 'NONE', *, *, #1199, .T. ) ;
#666 = AXIS2_PLACEMENT_3D ( 'NONE', #669, #779, #1310 ) ;
#667 = CARTESIAN_POINT ( 'NONE',  ( 6.658511140723014421, 47.20503742989175322, 2.161514923064316473 ) ) ;
#668 = AXIS2_PLACEMENT_3D ( 'NONE', #1193, #1100, #1313 ) ;
#669 = CARTESIAN_POINT ( 'NONE',  ( 0.000000000000000000, 41.00000000000000000, 0.000000000000000000 ) ) ;
#670 = ORIENTED_EDGE ( 'NONE', *, *, #393, .T. ) ;
#671 = CARTESIAN_POINT ( 'NONE',  ( 3.262284475639731340, 44.00000000000000711, -2.399999999999999911 ) ) ;
#672 = DIRECTION ( 'NONE',  ( 0.000000000000000000, 1.000000000000000000, 0.000000000000000000 ) ) ;
#673 = CARTESIAN_POINT ( 'NONE',  ( -4.049985052693352294, 44.10004324042384383, 0.1848168479372293005 ) ) ;
#674 = DIRECTION ( 'NONE',  ( -0.000000000000000000, -1.000000000000000000, -0.000000000000000000 ) ) ;
#675 = ORIENTED_EDGE ( 'NONE', *, *, #95, .T. ) ;
#676 = FACE_OUTER_BOUND ( 'NONE', #127, .T. ) ;
#677 = EDGE_CURVE ( 'NONE', #887, #216, #115, .T. ) ;
#678 = CARTESIAN_POINT ( 'NONE',  ( -6.000000000000000000, 45.50000000000000000, 2.750000000000000000 ) ) ;
#679 = ORIENTED_EDGE ( 'NONE', *, *, #121, .T. ) ;
#680 = CARTESIAN_POINT ( 'NONE',  ( 12.00000000000000000, 44.00000000000000711, -2.304886114323225321 ) ) ;
#681 = CARTESIAN_POINT ( 'NONE',  ( -3.814544139710976722, 45.13091877934228080, -1.362812412078476143 ) ) ;
#682 = ADVANCED_FACE ( 'NONE', ( #1262 ), #147, .T. ) ;
#683 = VERTEX_POINT ( 'NONE', #953 ) ;
#684 = AXIS2_PLACEMENT_3D ( 'NONE', #580, #411, #855 ) ;
#685 = LINE ( 'NONE', #361, #1224 ) ;
#686 = LINE ( 'NONE', #1097, #1245 ) ;
#687 = DIRECTION ( 'NONE',  ( 0.000000000000000000, -0.000000000000000000, 1.000000000000000000 ) ) ;
#688 = ADVANCED_FACE ( 'NONE', ( #441 ), #894, .F. ) ;
#689 = CARTESIAN_POINT ( 'NONE',  ( -6.457518781622470172, 46.02845067969364123, -2.702014877186277531 ) ) ;
#690 = FACE_OUTER_BOUND ( 'NONE', #908, .T. ) ;
#691 = VERTEX_POINT ( 'NONE', #397 ) ;
#692 = CIRCLE ( 'NONE', #66, 7.000000000000000000 ) ;
#693 = DIRECTION ( 'NONE',  ( -1.000000000000000000, 0.000000000000000000, 0.000000000000000000 ) ) ;
#694 = VECTOR ( 'NONE', #703, 1000.000000000000000 ) ;
#695 = ORIENTED_EDGE ( 'NONE', *, *, #1299, .T. ) ;
#696 = CARTESIAN_POINT ( 'NONE',  ( 3.100000000000000089, 48.00000000000000000, 2.399999999999999911 ) ) ;
#697 = VERTEX_POINT ( 'NONE', #1002 ) ;
#698 = ORIENTED_EDGE ( 'NONE', *, *, #14, .T. ) ;
#699 = DIRECTION ( 'NONE',  ( 0.000000000000000000, 0.000000000000000000, 1.000000000000000000 ) ) ;
#700 = ORIENTED_EDGE ( 'NONE', *, *, #344, .F. ) ;
#701 = FACE_OUTER_BOUND ( 'NONE', #164, .T. ) ;
#702 = APPROVAL_STATUS ( 'not_yet_approved' ) ;
#703 = DIRECTION ( 'NONE',  ( -1.000000000000000000, 0.000000000000000000, 0.000000000000000000 ) ) ;
#704 = CARTESIAN_POINT ( 'NONE',  ( 0.000000000000000000, 39.80000000000000426, -2.424999999999999822 ) ) ;
#705 = ADVANCED_FACE ( 'NONE', ( #1211 ), #1327, .F. ) ;
#706 = CARTESIAN_POINT ( 'NONE',  ( 0.000000000000000000, 48.00000000000000000, 0.000000000000000000 ) ) ;
#707 = EDGE_LOOP ( 'NONE', ( #653, #1212, #1099, #58, #748, #122, #951, #333, #919 ) ) ;
#708 = DIRECTION ( 'NONE',  ( -1.000000000000000000, 0.000000000000000000, 0.000000000000000000 ) ) ;
#709 = PERSON_AND_ORGANIZATION ( #1041, #915 ) ;
#710 = CARTESIAN_POINT ( 'NONE',  ( -6.558807803923946800, 46.77494786242812097, -2.450364605556971664 ) ) ;
#711 = DIRECTION ( 'NONE',  ( -0.000000000000000000, -1.000000000000000000, -0.000000000000000000 ) ) ;
#712 = B_SPLINE_CURVE_WITH_KNOTS ( 'NONE', 3,
 ( #39, #555, #1169, #1061, #1159, #547, #765, #566, #48, #257, #781, #454, #870, #353 ),
 .UNSPECIFIED., .F., .F.,
 ( 4, 2, 2, 2, 2, 2, 4 ),
 ( 0.001592589179840812755, 0.001987557321475797844, 0.002382525463110783150, 0.002777493604745768022, 0.003172461746380752894, 0.003962398029650724372, 0.004752334312920695851 ),
 .UNSPECIFIED. ) ;
#713 = DIRECTION ( 'NONE',  ( 0.000000000000000000, 1.000000000000000000, 0.000000000000000000 ) ) ;
#714 = VECTOR ( 'NONE', #1096, 1000.000000000000000 ) ;
#715 = EDGE_CURVE ( 'NONE', #1062, #552, #1267, .T. ) ;
#716 = CARTESIAN_POINT ( 'NONE',  ( 0.000000000000000000, 37.29999999999999716, -2.424999999999999822 ) ) ;
#717 = CIRCLE ( 'NONE', #551, 6.000000000000000000 ) ;
#718 = APPROVAL_ROLE ( '' ) ;
#719 = AXIS2_PLACEMENT_3D ( 'NONE', #123, #447, #130 ) ;
#720 = DIRECTION ( 'NONE',  ( -0.000000000000000000, -0.000000000000000000, 1.000000000000000000 ) ) ;
#721 = AXIS2_PLACEMENT_3D ( 'NONE', #991, #402, #1015 ) ;
#722 = ORIENTED_EDGE ( 'NONE', *, *, #1279, .T. ) ;
#723 = CARTESIAN_POINT ( 'NONE',  ( 0.000000000000000000, 44.00000000000000711, -13.00000000000000000 ) ) ;
#724 = FACE_OUTER_BOUND ( 'NONE', #442, .T. ) ;
#725 = EDGE_CURVE ( 'NONE', #1004, #937, #806, .T. ) ;
#726 = FACE_OUTER_BOUND ( 'NONE', #493, .T. ) ;
#727 = DIRECTION ( 'NONE',  ( 0.000000000000000000, -0.000000000000000000, 1.000000000000000000 ) ) ;
#728 = EDGE_LOOP ( 'NONE', ( #1265, #161 ) ) ;
#729 = CARTESIAN_POINT ( 'NONE',  ( -6.000000000000000000, 45.50000000000000000, 1.399999999999999911 ) ) ;
#730 = EDGE_CURVE ( 'NONE', #854, #155, #562, .T. ) ;
#731 = CIRCLE ( 'NONE', #791, 2.424999999999999822 ) ;
#732 = DIRECTION ( 'NONE',  ( 0.000000000000000000, -1.000000000000000000, 0.000000000000000000 ) ) ;
#733 = CARTESIAN_POINT ( 'NONE',  ( 3.100000000000000533, 45.50000000000000000, 0.000000000000000000 ) ) ;
#734 = CIRCLE ( 'NONE', #841, 4.049999999999999822 ) ;
#735 = EDGE_LOOP ( 'NONE', ( #896, #556, #112, #327, #1065 ) ) ;
#736 = DIRECTION ( 'NONE',  ( 0.000000000000000000, 0.000000000000000000, -1.000000000000000000 ) ) ;
#737 = CC_DESIGN_APPROVAL ( #789, ( #969 ) ) ;
#738 = AXIS2_PLACEMENT_3D ( 'NONE', #163, #571, #981 ) ;
#739 = CARTESIAN_POINT ( 'NONE',  ( -4.036619840892876176, 46.86242593951785551, 0.3701619507008018228 ) ) ;
#740 = CIRCLE ( 'NONE', #498, 1.199999999999999956 ) ;
#741 = VERTEX_POINT ( 'NONE', #1305 ) ;
#742 = LINE ( 'NONE', #763, #1012 ) ;
#743 = CARTESIAN_POINT ( 'NONE',  ( -4.050014823912352568, 46.90004288346487016, -0.09149790767901112842 ) ) ;
#744 = ORIENTED_EDGE ( 'NONE', *, *, #752, .T. ) ;
#745 = EDGE_CURVE ( 'NONE', #62, #369, #181, .T. ) ;
#746 = ORIENTED_EDGE ( 'NONE', *, *, #1217, .F. ) ;
#747 = DIRECTION ( 'NONE',  ( 0.000000000000000000, 1.000000000000000000, 0.000000000000000000 ) ) ;
#748 = ORIENTED_EDGE ( 'NONE', *, *, #1279, .F. ) ;
#749 = FACE_OUTER_BOUND ( 'NONE', #1315, .T. ) ;
#750 = VERTEX_POINT ( 'NONE', #907 ) ;
#751 = CC_DESIGN_PERSON_AND_ORGANIZATION_ASSIGNMENT ( #191, #601, ( #450 ) ) ;
#752 = EDGE_CURVE ( 'NONE', #837, #155, #812, .T. ) ;
#753 = ORIENTED_EDGE ( 'NONE', *, *, #288, .F. ) ;
#754 = ADVANCED_FACE ( 'NONE', ( #1111 ), #291, .F. ) ;
#755 = DIRECTION ( 'NONE',  ( 0.000000000000000000, 0.000000000000000000, 1.000000000000000000 ) ) ;
#756 = LINE ( 'NONE', #33, #1115 ) ;
#757 = CARTESIAN_POINT ( 'NONE',  ( -3.800328933131972509, 45.50000000000000000, 1.399999999999999911 ) ) ;
#758 = ORIENTED_EDGE ( 'NONE', *, *, #180, .T. ) ;
#759 = DIRECTION ( 'NONE',  ( -1.000000000000000000, 0.000000000000000000, 0.000000000000000000 ) ) ;
#760 = CARTESIAN_POINT ( 'NONE',  ( 3.100000000000000533, 45.50000000000000000, -1.399999999999999911 ) ) ;
#761 = CARTESIAN_POINT ( 'NONE',  ( -3.850137364258068740, 44.87703477897117210, 1.257110570957629125 ) ) ;
#762 = ORIENTED_EDGE ( 'NONE', *, *, #1244, .T. ) ;
#763 = CARTESIAN_POINT ( 'NONE',  ( 13.00000000000000000, 45.50000000000000000, -1.399999999999999911 ) ) ;
#764 = ADVANCED_FACE ( 'NONE', ( #192 ), #602, .F. ) ;
#765 = CARTESIAN_POINT ( 'NONE',  ( 6.518198274269424886, 46.53107725406510298, -2.552749073516589196 ) ) ;
#766 = CARTESIAN_POINT ( 'NONE',  ( -6.609652033201143695, 44.00000000000000000, 2.304886114323220880 ) ) ;
#767 = ORIENTED_EDGE ( 'NONE', *, *, #443, .T. ) ;
#768 = CARTESIAN_POINT ( 'NONE',  ( 6.437196594791868343, 45.63196330187406602, 2.750000000000000888 ) ) ;
#769 = FACE_OUTER_BOUND ( 'NONE', #1042, .T. ) ;
#770 = AXIS2_PLACEMENT_3D ( 'NONE', #104, #1234, #214 ) ;
#771 = EDGE_CURVE ( 'NONE', #19, #691, #1206, .T. ) ;
#772 = EDGE_LOOP ( 'NONE', ( #641, #864 ) ) ;
#773 = DIRECTION ( 'NONE',  ( 0.000000000000000000, 0.000000000000000000, 1.000000000000000000 ) ) ;
#774 = CARTESIAN_POINT ( 'NONE',  ( -6.469276747509345782, 46.15544851186697883, 2.673962309778475710 ) ) ;
#775 = ORIENTED_EDGE ( 'NONE', *, *, #228, .T. ) ;
#776 = AXIS2_PLACEMENT_3D ( 'NONE', #851, #747, #242 ) ;
#777 = DIRECTION ( 'NONE',  ( 0.000000000000000000, -1.000000000000000000, 0.000000000000000000 ) ) ;
#778 = VECTOR ( 'NONE', #988, 1000.000000000000000 ) ;
#779 = DIRECTION ( 'NONE',  ( -0.000000000000000000, -1.000000000000000000, -0.000000000000000000 ) ) ;
#780 = ORIENTED_EDGE ( 'NONE', *, *, #1043, .F. ) ;
#781 = CARTESIAN_POINT ( 'NONE',  ( 6.712230573319452276, 47.40851468283977255, -1.996664204902308670 ) ) ;
#782 = CARTESIAN_POINT ( 'NONE',  ( -6.515906959523550590, 44.45908077852737961, 2.559235811958069373 ) ) ;
#783 = PLANE ( 'NONE',  #1194 ) ;
#784 = VERTEX_POINT ( 'NONE', #1216 ) ;
#785 = CARTESIAN_POINT ( 'NONE',  ( -6.000000000000000000, 48.00000000000000000, -1.145643923738954628 ) ) ;
#786 = CARTESIAN_POINT ( 'NONE',  ( 0.000000000000000000, 40.99999999999999289, 0.000000000000000000 ) ) ;
#787 = CARTESIAN_POINT ( 'NONE',  ( -6.711302512696334155, 47.40077969347409237, -1.991566206993403920 ) ) ;
#788 = EDGE_LOOP ( 'NONE', ( #269, #286, #645, #559 ) ) ;
#789 = APPROVAL ( #519, 'UNSPECIFIED' ) ;
#790 = CIRCLE ( 'NONE', #684, 2.750000000000000000 ) ;
#791 = AXIS2_PLACEMENT_3D ( 'NONE', #798, #293, #1063 ) ;
#792 = CARTESIAN_POINT ( 'NONE',  ( 3.100000000000000089, 44.00000000000000000, 2.399999999999999911 ) ) ;
#793 = AXIS2_PLACEMENT_3D ( 'NONE', #1145, #633, #326 ) ;
#794 = DIRECTION ( 'NONE',  ( -1.000000000000000000, 0.000000000000000000, 0.000000000000000000 ) ) ;
#795 = EDGE_LOOP ( 'NONE', ( #414, #117, #775, #1028 ) ) ;
#796 = AXIS2_PLACEMENT_3D ( 'NONE', #1027, #528, #727 ) ;
#797 = DIRECTION ( 'NONE',  ( -1.000000000000000000, 0.000000000000000000, 0.000000000000000000 ) ) ;
#798 = CARTESIAN_POINT ( 'NONE',  ( 0.000000000000000000, 39.80000000000000426, 0.000000000000000000 ) ) ;
#799 = VERTEX_POINT ( 'NONE', #199 ) ;
#800 = CC_DESIGN_APPROVAL ( #613, ( #450 ) ) ;
#801 = AXIS2_PLACEMENT_3D ( 'NONE', #412, #626, #736 ) ;
#802 = CYLINDRICAL_SURFACE ( 'NONE', #1140, 1.399999999999999911 ) ;
#803 = VECTOR ( 'NONE', #513, 1000.000000000000000 ) ;
#804 = ORIENTED_EDGE ( 'NONE', *, *, #662, .F. ) ;
#805 = APPROVAL_DATE_TIME ( #825, #789 ) ;
#806 = LINE ( 'NONE', #1298, #1141 ) ;
#807 = CARTESIAN_POINT ( 'NONE',  ( 7.347880794884119736E-16, 41.00000000000000000, 6.000000000000000000 ) ) ;
#808 = ORIENTED_EDGE ( 'NONE', *, *, #752, .F. ) ;
#809 = B_SPLINE_CURVE_WITH_KNOTS ( 'NONE', 3,
 ( #449, #276, #681, #663, #41, #1270, #268, #567, #956, #355, #1081, #656, #1072, #673, #456, #1088, #30, #444, #977, #50, #761, #860, #349, #549, #463, #757 ),
 .UNSPECIFIED., .F., .F.,
 ( 4, 2, 2, 2, 2, 2, 2, 2, 2, 2, 2, 2, 4 ),
 ( 0.004411217945333507050, 0.004962480648730680302, 0.005238112000429276036, 0.005513743352127872636, 0.006065006055525049358, 0.006340637407223637285, 0.006616268758922226080, 0.007167531462319402802, 0.007718794165716580391, 0.007994425517415169186, 0.008270056869113757980, 0.008545688220812346775, 0.008821319572510935569 ),
 .UNSPECIFIED. ) ;
#810 = DIRECTION ( 'NONE',  ( 0.000000000000000000, -1.000000000000000000, 0.000000000000000000 ) ) ;
#811 = CALENDAR_DATE ( 2026, 28, 9 ) ;
#812 = LINE ( 'NONE', #997, #694 ) ;
#813 = EDGE_CURVE ( 'NONE', #691, #548, #96, .T. ) ;
#814 = CARTESIAN_POINT ( 'NONE',  ( 3.100000000000000089, 48.00000000000000000, -2.399999999999999911 ) ) ;
#815 = CARTESIAN_POINT ( 'NONE',  ( 6.905613658466567273, 48.00000000000000000, -1.145643923738954628 ) ) ;
#816 = ORIENTED_EDGE ( 'NONE', *, *, #479, .F. ) ;
#817 = DIRECTION ( 'NONE',  ( -0.000000000000000000, -1.000000000000000000, -0.000000000000000000 ) ) ;
#818 = APPROVAL_ROLE ( '' ) ;
#819 = CARTESIAN_POINT ( 'NONE',  ( 6.000000000000000000, 48.00000000000000000, 1.145643923738954628 ) ) ;
#820 = CARTESIAN_POINT ( 'NONE',  ( 13.00000000000000000, 45.50000000000000000, -1.399999999999999911 ) ) ;
#821 = CARTESIAN_POINT ( 'NONE',  ( 3.100000000000000089, 48.00000000000000000, 2.399999999999999911 ) ) ;
#822 = VECTOR ( 'NONE', #208, 1000.000000000000000 ) ;
#823 = EDGE_CURVE ( 'NONE', #54, #1218, #407, .T. ) ;
#824 = DIRECTION ( 'NONE',  ( 0.000000000000000000, 0.000000000000000000, -1.000000000000000000 ) ) ;
#825 = DATE_AND_TIME ( #395, #429 ) ;
#826 = CIRCLE ( 'NONE', #243, 7.000000000000000000 ) ;
#827 = DIRECTION ( 'NONE',  ( -0.000000000000000000, -1.000000000000000000, -0.000000000000000000 ) ) ;
#828 = CIRCLE ( 'NONE', #1231, 1.399999999999999911 ) ;
#829 = FACE_OUTER_BOUND ( 'NONE', #29, .T. ) ;
#830 = EDGE_CURVE ( 'NONE', #54, #1093, #890, .T. ) ;
#831 = ORIENTED_EDGE ( 'NONE', *, *, #1084, .F. ) ;
#832 = EDGE_CURVE ( 'NONE', #1036, #1171, #477, .T. ) ;
#833 = FACE_OUTER_BOUND ( 'NONE', #572, .T. ) ;
#834 = CARTESIAN_POINT ( 'NONE',  ( 6.437196594791866566, 45.50000000000000000, 2.750000000000000000 ) ) ;
#835 = CARTESIAN_POINT ( 'NONE',  ( 6.437196594791865678, 45.36746691884724925, 2.750000000000000444 ) ) ;
#836 = ADVANCED_FACE ( 'NONE', ( #319, #726 ), #1122, .F. ) ;
#837 = VERTEX_POINT ( 'NONE', #834 ) ;
#838 = CARTESIAN_POINT ( 'NONE',  ( 6.000000000000000000, 45.50000000000000000, 0.000000000000000000 ) ) ;
#839 = CIRCLE ( 'NONE', #256, 7.000000000000000000 ) ;
#840 = DIRECTION ( 'NONE',  ( -1.000000000000000000, 0.000000000000000000, -0.000000000000000000 ) ) ;
#841 = AXIS2_PLACEMENT_3D ( 'NONE', #69, #582, #74 ) ;
#842 = ORIENTED_EDGE ( 'NONE', *, *, #330, .T. ) ;
#843 = EDGE_CURVE ( 'NONE', #799, #1057, #1180, .T. ) ;
#844 = SECURITY_CLASSIFICATION ( '', '', #85 ) ;
#845 = AXIS2_PLACEMENT_3D ( 'NONE', #523, #100, #1126 ) ;
#846 = DIRECTION ( 'NONE',  ( 1.000000000000000000, -0.000000000000000000, -0.000000000000000000 ) ) ;
#847 = VECTOR ( 'NONE', #794, 1000.000000000000000 ) ;
#848 = APPROVAL_PERSON_ORGANIZATION ( #318, #613, #718 ) ;
#849 = FACE_BOUND ( 'NONE', #239, .T. ) ;
#850 = ORIENTED_EDGE ( 'NONE', *, *, #843, .F. ) ;
#851 = CARTESIAN_POINT ( 'NONE',  ( 0.000000000000000000, 39.79999999999999716, 0.000000000000000000 ) ) ;
#852 = CARTESIAN_POINT ( 'NONE',  ( 1.469576158976823553E-16, 39.79999999999999716, 1.199999999999999956 ) ) ;
#853 = EDGE_CURVE ( 'NONE', #937, #209, #648, .T. ) ;
#854 = VERTEX_POINT ( 'NONE', #819 ) ;
#855 = DIRECTION ( 'NONE',  ( 0.000000000000000000, 0.000000000000000000, -1.000000000000000000 ) ) ;
#856 = ORIENTED_EDGE ( 'NONE', *, *, #662, .T. ) ;
#857 = CARTESIAN_POINT ( 'NONE',  ( 6.441332276753946040, 45.23468883201866930, -2.740377411041130973 ) ) ;
#858 = DIRECTION ( 'NONE',  ( -0.000000000000000000, -1.000000000000000000, -0.000000000000000000 ) ) ;
#859 = ORIENTED_EDGE ( 'NONE', *, *, #270, .F. ) ;
#860 = CARTESIAN_POINT ( 'NONE',  ( -3.826388450695864751, 45.04637403229738624, 1.327643075397443528 ) ) ;
#861 = ORIENTED_EDGE ( 'NONE', *, *, #589, .T. ) ;
#862 = CARTESIAN_POINT ( 'NONE',  ( 4.959819536546779614E-16, 48.00000000000000000, 4.049999999999999822 ) ) ;
#863 = CARTESIAN_POINT ( 'NONE',  ( -6.437196594791869231, 45.63210980794494276, 2.749999999999999556 ) ) ;
#864 = ORIENTED_EDGE ( 'NONE', *, *, #1250, .F. ) ;
#865 = CIRCLE ( 'NONE', #1316, 13.00000000000000000 ) ;
#866 = AXIS2_PLACEMENT_3D ( 'NONE', #469, #661, #1274 ) ;
#867 = ORIENTED_EDGE ( 'NONE', *, *, #605, .T. ) ;
#868 = CARTESIAN_POINT ( 'NONE',  ( 4.959819536546779614E-16, 44.00000000000000711, 4.049999999999999822 ) ) ;
#869 = EDGE_CURVE ( 'NONE', #854, #399, #1233, .T. ) ;
#870 = CARTESIAN_POINT ( 'NONE',  ( 6.865808160912489022, 47.89004744496351407, -1.385580069600521602 ) ) ;
#871 = CARTESIAN_POINT ( 'NONE',  ( -6.609652033201143695, 44.00000000000000000, 2.304886114323220880 ) ) ;
#872 = VERTEX_POINT ( 'NONE', #1021 ) ;
#873 = CARTESIAN_POINT ( 'NONE',  ( 0.000000000000000000, 37.29999999999999716, -6.000000000000000000 ) ) ;
#874 = ORIENTED_EDGE ( 'NONE', *, *, #869, .T. ) ;
#875 = DIRECTION ( 'NONE',  ( 0.000000000000000000, -1.000000000000000000, 0.000000000000000000 ) ) ;
#876 = CARTESIAN_POINT ( 'NONE',  ( 0.000000000000000000, 48.00000000000000000, 0.000000000000000000 ) ) ;
#877 = CARTESIAN_POINT ( 'NONE',  ( -6.437196594791866566, 45.50000000000000000, 2.750000000000000000 ) ) ;
#878 = VECTOR ( 'NONE', #34, 1000.000000000000000 ) ;
#879 = ORIENTED_EDGE ( 'NONE', *, *, #280, .F. ) ;
#880 = CARTESIAN_POINT ( 'NONE',  ( 6.000000000000000000, 48.00000000000000000, -1.145643923738954628 ) ) ;
#881 = CARTESIAN_POINT ( 'NONE',  ( 13.00000000000000000, 45.50000000000000000, 0.000000000000000000 ) ) ;
#882 = CIRCLE ( 'NONE', #309, 1.399999999999999911 ) ;
#883 = ADVANCED_FACE ( 'NONE', ( #107 ), #1239, .F. ) ;
#884 = ORIENTED_EDGE ( 'NONE', *, *, #771, .F. ) ;
#885 = DIRECTION ( 'NONE',  ( 0.000000000000000000, 1.000000000000000000, 0.000000000000000000 ) ) ;
#886 = DIRECTION ( 'NONE',  ( 0.000000000000000000, 1.000000000000000000, 0.000000000000000000 ) ) ;
#887 = VERTEX_POINT ( 'NONE', #1129 ) ;
#888 = AXIS2_PLACEMENT_3D ( 'NONE', #12, #810, #197 ) ;
#889 = CARTESIAN_POINT ( 'NONE',  ( 6.558807803923947688, 46.77494786242812808, 2.450364605556969000 ) ) ;
#890 = CIRCLE ( 'NONE', #1054, 7.000000000000000000 ) ;
#891 = DIRECTION ( 'NONE',  ( 0.000000000000000000, 0.000000000000000000, 1.000000000000000000 ) ) ;
#892 = DIRECTION ( 'NONE',  ( 0.000000000000000000, 1.000000000000000000, 0.000000000000000000 ) ) ;
#893 = VERTEX_POINT ( 'NONE', #213 ) ;
#894 = PLANE ( 'NONE',  #950 ) ;
#895 = EDGE_CURVE ( 'NONE', #691, #19, #828, .T. ) ;
#896 = ORIENTED_EDGE ( 'NONE', *, *, #1170, .F. ) ;
#897 = DIRECTION ( 'NONE',  ( 0.000000000000000000, -0.000000000000000000, 1.000000000000000000 ) ) ;
#898 = EDGE_LOOP ( 'NONE', ( #917, #194 ) ) ;
#899 = CARTESIAN_POINT ( 'NONE',  ( -6.469414221819292266, 46.15673085878795945, -2.673628571287498090 ) ) ;
#900 = CARTESIAN_POINT ( 'NONE',  ( 12.00000000000000000, 45.50000000000000000, 0.000000000000000000 ) ) ;
#901 = VERTEX_POINT ( 'NONE', #627 ) ;
#902 = CIRCLE ( 'NONE', #325, 13.00000000000000000 ) ;
#903 = EDGE_CURVE ( 'NONE', #1146, #1218, #1225, .T. ) ;
#904 = LINE ( 'NONE', #1098, #225 ) ;
#905 = DIRECTION ( 'NONE',  ( 0.000000000000000000, 0.000000000000000000, 1.000000000000000000 ) ) ;
#906 = VECTOR ( 'NONE', #432, 1000.000000000000000 ) ;
#907 = CARTESIAN_POINT ( 'NONE',  ( 0.000000000000000000, 48.00000000000000000, -7.000000000000000000 ) ) ;
#908 = EDGE_LOOP ( 'NONE', ( #172, #360, #831, #1149 ) ) ;
#909 = EDGE_LOOP ( 'NONE', ( #1089, #1137, #1263, #808, #472, #457, #964, #1108 ) ) ;
#910 = EDGE_CURVE ( 'NONE', #455, #552, #1192, .T. ) ;
#911 = VECTOR ( 'NONE', #1037, 1000.000000000000000 ) ;
#912 = CARTESIAN_POINT ( 'NONE',  ( 1.592040838891559095E-15, 44.00000000000000711, 13.00000000000000000 ) ) ;
#913 = EDGE_CURVE ( 'NONE', #1242, #575, #740, .T. ) ;
#914 = AXIS2_PLACEMENT_3D ( 'NONE', #475, #892, #170 ) ;
#915 = ORGANIZATION ( 'UNSPECIFIED', 'UNSPECIFIED', '' ) ;
#916 = DIRECTION ( 'NONE',  ( 0.000000000000000000, 0.000000000000000000, 1.000000000000000000 ) ) ;
#917 = ORIENTED_EDGE ( 'NONE', *, *, #270, .T. ) ;
#918 = LINE ( 'NONE', #785, #822 ) ;
#919 = ORIENTED_EDGE ( 'NONE', *, *, #1290, .F. ) ;
#920 = LINE ( 'NONE', #406, #264 ) ;
#921 = PERSON_AND_ORGANIZATION ( #1041, #915 ) ;
#922 = DIRECTION ( 'NONE',  ( -1.000000000000000000, 0.000000000000000000, 0.000000000000000000 ) ) ;
#923 = ORIENTED_EDGE ( 'NONE', *, *, #42, .T. ) ;
#924 = EDGE_CURVE ( 'NONE', #1155, #394, #295, .T. ) ;
#925 = CARTESIAN_POINT ( 'NONE',  ( -3.800328933131972953, 45.59328555049102505, 1.400000000000000133 ) ) ;
#926 = VERTEX_POINT ( 'NONE', #1109 ) ;
#927 = CARTESIAN_POINT ( 'NONE',  ( -6.000000000000000000, 44.00000000000000711, -2.304886114323225321 ) ) ;
#928 = CARTESIAN_POINT ( 'NONE',  ( 6.000000000000000000, 48.00000000000000000, 0.000000000000000000 ) ) ;
#929 = ORIENTED_EDGE ( 'NONE', *, *, #64, .T. ) ;
#930 = CYLINDRICAL_SURFACE ( 'NONE', #17, 2.750000000000000000 ) ;
#931 = EDGE_CURVE ( 'NONE', #391, #467, #904, .T. ) ;
#932 = CIRCLE ( 'NONE', #59, 1.399999999999999911 ) ;
#933 = ORIENTED_EDGE ( 'NONE', *, *, #1328, .F. ) ;
#934 = DIRECTION ( 'NONE',  ( -0.000000000000000000, -1.000000000000000000, -0.000000000000000000 ) ) ;
#935 = CARTESIAN_POINT ( 'NONE',  ( 0.000000000000000000, 40.99999999999999289, 0.000000000000000000 ) ) ;
#936 = PLANE ( 'NONE',  #1173 ) ;
#937 = VERTEX_POINT ( 'NONE', #61 ) ;
#938 = CARTESIAN_POINT ( 'NONE',  ( 0.000000000000000000, 44.00000000000000000, -7.000000000000000000 ) ) ;
#939 = CARTESIAN_POINT ( 'NONE',  ( 6.609652033201145471, 43.99999999999999289, 2.304886114323216439 ) ) ;
#940 = ORIENTED_EDGE ( 'NONE', *, *, #363, .F. ) ;
#941 = CARTESIAN_POINT ( 'NONE',  ( -6.609652033201143695, 44.00000000000000000, -2.304886114323220880 ) ) ;
#942 = DIRECTION ( 'NONE',  ( 0.000000000000000000, 0.000000000000000000, -1.000000000000000000 ) ) ;
#943 = DIRECTION ( 'NONE',  ( 0.000000000000000000, 1.000000000000000000, 0.000000000000000000 ) ) ;
#944 = CARTESIAN_POINT ( 'NONE',  ( 0.000000000000000000, 37.29999999999999716, 0.000000000000000000 ) ) ;
#945 = VECTOR ( 'NONE', #846, 1000.000000000000000 ) ;
#946 = EDGE_LOOP ( 'NONE', ( #302, #1152, #97, #879 ) ) ;
#947 = DIRECTION ( 'NONE',  ( 0.000000000000000000, -1.000000000000000000, 0.000000000000000000 ) ) ;
#948 = EDGE_CURVE ( 'NONE', #697, #394, #156, .T. ) ;
#949 = PLANE ( 'NONE',  #770 ) ;
#950 = AXIS2_PLACEMENT_3D ( 'NONE', #696, #596, #388 ) ;
#951 = ORIENTED_EDGE ( 'NONE', *, *, #1220, .T. ) ;
#952 = CARTESIAN_POINT ( 'NONE',  ( 0.000000000000000000, 48.00000000000000000, 0.000000000000000000 ) ) ;
#953 = CARTESIAN_POINT ( 'NONE',  ( 0.000000000000000000, 39.79999999999999716, -1.199999999999999956 ) ) ;
#954 = ADVANCED_FACE ( 'NONE', ( #281, #1006 ), #600, .T. ) ;
#955 = EDGE_LOOP ( 'NONE', ( #746, #999 ) ) ;
#956 = CARTESIAN_POINT ( 'NONE',  ( -3.991348978478828968, 44.27817624786500517, -0.7078597596074260867 ) ) ;
#957 = VERTEX_POINT ( 'NONE', #1198 ) ;
#958 = CYLINDRICAL_SURFACE ( 'NONE', #719, 13.00000000000000000 ) ;
#959 = CLOSED_SHELL ( 'NONE', ( #1127, #754, #705, #1060, #1005, #962, #764, #1168, #503, #1238, #539, #836, #26, #1068, #300, #486, #484, #234, #682, #1301, #110, #688, #22, #337, #546, #124, #36, #1197, #1107, #982, #427, #954, #511, #1039, #883, #1018, #377 ) ) ;
#960 = DIRECTION ( 'NONE',  ( -1.000000000000000000, 0.000000000000000000, 0.000000000000000000 ) ) ;
#961 = VERTEX_POINT ( 'NONE', #76 ) ;
#962 = ADVANCED_FACE ( 'NONE', ( #287 ), #585, .F. ) ;
#963 = CARTESIAN_POINT ( 'NONE',  ( 3.100000000000000089, 44.00000000000000000, -2.399999999999999911 ) ) ;
#964 = ORIENTED_EDGE ( 'NONE', *, *, #1250, .T. ) ;
#965 = CIRCLE ( 'NONE', #390, 2.750000000000000000 ) ;
#966 = DIRECTION ( 'NONE',  ( 0.000000000000000000, 1.000000000000000000, 0.000000000000000000 ) ) ;
#967 = CARTESIAN_POINT ( 'NONE',  ( 3.100000000000000089, 48.00000000000000000, 2.399999999999999911 ) ) ;
#968 = CIRCLE ( 'NONE', #801, 1.399999999999999911 ) ;
#969 = PRODUCT_DEFINITION ( 'UNKNOWN', '', #450, #1051 ) ;
#970 = CIRCLE ( 'NONE', #133, 4.049999999999999822 ) ;
#971 = DIRECTION ( 'NONE',  ( -1.000000000000000000, 0.000000000000000000, 0.000000000000000000 ) ) ;
#972 = ORIENTED_EDGE ( 'NONE', *, *, #1079, .F. ) ;
#973 = CARTESIAN_POINT ( 'NONE',  ( 6.816873139757941402, 47.74910970999683002, 1.603625134843276845 ) ) ;
#974 = ORIENTED_EDGE ( 'NONE', *, *, #14, .F. ) ;
#975 = LINE ( 'NONE', #967, #125 ) ;
#976 = EDGE_LOOP ( 'NONE', ( #598, #343, #1095, #265 ) ) ;
#977 = CARTESIAN_POINT ( 'NONE',  ( -3.894408320703981019, 44.64595471261591086, 1.113044613903712898 ) ) ;
#978 = EDGE_LOOP ( 'NONE', ( #373, #507, #464, #1292 ) ) ;
#979 = CARTESIAN_POINT ( 'NONE',  ( -3.862045012259066823, 46.20777261710634320, 1.221737618682939397 ) ) ;
#980 = EDGE_CURVE ( 'NONE', #901, #583, #70, .T. ) ;
#981 = DIRECTION ( 'NONE',  ( 0.000000000000000000, 0.000000000000000000, -1.000000000000000000 ) ) ;
#982 = ADVANCED_FACE ( 'NONE', ( #84, #1296 ), #184, .F. ) ;
#983 = ORIENTED_EDGE ( 'NONE', *, *, #1134, .F. ) ;
#984 = CARTESIAN_POINT ( 'NONE',  ( 6.000000000000000000, 45.50000000000000000, -2.750000000000000000 ) ) ;
#985 = CARTESIAN_POINT ( 'NONE',  ( 12.00000000000000000, 44.00000000000000711, 2.304886114323225321 ) ) ;
#986 = ORIENTED_EDGE ( 'NONE', *, *, #948, .F. ) ;
#987 = DIRECTION ( 'NONE',  ( 1.000000000000000000, 0.000000000000000000, 0.000000000000000000 ) ) ;
#988 = DIRECTION ( 'NONE',  ( -1.000000000000000000, 0.000000000000000000, 0.000000000000000000 ) ) ;
#989 = VECTOR ( 'NONE', #1330, 1000.000000000000000 ) ;
#990 = EDGE_CURVE ( 'NONE', #31, #1046, #203, .T. ) ;
#991 = CARTESIAN_POINT ( 'NONE',  ( 6.000000000000000000, 45.50000000000000000, 0.000000000000000000 ) ) ;
#992 = CYLINDRICAL_SURFACE ( 'NONE', #149, 7.000000000000000000 ) ;
#993 = ORIENTED_EDGE ( 'NONE', *, *, #479, .T. ) ;
#994 = CARTESIAN_POINT ( 'NONE',  ( 0.000000000000000000, 41.00000000000000000, -4.049999999999999822 ) ) ;
#995 = DIRECTION ( 'NONE',  ( -1.000000000000000000, 0.000000000000000000, 0.000000000000000000 ) ) ;
#996 = CARTESIAN_POINT ( 'NONE',  ( 12.00000000000000000, 45.50000000000000000, 0.000000000000000000 ) ) ;
#997 = CARTESIAN_POINT ( 'NONE',  ( 12.00000000000000000, 45.50000000000000000, 2.750000000000000000 ) ) ;
#998 = FACE_OUTER_BOUND ( 'NONE', #437, .T. ) ;
#999 = ORIENTED_EDGE ( 'NONE', *, *, #913, .F. ) ;
#1000 = FACE_OUTER_BOUND ( 'NONE', #795, .T. ) ;
#1001 = EDGE_LOOP ( 'NONE', ( #307, #767, #207, #339 ) ) ;
#1002 = CARTESIAN_POINT ( 'NONE',  ( 4.959819536546779614E-16, 41.00000000000000000, 4.049999999999999822 ) ) ;
#1003 = EDGE_LOOP ( 'NONE', ( #1190, #744, #1078, #1070 ) ) ;
#1004 = VERTEX_POINT ( 'NONE', #912 ) ;
#1005 = ADVANCED_FACE ( 'NONE', ( #1000 ), #488, .T. ) ;
#1006 = FACE_OUTER_BOUND ( 'NONE', #898, .T. ) ;
#1007 = PERSON_AND_ORGANIZATION ( #1041, #915 ) ;
#1008 = CARTESIAN_POINT ( 'NONE',  ( 12.00000000000000000, 45.50000000000000000, 0.000000000000000000 ) ) ;
#1009 = EDGE_LOOP ( 'NONE', ( #426, #410, #451, #273 ) ) ;
#1010 = ORIENTED_EDGE ( 'NONE', *, *, #677, .T. ) ;
#1011 = CC_DESIGN_SECURITY_CLASSIFICATION ( #844, ( #450 ) ) ;
#1012 = VECTOR ( 'NONE', #25, 1000.000000000000000 ) ;
#1013 = CARTESIAN_POINT ( 'NONE',  ( 7.347880794884119736E-16, 37.29999999999999716, 6.000000000000000000 ) ) ;
#1014 = PERSON_AND_ORGANIZATION ( #1041, #915 ) ;
#1015 = DIRECTION ( 'NONE',  ( 0.000000000000000000, 0.000000000000000000, -1.000000000000000000 ) ) ;
#1016 = CARTESIAN_POINT ( 'NONE',  ( 0.000000000000000000, 44.00000000000000711, 0.000000000000000000 ) ) ;
#1017 = DIRECTION ( 'NONE',  ( 0.000000000000000000, 0.000000000000000000, 1.000000000000000000 ) ) ;
#1018 = ADVANCED_FACE ( 'NONE', ( #392 ), #802, .F. ) ;
#1019 = DIRECTION ( 'NONE',  ( 0.000000000000000000, 0.000000000000000000, 1.000000000000000000 ) ) ;
#1020 = PERSON_AND_ORGANIZATION_ROLE ( 'design_owner' ) ;
#1021 = CARTESIAN_POINT ( 'NONE',  ( 3.262284475639731340, 44.00000000000000000, -2.399999999999999911 ) ) ;
#1022 = ORIENTED_EDGE ( 'NONE', *, *, #570, .T. ) ;
#1023 = CARTESIAN_POINT ( 'NONE',  ( 6.515639029735876164, 44.46111964486731694, 2.559900529058813490 ) ) ;
#1024 = CARTESIAN_POINT ( 'NONE',  ( 3.262284475639731340, 44.00000000000000711, 2.399999999999999911 ) ) ;
#1025 = CC_DESIGN_DATE_AND_TIME_ASSIGNMENT ( #1215, #608, ( #844 ) ) ;
#1026 = DIRECTION ( 'NONE',  ( 0.000000000000000000, 0.000000000000000000, -1.000000000000000000 ) ) ;
#1027 = CARTESIAN_POINT ( 'NONE',  ( 0.000000000000000000, 44.00000000000000711, 0.000000000000000000 ) ) ;
#1028 = ORIENTED_EDGE ( 'NONE', *, *, #366, .F. ) ;
#1029 = LOCAL_TIME ( 18, 55, 17.00000000000000000, #1121 ) ;
#1030 = CARTESIAN_POINT ( 'NONE',  ( 13.00000000000000000, 45.50000000000000000, 0.000000000000000000 ) ) ;
#1031 = VECTOR ( 'NONE', #1167, 1000.000000000000000 ) ;
#1032 = AXIS2_PLACEMENT_3D ( 'NONE', #1133, #623, #311 ) ;
#1033 = DIRECTION ( 'NONE',  ( 0.000000000000000000, 0.000000000000000000, -1.000000000000000000 ) ) ;
#1034 = PLANE ( 'NONE',  #796 ) ;
#1035 = CARTESIAN_POINT ( 'NONE',  ( -6.000000000000000000, 45.50000000000000000, 0.000000000000000000 ) ) ;
#1036 = VERTEX_POINT ( 'NONE', #1184 ) ;
#1037 = DIRECTION ( 'NONE',  ( -1.000000000000000000, 0.000000000000000000, 0.000000000000000000 ) ) ;
#1038 = CARTESIAN_POINT ( 'NONE',  ( -3.910742432661614032, 46.42482072004742122, -1.054986047280241257 ) ) ;
#1039 = ADVANCED_FACE ( 'NONE', ( #190, #769 ), #1175, .F. ) ;
#1040 = DIRECTION ( 'NONE',  ( 1.000000000000000000, 0.000000000000000000, 0.000000000000000000 ) ) ;
#1041 = PERSON ( 'UNSPECIFIED', 'UNSPECIFIED', 'UNSPECIFIED', ('UNSPECIFIED'), ('UNSPECIFIED'), ('UNSPECIFIED') ) ;
#1042 = EDGE_LOOP ( 'NONE', ( #492, #233 ) ) ;
#1043 = EDGE_CURVE ( 'NONE', #872, #467, #1288, .T. ) ;
#1044 = CARTESIAN_POINT ( 'NONE',  ( 6.457452281733363719, 44.97244101072307387, -2.702173177950148997 ) ) ;
#1045 = FACE_BOUND ( 'NONE', #525, .T. ) ;
#1046 = VERTEX_POINT ( 'NONE', #678 ) ;
#1047 = AXIS2_PLACEMENT_3D ( 'NONE', #379, #1090, #169 ) ;
#1048 = CC_DESIGN_PERSON_AND_ORGANIZATION_ASSIGNMENT ( #1210, #1020, ( #502 ) ) ;
#1049 = ORIENTED_EDGE ( 'NONE', *, *, #344, .T. ) ;
#1050 = DIRECTION ( 'NONE',  ( 0.000000000000000000, 1.000000000000000000, 0.000000000000000000 ) ) ;
#1051 = DESIGN_CONTEXT ( 'detailed design', #1103, 'design' ) ;
#1052 = VECTOR ( 'NONE', #1261, 1000.000000000000000 ) ;
#1053 = DIRECTION ( 'NONE',  ( 0.000000000000000000, 0.000000000000000000, -1.000000000000000000 ) ) ;
#1054 = AXIS2_PLACEMENT_3D ( 'NONE', #1094, #173, #63 ) ;
#1055 = ORIENTED_EDGE ( 'NONE', *, *, #408, .T. ) ;
#1056 = CARTESIAN_POINT ( 'NONE',  ( 2.969768487932330991E-16, 39.80000000000000426, 2.424999999999999822 ) ) ;
#1057 = VERTEX_POINT ( 'NONE', #716 ) ;
#1058 = CARTESIAN_POINT ( 'NONE',  ( 6.609652033201145471, 43.99999999999999289, -2.304886114323216439 ) ) ;
#1059 = EDGE_CURVE ( 'NONE', #209, #937, #431, .T. ) ;
#1060 = ADVANCED_FACE ( 'NONE', ( #833 ), #1120, .F. ) ;
#1061 = CARTESIAN_POINT ( 'NONE',  ( 6.457445106597440088, 46.02734171946890029, -2.702189814933226852 ) ) ;
#1062 = VERTEX_POINT ( 'NONE', #310 ) ;
#1063 = DIRECTION ( 'NONE',  ( 0.000000000000000000, 0.000000000000000000, 1.000000000000000000 ) ) ;
#1064 = DIRECTION ( 'NONE',  ( 0.000000000000000000, 0.000000000000000000, -1.000000000000000000 ) ) ;
#1065 = ORIENTED_EDGE ( 'NONE', *, *, #830, .T. ) ;
#1066 = FACE_OUTER_BOUND ( 'NONE', #772, .T. ) ;
#1067 = LINE ( 'NONE', #1157, #906 ) ;
#1068 = ADVANCED_FACE ( 'NONE', ( #527 ), #607, .T. ) ;
#1069 = CARTESIAN_POINT ( 'NONE',  ( 0.000000000000000000, 40.99999999999999289, -1.199999999999999956 ) ) ;
#1070 = ORIENTED_EDGE ( 'NONE', *, *, #1091, .F. ) ;
#1071 = CARTESIAN_POINT ( 'NONE',  ( -6.515639029735874388, 44.46111964486731694, -2.559900529058815266 ) ) ;
#1072 = CARTESIAN_POINT ( 'NONE',  ( -4.050007453749809194, 44.09997843736610434, -0.09191666416512565829 ) ) ;
#1073 = VERTEX_POINT ( 'NONE', #614 ) ;
#1074 = VECTOR ( 'NONE', #987, 1000.000000000000000 ) ;
#1075 = CARTESIAN_POINT ( 'NONE',  ( 0.000000000000000000, 44.00000000000000000, 0.000000000000000000 ) ) ;
#1076 = APPROVAL_PERSON_ORGANIZATION ( #921, #789, #818 ) ;
#1077 = CARTESIAN_POINT ( 'NONE',  ( -6.437196594791866566, 45.50000000000000000, 2.750000000000000000 ) ) ;
#1078 = ORIENTED_EDGE ( 'NONE', *, *, #730, .F. ) ;
#1079 = EDGE_CURVE ( 'NONE', #637, #548, #968, .T. ) ;
#1080 = AXIS2_PLACEMENT_3D ( 'NONE', #1008, #497, #916 ) ;
#1081 = CARTESIAN_POINT ( 'NONE',  ( -4.034496699523681507, 44.14539613297234411, -0.3653262164749771501 ) ) ;
#1082 = B_SPLINE_CURVE_WITH_KNOTS ( 'NONE', 3,
 ( #98, #925, #409, #1277, #162, #979, #52, #465, #435, #739, #636, #743, #1257, #6, #13, #324, #428, #1038, #521, #1136, #23, #18, #1148, #109 ),
 .UNSPECIFIED., .F., .F.,
 ( 4, 2, 2, 2, 2, 2, 2, 2, 2, 2, 2, 4 ),
 ( 0.000000000000000000, 0.0002757011215833505332, 0.0005514022431667010664, 0.001102804486333382834, 0.001654206729500064602, 0.002205608972666746586, 0.002481310094250087361, 0.002757011215833428137, 0.003308413459000117927, 0.003584114580583469978, 0.003859815702166822030, 0.004411217945333507050 ),
 .UNSPECIFIED. ) ;
#1083 = ORIENTED_EDGE ( 'NONE', *, *, #480, .T. ) ;
#1084 = EDGE_CURVE ( 'NONE', #1036, #356, #1237, .T. ) ;
#1085 = FACE_OUTER_BOUND ( 'NONE', #1213, .T. ) ;
#1086 = DIRECTION ( 'NONE',  ( 0.000000000000000000, 1.000000000000000000, 0.000000000000000000 ) ) ;
#1087 = CARTESIAN_POINT ( 'NONE',  ( -12.00000000000000000, 45.50000000000000000, 0.000000000000000000 ) ) ;
#1088 = CARTESIAN_POINT ( 'NONE',  ( -3.991419910326839293, 44.27796985928514317, 0.7071118055806968616 ) ) ;
#1089 = ORIENTED_EDGE ( 'NONE', *, *, #1228, .T. ) ;
#1090 = DIRECTION ( 'NONE',  ( -1.000000000000000000, 0.000000000000000000, 0.000000000000000000 ) ) ;
#1091 = EDGE_CURVE ( 'NONE', #893, #854, #419, .T. ) ;
#1092 = DIRECTION ( 'NONE',  ( -0.000000000000000000, -1.000000000000000000, -0.000000000000000000 ) ) ;
#1093 = VERTEX_POINT ( 'NONE', #938 ) ;
#1094 = CARTESIAN_POINT ( 'NONE',  ( 0.000000000000000000, 44.00000000000000000, 0.000000000000000000 ) ) ;
#1095 = ORIENTED_EDGE ( 'NONE', *, *, #813, .T. ) ;
#1096 = DIRECTION ( 'NONE',  ( 0.000000000000000000, -1.000000000000000000, 0.000000000000000000 ) ) ;
#1097 = CARTESIAN_POINT ( 'NONE',  ( -6.000000000000000000, 45.50000000000000000, 2.750000000000000000 ) ) ;
#1098 = CARTESIAN_POINT ( 'NONE',  ( 3.100000000000000089, 44.00000000000000000, 2.399999999999999911 ) ) ;
#1099 = ORIENTED_EDGE ( 'NONE', *, *, #903, .F. ) ;
#1100 = DIRECTION ( 'NONE',  ( 1.000000000000000000, 0.000000000000000000, 0.000000000000000000 ) ) ;
#1101 = ORIENTED_EDGE ( 'NONE', *, *, #363, .T. ) ;
#1102 = ORIENTED_EDGE ( 'NONE', *, *, #1290, .T. ) ;
#1103 = APPLICATION_CONTEXT ( 'configuration controlled 3d designs of mechanical parts and assemblies' ) ;
#1104 = CARTESIAN_POINT ( 'NONE',  ( -6.000000000000000000, 45.50000000000000000, -2.750000000000000000 ) ) ;
#1105 = ORIENTED_EDGE ( 'NONE', *, *, #1328, .T. ) ;
#1106 = CARTESIAN_POINT ( 'NONE',  ( -6.816873139757940514, 47.74910970999683002, -1.603625134843279954 ) ) ;
#1107 = ADVANCED_FACE ( 'NONE', ( #1132, #217 ), #423, .T. ) ;
#1108 = ORIENTED_EDGE ( 'NONE', *, *, #823, .F. ) ;
#1109 = CARTESIAN_POINT ( 'NONE',  ( 3.262284475639731340, 48.00000000000000000, 2.399999999999999911 ) ) ;
#1110 = COORDINATED_UNIVERSAL_TIME_OFFSET ( 6, 0, .BEHIND. ) ;
#1111 = FACE_OUTER_BOUND ( 'NONE', #1172, .T. ) ;
#1112 = EDGE_LOOP ( 'NONE', ( #1166, #321, #515, #1101, #103, #804 ) ) ;
#1113 = AXIS2_PLACEMENT_3D ( 'NONE', #1160, #652, #1064 ) ;
#1114 = DIRECTION ( 'NONE',  ( 0.000000000000000000, 0.000000000000000000, 1.000000000000000000 ) ) ;
#1115 = VECTOR ( 'NONE', #875, 1000.000000000000000 ) ;
#1116 = CARTESIAN_POINT ( 'NONE',  ( -6.514753208766933312, 46.53267108062811275, -2.562114570348315912 ) ) ;
#1117 = CARTESIAN_POINT ( 'NONE',  ( -6.000000000000000000, 48.00000000000000000, 1.145643923738954628 ) ) ;
#1118 = CARTESIAN_POINT ( 'NONE',  ( 0.000000000000000000, 41.00000000000000000, -6.000000000000000000 ) ) ;
#1119 = EDGE_LOOP ( 'NONE', ( #758, #665 ) ) ;
#1120 = CYLINDRICAL_SURFACE ( 'NONE', #888, 2.424999999999999822 ) ;
#1121 = COORDINATED_UNIVERSAL_TIME_OFFSET ( 6, 0, .BEHIND. ) ;
#1122 = CYLINDRICAL_SURFACE ( 'NONE', #476, 4.049999999999999822 ) ;
#1123 = VERTEX_POINT ( 'NONE', #1013 ) ;
#1124 = B_SPLINE_CURVE_WITH_KNOTS ( 'NONE', 3,
 ( #1058, #345, #642, #32, #1044, #857, #544, #538 ),
 .UNSPECIFIED., .F., .F.,
 ( 4, 2, 2, 4 ),
 ( 0.000000000000000000, 0.0007962945899203968366, 0.001194441884880604850, 0.001592589179840812755 ),
 .UNSPECIFIED. ) ;
#1125 = DIRECTION ( 'NONE',  ( 0.000000000000000000, 0.000000000000000000, -1.000000000000000000 ) ) ;
#1126 = DIRECTION ( 'NONE',  ( 0.000000000000000000, 0.000000000000000000, 1.000000000000000000 ) ) ;
#1127 = ADVANCED_FACE ( 'NONE', ( #1243 ), #226, .F. ) ;
#1128 = COORDINATED_UNIVERSAL_TIME_OFFSET ( 6, 0, .BEHIND. ) ;
#1129 = CARTESIAN_POINT ( 'NONE',  ( -6.437196594791866566, 45.50000000000000000, 2.750000000000000000 ) ) ;
#1130 = CARTESIAN_POINT ( 'NONE',  ( 6.469612034146808632, 44.84107285759885286, 2.673159329098454329 ) ) ;
#1131 = VERTEX_POINT ( 'NONE', #729 ) ;
#1132 = FACE_BOUND ( 'NONE', #728, .T. ) ;
#1133 = CARTESIAN_POINT ( 'NONE',  ( 0.000000000000000000, 37.29999999999999716, 0.000000000000000000 ) ) ;
#1134 = EDGE_CURVE ( 'NONE', #926, #467, #7, .T. ) ;
#1135 = AXIS2_PLACEMENT_3D ( 'NONE', #500, #201, #1125 ) ;
#1136 = CARTESIAN_POINT ( 'NONE',  ( -3.864215316305386061, 46.20366521493900791, -1.213728241054432111 ) ) ;
#1137 = ORIENTED_EDGE ( 'NONE', *, *, #980, .T. ) ;
#1138 = CC_DESIGN_APPROVAL ( #278, ( #844 ) ) ;
#1139 = CARTESIAN_POINT ( 'NONE',  ( 12.00000000000000000, 48.00000000000000000, 1.145643923738954628 ) ) ;
#1140 = AXIS2_PLACEMENT_3D ( 'NONE', #881, #1208, #699 ) ;
#1141 = VECTOR ( 'NONE', #381, 1000.000000000000000 ) ;
#1142 = EDGE_CURVE ( 'NONE', #71, #784, #1178, .T. ) ;
#1143 = CARTESIAN_POINT ( 'NONE',  ( 0.000000000000000000, 39.80000000000000426, 0.000000000000000000 ) ) ;
#1144 = EDGE_CURVE ( 'NONE', #1004, #957, #865, .T. ) ;
#1145 = CARTESIAN_POINT ( 'NONE',  ( -6.000000000000000000, 45.50000000000000000, 0.000000000000000000 ) ) ;
#1146 = VERTEX_POINT ( 'NONE', #210 ) ;
#1147 = DIRECTION ( 'NONE',  ( 0.000000000000000000, 0.000000000000000000, 1.000000000000000000 ) ) ;
#1148 = CARTESIAN_POINT ( 'NONE',  ( -3.800328933131972953, 45.68373429656747220, -1.400000000000000133 ) ) ;
#1149 = ORIENTED_EDGE ( 'NONE', *, *, #28, .F. ) ;
#1150 = DIRECTION ( 'NONE',  ( 1.000000000000000000, 0.000000000000000000, 0.000000000000000000 ) ) ;
#1151 = CYLINDRICAL_SURFACE ( 'NONE', #1154, 7.000000000000000000 ) ;
#1152 = ORIENTED_EDGE ( 'NONE', *, *, #1043, .T. ) ;
#1153 = FACE_OUTER_BOUND ( 'NONE', #1209, .T. ) ;
#1154 = AXIS2_PLACEMENT_3D ( 'NONE', #227, #331, #942 ) ;
#1155 = VERTEX_POINT ( 'NONE', #400 ) ;
#1156 = DIRECTION ( 'NONE',  ( 0.000000000000000000, 0.000000000000000000, -1.000000000000000000 ) ) ;
#1157 = CARTESIAN_POINT ( 'NONE',  ( 2.969768487932330991E-16, 39.80000000000000426, 2.424999999999999822 ) ) ;
#1158 = EDGE_CURVE ( 'NONE', #5, #1161, #510, .T. ) ;
#1159 = CARTESIAN_POINT ( 'NONE',  ( 6.469276747509345782, 46.15544851186697883, -2.673962309778475710 ) ) ;
#1160 = CARTESIAN_POINT ( 'NONE',  ( -12.00000000000000000, 45.50000000000000000, 0.000000000000000000 ) ) ;
#1161 = VERTEX_POINT ( 'NONE', #941 ) ;
#1162 = DIRECTION ( 'NONE',  ( 0.000000000000000000, 0.000000000000000000, 1.000000000000000000 ) ) ;
#1163 = CC_DESIGN_PERSON_AND_ORGANIZATION_ASSIGNMENT ( #1007, #387, ( #450 ) ) ;
#1164 = CARTESIAN_POINT ( 'NONE',  ( 0.000000000000000000, 48.00000000000000000, 0.000000000000000000 ) ) ;
#1165 = DIRECTION ( 'NONE',  ( 0.000000000000000000, 0.000000000000000000, -1.000000000000000000 ) ) ;
#1166 = ORIENTED_EDGE ( 'NONE', *, *, #650, .F. ) ;
#1167 = DIRECTION ( 'NONE',  ( -0.000000000000000000, -1.000000000000000000, -0.000000000000000000 ) ) ;
#1168 = ADVANCED_FACE ( 'NONE', ( #724 ), #1214, .F. ) ;
#1169 = CARTESIAN_POINT ( 'NONE',  ( 6.441377084039342726, 45.76614042000488780, -2.740271585420120726 ) ) ;
#1170 = EDGE_CURVE ( 'NONE', #750, #1093, #920, .T. ) ;
#1171 = VERTEX_POINT ( 'NONE', #1222 ) ;
#1172 = EDGE_LOOP ( 'NONE', ( #884, #418, #179, #183 ) ) ;
#1173 = AXIS2_PLACEMENT_3D ( 'NONE', #1253, #516, #624 ) ;
#1174 = CARTESIAN_POINT ( 'NONE',  ( 6.441336450685496651, 45.76556840322476205, 2.740368212597223074 ) ) ;
#1175 = PLANE ( 'NONE',  #396 ) ;
#1176 = VERTEX_POINT ( 'NONE', #1230 ) ;
#1177 = CARTESIAN_POINT ( 'NONE',  ( -6.560037626623678619, 46.76897802340306498, 2.443223876829603292 ) ) ;
#1178 = CIRCLE ( 'NONE', #609, 6.000000000000000000 ) ;
#1179 = EDGE_CURVE ( 'NONE', #19, #637, #742, .T. ) ;
#1180 = CIRCLE ( 'NONE', #1032, 2.424999999999999822 ) ;
#1181 = FACE_BOUND ( 'NONE', #129, .T. ) ;
#1182 = ORIENTED_EDGE ( 'NONE', *, *, #589, .F. ) ;
#1183 = CARTESIAN_POINT ( 'NONE',  ( 6.905613658466567273, 48.00000000000000000, 1.145643923738954628 ) ) ;
#1184 = CARTESIAN_POINT ( 'NONE',  ( 3.100000000000000089, 48.00000000000000000, -2.399999999999999911 ) ) ;
#1185 = DIRECTION ( 'NONE',  ( 0.000000000000000000, 0.000000000000000000, -1.000000000000000000 ) ) ;
#1186 = ORIENTED_EDGE ( 'NONE', *, *, #316, .F. ) ;
#1187 = DIRECTION ( 'NONE',  ( 1.000000000000000000, -0.000000000000000000, -0.000000000000000000 ) ) ;
#1188 = CARTESIAN_POINT ( 'NONE',  ( -6.469576303269103157, 44.84128164293300500, 2.673249954226672997 ) ) ;
#1189 = DIRECTION ( 'NONE',  ( 0.000000000000000000, 1.000000000000000000, 0.000000000000000000 ) ) ;
#1190 = ORIENTED_EDGE ( 'NONE', *, *, #417, .T. ) ;
#1191 = DIRECTION ( 'NONE',  ( -0.000000000000000000, -1.000000000000000000, -0.000000000000000000 ) ) ;
#1192 = LINE ( 'NONE', #1104, #847 ) ;
#1193 = CARTESIAN_POINT ( 'NONE',  ( 6.000000000000000000, 45.50000000000000000, 0.000000000000000000 ) ) ;
#1194 = AXIS2_PLACEMENT_3D ( 'NONE', #160, #558, #1165 ) ;
#1195 = LINE ( 'NONE', #820, #550 ) ;
#1196 = ORIENTED_EDGE ( 'NONE', *, *, #526, .F. ) ;
#1197 = ADVANCED_FACE ( 'NONE', ( #1066 ), #138, .F. ) ;
#1198 = CARTESIAN_POINT ( 'NONE',  ( 0.000000000000000000, 44.00000000000000711, -13.00000000000000000 ) ) ;
#1199 = EDGE_CURVE ( 'NONE', #501, #683, #21, .T. ) ;
#1200 = ORIENTED_EDGE ( 'NONE', *, *, #195, .F. ) ;
#1201 = COORDINATED_UNIVERSAL_TIME_OFFSET ( 6, 0, .BEHIND. ) ;
#1202 = DIRECTION ( 'NONE',  ( 0.000000000000000000, 0.000000000000000000, -1.000000000000000000 ) ) ;
#1203 = DIRECTION ( 'NONE',  ( 1.000000000000000000, 0.000000000000000000, -0.000000000000000000 ) ) ;
#1204 = CIRCLE ( 'NONE', #1314, 6.000000000000000000 ) ;
#1205 = ORIENTED_EDGE ( 'NONE', *, *, #910, .F. ) ;
#1206 = CIRCLE ( 'NONE', #721, 1.399999999999999911 ) ;
#1207 = LINE ( 'NONE', #792, #259 ) ;
#1208 = DIRECTION ( 'NONE',  ( -1.000000000000000000, 0.000000000000000000, 0.000000000000000000 ) ) ;
#1209 = EDGE_LOOP ( 'NONE', ( #168, #40 ) ) ;
#1210 = PERSON_AND_ORGANIZATION ( #1041, #915 ) ;
#1211 = FACE_OUTER_BOUND ( 'NONE', #1001, .T. ) ;
#1212 = ORIENTED_EDGE ( 'NONE', *, *, #823, .T. ) ;
#1213 = EDGE_LOOP ( 'NONE', ( #974, #816, #1022, #861 ) ) ;
#1214 = CYLINDRICAL_SURFACE ( 'NONE', #1249, 2.750000000000000000 ) ;
#1215 = DATE_AND_TIME ( #811, #1252 ) ;
#1216 = CARTESIAN_POINT ( 'NONE',  ( 0.000000000000000000, 41.00000000000000000, -6.000000000000000000 ) ) ;
#1217 = EDGE_CURVE ( 'NONE', #575, #1242, #202, .T. ) ;
#1218 = VERTEX_POINT ( 'NONE', #649 ) ;
#1219 = CARTESIAN_POINT ( 'NONE',  ( -6.000000000000000000, 45.50000000000000000, -2.750000000000000000 ) ) ;
#1220 = EDGE_CURVE ( 'NONE', #369, #5, #1248, .T. ) ;
#1221 = EDGE_LOOP ( 'NONE', ( #277, #10, #1055, #294 ) ) ;
#1222 = CARTESIAN_POINT ( 'NONE',  ( 3.100000000000000089, 48.00000000000000000, 2.399999999999999911 ) ) ;
#1223 = CALENDAR_DATE ( 2026, 28, 9 ) ;
#1224 = VECTOR ( 'NONE', #777, 1000.000000000000000 ) ;
#1225 = LINE ( 'NONE', #102, #803 ) ;
#1226 = DIRECTION ( 'NONE',  ( -0.000000000000000000, -1.000000000000000000, -0.000000000000000000 ) ) ;
#1227 = CARTESIAN_POINT ( 'NONE',  ( 3.100000000000000089, 44.00000000000000000, 2.399999999999999911 ) ) ;
#1228 = EDGE_CURVE ( 'NONE', #54, #901, #1124, .T. ) ;
#1229 = CIRCLE ( 'NONE', #646, 2.750000000000000000 ) ;
#1230 = CARTESIAN_POINT ( 'NONE',  ( 6.609652033201145471, 43.99999999999999289, 2.304886114323216439 ) ) ;
#1231 = AXIS2_PLACEMENT_3D ( 'NONE', #8, #420, #323 ) ;
#1232 = APPLICATION_PROTOCOL_DEFINITION ( 'international standard', 'config_control_design', 1994, #1297 ) ;
#1233 = LINE ( 'NONE', #928, #453 ) ;
#1234 = DIRECTION ( 'NONE',  ( 1.000000000000000000, 0.000000000000000000, 0.000000000000000000 ) ) ;
#1235 = DIRECTION ( 'NONE',  ( 0.000000000000000000, 0.000000000000000000, 1.000000000000000000 ) ) ;
#1236 = ORIENTED_EDGE ( 'NONE', *, *, #579, .T. ) ;
#1237 = LINE ( 'NONE', #1325, #89 ) ;
#1238 = ADVANCED_FACE ( 'NONE', ( #1256 ), #958, .T. ) ;
#1239 = CYLINDRICAL_SURFACE ( 'NONE', #67, 1.199999999999999956 ) ;
#1240 = CARTESIAN_POINT ( 'NONE',  ( 6.457433250572955252, 44.97259496171182747, 2.702218849626253139 ) ) ;
#1241 = DIRECTION ( 'NONE',  ( 0.000000000000000000, 1.000000000000000000, 0.000000000000000000 ) ) ;
#1242 = VERTEX_POINT ( 'NONE', #553 ) ;
#1243 = FACE_OUTER_BOUND ( 'NONE', #15, .T. ) ;
#1244 = EDGE_CURVE ( 'NONE', #216, #893, #535, .T. ) ;
#1245 = VECTOR ( 'NONE', #995, 1000.000000000000000 ) ;
#1246 = DIRECTION ( 'NONE',  ( 0.000000000000000000, 0.000000000000000000, -1.000000000000000000 ) ) ;
#1247 = VERTEX_POINT ( 'NONE', #862 ) ;
#1248 = LINE ( 'NONE', #235, #1052 ) ;
#1249 = AXIS2_PLACEMENT_3D ( 'NONE', #1, #303, #94 ) ;
#1250 = EDGE_CURVE ( 'NONE', #1146, #1218, #1229, .T. ) ;
#1251 = AXIS2_PLACEMENT_3D ( 'NONE', #593, #1319, #897 ) ;
#1252 = LOCAL_TIME ( 18, 55, 17.00000000000000000, #1128 ) ;
#1253 = CARTESIAN_POINT ( 'NONE',  ( 0.000000000000000000, 48.00000000000000000, 0.000000000000000000 ) ) ;
#1254 = PLANE ( 'NONE',  #171 ) ;
#1255 = ORIENTED_EDGE ( 'NONE', *, *, #1059, .T. ) ;
#1256 = FACE_OUTER_BOUND ( 'NONE', #1009, .T. ) ;
#1257 = CARTESIAN_POINT ( 'NONE',  ( -4.046777411657250134, 46.89075377069312367, -0.1850668103483180393 ) ) ;
#1258 = ORIENTED_EDGE ( 'NONE', *, *, #82, .T. ) ;
#1259 = CARTESIAN_POINT ( 'NONE',  ( 0.000000000000000000, 41.00000000000000000, -13.00000000000000000 ) ) ;
#1260 = ORIENTED_EDGE ( 'NONE', *, *, #211, .T. ) ;
#1261 = DIRECTION ( 'NONE',  ( 0.000000000000000000, 0.000000000000000000, -1.000000000000000000 ) ) ;
#1262 = FACE_OUTER_BOUND ( 'NONE', #188, .T. ) ;
#1263 = ORIENTED_EDGE ( 'NONE', *, *, #151, .F. ) ;
#1264 = CC_DESIGN_DATE_AND_TIME_ASSIGNMENT ( #101, #304, ( #969 ) ) ;
#1265 = ORIENTED_EDGE ( 'NONE', *, *, #895, .T. ) ;
#1266 = CARTESIAN_POINT ( 'NONE',  ( 12.00000000000000000, 45.50000000000000000, 0.000000000000000000 ) ) ;
#1267 = B_SPLINE_CURVE_WITH_KNOTS ( 'NONE', 3,
 ( #86, #482, #1106, #1321, #787, #187, #77, #710, #1116, #899, #689, #588, #491, #283 ),
 .UNSPECIFIED., .F., .F.,
 ( 4, 2, 2, 2, 2, 2, 4 ),
 ( 0.000000000000000000, 0.0007906590634375419832, 0.001185988595156320076, 0.001581318126875098061, 0.002371977190312653163, 0.002767306722031430931, 0.003162636253750208699 ),
 .UNSPECIFIED. ) ;
#1268 = DIRECTION ( 'NONE',  ( 0.000000000000000000, 0.000000000000000000, -1.000000000000000000 ) ) ;
#1269 = CARTESIAN_POINT ( 'NONE',  ( -6.437196594791866566, 45.50000000000000000, -2.750000000000000000 ) ) ;
#1270 = CARTESIAN_POINT ( 'NONE',  ( -3.894667332937988835, 44.64477961069176359, -1.112141664708514721 ) ) ;
#1271 = ORIENTED_EDGE ( 'NONE', *, *, #715, .T. ) ;
#1272 = DIRECTION ( 'NONE',  ( 0.000000000000000000, 0.000000000000000000, 1.000000000000000000 ) ) ;
#1273 = EDGE_CURVE ( 'NONE', #31, #216, #340, .T. ) ;
#1274 = DIRECTION ( 'NONE',  ( 0.000000000000000000, 0.000000000000000000, 1.000000000000000000 ) ) ;
#1275 = DIRECTION ( 'NONE',  ( 0.000000000000000000, 0.000000000000000000, 1.000000000000000000 ) ) ;
#1276 = VERTEX_POINT ( 'NONE', #247 ) ;
#1277 = CARTESIAN_POINT ( 'NONE',  ( -3.816739092249551213, 45.86475500275278705, 1.354757920451277187 ) ) ;
#1278 = ORIENTED_EDGE ( 'NONE', *, *, #605, .F. ) ;
#1279 = EDGE_CURVE ( 'NONE', #62, #1176, #692, .T. ) ;
#1280 = DIRECTION ( 'NONE',  ( 1.000000000000000000, 0.000000000000000000, 0.000000000000000000 ) ) ;
#1281 = PLANE ( 'NONE',  #1113 ) ;
#1282 = EDGE_LOOP ( 'NONE', ( #867, #416 ) ) ;
#1283 = CIRCLE ( 'NONE', #1135, 2.750000000000000000 ) ;
#1284 = CYLINDRICAL_SURFACE ( 'NONE', #1047, 1.399999999999999911 ) ;
#1285 = CARTESIAN_POINT ( 'NONE',  ( -6.000000000000000000, 45.50000000000000000, 0.000000000000000000 ) ) ;
#1286 = CARTESIAN_POINT ( 'NONE',  ( -6.712230573319453164, 47.40851468283977255, 1.996664204902309558 ) ) ;
#1287 = AXIS2_PLACEMENT_3D ( 'NONE', #1035, #1040, #342 ) ;
#1288 = CIRCLE ( 'NONE', #738, 4.049999999999999822 ) ;
#1289 = AXIS2_PLACEMENT_3D ( 'NONE', #610, #581, #1202 ) ;
#1290 = EDGE_CURVE ( 'NONE', #1093, #1161, #826, .T. ) ;
#1291 = MANIFOLD_SOLID_BREP ( 'Crossbolt_axial_float_clearance_D2p8', #959 ) ;
#1292 = ORIENTED_EDGE ( 'NONE', *, *, #1084, .T. ) ;
#1293 = VECTOR ( 'NONE', #81, 1000.000000000000000 ) ;
#1294 = CARTESIAN_POINT ( 'NONE',  ( 6.469414221819294042, 46.15673085878797366, 2.673628571287497202 ) ) ;
#1295 = DIRECTION ( 'NONE',  ( -0.000000000000000000, -0.000000000000000000, 1.000000000000000000 ) ) ;
#1296 = FACE_OUTER_BOUND ( 'NONE', #1322, .T. ) ;
#1297 = APPLICATION_CONTEXT ( 'configuration controlled 3d designs of mechanical parts and assemblies' ) ;
#1298 = CARTESIAN_POINT ( 'NONE',  ( 1.592040838891559095E-15, 44.00000000000000711, 13.00000000000000000 ) ) ;
#1299 = EDGE_CURVE ( 'NONE', #1247, #697, #452, .T. ) ;
#1300 = EDGE_LOOP ( 'NONE', ( #564, #541, #1010, #485 ) ) ;
#1301 = ADVANCED_FACE ( 'NONE', ( #255 ), #660, .T. ) ;
#1302 = B_SPLINE_CURVE_WITH_KNOTS ( 'NONE', 3,
 ( #9, #835, #424, #1240, #1130, #1023, #639, #939 ),
 .UNSPECIFIED., .F., .F.,
 ( 4, 2, 2, 4 ),
 ( 0.003162636253750508372, 0.003559672703773336319, 0.003956709153796164266, 0.004750782053841800211 ),
 .UNSPECIFIED. ) ;
#1303 = DIRECTION ( 'NONE',  ( 0.000000000000000000, 0.000000000000000000, -1.000000000000000000 ) ) ;
#1304 = APPROVAL_DATE_TIME ( #495, #613 ) ;
#1305 = CARTESIAN_POINT ( 'NONE',  ( 3.262284475639731340, 48.00000000000000000, -2.399999999999999911 ) ) ;
#1306 = DIRECTION ( 'NONE',  ( 0.000000000000000000, 0.000000000000000000, 1.000000000000000000 ) ) ;
#1307 = ORIENTED_EDGE ( 'NONE', *, *, #64, .F. ) ;
#1308 = CARTESIAN_POINT ( 'NONE',  ( 0.000000000000000000, 41.00000000000000000, 0.000000000000000000 ) ) ;
#1309 = CIRCLE ( 'NONE', #866, 4.049999999999999822 ) ;
#1310 = DIRECTION ( 'NONE',  ( 0.000000000000000000, 0.000000000000000000, -1.000000000000000000 ) ) ;
#1311 = ORIENTED_EDGE ( 'NONE', *, *, #366, .T. ) ;
#1312 = APPLICATION_PROTOCOL_DEFINITION ( 'international standard', 'config_control_design', 1994, #1103 ) ;
#1313 = DIRECTION ( 'NONE',  ( 0.000000000000000000, 0.000000000000000000, -1.000000000000000000 ) ) ;
#1314 = AXIS2_PLACEMENT_3D ( 'NONE', #561, #16, #1147 ) ;
#1315 = EDGE_LOOP ( 'NONE', ( #625, #603, #1102, #75, #35 ) ) ;
#1316 = AXIS2_PLACEMENT_3D ( 'NONE', #114, #317, #635 ) ;
#1317 = ORIENTED_EDGE ( 'NONE', *, *, #615, .T. ) ;
#1318 = VECTOR ( 'NONE', #720, 1000.000000000000000 ) ;
#1319 = DIRECTION ( 'NONE',  ( 0.000000000000000000, 1.000000000000000000, 0.000000000000000000 ) ) ;
#1320 = CARTESIAN_POINT ( 'NONE',  ( 0.000000000000000000, 0.000000000000000000, 0.000000000000000000 ) ) ;
#1321 = CARTESIAN_POINT ( 'NONE',  ( -6.738409342686609627, 47.49379518522297872, -1.898468533991905183 ) ) ;
#1322 = EDGE_LOOP ( 'NONE', ( #933, #405 ) ) ;
#1323 = DIRECTION ( 'NONE',  ( -0.000000000000000000, -1.000000000000000000, -0.000000000000000000 ) ) ;
#1324 = EDGE_LOOP ( 'NONE', ( #90, #51, #258, #599, #722, #587 ) ) ;
#1325 = CARTESIAN_POINT ( 'NONE',  ( 3.100000000000000089, 48.00000000000000000, -2.399999999999999911 ) ) ;
#1326 =( NAMED_UNIT ( * ) PLANE_ANGLE_UNIT ( ) SI_UNIT ( $, .RADIAN. ) );
#1327 = CYLINDRICAL_SURFACE ( 'NONE', #1289, 1.199999999999999956 ) ;
#1328 = EDGE_CURVE ( 'NONE', #382, #1123, #1204, .T. ) ;
#1329 = CARTESIAN_POINT ( 'NONE',  ( -12.00000000000000000, 44.00000000000000711, -2.304886114323225321 ) ) ;
#1330 = DIRECTION ( 'NONE',  ( -0.000000000000000000, -1.000000000000000000, -0.000000000000000000 ) ) ;
ENDSEC;
END-ISO-10303-21;
