ISO-10303-21;
HEADER;
FILE_DESCRIPTION (( 'STEP AP203' ),
    '1' );
FILE_NAME ('ARM-004_Removable_yaw_servo_mount.step',
    '2026-09-28T23:15:23',
    ( '' ),
    ( '' ),
    'SwSTEP 2.0',
    'SolidWorks 2026',
    '' );
FILE_SCHEMA (( 'CONFIG_CONTROL_DESIGN' ));
ENDSEC;

DATA;
#1 = CARTESIAN_POINT ( 'NONE',  ( -7.000000000000000000, 21.39999999999999858, -16.00000000000000000 ) ) ;
#2 = CARTESIAN_POINT ( 'NONE',  ( -14.00000000000000000, 21.39999999999999858, 27.48472456110349427 ) ) ;
#3 = VECTOR ( 'NONE', #415, 1000.000000000000000 ) ;
#4 = VECTOR ( 'NONE', #601, 1000.000000000000000 ) ;
#5 = AXIS2_PLACEMENT_3D ( 'NONE', #1009, #1119, #1002 ) ;
#6 = ORIENTED_EDGE ( 'NONE', *, *, #927, .T. ) ;
#7 = CARTESIAN_POINT ( 'NONE',  ( -15.00000000000000000, 26.39999999999999858, 18.00000000000000000 ) ) ;
#8 = FACE_OUTER_BOUND ( 'NONE', #1042, .T. ) ;
#9 = EDGE_LOOP ( 'NONE', ( #1146, #491, #1162, #691, #1280, #494, #257, #937, #1006, #888, #285, #447 ) ) ;
#10 = VECTOR ( 'NONE', #1447, 1000.000000000000000 ) ;
#11 = CARTESIAN_POINT ( 'NONE',  ( -14.00000000000000000, 25.39999999999999858, -8.000000000000000000 ) ) ;
#12 = CARTESIAN_POINT ( 'NONE',  ( -8.400000000000000355, 21.39999999999999858, 0.000000000000000000 ) ) ;
#13 = ORIENTED_EDGE ( 'NONE', *, *, #341, .F. ) ;
#14 = CARTESIAN_POINT ( 'NONE',  ( 25.00000000000000000, 24.39999999999999858, -18.00000000000000000 ) ) ;
#15 = LINE ( 'NONE', #824, #638 ) ;
#16 = VERTEX_POINT ( 'NONE', #216 ) ;
#17 = ORIENTED_EDGE ( 'NONE', *, *, #1322, .F. ) ;
#18 = EDGE_CURVE ( 'NONE', #1425, #1267, #21, .T. ) ;
#19 = DIRECTION ( 'NONE',  ( -1.000000000000000000, 0.000000000000000000, 0.000000000000000000 ) ) ;
#20 = ORIENTED_EDGE ( 'NONE', *, *, #890, .F. ) ;
#21 =( BOUNDED_CURVE ( )  B_SPLINE_CURVE ( 3, ( #66, #425, #1320, #310 ),
 .UNSPECIFIED., .F., .F. ) 
 B_SPLINE_CURVE_WITH_KNOTS ( ( 4, 4 ),
 ( 0.000000000000000000, 1.570796326794896558 ),
 .UNSPECIFIED. ) 
 CURVE ( )  GEOMETRIC_REPRESENTATION_ITEM ( )  RATIONAL_B_SPLINE_CURVE ( ( 1.000000000000000000, 0.8047378541243649375, 0.8047378541243649375, 1.000000000000000000 ) ) 
 REPRESENTATION_ITEM ( '' )  );
#22 = CARTESIAN_POINT ( 'NONE',  ( -14.00000000000000178, 28.00000000000000000, -12.00000000000000000 ) ) ;
#23 = CARTESIAN_POINT ( 'NONE',  ( -14.00000000000000000, 21.39999999999999858, 18.00000000000000000 ) ) ;
#24 = EDGE_LOOP ( 'NONE', ( #861, #402, #168, #1021 ) ) ;
#25 = CIRCLE ( 'NONE', #150, 1.199999999999999734 ) ;
#26 = CC_DESIGN_APPROVAL ( #566, ( #48 ) ) ;
#27 = ADVANCED_FACE ( 'NONE', ( #303 ), #1115, .T. ) ;
#28 = CYLINDRICAL_SURFACE ( 'NONE', #1286, 1.600000000000000755 ) ;
#29 = VERTEX_POINT ( 'NONE', #1003 ) ;
#30 = EDGE_CURVE ( 'NONE', #88, #70, #976, .T. ) ;
#31 = DIRECTION ( 'NONE',  ( 0.000000000000000000, 0.000000000000000000, -1.000000000000000000 ) ) ;
#32 = LINE ( 'NONE', #1154, #1137 ) ;
#33 = PLANE ( 'NONE',  #689 ) ;
#34 = VECTOR ( 'NONE', #595, 1000.000000000000000 ) ;
#35 = FACE_OUTER_BOUND ( 'NONE', #223, .T. ) ;
#36 = ORIENTED_EDGE ( 'NONE', *, *, #41, .T. ) ;
#37 = AXIS2_PLACEMENT_3D ( 'NONE', #867, #57, #74 ) ;
#38 = DIRECTION ( 'NONE',  ( 0.000000000000000000, 0.000000000000000000, -1.000000000000000000 ) ) ;
#39 = CARTESIAN_POINT ( 'NONE',  ( -15.00000000000000000, 26.39999999999999858, -18.00000000000000000 ) ) ;
#40 = VECTOR ( 'NONE', #912, 1000.000000000000000 ) ;
#41 = EDGE_CURVE ( 'NONE', #1074, #800, #755, .T. ) ;
#42 = ORIENTED_EDGE ( 'NONE', *, *, #233, .T. ) ;
#43 = ORIENTED_EDGE ( 'NONE', *, *, #1349, .T. ) ;
#44 = CARTESIAN_POINT ( 'NONE',  ( -14.00000000000000178, 28.00000000000000000, -10.40000000000000036 ) ) ;
#45 = CARTESIAN_POINT ( 'NONE',  ( 19.39999999999999858, 33.00000000000000000, 0.000000000000000000 ) ) ;
#46 = ORIENTED_EDGE ( 'NONE', *, *, #380, .F. ) ;
#47 = ORIENTED_EDGE ( 'NONE', *, *, #1228, .F. ) ;
#48 = PRODUCT_DEFINITION ( 'UNKNOWN', '', #1231, #930 ) ;
#49 = AXIS2_PLACEMENT_3D ( 'NONE', #875, #1095, #108 ) ;
#50 = LOCAL_TIME ( 18, 15, 23.00000000000000000, #873 ) ;
#51 = DIRECTION ( 'NONE',  ( 0.000000000000000000, -1.000000000000000000, 0.000000000000000000 ) ) ;
#52 = VERTEX_POINT ( 'NONE', #662 ) ;
#53 = VERTEX_POINT ( 'NONE', #1194 ) ;
#54 = APPROVAL_DATE_TIME ( #1200, #879 ) ;
#55 = CARTESIAN_POINT ( 'NONE',  ( -13.00000000000000178, 24.39999999999999858, 18.00000000000000000 ) ) ;
#56 = CARTESIAN_POINT ( 'NONE',  ( 19.39999999999999858, 25.39999999999999858, -1.199999999999999734 ) ) ;
#57 = DIRECTION ( 'NONE',  ( -1.000000000000000000, 0.000000000000000000, 0.000000000000000000 ) ) ;
#58 = ORIENTED_EDGE ( 'NONE', *, *, #718, .F. ) ;
#59 = EDGE_CURVE ( 'NONE', #608, #129, #878, .T. ) ;
#60 = DIRECTION ( 'NONE',  ( 0.000000000000000000, 0.000000000000000000, -1.000000000000000000 ) ) ;
#61 = ORIENTED_EDGE ( 'NONE', *, *, #630, .F. ) ;
#62 = EDGE_LOOP ( 'NONE', ( #1236, #525, #78, #204 ) ) ;
#63 = DATE_AND_TIME ( #1087, #50 ) ;
#64 = CARTESIAN_POINT ( 'NONE',  ( -4.000000000000000000, 25.39999999999999858, 0.000000000000000000 ) ) ;
#65 = CARTESIAN_POINT ( 'NONE',  ( -14.00000000000000000, 26.39999999999999858, -15.00000000000000000 ) ) ;
#66 = CARTESIAN_POINT ( 'NONE',  ( -13.00000000000000178, 25.39999999999999858, 16.00000000000000000 ) ) ;
#67 = CIRCLE ( 'NONE', #758, 1.000000000000000888 ) ;
#68 = EDGE_CURVE ( 'NONE', #735, #623, #25, .T. ) ;
#69 = CARTESIAN_POINT ( 'NONE',  ( -7.000000000000000000, 21.39999999999999858, -13.00000000000000178 ) ) ;
#70 = VERTEX_POINT ( 'NONE', #188 ) ;
#71 = DIRECTION ( 'NONE',  ( 0.000000000000000000, 0.000000000000000000, -1.000000000000000000 ) ) ;
#72 = CARTESIAN_POINT ( 'NONE',  ( -4.000000000000000000, 21.39999999999999858, 13.00000000000000178 ) ) ;
#73 = CARTESIAN_POINT ( 'NONE',  ( -14.00000000000000000, 26.39999999999999858, 15.00000000000000000 ) ) ;
#74 = DIRECTION ( 'NONE',  ( 0.000000000000000000, 0.000000000000000000, 1.000000000000000000 ) ) ;
#75 = ORIENTED_EDGE ( 'NONE', *, *, #526, .T. ) ;
#76 = CIRCLE ( 'NONE', #350, 2.999999999999999112 ) ;
#77 = AXIS2_PLACEMENT_3D ( 'NONE', #323, #231, #634 ) ;
#78 = ORIENTED_EDGE ( 'NONE', *, *, #120, .F. ) ;
#79 = DIRECTION ( 'NONE',  ( 0.000000000000000000, 0.000000000000000000, -1.000000000000000000 ) ) ;
#80 = AXIS2_PLACEMENT_3D ( 'NONE', #706, #580, #256 ) ;
#81 = CARTESIAN_POINT ( 'NONE',  ( -4.000000000000000000, 25.39999999999999858, 13.00000000000000178 ) ) ;
#82 = LINE ( 'NONE', #1459, #1408 ) ;
#83 = CIRCLE ( 'NONE', #396, 1.199999999999999734 ) ;
#84 = DIRECTION ( 'NONE',  ( -0.000000000000000000, 1.000000000000000000, -0.000000000000000000 ) ) ;
#85 = EDGE_CURVE ( 'NONE', #1395, #1284, #211, .T. ) ;
#86 = ORIENTED_EDGE ( 'NONE', *, *, #600, .T. ) ;
#87 = ORIENTED_EDGE ( 'NONE', *, *, #831, .F. ) ;
#88 = VERTEX_POINT ( 'NONE', #870 ) ;
#89 = FACE_BOUND ( 'NONE', #519, .T. ) ;
#90 = CARTESIAN_POINT ( 'NONE',  ( -14.00000000000000000, 21.39999999999999858, 0.000000000000000000 ) ) ;
#91 = CYLINDRICAL_SURFACE ( 'NONE', #761, 1.000000000000000888 ) ;
#92 = CARTESIAN_POINT ( 'NONE',  ( 25.00000000000000000, 25.39999999999999858, 18.00000000000000000 ) ) ;
#93 = DIRECTION ( 'NONE',  ( -0.000000000000000000, 0.000000000000000000, 1.000000000000000000 ) ) ;
#94 = EDGE_CURVE ( 'NONE', #162, #1012, #462, .T. ) ;
#95 = VECTOR ( 'NONE', #1375, 1000.000000000000000 ) ;
#96 = ORIENTED_EDGE ( 'NONE', *, *, #971, .F. ) ;
#97 = VECTOR ( 'NONE', #884, 1000.000000000000000 ) ;
#98 = EDGE_LOOP ( 'NONE', ( #344, #42, #17, #1110 ) ) ;
#99 = DIRECTION ( 'NONE',  ( -0.000000000000000000, 1.000000000000000000, -0.000000000000000000 ) ) ;
#100 = DIRECTION ( 'NONE',  ( 0.000000000000000000, 0.000000000000000000, -1.000000000000000000 ) ) ;
#101 = CARTESIAN_POINT ( 'NONE',  ( -21.00000000000000000, 28.00000000000000000, -10.40000000000000036 ) ) ;
#102 = FACE_OUTER_BOUND ( 'NONE', #570, .T. ) ;
#103 = DIRECTION ( 'NONE',  ( -0.000000000000000000, 1.000000000000000000, -0.000000000000000000 ) ) ;
#104 = EDGE_CURVE ( 'NONE', #70, #750, #76, .T. ) ;
#105 = EDGE_CURVE ( 'NONE', #592, #1288, #1156, .T. ) ;
#106 = AXIS2_PLACEMENT_3D ( 'NONE', #753, #514, #876 ) ;
#107 = DIRECTION ( 'NONE',  ( 1.000000000000000000, 0.000000000000000000, 0.000000000000000000 ) ) ;
#108 = DIRECTION ( 'NONE',  ( -1.000000000000000000, 0.000000000000000000, 0.000000000000000000 ) ) ;
#109 = LINE ( 'NONE', #1327, #381 ) ;
#110 = DIRECTION ( 'NONE',  ( 0.000000000000000000, -1.000000000000000000, 0.000000000000000000 ) ) ;
#111 = VERTEX_POINT ( 'NONE', #335 ) ;
#112 = CIRCLE ( 'NONE', #1407, 1.000000000000000888 ) ;
#113 = ORIENTED_EDGE ( 'NONE', *, *, #128, .T. ) ;
#114 = ADVANCED_FACE ( 'NONE', ( #1440 ), #1429, .T. ) ;
#115 = LINE ( 'NONE', #548, #434 ) ;
#116 = VERTEX_POINT ( 'NONE', #442 ) ;
#117 = ORIENTED_EDGE ( 'NONE', *, *, #979, .T. ) ;
#118 = VECTOR ( 'NONE', #1360, 1000.000000000000000 ) ;
#119 = AXIS2_PLACEMENT_3D ( 'NONE', #752, #1316, #71 ) ;
#120 = EDGE_CURVE ( 'NONE', #929, #202, #896, .T. ) ;
#121 = CARTESIAN_POINT ( 'NONE',  ( -14.00000000000000178, 28.00000000000000000, -13.60000000000000142 ) ) ;
#122 = EDGE_LOOP ( 'NONE', ( #1443, #394, #1189, #349 ) ) ;
#123 = ORIENTED_EDGE ( 'NONE', *, *, #910, .F. ) ;
#124 = DIRECTION ( 'NONE',  ( 0.000000000000000000, 1.000000000000000000, -0.000000000000000000 ) ) ;
#125 = ORIENTED_EDGE ( 'NONE', *, *, #649, .F. ) ;
#126 = DIRECTION ( 'NONE',  ( -0.000000000000000000, -0.000000000000000000, 1.000000000000000000 ) ) ;
#127 = DIRECTION ( 'NONE',  ( 0.000000000000000000, -1.000000000000000000, 0.000000000000000000 ) ) ;
#128 = EDGE_CURVE ( 'NONE', #1035, #29, #247, .T. ) ;
#129 = VERTEX_POINT ( 'NONE', #11 ) ;
#130 = CARTESIAN_POINT ( 'NONE',  ( -13.58578643762690774, 25.39999999999999858, -16.00000000000000000 ) ) ;
#131 = ORIENTED_EDGE ( 'NONE', *, *, #971, .T. ) ;
#132 = PLANE ( 'NONE',  #395 ) ;
#133 = CARTESIAN_POINT ( 'NONE',  ( -21.00000000000000000, 15.00000000000000000, 27.48472456110349427 ) ) ;
#134 = EDGE_CURVE ( 'NONE', #783, #1170, #661, .T. ) ;
#135 = EDGE_LOOP ( 'NONE', ( #793, #183, #942, #47, #1401, #125, #1126, #1144 ) ) ;
#136 = AXIS2_PLACEMENT_3D ( 'NONE', #1328, #110, #334 ) ;
#137 = VECTOR ( 'NONE', #746, 1000.000000000000000 ) ;
#138 = CARTESIAN_POINT ( 'NONE',  ( 0.000000000000000000, 25.39999999999999858, -8.000000000000000000 ) ) ;
#139 = ORIENTED_EDGE ( 'NONE', *, *, #1045, .T. ) ;
#140 =( NAMED_UNIT ( * ) SI_UNIT ( $, .STERADIAN. ) SOLID_ANGLE_UNIT ( ) );
#141 = CARTESIAN_POINT ( 'NONE',  ( -6.400000000000000355, 33.00000000000000000, -6.500000000000000000 ) ) ;
#142 = LINE ( 'NONE', #133, #95 ) ;
#143 = EDGE_CURVE ( 'NONE', #684, #1395, #1024, .T. ) ;
#144 = CARTESIAN_POINT ( 'NONE',  ( -14.00000000000000178, 28.00000000000000000, -13.60000000000000142 ) ) ;
#145 = EDGE_LOOP ( 'NONE', ( #237, #1161, #1100, #384 ) ) ;
#146 = DIRECTION ( 'NONE',  ( -1.000000000000000000, 0.000000000000000000, 0.000000000000000000 ) ) ;
#147 = CARTESIAN_POINT ( 'NONE',  ( 17.39999999999999858, 33.00000000000000000, -6.500000000000000000 ) ) ;
#148 = CARTESIAN_POINT ( 'NONE',  ( -4.000000000000000000, 25.39999999999999858, 13.00000000000000178 ) ) ;
#149 = ORIENTED_EDGE ( 'NONE', *, *, #369, .F. ) ;
#150 = AXIS2_PLACEMENT_3D ( 'NONE', #775, #782, #550 ) ;
#151 = AXIS2_PLACEMENT_3D ( 'NONE', #1427, #1452, #454 ) ;
#152 = VECTOR ( 'NONE', #325, 1000.000000000000000 ) ;
#153 = ADVANCED_FACE ( 'NONE', ( #441 ), #788, .F. ) ;
#154 = CARTESIAN_POINT ( 'NONE',  ( 17.39999999999999858, 25.39999999999999858, 0.000000000000000000 ) ) ;
#155 = ORIENTED_EDGE ( 'NONE', *, *, #1289, .T. ) ;
#156 = APPROVAL_STATUS ( 'not_yet_approved' ) ;
#157 = DIRECTION ( 'NONE',  ( -1.000000000000000000, 0.000000000000000000, 0.000000000000000000 ) ) ;
#158 = DIRECTION ( 'NONE',  ( 0.000000000000000000, 0.000000000000000000, 1.000000000000000000 ) ) ;
#159 = EDGE_LOOP ( 'NONE', ( #166, #427, #1435, #321, #1252, #978 ) ) ;
#160 = EDGE_CURVE ( 'NONE', #313, #553, #1319, .T. ) ;
#161 = VECTOR ( 'NONE', #1177, 1000.000000000000000 ) ;
#162 = VERTEX_POINT ( 'NONE', #907 ) ;
#163 = DIRECTION ( 'NONE',  ( 0.000000000000000000, 0.000000000000000000, 1.000000000000000000 ) ) ;
#164 = CYLINDRICAL_SURFACE ( 'NONE', #1018, 1.199999999999999734 ) ;
#165 = VECTOR ( 'NONE', #659, 1000.000000000000000 ) ;
#166 = ORIENTED_EDGE ( 'NONE', *, *, #994, .F. ) ;
#167 = CARTESIAN_POINT ( 'NONE',  ( 0.000000000000000000, 21.39999999999999858, 8.000000000000000000 ) ) ;
#168 = ORIENTED_EDGE ( 'NONE', *, *, #260, .F. ) ;
#169 = PERSON_AND_ORGANIZATION_ROLE ( 'design_supplier' ) ;
#170 = DIRECTION ( 'NONE',  ( 0.000000000000000000, 0.000000000000000000, 1.000000000000000000 ) ) ;
#171 = DIRECTION ( 'NONE',  ( 1.000000000000000000, 0.000000000000000000, -0.000000000000000000 ) ) ;
#172 = FACE_BOUND ( 'NONE', #1350, .T. ) ;
#173 = ORIENTED_EDGE ( 'NONE', *, *, #847, .T. ) ;
#174 = EDGE_CURVE ( 'NONE', #1065, #684, #1274, .T. ) ;
#175 = VECTOR ( 'NONE', #1317, 1000.000000000000000 ) ;
#176 = SECURITY_CLASSIFICATION ( '', '', #195 ) ;
#177 = ORIENTED_EDGE ( 'NONE', *, *, #1034, .F. ) ;
#178 = DATE_AND_TIME ( #1093, #1296 ) ;
#179 = CARTESIAN_POINT ( 'NONE',  ( -21.00000000000000000, 25.39999999999999858, -18.00000000000000000 ) ) ;
#180 = DIRECTION ( 'NONE',  ( 1.000000000000000000, 0.000000000000000000, 0.000000000000000000 ) ) ;
#181 = DIRECTION ( 'NONE',  ( 0.000000000000000000, 0.000000000000000000, -1.000000000000000000 ) ) ;
#182 = ADVANCED_FACE ( 'NONE', ( #556 ), #563, .F. ) ;
#183 = ORIENTED_EDGE ( 'NONE', *, *, #583, .T. ) ;
#184 = APPROVAL_STATUS ( 'not_yet_approved' ) ;
#185 = FACE_OUTER_BOUND ( 'NONE', #1336, .T. ) ;
#186 = DIRECTION ( 'NONE',  ( -0.000000000000000000, 1.000000000000000000, -0.000000000000000000 ) ) ;
#187 = PLANE ( 'NONE',  #37 ) ;
#188 = CARTESIAN_POINT ( 'NONE',  ( -4.000000000000000000, 25.39999999999999858, -11.00000000000000000 ) ) ;
#189 = AXIS2_PLACEMENT_3D ( 'NONE', #1446, #429, #213 ) ;
#190 = EDGE_CURVE ( 'NONE', #1199, #1306, #83, .T. ) ;
#191 = APPLICATION_CONTEXT ( 'configuration controlled 3d designs of mechanical parts and assemblies' ) ;
#192 = EDGE_CURVE ( 'NONE', #1424, #469, #112, .T. ) ;
#193 = CARTESIAN_POINT ( 'NONE',  ( -21.00000000000000000, 33.00000000000000000, 18.00000000000000000 ) ) ;
#194 = ORIENTED_EDGE ( 'NONE', *, *, #509, .T. ) ;
#196 = DIRECTION ( 'NONE',  ( 0.000000000000000000, 0.000000000000000000, -1.000000000000000000 ) ) ;
#195 = SECURITY_CLASSIFICATION_LEVEL ( 'unclassified' ) ;
#197 = DIRECTION ( 'NONE',  ( 0.000000000000000000, 0.000000000000000000, 1.000000000000000000 ) ) ;
#198 = CARTESIAN_POINT ( 'NONE',  ( -14.00000000000000000, 21.39999999999999858, -7.999999999999996447 ) ) ;
#199 = CARTESIAN_POINT ( 'NONE',  ( 25.00000000000000000, 21.39999999999999858, 18.00000000000000000 ) ) ;
#200 = CARTESIAN_POINT ( 'NONE',  ( -15.00000000000000000, 33.00000000000000000, -16.99999999999999645 ) ) ;
#201 = AXIS2_PLACEMENT_3D ( 'NONE', #631, #871, #412 ) ;
#202 = VERTEX_POINT ( 'NONE', #549 ) ;
#203 = VECTOR ( 'NONE', #391, 1000.000000000000000 ) ;
#204 = ORIENTED_EDGE ( 'NONE', *, *, #1390, .F. ) ;
#205 = EDGE_CURVE ( 'NONE', #255, #743, #1020, .T. ) ;
#207 = DIRECTION ( 'NONE',  ( -0.000000000000000000, -1.000000000000000000, 0.000000000000000000 ) ) ;
#206 = PLANE ( 'NONE',  #776 ) ;
#208 = CARTESIAN_POINT ( 'NONE',  ( -13.00000000000000178, 33.00000000000000000, 16.00000000000000000 ) ) ;
#209 = LINE ( 'NONE', #345, #496 ) ;
#210 = CARTESIAN_POINT ( 'NONE',  ( -7.000000000000000000, 21.39999999999999858, 16.00000000000000000 ) ) ;
#211 = LINE ( 'NONE', #636, #983 ) ;
#212 = VERTEX_POINT ( 'NONE', #121 ) ;
#213 = DIRECTION ( 'NONE',  ( 0.000000000000000000, 0.000000000000000000, -1.000000000000000000 ) ) ;
#214 = DIRECTION ( 'NONE',  ( 1.000000000000000000, 0.000000000000000000, 0.000000000000000000 ) ) ;
#215 = DIRECTION ( 'NONE',  ( 1.000000000000000000, -0.000000000000000000, -0.000000000000000000 ) ) ;
#216 = CARTESIAN_POINT ( 'NONE',  ( -21.00000000000000000, 15.00000000000000000, 18.00000000000000000 ) ) ;
#217 = VECTOR ( 'NONE', #805, 1000.000000000000000 ) ;
#218 = AXIS2_PLACEMENT_3D ( 'NONE', #972, #1148, #1263 ) ;
#219 = VERTEX_POINT ( 'NONE', #210 ) ;
#220 = CARTESIAN_POINT ( 'NONE',  ( -13.00000000000000178, 24.39999999999999858, -18.00000000000000000 ) ) ;
#221 = DIRECTION ( 'NONE',  ( -0.000000000000000000, 1.000000000000000000, -0.000000000000000000 ) ) ;
#222 = CARTESIAN_POINT ( 'NONE',  ( -4.000000000000000000, 21.39999999999999858, -13.00000000000000178 ) ) ;
#223 = EDGE_LOOP ( 'NONE', ( #235, #900, #1138, #1086, #557, #926 ) ) ;
#224 = ADVANCED_FACE ( 'NONE', ( #102 ), #1448, .F. ) ;
#225 = VECTOR ( 'NONE', #887, 1000.000000000000000 ) ;
#226 = CIRCLE ( 'NONE', #1368, 1.600000000000000755 ) ;
#227 = CARTESIAN_POINT ( 'NONE',  ( -14.00000000000000000, 33.00000000000000000, 8.000000000000000000 ) ) ;
#228 = CARTESIAN_POINT ( 'NONE',  ( -21.00000000000000000, 25.39999999999999858, -18.00000000000000000 ) ) ;
#229 = CARTESIAN_POINT ( 'NONE',  ( -13.00000000000000178, 25.39999999999999858, -16.00000000000000355 ) ) ;
#230 = VERTEX_POINT ( 'NONE', #781 ) ;
#231 = DIRECTION ( 'NONE',  ( 1.000000000000000000, 0.000000000000000000, 0.000000000000000000 ) ) ;
#232 = EDGE_LOOP ( 'NONE', ( #43, #1070, #1077, #1166 ) ) ;
#233 = EDGE_CURVE ( 'NONE', #750, #116, #1235, .T. ) ;
#234 = DIRECTION ( 'NONE',  ( 0.000000000000000000, 0.000000000000000000, 1.000000000000000000 ) ) ;
#235 = ORIENTED_EDGE ( 'NONE', *, *, #517, .T. ) ;
#236 = AXIS2_PLACEMENT_3D ( 'NONE', #356, #941, #713 ) ;
#237 = ORIENTED_EDGE ( 'NONE', *, *, #1128, .T. ) ;
#238 = AXIS2_PLACEMENT_3D ( 'NONE', #1033, #127, #1136 ) ;
#239 = AXIS2_PLACEMENT_3D ( 'NONE', #1036, #928, #1246 ) ;
#240 = AXIS2_PLACEMENT_3D ( 'NONE', #1175, #644, #170 ) ;
#241 = ADVANCED_FACE ( 'NONE', ( #895 ), #676, .F. ) ;
#242 = FACE_OUTER_BOUND ( 'NONE', #1406, .T. ) ;
#243 = ORIENTED_EDGE ( 'NONE', *, *, #68, .T. ) ;
#244 = CARTESIAN_POINT ( 'NONE',  ( 19.39999999999999858, 21.39999999999999858, -1.199999999999999734 ) ) ;
#245 = ORIENTED_EDGE ( 'NONE', *, *, #600, .F. ) ;
#246 = DIRECTION ( 'NONE',  ( -1.000000000000000000, 0.000000000000000000, -0.000000000000000000 ) ) ;
#247 = LINE ( 'NONE', #1256, #841 ) ;
#248 = FACE_BOUND ( 'NONE', #1091, .T. ) ;
#249 = ORIENTED_EDGE ( 'NONE', *, *, #1075, .T. ) ;
#250 = ADVANCED_FACE ( 'NONE', ( #1340 ), #852, .T. ) ;
#251 = AXIS2_PLACEMENT_3D ( 'NONE', #708, #274, #617 ) ;
#252 = PERSON_AND_ORGANIZATION ( #1295, #1249 ) ;
#253 = PLANE ( 'NONE',  #1348 ) ;
#254 = LINE ( 'NONE', #919, #1260 ) ;
#255 = VERTEX_POINT ( 'NONE', #569 ) ;
#256 = DIRECTION ( 'NONE',  ( 0.000000000000000000, 0.000000000000000000, -1.000000000000000000 ) ) ;
#257 = ORIENTED_EDGE ( 'NONE', *, *, #692, .F. ) ;
#258 = LINE ( 'NONE', #944, #485 ) ;
#259 = CARTESIAN_POINT ( 'NONE',  ( -15.00000000000000000, 33.00000000000000000, 18.00000000000000000 ) ) ;
#260 = EDGE_CURVE ( 'NONE', #665, #1395, #639, .T. ) ;
#261 = CARTESIAN_POINT ( 'NONE',  ( -7.000000000000000000, 25.39999999999999858, -13.00000000000000178 ) ) ;
#262 = ORIENTED_EDGE ( 'NONE', *, *, #104, .F. ) ;
#263 = EDGE_CURVE ( 'NONE', #501, #806, #969, .T. ) ;
#264 = DIRECTION ( 'NONE',  ( 0.000000000000000000, 0.000000000000000000, -1.000000000000000000 ) ) ;
#265 = ORIENTED_EDGE ( 'NONE', *, *, #1265, .T. ) ;
#266 = PERSON_AND_ORGANIZATION ( #1295, #1249 ) ;
#267 = DIRECTION ( 'NONE',  ( 1.000000000000000000, 0.000000000000000000, 0.000000000000000000 ) ) ;
#268 = CARTESIAN_POINT ( 'NONE',  ( -14.00000000000000000, 33.00000000000000000, 16.99999999999999645 ) ) ;
#269 = ADVANCED_FACE ( 'NONE', ( #242 ), #468, .T. ) ;
#270 = VECTOR ( 'NONE', #397, 1000.000000000000000 ) ;
#271 = CARTESIAN_POINT ( 'NONE',  ( -14.00000000000000178, 28.00000000000000000, -12.00000000000000000 ) ) ;
#272 = ORIENTED_EDGE ( 'NONE', *, *, #30, .F. ) ;
#273 = PERSON_AND_ORGANIZATION_ROLE ( 'design_owner' ) ;
#274 = DIRECTION ( 'NONE',  ( 0.000000000000000000, 1.000000000000000000, 0.000000000000000000 ) ) ;
#275 = DIRECTION ( 'NONE',  ( 1.000000000000000000, 0.000000000000000000, 0.000000000000000000 ) ) ;
#276 = AXIS2_PLACEMENT_3D ( 'NONE', #747, #1329, #326 ) ;
#277 = CIRCLE ( 'NONE', #801, 2.999999999999999112 ) ;
#278 = PRODUCT_RELATED_PRODUCT_CATEGORY ( 'detail', '', ( #645 ) ) ;
#279 = LINE ( 'NONE', #1181, #360 ) ;
#280 = ORIENTED_EDGE ( 'NONE', *, *, #94, .F. ) ;
#281 = VERTEX_POINT ( 'NONE', #1139 ) ;
#282 = CARTESIAN_POINT ( 'NONE',  ( -13.00000000000000178, 25.39999999999999858, -16.00000000000000000 ) ) ;
#283 = DIRECTION ( 'NONE',  ( 0.000000000000000000, -1.000000000000000000, 0.000000000000000000 ) ) ;
#284 = ORIENTED_EDGE ( 'NONE', *, *, #1304, .F. ) ;
#285 = ORIENTED_EDGE ( 'NONE', *, *, #1082, .F. ) ;
#286 = AXIS2_PLACEMENT_3D ( 'NONE', #1439, #683, #234 ) ;
#287 = AXIS2_PLACEMENT_3D ( 'NONE', #611, #1073, #158 ) ;
#288 = APPROVAL_DATE_TIME ( #527, #914 ) ;
#289 = DIRECTION ( 'NONE',  ( 0.000000000000000000, 0.000000000000000000, 1.000000000000000000 ) ) ;
#290 = CARTESIAN_POINT ( 'NONE',  ( -14.00000000000000000, 21.39999999999999858, 27.48472456110349427 ) ) ;
#291 = DIRECTION ( 'NONE',  ( 0.000000000000000000, 0.000000000000000000, 1.000000000000000000 ) ) ;
#292 = CIRCLE ( 'NONE', #1063, 1.600000000000000755 ) ;
#293 = EDGE_LOOP ( 'NONE', ( #863, #511, #956, #957 ) ) ;
#294 = VECTOR ( 'NONE', #1370, 1000.000000000000000 ) ;
#295 = CARTESIAN_POINT ( 'NONE',  ( -14.00000000000000178, 28.00000000000000000, -12.00000000000000000 ) ) ;
#296 = ORIENTED_EDGE ( 'NONE', *, *, #362, .T. ) ;
#297 = ORIENTED_EDGE ( 'NONE', *, *, #1134, .T. ) ;
#298 = COORDINATED_UNIVERSAL_TIME_OFFSET ( 6, 0, .BEHIND. ) ;
#299 = DIRECTION ( 'NONE',  ( 0.000000000000000000, -1.000000000000000000, 0.000000000000000000 ) ) ;
#300 = CARTESIAN_POINT ( 'NONE',  ( -14.00000000000000000, 21.39999999999999858, 15.00000000000000000 ) ) ;
#301 = FACE_OUTER_BOUND ( 'NONE', #24, .T. ) ;
#302 = ADVANCED_FACE ( 'NONE', ( #383 ), #28, .F. ) ;
#303 = FACE_OUTER_BOUND ( 'NONE', #122, .T. ) ;
#304 = VECTOR ( 'NONE', #386, 1000.000000000000000 ) ;
#305 = VERTEX_POINT ( 'NONE', #1 ) ;
#307 = CARTESIAN_POINT ( 'NONE',  ( -6.400000000000000355, 33.00000000000000000, 6.500000000000000000 ) ) ;
#306 = CALENDAR_DATE ( 2026, 28, 9 ) ;
#308 = DIRECTION ( 'NONE',  ( 0.000000000000000000, 0.000000000000000000, -1.000000000000000000 ) ) ;
#309 = CARTESIAN_POINT ( 'NONE',  ( -13.00000000000000178, 33.00000000000000000, -15.00000000000000000 ) ) ;
#310 = CARTESIAN_POINT ( 'NONE',  ( -14.00000000000000000, 26.39999999999999858, 15.00000000000000000 ) ) ;
#311 = EDGE_CURVE ( 'NONE', #1321, #1035, #587, .T. ) ;
#312 = ADVANCED_FACE ( 'NONE', ( #921 ), #720, .F. ) ;
#313 = VERTEX_POINT ( 'NONE', #917 ) ;
#314 = DIRECTION ( 'NONE',  ( 0.000000000000000000, -1.000000000000000000, 0.000000000000000000 ) ) ;
#315 = CARTESIAN_POINT ( 'NONE',  ( -7.000000000000000000, 25.39999999999999858, -16.00000000000000000 ) ) ;
#316 = FACE_OUTER_BOUND ( 'NONE', #922, .T. ) ;
#317 = DIRECTION ( 'NONE',  ( -1.000000000000000000, 0.000000000000000000, -0.000000000000000000 ) ) ;
#318 = DIRECTION ( 'NONE',  ( 0.000000000000000000, -1.000000000000000000, 0.000000000000000000 ) ) ;
#319 = AXIS2_PLACEMENT_3D ( 'NONE', #416, #754, #731 ) ;
#320 = EDGE_CURVE ( 'NONE', #1065, #592, #375, .T. ) ;
#321 = ORIENTED_EDGE ( 'NONE', *, *, #704, .T. ) ;
#322 = FACE_BOUND ( 'NONE', #714, .T. ) ;
#323 = CARTESIAN_POINT ( 'NONE',  ( -14.00000000000000178, 28.00000000000000000, 12.00000000000000000 ) ) ;
#324 = PLANE ( 'NONE',  #1314 ) ;
#325 = DIRECTION ( 'NONE',  ( 0.000000000000000000, -1.000000000000000000, 0.000000000000000000 ) ) ;
#326 = DIRECTION ( 'NONE',  ( 1.000000000000000000, 0.000000000000000000, 0.000000000000000000 ) ) ;
#327 = ORIENTED_EDGE ( 'NONE', *, *, #482, .T. ) ;
#328 =( GEOMETRIC_REPRESENTATION_CONTEXT ( 3 ) GLOBAL_UNCERTAINTY_ASSIGNED_CONTEXT ( ( #470 ) ) GLOBAL_UNIT_ASSIGNED_CONTEXT ( ( #1365, #1379, #140 ) ) REPRESENTATION_CONTEXT ( 'NONE', 'WORKASPACE' ) );
#329 = EDGE_CURVE ( 'NONE', #212, #281, #1351, .T. ) ;
#330 = ORIENTED_EDGE ( 'NONE', *, *, #105, .F. ) ;
#331 = CARTESIAN_POINT ( 'NONE',  ( -8.400000000000000355, 33.00000000000000000, -1.199999999999999734 ) ) ;
#332 = DIRECTION ( 'NONE',  ( -0.000000000000000000, 1.000000000000000000, -0.000000000000000000 ) ) ;
#333 = LINE ( 'NONE', #228, #1285 ) ;
#334 = DIRECTION ( 'NONE',  ( 0.000000000000000000, 0.000000000000000000, -1.000000000000000000 ) ) ;
#335 = CARTESIAN_POINT ( 'NONE',  ( -4.000000000000000000, 25.39999999999999858, 11.00000000000000000 ) ) ;
#336 = ORIENTED_EDGE ( 'NONE', *, *, #1312, .F. ) ;
#337 = LINE ( 'NONE', #1191, #1022 ) ;
#338 = DIRECTION ( 'NONE',  ( -0.000000000000000000, 1.000000000000000000, -0.000000000000000000 ) ) ;
#339 = DIRECTION ( 'NONE',  ( -1.000000000000000000, 0.000000000000000000, 0.000000000000000000 ) ) ;
#340 = DIRECTION ( 'NONE',  ( 0.000000000000000000, 0.000000000000000000, 1.000000000000000000 ) ) ;
#341 = EDGE_CURVE ( 'NONE', #578, #848, #370, .T. ) ;
#342 = AXIS2_PLACEMENT_3D ( 'NONE', #12, #464, #693 ) ;
#343 = AXIS2_PLACEMENT_3D ( 'NONE', #1185, #984, #967 ) ;
#344 = ORIENTED_EDGE ( 'NONE', *, *, #369, .T. ) ;
#345 = CARTESIAN_POINT ( 'NONE',  ( -21.00000000000000000, 25.39999999999999858, 18.00000000000000000 ) ) ;
#346 = DIRECTION ( 'NONE',  ( -0.000000000000000000, 1.000000000000000000, -0.000000000000000000 ) ) ;
#347 = ORIENTED_EDGE ( 'NONE', *, *, #426, .F. ) ;
#348 = ADVANCED_FACE ( 'NONE', ( #1152 ), #1251, .F. ) ;
#349 = ORIENTED_EDGE ( 'NONE', *, *, #1123, .T. ) ;
#350 = AXIS2_PLACEMENT_3D ( 'NONE', #1311, #318, #1205 ) ;
#351 = VECTOR ( 'NONE', #1421, 1000.000000000000000 ) ;
#352 = CARTESIAN_POINT ( 'NONE',  ( -4.000000000000000000, 33.00000000000000000, -8.000000000000000000 ) ) ;
#353 = DIRECTION ( 'NONE',  ( 0.000000000000000000, 0.000000000000000000, -1.000000000000000000 ) ) ;
#354 = AXIS2_PLACEMENT_3D ( 'NONE', #1454, #774, #340 ) ;
#355 = ORIENTED_EDGE ( 'NONE', *, *, #663, .T. ) ;
#356 = CARTESIAN_POINT ( 'NONE',  ( 0.000000000000000000, 25.39999999999999858, 0.000000000000000000 ) ) ;
#357 = EDGE_LOOP ( 'NONE', ( #881, #407, #96, #1140 ) ) ;
#358 = PLANE ( 'NONE',  #1083 ) ;
#359 = ORIENTED_EDGE ( 'NONE', *, *, #426, .T. ) ;
#360 = VECTOR ( 'NONE', #60, 1000.000000000000000 ) ;
#361 = AXIS2_PLACEMENT_3D ( 'NONE', #965, #299, #31 ) ;
#362 = EDGE_CURVE ( 'NONE', #390, #1057, #535, .T. ) ;
#363 = CARTESIAN_POINT ( 'NONE',  ( -6.400000000000000355, 21.39999999999999858, 0.000000000000000000 ) ) ;
#364 = CARTESIAN_POINT ( 'NONE',  ( -13.00000000000000178, 25.39999999999999858, -16.00000000000000000 ) ) ;
#365 = ORIENTED_EDGE ( 'NONE', *, *, #681, .T. ) ;
#366 = CARTESIAN_POINT ( 'NONE',  ( -21.00000000000000000, 28.00000000000000000, 12.00000000000000000 ) ) ;
#367 = LINE ( 'NONE', #584, #948 ) ;
#368 = ORIENTED_EDGE ( 'NONE', *, *, #777, .F. ) ;
#369 = EDGE_CURVE ( 'NONE', #129, #750, #1145, .T. ) ;
#370 = LINE ( 'NONE', #154, #1159 ) ;
#371 = ORIENTED_EDGE ( 'NONE', *, *, #749, .F. ) ;
#372 = ADVANCED_FACE ( 'NONE', ( #825, #1052, #248, #483 ), #936, .F. ) ;
#373 = DIRECTION ( 'NONE',  ( -1.000000000000000000, -0.000000000000000000, -0.000000000000000000 ) ) ;
#374 = CARTESIAN_POINT ( 'NONE',  ( -6.400000000000000355, 33.00000000000000000, 6.500000000000000000 ) ) ;
#375 = LINE ( 'NONE', #812, #882 ) ;
#376 = ORIENTED_EDGE ( 'NONE', *, *, #160, .F. ) ;
#377 = APPLICATION_PROTOCOL_DEFINITION ( 'international standard', 'config_control_design', 1994, #191 ) ;
#378 = CARTESIAN_POINT ( 'NONE',  ( -14.00000000000000000, 33.00000000000000000, -8.000000000000000000 ) ) ;
#379 = DIRECTION ( 'NONE',  ( 1.000000000000000000, 0.000000000000000000, 0.000000000000000000 ) ) ;
#380 = EDGE_CURVE ( 'NONE', #633, #743, #1266, .T. ) ;
#381 = VECTOR ( 'NONE', #339, 1000.000000000000000 ) ;
#382 = VECTOR ( 'NONE', #338, 1000.000000000000000 ) ;
#383 = FACE_OUTER_BOUND ( 'NONE', #1016, .T. ) ;
#384 = ORIENTED_EDGE ( 'NONE', *, *, #30, .T. ) ;
#385 = ORIENTED_EDGE ( 'NONE', *, *, #68, .F. ) ;
#386 = DIRECTION ( 'NONE',  ( 1.000000000000000000, -0.000000000000000000, -0.000000000000000000 ) ) ;
#387 = CARTESIAN_POINT ( 'NONE',  ( 17.39999999999999858, 25.39999999999999858, 6.500000000000000000 ) ) ;
#388 = EDGE_CURVE ( 'NONE', #52, #469, #1240, .T. ) ;
#389 = LINE ( 'NONE', #742, #1430 ) ;
#390 = VERTEX_POINT ( 'NONE', #7 ) ;
#391 = DIRECTION ( 'NONE',  ( 0.000000000000000000, -1.000000000000000000, 0.000000000000000000 ) ) ;
#392 = FACE_BOUND ( 'NONE', #732, .T. ) ;
#393 = AXIS2_PLACEMENT_3D ( 'NONE', #179, #653, #171 ) ;
#394 = ORIENTED_EDGE ( 'NONE', *, *, #85, .T. ) ;
#395 = AXIS2_PLACEMENT_3D ( 'NONE', #141, #589, #1039 ) ;
#396 = AXIS2_PLACEMENT_3D ( 'NONE', #451, #346, #353 ) ;
#397 = DIRECTION ( 'NONE',  ( -1.000000000000000000, 0.000000000000000000, 0.000000000000000000 ) ) ;
#398 = VERTEX_POINT ( 'NONE', #700 ) ;
#399 = ORIENTED_EDGE ( 'NONE', *, *, #1234, .T. ) ;
#400 = DIRECTION ( 'NONE',  ( -0.000000000000000000, 1.000000000000000000, -0.000000000000000000 ) ) ;
#401 = CARTESIAN_POINT ( 'NONE',  ( -15.00000000000000000, 25.39999999999999858, 18.00000000000000000 ) ) ;
#402 = ORIENTED_EDGE ( 'NONE', *, *, #85, .F. ) ;
#403 = EDGE_CURVE ( 'NONE', #219, #1074, #1259, .T. ) ;
#404 = DIRECTION ( 'NONE',  ( 0.000000000000000000, 0.000000000000000000, -1.000000000000000000 ) ) ;
#405 = EDGE_LOOP ( 'NONE', ( #1361, #1347, #194, #265 ) ) ;
#406 = AXIS2_PLACEMENT_3D ( 'NONE', #1460, #459, #913 ) ;
#407 = ORIENTED_EDGE ( 'NONE', *, *, #1178, .F. ) ;
#408 = FACE_OUTER_BOUND ( 'NONE', #1418, .T. ) ;
#409 = LINE ( 'NONE', #290, #3 ) ;
#410 = CARTESIAN_POINT ( 'NONE',  ( -7.000000000000000000, 25.39999999999999858, -8.000000000000000000 ) ) ;
#411 = ORIENTED_EDGE ( 'NONE', *, *, #1228, .T. ) ;
#412 = DIRECTION ( 'NONE',  ( 0.000000000000000000, 0.000000000000000000, -1.000000000000000000 ) ) ;
#413 = VERTEX_POINT ( 'NONE', #759 ) ;
#414 = EDGE_CURVE ( 'NONE', #1029, #803, #1417, .T. ) ;
#415 = DIRECTION ( 'NONE',  ( 0.000000000000000000, 0.000000000000000000, -1.000000000000000000 ) ) ;
#416 = CARTESIAN_POINT ( 'NONE',  ( -7.000000000000000000, 21.39999999999999858, -11.00000000000000000 ) ) ;
#417 = DIRECTION ( 'NONE',  ( 0.000000000000000000, -1.000000000000000000, 0.000000000000000000 ) ) ;
#418 = EDGE_CURVE ( 'NONE', #826, #53, #1064, .T. ) ;
#419 = CLOSED_SHELL ( 'NONE', ( #1058, #767, #302, #153, #987, #372, #1255, #1442, #1151, #1294, #710, #453, #962, #576, #114, #1423, #1330, #938, #27, #269, #1027, #637, #1355, #461, #224, #1051, #182, #1341, #686, #947, #567, #250, #1187, #312, #678, #1372, #490, #1384, #1092, #241, #348 ) ) ;
#420 = LOCAL_TIME ( 18, 15, 23.00000000000000000, #298 ) ;
#421 = ORIENTED_EDGE ( 'NONE', *, *, #1265, .F. ) ;
#422 = FACE_OUTER_BOUND ( 'NONE', #159, .T. ) ;
#423 = DIRECTION ( 'NONE',  ( -0.000000000000000000, 1.000000000000000000, -0.000000000000000000 ) ) ;
#424 = CYLINDRICAL_SURFACE ( 'NONE', #733, 1.000000000000000888 ) ;
#425 = CARTESIAN_POINT ( 'NONE',  ( -13.58578643762690419, 25.40000000000000213, 16.00000000000000000 ) ) ;
#426 = EDGE_CURVE ( 'NONE', #553, #305, #696, .T. ) ;
#427 = ORIENTED_EDGE ( 'NONE', *, *, #192, .T. ) ;
#428 = ORIENTED_EDGE ( 'NONE', *, *, #868, .T. ) ;
#429 = DIRECTION ( 'NONE',  ( 1.000000000000000000, 0.000000000000000000, 0.000000000000000000 ) ) ;
#430 = DIRECTION ( 'NONE',  ( -0.000000000000000000, 0.000000000000000000, 1.000000000000000000 ) ) ;
#431 = DIRECTION ( 'NONE',  ( 0.000000000000000000, 0.000000000000000000, 1.000000000000000000 ) ) ;
#432 = CARTESIAN_POINT ( 'NONE',  ( 17.39999999999999858, 33.00000000000000000, 6.500000000000000000 ) ) ;
#433 = CIRCLE ( 'NONE', #1264, 1.600000000000000755 ) ;
#434 = VECTOR ( 'NONE', #1015, 1000.000000000000000 ) ;
#435 = EDGE_CURVE ( 'NONE', #390, #1080, #773, .T. ) ;
#436 = ORIENTED_EDGE ( 'NONE', *, *, #1349, .F. ) ;
#437 = ORIENTED_EDGE ( 'NONE', *, *, #192, .F. ) ;
#438 = CARTESIAN_POINT ( 'NONE',  ( -15.00000000000000000, 25.39999999999999858, -18.00000000000000000 ) ) ;
#439 = CARTESIAN_POINT ( 'NONE',  ( -14.00000000000000178, 28.00000000000000000, 13.60000000000000142 ) ) ;
#440 = CARTESIAN_POINT ( 'NONE',  ( -4.000000000000000000, 21.39999999999999858, 11.00000000000000000 ) ) ;
#441 = FACE_OUTER_BOUND ( 'NONE', #506, .T. ) ;
#442 = CARTESIAN_POINT ( 'NONE',  ( -7.000000000000000000, 21.39999999999999858, -8.000000000000000000 ) ) ;
#443 = ORIENTED_EDGE ( 'NONE', *, *, #1381, .T. ) ;
#444 = AXIS2_PLACEMENT_3D ( 'NONE', #835, #827, #1261 ) ;
#445 = CC_DESIGN_SECURITY_CLASSIFICATION ( #176, ( #1231 ) ) ;
#446 = EDGE_CURVE ( 'NONE', #665, #1065, #1198, .T. ) ;
#447 = ORIENTED_EDGE ( 'NONE', *, *, #1220, .T. ) ;
#448 = DIRECTION ( 'NONE',  ( 0.000000000000000000, -0.000000000000000000, -1.000000000000000000 ) ) ;
#449 = LINE ( 'NONE', #227, #165 ) ;
#450 = CARTESIAN_POINT ( 'NONE',  ( -8.400000000000000355, 21.39999999999999858, 0.000000000000000000 ) ) ;
#451 = CARTESIAN_POINT ( 'NONE',  ( 19.39999999999999858, 25.39999999999999858, 0.000000000000000000 ) ) ;
#452 = ORIENTED_EDGE ( 'NONE', *, *, #509, .F. ) ;
#453 = ADVANCED_FACE ( 'NONE', ( #35 ), #854, .F. ) ;
#454 = DIRECTION ( 'NONE',  ( 0.000000000000000000, 0.000000000000000000, 1.000000000000000000 ) ) ;
#455 = DIRECTION ( 'NONE',  ( -0.000000000000000000, -1.000000000000000000, -0.000000000000000000 ) ) ;
#456 = VERTEX_POINT ( 'NONE', #193 ) ;
#457 = EDGE_LOOP ( 'NONE', ( #20, #61, #1409, #1244 ) ) ;
#458 = LINE ( 'NONE', #539, #1239 ) ;
#459 = DIRECTION ( 'NONE',  ( 0.000000000000000000, 0.000000000000000000, 1.000000000000000000 ) ) ;
#460 = CC_DESIGN_PERSON_AND_ORGANIZATION_ASSIGNMENT ( #751, #616, ( #48 ) ) ;
#461 = ADVANCED_FACE ( 'NONE', ( #1287 ), #1297, .F. ) ;
#462 = CIRCLE ( 'NONE', #721, 1.199999999999999734 ) ;
#463 = AXIS2_PLACEMENT_3D ( 'NONE', #1309, #1404, #1291 ) ;
#464 = DIRECTION ( 'NONE',  ( -0.000000000000000000, 1.000000000000000000, -0.000000000000000000 ) ) ;
#465 = DIRECTION ( 'NONE',  ( 0.000000000000000000, 0.000000000000000000, -1.000000000000000000 ) ) ;
#466 = EDGE_CURVE ( 'NONE', #255, #1057, #389, .T. ) ;
#467 = EDGE_LOOP ( 'NONE', ( #139, #1132, #575, #296 ) ) ;
#468 = PLANE ( 'NONE',  #478 ) ;
#469 = VERTEX_POINT ( 'NONE', #1076 ) ;
#470 = UNCERTAINTY_MEASURE_WITH_UNIT (LENGTH_MEASURE( 1.000000000000000082E-05 ), #1365, 'distance_accuracy_value', 'NONE');
#471 = DIRECTION ( 'NONE',  ( 0.000000000000000000, -1.000000000000000000, 0.000000000000000000 ) ) ;
#472 = ORIENTED_EDGE ( 'NONE', *, *, #1450, .F. ) ;
#473 = CC_DESIGN_DATE_AND_TIME_ASSIGNMENT ( #63, #744, ( #176 ) ) ;
#474 = VECTOR ( 'NONE', #180, 1000.000000000000000 ) ;
#475 = AXIS2_PLACEMENT_3D ( 'NONE', #1094, #1332, #545 ) ;
#476 = CARTESIAN_POINT ( 'NONE',  ( -21.00000000000000000, 21.39999999999999858, -18.00000000000000000 ) ) ;
#477 = EDGE_LOOP ( 'NONE', ( #846, #543, #905, #1462 ) ) ;
#478 = AXIS2_PLACEMENT_3D ( 'NONE', #1160, #1257, #819 ) ;
#479 = DIRECTION ( 'NONE',  ( 0.000000000000000000, 0.000000000000000000, -1.000000000000000000 ) ) ;
#480 = DIRECTION ( 'NONE',  ( -0.000000000000000000, 1.000000000000000000, -0.000000000000000000 ) ) ;
#481 = ORIENTED_EDGE ( 'NONE', *, *, #446, .F. ) ;
#482 = EDGE_CURVE ( 'NONE', #633, #1219, #279, .T. ) ;
#483 = FACE_OUTER_BOUND ( 'NONE', #648, .T. ) ;
#484 = ORIENTED_EDGE ( 'NONE', *, *, #466, .T. ) ;
#485 = VECTOR ( 'NONE', #1038, 1000.000000000000000 ) ;
#486 = FACE_OUTER_BOUND ( 'NONE', #98, .T. ) ;
#487 = FACE_OUTER_BOUND ( 'NONE', #585, .T. ) ;
#488 = DIRECTION ( 'NONE',  ( -0.000000000000000000, -0.000000000000000000, 1.000000000000000000 ) ) ;
#489 = ORIENTED_EDGE ( 'NONE', *, *, #1017, .F. ) ;
#490 = ADVANCED_FACE ( 'NONE', ( #727 ), #712, .T. ) ;
#491 = ORIENTED_EDGE ( 'NONE', *, *, #320, .T. ) ;
#492 = CARTESIAN_POINT ( 'NONE',  ( 0.000000000000000000, 24.39999999999999858, 16.99999999999999645 ) ) ;
#493 = DIRECTION ( 'NONE',  ( -0.000000000000000000, 0.000000000000000000, 1.000000000000000000 ) ) ;
#494 = ORIENTED_EDGE ( 'NONE', *, *, #630, .T. ) ;
#495 = AXIS2_PLACEMENT_3D ( 'NONE', #1310, #317, #860 ) ;
#496 = VECTOR ( 'NONE', #795, 1000.000000000000000 ) ;
#497 = ORIENTED_EDGE ( 'NONE', *, *, #606, .F. ) ;
#498 = LINE ( 'NONE', #1276, #203 ) ;
#499 = LINE ( 'NONE', #877, #474 ) ;
#500 = EDGE_CURVE ( 'NONE', #1441, #596, #67, .T. ) ;
#501 = VERTEX_POINT ( 'NONE', #1142 ) ;
#502 = ORIENTED_EDGE ( 'NONE', *, *, #1167, .T. ) ;
#503 = APPROVAL_STATUS ( 'not_yet_approved' ) ;
#504 = FACE_OUTER_BOUND ( 'NONE', #1221, .T. ) ;
#505 = DIRECTION ( 'NONE',  ( 0.000000000000000000, -1.000000000000000000, 0.000000000000000000 ) ) ;
#506 = EDGE_LOOP ( 'NONE', ( #790, #1335, #624, #452 ) ) ;
#507 = CIRCLE ( 'NONE', #1030, 1.600000000000000755 ) ;
#508 = ORIENTED_EDGE ( 'NONE', *, *, #362, .F. ) ;
#509 = EDGE_CURVE ( 'NONE', #1150, #1023, #367, .T. ) ;
#510 = EDGE_LOOP ( 'NONE', ( #855, #621 ) ) ;
#511 = ORIENTED_EDGE ( 'NONE', *, *, #1013, .T. ) ;
#512 = CALENDAR_DATE ( 2026, 28, 9 ) ;
#513 = CYLINDRICAL_SURFACE ( 'NONE', #361, 1.199999999999999734 ) ;
#514 = DIRECTION ( 'NONE',  ( -0.000000000000000000, 1.000000000000000000, -0.000000000000000000 ) ) ;
#515 = DIRECTION ( 'NONE',  ( -0.000000000000000000, -1.000000000000000000, -0.000000000000000000 ) ) ;
#516 = ORIENTED_EDGE ( 'NONE', *, *, #1234, .F. ) ;
#517 = EDGE_CURVE ( 'NONE', #596, #592, #695, .T. ) ;
#518 = CARTESIAN_POINT ( 'NONE',  ( -15.00000000000000000, 33.00000000000000000, 16.99999999999999645 ) ) ;
#519 = EDGE_LOOP ( 'NONE', ( #399, #243 ) ) ;
#520 = CIRCLE ( 'NONE', #238, 2.999999999999999112 ) ;
#521 = LINE ( 'NONE', #147, #1444 ) ;
#522 = CARTESIAN_POINT ( 'NONE',  ( -4.000000000000000000, 21.39999999999999858, 11.00000000000000000 ) ) ;
#523 = DIRECTION ( 'NONE',  ( -0.000000000000000000, 1.000000000000000000, -0.000000000000000000 ) ) ;
#524 = CARTESIAN_POINT ( 'NONE',  ( -15.00000000000000000, 26.39999999999999858, 16.99999999999999645 ) ) ;
#525 = ORIENTED_EDGE ( 'NONE', *, *, #1017, .T. ) ;
#526 = EDGE_CURVE ( 'NONE', #456, #1043, #590, .T. ) ;
#528 = FACE_OUTER_BOUND ( 'NONE', #1233, .T. ) ;
#527 = DATE_AND_TIME ( #306, #748 ) ;
#529 = CARTESIAN_POINT ( 'NONE',  ( -14.00000000000000000, 21.39999999999999858, 27.48472456110349427 ) ) ;
#530 = PLANE ( 'NONE',  #463 ) ;
#531 = LINE ( 'NONE', #522, #137 ) ;
#532 = ORIENTED_EDGE ( 'NONE', *, *, #1123, .F. ) ;
#533 = AXIS2_PLACEMENT_3D ( 'NONE', #200, #84, #993 ) ;
#534 = AXIS2_PLACEMENT_3D ( 'NONE', #1184, #423, #308 ) ;
#535 = CIRCLE ( 'NONE', #756, 2.000000000000000000 ) ;
#536 = ORIENTED_EDGE ( 'NONE', *, *, #1044, .T. ) ;
#537 = DIRECTION ( 'NONE',  ( 1.000000000000000000, 0.000000000000000000, 0.000000000000000000 ) ) ;
#538 = CARTESIAN_POINT ( 'NONE',  ( -7.000000000000000000, 25.39999999999999858, 8.000000000000000000 ) ) ;
#539 = CARTESIAN_POINT ( 'NONE',  ( 17.39999999999999858, 33.00000000000000000, 6.500000000000000000 ) ) ;
#540 = CC_DESIGN_PERSON_AND_ORGANIZATION_ASSIGNMENT ( #844, #169, ( #1231 ) ) ;
#541 = ORIENTED_EDGE ( 'NONE', *, *, #1304, .T. ) ;
#542 = MANIFOLD_SOLID_BREP ( 'Owned_SG90_M2_ear_holes', #419 ) ;
#543 = ORIENTED_EDGE ( 'NONE', *, *, #1188, .F. ) ;
#544 = ORIENTED_EDGE ( 'NONE', *, *, #260, .T. ) ;
#545 = DIRECTION ( 'NONE',  ( -1.000000000000000000, 0.000000000000000000, -0.000000000000000000 ) ) ;
#546 = DIRECTION ( 'NONE',  ( -1.000000000000000000, 0.000000000000000000, 0.000000000000000000 ) ) ;
#547 = APPLICATION_CONTEXT ( 'configuration controlled 3d designs of mechanical parts and assemblies' ) ;
#548 = CARTESIAN_POINT ( 'NONE',  ( 0.000000000000000000, 25.39999999999999858, -16.00000000000000000 ) ) ;
#549 = CARTESIAN_POINT ( 'NONE',  ( -6.400000000000000355, 21.39999999999999858, 6.500000000000000000 ) ) ;
#550 = DIRECTION ( 'NONE',  ( 0.000000000000000000, 0.000000000000000000, -1.000000000000000000 ) ) ;
#551 = VECTOR ( 'NONE', #283, 1000.000000000000000 ) ;
#552 = AXIS2_PLACEMENT_3D ( 'NONE', #529, #1308, #1338 ) ;
#553 = VERTEX_POINT ( 'NONE', #830 ) ;
#554 = DIRECTION ( 'NONE',  ( 0.000000000000000000, 0.000000000000000000, -1.000000000000000000 ) ) ;
#555 = DIRECTION ( 'NONE',  ( 0.000000000000000000, 0.000000000000000000, -1.000000000000000000 ) ) ;
#556 = FACE_OUTER_BOUND ( 'NONE', #477, .T. ) ;
#557 = ORIENTED_EDGE ( 'NONE', *, *, #1362, .F. ) ;
#558 = ORIENTED_EDGE ( 'NONE', *, *, #718, .T. ) ;
#559 = EDGE_CURVE ( 'NONE', #230, #111, #520, .T. ) ;
#560 = VECTOR ( 'NONE', #332, 1000.000000000000000 ) ;
#561 = PLANE ( 'NONE',  #552 ) ;
#562 = LINE ( 'NONE', #1229, #791 ) ;
#563 = CYLINDRICAL_SURFACE ( 'NONE', #354, 2.999999999999999112 ) ;
#564 = ORIENTED_EDGE ( 'NONE', *, *, #1034, .T. ) ;
#565 = VERTEX_POINT ( 'NONE', #148 ) ;
#566 = APPROVAL ( #156, 'UNSPECIFIED' ) ;
#567 = ADVANCED_FACE ( 'NONE', ( #8 ), #807, .F. ) ;
#568 = CARTESIAN_POINT ( 'NONE',  ( -6.400000000000000355, 21.39999999999999858, -6.500000000000000000 ) ) ;
#569 = CARTESIAN_POINT ( 'NONE',  ( 25.00000000000000000, 24.39999999999999858, 18.00000000000000000 ) ) ;
#570 = EDGE_LOOP ( 'NONE', ( #728, #532, #347, #376 ) ) ;
#571 = VECTOR ( 'NONE', #430, 1000.000000000000000 ) ;
#572 = AXIS2_PLACEMENT_3D ( 'NONE', #307, #892, #79 ) ;
#573 = EDGE_LOOP ( 'NONE', ( #632, #951, #588, #75 ) ) ;
#574 = DIRECTION ( 'NONE',  ( -1.000000000000000000, 0.000000000000000000, 0.000000000000000000 ) ) ;
#575 = ORIENTED_EDGE ( 'NONE', *, *, #435, .F. ) ;
#576 = ADVANCED_FACE ( 'NONE', ( #1367 ), #358, .T. ) ;
#577 = DIRECTION ( 'NONE',  ( -1.000000000000000000, 0.000000000000000000, 0.000000000000000000 ) ) ;
#578 = VERTEX_POINT ( 'NONE', #387 ) ;
#579 = CIRCLE ( 'NONE', #1391, 1.199999999999999734 ) ;
#580 = DIRECTION ( 'NONE',  ( 0.000000000000000000, -1.000000000000000000, 0.000000000000000000 ) ) ;
#581 = EDGE_LOOP ( 'NONE', ( #155, #679, #330, #1122 ) ) ;
#582 = LINE ( 'NONE', #1163, #1050 ) ;
#583 = EDGE_CURVE ( 'NONE', #16, #29, #142, .T. ) ;
#584 = CARTESIAN_POINT ( 'NONE',  ( -14.00000000000000178, 28.00000000000000000, 13.60000000000000142 ) ) ;
#585 = EDGE_LOOP ( 'NONE', ( #968, #872, #834, #1173 ) ) ;
#586 = ADVANCED_BREP_SHAPE_REPRESENTATION ( 'ARM-004_Removable_yaw_servo_mount', ( #542, #444 ), #328 ) ;
#587 = LINE ( 'NONE', #476, #294 ) ;
#588 = ORIENTED_EDGE ( 'NONE', *, *, #927, .F. ) ;
#589 = DIRECTION ( 'NONE',  ( -0.000000000000000000, 0.000000000000000000, 1.000000000000000000 ) ) ;
#590 = LINE ( 'NONE', #1155, #880 ) ;
#591 = ORIENTED_EDGE ( 'NONE', *, *, #466, .F. ) ;
#592 = VERTEX_POINT ( 'NONE', #1243 ) ;
#593 = VECTOR ( 'NONE', #725, 1000.000000000000000 ) ;
#594 = EDGE_CURVE ( 'NONE', #1080, #1267, #605, .T. ) ;
#595 = DIRECTION ( 'NONE',  ( 1.000000000000000000, 0.000000000000000000, 0.000000000000000000 ) ) ;
#596 = VERTEX_POINT ( 'NONE', #268 ) ;
#597 = CARTESIAN_POINT ( 'NONE',  ( 19.39999999999999858, 25.39999999999999858, 0.000000000000000000 ) ) ;
#598 = CARTESIAN_POINT ( 'NONE',  ( -14.00000000000000000, 26.39999999999999858, 16.00000000000000000 ) ) ;
#599 = ORIENTED_EDGE ( 'NONE', *, *, #435, .T. ) ;
#600 = EDGE_CURVE ( 'NONE', #1199, #735, #15, .T. ) ;
#601 = DIRECTION ( 'NONE',  ( -1.000000000000000000, 0.000000000000000000, 0.000000000000000000 ) ) ;
#602 = ORIENTED_EDGE ( 'NONE', *, *, #899, .F. ) ;
#603 = CIRCLE ( 'NONE', #77, 1.600000000000000755 ) ;
#604 = CARTESIAN_POINT ( 'NONE',  ( -7.000000000000000000, 33.00000000000000000, 11.00000000000000000 ) ) ;
#605 = LINE ( 'NONE', #598, #593 ) ;
#606 = EDGE_CURVE ( 'NONE', #202, #1029, #254, .T. ) ;
#607 = CARTESIAN_POINT ( 'NONE',  ( -21.00000000000000000, 21.39999999999999858, 18.00000000000000000 ) ) ;
#608 = VERTEX_POINT ( 'NONE', #1055 ) ;
#609 = APPROVAL_ROLE ( '' ) ;
#610 = CYLINDRICAL_SURFACE ( 'NONE', #1271, 1.000000000000000888 ) ;
#611 = CARTESIAN_POINT ( 'NONE',  ( 25.00000000000000000, 24.39999999999999858, 16.99999999999999645 ) ) ;
#612 = CIRCLE ( 'NONE', #1171, 1.000000000000000888 ) ;
#613 = AXIS2_PLACEMENT_3D ( 'NONE', #770, #1419, #448 ) ;
#614 = ORIENTED_EDGE ( 'NONE', *, *, #1279, .F. ) ;
#615 = VERTEX_POINT ( 'NONE', #946 ) ;
#616 = PERSON_AND_ORGANIZATION_ROLE ( 'creator' ) ;
#617 = DIRECTION ( 'NONE',  ( 0.000000000000000000, 0.000000000000000000, 1.000000000000000000 ) ) ;
#618 = CARTESIAN_POINT ( 'NONE',  ( -14.00000000000000000, 21.39999999999999858, 0.000000000000000000 ) ) ;
#619 = ORIENTED_EDGE ( 'NONE', *, *, #263, .F. ) ;
#620 = EDGE_CURVE ( 'NONE', #1371, #313, #1457, .T. ) ;
#621 = ORIENTED_EDGE ( 'NONE', *, *, #190, .F. ) ;
#622 = CARTESIAN_POINT ( 'NONE',  ( -21.00000000000000000, 33.00000000000000000, 18.00000000000000000 ) ) ;
#623 = VERTEX_POINT ( 'NONE', #244 ) ;
#624 = ORIENTED_EDGE ( 'NONE', *, *, #1410, .T. ) ;
#625 = APPROVAL_DATE_TIME ( #178, #566 ) ;
#626 = DIRECTION ( 'NONE',  ( 0.000000000000000000, -1.000000000000000000, 0.000000000000000000 ) ) ;
#627 = DIRECTION ( 'NONE',  ( 0.000000000000000000, 1.000000000000000000, 0.000000000000000000 ) ) ;
#628 = CIRCLE ( 'NONE', #49, 1.000000000000000888 ) ;
#629 = ORIENTED_EDGE ( 'NONE', *, *, #1410, .F. ) ;
#630 = EDGE_CURVE ( 'NONE', #1267, #1219, #1049, .T. ) ;
#631 = CARTESIAN_POINT ( 'NONE',  ( -7.000000000000000000, 21.39999999999999858, 13.00000000000000178 ) ) ;
#632 = ORIENTED_EDGE ( 'NONE', *, *, #831, .T. ) ;
#633 = VERTEX_POINT ( 'NONE', #23 ) ;
#634 = DIRECTION ( 'NONE',  ( 0.000000000000000000, 0.000000000000000000, -1.000000000000000000 ) ) ;
#635 = DIRECTION ( 'NONE',  ( 0.000000000000000000, 0.000000000000000000, -1.000000000000000000 ) ) ;
#636 = CARTESIAN_POINT ( 'NONE',  ( -13.00000000000000178, 33.00000000000000000, -16.00000000000000000 ) ) ;
#637 = ADVANCED_FACE ( 'NONE', ( #487 ), #33, .T. ) ;
#638 = VECTOR ( 'NONE', #471, 1000.000000000000000 ) ;
#639 =( BOUNDED_CURVE ( )  B_SPLINE_CURVE ( 3, ( #1376, #1363, #130, #364 ),
 .UNSPECIFIED., .F., .F. ) 
 B_SPLINE_CURVE_WITH_KNOTS ( ( 4, 4 ),
 ( 1.570796326794895670, 3.141592653589793116 ),
 .UNSPECIFIED. ) 
 CURVE ( )  GEOMETRIC_REPRESENTATION_ITEM ( )  RATIONAL_B_SPLINE_CURVE ( ( 1.000000000000000000, 0.8047378541243648264, 0.8047378541243648264, 1.000000000000000000 ) ) 
 REPRESENTATION_ITEM ( '' )  );
#640 = DIRECTION ( 'NONE',  ( -0.000000000000000000, 1.000000000000000000, -0.000000000000000000 ) ) ;
#641 = VERTEX_POINT ( 'NONE', #1165 ) ;
#642 = AXIS2_PLACEMENT_3D ( 'NONE', #622, #51, #1085 ) ;
#643 = PERSON_AND_ORGANIZATION_ROLE ( 'creator' ) ;
#644 = DIRECTION ( 'NONE',  ( 0.000000000000000000, 1.000000000000000000, 0.000000000000000000 ) ) ;
#645 = PRODUCT ( 'ARM-004_Removable_yaw_servo_mount', 'ARM-004_Removable_yaw_servo_mount', '', ( #1268 ) ) ;
#646 = LINE ( 'NONE', #1397, #955 ) ;
#647 = LINE ( 'NONE', #1283, #808 ) ;
#648 = EDGE_LOOP ( 'NONE', ( #1432, #249, #995, #685, #1323, #1143, #707, #149, #1455, #472, #1290, #284, #1047, #1066, #963, #502 ) ) ;
#649 = EDGE_CURVE ( 'NONE', #53, #1241, #1026, .T. ) ;
#650 = EDGE_LOOP ( 'NONE', ( #784, #86, #516, #851 ) ) ;
#651 = FACE_OUTER_BOUND ( 'NONE', #677, .T. ) ;
#652 = CARTESIAN_POINT ( 'NONE',  ( -21.00000000000000000, 28.00000000000000000, 10.40000000000000036 ) ) ;
#653 = DIRECTION ( 'NONE',  ( 0.000000000000000000, 0.000000000000000000, 1.000000000000000000 ) ) ;
#654 = ORIENTED_EDGE ( 'NONE', *, *, #1044, .F. ) ;
#655 = VECTOR ( 'NONE', #811, 1000.000000000000000 ) ;
#656 = ORIENTED_EDGE ( 'NONE', *, *, #1075, .F. ) ;
#657 = ORIENTED_EDGE ( 'NONE', *, *, #1180, .F. ) ;
#658 = CARTESIAN_POINT ( 'NONE',  ( -14.00000000000000178, 28.00000000000000000, -12.00000000000000000 ) ) ;
#659 = DIRECTION ( 'NONE',  ( 0.000000000000000000, -1.000000000000000000, 0.000000000000000000 ) ) ;
#660 = CARTESIAN_POINT ( 'NONE',  ( -6.400000000000000355, 25.39999999999999858, 6.500000000000000000 ) ) ;
#661 = LINE ( 'NONE', #1106, #225 ) ;
#662 = CARTESIAN_POINT ( 'NONE',  ( 25.00000000000000000, 25.39999999999999858, 16.99999999999999645 ) ) ;
#663 = EDGE_CURVE ( 'NONE', #1227, #219, #1353, .T. ) ;
#664 = ORIENTED_EDGE ( 'NONE', *, *, #174, .T. ) ;
#665 = VERTEX_POINT ( 'NONE', #65 ) ;
#666 = CARTESIAN_POINT ( 'NONE',  ( -21.00000000000000000, 33.00000000000000000, -18.00000000000000000 ) ) ;
#667 = LINE ( 'NONE', #208, #382 ) ;
#668 = CARTESIAN_POINT ( 'NONE',  ( 17.39999999999999858, 25.39999999999999858, -6.500000000000000000 ) ) ;
#669 = CARTESIAN_POINT ( 'NONE',  ( -7.000000000000000000, 21.39999999999999858, -8.000000000000000000 ) ) ;
#670 = CARTESIAN_POINT ( 'NONE',  ( -14.00000000000000000, 25.39999999999999858, 0.000000000000000000 ) ) ;
#671 = CIRCLE ( 'NONE', #1195, 1.000000000000000888 ) ;
#672 = EDGE_CURVE ( 'NONE', #596, #1080, #647, .T. ) ;
#673 = ORIENTED_EDGE ( 'NONE', *, *, #704, .F. ) ;
#674 = LINE ( 'NONE', #771, #869 ) ;
#675 = DIRECTION ( 'NONE',  ( 0.000000000000000000, 0.000000000000000000, -1.000000000000000000 ) ) ;
#676 = CYLINDRICAL_SURFACE ( 'NONE', #136, 1.199999999999999734 ) ;
#677 = EDGE_LOOP ( 'NONE', ( #371, #297, #173, #355 ) ) ;
#678 = ADVANCED_FACE ( 'NONE', ( #1067 ), #424, .F. ) ;
#679 = ORIENTED_EDGE ( 'NONE', *, *, #954, .F. ) ;
#680 = CIRCLE ( 'NONE', #985, 1.600000000000000755 ) ;
#681 = EDGE_CURVE ( 'NONE', #111, #800, #531, .T. ) ;
#682 = LINE ( 'NONE', #1008, #571 ) ;
#683 = DIRECTION ( 'NONE',  ( 0.000000000000000000, 1.000000000000000000, 0.000000000000000000 ) ) ;
#684 = VERTEX_POINT ( 'NONE', #1413 ) ;
#685 = ORIENTED_EDGE ( 'NONE', *, *, #920, .F. ) ;
#686 = ADVANCED_FACE ( 'NONE', ( #301 ), #1089, .F. ) ;
#687 = DIRECTION ( 'NONE',  ( -0.000000000000000000, -0.000000000000000000, 1.000000000000000000 ) ) ;
#688 = ORIENTED_EDGE ( 'NONE', *, *, #1390, .T. ) ;
#689 = AXIS2_PLACEMENT_3D ( 'NONE', #1270, #493, #275 ) ;
#690 = CIRCLE ( 'NONE', #189, 1.600000000000000755 ) ;
#691 = ORIENTED_EDGE ( 'NONE', *, *, #672, .T. ) ;
#692 = EDGE_CURVE ( 'NONE', #53, #1219, #765, .T. ) ;
#693 = DIRECTION ( 'NONE',  ( 0.000000000000000000, 0.000000000000000000, -1.000000000000000000 ) ) ;
#694 = ORIENTED_EDGE ( 'NONE', *, *, #341, .T. ) ;
#695 = LINE ( 'NONE', #1248, #118 ) ;
#696 = CIRCLE ( 'NONE', #1389, 2.999999999999999112 ) ;
#697 = ORIENTED_EDGE ( 'NONE', *, *, #726, .T. ) ;
#698 = LOCAL_TIME ( 18, 15, 23.00000000000000000, #858 ) ;
#699 = DIRECTION ( 'NONE',  ( -0.7380288120022734377, -0.6747691995449355273, 0.000000000000000000 ) ) ;
#700 = CARTESIAN_POINT ( 'NONE',  ( -13.00000000000000178, 21.39999999999999858, 16.00000000000000000 ) ) ;
#701 = ORIENTED_EDGE ( 'NONE', *, *, #1013, .F. ) ;
#702 = DIRECTION ( 'NONE',  ( 0.000000000000000000, 0.000000000000000000, -1.000000000000000000 ) ) ;
#703 = DIRECTION ( 'NONE',  ( 0.000000000000000000, 0.000000000000000000, -1.000000000000000000 ) ) ;
#704 = EDGE_CURVE ( 'NONE', #52, #255, #924, .T. ) ;
#705 = ORIENTED_EDGE ( 'NONE', *, *, #1312, .T. ) ;
#706 = CARTESIAN_POINT ( 'NONE',  ( -8.400000000000000355, 33.00000000000000000, 0.000000000000000000 ) ) ;
#707 = ORIENTED_EDGE ( 'NONE', *, *, #104, .T. ) ;
#708 = CARTESIAN_POINT ( 'NONE',  ( -15.00000000000000000, 25.39999999999999858, 16.99999999999999645 ) ) ;
#709 = DIRECTION ( 'NONE',  ( 0.000000000000000000, 0.000000000000000000, -1.000000000000000000 ) ) ;
#710 = ADVANCED_FACE ( 'NONE', ( #1405, #392, #172 ), #187, .F. ) ;
#711 = VECTOR ( 'NONE', #1031, 1000.000000000000000 ) ;
#712 = TOROIDAL_SURFACE ( 'NONE', #218, 2.000000000000000000, 1.000000000000000000 ) ;
#713 = DIRECTION ( 'NONE',  ( 0.000000000000000000, -0.000000000000000000, -1.000000000000000000 ) ) ;
#714 = EDGE_LOOP ( 'NONE', ( #820, #989 ) ) ;
#715 = LINE ( 'NONE', #1135, #1324 ) ;
#716 = DIRECTION ( 'NONE',  ( -1.000000000000000000, 0.000000000000000000, -0.000000000000000000 ) ) ;
#717 = DIRECTION ( 'NONE',  ( 0.000000000000000000, -1.000000000000000000, 0.000000000000000000 ) ) ;
#718 = EDGE_CURVE ( 'NONE', #116, #88, #1109, .T. ) ;
#719 = EDGE_CURVE ( 'NONE', #1399, #883, #1193, .T. ) ;
#720 = CYLINDRICAL_SURFACE ( 'NONE', #239, 1.000000000000000888 ) ;
#721 = AXIS2_PLACEMENT_3D ( 'NONE', #1303, #103, #1090 ) ;
#722 = EDGE_LOOP ( 'NONE', ( #654, #280 ) ) ;
#723 = AXIS2_PLACEMENT_3D ( 'NONE', #1054, #157, #163 ) ;
#724 = LINE ( 'NONE', #730, #1028 ) ;
#725 = DIRECTION ( 'NONE',  ( 0.000000000000000000, 0.000000000000000000, -1.000000000000000000 ) ) ;
#726 = EDGE_CURVE ( 'NONE', #390, #1441, #1061, .T. ) ;
#727 = FACE_OUTER_BOUND ( 'NONE', #467, .T. ) ;
#728 = ORIENTED_EDGE ( 'NONE', *, *, #620, .F. ) ;
#729 = VERTEX_POINT ( 'NONE', #39 ) ;
#730 = CARTESIAN_POINT ( 'NONE',  ( 0.000000000000000000, 21.39999999999999858, -8.000000000000000000 ) ) ;
#731 = DIRECTION ( 'NONE',  ( 0.000000000000000000, 0.000000000000000000, -1.000000000000000000 ) ) ;
#732 = EDGE_LOOP ( 'NONE', ( #1250, #701 ) ) ;
#733 = AXIS2_PLACEMENT_3D ( 'NONE', #740, #291, #1398 ) ;
#734 = AXIS2_PLACEMENT_3D ( 'NONE', #450, #221, #675 ) ;
#735 = VERTEX_POINT ( 'NONE', #850 ) ;
#736 = EDGE_CURVE ( 'NONE', #1068, #729, #1313, .T. ) ;
#737 = DATE_TIME_ROLE ( 'creation_date' ) ;
#738 = CYLINDRICAL_SURFACE ( 'NONE', #240, 2.999999999999999112 ) ;
#739 = CARTESIAN_POINT ( 'NONE',  ( -21.00000000000000000, 28.00000000000000000, 12.00000000000000000 ) ) ;
#740 = CARTESIAN_POINT ( 'NONE',  ( -13.00000000000000178, 26.39999999999999858, 18.00000000000000000 ) ) ;
#741 = ORIENTED_EDGE ( 'NONE', *, *, #1322, .T. ) ;
#742 = CARTESIAN_POINT ( 'NONE',  ( -21.00000000000000000, 24.39999999999999858, 18.00000000000000000 ) ) ;
#743 = VERTEX_POINT ( 'NONE', #1422 ) ;
#744 = DATE_TIME_ROLE ( 'classification_date' ) ;
#745 = LINE ( 'NONE', #64, #916 ) ;
#746 = DIRECTION ( 'NONE',  ( 0.000000000000000000, -1.000000000000000000, 0.000000000000000000 ) ) ;
#747 = CARTESIAN_POINT ( 'NONE',  ( -14.00000000000000000, 33.00000000000000000, -16.00000000000000000 ) ) ;
#748 = LOCAL_TIME ( 18, 15, 23.00000000000000000, #1183 ) ;
#749 = EDGE_CURVE ( 'NONE', #398, #219, #499, .T. ) ;
#750 = VERTEX_POINT ( 'NONE', #410 ) ;
#752 = CARTESIAN_POINT ( 'NONE',  ( -7.000000000000000000, 21.39999999999999858, 11.00000000000000000 ) ) ;
#751 = PERSON_AND_ORGANIZATION ( #1295, #1249 ) ;
#753 = CARTESIAN_POINT ( 'NONE',  ( 19.39999999999999858, 21.39999999999999858, 0.000000000000000000 ) ) ;
#754 = DIRECTION ( 'NONE',  ( -0.000000000000000000, 1.000000000000000000, -0.000000000000000000 ) ) ;
#755 = LINE ( 'NONE', #1414, #1415 ) ;
#756 = AXIS2_PLACEMENT_3D ( 'NONE', #833, #488, #19 ) ;
#757 = EDGE_CURVE ( 'NONE', #281, #883, #1041, .T. ) ;
#758 = AXIS2_PLACEMENT_3D ( 'NONE', #518, #480, #703 ) ;
#759 = CARTESIAN_POINT ( 'NONE',  ( -13.00000000000000178, 25.39999999999999858, 16.99999999999999645 ) ) ;
#760 = ORIENTED_EDGE ( 'NONE', *, *, #205, .F. ) ;
#761 = AXIS2_PLACEMENT_3D ( 'NONE', #1438, #864, #1445 ) ;
#762 = CARTESIAN_POINT ( 'NONE',  ( -8.400000000000000355, 25.39999999999999858, -1.199999999999999734 ) ) ;
#763 = DIRECTION ( 'NONE',  ( 0.000000000000000000, 0.000000000000000000, -1.000000000000000000 ) ) ;
#764 = PLANE ( 'NONE',  #393 ) ;
#765 = LINE ( 'NONE', #618, #161 ) ;
#766 = ORIENTED_EDGE ( 'NONE', *, *, #822, .T. ) ;
#767 = ADVANCED_FACE ( 'NONE', ( #953 ), #164, .F. ) ;
#768 = EDGE_LOOP ( 'NONE', ( #694, #705, #1402, #1005 ) ) ;
#770 = CARTESIAN_POINT ( 'NONE',  ( 0.000000000000000000, 21.39999999999999858, 0.000000000000000000 ) ) ;
#769 = FACE_OUTER_BOUND ( 'NONE', #1010, .T. ) ;
#771 = CARTESIAN_POINT ( 'NONE',  ( -4.000000000000000000, 21.39999999999999858, 0.000000000000000000 ) ) ;
#772 = DIRECTION ( 'NONE',  ( -1.000000000000000000, 0.000000000000000000, -0.000000000000000000 ) ) ;
#773 = CIRCLE ( 'NONE', #1116, 1.000000000000000888 ) ;
#774 = DIRECTION ( 'NONE',  ( 0.000000000000000000, 1.000000000000000000, 0.000000000000000000 ) ) ;
#775 = CARTESIAN_POINT ( 'NONE',  ( 19.39999999999999858, 21.39999999999999858, 0.000000000000000000 ) ) ;
#776 = AXIS2_PLACEMENT_3D ( 'NONE', #1331, #1223, #246 ) ;
#777 = EDGE_CURVE ( 'NONE', #1288, #1043, #1079, .T. ) ;
#778 = DIRECTION ( 'NONE',  ( 0.000000000000000000, -1.000000000000000000, 0.000000000000000000 ) ) ;
#779 = CARTESIAN_POINT ( 'NONE',  ( 0.000000000000000000, 25.39999999999999858, -16.99999999999999645 ) ) ;
#780 = DIRECTION ( 'NONE',  ( -1.000000000000000000, 0.000000000000000000, 0.000000000000000000 ) ) ;
#781 = CARTESIAN_POINT ( 'NONE',  ( -7.000000000000000000, 25.39999999999999858, 8.000000000000000000 ) ) ;
#782 = DIRECTION ( 'NONE',  ( -0.000000000000000000, 1.000000000000000000, -0.000000000000000000 ) ) ;
#783 = VERTEX_POINT ( 'NONE', #1217 ) ;
#784 = ORIENTED_EDGE ( 'NONE', *, *, #1431, .T. ) ;
#785 = CARTESIAN_POINT ( 'NONE',  ( -6.400000000000000355, 33.00000000000000000, 6.500000000000000000 ) ) ;
#786 = DIRECTION ( 'NONE',  ( -0.000000000000000000, 0.000000000000000000, 1.000000000000000000 ) ) ;
#787 = DIRECTION ( 'NONE',  ( 0.000000000000000000, -1.000000000000000000, 0.000000000000000000 ) ) ;
#788 = CYLINDRICAL_SURFACE ( 'NONE', #988, 1.600000000000000755 ) ;
#789 = VECTOR ( 'NONE', #1125, 1000.000000000000000 ) ;
#790 = ORIENTED_EDGE ( 'NONE', *, *, #1084, .T. ) ;
#791 = VECTOR ( 'NONE', #904, 1000.000000000000000 ) ;
#792 = EDGE_CURVE ( 'NONE', #743, #1321, #1334, .T. ) ;
#793 = ORIENTED_EDGE ( 'NONE', *, *, #1461, .F. ) ;
#794 = CYLINDRICAL_SURFACE ( 'NONE', #151, 1.000000000000000888 ) ;
#795 = DIRECTION ( 'NONE',  ( -0.000000000000000000, -1.000000000000000000, -0.000000000000000000 ) ) ;
#796 = CARTESIAN_POINT ( 'NONE',  ( 25.00000000000000000, 24.39999999999999858, -16.99999999999999645 ) ) ;
#797 = ORIENTED_EDGE ( 'NONE', *, *, #41, .F. ) ;
#798 = EDGE_CURVE ( 'NONE', #883, #281, #433, .T. ) ;
#799 = VECTOR ( 'NONE', #1212, 1000.000000000000000 ) ;
#800 = VERTEX_POINT ( 'NONE', #440 ) ;
#801 = AXIS2_PLACEMENT_3D ( 'NONE', #849, #626, #1096 ) ;
#802 = EDGE_LOOP ( 'NONE', ( #245, #1237, #1342, #385 ) ) ;
#803 = VERTEX_POINT ( 'NONE', #1204 ) ;
#804 = CC_DESIGN_PERSON_AND_ORGANIZATION_ASSIGNMENT ( #1275, #643, ( #1231 ) ) ;
#805 = DIRECTION ( 'NONE',  ( 1.000000000000000000, 0.000000000000000000, 0.000000000000000000 ) ) ;
#806 = VERTEX_POINT ( 'NONE', #1001 ) ;
#807 = CYLINDRICAL_SURFACE ( 'NONE', #1378, 1.000000000000000888 ) ;
#808 = VECTOR ( 'NONE', #515, 1000.000000000000000 ) ;
#809 = VECTOR ( 'NONE', #778, 1000.000000000000000 ) ;
#810 = EDGE_LOOP ( 'NONE', ( #421, #629 ) ) ;
#811 = DIRECTION ( 'NONE',  ( -0.000000000000000000, 0.000000000000000000, 1.000000000000000000 ) ) ;
#812 = CARTESIAN_POINT ( 'NONE',  ( -14.00000000000000000, 23.00000000000000000, -16.99999999999999645 ) ) ;
#813 = ORIENTED_EDGE ( 'NONE', *, *, #719, .F. ) ;
#814 = CARTESIAN_POINT ( 'NONE',  ( 25.00000000000000000, 21.39999999999999858, -18.00000000000000000 ) ) ;
#815 = DIRECTION ( 'NONE',  ( 0.000000000000000000, 0.000000000000000000, -1.000000000000000000 ) ) ;
#816 = ORIENTED_EDGE ( 'NONE', *, *, #1167, .F. ) ;
#817 = VECTOR ( 'NONE', #373, 1000.000000000000000 ) ;
#818 = APPROVAL_PERSON_ORGANIZATION ( #1411, #879, #1299 ) ;
#819 = DIRECTION ( 'NONE',  ( -0.000000000000000000, 0.000000000000000000, 1.000000000000000000 ) ) ;
#820 = ORIENTED_EDGE ( 'NONE', *, *, #263, .T. ) ;
#821 = VECTOR ( 'NONE', #687, 1000.000000000000000 ) ;
#822 = EDGE_CURVE ( 'NONE', #848, #615, #109, .T. ) ;
#823 = DIRECTION ( 'NONE',  ( -0.000000000000000000, 1.000000000000000000, -0.000000000000000000 ) ) ;
#824 = CARTESIAN_POINT ( 'NONE',  ( 19.39999999999999858, 33.00000000000000000, 1.199999999999999734 ) ) ;
#825 = FACE_BOUND ( 'NONE', #722, .T. ) ;
#826 = VERTEX_POINT ( 'NONE', #1124 ) ;
#827 = DIRECTION ( 'NONE',  ( 0.000000000000000000, 0.000000000000000000, 1.000000000000000000 ) ) ;
#828 = CYLINDRICAL_SURFACE ( 'NONE', #1099, 2.999999999999999112 ) ;
#829 = CC_DESIGN_PERSON_AND_ORGANIZATION_ASSIGNMENT ( #266, #273, ( #645 ) ) ;
#830 = CARTESIAN_POINT ( 'NONE',  ( -4.000000000000000000, 21.39999999999999858, -13.00000000000000178 ) ) ;
#831 = EDGE_CURVE ( 'NONE', #1043, #29, #333, .T. ) ;
#832 = VECTOR ( 'NONE', #903, 1000.000000000000000 ) ;
#833 = CARTESIAN_POINT ( 'NONE',  ( -13.00000000000000178, 26.39999999999999858, 18.00000000000000000 ) ) ;
#834 = ORIENTED_EDGE ( 'NONE', *, *, #1450, .T. ) ;
#835 = CARTESIAN_POINT ( 'NONE',  ( 0.000000000000000000, 0.000000000000000000, 0.000000000000000000 ) ) ;
#836 = FACE_OUTER_BOUND ( 'NONE', #1434, .T. ) ;
#837 = DIRECTION ( 'NONE',  ( 0.000000000000000000, -1.000000000000000000, 0.000000000000000000 ) ) ;
#838 = VECTOR ( 'NONE', #404, 1000.000000000000000 ) ;
#839 = EDGE_CURVE ( 'NONE', #684, #1068, #671, .T. ) ;
#840 = DIRECTION ( 'NONE',  ( -1.000000000000000000, -0.000000000000000000, -0.000000000000000000 ) ) ;
#841 = VECTOR ( 'NONE', #699, 1000.000000000000000 ) ;
#842 = ORIENTED_EDGE ( 'NONE', *, *, #757, .T. ) ;
#843 = CIRCLE ( 'NONE', #534, 1.000000000000000888 ) ;
#844 = PERSON_AND_ORGANIZATION ( #1295, #1249 ) ;
#845 = LINE ( 'NONE', #945, #304 ) ;
#846 = ORIENTED_EDGE ( 'NONE', *, *, #1232, .F. ) ;
#847 = EDGE_CURVE ( 'NONE', #1425, #1227, #82, .T. ) ;
#848 = VERTEX_POINT ( 'NONE', #668 ) ;
#849 = CARTESIAN_POINT ( 'NONE',  ( -7.000000000000000000, 25.39999999999999858, 13.00000000000000178 ) ) ;
#850 = CARTESIAN_POINT ( 'NONE',  ( 19.39999999999999858, 21.39999999999999858, 1.199999999999999734 ) ) ;
#851 = ORIENTED_EDGE ( 'NONE', *, *, #902, .F. ) ;
#852 = TOROIDAL_SURFACE ( 'NONE', #406, 2.000000000000000000, 1.000000000000000000 ) ;
#853 = CIRCLE ( 'NONE', #734, 1.199999999999999734 ) ;
#854 = PLANE ( 'NONE',  #642 ) ;
#855 = ORIENTED_EDGE ( 'NONE', *, *, #1431, .F. ) ;
#856 = EDGE_CURVE ( 'NONE', #578, #1029, #458, .T. ) ;
#857 = ORIENTED_EDGE ( 'NONE', *, *, #329, .T. ) ;
#858 = COORDINATED_UNIVERSAL_TIME_OFFSET ( 6, 0, .BEHIND. ) ;
#859 = CARTESIAN_POINT ( 'NONE',  ( -15.00000000000000000, 33.00000000000000000, -18.00000000000000000 ) ) ;
#860 = DIRECTION ( 'NONE',  ( 0.000000000000000000, 0.000000000000000000, -1.000000000000000000 ) ) ;
#861 = ORIENTED_EDGE ( 'NONE', *, *, #1238, .F. ) ;
#862 = DIRECTION ( 'NONE',  ( 0.000000000000000000, 0.000000000000000000, -1.000000000000000000 ) ) ;
#863 = ORIENTED_EDGE ( 'NONE', *, *, #329, .F. ) ;
#864 = DIRECTION ( 'NONE',  ( -1.000000000000000000, 0.000000000000000000, 0.000000000000000000 ) ) ;
#865 = FACE_BOUND ( 'NONE', #1385, .T. ) ;
#866 = AXIS2_PLACEMENT_3D ( 'NONE', #432, #1108, #93 ) ;
#867 = CARTESIAN_POINT ( 'NONE',  ( -14.00000000000000000, 23.00000000000000000, 18.00000000000000000 ) ) ;
#868 = EDGE_CURVE ( 'NONE', #305, #1284, #562, .T. ) ;
#869 = VECTOR ( 'NONE', #100, 1000.000000000000000 ) ;
#870 = CARTESIAN_POINT ( 'NONE',  ( -4.000000000000000000, 21.39999999999999858, -11.00000000000000000 ) ) ;
#871 = DIRECTION ( 'NONE',  ( -0.000000000000000000, 1.000000000000000000, -0.000000000000000000 ) ) ;
#872 = ORIENTED_EDGE ( 'NONE', *, *, #1178, .T. ) ;
#874 = LINE ( 'NONE', #901, #97 ) ;
#873 = COORDINATED_UNIVERSAL_TIME_OFFSET ( 6, 0, .BEHIND. ) ;
#875 = CARTESIAN_POINT ( 'NONE',  ( -13.00000000000000178, 26.39999999999999858, 16.99999999999999645 ) ) ;
#876 = DIRECTION ( 'NONE',  ( 0.000000000000000000, 0.000000000000000000, -1.000000000000000000 ) ) ;
#877 = CARTESIAN_POINT ( 'NONE',  ( 0.000000000000000000, 21.39999999999999858, 16.00000000000000000 ) ) ;
#878 = LINE ( 'NONE', #670, #799 ) ;
#879 = APPROVAL ( #503, 'UNSPECIFIED' ) ;
#880 = VECTOR ( 'NONE', #923, 1000.000000000000000 ) ;
#881 = ORIENTED_EDGE ( 'NONE', *, *, #559, .F. ) ;
#882 = VECTOR ( 'NONE', #124, 1000.000000000000000 ) ;
#883 = VERTEX_POINT ( 'NONE', #101 ) ;
#884 = DIRECTION ( 'NONE',  ( -0.000000000000000000, -1.000000000000000000, -0.000000000000000000 ) ) ;
#885 = LINE ( 'NONE', #779, #832 ) ;
#886 = CARTESIAN_POINT ( 'NONE',  ( 19.39999999999999858, 33.00000000000000000, -1.199999999999999734 ) ) ;
#887 = DIRECTION ( 'NONE',  ( -1.000000000000000000, 0.000000000000000000, 0.000000000000000000 ) ) ;
#888 = ORIENTED_EDGE ( 'NONE', *, *, #935, .T. ) ;
#889 = ORIENTED_EDGE ( 'NONE', *, *, #856, .T. ) ;
#890 = EDGE_CURVE ( 'NONE', #1219, #398, #612, .T. ) ;
#891 = ORIENTED_EDGE ( 'NONE', *, *, #839, .T. ) ;
#892 = DIRECTION ( 'NONE',  ( 1.000000000000000000, 0.000000000000000000, 0.000000000000000000 ) ) ;
#893 = DIRECTION ( 'NONE',  ( 1.000000000000000000, 0.000000000000000000, 0.000000000000000000 ) ) ;
#894 = CARTESIAN_POINT ( 'NONE',  ( -21.00000000000000000, 28.00000000000000000, -12.00000000000000000 ) ) ;
#895 = FACE_OUTER_BOUND ( 'NONE', #802, .T. ) ;
#896 = LINE ( 'NONE', #363, #655 ) ;
#897 = VECTOR ( 'NONE', #893, 1000.000000000000000 ) ;
#898 = ORIENTED_EDGE ( 'NONE', *, *, #1381, .F. ) ;
#899 = EDGE_CURVE ( 'NONE', #615, #943, #682, .T. ) ;
#900 = ORIENTED_EDGE ( 'NONE', *, *, #105, .T. ) ;
#901 = CARTESIAN_POINT ( 'NONE',  ( 25.00000000000000000, 25.39999999999999858, -18.00000000000000000 ) ) ;
#902 = EDGE_CURVE ( 'NONE', #1306, #623, #1225, .T. ) ;
#903 = DIRECTION ( 'NONE',  ( -1.000000000000000000, 0.000000000000000000, 0.000000000000000000 ) ) ;
#904 = DIRECTION ( 'NONE',  ( -1.000000000000000000, 0.000000000000000000, 0.000000000000000000 ) ) ;
#905 = ORIENTED_EDGE ( 'NONE', *, *, #403, .F. ) ;
#906 = LINE ( 'NONE', #81, #175 ) ;
#907 = CARTESIAN_POINT ( 'NONE',  ( -8.400000000000000355, 25.39999999999999858, 1.199999999999999734 ) ) ;
#908 = ORIENTED_EDGE ( 'NONE', *, *, #1238, .T. ) ;
#909 = VECTOR ( 'NONE', #465, 1000.000000000000000 ) ;
#910 = EDGE_CURVE ( 'NONE', #806, #501, #853, .T. ) ;
#911 = ORIENTED_EDGE ( 'NONE', *, *, #18, .T. ) ;
#912 = DIRECTION ( 'NONE',  ( 0.000000000000000000, -1.000000000000000000, 0.000000000000000000 ) ) ;
#913 = DIRECTION ( 'NONE',  ( 1.000000000000000000, 0.000000000000000000, 0.000000000000000000 ) ) ;
#914 = APPROVAL ( #184, 'UNSPECIFIED' ) ;
#915 = ORIENTED_EDGE ( 'NONE', *, *, #403, .T. ) ;
#916 = VECTOR ( 'NONE', #1072, 1000.000000000000000 ) ;
#917 = CARTESIAN_POINT ( 'NONE',  ( -4.000000000000000000, 25.39999999999999858, -13.00000000000000178 ) ) ;
#918 = ORIENTED_EDGE ( 'NONE', *, *, #994, .T. ) ;
#919 = CARTESIAN_POINT ( 'NONE',  ( 0.000000000000000000, 21.39999999999999858, 6.500000000000000000 ) ) ;
#920 = EDGE_CURVE ( 'NONE', #1371, #1395, #115, .T. ) ;
#921 = FACE_OUTER_BOUND ( 'NONE', #457, .T. ) ;
#922 = EDGE_LOOP ( 'NONE', ( #368, #1278, #1032, #443, #918, #1449, #113, #87 ) ) ;
#923 = DIRECTION ( 'NONE',  ( -0.000000000000000000, -0.000000000000000000, -1.000000000000000000 ) ) ;
#924 = CIRCLE ( 'NONE', #287, 1.000000000000000888 ) ;
#925 = AXIS2_PLACEMENT_3D ( 'NONE', #1007, #1396, #289 ) ;
#926 = ORIENTED_EDGE ( 'NONE', *, *, #500, .T. ) ;
#927 = EDGE_CURVE ( 'NONE', #456, #16, #209, .T. ) ;
#928 = DIRECTION ( 'NONE',  ( 0.000000000000000000, -1.000000000000000000, 0.000000000000000000 ) ) ;
#929 = VERTEX_POINT ( 'NONE', #568 ) ;
#930 = DESIGN_CONTEXT ( 'detailed design', #191, 'design' ) ;
#931 = CARTESIAN_POINT ( 'NONE',  ( -7.000000000000000000, 25.39999999999999858, -16.00000000000000000 ) ) ;
#932 = DIRECTION ( 'NONE',  ( -1.000000000000000000, 0.000000000000000000, -0.000000000000000000 ) ) ;
#933 = ORIENTED_EDGE ( 'NONE', *, *, #1279, .T. ) ;
#934 = CIRCLE ( 'NONE', #106, 1.199999999999999734 ) ;
#935 = EDGE_CURVE ( 'NONE', #129, #1241, #1318, .T. ) ;
#936 = PLANE ( 'NONE',  #236 ) ;
#937 = ORIENTED_EDGE ( 'NONE', *, *, #1107, .F. ) ;
#938 = ADVANCED_FACE ( 'NONE', ( #1346 ), #324, .T. ) ;
#939 = CARTESIAN_POINT ( 'NONE',  ( -21.00000000000000000, 33.00000000000000000, 18.00000000000000000 ) ) ;
#940 = CARTESIAN_POINT ( 'NONE',  ( -13.00000000000000178, 26.39999999999999858, 18.00000000000000000 ) ) ;
#941 = DIRECTION ( 'NONE',  ( 0.000000000000000000, -1.000000000000000000, 0.000000000000000000 ) ) ;
#942 = ORIENTED_EDGE ( 'NONE', *, *, #128, .F. ) ;
#943 = VERTEX_POINT ( 'NONE', #660 ) ;
#944 = CARTESIAN_POINT ( 'NONE',  ( -14.00000000000000000, 21.39999999999999858, 18.00000000000000000 ) ) ;
#945 = CARTESIAN_POINT ( 'NONE',  ( -21.00000000000000000, 24.39999999999999858, -18.00000000000000000 ) ) ;
#946 = CARTESIAN_POINT ( 'NONE',  ( -6.400000000000000355, 25.39999999999999858, -6.500000000000000000 ) ) ;
#947 = ADVANCED_FACE ( 'NONE', ( #1105 ), #91, .T. ) ;
#948 = VECTOR ( 'NONE', #577, 1000.000000000000000 ) ;
#949 = CIRCLE ( 'NONE', #925, 1.000000000000000888 ) ;
#950 = DIRECTION ( 'NONE',  ( -1.000000000000000000, 0.000000000000000000, 0.000000000000000000 ) ) ;
#951 = ORIENTED_EDGE ( 'NONE', *, *, #583, .F. ) ;
#952 = DIRECTION ( 'NONE',  ( 1.000000000000000000, 0.000000000000000000, 0.000000000000000000 ) ) ;
#953 = FACE_OUTER_BOUND ( 'NONE', #650, .T. ) ;
#954 = EDGE_CURVE ( 'NONE', #1288, #729, #1300, .T. ) ;
#955 = VECTOR ( 'NONE', #400, 1000.000000000000000 ) ;
#956 = ORIENTED_EDGE ( 'NONE', *, *, #719, .T. ) ;
#957 = ORIENTED_EDGE ( 'NONE', *, *, #798, .T. ) ;
#958 = PERSON_AND_ORGANIZATION_ROLE ( 'classification_officer' ) ;
#959 = FACE_OUTER_BOUND ( 'NONE', #405, .T. ) ;
#960 = DIRECTION ( 'NONE',  ( 0.000000000000000000, 0.000000000000000000, -1.000000000000000000 ) ) ;
#961 = ORIENTED_EDGE ( 'NONE', *, *, #822, .F. ) ;
#962 = ADVANCED_FACE ( 'NONE', ( #1436 ), #1207, .T. ) ;
#963 = ORIENTED_EDGE ( 'NONE', *, *, #1451, .T. ) ;
#964 = APPROVAL_ROLE ( '' ) ;
#965 = CARTESIAN_POINT ( 'NONE',  ( -8.400000000000000355, 33.00000000000000000, 0.000000000000000000 ) ) ;
#966 = CARTESIAN_POINT ( 'NONE',  ( -13.00000000000000178, 21.39999999999999858, -16.00000000000000000 ) ) ;
#967 = DIRECTION ( 'NONE',  ( 1.000000000000000000, 0.000000000000000000, 0.000000000000000000 ) ) ;
#968 = ORIENTED_EDGE ( 'NONE', *, *, #418, .F. ) ;
#969 = CIRCLE ( 'NONE', #342, 1.199999999999999734 ) ;
#970 = AXIS2_PLACEMENT_3D ( 'NONE', #295, #950, #977 ) ;
#971 = EDGE_CURVE ( 'NONE', #800, #826, #1242, .T. ) ;
#972 = CARTESIAN_POINT ( 'NONE',  ( -13.00000000000000178, 26.39999999999999858, 16.99999999999999645 ) ) ;
#973 = EDGE_LOOP ( 'NONE', ( #117, #889, #497, #489 ) ) ;
#974 = LINE ( 'NONE', #1301, #351 ) ;
#975 = DIRECTION ( 'NONE',  ( 0.000000000000000000, -1.000000000000000000, 0.000000000000000000 ) ) ;
#976 = LINE ( 'NONE', #1186, #1097 ) ;
#977 = DIRECTION ( 'NONE',  ( 0.000000000000000000, 0.000000000000000000, 1.000000000000000000 ) ) ;
#978 = ORIENTED_EDGE ( 'NONE', *, *, #792, .T. ) ;
#979 = EDGE_CURVE ( 'NONE', #943, #578, #337, .T. ) ;
#980 = PLANE ( 'NONE',  #613 ) ;
#981 = DIRECTION ( 'NONE',  ( -0.000000000000000000, 1.000000000000000000, -0.000000000000000000 ) ) ;
#982 = FACE_OUTER_BOUND ( 'NONE', #573, .T. ) ;
#983 = VECTOR ( 'NONE', #417, 1000.000000000000000 ) ;
#984 = DIRECTION ( 'NONE',  ( -0.000000000000000000, -0.000000000000000000, -1.000000000000000000 ) ) ;
#985 = AXIS2_PLACEMENT_3D ( 'NONE', #739, #1078, #1176 ) ;
#986 = ORIENTED_EDGE ( 'NONE', *, *, #649, .T. ) ;
#987 = ADVANCED_FACE ( 'NONE', ( #322, #89, #1426, #528 ), #980, .T. ) ;
#988 = AXIS2_PLACEMENT_3D ( 'NONE', #1218, #574, #431 ) ;
#989 = ORIENTED_EDGE ( 'NONE', *, *, #910, .T. ) ;
#990 = SHAPE_DEFINITION_REPRESENTATION ( #1197, #586 ) ;
#991 = LINE ( 'NONE', #1117, #897 ) ;
#992 = CARTESIAN_POINT ( 'NONE',  ( -13.00000000000000178, 21.39999999999999858, 15.00000000000000000 ) ) ;
#993 = DIRECTION ( 'NONE',  ( 0.000000000000000000, 0.000000000000000000, -1.000000000000000000 ) ) ;
#994 = EDGE_CURVE ( 'NONE', #1424, #1321, #874, .T. ) ;
#995 = ORIENTED_EDGE ( 'NONE', *, *, #143, .T. ) ;
#996 = VECTOR ( 'NONE', #1118, 1000.000000000000000 ) ;
#997 = EDGE_LOOP ( 'NONE', ( #766, #688, #436, #336 ) ) ;
#998 = VECTOR ( 'NONE', #786, 1000.000000000000000 ) ;
#999 = ORIENTED_EDGE ( 'NONE', *, *, #1289, .F. ) ;
#1000 = CARTESIAN_POINT ( 'NONE',  ( 17.39999999999999858, 21.39999999999999858, 6.500000000000000000 ) ) ;
#1001 = CARTESIAN_POINT ( 'NONE',  ( -8.400000000000000355, 21.39999999999999858, 1.199999999999999734 ) ) ;
#1002 = DIRECTION ( 'NONE',  ( 1.000000000000000000, 0.000000000000000000, 0.000000000000000000 ) ) ;
#1003 = CARTESIAN_POINT ( 'NONE',  ( -21.00000000000000000, 15.00000000000000000, -18.00000000000000000 ) ) ;
#1004 = CC_DESIGN_PERSON_AND_ORGANIZATION_ASSIGNMENT ( #1190, #958, ( #176 ) ) ;
#1005 = ORIENTED_EDGE ( 'NONE', *, *, #856, .F. ) ;
#1006 = ORIENTED_EDGE ( 'NONE', *, *, #59, .T. ) ;
#1007 = CARTESIAN_POINT ( 'NONE',  ( -13.00000000000000178, 24.39999999999999858, 16.99999999999999645 ) ) ;
#1008 = CARTESIAN_POINT ( 'NONE',  ( -6.400000000000000355, 25.39999999999999858, 0.000000000000000000 ) ) ;
#1009 = CARTESIAN_POINT ( 'NONE',  ( -13.00000000000000178, 26.39999999999999858, -16.99999999999999645 ) ) ;
#1010 = EDGE_LOOP ( 'NONE', ( #508, #697, #1037, #6, #1358, #1214, #760, #484 ) ) ;
#1011 = APPROVAL_PERSON_ORGANIZATION ( #252, #566, #609 ) ;
#1012 = VERTEX_POINT ( 'NONE', #762 ) ;
#1013 = EDGE_CURVE ( 'NONE', #212, #1399, #292, .T. ) ;
#1014 = FACE_OUTER_BOUND ( 'NONE', #581, .T. ) ;
#1015 = DIRECTION ( 'NONE',  ( -1.000000000000000000, 0.000000000000000000, 0.000000000000000000 ) ) ;
#1016 = EDGE_LOOP ( 'NONE', ( #1293, #857, #842, #813 ) ) ;
#1017 = EDGE_CURVE ( 'NONE', #943, #202, #1307, .T. ) ;
#1018 = AXIS2_PLACEMENT_3D ( 'NONE', #45, #505, #635 ) ;
#1019 = CARTESIAN_POINT ( 'NONE',  ( -14.00000000000000000, 33.00000000000000000, -8.000000000000000000 ) ) ;
#1020 = LINE ( 'NONE', #92, #1081 ) ;
#1021 = ORIENTED_EDGE ( 'NONE', *, *, #1220, .F. ) ;
#1022 = VECTOR ( 'NONE', #107, 1000.000000000000000 ) ;
#1023 = VERTEX_POINT ( 'NONE', #1201 ) ;
#1024 = LINE ( 'NONE', #229, #821 ) ;
#1025 = ORIENTED_EDGE ( 'NONE', *, *, #233, .F. ) ;
#1026 = LINE ( 'NONE', #2, #909 ) ;
#1027 = ADVANCED_FACE ( 'NONE', ( #651 ), #1103, .T. ) ;
#1028 = VECTOR ( 'NONE', #267, 1000.000000000000000 ) ;
#1029 = VERTEX_POINT ( 'NONE', #1000 ) ;
#1030 = AXIS2_PLACEMENT_3D ( 'NONE', #366, #1247, #702 ) ;
#1031 = DIRECTION ( 'NONE',  ( 0.000000000000000000, 0.000000000000000000, -1.000000000000000000 ) ) ;
#1032 = ORIENTED_EDGE ( 'NONE', *, *, #736, .F. ) ;
#1033 = CARTESIAN_POINT ( 'NONE',  ( -7.000000000000000000, 25.39999999999999858, 11.00000000000000000 ) ) ;
#1034 = EDGE_CURVE ( 'NONE', #1012, #501, #1325, .T. ) ;
#1035 = VERTEX_POINT ( 'NONE', #1215 ) ;
#1036 = CARTESIAN_POINT ( 'NONE',  ( -13.00000000000000178, 23.00000000000000000, 15.00000000000000000 ) ) ;
#1037 = ORIENTED_EDGE ( 'NONE', *, *, #1362, .T. ) ;
#1038 = DIRECTION ( 'NONE',  ( 0.7380288120022734377, 0.6747691995449355273, 0.000000000000000000 ) ) ;
#1039 = DIRECTION ( 'NONE',  ( 1.000000000000000000, 0.000000000000000000, 0.000000000000000000 ) ) ;
#1040 = DIRECTION ( 'NONE',  ( 0.000000000000000000, 0.000000000000000000, 1.000000000000000000 ) ) ;
#1041 = CIRCLE ( 'NONE', #495, 1.600000000000000755 ) ;
#1042 = EDGE_LOOP ( 'NONE', ( #544, #1364, #1206, #481 ) ) ;
#1043 = VERTEX_POINT ( 'NONE', #666 ) ;
#1044 = EDGE_CURVE ( 'NONE', #1012, #162, #1383, .T. ) ;
#1045 = EDGE_CURVE ( 'NONE', #1057, #413, #949, .T. ) ;
#1046 = DIRECTION ( 'NONE',  ( 0.000000000000000000, 0.000000000000000000, 1.000000000000000000 ) ) ;
#1047 = ORIENTED_EDGE ( 'NONE', *, *, #1232, .T. ) ;
#1048 = DIRECTION ( 'NONE',  ( 0.000000000000000000, -1.000000000000000000, 0.000000000000000000 ) ) ;
#1049 = LINE ( 'NONE', #1382, #1337 ) ;
#1050 = VECTOR ( 'NONE', #126, 1000.000000000000000 ) ;
#1051 = ADVANCED_FACE ( 'NONE', ( #185 ), #738, .F. ) ;
#1052 = FACE_BOUND ( 'NONE', #510, .T. ) ;
#1053 = EDGE_LOOP ( 'NONE', ( #911, #1352, #657, #1153 ) ) ;
#1054 = CARTESIAN_POINT ( 'NONE',  ( -14.00000000000000178, 28.00000000000000000, 12.00000000000000000 ) ) ;
#1055 = CARTESIAN_POINT ( 'NONE',  ( -14.00000000000000000, 25.39999999999999858, 8.000000000000000000 ) ) ;
#1056 = ORIENTED_EDGE ( 'NONE', *, *, #798, .F. ) ;
#1057 = VERTEX_POINT ( 'NONE', #55 ) ;
#1058 = ADVANCED_FACE ( 'NONE', ( #408 ), #513, .F. ) ;
#1059 = COORDINATED_UNIVERSAL_TIME_OFFSET ( 6, 0, .BEHIND. ) ;
#1060 = DIRECTION ( 'NONE',  ( 1.000000000000000000, 0.000000000000000000, 0.000000000000000000 ) ) ;
#1061 = LINE ( 'NONE', #401, #1149 ) ;
#1062 = VECTOR ( 'NONE', #1292, 1000.000000000000000 ) ;
#1063 = AXIS2_PLACEMENT_3D ( 'NONE', #658, #537, #196 ) ;
#1064 = LINE ( 'NONE', #167, #270 ) ;
#1065 = VERTEX_POINT ( 'NONE', #1333 ) ;
#1066 = ORIENTED_EDGE ( 'NONE', *, *, #847, .F. ) ;
#1067 = FACE_OUTER_BOUND ( 'NONE', #1053, .T. ) ;
#1068 = VERTEX_POINT ( 'NONE', #220 ) ;
#1069 = CARTESIAN_POINT ( 'NONE',  ( 17.39999999999999858, 21.39999999999999858, 0.000000000000000000 ) ) ;
#1070 = ORIENTED_EDGE ( 'NONE', *, *, #120, .T. ) ;
#1071 = ORIENTED_EDGE ( 'NONE', *, *, #726, .F. ) ;
#1072 = DIRECTION ( 'NONE',  ( 0.000000000000000000, 0.000000000000000000, -1.000000000000000000 ) ) ;
#1073 = DIRECTION ( 'NONE',  ( 1.000000000000000000, -0.000000000000000000, -0.000000000000000000 ) ) ;
#1074 = VERTEX_POINT ( 'NONE', #72 ) ;
#1075 = EDGE_CURVE ( 'NONE', #469, #684, #885, .T. ) ;
#1076 = CARTESIAN_POINT ( 'NONE',  ( 25.00000000000000000, 25.39999999999999858, -16.99999999999999645 ) ) ;
#1077 = ORIENTED_EDGE ( 'NONE', *, *, #606, .T. ) ;
#1078 = DIRECTION ( 'NONE',  ( -1.000000000000000000, 0.000000000000000000, -0.000000000000000000 ) ) ;
#1079 = LINE ( 'NONE', #1388, #1129 ) ;
#1080 = VERTEX_POINT ( 'NONE', #1216 ) ;
#1081 = VECTOR ( 'NONE', #1210, 1000.000000000000000 ) ;
#1082 = EDGE_CURVE ( 'NONE', #641, #1241, #1104, .T. ) ;
#1083 = AXIS2_PLACEMENT_3D ( 'NONE', #374, #815, #932 ) ;
#1084 = EDGE_CURVE ( 'NONE', #1150, #783, #690, .T. ) ;
#1085 = DIRECTION ( 'NONE',  ( 0.000000000000000000, -0.000000000000000000, -1.000000000000000000 ) ) ;
#1086 = ORIENTED_EDGE ( 'NONE', *, *, #526, .F. ) ;
#1087 = CALENDAR_DATE ( 2026, 28, 9 ) ;
#1088 = CARTESIAN_POINT ( 'NONE',  ( -7.000000000000000000, 25.39999999999999858, 16.00000000000000000 ) ) ;
#1089 = CYLINDRICAL_SURFACE ( 'NONE', #1356, 1.000000000000000888 ) ;
#1090 = DIRECTION ( 'NONE',  ( 0.000000000000000000, 0.000000000000000000, -1.000000000000000000 ) ) ;
#1091 = EDGE_LOOP ( 'NONE', ( #602, #961, #13, #1182 ) ) ;
#1092 = ADVANCED_FACE ( 'NONE', ( #1208 ), #561, .T. ) ;
#1094 = CARTESIAN_POINT ( 'NONE',  ( -14.00000000000000000, 33.00000000000000000, 16.00000000000000000 ) ) ;
#1093 = CALENDAR_DATE ( 2026, 28, 9 ) ;
#1095 = DIRECTION ( 'NONE',  ( 0.000000000000000000, 0.000000000000000000, -1.000000000000000000 ) ) ;
#1096 = DIRECTION ( 'NONE',  ( 0.000000000000000000, 0.000000000000000000, -1.000000000000000000 ) ) ;
#1097 = VECTOR ( 'NONE', #523, 1000.000000000000000 ) ;
#1098 = DIRECTION ( 'NONE',  ( 0.000000000000000000, 0.000000000000000000, 1.000000000000000000 ) ) ;
#1099 = AXIS2_PLACEMENT_3D ( 'NONE', #604, #1374, #1168 ) ;
#1100 = ORIENTED_EDGE ( 'NONE', *, *, #1157, .F. ) ;
#1101 = ORIENTED_EDGE ( 'NONE', *, *, #500, .F. ) ;
#1102 = ORIENTED_EDGE ( 'NONE', *, *, #890, .T. ) ;
#1103 = PLANE ( 'NONE',  #475 ) ;
#1104 = LINE ( 'NONE', #90, #998 ) ;
#1105 = FACE_OUTER_BOUND ( 'NONE', #1298, .T. ) ;
#1106 = CARTESIAN_POINT ( 'NONE',  ( -14.00000000000000178, 28.00000000000000000, 10.40000000000000036 ) ) ;
#1107 = EDGE_CURVE ( 'NONE', #608, #53, #449, .T. ) ;
#1108 = DIRECTION ( 'NONE',  ( -1.000000000000000000, 0.000000000000000000, -0.000000000000000000 ) ) ;
#1109 = CIRCLE ( 'NONE', #319, 2.999999999999999112 ) ;
#1110 = ORIENTED_EDGE ( 'NONE', *, *, #935, .F. ) ;
#1111 = VECTOR ( 'NONE', #207, 1000.000000000000000 ) ;
#1112 = CARTESIAN_POINT ( 'NONE',  ( -8.400000000000000355, 25.39999999999999858, 0.000000000000000000 ) ) ;
#1113 = CARTESIAN_POINT ( 'NONE',  ( 25.00000000000000000, 25.39999999999999858, 18.00000000000000000 ) ) ;
#1114 = DIRECTION ( 'NONE',  ( -1.000000000000000000, 0.000000000000000000, -0.000000000000000000 ) ) ;
#1115 = PLANE ( 'NONE',  #276 ) ;
#1116 = AXIS2_PLACEMENT_3D ( 'NONE', #524, #640, #862 ) ;
#1117 = CARTESIAN_POINT ( 'NONE',  ( 0.000000000000000000, 25.39999999999999858, 16.99999999999999645 ) ) ;
#1118 = DIRECTION ( 'NONE',  ( 0.000000000000000000, 0.000000000000000000, -1.000000000000000000 ) ) ;
#1119 = DIRECTION ( 'NONE',  ( 0.000000000000000000, 0.000000000000000000, 1.000000000000000000 ) ) ;
#1120 = ORIENTED_EDGE ( 'NONE', *, *, #1084, .F. ) ;
#1121 = CC_DESIGN_APPROVAL ( #879, ( #1231 ) ) ;
#1122 = ORIENTED_EDGE ( 'NONE', *, *, #320, .F. ) ;
#1123 = EDGE_CURVE ( 'NONE', #305, #1371, #1202, .T. ) ;
#1124 = CARTESIAN_POINT ( 'NONE',  ( -7.000000000000000000, 21.39999999999999858, 8.000000000000000000 ) ) ;
#1125 = DIRECTION ( 'NONE',  ( 0.000000000000000000, -1.000000000000000000, 0.000000000000000000 ) ) ;
#1126 = ORIENTED_EDGE ( 'NONE', *, *, #692, .T. ) ;
#1127 = ORIENTED_EDGE ( 'NONE', *, *, #418, .T. ) ;
#1128 = EDGE_CURVE ( 'NONE', #70, #313, #1437, .T. ) ;
#1129 = VECTOR ( 'NONE', #1277, 1000.000000000000000 ) ;
#1130 = ORIENTED_EDGE ( 'NONE', *, *, #311, .F. ) ;
#1131 = AXIS2_PLACEMENT_3D ( 'NONE', #1113, #546, #197 ) ;
#1132 = ORIENTED_EDGE ( 'NONE', *, *, #1180, .T. ) ;
#1133 = CARTESIAN_POINT ( 'NONE',  ( 25.00000000000000000, 25.39999999999999858, 18.00000000000000000 ) ) ;
#1134 = EDGE_CURVE ( 'NONE', #398, #1425, #667, .T. ) ;
#1135 = CARTESIAN_POINT ( 'NONE',  ( 0.000000000000000000, 25.39999999999999858, 8.000000000000000000 ) ) ;
#1136 = DIRECTION ( 'NONE',  ( 0.000000000000000000, 0.000000000000000000, -1.000000000000000000 ) ) ;
#1137 = VECTOR ( 'NONE', #1164, 1000.000000000000000 ) ;
#1138 = ORIENTED_EDGE ( 'NONE', *, *, #777, .T. ) ;
#1139 = CARTESIAN_POINT ( 'NONE',  ( -21.00000000000000000, 28.00000000000000000, -13.60000000000000142 ) ) ;
#1140 = ORIENTED_EDGE ( 'NONE', *, *, #681, .F. ) ;
#1141 = FACE_OUTER_BOUND ( 'NONE', #997, .T. ) ;
#1142 = CARTESIAN_POINT ( 'NONE',  ( -8.400000000000000355, 21.39999999999999858, -1.199999999999999734 ) ) ;
#1143 = ORIENTED_EDGE ( 'NONE', *, *, #1128, .F. ) ;
#1144 = ORIENTED_EDGE ( 'NONE', *, *, #482, .F. ) ;
#1145 = LINE ( 'NONE', #138, #34 ) ;
#1146 = ORIENTED_EDGE ( 'NONE', *, *, #446, .T. ) ;
#1147 = LINE ( 'NONE', #939, #817 ) ;
#1148 = DIRECTION ( 'NONE',  ( 0.000000000000000000, 0.000000000000000000, -1.000000000000000000 ) ) ;
#1149 = VECTOR ( 'NONE', #627, 1000.000000000000000 ) ;
#1150 = VERTEX_POINT ( 'NONE', #439 ) ;
#1151 = ADVANCED_FACE ( 'NONE', ( #422 ), #1224, .F. ) ;
#1152 = FACE_OUTER_BOUND ( 'NONE', #1344, .T. ) ;
#1153 = ORIENTED_EDGE ( 'NONE', *, *, #1451, .F. ) ;
#1154 = CARTESIAN_POINT ( 'NONE',  ( 0.000000000000000000, 21.39999999999999858, -6.500000000000000000 ) ) ;
#1155 = CARTESIAN_POINT ( 'NONE',  ( -21.00000000000000000, 33.00000000000000000, 18.00000000000000000 ) ) ;
#1156 = CIRCLE ( 'NONE', #533, 1.000000000000000888 ) ;
#1157 = EDGE_CURVE ( 'NONE', #88, #553, #674, .T. ) ;
#1158 = AXIS2_PLACEMENT_3D ( 'NONE', #1203, #186, #1282 ) ;
#1159 = VECTOR ( 'NONE', #264, 1000.000000000000000 ) ;
#1160 = CARTESIAN_POINT ( 'NONE',  ( -4.000000000000000000, 33.00000000000000000, 16.00000000000000000 ) ) ;
#1161 = ORIENTED_EDGE ( 'NONE', *, *, #160, .T. ) ;
#1162 = ORIENTED_EDGE ( 'NONE', *, *, #517, .F. ) ;
#1163 = CARTESIAN_POINT ( 'NONE',  ( -13.00000000000000178, 25.39999999999999858, 18.00000000000000000 ) ) ;
#1164 = DIRECTION ( 'NONE',  ( -1.000000000000000000, 0.000000000000000000, 0.000000000000000000 ) ) ;
#1165 = CARTESIAN_POINT ( 'NONE',  ( -14.00000000000000000, 21.39999999999999858, -15.00000000000000355 ) ) ;
#1166 = ORIENTED_EDGE ( 'NONE', *, *, #414, .T. ) ;
#1167 = EDGE_CURVE ( 'NONE', #413, #52, #991, .T. ) ;
#1168 = DIRECTION ( 'NONE',  ( 0.000000000000000000, 0.000000000000000000, 1.000000000000000000 ) ) ;
#1169 = CARTESIAN_POINT ( 'NONE',  ( -14.00000000000000178, 28.00000000000000000, -10.40000000000000036 ) ) ;
#1170 = VERTEX_POINT ( 'NONE', #652 ) ;
#1171 = AXIS2_PLACEMENT_3D ( 'NONE', #992, #1339, #555 ) ;
#1172 = VECTOR ( 'NONE', #981, 1000.000000000000000 ) ;
#1173 = ORIENTED_EDGE ( 'NONE', *, *, #1107, .T. ) ;
#1174 = CALENDAR_DATE ( 2026, 28, 9 ) ;
#1175 = CARTESIAN_POINT ( 'NONE',  ( -7.000000000000000000, 33.00000000000000000, -11.00000000000000000 ) ) ;
#1176 = DIRECTION ( 'NONE',  ( 0.000000000000000000, 0.000000000000000000, -1.000000000000000000 ) ) ;
#1177 = DIRECTION ( 'NONE',  ( -0.000000000000000000, 0.000000000000000000, 1.000000000000000000 ) ) ;
#1178 = EDGE_CURVE ( 'NONE', #826, #230, #1326, .T. ) ;
#1179 = ORIENTED_EDGE ( 'NONE', *, *, #1196, .F. ) ;
#1180 = EDGE_CURVE ( 'NONE', #413, #1080, #628, .T. ) ;
#1181 = CARTESIAN_POINT ( 'NONE',  ( -14.00000000000000000, 21.39999999999999858, 27.48472456110349427 ) ) ;
#1182 = ORIENTED_EDGE ( 'NONE', *, *, #979, .F. ) ;
#1183 = COORDINATED_UNIVERSAL_TIME_OFFSET ( 6, 0, .BEHIND. ) ;
#1184 = CARTESIAN_POINT ( 'NONE',  ( -15.00000000000000000, 26.39999999999999858, -16.99999999999999645 ) ) ;
#1185 = CARTESIAN_POINT ( 'NONE',  ( -13.00000000000000178, 26.39999999999999858, -18.00000000000000000 ) ) ;
#1186 = CARTESIAN_POINT ( 'NONE',  ( -4.000000000000000000, 25.39999999999999858, -11.00000000000000000 ) ) ;
#1187 = ADVANCED_FACE ( 'NONE', ( #1014 ), #794, .T. ) ;
#1188 = EDGE_CURVE ( 'NONE', #1074, #565, #906, .T. ) ;
#1189 = ORIENTED_EDGE ( 'NONE', *, *, #868, .F. ) ;
#1191 = CARTESIAN_POINT ( 'NONE',  ( 0.000000000000000000, 25.39999999999999858, 6.500000000000000000 ) ) ;
#1190 = PERSON_AND_ORGANIZATION ( #1295, #1249 ) ;
#1192 = FACE_BOUND ( 'NONE', #810, .T. ) ;
#1193 = LINE ( 'NONE', #1169, #1062 ) ;
#1194 = CARTESIAN_POINT ( 'NONE',  ( -14.00000000000000000, 21.39999999999999858, 8.000000000000000000 ) ) ;
#1195 = AXIS2_PLACEMENT_3D ( 'NONE', #1428, #780, #1098 ) ;
#1196 = EDGE_CURVE ( 'NONE', #783, #1150, #603, .T. ) ;
#1197 = PRODUCT_DEFINITION_SHAPE ( 'NONE', 'NONE',  #48 ) ;
#1198 = LINE ( 'NONE', #1393, #838 ) ;
#1199 = VERTEX_POINT ( 'NONE', #1412 ) ;
#1201 = CARTESIAN_POINT ( 'NONE',  ( -21.00000000000000000, 28.00000000000000000, 13.60000000000000142 ) ) ;
#1200 = DATE_AND_TIME ( #1174, #698 ) ;
#1202 = LINE ( 'NONE', #315, #1172 ) ;
#1203 = CARTESIAN_POINT ( 'NONE',  ( -13.00000000000000178, 21.39999999999999858, -15.00000000000000000 ) ) ;
#1204 = CARTESIAN_POINT ( 'NONE',  ( 17.39999999999999858, 21.39999999999999858, -6.500000000000000000 ) ) ;
#1205 = DIRECTION ( 'NONE',  ( 0.000000000000000000, 0.000000000000000000, -1.000000000000000000 ) ) ;
#1206 = ORIENTED_EDGE ( 'NONE', *, *, #174, .F. ) ;
#1207 = PLANE ( 'NONE',  #572 ) ;
#1208 = FACE_OUTER_BOUND ( 'NONE', #135, .T. ) ;
#1209 = DIRECTION ( 'NONE',  ( -0.000000000000000000, 0.000000000000000000, 1.000000000000000000 ) ) ;
#1210 = DIRECTION ( 'NONE',  ( -0.000000000000000000, -1.000000000000000000, -0.000000000000000000 ) ) ;
#1211 = APPROVAL_PERSON_ORGANIZATION ( #1403, #914, #964 ) ;
#1212 = DIRECTION ( 'NONE',  ( 0.000000000000000000, 0.000000000000000000, -1.000000000000000000 ) ) ;
#1213 = ORIENTED_EDGE ( 'NONE', *, *, #1188, .T. ) ;
#1214 = ORIENTED_EDGE ( 'NONE', *, *, #380, .T. ) ;
#1215 = CARTESIAN_POINT ( 'NONE',  ( -14.00000000000000000, 21.39999999999999858, -18.00000000000000000 ) ) ;
#1216 = CARTESIAN_POINT ( 'NONE',  ( -14.00000000000000000, 26.39999999999999858, 16.99999999999999645 ) ) ;
#1217 = CARTESIAN_POINT ( 'NONE',  ( -14.00000000000000178, 28.00000000000000000, 10.40000000000000036 ) ) ;
#1218 = CARTESIAN_POINT ( 'NONE',  ( -14.00000000000000178, 28.00000000000000000, 12.00000000000000000 ) ) ;
#1219 = VERTEX_POINT ( 'NONE', #300 ) ;
#1220 = EDGE_CURVE ( 'NONE', #641, #665, #646, .T. ) ;
#1221 = EDGE_LOOP ( 'NONE', ( #673, #816, #1369, #591 ) ) ;
#1222 = AXIS2_PLACEMENT_3D ( 'NONE', #261, #837, #709 ) ;
#1223 = DIRECTION ( 'NONE',  ( 0.000000000000000000, 0.000000000000000000, -1.000000000000000000 ) ) ;
#1224 = PLANE ( 'NONE',  #1131 ) ;
#1225 = LINE ( 'NONE', #886, #10 ) ;
#1226 = DIRECTION ( 'NONE',  ( 0.000000000000000000, 0.000000000000000000, 1.000000000000000000 ) ) ;
#1227 = VERTEX_POINT ( 'NONE', #1088 ) ;
#1228 = EDGE_CURVE ( 'NONE', #641, #1035, #409, .T. ) ;
#1229 = CARTESIAN_POINT ( 'NONE',  ( 0.000000000000000000, 21.39999999999999858, -16.00000000000000000 ) ) ;
#1230 = ORIENTED_EDGE ( 'NONE', *, *, #757, .F. ) ;
#1231 = PRODUCT_DEFINITION_FORMATION_WITH_SPECIFIED_SOURCE ( 'ANY', '', #645, .NOT_KNOWN. ) ;
#1232 = EDGE_CURVE ( 'NONE', #565, #1227, #277, .T. ) ;
#1233 = EDGE_LOOP ( 'NONE', ( #46, #327, #1102, #1273, #915, #36, #131, #1127, #986, #741, #558, #1315, #359, #428, #908, #411, #1130, #1456 ) ) ;
#1234 = EDGE_CURVE ( 'NONE', #623, #735, #934, .T. ) ;
#1235 = LINE ( 'NONE', #669, #789 ) ;
#1236 = ORIENTED_EDGE ( 'NONE', *, *, #899, .T. ) ;
#1237 = ORIENTED_EDGE ( 'NONE', *, *, #190, .T. ) ;
#1238 = EDGE_CURVE ( 'NONE', #1284, #641, #1416, .T. ) ;
#1239 = VECTOR ( 'NONE', #787, 1000.000000000000000 ) ;
#1240 = LINE ( 'NONE', #1133, #711 ) ;
#1241 = VERTEX_POINT ( 'NONE', #198 ) ;
#1242 = CIRCLE ( 'NONE', #119, 2.999999999999999112 ) ;
#1243 = CARTESIAN_POINT ( 'NONE',  ( -14.00000000000000000, 33.00000000000000000, -16.99999999999999645 ) ) ;
#1244 = ORIENTED_EDGE ( 'NONE', *, *, #1134, .F. ) ;
#1245 = CC_DESIGN_DATE_AND_TIME_ASSIGNMENT ( #1281, #737, ( #48 ) ) ;
#1246 = DIRECTION ( 'NONE',  ( 0.000000000000000000, 0.000000000000000000, -1.000000000000000000 ) ) ;
#1247 = DIRECTION ( 'NONE',  ( -1.000000000000000000, 0.000000000000000000, -0.000000000000000000 ) ) ;
#1248 = CARTESIAN_POINT ( 'NONE',  ( -14.00000000000000000, 33.00000000000000000, 18.00000000000000000 ) ) ;
#1249 = ORGANIZATION ( 'UNSPECIFIED', 'UNSPECIFIED', '' ) ;
#1250 = ORIENTED_EDGE ( 'NONE', *, *, #1343, .F. ) ;
#1251 = CYLINDRICAL_SURFACE ( 'NONE', #80, 1.199999999999999734 ) ;
#1252 = ORIENTED_EDGE ( 'NONE', *, *, #205, .T. ) ;
#1253 = DIRECTION ( 'NONE',  ( 0.000000000000000000, 0.000000000000000000, -1.000000000000000000 ) ) ;
#1254 = DIRECTION ( 'NONE',  ( 1.000000000000000000, 0.000000000000000000, 0.000000000000000000 ) ) ;
#1255 = ADVANCED_FACE ( 'NONE', ( #865, #1192, #982 ), #530, .F. ) ;
#1256 = CARTESIAN_POINT ( 'NONE',  ( -14.00000000000000000, 21.39999999999999858, -18.00000000000000000 ) ) ;
#1257 = DIRECTION ( 'NONE',  ( -1.000000000000000000, 0.000000000000000000, -0.000000000000000000 ) ) ;
#1258 = ORIENTED_EDGE ( 'NONE', *, *, #672, .F. ) ;
#1259 = CIRCLE ( 'NONE', #201, 2.999999999999999112 ) ;
#1260 = VECTOR ( 'NONE', #1254, 1000.000000000000000 ) ;
#1261 = DIRECTION ( 'NONE',  ( 1.000000000000000000, 0.000000000000000000, 0.000000000000000000 ) ) ;
#1262 = FACE_OUTER_BOUND ( 'NONE', #357, .T. ) ;
#1263 = DIRECTION ( 'NONE',  ( -1.000000000000000000, 0.000000000000000000, 0.000000000000000000 ) ) ;
#1264 = AXIS2_PLACEMENT_3D ( 'NONE', #894, #1114, #1453 ) ;
#1265 = EDGE_CURVE ( 'NONE', #1023, #1170, #680, .T. ) ;
#1266 = LINE ( 'NONE', #607, #217 ) ;
#1267 = VERTEX_POINT ( 'NONE', #73 ) ;
#1268 = MECHANICAL_CONTEXT ( 'NONE', #547, 'mechanical' ) ;
#1269 = CYLINDRICAL_SURFACE ( 'NONE', #251, 1.000000000000000888 ) ;
#1270 = CARTESIAN_POINT ( 'NONE',  ( -14.00000000000000000, 33.00000000000000000, 8.000000000000000000 ) ) ;
#1271 = AXIS2_PLACEMENT_3D ( 'NONE', #492, #1060, #38 ) ;
#1272 = DIRECTION ( 'NONE',  ( 0.000000000000000000, 0.000000000000000000, -1.000000000000000000 ) ) ;
#1273 = ORIENTED_EDGE ( 'NONE', *, *, #749, .T. ) ;
#1274 = CIRCLE ( 'NONE', #5, 1.000000000000000888 ) ;
#1275 = PERSON_AND_ORGANIZATION ( #1295, #1249 ) ;
#1276 = CARTESIAN_POINT ( 'NONE',  ( -6.400000000000000355, 33.00000000000000000, -6.500000000000000000 ) ) ;
#1277 = DIRECTION ( 'NONE',  ( -1.000000000000000000, -0.000000000000000000, -0.000000000000000000 ) ) ;
#1278 = ORIENTED_EDGE ( 'NONE', *, *, #954, .T. ) ;
#1279 = EDGE_CURVE ( 'NONE', #162, #806, #974, .T. ) ;
#1280 = ORIENTED_EDGE ( 'NONE', *, *, #594, .T. ) ;
#1281 = DATE_AND_TIME ( #512, #420 ) ;
#1282 = DIRECTION ( 'NONE',  ( 0.000000000000000000, 0.000000000000000000, -1.000000000000000000 ) ) ;
#1283 = CARTESIAN_POINT ( 'NONE',  ( -14.00000000000000000, 23.00000000000000000, 16.99999999999999645 ) ) ;
#1284 = VERTEX_POINT ( 'NONE', #966 ) ;
#1285 = VECTOR ( 'NONE', #455, 1000.000000000000000 ) ;
#1286 = AXIS2_PLACEMENT_3D ( 'NONE', #271, #1357, #1046 ) ;
#1287 = FACE_OUTER_BOUND ( 'NONE', #293, .T. ) ;
#1288 = VERTEX_POINT ( 'NONE', #859 ) ;
#1289 = EDGE_CURVE ( 'NONE', #1065, #729, #843, .T. ) ;
#1290 = ORIENTED_EDGE ( 'NONE', *, *, #559, .T. ) ;
#1291 = DIRECTION ( 'NONE',  ( 0.000000000000000000, 0.000000000000000000, -1.000000000000000000 ) ) ;
#1292 = DIRECTION ( 'NONE',  ( -1.000000000000000000, 0.000000000000000000, 0.000000000000000000 ) ) ;
#1293 = ORIENTED_EDGE ( 'NONE', *, *, #1343, .T. ) ;
#1294 = ADVANCED_FACE ( 'NONE', ( #316 ), #764, .F. ) ;
#1295 = PERSON ( 'UNSPECIFIED', 'UNSPECIFIED', 'UNSPECIFIED', ('UNSPECIFIED'), ('UNSPECIFIED'), ('UNSPECIFIED') ) ;
#1296 = LOCAL_TIME ( 18, 15, 23.00000000000000000, #1059 ) ;
#1297 = CYLINDRICAL_SURFACE ( 'NONE', #970, 1.600000000000000755 ) ;
#1298 = EDGE_LOOP ( 'NONE', ( #437, #898, #1386, #656 ) ) ;
#1300 = LINE ( 'NONE', #438, #1111 ) ;
#1299 = APPROVAL_ROLE ( '' ) ;
#1301 = CARTESIAN_POINT ( 'NONE',  ( -8.400000000000000355, 33.00000000000000000, 1.199999999999999734 ) ) ;
#1302 = CARTESIAN_POINT ( 'NONE',  ( -7.000000000000000000, 21.39999999999999858, 16.00000000000000000 ) ) ;
#1303 = CARTESIAN_POINT ( 'NONE',  ( -8.400000000000000355, 25.39999999999999858, 0.000000000000000000 ) ) ;
#1304 = EDGE_CURVE ( 'NONE', #565, #111, #745, .T. ) ;
#1305 = DIRECTION ( 'NONE',  ( -0.000000000000000000, 1.000000000000000000, -0.000000000000000000 ) ) ;
#1306 = VERTEX_POINT ( 'NONE', #56 ) ;
#1307 = LINE ( 'NONE', #785, #1433 ) ;
#1308 = DIRECTION ( 'NONE',  ( 0.6747691995449355273, -0.7380288120022734377, 0.000000000000000000 ) ) ;
#1309 = CARTESIAN_POINT ( 'NONE',  ( -21.00000000000000000, 25.39999999999999858, 18.00000000000000000 ) ) ;
#1310 = CARTESIAN_POINT ( 'NONE',  ( -21.00000000000000000, 28.00000000000000000, -12.00000000000000000 ) ) ;
#1311 = CARTESIAN_POINT ( 'NONE',  ( -7.000000000000000000, 25.39999999999999858, -11.00000000000000000 ) ) ;
#1312 = EDGE_CURVE ( 'NONE', #848, #803, #521, .T. ) ;
#1313 = CIRCLE ( 'NONE', #343, 2.000000000000000000 ) ;
#1314 = AXIS2_PLACEMENT_3D ( 'NONE', #352, #772, #1209 ) ;
#1315 = ORIENTED_EDGE ( 'NONE', *, *, #1157, .T. ) ;
#1316 = DIRECTION ( 'NONE',  ( -0.000000000000000000, 1.000000000000000000, -0.000000000000000000 ) ) ;
#1317 = DIRECTION ( 'NONE',  ( -0.000000000000000000, 1.000000000000000000, -0.000000000000000000 ) ) ;
#1318 = LINE ( 'NONE', #1019, #40 ) ;
#1319 = LINE ( 'NONE', #222, #152 ) ;
#1320 = CARTESIAN_POINT ( 'NONE',  ( -13.99999999999999645, 25.81421356237309439, 15.58578643762690419 ) ) ;
#1321 = VERTEX_POINT ( 'NONE', #814 ) ;
#1322 = EDGE_CURVE ( 'NONE', #1241, #116, #724, .T. ) ;
#1323 = ORIENTED_EDGE ( 'NONE', *, *, #620, .T. ) ;
#1324 = VECTOR ( 'NONE', #146, 1000.000000000000000 ) ;
#1325 = LINE ( 'NONE', #331, #809 ) ;
#1326 = LINE ( 'NONE', #538, #560 ) ;
#1327 = CARTESIAN_POINT ( 'NONE',  ( 0.000000000000000000, 25.39999999999999858, -6.500000000000000000 ) ) ;
#1328 = CARTESIAN_POINT ( 'NONE',  ( 19.39999999999999858, 33.00000000000000000, 0.000000000000000000 ) ) ;
#1329 = DIRECTION ( 'NONE',  ( -0.000000000000000000, 0.000000000000000000, 1.000000000000000000 ) ) ;
#1330 = ADVANCED_FACE ( 'NONE', ( #486 ), #253, .T. ) ;
#1332 = DIRECTION ( 'NONE',  ( 0.000000000000000000, 0.000000000000000000, -1.000000000000000000 ) ) ;
#1331 = CARTESIAN_POINT ( 'NONE',  ( -21.00000000000000000, 25.39999999999999858, 18.00000000000000000 ) ) ;
#1333 = CARTESIAN_POINT ( 'NONE',  ( -14.00000000000000000, 26.39999999999999858, -16.99999999999999645 ) ) ;
#1334 = LINE ( 'NONE', #199, #996 ) ;
#1335 = ORIENTED_EDGE ( 'NONE', *, *, #134, .T. ) ;
#1336 = EDGE_LOOP ( 'NONE', ( #262, #272, #58, #1025 ) ) ;
#1337 = VECTOR ( 'NONE', #717, 1000.000000000000000 ) ;
#1338 = DIRECTION ( 'NONE',  ( 0.7380288120022734377, 0.6747691995449355273, 0.000000000000000000 ) ) ;
#1339 = DIRECTION ( 'NONE',  ( -0.000000000000000000, 1.000000000000000000, -0.000000000000000000 ) ) ;
#1340 = FACE_OUTER_BOUND ( 'NONE', #1377, .T. ) ;
#1341 = ADVANCED_FACE ( 'NONE', ( #1262 ), #828, .F. ) ;
#1342 = ORIENTED_EDGE ( 'NONE', *, *, #902, .T. ) ;
#1343 = EDGE_CURVE ( 'NONE', #1399, #212, #226, .T. ) ;
#1344 = EDGE_LOOP ( 'NONE', ( #614, #1354, #564, #123 ) ) ;
#1345 = VECTOR ( 'NONE', #1272, 1000.000000000000000 ) ;
#1346 = FACE_OUTER_BOUND ( 'NONE', #145, .T. ) ;
#1347 = ORIENTED_EDGE ( 'NONE', *, *, #1196, .T. ) ;
#1348 = AXIS2_PLACEMENT_3D ( 'NONE', #378, #479, #716 ) ;
#1349 = EDGE_CURVE ( 'NONE', #803, #929, #32, .T. ) ;
#1350 = EDGE_LOOP ( 'NONE', ( #1120, #1179 ) ) ;
#1351 = LINE ( 'NONE', #144, #4 ) ;
#1352 = ORIENTED_EDGE ( 'NONE', *, *, #594, .F. ) ;
#1353 = LINE ( 'NONE', #1302, #551 ) ;
#1354 = ORIENTED_EDGE ( 'NONE', *, *, #94, .T. ) ;
#1355 = ADVANCED_FACE ( 'NONE', ( #959 ), #1387, .F. ) ;
#1356 = AXIS2_PLACEMENT_3D ( 'NONE', #309, #975, #960 ) ;
#1357 = DIRECTION ( 'NONE',  ( -1.000000000000000000, 0.000000000000000000, 0.000000000000000000 ) ) ;
#1358 = ORIENTED_EDGE ( 'NONE', *, *, #1461, .T. ) ;
#1359 = VECTOR ( 'NONE', #763, 1000.000000000000000 ) ;
#1360 = DIRECTION ( 'NONE',  ( -0.000000000000000000, -0.000000000000000000, -1.000000000000000000 ) ) ;
#1361 = ORIENTED_EDGE ( 'NONE', *, *, #134, .F. ) ;
#1362 = EDGE_CURVE ( 'NONE', #1441, #456, #1147, .T. ) ;
#1363 = CARTESIAN_POINT ( 'NONE',  ( -13.99999999999999822, 25.81421356237309794, -15.58578643762690419 ) ) ;
#1364 = ORIENTED_EDGE ( 'NONE', *, *, #143, .F. ) ;
#1365 =( LENGTH_UNIT ( ) NAMED_UNIT ( * ) SI_UNIT ( .MILLI., .METRE. ) );
#1366 = CARTESIAN_POINT ( 'NONE',  ( -13.00000000000000178, 25.39999999999999858, 16.00000000000000000 ) ) ;
#1367 = FACE_OUTER_BOUND ( 'NONE', #973, .T. ) ;
#1368 = AXIS2_PLACEMENT_3D ( 'NONE', #22, #952, #1380 ) ;
#1369 = ORIENTED_EDGE ( 'NONE', *, *, #1045, .F. ) ;
#1370 = DIRECTION ( 'NONE',  ( -1.000000000000000000, -0.000000000000000000, -0.000000000000000000 ) ) ;
#1371 = VERTEX_POINT ( 'NONE', #931 ) ;
#1372 = ADVANCED_FACE ( 'NONE', ( #504 ), #610, .T. ) ;
#1373 = APPLICATION_PROTOCOL_DEFINITION ( 'international standard', 'config_control_design', 1994, #547 ) ;
#1374 = DIRECTION ( 'NONE',  ( 0.000000000000000000, 1.000000000000000000, 0.000000000000000000 ) ) ;
#1375 = DIRECTION ( 'NONE',  ( 0.000000000000000000, 0.000000000000000000, -1.000000000000000000 ) ) ;
#1376 = CARTESIAN_POINT ( 'NONE',  ( -14.00000000000000000, 26.39999999999999858, -15.00000000000000000 ) ) ;
#1377 = EDGE_LOOP ( 'NONE', ( #891, #1394, #999, #664 ) ) ;
#1378 = AXIS2_PLACEMENT_3D ( 'NONE', #940, #1040, #379 ) ;
#1379 =( NAMED_UNIT ( * ) PLANE_ANGLE_UNIT ( ) SI_UNIT ( $, .RADIAN. ) );
#1380 = DIRECTION ( 'NONE',  ( 0.000000000000000000, 0.000000000000000000, -1.000000000000000000 ) ) ;
#1381 = EDGE_CURVE ( 'NONE', #1068, #1424, #845, .T. ) ;
#1382 = CARTESIAN_POINT ( 'NONE',  ( -14.00000000000000000, 23.00000000000000000, 15.00000000000000000 ) ) ;
#1383 = CIRCLE ( 'NONE', #1458, 1.199999999999999734 ) ;
#1384 = ADVANCED_FACE ( 'NONE', ( #836 ), #1269, .T. ) ;
#1385 = EDGE_LOOP ( 'NONE', ( #1056, #1230 ) ) ;
#1386 = ORIENTED_EDGE ( 'NONE', *, *, #839, .F. ) ;
#1387 = CYLINDRICAL_SURFACE ( 'NONE', #723, 1.600000000000000755 ) ;
#1388 = CARTESIAN_POINT ( 'NONE',  ( -21.00000000000000000, 33.00000000000000000, -18.00000000000000000 ) ) ;
#1389 = AXIS2_PLACEMENT_3D ( 'NONE', #69, #1305, #1400 ) ;
#1390 = EDGE_CURVE ( 'NONE', #615, #929, #498, .T. ) ;
#1391 = AXIS2_PLACEMENT_3D ( 'NONE', #597, #823, #1253 ) ;
#1392 = CC_DESIGN_APPROVAL ( #914, ( #176 ) ) ;
#1393 = CARTESIAN_POINT ( 'NONE',  ( -14.00000000000000000, 26.39999999999999858, -18.00000000000000000 ) ) ;
#1394 = ORIENTED_EDGE ( 'NONE', *, *, #736, .T. ) ;
#1395 = VERTEX_POINT ( 'NONE', #282 ) ;
#1396 = DIRECTION ( 'NONE',  ( -1.000000000000000000, 0.000000000000000000, 0.000000000000000000 ) ) ;
#1397 = CARTESIAN_POINT ( 'NONE',  ( -14.00000000000000000, 23.00000000000000000, -15.00000000000000355 ) ) ;
#1398 = DIRECTION ( 'NONE',  ( 1.000000000000000000, 0.000000000000000000, 0.000000000000000000 ) ) ;
#1399 = VERTEX_POINT ( 'NONE', #44 ) ;
#1400 = DIRECTION ( 'NONE',  ( 0.000000000000000000, 0.000000000000000000, -1.000000000000000000 ) ) ;
#1401 = ORIENTED_EDGE ( 'NONE', *, *, #1082, .T. ) ;
#1402 = ORIENTED_EDGE ( 'NONE', *, *, #414, .F. ) ;
#1403 = PERSON_AND_ORGANIZATION ( #1295, #1249 ) ;
#1404 = DIRECTION ( 'NONE',  ( 1.000000000000000000, -0.000000000000000000, 0.000000000000000000 ) ) ;
#1405 = FACE_OUTER_BOUND ( 'NONE', #9, .T. ) ;
#1406 = EDGE_LOOP ( 'NONE', ( #797, #1213, #541, #365 ) ) ;
#1407 = AXIS2_PLACEMENT_3D ( 'NONE', #796, #215, #1226 ) ;
#1408 = VECTOR ( 'NONE', #214, 1000.000000000000000 ) ;
#1409 = ORIENTED_EDGE ( 'NONE', *, *, #18, .F. ) ;
#1410 = EDGE_CURVE ( 'NONE', #1170, #1023, #507, .T. ) ;
#1411 = PERSON_AND_ORGANIZATION ( #1295, #1249 ) ;
#1412 = CARTESIAN_POINT ( 'NONE',  ( 19.39999999999999858, 25.39999999999999858, 1.199999999999999734 ) ) ;
#1413 = CARTESIAN_POINT ( 'NONE',  ( -13.00000000000000178, 25.39999999999999858, -16.99999999999999645 ) ) ;
#1414 = CARTESIAN_POINT ( 'NONE',  ( -4.000000000000000000, 21.39999999999999858, 0.000000000000000000 ) ) ;
#1415 = VECTOR ( 'NONE', #181, 1000.000000000000000 ) ;
#1416 = CIRCLE ( 'NONE', #1158, 1.000000000000000888 ) ;
#1417 = LINE ( 'NONE', #1069, #1345 ) ;
#1418 = EDGE_LOOP ( 'NONE', ( #536, #933, #619, #177 ) ) ;
#1419 = DIRECTION ( 'NONE',  ( 0.000000000000000000, -1.000000000000000000, 0.000000000000000000 ) ) ;
#1420 = CARTESIAN_POINT ( 'NONE',  ( -4.000000000000000000, 25.39999999999999858, 0.000000000000000000 ) ) ;
#1421 = DIRECTION ( 'NONE',  ( 0.000000000000000000, -1.000000000000000000, 0.000000000000000000 ) ) ;
#1422 = CARTESIAN_POINT ( 'NONE',  ( 25.00000000000000000, 21.39999999999999858, 18.00000000000000000 ) ) ;
#1423 = ADVANCED_FACE ( 'NONE', ( #1141 ), #132, .T. ) ;
#1424 = VERTEX_POINT ( 'NONE', #14 ) ;
#1425 = VERTEX_POINT ( 'NONE', #1366 ) ;
#1426 = FACE_BOUND ( 'NONE', #232, .T. ) ;
#1427 = CARTESIAN_POINT ( 'NONE',  ( -15.00000000000000000, 23.00000000000000000, -16.99999999999999645 ) ) ;
#1428 = CARTESIAN_POINT ( 'NONE',  ( -13.00000000000000178, 24.39999999999999858, -16.99999999999999645 ) ) ;
#1429 = PLANE ( 'NONE',  #866 ) ;
#1430 = VECTOR ( 'NONE', #840, 1000.000000000000000 ) ;
#1431 = EDGE_CURVE ( 'NONE', #1306, #1199, #579, .T. ) ;
#1432 = ORIENTED_EDGE ( 'NONE', *, *, #388, .T. ) ;
#1433 = VECTOR ( 'NONE', #314, 1000.000000000000000 ) ;
#1434 = EDGE_LOOP ( 'NONE', ( #599, #1258, #1101, #1071 ) ) ;
#1435 = ORIENTED_EDGE ( 'NONE', *, *, #388, .F. ) ;
#1436 = FACE_OUTER_BOUND ( 'NONE', #62, .T. ) ;
#1437 = LINE ( 'NONE', #1420, #1359 ) ;
#1438 = CARTESIAN_POINT ( 'NONE',  ( 0.000000000000000000, 24.39999999999999858, -16.99999999999999645 ) ) ;
#1439 = CARTESIAN_POINT ( 'NONE',  ( -7.000000000000000000, 33.00000000000000000, -13.00000000000000178 ) ) ;
#1440 = FACE_OUTER_BOUND ( 'NONE', #768, .T. ) ;
#1441 = VERTEX_POINT ( 'NONE', #259 ) ;
#1442 = ADVANCED_FACE ( 'NONE', ( #769 ), #206, .F. ) ;
#1443 = ORIENTED_EDGE ( 'NONE', *, *, #920, .T. ) ;
#1444 = VECTOR ( 'NONE', #1048, 1000.000000000000000 ) ;
#1445 = DIRECTION ( 'NONE',  ( 0.000000000000000000, 0.000000000000000000, 1.000000000000000000 ) ) ;
#1446 = CARTESIAN_POINT ( 'NONE',  ( -14.00000000000000178, 28.00000000000000000, 12.00000000000000000 ) ) ;
#1447 = DIRECTION ( 'NONE',  ( 0.000000000000000000, -1.000000000000000000, 0.000000000000000000 ) ) ;
#1448 = CYLINDRICAL_SURFACE ( 'NONE', #286, 2.999999999999999112 ) ;
#1449 = ORIENTED_EDGE ( 'NONE', *, *, #311, .T. ) ;
#1450 = EDGE_CURVE ( 'NONE', #230, #608, #715, .T. ) ;
#1451 = EDGE_CURVE ( 'NONE', #1425, #413, #582, .T. ) ;
#1452 = DIRECTION ( 'NONE',  ( 0.000000000000000000, 1.000000000000000000, -0.000000000000000000 ) ) ;
#1453 = DIRECTION ( 'NONE',  ( 0.000000000000000000, 0.000000000000000000, -1.000000000000000000 ) ) ;
#1454 = CARTESIAN_POINT ( 'NONE',  ( -7.000000000000000000, 33.00000000000000000, 13.00000000000000178 ) ) ;
#1455 = ORIENTED_EDGE ( 'NONE', *, *, #59, .F. ) ;
#1456 = ORIENTED_EDGE ( 'NONE', *, *, #792, .F. ) ;
#1457 = CIRCLE ( 'NONE', #1222, 2.999999999999999112 ) ;
#1458 = AXIS2_PLACEMENT_3D ( 'NONE', #1112, #99, #554 ) ;
#1459 = CARTESIAN_POINT ( 'NONE',  ( 0.000000000000000000, 25.39999999999999858, 16.00000000000000000 ) ) ;
#1460 = CARTESIAN_POINT ( 'NONE',  ( -13.00000000000000178, 26.39999999999999858, -16.99999999999999645 ) ) ;
#1461 = EDGE_CURVE ( 'NONE', #16, #633, #258, .T. ) ;
#1462 = ORIENTED_EDGE ( 'NONE', *, *, #663, .F. ) ;
ENDSEC;
END-ISO-10303-21;
