ISO-10303-21;
HEADER;
FILE_DESCRIPTION (( 'STEP AP203' ),
    '1' );
FILE_NAME ('ARM-004_Removable_yaw_servo_mount.step',
    '2026-09-13T02:57:58',
    ( '' ),
    ( '' ),
    'SwSTEP 2.0',
    'SolidWorks 2026',
    '' );
FILE_SCHEMA (( 'CONFIG_CONTROL_DESIGN' ));
ENDSEC;

DATA;
#1 = AXIS2_PLACEMENT_3D ( 'NONE', #964, #1075, #960 ) ;
#2 = CALENDAR_DATE ( 2026, 12, 9 ) ;
#3 = DIRECTION ( 'NONE',  ( 1.000000000000000000, 0.000000000000000000, 0.000000000000000000 ) ) ;
#4 = CARTESIAN_POINT ( 'NONE',  ( -13.00000000000000178, 25.39999999999999858, 18.00000000000000000 ) ) ;
#5 = DIRECTION ( 'NONE',  ( 1.000000000000000000, 0.000000000000000000, 0.000000000000000000 ) ) ;
#6 = ORIENTED_EDGE ( 'NONE', *, *, #1155, .F. ) ;
#7 = AXIS2_PLACEMENT_3D ( 'NONE', #992, #857, #1326 ) ;
#8 = ORIENTED_EDGE ( 'NONE', *, *, #242, .F. ) ;
#9 = EDGE_LOOP ( 'NONE', ( #1119, #152, #1202, #1246 ) ) ;
#10 = PERSON_AND_ORGANIZATION ( #1259, #111 ) ;
#11 = DIRECTION ( 'NONE',  ( 0.000000000000000000, 0.000000000000000000, -1.000000000000000000 ) ) ;
#12 = CARTESIAN_POINT ( 'NONE',  ( -14.00000000000000000, 21.39999999999999858, -18.00000000000000000 ) ) ;
#13 = DIRECTION ( 'NONE',  ( -1.000000000000000000, 0.000000000000000000, -0.000000000000000000 ) ) ;
#14 = VERTEX_POINT ( 'NONE', #957 ) ;
#15 = ORIENTED_EDGE ( 'NONE', *, *, #452, .F. ) ;
#16 = ORIENTED_EDGE ( 'NONE', *, *, #365, .F. ) ;
#17 = DIRECTION ( 'NONE',  ( -1.000000000000000000, 0.000000000000000000, -0.000000000000000000 ) ) ;
#18 = LINE ( 'NONE', #1379, #966 ) ;
#19 = VECTOR ( 'NONE', #1233, 1000.000000000000000 ) ;
#20 = EDGE_CURVE ( 'NONE', #742, #384, #1062, .T. ) ;
#21 = DIRECTION ( 'NONE',  ( -1.000000000000000000, 0.000000000000000000, 0.000000000000000000 ) ) ;
#22 = ORIENTED_EDGE ( 'NONE', *, *, #1389, .F. ) ;
#23 = ORIENTED_EDGE ( 'NONE', *, *, #1389, .T. ) ;
#24 = AXIS2_PLACEMENT_3D ( 'NONE', #330, #1217, #892 ) ;
#25 = PLANE ( 'NONE',  #1178 ) ;
#26 = CYLINDRICAL_SURFACE ( 'NONE', #117, 2.999999999999999112 ) ;
#27 = CARTESIAN_POINT ( 'NONE',  ( -15.00000000000000000, 26.39999999999999858, 16.99999999999999645 ) ) ;
#28 = ORIENTED_EDGE ( 'NONE', *, *, #1170, .F. ) ;
#29 = EDGE_CURVE ( 'NONE', #171, #1238, #160, .T. ) ;
#30 = ORIENTED_EDGE ( 'NONE', *, *, #232, .T. ) ;
#31 = APPROVAL_ROLE ( '' ) ;
#32 = CARTESIAN_POINT ( 'NONE',  ( -15.00000000000000000, 26.39999999999999858, -16.99999999999999645 ) ) ;
#33 = DIRECTION ( 'NONE',  ( 0.000000000000000000, 0.000000000000000000, 1.000000000000000000 ) ) ;
#34 = LINE ( 'NONE', #485, #1341 ) ;
#35 = ORIENTED_EDGE ( 'NONE', *, *, #862, .T. ) ;
#36 = ORIENTED_EDGE ( 'NONE', *, *, #566, .F. ) ;
#37 = DIRECTION ( 'NONE',  ( -1.000000000000000000, 0.000000000000000000, 0.000000000000000000 ) ) ;
#38 = CARTESIAN_POINT ( 'NONE',  ( -14.00000000000000000, 33.00000000000000000, -8.000000000000000000 ) ) ;
#39 = DIRECTION ( 'NONE',  ( 0.000000000000000000, 0.000000000000000000, -1.000000000000000000 ) ) ;
#40 = ORIENTED_EDGE ( 'NONE', *, *, #1234, .F. ) ;
#41 = CARTESIAN_POINT ( 'NONE',  ( -9.000000000000000000, 21.39999999999999858, 0.000000000000000000 ) ) ;
#42 = AXIS2_PLACEMENT_3D ( 'NONE', #43, #1058, #39 ) ;
#43 = CARTESIAN_POINT ( 'NONE',  ( -9.000000000000000000, 33.00000000000000000, 0.000000000000000000 ) ) ;
#44 = ORIENTED_EDGE ( 'NONE', *, *, #1135, .F. ) ;
#45 = VECTOR ( 'NONE', #180, 1000.000000000000000 ) ;
#46 = CARTESIAN_POINT ( 'NONE',  ( -14.00000000000000178, 28.00000000000000000, -12.00000000000000000 ) ) ;
#47 = EDGE_CURVE ( 'NONE', #696, #1006, #506, .T. ) ;
#48 = CIRCLE ( 'NONE', #481, 1.300000000000000044 ) ;
#49 = ORIENTED_EDGE ( 'NONE', *, *, #402, .T. ) ;
#50 = CARTESIAN_POINT ( 'NONE',  ( -14.00000000000000000, 23.00000000000000000, -15.00000000000000355 ) ) ;
#51 = CARTESIAN_POINT ( 'NONE',  ( -4.000000000000000000, 25.39999999999999858, -13.00000000000000178 ) ) ;
#52 = APPLICATION_CONTEXT ( 'configuration controlled 3d designs of mechanical parts and assemblies' ) ;
#53 = DIRECTION ( 'NONE',  ( 1.000000000000000000, -0.000000000000000000, -0.000000000000000000 ) ) ;
#54 = CC_DESIGN_PERSON_AND_ORGANIZATION_ASSIGNMENT ( #1436, #91, ( #1413 ) ) ;
#55 = DIRECTION ( 'NONE',  ( 1.000000000000000000, 0.000000000000000000, 0.000000000000000000 ) ) ;
#56 = CARTESIAN_POINT ( 'NONE',  ( 20.00000000000000000, 33.00000000000000000, 0.000000000000000000 ) ) ;
#57 = EDGE_CURVE ( 'NONE', #220, #1293, #71, .T. ) ;
#58 = VECTOR ( 'NONE', #170, 1000.000000000000000 ) ;
#59 = VERTEX_POINT ( 'NONE', #1412 ) ;
#60 = AXIS2_PLACEMENT_3D ( 'NONE', #93, #1438, #545 ) ;
#61 = CARTESIAN_POINT ( 'NONE',  ( -4.000000000000000000, 25.39999999999999858, 13.00000000000000178 ) ) ;
#62 = AXIS2_PLACEMENT_3D ( 'NONE', #597, #1257, #264 ) ;
#63 = DIRECTION ( 'NONE',  ( 0.000000000000000000, 0.000000000000000000, -1.000000000000000000 ) ) ;
#64 = CARTESIAN_POINT ( 'NONE',  ( -7.000000000000000000, 21.39999999999999858, -8.000000000000000000 ) ) ;
#65 = EDGE_LOOP ( 'NONE', ( #450, #347, #1282, #480 ) ) ;
#66 = AXIS2_PLACEMENT_3D ( 'NONE', #1168, #608, #743 ) ;
#67 = ADVANCED_FACE ( 'NONE', ( #609 ), #1304, .T. ) ;
#68 = CARTESIAN_POINT ( 'NONE',  ( -13.00000000000000178, 26.39999999999999858, -16.99999999999999645 ) ) ;
#69 = AXIS2_PLACEMENT_3D ( 'NONE', #851, #1066, #607 ) ;
#70 = DIRECTION ( 'NONE',  ( 0.000000000000000000, 0.000000000000000000, -1.000000000000000000 ) ) ;
#71 = LINE ( 'NONE', #1419, #962 ) ;
#72 = ORIENTED_EDGE ( 'NONE', *, *, #678, .T. ) ;
#73 = EDGE_CURVE ( 'NONE', #1136, #1086, #518, .T. ) ;
#74 = EDGE_CURVE ( 'NONE', #914, #340, #1267, .T. ) ;
#75 = CARTESIAN_POINT ( 'NONE',  ( -21.00000000000000000, 15.00000000000000000, 27.48472456110349427 ) ) ;
#76 = FACE_BOUND ( 'NONE', #965, .T. ) ;
#77 = DIRECTION ( 'NONE',  ( -0.000000000000000000, -1.000000000000000000, -0.000000000000000000 ) ) ;
#78 = PLANE ( 'NONE',  #831 ) ;
#79 = ORIENTED_EDGE ( 'NONE', *, *, #816, .F. ) ;
#80 = CARTESIAN_POINT ( 'NONE',  ( -14.00000000000000178, 28.00000000000000000, 12.00000000000000000 ) ) ;
#81 = EDGE_CURVE ( 'NONE', #349, #1266, #181, .T. ) ;
#82 = APPROVAL_DATE_TIME ( #1096, #277 ) ;
#83 = LINE ( 'NONE', #1090, #45 ) ;
#84 = CARTESIAN_POINT ( 'NONE',  ( -4.000000000000000000, 21.39999999999999858, 11.00000000000000000 ) ) ;
#85 = DIRECTION ( 'NONE',  ( 0.000000000000000000, 0.000000000000000000, -1.000000000000000000 ) ) ;
#86 = ORIENTED_EDGE ( 'NONE', *, *, #1081, .T. ) ;
#87 = VECTOR ( 'NONE', #1365, 1000.000000000000000 ) ;
#88 = VECTOR ( 'NONE', #207, 1000.000000000000000 ) ;
#89 = AXIS2_PLACEMENT_3D ( 'NONE', #129, #1357, #1241 ) ;
#90 = PLANE ( 'NONE',  #387 ) ;
#91 = PERSON_AND_ORGANIZATION_ROLE ( 'creator' ) ;
#92 = CARTESIAN_POINT ( 'NONE',  ( 17.39999999999999858, 25.39999999999999858, 6.500000000000000000 ) ) ;
#93 = CARTESIAN_POINT ( 'NONE',  ( -14.00000000000000000, 33.00000000000000000, 8.000000000000000000 ) ) ;
#94 = VECTOR ( 'NONE', #840, 1000.000000000000000 ) ;
#95 = DIRECTION ( 'NONE',  ( 1.000000000000000000, -0.000000000000000000, -0.000000000000000000 ) ) ;
#96 = VERTEX_POINT ( 'NONE', #978 ) ;
#97 = DIRECTION ( 'NONE',  ( 0.000000000000000000, 0.000000000000000000, 1.000000000000000000 ) ) ;
#98 = DIRECTION ( 'NONE',  ( 1.000000000000000000, 0.000000000000000000, 0.000000000000000000 ) ) ;
#99 = CARTESIAN_POINT ( 'NONE',  ( -9.000000000000000000, 21.39999999999999858, -1.300000000000000044 ) ) ;
#100 = CARTESIAN_POINT ( 'NONE',  ( -13.00000000000000178, 21.39999999999999858, 16.00000000000000000 ) ) ;
#101 = DIRECTION ( 'NONE',  ( -0.000000000000000000, 1.000000000000000000, -0.000000000000000000 ) ) ;
#102 = VERTEX_POINT ( 'NONE', #1424 ) ;
#103 = EDGE_CURVE ( 'NONE', #1368, #296, #1183, .T. ) ;
#104 = VERTEX_POINT ( 'NONE', #51 ) ;
#105 = ORIENTED_EDGE ( 'NONE', *, *, #747, .T. ) ;
#106 = FACE_OUTER_BOUND ( 'NONE', #1037, .T. ) ;
#107 = DIRECTION ( 'NONE',  ( 0.000000000000000000, 0.000000000000000000, -1.000000000000000000 ) ) ;
#108 = LINE ( 'NONE', #328, #19 ) ;
#109 = DIRECTION ( 'NONE',  ( 1.000000000000000000, 0.000000000000000000, 0.000000000000000000 ) ) ;
#110 = EDGE_CURVE ( 'NONE', #913, #697, #961, .T. ) ;
#111 = ORGANIZATION ( 'UNSPECIFIED', 'UNSPECIFIED', '' ) ;
#112 = CIRCLE ( 'NONE', #514, 1.300000000000000044 ) ;
#113 = ORIENTED_EDGE ( 'NONE', *, *, #717, .T. ) ;
#114 = ORIENTED_EDGE ( 'NONE', *, *, #57, .T. ) ;
#115 = AXIS2_PLACEMENT_3D ( 'NONE', #1263, #251, #559 ) ;
#116 = DESIGN_CONTEXT ( 'detailed design', #52, 'design' ) ;
#117 = AXIS2_PLACEMENT_3D ( 'NONE', #1141, #596, #33 ) ;
#118 = DATE_TIME_ROLE ( 'creation_date' ) ;
#119 = DIRECTION ( 'NONE',  ( 1.000000000000000000, 0.000000000000000000, 0.000000000000000000 ) ) ;
#120 = DIRECTION ( 'NONE',  ( 0.000000000000000000, 0.000000000000000000, -1.000000000000000000 ) ) ;
#121 = DIRECTION ( 'NONE',  ( 0.000000000000000000, 1.000000000000000000, 0.000000000000000000 ) ) ;
#122 = VERTEX_POINT ( 'NONE', #848 ) ;
#123 = AXIS2_PLACEMENT_3D ( 'NONE', #273, #267, #1166 ) ;
#124 = ADVANCED_FACE ( 'NONE', ( #283 ), #1072, .F. ) ;
#125 = ORIENTED_EDGE ( 'NONE', *, *, #1094, .F. ) ;
#126 = ORIENTED_EDGE ( 'NONE', *, *, #1081, .F. ) ;
#127 = EDGE_CURVE ( 'NONE', #474, #742, #628, .T. ) ;
#128 = CARTESIAN_POINT ( 'NONE',  ( 0.000000000000000000, 25.39999999999999858, 8.000000000000000000 ) ) ;
#129 = CARTESIAN_POINT ( 'NONE',  ( -14.00000000000000178, 28.00000000000000000, -12.00000000000000000 ) ) ;
#130 = FACE_OUTER_BOUND ( 'NONE', #687, .T. ) ;
#131 = ORIENTED_EDGE ( 'NONE', *, *, #1067, .T. ) ;
#132 = ORIENTED_EDGE ( 'NONE', *, *, #1033, .F. ) ;
#133 = AXIS2_PLACEMENT_3D ( 'NONE', #1391, #383, #835 ) ;
#134 = DIRECTION ( 'NONE',  ( -1.000000000000000000, 0.000000000000000000, 0.000000000000000000 ) ) ;
#135 = EDGE_CURVE ( 'NONE', #938, #1054, #322, .T. ) ;
#136 = DIRECTION ( 'NONE',  ( -0.000000000000000000, -1.000000000000000000, 0.000000000000000000 ) ) ;
#137 = VECTOR ( 'NONE', #539, 1000.000000000000000 ) ;
#138 = PLANE ( 'NONE',  #163 ) ;
#139 = VERTEX_POINT ( 'NONE', #531 ) ;
#140 = VECTOR ( 'NONE', #469, 1000.000000000000000 ) ;
#141 = EDGE_LOOP ( 'NONE', ( #202, #713, #333, #1452 ) ) ;
#142 = CARTESIAN_POINT ( 'NONE',  ( 0.000000000000000000, 25.39999999999999858, 16.99999999999999645 ) ) ;
#143 = DIRECTION ( 'NONE',  ( 0.000000000000000000, 0.000000000000000000, -1.000000000000000000 ) ) ;
#144 = ORIENTED_EDGE ( 'NONE', *, *, #408, .F. ) ;
#145 = FACE_OUTER_BOUND ( 'NONE', #370, .T. ) ;
#146 = VERTEX_POINT ( 'NONE', #987 ) ;
#147 = ADVANCED_FACE ( 'NONE', ( #421 ), #312, .T. ) ;
#148 = VECTOR ( 'NONE', #1422, 1000.000000000000000 ) ;
#149 = ORIENTED_EDGE ( 'NONE', *, *, #1002, .T. ) ;
#150 = CYLINDRICAL_SURFACE ( 'NONE', #571, 1.600000000000000755 ) ;
#151 = CARTESIAN_POINT ( 'NONE',  ( 17.39999999999999858, 25.39999999999999858, -6.500000000000000000 ) ) ;
#152 = ORIENTED_EDGE ( 'NONE', *, *, #1281, .F. ) ;
#153 = DIRECTION ( 'NONE',  ( 0.000000000000000000, 0.000000000000000000, -1.000000000000000000 ) ) ;
#154 = ORIENTED_EDGE ( 'NONE', *, *, #699, .F. ) ;
#155 = EDGE_CURVE ( 'NONE', #904, #1293, #756, .T. ) ;
#156 = FACE_OUTER_BOUND ( 'NONE', #1367, .T. ) ;
#157 = DIRECTION ( 'NONE',  ( -0.000000000000000000, 1.000000000000000000, -0.000000000000000000 ) ) ;
#158 = ORIENTED_EDGE ( 'NONE', *, *, #1415, .F. ) ;
#159 = DIRECTION ( 'NONE',  ( 0.000000000000000000, -1.000000000000000000, 0.000000000000000000 ) ) ;
#160 = LINE ( 'NONE', #843, #891 ) ;
#161 = EDGE_CURVE ( 'NONE', #905, #601, #866, .T. ) ;
#162 = CARTESIAN_POINT ( 'NONE',  ( -14.00000000000000000, 21.39999999999999858, 27.48472456110349427 ) ) ;
#163 = AXIS2_PLACEMENT_3D ( 'NONE', #563, #591, #686 ) ;
#164 = ORIENTED_EDGE ( 'NONE', *, *, #449, .T. ) ;
#165 = DIRECTION ( 'NONE',  ( 0.7380288120022734377, 0.6747691995449355273, 0.000000000000000000 ) ) ;
#166 = CARTESIAN_POINT ( 'NONE',  ( -7.000000000000000000, 21.39999999999999858, 13.00000000000000178 ) ) ;
#167 = VECTOR ( 'NONE', #622, 1000.000000000000000 ) ;
#168 = DIRECTION ( 'NONE',  ( -1.000000000000000000, 0.000000000000000000, 0.000000000000000000 ) ) ;
#169 = CYLINDRICAL_SURFACE ( 'NONE', #66, 2.999999999999999112 ) ;
#170 = DIRECTION ( 'NONE',  ( -1.000000000000000000, 0.000000000000000000, 0.000000000000000000 ) ) ;
#171 = VERTEX_POINT ( 'NONE', #875 ) ;
#172 = DIRECTION ( 'NONE',  ( 0.000000000000000000, 0.000000000000000000, 1.000000000000000000 ) ) ;
#173 = EDGE_CURVE ( 'NONE', #913, #841, #1216, .T. ) ;
#174 = CARTESIAN_POINT ( 'NONE',  ( -21.00000000000000000, 33.00000000000000000, 18.00000000000000000 ) ) ;
#175 = DIRECTION ( 'NONE',  ( 0.000000000000000000, 0.000000000000000000, -1.000000000000000000 ) ) ;
#176 = CIRCLE ( 'NONE', #133, 1.000000000000000888 ) ;
#177 = ORIENTED_EDGE ( 'NONE', *, *, #161, .T. ) ;
#178 = DIRECTION ( 'NONE',  ( 0.000000000000000000, -1.000000000000000000, 0.000000000000000000 ) ) ;
#179 = ADVANCED_BREP_SHAPE_REPRESENTATION ( 'ARM-004_Removable_yaw_servo_mount', ( #589, #301 ), #378 ) ;
#180 = DIRECTION ( 'NONE',  ( 0.000000000000000000, -1.000000000000000000, 0.000000000000000000 ) ) ;
#181 = LINE ( 'NONE', #1068, #1122 ) ;
#182 = ADVANCED_FACE ( 'NONE', ( #763 ), #901, .F. ) ;
#183 = PRODUCT_DEFINITION_SHAPE ( 'NONE', 'NONE',  #1413 ) ;
#184 = ORIENTED_EDGE ( 'NONE', *, *, #1171, .F. ) ;
#185 = CIRCLE ( 'NONE', #614, 2.000000000000000000 ) ;
#186 = EDGE_CURVE ( 'NONE', #810, #696, #1077, .T. ) ;
#187 = AXIS2_PLACEMENT_3D ( 'NONE', #941, #239, #819 ) ;
#188 = LINE ( 'NONE', #404, #907 ) ;
#189 = DIRECTION ( 'NONE',  ( 0.000000000000000000, 0.000000000000000000, -1.000000000000000000 ) ) ;
#190 = AXIS2_PLACEMENT_3D ( 'NONE', #68, #1205, #1102 ) ;
#191 = LINE ( 'NONE', #1206, #475 ) ;
#192 = CARTESIAN_POINT ( 'NONE',  ( -7.000000000000000000, 21.39999999999999858, 11.00000000000000000 ) ) ;
#193 = LINE ( 'NONE', #1092, #805 ) ;
#194 = EDGE_CURVE ( 'NONE', #724, #390, #1099, .T. ) ;
#195 = ORIENTED_EDGE ( 'NONE', *, *, #373, .T. ) ;
#196 = ADVANCED_FACE ( 'NONE', ( #658 ), #1108, .T. ) ;
#197 = CARTESIAN_POINT ( 'NONE',  ( -14.00000000000000178, 28.00000000000000000, 12.00000000000000000 ) ) ;
#198 = APPROVAL_ROLE ( '' ) ;
#199 = CARTESIAN_POINT ( 'NONE',  ( 20.00000000000000000, 25.39999999999999858, 0.000000000000000000 ) ) ;
#200 = DIRECTION ( 'NONE',  ( -1.000000000000000000, 0.000000000000000000, -0.000000000000000000 ) ) ;
#201 = CARTESIAN_POINT ( 'NONE',  ( -14.00000000000000000, 26.39999999999999858, 16.99999999999999645 ) ) ;
#202 = ORIENTED_EDGE ( 'NONE', *, *, #186, .T. ) ;
#203 = CIRCLE ( 'NONE', #1219, 2.999999999999999112 ) ;
#204 = EDGE_CURVE ( 'NONE', #1451, #938, #108, .T. ) ;
#205 = CARTESIAN_POINT ( 'NONE',  ( -7.000000000000000000, 21.39999999999999858, 16.00000000000000000 ) ) ;
#206 = EDGE_CURVE ( 'NONE', #860, #807, #970, .T. ) ;
#207 = DIRECTION ( 'NONE',  ( -0.000000000000000000, -1.000000000000000000, -0.000000000000000000 ) ) ;
#208 = CARTESIAN_POINT ( 'NONE',  ( -13.00000000000000178, 25.39999999999999858, 16.00000000000000000 ) ) ;
#209 = CARTESIAN_POINT ( 'NONE',  ( -13.00000000000000178, 25.39999999999999858, -16.00000000000000355 ) ) ;
#210 = ORIENTED_EDGE ( 'NONE', *, *, #872, .T. ) ;
#211 = CC_DESIGN_APPROVAL ( #277, ( #1413 ) ) ;
#212 = ORIENTED_EDGE ( 'NONE', *, *, #741, .F. ) ;
#213 = DIRECTION ( 'NONE',  ( -1.000000000000000000, 0.000000000000000000, 0.000000000000000000 ) ) ;
#214 = CARTESIAN_POINT ( 'NONE',  ( -9.000000000000000000, 21.39999999999999858, 0.000000000000000000 ) ) ;
#215 = CARTESIAN_POINT ( 'NONE',  ( -14.00000000000000000, 26.39999999999999858, 15.00000000000000000 ) ) ;
#216 = AXIS2_PLACEMENT_3D ( 'NONE', #954, #53, #1172 ) ;
#217 = DIRECTION ( 'NONE',  ( 0.000000000000000000, 0.000000000000000000, -1.000000000000000000 ) ) ;
#218 = ORIENTED_EDGE ( 'NONE', *, *, #161, .F. ) ;
#219 = ORIENTED_EDGE ( 'NONE', *, *, #850, .T. ) ;
#220 = VERTEX_POINT ( 'NONE', #1019 ) ;
#221 = CARTESIAN_POINT ( 'NONE',  ( -14.00000000000000178, 28.00000000000000000, -12.00000000000000000 ) ) ;
#222 = CARTESIAN_POINT ( 'NONE',  ( -4.000000000000000000, 21.39999999999999858, 0.000000000000000000 ) ) ;
#223 = EDGE_CURVE ( 'NONE', #679, #704, #413, .T. ) ;
#224 = DIRECTION ( 'NONE',  ( -1.000000000000000000, 0.000000000000000000, -0.000000000000000000 ) ) ;
#225 = ORIENTED_EDGE ( 'NONE', *, *, #1401, .T. ) ;
#226 = VERTEX_POINT ( 'NONE', #1115 ) ;
#227 = EDGE_LOOP ( 'NONE', ( #1093, #40, #1126, #281 ) ) ;
#228 = DIRECTION ( 'NONE',  ( -1.000000000000000000, 0.000000000000000000, 0.000000000000000000 ) ) ;
#229 = LINE ( 'NONE', #12, #1318 ) ;
#230 = LINE ( 'NONE', #911, #445 ) ;
#231 = VERTEX_POINT ( 'NONE', #100 ) ;
#232 = EDGE_CURVE ( 'NONE', #1007, #1024, #1097, .T. ) ;
#233 = AXIS2_PLACEMENT_3D ( 'NONE', #579, #1386, #5 ) ;
#234 = EDGE_LOOP ( 'NONE', ( #401, #177, #407, #359 ) ) ;
#235 = ORIENTED_EDGE ( 'NONE', *, *, #173, .T. ) ;
#236 = AXIS2_PLACEMENT_3D ( 'NONE', #221, #119, #454 ) ;
#237 = SHAPE_DEFINITION_REPRESENTATION ( #183, #179 ) ;
#238 = CARTESIAN_POINT ( 'NONE',  ( -6.400000000000000355, 25.39999999999999858, 0.000000000000000000 ) ) ;
#239 = DIRECTION ( 'NONE',  ( 0.000000000000000000, -1.000000000000000000, 0.000000000000000000 ) ) ;
#240 = LINE ( 'NONE', #814, #87 ) ;
#241 = EDGE_LOOP ( 'NONE', ( #1306, #859, #28, #852 ) ) ;
#242 = EDGE_CURVE ( 'NONE', #1086, #913, #1288, .T. ) ;
#243 = EDGE_CURVE ( 'NONE', #1381, #520, #304, .T. ) ;
#244 = ORIENTED_EDGE ( 'NONE', *, *, #689, .F. ) ;
#245 = EDGE_LOOP ( 'NONE', ( #749, #1039 ) ) ;
#246 = CARTESIAN_POINT ( 'NONE',  ( -13.00000000000000178, 26.39999999999999858, 18.00000000000000000 ) ) ;
#247 = CARTESIAN_POINT ( 'NONE',  ( -14.00000000000000178, 28.00000000000000000, 13.60000000000000142 ) ) ;
#248 = CARTESIAN_POINT ( 'NONE',  ( 25.00000000000000000, 25.39999999999999858, 16.99999999999999645 ) ) ;
#249 = ORIENTED_EDGE ( 'NONE', *, *, #110, .T. ) ;
#250 = ORIENTED_EDGE ( 'NONE', *, *, #243, .T. ) ;
#251 = DIRECTION ( 'NONE',  ( -0.000000000000000000, 1.000000000000000000, -0.000000000000000000 ) ) ;
#252 = VECTOR ( 'NONE', #553, 1000.000000000000000 ) ;
#253 = DIRECTION ( 'NONE',  ( -0.000000000000000000, 1.000000000000000000, -0.000000000000000000 ) ) ;
#254 = EDGE_LOOP ( 'NONE', ( #1285, #792, #1110, #244 ) ) ;
#255 = AXIS2_PLACEMENT_3D ( 'NONE', #664, #434, #1223 ) ;
#256 = AXIS2_PLACEMENT_3D ( 'NONE', #554, #791, #1235 ) ;
#257 = ORIENTED_EDGE ( 'NONE', *, *, #808, .F. ) ;
#258 = EDGE_CURVE ( 'NONE', #390, #349, #203, .T. ) ;
#259 = AXIS2_PLACEMENT_3D ( 'NONE', #246, #344, #812 ) ;
#260 = CARTESIAN_POINT ( 'NONE',  ( -13.00000000000000178, 24.39999999999999858, 18.00000000000000000 ) ) ;
#261 = DIRECTION ( 'NONE',  ( -0.000000000000000000, 1.000000000000000000, -0.000000000000000000 ) ) ;
#262 = ORIENTED_EDGE ( 'NONE', *, *, #521, .F. ) ;
#263 = EDGE_CURVE ( 'NONE', #894, #621, #455, .T. ) ;
#264 = DIRECTION ( 'NONE',  ( -1.000000000000000000, 0.000000000000000000, 0.000000000000000000 ) ) ;
#265 = ORIENTED_EDGE ( 'NONE', *, *, #850, .F. ) ;
#266 = CIRCLE ( 'NONE', #638, 1.000000000000000888 ) ;
#267 = DIRECTION ( 'NONE',  ( -1.000000000000000000, 0.000000000000000000, 0.000000000000000000 ) ) ;
#268 = DIRECTION ( 'NONE',  ( 0.000000000000000000, 0.000000000000000000, -1.000000000000000000 ) ) ;
#269 = ORIENTED_EDGE ( 'NONE', *, *, #1005, .F. ) ;
#270 = CARTESIAN_POINT ( 'NONE',  ( -21.00000000000000000, 33.00000000000000000, -18.00000000000000000 ) ) ;
#271 = ORIENTED_EDGE ( 'NONE', *, *, #1025, .F. ) ;
#272 = EDGE_CURVE ( 'NONE', #1253, #1004, #478, .T. ) ;
#273 = CARTESIAN_POINT ( 'NONE',  ( -13.00000000000000178, 24.39999999999999858, -16.99999999999999645 ) ) ;
#274 = EDGE_LOOP ( 'NONE', ( #897, #670, #738, #541 ) ) ;
#275 = CARTESIAN_POINT ( 'NONE',  ( 17.39999999999999858, 21.39999999999999858, 0.000000000000000000 ) ) ;
#276 = ORIENTED_EDGE ( 'NONE', *, *, #243, .F. ) ;
#277 = APPROVAL ( #411, 'UNSPECIFIED' ) ;
#278 = ADVANCED_FACE ( 'NONE', ( #570 ), #368, .T. ) ;
#279 = DIRECTION ( 'NONE',  ( 0.000000000000000000, 0.000000000000000000, -1.000000000000000000 ) ) ;
#280 = VECTOR ( 'NONE', #676, 1000.000000000000000 ) ;
#281 = ORIENTED_EDGE ( 'NONE', *, *, #1382, .F. ) ;
#282 = CARTESIAN_POINT ( 'NONE',  ( -4.000000000000000000, 25.39999999999999858, -11.00000000000000000 ) ) ;
#283 = FACE_OUTER_BOUND ( 'NONE', #1220, .T. ) ;
#284 = CIRCLE ( 'NONE', #688, 1.300000000000000044 ) ;
#285 = ORIENTED_EDGE ( 'NONE', *, *, #797, .T. ) ;
#286 = EDGE_CURVE ( 'NONE', #459, #366, #18, .T. ) ;
#287 = VECTOR ( 'NONE', #982, 1000.000000000000000 ) ;
#288 = CARTESIAN_POINT ( 'NONE',  ( -6.400000000000000355, 33.00000000000000000, -6.500000000000000000 ) ) ;
#289 = EDGE_LOOP ( 'NONE', ( #126, #1244, #8, #1165 ) ) ;
#290 = FACE_OUTER_BOUND ( 'NONE', #289, .T. ) ;
#291 = DIRECTION ( 'NONE',  ( 0.000000000000000000, 0.000000000000000000, -1.000000000000000000 ) ) ;
#292 = ORIENTED_EDGE ( 'NONE', *, *, #546, .T. ) ;
#293 = DIRECTION ( 'NONE',  ( -0.000000000000000000, 1.000000000000000000, -0.000000000000000000 ) ) ;
#294 = EDGE_CURVE ( 'NONE', #810, #967, #1163, .T. ) ;
#295 = DIRECTION ( 'NONE',  ( 0.000000000000000000, 0.000000000000000000, -1.000000000000000000 ) ) ;
#296 = VERTEX_POINT ( 'NONE', #1251 ) ;
#297 = AXIS2_PLACEMENT_3D ( 'NONE', #796, #463, #918 ) ;
#298 = ORIENTED_EDGE ( 'NONE', *, *, #1364, .T. ) ;
#299 = FACE_OUTER_BOUND ( 'NONE', #999, .T. ) ;
#300 = EDGE_CURVE ( 'NONE', #377, #821, #707, .T. ) ;
#301 = AXIS2_PLACEMENT_3D ( 'NONE', #1104, #672, #98 ) ;
#302 = AXIS2_PLACEMENT_3D ( 'NONE', #925, #1050, #1372 ) ;
#303 = DIRECTION ( 'NONE',  ( 0.000000000000000000, 1.000000000000000000, 0.000000000000000000 ) ) ;
#304 = LINE ( 'NONE', #1200, #844 ) ;
#305 = DIRECTION ( 'NONE',  ( 0.000000000000000000, 1.000000000000000000, 0.000000000000000000 ) ) ;
#306 = EDGE_LOOP ( 'NONE', ( #573, #164, #1188, #399, #1030, #598 ) ) ;
#307 = VECTOR ( 'NONE', #498, 1000.000000000000000 ) ;
#308 = CARTESIAN_POINT ( 'NONE',  ( 25.00000000000000000, 25.39999999999999858, -16.99999999999999645 ) ) ;
#309 = CARTESIAN_POINT ( 'NONE',  ( 0.000000000000000000, 25.39999999999999858, -6.500000000000000000 ) ) ;
#310 = VECTOR ( 'NONE', #1284, 1000.000000000000000 ) ;
#311 = CARTESIAN_POINT ( 'NONE',  ( -14.00000000000000000, 21.39999999999999858, 0.000000000000000000 ) ) ;
#312 = PLANE ( 'NONE',  #773 ) ;
#313 = FACE_BOUND ( 'NONE', #245, .T. ) ;
#314 = VERTEX_POINT ( 'NONE', #151 ) ;
#315 = ADVANCED_FACE ( 'NONE', ( #345 ), #813, .T. ) ;
#316 = DIRECTION ( 'NONE',  ( 0.000000000000000000, 0.000000000000000000, 1.000000000000000000 ) ) ;
#317 = DIRECTION ( 'NONE',  ( -1.000000000000000000, 0.000000000000000000, 0.000000000000000000 ) ) ;
#318 = CARTESIAN_POINT ( 'NONE',  ( -14.00000000000000000, 26.39999999999999858, -16.99999999999999645 ) ) ;
#319 = CARTESIAN_POINT ( 'NONE',  ( -13.00000000000000178, 21.39999999999999858, -15.00000000000000000 ) ) ;
#320 = CARTESIAN_POINT ( 'NONE',  ( -21.00000000000000000, 25.39999999999999858, 18.00000000000000000 ) ) ;
#321 = VERTEX_POINT ( 'NONE', #247 ) ;
#322 = CIRCLE ( 'NONE', #1150, 1.000000000000000888 ) ;
#323 = EDGE_CURVE ( 'NONE', #139, #104, #329, .T. ) ;
#324 = VERTEX_POINT ( 'NONE', #1048 ) ;
#325 = DIRECTION ( 'NONE',  ( 0.000000000000000000, 0.000000000000000000, -1.000000000000000000 ) ) ;
#326 = LINE ( 'NONE', #309, #951 ) ;
#327 = DIRECTION ( 'NONE',  ( 0.000000000000000000, -1.000000000000000000, 0.000000000000000000 ) ) ;
#328 = CARTESIAN_POINT ( 'NONE',  ( 0.000000000000000000, 21.39999999999999858, -16.00000000000000000 ) ) ;
#329 = CIRCLE ( 'NONE', #187, 2.999999999999999112 ) ;
#330 = CARTESIAN_POINT ( 'NONE',  ( -13.00000000000000178, 26.39999999999999858, -16.99999999999999645 ) ) ;
#331 = EDGE_LOOP ( 'NONE', ( #440, #451, #580, #922 ) ) ;
#332 = VECTOR ( 'NONE', #1224, 1000.000000000000000 ) ;
#333 = ORIENTED_EDGE ( 'NONE', *, *, #1261, .F. ) ;
#334 = ORIENTED_EDGE ( 'NONE', *, *, #689, .T. ) ;
#335 =( LENGTH_UNIT ( ) NAMED_UNIT ( * ) SI_UNIT ( .MILLI., .METRE. ) );
#336 = PLANE ( 'NONE',  #994 ) ;
#337 = DIRECTION ( 'NONE',  ( -0.000000000000000000, 1.000000000000000000, -0.000000000000000000 ) ) ;
#338 = VECTOR ( 'NONE', #639, 1000.000000000000000 ) ;
#339 = LINE ( 'NONE', #659, #280 ) ;
#340 = VERTEX_POINT ( 'NONE', #693 ) ;
#341 = ORIENTED_EDGE ( 'NONE', *, *, #186, .F. ) ;
#342 = ORIENTED_EDGE ( 'NONE', *, *, #1210, .F. ) ;
#343 = ADVANCED_FACE ( 'NONE', ( #1154 ), #26, .F. ) ;
#344 = DIRECTION ( 'NONE',  ( 0.000000000000000000, 0.000000000000000000, 1.000000000000000000 ) ) ;
#345 = FACE_OUTER_BOUND ( 'NONE', #331, .T. ) ;
#346 = CARTESIAN_POINT ( 'NONE',  ( -14.00000000000000000, 33.00000000000000000, -16.99999999999999645 ) ) ;
#347 = ORIENTED_EDGE ( 'NONE', *, *, #937, .T. ) ;
#348 = ORIENTED_EDGE ( 'NONE', *, *, #1053, .F. ) ;
#349 = VERTEX_POINT ( 'NONE', #683 ) ;
#350 = APPROVAL_STATUS ( 'not_yet_approved' ) ;
#351 = CARTESIAN_POINT ( 'NONE',  ( -14.00000000000000000, 21.39999999999999858, -15.00000000000000355 ) ) ;
#352 = FACE_OUTER_BOUND ( 'NONE', #548, .T. ) ;
#353 = APPROVAL ( #350, 'UNSPECIFIED' ) ;
#354 = DIRECTION ( 'NONE',  ( -0.000000000000000000, 1.000000000000000000, -0.000000000000000000 ) ) ;
#355 = ORIENTED_EDGE ( 'NONE', *, *, #300, .T. ) ;
#356 = APPROVAL_PERSON_ORGANIZATION ( #1231, #277, #198 ) ;
#357 = VECTOR ( 'NONE', #1243, 1000.000000000000000 ) ;
#358 = ORIENTED_EDGE ( 'NONE', *, *, #937, .F. ) ;
#359 = ORIENTED_EDGE ( 'NONE', *, *, #272, .F. ) ;
#360 = VECTOR ( 'NONE', #55, 1000.000000000000000 ) ;
#361 = FACE_OUTER_BOUND ( 'NONE', #855, .T. ) ;
#362 = DIRECTION ( 'NONE',  ( -1.000000000000000000, -0.000000000000000000, -0.000000000000000000 ) ) ;
#363 = DIRECTION ( 'NONE',  ( -0.000000000000000000, -1.000000000000000000, -0.000000000000000000 ) ) ;
#364 = ORIENTED_EDGE ( 'NONE', *, *, #73, .T. ) ;
#365 = EDGE_CURVE ( 'NONE', #905, #1253, #1133, .T. ) ;
#366 = VERTEX_POINT ( 'NONE', #578 ) ;
#367 = CARTESIAN_POINT ( 'NONE',  ( -21.00000000000000000, 28.00000000000000000, 12.00000000000000000 ) ) ;
#368 = CYLINDRICAL_SURFACE ( 'NONE', #776, 1.000000000000000888 ) ;
#369 = FACE_OUTER_BOUND ( 'NONE', #65, .T. ) ;
#370 = EDGE_LOOP ( 'NONE', ( #574, #447, #406, #1396 ) ) ;
#371 = CC_DESIGN_DATE_AND_TIME_ASSIGNMENT ( #1361, #118, ( #1413 ) ) ;
#372 = VERTEX_POINT ( 'NONE', #484 ) ;
#373 = EDGE_CURVE ( 'NONE', #1331, #102, #229, .T. ) ;
#374 = DIRECTION ( 'NONE',  ( -0.000000000000000000, 1.000000000000000000, -0.000000000000000000 ) ) ;
#375 = CARTESIAN_POINT ( 'NONE',  ( -9.000000000000000000, 25.39999999999999858, 1.300000000000000044 ) ) ;
#376 = FACE_OUTER_BOUND ( 'NONE', #1070, .T. ) ;
#377 = VERTEX_POINT ( 'NONE', #1385 ) ;
#378 =( GEOMETRIC_REPRESENTATION_CONTEXT ( 3 ) GLOBAL_UNCERTAINTY_ASSIGNED_CONTEXT ( ( #681 ) ) GLOBAL_UNIT_ASSIGNED_CONTEXT ( ( #335, #1444, #417 ) ) REPRESENTATION_CONTEXT ( 'NONE', 'WORKASPACE' ) );
#379 = CIRCLE ( 'NONE', #656, 1.000000000000000888 ) ;
#380 = VERTEX_POINT ( 'NONE', #375 ) ;
#381 = CIRCLE ( 'NONE', #1434, 1.600000000000000755 ) ;
#382 = LINE ( 'NONE', #162, #879 ) ;
#383 = DIRECTION ( 'NONE',  ( -0.000000000000000000, 1.000000000000000000, -0.000000000000000000 ) ) ;
#384 = VERTEX_POINT ( 'NONE', #1147 ) ;
#385 = DIRECTION ( 'NONE',  ( 0.000000000000000000, 0.000000000000000000, -1.000000000000000000 ) ) ;
#386 = ORIENTED_EDGE ( 'NONE', *, *, #727, .T. ) ;
#387 = AXIS2_PLACEMENT_3D ( 'NONE', #1213, #787, #1017 ) ;
#388 = FACE_OUTER_BOUND ( 'NONE', #234, .T. ) ;
#389 = ORIENTED_EDGE ( 'NONE', *, *, #1401, .F. ) ;
#390 = VERTEX_POINT ( 'NONE', #1363 ) ;
#391 = ADVANCED_FACE ( 'NONE', ( #826 ), #603, .F. ) ;
#392 = PLANE ( 'NONE',  #1204 ) ;
#393 = ORIENTED_EDGE ( 'NONE', *, *, #497, .F. ) ;
#394 = LINE ( 'NONE', #270, #167 ) ;
#395 = DIRECTION ( 'NONE',  ( -0.000000000000000000, 1.000000000000000000, -0.000000000000000000 ) ) ;
#396 = ADVANCED_FACE ( 'NONE', ( #352 ), #804, .T. ) ;
#397 = VECTOR ( 'NONE', #362, 1000.000000000000000 ) ;
#398 = CARTESIAN_POINT ( 'NONE',  ( 0.000000000000000000, 25.39999999999999858, -16.00000000000000000 ) ) ;
#399 = ORIENTED_EDGE ( 'NONE', *, *, #1192, .T. ) ;
#400 = ORIENTED_EDGE ( 'NONE', *, *, #1103, .T. ) ;
#401 = ORIENTED_EDGE ( 'NONE', *, *, #983, .T. ) ;
#402 = EDGE_CURVE ( 'NONE', #377, #1381, #176, .T. ) ;
#403 = CIRCLE ( 'NONE', #1138, 1.600000000000000755 ) ;
#404 = CARTESIAN_POINT ( 'NONE',  ( -6.400000000000000355, 21.39999999999999858, 0.000000000000000000 ) ) ;
#405 = CARTESIAN_POINT ( 'NONE',  ( -14.00000000000000000, 21.39999999999999858, 18.00000000000000000 ) ) ;
#406 = ORIENTED_EDGE ( 'NONE', *, *, #487, .F. ) ;
#407 = ORIENTED_EDGE ( 'NONE', *, *, #519, .T. ) ;
#408 = EDGE_CURVE ( 'NONE', #841, #1451, #508, .T. ) ;
#409 = FACE_OUTER_BOUND ( 'NONE', #690, .T. ) ;
#410 = ADVANCED_FACE ( 'NONE', ( #490 ), #1280, .F. ) ;
#411 = APPROVAL_STATUS ( 'not_yet_approved' ) ;
#412 = CARTESIAN_POINT ( 'NONE',  ( 0.000000000000000000, 21.39999999999999858, 0.000000000000000000 ) ) ;
#413 = LINE ( 'NONE', #436, #705 ) ;
#414 = FACE_OUTER_BOUND ( 'NONE', #9, .T. ) ;
#415 = ORIENTED_EDGE ( 'NONE', *, *, #535, .T. ) ;
#416 = CARTESIAN_POINT ( 'NONE',  ( -14.00000000000000000, 21.39999999999999858, -18.00000000000000000 ) ) ;
#417 =( NAMED_UNIT ( * ) SI_UNIT ( $, .STERADIAN. ) SOLID_ANGLE_UNIT ( ) );
#418 = EDGE_CURVE ( 'NONE', #1004, #601, #1450, .T. ) ;
#419 = VECTOR ( 'NONE', #101, 1000.000000000000000 ) ;
#420 = FACE_BOUND ( 'NONE', #1085, .T. ) ;
#421 = FACE_OUTER_BOUND ( 'NONE', #274, .T. ) ;
#422 = CARTESIAN_POINT ( 'NONE',  ( -6.400000000000000355, 25.39999999999999858, -6.500000000000000000 ) ) ;
#423 = ORIENTED_EDGE ( 'NONE', *, *, #823, .T. ) ;
#424 = VECTOR ( 'NONE', #1411, 1000.000000000000000 ) ;
#425 = DIRECTION ( 'NONE',  ( -1.000000000000000000, 0.000000000000000000, 0.000000000000000000 ) ) ;
#426 = CARTESIAN_POINT ( 'NONE',  ( -21.00000000000000000, 25.39999999999999858, -18.00000000000000000 ) ) ;
#427 = DIRECTION ( 'NONE',  ( 0.000000000000000000, -0.000000000000000000, -1.000000000000000000 ) ) ;
#428 = DIRECTION ( 'NONE',  ( -0.000000000000000000, 0.000000000000000000, 1.000000000000000000 ) ) ;
#429 = CC_DESIGN_PERSON_AND_ORGANIZATION_ASSIGNMENT ( #1269, #939, ( #1369 ) ) ;
#430 = CYLINDRICAL_SURFACE ( 'NONE', #1273, 2.999999999999999112 ) ;
#431 = VERTEX_POINT ( 'NONE', #642 ) ;
#432 = ORIENTED_EDGE ( 'NONE', *, *, #135, .T. ) ;
#433 = DIRECTION ( 'NONE',  ( -1.000000000000000000, -0.000000000000000000, -0.000000000000000000 ) ) ;
#434 = DIRECTION ( 'NONE',  ( 0.000000000000000000, 1.000000000000000000, 0.000000000000000000 ) ) ;
#435 = CARTESIAN_POINT ( 'NONE',  ( -6.400000000000000355, 33.00000000000000000, -6.500000000000000000 ) ) ;
#436 = CARTESIAN_POINT ( 'NONE',  ( -14.00000000000000178, 28.00000000000000000, 10.40000000000000036 ) ) ;
#437 = DIRECTION ( 'NONE',  ( -0.000000000000000000, 1.000000000000000000, -0.000000000000000000 ) ) ;
#438 = ORIENTED_EDGE ( 'NONE', *, *, #872, .F. ) ;
#439 = ADVANCED_FACE ( 'NONE', ( #1440 ), #430, .F. ) ;
#440 = ORIENTED_EDGE ( 'NONE', *, *, #1439, .F. ) ;
#441 = ORIENTED_EDGE ( 'NONE', *, *, #944, .F. ) ;
#442 = CARTESIAN_POINT ( 'NONE',  ( -21.00000000000000000, 28.00000000000000000, 13.60000000000000142 ) ) ;
#443 = LINE ( 'NONE', #1106, #332 ) ;
#444 = DIRECTION ( 'NONE',  ( -1.000000000000000000, 0.000000000000000000, 0.000000000000000000 ) ) ;
#445 = VECTOR ( 'NONE', #695, 1000.000000000000000 ) ;
#446 = DIRECTION ( 'NONE',  ( 0.000000000000000000, 0.000000000000000000, 1.000000000000000000 ) ) ;
#447 = ORIENTED_EDGE ( 'NONE', *, *, #1042, .F. ) ;
#448 = VECTOR ( 'NONE', #1140, 1000.000000000000000 ) ;
#449 = EDGE_CURVE ( 'NONE', #146, #1368, #379, .T. ) ;
#450 = ORIENTED_EDGE ( 'NONE', *, *, #1065, .T. ) ;
#451 = ORIENTED_EDGE ( 'NONE', *, *, #816, .T. ) ;
#452 = EDGE_CURVE ( 'NONE', #621, #459, #685, .T. ) ;
#453 = PERSON_AND_ORGANIZATION ( #1259, #111 ) ;
#454 = DIRECTION ( 'NONE',  ( 0.000000000000000000, 0.000000000000000000, -1.000000000000000000 ) ) ;
#455 = LINE ( 'NONE', #1035, #140 ) ;
#456 = CARTESIAN_POINT ( 'NONE',  ( -14.00000000000000000, 21.39999999999999858, 27.48472456110349427 ) ) ;
#457 = ORIENTED_EDGE ( 'NONE', *, *, #865, .F. ) ;
#458 = VERTEX_POINT ( 'NONE', #422 ) ;
#459 = VERTEX_POINT ( 'NONE', #884 ) ;
#460 = ADVANCED_FACE ( 'NONE', ( #877 ), #1063, .T. ) ;
#461 = CALENDAR_DATE ( 2026, 12, 9 ) ;
#462 = CARTESIAN_POINT ( 'NONE',  ( -14.00000000000000000, 21.39999999999999858, 15.00000000000000000 ) ) ;
#463 = DIRECTION ( 'NONE',  ( 0.000000000000000000, -1.000000000000000000, 0.000000000000000000 ) ) ;
#464 = DIRECTION ( 'NONE',  ( 0.000000000000000000, 0.000000000000000000, 1.000000000000000000 ) ) ;
#465 = ORIENTED_EDGE ( 'NONE', *, *, #1022, .F. ) ;
#466 = ORIENTED_EDGE ( 'NONE', *, *, #263, .T. ) ;
#467 = EDGE_LOOP ( 'NONE', ( #1209, #973, #945, #629 ) ) ;
#468 = CARTESIAN_POINT ( 'NONE',  ( -7.000000000000000000, 25.39999999999999858, -11.00000000000000000 ) ) ;
#469 = DIRECTION ( 'NONE',  ( 0.000000000000000000, 1.000000000000000000, -0.000000000000000000 ) ) ;
#470 = CYLINDRICAL_SURFACE ( 'NONE', #302, 1.000000000000000888 ) ;
#471 = ORIENTED_EDGE ( 'NONE', *, *, #1053, .T. ) ;
#472 = APPROVAL_PERSON_ORGANIZATION ( #453, #610, #31 ) ;
#473 = AXIS2_PLACEMENT_3D ( 'NONE', #27, #253, #1029 ) ;
#474 = VERTEX_POINT ( 'NONE', #1116 ) ;
#475 = VECTOR ( 'NONE', #327, 1000.000000000000000 ) ;
#476 = SECURITY_CLASSIFICATION_LEVEL ( 'unclassified' ) ;
#477 = CARTESIAN_POINT ( 'NONE',  ( -4.000000000000000000, 25.39999999999999858, 0.000000000000000000 ) ) ;
#478 = LINE ( 'NONE', #1028, #709 ) ;
#479 = CARTESIAN_POINT ( 'NONE',  ( -9.000000000000000000, 25.39999999999999858, 0.000000000000000000 ) ) ;
#480 = ORIENTED_EDGE ( 'NONE', *, *, #849, .F. ) ;
#481 = AXIS2_PLACEMENT_3D ( 'NONE', #41, #1074, #279 ) ;
#482 = ORIENTED_EDGE ( 'NONE', *, *, #1374, .F. ) ;
#483 = CARTESIAN_POINT ( 'NONE',  ( -13.00000000000000178, 24.39999999999999858, -18.00000000000000000 ) ) ;
#484 = CARTESIAN_POINT ( 'NONE',  ( 25.00000000000000000, 21.39999999999999858, -18.00000000000000000 ) ) ;
#485 = CARTESIAN_POINT ( 'NONE',  ( 25.00000000000000000, 25.39999999999999858, -18.00000000000000000 ) ) ;
#486 = VERTEX_POINT ( 'NONE', #1339 ) ;
#487 = EDGE_CURVE ( 'NONE', #1227, #967, #1080, .T. ) ;
#488 = EDGE_LOOP ( 'NONE', ( #1237, #980, #341, #79 ) ) ;
#489 = DIRECTION ( 'NONE',  ( 0.000000000000000000, -1.000000000000000000, 0.000000000000000000 ) ) ;
#490 = FACE_OUTER_BOUND ( 'NONE', #878, .T. ) ;
#491 = DIRECTION ( 'NONE',  ( -0.000000000000000000, -0.000000000000000000, -1.000000000000000000 ) ) ;
#492 = ORIENTED_EDGE ( 'NONE', *, *, #1210, .T. ) ;
#493 = VECTOR ( 'NONE', #295, 1000.000000000000000 ) ;
#494 = EDGE_LOOP ( 'NONE', ( #225, #549, #114, #113 ) ) ;
#495 = AXIS2_PLACEMENT_3D ( 'NONE', #214, #1084, #70 ) ;
#496 = LINE ( 'NONE', #1069, #721 ) ;
#497 = EDGE_CURVE ( 'NONE', #1057, #904, #903, .T. ) ;
#498 = DIRECTION ( 'NONE',  ( -0.000000000000000000, 1.000000000000000000, -0.000000000000000000 ) ) ;
#499 = DIRECTION ( 'NONE',  ( -1.000000000000000000, 0.000000000000000000, -0.000000000000000000 ) ) ;
#500 = VECTOR ( 'NONE', #168, 1000.000000000000000 ) ;
#501 = ADVANCED_FACE ( 'NONE', ( #313, #1109, #414 ), #78, .F. ) ;
#502 = DIRECTION ( 'NONE',  ( 0.000000000000000000, -1.000000000000000000, 0.000000000000000000 ) ) ;
#503 = ORIENTED_EDGE ( 'NONE', *, *, #504, .T. ) ;
#504 = EDGE_CURVE ( 'NONE', #349, #59, #764, .T. ) ;
#505 = LINE ( 'NONE', #1286, #869 ) ;
#506 = LINE ( 'NONE', #1287, #582 ) ;
#507 = CYLINDRICAL_SURFACE ( 'NONE', #739, 1.600000000000000755 ) ;
#508 = CIRCLE ( 'NONE', #1049, 2.999999999999999112 ) ;
#509 = LINE ( 'NONE', #50, #307 ) ;
#510 = DIRECTION ( 'NONE',  ( 1.000000000000000000, 0.000000000000000000, 0.000000000000000000 ) ) ;
#511 = VECTOR ( 'NONE', #674, 1000.000000000000000 ) ;
#512 = ORIENTED_EDGE ( 'NONE', *, *, #862, .F. ) ;
#513 = VECTOR ( 'NONE', #924, 1000.000000000000000 ) ;
#514 = AXIS2_PLACEMENT_3D ( 'NONE', #479, #354, #1380 ) ;
#515 = CARTESIAN_POINT ( 'NONE',  ( -7.000000000000000000, 25.39999999999999858, -8.000000000000000000 ) ) ;
#516 = AXIS2_PLACEMENT_3D ( 'NONE', #199, #648, #882 ) ;
#517 = DIRECTION ( 'NONE',  ( -0.000000000000000000, 1.000000000000000000, -0.000000000000000000 ) ) ;
#518 = LINE ( 'NONE', #64, #1307 ) ;
#519 = EDGE_CURVE ( 'NONE', #601, #1004, #1433, .T. ) ;
#520 = VERTEX_POINT ( 'NONE', #201 ) ;
#521 = EDGE_CURVE ( 'NONE', #296, #807, #979, .T. ) ;
#522 = VECTOR ( 'NONE', #1435, 1000.000000000000000 ) ;
#523 = FACE_OUTER_BOUND ( 'NONE', #1426, .T. ) ;
#524 = LINE ( 'NONE', #864, #88 ) ;
#525 = DIRECTION ( 'NONE',  ( -1.000000000000000000, 0.000000000000000000, 0.000000000000000000 ) ) ;
#526 = ORIENTED_EDGE ( 'NONE', *, *, #876, .T. ) ;
#527 = ADVANCED_FACE ( 'NONE', ( #1100 ), #1201, .F. ) ;
#528 = DIRECTION ( 'NONE',  ( 0.000000000000000000, -1.000000000000000000, 0.000000000000000000 ) ) ;
#529 = LINE ( 'NONE', #753, #830 ) ;
#530 = LINE ( 'NONE', #986, #1105 ) ;
#531 = CARTESIAN_POINT ( 'NONE',  ( -7.000000000000000000, 25.39999999999999858, -16.00000000000000000 ) ) ;
#532 = DIRECTION ( 'NONE',  ( 1.000000000000000000, -0.000000000000000000, 0.000000000000000000 ) ) ;
#533 = ORIENTED_EDGE ( 'NONE', *, *, #1022, .T. ) ;
#534 = CARTESIAN_POINT ( 'NONE',  ( -14.00000000000000178, 28.00000000000000000, -12.00000000000000000 ) ) ;
#535 = EDGE_CURVE ( 'NONE', #1381, #621, #339, .T. ) ;
#536 = DIRECTION ( 'NONE',  ( 1.000000000000000000, 0.000000000000000000, 0.000000000000000000 ) ) ;
#537 = AXIS2_PLACEMENT_3D ( 'NONE', #456, #572, #806 ) ;
#538 = CARTESIAN_POINT ( 'NONE',  ( -13.00000000000000178, 21.39999999999999858, -16.00000000000000000 ) ) ;
#539 = DIRECTION ( 'NONE',  ( 0.000000000000000000, -1.000000000000000000, 0.000000000000000000 ) ) ;
#540 = DIRECTION ( 'NONE',  ( 0.000000000000000000, 0.000000000000000000, -1.000000000000000000 ) ) ;
#541 = ORIENTED_EDGE ( 'NONE', *, *, #194, .T. ) ;
#542 = VECTOR ( 'NONE', #795, 1000.000000000000000 ) ;
#543 = CARTESIAN_POINT ( 'NONE',  ( -9.000000000000000000, 33.00000000000000000, 0.000000000000000000 ) ) ;
#544 = CARTESIAN_POINT ( 'NONE',  ( -7.000000000000000000, 21.39999999999999858, 16.00000000000000000 ) ) ;
#545 = DIRECTION ( 'NONE',  ( 1.000000000000000000, 0.000000000000000000, 0.000000000000000000 ) ) ;
#546 = EDGE_CURVE ( 'NONE', #1238, #671, #1248, .T. ) ;
#547 = DIRECTION ( 'NONE',  ( 0.000000000000000000, 0.000000000000000000, 1.000000000000000000 ) ) ;
#548 = EDGE_LOOP ( 'NONE', ( #1403, #364, #257, #1159 ) ) ;
#549 = ORIENTED_EDGE ( 'NONE', *, *, #1245, .T. ) ;
#550 = FACE_OUTER_BOUND ( 'NONE', #254, .T. ) ;
#551 = APPLICATION_PROTOCOL_DEFINITION ( 'international standard', 'config_control_design', 1994, #616 ) ;
#552 = CARTESIAN_POINT ( 'NONE',  ( -15.00000000000000000, 25.39999999999999858, 18.00000000000000000 ) ) ;
#553 = DIRECTION ( 'NONE',  ( 0.000000000000000000, 0.000000000000000000, -1.000000000000000000 ) ) ;
#554 = CARTESIAN_POINT ( 'NONE',  ( -21.00000000000000000, 28.00000000000000000, -12.00000000000000000 ) ) ;
#555 = EDGE_LOOP ( 'NONE', ( #400, #710 ) ) ;
#556 = EDGE_CURVE ( 'NONE', #520, #696, #193, .T. ) ;
#557 = ORIENTED_EDGE ( 'NONE', *, *, #1408, .T. ) ;
#558 = ORIENTED_EDGE ( 'NONE', *, *, #29, .T. ) ;
#559 = DIRECTION ( 'NONE',  ( 0.000000000000000000, 0.000000000000000000, -1.000000000000000000 ) ) ;
#560 = CARTESIAN_POINT ( 'NONE',  ( -13.58578643762690774, 25.39999999999999858, -16.00000000000000000 ) ) ;
#561 = VECTOR ( 'NONE', #779, 1000.000000000000000 ) ;
#562 = CIRCLE ( 'NONE', #473, 1.000000000000000888 ) ;
#563 = CARTESIAN_POINT ( 'NONE',  ( -6.400000000000000355, 33.00000000000000000, 6.500000000000000000 ) ) ;
#564 = ORIENTED_EDGE ( 'NONE', *, *, #286, .T. ) ;
#565 = AXIS2_PLACEMENT_3D ( 'NONE', #412, #1311, #427 ) ;
#566 = EDGE_CURVE ( 'NONE', #1007, #724, #1164, .T. ) ;
#567 = ORIENTED_EDGE ( 'NONE', *, *, #1025, .T. ) ;
#568 = COORDINATED_UNIVERSAL_TIME_OFFSET ( 6, 0, .BEHIND. ) ;
#569 = DIRECTION ( 'NONE',  ( 0.000000000000000000, 0.000000000000000000, -1.000000000000000000 ) ) ;
#570 = FACE_OUTER_BOUND ( 'NONE', #241, .T. ) ;
#571 = AXIS2_PLACEMENT_3D ( 'NONE', #602, #37, #834 ) ;
#572 = DIRECTION ( 'NONE',  ( 0.6747691995449355273, -0.7380288120022734377, 0.000000000000000000 ) ) ;
#573 = ORIENTED_EDGE ( 'NONE', *, *, #678, .F. ) ;
#574 = ORIENTED_EDGE ( 'NONE', *, *, #1192, .F. ) ;
#575 = EDGE_CURVE ( 'NONE', #1079, #366, #1195, .T. ) ;
#576 = COORDINATED_UNIVERSAL_TIME_OFFSET ( 6, 0, .BEHIND. ) ;
#577 = LINE ( 'NONE', #477, #1064 ) ;
#578 = CARTESIAN_POINT ( 'NONE',  ( -15.00000000000000000, 26.39999999999999858, -18.00000000000000000 ) ) ;
#579 = CARTESIAN_POINT ( 'NONE',  ( -13.00000000000000178, 26.39999999999999858, -18.00000000000000000 ) ) ;
#580 = ORIENTED_EDGE ( 'NONE', *, *, #1088, .T. ) ;
#581 = AXIS2_PLACEMENT_3D ( 'NONE', #38, #1056, #1167 ) ;
#582 = VECTOR ( 'NONE', #838, 1000.000000000000000 ) ;
#583 = ORIENTED_EDGE ( 'NONE', *, *, #613, .T. ) ;
#584 = VECTOR ( 'NONE', #1121, 1000.000000000000000 ) ;
#585 = PERSON_AND_ORGANIZATION_ROLE ( 'classification_officer' ) ;
#586 = EDGE_CURVE ( 'NONE', #822, #1006, #230, .T. ) ;
#587 = CARTESIAN_POINT ( 'NONE',  ( -21.00000000000000000, 28.00000000000000000, -10.40000000000000036 ) ) ;
#588 = CARTESIAN_POINT ( 'NONE',  ( -21.00000000000000000, 33.00000000000000000, 18.00000000000000000 ) ) ;
#589 = MANIFOLD_SOLID_BREP ( 'Boss-Extrude1', #800 ) ;
#590 = ADVANCED_FACE ( 'NONE', ( #369 ), #138, .T. ) ;
#591 = DIRECTION ( 'NONE',  ( 1.000000000000000000, 0.000000000000000000, 0.000000000000000000 ) ) ;
#592 = AXIS2_PLACEMENT_3D ( 'NONE', #1264, #143, #910 ) ;
#593 = ORIENTED_EDGE ( 'NONE', *, *, #373, .F. ) ;
#594 = EDGE_LOOP ( 'NONE', ( #955, #783, #533, #1193 ) ) ;
#595 = CARTESIAN_POINT ( 'NONE',  ( -14.00000000000000000, 33.00000000000000000, 8.000000000000000000 ) ) ;
#596 = DIRECTION ( 'NONE',  ( 0.000000000000000000, 1.000000000000000000, 0.000000000000000000 ) ) ;
#597 = CARTESIAN_POINT ( 'NONE',  ( -13.00000000000000178, 26.39999999999999858, 16.99999999999999645 ) ) ;
#598 = ORIENTED_EDGE ( 'NONE', *, *, #645, .T. ) ;
#599 = ADVANCED_FACE ( 'NONE', ( #1132 ), #719, .F. ) ;
#600 = AXIS2_PLACEMENT_3D ( 'NONE', #752, #293, #746 ) ;
#601 = VERTEX_POINT ( 'NONE', #798 ) ;
#602 = CARTESIAN_POINT ( 'NONE',  ( -14.00000000000000178, 28.00000000000000000, 12.00000000000000000 ) ) ;
#603 = CYLINDRICAL_SURFACE ( 'NONE', #297, 1.000000000000000888 ) ;
#604 = CARTESIAN_POINT ( 'NONE',  ( -14.00000000000000000, 25.39999999999999858, -8.000000000000000000 ) ) ;
#605 = ORIENTED_EDGE ( 'NONE', *, *, #1088, .F. ) ;
#606 = ADVANCED_FACE ( 'NONE', ( #1044 ), #820, .F. ) ;
#607 = DIRECTION ( 'NONE',  ( 0.000000000000000000, 0.000000000000000000, 1.000000000000000000 ) ) ;
#608 = DIRECTION ( 'NONE',  ( 0.000000000000000000, 1.000000000000000000, 0.000000000000000000 ) ) ;
#609 = FACE_OUTER_BOUND ( 'NONE', #1260, .T. ) ;
#610 = APPROVAL ( #1026, 'UNSPECIFIED' ) ;
#611 = VECTOR ( 'NONE', #189, 1000.000000000000000 ) ;
#612 = AXIS2_PLACEMENT_3D ( 'NONE', #1313, #758, #85 ) ;
#613 = EDGE_CURVE ( 'NONE', #1149, #520, #562, .T. ) ;
#614 = AXIS2_PLACEMENT_3D ( 'NONE', #1240, #923, #228 ) ;
#615 = FACE_BOUND ( 'NONE', #637, .T. ) ;
#616 = APPLICATION_CONTEXT ( 'configuration controlled 3d designs of mechanical parts and assemblies' ) ;
#617 = LINE ( 'NONE', #275, #711 ) ;
#618 = DIRECTION ( 'NONE',  ( -0.000000000000000000, 1.000000000000000000, -0.000000000000000000 ) ) ;
#619 = PLANE ( 'NONE',  #958 ) ;
#620 = ADVANCED_FACE ( 'NONE', ( #376 ), #708, .T. ) ;
#621 = VERTEX_POINT ( 'NONE', #346 ) ;
#622 = DIRECTION ( 'NONE',  ( -1.000000000000000000, -0.000000000000000000, -0.000000000000000000 ) ) ;
#623 = ADVANCED_FACE ( 'NONE', ( #1156 ), #828, .F. ) ;
#624 = CARTESIAN_POINT ( 'NONE',  ( -4.000000000000000000, 33.00000000000000000, -8.000000000000000000 ) ) ;
#625 = ORIENTED_EDGE ( 'NONE', *, *, #995, .F. ) ;
#626 = LINE ( 'NONE', #61, #1375 ) ;
#627 = LINE ( 'NONE', #837, #424 ) ;
#628 = LINE ( 'NONE', #1430, #584 ) ;
#629 = ORIENTED_EDGE ( 'NONE', *, *, #760, .F. ) ;
#630 = VECTOR ( 'NONE', #1327, 1000.000000000000000 ) ;
#631 = AXIS2_PLACEMENT_3D ( 'NONE', #1431, #437, #217 ) ;
#632 = CARTESIAN_POINT ( 'NONE',  ( -14.00000000000000178, 28.00000000000000000, -10.40000000000000036 ) ) ;
#633 = PRODUCT ( 'ARM-004_Removable_yaw_servo_mount', 'ARM-004_Removable_yaw_servo_mount', '', ( #1008 ) ) ;
#634 = CIRCLE ( 'NONE', #832, 1.000000000000000888 ) ;
#635 = CARTESIAN_POINT ( 'NONE',  ( -14.00000000000000178, 28.00000000000000000, -13.60000000000000142 ) ) ;
#636 = ORIENTED_EDGE ( 'NONE', *, *, #775, .F. ) ;
#637 = EDGE_LOOP ( 'NONE', ( #912, #16 ) ) ;
#638 = AXIS2_PLACEMENT_3D ( 'NONE', #976, #1089, #213 ) ;
#639 = DIRECTION ( 'NONE',  ( 0.000000000000000000, -1.000000000000000000, 0.000000000000000000 ) ) ;
#640 = LINE ( 'NONE', #552, #902 ) ;
#641 = CARTESIAN_POINT ( 'NONE',  ( -7.000000000000000000, 25.39999999999999858, 13.00000000000000178 ) ) ;
#642 = CARTESIAN_POINT ( 'NONE',  ( 25.00000000000000000, 21.39999999999999858, 18.00000000000000000 ) ) ;
#643 = VERTEX_POINT ( 'NONE', #919 ) ;
#644 = ADVANCED_FACE ( 'NONE', ( #130 ), #751, .T. ) ;
#645 = EDGE_CURVE ( 'NONE', #431, #372, #240, .T. ) ;
#646 = FACE_OUTER_BOUND ( 'NONE', #306, .T. ) ;
#647 = CALENDAR_DATE ( 2026, 12, 9 ) ;
#648 = DIRECTION ( 'NONE',  ( -0.000000000000000000, 1.000000000000000000, -0.000000000000000000 ) ) ;
#649 = CARTESIAN_POINT ( 'NONE',  ( -13.99999999999999645, 25.81421356237309439, 15.58578643762690419 ) ) ;
#650 = DIRECTION ( 'NONE',  ( 0.000000000000000000, 0.000000000000000000, -1.000000000000000000 ) ) ;
#651 = ORIENTED_EDGE ( 'NONE', *, *, #575, .F. ) ;
#652 = PRODUCT_RELATED_PRODUCT_CATEGORY ( 'detail', '', ( #633 ) ) ;
#653 = LINE ( 'NONE', #1083, #1162 ) ;
#654 = PERSON_AND_ORGANIZATION ( #1259, #111 ) ;
#655 = LOCAL_TIME ( 21, 57, 58.00000000000000000, #714 ) ;
#656 = AXIS2_PLACEMENT_3D ( 'NONE', #1003, #95, #1447 ) ;
#657 = DIRECTION ( 'NONE',  ( 1.000000000000000000, 0.000000000000000000, 0.000000000000000000 ) ) ;
#658 = FACE_OUTER_BOUND ( 'NONE', #1420, .T. ) ;
#659 = CARTESIAN_POINT ( 'NONE',  ( -14.00000000000000000, 33.00000000000000000, 18.00000000000000000 ) ) ;
#660 = ORIENTED_EDGE ( 'NONE', *, *, #204, .T. ) ;
#661 = ORIENTED_EDGE ( 'NONE', *, *, #1135, .T. ) ;
#662 = LINE ( 'NONE', #75, #287 ) ;
#663 = CIRCLE ( 'NONE', #1279, 2.999999999999999112 ) ;
#664 = CARTESIAN_POINT ( 'NONE',  ( -15.00000000000000000, 25.39999999999999858, 16.99999999999999645 ) ) ;
#665 = EDGE_CURVE ( 'NONE', #380, #14, #112, .T. ) ;
#666 = CARTESIAN_POINT ( 'NONE',  ( -14.00000000000000000, 33.00000000000000000, -16.00000000000000000 ) ) ;
#667 = CARTESIAN_POINT ( 'NONE',  ( 17.39999999999999858, 33.00000000000000000, 6.500000000000000000 ) ) ;
#668 = DIRECTION ( 'NONE',  ( -1.000000000000000000, 0.000000000000000000, 0.000000000000000000 ) ) ;
#669 = ORIENTED_EDGE ( 'NONE', *, *, #665, .T. ) ;
#670 = ORIENTED_EDGE ( 'NONE', *, *, #1234, .T. ) ;
#671 = VERTEX_POINT ( 'NONE', #1142 ) ;
#672 = DIRECTION ( 'NONE',  ( 0.000000000000000000, 0.000000000000000000, 1.000000000000000000 ) ) ;
#673 = LINE ( 'NONE', #1355, #448 ) ;
#674 = DIRECTION ( 'NONE',  ( 0.000000000000000000, -1.000000000000000000, 0.000000000000000000 ) ) ;
#675 = ADVANCED_FACE ( 'NONE', ( #145 ), #470, .T. ) ;
#676 = DIRECTION ( 'NONE',  ( -0.000000000000000000, -0.000000000000000000, -1.000000000000000000 ) ) ;
#677 = EDGE_LOOP ( 'NONE', ( #887, #6, #144, #438 ) ) ;
#678 = EDGE_CURVE ( 'NONE', #146, #372, #34, .T. ) ;
#679 = VERTEX_POINT ( 'NONE', #942 ) ;
#680 = VERTEX_POINT ( 'NONE', #248 ) ;
#681 = UNCERTAINTY_MEASURE_WITH_UNIT (LENGTH_MEASURE( 1.000000000000000082E-05 ), #335, 'distance_accuracy_value', 'NONE');
#682 = DIRECTION ( 'NONE',  ( 1.000000000000000000, 0.000000000000000000, -0.000000000000000000 ) ) ;
#683 = CARTESIAN_POINT ( 'NONE',  ( -7.000000000000000000, 21.39999999999999858, 8.000000000000000000 ) ) ;
#684 = LOCAL_TIME ( 21, 57, 58.00000000000000000, #1262 ) ;
#685 = CIRCLE ( 'NONE', #631, 1.000000000000000888 ) ;
#686 = DIRECTION ( 'NONE',  ( 0.000000000000000000, 0.000000000000000000, -1.000000000000000000 ) ) ;
#687 = EDGE_LOOP ( 'NONE', ( #1405, #1073, #1143, #1254 ) ) ;
#688 = AXIS2_PLACEMENT_3D ( 'NONE', #1418, #517, #385 ) ;
#689 = EDGE_CURVE ( 'NONE', #14, #827, #702, .T. ) ;
#690 = EDGE_LOOP ( 'NONE', ( #218, #906, #1031, #920 ) ) ;
#691 = ORIENTED_EDGE ( 'NONE', *, *, #1002, .F. ) ;
#692 = DIRECTION ( 'NONE',  ( 0.000000000000000000, 0.000000000000000000, 1.000000000000000000 ) ) ;
#693 = CARTESIAN_POINT ( 'NONE',  ( -4.000000000000000000, 21.39999999999999858, 13.00000000000000178 ) ) ;
#694 = CIRCLE ( 'NONE', #123, 1.000000000000000888 ) ;
#695 = DIRECTION ( 'NONE',  ( 0.000000000000000000, 0.000000000000000000, -1.000000000000000000 ) ) ;
#696 = VERTEX_POINT ( 'NONE', #1182 ) ;
#697 = VERTEX_POINT ( 'NONE', #282 ) ;
#698 = ORIENTED_EDGE ( 'NONE', *, *, #1042, .T. ) ;
#699 = EDGE_CURVE ( 'NONE', #821, #122, #853, .T. ) ;
#700 = CARTESIAN_POINT ( 'NONE',  ( -21.00000000000000000, 25.39999999999999858, -18.00000000000000000 ) ) ;
#701 = DIRECTION ( 'NONE',  ( -0.7380288120022734377, -0.6747691995449355273, 0.000000000000000000 ) ) ;
#702 = LINE ( 'NONE', #1148, #952 ) ;
#703 = ORIENTED_EDGE ( 'NONE', *, *, #155, .T. ) ;
#704 = VERTEX_POINT ( 'NONE', #1174 ) ;
#705 = VECTOR ( 'NONE', #1312, 1000.000000000000000 ) ;
#706 = DIRECTION ( 'NONE',  ( 0.000000000000000000, 0.000000000000000000, -1.000000000000000000 ) ) ;
#707 = LINE ( 'NONE', #588, #397 ) ;
#708 = PLANE ( 'NONE',  #537 ) ;
#709 = VECTOR ( 'NONE', #1041, 1000.000000000000000 ) ;
#710 = ORIENTED_EDGE ( 'NONE', *, *, #946, .T. ) ;
#711 = VECTOR ( 'NONE', #63, 1000.000000000000000 ) ;
#712 = VECTOR ( 'NONE', #1406, 1000.000000000000000 ) ;
#713 = ORIENTED_EDGE ( 'NONE', *, *, #556, .F. ) ;
#714 = COORDINATED_UNIVERSAL_TIME_OFFSET ( 6, 0, .BEHIND. ) ;
#715 = CARTESIAN_POINT ( 'NONE',  ( 20.00000000000000000, 21.39999999999999858, -1.299999999999999156 ) ) ;
#716 = DIRECTION ( 'NONE',  ( 0.000000000000000000, 0.000000000000000000, 1.000000000000000000 ) ) ;
#717 = EDGE_CURVE ( 'NONE', #1293, #324, #617, .T. ) ;
#718 = ORIENTED_EDGE ( 'NONE', *, *, #294, .T. ) ;
#719 = CYLINDRICAL_SURFACE ( 'NONE', #1016, 2.999999999999999112 ) ;
#720 = ORIENTED_EDGE ( 'NONE', *, *, #665, .F. ) ;
#721 = VECTOR ( 'NONE', #489, 1000.000000000000000 ) ;
#722 = LINE ( 'NONE', #963, #94 ) ;
#723 = CARTESIAN_POINT ( 'NONE',  ( -13.00000000000000178, 26.39999999999999858, 18.00000000000000000 ) ) ;
#724 = VERTEX_POINT ( 'NONE', #1061 ) ;
#725 = CARTESIAN_POINT ( 'NONE',  ( -21.00000000000000000, 33.00000000000000000, 18.00000000000000000 ) ) ;
#726 = ORIENTED_EDGE ( 'NONE', *, *, #1439, .T. ) ;
#727 = EDGE_CURVE ( 'NONE', #340, #390, #971, .T. ) ;
#728 = ADVANCED_FACE ( 'NONE', ( #949 ), #1303, .F. ) ;
#729 = LINE ( 'NONE', #959, #310 ) ;
#730 = LINE ( 'NONE', #847, #1316 ) ;
#731 = DIRECTION ( 'NONE',  ( -0.000000000000000000, 0.000000000000000000, 1.000000000000000000 ) ) ;
#732 = CC_DESIGN_APPROVAL ( #353, ( #1043 ) ) ;
#733 = AXIS2_PLACEMENT_3D ( 'NONE', #935, #21, #464 ) ;
#734 = VECTOR ( 'NONE', #134, 1000.000000000000000 ) ;
#735 = DIRECTION ( 'NONE',  ( 0.000000000000000000, 0.000000000000000000, -1.000000000000000000 ) ) ;
#736 = FACE_OUTER_BOUND ( 'NONE', #1383, .T. ) ;
#737 = DIRECTION ( 'NONE',  ( 0.000000000000000000, -1.000000000000000000, 0.000000000000000000 ) ) ;
#738 = ORIENTED_EDGE ( 'NONE', *, *, #566, .T. ) ;
#739 = AXIS2_PLACEMENT_3D ( 'NONE', #46, #1296, #825 ) ;
#740 = DIRECTION ( 'NONE',  ( 1.000000000000000000, 0.000000000000000000, 0.000000000000000000 ) ) ;
#741 = EDGE_CURVE ( 'NONE', #1021, #822, #730, .T. ) ;
#742 = VERTEX_POINT ( 'NONE', #604 ) ;
#743 = DIRECTION ( 'NONE',  ( 0.000000000000000000, 0.000000000000000000, 1.000000000000000000 ) ) ;
#744 = DIRECTION ( 'NONE',  ( 0.000000000000000000, -1.000000000000000000, 0.000000000000000000 ) ) ;
#745 = EDGE_LOOP ( 'NONE', ( #269, #35, #355, #1125, #1229, #1157, #1333, #1218 ) ) ;
#746 = DIRECTION ( 'NONE',  ( 0.000000000000000000, 0.000000000000000000, -1.000000000000000000 ) ) ;
#747 = EDGE_CURVE ( 'NONE', #807, #938, #505, .T. ) ;
#748 = LINE ( 'NONE', #842, #1131 ) ;
#749 = ORIENTED_EDGE ( 'NONE', *, *, #418, .F. ) ;
#750 = EDGE_LOOP ( 'NONE', ( #836, #1015, #1101, #184, #950, #348, #86, #1117, #1023, #1137, #661, #36, #30, #605, #718, #698 ) ) ;
#751 = TOROIDAL_SURFACE ( 'NONE', #62, 2.000000000000000000, 1.000000000000000000 ) ;
#752 = CARTESIAN_POINT ( 'NONE',  ( -13.00000000000000178, 21.39999999999999858, 15.00000000000000000 ) ) ;
#753 = CARTESIAN_POINT ( 'NONE',  ( 0.000000000000000000, 21.39999999999999858, 16.00000000000000000 ) ) ;
#754 = CIRCLE ( 'NONE', #115, 1.299999999999999156 ) ;
#755 = DIRECTION ( 'NONE',  ( 0.000000000000000000, -0.000000000000000000, -1.000000000000000000 ) ) ;
#756 = LINE ( 'NONE', #667, #137 ) ;
#757 = EDGE_CURVE ( 'NONE', #14, #380, #284, .T. ) ;
#758 = DIRECTION ( 'NONE',  ( -0.000000000000000000, 1.000000000000000000, -0.000000000000000000 ) ) ;
#759 = ORIENTED_EDGE ( 'NONE', *, *, #47, .T. ) ;
#760 = EDGE_CURVE ( 'NONE', #1054, #860, #509, .T. ) ;
#761 = LINE ( 'NONE', #205, #338 ) ;
#762 = FACE_BOUND ( 'NONE', #494, .T. ) ;
#763 = FACE_OUTER_BOUND ( 'NONE', #488, .T. ) ;
#764 = LINE ( 'NONE', #772, #419 ) ;
#765 = ORIENTED_EDGE ( 'NONE', *, *, #1394, .T. ) ;
#766 = ADVANCED_FACE ( 'NONE', ( #736 ), #1299, .T. ) ;
#767 = CARTESIAN_POINT ( 'NONE',  ( 25.00000000000000000, 25.39999999999999858, 18.00000000000000000 ) ) ;
#768 = LINE ( 'NONE', #984, #611 ) ;
#769 = CARTESIAN_POINT ( 'NONE',  ( -14.00000000000000000, 26.39999999999999858, -15.00000000000000000 ) ) ;
#770 = DIRECTION ( 'NONE',  ( 0.000000000000000000, 0.000000000000000000, -1.000000000000000000 ) ) ;
#771 = AXIS2_PLACEMENT_3D ( 'NONE', #166, #618, #291 ) ;
#772 = CARTESIAN_POINT ( 'NONE',  ( -7.000000000000000000, 25.39999999999999858, 8.000000000000000000 ) ) ;
#773 = AXIS2_PLACEMENT_3D ( 'NONE', #890, #200, #428 ) ;
#774 = ORIENTED_EDGE ( 'NONE', *, *, #797, .F. ) ;
#775 = EDGE_CURVE ( 'NONE', #822, #431, #956, .T. ) ;
#776 = AXIS2_PLACEMENT_3D ( 'NONE', #934, #1272, #716 ) ;
#777 = ORIENTED_EDGE ( 'NONE', *, *, #408, .T. ) ;
#778 = CARTESIAN_POINT ( 'NONE',  ( 17.39999999999999858, 21.39999999999999858, 6.500000000000000000 ) ) ;
#779 = DIRECTION ( 'NONE',  ( -0.000000000000000000, -1.000000000000000000, -0.000000000000000000 ) ) ;
#780 = DIRECTION ( 'NONE',  ( 0.000000000000000000, 0.000000000000000000, -1.000000000000000000 ) ) ;
#781 = CARTESIAN_POINT ( 'NONE',  ( -14.00000000000000178, 28.00000000000000000, -13.60000000000000142 ) ) ;
#782 = CARTESIAN_POINT ( 'NONE',  ( -21.00000000000000000, 28.00000000000000000, -12.00000000000000000 ) ) ;
#783 = ORIENTED_EDGE ( 'NONE', *, *, #223, .T. ) ;
#784 = EDGE_LOOP ( 'NONE', ( #636, #1236, #298, #726, #817, #386, #1134, #868, #492, #1343, #1181, #235, #777, #660, #432, #423, #22, #1376 ) ) ;
#785 = ORIENTED_EDGE ( 'NONE', *, *, #194, .F. ) ;
#786 = AXIS2_PLACEMENT_3D ( 'NONE', #468, #1370, #940 ) ;
#787 = DIRECTION ( 'NONE',  ( 0.000000000000000000, -1.000000000000000000, 0.000000000000000000 ) ) ;
#788 = LINE ( 'NONE', #1018, #1417 ) ;
#789 = ADVANCED_FACE ( 'NONE', ( #290 ), #169, .F. ) ;
#790 = DIRECTION ( 'NONE',  ( 0.000000000000000000, 0.000000000000000000, -1.000000000000000000 ) ) ;
#791 = DIRECTION ( 'NONE',  ( -1.000000000000000000, 0.000000000000000000, -0.000000000000000000 ) ) ;
#792 = ORIENTED_EDGE ( 'NONE', *, *, #886, .T. ) ;
#793 = EDGE_LOOP ( 'NONE', ( #1458, #669, #334, #998 ) ) ;
#794 = ORIENTED_EDGE ( 'NONE', *, *, #1325, .F. ) ;
#795 = DIRECTION ( 'NONE',  ( 0.000000000000000000, 0.000000000000000000, -1.000000000000000000 ) ) ;
#796 = CARTESIAN_POINT ( 'NONE',  ( -13.00000000000000178, 33.00000000000000000, -15.00000000000000000 ) ) ;
#797 = EDGE_CURVE ( 'NONE', #459, #122, #394, .T. ) ;
#798 = CARTESIAN_POINT ( 'NONE',  ( -21.00000000000000000, 28.00000000000000000, -13.60000000000000142 ) ) ;
#799 = ORIENTED_EDGE ( 'NONE', *, *, #1094, .T. ) ;
#800 = CLOSED_SHELL ( 'NONE', ( #1124, #623, #1342, #124, #916, #896, #501, #606, #1332, #981, #1222, #1398, #590, #766, #1346, #1203, #527, #728, #396, #67, #927, #147, #315, #196, #1242, #1295, #439, #789, #343, #599, #391, #278, #410, #460, #1179, #182, #975, #675, #644, #1449, #620 ) ) ;
#801 = ORIENTED_EDGE ( 'NONE', *, *, #944, .T. ) ;
#802 = APPROVAL_ROLE ( '' ) ;
#803 = CARTESIAN_POINT ( 'NONE',  ( -7.000000000000000000, 25.39999999999999858, 16.00000000000000000 ) ) ;
#804 = PLANE ( 'NONE',  #581 ) ;
#805 = VECTOR ( 'NONE', #540, 1000.000000000000000 ) ;
#806 = DIRECTION ( 'NONE',  ( 0.7380288120022734377, 0.6747691995449355273, 0.000000000000000000 ) ) ;
#807 = VERTEX_POINT ( 'NONE', #1395 ) ;
#808 = EDGE_CURVE ( 'NONE', #384, #1086, #1186, .T. ) ;
#809 = ORIENTED_EDGE ( 'NONE', *, *, #127, .T. ) ;
#810 = VERTEX_POINT ( 'NONE', #1402 ) ;
#811 = CALENDAR_DATE ( 2026, 12, 9 ) ;
#812 = DIRECTION ( 'NONE',  ( 1.000000000000000000, 0.000000000000000000, 0.000000000000000000 ) ) ;
#813 = PLANE ( 'NONE',  #592 ) ;
#814 = CARTESIAN_POINT ( 'NONE',  ( 25.00000000000000000, 21.39999999999999858, 18.00000000000000000 ) ) ;
#815 = ORIENTED_EDGE ( 'NONE', *, *, #865, .T. ) ;
#816 = EDGE_CURVE ( 'NONE', #231, #810, #627, .T. ) ;
#817 = ORIENTED_EDGE ( 'NONE', *, *, #74, .T. ) ;
#818 = DIRECTION ( 'NONE',  ( -0.000000000000000000, 0.000000000000000000, 1.000000000000000000 ) ) ;
#819 = DIRECTION ( 'NONE',  ( 0.000000000000000000, 0.000000000000000000, -1.000000000000000000 ) ) ;
#820 = PLANE ( 'NONE',  #1177 ) ;
#821 = VERTEX_POINT ( 'NONE', #725 ) ;
#822 = VERTEX_POINT ( 'NONE', #405 ) ;
#823 = EDGE_CURVE ( 'NONE', #1054, #1331, #748, .T. ) ;
#824 = APPROVAL_DATE_TIME ( #931, #610 ) ;
#825 = DIRECTION ( 'NONE',  ( 0.000000000000000000, 0.000000000000000000, 1.000000000000000000 ) ) ;
#826 = FACE_OUTER_BOUND ( 'NONE', #467, .T. ) ;
#827 = VERTEX_POINT ( 'NONE', #99 ) ;
#828 = CYLINDRICAL_SURFACE ( 'NONE', #733, 1.600000000000000755 ) ;
#829 = ORIENTED_EDGE ( 'NONE', *, *, #1408, .F. ) ;
#830 = VECTOR ( 'NONE', #536, 1000.000000000000000 ) ;
#831 = AXIS2_PLACEMENT_3D ( 'NONE', #320, #532, #650 ) ;
#832 = AXIS2_PLACEMENT_3D ( 'NONE', #32, #909, #569 ) ;
#833 = ORIENTED_EDGE ( 'NONE', *, *, #1310, .F. ) ;
#834 = DIRECTION ( 'NONE',  ( 0.000000000000000000, 0.000000000000000000, 1.000000000000000000 ) ) ;
#835 = DIRECTION ( 'NONE',  ( 0.000000000000000000, 0.000000000000000000, -1.000000000000000000 ) ) ;
#836 = ORIENTED_EDGE ( 'NONE', *, *, #1429, .T. ) ;
#837 = CARTESIAN_POINT ( 'NONE',  ( -13.00000000000000178, 33.00000000000000000, 16.00000000000000000 ) ) ;
#838 = DIRECTION ( 'NONE',  ( 0.000000000000000000, -1.000000000000000000, 0.000000000000000000 ) ) ;
#839 = CIRCLE ( 'NONE', #1324, 1.299999999999999156 ) ;
#840 = DIRECTION ( 'NONE',  ( -0.000000000000000000, 1.000000000000000000, -0.000000000000000000 ) ) ;
#841 = VERTEX_POINT ( 'NONE', #977 ) ;
#842 = CARTESIAN_POINT ( 'NONE',  ( -14.00000000000000000, 21.39999999999999858, 27.48472456110349427 ) ) ;
#843 = CARTESIAN_POINT ( 'NONE',  ( 20.00000000000000000, 33.00000000000000000, -1.299999999999999156 ) ) ;
#844 = VECTOR ( 'NONE', #77, 1000.000000000000000 ) ;
#845 = CARTESIAN_POINT ( 'NONE',  ( -14.00000000000000000, 23.00000000000000000, 18.00000000000000000 ) ) ;
#846 = ORIENTED_EDGE ( 'NONE', *, *, #1078, .T. ) ;
#847 = CARTESIAN_POINT ( 'NONE',  ( -14.00000000000000000, 21.39999999999999858, 18.00000000000000000 ) ) ;
#848 = CARTESIAN_POINT ( 'NONE',  ( -21.00000000000000000, 33.00000000000000000, -18.00000000000000000 ) ) ;
#849 = EDGE_CURVE ( 'NONE', #458, #486, #1321, .T. ) ;
#850 = EDGE_CURVE ( 'NONE', #1054, #384, #1114, .T. ) ;
#851 = CARTESIAN_POINT ( 'NONE',  ( -15.00000000000000000, 23.00000000000000000, -16.99999999999999645 ) ) ;
#852 = ORIENTED_EDGE ( 'NONE', *, *, #103, .F. ) ;
#853 = LINE ( 'NONE', #174, #1128 ) ;
#854 = EDGE_LOOP ( 'NONE', ( #125, #441 ) ) ;
#855 = EDGE_LOOP ( 'NONE', ( #774, #564, #651, #526, #72, #23, #195, #158 ) ) ;
#856 = AXIS2_PLACEMENT_3D ( 'NONE', #543, #528, #325 ) ;
#857 = DIRECTION ( 'NONE',  ( -1.000000000000000000, 0.000000000000000000, -0.000000000000000000 ) ) ;
#858 = CARTESIAN_POINT ( 'NONE',  ( -21.00000000000000000, 21.39999999999999858, 18.00000000000000000 ) ) ;
#859 = ORIENTED_EDGE ( 'NONE', *, *, #876, .F. ) ;
#860 = VERTEX_POINT ( 'NONE', #769 ) ;
#861 = DIRECTION ( 'NONE',  ( 1.000000000000000000, 0.000000000000000000, 0.000000000000000000 ) ) ;
#862 = EDGE_CURVE ( 'NONE', #1149, #377, #640, .T. ) ;
#863 = CARTESIAN_POINT ( 'NONE',  ( -14.00000000000000178, 28.00000000000000000, 13.60000000000000142 ) ) ;
#864 = CARTESIAN_POINT ( 'NONE',  ( 25.00000000000000000, 25.39999999999999858, 18.00000000000000000 ) ) ;
#865 = EDGE_CURVE ( 'NONE', #904, #314, #1098, .T. ) ;
#866 = LINE ( 'NONE', #781, #1336 ) ;
#867 = DIRECTION ( 'NONE',  ( 0.000000000000000000, -1.000000000000000000, 0.000000000000000000 ) ) ;
#868 = ORIENTED_EDGE ( 'NONE', *, *, #81, .T. ) ;
#869 = VECTOR ( 'NONE', #1290, 1000.000000000000000 ) ;
#870 = PLANE ( 'NONE',  #7 ) ;
#871 = CARTESIAN_POINT ( 'NONE',  ( 0.000000000000000000, 21.39999999999999858, -6.500000000000000000 ) ) ;
#872 = EDGE_CURVE ( 'NONE', #104, #841, #83, .T. ) ;
#873 = VECTOR ( 'NONE', #1348, 1000.000000000000000 ) ;
#874 = CARTESIAN_POINT ( 'NONE',  ( 0.000000000000000000, 25.39999999999999858, 0.000000000000000000 ) ) ;
#875 = CARTESIAN_POINT ( 'NONE',  ( 20.00000000000000000, 25.39999999999999858, -1.299999999999999156 ) ) ;
#876 = EDGE_CURVE ( 'NONE', #1079, #146, #443, .T. ) ;
#877 = FACE_OUTER_BOUND ( 'NONE', #1123, .T. ) ;
#878 = EDGE_LOOP ( 'NONE', ( #921, #262, #1301, #691 ) ) ;
#879 = VECTOR ( 'NONE', #1185, 1000.000000000000000 ) ;
#880 = PLANE ( 'NONE',  #1298 ) ;
#881 = LINE ( 'NONE', #871, #630 ) ;
#882 = DIRECTION ( 'NONE',  ( 0.000000000000000000, 0.000000000000000000, -1.000000000000000000 ) ) ;
#883 = DIRECTION ( 'NONE',  ( -0.000000000000000000, 1.000000000000000000, -0.000000000000000000 ) ) ;
#884 = CARTESIAN_POINT ( 'NONE',  ( -15.00000000000000000, 33.00000000000000000, -18.00000000000000000 ) ) ;
#885 = ORIENTED_EDGE ( 'NONE', *, *, #849, .T. ) ;
#886 = EDGE_CURVE ( 'NONE', #380, #226, #530, .T. ) ;
#887 = ORIENTED_EDGE ( 'NONE', *, *, #323, .F. ) ;
#888 = LINE ( 'NONE', #1302, #522 ) ;
#889 = CARTESIAN_POINT ( 'NONE',  ( 17.39999999999999858, 25.39999999999999858, 0.000000000000000000 ) ) ;
#890 = CARTESIAN_POINT ( 'NONE',  ( -4.000000000000000000, 33.00000000000000000, 16.00000000000000000 ) ) ;
#891 = VECTOR ( 'NONE', #737, 1000.000000000000000 ) ;
#892 = DIRECTION ( 'NONE',  ( 1.000000000000000000, 0.000000000000000000, 0.000000000000000000 ) ) ;
#893 = AXIS2_PLACEMENT_3D ( 'NONE', #641, #1091, #1349 ) ;
#894 = VERTEX_POINT ( 'NONE', #318 ) ;
#895 = CC_DESIGN_DATE_AND_TIME_ASSIGNMENT ( #908, #915, ( #1043 ) ) ;
#896 = ADVANCED_FACE ( 'NONE', ( #1009, #996, #420, #1199 ), #336, .F. ) ;
#897 = ORIENTED_EDGE ( 'NONE', *, *, #727, .F. ) ;
#898 = ORIENTED_EDGE ( 'NONE', *, *, #155, .F. ) ;
#899 = PERSON_AND_ORGANIZATION_ROLE ( 'design_owner' ) ;
#900 = DIRECTION ( 'NONE',  ( -0.000000000000000000, 0.000000000000000000, 1.000000000000000000 ) ) ;
#901 = CYLINDRICAL_SURFACE ( 'NONE', #1038, 1.000000000000000888 ) ;
#902 = VECTOR ( 'NONE', #303, 1000.000000000000000 ) ;
#903 = LINE ( 'NONE', #1208, #1461 ) ;
#904 = VERTEX_POINT ( 'NONE', #92 ) ;
#905 = VERTEX_POINT ( 'NONE', #635 ) ;
#906 = ORIENTED_EDGE ( 'NONE', *, *, #365, .T. ) ;
#907 = VECTOR ( 'NONE', #1000, 1000.000000000000000 ) ;
#908 = DATE_AND_TIME ( #461, #684 ) ;
#909 = DIRECTION ( 'NONE',  ( -0.000000000000000000, 1.000000000000000000, -0.000000000000000000 ) ) ;
#910 = DIRECTION ( 'NONE',  ( -1.000000000000000000, 0.000000000000000000, -0.000000000000000000 ) ) ;
#911 = CARTESIAN_POINT ( 'NONE',  ( -14.00000000000000000, 21.39999999999999858, 27.48472456110349427 ) ) ;
#912 = ORIENTED_EDGE ( 'NONE', *, *, #983, .F. ) ;
#913 = VERTEX_POINT ( 'NONE', #1190 ) ;
#914 = VERTEX_POINT ( 'NONE', #544 ) ;
#915 = DATE_TIME_ROLE ( 'classification_date' ) ;
#916 = ADVANCED_FACE ( 'NONE', ( #1001, #76, #762, #1445 ), #1455, .T. ) ;
#917 = CARTESIAN_POINT ( 'NONE',  ( -6.400000000000000355, 25.39999999999999858, 6.500000000000000000 ) ) ;
#918 = DIRECTION ( 'NONE',  ( 0.000000000000000000, 0.000000000000000000, -1.000000000000000000 ) ) ;
#919 = CARTESIAN_POINT ( 'NONE',  ( 20.00000000000000000, 25.39999999999999858, 1.299999999999999156 ) ) ;
#920 = ORIENTED_EDGE ( 'NONE', *, *, #418, .T. ) ;
#921 = ORIENTED_EDGE ( 'NONE', *, *, #206, .T. ) ;
#922 = ORIENTED_EDGE ( 'NONE', *, *, #1382, .T. ) ;
#923 = DIRECTION ( 'NONE',  ( -0.000000000000000000, -0.000000000000000000, 1.000000000000000000 ) ) ;
#924 = DIRECTION ( 'NONE',  ( -0.000000000000000000, -0.000000000000000000, 1.000000000000000000 ) ) ;
#925 = CARTESIAN_POINT ( 'NONE',  ( 0.000000000000000000, 24.39999999999999858, 16.99999999999999645 ) ) ;
#926 = ORIENTED_EDGE ( 'NONE', *, *, #263, .F. ) ;
#927 = ADVANCED_FACE ( 'NONE', ( #1215 ), #1337, .T. ) ;
#928 = CIRCLE ( 'NONE', #1277, 1.600000000000000755 ) ;
#929 = AXIS2_PLACEMENT_3D ( 'NONE', #782, #224, #997 ) ;
#930 = ORIENTED_EDGE ( 'NONE', *, *, #586, .F. ) ;
#931 = DATE_AND_TIME ( #811, #1127 ) ;
#932 = CARTESIAN_POINT ( 'NONE',  ( -14.00000000000000000, 26.39999999999999858, -18.00000000000000000 ) ) ;
#933 = CIRCLE ( 'NONE', #216, 1.000000000000000888 ) ;
#934 = CARTESIAN_POINT ( 'NONE',  ( 0.000000000000000000, 24.39999999999999858, -16.99999999999999645 ) ) ;
#935 = CARTESIAN_POINT ( 'NONE',  ( -14.00000000000000178, 28.00000000000000000, 12.00000000000000000 ) ) ;
#936 = EDGE_LOOP ( 'NONE', ( #1268, #105, #1046, #1012 ) ) ;
#937 = EDGE_CURVE ( 'NONE', #1057, #220, #191, .T. ) ;
#938 = VERTEX_POINT ( 'NONE', #538 ) ;
#939 = PERSON_AND_ORGANIZATION_ROLE ( 'creator' ) ;
#940 = DIRECTION ( 'NONE',  ( 0.000000000000000000, 0.000000000000000000, -1.000000000000000000 ) ) ;
#941 = CARTESIAN_POINT ( 'NONE',  ( -7.000000000000000000, 25.39999999999999858, -13.00000000000000178 ) ) ;
#942 = CARTESIAN_POINT ( 'NONE',  ( -14.00000000000000178, 28.00000000000000000, 10.40000000000000036 ) ) ;
#943 = ORIENTED_EDGE ( 'NONE', *, *, #81, .F. ) ;
#944 = EDGE_CURVE ( 'NONE', #643, #171, #1294, .T. ) ;
#945 = ORIENTED_EDGE ( 'NONE', *, *, #206, .F. ) ;
#946 = EDGE_CURVE ( 'NONE', #226, #827, #1345, .T. ) ;
#947 = FACE_OUTER_BOUND ( 'NONE', #1353, .T. ) ;
#948 = CARTESIAN_POINT ( 'NONE',  ( -7.000000000000000000, 21.39999999999999858, -13.00000000000000178 ) ) ;
#949 = FACE_OUTER_BOUND ( 'NONE', #793, .T. ) ;
#950 = ORIENTED_EDGE ( 'NONE', *, *, #323, .T. ) ;
#951 = VECTOR ( 'NONE', #1198, 1000.000000000000000 ) ;
#952 = VECTOR ( 'NONE', #159, 1000.000000000000000 ) ;
#953 = VECTOR ( 'NONE', #1034, 1000.000000000000000 ) ;
#954 = CARTESIAN_POINT ( 'NONE',  ( 25.00000000000000000, 24.39999999999999858, 16.99999999999999645 ) ) ;
#955 = ORIENTED_EDGE ( 'NONE', *, *, #1310, .T. ) ;
#956 = LINE ( 'NONE', #858, #712 ) ;
#957 = CARTESIAN_POINT ( 'NONE',  ( -9.000000000000000000, 25.39999999999999858, -1.300000000000000044 ) ) ;
#958 = AXIS2_PLACEMENT_3D ( 'NONE', #288, #1399, #740 ) ;
#959 = CARTESIAN_POINT ( 'NONE',  ( -21.00000000000000000, 25.39999999999999858, 18.00000000000000000 ) ) ;
#960 = DIRECTION ( 'NONE',  ( -1.000000000000000000, 0.000000000000000000, -0.000000000000000000 ) ) ;
#961 = LINE ( 'NONE', #1407, #1453 ) ;
#962 = VECTOR ( 'NONE', #510, 1000.000000000000000 ) ;
#963 = CARTESIAN_POINT ( 'NONE',  ( -7.000000000000000000, 25.39999999999999858, -16.00000000000000000 ) ) ;
#964 = CARTESIAN_POINT ( 'NONE',  ( -6.400000000000000355, 33.00000000000000000, 6.500000000000000000 ) ) ;
#965 = EDGE_LOOP ( 'NONE', ( #292, #131 ) ) ;
#966 = VECTOR ( 'NONE', #136, 1000.000000000000000 ) ;
#967 = VERTEX_POINT ( 'NONE', #1328 ) ;
#968 = EDGE_CURVE ( 'NONE', #96, #431, #524, .T. ) ;
#969 = DIRECTION ( 'NONE',  ( -1.000000000000000000, 0.000000000000000000, 0.000000000000000000 ) ) ;
#970 =( BOUNDED_CURVE ( )  B_SPLINE_CURVE ( 3, ( #1446, #1010, #560, #1225 ),
 .UNSPECIFIED., .F., .F. ) 
 B_SPLINE_CURVE_WITH_KNOTS ( ( 4, 4 ),
 ( 1.570796326794895670, 3.141592653589793116 ),
 .UNSPECIFIED. ) 
 CURVE ( )  GEOMETRIC_REPRESENTATION_ITEM ( )  RATIONAL_B_SPLINE_CURVE ( ( 1.000000000000000000, 0.8047378541243648264, 0.8047378541243648264, 1.000000000000000000 ) ) 
 REPRESENTATION_ITEM ( '' )  );
#971 = LINE ( 'NONE', #1283, #493 ) ;
#972 = EDGE_LOOP ( 'NONE', ( #482, #801, #558, #1144 ) ) ;
#973 = ORIENTED_EDGE ( 'NONE', *, *, #747, .F. ) ;
#974 = VECTOR ( 'NONE', #178, 1000.000000000000000 ) ;
#975 = ADVANCED_FACE ( 'NONE', ( #1232 ), #1256, .F. ) ;
#976 = CARTESIAN_POINT ( 'NONE',  ( -13.00000000000000178, 26.39999999999999858, 16.99999999999999645 ) ) ;
#977 = CARTESIAN_POINT ( 'NONE',  ( -4.000000000000000000, 21.39999999999999858, -13.00000000000000178 ) ) ;
#978 = CARTESIAN_POINT ( 'NONE',  ( 25.00000000000000000, 24.39999999999999858, 18.00000000000000000 ) ) ;
#979 = LINE ( 'NONE', #209, #1393 ) ;
#980 = ORIENTED_EDGE ( 'NONE', *, *, #47, .F. ) ;
#981 = ADVANCED_FACE ( 'NONE', ( #361 ), #25, .F. ) ;
#982 = DIRECTION ( 'NONE',  ( 0.000000000000000000, 0.000000000000000000, -1.000000000000000000 ) ) ;
#983 = EDGE_CURVE ( 'NONE', #1253, #905, #1082, .T. ) ;
#984 = CARTESIAN_POINT ( 'NONE',  ( 25.00000000000000000, 25.39999999999999858, 18.00000000000000000 ) ) ;
#985 = AXIS2_PLACEMENT_3D ( 'NONE', #624, #499, #731 ) ;
#986 = CARTESIAN_POINT ( 'NONE',  ( -9.000000000000000000, 33.00000000000000000, 1.300000000000000044 ) ) ;
#987 = CARTESIAN_POINT ( 'NONE',  ( 25.00000000000000000, 24.39999999999999858, -18.00000000000000000 ) ) ;
#988 = DIRECTION ( 'NONE',  ( 0.000000000000000000, 0.000000000000000000, 1.000000000000000000 ) ) ;
#989 = ORIENTED_EDGE ( 'NONE', *, *, #258, .F. ) ;
#990 = LOCAL_TIME ( 21, 57, 58.00000000000000000, #576 ) ;
#991 = AXIS2_PLACEMENT_3D ( 'NONE', #1425, #668, #446 ) ;
#992 = CARTESIAN_POINT ( 'NONE',  ( 17.39999999999999858, 33.00000000000000000, 6.500000000000000000 ) ) ;
#993 = APPLICATION_PROTOCOL_DEFINITION ( 'international standard', 'config_control_design', 1994, #52 ) ;
#994 = AXIS2_PLACEMENT_3D ( 'NONE', #874, #1437, #755 ) ;
#995 = EDGE_CURVE ( 'NONE', #1266, #1006, #673, .T. ) ;
#996 = FACE_BOUND ( 'NONE', #854, .T. ) ;
#997 = DIRECTION ( 'NONE',  ( 0.000000000000000000, 0.000000000000000000, -1.000000000000000000 ) ) ;
#998 = ORIENTED_EDGE ( 'NONE', *, *, #946, .F. ) ;
#999 = EDGE_LOOP ( 'NONE', ( #815, #1344, #1173, #898 ) ) ;
#1000 = DIRECTION ( 'NONE',  ( -0.000000000000000000, 0.000000000000000000, 1.000000000000000000 ) ) ;
#1001 = FACE_BOUND ( 'NONE', #555, .T. ) ;
#1002 = EDGE_CURVE ( 'NONE', #860, #894, #1047, .T. ) ;
#1003 = CARTESIAN_POINT ( 'NONE',  ( 25.00000000000000000, 24.39999999999999858, -16.99999999999999645 ) ) ;
#1004 = VERTEX_POINT ( 'NONE', #587 ) ;
#1005 = EDGE_CURVE ( 'NONE', #1149, #1227, #185, .T. ) ;
#1006 = VERTEX_POINT ( 'NONE', #462 ) ;
#1007 = VERTEX_POINT ( 'NONE', #1146 ) ;
#1008 = MECHANICAL_CONTEXT ( 'NONE', #616, 'mechanical' ) ;
#1009 = FACE_BOUND ( 'NONE', #1373, .T. ) ;
#1010 = CARTESIAN_POINT ( 'NONE',  ( -13.99999999999999822, 25.81421356237309794, -15.58578643762690419 ) ) ;
#1011 = DIRECTION ( 'NONE',  ( -0.000000000000000000, -0.000000000000000000, 1.000000000000000000 ) ) ;
#1012 = ORIENTED_EDGE ( 'NONE', *, *, #1155, .T. ) ;
#1013 = EDGE_CURVE ( 'NONE', #59, #474, #1130, .T. ) ;
#1014 = ORIENTED_EDGE ( 'NONE', *, *, #497, .T. ) ;
#1015 = ORIENTED_EDGE ( 'NONE', *, *, #103, .T. ) ;
#1016 = AXIS2_PLACEMENT_3D ( 'NONE', #1358, #121, #1265 ) ;
#1017 = DIRECTION ( 'NONE',  ( 0.000000000000000000, -0.000000000000000000, -1.000000000000000000 ) ) ;
#1018 = CARTESIAN_POINT ( 'NONE',  ( 0.000000000000000000, 25.39999999999999858, 16.00000000000000000 ) ) ;
#1019 = CARTESIAN_POINT ( 'NONE',  ( -6.400000000000000355, 21.39999999999999858, 6.500000000000000000 ) ) ;
#1020 = CARTESIAN_POINT ( 'NONE',  ( -4.000000000000000000, 25.39999999999999858, 0.000000000000000000 ) ) ;
#1021 = VERTEX_POINT ( 'NONE', #1120 ) ;
#1022 = EDGE_CURVE ( 'NONE', #704, #1462, #928, .T. ) ;
#1023 = ORIENTED_EDGE ( 'NONE', *, *, #127, .F. ) ;
#1024 = VERTEX_POINT ( 'NONE', #803 ) ;
#1025 = EDGE_CURVE ( 'NONE', #894, #366, #634, .T. ) ;
#1026 = APPROVAL_STATUS ( 'not_yet_approved' ) ;
#1027 = LINE ( 'NONE', #142, #1196 ) ;
#1028 = CARTESIAN_POINT ( 'NONE',  ( -14.00000000000000178, 28.00000000000000000, -10.40000000000000036 ) ) ;
#1029 = DIRECTION ( 'NONE',  ( 0.000000000000000000, 0.000000000000000000, -1.000000000000000000 ) ) ;
#1030 = ORIENTED_EDGE ( 'NONE', *, *, #968, .T. ) ;
#1031 = ORIENTED_EDGE ( 'NONE', *, *, #272, .T. ) ;
#1032 = ORIENTED_EDGE ( 'NONE', *, *, #402, .F. ) ;
#1033 = EDGE_CURVE ( 'NONE', #1462, #704, #381, .T. ) ;
#1034 = DIRECTION ( 'NONE',  ( 0.000000000000000000, -1.000000000000000000, 0.000000000000000000 ) ) ;
#1035 = CARTESIAN_POINT ( 'NONE',  ( -14.00000000000000000, 23.00000000000000000, -16.99999999999999645 ) ) ;
#1036 = DIRECTION ( 'NONE',  ( 0.000000000000000000, 0.000000000000000000, -1.000000000000000000 ) ) ;
#1037 = EDGE_LOOP ( 'NONE', ( #583, #276, #1032, #512 ) ) ;
#1038 = AXIS2_PLACEMENT_3D ( 'NONE', #1207, #1338, #1322 ) ;
#1039 = ORIENTED_EDGE ( 'NONE', *, *, #519, .F. ) ;
#1040 = DIRECTION ( 'NONE',  ( 1.000000000000000000, 0.000000000000000000, 0.000000000000000000 ) ) ;
#1041 = DIRECTION ( 'NONE',  ( -1.000000000000000000, 0.000000000000000000, 0.000000000000000000 ) ) ;
#1042 = EDGE_CURVE ( 'NONE', #967, #680, #1027, .T. ) ;
#1043 = SECURITY_CLASSIFICATION ( '', '', #476 ) ;
#1044 = FACE_OUTER_BOUND ( 'NONE', #745, .T. ) ;
#1045 = ORIENTED_EDGE ( 'NONE', *, *, #1170, .T. ) ;
#1046 = ORIENTED_EDGE ( 'NONE', *, *, #204, .F. ) ;
#1047 = LINE ( 'NONE', #932, #542 ) ;
#1048 = CARTESIAN_POINT ( 'NONE',  ( 17.39999999999999858, 21.39999999999999858, -6.500000000000000000 ) ) ;
#1049 = AXIS2_PLACEMENT_3D ( 'NONE', #948, #157, #268 ) ;
#1050 = DIRECTION ( 'NONE',  ( 1.000000000000000000, 0.000000000000000000, 0.000000000000000000 ) ) ;
#1051 = ORIENTED_EDGE ( 'NONE', *, *, #995, .T. ) ;
#1052 = CC_DESIGN_PERSON_AND_ORGANIZATION_ASSIGNMENT ( #654, #899, ( #633 ) ) ;
#1053 = EDGE_CURVE ( 'NONE', #697, #104, #577, .T. ) ;
#1054 = VERTEX_POINT ( 'NONE', #351 ) ;
#1055 = LINE ( 'NONE', #398, #500 ) ;
#1056 = DIRECTION ( 'NONE',  ( 0.000000000000000000, 0.000000000000000000, -1.000000000000000000 ) ) ;
#1057 = VERTEX_POINT ( 'NONE', #917 ) ;
#1058 = DIRECTION ( 'NONE',  ( 0.000000000000000000, -1.000000000000000000, 0.000000000000000000 ) ) ;
#1059 = ORIENTED_EDGE ( 'NONE', *, *, #173, .F. ) ;
#1060 = DIRECTION ( 'NONE',  ( 0.000000000000000000, 0.000000000000000000, -1.000000000000000000 ) ) ;
#1061 = CARTESIAN_POINT ( 'NONE',  ( -4.000000000000000000, 25.39999999999999858, 11.00000000000000000 ) ) ;
#1062 = LINE ( 'NONE', #1300, #1212 ) ;
#1063 = TOROIDAL_SURFACE ( 'NONE', #24, 2.000000000000000000, 1.000000000000000000 ) ;
#1064 = VECTOR ( 'NONE', #11, 1000.000000000000000 ) ;
#1065 = EDGE_CURVE ( 'NONE', #458, #1057, #1362, .T. ) ;
#1066 = DIRECTION ( 'NONE',  ( 0.000000000000000000, 1.000000000000000000, -0.000000000000000000 ) ) ;
#1067 = EDGE_CURVE ( 'NONE', #671, #1238, #754, .T. ) ;
#1068 = CARTESIAN_POINT ( 'NONE',  ( 0.000000000000000000, 21.39999999999999858, 8.000000000000000000 ) ) ;
#1069 = CARTESIAN_POINT ( 'NONE',  ( 17.39999999999999858, 33.00000000000000000, -6.500000000000000000 ) ) ;
#1070 = EDGE_LOOP ( 'NONE', ( #212, #1360, #593, #1169, #219, #342, #1051, #930 ) ) ;
#1071 = CARTESIAN_POINT ( 'NONE',  ( 0.000000000000000000, 21.39999999999999858, -8.000000000000000000 ) ) ;
#1072 = CYLINDRICAL_SURFACE ( 'NONE', #1409, 1.299999999999999156 ) ;
#1073 = ORIENTED_EDGE ( 'NONE', *, *, #1261, .T. ) ;
#1074 = DIRECTION ( 'NONE',  ( -0.000000000000000000, 1.000000000000000000, -0.000000000000000000 ) ) ;
#1075 = DIRECTION ( 'NONE',  ( 0.000000000000000000, 0.000000000000000000, -1.000000000000000000 ) ) ;
#1076 = ORIENTED_EDGE ( 'NONE', *, *, #29, .F. ) ;
#1077 =( BOUNDED_CURVE ( )  B_SPLINE_CURVE ( 3, ( #208, #1329, #649, #215 ),
 .UNSPECIFIED., .F., .T. ) 
 B_SPLINE_CURVE_WITH_KNOTS ( ( 4, 4 ),
 ( 0.000000000000000000, 1.570796326794896558 ),
 .UNSPECIFIED. ) 
 CURVE ( )  GEOMETRIC_REPRESENTATION_ITEM ( )  RATIONAL_B_SPLINE_CURVE ( ( 1.000000000000000000, 0.8047378541243649375, 0.8047378541243649375, 1.000000000000000000 ) ) 
 REPRESENTATION_ITEM ( '' )  );
#1078 = EDGE_CURVE ( 'NONE', #474, #1266, #1153, .T. ) ;
#1079 = VERTEX_POINT ( 'NONE', #483 ) ;
#1080 = CIRCLE ( 'NONE', #991, 1.000000000000000888 ) ;
#1081 = EDGE_CURVE ( 'NONE', #697, #1136, #1317, .T. ) ;
#1082 = CIRCLE ( 'NONE', #236, 1.600000000000000755 ) ;
#1083 = CARTESIAN_POINT ( 'NONE',  ( -21.00000000000000000, 21.39999999999999858, -18.00000000000000000 ) ) ;
#1084 = DIRECTION ( 'NONE',  ( -0.000000000000000000, 1.000000000000000000, -0.000000000000000000 ) ) ;
#1085 = EDGE_LOOP ( 'NONE', ( #1323, #829, #457, #393 ) ) ;
#1086 = VERTEX_POINT ( 'NONE', #1384 ) ;
#1087 = AXIS2_PLACEMENT_3D ( 'NONE', #197, #1427, #1334 ) ;
#1088 = EDGE_CURVE ( 'NONE', #810, #1024, #788, .T. ) ;
#1089 = DIRECTION ( 'NONE',  ( 0.000000000000000000, 0.000000000000000000, -1.000000000000000000 ) ) ;
#1090 = CARTESIAN_POINT ( 'NONE',  ( -4.000000000000000000, 21.39999999999999858, -13.00000000000000178 ) ) ;
#1091 = DIRECTION ( 'NONE',  ( 0.000000000000000000, -1.000000000000000000, 0.000000000000000000 ) ) ;
#1092 = CARTESIAN_POINT ( 'NONE',  ( -14.00000000000000000, 26.39999999999999858, 16.00000000000000000 ) ) ;
#1093 = ORIENTED_EDGE ( 'NONE', *, *, #232, .F. ) ;
#1094 = EDGE_CURVE ( 'NONE', #171, #643, #839, .T. ) ;
#1095 = CARTESIAN_POINT ( 'NONE',  ( -14.00000000000000000, 21.39999999999999858, 8.000000000000000000 ) ) ;
#1096 = DATE_AND_TIME ( #647, #1392 ) ;
#1097 = CIRCLE ( 'NONE', #893, 2.999999999999999112 ) ;
#1098 = LINE ( 'NONE', #889, #1252 ) ;
#1099 = LINE ( 'NONE', #84, #511 ) ;
#1100 = FACE_OUTER_BOUND ( 'NONE', #972, .T. ) ;
#1101 = ORIENTED_EDGE ( 'NONE', *, *, #521, .T. ) ;
#1102 = DIRECTION ( 'NONE',  ( 1.000000000000000000, 0.000000000000000000, 0.000000000000000000 ) ) ;
#1103 = EDGE_CURVE ( 'NONE', #827, #226, #48, .T. ) ;
#1104 = CARTESIAN_POINT ( 'NONE',  ( 0.000000000000000000, 0.000000000000000000, 0.000000000000000000 ) ) ;
#1105 = VECTOR ( 'NONE', #1423, 1000.000000000000000 ) ;
#1106 = CARTESIAN_POINT ( 'NONE',  ( -21.00000000000000000, 24.39999999999999858, -18.00000000000000000 ) ) ;
#1107 = EDGE_CURVE ( 'NONE', #314, #324, #496, .T. ) ;
#1108 = PLANE ( 'NONE',  #60 ) ;
#1109 = FACE_BOUND ( 'NONE', #1448, .T. ) ;
#1110 = ORIENTED_EDGE ( 'NONE', *, *, #1103, .F. ) ;
#1111 = CIRCLE ( 'NONE', #1087, 1.600000000000000755 ) ;
#1112 = ORIENTED_EDGE ( 'NONE', *, *, #57, .F. ) ;
#1113 = DIRECTION ( 'NONE',  ( -1.000000000000000000, 0.000000000000000000, 0.000000000000000000 ) ) ;
#1114 = LINE ( 'NONE', #311, #1158 ) ;
#1115 = CARTESIAN_POINT ( 'NONE',  ( -9.000000000000000000, 21.39999999999999858, 1.300000000000000044 ) ) ;
#1116 = CARTESIAN_POINT ( 'NONE',  ( -14.00000000000000000, 25.39999999999999858, 8.000000000000000000 ) ) ;
#1117 = ORIENTED_EDGE ( 'NONE', *, *, #1356, .F. ) ;
#1118 = ORIENTED_EDGE ( 'NONE', *, *, #223, .F. ) ;
#1119 = ORIENTED_EDGE ( 'NONE', *, *, #1415, .T. ) ;
#1120 = CARTESIAN_POINT ( 'NONE',  ( -21.00000000000000000, 15.00000000000000000, 18.00000000000000000 ) ) ;
#1121 = DIRECTION ( 'NONE',  ( 0.000000000000000000, 0.000000000000000000, -1.000000000000000000 ) ) ;
#1122 = VECTOR ( 'NONE', #525, 1000.000000000000000 ) ;
#1123 = EDGE_LOOP ( 'NONE', ( #1045, #1258, #271, #765 ) ) ;
#1124 = ADVANCED_FACE ( 'NONE', ( #388 ), #507, .F. ) ;
#1125 = ORIENTED_EDGE ( 'NONE', *, *, #1145, .T. ) ;
#1126 = ORIENTED_EDGE ( 'NONE', *, *, #74, .F. ) ;
#1127 = LOCAL_TIME ( 21, 57, 58.00000000000000000, #568 ) ;
#1128 = VECTOR ( 'NONE', #491, 1000.000000000000000 ) ;
#1129 = PERSON_AND_ORGANIZATION_ROLE ( 'design_supplier' ) ;
#1130 = LINE ( 'NONE', #128, #734 ) ;
#1131 = VECTOR ( 'NONE', #153, 1000.000000000000000 ) ;
#1132 = FACE_OUTER_BOUND ( 'NONE', #1442, .T. ) ;
#1133 = CIRCLE ( 'NONE', #89, 1.600000000000000755 ) ;
#1134 = ORIENTED_EDGE ( 'NONE', *, *, #258, .T. ) ;
#1135 = EDGE_CURVE ( 'NONE', #59, #724, #663, .T. ) ;
#1136 = VERTEX_POINT ( 'NONE', #515 ) ;
#1137 = ORIENTED_EDGE ( 'NONE', *, *, #1013, .F. ) ;
#1138 = AXIS2_PLACEMENT_3D ( 'NONE', #80, #861, #1308 ) ;
#1139 = APPROVAL_DATE_TIME ( #1249, #353 ) ;
#1140 = DIRECTION ( 'NONE',  ( -0.000000000000000000, 0.000000000000000000, 1.000000000000000000 ) ) ;
#1141 = CARTESIAN_POINT ( 'NONE',  ( -7.000000000000000000, 33.00000000000000000, 13.00000000000000178 ) ) ;
#1142 = CARTESIAN_POINT ( 'NONE',  ( 20.00000000000000000, 21.39999999999999858, 1.299999999999999156 ) ) ;
#1143 = ORIENTED_EDGE ( 'NONE', *, *, #613, .F. ) ;
#1144 = ORIENTED_EDGE ( 'NONE', *, *, #1067, .F. ) ;
#1145 = EDGE_CURVE ( 'NONE', #821, #1021, #729, .T. ) ;
#1146 = CARTESIAN_POINT ( 'NONE',  ( -4.000000000000000000, 25.39999999999999858, 13.00000000000000178 ) ) ;
#1147 = CARTESIAN_POINT ( 'NONE',  ( -14.00000000000000000, 21.39999999999999858, -7.999999999999996447 ) ) ;
#1148 = CARTESIAN_POINT ( 'NONE',  ( -9.000000000000000000, 33.00000000000000000, -1.300000000000000044 ) ) ;
#1149 = VERTEX_POINT ( 'NONE', #1278 ) ;
#1150 = AXIS2_PLACEMENT_3D ( 'NONE', #319, #883, #770 ) ;
#1151 = ORIENTED_EDGE ( 'NONE', *, *, #1033, .T. ) ;
#1152 = CC_DESIGN_PERSON_AND_ORGANIZATION_ASSIGNMENT ( #1377, #585, ( #1043 ) ) ;
#1153 = LINE ( 'NONE', #595, #953 ) ;
#1154 = FACE_OUTER_BOUND ( 'NONE', #227, .T. ) ;
#1155 = EDGE_CURVE ( 'NONE', #1451, #139, #722, .T. ) ;
#1156 = FACE_OUTER_BOUND ( 'NONE', #594, .T. ) ;
#1157 = ORIENTED_EDGE ( 'NONE', *, *, #775, .T. ) ;
#1158 = VECTOR ( 'NONE', #900, 1000.000000000000000 ) ;
#1159 = ORIENTED_EDGE ( 'NONE', *, *, #20, .F. ) ;
#1160 = PERSON_AND_ORGANIZATION ( #1259, #111 ) ;
#1161 = FACE_OUTER_BOUND ( 'NONE', #1291, .T. ) ;
#1162 = VECTOR ( 'NONE', #433, 1000.000000000000000 ) ;
#1163 = LINE ( 'NONE', #4, #513 ) ;
#1164 = LINE ( 'NONE', #1020, #357 ) ;
#1165 = ORIENTED_EDGE ( 'NONE', *, *, #73, .F. ) ;
#1166 = DIRECTION ( 'NONE',  ( 0.000000000000000000, 0.000000000000000000, 1.000000000000000000 ) ) ;
#1167 = DIRECTION ( 'NONE',  ( -1.000000000000000000, 0.000000000000000000, -0.000000000000000000 ) ) ;
#1168 = CARTESIAN_POINT ( 'NONE',  ( -7.000000000000000000, 33.00000000000000000, -11.00000000000000000 ) ) ;
#1169 = ORIENTED_EDGE ( 'NONE', *, *, #823, .F. ) ;
#1170 = EDGE_CURVE ( 'NONE', #296, #1079, #694, .T. ) ;
#1171 = EDGE_CURVE ( 'NONE', #139, #807, #1055, .T. ) ;
#1172 = DIRECTION ( 'NONE',  ( 0.000000000000000000, 0.000000000000000000, 1.000000000000000000 ) ) ;
#1173 = ORIENTED_EDGE ( 'NONE', *, *, #717, .F. ) ;
#1174 = CARTESIAN_POINT ( 'NONE',  ( -21.00000000000000000, 28.00000000000000000, 10.40000000000000036 ) ) ;
#1175 = DIRECTION ( 'NONE',  ( 0.000000000000000000, -1.000000000000000000, 0.000000000000000000 ) ) ;
#1176 = CC_DESIGN_APPROVAL ( #610, ( #1369 ) ) ;
#1177 = AXIS2_PLACEMENT_3D ( 'NONE', #1275, #1036, #13 ) ;
#1178 = AXIS2_PLACEMENT_3D ( 'NONE', #700, #692, #682 ) ;
#1179 = ADVANCED_FACE ( 'NONE', ( #156 ), #1270, .T. ) ;
#1180 = FACE_OUTER_BOUND ( 'NONE', #1432, .T. ) ;
#1181 = ORIENTED_EDGE ( 'NONE', *, *, #242, .T. ) ;
#1182 = CARTESIAN_POINT ( 'NONE',  ( -14.00000000000000000, 26.39999999999999858, 15.00000000000000000 ) ) ;
#1183 = LINE ( 'NONE', #1187, #58 ) ;
#1184 = ORIENTED_EDGE ( 'NONE', *, *, #1421, .T. ) ;
#1185 = DIRECTION ( 'NONE',  ( 0.000000000000000000, 0.000000000000000000, -1.000000000000000000 ) ) ;
#1186 = LINE ( 'NONE', #1071, #360 ) ;
#1187 = CARTESIAN_POINT ( 'NONE',  ( 0.000000000000000000, 25.39999999999999858, -16.99999999999999645 ) ) ;
#1188 = ORIENTED_EDGE ( 'NONE', *, *, #1429, .F. ) ;
#1189 = LINE ( 'NONE', #1197, #974 ) ;
#1190 = CARTESIAN_POINT ( 'NONE',  ( -4.000000000000000000, 21.39999999999999858, -11.00000000000000000 ) ) ;
#1191 = DIRECTION ( 'NONE',  ( 0.000000000000000000, -1.000000000000000000, 0.000000000000000000 ) ) ;
#1192 = EDGE_CURVE ( 'NONE', #680, #96, #933, .T. ) ;
#1193 = ORIENTED_EDGE ( 'NONE', *, *, #1421, .F. ) ;
#1194 = CC_DESIGN_SECURITY_CLASSIFICATION ( #1043, ( #1369 ) ) ;
#1195 = CIRCLE ( 'NONE', #233, 2.000000000000000000 ) ;
#1196 = VECTOR ( 'NONE', #1040, 1000.000000000000000 ) ;
#1197 = CARTESIAN_POINT ( 'NONE',  ( 20.00000000000000000, 33.00000000000000000, 1.299999999999999156 ) ) ;
#1198 = DIRECTION ( 'NONE',  ( -1.000000000000000000, 0.000000000000000000, 0.000000000000000000 ) ) ;
#1199 = FACE_OUTER_BOUND ( 'NONE', #750, .T. ) ;
#1200 = CARTESIAN_POINT ( 'NONE',  ( -14.00000000000000000, 23.00000000000000000, 16.99999999999999645 ) ) ;
#1201 = CYLINDRICAL_SURFACE ( 'NONE', #1292, 1.299999999999999156 ) ;
#1202 = ORIENTED_EDGE ( 'NONE', *, *, #1145, .F. ) ;
#1203 = ADVANCED_FACE ( 'NONE', ( #1180 ), #619, .T. ) ;
#1204 = AXIS2_PLACEMENT_3D ( 'NONE', #845, #969, #172 ) ;
#1205 = DIRECTION ( 'NONE',  ( 0.000000000000000000, 0.000000000000000000, 1.000000000000000000 ) ) ;
#1206 = CARTESIAN_POINT ( 'NONE',  ( -6.400000000000000355, 33.00000000000000000, 6.500000000000000000 ) ) ;
#1207 = CARTESIAN_POINT ( 'NONE',  ( -13.00000000000000178, 23.00000000000000000, 15.00000000000000000 ) ) ;
#1208 = CARTESIAN_POINT ( 'NONE',  ( 0.000000000000000000, 25.39999999999999858, 6.500000000000000000 ) ) ;
#1209 = ORIENTED_EDGE ( 'NONE', *, *, #135, .F. ) ;
#1210 = EDGE_CURVE ( 'NONE', #1266, #384, #382, .T. ) ;
#1211 = CARTESIAN_POINT ( 'NONE',  ( -14.00000000000000000, 33.00000000000000000, 16.99999999999999645 ) ) ;
#1212 = VECTOR ( 'NONE', #1191, 1000.000000000000000 ) ;
#1213 = CARTESIAN_POINT ( 'NONE',  ( -21.00000000000000000, 33.00000000000000000, 18.00000000000000000 ) ) ;
#1214 = AXIS2_PLACEMENT_3D ( 'NONE', #1456, #337, #790 ) ;
#1215 = FACE_OUTER_BOUND ( 'NONE', #936, .T. ) ;
#1216 = LINE ( 'NONE', #222, #252 ) ;
#1217 = DIRECTION ( 'NONE',  ( 0.000000000000000000, 0.000000000000000000, 1.000000000000000000 ) ) ;
#1218 = ORIENTED_EDGE ( 'NONE', *, *, #1271, .T. ) ;
#1219 = AXIS2_PLACEMENT_3D ( 'NONE', #192, #261, #120 ) ;
#1220 = EDGE_LOOP ( 'NONE', ( #799, #1351, #1297, #1076 ) ) ;
#1221 = CYLINDRICAL_SURFACE ( 'NONE', #1400, 1.600000000000000755 ) ;
#1222 = ADVANCED_FACE ( 'NONE', ( #947, #615, #1404 ), #392, .F. ) ;
#1223 = DIRECTION ( 'NONE',  ( 0.000000000000000000, 0.000000000000000000, 1.000000000000000000 ) ) ;
#1224 = DIRECTION ( 'NONE',  ( 1.000000000000000000, -0.000000000000000000, -0.000000000000000000 ) ) ;
#1225 = CARTESIAN_POINT ( 'NONE',  ( -13.00000000000000178, 25.39999999999999858, -16.00000000000000000 ) ) ;
#1226 = CARTESIAN_POINT ( 'NONE',  ( -7.000000000000000000, 33.00000000000000000, -13.00000000000000178 ) ) ;
#1227 = VERTEX_POINT ( 'NONE', #260 ) ;
#1228 = CIRCLE ( 'NONE', #600, 1.000000000000000888 ) ;
#1229 = ORIENTED_EDGE ( 'NONE', *, *, #741, .T. ) ;
#1230 = ORIENTED_EDGE ( 'NONE', *, *, #20, .T. ) ;
#1231 = PERSON_AND_ORGANIZATION ( #1259, #111 ) ;
#1232 = FACE_OUTER_BOUND ( 'NONE', #141, .T. ) ;
#1233 = DIRECTION ( 'NONE',  ( -1.000000000000000000, 0.000000000000000000, 0.000000000000000000 ) ) ;
#1234 = EDGE_CURVE ( 'NONE', #340, #1007, #626, .T. ) ;
#1235 = DIRECTION ( 'NONE',  ( 0.000000000000000000, 0.000000000000000000, -1.000000000000000000 ) ) ;
#1236 = ORIENTED_EDGE ( 'NONE', *, *, #586, .T. ) ;
#1237 = ORIENTED_EDGE ( 'NONE', *, *, #1364, .F. ) ;
#1238 = VERTEX_POINT ( 'NONE', #715 ) ;
#1239 = CALENDAR_DATE ( 2026, 12, 9 ) ;
#1240 = CARTESIAN_POINT ( 'NONE',  ( -13.00000000000000178, 26.39999999999999858, 18.00000000000000000 ) ) ;
#1241 = DIRECTION ( 'NONE',  ( 0.000000000000000000, 0.000000000000000000, -1.000000000000000000 ) ) ;
#1242 = ADVANCED_FACE ( 'NONE', ( #1161 ), #150, .F. ) ;
#1243 = DIRECTION ( 'NONE',  ( 0.000000000000000000, 0.000000000000000000, -1.000000000000000000 ) ) ;
#1244 = ORIENTED_EDGE ( 'NONE', *, *, #110, .F. ) ;
#1245 = EDGE_CURVE ( 'NONE', #486, #220, #188, .T. ) ;
#1246 = ORIENTED_EDGE ( 'NONE', *, *, #699, .T. ) ;
#1247 = EDGE_LOOP ( 'NONE', ( #833, #794 ) ) ;
#1248 = CIRCLE ( 'NONE', #612, 1.299999999999999156 ) ;
#1249 = DATE_AND_TIME ( #2, #990 ) ;
#1250 = CARTESIAN_POINT ( 'NONE',  ( -21.00000000000000000, 28.00000000000000000, 12.00000000000000000 ) ) ;
#1251 = CARTESIAN_POINT ( 'NONE',  ( -13.00000000000000178, 25.39999999999999858, -16.99999999999999645 ) ) ;
#1252 = VECTOR ( 'NONE', #780, 1000.000000000000000 ) ;
#1253 = VERTEX_POINT ( 'NONE', #632 ) ;
#1254 = ORIENTED_EDGE ( 'NONE', *, *, #1005, .T. ) ;
#1255 = ORIENTED_EDGE ( 'NONE', *, *, #300, .F. ) ;
#1256 = CYLINDRICAL_SURFACE ( 'NONE', #259, 1.000000000000000888 ) ;
#1257 = DIRECTION ( 'NONE',  ( 0.000000000000000000, 0.000000000000000000, -1.000000000000000000 ) ) ;
#1258 = ORIENTED_EDGE ( 'NONE', *, *, #575, .T. ) ;
#1259 = PERSON ( 'UNSPECIFIED', 'UNSPECIFIED', 'UNSPECIFIED', ('UNSPECIFIED'), ('UNSPECIFIED'), ('UNSPECIFIED') ) ;
#1260 = EDGE_LOOP ( 'NONE', ( #471, #210, #1059, #249 ) ) ;
#1261 = EDGE_CURVE ( 'NONE', #967, #520, #266, .T. ) ;
#1262 = COORDINATED_UNIVERSAL_TIME_OFFSET ( 6, 0, .BEHIND. ) ;
#1263 = CARTESIAN_POINT ( 'NONE',  ( 20.00000000000000000, 21.39999999999999858, 0.000000000000000000 ) ) ;
#1264 = CARTESIAN_POINT ( 'NONE',  ( -14.00000000000000000, 33.00000000000000000, 16.00000000000000000 ) ) ;
#1265 = DIRECTION ( 'NONE',  ( 0.000000000000000000, 0.000000000000000000, 1.000000000000000000 ) ) ;
#1266 = VERTEX_POINT ( 'NONE', #1095 ) ;
#1267 = CIRCLE ( 'NONE', #771, 2.999999999999999112 ) ;
#1268 = ORIENTED_EDGE ( 'NONE', *, *, #1171, .T. ) ;
#1269 = PERSON_AND_ORGANIZATION ( #1259, #111 ) ;
#1270 = CYLINDRICAL_SURFACE ( 'NONE', #69, 1.000000000000000888 ) ;
#1271 = EDGE_CURVE ( 'NONE', #96, #1227, #1443, .T. ) ;
#1272 = DIRECTION ( 'NONE',  ( -1.000000000000000000, 0.000000000000000000, 0.000000000000000000 ) ) ;
#1273 = AXIS2_PLACEMENT_3D ( 'NONE', #1226, #305, #988 ) ;
#1274 = ORIENTED_EDGE ( 'NONE', *, *, #535, .F. ) ;
#1275 = CARTESIAN_POINT ( 'NONE',  ( -21.00000000000000000, 25.39999999999999858, 18.00000000000000000 ) ) ;
#1276 = ORIENTED_EDGE ( 'NONE', *, *, #760, .T. ) ;
#1277 = AXIS2_PLACEMENT_3D ( 'NONE', #367, #1378, #107 ) ;
#1278 = CARTESIAN_POINT ( 'NONE',  ( -15.00000000000000000, 26.39999999999999858, 18.00000000000000000 ) ) ;
#1279 = AXIS2_PLACEMENT_3D ( 'NONE', #1390, #502, #1060 ) ;
#1280 = CYLINDRICAL_SURFACE ( 'NONE', #1305, 1.000000000000000888 ) ;
#1281 = EDGE_CURVE ( 'NONE', #1021, #102, #662, .T. ) ;
#1282 = ORIENTED_EDGE ( 'NONE', *, *, #1245, .F. ) ;
#1283 = CARTESIAN_POINT ( 'NONE',  ( -4.000000000000000000, 21.39999999999999858, 0.000000000000000000 ) ) ;
#1284 = DIRECTION ( 'NONE',  ( -0.000000000000000000, -1.000000000000000000, -0.000000000000000000 ) ) ;
#1285 = ORIENTED_EDGE ( 'NONE', *, *, #757, .T. ) ;
#1286 = CARTESIAN_POINT ( 'NONE',  ( -13.00000000000000178, 33.00000000000000000, -16.00000000000000000 ) ) ;
#1287 = CARTESIAN_POINT ( 'NONE',  ( -14.00000000000000000, 23.00000000000000000, 15.00000000000000000 ) ) ;
#1288 = CIRCLE ( 'NONE', #1214, 2.999999999999999112 ) ;
#1289 = DIRECTION ( 'NONE',  ( -0.000000000000000000, 1.000000000000000000, -0.000000000000000000 ) ) ;
#1290 = DIRECTION ( 'NONE',  ( 0.000000000000000000, -1.000000000000000000, 0.000000000000000000 ) ) ;
#1291 = EDGE_LOOP ( 'NONE', ( #1118, #1359, #1184, #1151 ) ) ;
#1292 = AXIS2_PLACEMENT_3D ( 'NONE', #1457, #867, #1350 ) ;
#1293 = VERTEX_POINT ( 'NONE', #778 ) ;
#1294 = CIRCLE ( 'NONE', #516, 1.299999999999999156 ) ;
#1295 = ADVANCED_FACE ( 'NONE', ( #409 ), #1221, .F. ) ;
#1296 = DIRECTION ( 'NONE',  ( -1.000000000000000000, 0.000000000000000000, 0.000000000000000000 ) ) ;
#1297 = ORIENTED_EDGE ( 'NONE', *, *, #546, .F. ) ;
#1298 = AXIS2_PLACEMENT_3D ( 'NONE', #767, #425, #97 ) ;
#1299 = PLANE ( 'NONE',  #1 ) ;
#1300 = CARTESIAN_POINT ( 'NONE',  ( -14.00000000000000000, 33.00000000000000000, -8.000000000000000000 ) ) ;
#1301 = ORIENTED_EDGE ( 'NONE', *, *, #1394, .F. ) ;
#1302 = CARTESIAN_POINT ( 'NONE',  ( 0.000000000000000000, 25.39999999999999858, -8.000000000000000000 ) ) ;
#1303 = CYLINDRICAL_SURFACE ( 'NONE', #42, 1.300000000000000044 ) ;
#1304 = PLANE ( 'NONE',  #985 ) ;
#1305 = AXIS2_PLACEMENT_3D ( 'NONE', #723, #547, #109 ) ;
#1306 = ORIENTED_EDGE ( 'NONE', *, *, #449, .F. ) ;
#1307 = VECTOR ( 'NONE', #1175, 1000.000000000000000 ) ;
#1308 = DIRECTION ( 'NONE',  ( 0.000000000000000000, 0.000000000000000000, -1.000000000000000000 ) ) ;
#1309 = CYLINDRICAL_SURFACE ( 'NONE', #255, 1.000000000000000888 ) ;
#1310 = EDGE_CURVE ( 'NONE', #321, #679, #403, .T. ) ;
#1311 = DIRECTION ( 'NONE',  ( 0.000000000000000000, -1.000000000000000000, 0.000000000000000000 ) ) ;
#1312 = DIRECTION ( 'NONE',  ( -1.000000000000000000, 0.000000000000000000, 0.000000000000000000 ) ) ;
#1313 = CARTESIAN_POINT ( 'NONE',  ( 20.00000000000000000, 21.39999999999999858, 0.000000000000000000 ) ) ;
#1314 = ORIENTED_EDGE ( 'NONE', *, *, #504, .F. ) ;
#1315 = APPROVAL_PERSON_ORGANIZATION ( #1160, #353, #802 ) ;
#1316 = VECTOR ( 'NONE', #165, 1000.000000000000000 ) ;
#1317 = CIRCLE ( 'NONE', #786, 2.999999999999999112 ) ;
#1318 = VECTOR ( 'NONE', #701, 1000.000000000000000 ) ;
#1319 = CARTESIAN_POINT ( 'NONE',  ( -21.00000000000000000, 24.39999999999999858, 18.00000000000000000 ) ) ;
#1320 = LINE ( 'NONE', #863, #1460 ) ;
#1321 = LINE ( 'NONE', #435, #873 ) ;
#1322 = DIRECTION ( 'NONE',  ( 0.000000000000000000, 0.000000000000000000, -1.000000000000000000 ) ) ;
#1323 = ORIENTED_EDGE ( 'NONE', *, *, #1065, .F. ) ;
#1324 = AXIS2_PLACEMENT_3D ( 'NONE', #1410, #1289, #735 ) ;
#1325 = EDGE_CURVE ( 'NONE', #679, #321, #1111, .T. ) ;
#1326 = DIRECTION ( 'NONE',  ( -0.000000000000000000, 0.000000000000000000, 1.000000000000000000 ) ) ;
#1327 = DIRECTION ( 'NONE',  ( -1.000000000000000000, 0.000000000000000000, 0.000000000000000000 ) ) ;
#1328 = CARTESIAN_POINT ( 'NONE',  ( -13.00000000000000178, 25.39999999999999858, 16.99999999999999645 ) ) ;
#1329 = CARTESIAN_POINT ( 'NONE',  ( -13.58578643762690419, 25.40000000000000213, 16.00000000000000000 ) ) ;
#1330 = DIRECTION ( 'NONE',  ( 1.000000000000000000, 0.000000000000000000, 0.000000000000000000 ) ) ;
#1331 = VERTEX_POINT ( 'NONE', #416 ) ;
#1332 = ADVANCED_FACE ( 'NONE', ( #646 ), #880, .F. ) ;
#1333 = ORIENTED_EDGE ( 'NONE', *, *, #968, .F. ) ;
#1334 = DIRECTION ( 'NONE',  ( 0.000000000000000000, 0.000000000000000000, -1.000000000000000000 ) ) ;
#1335 = COORDINATED_UNIVERSAL_TIME_OFFSET ( 6, 0, .BEHIND. ) ;
#1336 = VECTOR ( 'NONE', #444, 1000.000000000000000 ) ;
#1337 = PLANE ( 'NONE',  #1371 ) ;
#1338 = DIRECTION ( 'NONE',  ( 0.000000000000000000, -1.000000000000000000, 0.000000000000000000 ) ) ;
#1339 = CARTESIAN_POINT ( 'NONE',  ( -6.400000000000000355, 21.39999999999999858, -6.500000000000000000 ) ) ;
#1340 = ORIENTED_EDGE ( 'NONE', *, *, #556, .T. ) ;
#1341 = VECTOR ( 'NONE', #363, 1000.000000000000000 ) ;
#1342 = ADVANCED_FACE ( 'NONE', ( #550 ), #1416, .F. ) ;
#1343 = ORIENTED_EDGE ( 'NONE', *, *, #808, .T. ) ;
#1344 = ORIENTED_EDGE ( 'NONE', *, *, #1107, .T. ) ;
#1345 = CIRCLE ( 'NONE', #495, 1.300000000000000044 ) ;
#1346 = ADVANCED_FACE ( 'NONE', ( #299 ), #870, .T. ) ;
#1347 = CARTESIAN_POINT ( 'NONE',  ( -7.000000000000000000, 21.39999999999999858, -16.00000000000000000 ) ) ;
#1348 = DIRECTION ( 'NONE',  ( 0.000000000000000000, -1.000000000000000000, 0.000000000000000000 ) ) ;
#1349 = DIRECTION ( 'NONE',  ( 0.000000000000000000, 0.000000000000000000, -1.000000000000000000 ) ) ;
#1350 = DIRECTION ( 'NONE',  ( 0.000000000000000000, 0.000000000000000000, -1.000000000000000000 ) ) ;
#1351 = ORIENTED_EDGE ( 'NONE', *, *, #1374, .T. ) ;
#1352 = CIRCLE ( 'NONE', #190, 1.000000000000000888 ) ;
#1353 = EDGE_LOOP ( 'NONE', ( #149, #466, #1274, #250, #1340, #759, #625, #1441, #809, #1230, #265, #1276 ) ) ;
#1354 = ORIENTED_EDGE ( 'NONE', *, *, #1107, .F. ) ;
#1355 = CARTESIAN_POINT ( 'NONE',  ( -14.00000000000000000, 21.39999999999999858, 0.000000000000000000 ) ) ;
#1356 = EDGE_CURVE ( 'NONE', #742, #1136, #888, .T. ) ;
#1357 = DIRECTION ( 'NONE',  ( 1.000000000000000000, 0.000000000000000000, 0.000000000000000000 ) ) ;
#1358 = CARTESIAN_POINT ( 'NONE',  ( -7.000000000000000000, 33.00000000000000000, 11.00000000000000000 ) ) ;
#1359 = ORIENTED_EDGE ( 'NONE', *, *, #1325, .T. ) ;
#1360 = ORIENTED_EDGE ( 'NONE', *, *, #1281, .T. ) ;
#1361 = DATE_AND_TIME ( #1239, #655 ) ;
#1362 = LINE ( 'NONE', #238, #1397 ) ;
#1363 = CARTESIAN_POINT ( 'NONE',  ( -4.000000000000000000, 21.39999999999999858, 11.00000000000000000 ) ) ;
#1364 = EDGE_CURVE ( 'NONE', #1006, #231, #1228, .T. ) ;
#1365 = DIRECTION ( 'NONE',  ( 0.000000000000000000, 0.000000000000000000, -1.000000000000000000 ) ) ;
#1366 = ORIENTED_EDGE ( 'NONE', *, *, #757, .F. ) ;
#1367 = EDGE_LOOP ( 'NONE', ( #567, #1414, #15, #926 ) ) ;
#1368 = VERTEX_POINT ( 'NONE', #308 ) ;
#1369 = PRODUCT_DEFINITION_FORMATION_WITH_SPECIFIED_SOURCE ( 'ANY', '', #633, .NOT_KNOWN. ) ;
#1370 = DIRECTION ( 'NONE',  ( 0.000000000000000000, -1.000000000000000000, 0.000000000000000000 ) ) ;
#1371 = AXIS2_PLACEMENT_3D ( 'NONE', #666, #1428, #657 ) ;
#1372 = DIRECTION ( 'NONE',  ( 0.000000000000000000, 0.000000000000000000, -1.000000000000000000 ) ) ;
#1373 = EDGE_LOOP ( 'NONE', ( #1366, #720 ) ) ;
#1374 = EDGE_CURVE ( 'NONE', #643, #671, #1189, .T. ) ;
#1375 = VECTOR ( 'NONE', #374, 1000.000000000000000 ) ;
#1376 = ORIENTED_EDGE ( 'NONE', *, *, #645, .F. ) ;
#1377 = PERSON_AND_ORGANIZATION ( #1259, #111 ) ;
#1378 = DIRECTION ( 'NONE',  ( -1.000000000000000000, 0.000000000000000000, -0.000000000000000000 ) ) ;
#1379 = CARTESIAN_POINT ( 'NONE',  ( -15.00000000000000000, 25.39999999999999858, -18.00000000000000000 ) ) ;
#1380 = DIRECTION ( 'NONE',  ( 0.000000000000000000, 0.000000000000000000, -1.000000000000000000 ) ) ;
#1381 = VERTEX_POINT ( 'NONE', #1211 ) ;
#1382 = EDGE_CURVE ( 'NONE', #1024, #914, #761, .T. ) ;
#1383 = EDGE_LOOP ( 'NONE', ( #1014, #703, #1112, #358 ) ) ;
#1384 = CARTESIAN_POINT ( 'NONE',  ( -7.000000000000000000, 21.39999999999999858, -8.000000000000000000 ) ) ;
#1385 = CARTESIAN_POINT ( 'NONE',  ( -15.00000000000000000, 33.00000000000000000, 18.00000000000000000 ) ) ;
#1386 = DIRECTION ( 'NONE',  ( -0.000000000000000000, -0.000000000000000000, -1.000000000000000000 ) ) ;
#1387 = ORIENTED_EDGE ( 'NONE', *, *, #452, .T. ) ;
#1388 = ORIENTED_EDGE ( 'NONE', *, *, #1013, .T. ) ;
#1389 = EDGE_CURVE ( 'NONE', #372, #1331, #653, .T. ) ;
#1390 = CARTESIAN_POINT ( 'NONE',  ( -7.000000000000000000, 25.39999999999999858, 11.00000000000000000 ) ) ;
#1391 = CARTESIAN_POINT ( 'NONE',  ( -15.00000000000000000, 33.00000000000000000, 16.99999999999999645 ) ) ;
#1392 = LOCAL_TIME ( 21, 57, 58.00000000000000000, #1335 ) ;
#1393 = VECTOR ( 'NONE', #1011, 1000.000000000000000 ) ;
#1394 = EDGE_CURVE ( 'NONE', #894, #296, #1352, .T. ) ;
#1395 = CARTESIAN_POINT ( 'NONE',  ( -13.00000000000000178, 25.39999999999999858, -16.00000000000000000 ) ) ;
#1396 = ORIENTED_EDGE ( 'NONE', *, *, #1271, .F. ) ;
#1397 = VECTOR ( 'NONE', #818, 1000.000000000000000 ) ;
#1398 = ADVANCED_FACE ( 'NONE', ( #523 ), #90, .F. ) ;
#1399 = DIRECTION ( 'NONE',  ( -0.000000000000000000, 0.000000000000000000, 1.000000000000000000 ) ) ;
#1400 = AXIS2_PLACEMENT_3D ( 'NONE', #534, #1113, #316 ) ;
#1401 = EDGE_CURVE ( 'NONE', #324, #486, #881, .T. ) ;
#1402 = CARTESIAN_POINT ( 'NONE',  ( -13.00000000000000178, 25.39999999999999858, 16.00000000000000000 ) ) ;
#1403 = ORIENTED_EDGE ( 'NONE', *, *, #1356, .T. ) ;
#1404 = FACE_BOUND ( 'NONE', #1247, .T. ) ;
#1405 = ORIENTED_EDGE ( 'NONE', *, *, #487, .T. ) ;
#1406 = DIRECTION ( 'NONE',  ( 1.000000000000000000, 0.000000000000000000, 0.000000000000000000 ) ) ;
#1407 = CARTESIAN_POINT ( 'NONE',  ( -4.000000000000000000, 25.39999999999999858, -11.00000000000000000 ) ) ;
#1408 = EDGE_CURVE ( 'NONE', #314, #458, #326, .T. ) ;
#1409 = AXIS2_PLACEMENT_3D ( 'NONE', #56, #744, #175 ) ;
#1410 = CARTESIAN_POINT ( 'NONE',  ( 20.00000000000000000, 25.39999999999999858, 0.000000000000000000 ) ) ;
#1411 = DIRECTION ( 'NONE',  ( -0.000000000000000000, 1.000000000000000000, -0.000000000000000000 ) ) ;
#1412 = CARTESIAN_POINT ( 'NONE',  ( -7.000000000000000000, 25.39999999999999858, 8.000000000000000000 ) ) ;
#1413 = PRODUCT_DEFINITION ( 'UNKNOWN', '', #1369, #116 ) ;
#1414 = ORIENTED_EDGE ( 'NONE', *, *, #286, .F. ) ;
#1415 = EDGE_CURVE ( 'NONE', #122, #102, #1454, .T. ) ;
#1416 = CYLINDRICAL_SURFACE ( 'NONE', #856, 1.300000000000000044 ) ;
#1417 = VECTOR ( 'NONE', #3, 1000.000000000000000 ) ;
#1418 = CARTESIAN_POINT ( 'NONE',  ( -9.000000000000000000, 25.39999999999999858, 0.000000000000000000 ) ) ;
#1419 = CARTESIAN_POINT ( 'NONE',  ( 0.000000000000000000, 21.39999999999999858, 6.500000000000000000 ) ) ;
#1420 = EDGE_LOOP ( 'NONE', ( #943, #503, #1388, #846 ) ) ;
#1421 = EDGE_CURVE ( 'NONE', #321, #1462, #1320, .T. ) ;
#1422 = DIRECTION ( 'NONE',  ( -1.000000000000000000, -0.000000000000000000, -0.000000000000000000 ) ) ;
#1423 = DIRECTION ( 'NONE',  ( 0.000000000000000000, -1.000000000000000000, 0.000000000000000000 ) ) ;
#1424 = CARTESIAN_POINT ( 'NONE',  ( -21.00000000000000000, 15.00000000000000000, -18.00000000000000000 ) ) ;
#1425 = CARTESIAN_POINT ( 'NONE',  ( -13.00000000000000178, 24.39999999999999858, 16.99999999999999645 ) ) ;
#1426 = EDGE_LOOP ( 'NONE', ( #415, #1387, #285, #154, #1255, #49 ) ) ;
#1427 = DIRECTION ( 'NONE',  ( 1.000000000000000000, 0.000000000000000000, 0.000000000000000000 ) ) ;
#1428 = DIRECTION ( 'NONE',  ( -0.000000000000000000, 0.000000000000000000, 1.000000000000000000 ) ) ;
#1429 = EDGE_CURVE ( 'NONE', #680, #1368, #768, .T. ) ;
#1430 = CARTESIAN_POINT ( 'NONE',  ( -14.00000000000000000, 25.39999999999999858, 0.000000000000000000 ) ) ;
#1431 = CARTESIAN_POINT ( 'NONE',  ( -15.00000000000000000, 33.00000000000000000, -16.99999999999999645 ) ) ;
#1432 = EDGE_LOOP ( 'NONE', ( #557, #885, #389, #1354 ) ) ;
#1433 = CIRCLE ( 'NONE', #256, 1.600000000000000755 ) ;
#1434 = AXIS2_PLACEMENT_3D ( 'NONE', #1250, #17, #706 ) ;
#1435 = DIRECTION ( 'NONE',  ( 1.000000000000000000, 0.000000000000000000, 0.000000000000000000 ) ) ;
#1436 = PERSON_AND_ORGANIZATION ( #1259, #111 ) ;
#1437 = DIRECTION ( 'NONE',  ( 0.000000000000000000, -1.000000000000000000, 0.000000000000000000 ) ) ;
#1438 = DIRECTION ( 'NONE',  ( -0.000000000000000000, 0.000000000000000000, 1.000000000000000000 ) ) ;
#1439 = EDGE_CURVE ( 'NONE', #231, #914, #529, .T. ) ;
#1440 = FACE_OUTER_BOUND ( 'NONE', #677, .T. ) ;
#1441 = ORIENTED_EDGE ( 'NONE', *, *, #1078, .F. ) ;
#1442 = EDGE_LOOP ( 'NONE', ( #44, #1314, #989, #785 ) ) ;
#1443 = LINE ( 'NONE', #1319, #148 ) ;
#1444 =( NAMED_UNIT ( * ) PLANE_ANGLE_UNIT ( ) SI_UNIT ( $, .RADIAN. ) );
#1445 = FACE_OUTER_BOUND ( 'NONE', #784, .T. ) ;
#1446 = CARTESIAN_POINT ( 'NONE',  ( -14.00000000000000000, 26.39999999999999858, -15.00000000000000000 ) ) ;
#1447 = DIRECTION ( 'NONE',  ( 0.000000000000000000, 0.000000000000000000, 1.000000000000000000 ) ) ;
#1448 = EDGE_LOOP ( 'NONE', ( #132, #465 ) ) ;
#1449 = ADVANCED_FACE ( 'NONE', ( #106 ), #1309, .T. ) ;
#1450 = CIRCLE ( 'NONE', #929, 1.600000000000000755 ) ;
#1451 = VERTEX_POINT ( 'NONE', #1347 ) ;
#1452 = ORIENTED_EDGE ( 'NONE', *, *, #294, .F. ) ;
#1453 = VECTOR ( 'NONE', #395, 1000.000000000000000 ) ;
#1454 = LINE ( 'NONE', #426, #561 ) ;
#1455 = PLANE ( 'NONE',  #565 ) ;
#1456 = CARTESIAN_POINT ( 'NONE',  ( -7.000000000000000000, 21.39999999999999858, -11.00000000000000000 ) ) ;
#1457 = CARTESIAN_POINT ( 'NONE',  ( 20.00000000000000000, 33.00000000000000000, 0.000000000000000000 ) ) ;
#1458 = ORIENTED_EDGE ( 'NONE', *, *, #886, .F. ) ;
#1459 = CC_DESIGN_PERSON_AND_ORGANIZATION_ASSIGNMENT ( #10, #1129, ( #1369 ) ) ;
#1460 = VECTOR ( 'NONE', #317, 1000.000000000000000 ) ;
#1461 = VECTOR ( 'NONE', #1330, 1000.000000000000000 ) ;
#1462 = VERTEX_POINT ( 'NONE', #442 ) ;
ENDSEC;
END-ISO-10303-21;
