ISO-10303-21;
HEADER;
FILE_DESCRIPTION (( 'STEP AP203' ),
    '1' );
FILE_NAME ('ARM-202_Yaw_platform.step',
    '2026-09-13T02:58:34',
    ( '' ),
    ( '' ),
    'SwSTEP 2.0',
    'SolidWorks 2026',
    '' );
FILE_SCHEMA (( 'CONFIG_CONTROL_DESIGN' ));
ENDSEC;

DATA;
#1 = EDGE_CURVE ( 'NONE', #1773, #1165, #2655, .T. ) ;
#2 = ORIENTED_EDGE ( 'NONE', *, *, #3156, .F. ) ;
#3 = CARTESIAN_POINT ( 'NONE',  ( 0.000000000000000000, 77.00000000000000000, -44.00000000000000000 ) ) ;
#4 = ADVANCED_FACE ( 'NONE', ( #1799 ), #786, .T. ) ;
#5 = CARTESIAN_POINT ( 'NONE',  ( 32.00000000000000000, 77.00000000000000000, 6.299999999999999822 ) ) ;
#6 = DIRECTION ( 'NONE',  ( 0.8660254037844387076, 0.000000000000000000, 0.4999999999999998890 ) ) ;
#7 = ORIENTED_EDGE ( 'NONE', *, *, #3043, .T. ) ;
#8 = DIRECTION ( 'NONE',  ( -0.8660254037844388186, 0.000000000000000000, -0.4999999999999996114 ) ) ;
#9 = EDGE_CURVE ( 'NONE', #406, #1885, #539, .T. ) ;
#10 = CARTESIAN_POINT ( 'NONE',  ( 0.000000000000000000, 72.00000000000000000, -6.000000000000000000 ) ) ;
#11 = DIRECTION ( 'NONE',  ( -0.000000000000000000, -1.000000000000000000, -0.000000000000000000 ) ) ;
#12 = DIRECTION ( 'NONE',  ( 0.8660254037844389297, 0.000000000000000000, 0.4999999999999993894 ) ) ;
#13 = VERTEX_POINT ( 'NONE', #1905 ) ;
#14 = LINE ( 'NONE', #1086, #3455 ) ;
#15 = VERTEX_POINT ( 'NONE', #560 ) ;
#16 = CARTESIAN_POINT ( 'NONE',  ( 32.00000000000000000, 74.50000000000000000, 8.000000000000000000 ) ) ;
#17 = DIRECTION ( 'NONE',  ( 0.000000000000000000, -1.000000000000000000, 0.000000000000000000 ) ) ;
#18 = ORIENTED_EDGE ( 'NONE', *, *, #1862, .T. ) ;
#19 = PRODUCT_DEFINITION_SHAPE ( 'NONE', 'NONE',  #2518 ) ;
#20 = CARTESIAN_POINT ( 'NONE',  ( 34.85000000000000142, 75.00000000000000000, -9.645448267190433356 ) ) ;
#21 = CARTESIAN_POINT ( 'NONE',  ( 34.85000000000000142, 75.00000000000000000, 6.544836778914469022 ) ) ;
#22 = CARTESIAN_POINT ( 'NONE',  ( 7.347880794884119736E-16, 72.00000000000001421, 6.000000000000000000 ) ) ;
#23 = EDGE_CURVE ( 'NONE', #1204, #1269, #1661, .T. ) ;
#24 = ORIENTED_EDGE ( 'NONE', *, *, #3446, .F. ) ;
#25 = DIRECTION ( 'NONE',  ( 0.000000000000000000, 0.000000000000000000, -1.000000000000000000 ) ) ;
#26 = LINE ( 'NONE', #522, #2830 ) ;
#27 = CARTESIAN_POINT ( 'NONE',  ( -32.00000000000000000, 74.50000000000000000, -8.000000000000000000 ) ) ;
#28 = CARTESIAN_POINT ( 'NONE',  ( 31.83520831611286184, 74.50000000000000000, 4.804245988671586254 ) ) ;
#29 = EDGE_LOOP ( 'NONE', ( #3416, #1627, #2034, #1921 ) ) ;
#30 = CARTESIAN_POINT ( 'NONE',  ( -1.616070488470636723, 44.62440442695525178, -0.6804954446168893778 ) ) ;
#31 = CIRCLE ( 'NONE', #425, 3.200000000000001510 ) ;
#32 = FACE_OUTER_BOUND ( 'NONE', #1649, .T. ) ;
#33 = PERSON_AND_ORGANIZATION ( #2418, #255 ) ;
#34 = ORIENTED_EDGE ( 'NONE', *, *, #2686, .F. ) ;
#35 = AXIS2_PLACEMENT_3D ( 'NONE', #1022, #2114, #3513 ) ;
#36 = DIRECTION ( 'NONE',  ( 0.000000000000000000, -1.000000000000000000, 0.000000000000000000 ) ) ;
#37 = CARTESIAN_POINT ( 'NONE',  ( 32.16479168388714527, 75.00000000000000000, 4.804245988671588030 ) ) ;
#38 = ORIENTED_EDGE ( 'NONE', *, *, #1077, .T. ) ;
#39 = CARTESIAN_POINT ( 'NONE',  ( -34.68520831611286326, 74.50000000000000000, -9.740590790242883656 ) ) ;
#40 = CARTESIAN_POINT ( 'NONE',  ( 29.31479168388714385, 75.00000000000000000, 9.740590790242890762 ) ) ;
#41 = CIRCLE ( 'NONE', #3398, 3.200000000000001510 ) ;
#42 = LINE ( 'NONE', #2802, #1389 ) ;
#43 = ORIENTED_EDGE ( 'NONE', *, *, #2372, .F. ) ;
#44 = CARTESIAN_POINT ( 'NONE',  ( 32.16479168388713816, 75.00000000000000000, 11.19575401132841641 ) ) ;
#45 = VECTOR ( 'NONE', #1370, 1000.000000000000000 ) ;
#46 = CARTESIAN_POINT ( 'NONE',  ( -34.85000000000000142, 75.00000000000000000, 6.354551732809566644 ) ) ;
#47 = EDGE_CURVE ( 'NONE', #1987, #186, #2218, .T. ) ;
#48 = VECTOR ( 'NONE', #2157, 1000.000000000000000 ) ;
#49 = AXIS2_PLACEMENT_3D ( 'NONE', #2524, #968, #642 ) ;
#50 = EDGE_LOOP ( 'NONE', ( #860, #1381 ) ) ;
#51 = VECTOR ( 'NONE', #12, 1000.000000000000227 ) ;
#52 = CARTESIAN_POINT ( 'NONE',  ( -3.802465212182941201, 45.78917911440021982, -1.070984320101324938 ) ) ;
#53 = AXIS2_PLACEMENT_3D ( 'NONE', #3317, #548, #863 ) ;
#54 = ADVANCED_FACE ( 'NONE', ( #2772 ), #907, .T. ) ;
#55 = CALENDAR_DATE ( 2026, 12, 9 ) ;
#56 = VECTOR ( 'NONE', #922, 1000.000000000000000 ) ;
#57 = VERTEX_POINT ( 'NONE', #3103 ) ;
#58 = LINE ( 'NONE', #2185, #2538 ) ;
#59 = ADVANCED_FACE ( 'NONE', ( #3051 ), #330, .F. ) ;
#60 = LINE ( 'NONE', #1610, #217 ) ;
#61 = PLANE ( 'NONE',  #3044 ) ;
#62 = ORIENTED_EDGE ( 'NONE', *, *, #1568, .F. ) ;
#63 = CARTESIAN_POINT ( 'NONE',  ( 32.00000000000000000, 72.00000000000000000, -11.29089653438086671 ) ) ;
#64 = CARTESIAN_POINT ( 'NONE',  ( -32.00000000000000000, 75.00000000000000000, 11.29089653438086671 ) ) ;
#65 = DIRECTION ( 'NONE',  ( -0.000000000000000000, 1.000000000000000000, -0.000000000000000000 ) ) ;
#66 = ORIENTED_EDGE ( 'NONE', *, *, #2198, .T. ) ;
#67 = CARTESIAN_POINT ( 'NONE',  ( 29.14999999999999858, 75.00000000000000000, 6.354551732809566644 ) ) ;
#68 = ORIENTED_EDGE ( 'NONE', *, *, #985, .F. ) ;
#69 = CARTESIAN_POINT ( 'NONE',  ( -3.913033128306676822, 46.46031503185504619, -0.5556472974250182828 ) ) ;
#70 = CARTESIAN_POINT ( 'NONE',  ( -31.83520831611286184, 75.00000000000000000, -11.19575401132841463 ) ) ;
#71 = VERTEX_POINT ( 'NONE', #361 ) ;
#72 = ADVANCED_FACE ( 'NONE', ( #2601, #3173 ), #451, .T. ) ;
#73 = CARTESIAN_POINT ( 'NONE',  ( -32.00000000000000000, 75.00000000000000000, 8.000000000000000000 ) ) ;
#74 = LINE ( 'NONE', #37, #2131 ) ;
#75 = ORIENTED_EDGE ( 'NONE', *, *, #2275, .T. ) ;
#76 = CARTESIAN_POINT ( 'NONE',  ( 3.000000000000000000, 72.00000000000000000, -2.569533031505919052 ) ) ;
#77 = LINE ( 'NONE', #1148, #3410 ) ;
#78 = DIRECTION ( 'NONE',  ( 0.000000000000000000, -0.000000000000000000, 1.000000000000000000 ) ) ;
#79 = ORIENTED_EDGE ( 'NONE', *, *, #3510, .F. ) ;
#80 = DIRECTION ( 'NONE',  ( 0.000000000000000000, 1.000000000000000000, 0.000000000000000000 ) ) ;
#81 = DIRECTION ( 'NONE',  ( 0.000000000000000000, -0.000000000000000000, 1.000000000000000000 ) ) ;
#82 = ORIENTED_EDGE ( 'NONE', *, *, #2221, .T. ) ;
#83 = DIRECTION ( 'NONE',  ( 0.000000000000000000, -1.000000000000000000, 0.000000000000000000 ) ) ;
#84 = ORIENTED_EDGE ( 'NONE', *, *, #2683, .F. ) ;
#85 = VECTOR ( 'NONE', #1473, 1000.000000000000000 ) ;
#86 = LINE ( 'NONE', #2572, #1227 ) ;
#87 = CARTESIAN_POINT ( 'NONE',  ( -32.00000000000000000, 75.00000000000000000, 8.000000000000000000 ) ) ;
#88 = EDGE_CURVE ( 'NONE', #2080, #1483, #3401, .T. ) ;
#89 = AXIS2_PLACEMENT_3D ( 'NONE', #87, #1182, #2003 ) ;
#90 = ORIENTED_EDGE ( 'NONE', *, *, #712, .T. ) ;
#91 = APPROVAL_PERSON_ORGANIZATION ( #3239, #329, #3526 ) ;
#92 = CARTESIAN_POINT ( 'NONE',  ( 34.85000000000000142, 75.00000000000000000, 9.645448267190435132 ) ) ;
#93 = CARTESIAN_POINT ( 'NONE',  ( -32.00000000000000000, 74.50000000000000000, -8.000000000000000000 ) ) ;
#94 = CARTESIAN_POINT ( 'NONE',  ( -29.15000000000000213, 74.50000000000000000, 9.645448267190435132 ) ) ;
#95 = DIRECTION ( 'NONE',  ( 0.000000000000000000, 0.000000000000000000, -1.000000000000000000 ) ) ;
#96 = DIRECTION ( 'NONE',  ( 0.000000000000000000, -1.000000000000000000, 0.000000000000000000 ) ) ;
#97 = CARTESIAN_POINT ( 'NONE',  ( -32.00000000000000000, 74.50000000000000000, 8.000000000000000000 ) ) ;
#98 = EDGE_CURVE ( 'NONE', #1877, #3494, #1239, .T. ) ;
#99 = VECTOR ( 'NONE', #732, 1000.000000000000000 ) ;
#100 = ORIENTED_EDGE ( 'NONE', *, *, #1259, .T. ) ;
#101 = AXIS2_PLACEMENT_3D ( 'NONE', #2564, #612, #2512 ) ;
#102 = AXIS2_PLACEMENT_3D ( 'NONE', #125, #3387, #2306 ) ;
#103 = ORIENTED_EDGE ( 'NONE', *, *, #484, .F. ) ;
#104 = CIRCLE ( 'NONE', #2599, 3.200000000000001510 ) ;
#105 = DIRECTION ( 'NONE',  ( 0.000000000000000000, 1.000000000000000000, 0.000000000000000000 ) ) ;
#106 = CIRCLE ( 'NONE', #1923, 1.700000000000000178 ) ;
#107 = LINE ( 'NONE', #3143, #1326 ) ;
#108 = VERTEX_POINT ( 'NONE', #3152 ) ;
#109 = VECTOR ( 'NONE', #2531, 1000.000000000000000 ) ;
#110 = EDGE_CURVE ( 'NONE', #1603, #1350, #2636, .T. ) ;
#111 = FACE_OUTER_BOUND ( 'NONE', #810, .T. ) ;
#112 = DIRECTION ( 'NONE',  ( 0.000000000000000000, -1.000000000000000000, 0.000000000000000000 ) ) ;
#113 = CC_DESIGN_PERSON_AND_ORGANIZATION_ASSIGNMENT ( #1419, #2515, ( #705 ) ) ;
#114 = CARTESIAN_POINT ( 'NONE',  ( -3.941764845835240116, 44.42859269452080895, -0.2884068337442020069 ) ) ;
#115 = LINE ( 'NONE', #2771, #2484 ) ;
#116 = EDGE_CURVE ( 'NONE', #397, #3494, #1762, .T. ) ;
#117 = CARTESIAN_POINT ( 'NONE',  ( 34.85000000000000142, 75.00000000000000000, -6.544836778914469022 ) ) ;
#118 = DIRECTION ( 'NONE',  ( -0.8660254037844389297, 0.000000000000000000, 0.4999999999999993894 ) ) ;
#119 = EDGE_CURVE ( 'NONE', #2757, #3141, #2367, .T. ) ;
#120 = ORIENTED_EDGE ( 'NONE', *, *, #1, .F. ) ;
#121 = ORIENTED_EDGE ( 'NONE', *, *, #465, .T. ) ;
#122 = DIRECTION ( 'NONE',  ( -0.000000000000000000, -1.000000000000000000, -0.000000000000000000 ) ) ;
#123 = PLANE ( 'NONE',  #487 ) ;
#124 = ORIENTED_EDGE ( 'NONE', *, *, #1339, .F. ) ;
#125 = CARTESIAN_POINT ( 'NONE',  ( 32.00000000000000000, 75.00000000000000000, -8.000000000000000000 ) ) ;
#126 = CARTESIAN_POINT ( 'NONE',  ( 32.00000000000000000, 75.00000000000000000, 11.29089653438086671 ) ) ;
#127 = ORIENTED_EDGE ( 'NONE', *, *, #1041, .F. ) ;
#128 = CARTESIAN_POINT ( 'NONE',  ( -29.31479168388714385, 75.00000000000000000, 6.259409209757110126 ) ) ;
#129 = CARTESIAN_POINT ( 'NONE',  ( -3.793744851726333245, 45.64614277552777111, 1.100000000000000089 ) ) ;
#130 = DIRECTION ( 'NONE',  ( -0.8660254037844388186, 0.000000000000000000, -0.4999999999999996114 ) ) ;
#131 = PLANE ( 'NONE',  #2149 ) ;
#132 = ADVANCED_FACE ( 'NONE', ( #2158, #812 ), #2990, .T. ) ;
#133 = VERTEX_POINT ( 'NONE', #756 ) ;
#134 = COORDINATED_UNIVERSAL_TIME_OFFSET ( 6, 0, .BEHIND. ) ;
#135 = ORIENTED_EDGE ( 'NONE', *, *, #221, .T. ) ;
#136 = FACE_OUTER_BOUND ( 'NONE', #1635, .T. ) ;
#137 = DIRECTION ( 'NONE',  ( 0.000000000000000000, -1.000000000000000000, 0.000000000000000000 ) ) ;
#138 = VERTEX_POINT ( 'NONE', #286 ) ;
#139 = ORIENTED_EDGE ( 'NONE', *, *, #3180, .T. ) ;
#140 = DIRECTION ( 'NONE',  ( -0.000000000000000000, -1.000000000000000000, -0.000000000000000000 ) ) ;
#141 = AXIS2_PLACEMENT_3D ( 'NONE', #1810, #3497, #3442 ) ;
#142 = FACE_OUTER_BOUND ( 'NONE', #1113, .T. ) ;
#143 = DIRECTION ( 'NONE',  ( 0.000000000000000000, 0.000000000000000000, 1.000000000000000000 ) ) ;
#144 = CIRCLE ( 'NONE', #35, 3.200000000000001510 ) ;
#145 = CARTESIAN_POINT ( 'NONE',  ( 3.000000000000000000, 47.99999999999999289, -2.569533031505919496 ) ) ;
#146 = CARTESIAN_POINT ( 'NONE',  ( -32.00000000000000000, 75.00000000000000000, 8.000000000000000000 ) ) ;
#147 = CIRCLE ( 'NONE', #434, 1.700000000000000178 ) ;
#148 = ORIENTED_EDGE ( 'NONE', *, *, #303, .F. ) ;
#149 = ADVANCED_FACE ( 'NONE', ( #2452, #1586 ), #2397, .F. ) ;
#150 = VECTOR ( 'NONE', #1857, 1000.000000000000000 ) ;
#151 = EDGE_CURVE ( 'NONE', #3193, #1210, #2692, .T. ) ;
#152 = ORIENTED_EDGE ( 'NONE', *, *, #885, .F. ) ;
#153 = AXIS2_PLACEMENT_3D ( 'NONE', #2164, #1929, #581 ) ;
#154 = EDGE_CURVE ( 'NONE', #1736, #1816, #2523, .T. ) ;
#155 = DIRECTION ( 'NONE',  ( 0.000000000000000000, 1.000000000000000000, 0.000000000000000000 ) ) ;
#156 = FACE_OUTER_BOUND ( 'NONE', #1985, .T. ) ;
#157 = AXIS2_PLACEMENT_3D ( 'NONE', #1599, #3283, #832 ) ;
#158 = VECTOR ( 'NONE', #1864, 1000.000000000000000 ) ;
#159 = ORIENTED_EDGE ( 'NONE', *, *, #540, .T. ) ;
#160 = ADVANCED_FACE ( 'NONE', ( #575 ), #3357, .F. ) ;
#161 = EDGE_LOOP ( 'NONE', ( #2486, #2354, #139, #1305 ) ) ;
#162 = CIRCLE ( 'NONE', #1118, 6.000000000000000000 ) ;
#163 = AXIS2_PLACEMENT_3D ( 'NONE', #1704, #2857, #1145 ) ;
#164 = CARTESIAN_POINT ( 'NONE',  ( 29.14999999999999858, 75.00000000000000000, -6.544836778914476128 ) ) ;
#165 = CARTESIAN_POINT ( 'NONE',  ( 1.387167814897774187, 45.79623971360214796, 1.069119374696571034 ) ) ;
#166 = CIRCLE ( 'NONE', #1179, 1.700000000000000178 ) ;
#167 = FACE_OUTER_BOUND ( 'NONE', #3277, .T. ) ;
#168 = CARTESIAN_POINT ( 'NONE',  ( -29.14999999999999858, 75.00000000000000000, 6.544836778914474351 ) ) ;
#169 = CARTESIAN_POINT ( 'NONE',  ( 0.000000000000000000, 72.00000000000000000, 0.000000000000000000 ) ) ;
#170 = CARTESIAN_POINT ( 'NONE',  ( 7.347880794884119736E-16, 70.00000000000000000, 6.000000000000000000 ) ) ;
#171 = DIRECTION ( 'NONE',  ( 0.000000000000000000, -1.000000000000000000, 0.000000000000000000 ) ) ;
#172 = EDGE_LOOP ( 'NONE', ( #1266, #2668 ) ) ;
#173 = VERTEX_POINT ( 'NONE', #1894 ) ;
#174 = ORIENTED_EDGE ( 'NONE', *, *, #2223, .T. ) ;
#175 = CARTESIAN_POINT ( 'NONE',  ( 1.749895903595128477, 44.40016560815453772, 0.07692224596731775388 ) ) ;
#176 = FACE_OUTER_BOUND ( 'NONE', #3081, .T. ) ;
#177 = ADVANCED_FACE ( 'NONE', ( #2758 ), #3299, .T. ) ;
#178 = EDGE_LOOP ( 'NONE', ( #2514, #3405, #2497, #2269, #2946, #2129, #2053, #3028 ) ) ;
#179 = VERTEX_POINT ( 'NONE', #2488 ) ;
#180 = CARTESIAN_POINT ( 'NONE',  ( -34.85000000000000142, 72.00000000000000000, -6.354551732809565756 ) ) ;
#181 = PLANE ( 'NONE',  #2296 ) ;
#182 = ORIENTED_EDGE ( 'NONE', *, *, #260, .T. ) ;
#183 = DIRECTION ( 'NONE',  ( 0.000000000000000000, -0.000000000000000000, 1.000000000000000000 ) ) ;
#184 = CARTESIAN_POINT ( 'NONE',  ( -1.361065758881620846, 45.50000000000000000, -1.100000000000000311 ) ) ;
#185 = DIRECTION ( 'NONE',  ( 0.000000000000000000, 1.000000000000000000, 0.000000000000000000 ) ) ;
#186 = VERTEX_POINT ( 'NONE', #2984 ) ;
#187 = EDGE_LOOP ( 'NONE', ( #2297, #3490 ) ) ;
#188 = CARTESIAN_POINT ( 'NONE',  ( -32.16479168388714527, 74.50000000000000000, -11.19575401132841463 ) ) ;
#189 = CARTESIAN_POINT ( 'NONE',  ( -34.85000000000000142, 75.00000000000000000, 6.354551732809566644 ) ) ;
#190 = ORIENTED_EDGE ( 'NONE', *, *, #3440, .T. ) ;
#191 = ORIENTED_EDGE ( 'NONE', *, *, #2305, .T. ) ;
#192 = EDGE_CURVE ( 'NONE', #1350, #2988, #58, .T. ) ;
#193 = DIRECTION ( 'NONE',  ( 0.000000000000000000, 0.000000000000000000, -1.000000000000000000 ) ) ;
#194 = CARTESIAN_POINT ( 'NONE',  ( 44.00000000000000000, 45.50000000000000000, 1.100000000000000089 ) ) ;
#195 = ORIENTED_EDGE ( 'NONE', *, *, #1890, .F. ) ;
#196 = CARTESIAN_POINT ( 'NONE',  ( -34.85000000000000142, 75.00000000000000000, 9.645448267190433356 ) ) ;
#197 = AXIS2_PLACEMENT_3D ( 'NONE', #3409, #956, #2042 ) ;
#198 = DIRECTION ( 'NONE',  ( 0.000000000000000000, -1.000000000000000000, 0.000000000000000000 ) ) ;
#199 = DIRECTION ( 'NONE',  ( 0.000000000000000000, 1.000000000000000000, 0.000000000000000000 ) ) ;
#200 = ORIENTED_EDGE ( 'NONE', *, *, #2240, .F. ) ;
#201 = VERTEX_POINT ( 'NONE', #3038 ) ;
#202 = EDGE_CURVE ( 'NONE', #1530, #1555, #2891, .T. ) ;
#203 = AXIS2_PLACEMENT_3D ( 'NONE', #494, #1338, #3004 ) ;
#204 = EDGE_LOOP ( 'NONE', ( #3100, #2194, #2468, #3433 ) ) ;
#205 = CARTESIAN_POINT ( 'NONE',  ( -34.85000000000000142, 72.00000000000000000, 9.645448267190433356 ) ) ;
#206 = CARTESIAN_POINT ( 'NONE',  ( 1.361065758881620846, 45.50000000000000000, -1.100000000000000311 ) ) ;
#207 = CARTESIAN_POINT ( 'NONE',  ( -32.00000000000000000, 74.50000000000000000, 8.000000000000000000 ) ) ;
#208 = VERTEX_POINT ( 'NONE', #3021 ) ;
#209 = AXIS2_PLACEMENT_3D ( 'NONE', #2976, #1852, #2945 ) ;
#210 = EDGE_LOOP ( 'NONE', ( #1357, #3381, #1297, #2769 ) ) ;
#211 = CARTESIAN_POINT ( 'NONE',  ( 0.000000000000000000, 72.00000000000001421, -6.000000000000000000 ) ) ;
#212 = DIRECTION ( 'NONE',  ( -0.8660254037844385966, 0.000000000000000000, 0.5000000000000001110 ) ) ;
#213 = VERTEX_POINT ( 'NONE', #584 ) ;
#214 = EDGE_CURVE ( 'NONE', #1978, #870, #804, .T. ) ;
#215 = CARTESIAN_POINT ( 'NONE',  ( -29.14999999999999858, 75.00000000000000000, -9.455163221085525649 ) ) ;
#216 = VECTOR ( 'NONE', #1491, 1000.000000000000000 ) ;
#217 = VECTOR ( 'NONE', #1132, 1000.000000000000000 ) ;
#218 = DIRECTION ( 'NONE',  ( 0.000000000000000000, 0.000000000000000000, -1.000000000000000000 ) ) ;
#219 = LINE ( 'NONE', #1328, #2188 ) ;
#220 = VECTOR ( 'NONE', #501, 1000.000000000000000 ) ;
#221 = EDGE_CURVE ( 'NONE', #975, #1798, #3111, .T. ) ;
#222 = ORIENTED_EDGE ( 'NONE', *, *, #3253, .T. ) ;
#223 = ORIENTED_EDGE ( 'NONE', *, *, #1936, .T. ) ;
#224 = ORIENTED_EDGE ( 'NONE', *, *, #192, .F. ) ;
#225 = CARTESIAN_POINT ( 'NONE',  ( -34.85000000000000142, 75.00000000000000000, 9.645448267190433356 ) ) ;
#226 = CARTESIAN_POINT ( 'NONE',  ( 32.00000000000000000, 75.00000000000000000, 8.000000000000000000 ) ) ;
#227 = ORIENTED_EDGE ( 'NONE', *, *, #1950, .T. ) ;
#228 = ORIENTED_EDGE ( 'NONE', *, *, #484, .T. ) ;
#229 = DIRECTION ( 'NONE',  ( 0.000000000000000000, 0.000000000000000000, -1.000000000000000000 ) ) ;
#230 = CARTESIAN_POINT ( 'NONE',  ( -32.00000000000000000, 74.50000000000000000, 8.000000000000000000 ) ) ;
#231 = EDGE_LOOP ( 'NONE', ( #2121, #1285, #1549, #1316 ) ) ;
#232 = DIRECTION ( 'NONE',  ( 0.000000000000000000, 0.000000000000000000, -1.000000000000000000 ) ) ;
#233 = DIRECTION ( 'NONE',  ( 0.000000000000000000, 1.000000000000000000, 0.000000000000000000 ) ) ;
#234 = ADVANCED_FACE ( 'NONE', ( #1646, #1373 ), #3017, .F. ) ;
#235 = DIRECTION ( 'NONE',  ( 0.000000000000000000, 0.000000000000000000, -1.000000000000000000 ) ) ;
#236 = EDGE_LOOP ( 'NONE', ( #3209, #385, #1759, #2937, #3354, #3256, #2230, #3488 ) ) ;
#237 = ADVANCED_FACE ( 'NONE', ( #2140 ), #3289, .T. ) ;
#238 = VERTEX_POINT ( 'NONE', #559 ) ;
#239 = FACE_BOUND ( 'NONE', #2540, .T. ) ;
#240 = CARTESIAN_POINT ( 'NONE',  ( 32.00000000000000000, 77.00000000000000000, -8.000000000000000000 ) ) ;
#241 = EDGE_LOOP ( 'NONE', ( #944, #2112 ) ) ;
#242 = CARTESIAN_POINT ( 'NONE',  ( 29.14999999999999858, 75.00000000000000000, 9.645448267190433356 ) ) ;
#243 = FACE_OUTER_BOUND ( 'NONE', #2202, .T. ) ;
#244 = ORIENTED_EDGE ( 'NONE', *, *, #1514, .T. ) ;
#245 = DIRECTION ( 'NONE',  ( -0.8660254037844387076, 0.000000000000000000, -0.4999999999999998890 ) ) ;
#246 = CARTESIAN_POINT ( 'NONE',  ( 34.85000000000000142, 74.50000000000000000, 6.354551732809566644 ) ) ;
#247 = LINE ( 'NONE', #1046, #2979 ) ;
#248 = ORIENTED_EDGE ( 'NONE', *, *, #2107, .F. ) ;
#249 = VECTOR ( 'NONE', #2137, 1000.000000000000000 ) ;
#250 = CYLINDRICAL_SURFACE ( 'NONE', #2200, 3.200000000000001510 ) ;
#251 = AXIS2_PLACEMENT_3D ( 'NONE', #2239, #1970, #3302 ) ;
#252 = ORIENTED_EDGE ( 'NONE', *, *, #2256, .T. ) ;
#253 = CARTESIAN_POINT ( 'NONE',  ( -1.616552260919283057, 44.62353632483844734, 0.6793560449707384263 ) ) ;
#254 = ADVANCED_FACE ( 'NONE', ( #785 ), #1643, .F. ) ;
#255 = ORGANIZATION ( 'UNSPECIFIED', 'UNSPECIFIED', '' ) ;
#256 = EDGE_CURVE ( 'NONE', #3359, #1372, #1067, .T. ) ;
#257 = DIRECTION ( 'NONE',  ( 0.000000000000000000, 0.000000000000000000, 1.000000000000000000 ) ) ;
#258 = PERSON_AND_ORGANIZATION_ROLE ( 'design_owner' ) ;
#259 = ORIENTED_EDGE ( 'NONE', *, *, #1416, .F. ) ;
#260 = EDGE_CURVE ( 'NONE', #2391, #3075, #2457, .T. ) ;
#261 = CARTESIAN_POINT ( 'NONE',  ( 0.000000000000000000, 77.00000000000000000, 0.000000000000000000 ) ) ;
#262 = FACE_BOUND ( 'NONE', #241, .T. ) ;
#263 = EDGE_CURVE ( 'NONE', #3314, #138, #2737, .T. ) ;
#264 = VERTEX_POINT ( 'NONE', #2179 ) ;
#265 = EDGE_CURVE ( 'NONE', #373, #173, #1458, .T. ) ;
#266 = LINE ( 'NONE', #1867, #2883 ) ;
#267 = VECTOR ( 'NONE', #1293, 1000.000000000000114 ) ;
#268 = VECTOR ( 'NONE', #407, 1000.000000000000000 ) ;
#269 = LINE ( 'NONE', #2991, #2317 ) ;
#270 = DIRECTION ( 'NONE',  ( -0.8660254037844387076, 0.000000000000000000, 0.4999999999999998890 ) ) ;
#271 = CIRCLE ( 'NONE', #2257, 3.950000000000000178 ) ;
#272 = EDGE_LOOP ( 'NONE', ( #174, #1154, #3487, #191, #3266, #1161, #852, #121 ) ) ;
#273 = LINE ( 'NONE', #2439, #3352 ) ;
#274 = DIRECTION ( 'NONE',  ( 0.000000000000000000, 1.000000000000000000, 0.000000000000000000 ) ) ;
#275 = ORIENTED_EDGE ( 'NONE', *, *, #1349, .F. ) ;
#276 = AXIS2_PLACEMENT_3D ( 'NONE', #2458, #582, #81 ) ;
#277 = CARTESIAN_POINT ( 'NONE',  ( -1.730491623367011123, 44.43036394063037875, 0.2944245871872653297 ) ) ;
#278 = CARTESIAN_POINT ( 'NONE',  ( -3.950016982396468812, 46.60006098224690874, -0.1438492712402049678 ) ) ;
#279 = DIRECTION ( 'NONE',  ( 0.000000000000000000, 0.000000000000000000, 1.000000000000000000 ) ) ;
#280 = ORIENTED_EDGE ( 'NONE', *, *, #2654, .T. ) ;
#281 = LINE ( 'NONE', #339, #2145 ) ;
#282 = DIRECTION ( 'NONE',  ( 0.000000000000000000, 0.000000000000000000, -1.000000000000000000 ) ) ;
#283 = EDGE_CURVE ( 'NONE', #3367, #3192, #26, .T. ) ;
#284 = ORIENTED_EDGE ( 'NONE', *, *, #2387, .T. ) ;
#285 = FACE_OUTER_BOUND ( 'NONE', #2913, .T. ) ;
#286 = CARTESIAN_POINT ( 'NONE',  ( -32.00000000000000000, 75.00000000000000000, 6.299999999999999822 ) ) ;
#287 = LINE ( 'NONE', #40, #2033 ) ;
#288 = CARTESIAN_POINT ( 'NONE',  ( 32.00000000000000000, 75.00000000000000000, -8.000000000000000000 ) ) ;
#289 = ORIENTED_EDGE ( 'NONE', *, *, #2433, .F. ) ;
#290 = DIRECTION ( 'NONE',  ( 0.000000000000000000, -1.000000000000000000, 0.000000000000000000 ) ) ;
#291 = DIRECTION ( 'NONE',  ( 0.000000000000000000, 0.000000000000000000, 1.000000000000000000 ) ) ;
#292 = CARTESIAN_POINT ( 'NONE',  ( 0.000000000000000000, 72.00000000000000000, -44.00000000000000000 ) ) ;
#293 = EDGE_LOOP ( 'NONE', ( #66, #2090 ) ) ;
#294 = CARTESIAN_POINT ( 'NONE',  ( -1.387167814897775520, 45.20376028639785915, 1.069119374696570812 ) ) ;
#295 = CARTESIAN_POINT ( 'NONE',  ( -3.852168512982243609, 46.17574947360939319, -0.8798012994998994918 ) ) ;
#296 = CARTESIAN_POINT ( 'NONE',  ( -31.83520831611286184, 75.00000000000000000, 4.804245988671586254 ) ) ;
#297 = APPROVAL_DATE_TIME ( #2741, #1624 ) ;
#298 = ORIENTED_EDGE ( 'NONE', *, *, #1868, .F. ) ;
#299 = DIRECTION ( 'NONE',  ( 0.000000000000000000, 0.000000000000000000, 1.000000000000000000 ) ) ;
#300 = CARTESIAN_POINT ( 'NONE',  ( -31.83520831611286184, 75.00000000000000000, -4.804245988671586254 ) ) ;
#301 = ORIENTED_EDGE ( 'NONE', *, *, #1942, .T. ) ;
#302 = LINE ( 'NONE', #853, #770 ) ;
#303 = EDGE_CURVE ( 'NONE', #2020, #2751, #2120, .T. ) ;
#304 = DIRECTION ( 'NONE',  ( 1.000000000000000000, 0.000000000000000000, 0.000000000000000000 ) ) ;
#305 = DIRECTION ( 'NONE',  ( 0.000000000000000000, 1.000000000000000000, 0.000000000000000000 ) ) ;
#306 = DIRECTION ( 'NONE',  ( 0.000000000000000000, -0.000000000000000000, 1.000000000000000000 ) ) ;
#307 = VERTEX_POINT ( 'NONE', #508 ) ;
#308 = CYLINDRICAL_SURFACE ( 'NONE', #1979, 3.200000000000001510 ) ;
#309 = FACE_OUTER_BOUND ( 'NONE', #2825, .T. ) ;
#310 = ADVANCED_FACE ( 'NONE', ( #1887 ), #1591, .T. ) ;
#311 = VERTEX_POINT ( 'NONE', #2196 ) ;
#312 = ADVANCED_FACE ( 'NONE', ( #1048 ), #841, .F. ) ;
#313 = AXIS2_PLACEMENT_3D ( 'NONE', #2675, #743, #235 ) ;
#314 = PERSON_AND_ORGANIZATION ( #2418, #255 ) ;
#315 = ORIENTED_EDGE ( 'NONE', *, *, #3274, .F. ) ;
#316 = VECTOR ( 'NONE', #1500, 1000.000000000000000 ) ;
#317 = DIRECTION ( 'NONE',  ( 0.000000000000000000, 1.000000000000000000, 0.000000000000000000 ) ) ;
#318 = DIRECTION ( 'NONE',  ( 0.000000000000000000, 0.000000000000000000, 1.000000000000000000 ) ) ;
#319 = DIRECTION ( 'NONE',  ( 0.000000000000000000, -0.7071067811865513475, -0.7071067811865436870 ) ) ;
#320 = ORIENTED_EDGE ( 'NONE', *, *, #1495, .F. ) ;
#321 = LINE ( 'NONE', #3, #48 ) ;
#322 = DIRECTION ( 'NONE',  ( 0.8660254037844389297, 0.000000000000000000, -0.4999999999999995004 ) ) ;
#323 = CIRCLE ( 'NONE', #1217, 3.200000000000001510 ) ;
#324 = LINE ( 'NONE', #358, #2525 ) ;
#325 = ADVANCED_FACE ( 'NONE', ( #3250 ), #250, .F. ) ;
#326 = EDGE_LOOP ( 'NONE', ( #227, #1827 ) ) ;
#327 = AXIS2_PLACEMENT_3D ( 'NONE', #2446, #317, #1378 ) ;
#328 = CARTESIAN_POINT ( 'NONE',  ( 32.00000000000000000, 75.00000000000000000, -8.000000000000000000 ) ) ;
#329 = APPROVAL ( #1892, 'UNSPECIFIED' ) ;
#330 = CYLINDRICAL_SURFACE ( 'NONE', #101, 1.700000000000000178 ) ;
#331 = DIRECTION ( 'NONE',  ( 0.8660254037844389297, 0.000000000000000000, -0.4999999999999994449 ) ) ;
#332 = EDGE_CURVE ( 'NONE', #2591, #2391, #662, .T. ) ;
#333 = ORIENTED_EDGE ( 'NONE', *, *, #1517, .F. ) ;
#334 = VECTOR ( 'NONE', #2806, 1000.000000000000000 ) ;
#335 = CIRCLE ( 'NONE', #2371, 3.200000000000001510 ) ;
#336 = VECTOR ( 'NONE', #1532, 1000.000000000000000 ) ;
#337 = ORIENTED_EDGE ( 'NONE', *, *, #1679, .T. ) ;
#338 = CARTESIAN_POINT ( 'NONE',  ( -1.361065758881620846, 45.50000000000000000, -1.100000000000000311 ) ) ;
#339 = CARTESIAN_POINT ( 'NONE',  ( 34.85000000000000142, 75.00000000000000000, 6.354551732809566644 ) ) ;
#340 = CARTESIAN_POINT ( 'NONE',  ( 32.16479168388713816, 75.00000000000000000, -11.19575401132841463 ) ) ;
#341 = VERTEX_POINT ( 'NONE', #10 ) ;
#342 = CARTESIAN_POINT ( 'NONE',  ( -32.00000000000000000, 77.00000000000000000, 8.000000000000000000 ) ) ;
#343 = CARTESIAN_POINT ( 'NONE',  ( 32.00000000000000000, 74.50000000000000000, 8.000000000000000000 ) ) ;
#344 = ORIENTED_EDGE ( 'NONE', *, *, #1844, .T. ) ;
#345 = CARTESIAN_POINT ( 'NONE',  ( -3.793744851726326583, 45.35601499202682874, -1.100000000000000089 ) ) ;
#346 = DIRECTION ( 'NONE',  ( -0.4999999999999995004, 0.000000000000000000, -0.8660254037844389297 ) ) ;
#347 = EDGE_CURVE ( 'NONE', #1248, #1949, #1082, .T. ) ;
#348 = LINE ( 'NONE', #859, #51 ) ;
#349 = ORIENTED_EDGE ( 'NONE', *, *, #2829, .F. ) ;
#350 = EDGE_CURVE ( 'NONE', #2070, #2181, #2232, .T. ) ;
#351 = PERSON_AND_ORGANIZATION ( #2418, #255 ) ;
#352 = VERTEX_POINT ( 'NONE', #1156 ) ;
#353 = CARTESIAN_POINT ( 'NONE',  ( -32.00000000000000000, 77.00000000000000000, -8.000000000000000000 ) ) ;
#354 = DIRECTION ( 'NONE',  ( 0.8660254037844387076, 0.000000000000000000, 0.4999999999999998890 ) ) ;
#355 = ORIENTED_EDGE ( 'NONE', *, *, #1996, .T. ) ;
#356 = EDGE_CURVE ( 'NONE', #647, #685, #115, .T. ) ;
#357 = CARTESIAN_POINT ( 'NONE',  ( -32.00000000000000000, 74.50000000000000000, 11.29089653438086671 ) ) ;
#358 = CARTESIAN_POINT ( 'NONE',  ( -29.14999999999999858, 74.50000000000000000, -9.645448267190433356 ) ) ;
#359 = CARTESIAN_POINT ( 'NONE',  ( -32.00000000000000000, 77.00000000000000000, -6.299999999999999822 ) ) ;
#360 = CARTESIAN_POINT ( 'NONE',  ( -32.00000000000000000, 75.00000000000000000, 11.29089653438086671 ) ) ;
#361 = CARTESIAN_POINT ( 'NONE',  ( -29.15000000000000213, 74.50000000000000000, 9.455163221085530978 ) ) ;
#362 = DIRECTION ( 'NONE',  ( 0.000000000000000000, -0.000000000000000000, 1.000000000000000000 ) ) ;
#363 = DIRECTION ( 'NONE',  ( -0.000000000000000000, 1.000000000000000000, -0.000000000000000000 ) ) ;
#364 = VERTEX_POINT ( 'NONE', #2805 ) ;
#365 = CARTESIAN_POINT ( 'NONE',  ( -29.15000000000000213, 75.00000000000000000, -6.354551732809564868 ) ) ;
#366 = ORIENTED_EDGE ( 'NONE', *, *, #748, .T. ) ;
#367 = AXIS2_PLACEMENT_3D ( 'NONE', #3306, #836, #2214 ) ;
#368 = ADVANCED_FACE ( 'NONE', ( #2789 ), #921, .T. ) ;
#369 = FACE_OUTER_BOUND ( 'NONE', #172, .T. ) ;
#370 = FACE_OUTER_BOUND ( 'NONE', #3370, .T. ) ;
#371 = CIRCLE ( 'NONE', #930, 3.200000000000001510 ) ;
#372 = ADVANCED_FACE ( 'NONE', ( #1431 ), #1122, .F. ) ;
#373 = VERTEX_POINT ( 'NONE', #1678 ) ;
#374 = CARTESIAN_POINT ( 'NONE',  ( 32.00000000000000000, 75.00000000000000000, -8.000000000000000000 ) ) ;
#375 = EDGE_CURVE ( 'NONE', #2893, #3192, #1401, .T. ) ;
#376 = DIRECTION ( 'NONE',  ( -0.8660254037844388186, 0.000000000000000000, 0.4999999999999997224 ) ) ;
#377 = LINE ( 'NONE', #906, #445 ) ;
#378 = DIRECTION ( 'NONE',  ( -0.8660254037844385966, 0.000000000000000000, 0.5000000000000001110 ) ) ;
#379 = LINE ( 'NONE', #452, #2494 ) ;
#380 = DIRECTION ( 'NONE',  ( 0.000000000000000000, 1.000000000000000000, 0.000000000000000000 ) ) ;
#381 = AXIS2_PLACEMENT_3D ( 'NONE', #566, #2701, #257 ) ;
#382 = VERTEX_POINT ( 'NONE', #2904 ) ;
#383 = AXIS2_PLACEMENT_3D ( 'NONE', #3082, #1723, #1440 ) ;
#384 = SECURITY_CLASSIFICATION_LEVEL ( 'unclassified' ) ;
#385 = ORIENTED_EDGE ( 'NONE', *, *, #1740, .T. ) ;
#386 = VECTOR ( 'NONE', #796, 1000.000000000000227 ) ;
#387 = AXIS2_PLACEMENT_3D ( 'NONE', #652, #2299, #2844 ) ;
#388 = FACE_OUTER_BOUND ( 'NONE', #2969, .T. ) ;
#389 = VECTOR ( 'NONE', #2938, 1000.000000000000000 ) ;
#390 = LINE ( 'NONE', #1469, #2927 ) ;
#391 = EDGE_LOOP ( 'NONE', ( #280, #439, #2687, #839, #2558, #513, #1393, #3055 ) ) ;
#392 = FACE_OUTER_BOUND ( 'NONE', #2589, .T. ) ;
#393 = VECTOR ( 'NONE', #1406, 1000.000000000000114 ) ;
#394 = EDGE_CURVE ( 'NONE', #179, #822, #1510, .T. ) ;
#395 = CARTESIAN_POINT ( 'NONE',  ( 3.000000000000000000, 72.00000000000000000, 2.569533031505919052 ) ) ;
#396 = DIRECTION ( 'NONE',  ( -0.4999999999999997224, 0.000000000000000000, -0.8660254037844388186 ) ) ;
#397 = VERTEX_POINT ( 'NONE', #2600 ) ;
#398 = CARTESIAN_POINT ( 'NONE',  ( -32.00000000000000000, 75.00000000000000000, 8.000000000000000000 ) ) ;
#399 = DIRECTION ( 'NONE',  ( 0.000000000000000000, 0.000000000000000000, -1.000000000000000000 ) ) ;
#400 = DIRECTION ( 'NONE',  ( 0.000000000000000000, -1.000000000000000000, 0.000000000000000000 ) ) ;
#401 = ORIENTED_EDGE ( 'NONE', *, *, #2680, .F. ) ;
#402 = VERTEX_POINT ( 'NONE', #1216 ) ;
#403 = FACE_OUTER_BOUND ( 'NONE', #2643, .T. ) ;
#404 = DIRECTION ( 'NONE',  ( 0.000000000000000000, -1.000000000000000000, 0.000000000000000000 ) ) ;
#405 = ORIENTED_EDGE ( 'NONE', *, *, #394, .T. ) ;
#406 = VERTEX_POINT ( 'NONE', #168 ) ;
#407 = DIRECTION ( 'NONE',  ( 0.8660254037844387076, -0.000000000000000000, 0.4999999999999999445 ) ) ;
#408 = FACE_OUTER_BOUND ( 'NONE', #236, .T. ) ;
#409 = ORIENTED_EDGE ( 'NONE', *, *, #3491, .T. ) ;
#410 = EDGE_CURVE ( 'NONE', #2957, #3116, #3393, .T. ) ;
#411 = DIRECTION ( 'NONE',  ( 0.000000000000000000, 1.000000000000000000, 0.000000000000000000 ) ) ;
#412 = CARTESIAN_POINT ( 'NONE',  ( -32.00000000000000000, 74.50000000000000000, 8.000000000000000000 ) ) ;
#413 = EDGE_CURVE ( 'NONE', #2552, #2189, #3412, .T. ) ;
#414 = DIRECTION ( 'NONE',  ( 0.000000000000000000, 0.000000000000000000, 1.000000000000000000 ) ) ;
#415 = DIRECTION ( 'NONE',  ( 1.054255858762918044E-15, 0.000000000000000000, -1.000000000000000000 ) ) ;
#416 = EDGE_LOOP ( 'NONE', ( #2510, #1425, #2998, #2909 ) ) ;
#417 = LINE ( 'NONE', #874, #2598 ) ;
#418 = EDGE_CURVE ( 'NONE', #3461, #3502, #1761, .T. ) ;
#419 = VERTEX_POINT ( 'NONE', #2361 ) ;
#420 = PLANE ( 'NONE',  #1169 ) ;
#421 = CARTESIAN_POINT ( 'NONE',  ( 31.83520831611286184, 75.00000000000000000, 4.804245988671586254 ) ) ;
#422 = ORIENTED_EDGE ( 'NONE', *, *, #779, .F. ) ;
#423 = ORIENTED_EDGE ( 'NONE', *, *, #1932, .T. ) ;
#424 = CYLINDRICAL_SURFACE ( 'NONE', #3348, 3.200000000000001510 ) ;
#425 = AXIS2_PLACEMENT_3D ( 'NONE', #2907, #2941, #2694 ) ;
#426 = DIRECTION ( 'NONE',  ( 0.000000000000000000, 0.000000000000000000, 1.000000000000000000 ) ) ;
#427 = VERTEX_POINT ( 'NONE', #2344 ) ;
#428 = PLANE ( 'NONE',  #665 ) ;
#429 = CIRCLE ( 'NONE', #251, 3.200000000000001510 ) ;
#430 = DIRECTION ( 'NONE',  ( 0.000000000000000000, 0.000000000000000000, 1.000000000000000000 ) ) ;
#431 = DIRECTION ( 'NONE',  ( 0.8660254037844388186, 0.000000000000000000, -0.4999999999999996669 ) ) ;
#432 = CARTESIAN_POINT ( 'NONE',  ( 5.388445916248353619E-15, 77.00000000000000000, 44.00000000000000000 ) ) ;
#433 = EDGE_CURVE ( 'NONE', #2156, #3116, #2942, .T. ) ;
#434 = AXIS2_PLACEMENT_3D ( 'NONE', #226, #2073, #512 ) ;
#435 = ORIENTED_EDGE ( 'NONE', *, *, #2686, .T. ) ;
#436 = EDGE_LOOP ( 'NONE', ( #2618, #2076 ) ) ;
#437 = EDGE_CURVE ( 'NONE', #3438, #2500, #2165, .T. ) ;
#438 = VECTOR ( 'NONE', #400, 1000.000000000000000 ) ;
#439 = ORIENTED_EDGE ( 'NONE', *, *, #283, .T. ) ;
#440 = AXIS2_PLACEMENT_3D ( 'NONE', #412, #2045, #467 ) ;
#441 = DIRECTION ( 'NONE',  ( 0.000000000000000000, -0.000000000000000000, 1.000000000000000000 ) ) ;
#442 = DIRECTION ( 'NONE',  ( 0.000000000000000000, 0.000000000000000000, -1.000000000000000000 ) ) ;
#443 = ORIENTED_EDGE ( 'NONE', *, *, #2481, .T. ) ;
#444 = VERTEX_POINT ( 'NONE', #3237 ) ;
#445 = VECTOR ( 'NONE', #1725, 1000.000000000000000 ) ;
#446 = DIRECTION ( 'NONE',  ( 0.000000000000000000, -1.000000000000000000, 0.000000000000000000 ) ) ;
#447 = FACE_OUTER_BOUND ( 'NONE', #962, .T. ) ;
#448 = ORIENTED_EDGE ( 'NONE', *, *, #2725, .F. ) ;
#449 = AXIS2_PLACEMENT_3D ( 'NONE', #706, #3377, #3104 ) ;
#450 = DIRECTION ( 'NONE',  ( 0.000000000000000000, -0.000000000000000000, 1.000000000000000000 ) ) ;
#451 = CYLINDRICAL_SURFACE ( 'NONE', #1797, 3.950000000000000178 ) ;
#452 = CARTESIAN_POINT ( 'NONE',  ( 34.85000000000000142, 72.00000000000000000, -6.354551732809564868 ) ) ;
#453 = CARTESIAN_POINT ( 'NONE',  ( 34.85000000000000142, 74.50000000000000000, -9.455163221085530978 ) ) ;
#454 = VERTEX_POINT ( 'NONE', #2855 ) ;
#455 = EDGE_LOOP ( 'NONE', ( #2628, #448 ) ) ;
#456 = EDGE_LOOP ( 'NONE', ( #135, #2974 ) ) ;
#457 = EDGE_CURVE ( 'NONE', #2443, #3406, #417, .T. ) ;
#458 = CARTESIAN_POINT ( 'NONE',  ( 1.726754365798367052, 44.43730799167676082, 0.2933269844271479965 ) ) ;
#459 = DIRECTION ( 'NONE',  ( 0.000000000000000000, 1.000000000000000000, 0.000000000000000000 ) ) ;
#460 = ORIENTED_EDGE ( 'NONE', *, *, #2413, .F. ) ;
#461 = ORIENTED_EDGE ( 'NONE', *, *, #729, .T. ) ;
#462 = CARTESIAN_POINT ( 'NONE',  ( -29.15000000000000213, 75.00000000000000000, -6.354551732809564868 ) ) ;
#463 = CARTESIAN_POINT ( 'NONE',  ( 29.14999999999999858, 72.00000000000000000, 9.645448267190433356 ) ) ;
#464 = EDGE_LOOP ( 'NONE', ( #3020, #1663, #3006, #100, #893, #551 ) ) ;
#465 = EDGE_CURVE ( 'NONE', #382, #684, #619, .T. ) ;
#466 = CARTESIAN_POINT ( 'NONE',  ( 2.143131898507867804E-16, 72.00000000000000000, 1.750000000000000000 ) ) ;
#467 = DIRECTION ( 'NONE',  ( 0.000000000000000000, 0.000000000000000000, 1.000000000000000000 ) ) ;
#468 = CARTESIAN_POINT ( 'NONE',  ( -1.361065758881621957, 45.64948164521217677, -1.099999999999998979 ) ) ;
#469 = DIRECTION ( 'NONE',  ( 0.000000000000000000, 0.000000000000000000, -1.000000000000000000 ) ) ;
#470 = ORIENTED_EDGE ( 'NONE', *, *, #202, .F. ) ;
#471 = EDGE_LOOP ( 'NONE', ( #911, #2954, #90, #200 ) ) ;
#472 = VERTEX_POINT ( 'NONE', #365 ) ;
#473 = CARTESIAN_POINT ( 'NONE',  ( 29.14999999999999858, 74.50000000000000000, 6.354551732809566644 ) ) ;
#474 = CARTESIAN_POINT ( 'NONE',  ( -29.14999999999999858, 75.00000000000000000, -9.645448267190433356 ) ) ;
#475 = EDGE_LOOP ( 'NONE', ( #401, #190, #2067, #1015 ) ) ;
#476 = ORIENTED_EDGE ( 'NONE', *, *, #1932, .F. ) ;
#477 = EDGE_CURVE ( 'NONE', #1253, #2075, #2810, .T. ) ;
#478 = LINE ( 'NONE', #514, #158 ) ;
#479 = LINE ( 'NONE', #1058, #1681 ) ;
#480 = EDGE_CURVE ( 'NONE', #703, #3211, #266, .T. ) ;
#481 = ORIENTED_EDGE ( 'NONE', *, *, #638, .F. ) ;
#482 = LINE ( 'NONE', #1793, #947 ) ;
#483 = CARTESIAN_POINT ( 'NONE',  ( -3.852423278337229640, 46.17707926801950435, 0.8785993193052645811 ) ) ;
#484 = EDGE_CURVE ( 'NONE', #848, #2982, #3515, .T. ) ;
#485 = CARTESIAN_POINT ( 'NONE',  ( -29.15000000000000213, 75.00000000000000000, -9.455163221085527425 ) ) ;
#486 = CARTESIAN_POINT ( 'NONE',  ( 1.361065758881619958, 45.50000000000000000, 1.100000000000000089 ) ) ;
#487 = AXIS2_PLACEMENT_3D ( 'NONE', #3079, #3113, #951 ) ;
#488 = ORIENTED_EDGE ( 'NONE', *, *, #1273, .T. ) ;
#489 = EDGE_LOOP ( 'NONE', ( #7, #2421 ) ) ;
#490 = CC_DESIGN_APPROVAL ( #329, ( #2518 ) ) ;
#491 = EDGE_LOOP ( 'NONE', ( #1937, #1264, #671, #1781, #2730, #931, #1449, #3298 ) ) ;
#492 = CIRCLE ( 'NONE', #1794, 1.700000000000000178 ) ;
#493 = DIRECTION ( 'NONE',  ( -0.000000000000000000, 1.000000000000000000, -0.000000000000000000 ) ) ;
#494 = CARTESIAN_POINT ( 'NONE',  ( 32.00000000000000000, 75.00000000000000000, 8.000000000000000000 ) ) ;
#495 = EDGE_LOOP ( 'NONE', ( #1840, #2347 ) ) ;
#496 = VECTOR ( 'NONE', #2547, 1000.000000000000114 ) ;
#497 = EDGE_LOOP ( 'NONE', ( #717, #2808, #3456, #301, #349, #2812, #2908, #1439 ) ) ;
#498 = CARTESIAN_POINT ( 'NONE',  ( -34.85000000000000142, 75.00000000000000000, -9.645448267190433356 ) ) ;
#499 = DIRECTION ( 'NONE',  ( 0.000000000000000000, -0.000000000000000000, 1.000000000000000000 ) ) ;
#500 = ORIENTED_EDGE ( 'NONE', *, *, #1361, .F. ) ;
#501 = DIRECTION ( 'NONE',  ( 0.8660254037844389297, 0.000000000000000000, -0.4999999999999995004 ) ) ;
#502 = VECTOR ( 'NONE', #1267, 1000.000000000000000 ) ;
#503 = EDGE_CURVE ( 'NONE', #2931, #2414, #302, .T. ) ;
#504 = CARTESIAN_POINT ( 'NONE',  ( -1.361065758881619958, 45.50000000000000000, 1.100000000000000089 ) ) ;
#505 = DIRECTION ( 'NONE',  ( 0.000000000000000000, 1.000000000000000000, 0.000000000000000000 ) ) ;
#506 = VECTOR ( 'NONE', #1140, 1000.000000000000000 ) ;
#507 = EDGE_LOOP ( 'NONE', ( #1340, #913, #1729, #2803, #1502, #2950, #1470, #3213, #745, #2648, #727, #1047, #2993, #120, #3133, #3161, #2, #2172 ) ) ;
#508 = CARTESIAN_POINT ( 'NONE',  ( -29.31479168388714029, 75.00000000000000000, -9.740590790242887209 ) ) ;
#509 = ORIENTED_EDGE ( 'NONE', *, *, #3134, .F. ) ;
#510 = CARTESIAN_POINT ( 'NONE',  ( -1.750174480205819894, 44.39972241755664584, 0.1466294862917770225 ) ) ;
#511 = CARTESIAN_POINT ( 'NONE',  ( 1.616067860719645921, 44.62446239699169581, -0.6804146829483237457 ) ) ;
#512 = DIRECTION ( 'NONE',  ( 0.000000000000000000, 0.000000000000000000, 1.000000000000000000 ) ) ;
#513 = ORIENTED_EDGE ( 'NONE', *, *, #1301, .F. ) ;
#514 = CARTESIAN_POINT ( 'NONE',  ( 32.00000000000000000, 74.50000000000000000, 4.709103465619133289 ) ) ;
#515 = FACE_OUTER_BOUND ( 'NONE', #953, .T. ) ;
#516 = ORIENTED_EDGE ( 'NONE', *, *, #2267, .F. ) ;
#517 = CARTESIAN_POINT ( 'NONE',  ( 29.14999999999999858, 72.00000000000000000, -6.354551732809565756 ) ) ;
#518 = CARTESIAN_POINT ( 'NONE',  ( -32.00000000000000000, 77.00000000000000000, -8.000000000000000000 ) ) ;
#519 = DIRECTION ( 'NONE',  ( -1.000000000000000000, 0.000000000000000000, 0.000000000000000000 ) ) ;
#520 = EDGE_CURVE ( 'NONE', #1606, #1080, #321, .T. ) ;
#521 = ORIENTED_EDGE ( 'NONE', *, *, #2295, .T. ) ;
#522 = CARTESIAN_POINT ( 'NONE',  ( 31.83520831611286184, 75.00000000000000000, -4.804245988671586254 ) ) ;
#523 = EDGE_CURVE ( 'NONE', #3116, #563, #2450, .T. ) ;
#524 = CARTESIAN_POINT ( 'NONE',  ( -29.15000000000000213, 75.00000000000000000, 9.645448267190435132 ) ) ;
#525 = ORIENTED_EDGE ( 'NONE', *, *, #1956, .F. ) ;
#526 = EDGE_CURVE ( 'NONE', #2522, #341, #2777, .T. ) ;
#527 = DIRECTION ( 'NONE',  ( 0.000000000000000000, 1.000000000000000000, 0.000000000000000000 ) ) ;
#528 = LINE ( 'NONE', #1087, #1271 ) ;
#529 = ORIENTED_EDGE ( 'NONE', *, *, #2542, .T. ) ;
#530 = CARTESIAN_POINT ( 'NONE',  ( -32.16479168388714527, 74.50000000000000000, 11.19575401132841463 ) ) ;
#531 = CARTESIAN_POINT ( 'NONE',  ( -32.00000000000000000, 74.50000000000000000, 8.000000000000000000 ) ) ;
#532 = VERTEX_POINT ( 'NONE', #553 ) ;
#533 = DIRECTION ( 'NONE',  ( -0.8660254037844388186, 0.000000000000000000, 0.4999999999999997224 ) ) ;
#534 = DIRECTION ( 'NONE',  ( 0.000000000000000000, 0.000000000000000000, 1.000000000000000000 ) ) ;
#535 = CARTESIAN_POINT ( 'NONE',  ( 7.347880794884119736E-16, 72.00000000000000000, 6.000000000000000000 ) ) ;
#536 = ORIENTED_EDGE ( 'NONE', *, *, #1671, .F. ) ;
#537 = VECTOR ( 'NONE', #3322, 1000.000000000000114 ) ;
#538 = DIRECTION ( 'NONE',  ( 0.000000000000000000, 0.000000000000000000, -1.000000000000000000 ) ) ;
#539 = LINE ( 'NONE', #524, #1112 ) ;
#540 = EDGE_CURVE ( 'NONE', #57, #875, #2970, .T. ) ;
#541 = AXIS2_PLACEMENT_3D ( 'NONE', #2284, #2845, #683 ) ;
#542 = ORIENTED_EDGE ( 'NONE', *, *, #1605, .T. ) ;
#543 = LOCAL_TIME ( 21, 58, 34.00000000000000000, #2585 ) ;
#544 = ADVANCED_FACE ( 'NONE', ( #1636 ), #1325, .T. ) ;
#545 = LINE ( 'NONE', #3073, #1688 ) ;
#546 = CARTESIAN_POINT ( 'NONE',  ( 0.000000000000000000, 0.000000000000000000, 0.000000000000000000 ) ) ;
#547 = VERTEX_POINT ( 'NONE', #2747 ) ;
#548 = DIRECTION ( 'NONE',  ( -0.4999999999999995004, 0.000000000000000000, 0.8660254037844390407 ) ) ;
#549 = CARTESIAN_POINT ( 'NONE',  ( 32.00000000000000000, 75.00000000000000000, 6.299999999999999822 ) ) ;
#550 = AXIS2_PLACEMENT_3D ( 'NONE', #2146, #3344, #1375 ) ;
#551 = ORIENTED_EDGE ( 'NONE', *, *, #967, .T. ) ;
#552 = EDGE_CURVE ( 'NONE', #2119, #1372, #2763, .T. ) ;
#553 = CARTESIAN_POINT ( 'NONE',  ( -29.31479168388714029, 74.50000000000000000, -9.740590790242888986 ) ) ;
#554 = EDGE_CURVE ( 'NONE', #1871, #1789, #1614, .T. ) ;
#555 = LINE ( 'NONE', #2228, #1863 ) ;
#556 = CYLINDRICAL_SURFACE ( 'NONE', #367, 3.200000000000001510 ) ;
#557 = ORIENTED_EDGE ( 'NONE', *, *, #1252, .F. ) ;
#558 = PLANE ( 'NONE',  #1696 ) ;
#559 = CARTESIAN_POINT ( 'NONE',  ( 34.85000000000000142, 75.00000000000000000, 6.354551732809566644 ) ) ;
#560 = CARTESIAN_POINT ( 'NONE',  ( -34.68520831611286326, 75.00000000000000000, 9.740590790242887209 ) ) ;
#561 = DIRECTION ( 'NONE',  ( -0.8660254037844387076, 0.000000000000000000, 0.4999999999999999445 ) ) ;
#562 = AXIS2_PLACEMENT_3D ( 'NONE', #1812, #1043, #704 ) ;
#563 = VERTEX_POINT ( 'NONE', #573 ) ;
#564 = AXIS2_PLACEMENT_3D ( 'NONE', #2330, #2312, #2884 ) ;
#565 = DIRECTION ( 'NONE',  ( 0.000000000000000000, 0.000000000000000000, 1.000000000000000000 ) ) ;
#566 = CARTESIAN_POINT ( 'NONE',  ( -32.00000000000000000, 74.50000000000000000, -8.000000000000000000 ) ) ;
#567 = CALENDAR_DATE ( 2026, 12, 9 ) ;
#568 = EDGE_CURVE ( 'NONE', #966, #3359, #1654, .T. ) ;
#569 = EDGE_LOOP ( 'NONE', ( #1653, #713 ) ) ;
#570 = CARTESIAN_POINT ( 'NONE',  ( 3.000000000000002665, 45.50000000000000000, 0.000000000000000000 ) ) ;
#571 = FACE_OUTER_BOUND ( 'NONE', #1621, .T. ) ;
#572 = VERTEX_POINT ( 'NONE', #1345 ) ;
#573 = CARTESIAN_POINT ( 'NONE',  ( 32.00000000000000000, 75.00000000000000000, -11.29089653438086671 ) ) ;
#574 = DIRECTION ( 'NONE',  ( 0.000000000000000000, -1.000000000000000000, 0.000000000000000000 ) ) ;
#575 = FACE_OUTER_BOUND ( 'NONE', #1873, .T. ) ;
#576 = EDGE_CURVE ( 'NONE', #238, #655, #2190, .T. ) ;
#577 = DIRECTION ( 'NONE',  ( 0.000000000000000000, 1.000000000000000000, 0.000000000000000000 ) ) ;
#578 = EDGE_CURVE ( 'NONE', #402, #2378, #2469, .T. ) ;
#579 = ORIENTED_EDGE ( 'NONE', *, *, #1776, .F. ) ;
#580 = CARTESIAN_POINT ( 'NONE',  ( 32.00000000000000000, 77.00000000000000000, -8.000000000000000000 ) ) ;
#581 = DIRECTION ( 'NONE',  ( 0.000000000000000000, 0.000000000000000000, -1.000000000000000000 ) ) ;
#582 = DIRECTION ( 'NONE',  ( 0.000000000000000000, 1.000000000000000000, 0.000000000000000000 ) ) ;
#583 = ORIENTED_EDGE ( 'NONE', *, *, #1415, .F. ) ;
#584 = CARTESIAN_POINT ( 'NONE',  ( 32.00000000000000000, 72.00000000000000000, 4.709103465619133289 ) ) ;
#585 = DIRECTION ( 'NONE',  ( -1.000000000000000000, 0.000000000000000000, 0.000000000000000000 ) ) ;
#586 = VERTEX_POINT ( 'NONE', #517 ) ;
#587 = CARTESIAN_POINT ( 'NONE',  ( 0.000000000000000000, 70.00000000000000000, 0.000000000000000000 ) ) ;
#588 = DIRECTION ( 'NONE',  ( -0.000000000000000000, 1.000000000000000000, -0.000000000000000000 ) ) ;
#589 = ORIENTED_EDGE ( 'NONE', *, *, #1538, .T. ) ;
#590 = DIRECTION ( 'NONE',  ( 1.054255858762918044E-15, 0.000000000000000000, -1.000000000000000000 ) ) ;
#591 = DIRECTION ( 'NONE',  ( -1.054255858762918044E-15, 0.000000000000000000, 1.000000000000000000 ) ) ;
#592 = DIRECTION ( 'NONE',  ( -0.000000000000000000, -1.000000000000000000, -0.000000000000000000 ) ) ;
#593 = EDGE_LOOP ( 'NONE', ( #516, #2241, #2649, #2110 ) ) ;
#594 = DIRECTION ( 'NONE',  ( -0.000000000000000000, -1.000000000000000000, -0.000000000000000000 ) ) ;
#595 = DIRECTION ( 'NONE',  ( 0.000000000000000000, -1.000000000000000000, 0.000000000000000000 ) ) ;
#596 = DIRECTION ( 'NONE',  ( 0.4999999999999995004, 0.000000000000000000, 0.8660254037844390407 ) ) ;
#597 = ORIENTED_EDGE ( 'NONE', *, *, #2542, .F. ) ;
#598 = CIRCLE ( 'NONE', #3273, 1.700000000000000178 ) ;
#599 = ORIENTED_EDGE ( 'NONE', *, *, #2611, .F. ) ;
#600 = AXIS2_PLACEMENT_3D ( 'NONE', #1651, #603, #282 ) ;
#601 = DIRECTION ( 'NONE',  ( 0.000000000000000000, 0.000000000000000000, 1.000000000000000000 ) ) ;
#602 = CIRCLE ( 'NONE', #1965, 3.200000000000001510 ) ;
#603 = DIRECTION ( 'NONE',  ( 0.000000000000000000, -1.000000000000000000, 0.000000000000000000 ) ) ;
#604 = VERTEX_POINT ( 'NONE', #39 ) ;
#605 = CARTESIAN_POINT ( 'NONE',  ( 0.000000000000000000, 43.00000000000000000, -3.950000000000000178 ) ) ;
#606 = CIRCLE ( 'NONE', #711, 1.700000000000000178 ) ;
#607 = DIRECTION ( 'NONE',  ( 0.000000000000000000, 0.000000000000000000, -1.000000000000000000 ) ) ;
#608 = EDGE_CURVE ( 'NONE', #1736, #1927, #2731, .T. ) ;
#609 = ORIENTED_EDGE ( 'NONE', *, *, #820, .F. ) ;
#610 = CARTESIAN_POINT ( 'NONE',  ( 31.83520831611286184, 75.00000000000000000, -11.19575401132841463 ) ) ;
#611 = AXIS2_PLACEMENT_3D ( 'NONE', #27, #3018, #2441 ) ;
#612 = DIRECTION ( 'NONE',  ( 0.000000000000000000, -1.000000000000000000, 0.000000000000000000 ) ) ;
#613 = CARTESIAN_POINT ( 'NONE',  ( 34.85000000000000142, 74.50000000000000000, 9.455163221085530978 ) ) ;
#614 = DESIGN_CONTEXT ( 'detailed design', #3286, 'design' ) ;
#615 = AXIS2_PLACEMENT_3D ( 'NONE', #580, #3475, #25 ) ;
#616 = CIRCLE ( 'NONE', #1119, 44.00000000000000000 ) ;
#617 = ORIENTED_EDGE ( 'NONE', *, *, #2387, .F. ) ;
#618 = AXIS2_PLACEMENT_3D ( 'NONE', #2231, #2456, #3325 ) ;
#619 = LINE ( 'NONE', #3076, #1404 ) ;
#620 = AXIS2_PLACEMENT_3D ( 'NONE', #1437, #1450, #3368 ) ;
#621 = ADVANCED_FACE ( 'NONE', ( #285 ), #1363, .T. ) ;
#622 = AXIS2_PLACEMENT_3D ( 'NONE', #2710, #813, #2472 ) ;
#623 = EDGE_LOOP ( 'NONE', ( #2624, #3524, #1765, #2672, #1183, #333, #2932, #1702, #84, #1598, #1512, #1908, #2294, #866, #3122, #1002, #476, #2169 ) ) ;
#624 = DIRECTION ( 'NONE',  ( 0.000000000000000000, 0.000000000000000000, -1.000000000000000000 ) ) ;
#625 = FACE_BOUND ( 'NONE', #759, .T. ) ;
#626 = ORIENTED_EDGE ( 'NONE', *, *, #1570, .T. ) ;
#627 = PLANE ( 'NONE',  #3293 ) ;
#628 = DIRECTION ( 'NONE',  ( 0.000000000000000000, 0.000000000000000000, 1.000000000000000000 ) ) ;
#629 = DIRECTION ( 'NONE',  ( 0.000000000000000000, 1.000000000000000000, 0.000000000000000000 ) ) ;
#630 = EDGE_LOOP ( 'NONE', ( #488, #954, #1003, #2434, #1513, #710 ) ) ;
#631 = CARTESIAN_POINT ( 'NONE',  ( -32.16479168388713816, 75.00000000000000000, 11.19575401132841463 ) ) ;
#632 = CARTESIAN_POINT ( 'NONE',  ( -32.00000000000000000, 74.50000000000000000, -4.709103465619133289 ) ) ;
#633 = LINE ( 'NONE', #2513, #3236 ) ;
#634 = DIRECTION ( 'NONE',  ( -0.8660254037844385966, 0.000000000000000000, -0.5000000000000001110 ) ) ;
#635 = CC_DESIGN_DATE_AND_TIME_ASSIGNMENT ( #2981, #1948, ( #2518 ) ) ;
#636 = ORIENTED_EDGE ( 'NONE', *, *, #2829, .T. ) ;
#637 = EDGE_LOOP ( 'NONE', ( #2926, #723 ) ) ;
#638 = EDGE_CURVE ( 'NONE', #1141, #1097, #2658, .T. ) ;
#639 = CARTESIAN_POINT ( 'NONE',  ( 2.143131898507867804E-16, 43.49999999999995026, 1.750000000000000000 ) ) ;
#640 = LINE ( 'NONE', #1485, #316 ) ;
#641 = VERTEX_POINT ( 'NONE', #3304 ) ;
#642 = DIRECTION ( 'NONE',  ( 0.000000000000000000, 0.000000000000000000, 1.000000000000000000 ) ) ;
#643 = DIRECTION ( 'NONE',  ( 0.000000000000000000, 1.000000000000000000, 0.000000000000000000 ) ) ;
#644 = CARTESIAN_POINT ( 'NONE',  ( -3.802484094445943708, 45.21063292758334029, -1.070914699399409642 ) ) ;
#645 = CYLINDRICAL_SURFACE ( 'NONE', #564, 44.00000000000000000 ) ;
#646 = CARTESIAN_POINT ( 'NONE',  ( 29.14999999999999858, 75.00000000000000000, -9.645448267190433356 ) ) ;
#647 = VERTEX_POINT ( 'NONE', #1938 ) ;
#648 = APPROVAL_STATUS ( 'not_yet_approved' ) ;
#649 = ORIENTED_EDGE ( 'NONE', *, *, #795, .T. ) ;
#650 = EDGE_CURVE ( 'NONE', #1242, #3454, #1670, .T. ) ;
#651 = VECTOR ( 'NONE', #270, 1000.000000000000114 ) ;
#652 = CARTESIAN_POINT ( 'NONE',  ( -32.00000000000000000, 75.00000000000000000, 8.000000000000000000 ) ) ;
#653 = DIRECTION ( 'NONE',  ( 0.000000000000000000, -1.000000000000000000, 0.000000000000000000 ) ) ;
#654 = AXIS2_PLACEMENT_3D ( 'NONE', #2956, #1308, #2689 ) ;
#655 = VERTEX_POINT ( 'NONE', #1737 ) ;
#656 = CARTESIAN_POINT ( 'NONE',  ( 34.85000000000000142, 72.00000000000000000, -9.645448267190433356 ) ) ;
#657 = CARTESIAN_POINT ( 'NONE',  ( -34.68520831611286326, 75.00000000000000000, -6.259409209757112791 ) ) ;
#658 = ORIENTED_EDGE ( 'NONE', *, *, #437, .T. ) ;
#659 = CARTESIAN_POINT ( 'NONE',  ( -3.793744851726326583, 45.50000000000000000, 1.100000000000000089 ) ) ;
#660 = LINE ( 'NONE', #3363, #56 ) ;
#661 = DIRECTION ( 'NONE',  ( 0.000000000000000000, 1.000000000000000000, 0.000000000000000000 ) ) ;
#662 = CIRCLE ( 'NONE', #1739, 3.200000000000001510 ) ;
#663 = EDGE_LOOP ( 'NONE', ( #597, #3417, #1084, #658 ) ) ;
#664 = ORIENTED_EDGE ( 'NONE', *, *, #2043, .F. ) ;
#665 = AXIS2_PLACEMENT_3D ( 'NONE', #1385, #1959, #1152 ) ;
#666 = CARTESIAN_POINT ( 'NONE',  ( 32.16479168388714527, 74.50000000000000000, 4.804245988671586254 ) ) ;
#667 = VECTOR ( 'NONE', #1240, 1000.000000000000114 ) ;
#668 = CARTESIAN_POINT ( 'NONE',  ( -32.00000000000000000, 77.00000000000000000, 6.299999999999999822 ) ) ;
#669 = ADVANCED_FACE ( 'NONE', ( #392 ), #627, .T. ) ;
#670 = ORIENTED_EDGE ( 'NONE', *, *, #1980, .T. ) ;
#671 = ORIENTED_EDGE ( 'NONE', *, *, #952, .T. ) ;
#672 = VECTOR ( 'NONE', #1939, 1000.000000000000000 ) ;
#673 = DIRECTION ( 'NONE',  ( 0.000000000000000000, 0.000000000000000000, 1.000000000000000000 ) ) ;
#674 = DIRECTION ( 'NONE',  ( 0.000000000000000000, 1.000000000000000000, 0.000000000000000000 ) ) ;
#675 = CARTESIAN_POINT ( 'NONE',  ( 32.00000000000000000, 75.00000000000000000, -8.000000000000000000 ) ) ;
#676 = DIRECTION ( 'NONE',  ( 0.000000000000000000, 1.000000000000000000, 0.000000000000000000 ) ) ;
#677 = EDGE_CURVE ( 'NONE', #2652, #1242, #1488, .T. ) ;
#678 = DIRECTION ( 'NONE',  ( 0.000000000000000000, 1.000000000000000000, 0.000000000000000000 ) ) ;
#679 = DIRECTION ( 'NONE',  ( 0.000000000000000000, -0.000000000000000000, 1.000000000000000000 ) ) ;
#680 = ORIENTED_EDGE ( 'NONE', *, *, #1940, .F. ) ;
#681 = ORIENTED_EDGE ( 'NONE', *, *, #731, .T. ) ;
#682 = FACE_OUTER_BOUND ( 'NONE', #161, .T. ) ;
#683 = DIRECTION ( 'NONE',  ( 0.000000000000000000, 0.000000000000000000, -1.000000000000000000 ) ) ;
#684 = VERTEX_POINT ( 'NONE', #3042 ) ;
#685 = VERTEX_POINT ( 'NONE', #2507 ) ;
#686 = CYLINDRICAL_SURFACE ( 'NONE', #3058, 1.100000000000000089 ) ;
#687 = CARTESIAN_POINT ( 'NONE',  ( 1.663549969099136216, 46.45755863561982579, 0.5602576160964216623 ) ) ;
#688 = ADVANCED_FACE ( 'NONE', ( #3337 ), #880, .T. ) ;
#689 = DIRECTION ( 'NONE',  ( -0.000000000000000000, 1.000000000000000000, -0.000000000000000000 ) ) ;
#690 = EDGE_CURVE ( 'NONE', #3292, #444, #2800, .T. ) ;
#691 = CARTESIAN_POINT ( 'NONE',  ( -32.00000000000000000, 75.00000000000000000, 8.000000000000000000 ) ) ;
#692 = FACE_OUTER_BOUND ( 'NONE', #3303, .T. ) ;
#693 = VERTEX_POINT ( 'NONE', #1676 ) ;
#694 = ORIENTED_EDGE ( 'NONE', *, *, #2043, .T. ) ;
#695 = CARTESIAN_POINT ( 'NONE',  ( 2.143131898507867804E-16, 72.00000000000000000, 1.750000000000000000 ) ) ;
#696 = LINE ( 'NONE', #2667, #1558 ) ;
#697 = ORIENTED_EDGE ( 'NONE', *, *, #3421, .F. ) ;
#698 = VECTOR ( 'NONE', #1079, 1000.000000000000114 ) ;
#699 = ORIENTED_EDGE ( 'NONE', *, *, #2040, .T. ) ;
#700 = DIRECTION ( 'NONE',  ( -0.000000000000000000, -1.000000000000000000, -0.000000000000000000 ) ) ;
#701 = VECTOR ( 'NONE', #319, 1000.000000000000000 ) ;
#702 = CARTESIAN_POINT ( 'NONE',  ( -32.00000000000000000, 75.00000000000000000, 11.29089653438086671 ) ) ;
#703 = VERTEX_POINT ( 'NONE', #205 ) ;
#704 = DIRECTION ( 'NONE',  ( 0.000000000000000000, -0.000000000000000000, 1.000000000000000000 ) ) ;
#705 = PRODUCT_DEFINITION_FORMATION_WITH_SPECIFIED_SOURCE ( 'ANY', '', #1412, .NOT_KNOWN. ) ;
#706 = CARTESIAN_POINT ( 'NONE',  ( -32.00000000000000000, 74.50000000000000000, -8.000000000000000000 ) ) ;
#707 = CARTESIAN_POINT ( 'NONE',  ( -34.85000000000000142, 74.50000000000000000, -6.544836778914469022 ) ) ;
#708 = ADVANCED_FACE ( 'NONE', ( #1016 ), #1121, .F. ) ;
#709 = ORIENTED_EDGE ( 'NONE', *, *, #1622, .F. ) ;
#710 = ORIENTED_EDGE ( 'NONE', *, *, #578, .T. ) ;
#711 = AXIS2_PLACEMENT_3D ( 'NONE', #1574, #2952, #2665 ) ;
#712 = EDGE_CURVE ( 'NONE', #1143, #1850, #1351, .T. ) ;
#713 = ORIENTED_EDGE ( 'NONE', *, *, #3023, .F. ) ;
#714 = FACE_OUTER_BOUND ( 'NONE', #2268, .T. ) ;
#715 = PLANE ( 'NONE',  #821 ) ;
#716 = VECTOR ( 'NONE', #1039, 1000.000000000000227 ) ;
#717 = ORIENTED_EDGE ( 'NONE', *, *, #2183, .T. ) ;
#718 = ORIENTED_EDGE ( 'NONE', *, *, #1222, .F. ) ;
#719 = CIRCLE ( 'NONE', #1576, 3.200000000000001510 ) ;
#720 = CARTESIAN_POINT ( 'NONE',  ( -29.14999999999999858, 72.00000000000000000, -9.645448267190433356 ) ) ;
#721 = MANIFOLD_SOLID_BREP ( 'Washer_seats_above_captive_nuts', #3458 ) ;
#722 = PLANE ( 'NONE',  #2191 ) ;
#723 = ORIENTED_EDGE ( 'NONE', *, *, #1011, .F. ) ;
#724 = DIRECTION ( 'NONE',  ( 0.000000000000000000, 1.000000000000000000, 0.000000000000000000 ) ) ;
#725 = CARTESIAN_POINT ( 'NONE',  ( -1.745058591865601416, 46.59218274743484756, 0.1499728993948259426 ) ) ;
#726 = DIRECTION ( 'NONE',  ( -0.8660254037844389297, 0.000000000000000000, -0.4999999999999993894 ) ) ;
#727 = ORIENTED_EDGE ( 'NONE', *, *, #3424, .F. ) ;
#728 = ADVANCED_FACE ( 'NONE', ( #1659 ), #1928, .T. ) ;
#729 = EDGE_CURVE ( 'NONE', #1927, #1253, #2994, .T. ) ;
#730 = ORIENTED_EDGE ( 'NONE', *, *, #2479, .T. ) ;
#731 = EDGE_CURVE ( 'NONE', #1877, #454, #2752, .T. ) ;
#732 = DIRECTION ( 'NONE',  ( 0.000000000000000000, -1.000000000000000000, 0.000000000000000000 ) ) ;
#733 = CYLINDRICAL_SURFACE ( 'NONE', #3278, 1.700000000000000178 ) ;
#734 = ORIENTED_EDGE ( 'NONE', *, *, #914, .T. ) ;
#735 = EDGE_CURVE ( 'NONE', #2552, #2237, #1062, .T. ) ;
#736 = VERTEX_POINT ( 'NONE', #3195 ) ;
#737 = DIRECTION ( 'NONE',  ( 0.000000000000000000, 0.000000000000000000, -1.000000000000000000 ) ) ;
#738 = LINE ( 'NONE', #983, #2761 ) ;
#739 = ORIENTED_EDGE ( 'NONE', *, *, #806, .T. ) ;
#740 = DIRECTION ( 'NONE',  ( -1.000000000000000000, 0.000000000000000000, -1.054255858762918044E-15 ) ) ;
#741 = CARTESIAN_POINT ( 'NONE',  ( 32.00000000000000000, 75.00000000000000000, 8.000000000000000000 ) ) ;
#742 = CARTESIAN_POINT ( 'NONE',  ( 0.000000000000000000, 72.00000000000000000, 0.000000000000000000 ) ) ;
#743 = DIRECTION ( 'NONE',  ( -0.000000000000000000, -1.000000000000000000, -0.000000000000000000 ) ) ;
#744 = ORIENTED_EDGE ( 'NONE', *, *, #1317, .T. ) ;
#745 = ORIENTED_EDGE ( 'NONE', *, *, #356, .F. ) ;
#746 = DIRECTION ( 'NONE',  ( -0.000000000000000000, 1.000000000000000000, -0.000000000000000000 ) ) ;
#747 = DIRECTION ( 'NONE',  ( -0.000000000000000000, 1.000000000000000000, -0.000000000000000000 ) ) ;
#748 = EDGE_CURVE ( 'NONE', #875, #703, #857, .T. ) ;
#749 = EDGE_LOOP ( 'NONE', ( #3390, #794, #788, #2014 ) ) ;
#750 = ORIENTED_EDGE ( 'NONE', *, *, #2894, .T. ) ;
#751 = CYLINDRICAL_SURFACE ( 'NONE', #1693, 3.200000000000001510 ) ;
#752 = DIRECTION ( 'NONE',  ( 0.000000000000000000, 0.000000000000000000, 1.000000000000000000 ) ) ;
#753 = ORIENTED_EDGE ( 'NONE', *, *, #773, .F. ) ;
#754 = FACE_OUTER_BOUND ( 'NONE', #3319, .T. ) ;
#755 = VECTOR ( 'NONE', #1724, 1000.000000000000000 ) ;
#756 = CARTESIAN_POINT ( 'NONE',  ( -29.31479168388714029, 74.50000000000000000, 6.259409209757112791 ) ) ;
#757 = CYLINDRICAL_SURFACE ( 'NONE', #1700, 1.700000000000000178 ) ;
#758 = CARTESIAN_POINT ( 'NONE',  ( 29.14999999999999858, 74.50000000000000000, -6.354551732809565756 ) ) ;
#759 = EDGE_LOOP ( 'NONE', ( #803, #62 ) ) ;
#760 = CARTESIAN_POINT ( 'NONE',  ( -34.85000000000000142, 75.00000000000000000, -6.544836778914469022 ) ) ;
#761 = VERTEX_POINT ( 'NONE', #610 ) ;
#762 = VECTOR ( 'NONE', #2010, 1000.000000000000000 ) ;
#763 = DIRECTION ( 'NONE',  ( 0.000000000000000000, -1.000000000000000000, 0.000000000000000000 ) ) ;
#764 = DIRECTION ( 'NONE',  ( -1.000000000000000000, 0.000000000000000000, 0.000000000000000000 ) ) ;
#765 = ORIENTED_EDGE ( 'NONE', *, *, #1701, .F. ) ;
#766 = VECTOR ( 'NONE', #1029, 1000.000000000000000 ) ;
#767 = CIRCLE ( 'NONE', #49, 1.700000000000000178 ) ;
#768 = ADVANCED_FACE ( 'NONE', ( #1388 ), #308, .F. ) ;
#769 = DIRECTION ( 'NONE',  ( -0.000000000000000000, -1.000000000000000000, -0.000000000000000000 ) ) ;
#770 = VECTOR ( 'NONE', #3260, 1000.000000000000000 ) ;
#771 = AXIS2_PLACEMENT_3D ( 'NONE', #1689, #2759, #2779 ) ;
#772 = DIRECTION ( 'NONE',  ( 0.000000000000000000, 0.000000000000000000, 1.000000000000000000 ) ) ;
#773 = EDGE_CURVE ( 'NONE', #3249, #572, #3523, .T. ) ;
#774 = EDGE_LOOP ( 'NONE', ( #2503, #3386, #1592, #3244 ) ) ;
#775 = CARTESIAN_POINT ( 'NONE',  ( -32.00000000000000000, 72.00000000000000000, 4.709103465619133289 ) ) ;
#776 = AXIS2_PLACEMENT_3D ( 'NONE', #1946, #1432, #362 ) ;
#777 = AXIS2_PLACEMENT_3D ( 'NONE', #2124, #1984, #2167 ) ;
#778 = DIRECTION ( 'NONE',  ( 0.000000000000000000, 1.000000000000000000, 0.000000000000000000 ) ) ;
#779 = EDGE_CURVE ( 'NONE', #2285, #3511, #2374, .T. ) ;
#780 = CARTESIAN_POINT ( 'NONE',  ( 29.14999999999999858, 72.00000000000000000, -9.645448267190433356 ) ) ;
#781 = LINE ( 'NONE', #3468, #651 ) ;
#782 = AXIS2_PLACEMENT_3D ( 'NONE', #3517, #198, #2419 ) ;
#783 = ORIENTED_EDGE ( 'NONE', *, *, #1421, .F. ) ;
#784 = EDGE_CURVE ( 'NONE', #13, #3223, #2713, .T. ) ;
#785 = FACE_OUTER_BOUND ( 'NONE', #2350, .T. ) ;
#786 = PLANE ( 'NONE',  #611 ) ;
#787 = EDGE_CURVE ( 'NONE', #1885, #831, #273, .T. ) ;
#788 = ORIENTED_EDGE ( 'NONE', *, *, #988, .T. ) ;
#789 = CARTESIAN_POINT ( 'NONE',  ( -29.15000000000000213, 75.00000000000000000, 6.544836778914472575 ) ) ;
#790 = CARTESIAN_POINT ( 'NONE',  ( -31.83520831611286184, 75.00000000000000000, 4.804245988671586254 ) ) ;
#791 = ORIENTED_EDGE ( 'NONE', *, *, #3153, .T. ) ;
#792 = DIRECTION ( 'NONE',  ( 0.000000000000000000, 1.000000000000000000, 0.000000000000000000 ) ) ;
#793 = DIRECTION ( 'NONE',  ( 0.8660254037844389297, 0.000000000000000000, 0.4999999999999993894 ) ) ;
#794 = ORIENTED_EDGE ( 'NONE', *, *, #3109, .F. ) ;
#795 = EDGE_CURVE ( 'NONE', #1165, #2333, #3033, .T. ) ;
#796 = DIRECTION ( 'NONE',  ( -0.8660254037844389297, 0.000000000000000000, 0.4999999999999993894 ) ) ;
#797 = CYLINDRICAL_SURFACE ( 'NONE', #782, 1.700000000000000178 ) ;
#798 = DIRECTION ( 'NONE',  ( 0.000000000000000000, 0.000000000000000000, 1.000000000000000000 ) ) ;
#799 = ADVANCED_FACE ( 'NONE', ( #2178 ), #558, .T. ) ;
#800 = ORIENTED_EDGE ( 'NONE', *, *, #894, .T. ) ;
#801 = CARTESIAN_POINT ( 'NONE',  ( -34.85000000000000142, 75.00000000000000000, -9.645448267190433356 ) ) ;
#802 = DIRECTION ( 'NONE',  ( 0.000000000000000000, -1.000000000000000000, 0.000000000000000000 ) ) ;
#803 = ORIENTED_EDGE ( 'NONE', *, *, #1315, .F. ) ;
#804 = LINE ( 'NONE', #1664, #1054 ) ;
#805 = DIRECTION ( 'NONE',  ( 0.000000000000000000, -1.000000000000000000, 0.000000000000000000 ) ) ;
#806 = EDGE_CURVE ( 'NONE', #2075, #2056, #377, .T. ) ;
#807 = ORIENTED_EDGE ( 'NONE', *, *, #1315, .T. ) ;
#808 = DIRECTION ( 'NONE',  ( 0.000000000000000000, 0.000000000000000000, 1.000000000000000000 ) ) ;
#809 = DIRECTION ( 'NONE',  ( 0.000000000000000000, -0.000000000000000000, 1.000000000000000000 ) ) ;
#810 = EDGE_LOOP ( 'NONE', ( #1503, #2923, #1031, #2816 ) ) ;
#811 = CARTESIAN_POINT ( 'NONE',  ( 32.00000000000000000, 74.50000000000000000, 11.29089653438086671 ) ) ;
#812 = FACE_OUTER_BOUND ( 'NONE', #29, .T. ) ;
#813 = DIRECTION ( 'NONE',  ( 0.4999999999999999445, 0.000000000000000000, -0.8660254037844387076 ) ) ;
#814 = CARTESIAN_POINT ( 'NONE',  ( 34.68520831611286326, 74.50000000000000000, -9.740590790242883656 ) ) ;
#815 = EDGE_LOOP ( 'NONE', ( #2875, #1683, #1247, #2899, #2978, #1334, #1572, #3167 ) ) ;
#816 = DIRECTION ( 'NONE',  ( 0.000000000000000000, 0.000000000000000000, -1.000000000000000000 ) ) ;
#817 = VECTOR ( 'NONE', #3486, 1000.000000000000000 ) ;
#818 = DIRECTION ( 'NONE',  ( 0.000000000000000000, 1.000000000000000000, 0.000000000000000000 ) ) ;
#819 = CARTESIAN_POINT ( 'NONE',  ( -32.00000000000000000, 75.00000000000000000, -4.709103465619133289 ) ) ;
#820 = EDGE_CURVE ( 'NONE', #1193, #1143, #106, .T. ) ;
#821 = AXIS2_PLACEMENT_3D ( 'NONE', #2896, #2336, #2093 ) ;
#822 = VERTEX_POINT ( 'NONE', #3137 ) ;
#823 = CARTESIAN_POINT ( 'NONE',  ( -1.730324933460705372, 44.43060058834680603, -0.2960117961750186044 ) ) ;
#824 = CIRCLE ( 'NONE', #1212, 3.200000000000001510 ) ;
#825 = FACE_BOUND ( 'NONE', #1036, .T. ) ;
#826 = CYLINDRICAL_SURFACE ( 'NONE', #2417, 1.100000000000000089 ) ;
#827 = EDGE_LOOP ( 'NONE', ( #2863, #791, #2324, #2963, #3129, #680, #3310, #2216 ) ) ;
#828 = CARTESIAN_POINT ( 'NONE',  ( -32.00000000000000000, 74.50000000000000000, 8.000000000000000000 ) ) ;
#829 = PLANE ( 'NONE',  #1329 ) ;
#830 = AXIS2_PLACEMENT_3D ( 'NONE', #942, #1796, #2084 ) ;
#831 = VERTEX_POINT ( 'NONE', #128 ) ;
#832 = DIRECTION ( 'NONE',  ( -0.000000000000000000, 0.000000000000000000, -1.000000000000000000 ) ) ;
#833 = AXIS2_PLACEMENT_3D ( 'NONE', #1352, #818, #1390 ) ;
#834 = VECTOR ( 'NONE', #2356, 1000.000000000000000 ) ;
#835 = DIRECTION ( 'NONE',  ( 0.000000000000000000, 1.000000000000000000, 0.000000000000000000 ) ) ;
#836 = DIRECTION ( 'NONE',  ( 0.000000000000000000, -1.000000000000000000, 0.000000000000000000 ) ) ;
#837 = VECTOR ( 'NONE', #2435, 1000.000000000000000 ) ;
#838 = AXIS2_PLACEMENT_3D ( 'NONE', #2797, #105, #3402 ) ;
#839 = ORIENTED_EDGE ( 'NONE', *, *, #3316, .T. ) ;
#840 = DIRECTION ( 'NONE',  ( -0.000000000000000000, 0.000000000000000000, -1.000000000000000000 ) ) ;
#841 = CYLINDRICAL_SURFACE ( 'NONE', #153, 3.200000000000001510 ) ;
#842 = FACE_OUTER_BOUND ( 'NONE', #1579, .T. ) ;
#843 = VECTOR ( 'NONE', #2788, 1000.000000000000000 ) ;
#844 = EDGE_LOOP ( 'NONE', ( #3374, #2235 ) ) ;
#845 = VECTOR ( 'NONE', #96, 1000.000000000000000 ) ;
#846 = EDGE_CURVE ( 'NONE', #563, #1871, #2821, .T. ) ;
#847 = ADVANCED_FACE ( 'NONE', ( #1981, #3071 ), #2546, .F. ) ;
#848 = VERTEX_POINT ( 'NONE', #3411 ) ;
#849 = EDGE_CURVE ( 'NONE', #1420, #3461, #2850, .T. ) ;
#850 = DIRECTION ( 'NONE',  ( 0.000000000000000000, 0.000000000000000000, 1.000000000000000000 ) ) ;
#851 = CYLINDRICAL_SURFACE ( 'NONE', #2013, 1.700000000000000178 ) ;
#852 = ORIENTED_EDGE ( 'NONE', *, *, #1252, .T. ) ;
#853 = CARTESIAN_POINT ( 'NONE',  ( -34.68520831611286326, 75.00000000000000000, 6.259409209757114567 ) ) ;
#854 = DIRECTION ( 'NONE',  ( 0.000000000000000000, 0.000000000000000000, 1.000000000000000000 ) ) ;
#855 = CARTESIAN_POINT ( 'NONE',  ( 0.000000000000000000, 72.00000000000001421, 0.000000000000000000 ) ) ;
#856 = VERTEX_POINT ( 'NONE', #2246 ) ;
#857 = LINE ( 'NONE', #2498, #2148 ) ;
#858 = DIRECTION ( 'NONE',  ( -0.8660254037844389297, 0.000000000000000000, 0.4999999999999995004 ) ) ;
#859 = CARTESIAN_POINT ( 'NONE',  ( 29.14999999999999858, 72.00000000000000000, -6.354551732809565756 ) ) ;
#860 = ORIENTED_EDGE ( 'NONE', *, *, #2442, .T. ) ;
#861 = APPROVAL_DATE_TIME ( #3296, #329 ) ;
#862 = ORIENTED_EDGE ( 'NONE', *, *, #2474, .T. ) ;
#863 = DIRECTION ( 'NONE',  ( 0.8660254037844389297, 0.000000000000000000, 0.4999999999999994449 ) ) ;
#864 = DIRECTION ( 'NONE',  ( 0.000000000000000000, -1.000000000000000000, 0.000000000000000000 ) ) ;
#865 = EDGE_CURVE ( 'NONE', #2500, #3438, #1426, .T. ) ;
#866 = ORIENTED_EDGE ( 'NONE', *, *, #735, .F. ) ;
#867 = CARTESIAN_POINT ( 'NONE',  ( 32.00000000000000000, 74.50000000000000000, -8.000000000000000000 ) ) ;
#868 = CARTESIAN_POINT ( 'NONE',  ( 29.14999999999999858, 74.50000000000000000, 9.645448267190433356 ) ) ;
#869 = FACE_OUTER_BOUND ( 'NONE', #2881, .T. ) ;
#870 = VERTEX_POINT ( 'NONE', #631 ) ;
#871 = DIRECTION ( 'NONE',  ( -0.000000000000000000, 0.000000000000000000, -1.000000000000000000 ) ) ;
#872 = EDGE_CURVE ( 'NONE', #1193, #3088, #3375, .T. ) ;
#873 = EDGE_LOOP ( 'NONE', ( #1669, #2695, #1278, #2337 ) ) ;
#874 = CARTESIAN_POINT ( 'NONE',  ( 5.388445916248353619E-15, 77.00000000000000000, 44.00000000000000000 ) ) ;
#875 = VERTEX_POINT ( 'NONE', #938 ) ;
#876 = AXIS2_PLACEMENT_3D ( 'NONE', #1451, #3353, #2828 ) ;
#877 = LINE ( 'NONE', #2002, #2833 ) ;
#878 = DIRECTION ( 'NONE',  ( 0.4999999999999996114, 0.000000000000000000, 0.8660254037844388186 ) ) ;
#879 = ORIENTED_EDGE ( 'NONE', *, *, #154, .T. ) ;
#880 = PLANE ( 'NONE',  #1855 ) ;
#881 = EDGE_CURVE ( 'NONE', #71, #1553, #2804, .T. ) ;
#882 = LINE ( 'NONE', #868, #393 ) ;
#883 = CIRCLE ( 'NONE', #2876, 3.200000000000001510 ) ;
#884 = CARTESIAN_POINT ( 'NONE',  ( -34.68520831611286326, 74.50000000000000000, 9.740590790242883656 ) ) ;
#885 = EDGE_CURVE ( 'NONE', #341, #2522, #162, .T. ) ;
#886 = CARTESIAN_POINT ( 'NONE',  ( -3.793744851726333245, 45.35389745986240229, 1.100000000000000089 ) ) ;
#887 = VECTOR ( 'NONE', #1272, 1000.000000000000000 ) ;
#888 = EDGE_CURVE ( 'NONE', #173, #373, #1408, .T. ) ;
#889 = DIRECTION ( 'NONE',  ( 1.000000000000000000, 0.000000000000000000, -0.000000000000000000 ) ) ;
#890 = LINE ( 'NONE', #789, #1697 ) ;
#891 = VECTOR ( 'NONE', #2465, 1000.000000000000000 ) ;
#892 = EDGE_CURVE ( 'NONE', #3506, #1603, #719, .T. ) ;
#893 = ORIENTED_EDGE ( 'NONE', *, *, #3331, .T. ) ;
#894 = EDGE_CURVE ( 'NONE', #352, #138, #1749, .T. ) ;
#895 = AXIS2_PLACEMENT_3D ( 'NONE', #3444, #1292, #183 ) ;
#896 = PERSON_AND_ORGANIZATION_ROLE ( 'classification_officer' ) ;
#897 = AXIS2_PLACEMENT_3D ( 'NONE', #518, #305, #2213 ) ;
#898 = ORIENTED_EDGE ( 'NONE', *, *, #2260, .F. ) ;
#899 = CARTESIAN_POINT ( 'NONE',  ( 32.00000000000000000, 75.00000000000000000, -9.700000000000001066 ) ) ;
#900 = CYLINDRICAL_SURFACE ( 'NONE', #3449, 3.200000000000001510 ) ;
#901 = ORIENTED_EDGE ( 'NONE', *, *, #904, .F. ) ;
#902 = CARTESIAN_POINT ( 'NONE',  ( 32.00000000000000000, 72.00000000000000000, 4.709103465619133289 ) ) ;
#903 = CARTESIAN_POINT ( 'NONE',  ( -32.00000000000000000, 75.00000000000000000, -4.709103465619133289 ) ) ;
#904 = EDGE_CURVE ( 'NONE', #761, #3223, #2604, .T. ) ;
#905 = ORIENTED_EDGE ( 'NONE', *, *, #1014, .T. ) ;
#906 = CARTESIAN_POINT ( 'NONE',  ( 34.68520831611285615, 75.00000000000000000, 9.740590790242888986 ) ) ;
#907 = PLANE ( 'NONE',  #1571 ) ;
#908 = FACE_OUTER_BOUND ( 'NONE', #1205, .T. ) ;
#909 = DIRECTION ( 'NONE',  ( -0.000000000000000000, 1.000000000000000000, -0.000000000000000000 ) ) ;
#910 = EDGE_CURVE ( 'NONE', #1028, #213, #1215, .T. ) ;
#911 = ORIENTED_EDGE ( 'NONE', *, *, #872, .F. ) ;
#912 = B_SPLINE_CURVE_WITH_KNOTS ( 'NONE', 3,
 ( #1384, #2595, #1529, #936, #969, #3136, #3147, #1772, #1170, #2274, #2023, #687, #2862, #3121, #2617, #165, #1214, #1741 ),
 .UNSPECIFIED., .F., .F.,
 ( 4, 2, 2, 2, 2, 2, 2, 2, 4 ),
 ( 0.003537689808556947202, 0.003978709766150344967, 0.004419729723743741866, 0.004860749681337138764, 0.005301769638930536530, 0.005742789596523934295, 0.006183809554117331193, 0.006624829511710728092, 0.007065849469304125857 ),
 .UNSPECIFIED. ) ;
#913 = ORIENTED_EDGE ( 'NONE', *, *, #88, .F. ) ;
#914 = EDGE_CURVE ( 'NONE', #1535, #2534, #2635, .T. ) ;
#915 = DIRECTION ( 'NONE',  ( 0.000000000000000000, -1.000000000000000000, 0.000000000000000000 ) ) ;
#916 = FACE_OUTER_BOUND ( 'NONE', #1434, .T. ) ;
#917 = ORIENTED_EDGE ( 'NONE', *, *, #2939, .T. ) ;
#918 = CARTESIAN_POINT ( 'NONE',  ( 0.000000000000000000, 75.00000000000000000, 0.000000000000000000 ) ) ;
#919 = PLANE ( 'NONE',  #1612 ) ;
#920 = CARTESIAN_POINT ( 'NONE',  ( -3.949993145781843129, 44.40002461287463120, -0.1452177755523993141 ) ) ;
#921 = PLANE ( 'NONE',  #943 ) ;
#922 = DIRECTION ( 'NONE',  ( 0.000000000000000000, -1.000000000000000000, 0.000000000000000000 ) ) ;
#923 = CARTESIAN_POINT ( 'NONE',  ( 32.00000000000000000, 74.50000000000000000, -8.000000000000000000 ) ) ;
#924 = ORIENTED_EDGE ( 'NONE', *, *, #2734, .T. ) ;
#925 = EDGE_CURVE ( 'NONE', #1075, #1260, #2207, .T. ) ;
#926 = EDGE_LOOP ( 'NONE', ( #405, #1732 ) ) ;
#927 = AXIS2_PLACEMENT_3D ( 'NONE', #288, #3031, #1639 ) ;
#928 = CARTESIAN_POINT ( 'NONE',  ( -34.85000000000000142, 75.00000000000000000, 6.544836778914469022 ) ) ;
#929 = DIRECTION ( 'NONE',  ( 0.000000000000000000, 0.000000000000000000, 1.000000000000000000 ) ) ;
#930 = AXIS2_PLACEMENT_3D ( 'NONE', #230, #3202, #752 ) ;
#931 = ORIENTED_EDGE ( 'NONE', *, *, #1514, .F. ) ;
#932 = EDGE_CURVE ( 'NONE', #1816, #2877, #1506, .T. ) ;
#933 = EDGE_LOOP ( 'NONE', ( #1139, #1666, #18, #355 ) ) ;
#934 = CC_DESIGN_SECURITY_CLASSIFICATION ( #1332, ( #705 ) ) ;
#935 = CARTESIAN_POINT ( 'NONE',  ( -32.00000000000000000, 75.00000000000000000, -8.000000000000000000 ) ) ;
#936 = CARTESIAN_POINT ( 'NONE',  ( 1.465971205565284041, 46.05887444210426196, -0.9581545523665194741 ) ) ;
#937 = ORIENTED_EDGE ( 'NONE', *, *, #1721, .T. ) ;
#938 = CARTESIAN_POINT ( 'NONE',  ( -34.85000000000000142, 72.00000000000000000, 6.354551732809566644 ) ) ;
#939 = CARTESIAN_POINT ( 'NONE',  ( -3.913141634802791202, 46.46072806675218914, 0.5545397335577351150 ) ) ;
#940 = AXIS2_PLACEMENT_3D ( 'NONE', #97, #2201, #1593 ) ;
#941 = CARTESIAN_POINT ( 'NONE',  ( -32.00000000000000000, 74.50000000000000000, 4.709103465619133289 ) ) ;
#942 = CARTESIAN_POINT ( 'NONE',  ( 32.00000000000000000, 74.50000000000000000, -8.000000000000000000 ) ) ;
#943 = AXIS2_PLACEMENT_3D ( 'NONE', #360, #346, #858 ) ;
#944 = ORIENTED_EDGE ( 'NONE', *, *, #1474, .F. ) ;
#945 = VECTOR ( 'NONE', #1136, 1000.000000000000000 ) ;
#946 = ORIENTED_EDGE ( 'NONE', *, *, #2521, .T. ) ;
#947 = VECTOR ( 'NONE', #2903, 1000.000000000000000 ) ;
#948 = CIRCLE ( 'NONE', #3520, 6.000000000000000000 ) ;
#949 = ADVANCED_FACE ( 'NONE', ( #2329 ), #2597, .T. ) ;
#950 = DIRECTION ( 'NONE',  ( 0.000000000000000000, 0.000000000000000000, -1.000000000000000000 ) ) ;
#951 = DIRECTION ( 'NONE',  ( 0.8660254037844388186, 0.000000000000000000, 0.4999999999999996114 ) ) ;
#952 = EDGE_CURVE ( 'NONE', #870, #2869, #3428, .T. ) ;
#953 = EDGE_LOOP ( 'NONE', ( #2012, #43 ) ) ;
#954 = ORIENTED_EDGE ( 'NONE', *, *, #1701, .T. ) ;
#955 = CARTESIAN_POINT ( 'NONE',  ( -29.31479168388714029, 75.00000000000000000, 9.740590790242887209 ) ) ;
#956 = DIRECTION ( 'NONE',  ( -1.000000000000000000, 0.000000000000000000, 0.000000000000000000 ) ) ;
#957 = CARTESIAN_POINT ( 'NONE',  ( -3.941640084158780422, 44.42908564799461146, 0.2894079565859378755 ) ) ;
#958 = CYLINDRICAL_SURFACE ( 'NONE', #1348, 3.200000000000001510 ) ;
#959 = DIRECTION ( 'NONE',  ( 0.000000000000000000, 0.000000000000000000, 1.000000000000000000 ) ) ;
#960 = EDGE_LOOP ( 'NONE', ( #1481, #435, #1880, #244, #3218, #298, #2382, #3037 ) ) ;
#961 = CARTESIAN_POINT ( 'NONE',  ( 32.00000000000000000, 75.00000000000000000, 8.000000000000000000 ) ) ;
#962 = EDGE_LOOP ( 'NONE', ( #1807, #2004, #409, #2142 ) ) ;
#963 = CARTESIAN_POINT ( 'NONE',  ( 1.745058591865600750, 44.40781725256515955, 0.1499728993948268307 ) ) ;
#964 = CARTESIAN_POINT ( 'NONE',  ( 32.00000000000000000, 77.00000000000000000, -9.700000000000001066 ) ) ;
#965 = ORIENTED_EDGE ( 'NONE', *, *, #2570, .T. ) ;
#966 = VERTEX_POINT ( 'NONE', #215 ) ;
#967 = EDGE_CURVE ( 'NONE', #1838, #2119, #1561, .T. ) ;
#968 = DIRECTION ( 'NONE',  ( 0.000000000000000000, 1.000000000000000000, 0.000000000000000000 ) ) ;
#969 = CARTESIAN_POINT ( 'NONE',  ( 1.517424172750160061, 46.17643174369358405, -0.8787387289766812604 ) ) ;
#970 = EDGE_LOOP ( 'NONE', ( #1353, #3380 ) ) ;
#971 = DIRECTION ( 'NONE',  ( 0.8660254037844387076, 0.000000000000000000, 0.4999999999999998890 ) ) ;
#972 = DIRECTION ( 'NONE',  ( 0.000000000000000000, 0.000000000000000000, -1.000000000000000000 ) ) ;
#973 = DIRECTION ( 'NONE',  ( 0.000000000000000000, 1.000000000000000000, 0.000000000000000000 ) ) ;
#974 = ORIENTED_EDGE ( 'NONE', *, *, #2474, .F. ) ;
#975 = VERTEX_POINT ( 'NONE', #2918 ) ;
#976 = CARTESIAN_POINT ( 'NONE',  ( 29.14999999999999858, 75.00000000000000000, 9.455163221085523872 ) ) ;
#977 = DIRECTION ( 'NONE',  ( 0.000000000000000000, 0.000000000000000000, 1.000000000000000000 ) ) ;
#978 = VERTEX_POINT ( 'NONE', #1585 ) ;
#979 = VECTOR ( 'NONE', #6, 1000.000000000000114 ) ;
#980 = ORIENTED_EDGE ( 'NONE', *, *, #413, .T. ) ;
#981 = PLANE ( 'NONE',  #2208 ) ;
#982 = VECTOR ( 'NONE', #354, 1000.000000000000114 ) ;
#983 = CARTESIAN_POINT ( 'NONE',  ( 29.14999999999999858, 75.00000000000000000, -6.354551732809565756 ) ) ;
#984 = ORIENTED_EDGE ( 'NONE', *, *, #2809, .F. ) ;
#985 = EDGE_CURVE ( 'NONE', #572, #419, #1237, .T. ) ;
#986 = DIRECTION ( 'NONE',  ( 0.000000000000000000, -1.000000000000000000, 0.000000000000000000 ) ) ;
#987 = CARTESIAN_POINT ( 'NONE',  ( -3.802474773444904699, 45.78947292788335943, 1.070964528425318196 ) ) ;
#988 = EDGE_CURVE ( 'NONE', #3479, #2123, #1519, .T. ) ;
#989 = DIRECTION ( 'NONE',  ( 0.000000000000000000, 0.000000000000000000, -1.000000000000000000 ) ) ;
#990 = FACE_OUTER_BOUND ( 'NONE', #1854, .T. ) ;
#991 = ADVANCED_FACE ( 'NONE', ( #3149 ), #2081, .T. ) ;
#992 = ORIENTED_EDGE ( 'NONE', *, *, #2683, .T. ) ;
#993 = ORIENTED_EDGE ( 'NONE', *, *, #1436, .F. ) ;
#994 = CIRCLE ( 'NONE', #2936, 3.950000000000000178 ) ;
#995 = ADVANCED_FACE ( 'NONE', ( #2864 ), #3206, .T. ) ;
#996 = VERTEX_POINT ( 'NONE', #2360 ) ;
#997 = AXIS2_PLACEMENT_3D ( 'NONE', #1394, #2999, #565 ) ;
#998 = VECTOR ( 'NONE', #3120, 1000.000000000000000 ) ;
#999 = LINE ( 'NONE', #3215, #3166 ) ;
#1000 = DIRECTION ( 'NONE',  ( 0.000000000000000000, 0.000000000000000000, 1.000000000000000000 ) ) ;
#1001 = VECTOR ( 'NONE', #1718, 1000.000000000000114 ) ;
#1002 = ORIENTED_EDGE ( 'NONE', *, *, #2633, .F. ) ;
#1003 = ORIENTED_EDGE ( 'NONE', *, *, #554, .T. ) ;
#1004 = AXIS2_PLACEMENT_3D ( 'NONE', #675, #411, #143 ) ;
#1005 = CARTESIAN_POINT ( 'NONE',  ( -29.31479168388714029, 75.00000000000000000, -6.259409209757112791 ) ) ;
#1006 = DIRECTION ( 'NONE',  ( 0.000000000000000000, 1.000000000000000000, 0.000000000000000000 ) ) ;
#1007 = ORIENTED_EDGE ( 'NONE', *, *, #2944, .F. ) ;
#1008 = VECTOR ( 'NONE', #130, 1000.000000000000000 ) ;
#1009 = PLANE ( 'NONE',  #3297 ) ;
#1010 = CARTESIAN_POINT ( 'NONE',  ( -1.616067860719646365, 46.37553760300830419, -0.6804146829483240788 ) ) ;
#1011 = EDGE_CURVE ( 'NONE', #2591, #2391, #482, .T. ) ;
#1012 = CARTESIAN_POINT ( 'NONE',  ( 3.000000000000000000, 43.00000000000000000, -2.569533031505919052 ) ) ;
#1013 = VERTEX_POINT ( 'NONE', #466 ) ;
#1014 = EDGE_CURVE ( 'NONE', #1097, #1165, #2116, .T. ) ;
#1015 = ORIENTED_EDGE ( 'NONE', *, *, #3180, .F. ) ;
#1016 = FACE_OUTER_BOUND ( 'NONE', #3251, .T. ) ;
#1017 = DIRECTION ( 'NONE',  ( 0.000000000000000000, 0.000000000000000000, 1.000000000000000000 ) ) ;
#1018 = FACE_BOUND ( 'NONE', #2088, .T. ) ;
#1019 = ORIENTED_EDGE ( 'NONE', *, *, #3321, .F. ) ;
#1020 = VERTEX_POINT ( 'NONE', #2134 ) ;
#1021 = LINE ( 'NONE', #2878, #2662 ) ;
#1022 = CARTESIAN_POINT ( 'NONE',  ( 32.00000000000000000, 74.50000000000000000, -8.000000000000000000 ) ) ;
#1023 = ORIENTED_EDGE ( 'NONE', *, *, #2155, .F. ) ;
#1024 = CYLINDRICAL_SURFACE ( 'NONE', #2212, 3.200000000000001510 ) ;
#1025 = CARTESIAN_POINT ( 'NONE',  ( -34.85000000000000142, 75.00000000000000000, -9.645448267190433356 ) ) ;
#1026 = LINE ( 'NONE', #1063, #2430 ) ;
#1027 = CARTESIAN_POINT ( 'NONE',  ( 34.85000000000000142, 75.00000000000000000, 6.354551732809566644 ) ) ;
#1028 = VERTEX_POINT ( 'NONE', #3499 ) ;
#1029 = DIRECTION ( 'NONE',  ( -0.000000000000000000, 1.000000000000000000, -0.000000000000000000 ) ) ;
#1030 = ORIENTED_EDGE ( 'NONE', *, *, #1950, .F. ) ;
#1031 = ORIENTED_EDGE ( 'NONE', *, *, #119, .T. ) ;
#1032 = ADVANCED_FACE ( 'NONE', ( #167 ), #1009, .T. ) ;
#1033 = ADVANCED_FACE ( 'NONE', ( #754 ), #1024, .F. ) ;
#1034 = CARTESIAN_POINT ( 'NONE',  ( -32.00000000000000000, 75.00000000000000000, 8.000000000000000000 ) ) ;
#1035 = DIRECTION ( 'NONE',  ( -0.8660254037844389297, 0.000000000000000000, -0.4999999999999994449 ) ) ;
#1036 = EDGE_LOOP ( 'NONE', ( #3232, #75, #1487, #636, #3064, #3049 ) ) ;
#1037 = VERTEX_POINT ( 'NONE', #1310 ) ;
#1038 = ADVANCED_FACE ( 'NONE', ( #3224 ), #428, .T. ) ;
#1039 = DIRECTION ( 'NONE',  ( -0.8660254037844389297, 0.000000000000000000, -0.4999999999999993894 ) ) ;
#1040 = DIRECTION ( 'NONE',  ( -1.000000000000000000, 0.000000000000000000, -0.000000000000000000 ) ) ;
#1041 = EDGE_CURVE ( 'NONE', #563, #761, #3312, .T. ) ;
#1042 = ORIENTED_EDGE ( 'NONE', *, *, #784, .T. ) ;
#1043 = DIRECTION ( 'NONE',  ( 0.000000000000000000, 1.000000000000000000, 0.000000000000000000 ) ) ;
#1044 = AXIS2_PLACEMENT_3D ( 'NONE', #2566, #1764, #2346 ) ;
#1045 = CARTESIAN_POINT ( 'NONE',  ( -1.615699261574590873, 46.37485830892479299, 0.6812614076481781078 ) ) ;
#1046 = CARTESIAN_POINT ( 'NONE',  ( 32.00000000000000000, 77.00000000000000000, -9.700000000000001066 ) ) ;
#1047 = ORIENTED_EDGE ( 'NONE', *, *, #2679, .F. ) ;
#1048 = FACE_OUTER_BOUND ( 'NONE', #749, .T. ) ;
#1049 = EDGE_LOOP ( 'NONE', ( #1770, #1367, #3483, #2609, #1518, #3514, #2742, #195 ) ) ;
#1050 = AXIS2_PLACEMENT_3D ( 'NONE', #2182, #3087, #3364 ) ;
#1051 = PLANE ( 'NONE',  #1912 ) ;
#1052 = DIRECTION ( 'NONE',  ( 0.000000000000000000, 0.000000000000000000, 1.000000000000000000 ) ) ;
#1053 = ORIENTED_EDGE ( 'NONE', *, *, #2553, .T. ) ;
#1054 = VECTOR ( 'NONE', #1354, 1000.000000000000000 ) ;
#1055 = CARTESIAN_POINT ( 'NONE',  ( -32.00000000000000000, 75.00000000000000000, 11.29089653438086671 ) ) ;
#1056 = VECTOR ( 'NONE', #2770, 1000.000000000000000 ) ;
#1057 = CIRCLE ( 'NONE', #2031, 44.00000000000000000 ) ;
#1058 = CARTESIAN_POINT ( 'NONE',  ( -29.15000000000000213, 75.00000000000000000, -6.544836778914466358 ) ) ;
#1059 = ADVANCED_FACE ( 'NONE', ( #2247 ), #3343, .T. ) ;
#1060 = ORIENTED_EDGE ( 'NONE', *, *, #3265, .T. ) ;
#1061 = DIRECTION ( 'NONE',  ( 0.8660254037844389297, 0.000000000000000000, -0.4999999999999995004 ) ) ;
#1062 = CIRCLE ( 'NONE', #3233, 3.200000000000001510 ) ;
#1063 = CARTESIAN_POINT ( 'NONE',  ( -34.85000000000000142, 75.00000000000000000, -6.354551732809565756 ) ) ;
#1064 = CARTESIAN_POINT ( 'NONE',  ( -32.00000000000000000, 75.00000000000000000, -11.29089653438086671 ) ) ;
#1065 = CIRCLE ( 'NONE', #1926, 3.200000000000001510 ) ;
#1066 = ORIENTED_EDGE ( 'NONE', *, *, #1452, .F. ) ;
#1067 = LINE ( 'NONE', #2678, #45 ) ;
#1068 = EDGE_CURVE ( 'NONE', #586, #402, #348, .T. ) ;
#1069 = VERTEX_POINT ( 'NONE', #2738 ) ;
#1070 = FACE_OUTER_BOUND ( 'NONE', #456, .T. ) ;
#1071 = DIRECTION ( 'NONE',  ( 0.000000000000000000, 0.000000000000000000, 1.000000000000000000 ) ) ;
#1072 = ORIENTED_EDGE ( 'NONE', *, *, #1142, .T. ) ;
#1073 = CARTESIAN_POINT ( 'NONE',  ( 0.000000000000000000, 72.00000000000000000, 0.000000000000000000 ) ) ;
#1074 = CARTESIAN_POINT ( 'NONE',  ( 29.14999999999999858, 75.00000000000000000, 6.544836778914476128 ) ) ;
#1075 = VERTEX_POINT ( 'NONE', #613 ) ;
#1076 = DIRECTION ( 'NONE',  ( 0.000000000000000000, 0.000000000000000000, 1.000000000000000000 ) ) ;
#1077 = EDGE_CURVE ( 'NONE', #856, #2080, #1962, .T. ) ;
#1078 = CARTESIAN_POINT ( 'NONE',  ( -32.00000000000000000, 75.00000000000000000, -4.709103465619133289 ) ) ;
#1079 = DIRECTION ( 'NONE',  ( 0.8660254037844389297, -0.000000000000000000, 0.4999999999999994449 ) ) ;
#1080 = VERTEX_POINT ( 'NONE', #292 ) ;
#1081 = CARTESIAN_POINT ( 'NONE',  ( 32.00000000000000000, 75.00000000000000000, 4.709103465619133289 ) ) ;
#1082 = LINE ( 'NONE', #1711, #2022 ) ;
#1083 = CARTESIAN_POINT ( 'NONE',  ( 0.000000000000000000, 75.00000000000000000, 0.000000000000000000 ) ) ;
#1084 = ORIENTED_EDGE ( 'NONE', *, *, #3400, .T. ) ;
#1085 = ADVANCED_FACE ( 'NONE', ( #2480, #2996 ), #2754, .F. ) ;
#1086 = CARTESIAN_POINT ( 'NONE',  ( 34.85000000000000142, 75.00000000000000000, -6.354551732809564868 ) ) ;
#1087 = CARTESIAN_POINT ( 'NONE',  ( 34.85000000000000142, 75.00000000000000000, -6.354551732809564868 ) ) ;
#1088 = ORIENTED_EDGE ( 'NONE', *, *, #3027, .F. ) ;
#1089 = DIRECTION ( 'NONE',  ( 0.000000000000000000, 0.000000000000000000, 1.000000000000000000 ) ) ;
#1090 = DIRECTION ( 'NONE',  ( 0.8660254037844388186, 0.000000000000000000, -0.4999999999999996114 ) ) ;
#1091 = ORIENTED_EDGE ( 'NONE', *, *, #1421, .T. ) ;
#1092 = DIRECTION ( 'NONE',  ( -0.8660254037844385966, 0.000000000000000000, 0.5000000000000001110 ) ) ;
#1093 = DIRECTION ( 'NONE',  ( -1.000000000000000000, 0.000000000000000000, -1.054255858762918044E-15 ) ) ;
#1094 = DIRECTION ( 'NONE',  ( -0.8660254037844389297, 0.000000000000000000, -0.4999999999999994449 ) ) ;
#1095 = EDGE_CURVE ( 'NONE', #2189, #604, #1680, .T. ) ;
#1096 = EDGE_CURVE ( 'NONE', #2181, #1838, #1982, .T. ) ;
#1097 = VERTEX_POINT ( 'NONE', #2773 ) ;
#1098 = CARTESIAN_POINT ( 'NONE',  ( 29.31479168388714385, 75.00000000000000000, -9.740590790242890762 ) ) ;
#1099 = DIRECTION ( 'NONE',  ( -0.000000000000000000, 1.000000000000000000, -0.000000000000000000 ) ) ;
#1100 = PRODUCT_RELATED_PRODUCT_CATEGORY ( 'detail', '', ( #1412 ) ) ;
#1101 = DIRECTION ( 'NONE',  ( 1.054255858762918044E-15, 0.000000000000000000, -1.000000000000000000 ) ) ;
#1102 = DIRECTION ( 'NONE',  ( 0.000000000000000000, 1.000000000000000000, 0.000000000000000000 ) ) ;
#1103 = EDGE_CURVE ( 'NONE', #3075, #2783, #3309, .T. ) ;
#1104 = ORIENTED_EDGE ( 'NONE', *, *, #1095, .T. ) ;
#1105 = AXIS2_PLACEMENT_3D ( 'NONE', #1263, #459, #1837 ) ;
#1106 = ADVANCED_FACE ( 'NONE', ( #1906 ), #1124, .F. ) ;
#1107 = DIRECTION ( 'NONE',  ( -0.8660254037844387076, 0.000000000000000000, -0.4999999999999999445 ) ) ;
#1108 = ORIENTED_EDGE ( 'NONE', *, *, #1103, .T. ) ;
#1109 = VECTOR ( 'NONE', #634, 1000.000000000000000 ) ;
#1110 = LINE ( 'NONE', #2206, #3060 ) ;
#1111 = DIRECTION ( 'NONE',  ( 0.000000000000000000, 1.000000000000000000, 0.000000000000000000 ) ) ;
#1112 = VECTOR ( 'NONE', #1101, 1000.000000000000000 ) ;
#1113 = EDGE_LOOP ( 'NONE', ( #470, #529, #2567, #1126 ) ) ;
#1114 = DIRECTION ( 'NONE',  ( 0.000000000000000000, 1.000000000000000000, 0.000000000000000000 ) ) ;
#1115 = VECTOR ( 'NONE', #2592, 1000.000000000000114 ) ;
#1116 = DIRECTION ( 'NONE',  ( 0.000000000000000000, 0.000000000000000000, 1.000000000000000000 ) ) ;
#1117 = PLANE ( 'NONE',  #3151 ) ;
#1118 = AXIS2_PLACEMENT_3D ( 'NONE', #2025, #1172, #2578 ) ;
#1119 = AXIS2_PLACEMENT_3D ( 'NONE', #261, #3242, #2743 ) ;
#1120 = ORIENTED_EDGE ( 'NONE', *, *, #2813, .T. ) ;
#1121 = CYLINDRICAL_SURFACE ( 'NONE', #615, 1.700000000000000178 ) ;
#1122 = CYLINDRICAL_SURFACE ( 'NONE', #2307, 3.200000000000001510 ) ;
#1123 = ADVANCED_FACE ( 'NONE', ( #842 ), #3052, .T. ) ;
#1124 = PLANE ( 'NONE',  #776 ) ;
#1125 = CIRCLE ( 'NONE', #897, 1.700000000000000178 ) ;
#1126 = ORIENTED_EDGE ( 'NONE', *, *, #3400, .F. ) ;
#1127 = CARTESIAN_POINT ( 'NONE',  ( -1.518009725658947762, 44.82228258928252984, 0.8777313489481728404 ) ) ;
#1128 = CARTESIAN_POINT ( 'NONE',  ( -3.793744851726327472, 45.64402466021311255, -1.100000000000000533 ) ) ;
#1129 = EDGE_CURVE ( 'NONE', #1960, #2893, #633, .T. ) ;
#1130 =( NAMED_UNIT ( * ) PLANE_ANGLE_UNIT ( ) SI_UNIT ( $, .RADIAN. ) );
#1131 = ORIENTED_EDGE ( 'NONE', *, *, #465, .F. ) ;
#1132 = DIRECTION ( 'NONE',  ( 0.000000000000000000, -1.000000000000000000, 0.000000000000000000 ) ) ;
#1133 = CARTESIAN_POINT ( 'NONE',  ( 32.00000000000000000, 75.00000000000000000, 4.709103465619133289 ) ) ;
#1134 = ORIENTED_EDGE ( 'NONE', *, *, #2152, .T. ) ;
#1135 = ADVANCED_FACE ( 'NONE', ( #3290 ), #1371, .T. ) ;
#1136 = DIRECTION ( 'NONE',  ( 0.8660254037844389297, 0.000000000000000000, -0.4999999999999995004 ) ) ;
#1137 = LINE ( 'NONE', #64, #672 ) ;
#1138 = CYLINDRICAL_SURFACE ( 'NONE', #927, 3.200000000000001510 ) ;
#1139 = ORIENTED_EDGE ( 'NONE', *, *, #2697, .F. ) ;
#1140 = DIRECTION ( 'NONE',  ( 0.000000000000000000, 0.000000000000000000, 1.000000000000000000 ) ) ;
#1141 = VERTEX_POINT ( 'NONE', #28 ) ;
#1142 = EDGE_CURVE ( 'NONE', #2443, #1606, #2376, .T. ) ;
#1143 = VERTEX_POINT ( 'NONE', #1662 ) ;
#1144 = ADVANCED_FACE ( 'NONE', ( #309 ), #3034, .T. ) ;
#1145 = DIRECTION ( 'NONE',  ( 0.000000000000000000, 0.000000000000000000, 1.000000000000000000 ) ) ;
#1146 = FACE_OUTER_BOUND ( 'NONE', #2400, .T. ) ;
#1147 = ORIENTED_EDGE ( 'NONE', *, *, #1478, .F. ) ;
#1148 = CARTESIAN_POINT ( 'NONE',  ( -32.00000000000000000, 72.00000000000000000, 11.29089653438086671 ) ) ;
#1149 = DIRECTION ( 'NONE',  ( 0.000000000000000000, -1.000000000000000000, 0.000000000000000000 ) ) ;
#1150 = EDGE_CURVE ( 'NONE', #2184, #647, #2499, .T. ) ;
#1151 = DIRECTION ( 'NONE',  ( 0.000000000000000000, 0.000000000000000000, 1.000000000000000000 ) ) ;
#1152 = DIRECTION ( 'NONE',  ( 0.000000000000000000, -0.000000000000000000, 1.000000000000000000 ) ) ;
#1153 = EDGE_CURVE ( 'NONE', #2629, #2483, #2234, .T. ) ;
#1154 = ORIENTED_EDGE ( 'NONE', *, *, #849, .T. ) ;
#1155 = CARTESIAN_POINT ( 'NONE',  ( -3.912914071283217332, 44.54015623999637796, -0.5565896804349317328 ) ) ;
#1156 = CARTESIAN_POINT ( 'NONE',  ( -32.00000000000000000, 75.00000000000000000, 9.700000000000001066 ) ) ;
#1157 = CARTESIAN_POINT ( 'NONE',  ( 34.85000000000000142, 75.00000000000000000, 9.645448267190435132 ) ) ;
#1158 = VECTOR ( 'NONE', #1505, 1000.000000000000000 ) ;
#1159 = EDGE_LOOP ( 'NONE', ( #1618, #974, #1742, #1560 ) ) ;
#1160 = AXIS2_PLACEMENT_3D ( 'NONE', #3063, #1111, #2209 ) ;
#1161 = ORIENTED_EDGE ( 'NONE', *, *, #3316, .F. ) ;
#1162 = VECTOR ( 'NONE', #764, 1000.000000000000000 ) ;
#1163 = DIRECTION ( 'NONE',  ( 0.000000000000000000, -1.000000000000000000, 0.000000000000000000 ) ) ;
#1164 = FACE_OUTER_BOUND ( 'NONE', #1769, .T. ) ;
#1165 = VERTEX_POINT ( 'NONE', #2839 ) ;
#1166 = DIRECTION ( 'NONE',  ( 0.000000000000000000, 1.000000000000000000, 0.000000000000000000 ) ) ;
#1167 = ADVANCED_FACE ( 'NONE', ( #1763 ), #2852, .T. ) ;
#1168 = CARTESIAN_POINT ( 'NONE',  ( -29.14999999999999858, 75.00000000000000000, 6.354551732809566644 ) ) ;
#1169 = AXIS2_PLACEMENT_3D ( 'NONE', #1767, #1207, #2035 ) ;
#1170 = CARTESIAN_POINT ( 'NONE',  ( 1.749823076452303283, 46.59971853041977852, -0.1507651104496759153 ) ) ;
#1171 = ORIENTED_EDGE ( 'NONE', *, *, #2912, .T. ) ;
#1172 = DIRECTION ( 'NONE',  ( -0.000000000000000000, -1.000000000000000000, -0.000000000000000000 ) ) ;
#1173 = VECTOR ( 'NONE', #3263, 1000.000000000000000 ) ;
#1174 = CARTESIAN_POINT ( 'NONE',  ( 32.16479168388713816, 74.50000000000000000, 11.19575401132841641 ) ) ;
#1175 = CARTESIAN_POINT ( 'NONE',  ( 0.000000000000000000, 43.00000000000000000, 0.000000000000000000 ) ) ;
#1176 = CIRCLE ( 'NONE', #1632, 3.200000000000001510 ) ;
#1177 = EDGE_LOOP ( 'NONE', ( #284, #3077 ) ) ;
#1178 = VECTOR ( 'NONE', #1619, 1000.000000000000000 ) ;
#1179 = AXIS2_PLACEMENT_3D ( 'NONE', #342, #835, #854 ) ;
#1180 = EDGE_LOOP ( 'NONE', ( #248, #924, #1703, #2392 ) ) ;
#1181 = DIRECTION ( 'NONE',  ( 0.000000000000000000, -1.000000000000000000, 0.000000000000000000 ) ) ;
#1182 = DIRECTION ( 'NONE',  ( 0.000000000000000000, -1.000000000000000000, 0.000000000000000000 ) ) ;
#1183 = ORIENTED_EDGE ( 'NONE', *, *, #988, .F. ) ;
#1184 = LINE ( 'NONE', #357, #1459 ) ;
#1185 = DIRECTION ( 'NONE',  ( 0.000000000000000000, 0.000000000000000000, -1.000000000000000000 ) ) ;
#1186 = EDGE_CURVE ( 'NONE', #1720, #1069, #1994, .T. ) ;
#1187 = CARTESIAN_POINT ( 'NONE',  ( -3.852456330907985560, 44.82274275736146052, 0.8784493166856455204 ) ) ;
#1188 = DIRECTION ( 'NONE',  ( 0.000000000000000000, -1.000000000000000000, 0.000000000000000000 ) ) ;
#1189 = CARTESIAN_POINT ( 'NONE',  ( -34.68520831611286326, 75.00000000000000000, 6.259409209757114567 ) ) ;
#1190 = ORIENTED_EDGE ( 'NONE', *, *, #1471, .F. ) ;
#1191 = EDGE_CURVE ( 'NONE', #1535, #2534, #1065, .T. ) ;
#1192 = EDGE_CURVE ( 'NONE', #108, #2931, #2866, .T. ) ;
#1193 = VERTEX_POINT ( 'NONE', #3154 ) ;
#1194 = CARTESIAN_POINT ( 'NONE',  ( 29.14999999999999858, 75.00000000000000000, -9.645448267190433356 ) ) ;
#1195 = DIRECTION ( 'NONE',  ( -0.8660254037844388186, 0.000000000000000000, -0.4999999999999996114 ) ) ;
#1196 = ORIENTED_EDGE ( 'NONE', *, *, #2813, .F. ) ;
#1197 = DIRECTION ( 'NONE',  ( 0.000000000000000000, 1.000000000000000000, 0.000000000000000000 ) ) ;
#1198 = DIRECTION ( 'NONE',  ( 1.054255858762918044E-15, 0.000000000000000000, -1.000000000000000000 ) ) ;
#1199 = DIRECTION ( 'NONE',  ( 0.8660254037844389297, 0.000000000000000000, -0.4999999999999995004 ) ) ;
#1200 = CARTESIAN_POINT ( 'NONE',  ( -3.793744851726326139, 45.50000000000000000, -1.100000000000000089 ) ) ;
#1201 = CARTESIAN_POINT ( 'NONE',  ( -3.892965539265425878, 46.37889243347261470, 0.6766987434967618453 ) ) ;
#1202 = LINE ( 'NONE', #2291, #2951 ) ;
#1203 = CYLINDRICAL_SURFACE ( 'NONE', #2362, 3.200000000000001510 ) ;
#1204 = VERTEX_POINT ( 'NONE', #1493 ) ;
#1205 = EDGE_LOOP ( 'NONE', ( #1967, #2038, #3235, #2610 ) ) ;
#1206 = AXIS2_PLACEMENT_3D ( 'NONE', #1758, #1235, #2327 ) ;
#1207 = DIRECTION ( 'NONE',  ( 1.000000000000000000, 0.000000000000000000, -0.000000000000000000 ) ) ;
#1208 = CYLINDRICAL_SURFACE ( 'NONE', #89, 3.200000000000001510 ) ;
#1209 = CIRCLE ( 'NONE', #1785, 1.750000000000000000 ) ;
#1210 = VERTEX_POINT ( 'NONE', #2579 ) ;
#1211 = ORIENTED_EDGE ( 'NONE', *, *, #3241, .F. ) ;
#1212 = AXIS2_PLACEMENT_3D ( 'NONE', #2353, #2929, #1000 ) ;
#1213 = LINE ( 'NONE', #1489, #2594 ) ;
#1214 = CARTESIAN_POINT ( 'NONE',  ( 1.361065758881614185, 45.64960859311055685, 1.099999999999999867 ) ) ;
#1215 = LINE ( 'NONE', #2882, #2428 ) ;
#1216 = CARTESIAN_POINT ( 'NONE',  ( 32.00000000000000000, 72.00000000000000000, -4.709103465619133289 ) ) ;
#1217 = AXIS2_PLACEMENT_3D ( 'NONE', #1494, #973, #2853 ) ;
#1218 = LINE ( 'NONE', #3086, #845 ) ;
#1219 = CARTESIAN_POINT ( 'NONE',  ( 0.000000000000000000, 72.00000000000000000, 0.000000000000000000 ) ) ;
#1220 = AXIS2_PLACEMENT_3D ( 'NONE', #1604, #3267, #291 ) ;
#1221 = ORIENTED_EDGE ( 'NONE', *, *, #2152, .F. ) ;
#1222 = EDGE_CURVE ( 'NONE', #1949, #108, #660, .T. ) ;
#1223 = ORIENTED_EDGE ( 'NONE', *, *, #1041, .T. ) ;
#1224 = CIRCLE ( 'NONE', #1975, 1.700000000000000178 ) ;
#1225 = ORIENTED_EDGE ( 'NONE', *, *, #1622, .T. ) ;
#1226 = VECTOR ( 'NONE', #3308, 1000.000000000000000 ) ;
#1227 = VECTOR ( 'NONE', #915, 1000.000000000000000 ) ;
#1228 = EDGE_CURVE ( 'NONE', #2080, #1075, #1218, .T. ) ;
#1229 = LINE ( 'NONE', #2321, #2315 ) ;
#1230 = CIRCLE ( 'NONE', #3414, 1.700000000000000178 ) ;
#1231 = PLANE ( 'NONE',  #1447 ) ;
#1232 = ORIENTED_EDGE ( 'NONE', *, *, #3074, .F. ) ;
#1233 = ORIENTED_EDGE ( 'NONE', *, *, #1756, .F. ) ;
#1234 = LINE ( 'NONE', #395, #2539 ) ;
#1235 = DIRECTION ( 'NONE',  ( 0.000000000000000000, -1.000000000000000000, 0.000000000000000000 ) ) ;
#1236 = ORIENTED_EDGE ( 'NONE', *, *, #540, .F. ) ;
#1237 = LINE ( 'NONE', #1254, #3062 ) ;
#1238 = DIRECTION ( 'NONE',  ( 0.000000000000000000, -1.000000000000000000, 0.000000000000000000 ) ) ;
#1239 = LINE ( 'NONE', #1025, #3169 ) ;
#1240 = DIRECTION ( 'NONE',  ( -0.8660254037844389297, 0.000000000000000000, 0.4999999999999994449 ) ) ;
#1241 = CARTESIAN_POINT ( 'NONE',  ( 32.00000000000000000, 74.50000000000000000, 8.000000000000000000 ) ) ;
#1242 = VERTEX_POINT ( 'NONE', #145 ) ;
#1243 = DIRECTION ( 'NONE',  ( 0.000000000000000000, 1.000000000000000000, 0.000000000000000000 ) ) ;
#1244 = ORIENTED_EDGE ( 'NONE', *, *, #2015, .F. ) ;
#1245 = CARTESIAN_POINT ( 'NONE',  ( 1.750203231610401255, 44.39967667651378491, -0.1466269737638905557 ) ) ;
#1246 = CARTESIAN_POINT ( 'NONE',  ( 32.00000000000000000, 75.00000000000000000, 9.700000000000001066 ) ) ;
#1247 = ORIENTED_EDGE ( 'NONE', *, *, #1153, .T. ) ;
#1248 = VERTEX_POINT ( 'NONE', #2264 ) ;
#1249 = CC_DESIGN_PERSON_AND_ORGANIZATION_ASSIGNMENT ( #314, #3036, ( #2518 ) ) ;
#1250 = DIRECTION ( 'NONE',  ( 0.000000000000000000, 0.000000000000000000, -1.000000000000000000 ) ) ;
#1251 = CARTESIAN_POINT ( 'NONE',  ( 32.00000000000000000, 74.50000000000000000, -8.000000000000000000 ) ) ;
#1252 = EDGE_CURVE ( 'NONE', #1037, #382, #1745, .T. ) ;
#1253 = VERTEX_POINT ( 'NONE', #1174 ) ;
#1254 = CARTESIAN_POINT ( 'NONE',  ( 32.00000000000000000, 77.00000000000000000, -6.299999999999999822 ) ) ;
#1255 = CARTESIAN_POINT ( 'NONE',  ( -32.16479168388714527, 75.00000000000000000, -11.19575401132841286 ) ) ;
#1256 = ADVANCED_FACE ( 'NONE', ( #908 ), #645, .T. ) ;
#1257 = CARTESIAN_POINT ( 'NONE',  ( -1.465981706633360471, 46.05889381884811229, 0.9581378311852543073 ) ) ;
#1258 = DIRECTION ( 'NONE',  ( 0.000000000000000000, 1.000000000000000000, 0.000000000000000000 ) ) ;
#1259 = EDGE_CURVE ( 'NONE', #3494, #1748, #1726, .T. ) ;
#1260 = VERTEX_POINT ( 'NONE', #3138 ) ;
#1261 = ORIENTED_EDGE ( 'NONE', *, *, #690, .F. ) ;
#1262 = CARTESIAN_POINT ( 'NONE',  ( 34.85000000000000142, 75.00000000000000000, -9.455163221085530978 ) ) ;
#1263 = CARTESIAN_POINT ( 'NONE',  ( 32.00000000000000000, 75.00000000000000000, 8.000000000000000000 ) ) ;
#1264 = ORIENTED_EDGE ( 'NONE', *, *, #214, .T. ) ;
#1265 = CIRCLE ( 'NONE', #1782, 3.200000000000001510 ) ;
#1266 = ORIENTED_EDGE ( 'NONE', *, *, #2260, .T. ) ;
#1267 = DIRECTION ( 'NONE',  ( 0.000000000000000000, -1.000000000000000000, 0.000000000000000000 ) ) ;
#1268 = CARTESIAN_POINT ( 'NONE',  ( -29.14999999999999858, 72.00000000000000000, 6.354551732809566644 ) ) ;
#1269 = VERTEX_POINT ( 'NONE', #2009 ) ;
#1270 = DIRECTION ( 'NONE',  ( 0.8660254037844388186, 0.000000000000000000, -0.4999999999999996669 ) ) ;
#1271 = VECTOR ( 'NONE', #1914, 1000.000000000000000 ) ;
#1272 = DIRECTION ( 'NONE',  ( -0.000000000000000000, 1.000000000000000000, -0.000000000000000000 ) ) ;
#1273 = EDGE_CURVE ( 'NONE', #2378, #1344, #379, .T. ) ;
#1274 = LINE ( 'NONE', #2160, #3178 ) ;
#1275 = CARTESIAN_POINT ( 'NONE',  ( 44.00000000000000000, 45.50000000000000000, -1.100000000000000089 ) ) ;
#1276 = ORIENTED_EDGE ( 'NONE', *, *, #3489, .F. ) ;
#1277 = EDGE_CURVE ( 'NONE', #1020, #13, #1460, .T. ) ;
#1278 = ORIENTED_EDGE ( 'NONE', *, *, #375, .T. ) ;
#1279 = CARTESIAN_POINT ( 'NONE',  ( -32.00000000000000000, 77.00000000000000000, -9.700000000000001066 ) ) ;
#1280 = AXIS2_PLACEMENT_3D ( 'NONE', #1314, #3503, #2696 ) ;
#1281 = CARTESIAN_POINT ( 'NONE',  ( 0.000000000000000000, 72.00000000000000000, -1.750000000000000000 ) ) ;
#1282 = LINE ( 'NONE', #1787, #1395 ) ;
#1283 = AXIS2_PLACEMENT_3D ( 'NONE', #3429, #3125, #3465 ) ;
#1284 = AXIS2_PLACEMENT_3D ( 'NONE', #353, #1181, #950 ) ;
#1285 = ORIENTED_EDGE ( 'NONE', *, *, #2794, .F. ) ;
#1286 = ORIENTED_EDGE ( 'NONE', *, *, #477, .F. ) ;
#1287 = VECTOR ( 'NONE', #3016, 1000.000000000000114 ) ;
#1288 = DIRECTION ( 'NONE',  ( -0.000000000000000000, -1.000000000000000000, -0.000000000000000000 ) ) ;
#1289 = FACE_OUTER_BOUND ( 'NONE', #2429, .T. ) ;
#1290 = ORIENTED_EDGE ( 'NONE', *, *, #480, .T. ) ;
#1291 = VECTOR ( 'NONE', #3340, 1000.000000000000000 ) ;
#1292 = DIRECTION ( 'NONE',  ( 0.000000000000000000, 1.000000000000000000, 0.000000000000000000 ) ) ;
#1293 = DIRECTION ( 'NONE',  ( -0.8660254037844387076, 0.000000000000000000, 0.4999999999999998890 ) ) ;
#1294 = CARTESIAN_POINT ( 'NONE',  ( -1.517669449218296940, 46.17691470210998261, 0.8782258549558219496 ) ) ;
#1295 = CARTESIAN_POINT ( 'NONE',  ( -32.00000000000000000, 75.00000000000000000, -8.000000000000000000 ) ) ;
#1296 = EDGE_CURVE ( 'NONE', #532, #2285, #2550, .T. ) ;
#1297 = ORIENTED_EDGE ( 'NONE', *, *, #3023, .T. ) ;
#1298 = ORIENTED_EDGE ( 'NONE', *, *, #119, .F. ) ;
#1299 = EDGE_CURVE ( 'NONE', #133, #2887, #1479, .T. ) ;
#1300 = EDGE_LOOP ( 'NONE', ( #3422, #800 ) ) ;
#1301 = EDGE_CURVE ( 'NONE', #1960, #586, #1202, .T. ) ;
#1302 = CARTESIAN_POINT ( 'NONE',  ( 1.517669449218297606, 44.82308529789002449, 0.8782258549558219496 ) ) ;
#1303 = CARTESIAN_POINT ( 'NONE',  ( 31.83520831611286184, 74.50000000000000000, -4.804245988671586254 ) ) ;
#1304 = ADVANCED_FACE ( 'NONE', ( #3126 ), #958, .F. ) ;
#1305 = ORIENTED_EDGE ( 'NONE', *, *, #265, .F. ) ;
#1306 = VERTEX_POINT ( 'NONE', #170 ) ;
#1307 = CARTESIAN_POINT ( 'NONE',  ( -29.14999999999999858, 75.00000000000000000, 6.354551732809566644 ) ) ;
#1308 = DIRECTION ( 'NONE',  ( -0.000000000000000000, -1.000000000000000000, -0.000000000000000000 ) ) ;
#1309 = VERTEX_POINT ( 'NONE', #3431 ) ;
#1310 = CARTESIAN_POINT ( 'NONE',  ( 32.00000000000000000, 75.00000000000000000, -4.709103465619133289 ) ) ;
#1311 = CARTESIAN_POINT ( 'NONE',  ( -29.15000000000000213, 75.00000000000000000, 9.645448267190435132 ) ) ;
#1312 = CYLINDRICAL_SURFACE ( 'NONE', #2408, 3.200000000000001510 ) ;
#1313 = ORIENTED_EDGE ( 'NONE', *, *, #1986, .F. ) ;
#1314 = CARTESIAN_POINT ( 'NONE',  ( -32.00000000000000000, 75.00000000000000000, -11.29089653438086671 ) ) ;
#1315 = EDGE_CURVE ( 'NONE', #3418, #1309, #3007, .T. ) ;
#1316 = ORIENTED_EDGE ( 'NONE', *, *, #2303, .T. ) ;
#1317 = EDGE_CURVE ( 'NONE', #454, #2591, #1564, .T. ) ;
#1318 = LINE ( 'NONE', #296, #3234 ) ;
#1319 = CARTESIAN_POINT ( 'NONE',  ( 32.00000000000000000, 77.00000000000000000, -8.000000000000000000 ) ) ;
#1320 = ORIENTED_EDGE ( 'NONE', *, *, #394, .F. ) ;
#1321 = FACE_OUTER_BOUND ( 'NONE', #187, .T. ) ;
#1322 = PLANE ( 'NONE',  #2870 ) ;
#1323 = AXIS2_PLACEMENT_3D ( 'NONE', #1958, #577, #1151 ) ;
#1324 = ORIENTED_EDGE ( 'NONE', *, *, #1011, .T. ) ;
#1325 = PLANE ( 'NONE',  #3463 ) ;
#1326 = VECTOR ( 'NONE', #2253, 1000.000000000000227 ) ;
#1327 = CARTESIAN_POINT ( 'NONE',  ( -1.749895903595128255, 46.59983439184546228, 0.07692224596731725428 ) ) ;
#1328 = CARTESIAN_POINT ( 'NONE',  ( -29.15000000000000213, 75.00000000000000000, 9.645448267190435132 ) ) ;
#1329 = AXIS2_PLACEMENT_3D ( 'NONE', #3026, #1920, #1633 ) ;
#1330 = ORIENTED_EDGE ( 'NONE', *, *, #260, .F. ) ;
#1331 = CARTESIAN_POINT ( 'NONE',  ( 32.00000000000000000, 75.00000000000000000, 8.000000000000000000 ) ) ;
#1332 = SECURITY_CLASSIFICATION ( '', '', #384 ) ;
#1333 = EDGE_CURVE ( 'NONE', #1555, #1530, #3046, .T. ) ;
#1334 = ORIENTED_EDGE ( 'NONE', *, *, #2305, .F. ) ;
#1335 = CARTESIAN_POINT ( 'NONE',  ( -1.361065758881626842, 45.35039140688945736, 1.100000000000000311 ) ) ;
#1336 = CIRCLE ( 'NONE', #1044, 3.200000000000001510 ) ;
#1337 = PLANE ( 'NONE',  #2019 ) ;
#1338 = DIRECTION ( 'NONE',  ( 0.000000000000000000, 1.000000000000000000, 0.000000000000000000 ) ) ;
#1339 = EDGE_CURVE ( 'NONE', #996, #2052, #3447, .T. ) ;
#1340 = ORIENTED_EDGE ( 'NONE', *, *, #1369, .F. ) ;
#1341 = AXIS2_PLACEMENT_3D ( 'NONE', #918, #2005, #1738 ) ;
#1342 = CARTESIAN_POINT ( 'NONE',  ( -32.16479168388714527, 75.00000000000000000, 4.804245988671586254 ) ) ;
#1343 = CARTESIAN_POINT ( 'NONE',  ( -31.83520831611286184, 75.00000000000000000, 11.19575401132841463 ) ) ;
#1344 = VERTEX_POINT ( 'NONE', #1869 ) ;
#1345 = CARTESIAN_POINT ( 'NONE',  ( 32.00000000000000000, 77.00000000000000000, -6.299999999999999822 ) ) ;
#1346 = DIRECTION ( 'NONE',  ( 0.000000000000000000, -1.000000000000000000, 0.000000000000000000 ) ) ;
#1347 = DIRECTION ( 'NONE',  ( 0.000000000000000000, -0.000000000000000000, 1.000000000000000000 ) ) ;
#1348 = AXIS2_PLACEMENT_3D ( 'NONE', #691, #1777, #2602 ) ;
#1349 = EDGE_CURVE ( 'NONE', #2318, #966, #3190, .T. ) ;
#1350 = VERTEX_POINT ( 'NONE', #1311 ) ;
#1351 = LINE ( 'NONE', #1279, #1056 ) ;
#1352 = CARTESIAN_POINT ( 'NONE',  ( 0.000000000000000000, 75.00000000000000000, 0.000000000000000000 ) ) ;
#1353 = ORIENTED_EDGE ( 'NONE', *, *, #3430, .T. ) ;
#1354 = DIRECTION ( 'NONE',  ( -0.000000000000000000, 1.000000000000000000, -0.000000000000000000 ) ) ;
#1355 = CARTESIAN_POINT ( 'NONE',  ( -31.83520831611286184, 74.50000000000000000, -11.19575401132841641 ) ) ;
#1356 = CALENDAR_DATE ( 2026, 12, 9 ) ;
#1357 = ORIENTED_EDGE ( 'NONE', *, *, #885, .T. ) ;
#1358 = ADVANCED_FACE ( 'NONE', ( #2621 ), #757, .F. ) ;
#1359 = CARTESIAN_POINT ( 'NONE',  ( 29.14999999999999858, 75.00000000000000000, -6.354551732809565756 ) ) ;
#1360 = FACE_OUTER_BOUND ( 'NONE', #3521, .T. ) ;
#1361 = EDGE_CURVE ( 'NONE', #15, #2755, #2656, .T. ) ;
#1362 = EDGE_LOOP ( 'NONE', ( #2787, #1196, #1990, #1276 ) ) ;
#1363 = PLANE ( 'NONE',  #157 ) ;
#1364 = ADVANCED_FACE ( 'NONE', ( #3485 ), #797, .F. ) ;
#1365 = DIRECTION ( 'NONE',  ( 0.000000000000000000, 1.000000000000000000, 0.000000000000000000 ) ) ;
#1366 = LINE ( 'NONE', #2454, #2642 ) ;
#1367 = ORIENTED_EDGE ( 'NONE', *, *, #23, .T. ) ;
#1368 = CARTESIAN_POINT ( 'NONE',  ( -32.00000000000000000, 75.00000000000000000, -8.000000000000000000 ) ) ;
#1369 = EDGE_CURVE ( 'NONE', #1483, #238, #1274, .T. ) ;
#1370 = DIRECTION ( 'NONE',  ( 0.000000000000000000, -1.000000000000000000, 0.000000000000000000 ) ) ;
#1371 = PLANE ( 'NONE',  #276 ) ;
#1372 = VERTEX_POINT ( 'NONE', #2136 ) ;
#1373 = FACE_BOUND ( 'NONE', #970, .T. ) ;
#1374 = CARTESIAN_POINT ( 'NONE',  ( -3.831785351144655127, 46.05449242338431048, -0.9608174262145675604 ) ) ;
#1375 = DIRECTION ( 'NONE',  ( 0.000000000000000000, -0.000000000000000000, 1.000000000000000000 ) ) ;
#1376 = CARTESIAN_POINT ( 'NONE',  ( 34.85000000000000142, 75.00000000000000000, -6.354551732809564868 ) ) ;
#1377 = ORIENTED_EDGE ( 'NONE', *, *, #1296, .F. ) ;
#1378 = DIRECTION ( 'NONE',  ( 0.000000000000000000, -0.000000000000000000, 1.000000000000000000 ) ) ;
#1379 = DIRECTION ( 'NONE',  ( 0.000000000000000000, 1.000000000000000000, 0.000000000000000000 ) ) ;
#1380 = CARTESIAN_POINT ( 'NONE',  ( -29.31479168388714385, 75.00000000000000000, -9.740590790242890762 ) ) ;
#1381 = ORIENTED_EDGE ( 'NONE', *, *, #2256, .F. ) ;
#1382 = CARTESIAN_POINT ( 'NONE',  ( 34.85000000000000142, 75.00000000000000000, 6.354551732809566644 ) ) ;
#1383 = CARTESIAN_POINT ( 'NONE',  ( -32.00000000000000000, 74.50000000000000000, 8.000000000000000000 ) ) ;
#1384 = CARTESIAN_POINT ( 'NONE',  ( 1.361065758881620846, 45.50000000000000000, -1.100000000000000311 ) ) ;
#1385 = CARTESIAN_POINT ( 'NONE',  ( 32.00000000000000000, 74.50000000000000000, 8.000000000000000000 ) ) ;
#1386 = ADVANCED_FACE ( 'NONE', ( #2365 ), #2693, .T. ) ;
#1387 = ORIENTED_EDGE ( 'NONE', *, *, #418, .F. ) ;
#1388 = FACE_OUTER_BOUND ( 'NONE', #2103, .T. ) ;
#1389 = VECTOR ( 'NONE', #2527, 1000.000000000000000 ) ;
#1390 = DIRECTION ( 'NONE',  ( 0.000000000000000000, -0.000000000000000000, 1.000000000000000000 ) ) ;
#1391 = CARTESIAN_POINT ( 'NONE',  ( 4.837354856632044071E-16, 72.00000000000000000, 3.950000000000000178 ) ) ;
#1392 = CARTESIAN_POINT ( 'NONE',  ( 34.85000000000000142, 75.00000000000000000, 9.645448267190435132 ) ) ;
#1393 = ORIENTED_EDGE ( 'NONE', *, *, #1129, .T. ) ;
#1394 = CARTESIAN_POINT ( 'NONE',  ( 32.00000000000000000, 74.50000000000000000, 8.000000000000000000 ) ) ;
#1395 = VECTOR ( 'NONE', #747, 1000.000000000000000 ) ;
#1396 = CARTESIAN_POINT ( 'NONE',  ( -34.85000000000000142, 72.00000000000000000, -9.645448267190433356 ) ) ;
#1397 = VERTEX_POINT ( 'NONE', #2921 ) ;
#1398 = VECTOR ( 'NONE', #2049, 1000.000000000000000 ) ;
#1399 = DIRECTION ( 'NONE',  ( 0.8660254037844389297, 0.000000000000000000, -0.4999999999999995004 ) ) ;
#1400 = CARTESIAN_POINT ( 'NONE',  ( 31.83520831611286184, 75.00000000000000000, -4.804245988671586254 ) ) ;
#1401 = CIRCLE ( 'NONE', #3057, 3.200000000000001510 ) ;
#1402 = EDGE_LOOP ( 'NONE', ( #443, #124 ) ) ;
#1403 = CARTESIAN_POINT ( 'NONE',  ( 32.00000000000000000, 72.00000000000000000, -4.709103465619133289 ) ) ;
#1404 = VECTOR ( 'NONE', #83, 1000.000000000000000 ) ;
#1405 = DIRECTION ( 'NONE',  ( 0.000000000000000000, -1.000000000000000000, 0.000000000000000000 ) ) ;
#1406 = DIRECTION ( 'NONE',  ( 0.8660254037844389297, -0.000000000000000000, 0.4999999999999994449 ) ) ;
#1407 = DIRECTION ( 'NONE',  ( 0.000000000000000000, 0.000000000000000000, 1.000000000000000000 ) ) ;
#1408 = CIRCLE ( 'NONE', #1803, 2.249999999999946709 ) ;
#1409 = VECTOR ( 'NONE', #1790, 1000.000000000000227 ) ;
#1410 = ORIENTED_EDGE ( 'NONE', *, *, #784, .F. ) ;
#1411 = DIRECTION ( 'NONE',  ( 0.000000000000000000, -1.000000000000000000, 0.000000000000000000 ) ) ;
#1412 = PRODUCT ( 'ARM-202_Yaw_platform', 'ARM-202_Yaw_platform', '', ( #2702 ) ) ;
#1413 = DIRECTION ( 'NONE',  ( 0.000000000000000000, 0.000000000000000000, 1.000000000000000000 ) ) ;
#1414 = VECTOR ( 'NONE', #2959, 1000.000000000000000 ) ;
#1415 = EDGE_CURVE ( 'NONE', #2783, #1748, #1026, .T. ) ;
#1416 = EDGE_CURVE ( 'NONE', #1789, #586, #2117, .T. ) ;
#1417 = EDGE_LOOP ( 'NONE', ( #152, #2739 ) ) ;
#1418 = EDGE_CURVE ( 'NONE', #1143, #1193, #1125, .T. ) ;
#1419 = PERSON_AND_ORGANIZATION ( #2418, #255 ) ;
#1420 = VERTEX_POINT ( 'NONE', #3030 ) ;
#1421 = EDGE_CURVE ( 'NONE', #382, #3461, #3355, .T. ) ;
#1422 = EDGE_CURVE ( 'NONE', #975, #1798, #882, .T. ) ;
#1423 = CARTESIAN_POINT ( 'NONE',  ( 32.16479168388713816, 75.00000000000000000, 11.19575401132841463 ) ) ;
#1424 = DIRECTION ( 'NONE',  ( 0.000000000000000000, -1.000000000000000000, 0.000000000000000000 ) ) ;
#1425 = ORIENTED_EDGE ( 'NONE', *, *, #457, .T. ) ;
#1426 = B_SPLINE_CURVE_WITH_KNOTS ( 'NONE', 3,
 ( #1200, #345, #644, #3084, #1430, #2511, #1155, #114, #920, #3391, #957, #2044, #1443, #1187, #2310, #2007, #886, #659 ),
 .UNSPECIFIED., .F., .F.,
 ( 4, 2, 2, 2, 2, 2, 2, 2, 4 ),
 ( 0.003456224663674721878, 0.003888133802550609516, 0.004320042941426497154, 0.004751952080302384793, 0.005183861219178273298, 0.005615770358054160936, 0.006047679496930049442, 0.006479588635805937080, 0.006911497774681824718 ),
 .UNSPECIFIED. ) ;
#1427 = CARTESIAN_POINT ( 'NONE',  ( -32.00000000000000000, 74.50000000000000000, 8.000000000000000000 ) ) ;
#1428 = DIRECTION ( 'NONE',  ( -0.000000000000000000, -1.000000000000000000, -0.000000000000000000 ) ) ;
#1429 = ORIENTED_EDGE ( 'NONE', *, *, #1911, .T. ) ;
#1430 = CARTESIAN_POINT ( 'NONE',  ( -3.852222594376606413, 44.82397793354609661, -0.8795356340393964967 ) ) ;
#1431 = FACE_OUTER_BOUND ( 'NONE', #1524, .T. ) ;
#1432 = DIRECTION ( 'NONE',  ( 0.000000000000000000, 1.000000000000000000, 0.000000000000000000 ) ) ;
#1433 = ORIENTED_EDGE ( 'NONE', *, *, #1682, .T. ) ;
#1434 = EDGE_LOOP ( 'NONE', ( #3451, #2793, #1475, #82, #1019, #3399, #1675, #2286 ) ) ;
#1435 = CARTESIAN_POINT ( 'NONE',  ( -1.361065758881618848, 45.35092104192288076, -1.100000000000001199 ) ) ;
#1436 = EDGE_CURVE ( 'NONE', #2755, #1978, #2727, .T. ) ;
#1437 = CARTESIAN_POINT ( 'NONE',  ( 29.14999999999999858, 75.00000000000000000, -6.354551732809565756 ) ) ;
#1438 = FACE_OUTER_BOUND ( 'NONE', #3032, .T. ) ;
#1439 = ORIENTED_EDGE ( 'NONE', *, *, #151, .T. ) ;
#1440 = DIRECTION ( 'NONE',  ( 0.000000000000000000, 0.000000000000000000, 1.000000000000000000 ) ) ;
#1441 = DIRECTION ( 'NONE',  ( 0.000000000000000000, 0.000000000000000000, -1.000000000000000000 ) ) ;
#1442 = LINE ( 'NONE', #22, #2467 ) ;
#1443 = CARTESIAN_POINT ( 'NONE',  ( -3.892975940227386911, 44.62106925054208517, 0.6766323317350303457 ) ) ;
#1444 = DIRECTION ( 'NONE',  ( 0.000000000000000000, -0.000000000000000000, 1.000000000000000000 ) ) ;
#1445 = CARTESIAN_POINT ( 'NONE',  ( 29.14999999999999858, 75.00000000000000000, -9.455163221085523872 ) ) ;
#1446 = EDGE_LOOP ( 'NONE', ( #2897, #1954 ) ) ;
#1447 = AXIS2_PLACEMENT_3D ( 'NONE', #2322, #2874, #1035 ) ;
#1448 = EDGE_CURVE ( 'NONE', #3211, #848, #77, .T. ) ;
#1449 = ORIENTED_EDGE ( 'NONE', *, *, #2611, .T. ) ;
#1450 = DIRECTION ( 'NONE',  ( 0.4999999999999995004, 0.000000000000000000, -0.8660254037844390407 ) ) ;
#1451 = CARTESIAN_POINT ( 'NONE',  ( 44.00000000000000000, 45.50000000000000000, 0.000000000000000000 ) ) ;
#1452 = EDGE_CURVE ( 'NONE', #364, #2095, #2666, .T. ) ;
#1453 = ORIENTED_EDGE ( 'NONE', *, *, #2894, .F. ) ;
#1454 = LINE ( 'NONE', #3356, #998 ) ;
#1455 = VECTOR ( 'NONE', #493, 1000.000000000000000 ) ;
#1456 = CARTESIAN_POINT ( 'NONE',  ( 32.00000000000000000, 75.00000000000000000, 8.000000000000000000 ) ) ;
#1457 = DIRECTION ( 'NONE',  ( 0.000000000000000000, 0.000000000000000000, 1.000000000000000000 ) ) ;
#1458 = CIRCLE ( 'NONE', #1220, 2.249999999999946709 ) ;
#1459 = VECTOR ( 'NONE', #1991, 1000.000000000000114 ) ;
#1460 = LINE ( 'NONE', #2278, #667 ) ;
#1461 = CARTESIAN_POINT ( 'NONE',  ( -3.793744851726326139, 45.50000000000000000, -1.100000000000000089 ) ) ;
#1462 = AXIS2_PLACEMENT_3D ( 'NONE', #3029, #2173, #1076 ) ;
#1463 = VECTOR ( 'NONE', #229, 1000.000000000000000 ) ;
#1464 = ORIENTED_EDGE ( 'NONE', *, *, #2001, .T. ) ;
#1465 = DATE_AND_TIME ( #1482, #543 ) ;
#1466 = VECTOR ( 'NONE', #2083, 1000.000000000000000 ) ;
#1467 = VERTEX_POINT ( 'NONE', #605 ) ;
#1468 = DIRECTION ( 'NONE',  ( 0.000000000000000000, 0.000000000000000000, 1.000000000000000000 ) ) ;
#1469 = CARTESIAN_POINT ( 'NONE',  ( 32.00000000000000000, 75.00000000000000000, -4.709103465619133289 ) ) ;
#1470 = ORIENTED_EDGE ( 'NONE', *, *, #1783, .F. ) ;
#1471 = EDGE_CURVE ( 'NONE', #3418, #3090, #2785, .T. ) ;
#1472 = DIRECTION ( 'NONE',  ( -0.8660254037844387076, 0.000000000000000000, -0.4999999999999998890 ) ) ;
#1473 = DIRECTION ( 'NONE',  ( -0.000000000000000000, -1.000000000000000000, -0.000000000000000000 ) ) ;
#1474 = EDGE_CURVE ( 'NONE', #3314, #1833, #166, .T. ) ;
#1475 = ORIENTED_EDGE ( 'NONE', *, *, #1684, .T. ) ;
#1476 = DIRECTION ( 'NONE',  ( 0.000000000000000000, 1.000000000000000000, 0.000000000000000000 ) ) ;
#1477 = CARTESIAN_POINT ( 'NONE',  ( -34.85000000000000142, 75.00000000000000000, -6.354551732809565756 ) ) ;
#1478 = EDGE_CURVE ( 'NONE', #2869, #3211, #1137, .T. ) ;
#1479 = LINE ( 'NONE', #3413, #1008 ) ;
#1480 = DIRECTION ( 'NONE',  ( 0.000000000000000000, 1.000000000000000000, 0.000000000000000000 ) ) ;
#1481 = ORIENTED_EDGE ( 'NONE', *, *, #2838, .T. ) ;
#1482 = CALENDAR_DATE ( 2026, 12, 9 ) ;
#1483 = VERTEX_POINT ( 'NONE', #21 ) ;
#1484 = CARTESIAN_POINT ( 'NONE',  ( 34.68520831611285615, 74.50000000000000000, 9.740590790242888986 ) ) ;
#1485 = CARTESIAN_POINT ( 'NONE',  ( 29.14999999999999858, 75.00000000000000000, -9.645448267190433356 ) ) ;
#1486 = ORIENTED_EDGE ( 'NONE', *, *, #2481, .F. ) ;
#1487 = ORIENTED_EDGE ( 'NONE', *, *, #1671, .T. ) ;
#1488 = LINE ( 'NONE', #76, #3404 ) ;
#1489 = CARTESIAN_POINT ( 'NONE',  ( -29.15000000000000213, 75.00000000000000000, -6.354551732809564868 ) ) ;
#1490 = CARTESIAN_POINT ( 'NONE',  ( -31.83520831611286184, 74.50000000000000000, 4.804245988671586254 ) ) ;
#1491 = DIRECTION ( 'NONE',  ( 1.054255858762918044E-15, 0.000000000000000000, -1.000000000000000000 ) ) ;
#1492 = CARTESIAN_POINT ( 'NONE',  ( -3.941581728276892349, 46.57069486078180631, 0.2900435302417446182 ) ) ;
#1493 = CARTESIAN_POINT ( 'NONE',  ( 4.837354856632044071E-16, 70.00000000000000000, 3.950000000000000178 ) ) ;
#1494 = CARTESIAN_POINT ( 'NONE',  ( -32.00000000000000000, 74.50000000000000000, -8.000000000000000000 ) ) ;
#1495 = EDGE_CURVE ( 'NONE', #2483, #1344, #555, .T. ) ;
#1496 = ORIENTED_EDGE ( 'NONE', *, *, #712, .F. ) ;
#1497 = DATE_TIME_ROLE ( 'classification_date' ) ;
#1498 = ORIENTED_EDGE ( 'NONE', *, *, #2295, .F. ) ;
#1499 = CARTESIAN_POINT ( 'NONE',  ( 0.000000000000000000, 70.00000000000000000, 0.000000000000000000 ) ) ;
#1500 = DIRECTION ( 'NONE',  ( 0.000000000000000000, 0.000000000000000000, 1.000000000000000000 ) ) ;
#1501 = VECTOR ( 'NONE', #2098, 1000.000000000000227 ) ;
#1502 = ORIENTED_EDGE ( 'NONE', *, *, #3491, .F. ) ;
#1503 = ORIENTED_EDGE ( 'NONE', *, *, #1191, .F. ) ;
#1504 = LINE ( 'NONE', #2817, #1115 ) ;
#1505 = DIRECTION ( 'NONE',  ( 0.000000000000000000, -0.000000000000000000, 1.000000000000000000 ) ) ;
#1506 = LINE ( 'NONE', #2343, #220 ) ;
#1507 = AXIS2_PLACEMENT_3D ( 'NONE', #1241, #380, #1746 ) ;
#1508 = CARTESIAN_POINT ( 'NONE',  ( 34.85000000000000142, 75.00000000000000000, -6.354551732809564868 ) ) ;
#1509 = FACE_OUTER_BOUND ( 'NONE', #3307, .T. ) ;
#1510 = CIRCLE ( 'NONE', #440, 3.200000000000001510 ) ;
#1511 = VECTOR ( 'NONE', #2273, 1000.000000000000114 ) ;
#1512 = ORIENTED_EDGE ( 'NONE', *, *, #2122, .F. ) ;
#1513 = ORIENTED_EDGE ( 'NONE', *, *, #1068, .T. ) ;
#1514 = EDGE_CURVE ( 'NONE', #2177, #703, #2243, .T. ) ;
#1515 = VECTOR ( 'NONE', #1061, 1000.000000000000114 ) ;
#1516 = VECTOR ( 'NONE', #1399, 1000.000000000000000 ) ;
#1517 = EDGE_CURVE ( 'NONE', #2181, #3479, #2174, .T. ) ;
#1518 = ORIENTED_EDGE ( 'NONE', *, *, #2851, .F. ) ;
#1519 = CIRCLE ( 'NONE', #3469, 3.200000000000001510 ) ;
#1520 = ADVANCED_FACE ( 'NONE', ( #2192 ), #1976, .T. ) ;
#1521 = CARTESIAN_POINT ( 'NONE',  ( 1.465981706633359360, 44.94110618115188771, 0.9581378311852541962 ) ) ;
#1522 = VECTOR ( 'NONE', #431, 1000.000000000000000 ) ;
#1523 = DIRECTION ( 'NONE',  ( 0.000000000000000000, 0.000000000000000000, -1.000000000000000000 ) ) ;
#1524 = EDGE_LOOP ( 'NONE', ( #2582, #1131, #1091, #2795 ) ) ;
#1525 = ADVANCED_FACE ( 'NONE', ( #2765 ), #1616, .T. ) ;
#1526 = EDGE_LOOP ( 'NONE', ( #2289, #1792 ) ) ;
#1527 = EDGE_CURVE ( 'NONE', #2893, #2281, #269, .T. ) ;
#1528 = CARTESIAN_POINT ( 'NONE',  ( 31.83520831611286184, 75.00000000000000000, 4.804245988671586254 ) ) ;
#1529 = CARTESIAN_POINT ( 'NONE',  ( 1.387131731489455122, 45.79564084121744827, -1.069110509377904306 ) ) ;
#1530 = VERTEX_POINT ( 'NONE', #1638 ) ;
#1531 = DIRECTION ( 'NONE',  ( 0.000000000000000000, 0.000000000000000000, 1.000000000000000000 ) ) ;
#1532 = DIRECTION ( 'NONE',  ( -0.8660254037844385966, 0.000000000000000000, -0.5000000000000001110 ) ) ;
#1533 = DIRECTION ( 'NONE',  ( 0.000000000000000000, 0.000000000000000000, 1.000000000000000000 ) ) ;
#1534 = EDGE_LOOP ( 'NONE', ( #2301, #1569 ) ) ;
#1535 = VERTEX_POINT ( 'NONE', #1672 ) ;
#1536 = CARTESIAN_POINT ( 'NONE',  ( 34.68520831611286326, 75.00000000000000000, -9.740590790242887209 ) ) ;
#1537 = CARTESIAN_POINT ( 'NONE',  ( 34.68520831611286326, 75.00000000000000000, -6.259409209757112791 ) ) ;
#1538 = EDGE_CURVE ( 'NONE', #685, #975, #287, .T. ) ;
#1539 = ORIENTED_EDGE ( 'NONE', *, *, #3134, .T. ) ;
#1540 = ORIENTED_EDGE ( 'NONE', *, *, #154, .F. ) ;
#1541 = LINE ( 'NONE', #1005, #834 ) ;
#1542 = CARTESIAN_POINT ( 'NONE',  ( -29.15000000000000213, 75.00000000000000000, 9.455163221085530978 ) ) ;
#1543 = EDGE_LOOP ( 'NONE', ( #2914, #3498, #2388, #1410 ) ) ;
#1544 = CARTESIAN_POINT ( 'NONE',  ( 29.14999999999999858, 74.50000000000000000, -9.645448267190433356 ) ) ;
#1545 = DIRECTION ( 'NONE',  ( 0.000000000000000000, -1.000000000000000000, 0.000000000000000000 ) ) ;
#1546 = CARTESIAN_POINT ( 'NONE',  ( -34.68520831611286326, 75.00000000000000000, 9.740590790242885433 ) ) ;
#1547 = LINE ( 'NONE', #2922, #1728 ) ;
#1548 = ORIENTED_EDGE ( 'NONE', *, *, #192, .T. ) ;
#1549 = ORIENTED_EDGE ( 'NONE', *, *, #1890, .T. ) ;
#1550 = ORIENTED_EDGE ( 'NONE', *, *, #9, .F. ) ;
#1551 = CARTESIAN_POINT ( 'NONE',  ( -32.00000000000000000, 75.00000000000000000, -11.29089653438086671 ) ) ;
#1552 = CARTESIAN_POINT ( 'NONE',  ( 44.00000000000000000, 45.50000000000000000, 1.100000000000000089 ) ) ;
#1553 = VERTEX_POINT ( 'NONE', #2453 ) ;
#1554 = CIRCLE ( 'NONE', #1323, 3.950000000000000178 ) ;
#1555 = VERTEX_POINT ( 'NONE', #3045 ) ;
#1556 = EDGE_CURVE ( 'NONE', #2062, #364, #1924, .T. ) ;
#1557 = CARTESIAN_POINT ( 'NONE',  ( -32.00000000000000000, 75.00000000000000000, -9.700000000000001066 ) ) ;
#1558 = VECTOR ( 'NONE', #2613, 1000.000000000000114 ) ;
#1559 = PLANE ( 'NONE',  #2581 ) ;
#1560 = ORIENTED_EDGE ( 'NONE', *, *, #410, .F. ) ;
#1561 = LINE ( 'NONE', #3462, #2091 ) ;
#1562 = AXIS2_PLACEMENT_3D ( 'NONE', #207, #1806, #2406 ) ;
#1563 = CARTESIAN_POINT ( 'NONE',  ( -32.00000000000000000, 72.00000000000000000, -11.29089653438086671 ) ) ;
#1564 = LINE ( 'NONE', #2384, #1466 ) ;
#1565 = DIRECTION ( 'NONE',  ( 0.000000000000000000, -1.000000000000000000, 0.000000000000000000 ) ) ;
#1566 = ORIENTED_EDGE ( 'NONE', *, *, #98, .T. ) ;
#1567 = VECTOR ( 'NONE', #171, 1000.000000000000000 ) ;
#1568 = EDGE_CURVE ( 'NONE', #1309, #3418, #1230, .T. ) ;
#1569 = ORIENTED_EDGE ( 'NONE', *, *, #265, .T. ) ;
#1570 = EDGE_CURVE ( 'NONE', #2534, #3141, #2834, .T. ) ;
#1571 = AXIS2_PLACEMENT_3D ( 'NONE', #2008, #2233, #2530 ) ;
#1572 = ORIENTED_EDGE ( 'NONE', *, *, #3510, .T. ) ;
#1573 = VECTOR ( 'NONE', #3050, 1000.000000000000000 ) ;
#1574 = CARTESIAN_POINT ( 'NONE',  ( -32.00000000000000000, 75.00000000000000000, -8.000000000000000000 ) ) ;
#1575 = DIRECTION ( 'NONE',  ( 0.000000000000000000, -1.000000000000000000, 0.000000000000000000 ) ) ;
#1576 = AXIS2_PLACEMENT_3D ( 'NONE', #1760, #1743, #2837 ) ;
#1577 = VECTOR ( 'NONE', #700, 1000.000000000000000 ) ;
#1578 = ORIENTED_EDGE ( 'NONE', *, *, #3331, .F. ) ;
#1579 = EDGE_LOOP ( 'NONE', ( #2087, #2775, #3204, #2332, #525, #2162, #38, #1818 ) ) ;
#1580 = AXIS2_PLACEMENT_3D ( 'NONE', #3320, #1093, #591 ) ;
#1581 = CARTESIAN_POINT ( 'NONE',  ( 0.000000000000000000, 77.00000000000000000, 0.000000000000000000 ) ) ;
#1582 = CARTESIAN_POINT ( 'NONE',  ( -32.00000000000000000, 75.00000000000000000, 4.709103465619133289 ) ) ;
#1583 = ORIENTED_EDGE ( 'NONE', *, *, #3339, .T. ) ;
#1584 = EDGE_CURVE ( 'NONE', #419, #2096, #767, .T. ) ;
#1585 = CARTESIAN_POINT ( 'NONE',  ( 29.14999999999999858, 74.50000000000000000, 9.455163221085523872 ) ) ;
#1586 = FACE_OUTER_BOUND ( 'NONE', #593, .T. ) ;
#1587 = CARTESIAN_POINT ( 'NONE',  ( -1.750203231610401255, 46.60032332348621509, -0.1466269737638909720 ) ) ;
#1588 = CARTESIAN_POINT ( 'NONE',  ( -29.14999999999999858, 75.00000000000000000, -9.645448267190433356 ) ) ;
#1589 = EDGE_CURVE ( 'NONE', #856, #2877, #3408, .T. ) ;
#1590 = ORIENTED_EDGE ( 'NONE', *, *, #3156, .T. ) ;
#1591 = PLANE ( 'NONE',  #1280 ) ;
#1592 = ORIENTED_EDGE ( 'NONE', *, *, #2204, .F. ) ;
#1593 = DIRECTION ( 'NONE',  ( 0.000000000000000000, 0.000000000000000000, 1.000000000000000000 ) ) ;
#1594 = DIRECTION ( 'NONE',  ( 0.000000000000000000, 1.000000000000000000, 0.000000000000000000 ) ) ;
#1595 = EDGE_LOOP ( 'NONE', ( #1835, #2455, #750, #670 ) ) ;
#1596 = CARTESIAN_POINT ( 'NONE',  ( 34.85000000000000142, 74.50000000000000000, 9.645448267190435132 ) ) ;
#1597 = DIRECTION ( 'NONE',  ( 0.000000000000000000, -0.000000000000000000, 1.000000000000000000 ) ) ;
#1598 = ORIENTED_EDGE ( 'NONE', *, *, #1103, .F. ) ;
#1599 = CARTESIAN_POINT ( 'NONE',  ( 29.14999999999999858, 75.00000000000000000, -9.645448267190433356 ) ) ;
#1600 = DIRECTION ( 'NONE',  ( 0.000000000000000000, -0.000000000000000000, 1.000000000000000000 ) ) ;
#1601 = CARTESIAN_POINT ( 'NONE',  ( -1.663242114360625079, 46.45703287883166155, -0.5612529276161789538 ) ) ;
#1602 = DIRECTION ( 'NONE',  ( 0.000000000000000000, -1.000000000000000000, 0.000000000000000000 ) ) ;
#1603 = VERTEX_POINT ( 'NONE', #955 ) ;
#1604 = CARTESIAN_POINT ( 'NONE',  ( 0.000000000000000000, 43.00000000000000000, 0.000000000000000000 ) ) ;
#1605 = EDGE_CURVE ( 'NONE', #1885, #2982, #1757, .T. ) ;
#1606 = VERTEX_POINT ( 'NONE', #2258 ) ;
#1607 = DIRECTION ( 'NONE',  ( 0.000000000000000000, -0.000000000000000000, 1.000000000000000000 ) ) ;
#1608 = ORIENTED_EDGE ( 'NONE', *, *, #1422, .T. ) ;
#1609 = EDGE_CURVE ( 'NONE', #2755, #1978, #2848, .T. ) ;
#1610 = CARTESIAN_POINT ( 'NONE',  ( 29.14999999999999858, 75.00000000000000000, 9.645448267190433356 ) ) ;
#1611 = FACE_OUTER_BOUND ( 'NONE', #815, .T. ) ;
#1612 = AXIS2_PLACEMENT_3D ( 'NONE', #2006, #643, #2060 ) ;
#1613 = ORIENTED_EDGE ( 'NONE', *, *, #1942, .F. ) ;
#1614 = LINE ( 'NONE', #63, #386 ) ;
#1615 = AXIS2_PLACEMENT_3D ( 'NONE', #2154, #3482, #2412 ) ;
#1616 = PLANE ( 'NONE',  #622 ) ;
#1617 = LINE ( 'NONE', #2366, #817 ) ;
#1618 = ORIENTED_EDGE ( 'NONE', *, *, #2442, .F. ) ;
#1619 = DIRECTION ( 'NONE',  ( -0.000000000000000000, 1.000000000000000000, -0.000000000000000000 ) ) ;
#1620 = CARTESIAN_POINT ( 'NONE',  ( -32.00000000000000000, 74.50000000000000000, -8.000000000000000000 ) ) ;
#1621 = EDGE_LOOP ( 'NONE', ( #344, #905, #649, #222, #536, #2575, #3132, #3177 ) ) ;
#1622 = EDGE_CURVE ( 'NONE', #822, #1603, #1454, .T. ) ;
#1623 = VECTOR ( 'NONE', #441, 1000.000000000000000 ) ;
#1624 = APPROVAL ( #2463, 'UNSPECIFIED' ) ;
#1625 = PLANE ( 'NONE',  #550 ) ;
#1626 = PERSON_AND_ORGANIZATION ( #2418, #255 ) ;
#1627 = ORIENTED_EDGE ( 'NONE', *, *, #2768, .F. ) ;
#1628 = AXIS2_PLACEMENT_3D ( 'NONE', #3226, #778, #1600 ) ;
#1629 = CIRCLE ( 'NONE', #102, 1.700000000000000178 ) ;
#1630 = EDGE_CURVE ( 'NONE', #3454, #2407, #1234, .T. ) ;
#1631 = FACE_OUTER_BOUND ( 'NONE', #2024, .T. ) ;
#1632 = AXIS2_PLACEMENT_3D ( 'NONE', #16, #2170, #1667 ) ;
#1633 = DIRECTION ( 'NONE',  ( -0.8660254037844387076, 0.000000000000000000, -0.4999999999999999445 ) ) ;
#1634 = ADVANCED_FACE ( 'NONE', ( #3096 ), #686, .F. ) ;
#1635 = EDGE_LOOP ( 'NONE', ( #1324, #182, #1108, #3110, #3240, #2889, #681, #744 ) ) ;
#1636 = FACE_OUTER_BOUND ( 'NONE', #272, .T. ) ;
#1637 = VECTOR ( 'NONE', #450, 1000.000000000000000 ) ;
#1638 = CARTESIAN_POINT ( 'NONE',  ( -1.361065758881620846, 45.50000000000000000, -1.100000000000000311 ) ) ;
#1639 = DIRECTION ( 'NONE',  ( 0.000000000000000000, 0.000000000000000000, -1.000000000000000000 ) ) ;
#1640 = AXIS2_PLACEMENT_3D ( 'NONE', #2549, #1795, #3394 ) ;
#1641 = EDGE_LOOP ( 'NONE', ( #3015, #1244, #79, #1387, #783, #557, #1007, #1717, #2726, #664, #1298, #1211, #460, #901, #127, #2355, #3184, #3093 ) ) ;
#1642 = CARTESIAN_POINT ( 'NONE',  ( 29.14999999999999858, 75.00000000000000000, 6.354551732809566644 ) ) ;
#1643 = CYLINDRICAL_SURFACE ( 'NONE', #209, 3.200000000000001510 ) ;
#1644 = DIRECTION ( 'NONE',  ( 0.8660254037844389297, 0.000000000000000000, 0.4999999999999993894 ) ) ;
#1645 = ORIENTED_EDGE ( 'NONE', *, *, #3010, .F. ) ;
#1646 = FACE_OUTER_BOUND ( 'NONE', #507, .T. ) ;
#1647 = FACE_OUTER_BOUND ( 'NONE', #495, .T. ) ;
#1648 = PERSON_AND_ORGANIZATION ( #2418, #255 ) ;
#1649 = EDGE_LOOP ( 'NONE', ( #1313, #1788 ) ) ;
#1650 = CARTESIAN_POINT ( 'NONE',  ( -31.83520831611286184, 74.50000000000000000, -4.804245988671586254 ) ) ;
#1651 = CARTESIAN_POINT ( 'NONE',  ( 32.00000000000000000, 75.00000000000000000, 8.000000000000000000 ) ) ;
#1652 = EDGE_CURVE ( 'NONE', #472, #736, #1213, .T. ) ;
#1653 = ORIENTED_EDGE ( 'NONE', *, *, #1996, .F. ) ;
#1654 = LINE ( 'NONE', #2709, #2370 ) ;
#1655 = DIRECTION ( 'NONE',  ( 0.000000000000000000, 0.000000000000000000, -1.000000000000000000 ) ) ;
#1656 = DIRECTION ( 'NONE',  ( 0.000000000000000000, 1.000000000000000000, 0.000000000000000000 ) ) ;
#1657 = CYLINDRICAL_SURFACE ( 'NONE', #2818, 3.200000000000001510 ) ;
#1658 = ORIENTED_EDGE ( 'NONE', *, *, #2037, .T. ) ;
#1659 = FACE_OUTER_BOUND ( 'NONE', #933, .T. ) ;
#1660 = DIRECTION ( 'NONE',  ( -0.4999999999999995004, 0.000000000000000000, -0.8660254037844389297 ) ) ;
#1661 = LINE ( 'NONE', #1391, #2086 ) ;
#1662 = CARTESIAN_POINT ( 'NONE',  ( -32.00000000000000000, 77.00000000000000000, -9.700000000000001066 ) ) ;
#1663 = ORIENTED_EDGE ( 'NONE', *, *, #1756, .T. ) ;
#1664 = CARTESIAN_POINT ( 'NONE',  ( -32.16479168388714527, 75.00000000000000000, 11.19575401132841286 ) ) ;
#1665 = APPLICATION_PROTOCOL_DEFINITION ( 'international standard', 'config_control_design', 1994, #2548 ) ;
#1666 = ORIENTED_EDGE ( 'NONE', *, *, #526, .T. ) ;
#1667 = DIRECTION ( 'NONE',  ( 0.000000000000000000, 0.000000000000000000, 1.000000000000000000 ) ) ;
#1668 = LINE ( 'NONE', #2760, #701 ) ;
#1669 = ORIENTED_EDGE ( 'NONE', *, *, #3043, .F. ) ;
#1670 = LINE ( 'NONE', #2493, #3291 ) ;
#1671 = EDGE_CURVE ( 'NONE', #213, #693, #2861, .T. ) ;
#1672 = CARTESIAN_POINT ( 'NONE',  ( 29.14999999999999858, 74.50000000000000000, -9.455163221085523872 ) ) ;
#1673 = DIRECTION ( 'NONE',  ( 0.000000000000000000, 0.000000000000000000, 1.000000000000000000 ) ) ;
#1674 = ADVANCED_FACE ( 'NONE', ( #111 ), #424, .F. ) ;
#1675 = ORIENTED_EDGE ( 'NONE', *, *, #787, .T. ) ;
#1676 = CARTESIAN_POINT ( 'NONE',  ( 29.14999999999999858, 72.00000000000000000, 6.354551732809566644 ) ) ;
#1677 = VECTOR ( 'NONE', #1199, 1000.000000000000000 ) ;
#1678 = CARTESIAN_POINT ( 'NONE',  ( 2.755455298081479204E-16, 43.00000000000000000, 2.249999999999946709 ) ) ;
#1679 = EDGE_CURVE ( 'NONE', #179, #822, #1184, .T. ) ;
#1680 = LINE ( 'NONE', #3019, #1859 ) ;
#1681 = VECTOR ( 'NONE', #1879, 1000.000000000000000 ) ;
#1682 = EDGE_CURVE ( 'NONE', #15, #870, #1972, .T. ) ;
#1683 = ORIENTED_EDGE ( 'NONE', *, *, #2163, .T. ) ;
#1684 = EDGE_CURVE ( 'NONE', #3495, #1248, #1504, .T. ) ;
#1685 = LOCAL_TIME ( 21, 58, 34.00000000000000000, #2168 ) ;
#1686 = PERSON_AND_ORGANIZATION_ROLE ( 'creator' ) ;
#1687 = ORIENTED_EDGE ( 'NONE', *, *, #608, .T. ) ;
#1688 = VECTOR ( 'NONE', #1107, 1000.000000000000000 ) ;
#1689 = CARTESIAN_POINT ( 'NONE',  ( 32.00000000000000000, 75.00000000000000000, -8.000000000000000000 ) ) ;
#1690 = CARTESIAN_POINT ( 'NONE',  ( -32.00000000000000000, 75.00000000000000000, -4.709103465619133289 ) ) ;
#1691 = VECTOR ( 'NONE', #3210, 1000.000000000000000 ) ;
#1692 = ORIENTED_EDGE ( 'NONE', *, *, #985, .T. ) ;
#1693 = AXIS2_PLACEMENT_3D ( 'NONE', #2934, #2059, #737 ) ;
#1694 = DIRECTION ( 'NONE',  ( 0.000000000000000000, 0.000000000000000000, 1.000000000000000000 ) ) ;
#1695 = CARTESIAN_POINT ( 'NONE',  ( 0.000000000000000000, 72.00000000000000000, 0.000000000000000000 ) ) ;
#1696 = AXIS2_PLACEMENT_3D ( 'NONE', #1642, #2195, #840 ) ;
#1697 = VECTOR ( 'NONE', #363, 1000.000000000000000 ) ;
#1698 = ORIENTED_EDGE ( 'NONE', *, *, #2820, .T. ) ;
#1699 = DIRECTION ( 'NONE',  ( -0.8660254037844389297, 0.000000000000000000, 0.4999999999999993894 ) ) ;
#1700 = AXIS2_PLACEMENT_3D ( 'NONE', #2345, #2940, #989 ) ;
#1701 = EDGE_CURVE ( 'NONE', #1344, #1871, #2326, .T. ) ;
#1702 = ORIENTED_EDGE ( 'NONE', *, *, #1731, .F. ) ;
#1703 = ORIENTED_EDGE ( 'NONE', *, *, #263, .T. ) ;
#1704 = CARTESIAN_POINT ( 'NONE',  ( -32.00000000000000000, 75.00000000000000000, -8.000000000000000000 ) ) ;
#1705 = LINE ( 'NONE', #2300, #3102 ) ;
#1706 = ORIENTED_EDGE ( 'NONE', *, *, #3048, .F. ) ;
#1707 = DIRECTION ( 'NONE',  ( 0.000000000000000000, -0.000000000000000000, 1.000000000000000000 ) ) ;
#1708 = DIRECTION ( 'NONE',  ( 0.000000000000000000, -1.000000000000000000, 0.000000000000000000 ) ) ;
#1709 = CARTESIAN_POINT ( 'NONE',  ( 1.361065758881620846, 45.50000000000000000, -1.100000000000000311 ) ) ;
#1710 = DIRECTION ( 'NONE',  ( 0.000000000000000000, -1.000000000000000000, 0.000000000000000000 ) ) ;
#1711 = CARTESIAN_POINT ( 'NONE',  ( -32.00000000000000000, 75.00000000000000000, 4.709103465619133289 ) ) ;
#1712 = DIRECTION ( 'NONE',  ( 0.000000000000000000, 0.000000000000000000, -1.000000000000000000 ) ) ;
#1713 = DIRECTION ( 'NONE',  ( 0.000000000000000000, 1.000000000000000000, 0.000000000000000000 ) ) ;
#1714 = ORIENTED_EDGE ( 'NONE', *, *, #779, .T. ) ;
#1715 = ADVANCED_FACE ( 'NONE', ( #3425, #3372 ), #2287, .F. ) ;
#1716 = CALENDAR_DATE ( 2026, 12, 9 ) ;
#1717 = ORIENTED_EDGE ( 'NONE', *, *, #375, .F. ) ;
#1718 = DIRECTION ( 'NONE',  ( -0.8660254037844387076, 0.000000000000000000, -0.4999999999999998890 ) ) ;
#1719 = CARTESIAN_POINT ( 'NONE',  ( 32.00000000000000000, 75.00000000000000000, -8.000000000000000000 ) ) ;
#1720 = VERTEX_POINT ( 'NONE', #2559 ) ;
#1721 = EDGE_CURVE ( 'NONE', #2096, #419, #1629, .T. ) ;
#1722 = CARTESIAN_POINT ( 'NONE',  ( 32.00000000000000000, 75.00000000000000000, 11.29089653438086671 ) ) ;
#1723 = DIRECTION ( 'NONE',  ( 0.000000000000000000, 1.000000000000000000, 0.000000000000000000 ) ) ;
#1724 = DIRECTION ( 'NONE',  ( 0.000000000000000000, -1.000000000000000000, 0.000000000000000000 ) ) ;
#1725 = DIRECTION ( 'NONE',  ( -0.000000000000000000, 1.000000000000000000, -0.000000000000000000 ) ) ;
#1726 = LINE ( 'NONE', #2065, #2215 ) ;
#1727 = CARTESIAN_POINT ( 'NONE',  ( 32.00000000000000000, 74.50000000000000000, -8.000000000000000000 ) ) ;
#1728 = VECTOR ( 'NONE', #2385, 1000.000000000000000 ) ;
#1729 = ORIENTED_EDGE ( 'NONE', *, *, #1077, .F. ) ;
#1730 = VECTOR ( 'NONE', #2357, 1000.000000000000000 ) ;
#1731 = EDGE_CURVE ( 'NONE', #201, #2070, #3459, .T. ) ;
#1732 = ORIENTED_EDGE ( 'NONE', *, *, #1679, .F. ) ;
#1733 = CC_DESIGN_DATE_AND_TIME_ASSIGNMENT ( #3328, #1497, ( #1332 ) ) ;
#1734 = CARTESIAN_POINT ( 'NONE',  ( -29.15000000000000213, 72.00000000000000000, -6.354551732809563092 ) ) ;
#1735 = CARTESIAN_POINT ( 'NONE',  ( -32.00000000000000000, 72.00000000000000000, 11.29089653438086671 ) ) ;
#1736 = VERTEX_POINT ( 'NONE', #2688 ) ;
#1737 = CARTESIAN_POINT ( 'NONE',  ( 34.68520831611286326, 75.00000000000000000, 6.259409209757114567 ) ) ;
#1738 = DIRECTION ( 'NONE',  ( 0.000000000000000000, -0.000000000000000000, 1.000000000000000000 ) ) ;
#1739 = AXIS2_PLACEMENT_3D ( 'NONE', #1620, #274, #2440 ) ;
#1740 = EDGE_CURVE ( 'NONE', #186, #2123, #1541, .T. ) ;
#1741 = CARTESIAN_POINT ( 'NONE',  ( 1.361065758881619958, 45.50000000000000000, 1.100000000000000089 ) ) ;
#1742 = ORIENTED_EDGE ( 'NONE', *, *, #433, .T. ) ;
#1743 = DIRECTION ( 'NONE',  ( 0.000000000000000000, 1.000000000000000000, 0.000000000000000000 ) ) ;
#1744 = VECTOR ( 'NONE', #290, 1000.000000000000000 ) ;
#1745 = LINE ( 'NONE', #2565, #1522 ) ;
#1746 = DIRECTION ( 'NONE',  ( 0.000000000000000000, 0.000000000000000000, 1.000000000000000000 ) ) ;
#1747 = AXIS2_PLACEMENT_3D ( 'NONE', #1809, #3201, #193 ) ;
#1748 = VERTEX_POINT ( 'NONE', #180 ) ;
#1749 = CIRCLE ( 'NONE', #3176, 1.700000000000000178 ) ;
#1750 = AXIS2_PLACEMENT_3D ( 'NONE', #1383, #3305, #2495 ) ;
#1751 = ORIENTED_EDGE ( 'NONE', *, *, #1014, .F. ) ;
#1752 = DIRECTION ( 'NONE',  ( -0.000000000000000000, 1.000000000000000000, -0.000000000000000000 ) ) ;
#1753 = DIRECTION ( 'NONE',  ( 0.000000000000000000, -1.000000000000000000, 0.000000000000000000 ) ) ;
#1754 = ORIENTED_EDGE ( 'NONE', *, *, #2526, .F. ) ;
#1755 = ORIENTED_EDGE ( 'NONE', *, *, #881, .T. ) ;
#1756 = EDGE_CURVE ( 'NONE', #1372, #397, #3146, .T. ) ;
#1757 = LINE ( 'NONE', #1168, #3227 ) ;
#1758 = CARTESIAN_POINT ( 'NONE',  ( 0.000000000000000000, 47.99999999999999289, 0.000000000000000000 ) ) ;
#1759 = ORIENTED_EDGE ( 'NONE', *, *, #3095, .T. ) ;
#1760 = CARTESIAN_POINT ( 'NONE',  ( -32.00000000000000000, 75.00000000000000000, 8.000000000000000000 ) ) ;
#1761 = LINE ( 'NONE', #2620, #3347 ) ;
#1762 = LINE ( 'NONE', #1563, #267 ) ;
#1763 = FACE_OUTER_BOUND ( 'NONE', #2304, .T. ) ;
#1764 = DIRECTION ( 'NONE',  ( 0.000000000000000000, 1.000000000000000000, 0.000000000000000000 ) ) ;
#1765 = ORIENTED_EDGE ( 'NONE', *, *, #1652, .F. ) ;
#1766 = EDGE_LOOP ( 'NONE', ( #3471, #2386, #3473, #1330 ) ) ;
#1767 = CARTESIAN_POINT ( 'NONE',  ( -34.85000000000000142, 75.00000000000000000, -9.645448267190433356 ) ) ;
#1768 = LINE ( 'NONE', #421, #2704 ) ;
#1769 = EDGE_LOOP ( 'NONE', ( #3165, #1861, #1903, #2199 ) ) ;
#1770 = ORIENTED_EDGE ( 'NONE', *, *, #2064, .F. ) ;
#1771 = DIRECTION ( 'NONE',  ( -1.000000000000000000, 0.000000000000000000, 0.000000000000000000 ) ) ;
#1772 = CARTESIAN_POINT ( 'NONE',  ( 1.730324933460704928, 46.56939941165321528, -0.2960117961750227678 ) ) ;
#1773 = VERTEX_POINT ( 'NONE', #1528 ) ;
#1774 = ADVANCED_FACE ( 'NONE', ( #2340 ), #3119, .F. ) ;
#1775 = DIRECTION ( 'NONE',  ( 0.000000000000000000, -1.000000000000000000, 0.000000000000000000 ) ) ;
#1776 = EDGE_CURVE ( 'NONE', #831, #133, #3441, .T. ) ;
#1777 = DIRECTION ( 'NONE',  ( 0.000000000000000000, -1.000000000000000000, 0.000000000000000000 ) ) ;
#1778 = DIRECTION ( 'NONE',  ( 0.000000000000000000, -1.000000000000000000, 0.000000000000000000 ) ) ;
#1779 = ADVANCED_FACE ( 'NONE', ( #2113 ), #2631, .F. ) ;
#1780 = EDGE_LOOP ( 'NONE', ( #2677, #739, #1171, #2832, #2871, #1540, #1687, #461 ) ) ;
#1781 = ORIENTED_EDGE ( 'NONE', *, *, #1478, .T. ) ;
#1782 = AXIS2_PLACEMENT_3D ( 'NONE', #2819, #674, #426 ) ;
#1783 = EDGE_CURVE ( 'NONE', #427, #1736, #2616, .T. ) ;
#1784 = ORIENTED_EDGE ( 'NONE', *, *, #3074, .T. ) ;
#1785 = AXIS2_PLACEMENT_3D ( 'NONE', #3460, #1006, #2381 ) ;
#1786 = CARTESIAN_POINT ( 'NONE',  ( -29.15000000000000213, 74.50000000000000000, -6.544836778914469022 ) ) ;
#1787 = CARTESIAN_POINT ( 'NONE',  ( -32.16479168388714527, 75.00000000000000000, -4.804245988671587142 ) ) ;
#1788 = ORIENTED_EDGE ( 'NONE', *, *, #2451, .F. ) ;
#1789 = VERTEX_POINT ( 'NONE', #2900 ) ;
#1790 = DIRECTION ( 'NONE',  ( 0.8660254037844389297, 0.000000000000000000, 0.4999999999999993894 ) ) ;
#1791 = LINE ( 'NONE', #2259, #1158 ) ;
#1792 = ORIENTED_EDGE ( 'NONE', *, *, #202, .T. ) ;
#1793 = CARTESIAN_POINT ( 'NONE',  ( -34.85000000000000142, 74.50000000000000000, -9.645448267190433356 ) ) ;
#1794 = AXIS2_PLACEMENT_3D ( 'NONE', #1034, #155, #1017 ) ;
#1795 = DIRECTION ( 'NONE',  ( 0.5000000000000001110, 0.000000000000000000, 0.8660254037844385966 ) ) ;
#1796 = DIRECTION ( 'NONE',  ( 0.000000000000000000, 1.000000000000000000, 0.000000000000000000 ) ) ;
#1797 = AXIS2_PLACEMENT_3D ( 'NONE', #169, #2046, #1813 ) ;
#1798 = VERTEX_POINT ( 'NONE', #2097 ) ;
#1799 = FACE_OUTER_BOUND ( 'NONE', #844, .T. ) ;
#1800 = AXIS2_PLACEMENT_3D ( 'NONE', #2536, #122, #624 ) ;
#1801 = ADVANCED_FACE ( 'NONE', ( #1321 ), #981, .T. ) ;
#1802 = ORIENTED_EDGE ( 'NONE', *, *, #3089, .F. ) ;
#1803 = AXIS2_PLACEMENT_3D ( 'NONE', #2262, #3101, #3361 ) ;
#1804 = CARTESIAN_POINT ( 'NONE',  ( 1.387536657437736798, 45.20264114411448730, -1.068586194674190359 ) ) ;
#1805 = AXIS2_PLACEMENT_3D ( 'NONE', #2508, #1901, #1694 ) ;
#1806 = DIRECTION ( 'NONE',  ( 0.000000000000000000, 1.000000000000000000, 0.000000000000000000 ) ) ;
#1807 = ORIENTED_EDGE ( 'NONE', *, *, #2461, .F. ) ;
#1808 = ORIENTED_EDGE ( 'NONE', *, *, #2479, .F. ) ;
#1809 = CARTESIAN_POINT ( 'NONE',  ( -32.00000000000000000, 75.00000000000000000, -8.000000000000000000 ) ) ;
#1810 = CARTESIAN_POINT ( 'NONE',  ( 32.00000000000000000, 74.50000000000000000, -8.000000000000000000 ) ) ;
#1811 = ORIENTED_EDGE ( 'NONE', *, *, #3424, .T. ) ;
#1812 = CARTESIAN_POINT ( 'NONE',  ( 32.00000000000000000, 74.50000000000000000, -8.000000000000000000 ) ) ;
#1813 = DIRECTION ( 'NONE',  ( 0.000000000000000000, 0.000000000000000000, -1.000000000000000000 ) ) ;
#1814 = CARTESIAN_POINT ( 'NONE',  ( -1.466355937556612421, 46.05978928986502297, -0.9575670710578049194 ) ) ;
#1815 = FACE_OUTER_BOUND ( 'NONE', #3157, .T. ) ;
#1816 = VERTEX_POINT ( 'NONE', #2077 ) ;
#1817 = ORIENTED_EDGE ( 'NONE', *, *, #2323, .F. ) ;
#1818 = ORIENTED_EDGE ( 'NONE', *, *, #1228, .T. ) ;
#1819 = EDGE_CURVE ( 'NONE', #472, #2119, #3168, .T. ) ;
#1820 = LINE ( 'NONE', #2910, #1968 ) ;
#1821 = CARTESIAN_POINT ( 'NONE',  ( 32.00000000000000000, 77.00000000000000000, 6.299999999999999822 ) ) ;
#1822 = ORIENTED_EDGE ( 'NONE', *, *, #2155, .T. ) ;
#1823 = ORIENTED_EDGE ( 'NONE', *, *, #151, .F. ) ;
#1824 = CARTESIAN_POINT ( 'NONE',  ( -32.00000000000000000, 77.00000000000000000, 9.700000000000001066 ) ) ;
#1825 = CARTESIAN_POINT ( 'NONE',  ( 0.000000000000000000, 70.00000000000000000, 0.000000000000000000 ) ) ;
#1826 = ADVANCED_FACE ( 'NONE', ( #2130 ), #751, .F. ) ;
#1827 = ORIENTED_EDGE ( 'NONE', *, *, #3323, .T. ) ;
#1828 = ADVANCED_FACE ( 'NONE', ( #2670 ), #3219, .T. ) ;
#1829 = DIRECTION ( 'NONE',  ( 0.000000000000000000, -0.000000000000000000, 1.000000000000000000 ) ) ;
#1830 = DIRECTION ( 'NONE',  ( 0.000000000000000000, 1.000000000000000000, 0.000000000000000000 ) ) ;
#1831 = DIRECTION ( 'NONE',  ( -0.000000000000000000, 1.000000000000000000, -0.000000000000000000 ) ) ;
#1832 = CARTESIAN_POINT ( 'NONE',  ( -32.16479168388713816, 75.00000000000000000, -11.19575401132841463 ) ) ;
#1833 = VERTEX_POINT ( 'NONE', #1824 ) ;
#1834 = EDGE_LOOP ( 'NONE', ( #2826, #609 ) ) ;
#1835 = ORIENTED_EDGE ( 'NONE', *, *, #2159, .F. ) ;
#1836 = CARTESIAN_POINT ( 'NONE',  ( 1.361065758881612631, 45.34998728912180610, 1.099999999999999867 ) ) ;
#1837 = DIRECTION ( 'NONE',  ( 0.000000000000000000, 0.000000000000000000, 1.000000000000000000 ) ) ;
#1838 = VERTEX_POINT ( 'NONE', #2915 ) ;
#1839 = VECTOR ( 'NONE', #726, 1000.000000000000227 ) ;
#1840 = ORIENTED_EDGE ( 'NONE', *, *, #2851, .T. ) ;
#1841 = CARTESIAN_POINT ( 'NONE',  ( 32.00000000000000000, 72.00000000000000000, -11.29089653438086671 ) ) ;
#1842 = VECTOR ( 'NONE', #3092, 1000.000000000000114 ) ;
#1843 = FACE_BOUND ( 'NONE', #293, .T. ) ;
#1844 = EDGE_CURVE ( 'NONE', #1141, #1097, #478, .T. ) ;
#1845 = ORIENTED_EDGE ( 'NONE', *, *, #2977, .F. ) ;
#1846 = CARTESIAN_POINT ( 'NONE',  ( 32.00000000000000000, 75.00000000000000000, 8.000000000000000000 ) ) ;
#1847 = CARTESIAN_POINT ( 'NONE',  ( -1.387154739967177086, 45.79573334133365847, 1.069080069554490198 ) ) ;
#1848 = FACE_OUTER_BOUND ( 'NONE', #1766, .T. ) ;
#1849 = UNCERTAINTY_MEASURE_WITH_UNIT (LENGTH_MEASURE( 1.000000000000000082E-05 ), #3255, 'distance_accuracy_value', 'NONE');
#1850 = VERTEX_POINT ( 'NONE', #1557 ) ;
#1851 = VECTOR ( 'NONE', #2444, 1000.000000000000000 ) ;
#1852 = DIRECTION ( 'NONE',  ( 0.000000000000000000, -1.000000000000000000, 0.000000000000000000 ) ) ;
#1853 = EDGE_LOOP ( 'NONE', ( #2395, #1823, #1811, #2282 ) ) ;
#1854 = EDGE_LOOP ( 'NONE', ( #1464, #2492 ) ) ;
#1855 = AXIS2_PLACEMENT_3D ( 'NONE', #3065, #1166, #1707 ) ;
#1856 = CIRCLE ( 'NONE', #3464, 3.200000000000001510 ) ;
#1857 = DIRECTION ( 'NONE',  ( -0.000000000000000000, -1.000000000000000000, -0.000000000000000000 ) ) ;
#1858 = DIRECTION ( 'NONE',  ( 0.000000000000000000, 1.000000000000000000, 0.000000000000000000 ) ) ;
#1859 = VECTOR ( 'NONE', #561, 1000.000000000000000 ) ;
#1860 = CIRCLE ( 'NONE', #2778, 3.200000000000001510 ) ;
#1861 = ORIENTED_EDGE ( 'NONE', *, *, #303, .T. ) ;
#1862 = EDGE_CURVE ( 'NONE', #341, #208, #2650, .T. ) ;
#1863 = VECTOR ( 'NONE', #2436, 1000.000000000000000 ) ;
#1864 = DIRECTION ( 'NONE',  ( -0.8660254037844388186, 0.000000000000000000, 0.4999999999999996114 ) ) ;
#1865 = CYLINDRICAL_SURFACE ( 'NONE', #654, 1.750000000000000000 ) ;
#1866 = VERTEX_POINT ( 'NONE', #2380 ) ;
#1867 = CARTESIAN_POINT ( 'NONE',  ( -34.85000000000000142, 72.00000000000000000, 9.645448267190433356 ) ) ;
#1868 = EDGE_CURVE ( 'NONE', #3434, #875, #1021, .T. ) ;
#1869 = CARTESIAN_POINT ( 'NONE',  ( 34.85000000000000142, 72.00000000000000000, -9.645448267190433356 ) ) ;
#1870 = FACE_OUTER_BOUND ( 'NONE', #2847, .T. ) ;
#1871 = VERTEX_POINT ( 'NONE', #1841 ) ;
#1872 = CARTESIAN_POINT ( 'NONE',  ( 44.00000000000000000, 45.50000000000000000, -1.100000000000000089 ) ) ;
#1873 = EDGE_LOOP ( 'NONE', ( #617, #1088, #2574, #275 ) ) ;
#1874 = CARTESIAN_POINT ( 'NONE',  ( -1.749823076452303283, 44.40028146958022859, -0.1507651104496760541 ) ) ;
#1875 = FACE_OUTER_BOUND ( 'NONE', #2373, .T. ) ;
#1876 = DIRECTION ( 'NONE',  ( 0.000000000000000000, 0.000000000000000000, 1.000000000000000000 ) ) ;
#1877 = VERTEX_POINT ( 'NONE', #498 ) ;
#1878 = DIRECTION ( 'NONE',  ( 0.000000000000000000, 1.000000000000000000, 0.000000000000000000 ) ) ;
#1879 = DIRECTION ( 'NONE',  ( 0.000000000000000000, -1.000000000000000000, 0.000000000000000000 ) ) ;
#1880 = ORIENTED_EDGE ( 'NONE', *, *, #2501, .T. ) ;
#1881 = DIRECTION ( 'NONE',  ( 1.054255858762918044E-15, 0.000000000000000000, -1.000000000000000000 ) ) ;
#1882 = CARTESIAN_POINT ( 'NONE',  ( -1.730454952383831513, 46.56958493931607279, -0.2947962644112174790 ) ) ;
#1883 = LINE ( 'NONE', #1588, #1839 ) ;
#1884 = EDGE_CURVE ( 'NONE', #1075, #1260, #2955, .T. ) ;
#1885 = VERTEX_POINT ( 'NONE', #1307 ) ;
#1886 = DIRECTION ( 'NONE',  ( 0.000000000000000000, 0.000000000000000000, 1.000000000000000000 ) ) ;
#1887 = FACE_OUTER_BOUND ( 'NONE', #2917, .T. ) ;
#1888 = EDGE_CURVE ( 'NONE', #1606, #2443, #616, .T. ) ;
#1889 = ORIENTED_EDGE ( 'NONE', *, *, #1436, .T. ) ;
#1890 = EDGE_CURVE ( 'NONE', #2924, #1467, #2224, .T. ) ;
#1891 = DIRECTION ( 'NONE',  ( 0.000000000000000000, -0.000000000000000000, -1.000000000000000000 ) ) ;
#1892 = APPROVAL_STATUS ( 'not_yet_approved' ) ;
#1893 = ORIENTED_EDGE ( 'NONE', *, *, #1844, .F. ) ;
#1894 = CARTESIAN_POINT ( 'NONE',  ( 0.000000000000000000, 43.00000000000000000, -2.249999999999946709 ) ) ;
#1895 = CARTESIAN_POINT ( 'NONE',  ( -32.00000000000000000, 75.00000000000000000, -8.000000000000000000 ) ) ;
#1896 = LINE ( 'NONE', #1343, #2644 ) ;
#1897 = AXIS2_PLACEMENT_3D ( 'NONE', #1456, #112, #1185 ) ;
#1898 = ORIENTED_EDGE ( 'NONE', *, *, #347, .T. ) ;
#1899 = DIRECTION ( 'NONE',  ( -0.8660254037844385966, 0.000000000000000000, -0.5000000000000001110 ) ) ;
#1900 = CIRCLE ( 'NONE', #2351, 3.200000000000001510 ) ;
#1901 = DIRECTION ( 'NONE',  ( 0.000000000000000000, 1.000000000000000000, 0.000000000000000000 ) ) ;
#1902 = CARTESIAN_POINT ( 'NONE',  ( 29.14999999999999858, 75.00000000000000000, -9.455163221085523872 ) ) ;
#1903 = ORIENTED_EDGE ( 'NONE', *, *, #2198, .F. ) ;
#1904 = DIRECTION ( 'NONE',  ( -0.8660254037844389297, 0.000000000000000000, 0.4999999999999995004 ) ) ;
#1905 = CARTESIAN_POINT ( 'NONE',  ( 29.31479168388714029, 74.50000000000000000, -9.740590790242888986 ) ) ;
#1906 = FACE_OUTER_BOUND ( 'NONE', #3144, .T. ) ;
#1907 = ADVANCED_BREP_SHAPE_REPRESENTATION ( 'ARM-202_Yaw_platform', ( #721, #3217 ), #3280 ) ;
#1908 = ORIENTED_EDGE ( 'NONE', *, *, #731, .F. ) ;
#1909 = CARTESIAN_POINT ( 'NONE',  ( -1.466957476301568919, 44.93831711927111883, 0.9567060921530624595 ) ) ;
#1910 = CARTESIAN_POINT ( 'NONE',  ( -3.941756406038502636, 46.57136373922529060, -0.2883203388866367178 ) ) ;
#1911 = EDGE_CURVE ( 'NONE', #2869, #3506, #1934, .T. ) ;
#1912 = AXIS2_PLACEMENT_3D ( 'NONE', #3525, #527, #1607 ) ;
#1913 = CARTESIAN_POINT ( 'NONE',  ( 29.14999999999999858, 75.00000000000000000, 6.354551732809566644 ) ) ;
#1914 = DIRECTION ( 'NONE',  ( 0.000000000000000000, 0.000000000000000000, -1.000000000000000000 ) ) ;
#1915 = ORIENTED_EDGE ( 'NONE', *, *, #3421, .T. ) ;
#1916 = AXIS2_PLACEMENT_3D ( 'NONE', #2478, #1660, #1904 ) ;
#1917 = DIRECTION ( 'NONE',  ( 0.000000000000000000, 1.000000000000000000, 0.000000000000000000 ) ) ;
#1918 = VECTOR ( 'NONE', #590, 1000.000000000000000 ) ;
#1919 = AXIS2_PLACEMENT_3D ( 'NONE', #73, #1163, #3333 ) ;
#1920 = DIRECTION ( 'NONE',  ( 0.4999999999999999445, 0.000000000000000000, -0.8660254037844387076 ) ) ;
#1921 = ORIENTED_EDGE ( 'NONE', *, *, #650, .T. ) ;
#1922 = CARTESIAN_POINT ( 'NONE',  ( 32.00000000000000000, 74.50000000000000000, 8.000000000000000000 ) ) ;
#1923 = AXIS2_PLACEMENT_3D ( 'NONE', #1993, #80, #1457 ) ;
#1924 = LINE ( 'NONE', #3013, #3300 ) ;
#1925 = DIRECTION ( 'NONE',  ( 0.000000000000000000, 1.000000000000000000, 0.000000000000000000 ) ) ;
#1926 = AXIS2_PLACEMENT_3D ( 'NONE', #2048, #678, #414 ) ;
#1927 = VERTEX_POINT ( 'NONE', #1423 ) ;
#1928 = CYLINDRICAL_SURFACE ( 'NONE', #2203, 6.000000000000000000 ) ;
#1929 = DIRECTION ( 'NONE',  ( 0.000000000000000000, -1.000000000000000000, 0.000000000000000000 ) ) ;
#1930 = CARTESIAN_POINT ( 'NONE',  ( -34.85000000000000142, 75.00000000000000000, -9.645448267190433356 ) ) ;
#1931 = EDGE_LOOP ( 'NONE', ( #1550, #1808, #224, #2966, #3287, #3128, #2325, #2272, #599, #2476, #2718, #315, #2614, #2660, #3365, #3171, #3179, #2210 ) ) ;
#1932 = EDGE_CURVE ( 'NONE', #307, #3511, #1856, .T. ) ;
#1933 = ORIENTED_EDGE ( 'NONE', *, *, #2176, .T. ) ;
#1934 = LINE ( 'NONE', #1055, #1516 ) ;
#1935 = CARTESIAN_POINT ( 'NONE',  ( -32.00000000000000000, 77.00000000000000000, -8.000000000000000000 ) ) ;
#1936 = EDGE_CURVE ( 'NONE', #2062, #2586, #104, .T. ) ;
#1937 = ORIENTED_EDGE ( 'NONE', *, *, #1609, .T. ) ;
#1938 = CARTESIAN_POINT ( 'NONE',  ( 29.14999999999999858, 75.00000000000000000, 9.645448267190433356 ) ) ;
#1939 = DIRECTION ( 'NONE',  ( 0.000000000000000000, -1.000000000000000000, 0.000000000000000000 ) ) ;
#1940 = EDGE_CURVE ( 'NONE', #238, #547, #281, .T. ) ;
#1941 = LINE ( 'NONE', #2750, #537 ) ;
#1942 = EDGE_CURVE ( 'NONE', #647, #1397, #60, .T. ) ;
#1943 = ORIENTED_EDGE ( 'NONE', *, *, #2415, .T. ) ;
#1944 = CARTESIAN_POINT ( 'NONE',  ( 0.000000000000000000, 72.00000000000001421, 0.000000000000000000 ) ) ;
#1945 = CARTESIAN_POINT ( 'NONE',  ( 32.00000000000000000, 75.00000000000000000, -8.000000000000000000 ) ) ;
#1946 = CARTESIAN_POINT ( 'NONE',  ( 0.000000000000000000, 72.00000000000000000, 0.000000000000000000 ) ) ;
#1947 = ORIENTED_EDGE ( 'NONE', *, *, #2794, .T. ) ;
#1948 = DATE_TIME_ROLE ( 'creation_date' ) ;
#1949 = VERTEX_POINT ( 'NONE', #1342 ) ;
#1950 = EDGE_CURVE ( 'NONE', #641, #2020, #2721, .T. ) ;
#1951 = CARTESIAN_POINT ( 'NONE',  ( 34.85000000000000142, 72.00000000000000000, 9.645448267190435132 ) ) ;
#1952 = FACE_BOUND ( 'NONE', #1834, .T. ) ;
#1953 = ADVANCED_FACE ( 'NONE', ( #1631 ), #3279, .T. ) ;
#1954 = ORIENTED_EDGE ( 'NONE', *, *, #2838, .F. ) ;
#1955 = DIRECTION ( 'NONE',  ( 0.000000000000000000, 1.000000000000000000, 0.000000000000000000 ) ) ;
#1956 = EDGE_CURVE ( 'NONE', #2877, #547, #2431, .T. ) ;
#1957 = DIRECTION ( 'NONE',  ( 0.000000000000000000, -1.000000000000000000, 0.000000000000000000 ) ) ;
#1958 = CARTESIAN_POINT ( 'NONE',  ( 0.000000000000000000, 70.00000000000000000, 0.000000000000000000 ) ) ;
#1959 = DIRECTION ( 'NONE',  ( 0.000000000000000000, 1.000000000000000000, 0.000000000000000000 ) ) ;
#1960 = VERTEX_POINT ( 'NONE', #1359 ) ;
#1961 = AXIS2_PLACEMENT_3D ( 'NONE', #855, #1428, #607 ) ;
#1962 = LINE ( 'NONE', #1157, #2030 ) ;
#1963 = VECTOR ( 'NONE', #1424, 1000.000000000000000 ) ;
#1964 = ORIENTED_EDGE ( 'NONE', *, *, #2570, .F. ) ;
#1965 = AXIS2_PLACEMENT_3D ( 'NONE', #2626, #1858, #1052 ) ;
#1966 = PERSON_AND_ORGANIZATION ( #2418, #255 ) ;
#1967 = ORIENTED_EDGE ( 'NONE', *, *, #457, .F. ) ;
#1968 = VECTOR ( 'NONE', #2375, 1000.000000000000000 ) ;
#1969 = FACE_OUTER_BOUND ( 'NONE', #391, .T. ) ;
#1970 = DIRECTION ( 'NONE',  ( 0.000000000000000000, 1.000000000000000000, 0.000000000000000000 ) ) ;
#1971 = AXIS2_PLACEMENT_3D ( 'NONE', #3466, #1830, #3261 ) ;
#1972 = CIRCLE ( 'NONE', #383, 3.200000000000001510 ) ;
#1973 = ORIENTED_EDGE ( 'NONE', *, *, #9, .T. ) ;
#1974 = EDGE_CURVE ( 'NONE', #1309, #3397, #1110, .T. ) ;
#1975 = AXIS2_PLACEMENT_3D ( 'NONE', #2986, #1917, #1468 ) ;
#1976 = PLANE ( 'NONE',  #1580 ) ;
#1977 = PLANE ( 'NONE',  #3330 ) ;
#1978 = VERTEX_POINT ( 'NONE', #530 ) ;
#1979 = AXIS2_PLACEMENT_3D ( 'NONE', #2477, #1411, #2217 ) ;
#1980 = EDGE_CURVE ( 'NONE', #311, #2057, #2490, .T. ) ;
#1981 = FACE_OUTER_BOUND ( 'NONE', #569, .T. ) ;
#1982 = LINE ( 'NONE', #819, #334 ) ;
#1983 = AXIS2_PLACEMENT_3D ( 'NONE', #3326, #596, #331 ) ;
#1984 = DIRECTION ( 'NONE',  ( 0.000000000000000000, 1.000000000000000000, 0.000000000000000000 ) ) ;
#1985 = EDGE_LOOP ( 'NONE', ( #1608, #1134, #3148, #879, #1845, #1613, #3181, #589 ) ) ;
#1986 = EDGE_CURVE ( 'NONE', #1080, #3406, #1057, .T. ) ;
#1987 = VERTEX_POINT ( 'NONE', #1650 ) ;
#1988 = LINE ( 'NONE', #3130, #1001 ) ;
#1989 = CARTESIAN_POINT ( 'NONE',  ( -32.00000000000000000, 75.00000000000000000, 8.000000000000000000 ) ) ;
#1990 = ORIENTED_EDGE ( 'NONE', *, *, #1731, .T. ) ;
#1991 = DIRECTION ( 'NONE',  ( 0.8660254037844389297, 0.000000000000000000, -0.4999999999999995004 ) ) ;
#1992 = CARTESIAN_POINT ( 'NONE',  ( 34.85000000000000853, 72.00000000000000000, 9.645448267190429803 ) ) ;
#1993 = CARTESIAN_POINT ( 'NONE',  ( -32.00000000000000000, 77.00000000000000000, -8.000000000000000000 ) ) ;
#1994 = LINE ( 'NONE', #117, #2151 ) ;
#1995 = CARTESIAN_POINT ( 'NONE',  ( 29.31479168388714385, 74.50000000000000000, -6.259409209757110126 ) ) ;
#1996 = EDGE_CURVE ( 'NONE', #208, #1306, #948, .T. ) ;
#1997 = APPROVAL ( #648, 'UNSPECIFIED' ) ;
#1998 = ORIENTED_EDGE ( 'NONE', *, *, #2725, .T. ) ;
#1999 = EDGE_CURVE ( 'NONE', #1210, #978, #1176, .T. ) ;
#2000 = ORIENTED_EDGE ( 'NONE', *, *, #3430, .F. ) ;
#2001 = EDGE_CURVE ( 'NONE', #1020, #13, #1860, .T. ) ;
#2002 = CARTESIAN_POINT ( 'NONE',  ( 29.14999999999999858, 75.00000000000000000, 9.455163221085523872 ) ) ;
#2003 = DIRECTION ( 'NONE',  ( 0.000000000000000000, 0.000000000000000000, -1.000000000000000000 ) ) ;
#2004 = ORIENTED_EDGE ( 'NONE', *, *, #729, .F. ) ;
#2005 = DIRECTION ( 'NONE',  ( 0.000000000000000000, 1.000000000000000000, 0.000000000000000000 ) ) ;
#2006 = CARTESIAN_POINT ( 'NONE',  ( -32.00000000000000000, 74.50000000000000000, -8.000000000000000000 ) ) ;
#2007 = CARTESIAN_POINT ( 'NONE',  ( -3.802572320130712225, 45.20949532453277442, 1.070609666337946075 ) ) ;
#2008 = CARTESIAN_POINT ( 'NONE',  ( 34.85000000000000142, 75.00000000000000000, 6.354551732809566644 ) ) ;
#2009 = CARTESIAN_POINT ( 'NONE',  ( 4.837354856632044071E-16, 43.00000000000000000, 3.950000000000000178 ) ) ;
#2010 = DIRECTION ( 'NONE',  ( 0.000000000000000000, 0.000000000000000000, -1.000000000000000000 ) ) ;
#2011 = AXIS2_PLACEMENT_3D ( 'NONE', #3229, #199, #1347 ) ;
#2012 = ORIENTED_EDGE ( 'NONE', *, *, #2433, .T. ) ;
#2013 = AXIS2_PLACEMENT_3D ( 'NONE', #1935, #2171, #2707 ) ;
#2014 = ORIENTED_EDGE ( 'NONE', *, *, #1740, .F. ) ;
#2015 = EDGE_CURVE ( 'NONE', #1720, #2629, #2311, .T. ) ;
#2016 = DIRECTION ( 'NONE',  ( 0.000000000000000000, 0.000000000000000000, 1.000000000000000000 ) ) ;
#2017 = CYLINDRICAL_SURFACE ( 'NONE', #876, 1.100000000000000089 ) ;
#2018 = ORIENTED_EDGE ( 'NONE', *, *, #2240, .T. ) ;
#2019 = AXIS2_PLACEMENT_3D ( 'NONE', #2426, #805, #1891 ) ;
#2020 = VERTEX_POINT ( 'NONE', #3257 ) ;
#2021 = DIRECTION ( 'NONE',  ( 0.000000000000000000, 1.000000000000000000, 0.000000000000000000 ) ) ;
#2022 = VECTOR ( 'NONE', #378, 1000.000000000000000 ) ;
#2023 = CARTESIAN_POINT ( 'NONE',  ( 1.730491623367011123, 46.56963605936962836, 0.2944245871872657738 ) ) ;
#2024 = EDGE_LOOP ( 'NONE', ( #1998, #1714, #2776, #1933, #1233, #2150, #1060, #1539 ) ) ;
#2025 = CARTESIAN_POINT ( 'NONE',  ( 0.000000000000000000, 72.00000000000000000, 0.000000000000000000 ) ) ;
#2026 = VECTOR ( 'NONE', #245, 1000.000000000000114 ) ;
#2027 = DIRECTION ( 'NONE',  ( 0.8660254037844388186, 0.000000000000000000, -0.4999999999999996669 ) ) ;
#2028 = DIRECTION ( 'NONE',  ( 0.000000000000000000, -1.000000000000000000, 0.000000000000000000 ) ) ;
#2029 = CARTESIAN_POINT ( 'NONE',  ( 3.000000000000000000, 43.00000000000000000, 2.569533031505919496 ) ) ;
#2030 = VECTOR ( 'NONE', #1712, 1000.000000000000000 ) ;
#2031 = AXIS2_PLACEMENT_3D ( 'NONE', #1073, #792, #299 ) ;
#2032 = ORIENTED_EDGE ( 'NONE', *, *, #3489, .T. ) ;
#2033 = VECTOR ( 'NONE', #1957, 1000.000000000000000 ) ;
#2034 = ORIENTED_EDGE ( 'NONE', *, *, #677, .T. ) ;
#2035 = DIRECTION ( 'NONE',  ( -0.000000000000000000, 0.000000000000000000, -1.000000000000000000 ) ) ;
#2036 = FACE_OUTER_BOUND ( 'NONE', #1543, .T. ) ;
#2037 = EDGE_CURVE ( 'NONE', #108, #2931, #335, .T. ) ;
#2038 = ORIENTED_EDGE ( 'NONE', *, *, #1888, .F. ) ;
#2039 = ORIENTED_EDGE ( 'NONE', *, *, #1999, .T. ) ;
#2040 = EDGE_CURVE ( 'NONE', #1850, #3088, #1224, .T. ) ;
#2041 = CARTESIAN_POINT ( 'NONE',  ( -34.85000000000000142, 74.50000000000000000, 9.645448267190433356 ) ) ;
#2042 = DIRECTION ( 'NONE',  ( 0.000000000000000000, 0.000000000000000000, 1.000000000000000000 ) ) ;
#2043 = EDGE_CURVE ( 'NONE', #3141, #1960, #2252, .T. ) ;
#2044 = CARTESIAN_POINT ( 'NONE',  ( -3.913146061039499912, 44.53924868393905001, 0.5545912218504075453 ) ) ;
#2045 = DIRECTION ( 'NONE',  ( 0.000000000000000000, 1.000000000000000000, 0.000000000000000000 ) ) ;
#2046 = DIRECTION ( 'NONE',  ( -0.000000000000000000, -1.000000000000000000, -0.000000000000000000 ) ) ;
#2047 = ADVANCED_FACE ( 'NONE', ( #403 ), #2238, .F. ) ;
#2048 = CARTESIAN_POINT ( 'NONE',  ( 32.00000000000000000, 74.50000000000000000, -8.000000000000000000 ) ) ;
#2049 = DIRECTION ( 'NONE',  ( -0.000000000000000000, 1.000000000000000000, -0.000000000000000000 ) ) ;
#2050 = ADVANCED_FACE ( 'NONE', ( #682 ), #3350, .F. ) ;
#2051 = ORIENTED_EDGE ( 'NONE', *, *, #2553, .F. ) ;
#2052 = VERTEX_POINT ( 'NONE', #666 ) ;
#2053 = ORIENTED_EDGE ( 'NONE', *, *, #1652, .T. ) ;
#2054 = CARTESIAN_POINT ( 'NONE',  ( 1.730454952383830847, 44.43041506068393431, -0.2947962644112190334 ) ) ;
#2055 = LINE ( 'NONE', #3131, #3214 ) ;
#2056 = VERTEX_POINT ( 'NONE', #3091 ) ;
#2057 = VERTEX_POINT ( 'NONE', #639 ) ;
#2058 = EDGE_CURVE ( 'NONE', #2483, #2156, #1988, .T. ) ;
#2059 = DIRECTION ( 'NONE',  ( 0.000000000000000000, -1.000000000000000000, 0.000000000000000000 ) ) ;
#2060 = DIRECTION ( 'NONE',  ( 0.000000000000000000, -0.000000000000000000, 1.000000000000000000 ) ) ;
#2061 = B_SPLINE_CURVE_WITH_KNOTS ( 'NONE', 3,
 ( #2352, #1836, #3477, #1521, #1302, #3419, #2587, #3197, #458, #963, #175, #1245, #2054, #3142, #511, #2335, #3436, #1804, #2072, #206 ),
 .UNSPECIFIED., .F., .F.,
 ( 4, 2, 2, 2, 2, 2, 2, 2, 2, 4 ),
 ( 2.168404344971008868E-19, 0.0004422112260696186171, 0.0008844224521392370173, 0.001326633678208855418, 0.001547739291243664618, 0.001768844904278473818, 0.002211056130348092001, 0.002653267356417710401, 0.003095478582487328802, 0.003537689808556947202 ),
 .UNSPECIFIED. ) ;
#2062 = VERTEX_POINT ( 'NONE', #928 ) ;
#2063 = CARTESIAN_POINT ( 'NONE',  ( -32.00000000000000000, 75.00000000000000000, -8.000000000000000000 ) ) ;
#2064 = EDGE_CURVE ( 'NONE', #1204, #2924, #271, .T. ) ;
#2065 = CARTESIAN_POINT ( 'NONE',  ( -34.85000000000000142, 72.00000000000000000, -9.645448267190433356 ) ) ;
#2066 = CARTESIAN_POINT ( 'NONE',  ( 34.85000000000000142, 75.00000000000000000, 6.544836778914469022 ) ) ;
#2067 = ORIENTED_EDGE ( 'NONE', *, *, #888, .F. ) ;
#2068 = ORIENTED_EDGE ( 'NONE', *, *, #1096, .T. ) ;
#2069 = CIRCLE ( 'NONE', #1206, 3.950000000000000178 ) ;
#2070 = VERTEX_POINT ( 'NONE', #2556 ) ;
#2071 = VECTOR ( 'NONE', #1195, 1000.000000000000114 ) ;
#2072 = CARTESIAN_POINT ( 'NONE',  ( 1.361065758881620402, 45.35051835478783744, -1.099999999999998757 ) ) ;
#2073 = DIRECTION ( 'NONE',  ( 0.000000000000000000, 1.000000000000000000, 0.000000000000000000 ) ) ;
#2074 = APPROVAL_PERSON_ORGANIZATION ( #351, #1997, #2569 ) ;
#2075 = VERTEX_POINT ( 'NONE', #1484 ) ;
#2076 = ORIENTED_EDGE ( 'NONE', *, *, #865, .F. ) ;
#2077 = CARTESIAN_POINT ( 'NONE',  ( 32.00000000000000000, 72.00000000000000000, 11.29089653438086671 ) ) ;
#2078 = FACE_OUTER_BOUND ( 'NONE', #3346, .T. ) ;
#2079 = ADVANCED_FACE ( 'NONE', ( #388 ), #3061, .F. ) ;
#2080 = VERTEX_POINT ( 'NONE', #2519 ) ;
#2081 = PLANE ( 'NONE',  #2886 ) ;
#2082 = CIRCLE ( 'NONE', #777, 3.200000000000001510 ) ;
#2083 = DIRECTION ( 'NONE',  ( 0.000000000000000000, -1.000000000000000000, 0.000000000000000000 ) ) ;
#2084 = DIRECTION ( 'NONE',  ( 0.000000000000000000, -0.000000000000000000, 1.000000000000000000 ) ) ;
#2085 = ADVANCED_FACE ( 'NONE', ( #369 ), #2827, .T. ) ;
#2086 = VECTOR ( 'NONE', #11, 1000.000000000000000 ) ;
#2087 = ORIENTED_EDGE ( 'NONE', *, *, #1884, .T. ) ;
#2088 = EDGE_LOOP ( 'NONE', ( #937, #3059 ) ) ;
#2089 = AXIS2_PLACEMENT_3D ( 'NONE', #570, #2447, #2153 ) ;
#2090 = ORIENTED_EDGE ( 'NONE', *, *, #2809, .T. ) ;
#2091 = VECTOR ( 'NONE', #1270, 1000.000000000000000 ) ;
#2092 = LINE ( 'NONE', #473, #1623 ) ;
#2093 = DIRECTION ( 'NONE',  ( 0.000000000000000000, -0.000000000000000000, 1.000000000000000000 ) ) ;
#2094 = ADVANCED_FACE ( 'NONE', ( #3351 ), #3383, .F. ) ;
#2095 = VERTEX_POINT ( 'NONE', #3112 ) ;
#2096 = VERTEX_POINT ( 'NONE', #899 ) ;
#2097 = CARTESIAN_POINT ( 'NONE',  ( 31.83520831611286184, 74.50000000000000000, 11.19575401132841641 ) ) ;
#2098 = DIRECTION ( 'NONE',  ( 0.8660254037844389297, 0.000000000000000000, 0.4999999999999993894 ) ) ;
#2099 = ORIENTED_EDGE ( 'NONE', *, *, #503, .F. ) ;
#2100 = DIRECTION ( 'NONE',  ( 0.000000000000000000, 1.000000000000000000, 0.000000000000000000 ) ) ;
#2101 = CARTESIAN_POINT ( 'NONE',  ( 32.00000000000000000, 77.00000000000000000, 8.000000000000000000 ) ) ;
#2102 = FACE_BOUND ( 'NONE', #1526, .T. ) ;
#2103 = EDGE_LOOP ( 'NONE', ( #289, #2328, #2663, #3194 ) ) ;
#2104 = EDGE_CURVE ( 'NONE', #978, #2184, #877, .T. ) ;
#2105 = EDGE_LOOP ( 'NONE', ( #337, #1225, #2138, #1053, #3474, #1147, #1429, #1784 ) ) ;
#2106 = DIRECTION ( 'NONE',  ( 0.000000000000000000, 0.000000000000000000, 1.000000000000000000 ) ) ;
#2107 = EDGE_CURVE ( 'NONE', #1833, #352, #86, .T. ) ;
#2108 = CARTESIAN_POINT ( 'NONE',  ( -34.68520831611286326, 75.00000000000000000, -9.740590790242887209 ) ) ;
#2109 = LINE ( 'NONE', #1552, #1162 ) ;
#2110 = ORIENTED_EDGE ( 'NONE', *, *, #2303, .F. ) ;
#2111 = ADVANCED_FACE ( 'NONE', ( #136 ), #420, .T. ) ;
#2112 = ORIENTED_EDGE ( 'NONE', *, *, #2734, .F. ) ;
#2113 = FACE_OUTER_BOUND ( 'NONE', #2762, .T. ) ;
#2114 = DIRECTION ( 'NONE',  ( 0.000000000000000000, 1.000000000000000000, 0.000000000000000000 ) ) ;
#2115 = EDGE_LOOP ( 'NONE', ( #2842, #718, #946, #2099 ) ) ;
#2116 = LINE ( 'NONE', #2396, #389 ) ;
#2117 = LINE ( 'NONE', #780, #1414 ) ;
#2118 = PLANE ( 'NONE',  #2011 ) ;
#2119 = VERTEX_POINT ( 'NONE', #1734 ) ;
#2120 = LINE ( 'NONE', #1872, #1691 ) ;
#2121 = ORIENTED_EDGE ( 'NONE', *, *, #23, .F. ) ;
#2122 = EDGE_CURVE ( 'NONE', #454, #3075, #2995, .T. ) ;
#2123 = VERTEX_POINT ( 'NONE', #2270 ) ;
#2124 = CARTESIAN_POINT ( 'NONE',  ( -32.00000000000000000, 75.00000000000000000, -8.000000000000000000 ) ) ;
#2125 = DIRECTION ( 'NONE',  ( 0.000000000000000000, 0.000000000000000000, 1.000000000000000000 ) ) ;
#2126 = ADVANCED_FACE ( 'NONE', ( #1969 ), #2814, .T. ) ;
#2127 = ORIENTED_EDGE ( 'NONE', *, *, #1584, .F. ) ;
#2128 = VECTOR ( 'NONE', #3358, 1000.000000000000000 ) ;
#2129 = ORIENTED_EDGE ( 'NONE', *, *, #1819, .F. ) ;
#2130 = FACE_OUTER_BOUND ( 'NONE', #873, .T. ) ;
#2131 = VECTOR ( 'NONE', #588, 1000.000000000000000 ) ;
#2132 = FACE_OUTER_BOUND ( 'NONE', #50, .T. ) ;
#2133 = VERTEX_POINT ( 'NONE', #1786 ) ;
#2134 = CARTESIAN_POINT ( 'NONE',  ( 31.83520831611286184, 74.50000000000000000, -11.19575401132841641 ) ) ;
#2135 = LOCAL_TIME ( 21, 58, 34.00000000000000000, #3022 ) ;
#2136 = CARTESIAN_POINT ( 'NONE',  ( -29.14999999999999858, 72.00000000000000000, -9.645448267190433356 ) ) ;
#2137 = DIRECTION ( 'NONE',  ( 0.000000000000000000, 0.000000000000000000, 1.000000000000000000 ) ) ;
#2138 = ORIENTED_EDGE ( 'NONE', *, *, #110, .T. ) ;
#2139 = VECTOR ( 'NONE', #415, 1000.000000000000000 ) ;
#2140 = FACE_OUTER_BOUND ( 'NONE', #1780, .T. ) ;
#2141 = AXIS2_PLACEMENT_3D ( 'NONE', #961, #1243, #3158 ) ;
#2142 = ORIENTED_EDGE ( 'NONE', *, *, #806, .F. ) ;
#2143 = VECTOR ( 'NONE', #3162, 1000.000000000000000 ) ;
#2144 = CARTESIAN_POINT ( 'NONE',  ( -3.793744851726326139, 45.50000000000000000, -1.100000000000000089 ) ) ;
#2145 = VECTOR ( 'NONE', #36, 1000.000000000000000 ) ;
#2146 = CARTESIAN_POINT ( 'NONE',  ( -32.00000000000000000, 74.50000000000000000, 8.000000000000000000 ) ) ;
#2147 = CARTESIAN_POINT ( 'NONE',  ( -32.00000000000000000, 75.00000000000000000, 8.000000000000000000 ) ) ;
#2148 = VECTOR ( 'NONE', #2106, 1000.000000000000000 ) ;
#2149 = AXIS2_PLACEMENT_3D ( 'NONE', #3448, #2279, #679 ) ;
#2150 = ORIENTED_EDGE ( 'NONE', *, *, #256, .F. ) ;
#2151 = VECTOR ( 'NONE', #1188, 1000.000000000000000 ) ;
#2152 = EDGE_CURVE ( 'NONE', #1798, #427, #1229, .T. ) ;
#2153 = DIRECTION ( 'NONE',  ( 0.000000000000000000, 0.000000000000000000, -1.000000000000000000 ) ) ;
#2154 = CARTESIAN_POINT ( 'NONE',  ( 34.85000000000000142, 75.00000000000000000, -9.645448267190433356 ) ) ;
#2155 = EDGE_CURVE ( 'NONE', #2988, #71, #999, .T. ) ;
#2156 = VERTEX_POINT ( 'NONE', #1536 ) ;
#2157 = DIRECTION ( 'NONE',  ( -0.000000000000000000, -1.000000000000000000, -0.000000000000000000 ) ) ;
#2158 = FACE_BOUND ( 'NONE', #326, .T. ) ;
#2159 = EDGE_CURVE ( 'NONE', #1013, #2057, #2645, .T. ) ;
#2160 = CARTESIAN_POINT ( 'NONE',  ( 34.85000000000000142, 75.00000000000000000, 9.645448267190435132 ) ) ;
#2161 = LINE ( 'NONE', #1027, #3504 ) ;
#2162 = ORIENTED_EDGE ( 'NONE', *, *, #1589, .F. ) ;
#2163 = EDGE_CURVE ( 'NONE', #2464, #2629, #2873, .T. ) ;
#2164 = CARTESIAN_POINT ( 'NONE',  ( -32.00000000000000000, 75.00000000000000000, -8.000000000000000000 ) ) ;
#2165 = B_SPLINE_CURVE_WITH_KNOTS ( 'NONE', 3,
 ( #3445, #129, #987, #2919, #483, #1201, #939, #1492, #2720, #278, #1910, #69, #3001, #295, #1374, #52, #1128, #2144 ),
 .UNSPECIFIED., .F., .F.,
 ( 4, 2, 2, 2, 2, 2, 2, 2, 4 ),
 ( 0.000000000000000000, 0.0004320280829593405058, 0.0008640561659186809032, 0.001296084248878021138, 0.001728112331837361373, 0.002160140414796701824, 0.002592168497756041842, 0.003024196580715381860, 0.003456224663674721878 ),
 .UNSPECIFIED. ) ;
#2166 = VERTEX_POINT ( 'NONE', #1281 ) ;
#2167 = DIRECTION ( 'NONE',  ( 0.000000000000000000, 0.000000000000000000, 1.000000000000000000 ) ) ;
#2168 = COORDINATED_UNIVERSAL_TIME_OFFSET ( 6, 0, .BEHIND. ) ;
#2169 = ORIENTED_EDGE ( 'NONE', *, *, #3265, .F. ) ;
#2170 = DIRECTION ( 'NONE',  ( 0.000000000000000000, 1.000000000000000000, 0.000000000000000000 ) ) ;
#2171 = DIRECTION ( 'NONE',  ( 0.000000000000000000, -1.000000000000000000, 0.000000000000000000 ) ) ;
#2172 = ORIENTED_EDGE ( 'NONE', *, *, #576, .F. ) ;
#2173 = DIRECTION ( 'NONE',  ( -0.000000000000000000, -1.000000000000000000, -0.000000000000000000 ) ) ;
#2174 = LINE ( 'NONE', #1078, #3123 ) ;
#2175 = CARTESIAN_POINT ( 'NONE',  ( 0.000000000000000000, 43.49999999999995026, 0.000000000000000000 ) ) ;
#2176 = EDGE_CURVE ( 'NONE', #2596, #397, #3163, .T. ) ;
#2177 = VERTEX_POINT ( 'NONE', #225 ) ;
#2178 = FACE_OUTER_BOUND ( 'NONE', #497, .T. ) ;
#2179 = CARTESIAN_POINT ( 'NONE',  ( 29.14999999999999858, 75.00000000000000000, -9.645448267190433356 ) ) ;
#2180 = CARTESIAN_POINT ( 'NONE',  ( 32.00000000000000000, 75.00000000000000000, -11.29089653438086671 ) ) ;
#2181 = VERTEX_POINT ( 'NONE', #2928 ) ;
#2182 = CARTESIAN_POINT ( 'NONE',  ( 0.000000000000000000, 72.00000000000000000, 0.000000000000000000 ) ) ;
#2183 = EDGE_CURVE ( 'NONE', #1210, #978, #2092, .T. ) ;
#2184 = VERTEX_POINT ( 'NONE', #976 ) ;
#2185 = CARTESIAN_POINT ( 'NONE',  ( -29.15000000000000213, 75.00000000000000000, 9.645448267190435132 ) ) ;
#2186 = DIRECTION ( 'NONE',  ( 0.000000000000000000, 0.000000000000000000, 1.000000000000000000 ) ) ;
#2187 = DIRECTION ( 'NONE',  ( 0.000000000000000000, -1.000000000000000000, 0.000000000000000000 ) ) ;
#2188 = VECTOR ( 'NONE', #1565, 1000.000000000000000 ) ;
#2189 = VERTEX_POINT ( 'NONE', #188 ) ;
#2190 = LINE ( 'NONE', #1382, #2487 ) ;
#2191 = AXIS2_PLACEMENT_3D ( 'NONE', #3220, #1040, #2651 ) ;
#2192 = FACE_OUTER_BOUND ( 'NONE', #178, .T. ) ;
#2193 = CYLINDRICAL_SURFACE ( 'NONE', #1961, 6.000000000000000000 ) ;
#2194 = ORIENTED_EDGE ( 'NONE', *, *, #1568, .T. ) ;
#2195 = DIRECTION ( 'NONE',  ( 1.000000000000000000, 0.000000000000000000, -0.000000000000000000 ) ) ;
#2196 = CARTESIAN_POINT ( 'NONE',  ( 0.000000000000000000, 43.49999999999995026, -1.750000000000000000 ) ) ;
#2197 = DIRECTION ( 'NONE',  ( 0.000000000000000000, 0.000000000000000000, 1.000000000000000000 ) ) ;
#2198 = EDGE_CURVE ( 'NONE', #2634, #2751, #2061, .T. ) ;
#2199 = ORIENTED_EDGE ( 'NONE', *, *, #3002, .F. ) ;
#2200 = AXIS2_PLACEMENT_3D ( 'NONE', #1331, #3522, #538 ) ;
#2201 = DIRECTION ( 'NONE',  ( 0.000000000000000000, 1.000000000000000000, 0.000000000000000000 ) ) ;
#2202 = EDGE_LOOP ( 'NONE', ( #2039, #2226 ) ) ;
#2203 = AXIS2_PLACEMENT_3D ( 'NONE', #1944, #594, #816 ) ;
#2204 = EDGE_CURVE ( 'NONE', #138, #352, #492, .T. ) ;
#2205 = ADVANCED_FACE ( 'NONE', ( #714 ), #3452, .F. ) ;
#2206 = CARTESIAN_POINT ( 'NONE',  ( 32.00000000000000000, 77.00000000000000000, 9.700000000000001066 ) ) ;
#2207 = CIRCLE ( 'NONE', #2724, 3.200000000000001510 ) ;
#2208 = AXIS2_PLACEMENT_3D ( 'NONE', #3186, #2393, #2410 ) ;
#2209 = DIRECTION ( 'NONE',  ( 0.000000000000000000, 0.000000000000000000, 1.000000000000000000 ) ) ;
#2210 = ORIENTED_EDGE ( 'NONE', *, *, #787, .F. ) ;
#2211 = DIRECTION ( 'NONE',  ( 0.000000000000000000, 0.000000000000000000, 1.000000000000000000 ) ) ;
#2212 = AXIS2_PLACEMENT_3D ( 'NONE', #1846, #2673, #232 ) ;
#2213 = DIRECTION ( 'NONE',  ( 0.000000000000000000, 0.000000000000000000, 1.000000000000000000 ) ) ;
#2214 = DIRECTION ( 'NONE',  ( 0.000000000000000000, 0.000000000000000000, -1.000000000000000000 ) ) ;
#2215 = VECTOR ( 'NONE', #2823, 1000.000000000000000 ) ;
#2216 = ORIENTED_EDGE ( 'NONE', *, *, #3089, .T. ) ;
#2217 = DIRECTION ( 'NONE',  ( 0.000000000000000000, 0.000000000000000000, -1.000000000000000000 ) ) ;
#2218 = LINE ( 'NONE', #632, #3225 ) ;
#2219 = CARTESIAN_POINT ( 'NONE',  ( 0.000000000000000000, 77.00000000000000000, 0.000000000000000000 ) ) ;
#2220 = ORIENTED_EDGE ( 'NONE', *, *, #410, .T. ) ;
#2221 = EDGE_CURVE ( 'NONE', #1248, #57, #3492, .T. ) ;
#2222 = ORIENTED_EDGE ( 'NONE', *, *, #3470, .T. ) ;
#2223 = EDGE_CURVE ( 'NONE', #684, #1420, #1820, .T. ) ;
#2224 = LINE ( 'NONE', #3025, #3407 ) ;
#2225 = CARTESIAN_POINT ( 'NONE',  ( -34.85000000000000142, 75.00000000000000000, -6.544836778914469022 ) ) ;
#2226 = ORIENTED_EDGE ( 'NONE', *, *, #2183, .F. ) ;
#2227 = DIRECTION ( 'NONE',  ( -0.4999999999999997224, 0.000000000000000000, -0.8660254037844388186 ) ) ;
#2228 = CARTESIAN_POINT ( 'NONE',  ( 34.85000000000000142, 75.00000000000000000, -9.645448267190433356 ) ) ;
#2229 = FACE_OUTER_BOUND ( 'NONE', #210, .T. ) ;
#2230 = ORIENTED_EDGE ( 'NONE', *, *, #1517, .T. ) ;
#2231 = CARTESIAN_POINT ( 'NONE',  ( 32.00000000000000000, 77.00000000000000000, -8.000000000000000000 ) ) ;
#2232 = LINE ( 'NONE', #1477, #496 ) ;
#2233 = DIRECTION ( 'NONE',  ( -0.5000000000000001110, 0.000000000000000000, 0.8660254037844385966 ) ) ;
#2234 = LINE ( 'NONE', #1508, #2265 ) ;
#2235 = ORIENTED_EDGE ( 'NONE', *, *, #47, .F. ) ;
#2236 = DIRECTION ( 'NONE',  ( -0.000000000000000000, -1.000000000000000000, -0.000000000000000000 ) ) ;
#2237 = VERTEX_POINT ( 'NONE', #2108 ) ;
#2238 = CYLINDRICAL_SURFACE ( 'NONE', #387, 3.200000000000001510 ) ;
#2239 = CARTESIAN_POINT ( 'NONE',  ( -32.00000000000000000, 74.50000000000000000, -8.000000000000000000 ) ) ;
#2240 = EDGE_CURVE ( 'NONE', #3088, #1850, #606, .T. ) ;
#2241 = ORIENTED_EDGE ( 'NONE', *, *, #2768, .T. ) ;
#2242 = CARTESIAN_POINT ( 'NONE',  ( 29.14999999999999858, 75.00000000000000000, 6.544836778914476128 ) ) ;
#2243 = LINE ( 'NONE', #2732, #1291 ) ;
#2244 = VECTOR ( 'NONE', #519, 1000.000000000000000 ) ;
#2245 = CARTESIAN_POINT ( 'NONE',  ( -32.00000000000000000, 75.00000000000000000, -8.000000000000000000 ) ) ;
#2246 = CARTESIAN_POINT ( 'NONE',  ( 34.85000000000000142, 75.00000000000000000, 9.645448267190435132 ) ) ;
#2247 = FACE_OUTER_BOUND ( 'NONE', #960, .T. ) ;
#2248 = EDGE_CURVE ( 'NONE', #736, #966, #2082, .T. ) ;
#2249 = ORIENTED_EDGE ( 'NONE', *, *, #925, .F. ) ;
#2250 = EDGE_LOOP ( 'NONE', ( #1947, #2712 ) ) ;
#2251 = AXIS2_PLACEMENT_3D ( 'NONE', #2389, #2895, #3182 ) ;
#2252 = LINE ( 'NONE', #1194, #2541 ) ;
#2253 = DIRECTION ( 'NONE',  ( -0.8660254037844389297, 0.000000000000000000, -0.4999999999999993894 ) ) ;
#2254 = ORIENTED_EDGE ( 'NONE', *, *, #3446, .T. ) ;
#2255 = CARTESIAN_POINT ( 'NONE',  ( -34.85000000000000142, 74.50000000000000000, -6.354551732809565756 ) ) ;
#2256 = EDGE_CURVE ( 'NONE', #2746, #2957, #545, .T. ) ;
#2257 = AXIS2_PLACEMENT_3D ( 'NONE', #1499, #2283, #2016 ) ;
#2258 = CARTESIAN_POINT ( 'NONE',  ( 0.000000000000000000, 77.00000000000000000, -44.00000000000000000 ) ) ;
#2259 = CARTESIAN_POINT ( 'NONE',  ( -34.85000000000000142, 74.50000000000000000, 6.354551732809566644 ) ) ;
#2260 = EDGE_CURVE ( 'NONE', #71, #1553, #2714, .T. ) ;
#2261 = VECTOR ( 'NONE', #689, 1000.000000000000000 ) ;
#2262 = CARTESIAN_POINT ( 'NONE',  ( 0.000000000000000000, 43.00000000000000000, 0.000000000000000000 ) ) ;
#2263 = ADVANCED_FACE ( 'NONE', ( #1875 ), #1625, .T. ) ;
#2264 = CARTESIAN_POINT ( 'NONE',  ( -32.00000000000000000, 75.00000000000000000, 4.709103465619133289 ) ) ;
#2265 = VECTOR ( 'NONE', #972, 1000.000000000000000 ) ;
#2266 = PLANE ( 'NONE',  #1050 ) ;
#2267 = EDGE_CURVE ( 'NONE', #2652, #1467, #2605, .T. ) ;
#2268 = EDGE_LOOP ( 'NONE', ( #3450, #2681, #2222, #1221 ) ) ;
#2269 = ORIENTED_EDGE ( 'NONE', *, *, #256, .T. ) ;
#2270 = CARTESIAN_POINT ( 'NONE',  ( -29.31479168388714029, 75.00000000000000000, -6.259409209757112791 ) ) ;
#2271 = CARTESIAN_POINT ( 'NONE',  ( -34.68520831611286326, 74.50000000000000000, -6.259409209757112791 ) ) ;
#2272 = ORIENTED_EDGE ( 'NONE', *, *, #1682, .F. ) ;
#2273 = DIRECTION ( 'NONE',  ( -0.8660254037844388186, 0.000000000000000000, 0.4999999999999996114 ) ) ;
#2274 = CARTESIAN_POINT ( 'NONE',  ( 1.750174480205820782, 46.60027758244333285, 0.1466294862917772168 ) ) ;
#2275 = EDGE_CURVE ( 'NONE', #547, #213, #2722, .T. ) ;
#2276 = CARTESIAN_POINT ( 'NONE',  ( 32.00000000000000000, 75.00000000000000000, -11.29089653438086671 ) ) ;
#2277 = DIRECTION ( 'NONE',  ( 0.8660254037844388186, 0.000000000000000000, -0.4999999999999997224 ) ) ;
#2278 = CARTESIAN_POINT ( 'NONE',  ( 32.00000000000000000, 74.50000000000000000, -11.29089653438086671 ) ) ;
#2279 = DIRECTION ( 'NONE',  ( 0.000000000000000000, 1.000000000000000000, 0.000000000000000000 ) ) ;
#2280 = EDGE_CURVE ( 'NONE', #1269, #2407, #2422, .T. ) ;
#2281 = VERTEX_POINT ( 'NONE', #1995 ) ;
#2282 = ORIENTED_EDGE ( 'NONE', *, *, #2104, .F. ) ;
#2283 = DIRECTION ( 'NONE',  ( 0.000000000000000000, 1.000000000000000000, 0.000000000000000000 ) ) ;
#2284 = CARTESIAN_POINT ( 'NONE',  ( 3.000000000000002665, 45.50000000000000000, 0.000000000000000000 ) ) ;
#2285 = VERTEX_POINT ( 'NONE', #1355 ) ;
#2286 = ORIENTED_EDGE ( 'NONE', *, *, #1776, .T. ) ;
#2287 = PLANE ( 'NONE',  #1341 ) ;
#2288 = CARTESIAN_POINT ( 'NONE',  ( 0.000000000000000000, 70.00000000000000000, -3.950000000000000178 ) ) ;
#2289 = ORIENTED_EDGE ( 'NONE', *, *, #1333, .T. ) ;
#2290 = DIRECTION ( 'NONE',  ( 0.000000000000000000, 1.000000000000000000, 0.000000000000000000 ) ) ;
#2291 = CARTESIAN_POINT ( 'NONE',  ( 29.14999999999999858, 75.00000000000000000, -6.354551732809565756 ) ) ;
#2292 = DIRECTION ( 'NONE',  ( 0.000000000000000000, 0.000000000000000000, -1.000000000000000000 ) ) ;
#2293 = AXIS2_PLACEMENT_3D ( 'NONE', #2175, #2992, #1673 ) ;
#2294 = ORIENTED_EDGE ( 'NONE', *, *, #2637, .F. ) ;
#2295 = EDGE_CURVE ( 'NONE', #1553, #406, #890, .T. ) ;
#2296 = AXIS2_PLACEMENT_3D ( 'NONE', #1251, #2632, #499 ) ;
#2297 = ORIENTED_EDGE ( 'NONE', *, *, #1191, .T. ) ;
#2298 = EDGE_CURVE ( 'NONE', #2757, #1535, #2462, .T. ) ;
#2299 = DIRECTION ( 'NONE',  ( 0.000000000000000000, -1.000000000000000000, 0.000000000000000000 ) ) ;
#2300 = CARTESIAN_POINT ( 'NONE',  ( -34.85000000000000142, 75.00000000000000000, 6.354551732809566644 ) ) ;
#2301 = ORIENTED_EDGE ( 'NONE', *, *, #888, .T. ) ;
#2302 = CIRCLE ( 'NONE', #2774, 3.200000000000001510 ) ;
#2303 = EDGE_CURVE ( 'NONE', #1467, #1269, #994, .T. ) ;
#2304 = EDGE_LOOP ( 'NONE', ( #2799, #2316, #917, #3070, #1236, #2615, #1898, #2571 ) ) ;
#2305 = EDGE_CURVE ( 'NONE', #3502, #2378, #14, .T. ) ;
#2306 = DIRECTION ( 'NONE',  ( 0.000000000000000000, 0.000000000000000000, 1.000000000000000000 ) ) ;
#2307 = AXIS2_PLACEMENT_3D ( 'NONE', #1945, #595, #95 ) ;
#2308 = VECTOR ( 'NONE', #2801, 1000.000000000000000 ) ;
#2309 = CYLINDRICAL_SURFACE ( 'NONE', #197, 1.100000000000000089 ) ;
#2310 = CARTESIAN_POINT ( 'NONE',  ( -3.831933596032543576, 44.94452560720861101, 0.9602323797277430018 ) ) ;
#2311 = CIRCLE ( 'NONE', #771, 3.200000000000001510 ) ;
#2312 = DIRECTION ( 'NONE',  ( -0.000000000000000000, -1.000000000000000000, -0.000000000000000000 ) ) ;
#2313 = LINE ( 'NONE', #3415, #3108 ) ;
#2314 = VECTOR ( 'NONE', #1413, 1000.000000000000000 ) ;
#2315 = VECTOR ( 'NONE', #746, 1000.000000000000000 ) ;
#2316 = ORIENTED_EDGE ( 'NONE', *, *, #503, .T. ) ;
#2317 = VECTOR ( 'NONE', #1346, 1000.000000000000000 ) ;
#2318 = VERTEX_POINT ( 'NONE', #2740 ) ;
#2319 = ADVANCED_FACE ( 'NONE', ( #825, #239, #2964, #32, #2807, #3508 ), #2266, .F. ) ;
#2320 = ORIENTED_EDGE ( 'NONE', *, *, #2680, .T. ) ;
#2321 = CARTESIAN_POINT ( 'NONE',  ( 31.83520831611286184, 75.00000000000000000, 11.19575401132841463 ) ) ;
#2322 = CARTESIAN_POINT ( 'NONE',  ( 29.14999999999999858, 75.00000000000000000, 9.645448267190433356 ) ) ;
#2323 = EDGE_CURVE ( 'NONE', #2887, #3495, #1318, .T. ) ;
#2324 = ORIENTED_EDGE ( 'NONE', *, *, #2607, .T. ) ;
#2325 = ORIENTED_EDGE ( 'NONE', *, *, #952, .F. ) ;
#2326 = LINE ( 'NONE', #656, #2717 ) ;
#2327 = DIRECTION ( 'NONE',  ( 0.000000000000000000, 0.000000000000000000, -1.000000000000000000 ) ) ;
#2328 = ORIENTED_EDGE ( 'NONE', *, *, #1186, .F. ) ;
#2329 = FACE_OUTER_BOUND ( 'NONE', #637, .T. ) ;
#2330 = CARTESIAN_POINT ( 'NONE',  ( 0.000000000000000000, 77.00000000000000000, 0.000000000000000000 ) ) ;
#2331 = CARTESIAN_POINT ( 'NONE',  ( 34.68520831611286326, 75.00000000000000000, -9.740590790242885433 ) ) ;
#2332 = ORIENTED_EDGE ( 'NONE', *, *, #1940, .T. ) ;
#2333 = VERTEX_POINT ( 'NONE', #1913 ) ;
#2334 = CARTESIAN_POINT ( 'NONE',  ( -1.465971205565282931, 44.94112555789574515, -0.9581545523665193631 ) ) ;
#2335 = CARTESIAN_POINT ( 'NONE',  ( 1.517967581411532318, 44.82241875612813686, -0.8777322444836269666 ) ) ;
#2336 = DIRECTION ( 'NONE',  ( 0.000000000000000000, 1.000000000000000000, 0.000000000000000000 ) ) ;
#2337 = ORIENTED_EDGE ( 'NONE', *, *, #283, .F. ) ;
#2338 = ORIENTED_EDGE ( 'NONE', *, *, #1277, .T. ) ;
#2339 = ADVANCED_FACE ( 'NONE', ( #1070 ), #1051, .T. ) ;
#2340 = FACE_OUTER_BOUND ( 'NONE', #475, .T. ) ;
#2341 = DIRECTION ( 'NONE',  ( 0.000000000000000000, 1.000000000000000000, 0.000000000000000000 ) ) ;
#2342 = ORIENTED_EDGE ( 'NONE', *, *, #1448, .T. ) ;
#2343 = CARTESIAN_POINT ( 'NONE',  ( 32.00000000000000000, 72.00000000000000000, 11.29089653438086671 ) ) ;
#2344 = CARTESIAN_POINT ( 'NONE',  ( 31.83520831611286184, 75.00000000000000000, 11.19575401132841463 ) ) ;
#2345 = CARTESIAN_POINT ( 'NONE',  ( -32.00000000000000000, 77.00000000000000000, 8.000000000000000000 ) ) ;
#2346 = DIRECTION ( 'NONE',  ( 0.000000000000000000, 0.000000000000000000, 1.000000000000000000 ) ) ;
#2347 = ORIENTED_EDGE ( 'NONE', *, *, #650, .F. ) ;
#2348 = EDGE_CURVE ( 'NONE', #3292, #444, #2781, .T. ) ;
#2349 = VECTOR ( 'NONE', #212, 1000.000000000000000 ) ;
#2350 = EDGE_LOOP ( 'NONE', ( #2249, #3145, #3011, #3336 ) ) ;
#2351 = AXIS2_PLACEMENT_3D ( 'NONE', #2147, #1594, #2125 ) ;
#2352 = CARTESIAN_POINT ( 'NONE',  ( 1.361065758881619958, 45.50000000000000000, 1.100000000000000089 ) ) ;
#2353 = CARTESIAN_POINT ( 'NONE',  ( 32.00000000000000000, 75.00000000000000000, 8.000000000000000000 ) ) ;
#2354 = ORIENTED_EDGE ( 'NONE', *, *, #1980, .F. ) ;
#2355 = ORIENTED_EDGE ( 'NONE', *, *, #523, .F. ) ;
#2356 = DIRECTION ( 'NONE',  ( -0.000000000000000000, 1.000000000000000000, -0.000000000000000000 ) ) ;
#2357 = DIRECTION ( 'NONE',  ( -1.000000000000000000, 0.000000000000000000, 0.000000000000000000 ) ) ;
#2358 = ORIENTED_EDGE ( 'NONE', *, *, #3382, .T. ) ;
#2359 = ADVANCED_FACE ( 'NONE', ( #1647 ), #1337, .T. ) ;
#2360 = CARTESIAN_POINT ( 'NONE',  ( 34.68520831611286326, 74.50000000000000000, 6.259409209757114567 ) ) ;
#2361 = CARTESIAN_POINT ( 'NONE',  ( 32.00000000000000000, 75.00000000000000000, -6.299999999999999822 ) ) ;
#2362 = AXIS2_PLACEMENT_3D ( 'NONE', #2841, #1778, #2292 ) ;
#2363 = DIRECTION ( 'NONE',  ( 0.8660254037844389297, 0.000000000000000000, -0.4999999999999995004 ) ) ;
#2364 = ADVANCED_FACE ( 'NONE', ( #1509 ), #131, .T. ) ;
#2365 = FACE_OUTER_BOUND ( 'NONE', #1049, .T. ) ;
#2366 = CARTESIAN_POINT ( 'NONE',  ( -34.68520831611286326, 75.00000000000000000, -9.740590790242885433 ) ) ;
#2367 = CIRCLE ( 'NONE', #1971, 3.200000000000001510 ) ;
#2368 = AXIS2_PLACEMENT_3D ( 'NONE', #935, #2021, #673 ) ;
#2369 = ORIENTED_EDGE ( 'NONE', *, *, #2568, .T. ) ;
#2370 = VECTOR ( 'NONE', #2958, 1000.000000000000000 ) ;
#2371 = AXIS2_PLACEMENT_3D ( 'NONE', #828, #2967, #1089 ) ;
#2372 = EDGE_CURVE ( 'NONE', #1069, #2464, #3432, .T. ) ;
#2373 = EDGE_LOOP ( 'NONE', ( #2708, #2506 ) ) ;
#2374 = LINE ( 'NONE', #2975, #1178 ) ;
#2375 = DIRECTION ( 'NONE',  ( 0.8660254037844388186, 0.000000000000000000, -0.4999999999999997224 ) ) ;
#2376 = CIRCLE ( 'NONE', #3066, 44.00000000000000000 ) ;
#2377 = CYLINDRICAL_SURFACE ( 'NONE', #2822, 1.700000000000000178 ) ;
#2378 = VERTEX_POINT ( 'NONE', #3155 ) ;
#2379 = EDGE_LOOP ( 'NONE', ( #1486, #1802, #1590, #2703 ) ) ;
#2380 = CARTESIAN_POINT ( 'NONE',  ( 32.16479168388714527, 75.00000000000000000, 4.804245988671586254 ) ) ;
#2381 = DIRECTION ( 'NONE',  ( 0.000000000000000000, 0.000000000000000000, 1.000000000000000000 ) ) ;
#2382 = ORIENTED_EDGE ( 'NONE', *, *, #3274, .T. ) ;
#2383 = DIRECTION ( 'NONE',  ( 0.000000000000000000, 1.000000000000000000, 0.000000000000000000 ) ) ;
#2384 = CARTESIAN_POINT ( 'NONE',  ( -34.85000000000000142, 75.00000000000000000, -9.455163221085530978 ) ) ;
#2385 = DIRECTION ( 'NONE',  ( 0.000000000000000000, -1.000000000000000000, 0.000000000000000000 ) ) ;
#2386 = ORIENTED_EDGE ( 'NONE', *, *, #1317, .F. ) ;
#2387 = EDGE_CURVE ( 'NONE', #2133, #2318, #323, .T. ) ;
#2388 = ORIENTED_EDGE ( 'NONE', *, *, #904, .T. ) ;
#2389 = CARTESIAN_POINT ( 'NONE',  ( 32.00000000000000000, 75.00000000000000000, 8.000000000000000000 ) ) ;
#2390 = DIRECTION ( 'NONE',  ( 8.659560562354886020E-17, -0.7071067811865513475, 0.7071067811865436870 ) ) ;
#2391 = VERTEX_POINT ( 'NONE', #707 ) ;
#2392 = ORIENTED_EDGE ( 'NONE', *, *, #894, .F. ) ;
#2393 = DIRECTION ( 'NONE',  ( 0.000000000000000000, 1.000000000000000000, 0.000000000000000000 ) ) ;
#2394 = FACE_OUTER_BOUND ( 'NONE', #1595, .T. ) ;
#2395 = ORIENTED_EDGE ( 'NONE', *, *, #1999, .F. ) ;
#2396 = CARTESIAN_POINT ( 'NONE',  ( 29.31479168388714029, 75.00000000000000000, 6.259409209757112791 ) ) ;
#2397 = PLANE ( 'NONE',  #1628 ) ;
#2398 = CARTESIAN_POINT ( 'NONE',  ( -1.361065758881627730, 45.65001271087818679, 1.100000000000000089 ) ) ;
#2399 = DIRECTION ( 'NONE',  ( -0.8660254037844385966, 0.000000000000000000, -0.5000000000000001110 ) ) ;
#2400 = EDGE_LOOP ( 'NONE', ( #3324, #1072 ) ) ;
#2401 = ORIENTED_EDGE ( 'NONE', *, *, #2223, .F. ) ;
#2402 = EDGE_CURVE ( 'NONE', #1260, #1483, #3378, .T. ) ;
#2403 = CIRCLE ( 'NONE', #2293, 1.750000000000000000 ) ;
#2404 = ADVANCED_FACE ( 'NONE', ( #692 ), #1203, .F. ) ;
#2405 = DIRECTION ( 'NONE',  ( 0.000000000000000000, 1.000000000000000000, 0.000000000000000000 ) ) ;
#2406 = DIRECTION ( 'NONE',  ( 0.000000000000000000, -0.000000000000000000, 1.000000000000000000 ) ) ;
#2407 = VERTEX_POINT ( 'NONE', #2029 ) ;
#2408 = AXIS2_PLACEMENT_3D ( 'NONE', #1295, #1602, #469 ) ;
#2409 = ADVANCED_FACE ( 'NONE', ( #990 ), #3105, .T. ) ;
#2410 = DIRECTION ( 'NONE',  ( 0.000000000000000000, -0.000000000000000000, 1.000000000000000000 ) ) ;
#2411 = AXIS2_PLACEMENT_3D ( 'NONE', #3258, #3334, #3403 ) ;
#2412 = DIRECTION ( 'NONE',  ( 0.8660254037844387076, 0.000000000000000000, 0.4999999999999999445 ) ) ;
#2413 = EDGE_CURVE ( 'NONE', #3223, #264, #2313, .T. ) ;
#2414 = VERTEX_POINT ( 'NONE', #1189 ) ;
#2415 = EDGE_CURVE ( 'NONE', #264, #1789, #2580, .T. ) ;
#2416 = DIRECTION ( 'NONE',  ( 0.8660254037844387076, 0.000000000000000000, 0.4999999999999998890 ) ) ;
#2417 = AXIS2_PLACEMENT_3D ( 'NONE', #2485, #585, #1071 ) ;
#2418 = PERSON ( 'UNSPECIFIED', 'UNSPECIFIED', 'UNSPECIFIED', ('UNSPECIFIED'), ('UNSPECIFIED'), ('UNSPECIFIED') ) ;
#2419 = DIRECTION ( 'NONE',  ( 0.000000000000000000, 0.000000000000000000, -1.000000000000000000 ) ) ;
#2420 = CARTESIAN_POINT ( 'NONE',  ( -34.85000000000000142, 75.00000000000000000, 9.455163221085530978 ) ) ;
#2421 = ORIENTED_EDGE ( 'NONE', *, *, #2654, .F. ) ;
#2422 = CIRCLE ( 'NONE', #2482, 3.950000000000000178 ) ;
#2423 = AXIS2_PLACEMENT_3D ( 'NONE', #741, #676, #2905 ) ;
#2424 = ORIENTED_EDGE ( 'NONE', *, *, #2058, .T. ) ;
#2425 = VECTOR ( 'NONE', #3481, 1000.000000000000000 ) ;
#2426 = CARTESIAN_POINT ( 'NONE',  ( 0.000000000000000000, 47.99999999999999289, 0.000000000000000000 ) ) ;
#2427 = APPLICATION_PROTOCOL_DEFINITION ( 'international standard', 'config_control_design', 1994, #3286 ) ;
#2428 = VECTOR ( 'NONE', #1775, 1000.000000000000000 ) ;
#2429 = EDGE_LOOP ( 'NONE', ( #1658, #2533 ) ) ;
#2430 = VECTOR ( 'NONE', #3247, 1000.000000000000000 ) ;
#2431 = LINE ( 'NONE', #1951, #891 ) ;
#2432 = PLANE ( 'NONE',  #2411 ) ;
#2433 = EDGE_CURVE ( 'NONE', #1069, #2464, #41, .T. ) ;
#2434 = ORIENTED_EDGE ( 'NONE', *, *, #1416, .T. ) ;
#2435 = DIRECTION ( 'NONE',  ( 0.8660254037844388186, 0.000000000000000000, -0.4999999999999996669 ) ) ;
#2436 = DIRECTION ( 'NONE',  ( 0.000000000000000000, -1.000000000000000000, 0.000000000000000000 ) ) ;
#2437 = LINE ( 'NONE', #758, #698 ) ;
#2438 = ORIENTED_EDGE ( 'NONE', *, *, #892, .T. ) ;
#2439 = CARTESIAN_POINT ( 'NONE',  ( -29.14999999999999858, 75.00000000000000000, 6.354551732809566644 ) ) ;
#2440 = DIRECTION ( 'NONE',  ( 0.000000000000000000, 0.000000000000000000, 1.000000000000000000 ) ) ;
#2441 = DIRECTION ( 'NONE',  ( 0.000000000000000000, -0.000000000000000000, 1.000000000000000000 ) ) ;
#2442 = EDGE_CURVE ( 'NONE', #2746, #2957, #2302, .T. ) ;
#2443 = VERTEX_POINT ( 'NONE', #432 ) ;
#2444 = DIRECTION ( 'NONE',  ( 0.000000000000000000, -1.000000000000000000, 0.000000000000000000 ) ) ;
#2445 = ORIENTED_EDGE ( 'NONE', *, *, #1974, .T. ) ;
#2446 = CARTESIAN_POINT ( 'NONE',  ( -32.00000000000000000, 74.50000000000000000, 8.000000000000000000 ) ) ;
#2447 = DIRECTION ( 'NONE',  ( -1.000000000000000000, -0.000000000000000000, -0.000000000000000000 ) ) ;
#2448 = DIRECTION ( 'NONE',  ( 0.000000000000000000, 1.000000000000000000, 0.000000000000000000 ) ) ;
#2449 = ORIENTED_EDGE ( 'NONE', *, *, #2413, .T. ) ;
#2450 = LINE ( 'NONE', #20, #2026 ) ;
#2451 = EDGE_CURVE ( 'NONE', #3406, #1080, #2590, .T. ) ;
#2452 = FACE_BOUND ( 'NONE', #1534, .T. ) ;
#2453 = CARTESIAN_POINT ( 'NONE',  ( -29.15000000000000213, 74.50000000000000000, 6.544836778914476128 ) ) ;
#2454 = CARTESIAN_POINT ( 'NONE',  ( -34.85000000000000142, 75.00000000000000000, 9.455163221085530978 ) ) ;
#2455 = ORIENTED_EDGE ( 'NONE', *, *, #2791, .T. ) ;
#2456 = DIRECTION ( 'NONE',  ( 0.000000000000000000, 1.000000000000000000, 0.000000000000000000 ) ) ;
#2457 = LINE ( 'NONE', #760, #766 ) ;
#2458 = CARTESIAN_POINT ( 'NONE',  ( -32.00000000000000000, 74.50000000000000000, 8.000000000000000000 ) ) ;
#2459 = EDGE_CURVE ( 'NONE', #2133, #2318, #3139, .T. ) ;
#2460 = EDGE_LOOP ( 'NONE', ( #148, #1030, #2659, #984 ) ) ;
#2461 = EDGE_CURVE ( 'NONE', #1253, #2075, #3053, .T. ) ;
#2462 = LINE ( 'NONE', #1445, #1851 ) ;
#2463 = APPROVAL_STATUS ( 'not_yet_approved' ) ;
#2464 = VERTEX_POINT ( 'NONE', #453 ) ;
#2465 = DIRECTION ( 'NONE',  ( 0.000000000000000000, 0.000000000000000000, -1.000000000000000000 ) ) ;
#2466 = CARTESIAN_POINT ( 'NONE',  ( 29.14999999999999858, 75.00000000000000000, -6.544836778914476128 ) ) ;
#2467 = VECTOR ( 'NONE', #592, 1000.000000000000000 ) ;
#2468 = ORIENTED_EDGE ( 'NONE', *, *, #1471, .T. ) ;
#2469 = LINE ( 'NONE', #1403, #837 ) ;
#2470 = CIRCLE ( 'NONE', #1160, 3.200000000000001510 ) ;
#2471 = CARTESIAN_POINT ( 'NONE',  ( 3.000000000000000000, 47.99999999999999289, 5.000000000000000000 ) ) ;
#2472 = DIRECTION ( 'NONE',  ( -0.8660254037844387076, 0.000000000000000000, -0.4999999999999999445 ) ) ;
#2473 = DIRECTION ( 'NONE',  ( 0.000000000000000000, -1.000000000000000000, 0.000000000000000000 ) ) ;
#2474 = EDGE_CURVE ( 'NONE', #2156, #2746, #3127, .T. ) ;
#2475 = LOCAL_TIME ( 21, 58, 34.00000000000000000, #134 ) ;
#2476 = ORIENTED_EDGE ( 'NONE', *, *, #2501, .F. ) ;
#2477 = CARTESIAN_POINT ( 'NONE',  ( 32.00000000000000000, 75.00000000000000000, -8.000000000000000000 ) ) ;
#2478 = CARTESIAN_POINT ( 'NONE',  ( 32.00000000000000000, 75.00000000000000000, 11.29089653438086671 ) ) ;
#2479 = EDGE_CURVE ( 'NONE', #2988, #406, #883, .T. ) ;
#2480 = FACE_OUTER_BOUND ( 'NONE', #1931, .T. ) ;
#2481 = EDGE_CURVE ( 'NONE', #996, #2052, #1336, .T. ) ;
#2482 = AXIS2_PLACEMENT_3D ( 'NONE', #3254, #2405, #279 ) ;
#2483 = VERTEX_POINT ( 'NONE', #2824 ) ;
#2484 = VECTOR ( 'NONE', #3376, 1000.000000000000227 ) ;
#2485 = CARTESIAN_POINT ( 'NONE',  ( 44.00000000000000000, 45.50000000000000000, 0.000000000000000000 ) ) ;
#2486 = ORIENTED_EDGE ( 'NONE', *, *, #3440, .F. ) ;
#2487 = VECTOR ( 'NONE', #1899, 1000.000000000000000 ) ;
#2488 = CARTESIAN_POINT ( 'NONE',  ( -31.83520831611286184, 74.50000000000000000, 11.19575401132841641 ) ) ;
#2489 = CARTESIAN_POINT ( 'NONE',  ( -32.00000000000000000, 75.00000000000000000, 8.000000000000000000 ) ) ;
#2490 = CIRCLE ( 'NONE', #3231, 1.750000000000000000 ) ;
#2491 = LINE ( 'NONE', #300, #3507 ) ;
#2492 = ORIENTED_EDGE ( 'NONE', *, *, #1277, .F. ) ;
#2493 = CARTESIAN_POINT ( 'NONE',  ( 3.000000000000000000, 47.99999999999999289, 5.000000000000000000 ) ) ;
#2494 = VECTOR ( 'NONE', #399, 1000.000000000000000 ) ;
#2495 = DIRECTION ( 'NONE',  ( 0.000000000000000000, 0.000000000000000000, 1.000000000000000000 ) ) ;
#2496 = DIRECTION ( 'NONE',  ( 0.000000000000000000, 0.000000000000000000, -1.000000000000000000 ) ) ;
#2497 = ORIENTED_EDGE ( 'NONE', *, *, #568, .T. ) ;
#2498 = CARTESIAN_POINT ( 'NONE',  ( -34.85000000000000142, 72.00000000000000000, 6.354551732809566644 ) ) ;
#2499 = LINE ( 'NONE', #67, #506 ) ;
#2500 = VERTEX_POINT ( 'NONE', #1461 ) ;
#2501 = EDGE_CURVE ( 'NONE', #2586, #2177, #3395, .T. ) ;
#2502 =( NAMED_UNIT ( * ) SI_UNIT ( $, .STERADIAN. ) SOLID_ANGLE_UNIT ( ) );
#2503 = ORIENTED_EDGE ( 'NONE', *, *, #1474, .T. ) ;
#2504 = DIRECTION ( 'NONE',  ( 0.000000000000000000, 1.000000000000000000, 0.000000000000000000 ) ) ;
#2505 = CARTESIAN_POINT ( 'NONE',  ( 34.68520831611286326, 75.00000000000000000, 6.259409209757114567 ) ) ;
#2506 = ORIENTED_EDGE ( 'NONE', *, *, #1299, .F. ) ;
#2507 = CARTESIAN_POINT ( 'NONE',  ( 29.31479168388714029, 75.00000000000000000, 9.740590790242887209 ) ) ;
#2508 = CARTESIAN_POINT ( 'NONE',  ( 32.00000000000000000, 75.00000000000000000, -8.000000000000000000 ) ) ;
#2509 = DIRECTION ( 'NONE',  ( 0.000000000000000000, 1.000000000000000000, 0.000000000000000000 ) ) ;
#2510 = ORIENTED_EDGE ( 'NONE', *, *, #1142, .F. ) ;
#2511 = CARTESIAN_POINT ( 'NONE',  ( -3.892979850549308729, 44.62097836517529714, -0.6766902772966383317 ) ) ;
#2512 = DIRECTION ( 'NONE',  ( 0.000000000000000000, 0.000000000000000000, -1.000000000000000000 ) ) ;
#2513 = CARTESIAN_POINT ( 'NONE',  ( 29.14999999999999858, 75.00000000000000000, -6.354551732809565756 ) ) ;
#2514 = ORIENTED_EDGE ( 'NONE', *, *, #2459, .T. ) ;
#2515 = PERSON_AND_ORGANIZATION_ROLE ( 'design_supplier' ) ;
#2516 = ORIENTED_EDGE ( 'NONE', *, *, #1095, .F. ) ;
#2517 = CARTESIAN_POINT ( 'NONE',  ( -1.387131731489455344, 45.20435915878254463, -1.069110509377904084 ) ) ;
#2518 = PRODUCT_DEFINITION ( 'UNKNOWN', '', #705, #614 ) ;
#2519 = CARTESIAN_POINT ( 'NONE',  ( 34.85000000000000142, 75.00000000000000000, 9.455163221085530978 ) ) ;
#2520 = CYLINDRICAL_SURFACE ( 'NONE', #3392, 3.200000000000001510 ) ;
#2521 = EDGE_CURVE ( 'NONE', #1949, #2414, #31, .T. ) ;
#2522 = VERTEX_POINT ( 'NONE', #535 ) ;
#2523 = LINE ( 'NONE', #1722, #1173 ) ;
#2524 = CARTESIAN_POINT ( 'NONE',  ( 32.00000000000000000, 75.00000000000000000, -8.000000000000000000 ) ) ;
#2525 = VECTOR ( 'NONE', #1094, 1000.000000000000114 ) ;
#2526 = EDGE_CURVE ( 'NONE', #3249, #2096, #247, .T. ) ;
#2527 = DIRECTION ( 'NONE',  ( -0.000000000000000000, -0.000000000000000000, 1.000000000000000000 ) ) ;
#2528 = CARTESIAN_POINT ( 'NONE',  ( 34.68520831611286326, 75.00000000000000000, -6.259409209757114567 ) ) ;
#2529 = VECTOR ( 'NONE', #2782, 1000.000000000000000 ) ;
#2530 = DIRECTION ( 'NONE',  ( 0.8660254037844385966, 0.000000000000000000, 0.5000000000000001110 ) ) ;
#2531 = DIRECTION ( 'NONE',  ( -0.8660254037844385966, 0.000000000000000000, 0.5000000000000001110 ) ) ;
#2532 = CARTESIAN_POINT ( 'NONE',  ( 0.000000000000000000, 43.00000000000000000, 0.000000000000000000 ) ) ;
#2533 = ORIENTED_EDGE ( 'NONE', *, *, #1192, .F. ) ;
#2534 = VERTEX_POINT ( 'NONE', #3248 ) ;
#2535 = AXIS2_PLACEMENT_3D ( 'NONE', #2532, #3003, #3275 ) ;
#2536 = CARTESIAN_POINT ( 'NONE',  ( 0.000000000000000000, 43.00000000000000000, 0.000000000000000000 ) ) ;
#2537 = DIRECTION ( 'NONE',  ( 0.000000000000000000, -1.000000000000000000, 0.000000000000000000 ) ) ;
#2538 = VECTOR ( 'NONE', #3315, 1000.000000000000000 ) ;
#2539 = VECTOR ( 'NONE', #140, 1000.000000000000000 ) ;
#2540 = EDGE_LOOP ( 'NONE', ( #228, #3035, #159, #366, #1290, #2342 ) ) ;
#2541 = VECTOR ( 'NONE', #3078, 1000.000000000000000 ) ;
#2542 = EDGE_CURVE ( 'NONE', #1530, #2500, #2657, .T. ) ;
#2543 = CARTESIAN_POINT ( 'NONE',  ( 44.00000000000000000, 45.50000000000000000, 0.000000000000000000 ) ) ;
#2544 = CARTESIAN_POINT ( 'NONE',  ( 29.14999999999999858, 72.00000000000000000, 6.354551732809566644 ) ) ;
#2545 = AXIS2_PLACEMENT_3D ( 'NONE', #3342, #2290, #2563 ) ;
#2546 = PLANE ( 'NONE',  #2545 ) ;
#2547 = DIRECTION ( 'NONE',  ( 0.8660254037844387076, 0.000000000000000000, 0.4999999999999998890 ) ) ;
#2548 = APPLICATION_CONTEXT ( 'configuration controlled 3d designs of mechanical parts and assemblies' ) ;
#2549 = CARTESIAN_POINT ( 'NONE',  ( -32.00000000000000000, 75.00000000000000000, 4.709103465619133289 ) ) ;
#2550 = CIRCLE ( 'NONE', #449, 3.200000000000001510 ) ;
#2551 = CARTESIAN_POINT ( 'NONE',  ( -34.85000000000000142, 75.00000000000000000, 6.354551732809566644 ) ) ;
#2552 = VERTEX_POINT ( 'NONE', #1832 ) ;
#2553 = EDGE_CURVE ( 'NONE', #1350, #848, #219, .T. ) ;
#2554 = SHAPE_DEFINITION_REPRESENTATION ( #19, #1907 ) ;
#2555 = EDGE_LOOP ( 'NONE', ( #3185, #3107 ) ) ;
#2556 = CARTESIAN_POINT ( 'NONE',  ( -32.16479168388714527, 75.00000000000000000, -4.804245988671586254 ) ) ;
#2557 = LINE ( 'NONE', #2798, #2071 ) ;
#2558 = ORIENTED_EDGE ( 'NONE', *, *, #1068, .F. ) ;
#2559 = CARTESIAN_POINT ( 'NONE',  ( 34.85000000000000142, 75.00000000000000000, -6.544836778914469022 ) ) ;
#2560 = LINE ( 'NONE', #2544, #2128 ) ;
#2561 = ORIENTED_EDGE ( 'NONE', *, *, #1, .T. ) ;
#2562 = ADVANCED_FACE ( 'NONE', ( #1848 ), #1312, .F. ) ;
#2563 = DIRECTION ( 'NONE',  ( 0.000000000000000000, -0.000000000000000000, 1.000000000000000000 ) ) ;
#2564 = CARTESIAN_POINT ( 'NONE',  ( 32.00000000000000000, 77.00000000000000000, 8.000000000000000000 ) ) ;
#2565 = CARTESIAN_POINT ( 'NONE',  ( 32.00000000000000000, 75.00000000000000000, -4.709103465619133289 ) ) ;
#2566 = CARTESIAN_POINT ( 'NONE',  ( 32.00000000000000000, 74.50000000000000000, 8.000000000000000000 ) ) ;
#2567 = ORIENTED_EDGE ( 'NONE', *, *, #865, .T. ) ;
#2568 = EDGE_CURVE ( 'NONE', #761, #1020, #1547, .T. ) ;
#2569 = APPROVAL_ROLE ( '' ) ;
#2570 = EDGE_CURVE ( 'NONE', #604, #2237, #1617, .T. ) ;
#2571 = ORIENTED_EDGE ( 'NONE', *, *, #1222, .T. ) ;
#2572 = CARTESIAN_POINT ( 'NONE',  ( -32.00000000000000000, 77.00000000000000000, 9.700000000000001066 ) ) ;
#2573 = DIRECTION ( 'NONE',  ( 0.000000000000000000, 0.000000000000000000, -1.000000000000000000 ) ) ;
#2574 = ORIENTED_EDGE ( 'NONE', *, *, #2248, .T. ) ;
#2575 = ORIENTED_EDGE ( 'NONE', *, *, #910, .F. ) ;
#2576 = DIRECTION ( 'NONE',  ( 0.000000000000000000, 0.000000000000000000, -1.000000000000000000 ) ) ;
#2577 = CYLINDRICAL_SURFACE ( 'NONE', #1897, 3.200000000000001510 ) ;
#2578 = DIRECTION ( 'NONE',  ( 0.000000000000000000, 0.000000000000000000, 1.000000000000000000 ) ) ;
#2579 = CARTESIAN_POINT ( 'NONE',  ( 29.14999999999999858, 74.50000000000000000, 6.544836778914476128 ) ) ;
#2580 = LINE ( 'NONE', #646, #1567 ) ;
#2581 = AXIS2_PLACEMENT_3D ( 'NONE', #531, #2341, #1597 ) ;
#2582 = ORIENTED_EDGE ( 'NONE', *, *, #2820, .F. ) ;
#2583 = CIRCLE ( 'NONE', #3335, 6.000000000000000000 ) ;
#2584 = ADVANCED_FACE ( 'NONE', ( #1870 ), #2118, .T. ) ;
#2585 = COORDINATED_UNIVERSAL_TIME_OFFSET ( 6, 0, .BEHIND. ) ;
#2586 = VERTEX_POINT ( 'NONE', #2420 ) ;
#2587 = CARTESIAN_POINT ( 'NONE',  ( 1.662629374353737033, 44.54403150465685002, 0.5628502833799270411 ) ) ;
#2588 = CARTESIAN_POINT ( 'NONE',  ( -34.85000000000000142, 72.00000000000000000, -6.354551732809565756 ) ) ;
#2589 = EDGE_LOOP ( 'NONE', ( #1698, #2401 ) ) ;
#2590 = CIRCLE ( 'NONE', #3222, 44.00000000000000000 ) ;
#2591 = VERTEX_POINT ( 'NONE', #3518 ) ;
#2592 = DIRECTION ( 'NONE',  ( -0.8660254037844388186, 0.000000000000000000, -0.4999999999999996114 ) ) ;
#2593 = AXIS2_PLACEMENT_3D ( 'NONE', #2471, #304, #1655 ) ;
#2594 = VECTOR ( 'NONE', #1198, 1000.000000000000000 ) ;
#2595 = CARTESIAN_POINT ( 'NONE',  ( 1.361065758881619958, 45.64907895807709792, -1.100000000000001199 ) ) ;
#2596 = VERTEX_POINT ( 'NONE', #1064 ) ;
#2597 = PLANE ( 'NONE',  #895 ) ;
#2598 = VECTOR ( 'NONE', #2236, 1000.000000000000000 ) ;
#2599 = AXIS2_PLACEMENT_3D ( 'NONE', #2489, #2504, #318 ) ;
#2600 = CARTESIAN_POINT ( 'NONE',  ( -32.00000000000000000, 72.00000000000000000, -11.29089653438086671 ) ) ;
#2601 = FACE_OUTER_BOUND ( 'NONE', #231, .T. ) ;
#2602 = DIRECTION ( 'NONE',  ( 0.000000000000000000, 0.000000000000000000, -1.000000000000000000 ) ) ;
#2603 = CARTESIAN_POINT ( 'NONE',  ( -29.15000000000000213, 74.50000000000000000, -6.354551732809564868 ) ) ;
#2604 = CIRCLE ( 'NONE', #1004, 3.200000000000001510 ) ;
#2605 = CIRCLE ( 'NONE', #2535, 3.950000000000000178 ) ;
#2606 = EDGE_LOOP ( 'NONE', ( #3427, #3140, #2690, #1496 ) ) ;
#2607 = EDGE_CURVE ( 'NONE', #1866, #1028, #2161, .T. ) ;
#2608 = AXIS2_PLACEMENT_3D ( 'NONE', #2101, #233, #3228 ) ;
#2609 = ORIENTED_EDGE ( 'NONE', *, *, #1630, .F. ) ;
#2610 = ORIENTED_EDGE ( 'NONE', *, *, #1986, .T. ) ;
#2611 = EDGE_CURVE ( 'NONE', #2177, #15, #2972, .T. ) ;
#2612 = DIRECTION ( 'NONE',  ( 0.000000000000000000, -1.000000000000000000, 0.000000000000000000 ) ) ;
#2613 = DIRECTION ( 'NONE',  ( -0.8660254037844387076, 0.000000000000000000, 0.4999999999999998890 ) ) ;
#2614 = ORIENTED_EDGE ( 'NONE', *, *, #2939, .F. ) ;
#2615 = ORIENTED_EDGE ( 'NONE', *, *, #2221, .F. ) ;
#2616 = LINE ( 'NONE', #242, #1409 ) ;
#2617 = CARTESIAN_POINT ( 'NONE',  ( 1.466957476301570029, 46.06168288072887407, 0.9567060921530626816 ) ) ;
#2618 = ORIENTED_EDGE ( 'NONE', *, *, #437, .F. ) ;
#2619 = CARTESIAN_POINT ( 'NONE',  ( 32.00000000000000000, 74.50000000000000000, 8.000000000000000000 ) ) ;
#2620 = CARTESIAN_POINT ( 'NONE',  ( 32.00000000000000000, 75.00000000000000000, -4.709103465619133289 ) ) ;
#2621 = FACE_OUTER_BOUND ( 'NONE', #774, .T. ) ;
#2622 = CARTESIAN_POINT ( 'NONE',  ( 34.85000000000000142, 74.50000000000000000, -6.354551732809564868 ) ) ;
#2623 = ORIENTED_EDGE ( 'NONE', *, *, #2415, .F. ) ;
#2624 = ORIENTED_EDGE ( 'NONE', *, *, #568, .F. ) ;
#2625 = CARTESIAN_POINT ( 'NONE',  ( -32.00000000000000000, 75.00000000000000000, 4.709103465619133289 ) ) ;
#2626 = CARTESIAN_POINT ( 'NONE',  ( -32.00000000000000000, 74.50000000000000000, -8.000000000000000000 ) ) ;
#2627 = EDGE_CURVE ( 'NONE', #3397, #3090, #598, .T. ) ;
#2628 = ORIENTED_EDGE ( 'NONE', *, *, #1296, .T. ) ;
#2629 = VERTEX_POINT ( 'NONE', #2711 ) ;
#2630 = CC_DESIGN_PERSON_AND_ORGANIZATION_ASSIGNMENT ( #1966, #896, ( #1332 ) ) ;
#2631 = CYLINDRICAL_SURFACE ( 'NONE', #1747, 3.200000000000001510 ) ;
#2632 = DIRECTION ( 'NONE',  ( 0.000000000000000000, 1.000000000000000000, 0.000000000000000000 ) ) ;
#2633 = EDGE_CURVE ( 'NONE', #3511, #2596, #1883, .T. ) ;
#2634 = VERTEX_POINT ( 'NONE', #486 ) ;
#2635 = LINE ( 'NONE', #1544, #1637 ) ;
#2636 = LINE ( 'NONE', #2920, #3516 ) ;
#2637 = EDGE_CURVE ( 'NONE', #2237, #1877, #781, .T. ) ;
#2638 = DIRECTION ( 'NONE',  ( 0.000000000000000000, -1.000000000000000000, 0.000000000000000000 ) ) ;
#2639 = DIRECTION ( 'NONE',  ( 0.000000000000000000, -1.000000000000000000, 0.000000000000000000 ) ) ;
#2640 = ORIENTED_EDGE ( 'NONE', *, *, #413, .F. ) ;
#2641 = ORIENTED_EDGE ( 'NONE', *, *, #2159, .T. ) ;
#2642 = VECTOR ( 'NONE', #65, 1000.000000000000000 ) ;
#2643 = EDGE_LOOP ( 'NONE', ( #1320, #1232, #2438, #709 ) ) ;
#2644 = VECTOR ( 'NONE', #2187, 1000.000000000000000 ) ;
#2645 = LINE ( 'NONE', #695, #150 ) ;
#2646 = DIRECTION ( 'NONE',  ( 0.000000000000000000, 1.000000000000000000, 0.000000000000000000 ) ) ;
#2647 = VECTOR ( 'NONE', #2390, 1000.000000000000000 ) ;
#2648 = ORIENTED_EDGE ( 'NONE', *, *, #1150, .F. ) ;
#2649 = ORIENTED_EDGE ( 'NONE', *, *, #2280, .F. ) ;
#2650 = LINE ( 'NONE', #211, #1577 ) ;
#2651 = DIRECTION ( 'NONE',  ( -0.000000000000000000, 0.000000000000000000, 1.000000000000000000 ) ) ;
#2652 = VERTEX_POINT ( 'NONE', #1012 ) ;
#2653 = DIRECTION ( 'NONE',  ( 0.000000000000000000, 0.000000000000000000, 1.000000000000000000 ) ) ;
#2654 = EDGE_CURVE ( 'NONE', #2281, #3367, #2437, .T. ) ;
#2655 = CIRCLE ( 'NONE', #2141, 3.200000000000001510 ) ;
#2656 = LINE ( 'NONE', #1546, #2888 ) ;
#2657 = LINE ( 'NONE', #1275, #2244 ) ;
#2658 = CIRCLE ( 'NONE', #3519, 3.200000000000001510 ) ;
#2659 = ORIENTED_EDGE ( 'NONE', *, *, #3002, .T. ) ;
#2660 = ORIENTED_EDGE ( 'NONE', *, *, #2521, .F. ) ;
#2661 = VECTOR ( 'NONE', #1710, 1000.000000000000000 ) ;
#2662 = VECTOR ( 'NONE', #446, 1000.000000000000000 ) ;
#2663 = ORIENTED_EDGE ( 'NONE', *, *, #2015, .T. ) ;
#2664 = VECTOR ( 'NONE', #3284, 1000.000000000000000 ) ;
#2665 = DIRECTION ( 'NONE',  ( 0.000000000000000000, 0.000000000000000000, 1.000000000000000000 ) ) ;
#2666 = CIRCLE ( 'NONE', #1750, 3.200000000000001510 ) ;
#2667 = CARTESIAN_POINT ( 'NONE',  ( -32.00000000000000000, 75.00000000000000000, -11.29089653438086671 ) ) ;
#2668 = ORIENTED_EDGE ( 'NONE', *, *, #881, .F. ) ;
#2669 = ORIENTED_EDGE ( 'NONE', *, *, #773, .T. ) ;
#2670 = FACE_OUTER_BOUND ( 'NONE', #416, .T. ) ;
#2671 = LINE ( 'NONE', #194, #1730 ) ;
#2672 = ORIENTED_EDGE ( 'NONE', *, *, #3095, .F. ) ;
#2673 = DIRECTION ( 'NONE',  ( 0.000000000000000000, -1.000000000000000000, 0.000000000000000000 ) ) ;
#2674 = CARTESIAN_POINT ( 'NONE',  ( -1.662629374353736589, 46.45596849534313577, 0.5628502833799271521 ) ) ;
#2675 = CARTESIAN_POINT ( 'NONE',  ( 0.000000000000000000, 72.00000000000000000, 0.000000000000000000 ) ) ;
#2676 = ADVANCED_FACE ( 'NONE', ( #2102, #1815 ), #3191, .F. ) ;
#2677 = ORIENTED_EDGE ( 'NONE', *, *, #477, .T. ) ;
#2678 = CARTESIAN_POINT ( 'NONE',  ( -29.14999999999999858, 75.00000000000000000, -9.645448267190433356 ) ) ;
#2679 = EDGE_CURVE ( 'NONE', #2333, #3193, #3501, .T. ) ;
#2680 = EDGE_CURVE ( 'NONE', #2057, #311, #2403, .T. ) ;
#2681 = ORIENTED_EDGE ( 'NONE', *, *, #1538, .F. ) ;
#2682 = CARTESIAN_POINT ( 'NONE',  ( -1.663549969099136883, 44.54244136438018131, 0.5602576160964214402 ) ) ;
#2683 = EDGE_CURVE ( 'NONE', #2783, #201, #1941, .T. ) ;
#2684 = DIRECTION ( 'NONE',  ( 0.000000000000000000, 0.000000000000000000, 1.000000000000000000 ) ) ;
#2685 = CARTESIAN_POINT ( 'NONE',  ( 2.755455298081479204E-16, 43.00000000000000000, 2.249999999999946709 ) ) ;
#2686 = EDGE_CURVE ( 'NONE', #2095, #2586, #1366, .T. ) ;
#2687 = ORIENTED_EDGE ( 'NONE', *, *, #2944, .T. ) ;
#2688 = CARTESIAN_POINT ( 'NONE',  ( 32.00000000000000000, 75.00000000000000000, 11.29089653438086671 ) ) ;
#2689 = DIRECTION ( 'NONE',  ( 0.000000000000000000, 0.000000000000000000, -1.000000000000000000 ) ) ;
#2690 = ORIENTED_EDGE ( 'NONE', *, *, #2040, .F. ) ;
#2691 = CARTESIAN_POINT ( 'NONE',  ( -29.15000000000000213, 72.00000000000000000, 9.645448267190435132 ) ) ;
#2692 = LINE ( 'NONE', #2242, #2716 ) ;
#2693 = CYLINDRICAL_SURFACE ( 'NONE', #2784, 3.950000000000000178 ) ;
#2694 = DIRECTION ( 'NONE',  ( 0.000000000000000000, 0.000000000000000000, 1.000000000000000000 ) ) ;
#2695 = ORIENTED_EDGE ( 'NONE', *, *, #1527, .F. ) ;
#2696 = DIRECTION ( 'NONE',  ( 0.8660254037844387076, 0.000000000000000000, -0.4999999999999999445 ) ) ;
#2697 = EDGE_CURVE ( 'NONE', #2522, #1306, #1442, .T. ) ;
#2698 = ORIENTED_EDGE ( 'NONE', *, *, #3313, .F. ) ;
#2699 = ADVANCED_FACE ( 'NONE', ( #3341 ), #1138, .F. ) ;
#2700 = AXIS2_PLACEMENT_3D ( 'NONE', #3047, #3264, #3014 ) ;
#2701 = DIRECTION ( 'NONE',  ( 0.000000000000000000, 1.000000000000000000, 0.000000000000000000 ) ) ;
#2702 = MECHANICAL_CONTEXT ( 'NONE', #2548, 'mechanical' ) ;
#2703 = ORIENTED_EDGE ( 'NONE', *, *, #3153, .F. ) ;
#2704 = VECTOR ( 'NONE', #653, 1000.000000000000000 ) ;
#2705 = DIRECTION ( 'NONE',  ( -0.000000000000000000, -1.000000000000000000, -0.000000000000000000 ) ) ;
#2706 = CC_DESIGN_APPROVAL ( #1624, ( #705 ) ) ;
#2707 = DIRECTION ( 'NONE',  ( 0.000000000000000000, 0.000000000000000000, -1.000000000000000000 ) ) ;
#2708 = ORIENTED_EDGE ( 'NONE', *, *, #3048, .T. ) ;
#2709 = CARTESIAN_POINT ( 'NONE',  ( -29.15000000000000213, 75.00000000000000000, -6.354551732809564868 ) ) ;
#2710 = CARTESIAN_POINT ( 'NONE',  ( -34.85000000000000142, 75.00000000000000000, 9.645448267190433356 ) ) ;
#2711 = CARTESIAN_POINT ( 'NONE',  ( 34.85000000000000142, 75.00000000000000000, -9.455163221085530978 ) ) ;
#2712 = ORIENTED_EDGE ( 'NONE', *, *, #2064, .T. ) ;
#2713 = LINE ( 'NONE', #1098, #1226 ) ;
#2714 = CIRCLE ( 'NONE', #940, 3.200000000000001510 ) ;
#2715 = CARTESIAN_POINT ( 'NONE',  ( -32.00000000000000000, 77.00000000000000000, 6.299999999999999822 ) ) ;
#2716 = VECTOR ( 'NONE', #1405, 1000.000000000000000 ) ;
#2717 = VECTOR ( 'NONE', #1472, 1000.000000000000114 ) ;
#2718 = ORIENTED_EDGE ( 'NONE', *, *, #1936, .F. ) ;
#2719 = CARTESIAN_POINT ( 'NONE',  ( -1.517424172750161171, 44.82356825630642305, -0.8787387289766817045 ) ) ;
#2720 = CARTESIAN_POINT ( 'NONE',  ( -3.949982962728439961, 46.59993882070163806, 0.1447804137717117745 ) ) ;
#2721 = CIRCLE ( 'NONE', #2089, 1.100000000000000089 ) ;
#2722 = LINE ( 'NONE', #3238, #1109 ) ;
#2723 = CARTESIAN_POINT ( 'NONE',  ( -31.83520831611286184, 75.00000000000000000, 11.19575401132841463 ) ) ;
#2724 = AXIS2_PLACEMENT_3D ( 'NONE', #2619, #2100, #1531 ) ;
#2725 = EDGE_CURVE ( 'NONE', #532, #2285, #324, .T. ) ;
#2726 = ORIENTED_EDGE ( 'NONE', *, *, #1129, .F. ) ;
#2727 = CIRCLE ( 'NONE', #2840, 3.200000000000001510 ) ;
#2728 = DIRECTION ( 'NONE',  ( 0.000000000000000000, 1.000000000000000000, 0.000000000000000000 ) ) ;
#2729 = LINE ( 'NONE', #1380, #1963 ) ;
#2730 = ORIENTED_EDGE ( 'NONE', *, *, #480, .F. ) ;
#2731 = LINE ( 'NONE', #2989, #945 ) ;
#2732 = CARTESIAN_POINT ( 'NONE',  ( -34.85000000000000142, 75.00000000000000000, 9.645448267190433356 ) ) ;
#2733 = FACE_OUTER_BOUND ( 'NONE', #1362, .T. ) ;
#2734 = EDGE_CURVE ( 'NONE', #1833, #3314, #2925, .T. ) ;
#2735 = ORIENTED_EDGE ( 'NONE', *, *, #2176, .F. ) ;
#2736 = DIRECTION ( 'NONE',  ( 0.000000000000000000, 1.000000000000000000, 0.000000000000000000 ) ) ;
#2737 = LINE ( 'NONE', #2715, #2997 ) ;
#2738 = CARTESIAN_POINT ( 'NONE',  ( 34.85000000000000142, 74.50000000000000000, -6.544836778914469022 ) ) ;
#2739 = ORIENTED_EDGE ( 'NONE', *, *, #526, .F. ) ;
#2740 = CARTESIAN_POINT ( 'NONE',  ( -29.15000000000000213, 74.50000000000000000, -9.455163221085523872 ) ) ;
#2741 = DATE_AND_TIME ( #567, #2135 ) ;
#2742 = ORIENTED_EDGE ( 'NONE', *, *, #2267, .T. ) ;
#2743 = DIRECTION ( 'NONE',  ( 0.000000000000000000, 0.000000000000000000, 1.000000000000000000 ) ) ;
#2744 = CARTESIAN_POINT ( 'NONE',  ( -32.00000000000000000, 75.00000000000000000, -6.299999999999999822 ) ) ;
#2745 = ADVANCED_FACE ( 'NONE', ( #2733 ), #1657, .F. ) ;
#2746 = VERTEX_POINT ( 'NONE', #814 ) ;
#2747 = CARTESIAN_POINT ( 'NONE',  ( 34.85000000000000142, 72.00000000000000000, 6.354551732809566644 ) ) ;
#2748 = ADVANCED_FACE ( 'NONE', ( #2766 ), #556, .F. ) ;
#2749 = CARTESIAN_POINT ( 'NONE',  ( 32.00000000000000000, 77.00000000000000000, 8.000000000000000000 ) ) ;
#2750 = CARTESIAN_POINT ( 'NONE',  ( -34.85000000000000142, 75.00000000000000000, -6.354551732809565756 ) ) ;
#2751 = VERTEX_POINT ( 'NONE', #1709 ) ;
#2752 = LINE ( 'NONE', #801, #1573 ) ;
#2753 = ADVANCED_FACE ( 'NONE', ( #2229 ), #2193, .T. ) ;
#2754 = PLANE ( 'NONE',  #2948 ) ;
#2755 = VERTEX_POINT ( 'NONE', #884 ) ;
#2756 = DIRECTION ( 'NONE',  ( 1.000000000000000000, 0.000000000000000000, 0.000000000000000000 ) ) ;
#2757 = VERTEX_POINT ( 'NONE', #1902 ) ;
#2758 = FACE_OUTER_BOUND ( 'NONE', #3527, .T. ) ;
#2759 = DIRECTION ( 'NONE',  ( 0.000000000000000000, 1.000000000000000000, 0.000000000000000000 ) ) ;
#2760 = CARTESIAN_POINT ( 'NONE',  ( 0.000000000000000000, 43.00000000000000000, -2.249999999999946709 ) ) ;
#2761 = VECTOR ( 'NONE', #793, 1000.000000000000227 ) ;
#2762 = EDGE_LOOP ( 'NONE', ( #1377, #509, #423, #422 ) ) ;
#2763 = LINE ( 'NONE', #3012, #1918 ) ;
#2764 = VECTOR ( 'NONE', #17, 1000.000000000000000 ) ;
#2765 = FACE_OUTER_BOUND ( 'NONE', #491, .T. ) ;
#2766 = FACE_OUTER_BOUND ( 'NONE', #3024, .T. ) ;
#2767 = CIRCLE ( 'NONE', #3338, 1.700000000000000178 ) ;
#2768 = EDGE_CURVE ( 'NONE', #2652, #2407, #42, .T. ) ;
#2769 = ORIENTED_EDGE ( 'NONE', *, *, #1862, .F. ) ;
#2770 = DIRECTION ( 'NONE',  ( 0.000000000000000000, -1.000000000000000000, 0.000000000000000000 ) ) ;
#2771 = CARTESIAN_POINT ( 'NONE',  ( 29.14999999999999858, 75.00000000000000000, 9.645448267190433356 ) ) ;
#2772 = FACE_OUTER_BOUND ( 'NONE', #827, .T. ) ;
#2773 = CARTESIAN_POINT ( 'NONE',  ( 29.31479168388714029, 74.50000000000000000, 6.259409209757112791 ) ) ;
#2774 = AXIS2_PLACEMENT_3D ( 'NONE', #923, #661, #2867 ) ;
#2775 = ORIENTED_EDGE ( 'NONE', *, *, #2402, .T. ) ;
#2776 = ORIENTED_EDGE ( 'NONE', *, *, #2633, .T. ) ;
#2777 = CIRCLE ( 'NONE', #1462, 6.000000000000000000 ) ;
#2778 = AXIS2_PLACEMENT_3D ( 'NONE', #3008, #1878, #601 ) ;
#2779 = DIRECTION ( 'NONE',  ( 0.000000000000000000, 0.000000000000000000, 1.000000000000000000 ) ) ;
#2780 = AXIS2_PLACEMENT_3D ( 'NONE', #1392, #3072, #2790 ) ;
#2781 = CIRCLE ( 'NONE', #381, 3.200000000000001510 ) ;
#2782 = DIRECTION ( 'NONE',  ( 0.8660254037844388186, 0.000000000000000000, -0.4999999999999996669 ) ) ;
#2783 = VERTEX_POINT ( 'NONE', #3068 ) ;
#2784 = AXIS2_PLACEMENT_3D ( 'NONE', #742, #3467, #218 ) ;
#2785 = LINE ( 'NONE', #5, #2664 ) ;
#2786 = FACE_OUTER_BOUND ( 'NONE', #2555, .T. ) ;
#2787 = ORIENTED_EDGE ( 'NONE', *, *, #2348, .F. ) ;
#2788 = DIRECTION ( 'NONE',  ( 0.000000000000000000, -1.000000000000000000, 0.000000000000000000 ) ) ;
#2789 = FACE_OUTER_BOUND ( 'NONE', #2105, .T. ) ;
#2790 = DIRECTION ( 'NONE',  ( -0.000000000000000000, 0.000000000000000000, 1.000000000000000000 ) ) ;
#2791 = EDGE_CURVE ( 'NONE', #1013, #2166, #3388, .T. ) ;
#2792 = ADVANCED_FACE ( 'NONE', ( #869 ), #1117, .T. ) ;
#2793 = ORIENTED_EDGE ( 'NONE', *, *, #2323, .T. ) ;
#2794 = EDGE_CURVE ( 'NONE', #2924, #1204, #1554, .T. ) ;
#2795 = ORIENTED_EDGE ( 'NONE', *, *, #849, .F. ) ;
#2796 = ADVANCED_FACE ( 'NONE', ( #2786 ), #1977, .T. ) ;
#2797 = CARTESIAN_POINT ( 'NONE',  ( -32.00000000000000000, 74.50000000000000000, 8.000000000000000000 ) ) ;
#2798 = CARTESIAN_POINT ( 'NONE',  ( -29.14999999999999858, 72.00000000000000000, 6.354551732809566644 ) ) ;
#2799 = ORIENTED_EDGE ( 'NONE', *, *, #1192, .T. ) ;
#2800 = LINE ( 'NONE', #2255, #2143 ) ;
#2801 = DIRECTION ( 'NONE',  ( -0.000000000000000000, 1.000000000000000000, -0.000000000000000000 ) ) ;
#2802 = CARTESIAN_POINT ( 'NONE',  ( 3.000000000000000000, 43.00000000000000000, 5.000000000000000000 ) ) ;
#2803 = ORIENTED_EDGE ( 'NONE', *, *, #2912, .F. ) ;
#2804 = LINE ( 'NONE', #94, #216 ) ;
#2805 = CARTESIAN_POINT ( 'NONE',  ( -34.85000000000000142, 74.50000000000000000, 6.544836778914469022 ) ) ;
#2806 = DIRECTION ( 'NONE',  ( 0.000000000000000000, -1.000000000000000000, 0.000000000000000000 ) ) ;
#2807 = FACE_BOUND ( 'NONE', #630, .T. ) ;
#2808 = ORIENTED_EDGE ( 'NONE', *, *, #2104, .T. ) ;
#2809 = EDGE_CURVE ( 'NONE', #2751, #2634, #912, .T. ) ;
#2810 = LINE ( 'NONE', #811, #1515 ) ;
#2811 = APPROVAL_DATE_TIME ( #1465, #1997 ) ;
#2812 = ORIENTED_EDGE ( 'NONE', *, *, #3253, .F. ) ;
#2813 = EDGE_CURVE ( 'NONE', #201, #3292, #2849, .T. ) ;
#2814 = PLANE ( 'NONE',  #620 ) ;
#2815 = DIRECTION ( 'NONE',  ( 0.000000000000000000, 0.000000000000000000, -1.000000000000000000 ) ) ;
#2816 = ORIENTED_EDGE ( 'NONE', *, *, #1570, .F. ) ;
#2817 = CARTESIAN_POINT ( 'NONE',  ( -29.14999999999999858, 75.00000000000000000, 6.354551732809566644 ) ) ;
#2818 = AXIS2_PLACEMENT_3D ( 'NONE', #2245, #2473, #2496 ) ;
#2819 = CARTESIAN_POINT ( 'NONE',  ( 32.00000000000000000, 74.50000000000000000, -8.000000000000000000 ) ) ;
#2820 = EDGE_CURVE ( 'NONE', #684, #1420, #1265, .T. ) ;
#2821 = LINE ( 'NONE', #2276, #843 ) ;
#2822 = AXIS2_PLACEMENT_3D ( 'NONE', #1319, #3478, #442 ) ;
#2823 = DIRECTION ( 'NONE',  ( 0.000000000000000000, 0.000000000000000000, 1.000000000000000000 ) ) ;
#2824 = CARTESIAN_POINT ( 'NONE',  ( 34.85000000000000142, 75.00000000000000000, -9.645448267190433356 ) ) ;
#2825 = EDGE_LOOP ( 'NONE', ( #2338, #1042, #2449, #1943, #3435, #2943, #1223, #2369 ) ) ;
#2826 = ORIENTED_EDGE ( 'NONE', *, *, #1418, .F. ) ;
#2827 = PLANE ( 'NONE',  #838 ) ;
#2828 = DIRECTION ( 'NONE',  ( 0.000000000000000000, 0.000000000000000000, 1.000000000000000000 ) ) ;
#2829 = EDGE_CURVE ( 'NONE', #693, #1397, #2560, .T. ) ;
#2830 = VECTOR ( 'NONE', #1099, 1000.000000000000000 ) ;
#2831 = VECTOR ( 'NONE', #3135, 1000.000000000000000 ) ;
#2832 = ORIENTED_EDGE ( 'NONE', *, *, #1589, .T. ) ;
#2833 = VECTOR ( 'NONE', #1752, 1000.000000000000000 ) ;
#2834 = LINE ( 'NONE', #164, #2308 ) ;
#2835 = CARTESIAN_POINT ( 'NONE',  ( 29.31479168388714385, 75.00000000000000000, -6.259409209757110126 ) ) ;
#2836 = AXIS2_PLACEMENT_3D ( 'NONE', #46, #889, #871 ) ;
#2837 = DIRECTION ( 'NONE',  ( 0.000000000000000000, 0.000000000000000000, 1.000000000000000000 ) ) ;
#2838 = EDGE_CURVE ( 'NONE', #364, #2095, #1791, .T. ) ;
#2839 = CARTESIAN_POINT ( 'NONE',  ( 29.31479168388714385, 75.00000000000000000, 6.259409209757111903 ) ) ;
#2840 = AXIS2_PLACEMENT_3D ( 'NONE', #1427, #1365, #534 ) ;
#2841 = CARTESIAN_POINT ( 'NONE',  ( -32.00000000000000000, 75.00000000000000000, 8.000000000000000000 ) ) ;
#2842 = ORIENTED_EDGE ( 'NONE', *, *, #2037, .F. ) ;
#2843 = ORIENTED_EDGE ( 'NONE', *, *, #846, .T. ) ;
#2844 = DIRECTION ( 'NONE',  ( 0.000000000000000000, 0.000000000000000000, -1.000000000000000000 ) ) ;
#2845 = DIRECTION ( 'NONE',  ( -1.000000000000000000, -0.000000000000000000, -0.000000000000000000 ) ) ;
#2846 = EDGE_LOOP ( 'NONE', ( #807, #2445, #2000, #1190 ) ) ;
#2847 = EDGE_LOOP ( 'NONE', ( #2854, #1286 ) ) ;
#2848 = LINE ( 'NONE', #2041, #268 ) ;
#2849 = LINE ( 'NONE', #657, #755 ) ;
#2850 = LINE ( 'NONE', #2528, #2261 ) ;
#2851 = EDGE_CURVE ( 'NONE', #1242, #3454, #2069, .T. ) ;
#2852 = PLANE ( 'NONE',  #1640 ) ;
#2853 = DIRECTION ( 'NONE',  ( 0.000000000000000000, 0.000000000000000000, 1.000000000000000000 ) ) ;
#2854 = ORIENTED_EDGE ( 'NONE', *, *, #2461, .T. ) ;
#2855 = CARTESIAN_POINT ( 'NONE',  ( -34.85000000000000142, 75.00000000000000000, -9.455163221085530978 ) ) ;
#2856 = ORIENTED_EDGE ( 'NONE', *, *, #350, .T. ) ;
#2857 = DIRECTION ( 'NONE',  ( 0.000000000000000000, 1.000000000000000000, 0.000000000000000000 ) ) ;
#2858 = LINE ( 'NONE', #2588, #982 ) ;
#2859 = ORIENTED_EDGE ( 'NONE', *, *, #1556, .F. ) ;
#2860 = ORIENTED_EDGE ( 'NONE', *, *, #638, .T. ) ;
#2861 = LINE ( 'NONE', #902, #1511 ) ;
#2862 = CARTESIAN_POINT ( 'NONE',  ( 1.616552260919284167, 46.37646367516155976, 0.6793560449707385374 ) ) ;
#2863 = ORIENTED_EDGE ( 'NONE', *, *, #1339, .T. ) ;
#2864 = FACE_OUTER_BOUND ( 'NONE', #489, .T. ) ;
#2865 = AXIS2_PLACEMENT_3D ( 'NONE', #1695, #2509, #3285 ) ;
#2866 = LINE ( 'NONE', #941, #109 ) ;
#2867 = DIRECTION ( 'NONE',  ( 0.000000000000000000, 0.000000000000000000, 1.000000000000000000 ) ) ;
#2868 = ADVANCED_FACE ( 'NONE', ( #408 ), #3373, .T. ) ;
#2869 = VERTEX_POINT ( 'NONE', #702 ) ;
#2870 = AXIS2_PLACEMENT_3D ( 'NONE', #3243, #2448, #809 ) ;
#2871 = ORIENTED_EDGE ( 'NONE', *, *, #932, .F. ) ;
#2872 = LOCAL_TIME ( 21, 58, 34.00000000000000000, #3311 ) ;
#2873 = LINE ( 'NONE', #1262, #1455 ) ;
#2874 = DIRECTION ( 'NONE',  ( 0.4999999999999995004, 0.000000000000000000, -0.8660254037844390407 ) ) ;
#2875 = ORIENTED_EDGE ( 'NONE', *, *, #2372, .T. ) ;
#2876 = AXIS2_PLACEMENT_3D ( 'NONE', #146, #185, #1533 ) ;
#2877 = VERTEX_POINT ( 'NONE', #1992 ) ;
#2878 = CARTESIAN_POINT ( 'NONE',  ( -34.85000000000000142, 75.00000000000000000, 6.354551732809566644 ) ) ;
#2879 = VECTOR ( 'NONE', #1238, 1000.000000000000000 ) ;
#2880 = CARTESIAN_POINT ( 'NONE',  ( 0.000000000000000000, 72.00000000000000000, -1.750000000000000000 ) ) ;
#2881 = EDGE_LOOP ( 'NONE', ( #2962, #1261 ) ) ;
#2882 = CARTESIAN_POINT ( 'NONE',  ( 32.00000000000000000, 75.00000000000000000, 4.709103465619133289 ) ) ;
#2883 = VECTOR ( 'NONE', #2416, 1000.000000000000114 ) ;
#2884 = DIRECTION ( 'NONE',  ( 0.000000000000000000, 0.000000000000000000, -1.000000000000000000 ) ) ;
#2885 = DIRECTION ( 'NONE',  ( 0.000000000000000000, 0.000000000000000000, 1.000000000000000000 ) ) ;
#2886 = AXIS2_PLACEMENT_3D ( 'NONE', #3172, #724, #1829 ) ;
#2887 = VERTEX_POINT ( 'NONE', #1490 ) ;
#2888 = VECTOR ( 'NONE', #2638, 1000.000000000000000 ) ;
#2889 = ORIENTED_EDGE ( 'NONE', *, *, #98, .F. ) ;
#2890 = ADVANCED_FACE ( 'NONE', ( #3426 ), #919, .T. ) ;
#2891 = B_SPLINE_CURVE_WITH_KNOTS ( 'NONE', 3,
 ( #338, #1435, #2517, #2334, #2719, #30, #3272, #823, #1874, #510, #277, #2682, #253, #1127, #1909, #294, #1335, #3252 ),
 .UNSPECIFIED., .F., .F.,
 ( 4, 2, 2, 2, 2, 2, 2, 2, 4 ),
 ( 0.003537689808556928554, 0.003978709766150326753, 0.004419729723743725386, 0.004860749681337123151, 0.005301769638930520917, 0.005742789596523918683, 0.006183809554117316448, 0.006624829511710714214, 0.007065849469304111979 ),
 .UNSPECIFIED. ) ;
#2892 = CC_DESIGN_PERSON_AND_ORGANIZATION_ASSIGNMENT ( #1626, #258, ( #1412 ) ) ;
#2893 = VERTEX_POINT ( 'NONE', #2835 ) ;
#2894 = EDGE_CURVE ( 'NONE', #2166, #311, #3083, .T. ) ;
#2895 = DIRECTION ( 'NONE',  ( 0.000000000000000000, -1.000000000000000000, 0.000000000000000000 ) ) ;
#2896 = CARTESIAN_POINT ( 'NONE',  ( 0.000000000000000000, 75.00000000000000000, 0.000000000000000000 ) ) ;
#2897 = ORIENTED_EDGE ( 'NONE', *, *, #1452, .T. ) ;
#2898 = ADVANCED_FACE ( 'NONE', ( #447 ), #2577, .F. ) ;
#2899 = ORIENTED_EDGE ( 'NONE', *, *, #1495, .T. ) ;
#2900 = CARTESIAN_POINT ( 'NONE',  ( 29.14999999999999858, 72.00000000000000000, -9.645448267190433356 ) ) ;
#2901 = CARTESIAN_POINT ( 'NONE',  ( 32.16479168388714527, 74.50000000000000000, -11.19575401132841463 ) ) ;
#2902 = ORIENTED_EDGE ( 'NONE', *, *, #3241, .T. ) ;
#2903 = DIRECTION ( 'NONE',  ( 0.000000000000000000, -0.000000000000000000, 1.000000000000000000 ) ) ;
#2904 = CARTESIAN_POINT ( 'NONE',  ( 32.16479168388713816, 75.00000000000000000, -4.804245988671586254 ) ) ;
#2905 = DIRECTION ( 'NONE',  ( 0.000000000000000000, 0.000000000000000000, 1.000000000000000000 ) ) ;
#2906 = CARTESIAN_POINT ( 'NONE',  ( -1.387536657437735466, 45.79735885588550559, -1.068586194674189915 ) ) ;
#2907 = CARTESIAN_POINT ( 'NONE',  ( -32.00000000000000000, 75.00000000000000000, 8.000000000000000000 ) ) ;
#2908 = ORIENTED_EDGE ( 'NONE', *, *, #2679, .T. ) ;
#2909 = ORIENTED_EDGE ( 'NONE', *, *, #520, .F. ) ;
#2910 = CARTESIAN_POINT ( 'NONE',  ( 32.00000000000000000, 74.50000000000000000, -4.709103465619133289 ) ) ;
#2911 = PLANE ( 'NONE',  #1562 ) ;
#2912 = EDGE_CURVE ( 'NONE', #2056, #856, #3099, .T. ) ;
#2913 = EDGE_LOOP ( 'NONE', ( #734, #626, #694, #3115, #259, #2623, #2902, #3271 ) ) ;
#2914 = ORIENTED_EDGE ( 'NONE', *, *, #2001, .F. ) ;
#2915 = CARTESIAN_POINT ( 'NONE',  ( -32.00000000000000000, 72.00000000000000000, -4.709103465619133289 ) ) ;
#2916 = DIRECTION ( 'NONE',  ( 0.000000000000000000, 1.000000000000000000, 0.000000000000000000 ) ) ;
#2917 = EDGE_LOOP ( 'NONE', ( #1104, #965, #3385, #1566, #3329, #2735, #2358, #980 ) ) ;
#2918 = CARTESIAN_POINT ( 'NONE',  ( 29.31479168388714029, 74.50000000000000000, 9.740590790242888986 ) ) ;
#2919 = CARTESIAN_POINT ( 'NONE',  ( -3.831923360054738659, 46.05553290687922185, 0.9602826596877299670 ) ) ;
#2920 = CARTESIAN_POINT ( 'NONE',  ( -32.00000000000000000, 75.00000000000000000, 11.29089653438086671 ) ) ;
#2921 = CARTESIAN_POINT ( 'NONE',  ( 29.14999999999999858, 72.00000000000000000, 9.645448267190433356 ) ) ;
#2922 = CARTESIAN_POINT ( 'NONE',  ( 31.83520831611286184, 75.00000000000000000, -11.19575401132841463 ) ) ;
#2923 = ORIENTED_EDGE ( 'NONE', *, *, #2298, .F. ) ;
#2924 = VERTEX_POINT ( 'NONE', #2288 ) ;
#2925 = CIRCLE ( 'NONE', #2700, 1.700000000000000178 ) ;
#2926 = ORIENTED_EDGE ( 'NONE', *, *, #332, .T. ) ;
#2927 = VECTOR ( 'NONE', #1753, 1000.000000000000000 ) ;
#2928 = CARTESIAN_POINT ( 'NONE',  ( -32.00000000000000000, 75.00000000000000000, -4.709103465619133289 ) ) ;
#2929 = DIRECTION ( 'NONE',  ( 0.000000000000000000, 1.000000000000000000, 0.000000000000000000 ) ) ;
#2930 = APPROVAL_PERSON_ORGANIZATION ( #1648, #1624, #3276 ) ;
#2931 = VERTEX_POINT ( 'NONE', #3389 ) ;
#2932 = ORIENTED_EDGE ( 'NONE', *, *, #350, .F. ) ;
#2933 = ADVANCED_FACE ( 'NONE', ( #142 ), #2309, .F. ) ;
#2934 = CARTESIAN_POINT ( 'NONE',  ( 32.00000000000000000, 75.00000000000000000, -8.000000000000000000 ) ) ;
#2935 = PLANE ( 'NONE',  #141 ) ;
#2936 = AXIS2_PLACEMENT_3D ( 'NONE', #1175, #1713, #2684 ) ;
#2937 = ORIENTED_EDGE ( 'NONE', *, *, #1819, .T. ) ;
#2938 = DIRECTION ( 'NONE',  ( -0.000000000000000000, 1.000000000000000000, -0.000000000000000000 ) ) ;
#2939 = EDGE_CURVE ( 'NONE', #2414, #3434, #2968, .T. ) ;
#2940 = DIRECTION ( 'NONE',  ( 0.000000000000000000, -1.000000000000000000, 0.000000000000000000 ) ) ;
#2941 = DIRECTION ( 'NONE',  ( 0.000000000000000000, 1.000000000000000000, 0.000000000000000000 ) ) ;
#2942 = CIRCLE ( 'NONE', #1283, 3.200000000000001510 ) ;
#2943 = ORIENTED_EDGE ( 'NONE', *, *, #846, .F. ) ;
#2944 = EDGE_CURVE ( 'NONE', #3192, #1037, #738, .T. ) ;
#2945 = DIRECTION ( 'NONE',  ( 0.000000000000000000, 0.000000000000000000, -1.000000000000000000 ) ) ;
#2946 = ORIENTED_EDGE ( 'NONE', *, *, #552, .F. ) ;
#2947 = ADVANCED_FACE ( 'NONE', ( #515 ), #2935, .T. ) ;
#2948 = AXIS2_PLACEMENT_3D ( 'NONE', #1083, #3269, #1444 ) ;
#2949 = AXIS2_PLACEMENT_3D ( 'NONE', #1581, #769, #3512 ) ;
#2950 = ORIENTED_EDGE ( 'NONE', *, *, #608, .F. ) ;
#2951 = VECTOR ( 'NONE', #2028, 1000.000000000000000 ) ;
#2952 = DIRECTION ( 'NONE',  ( 0.000000000000000000, 1.000000000000000000, 0.000000000000000000 ) ) ;
#2953 = CARTESIAN_POINT ( 'NONE',  ( -32.00000000000000000, 77.00000000000000000, 8.000000000000000000 ) ) ;
#2954 = ORIENTED_EDGE ( 'NONE', *, *, #820, .T. ) ;
#2955 = LINE ( 'NONE', #1596, #1463 ) ;
#2956 = CARTESIAN_POINT ( 'NONE',  ( 0.000000000000000000, 72.00000000000000000, 0.000000000000000000 ) ) ;
#2957 = VERTEX_POINT ( 'NONE', #2901 ) ;
#2958 = DIRECTION ( 'NONE',  ( 1.054255858762918044E-15, 0.000000000000000000, -1.000000000000000000 ) ) ;
#2959 = DIRECTION ( 'NONE',  ( 0.000000000000000000, 0.000000000000000000, 1.000000000000000000 ) ) ;
#2960 = CARTESIAN_POINT ( 'NONE',  ( 29.14999999999999858, 75.00000000000000000, 6.354551732809566644 ) ) ;
#2961 = ADVANCED_FACE ( 'NONE', ( #1289 ), #1559, .T. ) ;
#2962 = ORIENTED_EDGE ( 'NONE', *, *, #2348, .T. ) ;
#2963 = ORIENTED_EDGE ( 'NONE', *, *, #910, .T. ) ;
#2964 = FACE_BOUND ( 'NONE', #1417, .T. ) ;
#2965 = FACE_OUTER_BOUND ( 'NONE', #2460, .T. ) ;
#2966 = ORIENTED_EDGE ( 'NONE', *, *, #110, .F. ) ;
#2967 = DIRECTION ( 'NONE',  ( 0.000000000000000000, 1.000000000000000000, 0.000000000000000000 ) ) ;
#2968 = LINE ( 'NONE', #1582, #2349 ) ;
#2969 = EDGE_LOOP ( 'NONE', ( #898, #1023, #730, #1498 ) ) ;
#2970 = LINE ( 'NONE', #775, #3230 ) ;
#2971 = CARTESIAN_POINT ( 'NONE',  ( -1.517967581411531208, 46.17758124387187024, -0.8777322444836271886 ) ) ;
#2972 = LINE ( 'NONE', #3175, #979 ) ;
#2973 = ADVANCED_FACE ( 'NONE', ( #1611 ), #722, .T. ) ;
#2974 = ORIENTED_EDGE ( 'NONE', *, *, #1422, .F. ) ;
#2975 = CARTESIAN_POINT ( 'NONE',  ( -31.83520831611286184, 75.00000000000000000, -11.19575401132841463 ) ) ;
#2976 = CARTESIAN_POINT ( 'NONE',  ( 32.00000000000000000, 75.00000000000000000, 8.000000000000000000 ) ) ;
#2977 = EDGE_CURVE ( 'NONE', #1397, #1816, #3170, .T. ) ;
#2978 = ORIENTED_EDGE ( 'NONE', *, *, #1273, .F. ) ;
#2979 = VECTOR ( 'NONE', #2639, 1000.000000000000000 ) ;
#2980 = DIRECTION ( 'NONE',  ( 0.000000000000000000, -1.000000000000000000, 0.000000000000000000 ) ) ;
#2981 = DATE_AND_TIME ( #55, #1685 ) ;
#2982 = VERTEX_POINT ( 'NONE', #1268 ) ;
#2983 = CIRCLE ( 'NONE', #541, 1.100000000000000089 ) ;
#2984 = CARTESIAN_POINT ( 'NONE',  ( -29.31479168388714029, 74.50000000000000000, -6.259409209757112791 ) ) ;
#2985 = ADVANCED_FACE ( 'NONE', ( #2078 ), #3187, .T. ) ;
#2986 = CARTESIAN_POINT ( 'NONE',  ( -32.00000000000000000, 75.00000000000000000, -8.000000000000000000 ) ) ;
#2987 = CYLINDRICAL_SURFACE ( 'NONE', #600, 3.200000000000001510 ) ;
#2988 = VERTEX_POINT ( 'NONE', #1542 ) ;
#2989 = CARTESIAN_POINT ( 'NONE',  ( 32.00000000000000000, 75.00000000000000000, 11.29089653438086671 ) ) ;
#2990 = PLANE ( 'NONE',  #2593 ) ;
#2991 = CARTESIAN_POINT ( 'NONE',  ( 29.31479168388714385, 75.00000000000000000, -6.259409209757110126 ) ) ;
#2992 = DIRECTION ( 'NONE',  ( -0.000000000000000000, -1.000000000000000000, -0.000000000000000000 ) ) ;
#2993 = ORIENTED_EDGE ( 'NONE', *, *, #795, .F. ) ;
#2994 = LINE ( 'NONE', #44, #1744 ) ;
#2995 = CIRCLE ( 'NONE', #163, 3.200000000000001510 ) ;
#2996 = FACE_BOUND ( 'NONE', #1300, .T. ) ;
#2997 = VECTOR ( 'NONE', #802, 1000.000000000000000 ) ;
#2998 = ORIENTED_EDGE ( 'NONE', *, *, #2451, .T. ) ;
#2999 = DIRECTION ( 'NONE',  ( 0.000000000000000000, 1.000000000000000000, 0.000000000000000000 ) ) ;
#3000 = ADVANCED_FACE ( 'NONE', ( #2132 ), #181, .T. ) ;
#3001 = CARTESIAN_POINT ( 'NONE',  ( -3.893023606447264751, 46.37924279867803534, -0.6764760000605234413 ) ) ;
#3002 = EDGE_CURVE ( 'NONE', #641, #2634, #2671, .T. ) ;
#3003 = DIRECTION ( 'NONE',  ( 0.000000000000000000, 1.000000000000000000, 0.000000000000000000 ) ) ;
#3004 = DIRECTION ( 'NONE',  ( 0.000000000000000000, 0.000000000000000000, 1.000000000000000000 ) ) ;
#3005 = VECTOR ( 'NONE', #971, 1000.000000000000114 ) ;
#3006 = ORIENTED_EDGE ( 'NONE', *, *, #116, .T. ) ;
#3007 = CIRCLE ( 'NONE', #2608, 1.700000000000000178 ) ;
#3008 = CARTESIAN_POINT ( 'NONE',  ( 32.00000000000000000, 74.50000000000000000, -8.000000000000000000 ) ) ;
#3009 = LINE ( 'NONE', #1690, #2529 ) ;
#3010 = EDGE_CURVE ( 'NONE', #2166, #1013, #1209, .T. ) ;
#3011 = ORIENTED_EDGE ( 'NONE', *, *, #88, .T. ) ;
#3012 = CARTESIAN_POINT ( 'NONE',  ( -29.15000000000000213, 72.00000000000000000, -6.354551732809564868 ) ) ;
#3013 = CARTESIAN_POINT ( 'NONE',  ( -34.85000000000000142, 75.00000000000000000, 6.544836778914469022 ) ) ;
#3014 = DIRECTION ( 'NONE',  ( 0.000000000000000000, 0.000000000000000000, 1.000000000000000000 ) ) ;
#3015 = ORIENTED_EDGE ( 'NONE', *, *, #1153, .F. ) ;
#3016 = DIRECTION ( 'NONE',  ( -0.8660254037844388186, 0.000000000000000000, 0.4999999999999996114 ) ) ;
#3017 = PLANE ( 'NONE',  #833 ) ;
#3018 = DIRECTION ( 'NONE',  ( 0.000000000000000000, 1.000000000000000000, 0.000000000000000000 ) ) ;
#3019 = CARTESIAN_POINT ( 'NONE',  ( -32.00000000000000000, 74.50000000000000000, -11.29089653438086671 ) ) ;
#3020 = ORIENTED_EDGE ( 'NONE', *, *, #552, .T. ) ;
#3021 = CARTESIAN_POINT ( 'NONE',  ( 0.000000000000000000, 70.00000000000000000, -6.000000000000000000 ) ) ;
#3022 = COORDINATED_UNIVERSAL_TIME_OFFSET ( 6, 0, .BEHIND. ) ;
#3023 = EDGE_CURVE ( 'NONE', #1306, #208, #2583, .T. ) ;
#3024 = EDGE_LOOP ( 'NONE', ( #697, #2640, #3188, #1964 ) ) ;
#3025 = CARTESIAN_POINT ( 'NONE',  ( 0.000000000000000000, 72.00000000000000000, -3.950000000000000178 ) ) ;
#3026 = CARTESIAN_POINT ( 'NONE',  ( -34.85000000000000142, 75.00000000000000000, -6.354551732809565756 ) ) ;
#3027 = EDGE_CURVE ( 'NONE', #736, #2133, #479, .T. ) ;
#3028 = ORIENTED_EDGE ( 'NONE', *, *, #3027, .T. ) ;
#3029 = CARTESIAN_POINT ( 'NONE',  ( 0.000000000000000000, 72.00000000000000000, 0.000000000000000000 ) ) ;
#3030 = CARTESIAN_POINT ( 'NONE',  ( 34.68520831611285615, 74.50000000000000000, -6.259409209757112791 ) ) ;
#3031 = DIRECTION ( 'NONE',  ( 0.000000000000000000, -1.000000000000000000, 0.000000000000000000 ) ) ;
#3032 = EDGE_LOOP ( 'NONE', ( #1066, #2859, #223, #34 ) ) ;
#3033 = LINE ( 'NONE', #1081, #1287 ) ;
#3034 = PLANE ( 'NONE',  #1983 ) ;
#3035 = ORIENTED_EDGE ( 'NONE', *, *, #3321, .T. ) ;
#3036 = PERSON_AND_ORGANIZATION_ROLE ( 'creator' ) ;
#3037 = ORIENTED_EDGE ( 'NONE', *, *, #1556, .T. ) ;
#3038 = CARTESIAN_POINT ( 'NONE',  ( -34.68520831611286326, 75.00000000000000000, -6.259409209757114567 ) ) ;
#3039 = DIRECTION ( 'NONE',  ( -0.000000000000000000, -1.000000000000000000, -0.000000000000000000 ) ) ;
#3040 = FACE_BOUND ( 'NONE', #3041, .T. ) ;
#3041 = EDGE_LOOP ( 'NONE', ( #753, #24 ) ) ;
#3042 = CARTESIAN_POINT ( 'NONE',  ( 32.16479168388713816, 74.50000000000000000, -4.804245988671586254 ) ) ;
#3043 = EDGE_CURVE ( 'NONE', #2281, #3367, #144, .T. ) ;
#3044 = AXIS2_PLACEMENT_3D ( 'NONE', #1133, #878, #1090 ) ;
#3045 = CARTESIAN_POINT ( 'NONE',  ( -1.361065758881619958, 45.50000000000000000, 1.100000000000000089 ) ) ;
#3046 = B_SPLINE_CURVE_WITH_KNOTS ( 'NONE', 3,
 ( #504, #2398, #1847, #1257, #1294, #1045, #2674, #3207, #3174, #725, #1327, #1587, #1882, #1601, #1010, #2971, #1814, #2906, #468, #184 ),
 .UNSPECIFIED., .F., .F.,
 ( 4, 2, 2, 2, 2, 2, 2, 2, 2, 4 ),
 ( 2.168404344971008627E-19, 0.0004422112260696162860, 0.0008844224521392323552, 0.001326633678208848479, 0.001547739291243656378, 0.001768844904278464494, 0.002211056130348080292, 0.002653267356417696524, 0.003095478582487312322, 0.003537689808556928554 ),
 .UNSPECIFIED. ) ;
#3047 = CARTESIAN_POINT ( 'NONE',  ( -32.00000000000000000, 77.00000000000000000, 8.000000000000000000 ) ) ;
#3048 = EDGE_CURVE ( 'NONE', #133, #2887, #371, .T. ) ;
#3049 = ORIENTED_EDGE ( 'NONE', *, *, #932, .T. ) ;
#3050 = DIRECTION ( 'NONE',  ( 0.000000000000000000, 0.000000000000000000, 1.000000000000000000 ) ) ;
#3051 = FACE_OUTER_BOUND ( 'NONE', #2846, .T. ) ;
#3052 = PLANE ( 'NONE',  #2780 ) ;
#3053 = CIRCLE ( 'NONE', #1507, 3.200000000000001510 ) ;
#3054 = ADVANCED_FACE ( 'NONE', ( #2394, #1843 ), #1865, .F. ) ;
#3055 = ORIENTED_EDGE ( 'NONE', *, *, #1527, .T. ) ;
#3056 = ADVANCED_FACE ( 'NONE', ( #243 ), #1322, .T. ) ;
#3057 = AXIS2_PLACEMENT_3D ( 'NONE', #328, #3362, #430 ) ;
#3058 = AXIS2_PLACEMENT_3D ( 'NONE', #2543, #1771, #628 ) ;
#3059 = ORIENTED_EDGE ( 'NONE', *, *, #1584, .T. ) ;
#3060 = VECTOR ( 'NONE', #3301, 1000.000000000000000 ) ;
#3061 = CYLINDRICAL_SURFACE ( 'NONE', #1919, 3.200000000000001510 ) ;
#3062 = VECTOR ( 'NONE', #986, 1000.000000000000000 ) ;
#3063 = CARTESIAN_POINT ( 'NONE',  ( 32.00000000000000000, 75.00000000000000000, 8.000000000000000000 ) ) ;
#3064 = ORIENTED_EDGE ( 'NONE', *, *, #2977, .T. ) ;
#3065 = CARTESIAN_POINT ( 'NONE',  ( -32.00000000000000000, 74.50000000000000000, -8.000000000000000000 ) ) ;
#3066 = AXIS2_PLACEMENT_3D ( 'NONE', #2219, #1102, #2197 ) ;
#3067 = DIRECTION ( 'NONE',  ( 0.000000000000000000, -1.000000000000000000, 0.000000000000000000 ) ) ;
#3068 = CARTESIAN_POINT ( 'NONE',  ( -34.85000000000000142, 75.00000000000000000, -6.354551732809565756 ) ) ;
#3069 = ADVANCED_FACE ( 'NONE', ( #571 ), #61, .T. ) ;
#3070 = ORIENTED_EDGE ( 'NONE', *, *, #1868, .T. ) ;
#3071 = FACE_BOUND ( 'NONE', #2250, .T. ) ;
#3072 = DIRECTION ( 'NONE',  ( -1.000000000000000000, 0.000000000000000000, -0.000000000000000000 ) ) ;
#3073 = CARTESIAN_POINT ( 'NONE',  ( 34.85000000000000142, 74.50000000000000000, -9.645448267190433356 ) ) ;
#3074 = EDGE_CURVE ( 'NONE', #3506, #179, #1896, .T. ) ;
#3075 = VERTEX_POINT ( 'NONE', #2225 ) ;
#3076 = CARTESIAN_POINT ( 'NONE',  ( 32.16479168388713106, 75.00000000000000000, -4.804245988671584477 ) ) ;
#3077 = ORIENTED_EDGE ( 'NONE', *, *, #2459, .F. ) ;
#3078 = DIRECTION ( 'NONE',  ( 0.000000000000000000, 0.000000000000000000, 1.000000000000000000 ) ) ;
#3079 = CARTESIAN_POINT ( 'NONE',  ( -29.14999999999999858, 75.00000000000000000, 6.354551732809566644 ) ) ;
#3080 = ADVANCED_FACE ( 'NONE', ( #3529 ), #2987, .F. ) ;
#3081 = EDGE_LOOP ( 'NONE', ( #68, #2254, #3200, #2127 ) ) ;
#3082 = CARTESIAN_POINT ( 'NONE',  ( -32.00000000000000000, 75.00000000000000000, 8.000000000000000000 ) ) ;
#3083 = LINE ( 'NONE', #2880, #85 ) ;
#3084 = CARTESIAN_POINT ( 'NONE',  ( -3.831778648164175571, 44.94558533333660932, -0.9608412841761332368 ) ) ;
#3085 = ADVANCED_FACE ( 'NONE', ( #3281 ), #851, .F. ) ;
#3086 = CARTESIAN_POINT ( 'NONE',  ( 34.85000000000000142, 75.00000000000000000, 9.455163221085530978 ) ) ;
#3087 = DIRECTION ( 'NONE',  ( 0.000000000000000000, 1.000000000000000000, 0.000000000000000000 ) ) ;
#3088 = VERTEX_POINT ( 'NONE', #2744 ) ;
#3089 = EDGE_CURVE ( 'NONE', #655, #996, #3318, .T. ) ;
#3090 = VERTEX_POINT ( 'NONE', #549 ) ;
#3091 = CARTESIAN_POINT ( 'NONE',  ( 34.68520831611286326, 75.00000000000000000, 9.740590790242887209 ) ) ;
#3092 = DIRECTION ( 'NONE',  ( -0.8660254037844388186, 0.000000000000000000, 0.4999999999999996114 ) ) ;
#3093 = ORIENTED_EDGE ( 'NONE', *, *, #2058, .F. ) ;
#3094 = ADVANCED_FACE ( 'NONE', ( #1360 ), #829, .T. ) ;
#3095 = EDGE_CURVE ( 'NONE', #2123, #472, #3009, .T. ) ;
#3096 = FACE_OUTER_BOUND ( 'NONE', #663, .T. ) ;
#3097 = CARTESIAN_POINT ( 'NONE',  ( -32.00000000000000000, 75.00000000000000000, -8.000000000000000000 ) ) ;
#3098 = VECTOR ( 'NONE', #1407, 1000.000000000000000 ) ;
#3099 = LINE ( 'NONE', #126, #1677 ) ;
#3100 = ORIENTED_EDGE ( 'NONE', *, *, #1974, .F. ) ;
#3101 = DIRECTION ( 'NONE',  ( 0.000000000000000000, 1.000000000000000000, 0.000000000000000000 ) ) ;
#3102 = VECTOR ( 'NONE', #929, 1000.000000000000000 ) ;
#3103 = CARTESIAN_POINT ( 'NONE',  ( -32.00000000000000000, 72.00000000000000000, 4.709103465619133289 ) ) ;
#3104 = DIRECTION ( 'NONE',  ( 0.000000000000000000, 0.000000000000000000, 1.000000000000000000 ) ) ;
#3105 = PLANE ( 'NONE',  #830 ) ;
#3106 = CIRCLE ( 'NONE', #1105, 3.200000000000001510 ) ;
#3107 = ORIENTED_EDGE ( 'NONE', *, *, #1884, .F. ) ;
#3108 = VECTOR ( 'NONE', #118, 1000.000000000000227 ) ;
#3109 = EDGE_CURVE ( 'NONE', #3479, #1987, #2491, .T. ) ;
#3110 = ORIENTED_EDGE ( 'NONE', *, *, #1415, .T. ) ;
#3111 = CIRCLE ( 'NONE', #997, 3.200000000000001510 ) ;
#3112 = CARTESIAN_POINT ( 'NONE',  ( -34.85000000000000142, 74.50000000000000000, 9.455163221085530978 ) ) ;
#3113 = DIRECTION ( 'NONE',  ( -0.4999999999999996114, 0.000000000000000000, 0.8660254037844388186 ) ) ;
#3114 = VECTOR ( 'NONE', #1881, 1000.000000000000000 ) ;
#3115 = ORIENTED_EDGE ( 'NONE', *, *, #1301, .T. ) ;
#3116 = VERTEX_POINT ( 'NONE', #340 ) ;
#3117 = DIRECTION ( 'NONE',  ( 0.000000000000000000, -0.000000000000000000, 1.000000000000000000 ) ) ;
#3118 = VECTOR ( 'NONE', #1699, 1000.000000000000227 ) ;
#3119 = CONICAL_SURFACE ( 'NONE', #3294, 2.249999999999946709, 0.7853981633974428389 ) ;
#3120 = DIRECTION ( 'NONE',  ( -0.000000000000000000, 1.000000000000000000, -0.000000000000000000 ) ) ;
#3121 = CARTESIAN_POINT ( 'NONE',  ( 1.518009725658947096, 46.17771741071748437, 0.8777313489481728404 ) ) ;
#3122 = ORIENTED_EDGE ( 'NONE', *, *, #3382, .F. ) ;
#3123 = VECTOR ( 'NONE', #3262, 1000.000000000000000 ) ;
#3124 = DIRECTION ( 'NONE',  ( 0.000000000000000000, 0.000000000000000000, 1.000000000000000000 ) ) ;
#3125 = DIRECTION ( 'NONE',  ( 0.000000000000000000, 1.000000000000000000, 0.000000000000000000 ) ) ;
#3126 = FACE_OUTER_BOUND ( 'NONE', #2115, .T. ) ;
#3127 = LINE ( 'NONE', #2331, #438 ) ;
#3128 = ORIENTED_EDGE ( 'NONE', *, *, #1911, .F. ) ;
#3129 = ORIENTED_EDGE ( 'NONE', *, *, #2275, .F. ) ;
#3130 = CARTESIAN_POINT ( 'NONE',  ( 34.85000000000000142, 75.00000000000000000, -9.645448267190433356 ) ) ;
#3131 = CARTESIAN_POINT ( 'NONE',  ( 29.14999999999999858, 75.00000000000000000, 6.354551732809566644 ) ) ;
#3132 = ORIENTED_EDGE ( 'NONE', *, *, #3295, .T. ) ;
#3133 = ORIENTED_EDGE ( 'NONE', *, *, #3295, .F. ) ;
#3134 = EDGE_CURVE ( 'NONE', #307, #532, #2729, .T. ) ;
#3135 = DIRECTION ( 'NONE',  ( 0.000000000000000000, -1.000000000000000000, 0.000000000000000000 ) ) ;
#3136 = CARTESIAN_POINT ( 'NONE',  ( 1.616070488470637612, 46.37559557304474822, -0.6804954446168893778 ) ) ;
#3137 = CARTESIAN_POINT ( 'NONE',  ( -29.31479168388714029, 74.50000000000000000, 9.740590790242888986 ) ) ;
#3138 = CARTESIAN_POINT ( 'NONE',  ( 34.85000000000000142, 74.50000000000000000, 6.544836778914469022 ) ) ;
#3139 = LINE ( 'NONE', #2603, #2139 ) ;
#3140 = ORIENTED_EDGE ( 'NONE', *, *, #872, .T. ) ;
#3141 = VERTEX_POINT ( 'NONE', #2466 ) ;
#3142 = CARTESIAN_POINT ( 'NONE',  ( 1.663242114360625745, 44.54296712116832424, -0.5612529276161802860 ) ) ;
#3143 = CARTESIAN_POINT ( 'NONE',  ( -29.14999999999999858, 75.00000000000000000, -9.645448267190433356 ) ) ;
#3144 = EDGE_LOOP ( 'NONE', ( #1645, #3423 ) ) ;
#3145 = ORIENTED_EDGE ( 'NONE', *, *, #1228, .F. ) ;
#3146 = LINE ( 'NONE', #720, #716 ) ;
#3147 = CARTESIAN_POINT ( 'NONE',  ( 1.662301750245524179, 46.45542547336660988, -0.5642696606776054224 ) ) ;
#3148 = ORIENTED_EDGE ( 'NONE', *, *, #1783, .T. ) ;
#3149 = FACE_OUTER_BOUND ( 'NONE', #1177, .T. ) ;
#3150 = CARTESIAN_POINT ( 'NONE',  ( 32.16479168388714527, 75.00000000000000000, -11.19575401132841286 ) ) ;
#3151 = AXIS2_PLACEMENT_3D ( 'NONE', #93, #1925, #78 ) ;
#3152 = CARTESIAN_POINT ( 'NONE',  ( -32.16479168388714527, 74.50000000000000000, 4.804245988671586254 ) ) ;
#3153 = EDGE_CURVE ( 'NONE', #2052, #1866, #74, .T. ) ;
#3154 = CARTESIAN_POINT ( 'NONE',  ( -32.00000000000000000, 77.00000000000000000, -6.299999999999999822 ) ) ;
#3155 = CARTESIAN_POINT ( 'NONE',  ( 34.85000000000000142, 72.00000000000000000, -6.354551732809564868 ) ) ;
#3156 = EDGE_CURVE ( 'NONE', #655, #1866, #2470, .T. ) ;
#3157 = EDGE_LOOP ( 'NONE', ( #3259, #2641, #2320, #1453 ) ) ;
#3158 = DIRECTION ( 'NONE',  ( 0.000000000000000000, 0.000000000000000000, 1.000000000000000000 ) ) ;
#3159 = CIRCLE ( 'NONE', #203, 3.200000000000001510 ) ;
#3160 = EDGE_CURVE ( 'NONE', #1987, #186, #429, .T. ) ;
#3161 = ORIENTED_EDGE ( 'NONE', *, *, #2607, .F. ) ;
#3162 = DIRECTION ( 'NONE',  ( 0.8660254037844387076, -0.000000000000000000, 0.4999999999999999445 ) ) ;
#3163 = LINE ( 'NONE', #1551, #3345 ) ;
#3164 = FACE_OUTER_BOUND ( 'NONE', #926, .T. ) ;
#3165 = ORIENTED_EDGE ( 'NONE', *, *, #3323, .F. ) ;
#3166 = VECTOR ( 'NONE', #763, 1000.000000000000000 ) ;
#3167 = ORIENTED_EDGE ( 'NONE', *, *, #1186, .T. ) ;
#3168 = LINE ( 'NONE', #462, #502 ) ;
#3169 = VECTOR ( 'NONE', #1545, 1000.000000000000000 ) ;
#3170 = LINE ( 'NONE', #463, #1501 ) ;
#3171 = ORIENTED_EDGE ( 'NONE', *, *, #1684, .F. ) ;
#3172 = CARTESIAN_POINT ( 'NONE',  ( -32.00000000000000000, 74.50000000000000000, -8.000000000000000000 ) ) ;
#3173 = FACE_BOUND ( 'NONE', #436, .T. ) ;
#3174 = CARTESIAN_POINT ( 'NONE',  ( -1.726754365798366830, 46.56269200832324628, 0.2933269844271476079 ) ) ;
#3175 = CARTESIAN_POINT ( 'NONE',  ( -34.85000000000000142, 75.00000000000000000, 9.645448267190433356 ) ) ;
#3176 = AXIS2_PLACEMENT_3D ( 'NONE', #398, #1476, #3124 ) ;
#3177 = ORIENTED_EDGE ( 'NONE', *, *, #3313, .T. ) ;
#3178 = VECTOR ( 'NONE', #3500, 1000.000000000000000 ) ;
#3179 = ORIENTED_EDGE ( 'NONE', *, *, #3339, .F. ) ;
#3180 = EDGE_CURVE ( 'NONE', #311, #173, #1668, .T. ) ;
#3181 = ORIENTED_EDGE ( 'NONE', *, *, #356, .T. ) ;
#3182 = DIRECTION ( 'NONE',  ( 0.000000000000000000, 0.000000000000000000, -1.000000000000000000 ) ) ;
#3183 = LINE ( 'NONE', #2685, #2647 ) ;
#3184 = ORIENTED_EDGE ( 'NONE', *, *, #433, .F. ) ;
#3185 = ORIENTED_EDGE ( 'NONE', *, *, #925, .T. ) ;
#3186 = CARTESIAN_POINT ( 'NONE',  ( 32.00000000000000000, 74.50000000000000000, -8.000000000000000000 ) ) ;
#3187 = PLANE ( 'NONE',  #1615 ) ;
#3188 = ORIENTED_EDGE ( 'NONE', *, *, #735, .T. ) ;
#3189 = CARTESIAN_POINT ( 'NONE',  ( -29.15000000000000213, 75.00000000000000000, 9.645448267190435132 ) ) ;
#3190 = LINE ( 'NONE', #485, #3472 ) ;
#3191 = CYLINDRICAL_SURFACE ( 'NONE', #313, 1.750000000000000000 ) ;
#3192 = VERTEX_POINT ( 'NONE', #1400 ) ;
#3193 = VERTEX_POINT ( 'NONE', #1074 ) ;
#3194 = ORIENTED_EDGE ( 'NONE', *, *, #2163, .F. ) ;
#3195 = CARTESIAN_POINT ( 'NONE',  ( -29.15000000000000213, 75.00000000000000000, -6.544836778914469022 ) ) ;
#3196 = ADVANCED_FACE ( 'NONE', ( #1952, #625, #3040, #262, #1146 ), #2432, .T. ) ;
#3197 = CARTESIAN_POINT ( 'NONE',  ( 1.713007534194597392, 44.45961322378952474, 0.3643685047911460195 ) ) ;
#3198 = CARTESIAN_POINT ( 'NONE',  ( -3.793744851726326583, 45.50000000000000000, 1.100000000000000089 ) ) ;
#3199 = ORIENTED_EDGE ( 'NONE', *, *, #690, .T. ) ;
#3200 = ORIENTED_EDGE ( 'NONE', *, *, #2526, .T. ) ;
#3201 = DIRECTION ( 'NONE',  ( 0.000000000000000000, -1.000000000000000000, 0.000000000000000000 ) ) ;
#3202 = DIRECTION ( 'NONE',  ( 0.000000000000000000, 1.000000000000000000, 0.000000000000000000 ) ) ;
#3203 = ADVANCED_FACE ( 'NONE', ( #1164 ), #2017, .F. ) ;
#3204 = ORIENTED_EDGE ( 'NONE', *, *, #1369, .T. ) ;
#3205 = ADVANCED_FACE ( 'NONE', ( #370 ), #900, .F. ) ;
#3206 = PLANE ( 'NONE',  #562 ) ;
#3207 = CARTESIAN_POINT ( 'NONE',  ( -1.713007534194597836, 46.54038677621048237, 0.3643685047911461306 ) ) ;
#3208 = CARTESIAN_POINT ( 'NONE',  ( 32.00000000000000000, 75.00000000000000000, 8.000000000000000000 ) ) ;
#3209 = ORIENTED_EDGE ( 'NONE', *, *, #47, .T. ) ;
#3210 = DIRECTION ( 'NONE',  ( -1.000000000000000000, 0.000000000000000000, 0.000000000000000000 ) ) ;
#3211 = VERTEX_POINT ( 'NONE', #1735 ) ;
#3212 = AXIS2_PLACEMENT_3D ( 'NONE', #903, #396, #376 ) ;
#3213 = ORIENTED_EDGE ( 'NONE', *, *, #3470, .F. ) ;
#3214 = VECTOR ( 'NONE', #137, 1000.000000000000000 ) ;
#3215 = CARTESIAN_POINT ( 'NONE',  ( -29.15000000000000213, 75.00000000000000000, 9.455163221085534531 ) ) ;
#3216 = FACE_OUTER_BOUND ( 'NONE', #1180, .T. ) ;
#3217 = AXIS2_PLACEMENT_3D ( 'NONE', #546, #1876, #2756 ) ;
#3218 = ORIENTED_EDGE ( 'NONE', *, *, #748, .F. ) ;
#3219 = CYLINDRICAL_SURFACE ( 'NONE', #2949, 44.00000000000000000 ) ;
#3220 = CARTESIAN_POINT ( 'NONE',  ( 34.85000000000000142, 75.00000000000000000, -6.354551732809564868 ) ) ;
#3221 = ADVANCED_FACE ( 'NONE', ( #916 ), #123, .T. ) ;
#3222 = AXIS2_PLACEMENT_3D ( 'NONE', #1219, #1258, #2885 ) ;
#3223 = VERTEX_POINT ( 'NONE', #3420 ) ;
#3224 = FACE_OUTER_BOUND ( 'NONE', #1402, .T. ) ;
#3225 = VECTOR ( 'NONE', #2277, 1000.000000000000000 ) ;
#3226 = CARTESIAN_POINT ( 'NONE',  ( 0.000000000000000000, 43.00000000000000000, 0.000000000000000000 ) ) ;
#3227 = VECTOR ( 'NONE', #3067, 1000.000000000000000 ) ;
#3228 = DIRECTION ( 'NONE',  ( 0.000000000000000000, 0.000000000000000000, 1.000000000000000000 ) ) ;
#3229 = CARTESIAN_POINT ( 'NONE',  ( 32.00000000000000000, 74.50000000000000000, 8.000000000000000000 ) ) ;
#3230 = VECTOR ( 'NONE', #1092, 1000.000000000000000 ) ;
#3231 = AXIS2_PLACEMENT_3D ( 'NONE', #3528, #3039, #850 ) ;
#3232 = ORIENTED_EDGE ( 'NONE', *, *, #1956, .T. ) ;
#3233 = AXIS2_PLACEMENT_3D ( 'NONE', #1368, #2736, #1886 ) ;
#3234 = VECTOR ( 'NONE', #909, 1000.000000000000000 ) ;
#3235 = ORIENTED_EDGE ( 'NONE', *, *, #520, .T. ) ;
#3236 = VECTOR ( 'NONE', #1644, 1000.000000000000227 ) ;
#3237 = CARTESIAN_POINT ( 'NONE',  ( -32.16479168388714527, 74.50000000000000000, -4.804245988671586254 ) ) ;
#3238 = CARTESIAN_POINT ( 'NONE',  ( 34.85000000000000142, 72.00000000000000000, 6.354551732809566644 ) ) ;
#3239 = PERSON_AND_ORGANIZATION ( #2418, #255 ) ;
#3240 = ORIENTED_EDGE ( 'NONE', *, *, #1259, .F. ) ;
#3241 = EDGE_CURVE ( 'NONE', #264, #2757, #640, .T. ) ;
#3242 = DIRECTION ( 'NONE',  ( 0.000000000000000000, 1.000000000000000000, 0.000000000000000000 ) ) ;
#3243 = CARTESIAN_POINT ( 'NONE',  ( 32.00000000000000000, 74.50000000000000000, 8.000000000000000000 ) ) ;
#3244 = ORIENTED_EDGE ( 'NONE', *, *, #263, .F. ) ;
#3245 = CARTESIAN_POINT ( 'NONE',  ( 32.00000000000000000, 75.00000000000000000, -4.709103465619133289 ) ) ;
#3246 = ADVANCED_FACE ( 'NONE', ( #2036 ), #2520, .F. ) ;
#3247 = DIRECTION ( 'NONE',  ( 0.000000000000000000, -1.000000000000000000, 0.000000000000000000 ) ) ;
#3248 = CARTESIAN_POINT ( 'NONE',  ( 29.14999999999999858, 74.50000000000000000, -6.544836778914476128 ) ) ;
#3249 = VERTEX_POINT ( 'NONE', #964 ) ;
#3250 = FACE_OUTER_BOUND ( 'NONE', #1853, .T. ) ;
#3251 = EDGE_LOOP ( 'NONE', ( #2669, #1692, #3439, #1754 ) ) ;
#3252 = CARTESIAN_POINT ( 'NONE',  ( -1.361065758881619958, 45.50000000000000000, 1.100000000000000089 ) ) ;
#3253 = EDGE_CURVE ( 'NONE', #2333, #693, #2055, .T. ) ;
#3254 = CARTESIAN_POINT ( 'NONE',  ( 0.000000000000000000, 43.00000000000000000, 0.000000000000000000 ) ) ;
#3255 =( LENGTH_UNIT ( ) NAMED_UNIT ( * ) SI_UNIT ( .MILLI., .METRE. ) );
#3256 = ORIENTED_EDGE ( 'NONE', *, *, #1096, .F. ) ;
#3257 = CARTESIAN_POINT ( 'NONE',  ( 3.000000000000002665, 45.50000000000000000, -1.100000000000000089 ) ) ;
#3258 = CARTESIAN_POINT ( 'NONE',  ( 0.000000000000000000, 77.00000000000000000, 0.000000000000000000 ) ) ;
#3259 = ORIENTED_EDGE ( 'NONE', *, *, #3010, .T. ) ;
#3260 = DIRECTION ( 'NONE',  ( -0.000000000000000000, 1.000000000000000000, -0.000000000000000000 ) ) ;
#3261 = DIRECTION ( 'NONE',  ( 0.000000000000000000, 0.000000000000000000, 1.000000000000000000 ) ) ;
#3262 = DIRECTION ( 'NONE',  ( 0.8660254037844388186, 0.000000000000000000, -0.4999999999999996669 ) ) ;
#3263 = DIRECTION ( 'NONE',  ( 0.000000000000000000, -1.000000000000000000, 0.000000000000000000 ) ) ;
#3264 = DIRECTION ( 'NONE',  ( 0.000000000000000000, 1.000000000000000000, 0.000000000000000000 ) ) ;
#3265 = EDGE_CURVE ( 'NONE', #3359, #307, #107, .T. ) ;
#3266 = ORIENTED_EDGE ( 'NONE', *, *, #578, .F. ) ;
#3267 = DIRECTION ( 'NONE',  ( 0.000000000000000000, 1.000000000000000000, 0.000000000000000000 ) ) ;
#3268 = CC_DESIGN_PERSON_AND_ORGANIZATION_ASSIGNMENT ( #33, #1686, ( #705 ) ) ;
#3269 = DIRECTION ( 'NONE',  ( 0.000000000000000000, 1.000000000000000000, 0.000000000000000000 ) ) ;
#3270 = ADVANCED_FACE ( 'NONE', ( #1438 ), #1208, .F. ) ;
#3271 = ORIENTED_EDGE ( 'NONE', *, *, #2298, .T. ) ;
#3272 = CARTESIAN_POINT ( 'NONE',  ( -1.662301750245525955, 44.54457452663340433, -0.5642696606776024248 ) ) ;
#3273 = AXIS2_PLACEMENT_3D ( 'NONE', #3208, #505, #798 ) ;
#3274 = EDGE_CURVE ( 'NONE', #3434, #2062, #1705, .T. ) ;
#3275 = DIRECTION ( 'NONE',  ( 0.000000000000000000, 0.000000000000000000, 1.000000000000000000 ) ) ;
#3276 = APPROVAL_ROLE ( '' ) ;
#3277 = EDGE_LOOP ( 'NONE', ( #1755, #521, #1973, #542, #103, #2051, #1548, #1822 ) ) ;
#3278 = AXIS2_PLACEMENT_3D ( 'NONE', #2953, #1575, #1523 ) ;
#3279 = PLANE ( 'NONE',  #53 ) ;
#3280 =( GEOMETRIC_REPRESENTATION_CONTEXT ( 3 ) GLOBAL_UNCERTAINTY_ASSIGNED_CONTEXT ( ( #1849 ) ) GLOBAL_UNIT_ASSIGNED_CONTEXT ( ( #3255, #1130, #2502 ) ) REPRESENTATION_CONTEXT ( 'NONE', 'WORKASPACE' ) );
#3281 = FACE_OUTER_BOUND ( 'NONE', #471, .T. ) ;
#3282 = EDGE_LOOP ( 'NONE', ( #699, #2018 ) ) ;
#3283 = DIRECTION ( 'NONE',  ( 1.000000000000000000, 0.000000000000000000, -0.000000000000000000 ) ) ;
#3284 = DIRECTION ( 'NONE',  ( 0.000000000000000000, -1.000000000000000000, 0.000000000000000000 ) ) ;
#3285 = DIRECTION ( 'NONE',  ( 0.000000000000000000, 0.000000000000000000, 1.000000000000000000 ) ) ;
#3286 = APPLICATION_CONTEXT ( 'configuration controlled 3d designs of mechanical parts and assemblies' ) ;
#3287 = ORIENTED_EDGE ( 'NONE', *, *, #892, .F. ) ;
#3288 = AXIS2_PLACEMENT_3D ( 'NONE', #3097, #1149, #1441 ) ;
#3289 = PLANE ( 'NONE',  #1916 ) ;
#3290 = FACE_OUTER_BOUND ( 'NONE', #1446, .T. ) ;
#3291 = VECTOR ( 'NONE', #3371, 1000.000000000000000 ) ;
#3292 = VERTEX_POINT ( 'NONE', #2271 ) ;
#3293 = AXIS2_PLACEMENT_3D ( 'NONE', #867, #1197, #3117 ) ;
#3294 = AXIS2_PLACEMENT_3D ( 'NONE', #3457, #1288, #1250 ) ;
#3295 = EDGE_CURVE ( 'NONE', #1028, #1773, #3384, .T. ) ;
#3296 = DATE_AND_TIME ( #1356, #2872 ) ;
#3297 = AXIS2_PLACEMENT_3D ( 'NONE', #3189, #740, #3484 ) ;
#3298 = ORIENTED_EDGE ( 'NONE', *, *, #1361, .T. ) ;
#3299 = PLANE ( 'NONE',  #327 ) ;
#3300 = VECTOR ( 'NONE', #574, 1000.000000000000000 ) ;
#3301 = DIRECTION ( 'NONE',  ( 0.000000000000000000, -1.000000000000000000, 0.000000000000000000 ) ) ;
#3302 = DIRECTION ( 'NONE',  ( 0.000000000000000000, 0.000000000000000000, 1.000000000000000000 ) ) ;
#3303 = EDGE_LOOP ( 'NONE', ( #993, #500, #1433, #3327 ) ) ;
#3304 = CARTESIAN_POINT ( 'NONE',  ( 3.000000000000002665, 45.50000000000000000, 1.100000000000000089 ) ) ;
#3305 = DIRECTION ( 'NONE',  ( 0.000000000000000000, 1.000000000000000000, 0.000000000000000000 ) ) ;
#3306 = CARTESIAN_POINT ( 'NONE',  ( -32.00000000000000000, 75.00000000000000000, -8.000000000000000000 ) ) ;
#3307 = EDGE_LOOP ( 'NONE', ( #2860, #1893 ) ) ;
#3308 = DIRECTION ( 'NONE',  ( -0.000000000000000000, 1.000000000000000000, -0.000000000000000000 ) ) ;
#3309 = LINE ( 'NONE', #1930, #2314 ) ;
#3310 = ORIENTED_EDGE ( 'NONE', *, *, #576, .T. ) ;
#3311 = COORDINATED_UNIVERSAL_TIME_OFFSET ( 6, 0, .BEHIND. ) ;
#3312 = LINE ( 'NONE', #2180, #3118 ) ;
#3313 = EDGE_CURVE ( 'NONE', #1773, #1141, #1768, .T. ) ;
#3314 = VERTEX_POINT ( 'NONE', #668 ) ;
#3315 = DIRECTION ( 'NONE',  ( 1.054255858762918044E-15, 0.000000000000000000, -1.000000000000000000 ) ) ;
#3316 = EDGE_CURVE ( 'NONE', #1037, #402, #390, .T. ) ;
#3317 = CARTESIAN_POINT ( 'NONE',  ( -29.14999999999999858, 75.00000000000000000, -9.645448267190433356 ) ) ;
#3318 = LINE ( 'NONE', #2505, #2764 ) ;
#3319 = EDGE_LOOP ( 'NONE', ( #481, #2698, #2561, #1751 ) ) ;
#3320 = CARTESIAN_POINT ( 'NONE',  ( -29.15000000000000213, 75.00000000000000000, -6.354551732809564868 ) ) ;
#3321 = EDGE_CURVE ( 'NONE', #2982, #57, #2557, .T. ) ;
#3322 = DIRECTION ( 'NONE',  ( 0.8660254037844387076, 0.000000000000000000, 0.4999999999999998890 ) ) ;
#3323 = EDGE_CURVE ( 'NONE', #2020, #641, #2983, .T. ) ;
#3324 = ORIENTED_EDGE ( 'NONE', *, *, #1888, .T. ) ;
#3325 = DIRECTION ( 'NONE',  ( 0.000000000000000000, 0.000000000000000000, 1.000000000000000000 ) ) ;
#3326 = CARTESIAN_POINT ( 'NONE',  ( 32.00000000000000000, 75.00000000000000000, -11.29089653438086671 ) ) ;
#3327 = ORIENTED_EDGE ( 'NONE', *, *, #214, .F. ) ;
#3328 = DATE_AND_TIME ( #1716, #2475 ) ;
#3329 = ORIENTED_EDGE ( 'NONE', *, *, #116, .F. ) ;
#3330 = AXIS2_PLACEMENT_3D ( 'NONE', #343, #629, #306 ) ;
#3331 = EDGE_CURVE ( 'NONE', #1748, #1838, #2858, .T. ) ;
#3332 = ADVANCED_FACE ( 'NONE', ( #156 ), #1231, .T. ) ;
#3333 = DIRECTION ( 'NONE',  ( 0.000000000000000000, 0.000000000000000000, -1.000000000000000000 ) ) ;
#3334 = DIRECTION ( 'NONE',  ( 0.000000000000000000, 1.000000000000000000, 0.000000000000000000 ) ) ;
#3335 = AXIS2_PLACEMENT_3D ( 'NONE', #1825, #2916, #772 ) ;
#3336 = ORIENTED_EDGE ( 'NONE', *, *, #2402, .F. ) ;
#3337 = FACE_OUTER_BOUND ( 'NONE', #3480, .T. ) ;
#3338 = AXIS2_PLACEMENT_3D ( 'NONE', #240, #2646, #977 ) ;
#3339 = EDGE_CURVE ( 'NONE', #831, #3495, #1900, .T. ) ;
#3340 = DIRECTION ( 'NONE',  ( 0.000000000000000000, -1.000000000000000000, 0.000000000000000000 ) ) ;
#3341 = FACE_OUTER_BOUND ( 'NONE', #1159, .T. ) ;
#3342 = CARTESIAN_POINT ( 'NONE',  ( 0.000000000000000000, 70.00000000000000000, 0.000000000000000000 ) ) ;
#3343 = PLANE ( 'NONE',  #2836 ) ;
#3344 = DIRECTION ( 'NONE',  ( 0.000000000000000000, 1.000000000000000000, 0.000000000000000000 ) ) ;
#3345 = VECTOR ( 'NONE', #2612, 1000.000000000000000 ) ;
#3346 = EDGE_LOOP ( 'NONE', ( #252, #2220, #3443, #2843, #765, #320, #2424, #862 ) ) ;
#3347 = VECTOR ( 'NONE', #2027, 1000.000000000000000 ) ;
#3348 = AXIS2_PLACEMENT_3D ( 'NONE', #374, #1708, #2576 ) ;
#3349 = ORIENTED_EDGE ( 'NONE', *, *, #1609, .F. ) ;
#3350 = CONICAL_SURFACE ( 'NONE', #1800, 2.249999999999946709, 0.7853981633974428389 ) ;
#3351 = FACE_OUTER_BOUND ( 'NONE', #2606, .T. ) ;
#3352 = VECTOR ( 'NONE', #8, 1000.000000000000114 ) ;
#3353 = DIRECTION ( 'NONE',  ( -1.000000000000000000, 0.000000000000000000, 0.000000000000000000 ) ) ;
#3354 = ORIENTED_EDGE ( 'NONE', *, *, #967, .F. ) ;
#3355 = CIRCLE ( 'NONE', #1805, 3.200000000000001510 ) ;
#3356 = CARTESIAN_POINT ( 'NONE',  ( -29.31479168388714385, 75.00000000000000000, 9.740590790242890762 ) ) ;
#3357 = CYLINDRICAL_SURFACE ( 'NONE', #3288, 3.200000000000001510 ) ;
#3358 = DIRECTION ( 'NONE',  ( 0.000000000000000000, 0.000000000000000000, 1.000000000000000000 ) ) ;
#3359 = VERTEX_POINT ( 'NONE', #474 ) ;
#3360 = ADVANCED_FACE ( 'NONE', ( #176 ), #2377, .F. ) ;
#3361 = DIRECTION ( 'NONE',  ( 0.000000000000000000, 0.000000000000000000, 1.000000000000000000 ) ) ;
#3362 = DIRECTION ( 'NONE',  ( 0.000000000000000000, 1.000000000000000000, 0.000000000000000000 ) ) ;
#3363 = CARTESIAN_POINT ( 'NONE',  ( -32.16479168388714527, 75.00000000000000000, 4.804245988671588030 ) ) ;
#3364 = DIRECTION ( 'NONE',  ( 0.000000000000000000, -0.000000000000000000, 1.000000000000000000 ) ) ;
#3365 = ORIENTED_EDGE ( 'NONE', *, *, #347, .F. ) ;
#3366 = ADVANCED_FACE ( 'NONE', ( #3493, #1018 ), #715, .F. ) ;
#3367 = VERTEX_POINT ( 'NONE', #1303 ) ;
#3368 = DIRECTION ( 'NONE',  ( -0.8660254037844389297, 0.000000000000000000, -0.4999999999999994449 ) ) ;
#3369 = CARTESIAN_POINT ( 'NONE',  ( 32.00000000000000000, 75.00000000000000000, 4.709103465619133289 ) ) ;
#3370 = EDGE_LOOP ( 'NONE', ( #1706, #579, #1583, #1817 ) ) ;
#3371 = DIRECTION ( 'NONE',  ( -0.000000000000000000, -0.000000000000000000, 1.000000000000000000 ) ) ;
#3372 = FACE_BOUND ( 'NONE', #3282, .T. ) ;
#3373 = PLANE ( 'NONE',  #3212 ) ;
#3374 = ORIENTED_EDGE ( 'NONE', *, *, #3160, .T. ) ;
#3375 = LINE ( 'NONE', #359, #2661 ) ;
#3376 = DIRECTION ( 'NONE',  ( 0.8660254037844389297, 0.000000000000000000, 0.4999999999999993894 ) ) ;
#3377 = DIRECTION ( 'NONE',  ( 0.000000000000000000, 1.000000000000000000, 0.000000000000000000 ) ) ;
#3378 = LINE ( 'NONE', #2066, #1398 ) ;
#3379 = ADVANCED_FACE ( 'NONE', ( #3216 ), #733, .F. ) ;
#3380 = ORIENTED_EDGE ( 'NONE', *, *, #2627, .T. ) ;
#3381 = ORIENTED_EDGE ( 'NONE', *, *, #2697, .T. ) ;
#3382 = EDGE_CURVE ( 'NONE', #2596, #2552, #696, .T. ) ;
#3383 = CYLINDRICAL_SURFACE ( 'NONE', #1284, 1.700000000000000178 ) ;
#3384 = LINE ( 'NONE', #3369, #1842 ) ;
#3385 = ORIENTED_EDGE ( 'NONE', *, *, #2637, .T. ) ;
#3386 = ORIENTED_EDGE ( 'NONE', *, *, #2107, .T. ) ;
#3387 = DIRECTION ( 'NONE',  ( 0.000000000000000000, 1.000000000000000000, 0.000000000000000000 ) ) ;
#3388 = CIRCLE ( 'NONE', #2865, 1.750000000000000000 ) ;
#3389 = CARTESIAN_POINT ( 'NONE',  ( -34.68520831611286326, 74.50000000000000000, 6.259409209757114567 ) ) ;
#3390 = ORIENTED_EDGE ( 'NONE', *, *, #3160, .F. ) ;
#3391 = CARTESIAN_POINT ( 'NONE',  ( -3.950006845407031619, 44.39997541876533660, 0.1448446591956913110 ) ) ;
#3392 = AXIS2_PLACEMENT_3D ( 'NONE', #1719, #2537, #2815 ) ;
#3393 = LINE ( 'NONE', #3150, #887 ) ;
#3394 = DIRECTION ( 'NONE',  ( 0.8660254037844385966, 0.000000000000000000, -0.5000000000000001110 ) ) ;
#3395 = LINE ( 'NONE', #2551, #249 ) ;
#3396 = CC_DESIGN_APPROVAL ( #1997, ( #1332 ) ) ;
#3397 = VERTEX_POINT ( 'NONE', #1246 ) ;
#3398 = AXIS2_PLACEMENT_3D ( 'NONE', #1727, #1480, #959 ) ;
#3399 = ORIENTED_EDGE ( 'NONE', *, *, #1605, .F. ) ;
#3400 = EDGE_CURVE ( 'NONE', #1555, #3438, #2109, .T. ) ;
#3401 = CIRCLE ( 'NONE', #2423, 3.200000000000001510 ) ;
#3402 = DIRECTION ( 'NONE',  ( 0.000000000000000000, -0.000000000000000000, 1.000000000000000000 ) ) ;
#3403 = DIRECTION ( 'NONE',  ( 0.000000000000000000, -0.000000000000000000, 1.000000000000000000 ) ) ;
#3404 = VECTOR ( 'NONE', #1955, 1000.000000000000000 ) ;
#3405 = ORIENTED_EDGE ( 'NONE', *, *, #1349, .T. ) ;
#3406 = VERTEX_POINT ( 'NONE', #3437 ) ;
#3407 = VECTOR ( 'NONE', #2705, 1000.000000000000000 ) ;
#3408 = LINE ( 'NONE', #92, #2831 ) ;
#3409 = CARTESIAN_POINT ( 'NONE',  ( 44.00000000000000000, 45.50000000000000000, 0.000000000000000000 ) ) ;
#3410 = VECTOR ( 'NONE', #322, 1000.000000000000000 ) ;
#3411 = CARTESIAN_POINT ( 'NONE',  ( -29.15000000000000213, 72.00000000000000000, 9.645448267190433356 ) ) ;
#3412 = LINE ( 'NONE', #1255, #2879 ) ;
#3413 = CARTESIAN_POINT ( 'NONE',  ( -29.14999999999999858, 74.50000000000000000, 6.354551732809566644 ) ) ;
#3414 = AXIS2_PLACEMENT_3D ( 'NONE', #2749, #1656, #1116 ) ;
#3415 = CARTESIAN_POINT ( 'NONE',  ( 32.00000000000000000, 75.00000000000000000, -11.29089653438086671 ) ) ;
#3416 = ORIENTED_EDGE ( 'NONE', *, *, #1630, .T. ) ;
#3417 = ORIENTED_EDGE ( 'NONE', *, *, #1333, .F. ) ;
#3418 = VERTEX_POINT ( 'NONE', #1821 ) ;
#3419 = CARTESIAN_POINT ( 'NONE',  ( 1.615699261574590206, 44.62514169107521411, 0.6812614076481781078 ) ) ;
#3420 = CARTESIAN_POINT ( 'NONE',  ( 29.31479168388714029, 75.00000000000000000, -9.740590790242887209 ) ) ;
#3421 = EDGE_CURVE ( 'NONE', #2189, #604, #602, .T. ) ;
#3422 = ORIENTED_EDGE ( 'NONE', *, *, #2204, .T. ) ;
#3423 = ORIENTED_EDGE ( 'NONE', *, *, #2791, .F. ) ;
#3424 = EDGE_CURVE ( 'NONE', #3193, #2184, #3106, .T. ) ;
#3425 = FACE_OUTER_BOUND ( 'NONE', #623, .T. ) ;
#3426 = FACE_OUTER_BOUND ( 'NONE', #455, .T. ) ;
#3427 = ORIENTED_EDGE ( 'NONE', *, *, #1418, .T. ) ;
#3428 = LINE ( 'NONE', #196, #3005 ) ;
#3429 = CARTESIAN_POINT ( 'NONE',  ( 32.00000000000000000, 75.00000000000000000, -8.000000000000000000 ) ) ;
#3430 = EDGE_CURVE ( 'NONE', #3090, #3397, #147, .T. ) ;
#3431 = CARTESIAN_POINT ( 'NONE',  ( 32.00000000000000000, 77.00000000000000000, 9.700000000000001066 ) ) ;
#3432 = LINE ( 'NONE', #2622, #762 ) ;
#3433 = ORIENTED_EDGE ( 'NONE', *, *, #2627, .F. ) ;
#3434 = VERTEX_POINT ( 'NONE', #189 ) ;
#3435 = ORIENTED_EDGE ( 'NONE', *, *, #554, .F. ) ;
#3436 = CARTESIAN_POINT ( 'NONE',  ( 1.466355937556611089, 44.94021071013498414, -0.9575670710578049194 ) ) ;
#3437 = CARTESIAN_POINT ( 'NONE',  ( 5.388445916248353619E-15, 72.00000000000000000, 44.00000000000000000 ) ) ;
#3438 = VERTEX_POINT ( 'NONE', #3198 ) ;
#3439 = ORIENTED_EDGE ( 'NONE', *, *, #1721, .F. ) ;
#3440 = EDGE_CURVE ( 'NONE', #2057, #373, #3183, .T. ) ;
#3441 = LINE ( 'NONE', #3496, #2425 ) ;
#3442 = DIRECTION ( 'NONE',  ( 0.000000000000000000, -0.000000000000000000, 1.000000000000000000 ) ) ;
#3443 = ORIENTED_EDGE ( 'NONE', *, *, #523, .T. ) ;
#3444 = CARTESIAN_POINT ( 'NONE',  ( -32.00000000000000000, 74.50000000000000000, -8.000000000000000000 ) ) ;
#3445 = CARTESIAN_POINT ( 'NONE',  ( -3.793744851726326583, 45.50000000000000000, 1.100000000000000089 ) ) ;
#3446 = EDGE_CURVE ( 'NONE', #572, #3249, #2767, .T. ) ;
#3447 = LINE ( 'NONE', #246, #336 ) ;
#3448 = CARTESIAN_POINT ( 'NONE',  ( 32.00000000000000000, 74.50000000000000000, 8.000000000000000000 ) ) ;
#3449 = AXIS2_PLACEMENT_3D ( 'NONE', #1989, #404, #2573 ) ;
#3450 = ORIENTED_EDGE ( 'NONE', *, *, #221, .F. ) ;
#3451 = ORIENTED_EDGE ( 'NONE', *, *, #1299, .T. ) ;
#3452 = CYLINDRICAL_SURFACE ( 'NONE', #2251, 3.200000000000001510 ) ;
#3453 = CARTESIAN_POINT ( 'NONE',  ( 3.000000000000000000, 47.99999999999999289, 2.569533031505919496 ) ) ;
#3454 = VERTEX_POINT ( 'NONE', #3453 ) ;
#3455 = VECTOR ( 'NONE', #2980, 1000.000000000000000 ) ;
#3456 = ORIENTED_EDGE ( 'NONE', *, *, #1150, .T. ) ;
#3457 = CARTESIAN_POINT ( 'NONE',  ( 0.000000000000000000, 43.00000000000000000, 0.000000000000000000 ) ) ;
#3458 = CLOSED_SHELL ( 'NONE', ( #2094, #59, #708, #1358, #1774, #2933, #3203, #1828, #2753, #2676, #1386, #1520, #1953, #310, #2111, #3094, #2868, #1123, #54, #3069, #799, #3332, #237, #2973, #2985, #1144, #621, #2126, #544, #1032, #3221, #1167, #1059, #1525, #368, #2319, #72, #3054, #3196, #149, #1106, #847, #728, #1256, #2359, #132, #3505, #1634, #2050, #3379, #3360, #1364, #3085, #1715, #234, #3366, #1085, #3476, #2047, #177, #2404, #1135, #3270, #2961, #1304, #2263, #3205, #2085, #2079, #669, #372, #995, #1826, #1801, #1674, #2409, #3246, #3000, #2699, #2947, #768, #2584, #2898, #2339, #2205, #3056, #325, #2364, #1033, #1038, #3080, #2796, #254, #4, #312, #2792, #2745, #949, #2562, #688, #2748, #2890, #1779, #991, #160 ) ) ;
#3459 = CIRCLE ( 'NONE', #2368, 3.200000000000001510 ) ;
#3460 = CARTESIAN_POINT ( 'NONE',  ( 0.000000000000000000, 72.00000000000000000, 0.000000000000000000 ) ) ;
#3461 = VERTEX_POINT ( 'NONE', #1537 ) ;
#3462 = CARTESIAN_POINT ( 'NONE',  ( -32.00000000000000000, 72.00000000000000000, -4.709103465619133289 ) ) ;
#3463 = AXIS2_PLACEMENT_3D ( 'NONE', #3245, #2227, #533 ) ;
#3464 = AXIS2_PLACEMENT_3D ( 'NONE', #1895, #1379, #808 ) ;
#3465 = DIRECTION ( 'NONE',  ( 0.000000000000000000, 0.000000000000000000, 1.000000000000000000 ) ) ;
#3466 = CARTESIAN_POINT ( 'NONE',  ( 32.00000000000000000, 75.00000000000000000, -8.000000000000000000 ) ) ;
#3467 = DIRECTION ( 'NONE',  ( -0.000000000000000000, -1.000000000000000000, -0.000000000000000000 ) ) ;
#3468 = CARTESIAN_POINT ( 'NONE',  ( -32.00000000000000000, 75.00000000000000000, -11.29089653438086671 ) ) ;
#3469 = AXIS2_PLACEMENT_3D ( 'NONE', #2063, #2383, #2653 ) ;
#3470 = EDGE_CURVE ( 'NONE', #685, #427, #824, .T. ) ;
#3471 = ORIENTED_EDGE ( 'NONE', *, *, #332, .F. ) ;
#3472 = VECTOR ( 'NONE', #1831, 1000.000000000000000 ) ;
#3473 = ORIENTED_EDGE ( 'NONE', *, *, #2122, .T. ) ;
#3474 = ORIENTED_EDGE ( 'NONE', *, *, #1448, .F. ) ;
#3475 = DIRECTION ( 'NONE',  ( 0.000000000000000000, -1.000000000000000000, 0.000000000000000000 ) ) ;
#3476 = ADVANCED_FACE ( 'NONE', ( #3164 ), #2911, .T. ) ;
#3477 = CARTESIAN_POINT ( 'NONE',  ( 1.387154739967178196, 45.20426665866633442, 1.069080069554490642 ) ) ;
#3478 = DIRECTION ( 'NONE',  ( 0.000000000000000000, -1.000000000000000000, 0.000000000000000000 ) ) ;
#3479 = VERTEX_POINT ( 'NONE', #3509 ) ;
#3480 = EDGE_LOOP ( 'NONE', ( #1915, #2516 ) ) ;
#3481 = DIRECTION ( 'NONE',  ( 0.000000000000000000, -1.000000000000000000, 0.000000000000000000 ) ) ;
#3482 = DIRECTION ( 'NONE',  ( -0.4999999999999999445, 0.000000000000000000, 0.8660254037844387076 ) ) ;
#3483 = ORIENTED_EDGE ( 'NONE', *, *, #2280, .T. ) ;
#3484 = DIRECTION ( 'NONE',  ( -1.054255858762918044E-15, 0.000000000000000000, 1.000000000000000000 ) ) ;
#3485 = FACE_OUTER_BOUND ( 'NONE', #204, .T. ) ;
#3486 = DIRECTION ( 'NONE',  ( -0.000000000000000000, 1.000000000000000000, -0.000000000000000000 ) ) ;
#3487 = ORIENTED_EDGE ( 'NONE', *, *, #418, .T. ) ;
#3488 = ORIENTED_EDGE ( 'NONE', *, *, #3109, .T. ) ;
#3489 = EDGE_CURVE ( 'NONE', #444, #2070, #1282, .T. ) ;
#3490 = ORIENTED_EDGE ( 'NONE', *, *, #914, .F. ) ;
#3491 = EDGE_CURVE ( 'NONE', #1927, #2056, #3159, .T. ) ;
#3492 = LINE ( 'NONE', #2625, #99 ) ;
#3493 = FACE_OUTER_BOUND ( 'NONE', #1641, .T. ) ;
#3494 = VERTEX_POINT ( 'NONE', #1396 ) ;
#3495 = VERTEX_POINT ( 'NONE', #790 ) ;
#3496 = CARTESIAN_POINT ( 'NONE',  ( -29.31479168388714029, 75.00000000000000000, 6.259409209757112791 ) ) ;
#3497 = DIRECTION ( 'NONE',  ( 0.000000000000000000, 1.000000000000000000, 0.000000000000000000 ) ) ;
#3498 = ORIENTED_EDGE ( 'NONE', *, *, #2568, .F. ) ;
#3499 = CARTESIAN_POINT ( 'NONE',  ( 32.00000000000000000, 75.00000000000000000, 4.709103465619133289 ) ) ;
#3500 = DIRECTION ( 'NONE',  ( 0.000000000000000000, 0.000000000000000000, -1.000000000000000000 ) ) ;
#3501 = LINE ( 'NONE', #2960, #3098 ) ;
#3502 = VERTEX_POINT ( 'NONE', #1376 ) ;
#3503 = DIRECTION ( 'NONE',  ( 0.4999999999999999445, 0.000000000000000000, 0.8660254037844387076 ) ) ;
#3504 = VECTOR ( 'NONE', #2399, 1000.000000000000000 ) ;
#3505 = ADVANCED_FACE ( 'NONE', ( #2965 ), #826, .F. ) ;
#3506 = VERTEX_POINT ( 'NONE', #2723 ) ;
#3507 = VECTOR ( 'NONE', #864, 1000.000000000000000 ) ;
#3508 = FACE_BOUND ( 'NONE', #464, .T. ) ;
#3509 = CARTESIAN_POINT ( 'NONE',  ( -31.83520831611286184, 75.00000000000000000, -4.804245988671586254 ) ) ;
#3510 = EDGE_CURVE ( 'NONE', #3502, #1720, #528, .T. ) ;
#3511 = VERTEX_POINT ( 'NONE', #70 ) ;
#3512 = DIRECTION ( 'NONE',  ( 0.000000000000000000, 0.000000000000000000, -1.000000000000000000 ) ) ;
#3513 = DIRECTION ( 'NONE',  ( 0.000000000000000000, 0.000000000000000000, 1.000000000000000000 ) ) ;
#3514 = ORIENTED_EDGE ( 'NONE', *, *, #677, .F. ) ;
#3515 = LINE ( 'NONE', #2691, #3114 ) ;
#3516 = VECTOR ( 'NONE', #2363, 1000.000000000000000 ) ;
#3517 = CARTESIAN_POINT ( 'NONE',  ( 32.00000000000000000, 77.00000000000000000, 8.000000000000000000 ) ) ;
#3518 = CARTESIAN_POINT ( 'NONE',  ( -34.85000000000000142, 74.50000000000000000, -9.455163221085530978 ) ) ;
#3519 = AXIS2_PLACEMENT_3D ( 'NONE', #1922, #1114, #2211 ) ;
#3520 = AXIS2_PLACEMENT_3D ( 'NONE', #587, #2728, #2186 ) ;
#3521 = EDGE_LOOP ( 'NONE', ( #3199, #2032, #2856, #2068, #1578, #583, #992, #1120 ) ) ;
#3522 = DIRECTION ( 'NONE',  ( 0.000000000000000000, -1.000000000000000000, 0.000000000000000000 ) ) ;
#3523 = CIRCLE ( 'NONE', #618, 1.700000000000000178 ) ;
#3524 = ORIENTED_EDGE ( 'NONE', *, *, #2248, .F. ) ;
#3525 = CARTESIAN_POINT ( 'NONE',  ( 32.00000000000000000, 74.50000000000000000, 8.000000000000000000 ) ) ;
#3526 = APPROVAL_ROLE ( '' ) ;
#3527 = EDGE_LOOP ( 'NONE', ( #1889, #3349 ) ) ;
#3528 = CARTESIAN_POINT ( 'NONE',  ( 0.000000000000000000, 43.49999999999995026, 0.000000000000000000 ) ) ;
#3529 = FACE_OUTER_BOUND ( 'NONE', #2379, .T. ) ;
ENDSEC;
END-ISO-10303-21;
