ISO-10303-21;
HEADER;
FILE_DESCRIPTION (( 'STEP AP203' ),
    '1' );
FILE_NAME ('ARM-001_Base_pedestal.step',
    '2026-09-13T02:57:50',
    ( '' ),
    ( '' ),
    'SwSTEP 2.0',
    'SolidWorks 2026',
    '' );
FILE_SCHEMA (( 'CONFIG_CONTROL_DESIGN' ));
ENDSEC;

DATA;
#1 = CARTESIAN_POINT ( 'NONE',  ( 55.00000000000000000, 0.000000000000000000, 45.00000000000000000 ) ) ;
#2 = CARTESIAN_POINT ( 'NONE',  ( -35.00000000000000000, 28.00000000000000000, 10.40000000000000036 ) ) ;
#3 = ORIENTED_EDGE ( 'NONE', *, *, #773, .F. ) ;
#4 = PLANE ( 'NONE',  #2023 ) ;
#5 = CARTESIAN_POINT ( 'NONE',  ( 17.99045018133112706, 43.06655860302443273, 0.6589780194818473102 ) ) ;
#6 = ORIENTED_EDGE ( 'NONE', *, *, #1520, .T. ) ;
#7 = EDGE_CURVE ( 'NONE', #1428, #2327, #905, .T. ) ;
#8 = EDGE_CURVE ( 'NONE', #677, #2331, #350, .T. ) ;
#9 = CARTESIAN_POINT ( 'NONE',  ( -21.00000000000000000, 33.37867965644029766, -20.00000000000000000 ) ) ;
#10 = LINE ( 'NONE', #1972, #2109 ) ;
#11 = CARTESIAN_POINT ( 'NONE',  ( -55.00000000000000000, 5.000000000000004441, 45.00000000000000000 ) ) ;
#12 = VERTEX_POINT ( 'NONE', #1597 ) ;
#13 = DIRECTION ( 'NONE',  ( -0.000000000000000000, -1.000000000000000000, -0.000000000000000000 ) ) ;
#14 = LINE ( 'NONE', #1820, #559 ) ;
#15 = DIRECTION ( 'NONE',  ( 0.000000000000000000, -1.000000000000000000, 0.000000000000000000 ) ) ;
#16 = VERTEX_POINT ( 'NONE', #890 ) ;
#17 = CIRCLE ( 'NONE', #212, 14.00000000000000000 ) ;
#18 = EDGE_CURVE ( 'NONE', #1391, #1360, #146, .T. ) ;
#19 = FACE_OUTER_BOUND ( 'NONE', #1024, .T. ) ;
#20 = AXIS2_PLACEMENT_3D ( 'NONE', #592, #52, #1307 ) ;
#21 = EDGE_CURVE ( 'NONE', #150, #796, #409, .T. ) ;
#22 = CARTESIAN_POINT ( 'NONE',  ( -13.78931026067711230, 46.14894080613500194, -2.419914418993501570 ) ) ;
#23 = AXIS2_PLACEMENT_3D ( 'NONE', #2135, #1227, #1063 ) ;
#24 = DIRECTION ( 'NONE',  ( -0.000000000000000000, -0.000000000000000000, -1.000000000000000000 ) ) ;
#25 = CARTESIAN_POINT ( 'NONE',  ( -11.00000000000000178, 15.00000000000000000, 20.00000000000000000 ) ) ;
#26 = VECTOR ( 'NONE', #1385, 1000.000000000000000 ) ;
#27 = AXIS2_PLACEMENT_3D ( 'NONE', #1091, #2194, #2009 ) ;
#28 = ORIENTED_EDGE ( 'NONE', *, *, #2018, .F. ) ;
#29 = DIRECTION ( 'NONE',  ( 0.000000000000000000, -0.000000000000000000, -1.000000000000000000 ) ) ;
#30 = DIRECTION ( 'NONE',  ( 0.000000000000000000, 0.000000000000000000, 1.000000000000000000 ) ) ;
#31 = VERTEX_POINT ( 'NONE', #531 ) ;
#32 = DIRECTION ( 'NONE',  ( 0.000000000000000000, 0.000000000000000000, -1.000000000000000000 ) ) ;
#33 = CARTESIAN_POINT ( 'NONE',  ( 13.94436023423958027, 43.33131832912346226, 1.254311142033046611 ) ) ;
#34 = CARTESIAN_POINT ( 'NONE',  ( -13.99706564353899374, 47.98371325702410672, -0.3283239205757456092 ) ) ;
#35 = CARTESIAN_POINT ( 'NONE',  ( 59.99999999999993605, 5.000000000000000000, 60.00000000000000000 ) ) ;
#36 = ADVANCED_FACE ( 'NONE', ( #695 ), #1047, .T. ) ;
#37 = PLANE ( 'NONE',  #1505 ) ;
#38 = ORIENTED_EDGE ( 'NONE', *, *, #1497, .T. ) ;
#39 = CYLINDRICAL_SURFACE ( 'NONE', #739, 1.600000000000000755 ) ;
#40 = CARTESIAN_POINT ( 'NONE',  ( -21.00000000000000000, 15.00000000000000000, 20.00000000000000000 ) ) ;
#41 = ORIENTED_EDGE ( 'NONE', *, *, #1056, .F. ) ;
#42 = FACE_OUTER_BOUND ( 'NONE', #288, .T. ) ;
#43 = FACE_OUTER_BOUND ( 'NONE', #902, .T. ) ;
#44 = ADVANCED_FACE ( 'NONE', ( #1246 ), #149, .F. ) ;
#45 = CALENDAR_DATE ( 2026, 12, 9 ) ;
#46 = CARTESIAN_POINT ( 'NONE',  ( 70.00000000000000000, 5.000000000000000000, 49.99999999999992895 ) ) ;
#47 = LINE ( 'NONE', #573, #635 ) ;
#48 = DIRECTION ( 'NONE',  ( 0.000000000000000000, 0.000000000000000000, -1.000000000000000000 ) ) ;
#49 = ADVANCED_FACE ( 'NONE', ( #158 ), #1785, .F. ) ;
#50 = ORIENTED_EDGE ( 'NONE', *, *, #199, .T. ) ;
#51 = FACE_OUTER_BOUND ( 'NONE', #2204, .T. ) ;
#52 = DIRECTION ( 'NONE',  ( 0.000000000000000000, 1.000000000000000000, 0.000000000000000000 ) ) ;
#53 = ORIENTED_EDGE ( 'NONE', *, *, #1940, .F. ) ;
#54 = CARTESIAN_POINT ( 'NONE',  ( 60.00000000000001421, 0.000000000000000000, -50.00000000000000000 ) ) ;
#55 = CARTESIAN_POINT ( 'NONE',  ( 13.78938628576195846, 44.84971007570410251, 2.419480509528800116 ) ) ;
#56 = AXIS2_PLACEMENT_3D ( 'NONE', #792, #627, #949 ) ;
#57 = DATE_TIME_ROLE ( 'classification_date' ) ;
#58 = DIRECTION ( 'NONE',  ( -1.000000000000000000, 0.000000000000000000, -0.000000000000000000 ) ) ;
#59 = AXIS2_PLACEMENT_3D ( 'NONE', #221, #2224, #1859 ) ;
#60 = CARTESIAN_POINT ( 'NONE',  ( -55.00000000000000000, 71.00000000000001421, 47.75000000000000000 ) ) ;
#61 = VECTOR ( 'NONE', #365, 1000.000000000000000 ) ;
#62 = ORIENTED_EDGE ( 'NONE', *, *, #848, .T. ) ;
#63 = AXIS2_PLACEMENT_3D ( 'NONE', #1, #1998, #1102 ) ;
#64 = DIRECTION ( 'NONE',  ( -0.000000000000000000, -1.000000000000000000, -0.000000000000000000 ) ) ;
#65 = CARTESIAN_POINT ( 'NONE',  ( 0.000000000000000000, 68.00000000000000000, 0.000000000000000000 ) ) ;
#66 = AXIS2_PLACEMENT_3D ( 'NONE', #1897, #1924, #1057 ) ;
#67 = ORIENTED_EDGE ( 'NONE', *, *, #2341, .F. ) ;
#68 = CIRCLE ( 'NONE', #714, 11.09999999999999964 ) ;
#69 = EDGE_CURVE ( 'NONE', #771, #822, #262, .T. ) ;
#70 = CARTESIAN_POINT ( 'NONE',  ( -17.95837048019460624, 43.31633115846696569, -1.259952163057163066 ) ) ;
#71 = CARTESIAN_POINT ( 'NONE',  ( 13.90265466842987152, 43.61668745355277110, -1.652178179183418916 ) ) ;
#72 = LINE ( 'NONE', #779, #1465 ) ;
#73 = CARTESIAN_POINT ( 'NONE',  ( 0.000000000000000000, 55.00000000000000000, 0.000000000000000000 ) ) ;
#74 = MANIFOLD_SOLID_BREP ( 'Chamfer1', #789 ) ;
#75 = ORIENTED_EDGE ( 'NONE', *, *, #7, .F. ) ;
#76 = ORIENTED_EDGE ( 'NONE', *, *, #834, .T. ) ;
#77 = VERTEX_POINT ( 'NONE', #1656 ) ;
#78 = LINE ( 'NONE', #2064, #1757 ) ;
#79 = ORIENTED_EDGE ( 'NONE', *, *, #358, .F. ) ;
#80 = CARTESIAN_POINT ( 'NONE',  ( -17.82554346997588368, 45.50000000000000000, -2.500000000000000000 ) ) ;
#81 = CARTESIAN_POINT ( 'NONE',  ( 13.90283010758388293, 43.61532898245693701, 1.650779391512678274 ) ) ;
#82 = EDGE_CURVE ( 'NONE', #1574, #456, #944, .T. ) ;
#83 = CARTESIAN_POINT ( 'NONE',  ( -35.00000000000000000, 58.00000000000004974, 20.00000000000000000 ) ) ;
#84 = LINE ( 'NONE', #600, #1123 ) ;
#85 = ORIENTED_EDGE ( 'NONE', *, *, #21, .F. ) ;
#86 = ORIENTED_EDGE ( 'NONE', *, *, #1036, .F. ) ;
#87 = CARTESIAN_POINT ( 'NONE',  ( 2.204364238465235428E-15, 43.00000000000000000, 18.00000000000000000 ) ) ;
#88 = ORIENTED_EDGE ( 'NONE', *, *, #1810, .T. ) ;
#89 = CARTESIAN_POINT ( 'NONE',  ( 70.00000000000000000, 45.50000000000000000, -2.500000000000000000 ) ) ;
#90 = CARTESIAN_POINT ( 'NONE',  ( -19.50000000000000000, 33.37867965644029766, 20.00000000000000000 ) ) ;
#91 = EDGE_CURVE ( 'NONE', #204, #1941, #2343, .T. ) ;
#92 = FACE_OUTER_BOUND ( 'NONE', #1712, .T. ) ;
#93 = AXIS2_PLACEMENT_3D ( 'NONE', #1311, #1874, #2007 ) ;
#94 = DIRECTION ( 'NONE',  ( 0.000000000000000000, 1.000000000000000000, -0.000000000000000000 ) ) ;
#95 = ADVANCED_FACE ( 'NONE', ( #1303 ), #37, .F. ) ;
#96 = VECTOR ( 'NONE', #160, 1000.000000000000000 ) ;
#97 = EDGE_LOOP ( 'NONE', ( #669, #2346, #1736, #41, #85, #468, #899, #2124 ) ) ;
#98 = ORIENTED_EDGE ( 'NONE', *, *, #547, .T. ) ;
#99 = VECTOR ( 'NONE', #2016, 1000.000000000000000 ) ;
#100 = FACE_OUTER_BOUND ( 'NONE', #2256, .T. ) ;
#101 = VECTOR ( 'NONE', #1172, 1000.000000000000000 ) ;
#102 = ORIENTED_EDGE ( 'NONE', *, *, #1079, .T. ) ;
#103 = CARTESIAN_POINT ( 'NONE',  ( 18.00000000000000000, 43.00000000000000000, -10.00000000000000000 ) ) ;
#104 = CARTESIAN_POINT ( 'NONE',  ( -11.00000000000000178, 5.000000000000000000, -30.00000000000000000 ) ) ;
#105 = CARTESIAN_POINT ( 'NONE',  ( -17.89017960054821899, 47.02535853610221750, 1.987404251383103837 ) ) ;
#106 = CYLINDRICAL_SURFACE ( 'NONE', #1801, 2.750000000000002665 ) ;
#107 = CARTESIAN_POINT ( 'NONE',  ( -13.77497731395590996, 45.33658208163353009, -2.500000000000000444 ) ) ;
#108 = EDGE_CURVE ( 'NONE', #1108, #1013, #1886, .T. ) ;
#109 = ORIENTED_EDGE ( 'NONE', *, *, #224, .T. ) ;
#110 = ORIENTED_EDGE ( 'NONE', *, *, #1940, .T. ) ;
#111 = LINE ( 'NONE', #2283, #1344 ) ;
#112 = EDGE_LOOP ( 'NONE', ( #2335, #1438 ) ) ;
#113 = CARTESIAN_POINT ( 'NONE',  ( 55.00000000000000000, 0.000000000000000000, -47.75000000000000000 ) ) ;
#114 = CARTESIAN_POINT ( 'NONE',  ( 70.00000000000000000, 5.000000000000000000, 49.99999999999992895 ) ) ;
#115 = ORIENTED_EDGE ( 'NONE', *, *, #1110, .F. ) ;
#116 = DIRECTION ( 'NONE',  ( -0.000000000000000000, -1.000000000000000000, -0.000000000000000000 ) ) ;
#117 = FACE_OUTER_BOUND ( 'NONE', #935, .T. ) ;
#118 = CARTESIAN_POINT ( 'NONE',  ( -35.00000000000000000, 5.000000000000000000, 20.00000000000000000 ) ) ;
#119 = EDGE_CURVE ( 'NONE', #1797, #1711, #917, .T. ) ;
#120 = ORIENTED_EDGE ( 'NONE', *, *, #1310, .F. ) ;
#121 = CARTESIAN_POINT ( 'NONE',  ( -13.77497731395590996, 45.50000000000000000, 2.500000000000000000 ) ) ;
#122 = ORIENTED_EDGE ( 'NONE', *, *, #1140, .T. ) ;
#123 = ADVANCED_FACE ( 'NONE', ( #1986 ), #1116, .T. ) ;
#124 = ORIENTED_EDGE ( 'NONE', *, *, #1376, .F. ) ;
#125 = CARTESIAN_POINT ( 'NONE',  ( -15.37867965644035273, 37.50000000000000000, -20.00000000000000000 ) ) ;
#126 = CARTESIAN_POINT ( 'NONE',  ( -11.00000000000000178, 5.000000000000000000, -30.00000000000000000 ) ) ;
#127 = ORIENTED_EDGE ( 'NONE', *, *, #1709, .T. ) ;
#128 = CARTESIAN_POINT ( 'NONE',  ( 55.00000000000000000, 71.00000000000001421, 47.75000000000000000 ) ) ;
#129 = FACE_OUTER_BOUND ( 'NONE', #1993, .T. ) ;
#130 = DIRECTION ( 'NONE',  ( 0.000000000000000000, 0.000000000000000000, -1.000000000000000000 ) ) ;
#131 = ORIENTED_EDGE ( 'NONE', *, *, #2037, .T. ) ;
#132 = CARTESIAN_POINT ( 'NONE',  ( -13.95687421211570012, 43.25319630238126933, 1.108336306574287500 ) ) ;
#133 = DIRECTION ( 'NONE',  ( 0.000000000000000000, 0.000000000000000000, 1.000000000000000000 ) ) ;
#134 = CIRCLE ( 'NONE', #1454, 2.750000000000002665 ) ;
#135 = ORIENTED_EDGE ( 'NONE', *, *, #2324, .F. ) ;
#136 = CIRCLE ( 'NONE', #1043, 2.750000000000002665 ) ;
#137 = DIRECTION ( 'NONE',  ( 0.000000000000000000, 0.000000000000000000, -1.000000000000000000 ) ) ;
#138 = CARTESIAN_POINT ( 'NONE',  ( 13.77497731395590996, 45.50000000000000000, -2.500000000000000000 ) ) ;
#139 = AXIS2_PLACEMENT_3D ( 'NONE', #1341, #2257, #2079 ) ;
#140 = ORIENTED_EDGE ( 'NONE', *, *, #2015, .T. ) ;
#141 = EDGE_CURVE ( 'NONE', #642, #1275, #1848, .T. ) ;
#142 = AXIS2_PLACEMENT_3D ( 'NONE', #539, #1254, #1630 ) ;
#143 = CARTESIAN_POINT ( 'NONE',  ( -17.82554346997588368, 45.66327818883907241, 2.499999999999999556 ) ) ;
#144 = CIRCLE ( 'NONE', #1052, 11.09999999999999964 ) ;
#145 = CYLINDRICAL_SURFACE ( 'NONE', #1501, 14.00000000000000000 ) ;
#146 = CIRCLE ( 'NONE', #1691, 18.00000000000000000 ) ;
#147 = EDGE_LOOP ( 'NONE', ( #2314, #883 ) ) ;
#148 = CARTESIAN_POINT ( 'NONE',  ( -13.91737531456935884, 43.51220386006556140, -1.524842003843603910 ) ) ;
#149 = CYLINDRICAL_SURFACE ( 'NONE', #1996, 2.500000000000000000 ) ;
#150 = VERTEX_POINT ( 'NONE', #1472 ) ;
#151 = CARTESIAN_POINT ( 'NONE',  ( 70.00000000000000000, 28.00000000000000000, 13.60000000000000142 ) ) ;
#152 = FACE_OUTER_BOUND ( 'NONE', #2345, .T. ) ;
#153 = EDGE_CURVE ( 'NONE', #456, #1729, #761, .T. ) ;
#154 = DIRECTION ( 'NONE',  ( -1.000000000000000000, 0.000000000000000000, 0.000000000000000000 ) ) ;
#155 = CARTESIAN_POINT ( 'NONE',  ( -21.00000000000000355, 28.00000000000000000, 12.00000000000000000 ) ) ;
#156 = ORIENTED_EDGE ( 'NONE', *, *, #182, .F. ) ;
#157 = CARTESIAN_POINT ( 'NONE',  ( 0.000000000000000000, 63.00000000000000000, -11.09999999999999964 ) ) ;
#158 = FACE_OUTER_BOUND ( 'NONE', #1589, .T. ) ;
#159 = ORIENTED_EDGE ( 'NONE', *, *, #563, .F. ) ;
#160 = DIRECTION ( 'NONE',  ( 0.000000000000000000, -1.000000000000000000, 0.000000000000000000 ) ) ;
#161 = CARTESIAN_POINT ( 'NONE',  ( -60.00000000000001421, 5.000000000000000000, 50.00000000000000000 ) ) ;
#162 = ORIENTED_EDGE ( 'NONE', *, *, #2285, .F. ) ;
#163 =( BOUNDED_CURVE ( )  B_SPLINE_CURVE ( 3, ( #242, #425, #1105, #2014 ),
 .UNSPECIFIED., .F., .T. ) 
 B_SPLINE_CURVE_WITH_KNOTS ( ( 4, 4 ),
 ( 1.570796326794896558, 3.141592653589793116 ),
 .UNSPECIFIED. ) 
 CURVE ( )  GEOMETRIC_REPRESENTATION_ITEM ( )  RATIONAL_B_SPLINE_CURVE ( ( 1.000000000000000000, 0.8047378541243649375, 0.8047378541243649375, 1.000000000000000000 ) ) 
 REPRESENTATION_ITEM ( '' )  );
#164 = CARTESIAN_POINT ( 'NONE',  ( -60.00000000000001421, 0.000000000000000000, 50.00000000000000000 ) ) ;
#165 = DIRECTION ( 'NONE',  ( 0.000000000000000000, 0.000000000000000000, -1.000000000000000000 ) ) ;
#166 = ADVANCED_FACE ( 'NONE', ( #589 ), #1279, .T. ) ;
#167 = DIRECTION ( 'NONE',  ( 0.000000000000000000, -1.000000000000000000, 0.000000000000000000 ) ) ;
#168 = EDGE_LOOP ( 'NONE', ( #2282, #435, #1932, #1117 ) ) ;
#169 = VECTOR ( 'NONE', #582, 1000.000000000000000 ) ;
#170 = DIRECTION ( 'NONE',  ( 0.000000000000000000, 0.000000000000000000, 1.000000000000000000 ) ) ;
#171 = DIRECTION ( 'NONE',  ( 1.000000000000000000, -0.000000000000000000, 0.000000000000000000 ) ) ;
#172 = ORIENTED_EDGE ( 'NONE', *, *, #2141, .F. ) ;
#173 = VERTEX_POINT ( 'NONE', #376 ) ;
#174 = AXIS2_PLACEMENT_3D ( 'NONE', #659, #1176, #483 ) ;
#175 = VECTOR ( 'NONE', #24, 1000.000000000000000 ) ;
#176 = VECTOR ( 'NONE', #1756, 1000.000000000000000 ) ;
#177 = CYLINDRICAL_SURFACE ( 'NONE', #1347, 11.09999999999999964 ) ;
#178 = ORIENTED_EDGE ( 'NONE', *, *, #1944, .T. ) ;
#179 = CC_DESIGN_APPROVAL ( #1294, ( #297 ) ) ;
#180 = CARTESIAN_POINT ( 'NONE',  ( 1.359357947053562156E-15, 71.00000000000001421, 11.09999999999999964 ) ) ;
#181 = CARTESIAN_POINT ( 'NONE',  ( 0.000000000000000000, 0.000000000000000000, -20.00000000000000000 ) ) ;
#182 = EDGE_CURVE ( 'NONE', #819, #2168, #1346, .T. ) ;
#183 = ORIENTED_EDGE ( 'NONE', *, *, #1725, .F. ) ;
#184 = CARTESIAN_POINT ( 'NONE',  ( -35.00000000000000000, 15.00000000000000000, 20.00000000000000000 ) ) ;
#185 = CARTESIAN_POINT ( 'NONE',  ( -14.00000000000000000, 47.99999999999999289, 0.000000000000000000 ) ) ;
#186 = AXIS2_PLACEMENT_3D ( 'NONE', #748, #1093, #1642 ) ;
#187 = ORIENTED_EDGE ( 'NONE', *, *, #1638, .T. ) ;
#188 = ORIENTED_EDGE ( 'NONE', *, *, #888, .F. ) ;
#189 = DIRECTION ( 'NONE',  ( -1.000000000000000000, -0.000000000000000000, -0.000000000000000000 ) ) ;
#190 = CARTESIAN_POINT ( 'NONE',  ( -13.85854783668030521, 47.03672472110040559, -1.998612875830826141 ) ) ;
#191 = DIRECTION ( 'NONE',  ( -1.000000000000000000, 0.000000000000000000, 0.000000000000000000 ) ) ;
#192 = CARTESIAN_POINT ( 'NONE',  ( -21.00000000000000000, 43.00000000000000000, 20.00000000000000000 ) ) ;
#193 = ORIENTED_EDGE ( 'NONE', *, *, #404, .T. ) ;
#194 = FACE_BOUND ( 'NONE', #673, .T. ) ;
#195 = ADVANCED_FACE ( 'NONE', ( #2072 ), #1999, .F. ) ;
#196 = LINE ( 'NONE', #2165, #1384 ) ;
#197 = ORIENTED_EDGE ( 'NONE', *, *, #940, .F. ) ;
#198 = ORIENTED_EDGE ( 'NONE', *, *, #1857, .F. ) ;
#199 = EDGE_CURVE ( 'NONE', #2327, #289, #1767, .T. ) ;
#200 = CARTESIAN_POINT ( 'NONE',  ( -35.00000000000000000, 28.00000000000000000, 12.00000000000000000 ) ) ;
#201 = CARTESIAN_POINT ( 'NONE',  ( -13.78926282553437943, 46.14756559224445454, 2.420180792385579593 ) ) ;
#202 = CARTESIAN_POINT ( 'NONE',  ( -45.00000000000000000, 5.000000000000000000, 30.00000000000000000 ) ) ;
#203 = CARTESIAN_POINT ( 'NONE',  ( -21.00000000000000000, 58.00000000000004974, 20.00000000000000000 ) ) ;
#204 = VERTEX_POINT ( 'NONE', #2 ) ;
#205 = FACE_OUTER_BOUND ( 'NONE', #874, .T. ) ;
#206 = CARTESIAN_POINT ( 'NONE',  ( 13.95674387236215530, 47.74600558074602930, 1.110095789039655223 ) ) ;
#207 = APPLICATION_PROTOCOL_DEFINITION ( 'international standard', 'config_control_design', 1994, #1537 ) ;
#208 = ORIENTED_EDGE ( 'NONE', *, *, #346, .F. ) ;
#209 = AXIS2_PLACEMENT_3D ( 'NONE', #225, #1332, #1298 ) ;
#210 = PLANE ( 'NONE',  #929 ) ;
#211 = FACE_OUTER_BOUND ( 'NONE', #2154, .T. ) ;
#212 = AXIS2_PLACEMENT_3D ( 'NONE', #2069, #500, #1546 ) ;
#213 = EDGE_CURVE ( 'NONE', #1474, #1524, #2230, .T. ) ;
#214 = VECTOR ( 'NONE', #1703, 1000.000000000000000 ) ;
#215 = CARTESIAN_POINT ( 'NONE',  ( -13.77497731395591352, 45.66505396946503481, 2.499999999999999556 ) ) ;
#216 = AXIS2_PLACEMENT_3D ( 'NONE', #1856, #1724, #1316 ) ;
#217 = LINE ( 'NONE', #1655, #560 ) ;
#218 = DIRECTION ( 'NONE',  ( 1.000000000000000000, 0.000000000000000000, 0.000000000000000000 ) ) ;
#219 = VECTOR ( 'NONE', #1383, 1000.000000000000000 ) ;
#220 = ORIENTED_EDGE ( 'NONE', *, *, #444, .F. ) ;
#221 = CARTESIAN_POINT ( 'NONE',  ( 0.000000000000000000, 39.00000000000000000, 0.000000000000000000 ) ) ;
#222 = CARTESIAN_POINT ( 'NONE',  ( 13.90249901354925655, 47.38215900057863195, 1.653472579304024803 ) ) ;
#223 = VERTEX_POINT ( 'NONE', #1667 ) ;
#224 = EDGE_CURVE ( 'NONE', #611, #921, #734, .T. ) ;
#225 = CARTESIAN_POINT ( 'NONE',  ( -21.00000000000000355, 28.00000000000000000, -12.00000000000000000 ) ) ;
#226 = CARTESIAN_POINT ( 'NONE',  ( 1.359357947053562156E-15, 48.00000000000000000, 11.09999999999999964 ) ) ;
#227 = EDGE_CURVE ( 'NONE', #1834, #2259, #629, .T. ) ;
#228 = PERSON_AND_ORGANIZATION_ROLE ( 'design_supplier' ) ;
#229 = CARTESIAN_POINT ( 'NONE',  ( 18.00000000000000000, 39.00000000000000000, -9.999999999999998224 ) ) ;
#230 = LINE ( 'NONE', #35, #2185 ) ;
#231 = CARTESIAN_POINT ( 'NONE',  ( 60.00000000000001421, 0.000000000000000000, 50.00000000000000000 ) ) ;
#232 = ORIENTED_EDGE ( 'NONE', *, *, #1883, .T. ) ;
#233 = FACE_BOUND ( 'NONE', #1339, .T. ) ;
#234 = CARTESIAN_POINT ( 'NONE',  ( 0.000000000000000000, 47.99999999999999289, 0.000000000000000000 ) ) ;
#235 = ORIENTED_EDGE ( 'NONE', *, *, #1958, .F. ) ;
#236 = LINE ( 'NONE', #2228, #736 ) ;
#237 = SECURITY_CLASSIFICATION_LEVEL ( 'unclassified' ) ;
#238 = DIRECTION ( 'NONE',  ( -0.000000000000000000, 0.7071067811865465735, -0.7071067811865484609 ) ) ;
#239 = CARTESIAN_POINT ( 'NONE',  ( 18.00000000000000000, 43.00000000000000000, -0.1654351656551431571 ) ) ;
#240 = EDGE_CURVE ( 'NONE', #2119, #749, #134, .T. ) ;
#241 = ORIENTED_EDGE ( 'NONE', *, *, #1376, .T. ) ;
#242 = CARTESIAN_POINT ( 'NONE',  ( -45.00000000000000000, 5.000000000000000000, -30.00000000000000000 ) ) ;
#243 = DIRECTION ( 'NONE',  ( -1.000000000000000000, 0.000000000000000000, 0.000000000000000000 ) ) ;
#244 = VERTEX_POINT ( 'NONE', #1909 ) ;
#245 = DIRECTION ( 'NONE',  ( 0.000000000000000000, 1.000000000000000000, -0.000000000000000000 ) ) ;
#246 = CARTESIAN_POINT ( 'NONE',  ( 13.87321980866317617, 43.84787176541581033, 1.883488715203643027 ) ) ;
#247 = CARTESIAN_POINT ( 'NONE',  ( -35.00000000000000000, 39.00000000000000000, -20.00000000000000000 ) ) ;
#248 = AXIS2_PLACEMENT_3D ( 'NONE', #2144, #1257, #1975 ) ;
#249 = CARTESIAN_POINT ( 'NONE',  ( -60.00000000000001421, 5.000000000000000000, -60.00000000000000000 ) ) ;
#250 = CIRCLE ( 'NONE', #1983, 18.00000000000000000 ) ;
#251 = EDGE_LOOP ( 'NONE', ( #2108, #122, #291, #62, #1822, #918, #2088, #1451 ) ) ;
#252 = CIRCLE ( 'NONE', #1010, 14.00000000000000000 ) ;
#253 = ORIENTED_EDGE ( 'NONE', *, *, #955, .F. ) ;
#254 = CARTESIAN_POINT ( 'NONE',  ( 17.82554346997588368, 45.50000000000000000, 2.500000000000000000 ) ) ;
#255 = EDGE_CURVE ( 'NONE', #685, #776, #490, .T. ) ;
#256 = EDGE_CURVE ( 'NONE', #223, #2331, #645, .T. ) ;
#257 = CARTESIAN_POINT ( 'NONE',  ( -35.00000000000000000, 43.00000000000000000, -20.00000000000000000 ) ) ;
#258 = CIRCLE ( 'NONE', #1127, 9.999999999999994671 ) ;
#259 = ORIENTED_EDGE ( 'NONE', *, *, #520, .T. ) ;
#260 = DIRECTION ( 'NONE',  ( -1.000000000000000000, 0.000000000000000000, 0.000000000000000000 ) ) ;
#261 = CARTESIAN_POINT ( 'NONE',  ( 13.81874533078624090, 44.39068909923127393, 2.246405453634747307 ) ) ;
#262 = CIRCLE ( 'NONE', #186, 14.00000000000000000 ) ;
#263 = LINE ( 'NONE', #1846, #1313 ) ;
#264 = VECTOR ( 'NONE', #412, 1000.000000000000000 ) ;
#265 = CARTESIAN_POINT ( 'NONE',  ( 60.00000000000001421, 5.000000000000000000, -50.00000000000000000 ) ) ;
#266 = ORIENTED_EDGE ( 'NONE', *, *, #1398, .T. ) ;
#267 = VERTEX_POINT ( 'NONE', #2094 ) ;
#268 = LINE ( 'NONE', #878, #214 ) ;
#269 = EDGE_LOOP ( 'NONE', ( #1672, #1493 ) ) ;
#270 = EDGE_CURVE ( 'NONE', #2119, #1934, #513, .T. ) ;
#271 = CARTESIAN_POINT ( 'NONE',  ( 55.00000000000000000, 5.000000000000004441, 45.00000000000000000 ) ) ;
#272 = CARTESIAN_POINT ( 'NONE',  ( 13.78926282553437943, 46.14756559224445454, -2.420180792385579593 ) ) ;
#273 = EDGE_CURVE ( 'NONE', #992, #289, #1358, .T. ) ;
#274 = CARTESIAN_POINT ( 'NONE',  ( -21.00000000000000000, 33.99999999999994316, -27.07106781186552169 ) ) ;
#275 = PRODUCT_DEFINITION_SHAPE ( 'NONE', 'NONE',  #284 ) ;
#276 = DIRECTION ( 'NONE',  ( 0.000000000000000000, 1.000000000000000000, 0.000000000000000000 ) ) ;
#277 = EDGE_LOOP ( 'NONE', ( #948, #1399 ) ) ;
#278 = EDGE_LOOP ( 'NONE', ( #2060, #2086 ) ) ;
#279 = DIRECTION ( 'NONE',  ( -1.000000000000000000, -0.000000000000000000, -0.000000000000000000 ) ) ;
#280 = ORIENTED_EDGE ( 'NONE', *, *, #1568, .T. ) ;
#281 = LINE ( 'NONE', #2297, #363 ) ;
#282 = CARTESIAN_POINT ( 'NONE',  ( -17.86898290268020517, 44.24735457172464947, 2.169772189345270164 ) ) ;
#283 = CARTESIAN_POINT ( 'NONE',  ( 59.99999999999993605, 5.000000000000000000, 60.00000000000000000 ) ) ;
#284 = PRODUCT_DEFINITION ( 'UNKNOWN', '', #1055, #2180 ) ;
#285 = ADVANCED_FACE ( 'NONE', ( #1935 ), #1406, .F. ) ;
#286 = CARTESIAN_POINT ( 'NONE',  ( -35.00000000000000000, 28.00000000000000000, -13.60000000000000142 ) ) ;
#287 = CARTESIAN_POINT ( 'NONE',  ( -21.00000000000000000, 33.37867965644029766, 20.00000000000000000 ) ) ;
#288 = EDGE_LOOP ( 'NONE', ( #2306, #3, #1563, #457 ) ) ;
#289 = VERTEX_POINT ( 'NONE', #1707 ) ;
#290 = CIRCLE ( 'NONE', #1572, 18.00000000000000000 ) ;
#291 = ORIENTED_EDGE ( 'NONE', *, *, #1137, .T. ) ;
#292 = DIRECTION ( 'NONE',  ( -1.000000000000000000, 0.000000000000000000, 0.000000000000000000 ) ) ;
#293 = VERTEX_POINT ( 'NONE', #283 ) ;
#294 = FACE_OUTER_BOUND ( 'NONE', #1088, .T. ) ;
#295 = AXIS2_PLACEMENT_3D ( 'NONE', #299, #321, #1042 ) ;
#296 = CARTESIAN_POINT ( 'NONE',  ( 13.83111768682473830, 46.75224176343813554, -2.169932383611663518 ) ) ;
#297 = SECURITY_CLASSIFICATION ( '', '', #237 ) ;
#298 = CARTESIAN_POINT ( 'NONE',  ( -17.96652888453468577, 47.74722497350209949, 1.107611499954533230 ) ) ;
#299 = CARTESIAN_POINT ( 'NONE',  ( -35.00000000000000000, 68.00000000000000000, 20.00000000000000000 ) ) ;
#300 = FACE_OUTER_BOUND ( 'NONE', #1186, .T. ) ;
#301 = EDGE_CURVE ( 'NONE', #1394, #648, #2305, .T. ) ;
#302 = AXIS2_PLACEMENT_3D ( 'NONE', #274, #1621, #630 ) ;
#303 = ORIENTED_EDGE ( 'NONE', *, *, #1140, .F. ) ;
#304 = CARTESIAN_POINT ( 'NONE',  ( 18.00000000000000000, 43.00000000000000000, 10.00000000000000000 ) ) ;
#305 = ORIENTED_EDGE ( 'NONE', *, *, #679, .T. ) ;
#306 = ORIENTED_EDGE ( 'NONE', *, *, #404, .F. ) ;
#307 = PLANE ( 'NONE',  #408 ) ;
#308 = ORIENTED_EDGE ( 'NONE', *, *, #784, .F. ) ;
#309 = CARTESIAN_POINT ( 'NONE',  ( 0.000000000000000000, 71.00000000000001421, 0.000000000000000000 ) ) ;
#310 = CARTESIAN_POINT ( 'NONE',  ( 13.99706924983771827, 47.98373839272468899, -0.3288127542806037473 ) ) ;
#311 = CARTESIAN_POINT ( 'NONE',  ( -17.82554346997588368, 45.50000000000000000, -2.500000000000000000 ) ) ;
#312 = FACE_OUTER_BOUND ( 'NONE', #1403, .T. ) ;
#313 = CYLINDRICAL_SURFACE ( 'NONE', #1686, 11.09999999999999964 ) ;
#314 = ORIENTED_EDGE ( 'NONE', *, *, #82, .F. ) ;
#315 = DIRECTION ( 'NONE',  ( 0.000000000000000000, 1.000000000000000000, 0.000000000000000000 ) ) ;
#316 = CARTESIAN_POINT ( 'NONE',  ( 17.99772171286558375, 47.98374518581171344, -0.3282740843300800959 ) ) ;
#317 = ADVANCED_FACE ( 'NONE', ( #1569, #2301, #678, #1395, #2125 ), #558, .F. ) ;
#318 = ORIENTED_EDGE ( 'NONE', *, *, #2127, .F. ) ;
#319 = CARTESIAN_POINT ( 'NONE',  ( -21.00000000000000000, 15.00000000000000000, -20.00000000000000000 ) ) ;
#320 = CARTESIAN_POINT ( 'NONE',  ( -17.90153196249008261, 47.15175337339759665, 1.883846027710762261 ) ) ;
#321 = DIRECTION ( 'NONE',  ( 0.000000000000000000, -1.000000000000000000, 0.000000000000000000 ) ) ;
#322 = ORIENTED_EDGE ( 'NONE', *, *, #1709, .F. ) ;
#323 = CARTESIAN_POINT ( 'NONE',  ( -13.97762742863162266, 43.12768395077739569, -0.8055416713485178404 ) ) ;
#324 = CARTESIAN_POINT ( 'NONE',  ( 17.92453452202722275, 47.38477596382748658, -1.650692166586511522 ) ) ;
#325 = AXIS2_PLACEMENT_3D ( 'NONE', #919, #884, #1633 ) ;
#326 = ORIENTED_EDGE ( 'NONE', *, *, #618, .T. ) ;
#327 = AXIS2_PLACEMENT_3D ( 'NONE', #161, #1258, #885 ) ;
#328 = EDGE_CURVE ( 'NONE', #1228, #626, #355, .T. ) ;
#329 = DIRECTION ( 'NONE',  ( -0.000000000000000000, -1.000000000000000000, -0.000000000000000000 ) ) ;
#330 = EDGE_CURVE ( 'NONE', #648, #1391, #1843, .T. ) ;
#331 = CARTESIAN_POINT ( 'NONE',  ( 18.00000000000000000, 43.00000000000000000, 0.000000000000000000 ) ) ;
#332 = AXIS2_PLACEMENT_3D ( 'NONE', #1816, #2172, #1799 ) ;
#333 = CIRCLE ( 'NONE', #1720, 2.750000000000002665 ) ;
#334 = VECTOR ( 'NONE', #1100, 1000.000000000000000 ) ;
#335 = PLANE ( 'NONE',  #2186 ) ;
#336 = CIRCLE ( 'NONE', #1726, 1.600000000000000755 ) ;
#337 = COORDINATED_UNIVERSAL_TIME_OFFSET ( 6, 0, .BEHIND. ) ;
#338 = CARTESIAN_POINT ( 'NONE',  ( -13.94438111264216751, 43.33115557834740628, 1.254180513100947580 ) ) ;
#339 = CARTESIAN_POINT ( 'NONE',  ( -59.99999999999993605, 0.000000000000000000, 60.00000000000000000 ) ) ;
#340 = ORIENTED_EDGE ( 'NONE', *, *, #575, .F. ) ;
#341 = FACE_OUTER_BOUND ( 'NONE', #1082, .T. ) ;
#342 = CARTESIAN_POINT ( 'NONE',  ( 8.000000000000000000, 43.00000000000000000, -20.00000000000000000 ) ) ;
#343 = ORIENTED_EDGE ( 'NONE', *, *, #720, .F. ) ;
#344 = ADVANCED_FACE ( 'NONE', ( #962, #766 ), #436, .T. ) ;
#345 = DIRECTION ( 'NONE',  ( 0.000000000000000000, 1.000000000000000000, 0.000000000000000000 ) ) ;
#346 = EDGE_CURVE ( 'NONE', #1797, #835, #1673, .T. ) ;
#347 = CARTESIAN_POINT ( 'NONE',  ( -13.82906170540714896, 46.75817687973790981, -2.184728477154413095 ) ) ;
#348 = APPROVAL_ROLE ( '' ) ;
#349 = CARTESIAN_POINT ( 'NONE',  ( 0.000000000000000000, 71.00000000000001421, 0.000000000000000000 ) ) ;
#350 = LINE ( 'NONE', #2132, #1764 ) ;
#351 = ORIENTED_EDGE ( 'NONE', *, *, #1165, .T. ) ;
#352 = LINE ( 'NONE', #1440, #1160 ) ;
#353 = CARTESIAN_POINT ( 'NONE',  ( 17.85934350201489096, 44.39142393788996088, 2.246740643699007389 ) ) ;
#354 = ORIENTED_EDGE ( 'NONE', *, *, #538, .T. ) ;
#355 = LINE ( 'NONE', #1075, #1942 ) ;
#356 = DIRECTION ( 'NONE',  ( 0.000000000000000000, 1.000000000000000000, 0.000000000000000000 ) ) ;
#357 = EDGE_CURVE ( 'NONE', #1684, #1599, #236, .T. ) ;
#358 = EDGE_CURVE ( 'NONE', #1275, #845, #666, .T. ) ;
#359 = CARTESIAN_POINT ( 'NONE',  ( -13.85837772356353348, 47.02411485665101765, 1.988413912464115585 ) ) ;
#360 = CARTESIAN_POINT ( 'NONE',  ( -21.00000000000000355, 28.00000000000000000, 12.00000000000000000 ) ) ;
#361 = CARTESIAN_POINT ( 'NONE',  ( 17.93567704608967261, 47.48663828112081120, 1.526505693382059103 ) ) ;
#362 = ORIENTED_EDGE ( 'NONE', *, *, #621, .T. ) ;
#363 = VECTOR ( 'NONE', #847, 1000.000000000000000 ) ;
#364 = CARTESIAN_POINT ( 'NONE',  ( 1.359357947053562156E-15, 63.00000000000000000, 11.09999999999999964 ) ) ;
#365 = DIRECTION ( 'NONE',  ( 0.000000000000000000, 1.000000000000000000, 0.000000000000000000 ) ) ;
#366 = AXIS2_PLACEMENT_3D ( 'NONE', #1718, #1933, #1530 ) ;
#367 = ORIENTED_EDGE ( 'NONE', *, *, #706, .F. ) ;
#368 = VECTOR ( 'NONE', #1241, 1000.000000000000000 ) ;
#369 = ADVANCED_FACE ( 'NONE', ( #1509 ), #210, .F. ) ;
#370 = AXIS2_PLACEMENT_3D ( 'NONE', #118, #1925, #130 ) ;
#371 = AXIS2_PLACEMENT_3D ( 'NONE', #423, #1142, #1997 ) ;
#372 = CARTESIAN_POINT ( 'NONE',  ( -13.98576417158134610, 47.91921646030910864, 0.6515105133777131519 ) ) ;
#373 = ADVANCED_FACE ( 'NONE', ( #42 ), #2218, .T. ) ;
#374 = CC_DESIGN_APPROVAL ( #2000, ( #284 ) ) ;
#375 = DIRECTION ( 'NONE',  ( 0.000000000000000000, 0.000000000000000000, 1.000000000000000000 ) ) ;
#376 = CARTESIAN_POINT ( 'NONE',  ( -55.00000000000000000, 5.000000000000004441, -47.75000000000000000 ) ) ;
#377 = ORIENTED_EDGE ( 'NONE', *, *, #1110, .T. ) ;
#378 = CARTESIAN_POINT ( 'NONE',  ( -35.00000000000000000, 45.50000000000000000, -2.500000000000000000 ) ) ;
#379 = LINE ( 'NONE', #1804, #598 ) ;
#380 = ORIENTED_EDGE ( 'NONE', *, *, #2272, .T. ) ;
#381 = ORIENTED_EDGE ( 'NONE', *, *, #270, .F. ) ;
#382 = CARTESIAN_POINT ( 'NONE',  ( 70.00000000000000000, 28.00000000000000000, -13.60000000000000142 ) ) ;
#383 = CARTESIAN_POINT ( 'NONE',  ( -13.98589367505816838, 47.91996008306124821, -0.6483990563917449990 ) ) ;
#384 = VERTEX_POINT ( 'NONE', #605 ) ;
#385 = CARTESIAN_POINT ( 'NONE',  ( 55.00000000000000000, 5.000000000000004441, -47.75000000000000000 ) ) ;
#386 = CARTESIAN_POINT ( 'NONE',  ( -60.00000000000001421, 0.000000000000000000, -50.00000000000000000 ) ) ;
#387 = ORIENTED_EDGE ( 'NONE', *, *, #1770, .T. ) ;
#388 = LINE ( 'NONE', #751, #2222 ) ;
#389 = EDGE_CURVE ( 'NONE', #1474, #424, #595, .T. ) ;
#390 = CARTESIAN_POINT ( 'NONE',  ( 13.82906170540714896, 46.75817687973790981, 2.184728477154413095 ) ) ;
#391 = ORIENTED_EDGE ( 'NONE', *, *, #1857, .T. ) ;
#392 = ORIENTED_EDGE ( 'NONE', *, *, #2037, .F. ) ;
#393 = CARTESIAN_POINT ( 'NONE',  ( -17.90156802834261640, 43.84795328581394358, -1.883407045338198804 ) ) ;
#394 = CARTESIAN_POINT ( 'NONE',  ( 13.98584047232931482, 43.08034541177978127, 0.6496765998470585002 ) ) ;
#395 = FACE_OUTER_BOUND ( 'NONE', #2226, .T. ) ;
#396 = CARTESIAN_POINT ( 'NONE',  ( -13.97752112628061560, 47.87169525564409156, -0.8074127469523704193 ) ) ;
#397 = DIRECTION ( 'NONE',  ( 0.000000000000000000, -0.7071067811865474617, -0.7071067811865474617 ) ) ;
#398 = DIRECTION ( 'NONE',  ( 0.000000000000000000, 1.000000000000000000, -0.000000000000000000 ) ) ;
#399 = ORIENTED_EDGE ( 'NONE', *, *, #1841, .F. ) ;
#400 = DIRECTION ( 'NONE',  ( -1.000000000000000000, 0.000000000000000000, -0.000000000000000000 ) ) ;
#401 = DIRECTION ( 'NONE',  ( -0.000000000000000000, -1.000000000000000000, -0.000000000000000000 ) ) ;
#402 = EDGE_LOOP ( 'NONE', ( #280, #1858 ) ) ;
#403 = EDGE_CURVE ( 'NONE', #1228, #2017, #700, .T. ) ;
#404 = EDGE_CURVE ( 'NONE', #2100, #418, #2046, .T. ) ;
#405 = CYLINDRICAL_SURFACE ( 'NONE', #93, 18.00000000000000000 ) ;
#406 = LINE ( 'NONE', #1124, #479 ) ;
#407 = CIRCLE ( 'NONE', #59, 14.00000000000000000 ) ;
#408 = AXIS2_PLACEMENT_3D ( 'NONE', #1714, #1421, #1026 ) ;
#409 = B_SPLINE_CURVE_WITH_KNOTS ( 'NONE', 3,
 ( #1930, #1973, #2338, #1413, #1748, #2316, #2326, #1401, #2307, #324, #1080, #671, #1588, #1609, #1035, #316, #717, #1070, #497, #1214, #508, #858, #1577, #361, #1775, #1800, #1235, #684, #1223, #1939, #703, #2162, #518, #881 ),
 .UNSPECIFIED., .F., .F.,
 ( 4, 2, 2, 2, 2, 2, 2, 2, 2, 2, 2, 2, 2, 2, 2, 2, 4 ),
 ( 0.003913726225797592613, 0.004402813949662108713, 0.004891901673526624812, 0.005380989397391140912, 0.005870077121255657011, 0.006359164845120173111, 0.006848252568984689211, 0.007337340292849205310, 0.007826428016713720542, 0.008315515740578236642, 0.008804603464442752742, 0.009293691188307268841, 0.009782778912171784941, 0.01027186663603630104, 0.01076095435990081714, 0.01125004208376533324, 0.01173912980762984934 ),
 .UNSPECIFIED. ) ;
#410 = PERSON_AND_ORGANIZATION ( #1210, #1240 ) ;
#411 = CARTESIAN_POINT ( 'NONE',  ( -21.00000000000000000, 58.00000000000004974, 20.00000000000000000 ) ) ;
#412 = DIRECTION ( 'NONE',  ( -0.000000000000000000, -1.000000000000000000, -0.000000000000000000 ) ) ;
#413 = CIRCLE ( 'NONE', #1575, 9.000000000000000000 ) ;
#414 = LOCAL_TIME ( 21, 57, 50.00000000000000000, #1068 ) ;
#415 = ORIENTED_EDGE ( 'NONE', *, *, #1194, .T. ) ;
#416 = DIRECTION ( 'NONE',  ( 0.000000000000000000, 1.000000000000000000, 0.000000000000000000 ) ) ;
#417 = CARTESIAN_POINT ( 'NONE',  ( 13.98589367505816838, 47.91996008306124821, 0.6483990563917449990 ) ) ;
#418 = VERTEX_POINT ( 'NONE', #419 ) ;
#419 = CARTESIAN_POINT ( 'NONE',  ( 8.000000000000000000, 43.00000000000000000, 20.00000000000000000 ) ) ;
#420 = CARTESIAN_POINT ( 'NONE',  ( 13.77497731395590996, 45.33485620989289799, -2.500000000000000000 ) ) ;
#421 = CARTESIAN_POINT ( 'NONE',  ( -35.00000000000000000, 9.142135623730951011, 20.00000000000000000 ) ) ;
#422 = EDGE_CURVE ( 'NONE', #892, #244, #515, .T. ) ;
#423 = CARTESIAN_POINT ( 'NONE',  ( -60.00000000000001421, 5.000000000000000000, -50.00000000000000000 ) ) ;
#424 = VERTEX_POINT ( 'NONE', #428 ) ;
#425 = CARTESIAN_POINT ( 'NONE',  ( -39.14213562373095101, 5.000000000000000888, -24.14213562373094746 ) ) ;
#426 = DIRECTION ( 'NONE',  ( -0.000000000000000000, -1.000000000000000000, -0.000000000000000000 ) ) ;
#427 = VERTEX_POINT ( 'NONE', #1685 ) ;
#428 = CARTESIAN_POINT ( 'NONE',  ( -55.00000000000000000, 0.000000000000000000, 42.24999999999999289 ) ) ;
#429 = DIRECTION ( 'NONE',  ( -0.000000000000000000, -1.000000000000000000, -0.000000000000000000 ) ) ;
#430 = EDGE_CURVE ( 'NONE', #639, #1544, #2143, .T. ) ;
#431 = ADVANCED_FACE ( 'NONE', ( #984 ), #405, .T. ) ;
#432 = ORIENTED_EDGE ( 'NONE', *, *, #358, .T. ) ;
#433 = CARTESIAN_POINT ( 'NONE',  ( 70.00000000000000000, 28.00000000000000000, -12.00000000000000000 ) ) ;
#434 = LINE ( 'NONE', #40, #1606 ) ;
#435 = ORIENTED_EDGE ( 'NONE', *, *, #270, .T. ) ;
#436 = PLANE ( 'NONE',  #1418 ) ;
#437 = CARTESIAN_POINT ( 'NONE',  ( 13.78930663421201608, 44.85153563719380543, -2.419931759294614793 ) ) ;
#438 = DIRECTION ( 'NONE',  ( 0.000000000000000000, 0.000000000000000000, 1.000000000000000000 ) ) ;
#439 = AXIS2_PLACEMENT_3D ( 'NONE', #2320, #345, #1251 ) ;
#440 = DIRECTION ( 'NONE',  ( 0.000000000000000000, 0.000000000000000000, 1.000000000000000000 ) ) ;
#441 = CIRCLE ( 'NONE', #1755, 9.000000000000000000 ) ;
#442 = CARTESIAN_POINT ( 'NONE',  ( -59.99999999999993605, 5.000000000000000000, 60.00000000000000000 ) ) ;
#443 = AXIS2_PLACEMENT_3D ( 'NONE', #155, #1204, #999 ) ;
#444 = EDGE_CURVE ( 'NONE', #749, #2119, #1979, .T. ) ;
#445 = ORIENTED_EDGE ( 'NONE', *, *, #493, .T. ) ;
#446 = VECTOR ( 'NONE', #1737, 1000.000000000000000 ) ;
#447 = ORIENTED_EDGE ( 'NONE', *, *, #2169, .T. ) ;
#448 = CARTESIAN_POINT ( 'NONE',  ( -55.00000000000000000, 0.000000000000000000, -47.75000000000000000 ) ) ;
#449 = AXIS2_PLACEMENT_3D ( 'NONE', #1466, #2057, #438 ) ;
#450 = EDGE_CURVE ( 'NONE', #1212, #648, #1717, .T. ) ;
#451 = ORIENTED_EDGE ( 'NONE', *, *, #608, .F. ) ;
#452 = DIRECTION ( 'NONE',  ( 0.000000000000000000, 0.000000000000000000, 1.000000000000000000 ) ) ;
#453 = CARTESIAN_POINT ( 'NONE',  ( -18.00000000000000000, 43.00000000000000000, 0.000000000000000000 ) ) ;
#454 = CARTESIAN_POINT ( 'NONE',  ( -21.00000000000000000, 5.000000000000000000, 20.00000000000000000 ) ) ;
#455 = LINE ( 'NONE', #60, #101 ) ;
#456 = VERTEX_POINT ( 'NONE', #2081 ) ;
#457 = ORIENTED_EDGE ( 'NONE', *, *, #2299, .F. ) ;
#458 = CARTESIAN_POINT ( 'NONE',  ( 7.999999999999998224, 0.000000000000000000, -10.00000000000000000 ) ) ;
#459 = VERTEX_POINT ( 'NONE', #113 ) ;
#460 = APPROVAL ( #2150, 'UNSPECIFIED' ) ;
#461 = FACE_BOUND ( 'NONE', #147, .T. ) ;
#462 = EDGE_CURVE ( 'NONE', #1559, #1464, #281, .T. ) ;
#463 = CARTESIAN_POINT ( 'NONE',  ( 13.94639441313972839, 47.68337093358498890, -1.260481678321060395 ) ) ;
#464 = DIRECTION ( 'NONE',  ( 0.000000000000000000, 0.000000000000000000, -1.000000000000000000 ) ) ;
#465 = FACE_OUTER_BOUND ( 'NONE', #1372, .T. ) ;
#466 = DIRECTION ( 'NONE',  ( 0.000000000000000000, 0.000000000000000000, 1.000000000000000000 ) ) ;
#467 = VERTEX_POINT ( 'NONE', #1529 ) ;
#468 = ORIENTED_EDGE ( 'NONE', *, *, #1792, .F. ) ;
#469 = FACE_OUTER_BOUND ( 'NONE', #754, .T. ) ;
#470 = EDGE_CURVE ( 'NONE', #2168, #1486, #1028, .T. ) ;
#471 = ORIENTED_EDGE ( 'NONE', *, *, #1224, .T. ) ;
#472 = FACE_OUTER_BOUND ( 'NONE', #1215, .T. ) ;
#473 = CARTESIAN_POINT ( 'NONE',  ( -17.90154640754271398, 43.84817798323723537, 1.883620422253801774 ) ) ;
#474 = ADVANCED_FACE ( 'NONE', ( #1557 ), #2286, .F. ) ;
#475 = DIRECTION ( 'NONE',  ( -0.000000000000000000, -1.000000000000000000, -0.000000000000000000 ) ) ;
#476 = DIRECTION ( 'NONE',  ( 0.000000000000000000, 0.000000000000000000, -1.000000000000000000 ) ) ;
#477 = VECTOR ( 'NONE', #475, 1000.000000000000000 ) ;
#478 = FACE_BOUND ( 'NONE', #1439, .T. ) ;
#479 = VECTOR ( 'NONE', #1840, 1000.000000000000000 ) ;
#480 = EDGE_LOOP ( 'NONE', ( #38, #521 ) ) ;
#481 = CARTESIAN_POINT ( 'NONE',  ( -15.37867965644035273, 39.00000000000000000, -20.00000000000000000 ) ) ;
#482 = AXIS2_PLACEMENT_3D ( 'NONE', #1580, #2310, #687 ) ;
#483 = DIRECTION ( 'NONE',  ( 0.000000000000000000, 0.000000000000000000, -1.000000000000000000 ) ) ;
#484 = AXIS2_PLACEMENT_3D ( 'NONE', #2197, #1831, #1455 ) ;
#485 = ORIENTED_EDGE ( 'NONE', *, *, #1367, .F. ) ;
#486 = FACE_BOUND ( 'NONE', #1390, .T. ) ;
#487 = VECTOR ( 'NONE', #1864, 1000.000000000000000 ) ;
#488 = CARTESIAN_POINT ( 'NONE',  ( 13.77794291905511415, 45.82754084529345562, -2.483814256089909023 ) ) ;
#489 = VECTOR ( 'NONE', #2290, 1000.000000000000000 ) ;
#490 = LINE ( 'NONE', #501, #2101 ) ;
#491 = CYLINDRICAL_SURFACE ( 'NONE', #66, 2.750000000000002665 ) ;
#492 = CARTESIAN_POINT ( 'NONE',  ( -13.77497731395590996, 45.50000000000000000, -2.500000000000000000 ) ) ;
#493 = EDGE_CURVE ( 'NONE', #1581, #1599, #2178, .T. ) ;
#494 = VECTOR ( 'NONE', #2211, 1000.000000000000000 ) ;
#495 = ORIENTED_EDGE ( 'NONE', *, *, #1752, .T. ) ;
#496 = CARTESIAN_POINT ( 'NONE',  ( -13.77497731395590996, 45.33485620989289799, 2.500000000000000000 ) ) ;
#497 = CARTESIAN_POINT ( 'NONE',  ( 17.99776415162195775, 47.98405488434005406, 0.3264848528853132037 ) ) ;
#498 = ORIENTED_EDGE ( 'NONE', *, *, #923, .F. ) ;
#499 = FACE_BOUND ( 'NONE', #1746, .T. ) ;
#500 = DIRECTION ( 'NONE',  ( 0.000000000000000000, 1.000000000000000000, 0.000000000000000000 ) ) ;
#501 = CARTESIAN_POINT ( 'NONE',  ( -21.00000000000000000, 33.99999999999994316, 20.00000000000000000 ) ) ;
#502 = CARTESIAN_POINT ( 'NONE',  ( 0.000000000000000000, 55.00000000000000000, 0.000000000000000000 ) ) ;
#503 = CARTESIAN_POINT ( 'NONE',  ( 0.000000000000000000, 48.00000000000000000, 0.000000000000000000 ) ) ;
#504 = EDGE_CURVE ( 'NONE', #1740, #1237, #1118, .T. ) ;
#505 = ADVANCED_FACE ( 'NONE', ( #1038 ), #2067, .F. ) ;
#506 = ORIENTED_EDGE ( 'NONE', *, *, #2253, .F. ) ;
#507 = CARTESIAN_POINT ( 'NONE',  ( 60.00000000000001421, 5.000000000000000000, 50.00000000000000000 ) ) ;
#508 = CARTESIAN_POINT ( 'NONE',  ( 17.98252671105594303, 47.87172813406260019, 0.8071135263421089778 ) ) ;
#509 = ORIENTED_EDGE ( 'NONE', *, *, #995, .T. ) ;
#510 = DIRECTION ( 'NONE',  ( -1.000000000000000000, 0.000000000000000000, 0.000000000000000000 ) ) ;
#511 = CARTESIAN_POINT ( 'NONE',  ( 17.90156802834261640, 43.84795328581394358, 1.883407045338198804 ) ) ;
#512 = ORIENTED_EDGE ( 'NONE', *, *, #1913, .T. ) ;
#513 = LINE ( 'NONE', #128, #1791 ) ;
#514 = CARTESIAN_POINT ( 'NONE',  ( -59.99999999999993605, 5.000000000000000000, -60.00000000000000000 ) ) ;
#515 = CIRCLE ( 'NONE', #810, 11.09999999999999964 ) ;
#516 = ORIENTED_EDGE ( 'NONE', *, *, #650, .T. ) ;
#517 = CARTESIAN_POINT ( 'NONE',  ( -13.87321980866317617, 43.84787176541581033, -1.883488715203643027 ) ) ;
#518 = CARTESIAN_POINT ( 'NONE',  ( 17.82554346997588723, 45.66527124027757623, 2.499999999999999556 ) ) ;
#519 = VECTOR ( 'NONE', #2328, 1000.000000000000000 ) ;
#520 = EDGE_CURVE ( 'NONE', #1237, #384, #1741, .T. ) ;
#521 = ORIENTED_EDGE ( 'NONE', *, *, #422, .T. ) ;
#522 = VECTOR ( 'NONE', #1253, 1000.000000000000000 ) ;
#523 = CARTESIAN_POINT ( 'NONE',  ( -21.00000000000000000, 5.000000000000000000, 20.00000000000000000 ) ) ;
#524 = ADVANCED_FACE ( 'NONE', ( #486, #461, #1366, #499, #2091, #472 ), #1579, .T. ) ;
#525 = CARTESIAN_POINT ( 'NONE',  ( 17.83657637416000341, 44.85270831693974003, 2.420242142391126450 ) ) ;
#526 = CIRCLE ( 'NONE', #2148, 2.500000000000000000 ) ;
#527 = AXIS2_PLACEMENT_3D ( 'NONE', #1828, #2321, #584 ) ;
#528 = DIRECTION ( 'NONE',  ( 0.000000000000000000, 0.000000000000000000, 1.000000000000000000 ) ) ;
#529 = PERSON_AND_ORGANIZATION ( #1210, #1240 ) ;
#530 = CYLINDRICAL_SURFACE ( 'NONE', #2333, 11.09999999999999964 ) ;
#531 = CARTESIAN_POINT ( 'NONE',  ( -21.00000000000000355, 45.50000000000000000, 2.500000000000000000 ) ) ;
#532 = ORIENTED_EDGE ( 'NONE', *, *, #801, .T. ) ;
#533 = DIRECTION ( 'NONE',  ( 0.000000000000000000, 0.000000000000000000, 1.000000000000000000 ) ) ;
#534 = CARTESIAN_POINT ( 'NONE',  ( 17.82554346997589079, 45.33483580062035401, 2.500000000000000444 ) ) ;
#535 = DIRECTION ( 'NONE',  ( 0.000000000000000000, 0.000000000000000000, 1.000000000000000000 ) ) ;
#536 = ORIENTED_EDGE ( 'NONE', *, *, #1652, .F. ) ;
#537 = ORIENTED_EDGE ( 'NONE', *, *, #1682, .T. ) ;
#538 = EDGE_CURVE ( 'NONE', #961, #1812, #1189, .T. ) ;
#539 = CARTESIAN_POINT ( 'NONE',  ( -35.00000000000000000, 28.00000000000000000, -12.00000000000000000 ) ) ;
#540 = CARTESIAN_POINT ( 'NONE',  ( -55.00000000000000000, 71.00000000000001421, 45.00000000000000000 ) ) ;
#541 = ORIENTED_EDGE ( 'NONE', *, *, #2001, .F. ) ;
#542 = CARTESIAN_POINT ( 'NONE',  ( -21.00000000000000355, 28.00000000000000000, 13.60000000000000142 ) ) ;
#543 = ADVANCED_FACE ( 'NONE', ( #294 ), #1017, .F. ) ;
#544 = LINE ( 'NONE', #1945, #672 ) ;
#545 = ORIENTED_EDGE ( 'NONE', *, *, #2111, .T. ) ;
#546 = ORIENTED_EDGE ( 'NONE', *, *, #1866, .F. ) ;
#547 = EDGE_CURVE ( 'NONE', #1937, #1812, #1751, .T. ) ;
#548 = DIRECTION ( 'NONE',  ( -1.000000000000000000, 0.000000000000000000, 0.000000000000000000 ) ) ;
#549 = DIRECTION ( 'NONE',  ( 0.000000000000000000, 1.000000000000000000, -0.000000000000000000 ) ) ;
#550 = CARTESIAN_POINT ( 'NONE',  ( 0.000000000000000000, 63.00000000000000000, 0.000000000000000000 ) ) ;
#551 = DIRECTION ( 'NONE',  ( -1.000000000000000000, -0.000000000000000000, -0.000000000000000000 ) ) ;
#552 = ORIENTED_EDGE ( 'NONE', *, *, #955, .T. ) ;
#553 = CARTESIAN_POINT ( 'NONE',  ( 13.77497731395590996, 45.50000000000000000, 2.500000000000000000 ) ) ;
#554 = CARTESIAN_POINT ( 'NONE',  ( -35.00000000000000000, 5.000000000000000000, 20.00000000000000000 ) ) ;
#555 = VECTOR ( 'NONE', #1809, 1000.000000000000000 ) ;
#556 = VERTEX_POINT ( 'NONE', #808 ) ;
#557 = APPROVAL_DATE_TIME ( #1995, #1294 ) ;
#558 = PLANE ( 'NONE',  #439 ) ;
#559 = VECTOR ( 'NONE', #243, 1000.000000000000000 ) ;
#560 = VECTOR ( 'NONE', #397, 1000.000000000000114 ) ;
#561 = CIRCLE ( 'NONE', #900, 10.00000000000000000 ) ;
#562 = DIRECTION ( 'NONE',  ( 1.000000000000000000, -0.000000000000000000, -0.000000000000000000 ) ) ;
#563 = EDGE_CURVE ( 'NONE', #1013, #2168, #2330, .T. ) ;
#564 = DIRECTION ( 'NONE',  ( 0.000000000000000000, 0.7071067811865475727, -0.7071067811865475727 ) ) ;
#565 = VERTEX_POINT ( 'NONE', #1884 ) ;
#566 = AXIS2_PLACEMENT_3D ( 'NONE', #540, #167, #1437 ) ;
#567 = CARTESIAN_POINT ( 'NONE',  ( -21.00000000000000355, 28.00000000000000000, -10.40000000000000036 ) ) ;
#568 = VECTOR ( 'NONE', #1631, 1000.000000000000000 ) ;
#569 = ORIENTED_EDGE ( 'NONE', *, *, #1165, .F. ) ;
#570 = ORIENTED_EDGE ( 'NONE', *, *, #773, .T. ) ;
#571 = CARTESIAN_POINT ( 'NONE',  ( -21.00000000000000355, 45.50000000000000000, 0.000000000000000000 ) ) ;
#572 = CARTESIAN_POINT ( 'NONE',  ( -13.87322989014139196, 47.15212333307417225, 1.883322644825444536 ) ) ;
#573 = CARTESIAN_POINT ( 'NONE',  ( -21.00000000000000000, 68.00000000000000000, 20.00000000000000000 ) ) ;
#574 = CARTESIAN_POINT ( 'NONE',  ( 7.999999999999998224, 39.00000000000000000, -20.00000000000000000 ) ) ;
#575 = EDGE_CURVE ( 'NONE', #173, #1340, #1765, .T. ) ;
#576 = ORIENTED_EDGE ( 'NONE', *, *, #1708, .T. ) ;
#577 = CARTESIAN_POINT ( 'NONE',  ( 0.000000000000000000, 55.00000000000000000, -11.09999999999999964 ) ) ;
#578 = CARTESIAN_POINT ( 'NONE',  ( 13.97752112628061560, 47.87169525564409156, 0.8074127469523704193 ) ) ;
#579 = CARTESIAN_POINT ( 'NONE',  ( -55.00000000000000000, 71.00000000000001421, -42.24999999999999289 ) ) ;
#580 = VERTEX_POINT ( 'NONE', #1248 ) ;
#581 = ORIENTED_EDGE ( 'NONE', *, *, #1583, .F. ) ;
#582 = DIRECTION ( 'NONE',  ( 0.000000000000000000, -1.000000000000000000, 0.000000000000000000 ) ) ;
#583 = CARTESIAN_POINT ( 'NONE',  ( 60.00000000000001421, 5.000000000000000000, -50.00000000000000000 ) ) ;
#584 = DIRECTION ( 'NONE',  ( 0.000000000000000000, 0.000000000000000000, -1.000000000000000000 ) ) ;
#585 = APPROVAL_STATUS ( 'not_yet_approved' ) ;
#586 = CARTESIAN_POINT ( 'NONE',  ( -55.00000000000000000, 5.000000000000004441, 42.24999999999999289 ) ) ;
#587 = FACE_OUTER_BOUND ( 'NONE', #2013, .T. ) ;
#588 = CARTESIAN_POINT ( 'NONE',  ( -59.99999999999993605, 5.000000000000000000, 60.00000000000000000 ) ) ;
#589 = FACE_OUTER_BOUND ( 'NONE', #856, .T. ) ;
#590 = EDGE_LOOP ( 'NONE', ( #1556, #1442, #2243, #2187 ) ) ;
#591 = CARTESIAN_POINT ( 'NONE',  ( -16.85786437626905254, 5.000000000000003553, 24.14213562373094746 ) ) ;
#592 = CARTESIAN_POINT ( 'NONE',  ( 0.000000000000000000, 55.00000000000000000, 0.000000000000000000 ) ) ;
#593 = ORIENTED_EDGE ( 'NONE', *, *, #1696, .T. ) ;
#594 = EDGE_CURVE ( 'NONE', #1740, #1360, #352, .T. ) ;
#595 = LINE ( 'NONE', #1826, #169 ) ;
#596 = CARTESIAN_POINT ( 'NONE',  ( 14.00000803193819543, 42.99995502114443724, 0.1626338026142598314 ) ) ;
#597 = CIRCLE ( 'NONE', #891, 2.750000000000002665 ) ;
#598 = VECTOR ( 'NONE', #1811, 1000.000000000000000 ) ;
#599 = CARTESIAN_POINT ( 'NONE',  ( -21.00000000000000000, 68.00000000000000000, -9.999999999999991118 ) ) ;
#600 = CARTESIAN_POINT ( 'NONE',  ( -10.99999999999999645, 5.000000000000000000, 50.00000000000000000 ) ) ;
#601 = VERTEX_POINT ( 'NONE', #1956 ) ;
#602 = DIRECTION ( 'NONE',  ( 0.000000000000000000, 0.000000000000000000, 1.000000000000000000 ) ) ;
#603 = CYLINDRICAL_SURFACE ( 'NONE', #1083, 14.00000000000000000 ) ;
#604 = ORIENTED_EDGE ( 'NONE', *, *, #403, .F. ) ;
#605 = CARTESIAN_POINT ( 'NONE',  ( 0.000000000000000000, 43.00000000000000000, -18.00000000000000000 ) ) ;
#606 = CARTESIAN_POINT ( 'NONE',  ( -45.00000000000000000, 5.000000000000000000, 30.00000000000000000 ) ) ;
#607 = EDGE_CURVE ( 'NONE', #1599, #776, #1404, .T. ) ;
#608 = EDGE_CURVE ( 'NONE', #658, #1941, #1990, .T. ) ;
#609 = CARTESIAN_POINT ( 'NONE',  ( 7.999999999999998224, 39.00000000000000000, 10.00000000000000000 ) ) ;
#610 = CYLINDRICAL_SURFACE ( 'NONE', #216, 9.000000000000000000 ) ;
#611 = VERTEX_POINT ( 'NONE', #1072 ) ;
#612 = CARTESIAN_POINT ( 'NONE',  ( 0.000000000000000000, 43.00000000000000000, 0.000000000000000000 ) ) ;
#613 = CARTESIAN_POINT ( 'NONE',  ( 13.91734479706896366, 47.48759711181013188, 1.525167088863220943 ) ) ;
#614 = VERTEX_POINT ( 'NONE', #553 ) ;
#615 = DIRECTION ( 'NONE',  ( 0.000000000000000000, -1.000000000000000000, 0.000000000000000000 ) ) ;
#616 = CARTESIAN_POINT ( 'NONE',  ( 13.85841951147992113, 43.97554588850440638, -1.988111798050579138 ) ) ;
#617 = CARTESIAN_POINT ( 'NONE',  ( 0.000000000000000000, 63.00000000000000000, -9.000000000000000000 ) ) ;
#618 = EDGE_CURVE ( 'NONE', #1729, #2167, #895, .T. ) ;
#619 = DIRECTION ( 'NONE',  ( -1.000000000000000000, 0.000000000000000000, 0.000000000000000000 ) ) ;
#620 = DIRECTION ( 'NONE',  ( -1.000000000000000000, -0.000000000000000000, -0.000000000000000000 ) ) ;
#621 = EDGE_CURVE ( 'NONE', #624, #580, #1305, .T. ) ;
#622 = EDGE_LOOP ( 'NONE', ( #838, #1496, #362, #120, #990 ) ) ;
#623 = VERTEX_POINT ( 'NONE', #184 ) ;
#624 = VERTEX_POINT ( 'NONE', #378 ) ;
#625 = CYLINDRICAL_SURFACE ( 'NONE', #139, 18.00000000000000000 ) ;
#626 = VERTEX_POINT ( 'NONE', #1787 ) ;
#627 = DIRECTION ( 'NONE',  ( 0.000000000000000000, 1.000000000000000000, 0.000000000000000000 ) ) ;
#628 = CARTESIAN_POINT ( 'NONE',  ( 14.00000000000000000, 47.99999999999998579, -0.1654367999129219835 ) ) ;
#629 = CIRCLE ( 'NONE', #2250, 9.999999999999994671 ) ;
#630 = DIRECTION ( 'NONE',  ( 0.7071067811865433539, 0.7071067811865517916, 0.000000000000000000 ) ) ;
#631 = CIRCLE ( 'NONE', #1193, 2.750000000000002665 ) ;
#632 = DIRECTION ( 'NONE',  ( 0.000000000000000000, -1.000000000000000000, 0.000000000000000000 ) ) ;
#633 = AXIS2_PLACEMENT_3D ( 'NONE', #458, #1243, #806 ) ;
#634 = CARTESIAN_POINT ( 'NONE',  ( 17.86898290268020517, 44.24735457172464947, -2.169772189345270164 ) ) ;
#635 = VECTOR ( 'NONE', #943, 1000.000000000000000 ) ;
#636 = ADVANCED_FACE ( 'NONE', ( #194, #1429, #2134 ), #1943, .F. ) ;
#637 = VERTEX_POINT ( 'NONE', #1965 ) ;
#638 = CIRCLE ( 'NONE', #2113, 2.500000000000000000 ) ;
#639 = VERTEX_POINT ( 'NONE', #364 ) ;
#640 = DIRECTION ( 'NONE',  ( -1.000000000000000000, -0.000000000000000000, -0.000000000000000000 ) ) ;
#641 = AXIS2_PLACEMENT_3D ( 'NONE', #200, #189, #2159 ) ;
#642 = VERTEX_POINT ( 'NONE', #1613 ) ;
#643 = DIRECTION ( 'NONE',  ( 0.000000000000000000, -1.000000000000000000, 0.000000000000000000 ) ) ;
#644 = DIRECTION ( 'NONE',  ( -0.000000000000000000, -1.000000000000000000, -0.000000000000000000 ) ) ;
#645 = LINE ( 'NONE', #1181, #477 ) ;
#646 = DIRECTION ( 'NONE',  ( -1.000000000000000000, 0.000000000000000000, 0.000000000000000000 ) ) ;
#647 = CARTESIAN_POINT ( 'NONE',  ( 17.83661075964595710, 44.85136071230114396, -2.419992793165508971 ) ) ;
#648 = VERTEX_POINT ( 'NONE', #2340 ) ;
#649 = CC_DESIGN_PERSON_AND_ORGANIZATION_ASSIGNMENT ( #1481, #228, ( #1055 ) ) ;
#650 = EDGE_CURVE ( 'NONE', #2268, #845, #2164, .T. ) ;
#651 = DIRECTION ( 'NONE',  ( 0.000000000000000000, 1.000000000000000000, 0.000000000000000000 ) ) ;
#652 = ORIENTED_EDGE ( 'NONE', *, *, #2253, .T. ) ;
#653 = DIRECTION ( 'NONE',  ( 0.000000000000000000, 0.000000000000000000, -1.000000000000000000 ) ) ;
#654 = CARTESIAN_POINT ( 'NONE',  ( -17.82778855857283773, 45.17427861045180748, 2.484150482742599308 ) ) ;
#655 = CARTESIAN_POINT ( 'NONE',  ( -17.93583229304925197, 47.48800209809662931, 1.524579836149103418 ) ) ;
#656 = DIRECTION ( 'NONE',  ( 0.000000000000000000, 0.000000000000000000, -1.000000000000000000 ) ) ;
#657 = CARTESIAN_POINT ( 'NONE',  ( -13.85854094322176522, 43.97446706184423704, -1.987262366664162228 ) ) ;
#658 = VERTEX_POINT ( 'NONE', #542 ) ;
#659 = CARTESIAN_POINT ( 'NONE',  ( -55.00000000000000000, 71.00000000000001421, -45.00000000000000000 ) ) ;
#660 = VERTEX_POINT ( 'NONE', #1416 ) ;
#661 = CARTESIAN_POINT ( 'NONE',  ( 0.000000000000000000, 47.99999999999999289, -18.00000000000000000 ) ) ;
#662 = DIRECTION ( 'NONE',  ( -1.000000000000000000, 0.000000000000000000, 0.000000000000000000 ) ) ;
#663 = ADVANCED_FACE ( 'NONE', ( #341 ), #2155, .F. ) ;
#664 = CARTESIAN_POINT ( 'NONE',  ( -17.82784722394456978, 45.82813093800245241, -2.483725953013491416 ) ) ;
#665 = LINE ( 'NONE', #1407, #219 ) ;
#666 = CIRCLE ( 'NONE', #1264, 9.999999999999994671 ) ;
#667 = CARTESIAN_POINT ( 'NONE',  ( -13.77798356852417960, 45.17055491777410481, -2.483591926913044645 ) ) ;
#668 = AXIS2_PLACEMENT_3D ( 'NONE', #523, #510, #170 ) ;
#669 = ORIENTED_EDGE ( 'NONE', *, *, #504, .F. ) ;
#670 = CARTESIAN_POINT ( 'NONE',  ( -60.00000000000001421, 5.000000000000000000, -50.00000000000000000 ) ) ;
#671 = CARTESIAN_POINT ( 'NONE',  ( 17.95678435610459545, 47.66891141112108699, -1.253921572323314804 ) ) ;
#672 = VECTOR ( 'NONE', #1053, 1000.000000000000000 ) ;
#673 = EDGE_LOOP ( 'NONE', ( #604, #115 ) ) ;
#674 = DIRECTION ( 'NONE',  ( -0.000000000000000000, -1.000000000000000000, -0.000000000000000000 ) ) ;
#675 = AXIS2_PLACEMENT_3D ( 'NONE', #1162, #1676, #58 ) ;
#676 = CARTESIAN_POINT ( 'NONE',  ( -17.99772137405025418, 43.01625901639049943, 0.3280651589118496747 ) ) ;
#677 = VERTEX_POINT ( 'NONE', #1062 ) ;
#678 = FACE_BOUND ( 'NONE', #846, .T. ) ;
#679 = EDGE_CURVE ( 'NONE', #418, #1559, #931, .T. ) ;
#680 = DIRECTION ( 'NONE',  ( 0.000000000000000000, 0.000000000000000000, 1.000000000000000000 ) ) ;
#681 = CARTESIAN_POINT ( 'NONE',  ( -13.79772522292153170, 44.69373113375078788, -2.372095835332435065 ) ) ;
#682 = ORIENTED_EDGE ( 'NONE', *, *, #403, .T. ) ;
#683 = CYLINDRICAL_SURFACE ( 'NONE', #1987, 2.750000000000002665 ) ;
#684 = CARTESIAN_POINT ( 'NONE',  ( 17.86900955185623374, 46.75291715197509745, 2.169521268002990055 ) ) ;
#685 = VERTEX_POINT ( 'NONE', #1084 ) ;
#686 = DIRECTION ( 'NONE',  ( 0.000000000000000000, 1.000000000000000000, 0.000000000000000000 ) ) ;
#687 = DIRECTION ( 'NONE',  ( 0.000000000000000000, 0.000000000000000000, 1.000000000000000000 ) ) ;
#688 = DIRECTION ( 'NONE',  ( 0.7071067811865434649, 0.7071067811865516806, 0.000000000000000000 ) ) ;
#689 = CARTESIAN_POINT ( 'NONE',  ( 18.00000000000000000, 43.00000000000000000, 10.00000000000000000 ) ) ;
#690 = EDGE_CURVE ( 'NONE', #763, #244, #1803, .T. ) ;
#691 = APPROVAL_DATE_TIME ( #2137, #2000 ) ;
#692 = EDGE_LOOP ( 'NONE', ( #707, #2235, #958, #1903 ) ) ;
#693 = CARTESIAN_POINT ( 'NONE',  ( -35.00000000000000000, 68.00000000000000000, 10.00000000000002132 ) ) ;
#694 = EDGE_CURVE ( 'NONE', #12, #459, #2104, .T. ) ;
#695 = FACE_OUTER_BOUND ( 'NONE', #696, .T. ) ;
#696 = EDGE_LOOP ( 'NONE', ( #2080, #1163, #208, #2339, #2292, #447, #445, #2061, #934, #162, #2129 ) ) ;
#697 = CARTESIAN_POINT ( 'NONE',  ( 59.99999999999993605, 5.000000000000000000, -60.00000000000000000 ) ) ;
#698 = CARTESIAN_POINT ( 'NONE',  ( 17.89003425336481712, 43.97629927623683699, 1.988719317344156412 ) ) ;
#699 = CARTESIAN_POINT ( 'NONE',  ( -18.00000000000000000, 43.00000000000000000, 0.000000000000000000 ) ) ;
#700 = CIRCLE ( 'NONE', #209, 1.600000000000000755 ) ;
#701 = DATE_TIME_ROLE ( 'creation_date' ) ;
#702 = CARTESIAN_POINT ( 'NONE',  ( -13.87331835086268050, 43.84711725086926037, 1.882694213355271540 ) ) ;
#703 = CARTESIAN_POINT ( 'NONE',  ( 17.83659594121243330, 46.14783334449681007, 2.420098444259080051 ) ) ;
#704 = AXIS2_PLACEMENT_3D ( 'NONE', #968, #1680, #1819 ) ;
#705 = ADVANCED_FACE ( 'NONE', ( #1623 ), #4, .F. ) ;
#706 = EDGE_CURVE ( 'NONE', #1000, #2027, #441, .T. ) ;
#707 = ORIENTED_EDGE ( 'NONE', *, *, #2267, .T. ) ;
#708 = AXIS2_PLACEMENT_3D ( 'NONE', #2319, #2145, #2157 ) ;
#709 = DIRECTION ( 'NONE',  ( -1.000000000000000000, 0.000000000000000000, 0.000000000000000000 ) ) ;
#710 = DIRECTION ( 'NONE',  ( 0.000000000000000000, 0.000000000000000000, -1.000000000000000000 ) ) ;
#711 = AXIS2_PLACEMENT_3D ( 'NONE', #507, #857, #2325 ) ;
#712 = ORIENTED_EDGE ( 'NONE', *, *, #1194, .F. ) ;
#713 = VECTOR ( 'NONE', #238, 1000.000000000000000 ) ;
#714 = AXIS2_PLACEMENT_3D ( 'NONE', #2158, #1635, #535 ) ;
#715 = DIRECTION ( 'NONE',  ( 0.000000000000000000, 0.000000000000000000, 1.000000000000000000 ) ) ;
#716 = FACE_OUTER_BOUND ( 'NONE', #622, .T. ) ;
#717 = CARTESIAN_POINT ( 'NONE',  ( 18.00000752133727744, 48.00005415363134631, -0.1624247606254131115 ) ) ;
#718 = ORIENTED_EDGE ( 'NONE', *, *, #731, .T. ) ;
#719 = DIRECTION ( 'NONE',  ( 0.000000000000000000, 0.000000000000000000, -1.000000000000000000 ) ) ;
#720 = EDGE_CURVE ( 'NONE', #427, #1768, #1830, .T. ) ;
#721 = CARTESIAN_POINT ( 'NONE',  ( 8.000000000000000000, 39.00000000000000000, -20.00000000000000000 ) ) ;
#722 = ORIENTED_EDGE ( 'NONE', *, *, #1094, .F. ) ;
#723 = EDGE_LOOP ( 'NONE', ( #50, #1060, #1763, #2163 ) ) ;
#724 = DIRECTION ( 'NONE',  ( 0.000000000000000000, 1.000000000000000000, 0.000000000000000000 ) ) ;
#725 = LINE ( 'NONE', #760, #2300 ) ;
#726 = DIRECTION ( 'NONE',  ( -0.000000000000000000, -1.000000000000000000, -0.000000000000000000 ) ) ;
#727 = ORIENTED_EDGE ( 'NONE', *, *, #1337, .F. ) ;
#728 = CARTESIAN_POINT ( 'NONE',  ( 18.00000000000000000, 43.00000000000000000, 20.00000000000000000 ) ) ;
#729 = CARTESIAN_POINT ( 'NONE',  ( 17.99999999999999645, 42.99999999999999289, 0.3305694865184735098 ) ) ;
#730 = VERTEX_POINT ( 'NONE', #737 ) ;
#731 = EDGE_CURVE ( 'NONE', #961, #1731, #2274, .T. ) ;
#732 = DIRECTION ( 'NONE',  ( -1.000000000000000000, 0.000000000000000000, 0.000000000000000000 ) ) ;
#733 = DIRECTION ( 'NONE',  ( 0.000000000000000000, 1.000000000000000000, 0.000000000000000000 ) ) ;
#734 = LINE ( 'NONE', #2198, #2120 ) ;
#735 = VERTEX_POINT ( 'NONE', #1670 ) ;
#736 = VECTOR ( 'NONE', #1122, 1000.000000000000000 ) ;
#737 = CARTESIAN_POINT ( 'NONE',  ( 1.714505518806294638E-15, 47.99999999999999289, 14.00000000000000000 ) ) ;
#738 = FACE_BOUND ( 'NONE', #2103, .T. ) ;
#739 = AXIS2_PLACEMENT_3D ( 'NONE', #433, #932, #1319 ) ;
#740 = ORIENTED_EDGE ( 'NONE', *, *, #493, .F. ) ;
#741 = ORIENTED_EDGE ( 'NONE', *, *, #328, .T. ) ;
#742 = CYLINDRICAL_SURFACE ( 'NONE', #863, 10.00000000000000178 ) ;
#743 = CIRCLE ( 'NONE', #937, 11.09999999999999964 ) ;
#744 = EDGE_CURVE ( 'NONE', #1504, #1616, #407, .T. ) ;
#745 = AXIS2_PLACEMENT_3D ( 'NONE', #1315, #619, #1502 ) ;
#746 = CARTESIAN_POINT ( 'NONE',  ( -13.79775923535692783, 46.30675668503668874, 2.371892270424858840 ) ) ;
#747 = LINE ( 'NONE', #915, #175 ) ;
#748 = CARTESIAN_POINT ( 'NONE',  ( 0.000000000000000000, 47.99999999999999289, 0.000000000000000000 ) ) ;
#749 = VERTEX_POINT ( 'NONE', #1282 ) ;
#750 = ORIENTED_EDGE ( 'NONE', *, *, #108, .F. ) ;
#751 = CARTESIAN_POINT ( 'NONE',  ( 60.00000000000001421, 5.000000000000000000, 30.00000000000000000 ) ) ;
#752 = LINE ( 'NONE', #1634, #99 ) ;
#753 = CARTESIAN_POINT ( 'NONE',  ( 59.99999999999993605, 0.000000000000000000, 60.00000000000000000 ) ) ;
#754 = EDGE_LOOP ( 'NONE', ( #308, #1880, #28, #1218 ) ) ;
#755 = ORIENTED_EDGE ( 'NONE', *, *, #1485, .T. ) ;
#756 = CARTESIAN_POINT ( 'NONE',  ( -17.84312708122020297, 44.69378997829607414, -2.372089755139246581 ) ) ;
#757 = CARTESIAN_POINT ( 'NONE',  ( 13.79772522292153170, 44.69373113375078788, 2.372095835332435065 ) ) ;
#758 = CARTESIAN_POINT ( 'NONE',  ( 18.00000000000000000, 43.00000000000000000, 0.000000000000000000 ) ) ;
#759 = EDGE_CURVE ( 'NONE', #1477, #624, #2043, .T. ) ;
#760 = CARTESIAN_POINT ( 'NONE',  ( -70.00000000000000000, 5.000000000000000000, -49.99999999999992895 ) ) ;
#761 = LINE ( 'NONE', #203, #568 ) ;
#762 = EDGE_CURVE ( 'NONE', #556, #424, #631, .T. ) ;
#763 = VERTEX_POINT ( 'NONE', #577 ) ;
#764 = DIRECTION ( 'NONE',  ( 0.000000000000000000, 0.000000000000000000, -1.000000000000000000 ) ) ;
#765 = ORIENTED_EDGE ( 'NONE', *, *, #607, .F. ) ;
#766 = FACE_BOUND ( 'NONE', #1338, .T. ) ;
#767 = CARTESIAN_POINT ( 'NONE',  ( 13.95687421211570012, 43.25319630238126933, -1.108336306574287500 ) ) ;
#768 = CARTESIAN_POINT ( 'NONE',  ( -15.37867965644035273, 39.00000000000000000, -20.00000000000000000 ) ) ;
#769 = CARTESIAN_POINT ( 'NONE',  ( 17.92428373237263983, 43.61768772190821153, -1.653312540912551531 ) ) ;
#770 = CARTESIAN_POINT ( 'NONE',  ( 55.00000000000000000, 5.000000000000004441, 45.00000000000000000 ) ) ;
#771 = VERTEX_POINT ( 'NONE', #1870 ) ;
#772 = CARTESIAN_POINT ( 'NONE',  ( 55.00000000000000000, 5.000000000000004441, -45.00000000000000000 ) ) ;
#773 = EDGE_CURVE ( 'NONE', #601, #418, #1494, .T. ) ;
#774 = ADVANCED_FACE ( 'NONE', ( #51 ), #39, .F. ) ;
#775 = CARTESIAN_POINT ( 'NONE',  ( -55.00000000000000000, 5.000000000000004441, -45.00000000000000000 ) ) ;
#776 = VERTEX_POINT ( 'NONE', #2003 ) ;
#777 = CARTESIAN_POINT ( 'NONE',  ( 0.000000000000000000, 39.00000000000000000, 0.000000000000000000 ) ) ;
#778 = AXIS2_PLACEMENT_3D ( 'NONE', #2298, #1368, #1706 ) ;
#779 = CARTESIAN_POINT ( 'NONE',  ( -35.00000000000000000, 68.00000000000000000, -9.999999999999991118 ) ) ;
#780 = CIRCLE ( 'NONE', #894, 1.500000000000001332 ) ;
#781 = CIRCLE ( 'NONE', #142, 1.600000000000000755 ) ;
#782 = DIRECTION ( 'NONE',  ( -0.000000000000000000, -1.000000000000000000, -0.000000000000000000 ) ) ;
#783 = CARTESIAN_POINT ( 'NONE',  ( 17.96640450971582936, 43.25376489295892668, -1.109633881796984634 ) ) ;
#784 = EDGE_CURVE ( 'NONE', #611, #2331, #163, .T. ) ;
#785 = LOCAL_TIME ( 21, 57, 50.00000000000000000, #952 ) ;
#786 = ORIENTED_EDGE ( 'NONE', *, *, #1769, .T. ) ;
#787 = PLANE ( 'NONE',  #1679 ) ;
#788 = DIRECTION ( 'NONE',  ( -0.000000000000000000, -0.000000000000000000, 1.000000000000000000 ) ) ;
#789 = CLOSED_SHELL ( 'NONE', ( #1611, #1126, #44, #1550, #1280, #543, #49, #1825, #1522, #2078, #1410, #1471, #1295, #2227, #1262, #431, #474, #811, #95, #524, #1596, #2323, #866, #2199, #1592, #1065, #877, #2112, #317, #1511, #636, #2196, #369, #36, #1430, #774, #344, #705, #2287, #791, #1610, #1263, #909, #285, #1985, #505, #2215, #2239, #1894, #2252, #1022, #1381, #373, #123, #1739, #663, #1350, #1624, #1959, #195, #1353, #166 ) ) ;
#790 = ORIENTED_EDGE ( 'NONE', *, *, #430, .F. ) ;
#791 = ADVANCED_FACE ( 'NONE', ( #205, #233 ), #1144, .T. ) ;
#792 = CARTESIAN_POINT ( 'NONE',  ( 0.000000000000000000, 63.00000000000000000, 0.000000000000000000 ) ) ;
#793 = AXIS2_PLACEMENT_3D ( 'NONE', #11, #726, #957 ) ;
#794 = DIRECTION ( 'NONE',  ( -1.000000000000000000, -0.000000000000000000, -0.000000000000000000 ) ) ;
#795 = CARTESIAN_POINT ( 'NONE',  ( 17.99772137405025418, 43.01625901639049943, -0.3280651589118496747 ) ) ;
#796 = VERTEX_POINT ( 'NONE', #254 ) ;
#797 = DIRECTION ( 'NONE',  ( -1.000000000000000000, 0.000000000000000000, 0.000000000000000000 ) ) ;
#798 = EDGE_LOOP ( 'NONE', ( #351, #1415 ) ) ;
#799 = DIRECTION ( 'NONE',  ( 1.000000000000000000, 0.000000000000000000, 0.000000000000000000 ) ) ;
#800 = CYLINDRICAL_SURFACE ( 'NONE', #2062, 9.999999999999994671 ) ;
#801 = EDGE_CURVE ( 'NONE', #1486, #1108, #1604, .T. ) ;
#802 = LINE ( 'NONE', #768, #820 ) ;
#803 = CARTESIAN_POINT ( 'NONE',  ( 17.98904538928249508, 43.07992796938150803, -0.6479563170242116366 ) ) ;
#804 = ORIENTED_EDGE ( 'NONE', *, *, #2093, .T. ) ;
#805 = ORIENTED_EDGE ( 'NONE', *, *, #21, .T. ) ;
#806 = DIRECTION ( 'NONE',  ( 0.000000000000000000, 0.000000000000000000, 1.000000000000000000 ) ) ;
#807 = ORIENTED_EDGE ( 'NONE', *, *, #848, .F. ) ;
#808 = CARTESIAN_POINT ( 'NONE',  ( -55.00000000000000000, 0.000000000000000000, 47.75000000000000000 ) ) ;
#809 = DIRECTION ( 'NONE',  ( 0.000000000000000000, 0.000000000000000000, -1.000000000000000000 ) ) ;
#810 = AXIS2_PLACEMENT_3D ( 'NONE', #1490, #2246, #2019 ) ;
#811 = ADVANCED_FACE ( 'NONE', ( #1306 ), #787, .F. ) ;
#812 = CARTESIAN_POINT ( 'NONE',  ( -17.86900955185623374, 46.75291715197509745, -2.169521268002990055 ) ) ;
#813 = AXIS2_PLACEMENT_3D ( 'NONE', #2122, #643, #653 ) ;
#814 = CARTESIAN_POINT ( 'NONE',  ( -55.00000000000000000, 5.000000000000004441, 45.00000000000000000 ) ) ;
#815 = AXIS2_PLACEMENT_3D ( 'NONE', #2010, #732, #715 ) ;
#816 = CARTESIAN_POINT ( 'NONE',  ( 17.82554346997588368, 45.50000000000000000, -2.500000000000000000 ) ) ;
#817 = EDGE_CURVE ( 'NONE', #1768, #427, #597, .T. ) ;
#818 = CIRCLE ( 'NONE', #484, 1.500000000000001332 ) ;
#819 = VERTEX_POINT ( 'NONE', #2189 ) ;
#820 = VECTOR ( 'NONE', #1521, 1000.000000000000000 ) ;
#821 = ORIENTED_EDGE ( 'NONE', *, *, #956, .F. ) ;
#822 = VERTEX_POINT ( 'NONE', #1119 ) ;
#823 = CARTESIAN_POINT ( 'NONE',  ( -59.99999999999993605, 0.000000000000000000, 60.00000000000000000 ) ) ;
#824 = APPROVAL_PERSON_ORGANIZATION ( #529, #2000, #1585 ) ;
#825 = ORIENTED_EDGE ( 'NONE', *, *, #744, .T. ) ;
#826 = DIRECTION ( 'NONE',  ( -0.000000000000000000, 1.000000000000000000, -0.000000000000000000 ) ) ;
#827 = CARTESIAN_POINT ( 'NONE',  ( -17.84314584497029799, 44.69351285141918595, 2.371939436147035174 ) ) ;
#828 = CARTESIAN_POINT ( 'NONE',  ( -17.98263031886837382, 47.87252041251415591, 0.8049659673344750077 ) ) ;
#829 = VECTOR ( 'NONE', #218, 1000.000000000000000 ) ;
#830 = DIRECTION ( 'NONE',  ( 0.000000000000000000, -1.000000000000000000, 0.000000000000000000 ) ) ;
#831 = CARTESIAN_POINT ( 'NONE',  ( -13.78938628576195846, 44.84971007570410251, -2.419480509528800116 ) ) ;
#832 = ORIENTED_EDGE ( 'NONE', *, *, #141, .F. ) ;
#833 = LINE ( 'NONE', #257, #1948 ) ;
#834 = EDGE_CURVE ( 'NONE', #1731, #1612, #388, .T. ) ;
#835 = VERTEX_POINT ( 'NONE', #1836 ) ;
#836 = CARTESIAN_POINT ( 'NONE',  ( 0.000000000000000000, 71.00000000000001421, 0.000000000000000000 ) ) ;
#837 = LINE ( 'NONE', #2106, #61 ) ;
#838 = ORIENTED_EDGE ( 'NONE', *, *, #2048, .T. ) ;
#839 = CARTESIAN_POINT ( 'NONE',  ( -17.84314020370215204, 46.30654827295534659, -2.371995126829087752 ) ) ;
#840 = CARTESIAN_POINT ( 'NONE',  ( -35.00000000000000000, 28.00000000000000000, -12.00000000000000000 ) ) ;
#841 = CARTESIAN_POINT ( 'NONE',  ( 55.00000000000000000, 71.00000000000001421, -42.24999999999999289 ) ) ;
#842 = ORIENTED_EDGE ( 'NONE', *, *, #256, .T. ) ;
#843 = FACE_OUTER_BOUND ( 'NONE', #168, .T. ) ;
#844 = ORIENTED_EDGE ( 'NONE', *, *, #2093, .F. ) ;
#845 = VERTEX_POINT ( 'NONE', #946 ) ;
#846 = EDGE_LOOP ( 'NONE', ( #712, #1978 ) ) ;
#847 = DIRECTION ( 'NONE',  ( 0.000000000000000000, 0.000000000000000000, -1.000000000000000000 ) ) ;
#848 = EDGE_CURVE ( 'NONE', #614, #77, #916, .T. ) ;
#849 = DIRECTION ( 'NONE',  ( -1.000000000000000000, 0.000000000000000000, 0.000000000000000000 ) ) ;
#850 = ORIENTED_EDGE ( 'NONE', *, *, #1252, .F. ) ;
#851 = CARTESIAN_POINT ( 'NONE',  ( -17.99999244026211542, 47.99994556988431782, -0.1640875423951353718 ) ) ;
#852 = DIRECTION ( 'NONE',  ( 0.000000000000000000, 0.000000000000000000, -1.000000000000000000 ) ) ;
#853 = AXIS2_PLACEMENT_3D ( 'NONE', #836, #862, #137 ) ;
#854 = FACE_BOUND ( 'NONE', #277, .T. ) ;
#855 = CIRCLE ( 'NONE', #1382, 1.500000000000001332 ) ;
#856 = EDGE_LOOP ( 'NONE', ( #2174, #1274, #536, #1433 ) ) ;
#857 = DIRECTION ( 'NONE',  ( -0.000000000000000000, -1.000000000000000000, -0.000000000000000000 ) ) ;
#858 = CARTESIAN_POINT ( 'NONE',  ( 17.96649685822270470, 47.74696167848721728, 1.108011643313558503 ) ) ;
#859 = AXIS2_PLACEMENT_3D ( 'NONE', #1515, #651, #2149 ) ;
#860 = VECTOR ( 'NONE', #1115, 1000.000000000000000 ) ;
#861 = ORIENTED_EDGE ( 'NONE', *, *, #868, .T. ) ;
#862 = DIRECTION ( 'NONE',  ( -0.000000000000000000, -1.000000000000000000, -0.000000000000000000 ) ) ;
#863 = AXIS2_PLACEMENT_3D ( 'NONE', #1603, #548, #1261 ) ;
#864 = CARTESIAN_POINT ( 'NONE',  ( 13.97737582468598205, 47.87082956393081190, -0.8097208485295025460 ) ) ;
#865 = ORIENTED_EDGE ( 'NONE', *, *, #301, .F. ) ;
#866 = ADVANCED_FACE ( 'NONE', ( #1698 ), #800, .T. ) ;
#867 = CARTESIAN_POINT ( 'NONE',  ( -17.98252671105594303, 47.87172813406260019, -0.8071135263421089778 ) ) ;
#868 = EDGE_CURVE ( 'NONE', #267, #1544, #1112, .T. ) ;
#869 = FACE_OUTER_BOUND ( 'NONE', #1247, .T. ) ;
#870 = APPROVAL_STATUS ( 'not_yet_approved' ) ;
#871 = ORIENTED_EDGE ( 'NONE', *, *, #1137, .F. ) ;
#872 = CARTESIAN_POINT ( 'NONE',  ( -14.00000803193819543, 42.99995502114443724, -0.1626338026142598314 ) ) ;
#873 = CARTESIAN_POINT ( 'NONE',  ( 70.00000000000000000, 45.50000000000000000, 0.000000000000000000 ) ) ;
#874 = EDGE_LOOP ( 'NONE', ( #110, #1955 ) ) ;
#875 = DIRECTION ( 'NONE',  ( -1.000000000000000000, 0.000000000000000000, 0.000000000000000000 ) ) ;
#876 = DIRECTION ( 'NONE',  ( 0.000000000000000000, 0.000000000000000000, -1.000000000000000000 ) ) ;
#877 = ADVANCED_FACE ( 'NONE', ( #211 ), #1663, .T. ) ;
#878 = CARTESIAN_POINT ( 'NONE',  ( -35.00000000000000000, 39.00000000000000000, 20.00000000000000000 ) ) ;
#879 = DATE_AND_TIME ( #1773, #1314 ) ;
#880 = DIRECTION ( 'NONE',  ( -0.000000000000000000, -1.000000000000000000, -0.000000000000000000 ) ) ;
#881 = CARTESIAN_POINT ( 'NONE',  ( 17.82554346997588368, 45.50000000000000000, 2.500000000000000000 ) ) ;
#882 = EDGE_LOOP ( 'NONE', ( #2308, #75, #2121, #1054, #1098, #727, #79, #998 ) ) ;
#883 = ORIENTED_EDGE ( 'NONE', *, *, #240, .T. ) ;
#884 = DIRECTION ( 'NONE',  ( -0.000000000000000000, 1.000000000000000000, -0.000000000000000000 ) ) ;
#885 = DIRECTION ( 'NONE',  ( 0.000000000000000000, 0.000000000000000000, -1.000000000000000000 ) ) ;
#886 = ORIENTED_EDGE ( 'NONE', *, *, #328, .F. ) ;
#887 = CARTESIAN_POINT ( 'NONE',  ( -13.77788817377749098, 45.82595894491446842, -2.484121722329651671 ) ) ;
#888 = EDGE_CURVE ( 'NONE', #2027, #1285, #406, .T. ) ;
#889 = CARTESIAN_POINT ( 'NONE',  ( -13.95691483957172885, 43.25293819781886384, -1.107923318130168200 ) ) ;
#890 = CARTESIAN_POINT ( 'NONE',  ( -35.00000000000000000, 68.00000000000000000, -9.999999999999991118 ) ) ;
#891 = AXIS2_PLACEMENT_3D ( 'NONE', #1329, #13, #1850 ) ;
#892 = VERTEX_POINT ( 'NONE', #226 ) ;
#893 = ORIENTED_EDGE ( 'NONE', *, *, #966, .T. ) ;
#894 = AXIS2_PLACEMENT_3D ( 'NONE', #1495, #2190, #1683 ) ;
#895 = LINE ( 'NONE', #1590, #1570 ) ;
#896 = CARTESIAN_POINT ( 'NONE',  ( 70.00000000000000000, 45.50000000000000000, 0.000000000000000000 ) ) ;
#897 = AXIS2_PLACEMENT_3D ( 'NONE', #670, #2337, #1400 ) ;
#898 = PERSON_AND_ORGANIZATION_ROLE ( 'design_owner' ) ;
#899 = ORIENTED_EDGE ( 'NONE', *, *, #1958, .T. ) ;
#900 = AXIS2_PLACEMENT_3D ( 'NONE', #609, #1325, #2049 ) ;
#901 = DIRECTION ( 'NONE',  ( 0.000000000000000000, 0.000000000000000000, -1.000000000000000000 ) ) ;
#902 = EDGE_LOOP ( 'NONE', ( #2077, #930 ) ) ;
#903 = ORIENTED_EDGE ( 'NONE', *, *, #2131, .T. ) ;
#904 = CARTESIAN_POINT ( 'NONE',  ( -21.00000000000000355, 43.00000000000000000, 0.000000000000000000 ) ) ;
#905 = LINE ( 'NONE', #339, #1167 ) ;
#906 = AXIS2_PLACEMENT_3D ( 'NONE', #231, #1519, #2012 ) ;
#907 = EDGE_LOOP ( 'NONE', ( #1309, #1678, #1758, #2241, #893, #1615, #1974, #1250 ) ) ;
#908 = CARTESIAN_POINT ( 'NONE',  ( 0.000000000000000000, 71.00000000000001421, -11.09999999999999964 ) ) ;
#909 = ADVANCED_FACE ( 'NONE', ( #43, #1139 ), #1854, .F. ) ;
#910 = CARTESIAN_POINT ( 'NONE',  ( 17.84312708122020297, 44.69378997829607414, 2.372089755139246581 ) ) ;
#911 = VERTEX_POINT ( 'NONE', #994 ) ;
#912 = VERTEX_POINT ( 'NONE', #1029 ) ;
#913 = LINE ( 'NONE', #382, #334 ) ;
#914 = CARTESIAN_POINT ( 'NONE',  ( -13.79777637307245008, 46.30693754002613360, -2.371784918873478976 ) ) ;
#915 = CARTESIAN_POINT ( 'NONE',  ( -35.00000000000000000, 68.00000000000000000, 20.00000000000000000 ) ) ;
#916 = B_SPLINE_CURVE_WITH_KNOTS ( 'NONE', 3,
 ( #1487, #2213, #2219, #55, #757, #261, #1510, #972, #246, #81, #1687, #33, #2237, #2047, #394, #1159, #596, #1148, #1863, #767, #2035, #2020, #71, #985, #616, #1333, #1480, #2206, #437, #1876, #420, #1286 ),
 .UNSPECIFIED., .F., .F.,
 ( 4, 2, 2, 2, 2, 2, 2, 2, 2, 2, 2, 2, 2, 2, 2, 4 ),
 ( 0.003916888019530036756, 0.004406345616924574674, 0.004895803214319113458, 0.005385260811713652243, 0.005874718409108190161, 0.006364176006502728078, 0.006853633603897266863, 0.007343091201291805648, 0.007832548798686344432, 0.008811463993475420267, 0.009300921590869957317, 0.009790379188264496102, 0.01027983678565903489, 0.01076929438305357367, 0.01125875198044811246, 0.01174820957784265124 ),
 .UNSPECIFIED. ) ;
#917 = LINE ( 'NONE', #192, #494 ) ;
#918 = ORIENTED_EDGE ( 'NONE', *, *, #69, .T. ) ;
#919 = CARTESIAN_POINT ( 'NONE',  ( 7.999999999999998224, 43.00000000000000000, 10.00000000000000000 ) ) ;
#920 = DIRECTION ( 'NONE',  ( -0.000000000000000000, -1.000000000000000000, -0.000000000000000000 ) ) ;
#921 = VERTEX_POINT ( 'NONE', #126 ) ;
#922 = ORIENTED_EDGE ( 'NONE', *, *, #924, .F. ) ;
#923 = EDGE_CURVE ( 'NONE', #1812, #685, #855, .T. ) ;
#924 = EDGE_CURVE ( 'NONE', #77, #771, #2087, .T. ) ;
#925 = CARTESIAN_POINT ( 'NONE',  ( 0.000000000000000000, 43.00000000000000000, 0.000000000000000000 ) ) ;
#926 = CARTESIAN_POINT ( 'NONE',  ( -14.00000000000000000, 47.99999999999999289, -0.1655787080512195752 ) ) ;
#927 = CARTESIAN_POINT ( 'NONE',  ( 1.714505518806294638E-15, 39.00000000000000000, 14.00000000000000000 ) ) ;
#928 = DIRECTION ( 'NONE',  ( 1.000000000000000000, 0.000000000000000000, 0.000000000000000000 ) ) ;
#929 = AXIS2_PLACEMENT_3D ( 'NONE', #1862, #32, #1697 ) ;
#930 = ORIENTED_EDGE ( 'NONE', *, *, #1810, .F. ) ;
#931 = CIRCLE ( 'NONE', #325, 10.00000000000000000 ) ;
#932 = DIRECTION ( 'NONE',  ( -1.000000000000000000, 0.000000000000000000, 0.000000000000000000 ) ) ;
#933 = CARTESIAN_POINT ( 'NONE',  ( 1.359357947053562156E-15, 55.00000000000000000, 11.09999999999999964 ) ) ;
#934 = ORIENTED_EDGE ( 'NONE', *, *, #1252, .T. ) ;
#935 = EDGE_LOOP ( 'NONE', ( #135, #569, #1463, #2032 ) ) ;
#936 = CARTESIAN_POINT ( 'NONE',  ( -17.99045018133112706, 43.06655860302443273, -0.6589780194818473102 ) ) ;
#937 = AXIS2_PLACEMENT_3D ( 'NONE', #1008, #276, #997 ) ;
#938 = CARTESIAN_POINT ( 'NONE',  ( -60.00000000000001421, 5.000000000000000000, 50.00000000000000000 ) ) ;
#939 = EDGE_CURVE ( 'NONE', #1477, #31, #1044, .T. ) ;
#940 = EDGE_CURVE ( 'NONE', #1331, #1394, #1018, .T. ) ;
#941 = CARTESIAN_POINT ( 'NONE',  ( -13.97737582468598205, 47.87082956393081190, 0.8097208485295025460 ) ) ;
#942 =( GEOMETRIC_REPRESENTATION_CONTEXT ( 3 ) GLOBAL_UNCERTAINTY_ASSIGNED_CONTEXT ( ( #2280 ) ) GLOBAL_UNIT_ASSIGNED_CONTEXT ( ( #2344, #2166, #2203 ) ) REPRESENTATION_CONTEXT ( 'NONE', 'WORKASPACE' ) );
#943 = DIRECTION ( 'NONE',  ( -0.000000000000000000, -0.000000000000000000, -1.000000000000000000 ) ) ;
#944 = LINE ( 'NONE', #1103, #829 ) ;
#945 = ORIENTED_EDGE ( 'NONE', *, *, #731, .F. ) ;
#946 = CARTESIAN_POINT ( 'NONE',  ( 59.99999999999993605, 0.000000000000000000, -60.00000000000000000 ) ) ;
#947 = CARTESIAN_POINT ( 'NONE',  ( 55.00000000000000000, 71.00000000000001421, 42.24999999999999289 ) ) ;
#948 = ORIENTED_EDGE ( 'NONE', *, *, #2272, .F. ) ;
#949 = DIRECTION ( 'NONE',  ( 0.000000000000000000, 0.000000000000000000, 1.000000000000000000 ) ) ;
#950 = DIRECTION ( 'NONE',  ( -0.000000000000000000, -1.000000000000000000, -0.000000000000000000 ) ) ;
#951 = CARTESIAN_POINT ( 'NONE',  ( -21.00000000000000355, 28.00000000000000000, -13.60000000000000142 ) ) ;
#952 = COORDINATED_UNIVERSAL_TIME_OFFSET ( 6, 0, .BEHIND. ) ;
#953 = LINE ( 'NONE', #247, #2071 ) ;
#954 = CYLINDRICAL_SURFACE ( 'NONE', #1049, 1.500000000000001332 ) ;
#955 = EDGE_CURVE ( 'NONE', #921, #677, #1555, .T. ) ;
#956 = EDGE_CURVE ( 'NONE', #1109, #173, #136, .T. ) ;
#957 = DIRECTION ( 'NONE',  ( 0.000000000000000000, 0.000000000000000000, 1.000000000000000000 ) ) ;
#958 = ORIENTED_EDGE ( 'NONE', *, *, #1497, .F. ) ;
#959 = DIRECTION ( 'NONE',  ( 0.000000000000000000, 0.000000000000000000, 1.000000000000000000 ) ) ;
#960 = CARTESIAN_POINT ( 'NONE',  ( 0.000000000000000000, 43.00000000000000000, 0.000000000000000000 ) ) ;
#961 = VERTEX_POINT ( 'NONE', #1207 ) ;
#962 = FACE_OUTER_BOUND ( 'NONE', #1636, .T. ) ;
#963 = APPROVAL_DATE_TIME ( #1844, #460 ) ;
#964 = DIRECTION ( 'NONE',  ( 0.000000000000000000, 1.000000000000000000, 0.000000000000000000 ) ) ;
#965 = CYLINDRICAL_SURFACE ( 'NONE', #1236, 2.500000000000000000 ) ;
#966 = EDGE_CURVE ( 'NONE', #822, #1033, #17, .T. ) ;
#967 = ORIENTED_EDGE ( 'NONE', *, *, #213, .F. ) ;
#968 = CARTESIAN_POINT ( 'NONE',  ( 7.999999999999998224, 43.00000000000000000, -10.00000000000000000 ) ) ;
#969 = DIRECTION ( 'NONE',  ( 0.000000000000000000, 0.000000000000000000, 1.000000000000000000 ) ) ;
#970 = ORIENTED_EDGE ( 'NONE', *, *, #1211, .T. ) ;
#971 = CARTESIAN_POINT ( 'NONE',  ( 7.999999999999998224, 43.00000000000000000, 10.00000000000000000 ) ) ;
#972 = CARTESIAN_POINT ( 'NONE',  ( 13.85854094322176522, 43.97446706184423704, 1.987262366664162228 ) ) ;
#973 = VECTOR ( 'NONE', #1500, 1000.000000000000000 ) ;
#974 = VECTOR ( 'NONE', #401, 1000.000000000000000 ) ;
#975 = DIRECTION ( 'NONE',  ( 0.000000000000000000, 0.7071067811865474617, 0.7071067811865474617 ) ) ;
#976 = LINE ( 'NONE', #442, #1349 ) ;
#977 = CIRCLE ( 'NONE', #2302, 2.750000000000002665 ) ;
#978 = ORIENTED_EDGE ( 'NONE', *, *, #1781, .F. ) ;
#979 = EDGE_LOOP ( 'NONE', ( #1861, #1513, #2066, #188 ) ) ;
#980 = DIRECTION ( 'NONE',  ( -1.000000000000000000, 0.000000000000000000, 0.000000000000000000 ) ) ;
#981 = CARTESIAN_POINT ( 'NONE',  ( 70.00000000000000000, 45.50000000000000000, 2.500000000000000000 ) ) ;
#982 = EDGE_LOOP ( 'NONE', ( #1852, #387, #1362, #178 ) ) ;
#983 = EDGE_CURVE ( 'NONE', #1391, #1394, #1132, .T. ) ;
#984 = FACE_OUTER_BOUND ( 'NONE', #1188, .T. ) ;
#985 = CARTESIAN_POINT ( 'NONE',  ( 13.87331835086268050, 43.84711725086926037, -1.882694213355271540 ) ) ;
#986 = LINE ( 'NONE', #83, #713 ) ;
#987 = DIRECTION ( 'NONE',  ( 0.000000000000000000, 0.000000000000000000, 1.000000000000000000 ) ) ;
#988 = ORIENTED_EDGE ( 'NONE', *, *, #1553, .T. ) ;
#989 = ORIENTED_EDGE ( 'NONE', *, *, #18, .F. ) ;
#990 = ORIENTED_EDGE ( 'NONE', *, *, #1971, .T. ) ;
#991 = LINE ( 'NONE', #981, #1422 ) ;
#992 = VERTEX_POINT ( 'NONE', #114 ) ;
#993 = DIRECTION ( 'NONE',  ( -0.000000000000000000, -1.000000000000000000, -0.000000000000000000 ) ) ;
#994 = CARTESIAN_POINT ( 'NONE',  ( -70.00000000000000000, 5.000000000000000000, 49.99999999999993605 ) ) ;
#995 = EDGE_CURVE ( 'NONE', #2100, #1729, #837, .T. ) ;
#996 = CARTESIAN_POINT ( 'NONE',  ( -17.98900311274963926, 47.91976180677384889, -0.6495181491350422442 ) ) ;
#997 = DIRECTION ( 'NONE',  ( 0.000000000000000000, 0.000000000000000000, 1.000000000000000000 ) ) ;
#998 = ORIENTED_EDGE ( 'NONE', *, *, #1452, .F. ) ;
#999 = DIRECTION ( 'NONE',  ( 0.000000000000000000, 0.000000000000000000, 1.000000000000000000 ) ) ;
#1000 = VERTEX_POINT ( 'NONE', #1449 ) ;
#1001 = DIRECTION ( 'NONE',  ( 0.000000000000000000, 0.000000000000000000, 1.000000000000000000 ) ) ;
#1002 = CARTESIAN_POINT ( 'NONE',  ( -17.85927503360028368, 44.39262806531695560, 2.247275151789792424 ) ) ;
#1003 = VECTOR ( 'NONE', #1892, 1000.000000000000000 ) ;
#1004 = CARTESIAN_POINT ( 'NONE',  ( -17.98900843638134717, 47.91979912771474659, 0.6490964519981230474 ) ) ;
#1005 = AXIS2_PLACEMENT_3D ( 'NONE', #1777, #1600, #533 ) ;
#1006 = DIRECTION ( 'NONE',  ( 0.000000000000000000, -1.000000000000000000, 0.000000000000000000 ) ) ;
#1007 = AXIS2_PLACEMENT_3D ( 'NONE', #234, #1646, #1851 ) ;
#1008 = CARTESIAN_POINT ( 'NONE',  ( 0.000000000000000000, 55.00000000000000000, 0.000000000000000000 ) ) ;
#1009 = EDGE_CURVE ( 'NONE', #2167, #623, #1085, .T. ) ;
#1010 = AXIS2_PLACEMENT_3D ( 'NONE', #1564, #1034, #2315 ) ;
#1011 = ORIENTED_EDGE ( 'NONE', *, *, #1520, .F. ) ;
#1012 = CIRCLE ( 'NONE', #1759, 9.999999999999994671 ) ;
#1013 = VERTEX_POINT ( 'NONE', #721 ) ;
#1014 = DIRECTION ( 'NONE',  ( 0.000000000000000000, 0.000000000000000000, -1.000000000000000000 ) ) ;
#1015 = CC_DESIGN_SECURITY_CLASSIFICATION ( #297, ( #1055 ) ) ;
#1016 = EDGE_LOOP ( 'NONE', ( #1693, #88, #1994, #1523 ) ) ;
#1017 = CYLINDRICAL_SURFACE ( 'NONE', #1640, 2.750000000000002665 ) ;
#1018 = LINE ( 'NONE', #2262, #1981 ) ;
#1019 = CARTESIAN_POINT ( 'NONE',  ( -17.95681517766534441, 47.66920074756094294, -1.253602572079147714 ) ) ;
#1020 = DIRECTION ( 'NONE',  ( 0.000000000000000000, 1.000000000000000000, 0.000000000000000000 ) ) ;
#1021 = FACE_OUTER_BOUND ( 'NONE', #1702, .T. ) ;
#1022 = ADVANCED_FACE ( 'NONE', ( #1614 ), #1992, .F. ) ;
#1023 = EDGE_CURVE ( 'NONE', #1768, #459, #379, .T. ) ;
#1024 = EDGE_LOOP ( 'NONE', ( #1177, #1045, #253, #1867 ) ) ;
#1025 = CARTESIAN_POINT ( 'NONE',  ( -13.81880599098808027, 44.38992287291959826, 2.246034742418408836 ) ) ;
#1026 = DIRECTION ( 'NONE',  ( -1.000000000000000000, 0.000000000000000000, 0.000000000000000000 ) ) ;
#1027 = EDGE_LOOP ( 'NONE', ( #1598, #1516, #2200, #1373, #2296 ) ) ;
#1028 = LINE ( 'NONE', #103, #1901 ) ;
#1029 = CARTESIAN_POINT ( 'NONE',  ( -60.00000000000001421, 5.000000000000000000, -60.00000000000000000 ) ) ;
#1030 = CARTESIAN_POINT ( 'NONE',  ( -17.93567704608967261, 47.48663828112081120, -1.526505693382059103 ) ) ;
#1031 = PLANE ( 'NONE',  #295 ) ;
#1032 = DIRECTION ( 'NONE',  ( 0.000000000000000000, 1.000000000000000000, 0.000000000000000000 ) ) ;
#1033 = VERTEX_POINT ( 'NONE', #185 ) ;
#1034 = DIRECTION ( 'NONE',  ( -0.000000000000000000, 1.000000000000000000, -0.000000000000000000 ) ) ;
#1035 = CARTESIAN_POINT ( 'NONE',  ( 17.98900843638134717, 47.91979912771474659, -0.6490964519981230474 ) ) ;
#1036 = EDGE_CURVE ( 'NONE', #1360, #1464, #290, .T. ) ;
#1037 = ORIENTED_EDGE ( 'NONE', *, *, #762, .F. ) ;
#1038 = FACE_OUTER_BOUND ( 'NONE', #1089, .T. ) ;
#1039 = EDGE_CURVE ( 'NONE', #911, #565, #1719, .T. ) ;
#1040 = CARTESIAN_POINT ( 'NONE',  ( 13.91711597651178245, 47.49703099514800897, -1.538677995299831958 ) ) ;
#1041 = DIRECTION ( 'NONE',  ( -0.000000000000000000, -1.000000000000000000, -0.000000000000000000 ) ) ;
#1042 = DIRECTION ( 'NONE',  ( 0.000000000000000000, -0.000000000000000000, -1.000000000000000000 ) ) ;
#1043 = AXIS2_PLACEMENT_3D ( 'NONE', #1742, #644, #1893 ) ;
#1044 = CIRCLE ( 'NONE', #366, 2.500000000000000000 ) ;
#1045 = ORIENTED_EDGE ( 'NONE', *, *, #8, .F. ) ;
#1046 = FACE_OUTER_BOUND ( 'NONE', #1648, .T. ) ;
#1047 = PLANE ( 'NONE',  #1434 ) ;
#1048 = VECTOR ( 'NONE', #876, 1000.000000000000000 ) ;
#1049 = AXIS2_PLACEMENT_3D ( 'NONE', #1666, #1436, #191 ) ;
#1050 = ORIENTED_EDGE ( 'NONE', *, *, #2285, .T. ) ;
#1051 = CARTESIAN_POINT ( 'NONE',  ( -16.43933982822018081, 38.56066017177981564, 20.00000000000000000 ) ) ;
#1052 = AXIS2_PLACEMENT_3D ( 'NONE', #502, #2278, #1936 ) ;
#1053 = DIRECTION ( 'NONE',  ( -0.000000000000000000, -0.000000000000000000, 1.000000000000000000 ) ) ;
#1054 = ORIENTED_EDGE ( 'NONE', *, *, #1125, .F. ) ;
#1055 = PRODUCT_DEFINITION_FORMATION_WITH_SPECIFIED_SOURCE ( 'ANY', '', #2070, .NOT_KNOWN. ) ;
#1056 = EDGE_CURVE ( 'NONE', #796, #1464, #2238, .T. ) ;
#1057 = DIRECTION ( 'NONE',  ( 0.000000000000000000, 0.000000000000000000, -1.000000000000000000 ) ) ;
#1058 = DIRECTION ( 'NONE',  ( 0.000000000000000000, 0.000000000000000000, 1.000000000000000000 ) ) ;
#1059 = DIRECTION ( 'NONE',  ( 0.000000000000000000, 0.000000000000000000, 1.000000000000000000 ) ) ;
#1060 = ORIENTED_EDGE ( 'NONE', *, *, #273, .F. ) ;
#1061 = ORIENTED_EDGE ( 'NONE', *, *, #1798, .F. ) ;
#1062 = CARTESIAN_POINT ( 'NONE',  ( -21.00000000000000000, 15.00000000000000000, -20.00000000000000000 ) ) ;
#1063 = DIRECTION ( 'NONE',  ( 0.000000000000000000, 0.000000000000000000, 1.000000000000000000 ) ) ;
#1064 = CC_DESIGN_PERSON_AND_ORGANIZATION_ASSIGNMENT ( #1244, #1409, ( #284 ) ) ;
#1065 = ADVANCED_FACE ( 'NONE', ( #2176 ), #1097, .F. ) ;
#1066 = CARTESIAN_POINT ( 'NONE',  ( -35.00000000000000000, 28.00000000000000000, 13.60000000000000142 ) ) ;
#1067 = CARTESIAN_POINT ( 'NONE',  ( -13.99706924983771827, 47.98373839272468899, 0.3288127542806037473 ) ) ;
#1068 = COORDINATED_UNIVERSAL_TIME_OFFSET ( 6, 0, .BEHIND. ) ;
#1069 = DIRECTION ( 'NONE',  ( -0.000000000000000000, -1.000000000000000000, -0.000000000000000000 ) ) ;
#1070 = CARTESIAN_POINT ( 'NONE',  ( 17.99999244026211542, 47.99994556988431782, 0.1640875423951353718 ) ) ;
#1071 = ORIENTED_EDGE ( 'NONE', *, *, #1895, .F. ) ;
#1072 = CARTESIAN_POINT ( 'NONE',  ( -45.00000000000000000, 5.000000000000000000, -30.00000000000000000 ) ) ;
#1073 = CARTESIAN_POINT ( 'NONE',  ( -70.00000000000000000, 5.000000000000000000, 49.99999999999992895 ) ) ;
#1074 = EDGE_LOOP ( 'NONE', ( #1133, #1260, #945, #541 ) ) ;
#1075 = CARTESIAN_POINT ( 'NONE',  ( 70.00000000000000000, 28.00000000000000000, -10.40000000000000036 ) ) ;
#1076 = CARTESIAN_POINT ( 'NONE',  ( -14.00000000000000000, 47.99999999999999289, 0.000000000000000000 ) ) ;
#1077 = VECTOR ( 'NONE', #799, 1000.000000000000000 ) ;
#1078 = CARTESIAN_POINT ( 'NONE',  ( 0.000000000000000000, 15.00000000000000000, 30.00000000000000000 ) ) ;
#1079 = EDGE_CURVE ( 'NONE', #1464, #1486, #196, .T. ) ;
#1080 = CARTESIAN_POINT ( 'NONE',  ( 17.93583229304925197, 47.48800209809662931, -1.524579836149103418 ) ) ;
#1081 = AXIS2_PLACEMENT_3D ( 'NONE', #772, #1659, #959 ) ;
#1082 = EDGE_LOOP ( 'NONE', ( #850, #1891, #498, #1184 ) ) ;
#1083 = AXIS2_PLACEMENT_3D ( 'NONE', #65, #1507, #1156 ) ;
#1084 = CARTESIAN_POINT ( 'NONE',  ( -20.56066017177982630, 34.43933982822011330, 20.00000000000000000 ) ) ;
#1085 = LINE ( 'NONE', #554, #368 ) ;
#1086 = CIRCLE ( 'NONE', #1835, 1.600000000000000755 ) ;
#1087 = CARTESIAN_POINT ( 'NONE',  ( -35.00000000000000000, 15.00000000000000000, -20.00000000000000000 ) ) ;
#1088 = EDGE_LOOP ( 'NONE', ( #343, #6, #1964, #1928 ) ) ;
#1089 = EDGE_LOOP ( 'NONE', ( #1011, #1552, #1508, #415 ) ) ;
#1090 = VECTOR ( 'NONE', #2303, 1000.000000000000000 ) ;
#1091 = CARTESIAN_POINT ( 'NONE',  ( -21.00000000000000355, 45.50000000000000000, 0.000000000000000000 ) ) ;
#1092 = LINE ( 'NONE', #180, #2068 ) ;
#1093 = DIRECTION ( 'NONE',  ( 0.000000000000000000, 1.000000000000000000, 0.000000000000000000 ) ) ;
#1094 = EDGE_CURVE ( 'NONE', #1934, #1143, #2065, .T. ) ;
#1095 = ORIENTED_EDGE ( 'NONE', *, *, #450, .T. ) ;
#1096 = CARTESIAN_POINT ( 'NONE',  ( -35.00000000000000000, 45.50000000000000000, 0.000000000000000000 ) ) ;
#1097 = PLANE ( 'NONE',  #2026 ) ;
#1098 = ORIENTED_EDGE ( 'NONE', *, *, #227, .F. ) ;
#1099 = EDGE_LOOP ( 'NONE', ( #1541, #1327, #1168, #786 ) ) ;
#1100 = DIRECTION ( 'NONE',  ( -1.000000000000000000, 0.000000000000000000, 0.000000000000000000 ) ) ;
#1101 = CARTESIAN_POINT ( 'NONE',  ( -13.90249901354925655, 47.38215900057863195, -1.653472579304024803 ) ) ;
#1102 = DIRECTION ( 'NONE',  ( 0.000000000000000000, 0.000000000000000000, 1.000000000000000000 ) ) ;
#1103 = CARTESIAN_POINT ( 'NONE',  ( -35.00000000000000000, 68.00000000000000000, 10.00000000000002132 ) ) ;
#1104 = ORIENTED_EDGE ( 'NONE', *, *, #868, .F. ) ;
#1105 = CARTESIAN_POINT ( 'NONE',  ( -35.00000000000000000, 9.142135623730947458, -20.00000000000000000 ) ) ;
#1106 = EDGE_CURVE ( 'NONE', #1612, #611, #1405, .T. ) ;
#1107 = CARTESIAN_POINT ( 'NONE',  ( 13.77497731395590819, 45.66346913655887363, 2.499999999999998668 ) ) ;
#1108 = VERTEX_POINT ( 'NONE', #342 ) ;
#1109 = VERTEX_POINT ( 'NONE', #1431 ) ;
#1110 = EDGE_CURVE ( 'NONE', #2017, #1228, #1121, .T. ) ;
#1111 = DIRECTION ( 'NONE',  ( 0.000000000000000000, 1.000000000000000000, 0.000000000000000000 ) ) ;
#1112 = LINE ( 'NONE', #1827, #973 ) ;
#1113 = CYLINDRICAL_SURFACE ( 'NONE', #527, 2.750000000000002665 ) ;
#1114 = CARTESIAN_POINT ( 'NONE',  ( -13.94639441313972839, 47.68337093358498890, 1.260481678321060395 ) ) ;
#1115 = DIRECTION ( 'NONE',  ( -1.000000000000000000, 0.000000000000000000, 0.000000000000000000 ) ) ;
#1116 = PLANE ( 'NONE',  #302 ) ;
#1117 = ORIENTED_EDGE ( 'NONE', *, *, #1152, .F. ) ;
#1118 = CIRCLE ( 'NONE', #1794, 18.00000000000000000 ) ;
#1119 = CARTESIAN_POINT ( 'NONE',  ( 0.000000000000000000, 47.99999999999999289, -14.00000000000000000 ) ) ;
#1120 = LINE ( 'NONE', #1660, #1872 ) ;
#1121 = CIRCLE ( 'NONE', #23, 1.600000000000000755 ) ;
#1122 = DIRECTION ( 'NONE',  ( 0.7071067811865433539, 0.7071067811865517916, 0.000000000000000000 ) ) ;
#1123 = VECTOR ( 'NONE', #2058, 1000.000000000000000 ) ;
#1124 = CARTESIAN_POINT ( 'NONE',  ( 0.000000000000000000, 63.00000000000000000, -9.000000000000000000 ) ) ;
#1125 = EDGE_CURVE ( 'NONE', #2259, #2098, #544, .T. ) ;
#1126 = ADVANCED_FACE ( 'NONE', ( #152 ), #1591, .F. ) ;
#1127 = AXIS2_PLACEMENT_3D ( 'NONE', #1980, #1468, #2147 ) ;
#1128 = PERSON_AND_ORGANIZATION ( #1210, #1240 ) ;
#1129 = CARTESIAN_POINT ( 'NONE',  ( -35.00000000000000000, 58.00000000000004974, 20.00000000000000000 ) ) ;
#1130 = DIRECTION ( 'NONE',  ( 1.000000000000000000, -0.000000000000000000, 0.000000000000000000 ) ) ;
#1131 = DIRECTION ( 'NONE',  ( 0.000000000000000000, 0.000000000000000000, -1.000000000000000000 ) ) ;
#1132 = B_SPLINE_CURVE_WITH_KNOTS ( 'NONE', 3,
 ( #453, #1558, #676, #1357, #2082, #2123, #1379, #2092, #1179, #473, #1217, #282, #1002, #827, #2276, #654, #1906, #1733 ),
 .UNSPECIFIED., .F., .F.,
 ( 4, 2, 2, 2, 2, 2, 2, 2, 4 ),
 ( 0.000000000000000000, 0.0004892157782246985345, 0.0009784315564493970691, 0.001467647334674095820, 0.001956863112898795005, 0.002446078891123494407, 0.002935294669348193376, 0.003424510447572893211, 0.003913726225797592613 ),
 .UNSPECIFIED. ) ;
#1133 = ORIENTED_EDGE ( 'NONE', *, *, #2018, .T. ) ;
#1134 = DIRECTION ( 'NONE',  ( 0.000000000000000000, -1.000000000000000000, 0.000000000000000000 ) ) ;
#1135 = CARTESIAN_POINT ( 'NONE',  ( 13.77788817377749098, 45.82595894491446842, 2.484121722329651671 ) ) ;
#1136 = EDGE_LOOP ( 'NONE', ( #1649, #1173, #485, #187 ) ) ;
#1137 = EDGE_CURVE ( 'NONE', #771, #614, #2128, .T. ) ;
#1138 = CARTESIAN_POINT ( 'NONE',  ( -17.89003425336481712, 43.97629927623683699, -1.988719317344156412 ) ) ;
#1139 = FACE_BOUND ( 'NONE', #1411, .T. ) ;
#1140 = EDGE_CURVE ( 'NONE', #730, #771, #1531, .T. ) ;
#1141 = CYLINDRICAL_SURFACE ( 'NONE', #745, 1.600000000000000755 ) ;
#1142 = DIRECTION ( 'NONE',  ( 0.000000000000000000, 1.000000000000000000, -0.000000000000000000 ) ) ;
#1143 = VERTEX_POINT ( 'NONE', #1860 ) ;
#1144 = PLANE ( 'NONE',  #2254 ) ;
#1145 = LINE ( 'NONE', #2234, #974 ) ;
#1146 = EDGE_LOOP ( 'NONE', ( #1989, #1637, #1914, #303 ) ) ;
#1147 = CARTESIAN_POINT ( 'NONE',  ( -17.86894718356162670, 44.24795696641643161, -2.170036096665012515 ) ) ;
#1148 = CARTESIAN_POINT ( 'NONE',  ( 13.99998388512035774, 43.00009024332934615, -0.3273374538871544059 ) ) ;
#1149 = CARTESIAN_POINT ( 'NONE',  ( -35.00000000000000000, 15.00000000000000000, 20.00000000000000000 ) ) ;
#1150 = LINE ( 'NONE', #46, #487 ) ;
#1151 = CARTESIAN_POINT ( 'NONE',  ( 17.95683955212295757, 43.33061866375236093, -1.253185796717250833 ) ) ;
#1152 = EDGE_CURVE ( 'NONE', #749, #1143, #2030, .T. ) ;
#1153 = ORIENTED_EDGE ( 'NONE', *, *, #888, .T. ) ;
#1154 = ORIENTED_EDGE ( 'NONE', *, *, #1781, .T. ) ;
#1155 = CARTESIAN_POINT ( 'NONE',  ( -20.99999999999999645, 9.142135623730951011, 20.00000000000000000 ) ) ;
#1156 = DIRECTION ( 'NONE',  ( 0.000000000000000000, 0.000000000000000000, -1.000000000000000000 ) ) ;
#1157 = ORIENTED_EDGE ( 'NONE', *, *, #983, .F. ) ;
#1158 = CARTESIAN_POINT ( 'NONE',  ( -35.00000000000000000, 43.00000000000000000, 20.00000000000000000 ) ) ;
#1159 = CARTESIAN_POINT ( 'NONE',  ( 13.99706661088154824, 43.01627933971921891, 0.3285417665661338749 ) ) ;
#1160 = VECTOR ( 'NONE', #329, 1000.000000000000000 ) ;
#1161 = AXIS2_PLACEMENT_3D ( 'NONE', #164, #549, #1573 ) ;
#1162 = CARTESIAN_POINT ( 'NONE',  ( -59.99999999999993605, 5.000000000000000000, 60.00000000000000000 ) ) ;
#1163 = ORIENTED_EDGE ( 'NONE', *, *, #2181, .T. ) ;
#1164 = ORIENTED_EDGE ( 'NONE', *, *, #1239, .F. ) ;
#1165 = EDGE_CURVE ( 'NONE', #173, #1109, #2332, .T. ) ;
#1166 = CYLINDRICAL_SURFACE ( 'NONE', #1833, 10.00000000000000178 ) ;
#1167 = VECTOR ( 'NONE', #1425, 1000.000000000000000 ) ;
#1168 = ORIENTED_EDGE ( 'NONE', *, *, #255, .F. ) ;
#1169 = CARTESIAN_POINT ( 'NONE',  ( 7.999999999999998224, 39.00000000000000000, -10.00000000000000000 ) ) ;
#1170 = CARTESIAN_POINT ( 'NONE',  ( 13.81870908116326646, 46.60879082869500678, -2.246622395854368737 ) ) ;
#1171 = DIRECTION ( 'NONE',  ( 0.000000000000000000, 0.000000000000000000, 1.000000000000000000 ) ) ;
#1172 = DIRECTION ( 'NONE',  ( 0.000000000000000000, -1.000000000000000000, 0.000000000000000000 ) ) ;
#1173 = ORIENTED_EDGE ( 'NONE', *, *, #1178, .F. ) ;
#1174 = ORIENTED_EDGE ( 'NONE', *, *, #563, .T. ) ;
#1175 = VERTEX_POINT ( 'NONE', #1320 ) ;
#1176 = DIRECTION ( 'NONE',  ( 0.000000000000000000, -1.000000000000000000, 0.000000000000000000 ) ) ;
#1177 = ORIENTED_EDGE ( 'NONE', *, *, #784, .T. ) ;
#1178 = EDGE_CURVE ( 'NONE', #911, #2098, #752, .T. ) ;
#1179 = CARTESIAN_POINT ( 'NONE',  ( -17.92428373237263983, 43.61768772190821153, 1.653312540912551531 ) ) ;
#1180 = EDGE_CURVE ( 'NONE', #384, #1391, #250, .T. ) ;
#1181 = CARTESIAN_POINT ( 'NONE',  ( -35.00000000000000000, 5.000000000000000000, -20.00000000000000000 ) ) ;
#1182 = LINE ( 'NONE', #2136, #176 ) ;
#1183 = DIRECTION ( 'NONE',  ( -0.000000000000000000, -1.000000000000000000, -0.000000000000000000 ) ) ;
#1184 = ORIENTED_EDGE ( 'NONE', *, *, #547, .F. ) ;
#1185 = ORIENTED_EDGE ( 'NONE', *, *, #2048, .F. ) ;
#1186 = EDGE_LOOP ( 'NONE', ( #1342, #804, #1695, #1970, #842, #471 ) ) ;
#1187 = CYLINDRICAL_SURFACE ( 'NONE', #1232, 1.600000000000000755 ) ;
#1188 = EDGE_LOOP ( 'NONE', ( #1328, #53, #259, #1292, #2191, #865, #1157, #1790 ) ) ;
#1189 = LINE ( 'NONE', #1356, #1904 ) ;
#1190 = CARTESIAN_POINT ( 'NONE',  ( 13.79775923535692783, 46.30675668503668874, -2.371892270424858840 ) ) ;
#1191 = AXIS2_PLACEMENT_3D ( 'NONE', #1754, #116, #464 ) ;
#1192 = CARTESIAN_POINT ( 'NONE',  ( -17.86914326116178131, 46.75478022446629467, 2.168414376996213644 ) ) ;
#1193 = AXIS2_PLACEMENT_3D ( 'NONE', #1460, #64, #1645 ) ;
#1194 = EDGE_CURVE ( 'NONE', #459, #12, #1796, .T. ) ;
#1195 = EDGE_CURVE ( 'NONE', #1000, #735, #1145, .T. ) ;
#1196 = FACE_BOUND ( 'NONE', #480, .T. ) ;
#1197 = AXIS2_PLACEMENT_3D ( 'NONE', #1375, #2102, #528 ) ;
#1198 = LINE ( 'NONE', #841, #26 ) ;
#1199 = AXIS2_PLACEMENT_3D ( 'NONE', #1078, #1130, #1483 ) ;
#1200 = ORIENTED_EDGE ( 'NONE', *, *, #720, .T. ) ;
#1201 = AXIS2_PLACEMENT_3D ( 'NONE', #925, #724, #1639 ) ;
#1202 = CARTESIAN_POINT ( 'NONE',  ( -13.83123635781539384, 44.24649763955431325, 2.169165897749828709 ) ) ;
#1203 = VERTEX_POINT ( 'NONE', #933 ) ;
#1204 = DIRECTION ( 'NONE',  ( 1.000000000000000000, -0.000000000000000000, -0.000000000000000000 ) ) ;
#1205 = ORIENTED_EDGE ( 'NONE', *, *, #2075, .T. ) ;
#1206 = CARTESIAN_POINT ( 'NONE',  ( -21.00000000000000000, 33.37867965644029766, 20.00000000000000000 ) ) ;
#1207 = CARTESIAN_POINT ( 'NONE',  ( -21.00000000000000000, 15.00000000000000000, 20.00000000000000000 ) ) ;
#1208 = CARTESIAN_POINT ( 'NONE',  ( -17.95678435610459545, 47.66891141112108699, 1.253921572323314804 ) ) ;
#1209 = CARTESIAN_POINT ( 'NONE',  ( 70.00000000000000000, 5.000000000000000000, 49.99999999999992895 ) ) ;
#1210 = PERSON ( 'UNSPECIFIED', 'UNSPECIFIED', 'UNSPECIFIED', ('UNSPECIFIED'), ('UNSPECIFIED'), ('UNSPECIFIED') ) ;
#1211 = EDGE_CURVE ( 'NONE', #467, #204, #14, .T. ) ;
#1212 = VERTEX_POINT ( 'NONE', #1476 ) ;
#1213 = CARTESIAN_POINT ( 'NONE',  ( -13.94436023423958027, 43.33131832912346226, -1.254311142033046611 ) ) ;
#1214 = CARTESIAN_POINT ( 'NONE',  ( 17.98900311274963926, 47.91976180677384889, 0.6495181491350422442 ) ) ;
#1215 = EDGE_LOOP ( 'NONE', ( #2117, #1963, #232, #652, #1657, #1868, #1432, #1899 ) ) ;
#1216 = CARTESIAN_POINT ( 'NONE',  ( 55.00000000000000000, 71.00000000000001421, -45.00000000000000000 ) ) ;
#1217 = CARTESIAN_POINT ( 'NONE',  ( -17.89022543799955756, 43.97398007380362372, 1.987031732883741242 ) ) ;
#1218 = ORIENTED_EDGE ( 'NONE', *, *, #1224, .F. ) ;
#1219 = CARTESIAN_POINT ( 'NONE',  ( 70.00000000000000000, 5.000000000000000000, 49.99999999999992895 ) ) ;
#1220 = CARTESIAN_POINT ( 'NONE',  ( 0.000000000000000000, 68.00000000000000000, 0.000000000000000000 ) ) ;
#1221 = ORIENTED_EDGE ( 'NONE', *, *, #1538, .F. ) ;
#1222 = CARTESIAN_POINT ( 'NONE',  ( 55.00000000000000000, 71.00000000000001421, 45.00000000000000000 ) ) ;
#1223 = CARTESIAN_POINT ( 'NONE',  ( 17.85939416148994141, 46.60942670019077383, 2.246342225755463939 ) ) ;
#1224 = EDGE_CURVE ( 'NONE', #2331, #623, #1120, .T. ) ;
#1225 = ORIENTED_EDGE ( 'NONE', *, *, #153, .T. ) ;
#1226 = CARTESIAN_POINT ( 'NONE',  ( -55.00000000000000000, 71.00000000000001421, -47.75000000000000000 ) ) ;
#1227 = DIRECTION ( 'NONE',  ( 1.000000000000000000, -0.000000000000000000, -0.000000000000000000 ) ) ;
#1228 = VERTEX_POINT ( 'NONE', #567 ) ;
#1229 = DIRECTION ( 'NONE',  ( 0.000000000000000000, -1.000000000000000000, 0.000000000000000000 ) ) ;
#1230 = DIRECTION ( 'NONE',  ( 0.000000000000000000, 0.000000000000000000, 1.000000000000000000 ) ) ;
#1231 = AXIS2_PLACEMENT_3D ( 'NONE', #938, #1299, #1674 ) ;
#1232 = AXIS2_PLACEMENT_3D ( 'NONE', #1730, #292, #1554 ) ;
#1233 = EDGE_CURVE ( 'NONE', #961, #677, #434, .T. ) ;
#1234 = CARTESIAN_POINT ( 'NONE',  ( -13.99706661088154824, 43.01627933971921891, -0.3285417665661338749 ) ) ;
#1235 = CARTESIAN_POINT ( 'NONE',  ( 17.89008508779284767, 47.02428457771252113, 1.988260659012909715 ) ) ;
#1236 = AXIS2_PLACEMENT_3D ( 'NONE', #2041, #2266, #466 ) ;
#1237 = VERTEX_POINT ( 'NONE', #2216 ) ;
#1238 = DIRECTION ( 'NONE',  ( -0.000000000000000000, -1.000000000000000000, -0.000000000000000000 ) ) ;
#1239 = EDGE_CURVE ( 'NONE', #735, #1285, #1907, .T. ) ;
#1240 = ORGANIZATION ( 'UNSPECIFIED', 'UNSPECIFIED', '' ) ;
#1241 = DIRECTION ( 'NONE',  ( -0.000000000000000000, -1.000000000000000000, -0.000000000000000000 ) ) ;
#1242 = DIRECTION ( 'NONE',  ( -1.000000000000000000, 0.000000000000000000, 0.000000000000000000 ) ) ;
#1243 = DIRECTION ( 'NONE',  ( 0.000000000000000000, 1.000000000000000000, 0.000000000000000000 ) ) ;
#1244 = PERSON_AND_ORGANIZATION ( #1210, #1240 ) ;
#1245 = CARTESIAN_POINT ( 'NONE',  ( -13.98584047232931482, 43.08034541177978127, -0.6496765998470585002 ) ) ;
#1246 = FACE_OUTER_BOUND ( 'NONE', #1256, .T. ) ;
#1247 = EDGE_LOOP ( 'NONE', ( #381, #220, #1704, #1586 ) ) ;
#1248 = CARTESIAN_POINT ( 'NONE',  ( -35.00000000000000000, 45.50000000000000000, 2.500000000000000000 ) ) ;
#1249 = CARTESIAN_POINT ( 'NONE',  ( 14.00000000000000000, 47.99999999999999289, 0.000000000000000000 ) ) ;
#1250 = ORIENTED_EDGE ( 'NONE', *, *, #1453, .T. ) ;
#1251 = DIRECTION ( 'NONE',  ( 0.000000000000000000, -0.000000000000000000, 1.000000000000000000 ) ) ;
#1252 = EDGE_CURVE ( 'NONE', #1684, #1937, #780, .T. ) ;
#1253 = DIRECTION ( 'NONE',  ( 0.000000000000000000, 0.000000000000000000, -1.000000000000000000 ) ) ;
#1254 = DIRECTION ( 'NONE',  ( -1.000000000000000000, -0.000000000000000000, -0.000000000000000000 ) ) ;
#1255 = CARTESIAN_POINT ( 'NONE',  ( 0.000000000000000000, 43.00000000000000000, 0.000000000000000000 ) ) ;
#1256 = EDGE_LOOP ( 'NONE', ( #2284, #512, #807, #1374, #1916 ) ) ;
#1257 = DIRECTION ( 'NONE',  ( 0.000000000000000000, 0.000000000000000000, 1.000000000000000000 ) ) ;
#1258 = DIRECTION ( 'NONE',  ( 0.000000000000000000, 1.000000000000000000, -0.000000000000000000 ) ) ;
#1259 = ORIENTED_EDGE ( 'NONE', *, *, #1668, .F. ) ;
#1260 = ORIENTED_EDGE ( 'NONE', *, *, #834, .F. ) ;
#1261 = DIRECTION ( 'NONE',  ( 0.000000000000000000, 0.000000000000000000, 1.000000000000000000 ) ) ;
#1262 = ADVANCED_FACE ( 'NONE', ( #2225 ), #603, .F. ) ;
#1263 = ADVANCED_FACE ( 'NONE', ( #1871, #738 ), #1461, .T. ) ;
#1264 = AXIS2_PLACEMENT_3D ( 'NONE', #54, #245, #2034 ) ;
#1265 = DIRECTION ( 'NONE',  ( -0.000000000000000000, -1.000000000000000000, -0.000000000000000000 ) ) ;
#1266 = DIRECTION ( 'NONE',  ( 0.000000000000000000, 0.000000000000000000, -1.000000000000000000 ) ) ;
#1267 = VECTOR ( 'NONE', #452, 1000.000000000000000 ) ;
#1268 = ORIENTED_EDGE ( 'NONE', *, *, #1696, .F. ) ;
#1269 = AXIS2_PLACEMENT_3D ( 'NONE', #896, #1625, #1766 ) ;
#1270 = CARTESIAN_POINT ( 'NONE',  ( 0.000000000000000000, 63.00000000000000000, 0.000000000000000000 ) ) ;
#1271 = CARTESIAN_POINT ( 'NONE',  ( 17.82783776827128364, 45.17238854794729264, 2.483793326194611240 ) ) ;
#1272 = CIRCLE ( 'NONE', #1908, 11.09999999999999964 ) ;
#1273 = CARTESIAN_POINT ( 'NONE',  ( 0.000000000000000000, 0.000000000000000000, 0.000000000000000000 ) ) ;
#1274 = ORIENTED_EDGE ( 'NONE', *, *, #2181, .F. ) ;
#1275 = VERTEX_POINT ( 'NONE', #1363 ) ;
#1276 = CIRCLE ( 'NONE', #27, 2.500000000000000000 ) ;
#1277 = EDGE_CURVE ( 'NONE', #1033, #730, #2182, .T. ) ;
#1278 = CARTESIAN_POINT ( 'NONE',  ( -55.00000000000000000, 0.000000000000000000, -42.24999999999999289 ) ) ;
#1279 = PLANE ( 'NONE',  #1654 ) ;
#1280 = ADVANCED_FACE ( 'NONE', ( #2271 ), #2244, .F. ) ;
#1281 = ORIENTED_EDGE ( 'NONE', *, *, #119, .T. ) ;
#1282 = CARTESIAN_POINT ( 'NONE',  ( 55.00000000000000000, 5.000000000000004441, 42.24999999999999289 ) ) ;
#1283 = CARTESIAN_POINT ( 'NONE',  ( 55.00000000000000000, 0.000000000000000000, -45.00000000000000000 ) ) ;
#1284 = EDGE_LOOP ( 'NONE', ( #718, #198, #552, #2052 ) ) ;
#1285 = VERTEX_POINT ( 'NONE', #1881 ) ;
#1286 = CARTESIAN_POINT ( 'NONE',  ( 13.77497731395590996, 45.50000000000000000, -2.500000000000000000 ) ) ;
#1287 = DIRECTION ( 'NONE',  ( 1.000000000000000000, -0.000000000000000000, -0.000000000000000000 ) ) ;
#1288 = CARTESIAN_POINT ( 'NONE',  ( 70.00000000000000000, 45.50000000000000000, -2.500000000000000000 ) ) ;
#1289 = CARTESIAN_POINT ( 'NONE',  ( -13.91711597651178245, 47.49703099514800897, 1.538677995299831958 ) ) ;
#1290 = CYLINDRICAL_SURFACE ( 'NONE', #1199, 10.00000000000000178 ) ;
#1291 = CARTESIAN_POINT ( 'NONE',  ( 70.00000000000000000, 5.000000000000000000, -49.99999999999992895 ) ) ;
#1292 = ORIENTED_EDGE ( 'NONE', *, *, #1180, .T. ) ;
#1293 = DIRECTION ( 'NONE',  ( 0.000000000000000000, -0.000000000000000000, 1.000000000000000000 ) ) ;
#1294 = APPROVAL ( #585, 'UNSPECIFIED' ) ;
#1295 = ADVANCED_FACE ( 'NONE', ( #2089 ), #625, .T. ) ;
#1296 = CARTESIAN_POINT ( 'NONE',  ( 13.79777637307245008, 46.30693754002613360, 2.371784918873478976 ) ) ;
#1297 = ORIENTED_EDGE ( 'NONE', *, *, #227, .T. ) ;
#1298 = DIRECTION ( 'NONE',  ( 0.000000000000000000, 0.000000000000000000, 1.000000000000000000 ) ) ;
#1299 = DIRECTION ( 'NONE',  ( -0.000000000000000000, -1.000000000000000000, -0.000000000000000000 ) ) ;
#1300 = APPROVAL_ROLE ( '' ) ;
#1301 = DIRECTION ( 'NONE',  ( 0.000000000000000000, 0.000000000000000000, 1.000000000000000000 ) ) ;
#1302 = CARTESIAN_POINT ( 'NONE',  ( 70.00000000000000000, 45.50000000000000000, 2.500000000000000000 ) ) ;
#1303 = FACE_OUTER_BOUND ( 'NONE', #1701, .T. ) ;
#1304 = ORIENTED_EDGE ( 'NONE', *, *, #2324, .T. ) ;
#1305 = CIRCLE ( 'NONE', #1457, 2.500000000000000000 ) ;
#1306 = FACE_OUTER_BOUND ( 'NONE', #2177, .T. ) ;
#1307 = DIRECTION ( 'NONE',  ( 0.000000000000000000, 0.000000000000000000, 1.000000000000000000 ) ) ;
#1308 = AXIS2_PLACEMENT_3D ( 'NONE', #775, #426, #30 ) ;
#1309 = ORIENTED_EDGE ( 'NONE', *, *, #1277, .T. ) ;
#1310 = EDGE_CURVE ( 'NONE', #31, #580, #991, .T. ) ;
#1311 = CARTESIAN_POINT ( 'NONE',  ( 0.000000000000000000, 47.99999999999999289, 0.000000000000000000 ) ) ;
#1312 = LINE ( 'NONE', #1688, #1910 ) ;
#1313 = VECTOR ( 'NONE', #632, 1000.000000000000000 ) ;
#1314 = LOCAL_TIME ( 21, 57, 50.00000000000000000, #337 ) ;
#1315 = CARTESIAN_POINT ( 'NONE',  ( 70.00000000000000000, 28.00000000000000000, -12.00000000000000000 ) ) ;
#1316 = DIRECTION ( 'NONE',  ( 0.000000000000000000, 0.000000000000000000, -1.000000000000000000 ) ) ;
#1317 = ORIENTED_EDGE ( 'NONE', *, *, #1798, .T. ) ;
#1318 = AXIS2_PLACEMENT_3D ( 'NONE', #2025, #551, #1266 ) ;
#1319 = DIRECTION ( 'NONE',  ( 0.000000000000000000, 0.000000000000000000, 1.000000000000000000 ) ) ;
#1320 = CARTESIAN_POINT ( 'NONE',  ( -15.37867965644035273, 39.00000000000000000, 20.00000000000000000 ) ) ;
#1321 = ORIENTED_EDGE ( 'NONE', *, *, #1699, .T. ) ;
#1322 = CARTESIAN_POINT ( 'NONE',  ( -17.82554346997589079, 45.33483580062035401, -2.500000000000000444 ) ) ;
#1323 = CARTESIAN_POINT ( 'NONE',  ( -21.00000000000000000, 43.00000000000000000, 20.00000000000000000 ) ) ;
#1324 = EDGE_CURVE ( 'NONE', #658, #467, #1459, .T. ) ;
#1325 = DIRECTION ( 'NONE',  ( 0.000000000000000000, -1.000000000000000000, 0.000000000000000000 ) ) ;
#1326 = LINE ( 'NONE', #249, #1950 ) ;
#1327 = ORIENTED_EDGE ( 'NONE', *, *, #607, .T. ) ;
#1328 = ORIENTED_EDGE ( 'NONE', *, *, #594, .F. ) ;
#1329 = CARTESIAN_POINT ( 'NONE',  ( 55.00000000000000000, 5.000000000000004441, -45.00000000000000000 ) ) ;
#1330 = CARTESIAN_POINT ( 'NONE',  ( 13.77497731395590996, 45.50000000000000000, 2.500000000000000000 ) ) ;
#1331 = VERTEX_POINT ( 'NONE', #1890 ) ;
#1332 = DIRECTION ( 'NONE',  ( 1.000000000000000000, -0.000000000000000000, -0.000000000000000000 ) ) ;
#1333 = CARTESIAN_POINT ( 'NONE',  ( 13.83123635781539384, 44.24649763955431325, -2.169165897749828709 ) ) ;
#1334 = DIRECTION ( 'NONE',  ( 0.000000000000000000, 0.000000000000000000, 1.000000000000000000 ) ) ;
#1335 = CARTESIAN_POINT ( 'NONE',  ( -70.00000000000000000, 0.000000000000000000, 49.99999999999993605 ) ) ;
#1336 = CARTESIAN_POINT ( 'NONE',  ( -21.00000000000000000, 68.00000000000000000, -9.999999999999991118 ) ) ;
#1337 = EDGE_CURVE ( 'NONE', #845, #1834, #78, .T. ) ;
#1338 = EDGE_LOOP ( 'NONE', ( #825, #988 ) ) ;
#1339 = EDGE_LOOP ( 'NONE', ( #67, #1692 ) ) ;
#1340 = VERTEX_POINT ( 'NONE', #448 ) ;
#1341 = CARTESIAN_POINT ( 'NONE',  ( 0.000000000000000000, 47.99999999999999289, 0.000000000000000000 ) ) ;
#1342 = ORIENTED_EDGE ( 'NONE', *, *, #1009, .F. ) ;
#1343 = VECTOR ( 'NONE', #980, 1000.000000000000000 ) ;
#1344 = VECTOR ( 'NONE', #1738, 1000.000000000000000 ) ;
#1345 = AXIS2_PLACEMENT_3D ( 'NONE', #1283, #920, #2054 ) ;
#1346 = LINE ( 'NONE', #1807, #1618 ) ;
#1347 = AXIS2_PLACEMENT_3D ( 'NONE', #1482, #2209, #901 ) ;
#1348 = CARTESIAN_POINT ( 'NONE',  ( 17.85927503360028368, 44.39262806531695560, -2.247275151789792424 ) ) ;
#1349 = VECTOR ( 'NONE', #1690, 1000.000000000000000 ) ;
#1350 = ADVANCED_FACE ( 'NONE', ( #469 ), #1166, .F. ) ;
#1351 = ORIENTED_EDGE ( 'NONE', *, *, #82, .T. ) ;
#1352 = DIRECTION ( 'NONE',  ( -1.000000000000000000, 0.000000000000000000, 0.000000000000000000 ) ) ;
#1353 = ADVANCED_FACE ( 'NONE', ( #1593 ), #307, .F. ) ;
#1354 = AXIS2_PLACEMENT_3D ( 'NONE', #25, #1131, #1817 ) ;
#1355 = ORIENTED_EDGE ( 'NONE', *, *, #346, .T. ) ;
#1356 = CARTESIAN_POINT ( 'NONE',  ( -21.00000000000000000, 5.000000000000000000, 20.00000000000000000 ) ) ;
#1357 = CARTESIAN_POINT ( 'NONE',  ( -17.98904538928249508, 43.07992796938150803, 0.6479563170242116366 ) ) ;
#1358 = LINE ( 'NONE', #1219, #2220 ) ;
#1359 = CARTESIAN_POINT ( 'NONE',  ( -70.00000000000000000, 0.000000000000000000, -49.99999999999992895 ) ) ;
#1360 = VERTEX_POINT ( 'NONE', #87 ) ;
#1361 = EDGE_LOOP ( 'NONE', ( #740, #172, #1977, #765 ) ) ;
#1362 = ORIENTED_EDGE ( 'NONE', *, *, #608, .T. ) ;
#1363 = CARTESIAN_POINT ( 'NONE',  ( 70.00000000000000000, 0.000000000000000000, -49.99999999999992895 ) ) ;
#1364 = ORIENTED_EDGE ( 'NONE', *, *, #923, .T. ) ;
#1365 = PRODUCT_RELATED_PRODUCT_CATEGORY ( 'detail', '', ( #2070 ) ) ;
#1366 = FACE_BOUND ( 'NONE', #798, .T. ) ;
#1367 = EDGE_CURVE ( 'NONE', #660, #911, #111, .T. ) ;
#1368 = DIRECTION ( 'NONE',  ( 0.000000000000000000, 1.000000000000000000, 0.000000000000000000 ) ) ;
#1369 = CARTESIAN_POINT ( 'NONE',  ( -17.90163837224920584, 47.15281698625603468, -1.882752808499900343 ) ) ;
#1370 = LINE ( 'NONE', #2095, #1991 ) ;
#1371 = DIRECTION ( 'NONE',  ( 0.000000000000000000, 0.000000000000000000, 1.000000000000000000 ) ) ;
#1372 = EDGE_LOOP ( 'NONE', ( #1873, #978, #506, #516 ) ) ;
#1373 = ORIENTED_EDGE ( 'NONE', *, *, #462, .F. ) ;
#1374 = ORIENTED_EDGE ( 'NONE', *, *, #1699, .F. ) ;
#1375 = CARTESIAN_POINT ( 'NONE',  ( 0.000000000000000000, 47.99999999999999289, 0.000000000000000000 ) ) ;
#1376 = EDGE_CURVE ( 'NONE', #1175, #601, #268, .T. ) ;
#1377 = EDGE_LOOP ( 'NONE', ( #1489, #722 ) ) ;
#1378 = DIRECTION ( 'NONE',  ( 0.000000000000000000, -1.000000000000000000, 0.000000000000000000 ) ) ;
#1379 = CARTESIAN_POINT ( 'NONE',  ( -17.95683955212295757, 43.33061866375236093, 1.253185796717250833 ) ) ;
#1380 = AXIS2_PLACEMENT_3D ( 'NONE', #125, #2260, #1392 ) ;
#1381 = ADVANCED_FACE ( 'NONE', ( #1694 ), #2322, .T. ) ;
#1382 = AXIS2_PLACEMENT_3D ( 'NONE', #90, #809, #849 ) ;
#1383 = DIRECTION ( 'NONE',  ( 0.000000000000000000, -1.000000000000000000, 0.000000000000000000 ) ) ;
#1384 = VECTOR ( 'NONE', #710, 1000.000000000000000 ) ;
#1385 = DIRECTION ( 'NONE',  ( 0.000000000000000000, -1.000000000000000000, 0.000000000000000000 ) ) ;
#1386 = AXIS2_PLACEMENT_3D ( 'NONE', #1576, #315, #1058 ) ;
#1387 = ORIENTED_EDGE ( 'NONE', *, *, #1239, .T. ) ;
#1388 = AXIS2_PLACEMENT_3D ( 'NONE', #1771, #154, #1230 ) ;
#1389 = CARTESIAN_POINT ( 'NONE',  ( -13.98783146230096897, 43.06595288685917211, 0.6569319199328317316 ) ) ;
#1390 = EDGE_LOOP ( 'NONE', ( #109, #391, #76, #2317 ) ) ;
#1391 = VERTEX_POINT ( 'NONE', #699 ) ;
#1392 = DIRECTION ( 'NONE',  ( -1.000000000000000000, -4.625929269271481378E-15, 0.000000000000000000 ) ) ;
#1393 = CARTESIAN_POINT ( 'NONE',  ( 14.00000000000000000, 47.99999999999999289, 0.000000000000000000 ) ) ;
#1394 = VERTEX_POINT ( 'NONE', #1526 ) ;
#1395 = FACE_BOUND ( 'NONE', #1458, .T. ) ;
#1396 = DIRECTION ( 'NONE',  ( 0.000000000000000000, -0.000000000000000000, 1.000000000000000000 ) ) ;
#1397 = CARTESIAN_POINT ( 'NONE',  ( 18.00000000000000000, 43.00000000000000000, -9.999999999999998224 ) ) ;
#1398 = EDGE_CURVE ( 'NONE', #1108, #1797, #833, .T. ) ;
#1399 = ORIENTED_EDGE ( 'NONE', *, *, #1752, .F. ) ;
#1400 = DIRECTION ( 'NONE',  ( 0.000000000000000000, 0.000000000000000000, -1.000000000000000000 ) ) ;
#1401 = CARTESIAN_POINT ( 'NONE',  ( 17.89017960054821899, 47.02535853610221750, -1.987404251383103837 ) ) ;
#1402 = B_SPLINE_CURVE_WITH_KNOTS ( 'NONE', 3,
 ( #2240, #239, #795, #803, #2231, #783, #1151, #1898, #769, #1879, #2251, #634, #1348, #1503, #647, #1888, #1677, #816 ),
 .UNSPECIFIED., .F., .F.,
 ( 4, 2, 2, 2, 2, 2, 2, 2, 4 ),
 ( 0.000000000000000000, 0.0004892157782246985345, 0.0009784315564493970691, 0.001467647334674095820, 0.001956863112898795005, 0.002446078891123494407, 0.002935294669348193376, 0.003424510447572893211, 0.003913726225797592613 ),
 .UNSPECIFIED. ) ;
#1403 = EDGE_LOOP ( 'NONE', ( #1259, #1351, #127, #140 ) ) ;
#1404 = LINE ( 'NONE', #1051, #519 ) ;
#1405 = LINE ( 'NONE', #1417, #1048 ) ;
#1406 = CYLINDRICAL_SURFACE ( 'NONE', #1191, 9.000000000000000000 ) ;
#1407 = CARTESIAN_POINT ( 'NONE',  ( 0.000000000000000000, 68.00000000000000000, -14.00000000000000000 ) ) ;
#1408 = CC_DESIGN_DATE_AND_TIME_ASSIGNMENT ( #879, #701, ( #284 ) ) ;
#1409 = PERSON_AND_ORGANIZATION_ROLE ( 'creator' ) ;
#1410 = ADVANCED_FACE ( 'NONE', ( #100 ), #1187, .F. ) ;
#1411 = EDGE_LOOP ( 'NONE', ( #1205, #1387 ) ) ;
#1412 = CYLINDRICAL_SURFACE ( 'NONE', #897, 9.999999999999994671 ) ;
#1413 = CARTESIAN_POINT ( 'NONE',  ( 17.83666656344199097, 46.14990448121902489, -2.419580707800498054 ) ) ;
#1414 = B_SPLINE_CURVE_WITH_KNOTS ( 'NONE', 3,
 ( #1782, #215, #1982, #201, #746, #2170, #1629, #359, #572, #1289, #1114, #941, #372, #1067, #1829, #1653 ),
 .UNSPECIFIED., .F., .F.,
 ( 4, 2, 2, 2, 2, 2, 2, 4 ),
 ( 0.01174820957784264951, 0.01223740096240752591, 0.01272659234697240405, 0.01321578373153728045, 0.01370497511610215685, 0.01468335788523189578, 0.01517254926979676524, 0.01566174065436163471 ),
 .UNSPECIFIED. ) ;
#1415 = ORIENTED_EDGE ( 'NONE', *, *, #956, .T. ) ;
#1416 = CARTESIAN_POINT ( 'NONE',  ( -70.00000000000000000, 5.000000000000000000, -49.99999999999992895 ) ) ;
#1417 = CARTESIAN_POINT ( 'NONE',  ( -45.00000000000000000, 5.000000000000000000, 50.00000000000000000 ) ) ;
#1418 = AXIS2_PLACEMENT_3D ( 'NONE', #777, #1479, #1517 ) ;
#1419 = LINE ( 'NONE', #1288, #2334 ) ;
#1420 = VECTOR ( 'NONE', #875, 1000.000000000000000 ) ;
#1421 = DIRECTION ( 'NONE',  ( -0.000000000000000000, -0.7071067811865484609, -0.7071067811865465735 ) ) ;
#1422 = VECTOR ( 'NONE', #1352, 1000.000000000000000 ) ;
#1423 = CALENDAR_DATE ( 2026, 12, 9 ) ;
#1424 = CARTESIAN_POINT ( 'NONE',  ( -55.00000000000000000, 0.000000000000000000, -45.00000000000000000 ) ) ;
#1425 = DIRECTION ( 'NONE',  ( 1.000000000000000000, 0.000000000000000000, 0.000000000000000000 ) ) ;
#1426 = CIRCLE ( 'NONE', #1161, 9.999999999999994671 ) ;
#1427 = CIRCLE ( 'NONE', #641, 1.600000000000000755 ) ;
#1428 = VERTEX_POINT ( 'NONE', #823 ) ;
#1429 = FACE_BOUND ( 'NONE', #278, .T. ) ;
#1430 = ADVANCED_FACE ( 'NONE', ( #1543 ), #1902, .F. ) ;
#1431 = CARTESIAN_POINT ( 'NONE',  ( -55.00000000000000000, 5.000000000000004441, -42.24999999999999289 ) ) ;
#1432 = ORIENTED_EDGE ( 'NONE', *, *, #1039, .T. ) ;
#1433 = ORIENTED_EDGE ( 'NONE', *, *, #2015, .F. ) ;
#1434 = AXIS2_PLACEMENT_3D ( 'NONE', #181, #1761, #2139 ) ;
#1435 = CARTESIAN_POINT ( 'NONE',  ( -13.94442946583930976, 47.66914019974299066, -1.253597910690023021 ) ) ;
#1436 = DIRECTION ( 'NONE',  ( 0.000000000000000000, 0.000000000000000000, -1.000000000000000000 ) ) ;
#1437 = DIRECTION ( 'NONE',  ( 0.000000000000000000, 0.000000000000000000, -1.000000000000000000 ) ) ;
#1438 = ORIENTED_EDGE ( 'NONE', *, *, #2127, .T. ) ;
#1439 = EDGE_LOOP ( 'NONE', ( #1900, #1931 ) ) ;
#1440 = CARTESIAN_POINT ( 'NONE',  ( 2.204364238465235428E-15, 47.99999999999999289, 18.00000000000000000 ) ) ;
#1441 = DIRECTION ( 'NONE',  ( 0.000000000000000000, 1.000000000000000000, 0.000000000000000000 ) ) ;
#1442 = ORIENTED_EDGE ( 'NONE', *, *, #939, .T. ) ;
#1443 = ORIENTED_EDGE ( 'NONE', *, *, #1913, .F. ) ;
#1444 = EDGE_CURVE ( 'NONE', #1033, #1212, #1772, .T. ) ;
#1445 = LINE ( 'NONE', #1302, #860 ) ;
#1446 = DIRECTION ( 'NONE',  ( 0.000000000000000000, 0.000000000000000000, 1.000000000000000000 ) ) ;
#1447 = ORIENTED_EDGE ( 'NONE', *, *, #1233, .T. ) ;
#1448 = DIRECTION ( 'NONE',  ( -1.000000000000000000, 0.000000000000000000, 0.000000000000000000 ) ) ;
#1449 = CARTESIAN_POINT ( 'NONE',  ( 1.102182119232617714E-15, 63.00000000000000000, 9.000000000000000000 ) ) ;
#1450 = DIRECTION ( 'NONE',  ( 0.000000000000000000, 0.000000000000000000, 1.000000000000000000 ) ) ;
#1451 = ORIENTED_EDGE ( 'NONE', *, *, #1553, .F. ) ;
#1452 = EDGE_CURVE ( 'NONE', #289, #1275, #1815, .T. ) ;
#1453 = EDGE_CURVE ( 'NONE', #1331, #1033, #1414, .T. ) ;
#1454 = AXIS2_PLACEMENT_3D ( 'NONE', #770, #2248, #1446 ) ;
#1455 = DIRECTION ( 'NONE',  ( -1.000000000000000000, 0.000000000000000000, 0.000000000000000000 ) ) ;
#1456 = DIRECTION ( 'NONE',  ( 1.000000000000000000, -0.000000000000000000, 0.000000000000000000 ) ) ;
#1457 = AXIS2_PLACEMENT_3D ( 'NONE', #1096, #2318, #719 ) ;
#1458 = EDGE_LOOP ( 'NONE', ( #1917, #1037 ) ) ;
#1459 = CIRCLE ( 'NONE', #443, 1.600000000000000755 ) ;
#1460 = CARTESIAN_POINT ( 'NONE',  ( -55.00000000000000000, 0.000000000000000000, 45.00000000000000000 ) ) ;
#1461 = PLANE ( 'NONE',  #859 ) ;
#1462 = CIRCLE ( 'NONE', #63, 2.750000000000002665 ) ;
#1463 = ORIENTED_EDGE ( 'NONE', *, *, #575, .T. ) ;
#1464 = VERTEX_POINT ( 'NONE', #758 ) ;
#1465 = VECTOR ( 'NONE', #2036, 1000.000000000000000 ) ;
#1466 = CARTESIAN_POINT ( 'NONE',  ( -55.00000000000000000, 0.000000000000000000, 45.00000000000000000 ) ) ;
#1467 = VECTOR ( 'NONE', #15, 1000.000000000000000 ) ;
#1468 = DIRECTION ( 'NONE',  ( 0.000000000000000000, 1.000000000000000000, 0.000000000000000000 ) ) ;
#1469 = CARTESIAN_POINT ( 'NONE',  ( 70.00000000000000000, 0.000000000000000000, 49.99999999999992895 ) ) ;
#1470 = LINE ( 'NONE', #588, #1499 ) ;
#1471 = ADVANCED_FACE ( 'NONE', ( #1795 ), #177, .F. ) ;
#1472 = CARTESIAN_POINT ( 'NONE',  ( 17.82554346997588368, 45.50000000000000000, -2.500000000000000000 ) ) ;
#1473 = VECTOR ( 'NONE', #1484, 1000.000000000000000 ) ;
#1474 = VERTEX_POINT ( 'NONE', #586 ) ;
#1475 = CARTESIAN_POINT ( 'NONE',  ( -21.00000000000000000, 15.00000000000000000, 20.00000000000000000 ) ) ;
#1476 = CARTESIAN_POINT ( 'NONE',  ( -13.77497731395590996, 45.50000000000000000, -2.500000000000000000 ) ) ;
#1477 = VERTEX_POINT ( 'NONE', #1960 ) ;
#1478 = ORIENTED_EDGE ( 'NONE', *, *, #389, .T. ) ;
#1479 = DIRECTION ( 'NONE',  ( 0.000000000000000000, -1.000000000000000000, 0.000000000000000000 ) ) ;
#1480 = CARTESIAN_POINT ( 'NONE',  ( 13.81880599098808027, 44.38992287291959826, -2.246034742418408836 ) ) ;
#1481 = PERSON_AND_ORGANIZATION ( #1210, #1240 ) ;
#1482 = CARTESIAN_POINT ( 'NONE',  ( 0.000000000000000000, 71.00000000000001421, 0.000000000000000000 ) ) ;
#1483 = DIRECTION ( 'NONE',  ( 0.000000000000000000, 0.000000000000000000, -1.000000000000000000 ) ) ;
#1484 = DIRECTION ( 'NONE',  ( 0.000000000000000000, -1.000000000000000000, 0.000000000000000000 ) ) ;
#1485 = EDGE_CURVE ( 'NONE', #2098, #1428, #1426, .T. ) ;
#1486 = VERTEX_POINT ( 'NONE', #1397 ) ;
#1487 = CARTESIAN_POINT ( 'NONE',  ( 13.77497731395590996, 45.50000000000000000, 2.500000000000000000 ) ) ;
#1488 = DIRECTION ( 'NONE',  ( 0.000000000000000000, -1.000000000000000000, 0.000000000000000000 ) ) ;
#1489 = ORIENTED_EDGE ( 'NONE', *, *, #1780, .F. ) ;
#1490 = CARTESIAN_POINT ( 'NONE',  ( 0.000000000000000000, 48.00000000000000000, 0.000000000000000000 ) ) ;
#1491 = CALENDAR_DATE ( 2026, 12, 9 ) ;
#1492 = DIRECTION ( 'NONE',  ( 0.000000000000000000, 0.000000000000000000, -1.000000000000000000 ) ) ;
#1493 = ORIENTED_EDGE ( 'NONE', *, *, #91, .F. ) ;
#1494 = LINE ( 'NONE', #2053, #1869 ) ;
#1495 = CARTESIAN_POINT ( 'NONE',  ( -19.50000000000000000, 33.37867965644029766, -20.00000000000000000 ) ) ;
#1496 = ORIENTED_EDGE ( 'NONE', *, *, #759, .T. ) ;
#1497 = EDGE_CURVE ( 'NONE', #244, #892, #1272, .T. ) ;
#1498 = CARTESIAN_POINT ( 'NONE',  ( -21.00000000000000000, 5.000000000000000000, -20.00000000000000000 ) ) ;
#1499 = VECTOR ( 'NONE', #1265, 1000.000000000000000 ) ;
#1500 = DIRECTION ( 'NONE',  ( -0.000000000000000000, -1.000000000000000000, -0.000000000000000000 ) ) ;
#1501 = AXIS2_PLACEMENT_3D ( 'NONE', #1220, #1006, #476 ) ;
#1502 = DIRECTION ( 'NONE',  ( 0.000000000000000000, 0.000000000000000000, 1.000000000000000000 ) ) ;
#1503 = CARTESIAN_POINT ( 'NONE',  ( 17.84314584497029799, 44.69351285141918595, -2.371939436147035174 ) ) ;
#1504 = VERTEX_POINT ( 'NONE', #1745 ) ;
#1505 = AXIS2_PLACEMENT_3D ( 'NONE', #454, #2184, #1171 ) ;
#1506 = CARTESIAN_POINT ( 'NONE',  ( -11.00000000000000178, 5.000000000000000000, 30.00000000000000000 ) ) ;
#1507 = DIRECTION ( 'NONE',  ( 0.000000000000000000, -1.000000000000000000, 0.000000000000000000 ) ) ;
#1508 = ORIENTED_EDGE ( 'NONE', *, *, #1023, .T. ) ;
#1509 = FACE_OUTER_BOUND ( 'NONE', #1527, .T. ) ;
#1510 = CARTESIAN_POINT ( 'NONE',  ( 13.83138765313392682, 44.24485933787888570, 2.168198417499643593 ) ) ;
#1511 = ADVANCED_FACE ( 'NONE', ( #478, #300, #854, #1912 ), #2096, .F. ) ;
#1512 = CARTESIAN_POINT ( 'NONE',  ( -55.00000000000000000, 0.000000000000000000, -45.00000000000000000 ) ) ;
#1513 = ORIENTED_EDGE ( 'NONE', *, *, #1195, .T. ) ;
#1514 = ORIENTED_EDGE ( 'NONE', *, *, #141, .T. ) ;
#1515 = CARTESIAN_POINT ( 'NONE',  ( 0.000000000000000000, 63.00000000000000000, 0.000000000000000000 ) ) ;
#1516 = ORIENTED_EDGE ( 'NONE', *, *, #470, .T. ) ;
#1517 = DIRECTION ( 'NONE',  ( 0.000000000000000000, -0.000000000000000000, -1.000000000000000000 ) ) ;
#1518 = DIRECTION ( 'NONE',  ( 0.000000000000000000, 0.000000000000000000, -1.000000000000000000 ) ) ;
#1519 = DIRECTION ( 'NONE',  ( 0.000000000000000000, 1.000000000000000000, 0.000000000000000000 ) ) ;
#1520 = EDGE_CURVE ( 'NONE', #427, #12, #1198, .T. ) ;
#1521 = DIRECTION ( 'NONE',  ( -0.000000000000000000, -0.000000000000000000, -1.000000000000000000 ) ) ;
#1522 = ADVANCED_FACE ( 'NONE', ( #1021 ), #313, .F. ) ;
#1523 = ORIENTED_EDGE ( 'NONE', *, *, #422, .F. ) ;
#1524 = VERTEX_POINT ( 'NONE', #2304 ) ;
#1525 = VECTOR ( 'NONE', #1111, 1000.000000000000000 ) ;
#1526 = CARTESIAN_POINT ( 'NONE',  ( -17.82554346997588368, 45.50000000000000000, 2.500000000000000000 ) ) ;
#1527 = EDGE_LOOP ( 'NONE', ( #509, #326, #2076, #1749, #354, #1364, #1786, #576, #241, #570, #306 ) ) ;
#1528 = VECTOR ( 'NONE', #674, 1000.000000000000000 ) ;
#1529 = CARTESIAN_POINT ( 'NONE',  ( -21.00000000000000355, 28.00000000000000000, 10.40000000000000036 ) ) ;
#1530 = DIRECTION ( 'NONE',  ( 0.000000000000000000, 0.000000000000000000, 1.000000000000000000 ) ) ;
#1531 = CIRCLE ( 'NONE', #1007, 14.00000000000000000 ) ;
#1532 = AXIS2_PLACEMENT_3D ( 'NONE', #1512, #429, #987 ) ;
#1533 = CARTESIAN_POINT ( 'NONE',  ( -18.00000752133727744, 48.00005415363134631, 0.1624247606254131115 ) ) ;
#1534 = CIRCLE ( 'NONE', #1201, 18.00000000000000000 ) ;
#1535 = CARTESIAN_POINT ( 'NONE',  ( -59.99999999999993605, 5.000000000000000000, -60.00000000000000000 ) ) ;
#1536 = FACE_OUTER_BOUND ( 'NONE', #1607, .T. ) ;
#1537 = APPLICATION_CONTEXT ( 'configuration controlled 3d designs of mechanical parts and assemblies' ) ;
#1538 = EDGE_CURVE ( 'NONE', #1212, #1331, #2050, .T. ) ;
#1539 = EDGE_CURVE ( 'NONE', #1203, #892, #1760, .T. ) ;
#1540 = ORIENTED_EDGE ( 'NONE', *, *, #2141, .T. ) ;
#1541 = ORIENTED_EDGE ( 'NONE', *, *, #357, .T. ) ;
#1542 = ORIENTED_EDGE ( 'NONE', *, *, #470, .F. ) ;
#1543 = FACE_OUTER_BOUND ( 'NONE', #982, .T. ) ;
#1544 = VERTEX_POINT ( 'NONE', #157 ) ;
#1545 = DIRECTION ( 'NONE',  ( 0.000000000000000000, 1.000000000000000000, 0.000000000000000000 ) ) ;
#1546 = DIRECTION ( 'NONE',  ( 0.000000000000000000, 0.000000000000000000, 1.000000000000000000 ) ) ;
#1547 = CARTESIAN_POINT ( 'NONE',  ( -17.96649685822270470, 47.74696167848721728, -1.108011643313558503 ) ) ;
#1548 = LINE ( 'NONE', #1535, #1090 ) ;
#1549 = CARTESIAN_POINT ( 'NONE',  ( -13.81874533078624090, 44.39068909923127393, -2.246405453634747307 ) ) ;
#1550 = ADVANCED_FACE ( 'NONE', ( #843 ), #683, .F. ) ;
#1551 = EDGE_LOOP ( 'NONE', ( #1882, #1447, #1050, #98 ) ) ;
#1552 = ORIENTED_EDGE ( 'NONE', *, *, #817, .F. ) ;
#1553 = EDGE_CURVE ( 'NONE', #1616, #1504, #252, .T. ) ;
#1554 = DIRECTION ( 'NONE',  ( 0.000000000000000000, 0.000000000000000000, 1.000000000000000000 ) ) ;
#1555 =( BOUNDED_CURVE ( )  B_SPLINE_CURVE ( 3, ( #104, #2247, #1885, #319 ),
 .UNSPECIFIED., .F., .T. ) 
 B_SPLINE_CURVE_WITH_KNOTS ( ( 4, 4 ),
 ( 4.712388980384689674, 6.283185307179586232 ),
 .UNSPECIFIED. ) 
 CURVE ( )  GEOMETRIC_REPRESENTATION_ITEM ( )  RATIONAL_B_SPLINE_CURVE ( ( 1.000000000000000000, 0.8047378541243649375, 0.8047378541243649375, 1.000000000000000000 ) ) 
 REPRESENTATION_ITEM ( '' )  );
#1556 = ORIENTED_EDGE ( 'NONE', *, *, #759, .F. ) ;
#1557 = FACE_OUTER_BOUND ( 'NONE', #1016, .T. ) ;
#1558 = CARTESIAN_POINT ( 'NONE',  ( -18.00000000000000000, 43.00000000000000000, 0.1654351656551431571 ) ) ;
#1559 = VERTEX_POINT ( 'NONE', #304 ) ;
#1560 = CARTESIAN_POINT ( 'NONE',  ( -17.82554346997588368, 45.50000000000000000, 2.500000000000000000 ) ) ;
#1561 = CARTESIAN_POINT ( 'NONE',  ( 0.000000000000000000, 48.00000000000000000, 0.000000000000000000 ) ) ;
#1562 = DIRECTION ( 'NONE',  ( -0.000000000000000000, -1.000000000000000000, -0.000000000000000000 ) ) ;
#1563 = ORIENTED_EDGE ( 'NONE', *, *, #2131, .F. ) ;
#1564 = CARTESIAN_POINT ( 'NONE',  ( 0.000000000000000000, 39.00000000000000000, 0.000000000000000000 ) ) ;
#1565 = ORIENTED_EDGE ( 'NONE', *, *, #650, .F. ) ;
#1566 = CARTESIAN_POINT ( 'NONE',  ( 60.00000000000001421, 5.000000000000000000, 50.00000000000000000 ) ) ;
#1567 = CARTESIAN_POINT ( 'NONE',  ( 13.98576417158134610, 47.91921646030910864, -0.6515105133777131519 ) ) ;
#1568 = EDGE_CURVE ( 'NONE', #1544, #639, #2028, .T. ) ;
#1569 = FACE_BOUND ( 'NONE', #1377, .T. ) ;
#1570 = VECTOR ( 'NONE', #709, 1000.000000000000000 ) ;
#1571 = CARTESIAN_POINT ( 'NONE',  ( 55.00000000000000000, 71.00000000000001421, 45.00000000000000000 ) ) ;
#1572 = AXIS2_PLACEMENT_3D ( 'NONE', #2342, #1441, #1778 ) ;
#1573 = DIRECTION ( 'NONE',  ( 0.000000000000000000, 0.000000000000000000, -1.000000000000000000 ) ) ;
#1574 = VERTEX_POINT ( 'NONE', #693 ) ;
#1575 = AXIS2_PLACEMENT_3D ( 'NONE', #73, #2221, #2229 ) ;
#1576 = CARTESIAN_POINT ( 'NONE',  ( 0.000000000000000000, 63.00000000000000000, 0.000000000000000000 ) ) ;
#1577 = CARTESIAN_POINT ( 'NONE',  ( 17.95681517766534441, 47.66920074756094294, 1.253602572079147714 ) ) ;
#1578 = ORIENTED_EDGE ( 'NONE', *, *, #119, .F. ) ;
#1579 = PLANE ( 'NONE',  #1946 ) ;
#1580 = CARTESIAN_POINT ( 'NONE',  ( 55.00000000000000000, 0.000000000000000000, 45.00000000000000000 ) ) ;
#1581 = VERTEX_POINT ( 'NONE', #481 ) ;
#1582 = CARTESIAN_POINT ( 'NONE',  ( -17.83659594121243330, 46.14783334449681007, -2.420098444259080051 ) ) ;
#1583 = EDGE_CURVE ( 'NONE', #1776, #1340, #333, .T. ) ;
#1584 = CARTESIAN_POINT ( 'NONE',  ( 59.99999999999993605, 5.000000000000000000, -60.00000000000000000 ) ) ;
#1585 = APPROVAL_ROLE ( '' ) ;
#1586 = ORIENTED_EDGE ( 'NONE', *, *, #1780, .T. ) ;
#1587 = CARTESIAN_POINT ( 'NONE',  ( -13.77797233866373006, 45.17128988076258622, 2.483651627540242490 ) ) ;
#1588 = CARTESIAN_POINT ( 'NONE',  ( 17.96652888453468577, 47.74722497350209949, -1.107611499954533230 ) ) ;
#1589 = EDGE_LOOP ( 'NONE', ( #318, #1317, #1849, #2295 ) ) ;
#1590 = CARTESIAN_POINT ( 'NONE',  ( 0.000000000000000000, 58.00000000000004974, 20.00000000000000000 ) ) ;
#1591 = CYLINDRICAL_SURFACE ( 'NONE', #708, 2.500000000000000000 ) ;
#1592 = ADVANCED_FACE ( 'NONE', ( #1046 ), #1412, .T. ) ;
#1593 = FACE_OUTER_BOUND ( 'NONE', #2281, .T. ) ;
#1594 = APPLICATION_PROTOCOL_DEFINITION ( 'international standard', 'config_control_design', 1994, #1658 ) ;
#1595 = FACE_OUTER_BOUND ( 'NONE', #723, .T. ) ;
#1596 = ADVANCED_FACE ( 'NONE', ( #1595 ), #1747, .T. ) ;
#1597 = CARTESIAN_POINT ( 'NONE',  ( 55.00000000000000000, 0.000000000000000000, -42.24999999999999289 ) ) ;
#1598 = ORIENTED_EDGE ( 'NONE', *, *, #182, .T. ) ;
#1599 = VERTEX_POINT ( 'NONE', #2152 ) ;
#1600 = DIRECTION ( 'NONE',  ( -0.000000000000000000, -1.000000000000000000, -0.000000000000000000 ) ) ;
#1601 = CARTESIAN_POINT ( 'NONE',  ( 17.95837048019460624, 43.31633115846696569, 1.259952163057163066 ) ) ;
#1602 = ORIENTED_EDGE ( 'NONE', *, *, #940, .T. ) ;
#1603 = CARTESIAN_POINT ( 'NONE',  ( 60.00000000000001421, 15.00000000000000000, -30.00000000000000000 ) ) ;
#1604 = CIRCLE ( 'NONE', #704, 10.00000000000000000 ) ;
#1605 = CARTESIAN_POINT ( 'NONE',  ( -13.77497731395590819, 45.66346913655887363, -2.499999999999998668 ) ) ;
#1606 = VECTOR ( 'NONE', #764, 1000.000000000000000 ) ;
#1607 = EDGE_LOOP ( 'NONE', ( #1443, #805, #1321, #871, #922 ) ) ;
#1608 = CARTESIAN_POINT ( 'NONE',  ( -13.90265466842987152, 43.61668745355277110, 1.652178179183418916 ) ) ;
#1609 = CARTESIAN_POINT ( 'NONE',  ( 17.98263031886837382, 47.87252041251415591, -0.8049659673344750077 ) ) ;
#1610 = ADVANCED_FACE ( 'NONE', ( #1938 ), #530, .F. ) ;
#1611 = ADVANCED_FACE ( 'NONE', ( #716 ), #2099, .F. ) ;
#1612 = VERTEX_POINT ( 'NONE', #202 ) ;
#1613 = CARTESIAN_POINT ( 'NONE',  ( 70.00000000000000000, 5.000000000000000000, -49.99999999999992895 ) ) ;
#1614 = FACE_OUTER_BOUND ( 'NONE', #590, .T. ) ;
#1615 = ORIENTED_EDGE ( 'NONE', *, *, #1444, .T. ) ;
#1616 = VERTEX_POINT ( 'NONE', #927 ) ;
#1617 = DIRECTION ( 'NONE',  ( 0.000000000000000000, 0.000000000000000000, 1.000000000000000000 ) ) ;
#1618 = VECTOR ( 'NONE', #1832, 1000.000000000000000 ) ;
#1619 = CARTESIAN_POINT ( 'NONE',  ( -13.77497731395590996, 45.50000000000000000, -2.500000000000000000 ) ) ;
#1620 = DIRECTION ( 'NONE',  ( 0.000000000000000000, 0.000000000000000000, 1.000000000000000000 ) ) ;
#1621 = DIRECTION ( 'NONE',  ( 0.7071067811865517916, -0.7071067811865433539, 0.000000000000000000 ) ) ;
#1622 = ORIENTED_EDGE ( 'NONE', *, *, #1927, .T. ) ;
#1623 = FACE_OUTER_BOUND ( 'NONE', #1027, .T. ) ;
#1624 = ADVANCED_FACE ( 'NONE', ( #1984 ), #1290, .F. ) ;
#1625 = DIRECTION ( 'NONE',  ( -1.000000000000000000, 0.000000000000000000, 0.000000000000000000 ) ) ;
#1626 = LINE ( 'NONE', #579, #1467 ) ;
#1627 = EDGE_LOOP ( 'NONE', ( #432, #1565, #2097, #1514 ) ) ;
#1628 = ORIENTED_EDGE ( 'NONE', *, *, #2059, .T. ) ;
#1629 = CARTESIAN_POINT ( 'NONE',  ( -13.83111768682473830, 46.75224176343813554, 2.169932383611663518 ) ) ;
#1630 = DIRECTION ( 'NONE',  ( 0.000000000000000000, 0.000000000000000000, -1.000000000000000000 ) ) ;
#1631 = DIRECTION ( 'NONE',  ( -0.000000000000000000, -0.7071067811865465735, 0.7071067811865484609 ) ) ;
#1632 = ORIENTED_EDGE ( 'NONE', *, *, #273, .T. ) ;
#1633 = DIRECTION ( 'NONE',  ( 0.000000000000000000, 0.000000000000000000, -1.000000000000000000 ) ) ;
#1634 = CARTESIAN_POINT ( 'NONE',  ( -70.00000000000000000, 5.000000000000000000, 49.99999999999993605 ) ) ;
#1635 = DIRECTION ( 'NONE',  ( 0.000000000000000000, 1.000000000000000000, 0.000000000000000000 ) ) ;
#1636 = EDGE_LOOP ( 'NONE', ( #124, #1540, #1813, #1174, #156, #903 ) ) ;
#1637 = ORIENTED_EDGE ( 'NONE', *, *, #966, .F. ) ;
#1638 = EDGE_CURVE ( 'NONE', #660, #2259, #725, .T. ) ;
#1639 = DIRECTION ( 'NONE',  ( 0.000000000000000000, 0.000000000000000000, 1.000000000000000000 ) ) ;
#1640 = AXIS2_PLACEMENT_3D ( 'NONE', #1216, #1732, #2309 ) ;
#1641 = DIRECTION ( 'NONE',  ( -0.000000000000000000, -1.000000000000000000, -0.000000000000000000 ) ) ;
#1642 = DIRECTION ( 'NONE',  ( 0.000000000000000000, 0.000000000000000000, 1.000000000000000000 ) ) ;
#1643 = ORIENTED_EDGE ( 'NONE', *, *, #1453, .F. ) ;
#1644 = AXIS2_PLACEMENT_3D ( 'NONE', #550, #733, #375 ) ;
#1645 = DIRECTION ( 'NONE',  ( 0.000000000000000000, 0.000000000000000000, 1.000000000000000000 ) ) ;
#1646 = DIRECTION ( 'NONE',  ( 0.000000000000000000, 1.000000000000000000, 0.000000000000000000 ) ) ;
#1647 = MECHANICAL_CONTEXT ( 'NONE', #1537, 'mechanical' ) ;
#1648 = EDGE_LOOP ( 'NONE', ( #1297, #1808, #1071, #1154 ) ) ;
#1649 = ORIENTED_EDGE ( 'NONE', *, *, #1125, .T. ) ;
#1650 = CARTESIAN_POINT ( 'NONE',  ( -17.99999999999999645, 42.99999999999999289, -0.3305694865184735098 ) ) ;
#1651 = AXIS2_PLACEMENT_3D ( 'NONE', #1209, #646, #1450 ) ;
#1652 = EDGE_CURVE ( 'NONE', #16, #223, #217, .T. ) ;
#1653 = CARTESIAN_POINT ( 'NONE',  ( -14.00000000000000000, 47.99999999999999289, 0.000000000000000000 ) ) ;
#1654 = AXIS2_PLACEMENT_3D ( 'NONE', #2173, #564, #928 ) ;
#1655 = CARTESIAN_POINT ( 'NONE',  ( -35.00000000000000000, 68.00000000000000000, -9.999999999999991118 ) ) ;
#1656 = CARTESIAN_POINT ( 'NONE',  ( 13.77497731395590996, 45.50000000000000000, -2.500000000000000000 ) ) ;
#1657 = ORIENTED_EDGE ( 'NONE', *, *, #1895, .T. ) ;
#1658 = APPLICATION_CONTEXT ( 'configuration controlled 3d designs of mechanical parts and assemblies' ) ;
#1659 = DIRECTION ( 'NONE',  ( -0.000000000000000000, -1.000000000000000000, -0.000000000000000000 ) ) ;
#1660 = CARTESIAN_POINT ( 'NONE',  ( -35.00000000000000000, 15.00000000000000000, 20.00000000000000000 ) ) ;
#1661 = EDGE_LOOP ( 'NONE', ( #1779, #832, #2006, #1632 ) ) ;
#1662 = CARTESIAN_POINT ( 'NONE',  ( -18.00000000000000000, 43.00000000000000000, 0.000000000000000000 ) ) ;
#1663 = CYLINDRICAL_SURFACE ( 'NONE', #1231, 9.999999999999994671 ) ;
#1664 = LINE ( 'NONE', #1323, #1952 ) ;
#1665 = PERSON_AND_ORGANIZATION ( #1210, #1240 ) ;
#1666 = CARTESIAN_POINT ( 'NONE',  ( -15.37867965644035273, 37.50000000000000000, -27.07106781186552169 ) ) ;
#1667 = CARTESIAN_POINT ( 'NONE',  ( -35.00000000000000000, 57.99999999999999289, -20.00000000000000000 ) ) ;
#1668 = EDGE_CURVE ( 'NONE', #1574, #16, #747, .T. ) ;
#1669 = ORIENTED_EDGE ( 'NONE', *, *, #618, .F. ) ;
#1670 = CARTESIAN_POINT ( 'NONE',  ( 1.102182119232617714E-15, 55.00000000000000000, 9.000000000000000000 ) ) ;
#1671 = DIRECTION ( 'NONE',  ( 0.000000000000000000, 1.000000000000000000, 0.000000000000000000 ) ) ;
#1672 = ORIENTED_EDGE ( 'NONE', *, *, #1944, .F. ) ;
#1673 = LINE ( 'NONE', #1498, #1525 ) ;
#1674 = DIRECTION ( 'NONE',  ( 0.000000000000000000, 0.000000000000000000, -1.000000000000000000 ) ) ;
#1675 = COORDINATED_UNIVERSAL_TIME_OFFSET ( 6, 0, .BEHIND. ) ;
#1676 = DIRECTION ( 'NONE',  ( 0.000000000000000000, 0.000000000000000000, -1.000000000000000000 ) ) ;
#1677 = CARTESIAN_POINT ( 'NONE',  ( 17.82554346997588368, 45.33667906119404734, -2.500000000000000444 ) ) ;
#1678 = ORIENTED_EDGE ( 'NONE', *, *, #2156, .T. ) ;
#1679 = AXIS2_PLACEMENT_3D ( 'NONE', #612, #1134, #29 ) ;
#1680 = DIRECTION ( 'NONE',  ( -0.000000000000000000, 1.000000000000000000, -0.000000000000000000 ) ) ;
#1681 = EDGE_CURVE ( 'NONE', #2027, #1000, #1875, .T. ) ;
#1682 = EDGE_CURVE ( 'NONE', #637, #639, #1092, .T. ) ;
#1683 = DIRECTION ( 'NONE',  ( -1.000000000000000000, -9.251858538542962756E-15, 0.000000000000000000 ) ) ;
#1684 = VERTEX_POINT ( 'NONE', #2210 ) ;
#1685 = CARTESIAN_POINT ( 'NONE',  ( 55.00000000000000000, 5.000000000000004441, -42.24999999999999289 ) ) ;
#1686 = AXIS2_PLACEMENT_3D ( 'NONE', #2115, #1562, #2291 ) ;
#1687 = CARTESIAN_POINT ( 'NONE',  ( 13.91737531456935884, 43.51220386006556140, 1.524842003843603910 ) ) ;
#1688 = CARTESIAN_POINT ( 'NONE',  ( 0.000000000000000000, 15.00000000000000000, 20.00000000000000000 ) ) ;
#1689 = AXIS2_PLACEMENT_3D ( 'NONE', #1814, #356, #1617 ) ;
#1690 = DIRECTION ( 'NONE',  ( 1.000000000000000000, 0.000000000000000000, 0.000000000000000000 ) ) ;
#1691 = AXIS2_PLACEMENT_3D ( 'NONE', #1255, #2153, #133 ) ;
#1692 = ORIENTED_EDGE ( 'NONE', *, *, #2111, .F. ) ;
#1693 = ORIENTED_EDGE ( 'NONE', *, *, #1539, .F. ) ;
#1694 = FACE_OUTER_BOUND ( 'NONE', #1838, .T. ) ;
#1695 = ORIENTED_EDGE ( 'NONE', *, *, #1668, .T. ) ;
#1696 = EDGE_CURVE ( 'NONE', #565, #1428, #1470, .T. ) ;
#1697 = DIRECTION ( 'NONE',  ( -1.000000000000000000, 0.000000000000000000, -0.000000000000000000 ) ) ;
#1698 = FACE_OUTER_BOUND ( 'NONE', #1627, .T. ) ;
#1699 = EDGE_CURVE ( 'NONE', #796, #614, #1445, .T. ) ;
#1700 = DIRECTION ( 'NONE',  ( 0.000000000000000000, 0.000000000000000000, -1.000000000000000000 ) ) ;
#1701 = EDGE_LOOP ( 'NONE', ( #322, #1225, #2270, #392, #2002, #2142, #1185, #1578, #1355, #1628 ) ) ;
#1702 = EDGE_LOOP ( 'NONE', ( #1802, #537, #2232, #1104 ) ) ;
#1703 = DIRECTION ( 'NONE',  ( 1.000000000000000000, 0.000000000000000000, 0.000000000000000000 ) ) ;
#1704 = ORIENTED_EDGE ( 'NONE', *, *, #1152, .T. ) ;
#1705 = DIRECTION ( 'NONE',  ( 0.000000000000000000, -0.000000000000000000, 1.000000000000000000 ) ) ;
#1706 = DIRECTION ( 'NONE',  ( 0.000000000000000000, -0.000000000000000000, 1.000000000000000000 ) ) ;
#1707 = CARTESIAN_POINT ( 'NONE',  ( 70.00000000000000000, 0.000000000000000000, 49.99999999999992895 ) ) ;
#1708 = EDGE_CURVE ( 'NONE', #776, #1175, #818, .T. ) ;
#1709 = EDGE_CURVE ( 'NONE', #456, #1823, #47, .T. ) ;
#1710 = CARTESIAN_POINT ( 'NONE',  ( -60.00000000000001421, 0.000000000000000000, -60.00000000000000000 ) ) ;
#1711 = VERTEX_POINT ( 'NONE', #904 ) ;
#1712 = EDGE_LOOP ( 'NONE', ( #2045, #183, #546, #593 ) ) ;
#1713 = AXIS2_PLACEMENT_3D ( 'NONE', #971, #615, #1839 ) ;
#1714 = CARTESIAN_POINT ( 'NONE',  ( 0.000000000000000000, 58.00000000000004974, 20.00000000000000000 ) ) ;
#1715 =( BOUNDED_CURVE ( )  B_SPLINE_CURVE ( 3, ( #1149, #421, #2207, #606 ),
 .UNSPECIFIED., .F., .T. ) 
 B_SPLINE_CURVE_WITH_KNOTS ( ( 4, 4 ),
 ( 0.000000000000000000, 1.570796326794896558 ),
 .UNSPECIFIED. ) 
 CURVE ( )  GEOMETRIC_REPRESENTATION_ITEM ( )  RATIONAL_B_SPLINE_CURVE ( ( 1.000000000000000000, 0.8047378541243649375, 0.8047378541243649375, 1.000000000000000000 ) ) 
 REPRESENTATION_ITEM ( '' )  );
#1716 = ORIENTED_EDGE ( 'NONE', *, *, #1180, .F. ) ;
#1717 = LINE ( 'NONE', #89, #1003 ) ;
#1718 = CARTESIAN_POINT ( 'NONE',  ( -21.00000000000000355, 45.50000000000000000, 0.000000000000000000 ) ) ;
#1719 = CIRCLE ( 'NONE', #327, 9.999999999999994671 ) ;
#1720 = AXIS2_PLACEMENT_3D ( 'NONE', #1424, #880, #2293 ) ;
#1721 = CARTESIAN_POINT ( 'NONE',  ( -17.99776415162195775, 47.98405488434005406, -0.3264848528853132037 ) ) ;
#1722 = CIRCLE ( 'NONE', #449, 2.750000000000002665 ) ;
#1723 = DIRECTION ( 'NONE',  ( 1.000000000000000000, 0.000000000000000000, -0.000000000000000000 ) ) ;
#1724 = DIRECTION ( 'NONE',  ( -0.000000000000000000, -1.000000000000000000, -0.000000000000000000 ) ) ;
#1725 = EDGE_CURVE ( 'NONE', #293, #2327, #230, .T. ) ;
#1726 = AXIS2_PLACEMENT_3D ( 'NONE', #840, #2311, #656 ) ;
#1727 = ORIENTED_EDGE ( 'NONE', *, *, #1583, .T. ) ;
#1728 = ORIENTED_EDGE ( 'NONE', *, *, #817, .T. ) ;
#1729 = VERTEX_POINT ( 'NONE', #411 ) ;
#1730 = CARTESIAN_POINT ( 'NONE',  ( 70.00000000000000000, 28.00000000000000000, 12.00000000000000000 ) ) ;
#1731 = VERTEX_POINT ( 'NONE', #1847 ) ;
#1732 = DIRECTION ( 'NONE',  ( 0.000000000000000000, -1.000000000000000000, 0.000000000000000000 ) ) ;
#1733 = CARTESIAN_POINT ( 'NONE',  ( -17.82554346997588368, 45.50000000000000000, 2.500000000000000000 ) ) ;
#1734 = CARTESIAN_POINT ( 'NONE',  ( -17.89008508779284767, 47.02428457771252113, -1.988260659012909715 ) ) ;
#1735 = DIRECTION ( 'NONE',  ( 0.000000000000000000, 1.000000000000000000, 0.000000000000000000 ) ) ;
#1736 = ORIENTED_EDGE ( 'NONE', *, *, #1036, .T. ) ;
#1737 = DIRECTION ( 'NONE',  ( -0.000000000000000000, -1.000000000000000000, -0.000000000000000000 ) ) ;
#1738 = DIRECTION ( 'NONE',  ( -0.000000000000000000, -0.000000000000000000, 1.000000000000000000 ) ) ;
#1739 = ADVANCED_FACE ( 'NONE', ( #1806 ), #954, .F. ) ;
#1740 = VERTEX_POINT ( 'NONE', #2161 ) ;
#1741 = LINE ( 'NONE', #661, #1528 ) ;
#1742 = CARTESIAN_POINT ( 'NONE',  ( -55.00000000000000000, 5.000000000000004441, -45.00000000000000000 ) ) ;
#1743 = CARTESIAN_POINT ( 'NONE',  ( -17.82786125428931712, 45.82914835787100571, 2.483627990416388709 ) ) ;
#1744 = CYLINDRICAL_SURFACE ( 'NONE', #1388, 2.500000000000000000 ) ;
#1745 = CARTESIAN_POINT ( 'NONE',  ( 0.000000000000000000, 39.00000000000000000, -14.00000000000000000 ) ) ;
#1746 = EDGE_LOOP ( 'NONE', ( #1728, #1200 ) ) ;
#1747 = CYLINDRICAL_SURFACE ( 'NONE', #711, 9.999999999999994671 ) ;
#1748 = CARTESIAN_POINT ( 'NONE',  ( 17.84310751284647267, 46.30582597335054373, -2.372239620766816603 ) ) ;
#1749 = ORIENTED_EDGE ( 'NONE', *, *, #2001, .T. ) ;
#1750 = CC_DESIGN_PERSON_AND_ORGANIZATION_ASSIGNMENT ( #1665, #2022, ( #1055 ) ) ;
#1751 = LINE ( 'NONE', #1206, #1267 ) ;
#1752 = EDGE_CURVE ( 'NONE', #2217, #626, #781, .T. ) ;
#1753 = CARTESIAN_POINT ( 'NONE',  ( 13.85837772356353348, 47.02411485665101765, -1.988413912464115585 ) ) ;
#1754 = CARTESIAN_POINT ( 'NONE',  ( 0.000000000000000000, 63.00000000000000000, 0.000000000000000000 ) ) ;
#1755 = AXIS2_PLACEMENT_3D ( 'NONE', #1270, #686, #602 ) ;
#1756 = DIRECTION ( 'NONE',  ( 1.000000000000000000, 0.000000000000000000, 0.000000000000000000 ) ) ;
#1757 = VECTOR ( 'NONE', #279, 1000.000000000000000 ) ;
#1758 = ORIENTED_EDGE ( 'NONE', *, *, #744, .F. ) ;
#1759 = AXIS2_PLACEMENT_3D ( 'NONE', #265, #94, #1700 ) ;
#1760 = LINE ( 'NONE', #1953, #446 ) ;
#1761 = DIRECTION ( 'NONE',  ( 0.000000000000000000, 0.000000000000000000, -1.000000000000000000 ) ) ;
#1762 = APPROVAL_PERSON_ORGANIZATION ( #1961, #460, #348 ) ;
#1763 = ORIENTED_EDGE ( 'NONE', *, *, #1966, .F. ) ;
#1764 = VECTOR ( 'NONE', #2294, 1000.000000000000000 ) ;
#1765 = LINE ( 'NONE', #1226, #96 ) ;
#1766 = DIRECTION ( 'NONE',  ( 0.000000000000000000, 0.000000000000000000, 1.000000000000000000 ) ) ;
#1767 = CIRCLE ( 'NONE', #906, 9.999999999999994671 ) ;
#1768 = VERTEX_POINT ( 'NONE', #385 ) ;
#1769 = EDGE_CURVE ( 'NONE', #685, #1684, #10, .T. ) ;
#1770 = EDGE_CURVE ( 'NONE', #467, #658, #1086, .T. ) ;
#1771 = CARTESIAN_POINT ( 'NONE',  ( 70.00000000000000000, 45.50000000000000000, 0.000000000000000000 ) ) ;
#1772 = B_SPLINE_CURVE_WITH_KNOTS ( 'NONE', 3,
 ( #1076, #926, #34, #383, #396, #2160, #1435, #2195, #1101, #190, #347, #914, #22, #887, #1605, #1619 ),
 .UNSPECIFIED., .F., .F.,
 ( 4, 2, 2, 2, 2, 2, 2, 4 ),
 ( 0.000000000000000000, 0.0004896110024412562208, 0.0009792220048825122248, 0.001468833007323768229, 0.001958444009765024016, 0.002937666014647520845, 0.003427277017088779017, 0.003916888019530036756 ),
 .UNSPECIFIED. ) ;
#1773 = CALENDAR_DATE ( 2026, 12, 9 ) ;
#1774 = CARTESIAN_POINT ( 'NONE',  ( -13.85841951147992113, 43.97554588850440638, 1.988111798050579138 ) ) ;
#1775 = CARTESIAN_POINT ( 'NONE',  ( 17.92438425623425147, 47.38326804900669487, 1.652229882177795206 ) ) ;
#1776 = VERTEX_POINT ( 'NONE', #1278 ) ;
#1777 = CARTESIAN_POINT ( 'NONE',  ( 55.00000000000000000, 0.000000000000000000, -45.00000000000000000 ) ) ;
#1778 = DIRECTION ( 'NONE',  ( 0.000000000000000000, 0.000000000000000000, 1.000000000000000000 ) ) ;
#1779 = ORIENTED_EDGE ( 'NONE', *, *, #1452, .T. ) ;
#1780 = EDGE_CURVE ( 'NONE', #1143, #1934, #1462, .T. ) ;
#1781 = EDGE_CURVE ( 'NONE', #912, #1834, #1326, .T. ) ;
#1782 = CARTESIAN_POINT ( 'NONE',  ( -13.77497731395590996, 45.50000000000000000, 2.500000000000000000 ) ) ;
#1783 = CALENDAR_DATE ( 2026, 12, 9 ) ;
#1784 = CARTESIAN_POINT ( 'NONE',  ( -13.99998388512035774, 43.00009024332934615, 0.3273374538871544059 ) ) ;
#1785 = CYLINDRICAL_SURFACE ( 'NONE', #566, 2.750000000000002665 ) ;
#1786 = ORIENTED_EDGE ( 'NONE', *, *, #255, .T. ) ;
#1787 = CARTESIAN_POINT ( 'NONE',  ( -35.00000000000000000, 28.00000000000000000, -10.40000000000000036 ) ) ;
#1788 = CARTESIAN_POINT ( 'NONE',  ( 17.86894718356162670, 44.24795696641643161, 2.170036096665012515 ) ) ;
#1789 = PERSON_AND_ORGANIZATION ( #1210, #1240 ) ;
#1790 = ORIENTED_EDGE ( 'NONE', *, *, #18, .T. ) ;
#1791 = VECTOR ( 'NONE', #1229, 1000.000000000000000 ) ;
#1792 = EDGE_CURVE ( 'NONE', #1464, #150, #1402, .T. ) ;
#1793 = CARTESIAN_POINT ( 'NONE',  ( 55.00000000000000000, 0.000000000000000000, 47.75000000000000000 ) ) ;
#1794 = AXIS2_PLACEMENT_3D ( 'NONE', #309, #1545, #2275 ) ;
#1795 = FACE_OUTER_BOUND ( 'NONE', #692, .T. ) ;
#1796 = CIRCLE ( 'NONE', #1345, 2.750000000000002665 ) ;
#1797 = VERTEX_POINT ( 'NONE', #2074 ) ;
#1798 = EDGE_CURVE ( 'NONE', #1524, #556, #455, .T. ) ;
#1799 = DIRECTION ( 'NONE',  ( 0.000000000000000000, 0.000000000000000000, 1.000000000000000000 ) ) ;
#1800 = CARTESIAN_POINT ( 'NONE',  ( 17.90163837224920584, 47.15281698625603468, 1.882752808499900343 ) ) ;
#1801 = AXIS2_PLACEMENT_3D ( 'NONE', #1571, #830, #852 ) ;
#1802 = ORIENTED_EDGE ( 'NONE', *, *, #2341, .T. ) ;
#1803 = LINE ( 'NONE', #908, #2146 ) ;
#1804 = CARTESIAN_POINT ( 'NONE',  ( 55.00000000000000000, 71.00000000000001421, -47.75000000000000000 ) ) ;
#1805 = EDGE_LOOP ( 'NONE', ( #399, #581 ) ) ;
#1806 = FACE_OUTER_BOUND ( 'NONE', #1361, .T. ) ;
#1807 = CARTESIAN_POINT ( 'NONE',  ( 18.00000000000000000, 39.00000000000000000, 20.00000000000000000 ) ) ;
#1808 = ORIENTED_EDGE ( 'NONE', *, *, #1638, .F. ) ;
#1809 = DIRECTION ( 'NONE',  ( -0.000000000000000000, -1.000000000000000000, -0.000000000000000000 ) ) ;
#1810 = EDGE_CURVE ( 'NONE', #1203, #763, #743, .T. ) ;
#1811 = DIRECTION ( 'NONE',  ( 0.000000000000000000, -1.000000000000000000, 0.000000000000000000 ) ) ;
#1812 = VERTEX_POINT ( 'NONE', #287 ) ;
#1813 = ORIENTED_EDGE ( 'NONE', *, *, #2169, .F. ) ;
#1814 = CARTESIAN_POINT ( 'NONE',  ( 0.000000000000000000, 71.00000000000001421, 0.000000000000000000 ) ) ;
#1815 = LINE ( 'NONE', #1469, #522 ) ;
#1816 = CARTESIAN_POINT ( 'NONE',  ( 70.00000000000000000, 45.50000000000000000, 0.000000000000000000 ) ) ;
#1817 = DIRECTION ( 'NONE',  ( -1.000000000000000000, 0.000000000000000000, 0.000000000000000000 ) ) ;
#1818 = ORIENTED_EDGE ( 'NONE', *, *, #1444, .F. ) ;
#1819 = DIRECTION ( 'NONE',  ( 0.000000000000000000, 0.000000000000000000, -1.000000000000000000 ) ) ;
#1820 = CARTESIAN_POINT ( 'NONE',  ( 70.00000000000000000, 28.00000000000000000, 10.40000000000000036 ) ) ;
#1821 = DIRECTION ( 'NONE',  ( 1.000000000000000000, 0.000000000000000000, 0.000000000000000000 ) ) ;
#1822 = ORIENTED_EDGE ( 'NONE', *, *, #924, .T. ) ;
#1823 = VERTEX_POINT ( 'NONE', #1336 ) ;
#1824 = CC_DESIGN_PERSON_AND_ORGANIZATION_ASSIGNMENT ( #1789, #898, ( #2070 ) ) ;
#1825 = ADVANCED_FACE ( 'NONE', ( #2085 ), #610, .F. ) ;
#1826 = CARTESIAN_POINT ( 'NONE',  ( -55.00000000000000000, 71.00000000000001421, 42.24999999999999289 ) ) ;
#1827 = CARTESIAN_POINT ( 'NONE',  ( 0.000000000000000000, 71.00000000000001421, -11.09999999999999964 ) ) ;
#1828 = CARTESIAN_POINT ( 'NONE',  ( -55.00000000000000000, 71.00000000000001421, 45.00000000000000000 ) ) ;
#1829 = CARTESIAN_POINT ( 'NONE',  ( -14.00000000000000000, 47.99999999999998579, 0.1654367999129219835 ) ) ;
#1830 = CIRCLE ( 'NONE', #1081, 2.750000000000002665 ) ;
#1831 = DIRECTION ( 'NONE',  ( 0.000000000000000000, 0.000000000000000000, -1.000000000000000000 ) ) ;
#1832 = DIRECTION ( 'NONE',  ( 0.000000000000000000, 0.000000000000000000, -1.000000000000000000 ) ) ;
#1833 = AXIS2_PLACEMENT_3D ( 'NONE', #1918, #1014, #797 ) ;
#1834 = VERTEX_POINT ( 'NONE', #1710 ) ;
#1835 = AXIS2_PLACEMENT_3D ( 'NONE', #360, #562, #1620 ) ;
#1836 = CARTESIAN_POINT ( 'NONE',  ( -21.00000000000000000, 57.99999999999999289, -20.00000000000000000 ) ) ;
#1837 = CARTESIAN_POINT ( 'NONE',  ( 13.78931026067711230, 46.14894080613500194, 2.419914418993501570 ) ) ;
#1838 = EDGE_LOOP ( 'NONE', ( #2063, #1542, #159, #750 ) ) ;
#1839 = DIRECTION ( 'NONE',  ( 0.000000000000000000, 0.000000000000000000, -1.000000000000000000 ) ) ;
#1840 = DIRECTION ( 'NONE',  ( -0.000000000000000000, -1.000000000000000000, -0.000000000000000000 ) ) ;
#1841 = EDGE_CURVE ( 'NONE', #1340, #1776, #2258, .T. ) ;
#1842 = DIRECTION ( 'NONE',  ( 1.000000000000000000, -0.000000000000000000, 0.000000000000000000 ) ) ;
#1843 = B_SPLINE_CURVE_WITH_KNOTS ( 'NONE', 3,
 ( #80, #1322, #2056, #2205, #756, #2236, #1147, #1138, #393, #1853, #70, #936, #1650, #1662 ),
 .UNSPECIFIED., .F., .F.,
 ( 4, 2, 2, 2, 2, 2, 4 ),
 ( 0.01173912980762984934, 0.01222790076501380219, 0.01271667172239775503, 0.01320544267978170788, 0.01369421363716566073, 0.01467175555193356469, 0.01564929746670146865 ),
 .UNSPECIFIED. ) ;
#1844 = DATE_AND_TIME ( #1783, #414 ) ;
#1845 = EDGE_CURVE ( 'NONE', #580, #624, #526, .T. ) ;
#1846 = CARTESIAN_POINT ( 'NONE',  ( 1.714505518806294638E-15, 68.00000000000000000, 14.00000000000000000 ) ) ;
#1847 = CARTESIAN_POINT ( 'NONE',  ( -11.00000000000000178, 5.000000000000000000, 30.00000000000000000 ) ) ;
#1848 = LINE ( 'NONE', #1291, #264 ) ;
#1849 = ORIENTED_EDGE ( 'NONE', *, *, #762, .T. ) ;
#1850 = DIRECTION ( 'NONE',  ( 0.000000000000000000, 0.000000000000000000, 1.000000000000000000 ) ) ;
#1851 = DIRECTION ( 'NONE',  ( 0.000000000000000000, 0.000000000000000000, 1.000000000000000000 ) ) ;
#1852 = ORIENTED_EDGE ( 'NONE', *, *, #1211, .F. ) ;
#1853 = CARTESIAN_POINT ( 'NONE',  ( -17.93563451332156689, 43.50263491435628538, -1.538328473305208277 ) ) ;
#1854 = PLANE ( 'NONE',  #778 ) ;
#1855 = PLANE ( 'NONE',  #675 ) ;
#1856 = CARTESIAN_POINT ( 'NONE',  ( 0.000000000000000000, 63.00000000000000000, 0.000000000000000000 ) ) ;
#1857 = EDGE_CURVE ( 'NONE', #921, #1731, #84, .T. ) ;
#1858 = ORIENTED_EDGE ( 'NONE', *, *, #430, .T. ) ;
#1859 = DIRECTION ( 'NONE',  ( 0.000000000000000000, 0.000000000000000000, -1.000000000000000000 ) ) ;
#1860 = CARTESIAN_POINT ( 'NONE',  ( 55.00000000000000000, 0.000000000000000000, 42.24999999999999289 ) ) ;
#1861 = ORIENTED_EDGE ( 'NONE', *, *, #1681, .T. ) ;
#1862 = CARTESIAN_POINT ( 'NONE',  ( 0.000000000000000000, 0.000000000000000000, 20.00000000000000000 ) ) ;
#1863 = CARTESIAN_POINT ( 'NONE',  ( 13.98783146230096897, 43.06595288685917211, -0.6569319199328317316 ) ) ;
#1864 = DIRECTION ( 'NONE',  ( 0.000000000000000000, 0.000000000000000000, -1.000000000000000000 ) ) ;
#1865 = CARTESIAN_POINT ( 'NONE',  ( -35.00000000000000000, 45.50000000000000000, 0.000000000000000000 ) ) ;
#1866 = EDGE_CURVE ( 'NONE', #565, #293, #976, .T. ) ;
#1867 = ORIENTED_EDGE ( 'NONE', *, *, #224, .F. ) ;
#1868 = ORIENTED_EDGE ( 'NONE', *, *, #1367, .T. ) ;
#1869 = VECTOR ( 'NONE', #2029, 1000.000000000000000 ) ;
#1870 = CARTESIAN_POINT ( 'NONE',  ( 14.00000000000000000, 47.99999999999999289, 0.000000000000000000 ) ) ;
#1871 = FACE_OUTER_BOUND ( 'NONE', #402, .T. ) ;
#1872 = VECTOR ( 'NONE', #788, 1000.000000000000000 ) ;
#1873 = ORIENTED_EDGE ( 'NONE', *, *, #1337, .T. ) ;
#1874 = DIRECTION ( 'NONE',  ( -0.000000000000000000, -1.000000000000000000, -0.000000000000000000 ) ) ;
#1875 = CIRCLE ( 'NONE', #1644, 9.000000000000000000 ) ;
#1876 = CARTESIAN_POINT ( 'NONE',  ( 13.77797233866373006, 45.17128988076258622, -2.483651627540242490 ) ) ;
#1877 = CIRCLE ( 'NONE', #371, 9.999999999999994671 ) ;
#1878 = CARTESIAN_POINT ( 'NONE',  ( 55.00000000000000000, 5.000000000000004441, 47.75000000000000000 ) ) ;
#1879 = CARTESIAN_POINT ( 'NONE',  ( 17.90154640754271398, 43.84817798323723537, -1.883620422253801774 ) ) ;
#1880 = ORIENTED_EDGE ( 'NONE', *, *, #1106, .F. ) ;
#1881 = CARTESIAN_POINT ( 'NONE',  ( 0.000000000000000000, 55.00000000000000000, -9.000000000000000000 ) ) ;
#1882 = ORIENTED_EDGE ( 'NONE', *, *, #538, .F. ) ;
#1883 = EDGE_CURVE ( 'NONE', #642, #2268, #1012, .T. ) ;
#1884 = CARTESIAN_POINT ( 'NONE',  ( -59.99999999999993605, 5.000000000000000000, 60.00000000000000000 ) ) ;
#1885 = CARTESIAN_POINT ( 'NONE',  ( -20.99999999999999645, 9.142135623730951011, -20.00000000000000000 ) ) ;
#1886 = LINE ( 'NONE', #574, #1473 ) ;
#1887 = LINE ( 'NONE', #599, #1988 ) ;
#1888 = CARTESIAN_POINT ( 'NONE',  ( 17.82778855857283773, 45.17427861045180748, -2.484150482742599308 ) ) ;
#1889 = ORIENTED_EDGE ( 'NONE', *, *, #1178, .T. ) ;
#1890 = CARTESIAN_POINT ( 'NONE',  ( -13.77497731395590996, 45.50000000000000000, 2.500000000000000000 ) ) ;
#1891 = ORIENTED_EDGE ( 'NONE', *, *, #1769, .F. ) ;
#1892 = DIRECTION ( 'NONE',  ( -1.000000000000000000, 0.000000000000000000, 0.000000000000000000 ) ) ;
#1893 = DIRECTION ( 'NONE',  ( 0.000000000000000000, 0.000000000000000000, 1.000000000000000000 ) ) ;
#1894 = ADVANCED_FACE ( 'NONE', ( #1536 ), #965, .F. ) ;
#1895 = EDGE_CURVE ( 'NONE', #912, #660, #1877, .T. ) ;
#1896 = CARTESIAN_POINT ( 'NONE',  ( -17.84310751284647267, 46.30582597335054373, 2.372239620766816603 ) ) ;
#1897 = CARTESIAN_POINT ( 'NONE',  ( -55.00000000000000000, 71.00000000000001421, -45.00000000000000000 ) ) ;
#1898 = CARTESIAN_POINT ( 'NONE',  ( 17.93581288030971876, 43.51215886981470504, -1.524853325502845802 ) ) ;
#1899 = ORIENTED_EDGE ( 'NONE', *, *, #1866, .T. ) ;
#1900 = ORIENTED_EDGE ( 'NONE', *, *, #1845, .F. ) ;
#1901 = VECTOR ( 'NONE', #826, 1000.000000000000000 ) ;
#1902 = CYLINDRICAL_SURFACE ( 'NONE', #815, 1.600000000000000755 ) ;
#1903 = ORIENTED_EDGE ( 'NONE', *, *, #690, .F. ) ;
#1904 = VECTOR ( 'NONE', #1905, 1000.000000000000000 ) ;
#1905 = DIRECTION ( 'NONE',  ( 0.000000000000000000, 1.000000000000000000, 0.000000000000000000 ) ) ;
#1906 = CARTESIAN_POINT ( 'NONE',  ( -17.82554346997588368, 45.33667906119404734, 2.500000000000000444 ) ) ;
#1907 = CIRCLE ( 'NONE', #20, 9.000000000000000000 ) ;
#1908 = AXIS2_PLACEMENT_3D ( 'NONE', #503, #1032, #1371 ) ;
#1909 = CARTESIAN_POINT ( 'NONE',  ( 0.000000000000000000, 48.00000000000000000, -11.09999999999999964 ) ) ;
#1910 = VECTOR ( 'NONE', #1842, 1000.000000000000000 ) ;
#1911 = PLANE ( 'NONE',  #2336 ) ;
#1912 = FACE_BOUND ( 'NONE', #269, .T. ) ;
#1913 = EDGE_CURVE ( 'NONE', #150, #77, #1419, .T. ) ;
#1914 = ORIENTED_EDGE ( 'NONE', *, *, #69, .F. ) ;
#1915 = CARTESIAN_POINT ( 'NONE',  ( -13.78930663421201608, 44.85153563719380543, 2.419931759294614793 ) ) ;
#1916 = ORIENTED_EDGE ( 'NONE', *, *, #1056, .T. ) ;
#1917 = ORIENTED_EDGE ( 'NONE', *, *, #2038, .F. ) ;
#1918 = CARTESIAN_POINT ( 'NONE',  ( -45.00000000000000000, 15.00000000000000000, 50.00000000000000000 ) ) ;
#1919 = ORIENTED_EDGE ( 'NONE', *, *, #1039, .F. ) ;
#1920 = DIRECTION ( 'NONE',  ( 0.000000000000000000, 1.000000000000000000, 0.000000000000000000 ) ) ;
#1921 = CARTESIAN_POINT ( 'NONE',  ( 13.77497731395591352, 45.66505396946503481, -2.499999999999999556 ) ) ;
#1922 = ORIENTED_EDGE ( 'NONE', *, *, #91, .T. ) ;
#1923 = CARTESIAN_POINT ( 'NONE',  ( -17.82554346997588723, 45.66527124027757623, -2.499999999999999556 ) ) ;
#1924 = DIRECTION ( 'NONE',  ( 0.000000000000000000, -1.000000000000000000, 0.000000000000000000 ) ) ;
#1925 = DIRECTION ( 'NONE',  ( 1.000000000000000000, 0.000000000000000000, 0.000000000000000000 ) ) ;
#1926 = CC_DESIGN_PERSON_AND_ORGANIZATION_ASSIGNMENT ( #410, #2039, ( #297 ) ) ;
#1927 = EDGE_CURVE ( 'NONE', #2017, #2217, #913, .T. ) ;
#1928 = ORIENTED_EDGE ( 'NONE', *, *, #1023, .F. ) ;
#1929 = CARTESIAN_POINT ( 'NONE',  ( -13.79775975882213501, 44.69312542878678585, 2.371897282461258527 ) ) ;
#1930 = CARTESIAN_POINT ( 'NONE',  ( 17.82554346997588368, 45.50000000000000000, -2.500000000000000000 ) ) ;
#1931 = ORIENTED_EDGE ( 'NONE', *, *, #621, .F. ) ;
#1932 = ORIENTED_EDGE ( 'NONE', *, *, #1094, .T. ) ;
#1933 = DIRECTION ( 'NONE',  ( 1.000000000000000000, -0.000000000000000000, -0.000000000000000000 ) ) ;
#1934 = VERTEX_POINT ( 'NONE', #1793 ) ;
#1935 = FACE_OUTER_BOUND ( 'NONE', #2223, .T. ) ;
#1936 = DIRECTION ( 'NONE',  ( 0.000000000000000000, 0.000000000000000000, 1.000000000000000000 ) ) ;
#1937 = VERTEX_POINT ( 'NONE', #9 ) ;
#1938 = FACE_OUTER_BOUND ( 'NONE', #2192, .T. ) ;
#1939 = CARTESIAN_POINT ( 'NONE',  ( 17.84314020370215204, 46.30654827295534659, 2.371995126829087752 ) ) ;
#1940 = EDGE_CURVE ( 'NONE', #1237, #1740, #2031, .T. ) ;
#1941 = VERTEX_POINT ( 'NONE', #1066 ) ;
#1942 = VECTOR ( 'NONE', #260, 1000.000000000000000 ) ;
#1943 = PLANE ( 'NONE',  #668 ) ;
#1944 = EDGE_CURVE ( 'NONE', #1941, #204, #1427, .T. ) ;
#1945 = CARTESIAN_POINT ( 'NONE',  ( -70.00000000000000000, 0.000000000000000000, 49.99999999999992895 ) ) ;
#1946 = AXIS2_PLACEMENT_3D ( 'NONE', #1566, #1920, #1705 ) ;
#1947 = CARTESIAN_POINT ( 'NONE',  ( -17.99772171286558375, 47.98374518581171344, 0.3282740843300800959 ) ) ;
#1948 = VECTOR ( 'NONE', #640, 1000.000000000000000 ) ;
#1949 = FACE_OUTER_BOUND ( 'NONE', #1661, .T. ) ;
#1950 = VECTOR ( 'NONE', #1183, 1000.000000000000000 ) ;
#1951 = CIRCLE ( 'NONE', #2261, 11.09999999999999964 ) ;
#1952 = VECTOR ( 'NONE', #1334, 1000.000000000000000 ) ;
#1953 = CARTESIAN_POINT ( 'NONE',  ( 1.359357947053562156E-15, 71.00000000000001421, 11.09999999999999964 ) ) ;
#1954 = DIRECTION ( 'NONE',  ( -1.000000000000000000, 0.000000000000000000, 0.000000000000000000 ) ) ;
#1955 = ORIENTED_EDGE ( 'NONE', *, *, #504, .T. ) ;
#1956 = CARTESIAN_POINT ( 'NONE',  ( 8.000000000000000000, 39.00000000000000000, 20.00000000000000000 ) ) ;
#1957 = DIRECTION ( 'NONE',  ( 0.000000000000000000, 0.000000000000000000, -1.000000000000000000 ) ) ;
#1958 = EDGE_CURVE ( 'NONE', #1464, #384, #1534, .T. ) ;
#1959 = ADVANCED_FACE ( 'NONE', ( #19 ), #742, .F. ) ;
#1960 = CARTESIAN_POINT ( 'NONE',  ( -21.00000000000000355, 45.50000000000000000, -2.500000000000000000 ) ) ;
#1961 = PERSON_AND_ORGANIZATION ( #1210, #1240 ) ;
#1962 = CARTESIAN_POINT ( 'NONE',  ( -13.90283010758388293, 43.61532898245693701, -1.650779391512678274 ) ) ;
#1963 = ORIENTED_EDGE ( 'NONE', *, *, #2140, .T. ) ;
#1964 = ORIENTED_EDGE ( 'NONE', *, *, #694, .T. ) ;
#1965 = CARTESIAN_POINT ( 'NONE',  ( 1.359357947053562156E-15, 71.00000000000001421, 11.09999999999999964 ) ) ;
#1966 = EDGE_CURVE ( 'NONE', #293, #992, #258, .T. ) ;
#1967 = CARTESIAN_POINT ( 'NONE',  ( 14.00000000000000000, 47.99999999999999289, 0.1655787080512195752 ) ) ;
#1968 = DIRECTION ( 'NONE',  ( 0.000000000000000000, 0.000000000000000000, 1.000000000000000000 ) ) ;
#1969 = ORIENTED_EDGE ( 'NONE', *, *, #1195, .F. ) ;
#1970 = ORIENTED_EDGE ( 'NONE', *, *, #1652, .T. ) ;
#1971 = EDGE_CURVE ( 'NONE', #31, #1711, #1276, .T. ) ;
#1972 = CARTESIAN_POINT ( 'NONE',  ( -20.56066017177982630, 34.43933982822011330, -27.07106781186552169 ) ) ;
#1973 = CARTESIAN_POINT ( 'NONE',  ( 17.82554346997588368, 45.66327818883907241, -2.499999999999999556 ) ) ;
#1974 = ORIENTED_EDGE ( 'NONE', *, *, #1538, .T. ) ;
#1975 = DIRECTION ( 'NONE',  ( 1.000000000000000000, 0.000000000000000000, 0.000000000000000000 ) ) ;
#1976 = CARTESIAN_POINT ( 'NONE',  ( 17.93563451332156689, 43.50263491435628538, 1.538328473305208277 ) ) ;
#1977 = ORIENTED_EDGE ( 'NONE', *, *, #1708, .F. ) ;
#1978 = ORIENTED_EDGE ( 'NONE', *, *, #694, .F. ) ;
#1979 = CIRCLE ( 'NONE', #2021, 2.750000000000002665 ) ;
#1980 = CARTESIAN_POINT ( 'NONE',  ( 60.00000000000001421, 5.000000000000000000, 50.00000000000000000 ) ) ;
#1981 = VECTOR ( 'NONE', #662, 1000.000000000000000 ) ;
#1982 = CARTESIAN_POINT ( 'NONE',  ( -13.77794291905511415, 45.82754084529345562, 2.483814256089909023 ) ) ;
#1983 = AXIS2_PLACEMENT_3D ( 'NONE', #960, #1671, #969 ) ;
#1984 = FACE_OUTER_BOUND ( 'NONE', #1074, .T. ) ;
#1985 = ADVANCED_FACE ( 'NONE', ( #395 ), #1113, .F. ) ;
#1986 = FACE_OUTER_BOUND ( 'NONE', #1099, .T. ) ;
#1987 = AXIS2_PLACEMENT_3D ( 'NONE', #1222, #2118, #2138 ) ;
#1988 = VECTOR ( 'NONE', #975, 1000.000000000000114 ) ;
#1989 = ORIENTED_EDGE ( 'NONE', *, *, #1277, .F. ) ;
#1990 = LINE ( 'NONE', #151, #1420 ) ;
#1991 = VECTOR ( 'NONE', #1020, 1000.000000000000000 ) ;
#1992 = CYLINDRICAL_SURFACE ( 'NONE', #1269, 2.500000000000000000 ) ;
#1993 = EDGE_LOOP ( 'NONE', ( #2269, #1818, #1643, #1602, #2055 ) ) ;
#1994 = ORIENTED_EDGE ( 'NONE', *, *, #690, .T. ) ;
#1995 = DATE_AND_TIME ( #45, #785 ) ;
#1996 = AXIS2_PLACEMENT_3D ( 'NONE', #873, #1954, #1059 ) ;
#1997 = DIRECTION ( 'NONE',  ( 0.000000000000000000, 0.000000000000000000, -1.000000000000000000 ) ) ;
#1998 = DIRECTION ( 'NONE',  ( -0.000000000000000000, -1.000000000000000000, -0.000000000000000000 ) ) ;
#1999 = CYLINDRICAL_SURFACE ( 'NONE', #1354, 10.00000000000000000 ) ;
#2000 = APPROVAL ( #870, 'UNSPECIFIED' ) ;
#2001 = EDGE_CURVE ( 'NONE', #623, #961, #1312, .T. ) ;
#2002 = ORIENTED_EDGE ( 'NONE', *, *, #1971, .F. ) ;
#2003 = CARTESIAN_POINT ( 'NONE',  ( -16.43933982822018081, 38.56066017177981564, 20.00000000000000000 ) ) ;
#2004 = CARTESIAN_POINT ( 'NONE',  ( 13.94442946583930976, 47.66914019974299066, 1.253597910690023021 ) ) ;
#2005 = ORIENTED_EDGE ( 'NONE', *, *, #1681, .F. ) ;
#2006 = ORIENTED_EDGE ( 'NONE', *, *, #2140, .F. ) ;
#2007 = DIRECTION ( 'NONE',  ( 0.000000000000000000, 0.000000000000000000, -1.000000000000000000 ) ) ;
#2008 = DIRECTION ( 'NONE',  ( 0.000000000000000000, 0.000000000000000000, 1.000000000000000000 ) ) ;
#2009 = DIRECTION ( 'NONE',  ( 0.000000000000000000, 0.000000000000000000, 1.000000000000000000 ) ) ;
#2010 = CARTESIAN_POINT ( 'NONE',  ( 70.00000000000000000, 28.00000000000000000, 12.00000000000000000 ) ) ;
#2011 = DIRECTION ( 'NONE',  ( -0.000000000000000000, -1.000000000000000000, -0.000000000000000000 ) ) ;
#2012 = DIRECTION ( 'NONE',  ( 0.000000000000000000, 0.000000000000000000, 1.000000000000000000 ) ) ;
#2013 = EDGE_LOOP ( 'NONE', ( #682, #1622, #495, #886 ) ) ;
#2014 = CARTESIAN_POINT ( 'NONE',  ( -35.00000000000000000, 15.00000000000000000, -20.00000000000000000 ) ) ;
#2015 = EDGE_CURVE ( 'NONE', #1823, #16, #72, .T. ) ;
#2016 = DIRECTION ( 'NONE',  ( -0.000000000000000000, -1.000000000000000000, -0.000000000000000000 ) ) ;
#2017 = VERTEX_POINT ( 'NONE', #951 ) ;
#2018 = EDGE_CURVE ( 'NONE', #623, #1612, #1715, .T. ) ;
#2019 = DIRECTION ( 'NONE',  ( 0.000000000000000000, 0.000000000000000000, 1.000000000000000000 ) ) ;
#2020 = CARTESIAN_POINT ( 'NONE',  ( 13.91719534920397905, 43.51343313763997855, -1.526567059171926699 ) ) ;
#2021 = AXIS2_PLACEMENT_3D ( 'NONE', #271, #993, #1001 ) ;
#2022 = PERSON_AND_ORGANIZATION_ROLE ( 'creator' ) ;
#2023 = AXIS2_PLACEMENT_3D ( 'NONE', #728, #1448, #2175 ) ;
#2024 = DIRECTION ( 'NONE',  ( -0.000000000000000000, -1.000000000000000000, -0.000000000000000000 ) ) ;
#2025 = CARTESIAN_POINT ( 'NONE',  ( -35.00000000000000000, 28.00000000000000000, 12.00000000000000000 ) ) ;
#2026 = AXIS2_PLACEMENT_3D ( 'NONE', #1073, #171, #1957 ) ;
#2027 = VERTEX_POINT ( 'NONE', #617 ) ;
#2028 = CIRCLE ( 'NONE', #1386, 11.09999999999999964 ) ;
#2029 = DIRECTION ( 'NONE',  ( -0.000000000000000000, 1.000000000000000000, -0.000000000000000000 ) ) ;
#2030 = LINE ( 'NONE', #947, #2107 ) ;
#2031 = CIRCLE ( 'NONE', #1689, 18.00000000000000000 ) ;
#2032 = ORIENTED_EDGE ( 'NONE', *, *, #1841, .T. ) ;
#2033 = CC_DESIGN_APPROVAL ( #460, ( #1055 ) ) ;
#2034 = DIRECTION ( 'NONE',  ( 0.000000000000000000, 0.000000000000000000, -1.000000000000000000 ) ) ;
#2035 = CARTESIAN_POINT ( 'NONE',  ( 13.94438111264216751, 43.33115557834740628, -1.254180513100947580 ) ) ;
#2036 = DIRECTION ( 'NONE',  ( -1.000000000000000000, 0.000000000000000000, 0.000000000000000000 ) ) ;
#2037 = EDGE_CURVE ( 'NONE', #1711, #2100, #1664, .T. ) ;
#2038 = EDGE_CURVE ( 'NONE', #424, #556, #1722, .T. ) ;
#2039 = PERSON_AND_ORGANIZATION_ROLE ( 'classification_officer' ) ;
#2040 = CARTESIAN_POINT ( 'NONE',  ( 0.000000000000000000, 71.00000000000001421, 0.000000000000000000 ) ) ;
#2041 = CARTESIAN_POINT ( 'NONE',  ( 70.00000000000000000, 45.50000000000000000, 0.000000000000000000 ) ) ;
#2042 = ORIENTED_EDGE ( 'NONE', *, *, #706, .T. ) ;
#2043 = LINE ( 'NONE', #2201, #1343 ) ;
#2044 = CARTESIAN_POINT ( 'NONE',  ( 13.85854783668030521, 47.03672472110040559, 1.998612875830826141 ) ) ;
#2045 = ORIENTED_EDGE ( 'NONE', *, *, #7, .T. ) ;
#2046 = LINE ( 'NONE', #1158, #1077 ) ;
#2047 = CARTESIAN_POINT ( 'NONE',  ( 13.97762742863162266, 43.12768395077739569, 0.8055416713485178404 ) ) ;
#2048 = EDGE_CURVE ( 'NONE', #1711, #1477, #638, .T. ) ;
#2049 = DIRECTION ( 'NONE',  ( 0.000000000000000000, 0.000000000000000000, -1.000000000000000000 ) ) ;
#2050 = B_SPLINE_CURVE_WITH_KNOTS ( 'NONE', 3,
 ( #492, #107, #667, #831, #681, #1549, #2279, #657, #517, #1962, #148, #1213, #889, #323, #1245, #1234, #872, #1784, #1389, #132, #338, #2130, #1608, #702, #1774, #1202, #1025, #1929, #1915, #1587, #496, #121 ),
 .UNSPECIFIED., .F., .F.,
 ( 4, 2, 2, 2, 2, 2, 2, 2, 2, 2, 2, 2, 2, 2, 2, 4 ),
 ( 0.003916888019530036756, 0.004406345616924574674, 0.004895803214319113458, 0.005385260811713652243, 0.005874718409108190161, 0.006364176006502728078, 0.006853633603897266863, 0.007343091201291805648, 0.007832548798686344432, 0.008811463993475420267, 0.009300921590869957317, 0.009790379188264496102, 0.01027983678565903489, 0.01076929438305357367, 0.01125875198044811246, 0.01174820957784265124 ),
 .UNSPECIFIED. ) ;
#2051 = EDGE_LOOP ( 'NONE', ( #821, #1304, #1727, #340 ) ) ;
#2052 = ORIENTED_EDGE ( 'NONE', *, *, #1233, .F. ) ;
#2053 = CARTESIAN_POINT ( 'NONE',  ( 7.999999999999998224, 0.000000000000000000, 20.00000000000000000 ) ) ;
#2054 = DIRECTION ( 'NONE',  ( 0.000000000000000000, 0.000000000000000000, 1.000000000000000000 ) ) ;
#2055 = ORIENTED_EDGE ( 'NONE', *, *, #301, .T. ) ;
#2056 = CARTESIAN_POINT ( 'NONE',  ( -17.82783776827128364, 45.17238854794729264, -2.483793326194611240 ) ) ;
#2057 = DIRECTION ( 'NONE',  ( -0.000000000000000000, -1.000000000000000000, -0.000000000000000000 ) ) ;
#2058 = DIRECTION ( 'NONE',  ( -0.000000000000000000, -0.000000000000000000, 1.000000000000000000 ) ) ;
#2059 = EDGE_CURVE ( 'NONE', #835, #1823, #1887, .T. ) ;
#2060 = ORIENTED_EDGE ( 'NONE', *, *, #1324, .F. ) ;
#2061 = ORIENTED_EDGE ( 'NONE', *, *, #357, .F. ) ;
#2062 = AXIS2_PLACEMENT_3D ( 'NONE', #583, #950, #1518 ) ;
#2063 = ORIENTED_EDGE ( 'NONE', *, *, #801, .F. ) ;
#2064 = CARTESIAN_POINT ( 'NONE',  ( -59.99999999999993605, 0.000000000000000000, -60.00000000000000000 ) ) ;
#2065 = CIRCLE ( 'NONE', #482, 2.750000000000002665 ) ;
#2066 = ORIENTED_EDGE ( 'NONE', *, *, #2075, .F. ) ;
#2067 = CYLINDRICAL_SURFACE ( 'NONE', #813, 2.750000000000002665 ) ;
#2068 = VECTOR ( 'NONE', #1641, 1000.000000000000000 ) ;
#2069 = CARTESIAN_POINT ( 'NONE',  ( 0.000000000000000000, 47.99999999999999289, 0.000000000000000000 ) ) ;
#2070 = PRODUCT ( 'ARM-001_Base_pedestal', 'ARM-001_Base_pedestal', '', ( #1647 ) ) ;
#2071 = VECTOR ( 'NONE', #794, 1000.000000000000000 ) ;
#2072 = FACE_OUTER_BOUND ( 'NONE', #1284, .T. ) ;
#2073 = APPROVAL_PERSON_ORGANIZATION ( #1128, #1294, #1300 ) ;
#2074 = CARTESIAN_POINT ( 'NONE',  ( -21.00000000000000000, 43.00000000000000000, -20.00000000000000000 ) ) ;
#2075 = EDGE_CURVE ( 'NONE', #1285, #735, #413, .T. ) ;
#2076 = ORIENTED_EDGE ( 'NONE', *, *, #1009, .T. ) ;
#2077 = ORIENTED_EDGE ( 'NONE', *, *, #2267, .F. ) ;
#2078 = ADVANCED_FACE ( 'NONE', ( #587 ), #1141, .F. ) ;
#2079 = DIRECTION ( 'NONE',  ( 0.000000000000000000, 0.000000000000000000, -1.000000000000000000 ) ) ;
#2080 = ORIENTED_EDGE ( 'NONE', *, *, #256, .F. ) ;
#2081 = CARTESIAN_POINT ( 'NONE',  ( -21.00000000000000000, 68.00000000000000000, 10.00000000000002132 ) ) ;
#2082 = CARTESIAN_POINT ( 'NONE',  ( -17.98254443702504801, 43.12812614607209838, 0.8068915223181163388 ) ) ;
#2083 = CARTESIAN_POINT ( 'NONE',  ( -17.92453452202722275, 47.38477596382748658, 1.650692166586511522 ) ) ;
#2084 = FACE_OUTER_BOUND ( 'NONE', #1146, .T. ) ;
#2085 = FACE_OUTER_BOUND ( 'NONE', #979, .T. ) ;
#2086 = ORIENTED_EDGE ( 'NONE', *, *, #1770, .F. ) ;
#2087 = B_SPLINE_CURVE_WITH_KNOTS ( 'NONE', 3,
 ( #138, #1921, #488, #272, #1190, #1170, #296, #1753, #2288, #1040, #463, #864, #1567, #310, #628, #1393 ),
 .UNSPECIFIED., .F., .F.,
 ( 4, 2, 2, 2, 2, 2, 2, 4 ),
 ( 0.01174820957784264951, 0.01223740096240752591, 0.01272659234697240405, 0.01321578373153728045, 0.01370497511610215685, 0.01468335788523189578, 0.01517254926979676524, 0.01566174065436163471 ),
 .UNSPECIFIED. ) ;
#2088 = ORIENTED_EDGE ( 'NONE', *, *, #2312, .T. ) ;
#2089 = FACE_OUTER_BOUND ( 'NONE', #97, .T. ) ;
#2090 = ORIENTED_EDGE ( 'NONE', *, *, #462, .T. ) ;
#2091 = FACE_BOUND ( 'NONE', #112, .T. ) ;
#2092 = CARTESIAN_POINT ( 'NONE',  ( -17.93581288030971876, 43.51215886981470504, 1.524853325502845802 ) ) ;
#2093 = EDGE_CURVE ( 'NONE', #2167, #1574, #986, .T. ) ;
#2094 = CARTESIAN_POINT ( 'NONE',  ( 0.000000000000000000, 71.00000000000001421, -11.09999999999999964 ) ) ;
#2095 = CARTESIAN_POINT ( 'NONE',  ( -21.00000000000000000, 5.000000000000000000, -20.00000000000000000 ) ) ;
#2096 = PLANE ( 'NONE',  #370 ) ;
#2097 = ORIENTED_EDGE ( 'NONE', *, *, #1883, .F. ) ;
#2098 = VERTEX_POINT ( 'NONE', #1335 ) ;
#2099 = CYLINDRICAL_SURFACE ( 'NONE', #332, 2.500000000000000000 ) ;
#2100 = VERTEX_POINT ( 'NONE', #2249 ) ;
#2101 = VECTOR ( 'NONE', #688, 999.9999999999998863 ) ;
#2102 = DIRECTION ( 'NONE',  ( 0.000000000000000000, 1.000000000000000000, 0.000000000000000000 ) ) ;
#2103 = EDGE_LOOP ( 'NONE', ( #2005, #367 ) ) ;
#2104 = CIRCLE ( 'NONE', #1005, 2.750000000000002665 ) ;
#2105 = DIRECTION ( 'NONE',  ( 0.000000000000000000, 0.000000000000000000, -1.000000000000000000 ) ) ;
#2106 = CARTESIAN_POINT ( 'NONE',  ( -21.00000000000000000, 5.000000000000000000, 20.00000000000000000 ) ) ;
#2107 = VECTOR ( 'NONE', #1488, 1000.000000000000000 ) ;
#2108 = ORIENTED_EDGE ( 'NONE', *, *, #2156, .F. ) ;
#2109 = VECTOR ( 'NONE', #2183, 1000.000000000000000 ) ;
#2110 = CARTESIAN_POINT ( 'NONE',  ( -17.83666656344199097, 46.14990448121902489, 2.419580707800498054 ) ) ;
#2111 = EDGE_CURVE ( 'NONE', #637, #267, #1951, .T. ) ;
#2112 = ADVANCED_FACE ( 'NONE', ( #92 ), #1855, .F. ) ;
#2113 = AXIS2_PLACEMENT_3D ( 'NONE', #571, #1287, #2008 ) ;
#2114 = PLANE ( 'NONE',  #1651 ) ;
#2115 = CARTESIAN_POINT ( 'NONE',  ( 0.000000000000000000, 71.00000000000001421, 0.000000000000000000 ) ) ;
#2116 = LOCAL_TIME ( 21, 57, 50.00000000000000000, #2313 ) ;
#2117 = ORIENTED_EDGE ( 'NONE', *, *, #1966, .T. ) ;
#2118 = DIRECTION ( 'NONE',  ( 0.000000000000000000, -1.000000000000000000, 0.000000000000000000 ) ) ;
#2119 = VERTEX_POINT ( 'NONE', #1878 ) ;
#2120 = VECTOR ( 'NONE', #1456, 1000.000000000000000 ) ;
#2121 = ORIENTED_EDGE ( 'NONE', *, *, #1485, .F. ) ;
#2122 = CARTESIAN_POINT ( 'NONE',  ( 55.00000000000000000, 71.00000000000001421, -45.00000000000000000 ) ) ;
#2123 = CARTESIAN_POINT ( 'NONE',  ( -17.96640450971582936, 43.25376489295892668, 1.109633881796984634 ) ) ;
#2124 = ORIENTED_EDGE ( 'NONE', *, *, #520, .F. ) ;
#2125 = FACE_OUTER_BOUND ( 'NONE', #882, .T. ) ;
#2126 = LINE ( 'NONE', #689, #489 ) ;
#2127 = EDGE_CURVE ( 'NONE', #1524, #1474, #977, .T. ) ;
#2128 = B_SPLINE_CURVE_WITH_KNOTS ( 'NONE', 3,
 ( #1249, #1967, #2202, #417, #578, #206, #2004, #613, #222, #2044, #390, #1296, #1837, #1135, #1107, #1330 ),
 .UNSPECIFIED., .F., .F.,
 ( 4, 2, 2, 2, 2, 2, 2, 4 ),
 ( 0.000000000000000000, 0.0004896110024412562208, 0.0009792220048825122248, 0.001468833007323768229, 0.001958444009765024016, 0.002937666014647520845, 0.003427277017088779017, 0.003916888019530036756 ),
 .UNSPECIFIED. ) ;
#2129 = ORIENTED_EDGE ( 'NONE', *, *, #8, .T. ) ;
#2130 = CARTESIAN_POINT ( 'NONE',  ( -13.91719534920397905, 43.51343313763997855, 1.526567059171926699 ) ) ;
#2131 = EDGE_CURVE ( 'NONE', #819, #601, #561, .T. ) ;
#2132 = CARTESIAN_POINT ( 'NONE',  ( -35.00000000000000000, 15.00000000000000000, -20.00000000000000000 ) ) ;
#2133 = ORIENTED_EDGE ( 'NONE', *, *, #153, .F. ) ;
#2134 = FACE_OUTER_BOUND ( 'NONE', #1551, .T. ) ;
#2135 = CARTESIAN_POINT ( 'NONE',  ( -21.00000000000000355, 28.00000000000000000, -12.00000000000000000 ) ) ;
#2136 = CARTESIAN_POINT ( 'NONE',  ( -21.00000000000000000, 57.99999999999999289, -20.00000000000000000 ) ) ;
#2137 = DATE_AND_TIME ( #1423, #2116 ) ;
#2138 = DIRECTION ( 'NONE',  ( 0.000000000000000000, 0.000000000000000000, -1.000000000000000000 ) ) ;
#2139 = DIRECTION ( 'NONE',  ( -1.000000000000000000, 0.000000000000000000, -0.000000000000000000 ) ) ;
#2140 = EDGE_CURVE ( 'NONE', #992, #642, #1150, .T. ) ;
#2141 = EDGE_CURVE ( 'NONE', #1175, #1581, #802, .T. ) ;
#2142 = ORIENTED_EDGE ( 'NONE', *, *, #939, .F. ) ;
#2143 = CIRCLE ( 'NONE', #56, 11.09999999999999964 ) ;
#2144 = CARTESIAN_POINT ( 'NONE',  ( -19.50000000000000000, 33.37867965644029766, 20.00000000000000000 ) ) ;
#2145 = DIRECTION ( 'NONE',  ( -1.000000000000000000, 0.000000000000000000, 0.000000000000000000 ) ) ;
#2146 = VECTOR ( 'NONE', #1238, 1000.000000000000000 ) ;
#2147 = DIRECTION ( 'NONE',  ( 0.000000000000000000, 0.000000000000000000, 1.000000000000000000 ) ) ;
#2148 = AXIS2_PLACEMENT_3D ( 'NONE', #1865, #620, #1492 ) ;
#2149 = DIRECTION ( 'NONE',  ( 0.000000000000000000, -0.000000000000000000, 1.000000000000000000 ) ) ;
#2150 = APPROVAL_STATUS ( 'not_yet_approved' ) ;
#2151 = LOCAL_TIME ( 21, 57, 50.00000000000000000, #1675 ) ;
#2152 = CARTESIAN_POINT ( 'NONE',  ( -16.43933982822017725, 38.56066017177981564, -20.00000000000000000 ) ) ;
#2153 = DIRECTION ( 'NONE',  ( 0.000000000000000000, 1.000000000000000000, 0.000000000000000000 ) ) ;
#2154 = EDGE_LOOP ( 'NONE', ( #755, #1268, #1919, #1889 ) ) ;
#2155 = CYLINDRICAL_SURFACE ( 'NONE', #248, 1.500000000000001332 ) ;
#2156 = EDGE_CURVE ( 'NONE', #730, #1616, #263, .T. ) ;
#2157 = DIRECTION ( 'NONE',  ( 0.000000000000000000, 0.000000000000000000, 1.000000000000000000 ) ) ;
#2158 = CARTESIAN_POINT ( 'NONE',  ( 0.000000000000000000, 71.00000000000001421, 0.000000000000000000 ) ) ;
#2159 = DIRECTION ( 'NONE',  ( 0.000000000000000000, 0.000000000000000000, -1.000000000000000000 ) ) ;
#2160 = CARTESIAN_POINT ( 'NONE',  ( -13.95674387236215530, 47.74600558074602930, -1.110095789039655223 ) ) ;
#2161 = CARTESIAN_POINT ( 'NONE',  ( 2.204364238465235428E-15, 71.00000000000001421, 18.00000000000000000 ) ) ;
#2162 = CARTESIAN_POINT ( 'NONE',  ( 17.82784722394456978, 45.82813093800245241, 2.483725953013491416 ) ) ;
#2163 = ORIENTED_EDGE ( 'NONE', *, *, #1725, .T. ) ;
#2164 = LINE ( 'NONE', #697, #555 ) ;
#2165 = CARTESIAN_POINT ( 'NONE',  ( 18.00000000000000000, 43.00000000000000000, 20.00000000000000000 ) ) ;
#2166 =( NAMED_UNIT ( * ) PLANE_ANGLE_UNIT ( ) SI_UNIT ( $, .RADIAN. ) );
#2167 = VERTEX_POINT ( 'NONE', #1129 ) ;
#2168 = VERTEX_POINT ( 'NONE', #229 ) ;
#2169 = EDGE_CURVE ( 'NONE', #1013, #1581, #953, .T. ) ;
#2170 = CARTESIAN_POINT ( 'NONE',  ( -13.81870908116326646, 46.60879082869500678, 2.246622395854368737 ) ) ;
#2171 = ADVANCED_BREP_SHAPE_REPRESENTATION ( 'ARM-001_Base_pedestal', ( #74, #2263 ), #942 ) ;
#2172 = DIRECTION ( 'NONE',  ( -1.000000000000000000, 0.000000000000000000, 0.000000000000000000 ) ) ;
#2173 = CARTESIAN_POINT ( 'NONE',  ( -35.00000000000000000, 68.00000000000000000, -9.999999999999991118 ) ) ;
#2174 = ORIENTED_EDGE ( 'NONE', *, *, #2059, .F. ) ;
#2175 = DIRECTION ( 'NONE',  ( 0.000000000000000000, 0.000000000000000000, 1.000000000000000000 ) ) ;
#2176 = FACE_OUTER_BOUND ( 'NONE', #1136, .T. ) ;
#2177 = EDGE_LOOP ( 'NONE', ( #102, #532, #266, #1281, #131, #193, #305, #2090, #86, #989, #1716, #235 ) ) ;
#2178 = CIRCLE ( 'NONE', #1380, 1.500000000000001332 ) ;
#2179 = AXIS2_PLACEMENT_3D ( 'NONE', #1169, #1378, #2105 ) ;
#2180 = DESIGN_CONTEXT ( 'detailed design', #1658, 'design' ) ;
#2181 = EDGE_CURVE ( 'NONE', #223, #835, #1182, .T. ) ;
#2182 = CIRCLE ( 'NONE', #1197, 14.00000000000000000 ) ;
#2183 = DIRECTION ( 'NONE',  ( -0.000000000000000000, -0.000000000000000000, -1.000000000000000000 ) ) ;
#2184 = DIRECTION ( 'NONE',  ( -1.000000000000000000, 0.000000000000000000, 0.000000000000000000 ) ) ;
#2185 = VECTOR ( 'NONE', #2024, 1000.000000000000000 ) ;
#2186 = AXIS2_PLACEMENT_3D ( 'NONE', #514, #680, #1723 ) ;
#2187 = ORIENTED_EDGE ( 'NONE', *, *, #1845, .T. ) ;
#2188 = ORIENTED_EDGE ( 'NONE', *, *, #2038, .T. ) ;
#2189 = CARTESIAN_POINT ( 'NONE',  ( 18.00000000000000000, 39.00000000000000000, 10.00000000000000000 ) ) ;
#2190 = DIRECTION ( 'NONE',  ( -0.000000000000000000, -0.000000000000000000, 1.000000000000000000 ) ) ;
#2191 = ORIENTED_EDGE ( 'NONE', *, *, #330, .F. ) ;
#2192 = EDGE_LOOP ( 'NONE', ( #2255, #545, #861, #790 ) ) ;
#2193 = SHAPE_DEFINITION_REPRESENTATION ( #275, #2171 ) ;
#2194 = DIRECTION ( 'NONE',  ( 1.000000000000000000, -0.000000000000000000, -0.000000000000000000 ) ) ;
#2195 = CARTESIAN_POINT ( 'NONE',  ( -13.91734479706896366, 47.48759711181013188, -1.525167088863220943 ) ) ;
#2196 = ADVANCED_FACE ( 'NONE', ( #312 ), #1031, .F. ) ;
#2197 = CARTESIAN_POINT ( 'NONE',  ( -15.37867965644035273, 37.50000000000000000, 20.00000000000000000 ) ) ;
#2198 = CARTESIAN_POINT ( 'NONE',  ( -21.00000000000000355, 5.000000000000000000, -30.00000000000000000 ) ) ;
#2199 = ADVANCED_FACE ( 'NONE', ( #465 ), #335, .F. ) ;
#2200 = ORIENTED_EDGE ( 'NONE', *, *, #1079, .F. ) ;
#2201 = CARTESIAN_POINT ( 'NONE',  ( 70.00000000000000000, 45.50000000000000000, -2.500000000000000000 ) ) ;
#2202 = CARTESIAN_POINT ( 'NONE',  ( 13.99706564353899374, 47.98371325702410672, 0.3283239205757456092 ) ) ;
#2203 =( NAMED_UNIT ( * ) SI_UNIT ( $, .STERADIAN. ) SOLID_ANGLE_UNIT ( ) );
#2204 = EDGE_LOOP ( 'NONE', ( #2245, #377, #741, #380 ) ) ;
#2205 = CARTESIAN_POINT ( 'NONE',  ( -17.83657637416000341, 44.85270831693974003, -2.420242142391126450 ) ) ;
#2206 = CARTESIAN_POINT ( 'NONE',  ( 13.79775975882213501, 44.69312542878678585, -2.371897282461258527 ) ) ;
#2207 = CARTESIAN_POINT ( 'NONE',  ( -39.14213562373095101, 5.000000000000000888, 24.14213562373094746 ) ) ;
#2208 = DATE_AND_TIME ( #1491, #2151 ) ;
#2209 = DIRECTION ( 'NONE',  ( -0.000000000000000000, -1.000000000000000000, -0.000000000000000000 ) ) ;
#2210 = CARTESIAN_POINT ( 'NONE',  ( -20.56066017177982630, 34.43933982822011330, -20.00000000000000000 ) ) ;
#2211 = DIRECTION ( 'NONE',  ( 0.000000000000000000, 0.000000000000000000, 1.000000000000000000 ) ) ;
#2212 = ORIENTED_EDGE ( 'NONE', *, *, #330, .T. ) ;
#2213 = CARTESIAN_POINT ( 'NONE',  ( 13.77497731395590996, 45.33658208163353009, 2.500000000000000444 ) ) ;
#2214 = CC_DESIGN_DATE_AND_TIME_ASSIGNMENT ( #2208, #57, ( #297 ) ) ;
#2215 = ADVANCED_FACE ( 'NONE', ( #117 ), #491, .F. ) ;
#2216 = CARTESIAN_POINT ( 'NONE',  ( 0.000000000000000000, 71.00000000000001421, -18.00000000000000000 ) ) ;
#2217 = VERTEX_POINT ( 'NONE', #286 ) ;
#2218 = CYLINDRICAL_SURFACE ( 'NONE', #1713, 10.00000000000000000 ) ;
#2219 = CARTESIAN_POINT ( 'NONE',  ( 13.77798356852417960, 45.17055491777410481, 2.483591926913044645 ) ) ;
#2220 = VECTOR ( 'NONE', #1041, 1000.000000000000000 ) ;
#2221 = DIRECTION ( 'NONE',  ( 0.000000000000000000, 1.000000000000000000, 0.000000000000000000 ) ) ;
#2222 = VECTOR ( 'NONE', #400, 1000.000000000000000 ) ;
#2223 = EDGE_LOOP ( 'NONE', ( #1969, #2042, #1153, #1164 ) ) ;
#2224 = DIRECTION ( 'NONE',  ( -0.000000000000000000, 1.000000000000000000, -0.000000000000000000 ) ) ;
#2225 = FACE_OUTER_BOUND ( 'NONE', #251, .T. ) ;
#2226 = EDGE_LOOP ( 'NONE', ( #1061, #967, #1478, #2188 ) ) ;
#2227 = ADVANCED_FACE ( 'NONE', ( #2265 ), #145, .F. ) ;
#2228 = CARTESIAN_POINT ( 'NONE',  ( -21.00000000000000000, 33.99999999999994316, -20.00000000000000000 ) ) ;
#2229 = DIRECTION ( 'NONE',  ( 0.000000000000000000, 0.000000000000000000, 1.000000000000000000 ) ) ;
#2230 = CIRCLE ( 'NONE', #793, 2.750000000000002665 ) ;
#2231 = CARTESIAN_POINT ( 'NONE',  ( 17.98254443702504801, 43.12812614607209838, -0.8068915223181163388 ) ) ;
#2232 = ORIENTED_EDGE ( 'NONE', *, *, #1568, .F. ) ;
#2233 = CARTESIAN_POINT ( 'NONE',  ( 0.000000000000000000, 71.00000000000001421, 0.000000000000000000 ) ) ;
#2234 = CARTESIAN_POINT ( 'NONE',  ( 1.102182119232617714E-15, 63.00000000000000000, 9.000000000000000000 ) ) ;
#2235 = ORIENTED_EDGE ( 'NONE', *, *, #1539, .T. ) ;
#2236 = CARTESIAN_POINT ( 'NONE',  ( -17.85934350201489096, 44.39142393788996088, -2.246740643699007389 ) ) ;
#2237 = CARTESIAN_POINT ( 'NONE',  ( 13.95691483957172885, 43.25293819781886384, 1.107923318130168200 ) ) ;
#2238 = B_SPLINE_CURVE_WITH_KNOTS ( 'NONE', 3,
 ( #2329, #534, #1271, #525, #910, #353, #1788, #698, #511, #1976, #1601, #5, #729, #331 ),
 .UNSPECIFIED., .F., .F.,
 ( 4, 2, 2, 2, 2, 2, 4 ),
 ( 0.01173912980762984934, 0.01222790076501380219, 0.01271667172239775503, 0.01320544267978170788, 0.01369421363716566073, 0.01467175555193356469, 0.01564929746670146865 ),
 .UNSPECIFIED. ) ;
#2239 = ADVANCED_FACE ( 'NONE', ( #869 ), #106, .F. ) ;
#2240 = CARTESIAN_POINT ( 'NONE',  ( 18.00000000000000000, 43.00000000000000000, 0.000000000000000000 ) ) ;
#2241 = ORIENTED_EDGE ( 'NONE', *, *, #2312, .F. ) ;
#2242 = ORIENTED_EDGE ( 'NONE', *, *, #983, .T. ) ;
#2243 = ORIENTED_EDGE ( 'NONE', *, *, #1310, .T. ) ;
#2244 = CYLINDRICAL_SURFACE ( 'NONE', #174, 2.750000000000002665 ) ;
#2245 = ORIENTED_EDGE ( 'NONE', *, *, #1927, .F. ) ;
#2246 = DIRECTION ( 'NONE',  ( 0.000000000000000000, 1.000000000000000000, 0.000000000000000000 ) ) ;
#2247 = CARTESIAN_POINT ( 'NONE',  ( -16.85786437626904899, 5.000000000000000000, -24.14213562373094746 ) ) ;
#2248 = DIRECTION ( 'NONE',  ( -0.000000000000000000, -1.000000000000000000, -0.000000000000000000 ) ) ;
#2249 = CARTESIAN_POINT ( 'NONE',  ( -21.00000000000000000, 43.00000000000000000, 20.00000000000000000 ) ) ;
#2250 = AXIS2_PLACEMENT_3D ( 'NONE', #386, #398, #48 ) ;
#2251 = CARTESIAN_POINT ( 'NONE',  ( 17.89022543799955756, 43.97398007380362372, -1.987031732883741242 ) ) ;
#2252 = ADVANCED_FACE ( 'NONE', ( #129 ), #1744, .F. ) ;
#2253 = EDGE_CURVE ( 'NONE', #2268, #912, #1548, .T. ) ;
#2254 = AXIS2_PLACEMENT_3D ( 'NONE', #2233, #416, #1293 ) ;
#2255 = ORIENTED_EDGE ( 'NONE', *, *, #1682, .F. ) ;
#2256 = EDGE_LOOP ( 'NONE', ( #2273, #970, #1922, #451 ) ) ;
#2257 = DIRECTION ( 'NONE',  ( -0.000000000000000000, -1.000000000000000000, -0.000000000000000000 ) ) ;
#2258 = CIRCLE ( 'NONE', #1532, 2.750000000000002665 ) ;
#2259 = VERTEX_POINT ( 'NONE', #1359 ) ;
#2260 = DIRECTION ( 'NONE',  ( -0.000000000000000000, -0.000000000000000000, 1.000000000000000000 ) ) ;
#2261 = AXIS2_PLACEMENT_3D ( 'NONE', #2040, #964, #440 ) ;
#2262 = CARTESIAN_POINT ( 'NONE',  ( 70.00000000000000000, 45.50000000000000000, 2.500000000000000000 ) ) ;
#2263 = AXIS2_PLACEMENT_3D ( 'NONE', #1273, #1968, #1821 ) ;
#2264 = CARTESIAN_POINT ( 'NONE',  ( -17.85939416148994141, 46.60942670019077383, -2.246342225755463939 ) ) ;
#2265 = FACE_OUTER_BOUND ( 'NONE', #907, .T. ) ;
#2266 = DIRECTION ( 'NONE',  ( -1.000000000000000000, 0.000000000000000000, 0.000000000000000000 ) ) ;
#2267 = EDGE_CURVE ( 'NONE', #763, #1203, #144, .T. ) ;
#2268 = VERTEX_POINT ( 'NONE', #1584 ) ;
#2269 = ORIENTED_EDGE ( 'NONE', *, *, #450, .F. ) ;
#2270 = ORIENTED_EDGE ( 'NONE', *, *, #995, .F. ) ;
#2271 = FACE_OUTER_BOUND ( 'NONE', #2051, .T. ) ;
#2272 = EDGE_CURVE ( 'NONE', #626, #2217, #336, .T. ) ;
#2273 = ORIENTED_EDGE ( 'NONE', *, *, #1324, .T. ) ;
#2274 =( BOUNDED_CURVE ( )  B_SPLINE_CURVE ( 3, ( #1475, #1155, #591, #1506 ),
 .UNSPECIFIED., .F., .T. ) 
 B_SPLINE_CURVE_WITH_KNOTS ( ( 4, 4 ),
 ( 3.141592653589793116, 4.712388980384689674 ),
 .UNSPECIFIED. ) 
 CURVE ( )  GEOMETRIC_REPRESENTATION_ITEM ( )  RATIONAL_B_SPLINE_CURVE ( ( 1.000000000000000000, 0.8047378541243649375, 0.8047378541243649375, 1.000000000000000000 ) ) 
 REPRESENTATION_ITEM ( '' )  );
#2275 = DIRECTION ( 'NONE',  ( 0.000000000000000000, 0.000000000000000000, 1.000000000000000000 ) ) ;
#2276 = CARTESIAN_POINT ( 'NONE',  ( -17.83661075964595710, 44.85136071230114396, 2.419992793165508971 ) ) ;
#2277 = CARTESIAN_POINT ( 'NONE',  ( -17.92438425623425147, 47.38326804900669487, -1.652229882177795206 ) ) ;
#2278 = DIRECTION ( 'NONE',  ( 0.000000000000000000, 1.000000000000000000, 0.000000000000000000 ) ) ;
#2279 = CARTESIAN_POINT ( 'NONE',  ( -13.83138765313392682, 44.24485933787888570, -2.168198417499643593 ) ) ;
#2280 = UNCERTAINTY_MEASURE_WITH_UNIT (LENGTH_MEASURE( 1.000000000000000082E-05 ), #2344, 'distance_accuracy_value', 'NONE');
#2281 = EDGE_LOOP ( 'NONE', ( #2133, #314, #844, #1669 ) ) ;
#2282 = ORIENTED_EDGE ( 'NONE', *, *, #240, .F. ) ;
#2283 = CARTESIAN_POINT ( 'NONE',  ( -70.00000000000000000, 5.000000000000000000, 49.99999999999992895 ) ) ;
#2284 = ORIENTED_EDGE ( 'NONE', *, *, #1792, .T. ) ;
#2285 = EDGE_CURVE ( 'NONE', #677, #1937, #1370, .T. ) ;
#2286 = CYLINDRICAL_SURFACE ( 'NONE', #853, 11.09999999999999964 ) ;
#2287 = ADVANCED_FACE ( 'NONE', ( #1196, #2084 ), #1911, .F. ) ;
#2288 = CARTESIAN_POINT ( 'NONE',  ( 13.87322989014139196, 47.15212333307417225, -1.883322644825444536 ) ) ;
#2289 = CARTESIAN_POINT ( 'NONE',  ( -17.85935003124141573, 46.60871697142726333, 2.246691566488684177 ) ) ;
#2290 = DIRECTION ( 'NONE',  ( 0.000000000000000000, -1.000000000000000000, 0.000000000000000000 ) ) ;
#2291 = DIRECTION ( 'NONE',  ( 0.000000000000000000, 0.000000000000000000, -1.000000000000000000 ) ) ;
#2292 = ORIENTED_EDGE ( 'NONE', *, *, #108, .T. ) ;
#2293 = DIRECTION ( 'NONE',  ( 0.000000000000000000, 0.000000000000000000, 1.000000000000000000 ) ) ;
#2294 = DIRECTION ( 'NONE',  ( -1.000000000000000000, -0.000000000000000000, -0.000000000000000000 ) ) ;
#2295 = ORIENTED_EDGE ( 'NONE', *, *, #389, .F. ) ;
#2296 = ORIENTED_EDGE ( 'NONE', *, *, #2299, .T. ) ;
#2297 = CARTESIAN_POINT ( 'NONE',  ( 18.00000000000000000, 43.00000000000000000, 20.00000000000000000 ) ) ;
#2298 = CARTESIAN_POINT ( 'NONE',  ( 0.000000000000000000, 55.00000000000000000, 0.000000000000000000 ) ) ;
#2299 = EDGE_CURVE ( 'NONE', #1559, #819, #2126, .T. ) ;
#2300 = VECTOR ( 'NONE', #2011, 1000.000000000000000 ) ;
#2301 = FACE_BOUND ( 'NONE', #1805, .T. ) ;
#2302 = AXIS2_PLACEMENT_3D ( 'NONE', #814, #782, #1301 ) ;
#2303 = DIRECTION ( 'NONE',  ( -1.000000000000000000, -0.000000000000000000, -0.000000000000000000 ) ) ;
#2304 = CARTESIAN_POINT ( 'NONE',  ( -55.00000000000000000, 5.000000000000004441, 47.75000000000000000 ) ) ;
#2305 = B_SPLINE_CURVE_WITH_KNOTS ( 'NONE', 3,
 ( #1560, #143, #1743, #2110, #1896, #2289, #1192, #105, #320, #2083, #655, #1208, #298, #828, #1004, #1947, #1533, #851, #1721, #996, #867, #1547, #1019, #1030, #2277, #1369, #1734, #812, #2264, #839, #1582, #664, #1923, #311 ),
 .UNSPECIFIED., .F., .F.,
 ( 4, 2, 2, 2, 2, 2, 2, 2, 2, 2, 2, 2, 2, 2, 2, 2, 4 ),
 ( 0.003913726225797592613, 0.004402813949662108713, 0.004891901673526624812, 0.005380989397391140912, 0.005870077121255657011, 0.006359164845120173111, 0.006848252568984689211, 0.007337340292849205310, 0.007826428016713720542, 0.008315515740578236642, 0.008804603464442752742, 0.009293691188307268841, 0.009782778912171784941, 0.01027186663603630104, 0.01076095435990081714, 0.01125004208376533324, 0.01173912980762984934 ),
 .UNSPECIFIED. ) ;
#2306 = ORIENTED_EDGE ( 'NONE', *, *, #679, .F. ) ;
#2307 = CARTESIAN_POINT ( 'NONE',  ( 17.90153196249008261, 47.15175337339759665, -1.883846027710762261 ) ) ;
#2308 = ORIENTED_EDGE ( 'NONE', *, *, #199, .F. ) ;
#2309 = DIRECTION ( 'NONE',  ( 0.000000000000000000, 0.000000000000000000, -1.000000000000000000 ) ) ;
#2310 = DIRECTION ( 'NONE',  ( -0.000000000000000000, -1.000000000000000000, -0.000000000000000000 ) ) ;
#2311 = DIRECTION ( 'NONE',  ( -1.000000000000000000, -0.000000000000000000, -0.000000000000000000 ) ) ;
#2312 = EDGE_CURVE ( 'NONE', #822, #1504, #665, .T. ) ;
#2313 = COORDINATED_UNIVERSAL_TIME_OFFSET ( 6, 0, .BEHIND. ) ;
#2314 = ORIENTED_EDGE ( 'NONE', *, *, #444, .T. ) ;
#2315 = DIRECTION ( 'NONE',  ( 0.000000000000000000, 0.000000000000000000, -1.000000000000000000 ) ) ;
#2316 = CARTESIAN_POINT ( 'NONE',  ( 17.85935003124141573, 46.60871697142726333, -2.246691566488684177 ) ) ;
#2317 = ORIENTED_EDGE ( 'NONE', *, *, #1106, .T. ) ;
#2318 = DIRECTION ( 'NONE',  ( -1.000000000000000000, -0.000000000000000000, -0.000000000000000000 ) ) ;
#2319 = CARTESIAN_POINT ( 'NONE',  ( 70.00000000000000000, 45.50000000000000000, 0.000000000000000000 ) ) ;
#2320 = CARTESIAN_POINT ( 'NONE',  ( 60.00000000000001421, 0.000000000000000000, 50.00000000000000000 ) ) ;
#2321 = DIRECTION ( 'NONE',  ( 0.000000000000000000, -1.000000000000000000, 0.000000000000000000 ) ) ;
#2322 = CYLINDRICAL_SURFACE ( 'NONE', #633, 10.00000000000000000 ) ;
#2323 = ADVANCED_FACE ( 'NONE', ( #1949 ), #2114, .F. ) ;
#2324 = EDGE_CURVE ( 'NONE', #1109, #1776, #1626, .T. ) ;
#2325 = DIRECTION ( 'NONE',  ( 0.000000000000000000, 0.000000000000000000, -1.000000000000000000 ) ) ;
#2326 = CARTESIAN_POINT ( 'NONE',  ( 17.86914326116178131, 46.75478022446629467, -2.168414376996213644 ) ) ;
#2327 = VERTEX_POINT ( 'NONE', #753 ) ;
#2328 = DIRECTION ( 'NONE',  ( 0.000000000000000000, 0.000000000000000000, 1.000000000000000000 ) ) ;
#2329 = CARTESIAN_POINT ( 'NONE',  ( 17.82554346997588368, 45.50000000000000000, 2.500000000000000000 ) ) ;
#2330 = CIRCLE ( 'NONE', #2179, 10.00000000000000000 ) ;
#2331 = VERTEX_POINT ( 'NONE', #1087 ) ;
#2332 = CIRCLE ( 'NONE', #1308, 2.750000000000002665 ) ;
#2333 = AXIS2_PLACEMENT_3D ( 'NONE', #349, #1069, #165 ) ;
#2334 = VECTOR ( 'NONE', #1242, 1000.000000000000000 ) ;
#2335 = ORIENTED_EDGE ( 'NONE', *, *, #213, .T. ) ;
#2336 = AXIS2_PLACEMENT_3D ( 'NONE', #1561, #1735, #1396 ) ;
#2337 = DIRECTION ( 'NONE',  ( -0.000000000000000000, -1.000000000000000000, -0.000000000000000000 ) ) ;
#2338 = CARTESIAN_POINT ( 'NONE',  ( 17.82786125428931712, 45.82914835787100571, -2.483627990416388709 ) ) ;
#2339 = ORIENTED_EDGE ( 'NONE', *, *, #1398, .F. ) ;
#2340 = CARTESIAN_POINT ( 'NONE',  ( -17.82554346997588368, 45.50000000000000000, -2.500000000000000000 ) ) ;
#2341 = EDGE_CURVE ( 'NONE', #267, #637, #68, .T. ) ;
#2342 = CARTESIAN_POINT ( 'NONE',  ( 0.000000000000000000, 43.00000000000000000, 0.000000000000000000 ) ) ;
#2343 = CIRCLE ( 'NONE', #1318, 1.600000000000000755 ) ;
#2344 =( LENGTH_UNIT ( ) NAMED_UNIT ( * ) SI_UNIT ( .MILLI., .METRE. ) );
#2345 = EDGE_LOOP ( 'NONE', ( #1221, #1095, #2212, #2242, #197 ) ) ;
#2346 = ORIENTED_EDGE ( 'NONE', *, *, #594, .T. ) ;
ENDSEC;
END-ISO-10303-21;
