ISO-10303-21;
HEADER;
FILE_DESCRIPTION (( 'STEP AP203' ),
    '1' );
FILE_NAME ('ARM-204_Modular_forearm_MG996R.step',
    '2026-09-29T00:08:59',
    ( '' ),
    ( '' ),
    'SwSTEP 2.0',
    'SolidWorks 2026',
    '' );
FILE_SCHEMA (( 'CONFIG_CONTROL_DESIGN' ));
ENDSEC;

DATA;
#1 = AXIS2_PLACEMENT_3D ( 'NONE', #1575, #810, #517 ) ;
#2 = DIRECTION ( 'NONE',  ( 0.000000000000000000, 0.000000000000000000, 1.000000000000000000 ) ) ;
#3 = VERTEX_POINT ( 'NONE', #1471 ) ;
#4 = LOCAL_TIME ( 19, 8, 59.00000000000000000, #1012 ) ;
#5 = AXIS2_PLACEMENT_3D ( 'NONE', #296, #1746, #1158 ) ;
#6 = ORIENTED_EDGE ( 'NONE', *, *, #1037, .T. ) ;
#7 = DIRECTION ( 'NONE',  ( 1.000000000000000000, 0.000000000000000000, 0.000000000000000000 ) ) ;
#8 = DIRECTION ( 'NONE',  ( 0.000000000000000000, 0.000000000000000000, -1.000000000000000000 ) ) ;
#9 = CARTESIAN_POINT ( 'NONE',  ( 0.000000000000000000, 7.000000000000000000, 8.000000000000000000 ) ) ;
#10 = ADVANCED_FACE ( 'NONE', ( #898 ), #742, .T. ) ;
#11 = ORIENTED_EDGE ( 'NONE', *, *, #1356, .F. ) ;
#12 = EDGE_LOOP ( 'NONE', ( #1034, #477, #293, #1644 ) ) ;
#13 = DIRECTION ( 'NONE',  ( 1.000000000000000000, 0.000000000000000000, 0.000000000000000000 ) ) ;
#14 = COORDINATED_UNIVERSAL_TIME_OFFSET ( 6, 0, .BEHIND. ) ;
#15 = CARTESIAN_POINT ( 'NONE',  ( -3.500000000000000000, -7.000000000000000000, 4.000000000000000000 ) ) ;
#16 = DIRECTION ( 'NONE',  ( -1.000000000000000000, 0.000000000000000000, 0.000000000000000000 ) ) ;
#17 = CARTESIAN_POINT ( 'NONE',  ( 0.000000000000000000, 9.000000000000000000, 8.000000000000000000 ) ) ;
#18 = CIRCLE ( 'NONE', #1574, 1.700000000000000178 ) ;
#19 = ORIENTED_EDGE ( 'NONE', *, *, #1342, .F. ) ;
#20 = ADVANCED_BREP_SHAPE_REPRESENTATION ( 'ARM-204_Modular_forearm_MG996R', ( #335, #157 ), #1806 ) ;
#21 = ADVANCED_FACE ( 'NONE', ( #1770 ), #458, .F. ) ;
#22 = ORIENTED_EDGE ( 'NONE', *, *, #1114, .T. ) ;
#23 = VERTEX_POINT ( 'NONE', #317 ) ;
#24 = LINE ( 'NONE', #85, #268 ) ;
#25 = CIRCLE ( 'NONE', #1102, 1.700000000000000178 ) ;
#26 = CARTESIAN_POINT ( 'NONE',  ( -3.388860427931489561, -6.125000000000000000, 4.000000000000000000 ) ) ;
#27 = CARTESIAN_POINT ( 'NONE',  ( 7.000000000000000000, 0.000000000000000000, 8.000000000000000000 ) ) ;
#28 = CYLINDRICAL_SURFACE ( 'NONE', #126, 1.700000000000000178 ) ;
#29 = DIRECTION ( 'NONE',  ( 0.000000000000000000, 0.000000000000000000, 1.000000000000000000 ) ) ;
#30 = AXIS2_PLACEMENT_3D ( 'NONE', #686, #237, #102 ) ;
#31 = VERTEX_POINT ( 'NONE', #1340 ) ;
#32 = DIRECTION ( 'NONE',  ( 1.000000000000000000, 0.000000000000000000, 0.000000000000000000 ) ) ;
#33 = EDGE_CURVE ( 'NONE', #316, #1676, #45, .T. ) ;
#34 = AXIS2_PLACEMENT_3D ( 'NONE', #1116, #1691, #385 ) ;
#35 = ORIENTED_EDGE ( 'NONE', *, *, #1326, .T. ) ;
#36 = DIRECTION ( 'NONE',  ( 0.000000000000000000, 0.000000000000000000, 1.000000000000000000 ) ) ;
#37 = APPROVAL_DATE_TIME ( #592, #1090 ) ;
#38 = VECTOR ( 'NONE', #64, 1000.000000000000000 ) ;
#39 = EDGE_CURVE ( 'NONE', #156, #3, #547, .T. ) ;
#40 = CARTESIAN_POINT ( 'NONE',  ( -3.388860427931489561, -6.125000000000000888, 8.000000000000000000 ) ) ;
#41 = FACE_OUTER_BOUND ( 'NONE', #750, .T. ) ;
#42 = CYLINDRICAL_SURFACE ( 'NONE', #1749, 3.500000000000000000 ) ;
#43 = DIRECTION ( 'NONE',  ( -1.000000000000000000, 0.000000000000000000, 0.000000000000000000 ) ) ;
#44 = VERTEX_POINT ( 'NONE', #1202 ) ;
#45 = CIRCLE ( 'NONE', #830, 1.700000000000000178 ) ;
#46 = DIRECTION ( 'NONE',  ( -1.000000000000000000, 0.000000000000000000, 0.000000000000000000 ) ) ;
#47 = EDGE_LOOP ( 'NONE', ( #1692, #1033 ) ) ;
#48 = PERSON_AND_ORGANIZATION ( #1347, #823 ) ;
#49 = DIRECTION ( 'NONE',  ( -0.000000000000000000, -0.000000000000000000, -1.000000000000000000 ) ) ;
#50 = EDGE_CURVE ( 'NONE', #1066, #167, #793, .T. ) ;
#51 = FACE_OUTER_BOUND ( 'NONE', #249, .T. ) ;
#52 = CARTESIAN_POINT ( 'NONE',  ( 0.000000000000000000, 7.000000000000000000, 8.000000000000000000 ) ) ;
#53 = CARTESIAN_POINT ( 'NONE',  ( 0.000000000000000000, 0.000000000000000000, 8.000000000000000000 ) ) ;
#54 = VERTEX_POINT ( 'NONE', #1634 ) ;
#55 = VECTOR ( 'NONE', #1167, 1000.000000000000000 ) ;
#56 = AXIS2_PLACEMENT_3D ( 'NONE', #1098, #331, #1773 ) ;
#57 = DIRECTION ( 'NONE',  ( -0.000000000000000000, -0.000000000000000000, -1.000000000000000000 ) ) ;
#58 = ORIENTED_EDGE ( 'NONE', *, *, #1724, .F. ) ;
#59 = DIRECTION ( 'NONE',  ( 1.000000000000000000, 0.000000000000000000, 0.000000000000000000 ) ) ;
#60 = DIRECTION ( 'NONE',  ( -1.000000000000000000, -0.000000000000000000, -0.000000000000000000 ) ) ;
#61 = PLANE ( 'NONE',  #682 ) ;
#62 = EDGE_CURVE ( 'NONE', #651, #358, #329, .T. ) ;
#63 = VECTOR ( 'NONE', #1052, 1000.000000000000000 ) ;
#64 = DIRECTION ( 'NONE',  ( 1.000000000000000000, 0.000000000000000000, 0.000000000000000000 ) ) ;
#65 = ORIENTED_EDGE ( 'NONE', *, *, #949, .F. ) ;
#66 = EDGE_CURVE ( 'NONE', #1849, #822, #879, .T. ) ;
#67 = ORIENTED_EDGE ( 'NONE', *, *, #227, .T. ) ;
#68 = VERTEX_POINT ( 'NONE', #820 ) ;
#69 = AXIS2_PLACEMENT_3D ( 'NONE', #1636, #913, #1496 ) ;
#70 = ORIENTED_EDGE ( 'NONE', *, *, #555, .F. ) ;
#71 = AXIS2_PLACEMENT_3D ( 'NONE', #981, #1099, #1674 ) ;
#72 = DIRECTION ( 'NONE',  ( 0.000000000000000000, 0.000000000000000000, -1.000000000000000000 ) ) ;
#73 = FACE_OUTER_BOUND ( 'NONE', #1364, .T. ) ;
#74 = CARTESIAN_POINT ( 'NONE',  ( 3.500000000000000000, 9.000000000000000000, 4.000000000000000000 ) ) ;
#75 = ORIENTED_EDGE ( 'NONE', *, *, #834, .T. ) ;
#76 = DIRECTION ( 'NONE',  ( 0.000000000000000000, 0.000000000000000000, 1.000000000000000000 ) ) ;
#77 = ADVANCED_FACE ( 'NONE', ( #86 ), #103, .F. ) ;
#78 = DIRECTION ( 'NONE',  ( -0.000000000000000000, -0.000000000000000000, -1.000000000000000000 ) ) ;
#79 = CIRCLE ( 'NONE', #495, 1.700000000000000178 ) ;
#80 = ORIENTED_EDGE ( 'NONE', *, *, #1456, .T. ) ;
#81 = EDGE_LOOP ( 'NONE', ( #774, #1552, #70, #1655 ) ) ;
#82 = DIRECTION ( 'NONE',  ( -0.000000000000000000, -0.000000000000000000, -1.000000000000000000 ) ) ;
#83 = LINE ( 'NONE', #1687, #363 ) ;
#84 = DIRECTION ( 'NONE',  ( 1.000000000000000000, 0.000000000000000000, 0.000000000000000000 ) ) ;
#85 = CARTESIAN_POINT ( 'NONE',  ( -8.000000000000000000, -3.354101966249684263, 6.000000000000000000 ) ) ;
#86 = FACE_OUTER_BOUND ( 'NONE', #1443, .T. ) ;
#87 = ORIENTED_EDGE ( 'NONE', *, *, #1219, .F. ) ;
#88 = EDGE_CURVE ( 'NONE', #23, #570, #1860, .T. ) ;
#89 = ORIENTED_EDGE ( 'NONE', *, *, #937, .T. ) ;
#90 = VECTOR ( 'NONE', #49, 1000.000000000000000 ) ;
#91 = CYLINDRICAL_SURFACE ( 'NONE', #1322, 1.700000000000000178 ) ;
#92 = DIRECTION ( 'NONE',  ( -1.000000000000000000, 0.000000000000000000, 0.000000000000000000 ) ) ;
#93 = CIRCLE ( 'NONE', #1157, 3.500000000000000000 ) ;
#94 = DIRECTION ( 'NONE',  ( 1.000000000000000000, 0.000000000000000000, 0.000000000000000000 ) ) ;
#95 = DIRECTION ( 'NONE',  ( -0.000000000000000000, -0.000000000000000000, -1.000000000000000000 ) ) ;
#96 = VERTEX_POINT ( 'NONE', #1407 ) ;
#97 = CIRCLE ( 'NONE', #516, 1.700000000000000178 ) ;
#98 = CARTESIAN_POINT ( 'NONE',  ( -7.299999999999998934, 2.081899558550500033E-16, 8.000000000000000000 ) ) ;
#99 = DIRECTION ( 'NONE',  ( 1.000000000000000000, 0.000000000000000000, 0.000000000000000000 ) ) ;
#100 = EDGE_CURVE ( 'NONE', #1652, #113, #1241, .T. ) ;
#101 = VECTOR ( 'NONE', #333, 1000.000000000000000 ) ;
#102 = DIRECTION ( 'NONE',  ( -1.000000000000000000, 0.000000000000000000, 0.000000000000000000 ) ) ;
#103 = PLANE ( 'NONE',  #608 ) ;
#104 = ORIENTED_EDGE ( 'NONE', *, *, #1608, .T. ) ;
#105 = ORIENTED_EDGE ( 'NONE', *, *, #1724, .T. ) ;
#106 = DESIGN_CONTEXT ( 'detailed design', #983, 'design' ) ;
#107 = DIRECTION ( 'NONE',  ( 0.000000000000000000, 0.000000000000000000, -1.000000000000000000 ) ) ;
#108 = DIRECTION ( 'NONE',  ( -0.000000000000000000, -0.000000000000000000, -1.000000000000000000 ) ) ;
#109 = ADVANCED_FACE ( 'NONE', ( #1524 ), #1558, .T. ) ;
#110 = DIRECTION ( 'NONE',  ( -0.000000000000000000, -0.000000000000000000, -1.000000000000000000 ) ) ;
#111 = CARTESIAN_POINT ( 'NONE',  ( 58.00000000000000000, 11.50000000000000000, 4.000000000000000000 ) ) ;
#112 = ORIENTED_EDGE ( 'NONE', *, *, #1079, .F. ) ;
#113 = VERTEX_POINT ( 'NONE', #256 ) ;
#114 = CARTESIAN_POINT ( 'NONE',  ( -16.00000000000000000, 0.000000000000000000, 0.000000000000000000 ) ) ;
#115 = LINE ( 'NONE', #1428, #1616 ) ;
#116 = CIRCLE ( 'NONE', #356, 3.499999999999999556 ) ;
#117 = EDGE_CURVE ( 'NONE', #297, #131, #1822, .T. ) ;
#118 = CARTESIAN_POINT ( 'NONE',  ( -9.000000000000000000, 0.000000000000000000, 8.000000000000000000 ) ) ;
#119 = DIRECTION ( 'NONE',  ( 1.000000000000000000, 0.000000000000000000, 0.000000000000000000 ) ) ;
#120 = EDGE_CURVE ( 'NONE', #1142, #1000, #1130, .T. ) ;
#121 = EDGE_LOOP ( 'NONE', ( #965, #35 ) ) ;
#122 = AXIS2_PLACEMENT_3D ( 'NONE', #540, #1270, #1127 ) ;
#123 = ORIENTED_EDGE ( 'NONE', *, *, #675, .T. ) ;
#124 = CARTESIAN_POINT ( 'NONE',  ( -9.000000000000000000, 0.000000000000000000, 8.000000000000000000 ) ) ;
#125 = AXIS2_PLACEMENT_3D ( 'NONE', #526, #1839, #842 ) ;
#126 = AXIS2_PLACEMENT_3D ( 'NONE', #1198, #1476, #172 ) ;
#127 = AXIS2_PLACEMENT_3D ( 'NONE', #621, #173, #466 ) ;
#128 = DIRECTION ( 'NONE',  ( 0.000000000000000000, 0.000000000000000000, 1.000000000000000000 ) ) ;
#129 = DIRECTION ( 'NONE',  ( 0.000000000000000000, 0.000000000000000000, 1.000000000000000000 ) ) ;
#130 = VERTEX_POINT ( 'NONE', #509 ) ;
#131 = VERTEX_POINT ( 'NONE', #1266 ) ;
#132 = EDGE_CURVE ( 'NONE', #933, #68, #378, .T. ) ;
#133 = EDGE_LOOP ( 'NONE', ( #141, #330, #67, #1425 ) ) ;
#134 = DIRECTION ( 'NONE',  ( -0.000000000000000000, -0.000000000000000000, -1.000000000000000000 ) ) ;
#135 = PERSON_AND_ORGANIZATION_ROLE ( 'design_owner' ) ;
#136 = PLANE ( 'NONE',  #640 ) ;
#137 = CARTESIAN_POINT ( 'NONE',  ( 0.000000000000000000, -9.000000000000000000, 8.000000000000000000 ) ) ;
#138 = ORIENTED_EDGE ( 'NONE', *, *, #1553, .T. ) ;
#139 = ORIENTED_EDGE ( 'NONE', *, *, #675, .F. ) ;
#140 = EDGE_CURVE ( 'NONE', #1625, #221, #223, .T. ) ;
#141 = ORIENTED_EDGE ( 'NONE', *, *, #975, .F. ) ;
#142 = CARTESIAN_POINT ( 'NONE',  ( 0.000000000000000000, 0.000000000000000000, 8.000000000000000000 ) ) ;
#143 = CIRCLE ( 'NONE', #1791, 3.500000000000000000 ) ;
#144 = CARTESIAN_POINT ( 'NONE',  ( 28.69999999999999929, -11.50000000000000000, 8.000000000000000000 ) ) ;
#145 = CIRCLE ( 'NONE', #416, 3.500000000000000000 ) ;
#146 = LINE ( 'NONE', #739, #1255 ) ;
#147 = EDGE_LOOP ( 'NONE', ( #212, #613, #188, #1373 ) ) ;
#148 = ORIENTED_EDGE ( 'NONE', *, *, #600, .T. ) ;
#149 = CARTESIAN_POINT ( 'NONE',  ( 0.000000000000000000, 7.000000000000000000, 8.000000000000000000 ) ) ;
#150 = CIRCLE ( 'NONE', #1702, 3.500000000000000000 ) ;
#151 = CARTESIAN_POINT ( 'NONE',  ( 0.000000000000000000, 0.000000000000000000, 0.000000000000000000 ) ) ;
#152 = DIRECTION ( 'NONE',  ( 1.000000000000000000, 0.000000000000000000, 0.000000000000000000 ) ) ;
#153 = EDGE_CURVE ( 'NONE', #433, #1007, #1612, .T. ) ;
#154 = CIRCLE ( 'NONE', #757, 3.500000000000000444 ) ;
#155 = DIRECTION ( 'NONE',  ( 1.000000000000000000, 0.000000000000000000, 0.000000000000000000 ) ) ;
#156 = VERTEX_POINT ( 'NONE', #972 ) ;
#157 = AXIS2_PLACEMENT_3D ( 'NONE', #151, #278, #1287 ) ;
#158 = AXIS2_PLACEMENT_3D ( 'NONE', #1805, #1486, #1467 ) ;
#159 = ORIENTED_EDGE ( 'NONE', *, *, #600, .F. ) ;
#160 = CARTESIAN_POINT ( 'NONE',  ( 28.69999999999999929, 11.50000000000000000, 4.000000000000000000 ) ) ;
#161 = DIRECTION ( 'NONE',  ( -0.000000000000000000, -0.000000000000000000, -1.000000000000000000 ) ) ;
#162 = CARTESIAN_POINT ( 'NONE',  ( 23.00000000000000000, 15.00000000000000000, 0.000000000000000000 ) ) ;
#163 = EDGE_CURVE ( 'NONE', #1371, #1374, #1433, .T. ) ;
#164 = DIRECTION ( 'NONE',  ( 1.000000000000000000, 0.000000000000000000, 0.000000000000000000 ) ) ;
#165 = EDGE_LOOP ( 'NONE', ( #1803, #874, #1018, #622 ) ) ;
#166 = CARTESIAN_POINT ( 'NONE',  ( 0.000000000000000000, 7.000000000000000000, 8.000000000000000000 ) ) ;
#167 = VERTEX_POINT ( 'NONE', #1812 ) ;
#168 = DIRECTION ( 'NONE',  ( 1.000000000000000000, 0.000000000000000000, 0.000000000000000000 ) ) ;
#169 = PERSON_AND_ORGANIZATION_ROLE ( 'design_supplier' ) ;
#170 = DIRECTION ( 'NONE',  ( 0.000000000000000000, 0.000000000000000000, 1.000000000000000000 ) ) ;
#171 = LINE ( 'NONE', #606, #63 ) ;
#172 = DIRECTION ( 'NONE',  ( -1.000000000000000000, 0.000000000000000000, 0.000000000000000000 ) ) ;
#173 = DIRECTION ( 'NONE',  ( 0.000000000000000000, 1.000000000000000000, 0.000000000000000000 ) ) ;
#174 = EDGE_CURVE ( 'NONE', #387, #1559, #1390, .T. ) ;
#175 = CIRCLE ( 'NONE', #1481, 16.00000000000000000 ) ;
#176 = VERTEX_POINT ( 'NONE', #220 ) ;
#177 = EDGE_CURVE ( 'NONE', #1598, #467, #1684, .T. ) ;
#178 = VERTEX_POINT ( 'NONE', #1382 ) ;
#179 = VERTEX_POINT ( 'NONE', #963 ) ;
#180 = DIRECTION ( 'NONE',  ( 1.000000000000000000, 0.000000000000000000, 0.000000000000000000 ) ) ;
#181 = APPROVAL_ROLE ( '' ) ;
#182 = AXIS2_PLACEMENT_3D ( 'NONE', #738, #1348, #769 ) ;
#183 = CARTESIAN_POINT ( 'NONE',  ( 6.125000000000000888, -3.388860427931490449, 6.000000000000000000 ) ) ;
#184 = LINE ( 'NONE', #1785, #1711 ) ;
#185 = FACE_OUTER_BOUND ( 'NONE', #644, .T. ) ;
#186 = CYLINDRICAL_SURFACE ( 'NONE', #1078, 1.700000000000000178 ) ;
#187 = CIRCLE ( 'NONE', #1705, 7.000000000000000000 ) ;
#188 = ORIENTED_EDGE ( 'NONE', *, *, #408, .T. ) ;
#189 = ORIENTED_EDGE ( 'NONE', *, *, #1054, .T. ) ;
#190 = ADVANCED_FACE ( 'NONE', ( #238 ), #811, .T. ) ;
#191 = AXIS2_PLACEMENT_3D ( 'NONE', #1551, #535, #1698 ) ;
#192 = ORIENTED_EDGE ( 'NONE', *, *, #117, .T. ) ;
#193 = COORDINATED_UNIVERSAL_TIME_OFFSET ( 6, 0, .BEHIND. ) ;
#194 = VECTOR ( 'NONE', #1531, 1000.000000000000000 ) ;
#195 = DIRECTION ( 'NONE',  ( 1.000000000000000000, 0.000000000000000000, 0.000000000000000000 ) ) ;
#196 = DIRECTION ( 'NONE',  ( 1.000000000000000000, 0.000000000000000000, 0.000000000000000000 ) ) ;
#197 = DIRECTION ( 'NONE',  ( 0.000000000000000000, 0.000000000000000000, 1.000000000000000000 ) ) ;
#198 = CARTESIAN_POINT ( 'NONE',  ( 23.00000000000000000, -15.00000000000000000, 4.000000000000000000 ) ) ;
#199 = ORIENTED_EDGE ( 'NONE', *, *, #1886, .T. ) ;
#200 = DIRECTION ( 'NONE',  ( 1.000000000000000000, 0.000000000000000000, 0.000000000000000000 ) ) ;
#201 = AXIS2_PLACEMENT_3D ( 'NONE', #1708, #568, #402 ) ;
#202 = ORIENTED_EDGE ( 'NONE', *, *, #1263, .F. ) ;
#203 = EDGE_CURVE ( 'NONE', #829, #1229, #279, .T. ) ;
#204 = DIRECTION ( 'NONE',  ( 0.000000000000000000, 0.000000000000000000, 1.000000000000000000 ) ) ;
#205 = DIRECTION ( 'NONE',  ( -0.000000000000000000, -0.000000000000000000, -1.000000000000000000 ) ) ;
#206 = FACE_BOUND ( 'NONE', #1793, .T. ) ;
#207 = CARTESIAN_POINT ( 'NONE',  ( 8.000000000000001776, 3.354101966249684708, 6.000000000000000000 ) ) ;
#208 = ORIENTED_EDGE ( 'NONE', *, *, #1535, .F. ) ;
#209 = VECTOR ( 'NONE', #1540, 1000.000000000000000 ) ;
#210 = ORIENTED_EDGE ( 'NONE', *, *, #575, .F. ) ;
#211 = ORIENTED_EDGE ( 'NONE', *, *, #1799, .T. ) ;
#212 = ORIENTED_EDGE ( 'NONE', *, *, #1825, .F. ) ;
#213 = PRODUCT_RELATED_PRODUCT_CATEGORY ( 'detail', '', ( #1572 ) ) ;
#214 = CARTESIAN_POINT ( 'NONE',  ( -3.500000000000000000, 9.000000000000000000, 8.000000000000000000 ) ) ;
#215 = DIRECTION ( 'NONE',  ( 0.000000000000000000, 0.000000000000000000, -1.000000000000000000 ) ) ;
#216 = EDGE_CURVE ( 'NONE', #297, #940, #371, .T. ) ;
#217 = DIRECTION ( 'NONE',  ( 0.000000000000000000, 0.000000000000000000, 1.000000000000000000 ) ) ;
#218 = VERTEX_POINT ( 'NONE', #1281 ) ;
#219 = CARTESIAN_POINT ( 'NONE',  ( 10.69999999999999929, 2.081899558550500033E-16, 8.000000000000000000 ) ) ;
#220 = CARTESIAN_POINT ( 'NONE',  ( 10.69999999999999929, 2.081899558550500033E-16, 0.000000000000000000 ) ) ;
#221 = VERTEX_POINT ( 'NONE', #1336 ) ;
#222 = ORIENTED_EDGE ( 'NONE', *, *, #1865, .T. ) ;
#223 = CIRCLE ( 'NONE', #848, 1.700000000000000178 ) ;
#224 = FACE_OUTER_BOUND ( 'NONE', #571, .T. ) ;
#225 = DIRECTION ( 'NONE',  ( -1.000000000000000000, 0.000000000000000000, 0.000000000000000000 ) ) ;
#226 = LINE ( 'NONE', #950, #194 ) ;
#227 = EDGE_CURVE ( 'NONE', #499, #459, #996, .T. ) ;
#228 = CARTESIAN_POINT ( 'NONE',  ( 0.000000000000000000, 0.000000000000000000, 4.000000000000000000 ) ) ;
#229 = CARTESIAN_POINT ( 'NONE',  ( 23.00000000000000000, 15.00000000000000000, 4.000000000000000000 ) ) ;
#230 = AXIS2_PLACEMENT_3D ( 'NONE', #142, #1752, #1172 ) ;
#231 = ADVANCED_FACE ( 'NONE', ( #543 ), #607, .T. ) ;
#232 = ORIENTED_EDGE ( 'NONE', *, *, #834, .F. ) ;
#233 = VERTEX_POINT ( 'NONE', #1568 ) ;
#234 = DIRECTION ( 'NONE',  ( 1.000000000000000000, 0.000000000000000000, 0.000000000000000000 ) ) ;
#235 = CARTESIAN_POINT ( 'NONE',  ( 23.00000000000000000, 15.00000000000000000, 4.000000000000000000 ) ) ;
#236 = CC_DESIGN_PERSON_AND_ORGANIZATION_ASSIGNMENT ( #1205, #1182, ( #576 ) ) ;
#237 = DIRECTION ( 'NONE',  ( -0.000000000000000000, -0.000000000000000000, -1.000000000000000000 ) ) ;
#238 = FACE_OUTER_BOUND ( 'NONE', #1392, .T. ) ;
#239 = AXIS2_PLACEMENT_3D ( 'NONE', #1457, #903, #152 ) ;
#240 = ORIENTED_EDGE ( 'NONE', *, *, #1643, .T. ) ;
#241 = ORIENTED_EDGE ( 'NONE', *, *, #1468, .F. ) ;
#242 = ADVANCED_FACE ( 'NONE', ( #271 ), #28, .F. ) ;
#243 = DIRECTION ( 'NONE',  ( -1.000000000000000000, 0.000000000000000000, 0.000000000000000000 ) ) ;
#244 = DIRECTION ( 'NONE',  ( -0.000000000000000000, -0.000000000000000000, -1.000000000000000000 ) ) ;
#245 = CIRCLE ( 'NONE', #1337, 1.700000000000000178 ) ;
#246 = DIRECTION ( 'NONE',  ( 0.000000000000000000, 0.000000000000000000, 1.000000000000000000 ) ) ;
#247 = DIRECTION ( 'NONE',  ( 1.000000000000000000, 0.000000000000000000, 0.000000000000000000 ) ) ;
#248 = VERTEX_POINT ( 'NONE', #705 ) ;
#249 = EDGE_LOOP ( 'NONE', ( #1046, #413, #805, #449 ) ) ;
#250 = CIRCLE ( 'NONE', #1556, 3.499999999999999556 ) ;
#251 = EDGE_CURVE ( 'NONE', #31, #1163, #1727, .T. ) ;
#252 = CARTESIAN_POINT ( 'NONE',  ( 0.000000000000000000, 0.000000000000000000, 0.000000000000000000 ) ) ;
#253 = CARTESIAN_POINT ( 'NONE',  ( 7.000000000000000000, 0.000000000000000000, 8.000000000000000000 ) ) ;
#254 = AXIS2_PLACEMENT_3D ( 'NONE', #1367, #484, #1619 ) ;
#255 = CARTESIAN_POINT ( 'NONE',  ( 0.000000000000000000, 0.000000000000000000, 8.000000000000000000 ) ) ;
#256 = CARTESIAN_POINT ( 'NONE',  ( 14.38749456993815734, 7.000000000000000000, 0.000000000000000000 ) ) ;
#257 = ORIENTED_EDGE ( 'NONE', *, *, #50, .F. ) ;
#258 = VECTOR ( 'NONE', #107, 1000.000000000000000 ) ;
#259 = PLANE ( 'NONE',  #1716 ) ;
#260 = EDGE_CURVE ( 'NONE', #680, #997, #427, .T. ) ;
#261 = PERSON_AND_ORGANIZATION ( #1347, #823 ) ;
#262 = EDGE_CURVE ( 'NONE', #44, #1516, #521, .T. ) ;
#263 = CARTESIAN_POINT ( 'NONE',  ( 58.00000000000000000, -11.50000000000000000, 8.000000000000000000 ) ) ;
#264 = CARTESIAN_POINT ( 'NONE',  ( 6.124999999999999112, -3.388860427931489561, 4.000000000000000000 ) ) ;
#265 = VERTEX_POINT ( 'NONE', #264 ) ;
#266 = CARTESIAN_POINT ( 'NONE',  ( 0.000000000000000000, -9.000000000000000000, 8.000000000000000000 ) ) ;
#267 = DIRECTION ( 'NONE',  ( 1.000000000000000000, 0.000000000000000000, 0.000000000000000000 ) ) ;
#268 = VECTOR ( 'NONE', #1615, 1000.000000000000000 ) ;
#269 = EDGE_CURVE ( 'NONE', #480, #233, #672, .T. ) ;
#270 = CARTESIAN_POINT ( 'NONE',  ( -3.500000000000000000, 9.000000000000000000, 8.000000000000000000 ) ) ;
#271 = FACE_OUTER_BOUND ( 'NONE', #497, .T. ) ;
#272 = ORIENTED_EDGE ( 'NONE', *, *, #720, .F. ) ;
#273 = AXIS2_PLACEMENT_3D ( 'NONE', #1165, #557, #728 ) ;
#274 = ORIENTED_EDGE ( 'NONE', *, *, #174, .T. ) ;
#275 = EDGE_LOOP ( 'NONE', ( #706, #974, #886, #1290 ) ) ;
#276 = DIRECTION ( 'NONE',  ( 0.000000000000000000, -0.000000000000000000, -1.000000000000000000 ) ) ;
#277 = VECTOR ( 'NONE', #550, 1000.000000000000000 ) ;
#278 = DIRECTION ( 'NONE',  ( 0.000000000000000000, 0.000000000000000000, 1.000000000000000000 ) ) ;
#279 = CIRCLE ( 'NONE', #34, 7.000000000000000000 ) ;
#280 = AXIS2_PLACEMENT_3D ( 'NONE', #17, #596, #1186 ) ;
#281 = CARTESIAN_POINT ( 'NONE',  ( 58.00000000000000000, 11.50000000000000000, 4.000000000000000000 ) ) ;
#282 = EDGE_CURVE ( 'NONE', #341, #1801, #283, .T. ) ;
#283 = LINE ( 'NONE', #1006, #1771 ) ;
#284 = EDGE_LOOP ( 'NONE', ( #1820, #1069 ) ) ;
#285 = ORIENTED_EDGE ( 'NONE', *, *, #641, .F. ) ;
#286 = ORIENTED_EDGE ( 'NONE', *, *, #260, .T. ) ;
#287 = FACE_BOUND ( 'NONE', #1110, .T. ) ;
#288 = DIRECTION ( 'NONE',  ( -0.000000000000000000, -0.000000000000000000, -1.000000000000000000 ) ) ;
#289 = LINE ( 'NONE', #1627, #1790 ) ;
#290 = CARTESIAN_POINT ( 'NONE',  ( -10.69999999999999929, 0.000000000000000000, 8.000000000000000000 ) ) ;
#291 = ORIENTED_EDGE ( 'NONE', *, *, #961, .F. ) ;
#292 = EDGE_CURVE ( 'NONE', #1780, #178, #1740, .T. ) ;
#293 = ORIENTED_EDGE ( 'NONE', *, *, #489, .T. ) ;
#294 = FACE_OUTER_BOUND ( 'NONE', #1100, .T. ) ;
#295 = FACE_OUTER_BOUND ( 'NONE', #723, .T. ) ;
#296 = CARTESIAN_POINT ( 'NONE',  ( 0.000000000000000000, 0.000000000000000000, 8.000000000000000000 ) ) ;
#297 = VERTEX_POINT ( 'NONE', #1585 ) ;
#298 = ORIENTED_EDGE ( 'NONE', *, *, #163, .T. ) ;
#299 = CARTESIAN_POINT ( 'NONE',  ( 1.699999999999999956, 9.000000000000000000, 0.000000000000000000 ) ) ;
#300 = EDGE_CURVE ( 'NONE', #130, #1283, #855, .T. ) ;
#301 = CARTESIAN_POINT ( 'NONE',  ( 3.354101966249684263, -8.000000000000000000, 4.000000000000000000 ) ) ;
#302 = VECTOR ( 'NONE', #910, 1000.000000000000000 ) ;
#303 = CARTESIAN_POINT ( 'NONE',  ( 4.000000000000000000, 4.898587196589412829E-16, 8.000000000000000000 ) ) ;
#304 = ORIENTED_EDGE ( 'NONE', *, *, #1750, .T. ) ;
#305 = APPROVAL_PERSON_ORGANIZATION ( #1484, #1090, #181 ) ;
#306 = EDGE_LOOP ( 'NONE', ( #446, #502, #1028, #1327 ) ) ;
#307 = ORIENTED_EDGE ( 'NONE', *, *, #417, .T. ) ;
#308 = CARTESIAN_POINT ( 'NONE',  ( 59.70000000000000284, 11.50000000000000000, 4.000000000000000000 ) ) ;
#309 = EDGE_CURVE ( 'NONE', #167, #54, #610, .T. ) ;
#310 = DIRECTION ( 'NONE',  ( 0.000000000000000000, 0.000000000000000000, 1.000000000000000000 ) ) ;
#311 = CARTESIAN_POINT ( 'NONE',  ( 59.70000000000000284, -11.50000000000000000, 4.000000000000000000 ) ) ;
#312 = VECTOR ( 'NONE', #556, 1000.000000000000000 ) ;
#313 = PLANE ( 'NONE',  #1597 ) ;
#314 = ADVANCED_FACE ( 'NONE', ( #714 ), #990, .T. ) ;
#315 = CARTESIAN_POINT ( 'NONE',  ( 27.00000000000000000, 11.50000000000000000, 4.000000000000000000 ) ) ;
#316 = VERTEX_POINT ( 'NONE', #1629 ) ;
#317 = CARTESIAN_POINT ( 'NONE',  ( -8.000000000000000000, 3.354101966249684263, 4.000000000000000000 ) ) ;
#318 = VERTEX_POINT ( 'NONE', #906 ) ;
#319 = CARTESIAN_POINT ( 'NONE',  ( 3.388860427931490449, 6.125000000000000888, 6.000000000000000000 ) ) ;
#320 = COORDINATED_UNIVERSAL_TIME_OFFSET ( 6, 0, .BEHIND. ) ;
#321 = DIRECTION ( 'NONE',  ( -0.000000000000000000, -0.000000000000000000, -1.000000000000000000 ) ) ;
#322 = CARTESIAN_POINT ( 'NONE',  ( -16.00000000000000000, 0.000000000000000000, 4.000000000000000000 ) ) ;
#323 = CIRCLE ( 'NONE', #239, 1.699999999999999956 ) ;
#324 = CARTESIAN_POINT ( 'NONE',  ( -3.500000000000000000, 7.000000000000000000, 8.000000000000000000 ) ) ;
#325 = CC_DESIGN_PERSON_AND_ORGANIZATION_ASSIGNMENT ( #616, #169, ( #1408 ) ) ;
#326 = CYLINDRICAL_SURFACE ( 'NONE', #373, 3.500000000000000000 ) ;
#327 = EDGE_CURVE ( 'NONE', #1883, #23, #1022, .T. ) ;
#328 = ORIENTED_EDGE ( 'NONE', *, *, #1680, .F. ) ;
#329 = LINE ( 'NONE', #784, #302 ) ;
#330 = ORIENTED_EDGE ( 'NONE', *, *, #1811, .T. ) ;
#331 = DIRECTION ( 'NONE',  ( 0.000000000000000000, 0.000000000000000000, 1.000000000000000000 ) ) ;
#332 = CARTESIAN_POINT ( 'NONE',  ( 25.30000000000000071, 11.50000000000000000, 8.000000000000000000 ) ) ;
#333 = DIRECTION ( 'NONE',  ( -0.000000000000000000, -0.000000000000000000, -1.000000000000000000 ) ) ;
#334 = CARTESIAN_POINT ( 'NONE',  ( 0.000000000000000000, 0.000000000000000000, 0.000000000000000000 ) ) ;
#335 = MANIFOLD_SOLID_BREP ( 'Printed_hub_M3_clearance_PCD18', #1688 ) ;
#336 = DIRECTION ( 'NONE',  ( -0.000000000000000000, -0.000000000000000000, -1.000000000000000000 ) ) ;
#337 = AXIS2_PLACEMENT_3D ( 'NONE', #1192, #802, #1389 ) ;
#338 = ORIENTED_EDGE ( 'NONE', *, *, #1369, .T. ) ;
#339 = EDGE_CURVE ( 'NONE', #837, #1283, #1265, .T. ) ;
#340 = CARTESIAN_POINT ( 'NONE',  ( 27.00000000000000000, 11.50000000000000000, 0.000000000000000000 ) ) ;
#341 = VERTEX_POINT ( 'NONE', #410 ) ;
#342 = CIRCLE ( 'NONE', #254, 1.699999999999999956 ) ;
#343 = DIRECTION ( 'NONE',  ( 1.000000000000000000, 0.000000000000000000, 0.000000000000000000 ) ) ;
#344 = DIRECTION ( 'NONE',  ( -0.000000000000000000, -0.000000000000000000, -1.000000000000000000 ) ) ;
#345 = DIRECTION ( 'NONE',  ( 1.000000000000000000, 0.000000000000000000, 0.000000000000000000 ) ) ;
#346 = CARTESIAN_POINT ( 'NONE',  ( 0.000000000000000000, -7.000000000000000000, 8.000000000000000000 ) ) ;
#347 = ORIENTED_EDGE ( 'NONE', *, *, #792, .T. ) ;
#348 = CARTESIAN_POINT ( 'NONE',  ( 9.000000000000000000, 0.000000000000000000, 4.000000000000000000 ) ) ;
#349 = VECTOR ( 'NONE', #927, 1000.000000000000000 ) ;
#350 = ORIENTED_EDGE ( 'NONE', *, *, #1178, .F. ) ;
#351 = EDGE_CURVE ( 'NONE', #1546, #358, #1845, .T. ) ;
#352 = LINE ( 'NONE', #1677, #1365 ) ;
#353 = FACE_OUTER_BOUND ( 'NONE', #1339, .T. ) ;
#354 = DIRECTION ( 'NONE',  ( 1.000000000000000000, 0.000000000000000000, 0.000000000000000000 ) ) ;
#355 = ORIENTED_EDGE ( 'NONE', *, *, #751, .T. ) ;
#356 = AXIS2_PLACEMENT_3D ( 'NONE', #1536, #76, #1821 ) ;
#357 = DIRECTION ( 'NONE',  ( -1.000000000000000000, -0.000000000000000000, -0.000000000000000000 ) ) ;
#358 = VERTEX_POINT ( 'NONE', #1041 ) ;
#359 = EDGE_LOOP ( 'NONE', ( #11, #210 ) ) ;
#360 = CYLINDRICAL_SURFACE ( 'NONE', #969, 3.500000000000000444 ) ;
#361 = ADVANCED_FACE ( 'NONE', ( #1620 ), #313, .F. ) ;
#362 = DIRECTION ( 'NONE',  ( -0.000000000000000000, -0.000000000000000000, -1.000000000000000000 ) ) ;
#363 = VECTOR ( 'NONE', #816, 1000.000000000000000 ) ;
#364 = DIRECTION ( 'NONE',  ( 1.000000000000000000, 0.000000000000000000, 0.000000000000000000 ) ) ;
#365 = VERTEX_POINT ( 'NONE', #628 ) ;
#366 = CARTESIAN_POINT ( 'NONE',  ( 23.00000000000000000, -15.00000000000000000, 0.000000000000000000 ) ) ;
#367 = DIRECTION ( 'NONE',  ( 0.000000000000000000, 0.000000000000000000, -1.000000000000000000 ) ) ;
#368 = ORIENTED_EDGE ( 'NONE', *, *, #555, .T. ) ;
#369 = ORIENTED_EDGE ( 'NONE', *, *, #1306, .T. ) ;
#370 = AXIS2_PLACEMENT_3D ( 'NONE', #348, #1505, #200 ) ;
#371 = CIRCLE ( 'NONE', #191, 1.700000000000000178 ) ;
#372 = DIRECTION ( 'NONE',  ( 0.000000000000000000, 0.000000000000000000, 1.000000000000000000 ) ) ;
#373 = AXIS2_PLACEMENT_3D ( 'NONE', #907, #336, #919 ) ;
#374 = DIRECTION ( 'NONE',  ( -0.000000000000000000, -0.000000000000000000, -1.000000000000000000 ) ) ;
#375 = ADVANCED_FACE ( 'NONE', ( #474 ), #494, .T. ) ;
#376 = ADVANCED_FACE ( 'NONE', ( #1639 ), #42, .T. ) ;
#377 = DIRECTION ( 'NONE',  ( 1.000000000000000000, 0.000000000000000000, 0.000000000000000000 ) ) ;
#378 = LINE ( 'NONE', #1662, #699 ) ;
#379 = ORIENTED_EDGE ( 'NONE', *, *, #100, .F. ) ;
#380 = ORIENTED_EDGE ( 'NONE', *, *, #1508, .T. ) ;
#381 = DIRECTION ( 'NONE',  ( 0.000000000000000000, 0.000000000000000000, -1.000000000000000000 ) ) ;
#382 = FACE_OUTER_BOUND ( 'NONE', #1728, .T. ) ;
#383 = CARTESIAN_POINT ( 'NONE',  ( 27.00000000000000000, 11.50000000000000000, 8.000000000000000000 ) ) ;
#384 = ADVANCED_FACE ( 'NONE', ( #620, #1209, #1501, #918, #1368, #206, #1786, #778, #1074, #185 ), #61, .F. ) ;
#385 = DIRECTION ( 'NONE',  ( 1.000000000000000000, 0.000000000000000000, 0.000000000000000000 ) ) ;
#386 = VECTOR ( 'NONE', #891, 1000.000000000000000 ) ;
#387 = VERTEX_POINT ( 'NONE', #770 ) ;
#388 = VECTOR ( 'NONE', #1473, 1000.000000000000000 ) ;
#389 = UNCERTAINTY_MEASURE_WITH_UNIT (LENGTH_MEASURE( 1.000000000000000082E-05 ), #425, 'distance_accuracy_value', 'NONE');
#390 = FACE_OUTER_BOUND ( 'NONE', #1730, .T. ) ;
#391 = LINE ( 'NONE', #1145, #1797 ) ;
#392 = AXIS2_PLACEMENT_3D ( 'NONE', #759, #453, #892 ) ;
#393 = CARTESIAN_POINT ( 'NONE',  ( 28.69999999999999929, -11.50000000000000000, 4.000000000000000000 ) ) ;
#394 = CARTESIAN_POINT ( 'NONE',  ( 0.000000000000000000, -7.000000000000000000, 0.000000000000000000 ) ) ;
#395 = EDGE_LOOP ( 'NONE', ( #857, #783, #304, #1815 ) ) ;
#396 = EDGE_CURVE ( 'NONE', #1010, #1299, #1659, .T. ) ;
#397 = CIRCLE ( 'NONE', #818, 1.700000000000000178 ) ;
#398 = DIRECTION ( 'NONE',  ( 1.000000000000000000, 0.000000000000000000, 0.000000000000000000 ) ) ;
#399 = DIRECTION ( 'NONE',  ( 0.000000000000000000, 0.000000000000000000, 1.000000000000000000 ) ) ;
#400 = AXIS2_PLACEMENT_3D ( 'NONE', #882, #1475, #1073 ) ;
#401 = DIRECTION ( 'NONE',  ( 1.000000000000000000, 0.000000000000000000, 0.000000000000000000 ) ) ;
#402 = DIRECTION ( 'NONE',  ( 1.000000000000000000, 0.000000000000000000, 0.000000000000000000 ) ) ;
#403 = ORIENTED_EDGE ( 'NONE', *, *, #1421, .F. ) ;
#404 = ORIENTED_EDGE ( 'NONE', *, *, #351, .F. ) ;
#405 = AXIS2_PLACEMENT_3D ( 'NONE', #266, #1721, #243 ) ;
#406 = DIRECTION ( 'NONE',  ( 1.000000000000000000, 0.000000000000000000, 0.000000000000000000 ) ) ;
#407 = CARTESIAN_POINT ( 'NONE',  ( 0.000000000000000000, 9.000000000000000000, 4.000000000000000000 ) ) ;
#408 = EDGE_CURVE ( 'NONE', #655, #752, #1796, .T. ) ;
#409 = FACE_OUTER_BOUND ( 'NONE', #1671, .T. ) ;
#410 = CARTESIAN_POINT ( 'NONE',  ( 62.00000000000000000, 15.00000000000000000, 4.000000000000000000 ) ) ;
#411 = VERTEX_POINT ( 'NONE', #98 ) ;
#412 = EDGE_LOOP ( 'NONE', ( #291, #350, #1523, #785 ) ) ;
#413 = ORIENTED_EDGE ( 'NONE', *, *, #1019, .T. ) ;
#414 = CARTESIAN_POINT ( 'NONE',  ( 9.000000000000000000, 0.000000000000000000, 0.000000000000000000 ) ) ;
#415 = DIRECTION ( 'NONE',  ( -0.000000000000000000, -0.000000000000000000, -1.000000000000000000 ) ) ;
#416 = AXIS2_PLACEMENT_3D ( 'NONE', #1083, #1216, #234 ) ;
#417 = EDGE_CURVE ( 'NONE', #221, #1625, #1174, .T. ) ;
#418 = DIRECTION ( 'NONE',  ( 0.000000000000000000, 0.000000000000000000, 1.000000000000000000 ) ) ;
#419 = CARTESIAN_POINT ( 'NONE',  ( -6.125000000000000888, -3.388860427931490449, 6.000000000000000000 ) ) ;
#420 = ORIENTED_EDGE ( 'NONE', *, *, #327, .F. ) ;
#421 = VECTOR ( 'NONE', #1851, 1000.000000000000000 ) ;
#422 = VERTEX_POINT ( 'NONE', #1252 ) ;
#423 = ORIENTED_EDGE ( 'NONE', *, *, #1207, .T. ) ;
#424 = DIRECTION ( 'NONE',  ( 0.000000000000000000, 1.000000000000000000, 0.000000000000000000 ) ) ;
#425 =( LENGTH_UNIT ( ) NAMED_UNIT ( * ) SI_UNIT ( .MILLI., .METRE. ) );
#426 = CYLINDRICAL_SURFACE ( 'NONE', #809, 1.699999999999999956 ) ;
#427 = CIRCLE ( 'NONE', #852, 3.500000000000000000 ) ;
#428 = AXIS2_PLACEMENT_3D ( 'NONE', #1085, #1378, #650 ) ;
#429 = DIRECTION ( 'NONE',  ( -0.000000000000000000, -0.000000000000000000, -1.000000000000000000 ) ) ;
#430 = ADVANCED_FACE ( 'NONE', ( #539 ), #1570, .T. ) ;
#431 = EDGE_LOOP ( 'NONE', ( #1097, #1242, #1506, #6, #380, #1604, #1781, #368, #1482 ) ) ;
#432 = ORIENTED_EDGE ( 'NONE', *, *, #1254, .F. ) ;
#433 = VERTEX_POINT ( 'NONE', #815 ) ;
#434 = DIRECTION ( 'NONE',  ( -0.000000000000000000, -0.000000000000000000, -1.000000000000000000 ) ) ;
#435 = CYLINDRICAL_SURFACE ( 'NONE', #1623, 1.700000000000000178 ) ;
#436 = AXIS2_PLACEMENT_3D ( 'NONE', #1159, #1766, #454 ) ;
#437 = DIRECTION ( 'NONE',  ( 0.000000000000000000, 1.000000000000000000, 0.000000000000000000 ) ) ;
#438 = ORIENTED_EDGE ( 'NONE', *, *, #566, .T. ) ;
#439 = ADVANCED_FACE ( 'NONE', ( #992 ), #91, .F. ) ;
#440 = VERTEX_POINT ( 'NONE', #1548 ) ;
#441 = DIRECTION ( 'NONE',  ( -0.000000000000000000, -0.000000000000000000, -1.000000000000000000 ) ) ;
#442 = DATE_AND_TIME ( #603, #1077 ) ;
#443 = DIRECTION ( 'NONE',  ( 1.000000000000000000, 0.000000000000000000, 0.000000000000000000 ) ) ;
#444 = CIRCLE ( 'NONE', #1272, 3.500000000000000000 ) ;
#445 = CARTESIAN_POINT ( 'NONE',  ( -9.000000000000000000, 0.000000000000000000, 8.000000000000000000 ) ) ;
#446 = ORIENTED_EDGE ( 'NONE', *, *, #478, .F. ) ;
#447 = ORIENTED_EDGE ( 'NONE', *, *, #1605, .T. ) ;
#448 = ADVANCED_FACE ( 'NONE', ( #1703 ), #1411, .F. ) ;
#449 = ORIENTED_EDGE ( 'NONE', *, *, #489, .F. ) ;
#450 = DIRECTION ( 'NONE',  ( 0.000000000000000000, 0.000000000000000000, 1.000000000000000000 ) ) ;
#451 = EDGE_CURVE ( 'NONE', #1676, #316, #501, .T. ) ;
#452 = FACE_OUTER_BOUND ( 'NONE', #1201, .T. ) ;
#453 = DIRECTION ( 'NONE',  ( 0.000000000000000000, 0.000000000000000000, 1.000000000000000000 ) ) ;
#454 = DIRECTION ( 'NONE',  ( 1.000000000000000000, 0.000000000000000000, 0.000000000000000000 ) ) ;
#455 = AXIS2_PLACEMENT_3D ( 'NONE', #828, #1416, #654 ) ;
#456 = FACE_BOUND ( 'NONE', #488, .T. ) ;
#457 = EDGE_LOOP ( 'NONE', ( #241, #1212, #1150, #80 ) ) ;
#458 = CYLINDRICAL_SURFACE ( 'NONE', #859, 1.700000000000000178 ) ;
#459 = VERTEX_POINT ( 'NONE', #531 ) ;
#460 = DIRECTION ( 'NONE',  ( 0.000000000000000000, 0.000000000000000000, -1.000000000000000000 ) ) ;
#461 = CALENDAR_DATE ( 2026, 28, 9 ) ;
#462 = CARTESIAN_POINT ( 'NONE',  ( 27.00000000000000000, -11.50000000000000000, 4.000000000000000000 ) ) ;
#463 = EDGE_CURVE ( 'NONE', #113, #467, #735, .T. ) ;
#464 = CARTESIAN_POINT ( 'NONE',  ( 23.00000000000000000, 7.000000000000000000, 0.000000000000000000 ) ) ;
#465 = DIRECTION ( 'NONE',  ( 1.000000000000000000, 0.000000000000000000, 0.000000000000000000 ) ) ;
#466 = DIRECTION ( 'NONE',  ( 0.000000000000000000, -0.000000000000000000, 1.000000000000000000 ) ) ;
#467 = VERTEX_POINT ( 'NONE', #114 ) ;
#468 = ORIENTED_EDGE ( 'NONE', *, *, #844, .F. ) ;
#469 = ORIENTED_EDGE ( 'NONE', *, *, #396, .F. ) ;
#470 = CYLINDRICAL_SURFACE ( 'NONE', #1247, 1.699999999999999956 ) ;
#471 = DIRECTION ( 'NONE',  ( -1.000000000000000000, -0.000000000000000000, -0.000000000000000000 ) ) ;
#472 = CARTESIAN_POINT ( 'NONE',  ( 23.00000000000000000, -15.00000000000000000, 0.000000000000000000 ) ) ;
#473 = CIRCLE ( 'NONE', #900, 1.700000000000000178 ) ;
#474 = FACE_OUTER_BOUND ( 'NONE', #1685, .T. ) ;
#475 = ADVANCED_FACE ( 'NONE', ( #390 ), #1694, .T. ) ;
#476 = LINE ( 'NONE', #1064, #921 ) ;
#477 = ORIENTED_EDGE ( 'NONE', *, *, #153, .F. ) ;
#478 = EDGE_CURVE ( 'NONE', #218, #1841, #690, .T. ) ;
#479 = ORIENTED_EDGE ( 'NONE', *, *, #677, .T. ) ;
#480 = VERTEX_POINT ( 'NONE', #1858 ) ;
#481 = COORDINATED_UNIVERSAL_TIME_OFFSET ( 6, 0, .BEHIND. ) ;
#482 = AXIS2_PLACEMENT_3D ( 'NONE', #1002, #1154, #1419 ) ;
#483 = DIRECTION ( 'NONE',  ( 1.000000000000000000, 0.000000000000000000, 0.000000000000000000 ) ) ;
#484 = DIRECTION ( 'NONE',  ( 0.000000000000000000, 0.000000000000000000, 1.000000000000000000 ) ) ;
#485 = DIRECTION ( 'NONE',  ( -0.000000000000000000, -0.000000000000000000, -1.000000000000000000 ) ) ;
#486 = CARTESIAN_POINT ( 'NONE',  ( 4.000000000000000000, 4.898587196589412829E-16, 8.000000000000000000 ) ) ;
#487 = CIRCLE ( 'NONE', #727, 1.700000000000000178 ) ;
#488 = EDGE_LOOP ( 'NONE', ( #369, #1661 ) ) ;
#489 = EDGE_CURVE ( 'NONE', #433, #822, #824, .T. ) ;
#490 = ORIENTED_EDGE ( 'NONE', *, *, #1243, .F. ) ;
#491 = VERTEX_POINT ( 'NONE', #1144 ) ;
#492 = DIRECTION ( 'NONE',  ( 0.000000000000000000, 0.000000000000000000, -1.000000000000000000 ) ) ;
#493 = FACE_OUTER_BOUND ( 'NONE', #614, .T. ) ;
#494 = CYLINDRICAL_SURFACE ( 'NONE', #530, 3.500000000000000000 ) ;
#495 = AXIS2_PLACEMENT_3D ( 'NONE', #414, #1001, #976 ) ;
#496 = DIRECTION ( 'NONE',  ( 0.000000000000000000, 0.000000000000000000, 1.000000000000000000 ) ) ;
#497 = EDGE_LOOP ( 'NONE', ( #1380, #1591, #192, #1056 ) ) ;
#498 = DIRECTION ( 'NONE',  ( 0.000000000000000000, -1.000000000000000000, 0.000000000000000000 ) ) ;
#499 = VERTEX_POINT ( 'NONE', #522 ) ;
#500 = EDGE_CURVE ( 'NONE', #1391, #651, #1139, .T. ) ;
#501 = CIRCLE ( 'NONE', #1813, 1.700000000000000178 ) ;
#502 = ORIENTED_EDGE ( 'NONE', *, *, #1315, .T. ) ;
#503 = CARTESIAN_POINT ( 'NONE',  ( 3.388860427931490005, -6.125000000000000888, 8.000000000000000000 ) ) ;
#504 = FACE_OUTER_BOUND ( 'NONE', #1595, .T. ) ;
#505 = CARTESIAN_POINT ( 'NONE',  ( 0.000000000000000000, -7.000000000000000000, 4.000000000000000000 ) ) ;
#506 = ORIENTED_EDGE ( 'NONE', *, *, #1878, .T. ) ;
#507 = DIRECTION ( 'NONE',  ( 0.000000000000000000, 0.000000000000000000, 1.000000000000000000 ) ) ;
#508 = AXIS2_PLACEMENT_3D ( 'NONE', #602, #36, #1753 ) ;
#509 = CARTESIAN_POINT ( 'NONE',  ( -3.500000000000000000, 7.000000000000000000, 8.000000000000000000 ) ) ;
#510 = ORIENTED_EDGE ( 'NONE', *, *, #975, .T. ) ;
#511 = EDGE_CURVE ( 'NONE', #96, #265, #1318, .T. ) ;
#512 = CARTESIAN_POINT ( 'NONE',  ( -7.000000000000000000, 0.000000000000000000, 8.000000000000000000 ) ) ;
#513 = DIRECTION ( 'NONE',  ( 1.000000000000000000, 0.000000000000000000, 0.000000000000000000 ) ) ;
#514 = EDGE_CURVE ( 'NONE', #131, #176, #79, .T. ) ;
#515 = CIRCLE ( 'NONE', #392, 3.500000000000000000 ) ;
#516 = AXIS2_PLACEMENT_3D ( 'NONE', #281, #1297, #155 ) ;
#517 = DIRECTION ( 'NONE',  ( 1.000000000000000000, 0.000000000000000000, 0.000000000000000000 ) ) ;
#518 = DIRECTION ( 'NONE',  ( 1.000000000000000000, 0.000000000000000000, 0.000000000000000000 ) ) ;
#519 = EDGE_LOOP ( 'NONE', ( #1614, #772 ) ) ;
#520 = EDGE_LOOP ( 'NONE', ( #1087, #982, #973, #733 ) ) ;
#521 = CIRCLE ( 'NONE', #701, 1.699999999999999956 ) ;
#522 = CARTESIAN_POINT ( 'NONE',  ( -6.125000000000000000, -3.388860427931489561, 4.000000000000000000 ) ) ;
#523 = CIRCLE ( 'NONE', #853, 4.000000000000000000 ) ;
#524 = CARTESIAN_POINT ( 'NONE',  ( -7.000000000000000000, 0.000000000000000000, 4.000000000000000000 ) ) ;
#525 = ADVANCED_FACE ( 'NONE', ( #1554 ), #1269, .F. ) ;
#526 = CARTESIAN_POINT ( 'NONE',  ( 0.000000000000000000, 0.000000000000000000, 8.000000000000000000 ) ) ;
#527 = CARTESIAN_POINT ( 'NONE',  ( 0.000000000000000000, 7.000000000000000000, 0.000000000000000000 ) ) ;
#528 = ORIENTED_EDGE ( 'NONE', *, *, #1328, .F. ) ;
#529 = ORIENTED_EDGE ( 'NONE', *, *, #923, .T. ) ;
#530 = AXIS2_PLACEMENT_3D ( 'NONE', #52, #1227, #1807 ) ;
#531 = CARTESIAN_POINT ( 'NONE',  ( -6.125000000000000888, -3.388860427931490005, 8.000000000000000000 ) ) ;
#532 = DIRECTION ( 'NONE',  ( -0.000000000000000000, -0.000000000000000000, -1.000000000000000000 ) ) ;
#533 = ADVANCED_FACE ( 'NONE', ( #1850 ), #259, .F. ) ;
#534 = DIRECTION ( 'NONE',  ( 1.000000000000000000, 0.000000000000000000, 0.000000000000000000 ) ) ;
#535 = DIRECTION ( 'NONE',  ( 0.000000000000000000, 0.000000000000000000, 1.000000000000000000 ) ) ;
#536 = ORIENTED_EDGE ( 'NONE', *, *, #500, .T. ) ;
#537 = ORIENTED_EDGE ( 'NONE', *, *, #729, .T. ) ;
#538 = CIRCLE ( 'NONE', #1330, 1.699999999999999956 ) ;
#539 = FACE_OUTER_BOUND ( 'NONE', #1372, .T. ) ;
#540 = CARTESIAN_POINT ( 'NONE',  ( 0.000000000000000000, 9.000000000000000000, 4.000000000000000000 ) ) ;
#541 = APPROVAL ( #691, 'UNSPECIFIED' ) ;
#542 = CARTESIAN_POINT ( 'NONE',  ( 6.124999999999999112, -3.388860427931489561, 8.000000000000000000 ) ) ;
#543 = FACE_OUTER_BOUND ( 'NONE', #1424, .T. ) ;
#544 = ORIENTED_EDGE ( 'NONE', *, *, #1867, .F. ) ;
#545 = ORIENTED_EDGE ( 'NONE', *, *, #1787, .F. ) ;
#546 = ADVANCED_FACE ( 'NONE', ( #850, #287, #1446, #1439, #1153, #1884 ), #726, .T. ) ;
#547 = CIRCLE ( 'NONE', #370, 3.499999999999999556 ) ;
#548 = DIRECTION ( 'NONE',  ( 1.000000000000000000, 0.000000000000000000, 0.000000000000000000 ) ) ;
#549 = CARTESIAN_POINT ( 'NONE',  ( 23.00000000000000000, -15.00000000000000000, 4.000000000000000000 ) ) ;
#550 = DIRECTION ( 'NONE',  ( 0.000000000000000000, 0.000000000000000000, -1.000000000000000000 ) ) ;
#551 = DIRECTION ( 'NONE',  ( -0.000000000000000000, -0.000000000000000000, -1.000000000000000000 ) ) ;
#552 = EDGE_LOOP ( 'NONE', ( #1664, #19 ) ) ;
#553 = ORIENTED_EDGE ( 'NONE', *, *, #1491, .T. ) ;
#554 = AXIS2_PLACEMENT_3D ( 'NONE', #1164, #434, #1743 ) ;
#555 = EDGE_CURVE ( 'NONE', #31, #341, #1021, .T. ) ;
#556 = DIRECTION ( 'NONE',  ( 0.000000000000000000, 0.000000000000000000, 1.000000000000000000 ) ) ;
#557 = DIRECTION ( 'NONE',  ( 0.000000000000000000, 0.000000000000000000, 1.000000000000000000 ) ) ;
#558 = DIRECTION ( 'NONE',  ( 1.000000000000000000, 0.000000000000000000, -0.000000000000000000 ) ) ;
#559 = DIRECTION ( 'NONE',  ( 0.000000000000000000, 0.000000000000000000, 1.000000000000000000 ) ) ;
#560 = ORIENTED_EDGE ( 'NONE', *, *, #781, .T. ) ;
#561 = ORIENTED_EDGE ( 'NONE', *, *, #1359, .F. ) ;
#562 = AXIS2_PLACEMENT_3D ( 'NONE', #149, #1294, #7 ) ;
#563 = ORIENTED_EDGE ( 'NONE', *, *, #88, .F. ) ;
#564 = CARTESIAN_POINT ( 'NONE',  ( 62.00000000000000000, -15.00000000000000000, 4.000000000000000000 ) ) ;
#565 = DIRECTION ( 'NONE',  ( 0.000000000000000000, 1.000000000000000000, 0.000000000000000000 ) ) ;
#566 = EDGE_CURVE ( 'NONE', #1857, #23, #861, .T. ) ;
#567 = DIRECTION ( 'NONE',  ( 1.000000000000000000, 0.000000000000000000, 0.000000000000000000 ) ) ;
#568 = DIRECTION ( 'NONE',  ( 0.000000000000000000, 0.000000000000000000, 1.000000000000000000 ) ) ;
#569 = EDGE_LOOP ( 'NONE', ( #1864, #1343, #272, #553 ) ) ;
#570 = VERTEX_POINT ( 'NONE', #572 ) ;
#571 = EDGE_LOOP ( 'NONE', ( #708, #1143, #1663, #307 ) ) ;
#572 = CARTESIAN_POINT ( 'NONE',  ( -12.49999999999999822, 0.000000000000000000, 4.000000000000000000 ) ) ;
#573 = AXIS2_PLACEMENT_3D ( 'NONE', #255, #246, #377 ) ;
#574 = DIRECTION ( 'NONE',  ( -0.000000000000000000, -0.000000000000000000, -1.000000000000000000 ) ) ;
#575 = EDGE_CURVE ( 'NONE', #440, #1133, #800, .T. ) ;
#576 = SECURITY_CLASSIFICATION ( '', '', #1333 ) ;
#577 = CIRCLE ( 'NONE', #1313, 1.699999999999999956 ) ;
#578 = PLANE ( 'NONE',  #1310 ) ;
#579 = EDGE_LOOP ( 'NONE', ( #698, #1089 ) ) ;
#580 = ORIENTED_EDGE ( 'NONE', *, *, #260, .F. ) ;
#581 = DIRECTION ( 'NONE',  ( -0.000000000000000000, -0.000000000000000000, -1.000000000000000000 ) ) ;
#582 =( NAMED_UNIT ( * ) SI_UNIT ( $, .STERADIAN. ) SOLID_ANGLE_UNIT ( ) );
#583 = APPROVAL_DATE_TIME ( #1507, #1113 ) ;
#584 = CARTESIAN_POINT ( 'NONE',  ( 1.699999999999999956, -9.000000000000000000, 8.000000000000000000 ) ) ;
#585 = AXIS2_PLACEMENT_3D ( 'NONE', #1403, #966, #1111 ) ;
#586 = CARTESIAN_POINT ( 'NONE',  ( 8.000000000000001776, 3.354101966249684708, 8.000000000000000000 ) ) ;
#587 = ADVANCED_FACE ( 'NONE', ( #711 ), #1302, .T. ) ;
#588 = ORIENTED_EDGE ( 'NONE', *, *, #163, .F. ) ;
#589 = ADVANCED_FACE ( 'NONE', ( #294 ), #1011, .T. ) ;
#590 = ORIENTED_EDGE ( 'NONE', *, *, #174, .F. ) ;
#591 = CARTESIAN_POINT ( 'NONE',  ( 23.00000000000000000, 15.00000000000000000, 4.000000000000000000 ) ) ;
#592 = DATE_AND_TIME ( #1030, #1709 ) ;
#593 = LINE ( 'NONE', #144, #1147 ) ;
#594 = CIRCLE ( 'NONE', #1121, 7.000000000000000000 ) ;
#595 = CARTESIAN_POINT ( 'NONE',  ( 14.38749456993815734, 7.000000000000000000, 4.000000000000000000 ) ) ;
#596 = DIRECTION ( 'NONE',  ( 0.000000000000000000, 0.000000000000000000, 1.000000000000000000 ) ) ;
#597 = ORIENTED_EDGE ( 'NONE', *, *, #1508, .F. ) ;
#598 = ORIENTED_EDGE ( 'NONE', *, *, #897, .T. ) ;
#599 = AXIS2_PLACEMENT_3D ( 'NONE', #788, #244, #1262 ) ;
#600 = EDGE_CURVE ( 'NONE', #1494, #130, #1633, .T. ) ;
#601 = VERTEX_POINT ( 'NONE', #1876 ) ;
#602 = CARTESIAN_POINT ( 'NONE',  ( 0.000000000000000000, 9.000000000000000000, 8.000000000000000000 ) ) ;
#603 = CALENDAR_DATE ( 2026, 28, 9 ) ;
#604 = CIRCLE ( 'NONE', #1071, 3.500000000000000000 ) ;
#605 = CARTESIAN_POINT ( 'NONE',  ( 0.000000000000000000, 9.000000000000000000, 4.000000000000000000 ) ) ;
#606 = CARTESIAN_POINT ( 'NONE',  ( 28.69999999999999929, 11.50000000000000000, 8.000000000000000000 ) ) ;
#607 = CYLINDRICAL_SURFACE ( 'NONE', #1436, 3.499999999999999556 ) ;
#608 = AXIS2_PLACEMENT_3D ( 'NONE', #229, #498, #1249 ) ;
#609 = DIRECTION ( 'NONE',  ( 1.000000000000000000, 0.000000000000000000, 0.000000000000000000 ) ) ;
#610 = CIRCLE ( 'NONE', #1681, 3.500000000000000000 ) ;
#611 = ORIENTED_EDGE ( 'NONE', *, *, #909, .F. ) ;
#612 = AXIS2_PLACEMENT_3D ( 'NONE', #346, #1489, #43 ) ;
#613 = ORIENTED_EDGE ( 'NONE', *, *, #1114, .F. ) ;
#614 = EDGE_LOOP ( 'NONE', ( #896, #1355, #123, #104 ) ) ;
#615 = LINE ( 'NONE', #1761, #746 ) ;
#616 = PERSON_AND_ORGANIZATION ( #1347, #823 ) ;
#617 = EDGE_CURVE ( 'NONE', #1066, #1720, #1731, .T. ) ;
#618 = DIRECTION ( 'NONE',  ( 0.000000000000000000, 0.000000000000000000, -1.000000000000000000 ) ) ;
#619 = LINE ( 'NONE', #747, #101 ) ;
#620 = FACE_BOUND ( 'NONE', #642, .T. ) ;
#621 = CARTESIAN_POINT ( 'NONE',  ( 0.000000000000000000, -7.000000000000000000, 4.000000000000000000 ) ) ;
#622 = ORIENTED_EDGE ( 'NONE', *, *, #463, .T. ) ;
#623 = DIRECTION ( 'NONE',  ( -0.000000000000000000, -0.000000000000000000, -1.000000000000000000 ) ) ;
#624 = ORIENTED_EDGE ( 'NONE', *, *, #203, .T. ) ;
#625 = CC_DESIGN_PERSON_AND_ORGANIZATION_ASSIGNMENT ( #1733, #862, ( #970 ) ) ;
#626 = DIRECTION ( 'NONE',  ( 0.000000000000000000, 0.000000000000000000, 1.000000000000000000 ) ) ;
#627 = CYLINDRICAL_SURFACE ( 'NONE', #1251, 1.700000000000000178 ) ;
#628 = CARTESIAN_POINT ( 'NONE',  ( 23.00000000000000000, -7.000000000000000000, 4.000000000000000000 ) ) ;
#629 = VECTOR ( 'NONE', #441, 1000.000000000000000 ) ;
#630 = ADVANCED_FACE ( 'NONE', ( #452 ), #426, .F. ) ;
#631 = DIRECTION ( 'NONE',  ( 0.000000000000000000, 0.000000000000000000, 1.000000000000000000 ) ) ;
#632 = VERTEX_POINT ( 'NONE', #1754 ) ;
#633 = CARTESIAN_POINT ( 'NONE',  ( 0.000000000000000000, 0.000000000000000000, 4.000000000000000000 ) ) ;
#634 = ORIENTED_EDGE ( 'NONE', *, *, #339, .F. ) ;
#635 = AXIS2_PLACEMENT_3D ( 'NONE', #667, #1678, #1541 ) ;
#636 = CARTESIAN_POINT ( 'NONE',  ( -7.000000000000000000, 0.000000000000000000, 8.000000000000000000 ) ) ;
#637 = CARTESIAN_POINT ( 'NONE',  ( 0.000000000000000000, -9.000000000000000000, 4.000000000000000000 ) ) ;
#638 = DIRECTION ( 'NONE',  ( 1.000000000000000000, 0.000000000000000000, 0.000000000000000000 ) ) ;
#639 = CARTESIAN_POINT ( 'NONE',  ( 0.000000000000000000, 0.000000000000000000, 8.000000000000000000 ) ) ;
#640 = AXIS2_PLACEMENT_3D ( 'NONE', #1005, #1148, #1871 ) ;
#641 = EDGE_CURVE ( 'NONE', #1222, #248, #473, .T. ) ;
#642 = EDGE_LOOP ( 'NONE', ( #1180, #1311 ) ) ;
#643 = EDGE_LOOP ( 'NONE', ( #1383, #1067, #1081, #951 ) ) ;
#644 = EDGE_LOOP ( 'NONE', ( #379, #1881, #328, #1435, #87, #1772, #590, #1260, #1606 ) ) ;
#645 = ORIENTED_EDGE ( 'NONE', *, *, #1583, .F. ) ;
#646 = VECTOR ( 'NONE', #928, 1000.000000000000000 ) ;
#647 = CARTESIAN_POINT ( 'NONE',  ( 25.30000000000000071, -11.50000000000000000, 8.000000000000000000 ) ) ;
#648 = LINE ( 'NONE', #684, #944 ) ;
#649 = AXIS2_PLACEMENT_3D ( 'NONE', #1562, #683, #548 ) ;
#650 = DIRECTION ( 'NONE',  ( 1.000000000000000000, 0.000000000000000000, 0.000000000000000000 ) ) ;
#651 = VERTEX_POINT ( 'NONE', #301 ) ;
#652 = EDGE_CURVE ( 'NONE', #1000, #1142, #323, .T. ) ;
#653 = LINE ( 'NONE', #366, #1666 ) ;
#654 = DIRECTION ( 'NONE',  ( 1.000000000000000000, 0.000000000000000000, 0.000000000000000000 ) ) ;
#655 = VERTEX_POINT ( 'NONE', #40 ) ;
#656 = ORIENTED_EDGE ( 'NONE', *, *, #767, .F. ) ;
#657 = EDGE_CURVE ( 'NONE', #1438, #1719, #1394, .T. ) ;
#658 = CARTESIAN_POINT ( 'NONE',  ( 23.00000000000000000, 7.000000000000000000, 4.000000000000000000 ) ) ;
#659 = DIRECTION ( 'NONE',  ( 1.000000000000000000, 0.000000000000000000, 0.000000000000000000 ) ) ;
#660 = DIRECTION ( 'NONE',  ( -1.000000000000000000, 0.000000000000000000, 0.000000000000000000 ) ) ;
#661 = CIRCLE ( 'NONE', #1518, 3.500000000000000000 ) ;
#662 = CARTESIAN_POINT ( 'NONE',  ( -9.000000000000000000, 0.000000000000000000, 0.000000000000000000 ) ) ;
#663 = ORIENTED_EDGE ( 'NONE', *, *, #282, .F. ) ;
#664 = ORIENTED_EDGE ( 'NONE', *, *, #262, .F. ) ;
#665 = ADVANCED_FACE ( 'NONE', ( #295 ), #745, .F. ) ;
#666 = CARTESIAN_POINT ( 'NONE',  ( 0.000000000000000000, -9.000000000000000000, 8.000000000000000000 ) ) ;
#667 = CARTESIAN_POINT ( 'NONE',  ( 0.000000000000000000, -9.000000000000000000, 8.000000000000000000 ) ) ;
#668 = VECTOR ( 'NONE', #437, 1000.000000000000000 ) ;
#669 = PLANE ( 'NONE',  #1645 ) ;
#670 = DIRECTION ( 'NONE',  ( 0.000000000000000000, 0.000000000000000000, 1.000000000000000000 ) ) ;
#671 = ORIENTED_EDGE ( 'NONE', *, *, #1750, .F. ) ;
#672 = CIRCLE ( 'NONE', #1500, 4.000000000000000000 ) ;
#673 = DIRECTION ( 'NONE',  ( -1.000000000000000000, 0.000000000000000000, 0.000000000000000000 ) ) ;
#674 = AXIS2_PLACEMENT_3D ( 'NONE', #801, #1387, #84 ) ;
#675 = EDGE_CURVE ( 'NONE', #1229, #265, #1887, .T. ) ;
#676 = CYLINDRICAL_SURFACE ( 'NONE', #1401, 3.499999999999999556 ) ;
#677 = EDGE_CURVE ( 'NONE', #44, #440, #1448, .T. ) ;
#678 = LINE ( 'NONE', #1847, #1582 ) ;
#679 = DIRECTION ( 'NONE',  ( 1.000000000000000000, 0.000000000000000000, 0.000000000000000000 ) ) ;
#680 = VERTEX_POINT ( 'NONE', #15 ) ;
#681 = ORIENTED_EDGE ( 'NONE', *, *, #617, .T. ) ;
#682 = AXIS2_PLACEMENT_3D ( 'NONE', #334, #197, #760 ) ;
#683 = DIRECTION ( 'NONE',  ( 0.000000000000000000, 0.000000000000000000, 1.000000000000000000 ) ) ;
#684 = CARTESIAN_POINT ( 'NONE',  ( -12.49999999999999822, 0.000000000000000000, 8.000000000000000000 ) ) ;
#685 = EDGE_CURVE ( 'NONE', #491, #54, #1156, .T. ) ;
#686 = CARTESIAN_POINT ( 'NONE',  ( 0.000000000000000000, -9.000000000000000000, 8.000000000000000000 ) ) ;
#687 = DIRECTION ( 'NONE',  ( -0.000000000000000000, -0.000000000000000000, -1.000000000000000000 ) ) ;
#688 = ORIENTED_EDGE ( 'NONE', *, *, #881, .T. ) ;
#689 = AXIS2_PLACEMENT_3D ( 'NONE', #1366, #372, #59 ) ;
#690 = LINE ( 'NONE', #1126, #312 ) ;
#691 = APPROVAL_STATUS ( 'not_yet_approved' ) ;
#692 = CIRCLE ( 'NONE', #1185, 3.500000000000000000 ) ;
#693 = CARTESIAN_POINT ( 'NONE',  ( 0.000000000000000000, 9.000000000000000000, 8.000000000000000000 ) ) ;
#694 = EDGE_CURVE ( 'NONE', #1222, #1780, #593, .T. ) ;
#695 = CARTESIAN_POINT ( 'NONE',  ( 9.000000000000000000, 0.000000000000000000, 8.000000000000000000 ) ) ;
#696 = ORIENTED_EDGE ( 'NONE', *, *, #1495, .T. ) ;
#697 = CIRCLE ( 'NONE', #1405, 3.500000000000000000 ) ;
#698 = ORIENTED_EDGE ( 'NONE', *, *, #1543, .F. ) ;
#699 = VECTOR ( 'NONE', #367, 1000.000000000000000 ) ;
#700 = DIRECTION ( 'NONE',  ( 0.000000000000000000, -1.000000000000000000, 0.000000000000000000 ) ) ;
#701 = AXIS2_PLACEMENT_3D ( 'NONE', #137, #1274, #1778 ) ;
#702 = AXIS2_PLACEMENT_3D ( 'NONE', #1200, #1338, #1788 ) ;
#703 = CC_DESIGN_APPROVAL ( #1113, ( #576 ) ) ;
#704 = CARTESIAN_POINT ( 'NONE',  ( 25.30000000000000071, 11.50000000000000000, 4.000000000000000000 ) ) ;
#705 = CARTESIAN_POINT ( 'NONE',  ( 25.30000000000000071, -11.50000000000000000, 4.000000000000000000 ) ) ;
#706 = ORIENTED_EDGE ( 'NONE', *, *, #1701, .T. ) ;
#707 = EDGE_CURVE ( 'NONE', #1284, #221, #1195, .T. ) ;
#708 = ORIENTED_EDGE ( 'NONE', *, *, #826, .F. ) ;
#709 = ADVANCED_FACE ( 'NONE', ( #721 ), #1039, .T. ) ;
#710 = ORIENTED_EDGE ( 'NONE', *, *, #417, .F. ) ;
#711 = FACE_OUTER_BOUND ( 'NONE', #1823, .T. ) ;
#712 = PLANE ( 'NONE',  #1458 ) ;
#713 = DIRECTION ( 'NONE',  ( 1.000000000000000000, 0.000000000000000000, 0.000000000000000000 ) ) ;
#714 = FACE_OUTER_BOUND ( 'NONE', #1410, .T. ) ;
#715 = EDGE_LOOP ( 'NONE', ( #1539, #423, #1331, #1017 ) ) ;
#716 = VERTEX_POINT ( 'NONE', #1593 ) ;
#717 = VECTOR ( 'NONE', #574, 1000.000000000000000 ) ;
#718 = ORIENTED_EDGE ( 'NONE', *, *, #309, .T. ) ;
#719 = CARTESIAN_POINT ( 'NONE',  ( -8.000000000000000000, 3.354101966249684263, 6.000000000000000000 ) ) ;
#720 = EDGE_CURVE ( 'NONE', #876, #31, #289, .T. ) ;
#721 = FACE_OUTER_BOUND ( 'NONE', #412, .T. ) ;
#722 = DIRECTION ( 'NONE',  ( 1.000000000000000000, 0.000000000000000000, 0.000000000000000000 ) ) ;
#723 = EDGE_LOOP ( 'NONE', ( #812, #537, #1613, #656 ) ) ;
#724 = AXIS2_PLACEMENT_3D ( 'NONE', #947, #215, #1695 ) ;
#725 = ORIENTED_EDGE ( 'NONE', *, *, #1630, .F. ) ;
#726 = PLANE ( 'NONE',  #230 ) ;
#727 = AXIS2_PLACEMENT_3D ( 'NONE', #1621, #1015, #722 ) ;
#728 = DIRECTION ( 'NONE',  ( 1.000000000000000000, 0.000000000000000000, 0.000000000000000000 ) ) ;
#729 = EDGE_CURVE ( 'NONE', #1363, #1000, #1334, .T. ) ;
#730 = DIRECTION ( 'NONE',  ( 0.000000000000000000, 0.000000000000000000, -1.000000000000000000 ) ) ;
#731 = ADVANCED_FACE ( 'NONE', ( #1745 ), #435, .F. ) ;
#732 = CARTESIAN_POINT ( 'NONE',  ( -3.500000000000000000, -9.000000000000000000, 8.000000000000000000 ) ) ;
#733 = ORIENTED_EDGE ( 'NONE', *, *, #269, .T. ) ;
#734 = EDGE_LOOP ( 'NONE', ( #1587, #1538, #943, #931 ) ) ;
#735 = CIRCLE ( 'NONE', #1082, 16.00000000000000000 ) ;
#736 = LINE ( 'NONE', #591, #388 ) ;
#737 = DIRECTION ( 'NONE',  ( 0.000000000000000000, 0.000000000000000000, 1.000000000000000000 ) ) ;
#738 = CARTESIAN_POINT ( 'NONE',  ( 0.000000000000000000, 0.000000000000000000, 4.000000000000000000 ) ) ;
#739 = CARTESIAN_POINT ( 'NONE',  ( -1.699999999999999956, -9.000000000000000000, 8.000000000000000000 ) ) ;
#740 = EDGE_CURVE ( 'NONE', #1462, #716, #143, .T. ) ;
#741 = EDGE_LOOP ( 'NONE', ( #964, #1758, #856, #766 ) ) ;
#742 = CYLINDRICAL_SURFACE ( 'NONE', #1656, 3.500000000000000000 ) ;
#743 = ORIENTED_EDGE ( 'NONE', *, *, #132, .F. ) ;
#744 = FACE_OUTER_BOUND ( 'NONE', #12, .T. ) ;
#745 = CYLINDRICAL_SURFACE ( 'NONE', #1296, 1.699999999999999956 ) ;
#746 = VECTOR ( 'NONE', #953, 1000.000000000000000 ) ;
#747 = CARTESIAN_POINT ( 'NONE',  ( 3.500000000000000000, 9.000000000000000000, 8.000000000000000000 ) ) ;
#748 = DIRECTION ( 'NONE',  ( 1.000000000000000000, 0.000000000000000000, 0.000000000000000000 ) ) ;
#749 = FACE_OUTER_BOUND ( 'NONE', #1533, .T. ) ;
#750 = EDGE_LOOP ( 'NONE', ( #1646, #232, #560, #1875 ) ) ;
#751 = EDGE_CURVE ( 'NONE', #341, #1757, #1466, .T. ) ;
#752 = VERTEX_POINT ( 'NONE', #26 ) ;
#753 = CIRCLE ( 'NONE', #875, 3.500000000000000000 ) ;
#754 = ORIENTED_EDGE ( 'NONE', *, *, #1689, .T. ) ;
#755 = CARTESIAN_POINT ( 'NONE',  ( 58.00000000000000000, 11.50000000000000000, 0.000000000000000000 ) ) ;
#756 = APPROVAL_STATUS ( 'not_yet_approved' ) ;
#757 = AXIS2_PLACEMENT_3D ( 'NONE', #1048, #1483, #180 ) ;
#758 = CARTESIAN_POINT ( 'NONE',  ( 3.354101966249685152, 8.000000000000000000, 6.000000000000000000 ) ) ;
#759 = CARTESIAN_POINT ( 'NONE',  ( 0.000000000000000000, 9.000000000000000000, 8.000000000000000000 ) ) ;
#760 = DIRECTION ( 'NONE',  ( 1.000000000000000000, 0.000000000000000000, -0.000000000000000000 ) ) ;
#761 = FACE_OUTER_BOUND ( 'NONE', #1131, .T. ) ;
#762 = AXIS2_PLACEMENT_3D ( 'NONE', #1872, #1149, #465 ) ;
#763 = ORIENTED_EDGE ( 'NONE', *, *, #694, .T. ) ;
#764 = AXIS2_PLACEMENT_3D ( 'NONE', #1055, #1819, #354 ) ;
#765 = ORIENTED_EDGE ( 'NONE', *, *, #867, .F. ) ;
#766 = ORIENTED_EDGE ( 'NONE', *, *, #1356, .T. ) ;
#767 = EDGE_CURVE ( 'NONE', #318, #1142, #1395, .T. ) ;
#768 = DIRECTION ( 'NONE',  ( -0.000000000000000000, -0.000000000000000000, -1.000000000000000000 ) ) ;
#769 = DIRECTION ( 'NONE',  ( -1.000000000000000000, 0.000000000000000000, 0.000000000000000000 ) ) ;
#770 = CARTESIAN_POINT ( 'NONE',  ( 14.38749456993815734, -7.000000000000000000, 0.000000000000000000 ) ) ;
#771 = DIRECTION ( 'NONE',  ( -0.000000000000000000, -0.000000000000000000, -1.000000000000000000 ) ) ;
#772 = ORIENTED_EDGE ( 'NONE', *, *, #641, .T. ) ;
#773 = DIRECTION ( 'NONE',  ( 0.000000000000000000, 0.000000000000000000, -1.000000000000000000 ) ) ;
#774 = ORIENTED_EDGE ( 'NONE', *, *, #1285, .T. ) ;
#775 = DIRECTION ( 'NONE',  ( 1.000000000000000000, 0.000000000000000000, 0.000000000000000000 ) ) ;
#776 = EDGE_CURVE ( 'NONE', #1211, #1391, #444, .T. ) ;
#777 = LINE ( 'NONE', #1358, #1223 ) ;
#778 = FACE_BOUND ( 'NONE', #579, .T. ) ;
#779 = APPLICATION_CONTEXT ( 'configuration controlled 3d designs of mechanical parts and assemblies' ) ;
#780 = AXIS2_PLACEMENT_3D ( 'NONE', #798, #1637, #483 ) ;
#781 = EDGE_CURVE ( 'NONE', #1319, #1883, #1647, .T. ) ;
#782 = CYLINDRICAL_SURFACE ( 'NONE', #612, 3.500000000000000000 ) ;
#783 = ORIENTED_EDGE ( 'NONE', *, *, #841, .T. ) ;
#784 = CARTESIAN_POINT ( 'NONE',  ( 3.354101966249685152, -8.000000000000000000, 6.000000000000000000 ) ) ;
#785 = ORIENTED_EDGE ( 'NONE', *, *, #50, .T. ) ;
#786 = EDGE_LOOP ( 'NONE', ( #404, #887, #536, #1842 ) ) ;
#787 = DIRECTION ( 'NONE',  ( 0.000000000000000000, 0.000000000000000000, -1.000000000000000000 ) ) ;
#788 = CARTESIAN_POINT ( 'NONE',  ( 0.000000000000000000, -9.000000000000000000, 8.000000000000000000 ) ) ;
#789 = ADVANCED_FACE ( 'NONE', ( #1061 ), #360, .T. ) ;
#790 = CARTESIAN_POINT ( 'NONE',  ( 58.00000000000000000, -11.50000000000000000, 8.000000000000000000 ) ) ;
#791 = ORIENTED_EDGE ( 'NONE', *, *, #1680, .T. ) ;
#792 = EDGE_CURVE ( 'NONE', #459, #655, #1095, .T. ) ;
#793 = CIRCLE ( 'NONE', #1194, 7.000000000000000000 ) ;
#794 = CARTESIAN_POINT ( 'NONE',  ( 0.000000000000000000, 7.000000000000000000, 8.000000000000000000 ) ) ;
#795 = DIRECTION ( 'NONE',  ( -0.000000000000000000, -0.000000000000000000, -1.000000000000000000 ) ) ;
#796 = ORIENTED_EDGE ( 'NONE', *, *, #1468, .T. ) ;
#797 = ORIENTED_EDGE ( 'NONE', *, *, #803, .T. ) ;
#798 = CARTESIAN_POINT ( 'NONE',  ( 0.000000000000000000, 0.000000000000000000, 8.000000000000000000 ) ) ;
#799 = LINE ( 'NONE', #1836, #421 ) ;
#800 = CIRCLE ( 'NONE', #889, 1.699999999999999956 ) ;
#801 = CARTESIAN_POINT ( 'NONE',  ( 27.00000000000000000, -11.50000000000000000, 0.000000000000000000 ) ) ;
#802 = DIRECTION ( 'NONE',  ( 0.000000000000000000, 0.000000000000000000, -1.000000000000000000 ) ) ;
#803 = EDGE_CURVE ( 'NONE', #248, #178, #1072, .T. ) ;
#804 = CARTESIAN_POINT ( 'NONE',  ( 9.000000000000000000, 0.000000000000000000, 8.000000000000000000 ) ) ;
#805 = ORIENTED_EDGE ( 'NONE', *, *, #66, .T. ) ;
#806 = ORIENTED_EDGE ( 'NONE', *, *, #949, .T. ) ;
#807 = CARTESIAN_POINT ( 'NONE',  ( -8.000000000000000000, -3.354101966249684708, 8.000000000000000000 ) ) ;
#808 = CARTESIAN_POINT ( 'NONE',  ( 0.000000000000000000, -7.000000000000000000, 8.000000000000000000 ) ) ;
#809 = AXIS2_PLACEMENT_3D ( 'NONE', #1175, #8, #1183 ) ;
#810 = DIRECTION ( 'NONE',  ( 0.000000000000000000, 0.000000000000000000, 1.000000000000000000 ) ) ;
#811 = CYLINDRICAL_SURFACE ( 'NONE', #1837, 3.500000000000000000 ) ;
#812 = ORIENTED_EDGE ( 'NONE', *, *, #1583, .T. ) ;
#813 = EDGE_CURVE ( 'NONE', #1188, #1494, #145, .T. ) ;
#814 = ORIENTED_EDGE ( 'NONE', *, *, #1315, .F. ) ;
#815 = CARTESIAN_POINT ( 'NONE',  ( 56.30000000000000426, 11.50000000000000000, 4.000000000000000000 ) ) ;
#816 = DIRECTION ( 'NONE',  ( -0.000000000000000000, -0.000000000000000000, -1.000000000000000000 ) ) ;
#817 = AXIS2_PLACEMENT_3D ( 'NONE', #808, #1549, #225 ) ;
#818 = AXIS2_PLACEMENT_3D ( 'NONE', #995, #1264, #1248 ) ;
#819 = CYLINDRICAL_SURFACE ( 'NONE', #1106, 3.500000000000000000 ) ;
#820 = CARTESIAN_POINT ( 'NONE',  ( 56.30000000000000426, -11.50000000000000000, 0.000000000000000000 ) ) ;
#821 = VERTEX_POINT ( 'NONE', #807 ) ;
#822 = VERTEX_POINT ( 'NONE', #1103 ) ;
#823 = ORGANIZATION ( 'UNSPECIFIED', 'UNSPECIFIED', '' ) ;
#824 = LINE ( 'NONE', #1286, #258 ) ;
#825 = CARTESIAN_POINT ( 'NONE',  ( 6.125000000000000000, 3.388860427931490005, 8.000000000000000000 ) ) ;
#826 = EDGE_CURVE ( 'NONE', #411, #1625, #352, .T. ) ;
#827 = FACE_OUTER_BOUND ( 'NONE', #734, .T. ) ;
#828 = CARTESIAN_POINT ( 'NONE',  ( 58.00000000000000000, 11.50000000000000000, 0.000000000000000000 ) ) ;
#829 = VERTEX_POINT ( 'NONE', #503 ) ;
#830 = AXIS2_PLACEMENT_3D ( 'NONE', #340, #623, #32 ) ;
#831 = ORIENTED_EDGE ( 'NONE', *, *, #300, .F. ) ;
#832 = DIRECTION ( 'NONE',  ( -1.000000000000000000, 0.000000000000000000, 0.000000000000000000 ) ) ;
#833 = APPLICATION_PROTOCOL_DEFINITION ( 'international standard', 'config_control_design', 1994, #983 ) ;
#834 = EDGE_CURVE ( 'NONE', #1319, #1857, #661, .T. ) ;
#835 = CYLINDRICAL_SURFACE ( 'NONE', #125, 7.000000000000000000 ) ;
#836 = DIRECTION ( 'NONE',  ( -0.000000000000000000, -0.000000000000000000, -1.000000000000000000 ) ) ;
#837 = VERTEX_POINT ( 'NONE', #1667 ) ;
#838 = ORIENTED_EDGE ( 'NONE', *, *, #292, .T. ) ;
#839 = DIRECTION ( 'NONE',  ( 0.000000000000000000, 0.000000000000000000, 1.000000000000000000 ) ) ;
#840 = CARTESIAN_POINT ( 'NONE',  ( -8.000000000000000000, 3.354101966249684263, 8.000000000000000000 ) ) ;
#841 = EDGE_CURVE ( 'NONE', #1188, #1719, #946, .T. ) ;
#842 = DIRECTION ( 'NONE',  ( -1.000000000000000000, 0.000000000000000000, 0.000000000000000000 ) ) ;
#843 = DIRECTION ( 'NONE',  ( 1.000000000000000000, 0.000000000000000000, 0.000000000000000000 ) ) ;
#844 = EDGE_CURVE ( 'NONE', #940, #297, #868, .T. ) ;
#845 = ORIENTED_EDGE ( 'NONE', *, *, #216, .F. ) ;
#846 = CIRCLE ( 'NONE', #573, 7.000000000000000000 ) ;
#847 = ORIENTED_EDGE ( 'NONE', *, *, #140, .F. ) ;
#848 = AXIS2_PLACEMENT_3D ( 'NONE', #662, #78, #679 ) ;
#849 = EDGE_LOOP ( 'NONE', ( #710, #847 ) ) ;
#850 = FACE_BOUND ( 'NONE', #1874, .T. ) ;
#851 = MECHANICAL_CONTEXT ( 'NONE', #779, 'mechanical' ) ;
#852 = AXIS2_PLACEMENT_3D ( 'NONE', #1289, #559, #748 ) ;
#853 = AXIS2_PLACEMENT_3D ( 'NONE', #639, #631, #364 ) ;
#854 = FACE_BOUND ( 'NONE', #519, .T. ) ;
#855 = LINE ( 'NONE', #324, #1197 ) ;
#856 = ORIENTED_EDGE ( 'NONE', *, *, #1328, .T. ) ;
#857 = ORIENTED_EDGE ( 'NONE', *, *, #813, .F. ) ;
#858 = EDGE_CURVE ( 'NONE', #912, #1588, #1225, .T. ) ;
#859 = AXIS2_PLACEMENT_3D ( 'NONE', #1792, #773, #46 ) ;
#860 = ORIENTED_EDGE ( 'NONE', *, *, #934, .T. ) ;
#861 = LINE ( 'NONE', #719, #1565 ) ;
#862 = PERSON_AND_ORGANIZATION_ROLE ( 'creator' ) ;
#863 = CARTESIAN_POINT ( 'NONE',  ( 1.699999999999999956, 9.000000000000000000, 8.000000000000000000 ) ) ;
#864 = CARTESIAN_POINT ( 'NONE',  ( -3.354101966249685152, 8.000000000000000000, 6.000000000000000000 ) ) ;
#865 = ORIENTED_EDGE ( 'NONE', *, *, #841, .F. ) ;
#866 = AXIS2_PLACEMENT_3D ( 'NONE', #605, #170, #443 ) ;
#867 = EDGE_CURVE ( 'NONE', #1299, #1676, #1527, .T. ) ;
#868 = CIRCLE ( 'NONE', #689, 1.700000000000000178 ) ;
#869 = ORIENTED_EDGE ( 'NONE', *, *, #1573, .T. ) ;
#870 = CARTESIAN_POINT ( 'NONE',  ( 0.000000000000000000, 9.000000000000000000, 8.000000000000000000 ) ) ;
#871 = FACE_OUTER_BOUND ( 'NONE', #569, .T. ) ;
#872 = CARTESIAN_POINT ( 'NONE',  ( 6.125000000000000888, 3.388860427931490449, 6.000000000000000000 ) ) ;
#873 = DIRECTION ( 'NONE',  ( 1.000000000000000000, 0.000000000000000000, 0.000000000000000000 ) ) ;
#874 = ORIENTED_EDGE ( 'NONE', *, *, #1027, .F. ) ;
#875 = AXIS2_PLACEMENT_3D ( 'NONE', #637, #1094, #1112 ) ;
#876 = VERTEX_POINT ( 'NONE', #1804 ) ;
#877 = AXIS2_PLACEMENT_3D ( 'NONE', #118, #1273, #401 ) ;
#878 = CARTESIAN_POINT ( 'NONE',  ( 0.000000000000000000, 0.000000000000000000, 4.000000000000000000 ) ) ;
#879 = CIRCLE ( 'NONE', #455, 1.700000000000000178 ) ;
#880 = DIRECTION ( 'NONE',  ( 1.000000000000000000, 0.000000000000000000, 0.000000000000000000 ) ) ;
#881 = EDGE_CURVE ( 'NONE', #1516, #44, #538, .T. ) ;
#882 = CARTESIAN_POINT ( 'NONE',  ( 7.000000000000000000, 0.000000000000000000, 4.000000000000000000 ) ) ;
#883 = LOCAL_TIME ( 19, 8, 59.00000000000000000, #481 ) ;
#884 = CIRCLE ( 'NONE', #428, 4.000000000000000000 ) ;
#885 = FACE_BOUND ( 'NONE', #284, .T. ) ;
#886 = ORIENTED_EDGE ( 'NONE', *, *, #140, .T. ) ;
#887 = ORIENTED_EDGE ( 'NONE', *, *, #1736, .T. ) ;
#888 = ORIENTED_EDGE ( 'NONE', *, *, #961, .T. ) ;
#889 = AXIS2_PLACEMENT_3D ( 'NONE', #1312, #1592, #1599 ) ;
#890 = DIRECTION ( 'NONE',  ( 1.000000000000000000, 0.000000000000000000, 0.000000000000000000 ) ) ;
#891 = DIRECTION ( 'NONE',  ( 0.000000000000000000, 0.000000000000000000, -1.000000000000000000 ) ) ;
#892 = DIRECTION ( 'NONE',  ( 1.000000000000000000, 0.000000000000000000, 0.000000000000000000 ) ) ;
#893 = CARTESIAN_POINT ( 'NONE',  ( 23.00000000000000000, -15.00000000000000000, 4.000000000000000000 ) ) ;
#894 = ADVANCED_FACE ( 'NONE', ( #224 ), #1375, .F. ) ;
#895 = CARTESIAN_POINT ( 'NONE',  ( -3.500000000000000000, 7.000000000000000000, 4.000000000000000000 ) ) ;
#896 = ORIENTED_EDGE ( 'NONE', *, *, #897, .F. ) ;
#897 = EDGE_CURVE ( 'NONE', #1371, #156, #935, .T. ) ;
#898 = FACE_OUTER_BOUND ( 'NONE', #1191, .T. ) ;
#899 = ORIENTED_EDGE ( 'NONE', *, *, #1243, .T. ) ;
#900 = AXIS2_PLACEMENT_3D ( 'NONE', #462, #1601, #1023 ) ;
#901 = CARTESIAN_POINT ( 'NONE',  ( 0.000000000000000000, 0.000000000000000000, 4.000000000000000000 ) ) ;
#902 = DATE_TIME_ROLE ( 'creation_date' ) ;
#903 = DIRECTION ( 'NONE',  ( -0.000000000000000000, -0.000000000000000000, -1.000000000000000000 ) ) ;
#904 = VECTOR ( 'NONE', #471, 1000.000000000000000 ) ;
#905 = CYLINDRICAL_SURFACE ( 'NONE', #182, 16.00000000000000000 ) ;
#906 = CARTESIAN_POINT ( 'NONE',  ( -1.699999999999999956, 9.000000000000000000, 8.000000000000000000 ) ) ;
#907 = CARTESIAN_POINT ( 'NONE',  ( 0.000000000000000000, 9.000000000000000000, 8.000000000000000000 ) ) ;
#908 = ORIENTED_EDGE ( 'NONE', *, *, #575, .T. ) ;
#909 = EDGE_CURVE ( 'NONE', #365, #876, #1236, .T. ) ;
#910 = DIRECTION ( 'NONE',  ( 0.000000000000000000, 0.000000000000000000, 1.000000000000000000 ) ) ;
#911 = AXIS2_PLACEMENT_3D ( 'NONE', #1404, #1396, #513 ) ;
#912 = VERTEX_POINT ( 'NONE', #1093 ) ;
#913 = DIRECTION ( 'NONE',  ( -0.000000000000000000, -0.000000000000000000, -1.000000000000000000 ) ) ;
#914 = PERSON_AND_ORGANIZATION ( #1347, #823 ) ;
#915 = CIRCLE ( 'NONE', #1461, 1.700000000000000178 ) ;
#916 = DIRECTION ( 'NONE',  ( 0.000000000000000000, 0.000000000000000000, 1.000000000000000000 ) ) ;
#917 = DIRECTION ( 'NONE',  ( -0.000000000000000000, -1.000000000000000000, -0.000000000000000000 ) ) ;
#918 = FACE_BOUND ( 'NONE', #359, .T. ) ;
#919 = DIRECTION ( 'NONE',  ( -1.000000000000000000, 0.000000000000000000, 0.000000000000000000 ) ) ;
#920 = ORIENTED_EDGE ( 'NONE', *, *, #881, .F. ) ;
#921 = VECTOR ( 'NONE', #1631, 1000.000000000000000 ) ;
#922 = ORIENTED_EDGE ( 'NONE', *, *, #740, .F. ) ;
#923 = EDGE_CURVE ( 'NONE', #1652, #912, #1385, .T. ) ;
#924 = ORIENTED_EDGE ( 'NONE', *, *, #1379, .T. ) ;
#925 = DIRECTION ( 'NONE',  ( 0.000000000000000000, 0.000000000000000000, -1.000000000000000000 ) ) ;
#926 = LINE ( 'NONE', #1510, #1581 ) ;
#927 = DIRECTION ( 'NONE',  ( -0.000000000000000000, -0.000000000000000000, -1.000000000000000000 ) ) ;
#928 = DIRECTION ( 'NONE',  ( 0.000000000000000000, 0.000000000000000000, 1.000000000000000000 ) ) ;
#929 = AXIS2_PLACEMENT_3D ( 'NONE', #1360, #1218, #345 ) ;
#930 = ORIENTED_EDGE ( 'NONE', *, *, #1835, .F. ) ;
#931 = ORIENTED_EDGE ( 'NONE', *, *, #993, .T. ) ;
#932 = EDGE_LOOP ( 'NONE', ( #285, #763, #838, #1624 ) ) ;
#933 = VERTEX_POINT ( 'NONE', #1463 ) ;
#934 = EDGE_CURVE ( 'NONE', #1363, #318, #938, .T. ) ;
#935 = LINE ( 'NONE', #1519, #1756 ) ;
#936 = FACE_OUTER_BOUND ( 'NONE', #932, .T. ) ;
#937 = EDGE_CURVE ( 'NONE', #1801, #1635, #736, .T. ) ;
#938 = CIRCLE ( 'NONE', #508, 1.699999999999999956 ) ;
#939 = CARTESIAN_POINT ( 'NONE',  ( 0.000000000000000000, -7.000000000000000000, 4.000000000000000000 ) ) ;
#940 = VERTEX_POINT ( 'NONE', #219 ) ;
#941 = DIRECTION ( 'NONE',  ( 1.000000000000000000, 0.000000000000000000, 0.000000000000000000 ) ) ;
#942 = ORIENTED_EDGE ( 'NONE', *, *, #1169, .F. ) ;
#943 = ORIENTED_EDGE ( 'NONE', *, *, #227, .F. ) ;
#944 = VECTOR ( 'NONE', #108, 1000.000000000000000 ) ;
#945 = CC_DESIGN_DATE_AND_TIME_ASSIGNMENT ( #442, #1049, ( #576 ) ) ;
#946 = LINE ( 'NONE', #214, #1725 ) ;
#947 = CARTESIAN_POINT ( 'NONE',  ( 27.00000000000000000, -11.50000000000000000, 8.000000000000000000 ) ) ;
#948 = CIRCLE ( 'NONE', #69, 1.700000000000000178 ) ;
#949 = EDGE_CURVE ( 'NONE', #1857, #179, #116, .T. ) ;
#950 = CARTESIAN_POINT ( 'NONE',  ( 23.00000000000000000, -15.00000000000000000, 4.000000000000000000 ) ) ;
#951 = ORIENTED_EDGE ( 'NONE', *, *, #858, .F. ) ;
#952 = AXIS2_PLACEMENT_3D ( 'NONE', #1088, #670, #247 ) ;
#953 = DIRECTION ( 'NONE',  ( 0.000000000000000000, 0.000000000000000000, -1.000000000000000000 ) ) ;
#954 = DIRECTION ( 'NONE',  ( 1.000000000000000000, 0.000000000000000000, 0.000000000000000000 ) ) ;
#955 = EDGE_LOOP ( 'NONE', ( #1244, #112, #797, #1109 ) ) ;
#956 = CIRCLE ( 'NONE', #764, 3.500000000000000000 ) ;
#957 = ORIENTED_EDGE ( 'NONE', *, *, #867, .T. ) ;
#958 = CC_DESIGN_SECURITY_CLASSIFICATION ( #576, ( #1408 ) ) ;
#959 = CARTESIAN_POINT ( 'NONE',  ( 0.000000000000000000, 7.000000000000000000, 4.000000000000000000 ) ) ;
#960 = CYLINDRICAL_SURFACE ( 'NONE', #817, 3.500000000000000000 ) ;
#961 = EDGE_CURVE ( 'NONE', #422, #167, #1344, .T. ) ;
#962 = DIRECTION ( 'NONE',  ( 1.000000000000000000, 0.000000000000000000, 0.000000000000000000 ) ) ;
#963 = CARTESIAN_POINT ( 'NONE',  ( -12.49999999999999822, 0.000000000000000000, 8.000000000000000000 ) ) ;
#964 = ORIENTED_EDGE ( 'NONE', *, *, #677, .F. ) ;
#965 = ORIENTED_EDGE ( 'NONE', *, *, #153, .T. ) ;
#966 = DIRECTION ( 'NONE',  ( -0.000000000000000000, -0.000000000000000000, -1.000000000000000000 ) ) ;
#967 = DIRECTION ( 'NONE',  ( 0.000000000000000000, 0.000000000000000000, 1.000000000000000000 ) ) ;
#968 = VECTOR ( 'NONE', #737, 1000.000000000000000 ) ;
#969 = AXIS2_PLACEMENT_3D ( 'NONE', #512, #1245, #1826 ) ;
#970 = PRODUCT_DEFINITION ( 'UNKNOWN', '', #1408, #106 ) ;
#971 = DIRECTION ( 'NONE',  ( 0.000000000000000000, 0.000000000000000000, -1.000000000000000000 ) ) ;
#972 = CARTESIAN_POINT ( 'NONE',  ( 8.000000000000001776, -3.354101966249684263, 4.000000000000000000 ) ) ;
#973 = ORIENTED_EDGE ( 'NONE', *, *, #1713, .T. ) ;
#974 = ORIENTED_EDGE ( 'NONE', *, *, #826, .T. ) ;
#975 = EDGE_CURVE ( 'NONE', #1642, #821, #24, .T. ) ;
#976 = DIRECTION ( 'NONE',  ( 1.000000000000000000, 0.000000000000000000, 0.000000000000000000 ) ) ;
#977 = FACE_OUTER_BOUND ( 'NONE', #1814, .T. ) ;
#978 = CIRCLE ( 'NONE', #273, 3.500000000000000000 ) ;
#979 = VECTOR ( 'NONE', #1204, 1000.000000000000000 ) ;
#980 = CARTESIAN_POINT ( 'NONE',  ( -9.000000000000000000, 0.000000000000000000, 4.000000000000000000 ) ) ;
#981 = CARTESIAN_POINT ( 'NONE',  ( 0.000000000000000000, 0.000000000000000000, 8.000000000000000000 ) ) ;
#982 = ORIENTED_EDGE ( 'NONE', *, *, #1431, .T. ) ;
#983 = APPLICATION_CONTEXT ( 'configuration controlled 3d designs of mechanical parts and assemblies' ) ;
#984 = ORIENTED_EDGE ( 'NONE', *, *, #657, .T. ) ;
#985 = EDGE_CURVE ( 'NONE', #358, #829, #1179, .T. ) ;
#986 = DIRECTION ( 'NONE',  ( -0.000000000000000000, -0.000000000000000000, -1.000000000000000000 ) ) ;
#987 = VECTOR ( 'NONE', #917, 1000.000000000000000 ) ;
#988 = VECTOR ( 'NONE', #424, 1000.000000000000000 ) ;
#989 = DIRECTION ( 'NONE',  ( 0.000000000000000000, 0.000000000000000000, -1.000000000000000000 ) ) ;
#990 = CYLINDRICAL_SURFACE ( 'NONE', #1511, 3.499999999999999556 ) ;
#991 = EDGE_LOOP ( 'NONE', ( #1504, #1579, #1354, #506 ) ) ;
#992 = FACE_OUTER_BOUND ( 'NONE', #275, .T. ) ;
#993 = EDGE_CURVE ( 'NONE', #499, #752, #594, .T. ) ;
#994 = EDGE_CURVE ( 'NONE', #1559, #632, #653, .T. ) ;
#995 = CARTESIAN_POINT ( 'NONE',  ( 9.000000000000000000, 0.000000000000000000, 0.000000000000000000 ) ) ;
#996 = LINE ( 'NONE', #419, #1589 ) ;
#997 = VERTEX_POINT ( 'NONE', #1607 ) ;
#998 = EDGE_LOOP ( 'NONE', ( #22, #1020, #1250, #211, #1751, #1076, #624, #1293, #298, #1276, #1258, #1729, #924, #1009, #1300, #148, #1452, #696, #75, #806, #1044, #1699, #347 ) ) ;
#999 = AXIS2_PLACEMENT_3D ( 'NONE', #901, #1320, #13 ) ;
#1000 = VERTEX_POINT ( 'NONE', #299 ) ;
#1001 = DIRECTION ( 'NONE',  ( -0.000000000000000000, -0.000000000000000000, -1.000000000000000000 ) ) ;
#1002 = CARTESIAN_POINT ( 'NONE',  ( 0.000000000000000000, 0.000000000000000000, 0.000000000000000000 ) ) ;
#1003 = CC_DESIGN_PERSON_AND_ORGANIZATION_ASSIGNMENT ( #48, #1345, ( #1408 ) ) ;
#1004 = ADVANCED_FACE ( 'NONE', ( #1036 ), #470, .F. ) ;
#1005 = CARTESIAN_POINT ( 'NONE',  ( 62.00000000000000000, -15.00000000000000000, 4.000000000000000000 ) ) ;
#1006 = CARTESIAN_POINT ( 'NONE',  ( 23.00000000000000000, 15.00000000000000000, 4.000000000000000000 ) ) ;
#1007 = VERTEX_POINT ( 'NONE', #308 ) ;
#1008 = CIRCLE ( 'NONE', #877, 3.499999999999999556 ) ;
#1009 = ORIENTED_EDGE ( 'NONE', *, *, #1618, .T. ) ;
#1010 = VERTEX_POINT ( 'NONE', #160 ) ;
#1011 = CYLINDRICAL_SURFACE ( 'NONE', #1059, 3.500000000000000000 ) ;
#1012 = COORDINATED_UNIVERSAL_TIME_OFFSET ( 6, 0, .BEHIND. ) ;
#1013 = CIRCLE ( 'NONE', #1682, 3.500000000000000000 ) ;
#1014 = CARTESIAN_POINT ( 'NONE',  ( 0.000000000000000000, 0.000000000000000000, 8.000000000000000000 ) ) ;
#1015 = DIRECTION ( 'NONE',  ( -0.000000000000000000, -0.000000000000000000, -1.000000000000000000 ) ) ;
#1016 = EDGE_CURVE ( 'NONE', #822, #1849, #18, .T. ) ;
#1017 = ORIENTED_EDGE ( 'NONE', *, *, #117, .F. ) ;
#1018 = ORIENTED_EDGE ( 'NONE', *, *, #1520, .F. ) ;
#1019 = EDGE_CURVE ( 'NONE', #1007, #1849, #615, .T. ) ;
#1020 = ORIENTED_EDGE ( 'NONE', *, *, #740, .T. ) ;
#1021 = LINE ( 'NONE', #564, #988 ) ;
#1022 = CIRCLE ( 'NONE', #201, 3.500000000000000000 ) ;
#1023 = DIRECTION ( 'NONE',  ( 1.000000000000000000, 0.000000000000000000, 0.000000000000000000 ) ) ;
#1024 = LINE ( 'NONE', #1602, #668 ) ;
#1025 = ORIENTED_EDGE ( 'NONE', *, *, #1530, .F. ) ;
#1026 = VECTOR ( 'NONE', #618, 1000.000000000000000 ) ;
#1027 = EDGE_CURVE ( 'NONE', #1588, #1598, #1824, .T. ) ;
#1028 = ORIENTED_EDGE ( 'NONE', *, *, #781, .F. ) ;
#1029 = DIRECTION ( 'NONE',  ( -0.000000000000000000, -1.000000000000000000, -0.000000000000000000 ) ) ;
#1030 = CALENDAR_DATE ( 2026, 28, 9 ) ;
#1031 = DIRECTION ( 'NONE',  ( 0.000000000000000000, 0.000000000000000000, -1.000000000000000000 ) ) ;
#1032 = DIRECTION ( 'NONE',  ( 1.000000000000000000, 0.000000000000000000, 0.000000000000000000 ) ) ;
#1033 = ORIENTED_EDGE ( 'NONE', *, *, #33, .F. ) ;
#1034 = ORIENTED_EDGE ( 'NONE', *, *, #1019, .F. ) ;
#1035 = ORIENTED_EDGE ( 'NONE', *, *, #309, .F. ) ;
#1036 = FACE_OUTER_BOUND ( 'NONE', #1409, .T. ) ;
#1037 = EDGE_CURVE ( 'NONE', #1598, #1782, #175, .T. ) ;
#1038 = AXIS2_PLACEMENT_3D ( 'NONE', #804, #1124, #941 ) ;
#1039 = CYLINDRICAL_SURFACE ( 'NONE', #1214, 7.000000000000000000 ) ;
#1040 = DIRECTION ( 'NONE',  ( 0.000000000000000000, 0.000000000000000000, 1.000000000000000000 ) ) ;
#1041 = CARTESIAN_POINT ( 'NONE',  ( 3.354101966249685152, -8.000000000000000000, 8.000000000000000000 ) ) ;
#1042 = APPROVAL_PERSON_ORGANIZATION ( #914, #1113, #1070 ) ;
#1043 = CARTESIAN_POINT ( 'NONE',  ( 0.000000000000000000, 0.000000000000000000, 4.000000000000000000 ) ) ;
#1044 = ORIENTED_EDGE ( 'NONE', *, *, #1169, .T. ) ;
#1045 = ORIENTED_EDGE ( 'NONE', *, *, #339, .T. ) ;
#1046 = ORIENTED_EDGE ( 'NONE', *, *, #1326, .F. ) ;
#1047 = AXIS2_PLACEMENT_3D ( 'NONE', #1580, #1137, #832 ) ;
#1048 = CARTESIAN_POINT ( 'NONE',  ( 7.000000000000000000, 0.000000000000000000, 4.000000000000000000 ) ) ;
#1049 = DATE_TIME_ROLE ( 'classification_date' ) ;
#1050 = ADVANCED_FACE ( 'NONE', ( #744 ), #1332, .F. ) ;
#1051 = DIRECTION ( 'NONE',  ( -1.000000000000000000, 0.000000000000000000, 0.000000000000000000 ) ) ;
#1052 = DIRECTION ( 'NONE',  ( 0.000000000000000000, 0.000000000000000000, -1.000000000000000000 ) ) ;
#1053 = DIRECTION ( 'NONE',  ( -0.000000000000000000, -0.000000000000000000, -1.000000000000000000 ) ) ;
#1054 = EDGE_CURVE ( 'NONE', #3, #1066, #154, .T. ) ;
#1055 = CARTESIAN_POINT ( 'NONE',  ( 0.000000000000000000, -7.000000000000000000, 4.000000000000000000 ) ) ;
#1056 = ORIENTED_EDGE ( 'NONE', *, *, #514, .T. ) ;
#1057 = DIRECTION ( 'NONE',  ( 0.000000000000000000, 0.000000000000000000, 1.000000000000000000 ) ) ;
#1058 = ORIENTED_EDGE ( 'NONE', *, *, #269, .F. ) ;
#1059 = AXIS2_PLACEMENT_3D ( 'NONE', #870, #134, #1454 ) ;
#1060 = CARTESIAN_POINT ( 'NONE',  ( 23.00000000000000000, -7.000000000000000000, 4.000000000000000000 ) ) ;
#1061 = FACE_OUTER_BOUND ( 'NONE', #133, .T. ) ;
#1062 = DIRECTION ( 'NONE',  ( 0.000000000000000000, 0.000000000000000000, 1.000000000000000000 ) ) ;
#1063 = DIRECTION ( 'NONE',  ( 0.000000000000000000, 0.000000000000000000, -1.000000000000000000 ) ) ;
#1064 = CARTESIAN_POINT ( 'NONE',  ( 59.70000000000000284, -11.50000000000000000, 8.000000000000000000 ) ) ;
#1065 = EDGE_CURVE ( 'NONE', #365, #1559, #1173, .T. ) ;
#1066 = VERTEX_POINT ( 'NONE', #1783 ) ;
#1067 = ORIENTED_EDGE ( 'NONE', *, *, #100, .T. ) ;
#1068 = CIRCLE ( 'NONE', #635, 3.500000000000000000 ) ;
#1069 = ORIENTED_EDGE ( 'NONE', *, *, #1854, .T. ) ;
#1070 = APPROVAL_ROLE ( '' ) ;
#1071 = AXIS2_PLACEMENT_3D ( 'NONE', #794, #1381, #1829 ) ;
#1072 = LINE ( 'NONE', #647, #1852 ) ;
#1073 = DIRECTION ( 'NONE',  ( 1.000000000000000000, 0.000000000000000000, 0.000000000000000000 ) ) ;
#1074 = FACE_BOUND ( 'NONE', #1277, .T. ) ;
#1075 = CARTESIAN_POINT ( 'NONE',  ( -1.699999999999999956, -9.000000000000000000, 8.000000000000000000 ) ) ;
#1076 = ORIENTED_EDGE ( 'NONE', *, *, #985, .T. ) ;
#1077 = LOCAL_TIME ( 19, 8, 59.00000000000000000, #320 ) ;
#1078 = AXIS2_PLACEMENT_3D ( 'NONE', #790, #1477, #1522 ) ;
#1079 = EDGE_CURVE ( 'NONE', #248, #1222, #948, .T. ) ;
#1080 = DIRECTION ( 'NONE',  ( -1.000000000000000000, 0.000000000000000000, 0.000000000000000000 ) ) ;
#1081 = ORIENTED_EDGE ( 'NONE', *, *, #1520, .T. ) ;
#1082 = AXIS2_PLACEMENT_3D ( 'NONE', #252, #1119, #398 ) ;
#1083 = CARTESIAN_POINT ( 'NONE',  ( 0.000000000000000000, 9.000000000000000000, 8.000000000000000000 ) ) ;
#1084 = DIRECTION ( 'NONE',  ( 0.000000000000000000, 0.000000000000000000, -1.000000000000000000 ) ) ;
#1085 = CARTESIAN_POINT ( 'NONE',  ( 0.000000000000000000, 0.000000000000000000, 0.000000000000000000 ) ) ;
#1086 = AXIS2_PLACEMENT_3D ( 'NONE', #1718, #1423, #119 ) ;
#1087 = ORIENTED_EDGE ( 'NONE', *, *, #1369, .F. ) ;
#1088 = CARTESIAN_POINT ( 'NONE',  ( -9.000000000000000000, 0.000000000000000000, 4.000000000000000000 ) ) ;
#1089 = ORIENTED_EDGE ( 'NONE', *, *, #292, .F. ) ;
#1090 = APPROVAL ( #1321, 'UNSPECIFIED' ) ;
#1091 = ORIENTED_EDGE ( 'NONE', *, *, #1306, .F. ) ;
#1092 = EDGE_CURVE ( 'NONE', #422, #491, #604, .T. ) ;
#1093 = CARTESIAN_POINT ( 'NONE',  ( 23.00000000000000000, 7.000000000000000000, 4.000000000000000000 ) ) ;
#1094 = DIRECTION ( 'NONE',  ( 0.000000000000000000, 0.000000000000000000, 1.000000000000000000 ) ) ;
#1095 = CIRCLE ( 'NONE', #780, 7.000000000000000000 ) ;
#1096 = CARTESIAN_POINT ( 'NONE',  ( 58.00000000000000000, -11.50000000000000000, 0.000000000000000000 ) ) ;
#1097 = ORIENTED_EDGE ( 'NONE', *, *, #1535, .T. ) ;
#1098 = CARTESIAN_POINT ( 'NONE',  ( 0.000000000000000000, -7.000000000000000000, 8.000000000000000000 ) ) ;
#1099 = DIRECTION ( 'NONE',  ( -0.000000000000000000, -0.000000000000000000, -1.000000000000000000 ) ) ;
#1100 = EDGE_LOOP ( 'NONE', ( #1739, #138, #984, #865 ) ) ;
#1101 = ORIENTED_EDGE ( 'NONE', *, *, #1065, .F. ) ;
#1102 = AXIS2_PLACEMENT_3D ( 'NONE', #1723, #1704, #267 ) ;
#1103 = CARTESIAN_POINT ( 'NONE',  ( 56.30000000000000426, 11.50000000000000000, 0.000000000000000000 ) ) ;
#1104 = ADVANCED_FACE ( 'NONE', ( #1690 ), #1140, .F. ) ;
#1105 = CYLINDRICAL_SURFACE ( 'NONE', #1488, 4.000000000000000000 ) ;
#1106 = AXIS2_PLACEMENT_3D ( 'NONE', #693, #1853, #1566 ) ;
#1107 = DIRECTION ( 'NONE',  ( 0.000000000000000000, 0.000000000000000000, 1.000000000000000000 ) ) ;
#1108 = DIRECTION ( 'NONE',  ( 1.000000000000000000, 0.000000000000000000, 0.000000000000000000 ) ) ;
#1109 = ORIENTED_EDGE ( 'NONE', *, *, #1543, .T. ) ;
#1110 = EDGE_LOOP ( 'NONE', ( #645, #1712 ) ) ;
#1111 = DIRECTION ( 'NONE',  ( -1.000000000000000000, 0.000000000000000000, 0.000000000000000000 ) ) ;
#1112 = DIRECTION ( 'NONE',  ( 1.000000000000000000, 0.000000000000000000, 0.000000000000000000 ) ) ;
#1113 = APPROVAL ( #756, 'UNSPECIFIED' ) ;
#1114 = EDGE_CURVE ( 'NONE', #655, #1462, #697, .T. ) ;
#1115 = FACE_OUTER_BOUND ( 'NONE', #1653, .T. ) ;
#1116 = CARTESIAN_POINT ( 'NONE',  ( 0.000000000000000000, 0.000000000000000000, 8.000000000000000000 ) ) ;
#1117 = ORIENTED_EDGE ( 'NONE', *, *, #62, .F. ) ;
#1118 = ORIENTED_EDGE ( 'NONE', *, *, #500, .F. ) ;
#1119 = DIRECTION ( 'NONE',  ( 0.000000000000000000, 0.000000000000000000, 1.000000000000000000 ) ) ;
#1120 = DIRECTION ( 'NONE',  ( -1.000000000000000000, 0.000000000000000000, 0.000000000000000000 ) ) ;
#1121 = AXIS2_PLACEMENT_3D ( 'NONE', #878, #507, #1181 ) ;
#1122 = CARTESIAN_POINT ( 'NONE',  ( -1.699999999999999956, -9.000000000000000000, 0.000000000000000000 ) ) ;
#1123 = ADVANCED_FACE ( 'NONE', ( #827 ), #835, .T. ) ;
#1124 = DIRECTION ( 'NONE',  ( 0.000000000000000000, 0.000000000000000000, 1.000000000000000000 ) ) ;
#1125 = ORIENTED_EDGE ( 'NONE', *, *, #511, .F. ) ;
#1126 = CARTESIAN_POINT ( 'NONE',  ( -3.388860427931490449, 6.125000000000000888, 6.000000000000000000 ) ) ;
#1127 = DIRECTION ( 'NONE',  ( 1.000000000000000000, 0.000000000000000000, 0.000000000000000000 ) ) ;
#1128 = DIRECTION ( 'NONE',  ( 0.000000000000000000, 0.000000000000000000, 1.000000000000000000 ) ) ;
#1129 = DIRECTION ( 'NONE',  ( 1.000000000000000000, 0.000000000000000000, 0.000000000000000000 ) ) ;
#1130 = CIRCLE ( 'NONE', #1377, 1.699999999999999956 ) ;
#1131 = EDGE_LOOP ( 'NONE', ( #1101, #597, #1177, #274 ) ) ;
#1132 = EDGE_CURVE ( 'NONE', #1268, #1211, #1280, .T. ) ;
#1133 = VERTEX_POINT ( 'NONE', #1122 ) ;
#1134 = PRODUCT_DEFINITION_SHAPE ( 'NONE', 'NONE',  #970 ) ;
#1135 = CC_DESIGN_APPROVAL ( #541, ( #970 ) ) ;
#1136 = ADVANCED_FACE ( 'NONE', ( #409 ), #669, .F. ) ;
#1137 = DIRECTION ( 'NONE',  ( -0.000000000000000000, -0.000000000000000000, -1.000000000000000000 ) ) ;
#1138 = CARTESIAN_POINT ( 'NONE',  ( 58.00000000000000000, -11.50000000000000000, 0.000000000000000000 ) ) ;
#1139 = CIRCLE ( 'NONE', #649, 3.500000000000000000 ) ;
#1140 = CYLINDRICAL_SURFACE ( 'NONE', #1802, 1.700000000000000178 ) ;
#1141 = DIRECTION ( 'NONE',  ( -1.000000000000000000, 0.000000000000000000, 0.000000000000000000 ) ) ;
#1142 = VERTEX_POINT ( 'NONE', #1707 ) ;
#1143 = ORIENTED_EDGE ( 'NONE', *, *, #1342, .T. ) ;
#1144 = CARTESIAN_POINT ( 'NONE',  ( 3.354101966249684263, 8.000000000000000000, 8.000000000000000000 ) ) ;
#1145 = CARTESIAN_POINT ( 'NONE',  ( -3.500000000000000000, -7.000000000000000000, 8.000000000000000000 ) ) ;
#1146 = ADVANCED_FACE ( 'NONE', ( #1115 ), #1861, .F. ) ;
#1147 = VECTOR ( 'NONE', #730, 1000.000000000000000 ) ;
#1148 = DIRECTION ( 'NONE',  ( -1.000000000000000000, 0.000000000000000000, 0.000000000000000000 ) ) ;
#1149 = DIRECTION ( 'NONE',  ( -0.000000000000000000, -0.000000000000000000, -1.000000000000000000 ) ) ;
#1150 = ORIENTED_EDGE ( 'NONE', *, *, #132, .T. ) ;
#1151 = ORIENTED_EDGE ( 'NONE', *, *, #1456, .F. ) ;
#1152 = ORIENTED_EDGE ( 'NONE', *, *, #937, .F. ) ;
#1153 = FACE_OUTER_BOUND ( 'NONE', #998, .T. ) ;
#1154 = DIRECTION ( 'NONE',  ( 0.000000000000000000, 0.000000000000000000, 1.000000000000000000 ) ) ;
#1155 = ADVANCED_FACE ( 'NONE', ( #1557 ), #1550, .T. ) ;
#1156 = LINE ( 'NONE', #758, #717 ) ;
#1157 = AXIS2_PLACEMENT_3D ( 'NONE', #524, #1413, #99 ) ;
#1158 = DIRECTION ( 'NONE',  ( 1.000000000000000000, 0.000000000000000000, 0.000000000000000000 ) ) ;
#1159 = CARTESIAN_POINT ( 'NONE',  ( 0.000000000000000000, -9.000000000000000000, 8.000000000000000000 ) ) ;
#1160 = EDGE_LOOP ( 'NONE', ( #1577, #1492 ) ) ;
#1161 = CIRCLE ( 'NONE', #1735, 3.500000000000000000 ) ;
#1162 = ORIENTED_EDGE ( 'NONE', *, *, #1388, .F. ) ;
#1163 = VERTEX_POINT ( 'NONE', #1683 ) ;
#1164 = CARTESIAN_POINT ( 'NONE',  ( 0.000000000000000000, 0.000000000000000000, 8.000000000000000000 ) ) ;
#1165 = CARTESIAN_POINT ( 'NONE',  ( 0.000000000000000000, -9.000000000000000000, 8.000000000000000000 ) ) ;
#1166 = AXIS2_PLACEMENT_3D ( 'NONE', #27, #1335, #1208 ) ;
#1167 = DIRECTION ( 'NONE',  ( -0.000000000000000000, -0.000000000000000000, -1.000000000000000000 ) ) ;
#1168 = DIRECTION ( 'NONE',  ( 1.000000000000000000, 0.000000000000000000, 0.000000000000000000 ) ) ;
#1169 = EDGE_CURVE ( 'NONE', #179, #821, #1008, .T. ) ;
#1170 = EDGE_LOOP ( 'NONE', ( #611, #1235, #1362, #1545 ) ) ;
#1171 = ORIENTED_EDGE ( 'NONE', *, *, #1037, .F. ) ;
#1172 = DIRECTION ( 'NONE',  ( 1.000000000000000000, 0.000000000000000000, -0.000000000000000000 ) ) ;
#1173 = LINE ( 'NONE', #1060, #979 ) ;
#1174 = CIRCLE ( 'NONE', #1415, 1.700000000000000178 ) ;
#1175 = CARTESIAN_POINT ( 'NONE',  ( 0.000000000000000000, -9.000000000000000000, 8.000000000000000000 ) ) ;
#1176 = FACE_BOUND ( 'NONE', #121, .T. ) ;
#1177 = ORIENTED_EDGE ( 'NONE', *, *, #1665, .T. ) ;
#1178 = EDGE_CURVE ( 'NONE', #1720, #422, #846, .T. ) ;
#1179 = CIRCLE ( 'NONE', #56, 3.500000000000000000 ) ;
#1180 = ORIENTED_EDGE ( 'NONE', *, *, #514, .F. ) ;
#1181 = DIRECTION ( 'NONE',  ( 1.000000000000000000, 0.000000000000000000, 0.000000000000000000 ) ) ;
#1182 = PERSON_AND_ORGANIZATION_ROLE ( 'classification_officer' ) ;
#1183 = DIRECTION ( 'NONE',  ( -1.000000000000000000, 0.000000000000000000, 0.000000000000000000 ) ) ;
#1184 = CARTESIAN_POINT ( 'NONE',  ( -7.299999999999998934, 2.081899558550500033E-16, 0.000000000000000000 ) ) ;
#1185 = AXIS2_PLACEMENT_3D ( 'NONE', #1776, #1062, #196 ) ;
#1186 = DIRECTION ( 'NONE',  ( 1.000000000000000000, 0.000000000000000000, 0.000000000000000000 ) ) ;
#1187 = ORIENTED_EDGE ( 'NONE', *, *, #1092, .F. ) ;
#1188 = VERTEX_POINT ( 'NONE', #270 ) ;
#1189 = VECTOR ( 'NONE', #110, 1000.000000000000000 ) ;
#1190 = ADVANCED_FACE ( 'NONE', ( #1430 ), #819, .T. ) ;
#1191 = EDGE_LOOP ( 'NONE', ( #1203, #1187, #888, #718 ) ) ;
#1192 = CARTESIAN_POINT ( 'NONE',  ( 58.00000000000000000, 11.50000000000000000, 8.000000000000000000 ) ) ;
#1193 = EDGE_CURVE ( 'NONE', #176, #131, #397, .T. ) ;
#1194 = AXIS2_PLACEMENT_3D ( 'NONE', #633, #1057, #1515 ) ;
#1195 = LINE ( 'NONE', #1775, #386 ) ;
#1196 = CARTESIAN_POINT ( 'NONE',  ( -8.000000000000000000, -3.354101966249684263, 4.000000000000000000 ) ) ;
#1197 = VECTOR ( 'NONE', #836, 1000.000000000000000 ) ;
#1198 = CARTESIAN_POINT ( 'NONE',  ( 9.000000000000000000, 0.000000000000000000, 8.000000000000000000 ) ) ;
#1199 = VECTOR ( 'NONE', #429, 1000.000000000000000 ) ;
#1200 = CARTESIAN_POINT ( 'NONE',  ( 27.00000000000000000, -11.50000000000000000, 8.000000000000000000 ) ) ;
#1201 = EDGE_LOOP ( 'NONE', ( #688, #479, #908, #528 ) ) ;
#1202 = CARTESIAN_POINT ( 'NONE',  ( 1.699999999999999956, -9.000000000000000000, 8.000000000000000000 ) ) ;
#1203 = ORIENTED_EDGE ( 'NONE', *, *, #685, .F. ) ;
#1204 = DIRECTION ( 'NONE',  ( 0.000000000000000000, 0.000000000000000000, -1.000000000000000000 ) ) ;
#1205 = PERSON_AND_ORGANIZATION ( #1347, #823 ) ;
#1206 = DIRECTION ( 'NONE',  ( -1.000000000000000000, 0.000000000000000000, 0.000000000000000000 ) ) ;
#1207 = EDGE_CURVE ( 'NONE', #940, #176, #1422, .T. ) ;
#1208 = DIRECTION ( 'NONE',  ( 1.000000000000000000, 0.000000000000000000, 0.000000000000000000 ) ) ;
#1209 = FACE_BOUND ( 'NONE', #1160, .T. ) ;
#1210 = CARTESIAN_POINT ( 'NONE',  ( -3.500000000000000000, -7.000000000000000000, 8.000000000000000000 ) ) ;
#1211 = VERTEX_POINT ( 'NONE', #1697 ) ;
#1212 = ORIENTED_EDGE ( 'NONE', *, *, #1275, .F. ) ;
#1213 = ORIENTED_EDGE ( 'NONE', *, *, #478, .T. ) ;
#1214 = AXIS2_PLACEMENT_3D ( 'NONE', #1014, #321, #1764 ) ;
#1215 = SHAPE_DEFINITION_REPRESENTATION ( #1134, #20 ) ;
#1216 = DIRECTION ( 'NONE',  ( 0.000000000000000000, 0.000000000000000000, 1.000000000000000000 ) ) ;
#1217 = CARTESIAN_POINT ( 'NONE',  ( 58.00000000000000000, 11.50000000000000000, 8.000000000000000000 ) ) ;
#1218 = DIRECTION ( 'NONE',  ( -0.000000000000000000, -0.000000000000000000, -1.000000000000000000 ) ) ;
#1219 = EDGE_CURVE ( 'NONE', #632, #1163, #678, .T. ) ;
#1220 = DIRECTION ( 'NONE',  ( 1.000000000000000000, 0.000000000000000000, 0.000000000000000000 ) ) ;
#1221 = ORIENTED_EDGE ( 'NONE', *, *, #776, .F. ) ;
#1222 = VERTEX_POINT ( 'NONE', #393 ) ;
#1223 = VECTOR ( 'NONE', #344, 1000.000000000000000 ) ;
#1224 = ORIENTED_EDGE ( 'NONE', *, *, #1132, .F. ) ;
#1225 = LINE ( 'NONE', #959, #904 ) ;
#1226 = CYLINDRICAL_SURFACE ( 'NONE', #1650, 3.500000000000000444 ) ;
#1227 = DIRECTION ( 'NONE',  ( -0.000000000000000000, -0.000000000000000000, -1.000000000000000000 ) ) ;
#1228 = FACE_OUTER_BOUND ( 'NONE', #1561, .T. ) ;
#1229 = VERTEX_POINT ( 'NONE', #542 ) ;
#1230 = LOCAL_TIME ( 19, 8, 59.00000000000000000, #193 ) ;
#1231 = CIRCLE ( 'NONE', #400, 3.500000000000000444 ) ;
#1232 = EDGE_CURVE ( 'NONE', #821, #459, #1833, .T. ) ;
#1233 = DIRECTION ( 'NONE',  ( -0.000000000000000000, -0.000000000000000000, -1.000000000000000000 ) ) ;
#1234 = ORIENTED_EDGE ( 'NONE', *, *, #39, .T. ) ;
#1235 = ORIENTED_EDGE ( 'NONE', *, *, #1065, .T. ) ;
#1236 = LINE ( 'NONE', #1357, #1451 ) ;
#1237 = CARTESIAN_POINT ( 'NONE',  ( 62.00000000000000000, 15.00000000000000000, 0.000000000000000000 ) ) ;
#1238 = DIRECTION ( 'NONE',  ( 1.000000000000000000, 0.000000000000000000, 0.000000000000000000 ) ) ;
#1239 = ORIENTED_EDGE ( 'NONE', *, *, #451, .T. ) ;
#1240 = DIRECTION ( 'NONE',  ( -0.000000000000000000, -0.000000000000000000, -1.000000000000000000 ) ) ;
#1241 = LINE ( 'NONE', #527, #1529 ) ;
#1242 = ORIENTED_EDGE ( 'NONE', *, *, #858, .T. ) ;
#1243 = EDGE_CURVE ( 'NONE', #570, #1642, #250, .T. ) ;
#1244 = ORIENTED_EDGE ( 'NONE', *, *, #694, .F. ) ;
#1245 = DIRECTION ( 'NONE',  ( -0.000000000000000000, -0.000000000000000000, -1.000000000000000000 ) ) ;
#1246 = DIRECTION ( 'NONE',  ( -1.000000000000000000, 0.000000000000000000, 0.000000000000000000 ) ) ;
#1247 = AXIS2_PLACEMENT_3D ( 'NONE', #1673, #460, #1626 ) ;
#1248 = DIRECTION ( 'NONE',  ( 1.000000000000000000, 0.000000000000000000, 0.000000000000000000 ) ) ;
#1249 = DIRECTION ( 'NONE',  ( 0.000000000000000000, -0.000000000000000000, -1.000000000000000000 ) ) ;
#1250 = ORIENTED_EDGE ( 'NONE', *, *, #1867, .T. ) ;
#1251 = AXIS2_PLACEMENT_3D ( 'NONE', #1217, #1084, #1795 ) ;
#1252 = CARTESIAN_POINT ( 'NONE',  ( 3.388860427931489561, 6.125000000000000888, 8.000000000000000000 ) ) ;
#1253 = CARTESIAN_POINT ( 'NONE',  ( -4.000000000000000000, 0.000000000000000000, 8.000000000000000000 ) ) ;
#1254 = EDGE_CURVE ( 'NONE', #837, #1494, #1610, .T. ) ;
#1255 = VECTOR ( 'NONE', #1308, 1000.000000000000000 ) ;
#1256 = CARTESIAN_POINT ( 'NONE',  ( 23.00000000000000000, -15.00000000000000000, 4.000000000000000000 ) ) ;
#1257 = DIRECTION ( 'NONE',  ( -0.000000000000000000, -0.000000000000000000, -1.000000000000000000 ) ) ;
#1258 = ORIENTED_EDGE ( 'NONE', *, *, #1178, .T. ) ;
#1259 = CIRCLE ( 'NONE', #1560, 7.000000000000000000 ) ;
#1260 = ORIENTED_EDGE ( 'NONE', *, *, #1865, .F. ) ;
#1261 = DIRECTION ( 'NONE',  ( 1.000000000000000000, 0.000000000000000000, 0.000000000000000000 ) ) ;
#1262 = DIRECTION ( 'NONE',  ( -1.000000000000000000, 0.000000000000000000, 0.000000000000000000 ) ) ;
#1263 = EDGE_CURVE ( 'NONE', #130, #1841, #1161, .T. ) ;
#1264 = DIRECTION ( 'NONE',  ( -0.000000000000000000, -0.000000000000000000, -1.000000000000000000 ) ) ;
#1265 = CIRCLE ( 'NONE', #1086, 3.500000000000000000 ) ;
#1266 = CARTESIAN_POINT ( 'NONE',  ( 7.299999999999998934, 0.000000000000000000, 0.000000000000000000 ) ) ;
#1267 = ORIENTED_EDGE ( 'NONE', *, *, #1573, .F. ) ;
#1268 = VERTEX_POINT ( 'NONE', #732 ) ;
#1269 = CYLINDRICAL_SURFACE ( 'NONE', #1047, 4.000000000000000000 ) ;
#1270 = DIRECTION ( 'NONE',  ( 0.000000000000000000, 0.000000000000000000, 1.000000000000000000 ) ) ;
#1271 = ADVANCED_FACE ( 'NONE', ( #456, #885, #1176, #854, #1440, #1459 ), #578, .T. ) ;
#1272 = AXIS2_PLACEMENT_3D ( 'NONE', #1784, #626, #343 ) ;
#1273 = DIRECTION ( 'NONE',  ( 0.000000000000000000, 0.000000000000000000, 1.000000000000000000 ) ) ;
#1274 = DIRECTION ( 'NONE',  ( 0.000000000000000000, 0.000000000000000000, 1.000000000000000000 ) ) ;
#1275 = EDGE_CURVE ( 'NONE', #933, #1578, #487, .T. ) ;
#1276 = ORIENTED_EDGE ( 'NONE', *, *, #1787, .T. ) ;
#1277 = EDGE_LOOP ( 'NONE', ( #1058, #1025 ) ) ;
#1278 = DIRECTION ( 'NONE',  ( -0.000000000000000000, -0.000000000000000000, -1.000000000000000000 ) ) ;
#1279 = CALENDAR_DATE ( 2026, 28, 9 ) ;
#1280 = LINE ( 'NONE', #1406, #1189 ) ;
#1281 = CARTESIAN_POINT ( 'NONE',  ( -3.388860427931489561, 6.125000000000000000, 4.000000000000000000 ) ) ;
#1282 = VECTOR ( 'NONE', #1537, 1000.000000000000000 ) ;
#1283 = VERTEX_POINT ( 'NONE', #895 ) ;
#1284 = VERTEX_POINT ( 'NONE', #290 ) ;
#1285 = EDGE_CURVE ( 'NONE', #1163, #1757, #1024, .T. ) ;
#1286 = CARTESIAN_POINT ( 'NONE',  ( 56.30000000000000426, 11.50000000000000000, 8.000000000000000000 ) ) ;
#1287 = DIRECTION ( 'NONE',  ( 1.000000000000000000, 0.000000000000000000, 0.000000000000000000 ) ) ;
#1288 = DIRECTION ( 'NONE',  ( 0.000000000000000000, 0.000000000000000000, 1.000000000000000000 ) ) ;
#1289 = CARTESIAN_POINT ( 'NONE',  ( 0.000000000000000000, -7.000000000000000000, 4.000000000000000000 ) ) ;
#1290 = ORIENTED_EDGE ( 'NONE', *, *, #707, .F. ) ;
#1291 = ORIENTED_EDGE ( 'NONE', *, *, #1630, .T. ) ;
#1292 = ADVANCED_FACE ( 'NONE', ( #1450 ), #136, .F. ) ;
#1293 = ORIENTED_EDGE ( 'NONE', *, *, #1564, .T. ) ;
#1294 = DIRECTION ( 'NONE',  ( 0.000000000000000000, 0.000000000000000000, 1.000000000000000000 ) ) ;
#1295 = PERSON_AND_ORGANIZATION ( #1347, #823 ) ;
#1296 = AXIS2_PLACEMENT_3D ( 'NONE', #1734, #1323, #1051 ) ;
#1297 = DIRECTION ( 'NONE',  ( -0.000000000000000000, -0.000000000000000000, -1.000000000000000000 ) ) ;
#1298 = DIRECTION ( 'NONE',  ( -1.000000000000000000, -0.000000000000000000, -0.000000000000000000 ) ) ;
#1299 = VERTEX_POINT ( 'NONE', #704 ) ;
#1300 = ORIENTED_EDGE ( 'NONE', *, *, #813, .T. ) ;
#1301 = ORIENTED_EDGE ( 'NONE', *, *, #1689, .F. ) ;
#1302 = CYLINDRICAL_SURFACE ( 'NONE', #554, 7.000000000000000000 ) ;
#1303 = CC_DESIGN_PERSON_AND_ORGANIZATION_ASSIGNMENT ( #261, #135, ( #1572 ) ) ;
#1304 = DIRECTION ( 'NONE',  ( -0.000000000000000000, -0.000000000000000000, -1.000000000000000000 ) ) ;
#1305 = DIRECTION ( 'NONE',  ( 0.000000000000000000, 0.000000000000000000, -1.000000000000000000 ) ) ;
#1306 = EDGE_CURVE ( 'NONE', #1299, #1010, #915, .T. ) ;
#1307 = CIRCLE ( 'NONE', #482, 16.00000000000000000 ) ;
#1308 = DIRECTION ( 'NONE',  ( 0.000000000000000000, 0.000000000000000000, -1.000000000000000000 ) ) ;
#1309 = ORIENTED_EDGE ( 'NONE', *, *, #1132, .T. ) ;
#1310 = AXIS2_PLACEMENT_3D ( 'NONE', #1043, #418, #558 ) ;
#1311 = ORIENTED_EDGE ( 'NONE', *, *, #1193, .F. ) ;
#1312 = CARTESIAN_POINT ( 'NONE',  ( 0.000000000000000000, -9.000000000000000000, 0.000000000000000000 ) ) ;
#1313 = AXIS2_PLACEMENT_3D ( 'NONE', #1755, #1879, #567 ) ;
#1314 = CARTESIAN_POINT ( 'NONE',  ( 9.000000000000000000, 0.000000000000000000, 8.000000000000000000 ) ) ;
#1315 = EDGE_CURVE ( 'NONE', #218, #1883, #187, .T. ) ;
#1316 = CARTESIAN_POINT ( 'NONE',  ( 1.699999999999999956, 9.000000000000000000, 8.000000000000000000 ) ) ;
#1317 = VERTEX_POINT ( 'NONE', #1726 ) ;
#1318 = CIRCLE ( 'NONE', #1870, 7.000000000000000000 ) ;
#1319 = VERTEX_POINT ( 'NONE', #1594 ) ;
#1320 = DIRECTION ( 'NONE',  ( 0.000000000000000000, 0.000000000000000000, 1.000000000000000000 ) ) ;
#1321 = APPROVAL_STATUS ( 'not_yet_approved' ) ;
#1322 = AXIS2_PLACEMENT_3D ( 'NONE', #124, #1714, #1868 ) ;
#1323 = DIRECTION ( 'NONE',  ( 0.000000000000000000, 0.000000000000000000, -1.000000000000000000 ) ) ;
#1324 = CARTESIAN_POINT ( 'NONE',  ( -7.000000000000000000, 0.000000000000000000, 8.000000000000000000 ) ) ;
#1325 = CARTESIAN_POINT ( 'NONE',  ( 8.000000000000001776, -3.354101966249684263, 8.000000000000000000 ) ) ;
#1326 = EDGE_CURVE ( 'NONE', #1007, #433, #97, .T. ) ;
#1327 = ORIENTED_EDGE ( 'NONE', *, *, #1495, .F. ) ;
#1328 = EDGE_CURVE ( 'NONE', #1516, #1133, #146, .T. ) ;
#1329 = ORIENTED_EDGE ( 'NONE', *, *, #1359, .T. ) ;
#1330 = AXIS2_PLACEMENT_3D ( 'NONE', #1498, #916, #195 ) ;
#1331 = ORIENTED_EDGE ( 'NONE', *, *, #1193, .T. ) ;
#1332 = CYLINDRICAL_SURFACE ( 'NONE', #337, 1.700000000000000178 ) ;
#1333 = SECURITY_CLASSIFICATION_LEVEL ( 'unclassified' ) ;
#1334 = LINE ( 'NONE', #863, #1449 ) ;
#1335 = DIRECTION ( 'NONE',  ( 0.000000000000000000, 0.000000000000000000, 1.000000000000000000 ) ) ;
#1336 = CARTESIAN_POINT ( 'NONE',  ( -10.69999999999999929, 0.000000000000000000, 0.000000000000000000 ) ) ;
#1337 = AXIS2_PLACEMENT_3D ( 'NONE', #1138, #1304, #1571 ) ;
#1338 = DIRECTION ( 'NONE',  ( 0.000000000000000000, 0.000000000000000000, -1.000000000000000000 ) ) ;
#1339 = EDGE_LOOP ( 'NONE', ( #1417, #189, #681, #545 ) ) ;
#1340 = CARTESIAN_POINT ( 'NONE',  ( 62.00000000000000000, -15.00000000000000000, 4.000000000000000000 ) ) ;
#1341 = VECTOR ( 'NONE', #128, 1000.000000000000000 ) ;
#1342 = EDGE_CURVE ( 'NONE', #411, #1284, #1493, .T. ) ;
#1343 = ORIENTED_EDGE ( 'NONE', *, *, #251, .F. ) ;
#1344 = LINE ( 'NONE', #319, #629 ) ;
#1345 = PERSON_AND_ORGANIZATION_ROLE ( 'creator' ) ;
#1346 = CARTESIAN_POINT ( 'NONE',  ( 0.000000000000000000, -7.000000000000000000, 8.000000000000000000 ) ) ;
#1347 = PERSON ( 'UNSPECIFIED', 'UNSPECIFIED', 'UNSPECIFIED', ('UNSPECIFIED'), ('UNSPECIFIED'), ('UNSPECIFIED') ) ;
#1348 = DIRECTION ( 'NONE',  ( -0.000000000000000000, -0.000000000000000000, -1.000000000000000000 ) ) ;
#1349 = VECTOR ( 'NONE', #687, 1000.000000000000000 ) ;
#1350 = CARTESIAN_POINT ( 'NONE',  ( 0.000000000000000000, -7.000000000000000000, 8.000000000000000000 ) ) ;
#1351 = VECTOR ( 'NONE', #496, 1000.000000000000000 ) ;
#1352 = PLANE ( 'NONE',  #127 ) ;
#1353 = ORIENTED_EDGE ( 'NONE', *, *, #1835, .T. ) ;
#1354 = ORIENTED_EDGE ( 'NONE', *, *, #685, .T. ) ;
#1355 = ORIENTED_EDGE ( 'NONE', *, *, #1564, .F. ) ;
#1356 = EDGE_CURVE ( 'NONE', #1133, #440, #577, .T. ) ;
#1357 = CARTESIAN_POINT ( 'NONE',  ( 23.00000000000000000, -15.00000000000000000, 4.000000000000000000 ) ) ;
#1358 = CARTESIAN_POINT ( 'NONE',  ( 14.38749456993815734, -7.000000000000000000, 4.000000000000000000 ) ) ;
#1359 = EDGE_CURVE ( 'NONE', #1700, #1514, #1437, .T. ) ;
#1360 = CARTESIAN_POINT ( 'NONE',  ( 27.00000000000000000, 11.50000000000000000, 4.000000000000000000 ) ) ;
#1361 = CARTESIAN_POINT ( 'NONE',  ( -3.354101966249685152, 8.000000000000000000, 8.000000000000000000 ) ) ;
#1362 = ORIENTED_EDGE ( 'NONE', *, *, #994, .T. ) ;
#1363 = VERTEX_POINT ( 'NONE', #1316 ) ;
#1364 = EDGE_LOOP ( 'NONE', ( #1329, #338, #1479, #1480 ) ) ;
#1365 = VECTOR ( 'NONE', #787, 1000.000000000000000 ) ;
#1366 = CARTESIAN_POINT ( 'NONE',  ( 9.000000000000000000, 0.000000000000000000, 8.000000000000000000 ) ) ;
#1367 = CARTESIAN_POINT ( 'NONE',  ( 0.000000000000000000, 9.000000000000000000, 8.000000000000000000 ) ) ;
#1368 = FACE_BOUND ( 'NONE', #47, .T. ) ;
#1369 = EDGE_CURVE ( 'NONE', #1514, #233, #1737, .T. ) ;
#1370 = FACE_OUTER_BOUND ( 'NONE', #991, .T. ) ;
#1371 = VERTEX_POINT ( 'NONE', #1325 ) ;
#1372 = EDGE_LOOP ( 'NONE', ( #1171, #1710, #222, #1675 ) ) ;
#1373 = ORIENTED_EDGE ( 'NONE', *, *, #1388, .T. ) ;
#1374 = VERTEX_POINT ( 'NONE', #586 ) ;
#1375 = CYLINDRICAL_SURFACE ( 'NONE', #1696, 1.700000000000000178 ) ;
#1376 = CARTESIAN_POINT ( 'NONE',  ( -9.000000000000000000, 0.000000000000000000, 8.000000000000000000 ) ) ;
#1377 = AXIS2_PLACEMENT_3D ( 'NONE', #1544, #1257, #518 ) ;
#1378 = DIRECTION ( 'NONE',  ( -0.000000000000000000, -0.000000000000000000, -1.000000000000000000 ) ) ;
#1379 = EDGE_CURVE ( 'NONE', #491, #601, #1532, .T. ) ;
#1380 = ORIENTED_EDGE ( 'NONE', *, *, #1207, .F. ) ;
#1381 = DIRECTION ( 'NONE',  ( 0.000000000000000000, 0.000000000000000000, 1.000000000000000000 ) ) ;
#1382 = CARTESIAN_POINT ( 'NONE',  ( 25.30000000000000071, -11.50000000000000000, 0.000000000000000000 ) ) ;
#1383 = ORIENTED_EDGE ( 'NONE', *, *, #923, .F. ) ;
#1384 = ORIENTED_EDGE ( 'NONE', *, *, #1854, .F. ) ;
#1385 = LINE ( 'NONE', #658, #209 ) ;
#1386 = CYLINDRICAL_SURFACE ( 'NONE', #724, 1.700000000000000178 ) ;
#1387 = DIRECTION ( 'NONE',  ( -0.000000000000000000, -0.000000000000000000, -1.000000000000000000 ) ) ;
#1388 = EDGE_CURVE ( 'NONE', #752, #680, #956, .T. ) ;
#1389 = DIRECTION ( 'NONE',  ( -1.000000000000000000, 0.000000000000000000, 0.000000000000000000 ) ) ;
#1390 = LINE ( 'NONE', #394, #1679 ) ;
#1391 = VERTEX_POINT ( 'NONE', #1660 ) ;
#1392 = EDGE_LOOP ( 'NONE', ( #831, #159, #432, #1045 ) ) ;
#1393 = ADVANCED_FACE ( 'NONE', ( #749 ), #782, .T. ) ;
#1394 = CIRCLE ( 'NONE', #866, 3.500000000000000000 ) ;
#1395 = LINE ( 'NONE', #1657, #1603 ) ;
#1396 = DIRECTION ( 'NONE',  ( 0.000000000000000000, 0.000000000000000000, 1.000000000000000000 ) ) ;
#1397 = DIRECTION ( 'NONE',  ( 0.000000000000000000, 0.000000000000000000, -1.000000000000000000 ) ) ;
#1398 = CARTESIAN_POINT ( 'NONE',  ( 0.000000000000000000, 7.000000000000000000, 8.000000000000000000 ) ) ;
#1399 = ORIENTED_EDGE ( 'NONE', *, *, #1799, .F. ) ;
#1400 = ORIENTED_EDGE ( 'NONE', *, *, #88, .T. ) ;
#1401 = AXIS2_PLACEMENT_3D ( 'NONE', #1844, #532, #1120 ) ;
#1402 = ADVANCED_FACE ( 'NONE', ( #1228 ), #186, .F. ) ;
#1403 = CARTESIAN_POINT ( 'NONE',  ( 0.000000000000000000, 0.000000000000000000, 4.000000000000000000 ) ) ;
#1404 = CARTESIAN_POINT ( 'NONE',  ( 7.000000000000000000, 0.000000000000000000, 8.000000000000000000 ) ) ;
#1405 = AXIS2_PLACEMENT_3D ( 'NONE', #1542, #1107, #94 ) ;
#1406 = CARTESIAN_POINT ( 'NONE',  ( -3.500000000000000000, -9.000000000000000000, 8.000000000000000000 ) ) ;
#1407 = CARTESIAN_POINT ( 'NONE',  ( 3.388860427931489561, -6.125000000000000000, 4.000000000000000000 ) ) ;
#1408 = PRODUCT_DEFINITION_FORMATION_WITH_SPECIFIED_SOURCE ( 'ANY', '', #1572, .NOT_KNOWN. ) ;
#1409 = EDGE_LOOP ( 'NONE', ( #1831, #860, #1693, #1611 ) ) ;
#1410 = EDGE_LOOP ( 'NONE', ( #942, #105, #899, #510 ) ) ;
#1411 = CYLINDRICAL_SURFACE ( 'NONE', #1567, 1.699999999999999956 ) ;
#1412 = EDGE_CURVE ( 'NONE', #3, #1374, #1640, .T. ) ;
#1413 = DIRECTION ( 'NONE',  ( 0.000000000000000000, 0.000000000000000000, 1.000000000000000000 ) ) ;
#1414 = CARTESIAN_POINT ( 'NONE',  ( 10.69999999999999929, 2.081899558550500033E-16, 8.000000000000000000 ) ) ;
#1415 = AXIS2_PLACEMENT_3D ( 'NONE', #1834, #986, #406 ) ;
#1416 = DIRECTION ( 'NONE',  ( -0.000000000000000000, -0.000000000000000000, -1.000000000000000000 ) ) ;
#1417 = ORIENTED_EDGE ( 'NONE', *, *, #1412, .F. ) ;
#1418 = CARTESIAN_POINT ( 'NONE',  ( 0.000000000000000000, 7.000000000000000000, 4.000000000000000000 ) ) ;
#1419 = DIRECTION ( 'NONE',  ( 1.000000000000000000, 0.000000000000000000, 0.000000000000000000 ) ) ;
#1420 = VECTOR ( 'NONE', #161, 1000.000000000000000 ) ;
#1421 = EDGE_CURVE ( 'NONE', #651, #96, #1013, .T. ) ;
#1422 = LINE ( 'NONE', #1414, #277 ) ;
#1423 = DIRECTION ( 'NONE',  ( 0.000000000000000000, 0.000000000000000000, 1.000000000000000000 ) ) ;
#1424 = EDGE_LOOP ( 'NONE', ( #588, #598, #1234, #1445 ) ) ;
#1425 = ORIENTED_EDGE ( 'NONE', *, *, #1232, .F. ) ;
#1426 = CARTESIAN_POINT ( 'NONE',  ( 0.000000000000000000, 0.000000000000000000, 4.000000000000000000 ) ) ;
#1427 = AXIS2_PLACEMENT_3D ( 'NONE', #253, #374, #1246 ) ;
#1428 = CARTESIAN_POINT ( 'NONE',  ( -3.354101966249685152, -8.000000000000000000, 6.000000000000000000 ) ) ;
#1429 = AXIS2_PLACEMENT_3D ( 'NONE', #383, #989, #1717 ) ;
#1430 = FACE_OUTER_BOUND ( 'NONE', #395, .T. ) ;
#1431 = EDGE_CURVE ( 'NONE', #1514, #1700, #523, .T. ) ;
#1432 = DIRECTION ( 'NONE',  ( -0.000000000000000000, -0.000000000000000000, -1.000000000000000000 ) ) ;
#1433 = CIRCLE ( 'NONE', #1038, 3.499999999999999556 ) ;
#1434 = ORIENTED_EDGE ( 'NONE', *, *, #993, .F. ) ;
#1435 = ORIENTED_EDGE ( 'NONE', *, *, #1285, .F. ) ;
#1436 = AXIS2_PLACEMENT_3D ( 'NONE', #695, #1432, #1576 ) ;
#1437 = CIRCLE ( 'NONE', #5, 4.000000000000000000 ) ;
#1438 = VERTEX_POINT ( 'NONE', #74 ) ;
#1439 = FACE_BOUND ( 'NONE', #1789, .T. ) ;
#1440 = FACE_OUTER_BOUND ( 'NONE', #431, .T. ) ;
#1441 = CARTESIAN_POINT ( 'NONE',  ( 0.000000000000000000, 7.000000000000000000, 4.000000000000000000 ) ) ;
#1442 = ORIENTED_EDGE ( 'NONE', *, *, #1608, .F. ) ;
#1443 = EDGE_LOOP ( 'NONE', ( #791, #1152, #663, #355 ) ) ;
#1444 = ADVANCED_FACE ( 'NONE', ( #761 ), #1352, .F. ) ;
#1445 = ORIENTED_EDGE ( 'NONE', *, *, #1412, .T. ) ;
#1446 = FACE_BOUND ( 'NONE', #552, .T. ) ;
#1447 = DIRECTION ( 'NONE',  ( 1.000000000000000000, 0.000000000000000000, 0.000000000000000000 ) ) ;
#1448 = LINE ( 'NONE', #584, #1547 ) ;
#1449 = VECTOR ( 'NONE', #1305, 1000.000000000000000 ) ;
#1450 = FACE_OUTER_BOUND ( 'NONE', #81, .T. ) ;
#1451 = VECTOR ( 'NONE', #1817, 1000.000000000000000 ) ;
#1452 = ORIENTED_EDGE ( 'NONE', *, *, #1263, .T. ) ;
#1453 = EDGE_LOOP ( 'NONE', ( #561, #1748 ) ) ;
#1454 = DIRECTION ( 'NONE',  ( -1.000000000000000000, 0.000000000000000000, 0.000000000000000000 ) ) ;
#1455 = APPLICATION_PROTOCOL_DEFINITION ( 'international standard', 'config_control_design', 1994, #779 ) ;
#1456 = EDGE_CURVE ( 'NONE', #68, #1317, #1464, .T. ) ;
#1457 = CARTESIAN_POINT ( 'NONE',  ( 0.000000000000000000, 9.000000000000000000, 0.000000000000000000 ) ) ;
#1458 = AXIS2_PLACEMENT_3D ( 'NONE', #549, #565, #1563 ) ;
#1459 = FACE_BOUND ( 'NONE', #1517, .T. ) ;
#1460 = ORIENTED_EDGE ( 'NONE', *, *, #1878, .F. ) ;
#1461 = AXIS2_PLACEMENT_3D ( 'NONE', #315, #1469, #1032 ) ;
#1462 = VERTEX_POINT ( 'NONE', #1210 ) ;
#1463 = CARTESIAN_POINT ( 'NONE',  ( 56.30000000000000426, -11.50000000000000000, 4.000000000000000000 ) ) ;
#1464 = CIRCLE ( 'NONE', #1590, 1.700000000000000178 ) ;
#1465 = ADVANCED_FACE ( 'NONE', ( #1513 ), #1670, .F. ) ;
#1466 = LINE ( 'NONE', #1474, #1420 ) ;
#1467 = DIRECTION ( 'NONE',  ( -1.000000000000000000, 0.000000000000000000, 0.000000000000000000 ) ) ;
#1468 = EDGE_CURVE ( 'NONE', #1578, #1317, #476, .T. ) ;
#1469 = DIRECTION ( 'NONE',  ( -0.000000000000000000, -0.000000000000000000, -1.000000000000000000 ) ) ;
#1470 = ORIENTED_EDGE ( 'NONE', *, *, #1736, .F. ) ;
#1471 = CARTESIAN_POINT ( 'NONE',  ( 8.000000000000001776, 3.354101966249684263, 4.000000000000000000 ) ) ;
#1472 = ORIENTED_EDGE ( 'NONE', *, *, #66, .F. ) ;
#1473 = DIRECTION ( 'NONE',  ( -0.000000000000000000, -0.000000000000000000, -1.000000000000000000 ) ) ;
#1474 = CARTESIAN_POINT ( 'NONE',  ( 62.00000000000000000, 15.00000000000000000, 4.000000000000000000 ) ) ;
#1475 = DIRECTION ( 'NONE',  ( 0.000000000000000000, 0.000000000000000000, 1.000000000000000000 ) ) ;
#1476 = DIRECTION ( 'NONE',  ( 0.000000000000000000, 0.000000000000000000, -1.000000000000000000 ) ) ;
#1477 = DIRECTION ( 'NONE',  ( 0.000000000000000000, 0.000000000000000000, -1.000000000000000000 ) ) ;
#1478 = ADVANCED_FACE ( 'NONE', ( #1370 ), #326, .T. ) ;
#1479 = ORIENTED_EDGE ( 'NONE', *, *, #1530, .T. ) ;
#1480 = ORIENTED_EDGE ( 'NONE', *, *, #1713, .F. ) ;
#1481 = AXIS2_PLACEMENT_3D ( 'NONE', #228, #450, #168 ) ;
#1482 = ORIENTED_EDGE ( 'NONE', *, *, #282, .T. ) ;
#1483 = DIRECTION ( 'NONE',  ( 0.000000000000000000, 0.000000000000000000, 1.000000000000000000 ) ) ;
#1484 = PERSON_AND_ORGANIZATION ( #1347, #823 ) ;
#1485 = DIRECTION ( 'NONE',  ( 0.000000000000000000, 0.000000000000000000, -1.000000000000000000 ) ) ;
#1486 = DIRECTION ( 'NONE',  ( -0.000000000000000000, -0.000000000000000000, -1.000000000000000000 ) ) ;
#1487 = CARTESIAN_POINT ( 'NONE',  ( 62.00000000000000000, -15.00000000000000000, 4.000000000000000000 ) ) ;
#1488 = AXIS2_PLACEMENT_3D ( 'NONE', #1521, #362, #92 ) ;
#1489 = DIRECTION ( 'NONE',  ( -0.000000000000000000, -0.000000000000000000, -1.000000000000000000 ) ) ;
#1490 = ORIENTED_EDGE ( 'NONE', *, *, #33, .T. ) ;
#1491 = EDGE_CURVE ( 'NONE', #876, #632, #1503, .T. ) ;
#1492 = ORIENTED_EDGE ( 'NONE', *, *, #652, .F. ) ;
#1493 = CIRCLE ( 'NONE', #1741, 1.700000000000000178 ) ;
#1494 = VERTEX_POINT ( 'NONE', #1361 ) ;
#1495 = EDGE_CURVE ( 'NONE', #1841, #1319, #1259, .T. ) ;
#1496 = DIRECTION ( 'NONE',  ( 1.000000000000000000, 0.000000000000000000, 0.000000000000000000 ) ) ;
#1497 = DATE_AND_TIME ( #461, #883 ) ;
#1498 = CARTESIAN_POINT ( 'NONE',  ( 0.000000000000000000, -9.000000000000000000, 8.000000000000000000 ) ) ;
#1499 = CYLINDRICAL_SURFACE ( 'NONE', #158, 3.500000000000000444 ) ;
#1500 = AXIS2_PLACEMENT_3D ( 'NONE', #1862, #551, #1129 ) ;
#1501 = FACE_BOUND ( 'NONE', #849, .T. ) ;
#1502 = CIRCLE ( 'NONE', #674, 1.700000000000000178 ) ;
#1503 = LINE ( 'NONE', #198, #1838 ) ;
#1504 = ORIENTED_EDGE ( 'NONE', *, *, #1553, .F. ) ;
#1505 = DIRECTION ( 'NONE',  ( 0.000000000000000000, 0.000000000000000000, 1.000000000000000000 ) ) ;
#1506 = ORIENTED_EDGE ( 'NONE', *, *, #1027, .T. ) ;
#1507 = DATE_AND_TIME ( #1762, #1230 ) ;
#1508 = EDGE_CURVE ( 'NONE', #1782, #365, #1798, .T. ) ;
#1509 = CARTESIAN_POINT ( 'NONE',  ( -6.125000000000000888, 3.388860427931490449, 6.000000000000000000 ) ) ;
#1510 = CARTESIAN_POINT ( 'NONE',  ( 23.00000000000000000, 15.00000000000000000, 0.000000000000000000 ) ) ;
#1511 = AXIS2_PLACEMENT_3D ( 'NONE', #1880, #1053, #1141 ) ;
#1512 = DIRECTION ( 'NONE',  ( -1.000000000000000000, 0.000000000000000000, 0.000000000000000000 ) ) ;
#1513 = FACE_OUTER_BOUND ( 'NONE', #955, .T. ) ;
#1514 = VERTEX_POINT ( 'NONE', #486 ) ;
#1515 = DIRECTION ( 'NONE',  ( 1.000000000000000000, 0.000000000000000000, 0.000000000000000000 ) ) ;
#1516 = VERTEX_POINT ( 'NONE', #1075 ) ;
#1517 = EDGE_LOOP ( 'NONE', ( #1622, #1442, #1125, #403, #1118, #1221, #1301, #580, #1162, #1434, #1856, #490, #563, #420, #814, #1526, #634, #671, #1810, #1460, #1035, #257, #1738 ) ) ;
#1518 = AXIS2_PLACEMENT_3D ( 'NONE', #636, #204, #775 ) ;
#1519 = CARTESIAN_POINT ( 'NONE',  ( 8.000000000000001776, -3.354101966249684708, 6.000000000000000000 ) ) ;
#1520 = EDGE_CURVE ( 'NONE', #113, #1588, #1651, .T. ) ;
#1521 = CARTESIAN_POINT ( 'NONE',  ( 0.000000000000000000, 0.000000000000000000, 8.000000000000000000 ) ) ;
#1522 = DIRECTION ( 'NONE',  ( -1.000000000000000000, 0.000000000000000000, 0.000000000000000000 ) ) ;
#1523 = ORIENTED_EDGE ( 'NONE', *, *, #617, .F. ) ;
#1524 = FACE_OUTER_BOUND ( 'NONE', #306, .T. ) ;
#1525 = ORIENTED_EDGE ( 'NONE', *, *, #1886, .F. ) ;
#1526 = ORIENTED_EDGE ( 'NONE', *, *, #1643, .F. ) ;
#1527 = LINE ( 'NONE', #332, #1026 ) ;
#1528 = CARTESIAN_POINT ( 'NONE',  ( 28.69999999999999929, -11.50000000000000000, 0.000000000000000000 ) ) ;
#1529 = VECTOR ( 'NONE', #357, 1000.000000000000000 ) ;
#1530 = EDGE_CURVE ( 'NONE', #233, #480, #884, .T. ) ;
#1531 = DIRECTION ( 'NONE',  ( -0.000000000000000000, -1.000000000000000000, -0.000000000000000000 ) ) ;
#1532 = CIRCLE ( 'NONE', #280, 3.500000000000000000 ) ;
#1533 = EDGE_LOOP ( 'NONE', ( #922, #1873, #286, #1525 ) ) ;
#1534 = APPROVAL_PERSON_ORGANIZATION ( #1295, #541, #1869 ) ;
#1535 = EDGE_CURVE ( 'NONE', #1801, #912, #226, .T. ) ;
#1536 = CARTESIAN_POINT ( 'NONE',  ( -9.000000000000000000, 0.000000000000000000, 8.000000000000000000 ) ) ;
#1537 = DIRECTION ( 'NONE',  ( 0.000000000000000000, 0.000000000000000000, -1.000000000000000000 ) ) ;
#1538 = ORIENTED_EDGE ( 'NONE', *, *, #792, .F. ) ;
#1539 = ORIENTED_EDGE ( 'NONE', *, *, #216, .T. ) ;
#1540 = DIRECTION ( 'NONE',  ( -0.000000000000000000, 0.000000000000000000, 1.000000000000000000 ) ) ;
#1541 = DIRECTION ( 'NONE',  ( 1.000000000000000000, 0.000000000000000000, 0.000000000000000000 ) ) ;
#1542 = CARTESIAN_POINT ( 'NONE',  ( 0.000000000000000000, -7.000000000000000000, 8.000000000000000000 ) ) ;
#1543 = EDGE_CURVE ( 'NONE', #178, #1780, #1502, .T. ) ;
#1544 = CARTESIAN_POINT ( 'NONE',  ( 0.000000000000000000, 9.000000000000000000, 0.000000000000000000 ) ) ;
#1545 = ORIENTED_EDGE ( 'NONE', *, *, #1491, .F. ) ;
#1546 = VERTEX_POINT ( 'NONE', #1638 ) ;
#1547 = VECTOR ( 'NONE', #1485, 1000.000000000000000 ) ;
#1548 = CARTESIAN_POINT ( 'NONE',  ( 1.699999999999999956, -9.000000000000000000, 0.000000000000000000 ) ) ;
#1549 = DIRECTION ( 'NONE',  ( -0.000000000000000000, -0.000000000000000000, -1.000000000000000000 ) ) ;
#1550 = CYLINDRICAL_SURFACE ( 'NONE', #30, 3.500000000000000000 ) ;
#1551 = CARTESIAN_POINT ( 'NONE',  ( 9.000000000000000000, 0.000000000000000000, 8.000000000000000000 ) ) ;
#1552 = ORIENTED_EDGE ( 'NONE', *, *, #751, .F. ) ;
#1553 = EDGE_CURVE ( 'NONE', #601, #1438, #619, .T. ) ;
#1554 = FACE_OUTER_BOUND ( 'NONE', #520, .T. ) ;
#1555 = CARTESIAN_POINT ( 'NONE',  ( -3.500000000000000000, 9.000000000000000000, 4.000000000000000000 ) ) ;
#1556 = AXIS2_PLACEMENT_3D ( 'NONE', #980, #1128, #873 ) ;
#1557 = FACE_OUTER_BOUND ( 'NONE', #786, .T. ) ;
#1558 = CYLINDRICAL_SURFACE ( 'NONE', #71, 7.000000000000000000 ) ;
#1559 = VERTEX_POINT ( 'NONE', #1628 ) ;
#1560 = AXIS2_PLACEMENT_3D ( 'NONE', #53, #217, #1220 ) ;
#1561 = EDGE_LOOP ( 'NONE', ( #1384, #796, #1353, #743 ) ) ;
#1562 = CARTESIAN_POINT ( 'NONE',  ( 0.000000000000000000, -9.000000000000000000, 4.000000000000000000 ) ) ;
#1563 = DIRECTION ( 'NONE',  ( 0.000000000000000000, -0.000000000000000000, 1.000000000000000000 ) ) ;
#1564 = EDGE_CURVE ( 'NONE', #1229, #1371, #1808, .T. ) ;
#1565 = VECTOR ( 'NONE', #581, 1000.000000000000000 ) ;
#1566 = DIRECTION ( 'NONE',  ( -1.000000000000000000, 0.000000000000000000, 0.000000000000000000 ) ) ;
#1567 = AXIS2_PLACEMENT_3D ( 'NONE', #666, #381, #673 ) ;
#1568 = CARTESIAN_POINT ( 'NONE',  ( 4.000000000000000000, 4.898587196589412829E-16, 0.000000000000000000 ) ) ;
#1569 = ORIENTED_EDGE ( 'NONE', *, *, #985, .F. ) ;
#1570 = CYLINDRICAL_SURFACE ( 'NONE', #585, 16.00000000000000000 ) ;
#1571 = DIRECTION ( 'NONE',  ( 1.000000000000000000, 0.000000000000000000, 0.000000000000000000 ) ) ;
#1572 = PRODUCT ( 'ARM-204_Modular_forearm_MG996R', 'ARM-204_Modular_forearm_MG996R', '', ( #851 ) ) ;
#1573 = EDGE_CURVE ( 'NONE', #96, #829, #184, .T. ) ;
#1574 = AXIS2_PLACEMENT_3D ( 'NONE', #755, #1240, #890 ) ;
#1575 = CARTESIAN_POINT ( 'NONE',  ( -7.000000000000000000, 0.000000000000000000, 8.000000000000000000 ) ) ;
#1576 = DIRECTION ( 'NONE',  ( -1.000000000000000000, 0.000000000000000000, 0.000000000000000000 ) ) ;
#1577 = ORIENTED_EDGE ( 'NONE', *, *, #120, .F. ) ;
#1578 = VERTEX_POINT ( 'NONE', #311 ) ;
#1579 = ORIENTED_EDGE ( 'NONE', *, *, #1379, .F. ) ;
#1580 = CARTESIAN_POINT ( 'NONE',  ( 0.000000000000000000, 0.000000000000000000, 8.000000000000000000 ) ) ;
#1581 = VECTOR ( 'NONE', #60, 1000.000000000000000 ) ;
#1582 = VECTOR ( 'NONE', #534, 1000.000000000000000 ) ;
#1583 = EDGE_CURVE ( 'NONE', #318, #1363, #342, .T. ) ;
#1584 = CARTESIAN_POINT ( 'NONE',  ( 0.000000000000000000, 0.000000000000000000, 4.000000000000000000 ) ) ;
#1585 = CARTESIAN_POINT ( 'NONE',  ( 7.299999999999998934, 0.000000000000000000, 8.000000000000000000 ) ) ;
#1586 = ADVANCED_FACE ( 'NONE', ( #41 ), #1226, .T. ) ;
#1587 = ORIENTED_EDGE ( 'NONE', *, *, #408, .F. ) ;
#1588 = VERTEX_POINT ( 'NONE', #595 ) ;
#1589 = VECTOR ( 'NONE', #129, 1000.000000000000000 ) ;
#1590 = AXIS2_PLACEMENT_3D ( 'NONE', #1096, #1779, #609 ) ;
#1591 = ORIENTED_EDGE ( 'NONE', *, *, #844, .T. ) ;
#1592 = DIRECTION ( 'NONE',  ( -0.000000000000000000, -0.000000000000000000, -1.000000000000000000 ) ) ;
#1593 = CARTESIAN_POINT ( 'NONE',  ( -3.354101966249684263, -8.000000000000000000, 8.000000000000000000 ) ) ;
#1594 = CARTESIAN_POINT ( 'NONE',  ( -6.125000000000000888, 3.388860427931489561, 8.000000000000000000 ) ) ;
#1595 = EDGE_LOOP ( 'NONE', ( #1117, #1800, #869, #1569 ) ) ;
#1596 = ADVANCED_FACE ( 'NONE', ( #493 ), #1499, .T. ) ;
#1597 = AXIS2_PLACEMENT_3D ( 'NONE', #893, #638, #1063 ) ;
#1598 = VERTEX_POINT ( 'NONE', #322 ) ;
#1599 = DIRECTION ( 'NONE',  ( 1.000000000000000000, 0.000000000000000000, 0.000000000000000000 ) ) ;
#1600 =( NAMED_UNIT ( * ) PLANE_ANGLE_UNIT ( ) SI_UNIT ( $, .RADIAN. ) );
#1601 = DIRECTION ( 'NONE',  ( -0.000000000000000000, -0.000000000000000000, -1.000000000000000000 ) ) ;
#1602 = CARTESIAN_POINT ( 'NONE',  ( 62.00000000000000000, -15.00000000000000000, 0.000000000000000000 ) ) ;
#1603 = VECTOR ( 'NONE', #72, 1000.000000000000000 ) ;
#1604 = ORIENTED_EDGE ( 'NONE', *, *, #909, .T. ) ;
#1605 = EDGE_CURVE ( 'NONE', #1635, #1652, #1658, .T. ) ;
#1606 = ORIENTED_EDGE ( 'NONE', *, *, #463, .F. ) ;
#1607 = CARTESIAN_POINT ( 'NONE',  ( -3.354101966249684263, -8.000000000000000000, 4.000000000000000000 ) ) ;
#1608 = EDGE_CURVE ( 'NONE', #265, #156, #1231, .T. ) ;
#1609 = DIRECTION ( 'NONE',  ( -1.000000000000000000, 0.000000000000000000, 0.000000000000000000 ) ) ;
#1610 = LINE ( 'NONE', #864, #1341 ) ;
#1611 = ORIENTED_EDGE ( 'NONE', *, *, #120, .T. ) ;
#1612 = CIRCLE ( 'NONE', #1769, 1.700000000000000178 ) ;
#1613 = ORIENTED_EDGE ( 'NONE', *, *, #652, .T. ) ;
#1614 = ORIENTED_EDGE ( 'NONE', *, *, #1079, .T. ) ;
#1615 = DIRECTION ( 'NONE',  ( 0.000000000000000000, 0.000000000000000000, 1.000000000000000000 ) ) ;
#1616 = VECTOR ( 'NONE', #288, 1000.000000000000000 ) ;
#1617 = DIRECTION ( 'NONE',  ( 1.000000000000000000, 0.000000000000000000, 0.000000000000000000 ) ) ;
#1618 = EDGE_CURVE ( 'NONE', #601, #1188, #515, .T. ) ;
#1619 = DIRECTION ( 'NONE',  ( 1.000000000000000000, 0.000000000000000000, 0.000000000000000000 ) ) ;
#1620 = FACE_OUTER_BOUND ( 'NONE', #1170, .T. ) ;
#1621 = CARTESIAN_POINT ( 'NONE',  ( 58.00000000000000000, -11.50000000000000000, 4.000000000000000000 ) ) ;
#1622 = ORIENTED_EDGE ( 'NONE', *, *, #39, .F. ) ;
#1623 = AXIS2_PLACEMENT_3D ( 'NONE', #1314, #1031, #1609 ) ;
#1624 = ORIENTED_EDGE ( 'NONE', *, *, #803, .F. ) ;
#1625 = VERTEX_POINT ( 'NONE', #1184 ) ;
#1626 = DIRECTION ( 'NONE',  ( -1.000000000000000000, 0.000000000000000000, 0.000000000000000000 ) ) ;
#1627 = CARTESIAN_POINT ( 'NONE',  ( 23.00000000000000000, -15.00000000000000000, 4.000000000000000000 ) ) ;
#1628 = CARTESIAN_POINT ( 'NONE',  ( 23.00000000000000000, -7.000000000000000000, 0.000000000000000000 ) ) ;
#1629 = CARTESIAN_POINT ( 'NONE',  ( 28.69999999999999929, 11.50000000000000000, 0.000000000000000000 ) ) ;
#1630 = EDGE_CURVE ( 'NONE', #1010, #316, #171, .T. ) ;
#1631 = DIRECTION ( 'NONE',  ( 0.000000000000000000, 0.000000000000000000, -1.000000000000000000 ) ) ;
#1632 = EDGE_LOOP ( 'NONE', ( #725, #1091, #957, #1239 ) ) ;
#1633 = CIRCLE ( 'NONE', #562, 3.500000000000000000 ) ;
#1634 = CARTESIAN_POINT ( 'NONE',  ( 3.354101966249684263, 8.000000000000000000, 4.000000000000000000 ) ) ;
#1635 = VERTEX_POINT ( 'NONE', #162 ) ;
#1636 = CARTESIAN_POINT ( 'NONE',  ( 27.00000000000000000, -11.50000000000000000, 4.000000000000000000 ) ) ;
#1637 = DIRECTION ( 'NONE',  ( 0.000000000000000000, 0.000000000000000000, 1.000000000000000000 ) ) ;
#1638 = CARTESIAN_POINT ( 'NONE',  ( 3.500000000000000000, -9.000000000000000000, 8.000000000000000000 ) ) ;
#1639 = FACE_OUTER_BOUND ( 'NONE', #147, .T. ) ;
#1640 = LINE ( 'NONE', #207, #646 ) ;
#1641 = CC_DESIGN_DATE_AND_TIME_ASSIGNMENT ( #1497, #902, ( #970 ) ) ;
#1642 = VERTEX_POINT ( 'NONE', #1196 ) ;
#1643 = EDGE_CURVE ( 'NONE', #1283, #218, #692, .T. ) ;
#1644 = ORIENTED_EDGE ( 'NONE', *, *, #1016, .T. ) ;
#1645 = AXIS2_PLACEMENT_3D ( 'NONE', #1256, #962, #971 ) ;
#1646 = ORIENTED_EDGE ( 'NONE', *, *, #566, .F. ) ;
#1647 = LINE ( 'NONE', #1509, #90 ) ;
#1648 = CARTESIAN_POINT ( 'NONE',  ( 25.30000000000000071, 11.50000000000000000, 0.000000000000000000 ) ) ;
#1649 = CARTESIAN_POINT ( 'NONE',  ( -3.388860427931490449, -6.125000000000000888, 6.000000000000000000 ) ) ;
#1650 = AXIS2_PLACEMENT_3D ( 'NONE', #1324, #205, #16 ) ;
#1651 = LINE ( 'NONE', #1809, #1351 ) ;
#1652 = VERTEX_POINT ( 'NONE', #464 ) ;
#1653 = EDGE_LOOP ( 'NONE', ( #469, #1291, #1490, #765 ) ) ;
#1654 = ADVANCED_FACE ( 'NONE', ( #1765 ), #905, .T. ) ;
#1655 = ORIENTED_EDGE ( 'NONE', *, *, #251, .T. ) ;
#1656 = AXIS2_PLACEMENT_3D ( 'NONE', #166, #57, #1080 ) ;
#1657 = CARTESIAN_POINT ( 'NONE',  ( -1.699999999999999956, 9.000000000000000000, 8.000000000000000000 ) ) ;
#1658 = LINE ( 'NONE', #472, #987 ) ;
#1659 = CIRCLE ( 'NONE', #929, 1.700000000000000178 ) ;
#1660 = CARTESIAN_POINT ( 'NONE',  ( 3.500000000000000000, -9.000000000000000000, 4.000000000000000000 ) ) ;
#1661 = ORIENTED_EDGE ( 'NONE', *, *, #396, .T. ) ;
#1662 = CARTESIAN_POINT ( 'NONE',  ( 56.30000000000000426, -11.50000000000000000, 8.000000000000000000 ) ) ;
#1663 = ORIENTED_EDGE ( 'NONE', *, *, #707, .T. ) ;
#1664 = ORIENTED_EDGE ( 'NONE', *, *, #1701, .F. ) ;
#1665 = EDGE_CURVE ( 'NONE', #1782, #387, #777, .T. ) ;
#1666 = VECTOR ( 'NONE', #1029, 1000.000000000000000 ) ;
#1667 = CARTESIAN_POINT ( 'NONE',  ( -3.354101966249684263, 8.000000000000000000, 4.000000000000000000 ) ) ;
#1668 = CYLINDRICAL_SURFACE ( 'NONE', #599, 3.500000000000000000 ) ;
#1669 = ADVANCED_FACE ( 'NONE', ( #51 ), #627, .F. ) ;
#1670 = CYLINDRICAL_SURFACE ( 'NONE', #702, 1.700000000000000178 ) ;
#1671 = EDGE_LOOP ( 'NONE', ( #447, #529, #208, #89 ) ) ;
#1672 = CIRCLE ( 'NONE', #122, 3.500000000000000000 ) ;
#1673 = CARTESIAN_POINT ( 'NONE',  ( 0.000000000000000000, 9.000000000000000000, 8.000000000000000000 ) ) ;
#1674 = DIRECTION ( 'NONE',  ( -1.000000000000000000, 0.000000000000000000, 0.000000000000000000 ) ) ;
#1675 = ORIENTED_EDGE ( 'NONE', *, *, #1665, .F. ) ;
#1676 = VERTEX_POINT ( 'NONE', #1648 ) ;
#1677 = CARTESIAN_POINT ( 'NONE',  ( -7.299999999999998934, 2.081899558550500033E-16, 8.000000000000000000 ) ) ;
#1678 = DIRECTION ( 'NONE',  ( 0.000000000000000000, 0.000000000000000000, 1.000000000000000000 ) ) ;
#1679 = VECTOR ( 'NONE', #1108, 1000.000000000000000 ) ;
#1680 = EDGE_CURVE ( 'NONE', #1757, #1635, #926, .T. ) ;
#1681 = AXIS2_PLACEMENT_3D ( 'NONE', #1441, #1855, #843 ) ;
#1682 = AXIS2_PLACEMENT_3D ( 'NONE', #505, #29, #1238 ) ;
#1683 = CARTESIAN_POINT ( 'NONE',  ( 62.00000000000000000, -15.00000000000000000, 0.000000000000000000 ) ) ;
#1684 = LINE ( 'NONE', #1848, #1706 ) ;
#1685 = EDGE_LOOP ( 'NONE', ( #202, #1882, #240, #1213 ) ) ;
#1686 = DIRECTION ( 'NONE',  ( 1.000000000000000000, 0.000000000000000000, 0.000000000000000000 ) ) ;
#1687 = CARTESIAN_POINT ( 'NONE',  ( -4.000000000000000000, 0.000000000000000000, 8.000000000000000000 ) ) ;
#1688 = CLOSED_SHELL ( 'NONE', ( #731, #665, #439, #630, #314, #589, #1190, #1155, #475, #1146, #1402, #1669, #1777, #430, #1747, #1393, #375, #1271, #1596, #1759, #1586, #789, #10, #190, #376, #1722, #1123, #587, #709, #109, #525, #1444, #533, #1654, #384, #361, #1136, #1846, #1292, #77, #546, #1465, #1050, #1104, #21, #1774, #1478, #1816, #231, #448, #894, #1004, #242 ) ) ;
#1689 = EDGE_CURVE ( 'NONE', #997, #1211, #753, .T. ) ;
#1690 = FACE_OUTER_BOUND ( 'NONE', #457, .T. ) ;
#1691 = DIRECTION ( 'NONE',  ( 0.000000000000000000, 0.000000000000000000, 1.000000000000000000 ) ) ;
#1692 = ORIENTED_EDGE ( 'NONE', *, *, #451, .F. ) ;
#1693 = ORIENTED_EDGE ( 'NONE', *, *, #767, .T. ) ;
#1694 = CYLINDRICAL_SURFACE ( 'NONE', #405, 3.500000000000000000 ) ;
#1695 = DIRECTION ( 'NONE',  ( -1.000000000000000000, 0.000000000000000000, 0.000000000000000000 ) ) ;
#1696 = AXIS2_PLACEMENT_3D ( 'NONE', #1794, #492, #1206 ) ;
#1697 = CARTESIAN_POINT ( 'NONE',  ( -3.500000000000000000, -9.000000000000000000, 4.000000000000000000 ) ) ;
#1698 = DIRECTION ( 'NONE',  ( 1.000000000000000000, 0.000000000000000000, 0.000000000000000000 ) ) ;
#1699 = ORIENTED_EDGE ( 'NONE', *, *, #1232, .T. ) ;
#1700 = VERTEX_POINT ( 'NONE', #1253 ) ;
#1701 = EDGE_CURVE ( 'NONE', #1284, #411, #1763, .T. ) ;
#1702 = AXIS2_PLACEMENT_3D ( 'NONE', #407, #399, #1447 ) ;
#1703 = FACE_OUTER_BOUND ( 'NONE', #741, .T. ) ;
#1704 = DIRECTION ( 'NONE',  ( -0.000000000000000000, -0.000000000000000000, -1.000000000000000000 ) ) ;
#1705 = AXIS2_PLACEMENT_3D ( 'NONE', #1584, #1288, #164 ) ;
#1706 = VECTOR ( 'NONE', #795, 1000.000000000000000 ) ;
#1707 = CARTESIAN_POINT ( 'NONE',  ( -1.699999999999999956, 9.000000000000000000, 0.000000000000000000 ) ) ;
#1708 = CARTESIAN_POINT ( 'NONE',  ( -7.000000000000000000, 0.000000000000000000, 4.000000000000000000 ) ) ;
#1709 = LOCAL_TIME ( 19, 8, 59.00000000000000000, #14 ) ;
#1710 = ORIENTED_EDGE ( 'NONE', *, *, #177, .T. ) ;
#1711 = VECTOR ( 'NONE', #1040, 1000.000000000000000 ) ;
#1712 = ORIENTED_EDGE ( 'NONE', *, *, #934, .F. ) ;
#1713 = EDGE_CURVE ( 'NONE', #1700, #480, #83, .T. ) ;
#1714 = DIRECTION ( 'NONE',  ( 0.000000000000000000, 0.000000000000000000, -1.000000000000000000 ) ) ;
#1715 = CARTESIAN_POINT ( 'NONE',  ( 59.70000000000000284, 11.50000000000000000, 0.000000000000000000 ) ) ;
#1716 = AXIS2_PLACEMENT_3D ( 'NONE', #1418, #700, #276 ) ;
#1717 = DIRECTION ( 'NONE',  ( -1.000000000000000000, 0.000000000000000000, 0.000000000000000000 ) ) ;
#1718 = CARTESIAN_POINT ( 'NONE',  ( 0.000000000000000000, 7.000000000000000000, 4.000000000000000000 ) ) ;
#1719 = VERTEX_POINT ( 'NONE', #1555 ) ;
#1720 = VERTEX_POINT ( 'NONE', #825 ) ;
#1721 = DIRECTION ( 'NONE',  ( -0.000000000000000000, -0.000000000000000000, -1.000000000000000000 ) ) ;
#1722 = ADVANCED_FACE ( 'NONE', ( #504 ), #960, .T. ) ;
#1723 = CARTESIAN_POINT ( 'NONE',  ( 58.00000000000000000, -11.50000000000000000, 4.000000000000000000 ) ) ;
#1724 = EDGE_CURVE ( 'NONE', #179, #570, #648, .T. ) ;
#1725 = VECTOR ( 'NONE', #82, 1000.000000000000000 ) ;
#1726 = CARTESIAN_POINT ( 'NONE',  ( 59.70000000000000284, -11.50000000000000000, 0.000000000000000000 ) ) ;
#1727 = LINE ( 'NONE', #1487, #1349 ) ;
#1728 = EDGE_LOOP ( 'NONE', ( #1224, #544, #199, #754 ) ) ;
#1729 = ORIENTED_EDGE ( 'NONE', *, *, #1092, .T. ) ;
#1730 = EDGE_LOOP ( 'NONE', ( #1470, #1399, #1309, #1742 ) ) ;
#1731 = LINE ( 'NONE', #872, #968 ) ;
#1732 = CIRCLE ( 'NONE', #911, 3.500000000000000444 ) ;
#1733 = PERSON_AND_ORGANIZATION ( #1347, #823 ) ;
#1734 = CARTESIAN_POINT ( 'NONE',  ( 0.000000000000000000, 9.000000000000000000, 8.000000000000000000 ) ) ;
#1735 = AXIS2_PLACEMENT_3D ( 'NONE', #9, #1767, #713 ) ;
#1736 = EDGE_CURVE ( 'NONE', #1546, #1391, #799, .T. ) ;
#1737 = LINE ( 'NONE', #303, #1199 ) ;
#1738 = ORIENTED_EDGE ( 'NONE', *, *, #1054, .F. ) ;
#1739 = ORIENTED_EDGE ( 'NONE', *, *, #1618, .F. ) ;
#1740 = CIRCLE ( 'NONE', #762, 1.700000000000000178 ) ;
#1741 = AXIS2_PLACEMENT_3D ( 'NONE', #445, #2, #1168 ) ;
#1742 = ORIENTED_EDGE ( 'NONE', *, *, #776, .T. ) ;
#1743 = DIRECTION ( 'NONE',  ( -1.000000000000000000, 0.000000000000000000, 0.000000000000000000 ) ) ;
#1744 = CARTESIAN_POINT ( 'NONE',  ( -6.125000000000000000, 3.388860427931489561, 4.000000000000000000 ) ) ;
#1745 = FACE_OUTER_BOUND ( 'NONE', #715, .T. ) ;
#1746 = DIRECTION ( 'NONE',  ( 0.000000000000000000, 0.000000000000000000, 1.000000000000000000 ) ) ;
#1747 = ADVANCED_FACE ( 'NONE', ( #73 ), #1105, .F. ) ;
#1748 = ORIENTED_EDGE ( 'NONE', *, *, #1431, .F. ) ;
#1749 = AXIS2_PLACEMENT_3D ( 'NONE', #1350, #485, #1512 ) ;
#1750 = EDGE_CURVE ( 'NONE', #1719, #837, #1672, .T. ) ;
#1751 = ORIENTED_EDGE ( 'NONE', *, *, #351, .T. ) ;
#1752 = DIRECTION ( 'NONE',  ( 0.000000000000000000, 0.000000000000000000, 1.000000000000000000 ) ) ;
#1753 = DIRECTION ( 'NONE',  ( 1.000000000000000000, 0.000000000000000000, 0.000000000000000000 ) ) ;
#1754 = CARTESIAN_POINT ( 'NONE',  ( 23.00000000000000000, -15.00000000000000000, 0.000000000000000000 ) ) ;
#1755 = CARTESIAN_POINT ( 'NONE',  ( 0.000000000000000000, -9.000000000000000000, 0.000000000000000000 ) ) ;
#1756 = VECTOR ( 'NONE', #768, 1000.000000000000000 ) ;
#1757 = VERTEX_POINT ( 'NONE', #1237 ) ;
#1758 = ORIENTED_EDGE ( 'NONE', *, *, #262, .T. ) ;
#1759 = ADVANCED_FACE ( 'NONE', ( #353 ), #1818, .T. ) ;
#1760 = ORIENTED_EDGE ( 'NONE', *, *, #511, .T. ) ;
#1761 = CARTESIAN_POINT ( 'NONE',  ( 59.70000000000000284, 11.50000000000000000, 8.000000000000000000 ) ) ;
#1762 = CALENDAR_DATE ( 2026, 28, 9 ) ;
#1763 = CIRCLE ( 'NONE', #1828, 1.700000000000000178 ) ;
#1764 = DIRECTION ( 'NONE',  ( -1.000000000000000000, 0.000000000000000000, 0.000000000000000000 ) ) ;
#1765 = FACE_OUTER_BOUND ( 'NONE', #165, .T. ) ;
#1766 = DIRECTION ( 'NONE',  ( 0.000000000000000000, 0.000000000000000000, 1.000000000000000000 ) ) ;
#1767 = DIRECTION ( 'NONE',  ( 0.000000000000000000, 0.000000000000000000, 1.000000000000000000 ) ) ;
#1768 = ORIENTED_EDGE ( 'NONE', *, *, #1016, .F. ) ;
#1769 = AXIS2_PLACEMENT_3D ( 'NONE', #111, #1233, #954 ) ;
#1770 = FACE_OUTER_BOUND ( 'NONE', #1632, .T. ) ;
#1771 = VECTOR ( 'NONE', #1298, 1000.000000000000000 ) ;
#1772 = ORIENTED_EDGE ( 'NONE', *, *, #994, .F. ) ;
#1773 = DIRECTION ( 'NONE',  ( 1.000000000000000000, 0.000000000000000000, 0.000000000000000000 ) ) ;
#1774 = ADVANCED_FACE ( 'NONE', ( #382 ), #1668, .T. ) ;
#1775 = CARTESIAN_POINT ( 'NONE',  ( -10.69999999999999929, 0.000000000000000000, 8.000000000000000000 ) ) ;
#1776 = CARTESIAN_POINT ( 'NONE',  ( 0.000000000000000000, 7.000000000000000000, 4.000000000000000000 ) ) ;
#1777 = ADVANCED_FACE ( 'NONE', ( #936 ), #1386, .F. ) ;
#1778 = DIRECTION ( 'NONE',  ( 1.000000000000000000, 0.000000000000000000, 0.000000000000000000 ) ) ;
#1779 = DIRECTION ( 'NONE',  ( -0.000000000000000000, -0.000000000000000000, -1.000000000000000000 ) ) ;
#1780 = VERTEX_POINT ( 'NONE', #1528 ) ;
#1781 = ORIENTED_EDGE ( 'NONE', *, *, #720, .T. ) ;
#1782 = VERTEX_POINT ( 'NONE', #1827 ) ;
#1783 = CARTESIAN_POINT ( 'NONE',  ( 6.124999999999999112, 3.388860427931489561, 4.000000000000000000 ) ) ;
#1784 = CARTESIAN_POINT ( 'NONE',  ( 0.000000000000000000, -9.000000000000000000, 4.000000000000000000 ) ) ;
#1785 = CARTESIAN_POINT ( 'NONE',  ( 3.388860427931490449, -6.125000000000000888, 6.000000000000000000 ) ) ;
#1786 = FACE_BOUND ( 'NONE', #1866, .T. ) ;
#1787 = EDGE_CURVE ( 'NONE', #1374, #1720, #1732, .T. ) ;
#1788 = DIRECTION ( 'NONE',  ( -1.000000000000000000, 0.000000000000000000, 0.000000000000000000 ) ) ;
#1789 = EDGE_LOOP ( 'NONE', ( #920, #664 ) ) ;
#1790 = VECTOR ( 'NONE', #1617, 1000.000000000000000 ) ;
#1791 = AXIS2_PLACEMENT_3D ( 'NONE', #1346, #310, #880 ) ;
#1792 = CARTESIAN_POINT ( 'NONE',  ( 27.00000000000000000, 11.50000000000000000, 8.000000000000000000 ) ) ;
#1793 = EDGE_LOOP ( 'NONE', ( #1151, #930 ) ) ;
#1794 = CARTESIAN_POINT ( 'NONE',  ( -9.000000000000000000, 0.000000000000000000, 8.000000000000000000 ) ) ;
#1795 = DIRECTION ( 'NONE',  ( -1.000000000000000000, 0.000000000000000000, 0.000000000000000000 ) ) ;
#1796 = LINE ( 'NONE', #1649, #349 ) ;
#1797 = VECTOR ( 'NONE', #415, 1000.000000000000000 ) ;
#1798 = LINE ( 'NONE', #939, #38 ) ;
#1799 = EDGE_CURVE ( 'NONE', #1268, #1546, #1068, .T. ) ;
#1800 = ORIENTED_EDGE ( 'NONE', *, *, #1421, .T. ) ;
#1801 = VERTEX_POINT ( 'NONE', #235 ) ;
#1802 = AXIS2_PLACEMENT_3D ( 'NONE', #263, #1397, #660 ) ;
#1803 = ORIENTED_EDGE ( 'NONE', *, *, #177, .F. ) ;
#1804 = CARTESIAN_POINT ( 'NONE',  ( 23.00000000000000000, -15.00000000000000000, 4.000000000000000000 ) ) ;
#1805 = CARTESIAN_POINT ( 'NONE',  ( 7.000000000000000000, 0.000000000000000000, 8.000000000000000000 ) ) ;
#1806 =( GEOMETRIC_REPRESENTATION_CONTEXT ( 3 ) GLOBAL_UNCERTAINTY_ASSIGNED_CONTEXT ( ( #389 ) ) GLOBAL_UNIT_ASSIGNED_CONTEXT ( ( #425, #1600, #582 ) ) REPRESENTATION_CONTEXT ( 'NONE', 'WORKASPACE' ) );
#1807 = DIRECTION ( 'NONE',  ( -1.000000000000000000, 0.000000000000000000, 0.000000000000000000 ) ) ;
#1808 = CIRCLE ( 'NONE', #1166, 3.500000000000000444 ) ;
#1809 = CARTESIAN_POINT ( 'NONE',  ( 14.38749456993815734, 7.000000000000000000, 4.000000000000000000 ) ) ;
#1810 = ORIENTED_EDGE ( 'NONE', *, *, #657, .F. ) ;
#1811 = EDGE_CURVE ( 'NONE', #1642, #499, #93, .T. ) ;
#1812 = CARTESIAN_POINT ( 'NONE',  ( 3.388860427931489561, 6.125000000000000000, 4.000000000000000000 ) ) ;
#1813 = AXIS2_PLACEMENT_3D ( 'NONE', #1843, #1278, #1261 ) ;
#1814 = EDGE_LOOP ( 'NONE', ( #58, #65, #438, #1400 ) ) ;
#1815 = ORIENTED_EDGE ( 'NONE', *, *, #1254, .T. ) ;
#1816 = ADVANCED_FACE ( 'NONE', ( #977 ), #676, .T. ) ;
#1817 = DIRECTION ( 'NONE',  ( -0.000000000000000000, -1.000000000000000000, -0.000000000000000000 ) ) ;
#1818 = CYLINDRICAL_SURFACE ( 'NONE', #1427, 3.500000000000000444 ) ;
#1819 = DIRECTION ( 'NONE',  ( 0.000000000000000000, 0.000000000000000000, 1.000000000000000000 ) ) ;
#1820 = ORIENTED_EDGE ( 'NONE', *, *, #1275, .T. ) ;
#1821 = DIRECTION ( 'NONE',  ( 1.000000000000000000, 0.000000000000000000, 0.000000000000000000 ) ) ;
#1822 = LINE ( 'NONE', #1830, #1282 ) ;
#1823 = EDGE_LOOP ( 'NONE', ( #1267, #1760, #139, #1832 ) ) ;
#1824 = CIRCLE ( 'NONE', #999, 16.00000000000000000 ) ;
#1825 = EDGE_CURVE ( 'NONE', #1462, #680, #391, .T. ) ;
#1826 = DIRECTION ( 'NONE',  ( -1.000000000000000000, 0.000000000000000000, 0.000000000000000000 ) ) ;
#1827 = CARTESIAN_POINT ( 'NONE',  ( 14.38749456993815734, -7.000000000000000000, 4.000000000000000000 ) ) ;
#1828 = AXIS2_PLACEMENT_3D ( 'NONE', #1376, #967, #659 ) ;
#1829 = DIRECTION ( 'NONE',  ( 1.000000000000000000, 0.000000000000000000, 0.000000000000000000 ) ) ;
#1830 = CARTESIAN_POINT ( 'NONE',  ( 7.299999999999998934, 0.000000000000000000, 8.000000000000000000 ) ) ;
#1831 = ORIENTED_EDGE ( 'NONE', *, *, #729, .F. ) ;
#1832 = ORIENTED_EDGE ( 'NONE', *, *, #203, .F. ) ;
#1833 = CIRCLE ( 'NONE', #1, 3.500000000000000000 ) ;
#1834 = CARTESIAN_POINT ( 'NONE',  ( -9.000000000000000000, 0.000000000000000000, 0.000000000000000000 ) ) ;
#1835 = EDGE_CURVE ( 'NONE', #1317, #68, #245, .T. ) ;
#1836 = CARTESIAN_POINT ( 'NONE',  ( 3.500000000000000000, -9.000000000000000000, 8.000000000000000000 ) ) ;
#1837 = AXIS2_PLACEMENT_3D ( 'NONE', #1398, #95, #1840 ) ;
#1838 = VECTOR ( 'NONE', #771, 1000.000000000000000 ) ;
#1839 = DIRECTION ( 'NONE',  ( -0.000000000000000000, -0.000000000000000000, -1.000000000000000000 ) ) ;
#1840 = DIRECTION ( 'NONE',  ( -1.000000000000000000, 0.000000000000000000, 0.000000000000000000 ) ) ;
#1841 = VERTEX_POINT ( 'NONE', #1885 ) ;
#1842 = ORIENTED_EDGE ( 'NONE', *, *, #62, .T. ) ;
#1843 = CARTESIAN_POINT ( 'NONE',  ( 27.00000000000000000, 11.50000000000000000, 0.000000000000000000 ) ) ;
#1844 = CARTESIAN_POINT ( 'NONE',  ( -9.000000000000000000, 0.000000000000000000, 8.000000000000000000 ) ) ;
#1845 = CIRCLE ( 'NONE', #436, 3.500000000000000000 ) ;
#1846 = ADVANCED_FACE ( 'NONE', ( #871 ), #712, .F. ) ;
#1847 = CARTESIAN_POINT ( 'NONE',  ( 23.00000000000000000, -15.00000000000000000, 0.000000000000000000 ) ) ;
#1848 = CARTESIAN_POINT ( 'NONE',  ( -16.00000000000000000, 0.000000000000000000, 4.000000000000000000 ) ) ;
#1849 = VERTEX_POINT ( 'NONE', #1715 ) ;
#1850 = FACE_OUTER_BOUND ( 'NONE', #643, .T. ) ;
#1851 = DIRECTION ( 'NONE',  ( -0.000000000000000000, -0.000000000000000000, -1.000000000000000000 ) ) ;
#1852 = VECTOR ( 'NONE', #925, 1000.000000000000000 ) ;
#1853 = DIRECTION ( 'NONE',  ( -0.000000000000000000, -0.000000000000000000, -1.000000000000000000 ) ) ;
#1854 = EDGE_CURVE ( 'NONE', #1578, #933, #25, .T. ) ;
#1855 = DIRECTION ( 'NONE',  ( 0.000000000000000000, 0.000000000000000000, 1.000000000000000000 ) ) ;
#1856 = ORIENTED_EDGE ( 'NONE', *, *, #1811, .F. ) ;
#1857 = VERTEX_POINT ( 'NONE', #840 ) ;
#1858 = CARTESIAN_POINT ( 'NONE',  ( -4.000000000000000000, 0.000000000000000000, 0.000000000000000000 ) ) ;
#1859 = DATE_AND_TIME ( #1279, #4 ) ;
#1860 = CIRCLE ( 'NONE', #952, 3.499999999999999556 ) ;
#1861 = CYLINDRICAL_SURFACE ( 'NONE', #1429, 1.700000000000000178 ) ;
#1862 = CARTESIAN_POINT ( 'NONE',  ( 0.000000000000000000, 0.000000000000000000, 0.000000000000000000 ) ) ;
#1863 = CC_DESIGN_APPROVAL ( #1090, ( #1408 ) ) ;
#1864 = ORIENTED_EDGE ( 'NONE', *, *, #1219, .T. ) ;
#1865 = EDGE_CURVE ( 'NONE', #467, #387, #1307, .T. ) ;
#1866 = EDGE_LOOP ( 'NONE', ( #1768, #1472 ) ) ;
#1867 = EDGE_CURVE ( 'NONE', #716, #1268, #978, .T. ) ;
#1868 = DIRECTION ( 'NONE',  ( -1.000000000000000000, 0.000000000000000000, 0.000000000000000000 ) ) ;
#1869 = APPROVAL_ROLE ( '' ) ;
#1870 = AXIS2_PLACEMENT_3D ( 'NONE', #1426, #839, #1686 ) ;
#1871 = DIRECTION ( 'NONE',  ( 0.000000000000000000, 0.000000000000000000, 1.000000000000000000 ) ) ;
#1872 = CARTESIAN_POINT ( 'NONE',  ( 27.00000000000000000, -11.50000000000000000, 0.000000000000000000 ) ) ;
#1873 = ORIENTED_EDGE ( 'NONE', *, *, #1825, .T. ) ;
#1874 = EDGE_LOOP ( 'NONE', ( #845, #468 ) ) ;
#1875 = ORIENTED_EDGE ( 'NONE', *, *, #327, .T. ) ;
#1876 = CARTESIAN_POINT ( 'NONE',  ( 3.500000000000000000, 9.000000000000000000, 8.000000000000000000 ) ) ;
#1877 = APPROVAL_DATE_TIME ( #1859, #541 ) ;
#1878 = EDGE_CURVE ( 'NONE', #54, #1438, #150, .T. ) ;
#1879 = DIRECTION ( 'NONE',  ( -0.000000000000000000, -0.000000000000000000, -1.000000000000000000 ) ) ;
#1880 = CARTESIAN_POINT ( 'NONE',  ( -9.000000000000000000, 0.000000000000000000, 8.000000000000000000 ) ) ;
#1881 = ORIENTED_EDGE ( 'NONE', *, *, #1605, .F. ) ;
#1882 = ORIENTED_EDGE ( 'NONE', *, *, #300, .T. ) ;
#1883 = VERTEX_POINT ( 'NONE', #1744 ) ;
#1884 = FACE_BOUND ( 'NONE', #1453, .T. ) ;
#1885 = CARTESIAN_POINT ( 'NONE',  ( -3.388860427931490005, 6.125000000000000888, 8.000000000000000000 ) ) ;
#1886 = EDGE_CURVE ( 'NONE', #716, #997, #115, .T. ) ;
#1887 = LINE ( 'NONE', #183, #55 ) ;
ENDSEC;
END-ISO-10303-21;
