ISO-10303-21;
HEADER;
FILE_DESCRIPTION (( 'STEP AP203' ),
    '1' );
FILE_NAME ('ARM-203_Bolted_shoulder_upright.step',
    '2026-09-29T00:08:55',
    ( '' ),
    ( '' ),
    'SwSTEP 2.0',
    'SolidWorks 2026',
    '' );
FILE_SCHEMA (( 'CONFIG_CONTROL_DESIGN' ));
ENDSEC;

DATA;
#1 = ORIENTED_EDGE ( 'NONE', *, *, #1865, .T. ) ;
#2 = EDGE_CURVE ( 'NONE', #1205, #204, #277, .T. ) ;
#3 = CYLINDRICAL_SURFACE ( 'NONE', #179, 1.700000000000000178 ) ;
#4 = ORIENTED_EDGE ( 'NONE', *, *, #1396, .T. ) ;
#5 = CARTESIAN_POINT ( 'NONE',  ( 32.00000000000000000, 83.00000000000000000, 8.000000000000000000 ) ) ;
#6 = LINE ( 'NONE', #182, #967 ) ;
#7 = DIRECTION ( 'NONE',  ( 0.000000000000000000, 0.000000000000000000, -1.000000000000000000 ) ) ;
#8 = VERTEX_POINT ( 'NONE', #91 ) ;
#9 = EDGE_CURVE ( 'NONE', #1016, #1612, #1777, .T. ) ;
#10 = VERTEX_POINT ( 'NONE', #1752 ) ;
#11 = AXIS2_PLACEMENT_3D ( 'NONE', #337, #1688, #1380 ) ;
#12 = EDGE_LOOP ( 'NONE', ( #1724, #778, #1100, #806 ) ) ;
#13 = DIRECTION ( 'NONE',  ( 0.000000000000000000, 0.000000000000000000, -1.000000000000000000 ) ) ;
#14 = VECTOR ( 'NONE', #58, 1000.000000000000000 ) ;
#15 = ORIENTED_EDGE ( 'NONE', *, *, #627, .F. ) ;
#16 = AXIS2_PLACEMENT_3D ( 'NONE', #1579, #1451, #1145 ) ;
#17 = DIRECTION ( 'NONE',  ( -1.000000000000000000, 0.000000000000000000, -0.000000000000000000 ) ) ;
#18 = FACE_OUTER_BOUND ( 'NONE', #1167, .T. ) ;
#19 = VERTEX_POINT ( 'NONE', #1741 ) ;
#20 = CARTESIAN_POINT ( 'NONE',  ( 42.99999999999687361, 77.89412097542584945, 1.228019087545076271 ) ) ;
#21 = ORIENTED_EDGE ( 'NONE', *, *, #924, .F. ) ;
#22 = ORIENTED_EDGE ( 'NONE', *, *, #71, .T. ) ;
#23 = CARTESIAN_POINT ( 'NONE',  ( 32.00000000000000000, 144.0000000000000000, -9.700000000000001066 ) ) ;
#24 = EDGE_CURVE ( 'NONE', #461, #1621, #1094, .T. ) ;
#25 = ORIENTED_EDGE ( 'NONE', *, *, #1132, .F. ) ;
#26 = CARTESIAN_POINT ( 'NONE',  ( -43.00000000000000000, 79.16613622604572242, 2.738096847759134089 ) ) ;
#27 = DIRECTION ( 'NONE',  ( 0.000000000000000000, 0.000000000000000000, -1.000000000000000000 ) ) ;
#28 = VERTEX_POINT ( 'NONE', #706 ) ;
#29 = ORIENTED_EDGE ( 'NONE', *, *, #1759, .T. ) ;
#30 = LINE ( 'NONE', #633, #268 ) ;
#31 = CIRCLE ( 'NONE', #537, 3.000000000000000000 ) ;
#32 = EDGE_LOOP ( 'NONE', ( #1831, #630, #44, #1821 ) ) ;
#33 = CARTESIAN_POINT ( 'NONE',  ( -43.00000000000002842, 77.68790307519944349, 7.249099337184518710 ) ) ;
#34 = DIRECTION ( 'NONE',  ( 0.000000000000000000, 0.000000000000000000, 1.000000000000000000 ) ) ;
#35 = ORIENTED_EDGE ( 'NONE', *, *, #882, .T. ) ;
#36 = CIRCLE ( 'NONE', #1576, 44.00000000000000000 ) ;
#37 = CARTESIAN_POINT ( 'NONE',  ( -32.00000000000000000, 77.00000000000000000, 8.000000000000000000 ) ) ;
#38 = ADVANCED_FACE ( 'NONE', ( #1890 ), #856, .F. ) ;
#39 = EDGE_LOOP ( 'NONE', ( #442, #1540, #658, #961, #519 ) ) ;
#40 = CARTESIAN_POINT ( 'NONE',  ( -40.00000000000000000, 77.00000000000000000, -12.00000000000000000 ) ) ;
#41 = ORIENTED_EDGE ( 'NONE', *, *, #1499, .F. ) ;
#42 = CARTESIAN_POINT ( 'NONE',  ( -43.71492776444041795, 76.99999999998196643, 5.018166004645542522 ) ) ;
#43 = DIRECTION ( 'NONE',  ( -0.000000000000000000, -0.000000000000000000, 1.000000000000000000 ) ) ;
#44 = ORIENTED_EDGE ( 'NONE', *, *, #1171, .T. ) ;
#45 = CIRCLE ( 'NONE', #181, 1.599999999999997202 ) ;
#46 = ADVANCED_FACE ( 'NONE', ( #1763 ), #981, .F. ) ;
#47 = VECTOR ( 'NONE', #1476, 1000.000000000000000 ) ;
#48 =( NAMED_UNIT ( * ) PLANE_ANGLE_UNIT ( ) SI_UNIT ( $, .RADIAN. ) );
#49 = VERTEX_POINT ( 'NONE', #1631 ) ;
#50 = CARTESIAN_POINT ( 'NONE',  ( -32.00000000000000000, 77.00000000000000000, -8.000000000000000000 ) ) ;
#51 = ORIENTED_EDGE ( 'NONE', *, *, #1288, .F. ) ;
#52 = CARTESIAN_POINT ( 'NONE',  ( -43.95248895944565959, 76.99999999995449684, -2.213439080392780145 ) ) ;
#53 = DIRECTION ( 'NONE',  ( 0.000000000000000000, 0.000000000000000000, -1.000000000000000000 ) ) ;
#54 = VECTOR ( 'NONE', #1162, 1000.000000000000000 ) ;
#55 = ORIENTED_EDGE ( 'NONE', *, *, #1872, .T. ) ;
#56 = CARTESIAN_POINT ( 'NONE',  ( 43.00000000000000000, 77.88999485671283196, -2.249449542854062845 ) ) ;
#57 = AXIS2_PLACEMENT_3D ( 'NONE', #629, #43, #518 ) ;
#58 = DIRECTION ( 'NONE',  ( 0.000000000000000000, 0.000000000000000000, -1.000000000000000000 ) ) ;
#59 = ORIENTED_EDGE ( 'NONE', *, *, #202, .T. ) ;
#60 = PLANE ( 'NONE',  #705 ) ;
#61 = EDGE_CURVE ( 'NONE', #1277, #1073, #1130, .T. ) ;
#62 = DIRECTION ( 'NONE',  ( -0.000000000000000000, -0.000000000000000000, -1.000000000000000000 ) ) ;
#63 = CARTESIAN_POINT ( 'NONE',  ( -43.55523361809241578, 76.99999999996973088, 6.254038391170712252 ) ) ;
#64 = DIRECTION ( 'NONE',  ( -1.000000000000000000, 0.000000000000000000, 0.000000000000000000 ) ) ;
#65 = EDGE_CURVE ( 'NONE', #288, #1852, #1440, .T. ) ;
#66 = ORIENTED_EDGE ( 'NONE', *, *, #782, .F. ) ;
#67 = CARTESIAN_POINT ( 'NONE',  ( 43.00000000000000000, 79.13093133986976113, -3.207133425821235839 ) ) ;
#68 = PLANE ( 'NONE',  #81 ) ;
#69 = ADVANCED_FACE ( 'NONE', ( #1178 ), #1336, .F. ) ;
#70 = ORIENTED_EDGE ( 'NONE', *, *, #1823, .F. ) ;
#71 = EDGE_CURVE ( 'NONE', #1560, #783, #744, .T. ) ;
#72 = DIRECTION ( 'NONE',  ( -0.000000000000000000, -0.000000000000000000, 1.000000000000000000 ) ) ;
#73 = CARTESIAN_POINT ( 'NONE',  ( 30.84900000000000020, 111.5000000000000000, 12.00000000000000000 ) ) ;
#74 = CARTESIAN_POINT ( 'NONE',  ( -43.00000000000001421, 77.88289012956933277, 2.967959463081366600 ) ) ;
#75 = DIRECTION ( 'NONE',  ( -0.000000000000000000, 1.000000000000000000, -0.000000000000000000 ) ) ;
#76 = CARTESIAN_POINT ( 'NONE',  ( 43.74544276196172632, 77.22057033522851555, -1.859168436662129942 ) ) ;
#77 = CYLINDRICAL_SURFACE ( 'NONE', #271, 1.700000000000000178 ) ;
#78 = AXIS2_PLACEMENT_3D ( 'NONE', #1158, #716, #1911 ) ;
#79 = CARTESIAN_POINT ( 'NONE',  ( 0.000000000000000000, 83.00000000000000000, 0.000000000000000000 ) ) ;
#80 = ADVANCED_FACE ( 'NONE', ( #134 ), #1485, .F. ) ;
#81 = AXIS2_PLACEMENT_3D ( 'NONE', #1427, #1236, #1093 ) ;
#82 = DIRECTION ( 'NONE',  ( -0.000000000000000000, 1.000000000000000000, -0.000000000000000000 ) ) ;
#83 = AXIS2_PLACEMENT_3D ( 'NONE', #374, #237, #1409 ) ;
#84 = ADVANCED_FACE ( 'NONE', ( #1921 ), #1036, .F. ) ;
#85 = ORIENTED_EDGE ( 'NONE', *, *, #427, .F. ) ;
#86 = EDGE_CURVE ( 'NONE', #19, #10, #142, .T. ) ;
#87 = EDGE_CURVE ( 'NONE', #1059, #1942, #491, .T. ) ;
#88 = DIRECTION ( 'NONE',  ( -0.000000000000000000, -0.000000000000000000, 1.000000000000000000 ) ) ;
#89 = CARTESIAN_POINT ( 'NONE',  ( 34.14999999999999858, 117.0000000000000000, 11.99999999999999645 ) ) ;
#90 = DIRECTION ( 'NONE',  ( 1.000000000000000000, 0.000000000000000000, 0.000000000000000000 ) ) ;
#91 = CARTESIAN_POINT ( 'NONE',  ( -34.39999999999999858, 104.0000000000000000, 4.000000000000003553 ) ) ;
#92 = ORIENTED_EDGE ( 'NONE', *, *, #1872, .F. ) ;
#93 = CARTESIAN_POINT ( 'NONE',  ( -43.00000000000002132, 79.07010151623168781, -0.1426042659417713077 ) ) ;
#94 = DIRECTION ( 'NONE',  ( 1.000000000000000000, 0.000000000000000000, 0.000000000000000000 ) ) ;
#95 = EDGE_CURVE ( 'NONE', #589, #235, #294, .T. ) ;
#96 = PERSON_AND_ORGANIZATION ( #158, #1110 ) ;
#97 = ORIENTED_EDGE ( 'NONE', *, *, #164, .T. ) ;
#98 = CARTESIAN_POINT ( 'NONE',  ( 40.00000000000000000, 83.00000000000000000, 4.000000000000000000 ) ) ;
#99 = DIRECTION ( 'NONE',  ( 0.000000000000000000, 0.000000000000000000, -1.000000000000000000 ) ) ;
#100 = LINE ( 'NONE', #833, #1642 ) ;
#101 = CARTESIAN_POINT ( 'NONE',  ( 43.18405706676276878, 78.18819718674097885, -0.6032570994234998096 ) ) ;
#102 = ORIENTED_EDGE ( 'NONE', *, *, #1108, .F. ) ;
#103 = CARTESIAN_POINT ( 'NONE',  ( -43.18392377651824177, 78.18853690390218958, -0.6029878449808054874 ) ) ;
#104 = DIRECTION ( 'NONE',  ( -0.000000000000000000, -0.000000000000000000, 1.000000000000000000 ) ) ;
#105 = DATE_AND_TIME ( #1321, #1776 ) ;
#106 = ORIENTED_EDGE ( 'NONE', *, *, #782, .T. ) ;
#107 = EDGE_CURVE ( 'NONE', #124, #925, #287, .T. ) ;
#108 = CARTESIAN_POINT ( 'NONE',  ( -23.00000000000000000, 108.0000000000000000, 4.000000000000000000 ) ) ;
#109 = FACE_OUTER_BOUND ( 'NONE', #1655, .T. ) ;
#110 = CARTESIAN_POINT ( 'NONE',  ( -43.28258614047842912, 77.66122464416072546, 5.114809322218196286 ) ) ;
#111 = EDGE_LOOP ( 'NONE', ( #1139, #668, #1775, #771 ) ) ;
#112 = CARTESIAN_POINT ( 'NONE',  ( -40.00000000000000000, 0.000000000000000000, 4.000000000000000000 ) ) ;
#113 = DIRECTION ( 'NONE',  ( 0.000000000000000000, -0.000000000000000000, -1.000000000000000000 ) ) ;
#114 = ADVANCED_FACE ( 'NONE', ( #1513 ), #603, .F. ) ;
#115 = VECTOR ( 'NONE', #223, 1000.000000000000000 ) ;
#116 = APPROVAL_DATE_TIME ( #1896, #654 ) ;
#117 = APPROVAL_PERSON_ORGANIZATION ( #260, #942, #553 ) ;
#118 = CIRCLE ( 'NONE', #332, 44.00000000000000000 ) ;
#119 = ADVANCED_FACE ( 'NONE', ( #895 ), #730, .F. ) ;
#120 = ORIENTED_EDGE ( 'NONE', *, *, #924, .T. ) ;
#121 = DIRECTION ( 'NONE',  ( -0.000000000000000000, 1.000000000000000000, -0.000000000000000000 ) ) ;
#122 = CARTESIAN_POINT ( 'NONE',  ( -37.59999999999999432, 140.0000000000000000, 0.000000000000000000 ) ) ;
#123 = CARTESIAN_POINT ( 'NONE',  ( -16.00000000000000000, 108.0000000000000000, -4.999999999999997335 ) ) ;
#124 = VERTEX_POINT ( 'NONE', #756 ) ;
#125 = LINE ( 'NONE', #996, #520 ) ;
#126 = DIRECTION ( 'NONE',  ( 0.000000000000000000, -1.000000000000000000, 0.000000000000000000 ) ) ;
#127 = APPROVAL_DATE_TIME ( #1885, #942 ) ;
#128 = AXIS2_PLACEMENT_3D ( 'NONE', #1192, #151, #1201 ) ;
#129 = EDGE_LOOP ( 'NONE', ( #1065, #500, #921, #341 ) ) ;
#130 = AXIS2_PLACEMENT_3D ( 'NONE', #1845, #499, #1099 ) ;
#131 = DIRECTION ( 'NONE',  ( 0.000000000000000000, 0.000000000000000000, -1.000000000000000000 ) ) ;
#132 = FACE_BOUND ( 'NONE', #360, .T. ) ;
#133 = EDGE_CURVE ( 'NONE', #231, #1881, #1505, .T. ) ;
#134 = FACE_OUTER_BOUND ( 'NONE', #1846, .T. ) ;
#135 = CARTESIAN_POINT ( 'NONE',  ( -43.06223831602422791, 78.60803078167529634, -0.3372531504511895872 ) ) ;
#136 = DIRECTION ( 'NONE',  ( 0.000000000000000000, 0.000000000000000000, -1.000000000000000000 ) ) ;
#137 = CC_DESIGN_PERSON_AND_ORGANIZATION_ASSIGNMENT ( #543, #531, ( #475 ) ) ;
#138 = AXIS2_PLACEMENT_3D ( 'NONE', #1650, #1070, #17 ) ;
#139 = AXIS2_PLACEMENT_3D ( 'NONE', #1456, #394, #1624 ) ;
#140 = CARTESIAN_POINT ( 'NONE',  ( 40.00000000000000000, 83.00000000000000000, 12.00000000000000000 ) ) ;
#141 = DIRECTION ( 'NONE',  ( 1.000000000000000000, 0.000000000000000000, 0.000000000000000000 ) ) ;
#142 = LINE ( 'NONE', #735, #149 ) ;
#143 = CARTESIAN_POINT ( 'NONE',  ( 40.00000000000000000, 83.00000000000000000, -12.00000000000000000 ) ) ;
#144 = DIRECTION ( 'NONE',  ( 1.000000000000000000, -0.000000000000000000, -0.000000000000000000 ) ) ;
#145 = ORIENTED_EDGE ( 'NONE', *, *, #9, .T. ) ;
#146 = CC_DESIGN_APPROVAL ( #654, ( #769 ) ) ;
#147 = CYLINDRICAL_SURFACE ( 'NONE', #1864, 3.000000000000000000 ) ;
#148 = DIRECTION ( 'NONE',  ( -0.000000000000000000, 1.000000000000000000, -0.000000000000000000 ) ) ;
#149 = VECTOR ( 'NONE', #586, 1000.000000000000000 ) ;
#150 = CARTESIAN_POINT ( 'NONE',  ( -32.00000000000000000, 144.0000000000000000, 8.000000000000000000 ) ) ;
#151 = DIRECTION ( 'NONE',  ( 1.000000000000000000, -0.000000000000000000, 0.000000000000000000 ) ) ;
#152 = CARTESIAN_POINT ( 'NONE',  ( -23.00000000000000000, 77.00000000000000000, -3.000000000000000000 ) ) ;
#153 = EDGE_CURVE ( 'NONE', #1905, #248, #886, .T. ) ;
#154 = ORIENTED_EDGE ( 'NONE', *, *, #699, .T. ) ;
#155 = EDGE_CURVE ( 'NONE', #1942, #1059, #1838, .T. ) ;
#156 = EDGE_LOOP ( 'NONE', ( #1370, #945, #200, #207 ) ) ;
#157 = CARTESIAN_POINT ( 'NONE',  ( -14.15000000000000036, 117.0000000000000000, 4.000000000000000000 ) ) ;
#158 = PERSON ( 'UNSPECIFIED', 'UNSPECIFIED', 'UNSPECIFIED', ('UNSPECIFIED'), ('UNSPECIFIED'), ('UNSPECIFIED') ) ;
#159 = ORIENTED_EDGE ( 'NONE', *, *, #1733, .T. ) ;
#160 = CARTESIAN_POINT ( 'NONE',  ( -43.00000000000000711, 140.9999999999999432, 4.000000000000000000 ) ) ;
#161 = DIRECTION ( 'NONE',  ( -0.000000000000000000, -0.000000000000000000, 1.000000000000000000 ) ) ;
#162 = DIRECTION ( 'NONE',  ( -0.000000000000000000, -0.000000000000000000, 1.000000000000000000 ) ) ;
#163 = ORIENTED_EDGE ( 'NONE', *, *, #798, .T. ) ;
#164 = EDGE_CURVE ( 'NONE', #860, #1518, #1356, .T. ) ;
#165 = VERTEX_POINT ( 'NONE', #765 ) ;
#166 = CARTESIAN_POINT ( 'NONE',  ( -23.00000000000000000, 77.00000000000000000, -8.000000000000000000 ) ) ;
#167 = ORIENTED_EDGE ( 'NONE', *, *, #1298, .F. ) ;
#168 = FACE_OUTER_BOUND ( 'NONE', #1840, .T. ) ;
#169 = ORIENTED_EDGE ( 'NONE', *, *, #597, .F. ) ;
#170 = CARTESIAN_POINT ( 'NONE',  ( 34.14999999999999858, 117.0000000000000000, 0.000000000000000000 ) ) ;
#171 = DIRECTION ( 'NONE',  ( -1.000000000000000000, 0.000000000000000000, 0.000000000000000000 ) ) ;
#172 = EDGE_CURVE ( 'NONE', #1881, #365, #1498, .T. ) ;
#173 = ORIENTED_EDGE ( 'NONE', *, *, #95, .F. ) ;
#174 = CARTESIAN_POINT ( 'NONE',  ( 43.71492776444095796, 76.99999999998242117, 5.018166004636665178 ) ) ;
#175 = ORIENTED_EDGE ( 'NONE', *, *, #617, .T. ) ;
#176 = VECTOR ( 'NONE', #1046, 1000.000000000000000 ) ;
#177 = EDGE_LOOP ( 'NONE', ( #464, #1349, #1458, #92 ) ) ;
#178 = DIRECTION ( 'NONE',  ( 0.000000000000000000, -1.000000000000000000, 0.000000000000000000 ) ) ;
#179 = AXIS2_PLACEMENT_3D ( 'NONE', #715, #1351, #1312 ) ;
#180 = VERTEX_POINT ( 'NONE', #1496 ) ;
#181 = AXIS2_PLACEMENT_3D ( 'NONE', #1820, #606, #1720 ) ;
#182 = CARTESIAN_POINT ( 'NONE',  ( -12.45000000000000107, 127.0000000000000000, 11.99999999999999645 ) ) ;
#183 = PLANE ( 'NONE',  #1760 ) ;
#184 = ORIENTED_EDGE ( 'NONE', *, *, #1381, .T. ) ;
#185 = ORIENTED_EDGE ( 'NONE', *, *, #993, .T. ) ;
#186 = DIRECTION ( 'NONE',  ( 1.000000000000000000, -0.000000000000000000, 0.000000000000000000 ) ) ;
#187 = ORIENTED_EDGE ( 'NONE', *, *, #1375, .F. ) ;
#188 = DIRECTION ( 'NONE',  ( 0.000000000000000000, 0.000000000000000000, 1.000000000000000000 ) ) ;
#189 = CARTESIAN_POINT ( 'NONE',  ( 0.000000000000000000, 80.00000000000000000, 7.000000000000000000 ) ) ;
#190 = ORIENTED_EDGE ( 'NONE', *, *, #1314, .T. ) ;
#191 = PRODUCT_RELATED_PRODUCT_CATEGORY ( 'detail', '', ( #397 ) ) ;
#192 = VERTEX_POINT ( 'NONE', #588 ) ;
#193 = LINE ( 'NONE', #819, #1177 ) ;
#194 = CIRCLE ( 'NONE', #1287, 1.700000000000000178 ) ;
#195 = VERTEX_POINT ( 'NONE', #581 ) ;
#196 = LINE ( 'NONE', #1569, #1226 ) ;
#197 = FACE_BOUND ( 'NONE', #1340, .T. ) ;
#198 = EDGE_LOOP ( 'NONE', ( #1737, #1546, #1676, #316, #792, #965, #1758, #508 ) ) ;
#199 = VECTOR ( 'NONE', #720, 1000.000000000000000 ) ;
#200 = ORIENTED_EDGE ( 'NONE', *, *, #1587, .F. ) ;
#201 = DIRECTION ( 'NONE',  ( -0.000000000000000000, -0.000000000000000000, 1.000000000000000000 ) ) ;
#202 = EDGE_CURVE ( 'NONE', #1059, #908, #1641, .T. ) ;
#203 = AXIS2_PLACEMENT_3D ( 'NONE', #312, #284, #141 ) ;
#204 = VERTEX_POINT ( 'NONE', #441 ) ;
#205 = PLANE ( 'NONE',  #1324 ) ;
#206 = DIRECTION ( 'NONE',  ( 0.000000000000000000, 0.000000000000000000, 1.000000000000000000 ) ) ;
#207 = ORIENTED_EDGE ( 'NONE', *, *, #1722, .F. ) ;
#208 = VECTOR ( 'NONE', #1725, 1000.000000000000000 ) ;
#209 = CARTESIAN_POINT ( 'NONE',  ( 43.91162894262131289, 76.99999999998924238, 2.915020468775891604 ) ) ;
#210 = FACE_OUTER_BOUND ( 'NONE', #1533, .T. ) ;
#211 = EDGE_CURVE ( 'NONE', #752, #192, #1153, .T. ) ;
#212 = EDGE_LOOP ( 'NONE', ( #1627, #377, #1209, #919, #918 ) ) ;
#213 = DIRECTION ( 'NONE',  ( 0.000000000000000000, 0.000000000000000000, -1.000000000000000000 ) ) ;
#214 = EDGE_CURVE ( 'NONE', #1693, #1471, #1479, .T. ) ;
#215 = FACE_BOUND ( 'NONE', #236, .T. ) ;
#216 = CARTESIAN_POINT ( 'NONE',  ( -43.89344807807892579, 77.00000000000000000, -3.060264010994700801 ) ) ;
#217 = CARTESIAN_POINT ( 'NONE',  ( -10.84900000000000020, 132.5000000000000000, 12.00000000000000000 ) ) ;
#218 = CIRCLE ( 'NONE', #1756, 1.700000000000000178 ) ;
#219 = EDGE_LOOP ( 'NONE', ( #1796, #454, #1187, #70 ) ) ;
#220 = CARTESIAN_POINT ( 'NONE',  ( 43.98733405126944973, 76.99999999999899103, -1.359312326333218301 ) ) ;
#221 = DIRECTION ( 'NONE',  ( -1.000000000000000000, 0.000000000000000000, 0.000000000000000000 ) ) ;
#222 = VERTEX_POINT ( 'NONE', #1202 ) ;
#223 = DIRECTION ( 'NONE',  ( 1.000000000000000000, -0.000000000000000000, -0.000000000000000000 ) ) ;
#224 = DIRECTION ( 'NONE',  ( -1.000000000000000000, 0.000000000000000000, -0.000000000000000000 ) ) ;
#225 = CARTESIAN_POINT ( 'NONE',  ( -43.98733405127114793, 76.99999999999741362, -1.359312326337542176 ) ) ;
#226 = CARTESIAN_POINT ( 'NONE',  ( -32.00000000000000000, 77.00000000000000000, -8.000000000000000000 ) ) ;
#227 = ORIENTED_EDGE ( 'NONE', *, *, #1686, .T. ) ;
#228 = CARTESIAN_POINT ( 'NONE',  ( 43.46502153252703238, 77.00000000000002842, 6.842324911241349561 ) ) ;
#229 = DIRECTION ( 'NONE',  ( -1.000000000000000000, 0.000000000000000000, 0.000000000000000000 ) ) ;
#230 = ADVANCED_FACE ( 'NONE', ( #18 ), #746, .T. ) ;
#231 = VERTEX_POINT ( 'NONE', #460 ) ;
#232 = CARTESIAN_POINT ( 'NONE',  ( -10.84900000000000020, 111.5000000000000000, 0.000000000000000000 ) ) ;
#233 = DIRECTION ( 'NONE',  ( -1.000000000000000000, 0.000000000000000000, 0.000000000000000000 ) ) ;
#234 = DIRECTION ( 'NONE',  ( 0.000000000000000000, 0.000000000000000000, 1.000000000000000000 ) ) ;
#235 = VERTEX_POINT ( 'NONE', #323 ) ;
#236 = EDGE_LOOP ( 'NONE', ( #1453, #1577 ) ) ;
#237 = DIRECTION ( 'NONE',  ( -0.000000000000000000, 1.000000000000000000, -0.000000000000000000 ) ) ;
#238 = VECTOR ( 'NONE', #773, 1000.000000000000114 ) ;
#239 = DIRECTION ( 'NONE',  ( 0.000000000000000000, 0.000000000000000000, -1.000000000000000000 ) ) ;
#240 = VECTOR ( 'NONE', #1609, 1000.000000000000000 ) ;
#241 = CIRCLE ( 'NONE', #16, 1.700000000000001954 ) ;
#242 = AXIS2_PLACEMENT_3D ( 'NONE', #1184, #439, #1639 ) ;
#243 = ORIENTED_EDGE ( 'NONE', *, *, #449, .T. ) ;
#244 = DIRECTION ( 'NONE',  ( -1.000000000000000000, -0.000000000000000000, -0.000000000000000000 ) ) ;
#245 = FACE_BOUND ( 'NONE', #738, .T. ) ;
#246 = CARTESIAN_POINT ( 'NONE',  ( 43.00000000000000000, 79.05341984226707552, 4.153249922282197915 ) ) ;
#247 = CARTESIAN_POINT ( 'NONE',  ( 43.09797490243664697, 78.46083135587753077, -0.4196965584359440005 ) ) ;
#248 = VERTEX_POINT ( 'NONE', #1941 ) ;
#249 = CARTESIAN_POINT ( 'NONE',  ( 43.13468058964876661, 78.09671576076408428, 4.675931161155285842 ) ) ;
#250 = DIRECTION ( 'NONE',  ( 0.000000000000000000, 0.000000000000000000, -1.000000000000000000 ) ) ;
#251 = EDGE_CURVE ( 'NONE', #1471, #492, #657, .T. ) ;
#252 = CALENDAR_DATE ( 2026, 28, 9 ) ;
#253 = VERTEX_POINT ( 'NONE', #1048 ) ;
#254 = CARTESIAN_POINT ( 'NONE',  ( 0.000000000000000000, 0.000000000000000000, 4.000000000000000000 ) ) ;
#255 = DIRECTION ( 'NONE',  ( 0.000000000000000000, 0.000000000000000000, -1.000000000000000000 ) ) ;
#256 = VERTEX_POINT ( 'NONE', #1662 ) ;
#257 = EDGE_LOOP ( 'NONE', ( #309, #1097, #1092, #707 ) ) ;
#258 = CARTESIAN_POINT ( 'NONE',  ( 43.46654066780889991, 77.19726613372570512, 5.918463185122797121 ) ) ;
#259 = CARTESIAN_POINT ( 'NONE',  ( 0.000000000000000000, 83.00000000000000000, 0.000000000000000000 ) ) ;
#260 = PERSON_AND_ORGANIZATION ( #158, #1110 ) ;
#261 = EDGE_LOOP ( 'NONE', ( #1408, #479, #403, #145, #1668 ) ) ;
#262 = CARTESIAN_POINT ( 'NONE',  ( 40.00000000000000000, 80.00000000000000000, 0.000000000000000000 ) ) ;
#263 = DIRECTION ( 'NONE',  ( 0.000000000000000000, 0.000000000000000000, -1.000000000000000000 ) ) ;
#264 = DIRECTION ( 'NONE',  ( 0.000000000000000000, 0.7071067811865491270, 0.7071067811865459074 ) ) ;
#265 = ORIENTED_EDGE ( 'NONE', *, *, #1645, .F. ) ;
#266 = CARTESIAN_POINT ( 'NONE',  ( 32.00000000000000000, 144.0000000000000000, -6.299999999999999822 ) ) ;
#267 = CARTESIAN_POINT ( 'NONE',  ( 30.84900000000000020, 132.5000000000000000, 12.00000000000000000 ) ) ;
#268 = VECTOR ( 'NONE', #661, 1000.000000000000000 ) ;
#269 = PERSON_AND_ORGANIZATION ( #158, #1110 ) ;
#270 = VECTOR ( 'NONE', #229, 1000.000000000000000 ) ;
#271 = AXIS2_PLACEMENT_3D ( 'NONE', #1810, #618, #1437 ) ;
#272 = EDGE_LOOP ( 'NONE', ( #561, #1198, #1886, #795 ) ) ;
#273 = ADVANCED_FACE ( 'NONE', ( #1923 ), #614, .F. ) ;
#274 = LINE ( 'NONE', #416, #487 ) ;
#275 = DIRECTION ( 'NONE',  ( -0.000000000000000000, 1.000000000000000000, -0.000000000000000000 ) ) ;
#276 = EDGE_CURVE ( 'NONE', #758, #1155, #1859, .T. ) ;
#277 = LINE ( 'NONE', #123, #884 ) ;
#278 = ORIENTED_EDGE ( 'NONE', *, *, #449, .F. ) ;
#279 = CARTESIAN_POINT ( 'NONE',  ( -43.52067395147484774, 77.52652990361595187, -1.294968191332666274 ) ) ;
#280 = FACE_BOUND ( 'NONE', #1634, .T. ) ;
#281 = ADVANCED_FACE ( 'NONE', ( #481 ), #1116, .F. ) ;
#282 = ORIENTED_EDGE ( 'NONE', *, *, #1887, .F. ) ;
#283 = LINE ( 'NONE', #1637, #240 ) ;
#284 = DIRECTION ( 'NONE',  ( 0.000000000000000000, 0.7071067811865459074, -0.7071067811865491270 ) ) ;
#285 = CARTESIAN_POINT ( 'NONE',  ( -23.00000000000000000, 108.0000000000000000, -4.999999999999997335 ) ) ;
#286 = CARTESIAN_POINT ( 'NONE',  ( 43.17038155189931814, 77.97867325348271095, 4.777827693918251128 ) ) ;
#287 = LINE ( 'NONE', #1673, #841 ) ;
#288 = VERTEX_POINT ( 'NONE', #950 ) ;
#289 = AXIS2_PLACEMENT_3D ( 'NONE', #1304, #1611, #1904 ) ;
#290 = AXIS2_PLACEMENT_3D ( 'NONE', #1844, #1241, #1098 ) ;
#291 = AXIS2_PLACEMENT_3D ( 'NONE', #1915, #126, #113 ) ;
#292 = DIRECTION ( 'NONE',  ( -1.000000000000000000, 0.000000000000000000, 0.000000000000000000 ) ) ;
#293 = CARTESIAN_POINT ( 'NONE',  ( -32.00000000000000000, 144.0000000000000000, 8.000000000000000000 ) ) ;
#294 = LINE ( 'NONE', #470, #1085 ) ;
#295 = CARTESIAN_POINT ( 'NONE',  ( -32.00000000000000000, 83.00000000000000000, 9.700000000000001066 ) ) ;
#296 = CARTESIAN_POINT ( 'NONE',  ( -32.00000000000000000, 83.00000000000000000, 8.000000000000000000 ) ) ;
#297 = EDGE_CURVE ( 'NONE', #461, #910, #1163, .T. ) ;
#298 = VERTEX_POINT ( 'NONE', #664 ) ;
#299 = CIRCLE ( 'NONE', #1398, 1.700000000000000178 ) ;
#300 = AXIS2_PLACEMENT_3D ( 'NONE', #1901, #378, #1415 ) ;
#301 = FACE_OUTER_BOUND ( 'NONE', #635, .T. ) ;
#302 = DIRECTION ( 'NONE',  ( -0.000000000000000000, 1.000000000000000000, -0.000000000000000000 ) ) ;
#303 = AXIS2_PLACEMENT_3D ( 'NONE', #296, #1363, #7 ) ;
#304 = PLANE ( 'NONE',  #138 ) ;
#305 = DIRECTION ( 'NONE',  ( 0.000000000000000000, 0.000000000000000000, -1.000000000000000000 ) ) ;
#306 = ORIENTED_EDGE ( 'NONE', *, *, #576, .T. ) ;
#307 = CC_DESIGN_PERSON_AND_ORGANIZATION_ASSIGNMENT ( #269, #1745, ( #1746 ) ) ;
#308 = VECTOR ( 'NONE', #322, 1000.000000000000000 ) ;
#309 = ORIENTED_EDGE ( 'NONE', *, *, #87, .T. ) ;
#310 = CARTESIAN_POINT ( 'NONE',  ( -43.00000000000000711, 140.9999999999999432, 0.000000000000000000 ) ) ;
#311 = VERTEX_POINT ( 'NONE', #1395 ) ;
#312 = CARTESIAN_POINT ( 'NONE',  ( -23.00000000000000000, 108.0000000000000000, -4.999999999999997335 ) ) ;
#313 = ORIENTED_EDGE ( 'NONE', *, *, #624, .F. ) ;
#314 = CARTESIAN_POINT ( 'NONE',  ( -34.39999999999999858, 104.0000000000000000, 0.000000000000000000 ) ) ;
#315 = CARTESIAN_POINT ( 'NONE',  ( -37.59999999999999432, 140.0000000000000000, 44.00000000000000000 ) ) ;
#316 = ORIENTED_EDGE ( 'NONE', *, *, #754, .T. ) ;
#317 = ADVANCED_FACE ( 'NONE', ( #934 ), #183, .F. ) ;
#318 = CARTESIAN_POINT ( 'NONE',  ( 43.48189906565698237, 77.01234926046909379, 6.685858769120744505 ) ) ;
#319 = ORIENTED_EDGE ( 'NONE', *, *, #1897, .F. ) ;
#320 = LINE ( 'NONE', #1502, #355 ) ;
#321 = VERTEX_POINT ( 'NONE', #1080 ) ;
#322 = DIRECTION ( 'NONE',  ( -0.000000000000000000, -0.000000000000000000, 1.000000000000000000 ) ) ;
#323 = CARTESIAN_POINT ( 'NONE',  ( -10.84900000000000020, 111.5000000000000000, 4.000000000000000000 ) ) ;
#324 = ORIENTED_EDGE ( 'NONE', *, *, #368, .F. ) ;
#325 = CARTESIAN_POINT ( 'NONE',  ( 43.00000000000000000, 77.89306671519695158, -1.383306989856777580 ) ) ;
#326 = EDGE_CURVE ( 'NONE', #482, #492, #1385, .T. ) ;
#327 = VECTOR ( 'NONE', #186, 1000.000000000000000 ) ;
#328 = ORIENTED_EDGE ( 'NONE', *, *, #1072, .F. ) ;
#329 = CARTESIAN_POINT ( 'NONE',  ( 35.85000000000000142, 127.0000000000000000, 11.99999999999999645 ) ) ;
#330 = ORIENTED_EDGE ( 'NONE', *, *, #640, .F. ) ;
#331 = EDGE_CURVE ( 'NONE', #1891, #19, #566, .T. ) ;
#332 = AXIS2_PLACEMENT_3D ( 'NONE', #676, #1572, #1584 ) ;
#333 = CARTESIAN_POINT ( 'NONE',  ( -36.00000000000000000, 140.0000000000000000, 0.000000000000000000 ) ) ;
#334 = FACE_OUTER_BOUND ( 'NONE', #261, .T. ) ;
#335 = ORIENTED_EDGE ( 'NONE', *, *, #472, .T. ) ;
#336 = ORIENTED_EDGE ( 'NONE', *, *, #1665, .F. ) ;
#337 = CARTESIAN_POINT ( 'NONE',  ( 34.14999999999999858, 117.0000000000000000, 11.99999999999999645 ) ) ;
#338 = ORIENTED_EDGE ( 'NONE', *, *, #533, .T. ) ;
#339 = DIRECTION ( 'NONE',  ( 1.000000000000000000, -0.000000000000000000, -0.000000000000000000 ) ) ;
#340 = DIRECTION ( 'NONE',  ( -1.000000000000000000, 0.000000000000000000, -0.000000000000000000 ) ) ;
#341 = ORIENTED_EDGE ( 'NONE', *, *, #987, .F. ) ;
#342 = FACE_OUTER_BOUND ( 'NONE', #12, .T. ) ;
#343 = ADVANCED_FACE ( 'NONE', ( #1259, #1680, #1718, #804, #197, #923, #646, #1522 ), #1692, .T. ) ;
#344 = ORIENTED_EDGE ( 'NONE', *, *, #1578, .T. ) ;
#345 = LINE ( 'NONE', #1715, #1300 ) ;
#346 = ADVANCED_FACE ( 'NONE', ( #334 ), #1532, .F. ) ;
#347 = ORIENTED_EDGE ( 'NONE', *, *, #702, .F. ) ;
#348 = PLANE ( 'NONE',  #290 ) ;
#349 = CARTESIAN_POINT ( 'NONE',  ( 35.85000000000000142, 127.0000000000000000, 0.000000000000000000 ) ) ;
#350 = ORIENTED_EDGE ( 'NONE', *, *, #211, .F. ) ;
#351 = EDGE_CURVE ( 'NONE', #235, #1695, #1105, .T. ) ;
#352 = CARTESIAN_POINT ( 'NONE',  ( 42.99999999999999289, 79.12109366759439411, 3.446672346143608401 ) ) ;
#353 = EDGE_LOOP ( 'NONE', ( #347, #936, #604, #169 ) ) ;
#354 = CARTESIAN_POINT ( 'NONE',  ( -32.00000000000000000, 77.00000000000000000, -6.299999999999999822 ) ) ;
#355 = VECTOR ( 'NONE', #1792, 1000.000000000000114 ) ;
#356 = LINE ( 'NONE', #703, #675 ) ;
#357 = CARTESIAN_POINT ( 'NONE',  ( -43.84683786407368444, 77.00000000003605294, 3.763297399218550332 ) ) ;
#358 = CARTESIAN_POINT ( 'NONE',  ( 40.00000000000000000, 83.00000000000000000, 12.00000000000000000 ) ) ;
#359 = LOCAL_TIME ( 19, 8, 55.00000000000000000, #1439 ) ;
#360 = EDGE_LOOP ( 'NONE', ( #1222, #434 ) ) ;
#361 = AXIS2_PLACEMENT_3D ( 'NONE', #1738, #1590, #1114 ) ;
#362 = CARTESIAN_POINT ( 'NONE',  ( 42.99999999999999289, 77.81650845883356737, 5.558004002263573717 ) ) ;
#363 = DIRECTION ( 'NONE',  ( 0.000000000000000000, 0.000000000000000000, -1.000000000000000000 ) ) ;
#364 = MANIFOLD_SOLID_BREP ( 'Owned_MG996R_M3_ear_holes', #1917 ) ;
#365 = VERTEX_POINT ( 'NONE', #637 ) ;
#366 = CARTESIAN_POINT ( 'NONE',  ( -32.00000000000000000, 144.0000000000000000, -8.000000000000000000 ) ) ;
#367 = LINE ( 'NONE', #108, #897 ) ;
#368 = EDGE_CURVE ( 'NONE', #8, #774, #1835, .T. ) ;
#369 = CARTESIAN_POINT ( 'NONE',  ( 40.00000000000000000, 80.00000000000000000, -3.000000000000000000 ) ) ;
#370 = CARTESIAN_POINT ( 'NONE',  ( -40.00000000000000000, 83.00000000000000000, 0.000000000000000000 ) ) ;
#371 = VECTOR ( 'NONE', #480, 1000.000000000000000 ) ;
#372 = ORIENTED_EDGE ( 'NONE', *, *, #1378, .T. ) ;
#373 = EDGE_CURVE ( 'NONE', #1695, #1405, #490, .T. ) ;
#374 = CARTESIAN_POINT ( 'NONE',  ( 32.00000000000000000, 83.00000000000000000, 8.000000000000000000 ) ) ;
#375 = VECTOR ( 'NONE', #1539, 1000.000000000000000 ) ;
#376 = LINE ( 'NONE', #166, #954 ) ;
#377 = ORIENTED_EDGE ( 'NONE', *, *, #214, .F. ) ;
#378 = DIRECTION ( 'NONE',  ( 0.000000000000000000, -1.000000000000000000, 0.000000000000000000 ) ) ;
#379 = FACE_OUTER_BOUND ( 'NONE', #156, .T. ) ;
#380 = DIRECTION ( 'NONE',  ( -1.000000000000000000, 0.000000000000000000, 0.000000000000000000 ) ) ;
#381 = AXIS2_PLACEMENT_3D ( 'NONE', #933, #1531, #188 ) ;
#382 = CARTESIAN_POINT ( 'NONE',  ( 43.90498060165207050, 77.01405089005227467, -2.664160847994679671 ) ) ;
#383 = CARTESIAN_POINT ( 'NONE',  ( 43.00000000000000000, 79.24255579984402686, 0.3694158282961336193 ) ) ;
#384 = CARTESIAN_POINT ( 'NONE',  ( 0.000000000000000000, 132.5000000000000000, 4.000000000000000000 ) ) ;
#385 = CIRCLE ( 'NONE', #1390, 1.700000000000000178 ) ;
#386 = DIRECTION ( 'NONE',  ( 0.000000000000000000, 0.000000000000000000, 1.000000000000000000 ) ) ;
#387 = ORIENTED_EDGE ( 'NONE', *, *, #1382, .F. ) ;
#388 = CARTESIAN_POINT ( 'NONE',  ( -16.00000000000000000, 0.000000000000000000, 0.000000000000000000 ) ) ;
#389 = CARTESIAN_POINT ( 'NONE',  ( -43.00000000000000711, 80.00000000000000000, 0.000000000000000000 ) ) ;
#390 = CARTESIAN_POINT ( 'NONE',  ( -14.15000000000000036, 117.0000000000000000, 4.000000000000000000 ) ) ;
#391 = ORIENTED_EDGE ( 'NONE', *, *, #1254, .T. ) ;
#392 = ORIENTED_EDGE ( 'NONE', *, *, #1268, .T. ) ;
#393 = CARTESIAN_POINT ( 'NONE',  ( -43.90501517800390019, 77.01403781945680294, -2.663814770498850404 ) ) ;
#394 = DIRECTION ( 'NONE',  ( -0.000000000000000000, -0.000000000000000000, 1.000000000000000000 ) ) ;
#395 = VECTOR ( 'NONE', #1928, 1000.000000000000000 ) ;
#396 = AXIS2_PLACEMENT_3D ( 'NONE', #1816, #305, #1789 ) ;
#397 = PRODUCT ( 'ARM-203_Bolted_shoulder_upright', 'ARM-203_Bolted_shoulder_upright', '', ( #878 ) ) ;
#398 = EDGE_CURVE ( 'NONE', #195, #925, #723, .T. ) ;
#399 = ORIENTED_EDGE ( 'NONE', *, *, #615, .T. ) ;
#400 = FACE_BOUND ( 'NONE', #1535, .T. ) ;
#401 = CARTESIAN_POINT ( 'NONE',  ( 40.00000000000000000, 83.00000000000000000, 12.00000000000000000 ) ) ;
#402 = VERTEX_POINT ( 'NONE', #349 ) ;
#403 = ORIENTED_EDGE ( 'NONE', *, *, #1582, .F. ) ;
#404 = DIRECTION ( 'NONE',  ( 0.000000000000000000, 0.000000000000000000, -1.000000000000000000 ) ) ;
#405 = LINE ( 'NONE', #1766, #1156 ) ;
#406 = ORIENTED_EDGE ( 'NONE', *, *, #435, .F. ) ;
#407 = DIRECTION ( 'NONE',  ( 0.000000000000000000, 0.000000000000000000, 1.000000000000000000 ) ) ;
#408 = CARTESIAN_POINT ( 'NONE',  ( -23.00000000000000000, 108.0000000000000000, 4.000000000000000000 ) ) ;
#409 = CARTESIAN_POINT ( 'NONE',  ( -43.00000000000000711, 79.05341984226704710, 4.153249922282208573 ) ) ;
#410 = EDGE_LOOP ( 'NONE', ( #1138, #567, #1292, #1466, #97, #227, #1069, #724, #718, #750 ) ) ;
#411 = CARTESIAN_POINT ( 'NONE',  ( 43.35438837522584521, 77.48115946818253974, 5.363183293241854166 ) ) ;
#412 = CARTESIAN_POINT ( 'NONE',  ( 34.14999999999999858, 127.0000000000000000, 0.000000000000000000 ) ) ;
#413 = EDGE_CURVE ( 'NONE', #908, #1012, #1818, .T. ) ;
#414 = EDGE_CURVE ( 'NONE', #589, #1708, #1559, .T. ) ;
#415 = EDGE_LOOP ( 'NONE', ( #21, #1509 ) ) ;
#416 = CARTESIAN_POINT ( 'NONE',  ( 0.000000000000000000, 108.0000000000000000, 0.000000000000000000 ) ) ;
#417 = DIRECTION ( 'NONE',  ( -0.000000000000000000, -0.000000000000000000, 1.000000000000000000 ) ) ;
#418 = CARTESIAN_POINT ( 'NONE',  ( 43.40277283859365554, 77.71970753196580972, -1.044135463611608472 ) ) ;
#419 = ORIENTED_EDGE ( 'NONE', *, *, #1733, .F. ) ;
#420 = ADVANCED_FACE ( 'NONE', ( #1417 ), #536, .F. ) ;
#421 = CARTESIAN_POINT ( 'NONE',  ( 43.00000000000000000, 79.05341984226707552, 4.153249922282197915 ) ) ;
#422 = LINE ( 'NONE', #1284, #1543 ) ;
#423 = AXIS2_PLACEMENT_3D ( 'NONE', #753, #1035, #1510 ) ;
#424 = PERSON_AND_ORGANIZATION_ROLE ( 'creator' ) ;
#425 = VECTOR ( 'NONE', #573, 1000.000000000000000 ) ;
#426 = ORIENTED_EDGE ( 'NONE', *, *, #1204, .F. ) ;
#427 = EDGE_CURVE ( 'NONE', #925, #195, #634, .T. ) ;
#428 = DIRECTION ( 'NONE',  ( 0.000000000000000000, 0.000000000000000000, -1.000000000000000000 ) ) ;
#429 = CYLINDRICAL_SURFACE ( 'NONE', #1798, 1.700000000000000178 ) ;
#430 = DIRECTION ( 'NONE',  ( 0.000000000000000000, 0.000000000000000000, -1.000000000000000000 ) ) ;
#431 = EDGE_CURVE ( 'NONE', #889, #610, #1488, .T. ) ;
#432 = LINE ( 'NONE', #112, #425 ) ;
#433 = DIRECTION ( 'NONE',  ( -1.000000000000000000, 0.000000000000000000, 0.000000000000000000 ) ) ;
#434 = ORIENTED_EDGE ( 'NONE', *, *, #398, .T. ) ;
#435 = EDGE_CURVE ( 'NONE', #1693, #1612, #36, .T. ) ;
#436 = EDGE_CURVE ( 'NONE', #1860, #1245, #385, .T. ) ;
#437 = CARTESIAN_POINT ( 'NONE',  ( 43.00000000000000000, 141.0000000000000000, 4.000000000000000000 ) ) ;
#438 = CARTESIAN_POINT ( 'NONE',  ( -10.84900000000000020, 0.000000000000000000, -0.000000000000000000 ) ) ;
#439 = DIRECTION ( 'NONE',  ( -0.000000000000000000, -0.000000000000000000, 1.000000000000000000 ) ) ;
#440 = CARTESIAN_POINT ( 'NONE',  ( -43.00000000000000711, 79.13093133986974692, -3.207133425821238504 ) ) ;
#441 = CARTESIAN_POINT ( 'NONE',  ( -16.00000000000000000, 108.0000000000000000, -4.999999999999997335 ) ) ;
#442 = ORIENTED_EDGE ( 'NONE', *, *, #326, .F. ) ;
#443 = AXIS2_PLACEMENT_3D ( 'NONE', #408, #1018, #1762 ) ;
#444 = AXIS2_PLACEMENT_3D ( 'NONE', #412, #541, #1732 ) ;
#445 = LINE ( 'NONE', #1473, #395 ) ;
#446 = LINE ( 'NONE', #911, #238 ) ;
#447 = DIRECTION ( 'NONE',  ( -0.000000000000000000, -0.000000000000000000, 1.000000000000000000 ) ) ;
#448 = CARTESIAN_POINT ( 'NONE',  ( -40.00000000000000000, 80.00000000000000000, -3.000000000000000000 ) ) ;
#449 = EDGE_CURVE ( 'NONE', #783, #1205, #991, .T. ) ;
#450 = ORIENTED_EDGE ( 'NONE', *, *, #1089, .T. ) ;
#451 = VECTOR ( 'NONE', #1822, 1000.000000000000000 ) ;
#452 = AXIS2_PLACEMENT_3D ( 'NONE', #1325, #1008, #131 ) ;
#453 = AXIS2_PLACEMENT_3D ( 'NONE', #73, #1877, #557 ) ;
#454 = ORIENTED_EDGE ( 'NONE', *, *, #564, .T. ) ;
#455 = CARTESIAN_POINT ( 'NONE',  ( 0.000000000000000000, 80.00000000000000000, 7.000000000000000000 ) ) ;
#456 = ORIENTED_EDGE ( 'NONE', *, *, #297, .T. ) ;
#457 = CARTESIAN_POINT ( 'NONE',  ( -23.00000000000000000, 83.00000000000000000, -0.000000000000000000 ) ) ;
#458 = ORIENTED_EDGE ( 'NONE', *, *, #1204, .T. ) ;
#459 = CARTESIAN_POINT ( 'NONE',  ( -32.00000000000000000, 144.0000000000000000, -9.700000000000001066 ) ) ;
#460 = CARTESIAN_POINT ( 'NONE',  ( 43.43961325794694517, 77.00000000000000000, 7.000000000000000000 ) ) ;
#461 = VERTEX_POINT ( 'NONE', #694 ) ;
#462 = CARTESIAN_POINT ( 'NONE',  ( 43.00000000000000000, 78.92750966251611544, 5.280029047804632114 ) ) ;
#463 = VECTOR ( 'NONE', #250, 1000.000000000000000 ) ;
#464 = ORIENTED_EDGE ( 'NONE', *, *, #1010, .F. ) ;
#465 = VERTEX_POINT ( 'NONE', #246 ) ;
#466 = LINE ( 'NONE', #1629, #1523 ) ;
#467 = AXIS2_PLACEMENT_3D ( 'NONE', #189, #656, #34 ) ;
#468 = ORIENTED_EDGE ( 'NONE', *, *, #1562, .F. ) ;
#469 = DIRECTION ( 'NONE',  ( -1.000000000000000000, 0.000000000000000000, 0.000000000000000000 ) ) ;
#470 = CARTESIAN_POINT ( 'NONE',  ( -10.84900000000000020, 0.000000000000000000, 4.000000000000000000 ) ) ;
#471 = ORIENTED_EDGE ( 'NONE', *, *, #1262, .T. ) ;
#472 = EDGE_CURVE ( 'NONE', #610, #879, #100, .T. ) ;
#473 = CARTESIAN_POINT ( 'NONE',  ( 43.00000000000000000, 77.89517597323306575, 0.3605843312425924263 ) ) ;
#474 = VECTOR ( 'NONE', #535, 1000.000000000000000 ) ;
#475 = PRODUCT_DEFINITION ( 'UNKNOWN', '', #769, #1894 ) ;
#476 = ORIENTED_EDGE ( 'NONE', *, *, #1463, .T. ) ;
#477 = LINE ( 'NONE', #1414, #327 ) ;
#478 = AXIS2_PLACEMENT_3D ( 'NONE', #846, #1729, #1581 ) ;
#479 = ORIENTED_EDGE ( 'NONE', *, *, #1027, .F. ) ;
#480 = DIRECTION ( 'NONE',  ( -1.000000000000000000, 0.000000000000000000, 0.000000000000000000 ) ) ;
#481 = FACE_OUTER_BOUND ( 'NONE', #129, .T. ) ;
#482 = VERTEX_POINT ( 'NONE', #370 ) ;
#483 = EDGE_CURVE ( 'NONE', #485, #701, #672, .T. ) ;
#484 = AXIS2_PLACEMENT_3D ( 'NONE', #601, #148, #743 ) ;
#485 = VERTEX_POINT ( 'NONE', #1570 ) ;
#486 = DIRECTION ( 'NONE',  ( -0.000000000000000000, 1.000000000000000000, -0.000000000000000000 ) ) ;
#487 = VECTOR ( 'NONE', #1017, 1000.000000000000000 ) ;
#488 = EDGE_LOOP ( 'NONE', ( #1196, #1678 ) ) ;
#489 = CARTESIAN_POINT ( 'NONE',  ( -43.00000000000000711, 79.19239390301096648, -2.315371823058987033 ) ) ;
#490 = LINE ( 'NONE', #1091, #625 ) ;
#491 = CIRCLE ( 'NONE', #242, 1.599999999999997202 ) ;
#492 = VERTEX_POINT ( 'NONE', #1871 ) ;
#493 = DIRECTION ( 'NONE',  ( -0.000000000000000000, -0.000000000000000000, 1.000000000000000000 ) ) ;
#494 = ORIENTED_EDGE ( 'NONE', *, *, #740, .T. ) ;
#495 = LINE ( 'NONE', #956, #115 ) ;
#496 = ADVANCED_FACE ( 'NONE', ( #823 ), #527, .F. ) ;
#497 = VERTEX_POINT ( 'NONE', #1907 ) ;
#498 = DIRECTION ( 'NONE',  ( -1.000000000000000000, -0.000000000000000000, -0.000000000000000000 ) ) ;
#499 = DIRECTION ( 'NONE',  ( -0.000000000000000000, 1.000000000000000000, -0.000000000000000000 ) ) ;
#500 = ORIENTED_EDGE ( 'NONE', *, *, #1375, .T. ) ;
#501 = LINE ( 'NONE', #511, #14 ) ;
#502 = EDGE_CURVE ( 'NONE', #321, #879, #1137, .T. ) ;
#503 = EDGE_CURVE ( 'NONE', #1598, #1405, #530, .T. ) ;
#504 = EDGE_LOOP ( 'NONE', ( #1703, #596, #391, #1121 ) ) ;
#505 = LINE ( 'NONE', #1266, #208 ) ;
#506 = LINE ( 'NONE', #970, #1824 ) ;
#507 = CARTESIAN_POINT ( 'NONE',  ( -40.00000000000000000, 0.000000000000000000, -0.000000000000000000 ) ) ;
#508 = ORIENTED_EDGE ( 'NONE', *, *, #153, .T. ) ;
#509 = CARTESIAN_POINT ( 'NONE',  ( 43.00000000000000000, 77.87324804215423057, 3.832006795960506640 ) ) ;
#510 = ADVANCED_FACE ( 'NONE', ( #678 ), #551, .F. ) ;
#511 = CARTESIAN_POINT ( 'NONE',  ( -23.00000000000000000, 83.00000000000000000, 4.000000000000000000 ) ) ;
#512 = ADVANCED_FACE ( 'NONE', ( #859, #1468, #1275 ), #1875, .F. ) ;
#513 = ORIENTED_EDGE ( 'NONE', *, *, #677, .F. ) ;
#514 = CARTESIAN_POINT ( 'NONE',  ( -14.15000000000000036, 127.0000000000000000, 4.000000000000000000 ) ) ;
#515 = AXIS2_PLACEMENT_3D ( 'NONE', #5, #302, #881 ) ;
#516 = PLANE ( 'NONE',  #1147 ) ;
#517 = CARTESIAN_POINT ( 'NONE',  ( -43.43047292860238429, 77.00000000000000000, 7.056487879812086028 ) ) ;
#518 = DIRECTION ( 'NONE',  ( -1.000000000000000000, 0.000000000000000000, 0.000000000000000000 ) ) ;
#519 = ORIENTED_EDGE ( 'NONE', *, *, #251, .T. ) ;
#520 = VECTOR ( 'NONE', #849, 1000.000000000000000 ) ;
#521 = CARTESIAN_POINT ( 'NONE',  ( 43.00000000000000000, 78.49105056820329196, 7.473978996382830253 ) ) ;
#522 = CYLINDRICAL_SURFACE ( 'NONE', #1338, 1.599999999999997202 ) ;
#523 = EDGE_LOOP ( 'NONE', ( #1150, #1200 ) ) ;
#524 = CARTESIAN_POINT ( 'NONE',  ( 43.89344807807892579, 77.00000000000000000, -3.060264010994690143 ) ) ;
#525 = DIRECTION ( 'NONE',  ( 1.000000000000000000, 0.000000000000000000, 0.000000000000000000 ) ) ;
#526 = CARTESIAN_POINT ( 'NONE',  ( -43.00000000000000711, 78.92750966251607281, 5.280029047805019360 ) ) ;
#527 = CYLINDRICAL_SURFACE ( 'NONE', #1830, 1.700000000000000178 ) ;
#528 = CARTESIAN_POINT ( 'NONE',  ( -43.46506594889480368, 77.00000000000000000, 6.842049278407315249 ) ) ;
#529 = CARTESIAN_POINT ( 'NONE',  ( 43.95248895944605039, 76.99999999995388578, -2.213439080395983805 ) ) ;
#530 = LINE ( 'NONE', #1295, #732 ) ;
#531 = PERSON_AND_ORGANIZATION_ROLE ( 'creator' ) ;
#532 = EDGE_LOOP ( 'NONE', ( #1393, #575, #102, #690 ) ) ;
#533 = EDGE_CURVE ( 'NONE', #365, #1622, #688, .T. ) ;
#534 = FACE_BOUND ( 'NONE', #1230, .T. ) ;
#535 = DIRECTION ( 'NONE',  ( 0.000000000000000000, -1.000000000000000000, 0.000000000000000000 ) ) ;
#536 = CYLINDRICAL_SURFACE ( 'NONE', #542, 1.599999999999997202 ) ;
#537 = AXIS2_PLACEMENT_3D ( 'NONE', #683, #1902, #255 ) ;
#538 = CARTESIAN_POINT ( 'NONE',  ( -43.24407519668999100, 77.76180058073488510, 4.996485136478144184 ) ) ;
#539 = VERTEX_POINT ( 'NONE', #850 ) ;
#540 = CARTESIAN_POINT ( 'NONE',  ( 43.24423094620366470, 77.76134176271479248, 4.996947112346266096 ) ) ;
#541 = DIRECTION ( 'NONE',  ( -0.000000000000000000, -0.000000000000000000, 1.000000000000000000 ) ) ;
#542 = AXIS2_PLACEMENT_3D ( 'NONE', #1444, #1125, #1879 ) ;
#543 = PERSON_AND_ORGANIZATION ( #158, #1110 ) ;
#544 = ORIENTED_EDGE ( 'NONE', *, *, #699, .F. ) ;
#545 = DIRECTION ( 'NONE',  ( 0.000000000000000000, 0.000000000000000000, -1.000000000000000000 ) ) ;
#546 = DIRECTION ( 'NONE',  ( 0.000000000000000000, -0.000000000000000000, -1.000000000000000000 ) ) ;
#547 = VECTOR ( 'NONE', #1670, 1000.000000000000000 ) ;
#548 = CARTESIAN_POINT ( 'NONE',  ( -43.04223825549498628, 78.47171934953800587, 4.399646131257240356 ) ) ;
#549 = ORIENTED_EDGE ( 'NONE', *, *, #211, .T. ) ;
#550 = CARTESIAN_POINT ( 'NONE',  ( 32.00000000000000000, 144.0000000000000000, 9.700000000000001066 ) ) ;
#551 = PLANE ( 'NONE',  #1043 ) ;
#552 = VECTOR ( 'NONE', #1595, 1000.000000000000000 ) ;
#553 = APPROVAL_ROLE ( '' ) ;
#554 = AXIS2_PLACEMENT_3D ( 'NONE', #150, #1932, #1793 ) ;
#555 = EDGE_CURVE ( 'NONE', #1500, #402, #1291, .T. ) ;
#556 = EDGE_LOOP ( 'NONE', ( #644, #1086 ) ) ;
#557 = DIRECTION ( 'NONE',  ( 0.000000000000000000, 0.000000000000000000, 1.000000000000000000 ) ) ;
#558 = DIRECTION ( 'NONE',  ( -0.000000000000000000, -0.000000000000000000, 1.000000000000000000 ) ) ;
#559 = EDGE_CURVE ( 'NONE', #1905, #253, #422, .T. ) ;
#560 = EDGE_LOOP ( 'NONE', ( #696, #1243, #1232, #772, #1918 ) ) ;
#561 = ORIENTED_EDGE ( 'NONE', *, *, #1173, .F. ) ;
#562 = CARTESIAN_POINT ( 'NONE',  ( 43.28226868739254485, 77.66204726542694914, 5.113812425247323823 ) ) ;
#563 = CARTESIAN_POINT ( 'NONE',  ( -15.85000000000000320, 117.0000000000000000, 4.000000000000000000 ) ) ;
#564 = EDGE_CURVE ( 'NONE', #49, #589, #1448, .T. ) ;
#565 = SECURITY_CLASSIFICATION_LEVEL ( 'unclassified' ) ;
#566 = CIRCLE ( 'NONE', #57, 1.700000000000000178 ) ;
#567 = ORIENTED_EDGE ( 'NONE', *, *, #649, .F. ) ;
#568 = ADVANCED_FACE ( 'NONE', ( #280, #1014, #877 ), #1141, .F. ) ;
#569 = LINE ( 'NONE', #140, #1780 ) ;
#570 = FACE_OUTER_BOUND ( 'NONE', #219, .T. ) ;
#571 = CARTESIAN_POINT ( 'NONE',  ( 43.34361972418462017, 77.82763166571658076, -0.9247417734798989430 ) ) ;
#572 = ORIENTED_EDGE ( 'NONE', *, *, #555, .F. ) ;
#573 = DIRECTION ( 'NONE',  ( 0.000000000000000000, -1.000000000000000000, 0.000000000000000000 ) ) ;
#574 = DIRECTION ( 'NONE',  ( -1.000000000000000000, 0.000000000000000000, 0.000000000000000000 ) ) ;
#575 = ORIENTED_EDGE ( 'NONE', *, *, #1459, .F. ) ;
#576 = EDGE_CURVE ( 'NONE', #1361, #1528, #997, .T. ) ;
#577 = DIRECTION ( 'NONE',  ( -1.000000000000000000, 0.000000000000000000, 0.000000000000000000 ) ) ;
#578 = FACE_OUTER_BOUND ( 'NONE', #1379, .T. ) ;
#579 = DIRECTION ( 'NONE',  ( -0.000000000000000000, 1.000000000000000000, -0.000000000000000000 ) ) ;
#580 = CARTESIAN_POINT ( 'NONE',  ( -43.74518192811400752, 77.22089629646542619, -1.858349241247176264 ) ) ;
#581 = CARTESIAN_POINT ( 'NONE',  ( 32.00000000000000000, 77.00000000000000000, 9.700000000000001066 ) ) ;
#582 = AXIS2_PLACEMENT_3D ( 'NONE', #920, #1199, #1801 ) ;
#583 =( GEOMETRIC_REPRESENTATION_CONTEXT ( 3 ) GLOBAL_UNCERTAINTY_ASSIGNED_CONTEXT ( ( #1388 ) ) GLOBAL_UNIT_ASSIGNED_CONTEXT ( ( #1253, #48, #667 ) ) REPRESENTATION_CONTEXT ( 'NONE', 'WORKASPACE' ) );
#584 = CARTESIAN_POINT ( 'NONE',  ( 40.00000000000002132, 144.0000000000000000, 4.000000000000000000 ) ) ;
#585 = CARTESIAN_POINT ( 'NONE',  ( -37.59999999999999432, 140.0000000000000000, 4.000000000000003553 ) ) ;
#586 = DIRECTION ( 'NONE',  ( 0.000000000000000000, 0.000000000000000000, -1.000000000000000000 ) ) ;
#587 = FACE_OUTER_BOUND ( 'NONE', #1251, .T. ) ;
#588 = CARTESIAN_POINT ( 'NONE',  ( -32.00000000000000000, 83.00000000000000000, 6.299999999999999822 ) ) ;
#589 = VERTEX_POINT ( 'NONE', #840 ) ;
#590 = DIRECTION ( 'NONE',  ( 1.000000000000000000, -0.000000000000000000, 0.000000000000000000 ) ) ;
#591 = CARTESIAN_POINT ( 'NONE',  ( -43.00000000000000711, 79.05341984226704710, 4.153249922282208573 ) ) ;
#592 = CC_DESIGN_DATE_AND_TIME_ASSIGNMENT ( #1625, #1154, ( #475 ) ) ;
#593 = CARTESIAN_POINT ( 'NONE',  ( -32.00000000000000000, 83.00000000000000000, -8.000000000000000000 ) ) ;
#594 = CARTESIAN_POINT ( 'NONE',  ( 35.85000000000000142, 117.0000000000000000, 11.99999999999999645 ) ) ;
#595 = DIRECTION ( 'NONE',  ( 0.000000000000000000, 0.000000000000000000, -1.000000000000000000 ) ) ;
#596 = ORIENTED_EDGE ( 'NONE', *, *, #95, .T. ) ;
#597 = EDGE_CURVE ( 'NONE', #1814, #10, #218, .T. ) ;
#598 = VERTEX_POINT ( 'NONE', #1438 ) ;
#599 = DIRECTION ( 'NONE',  ( -1.000000000000000000, 0.000000000000000000, 0.000000000000000000 ) ) ;
#600 = ORIENTED_EDGE ( 'NONE', *, *, #1489, .F. ) ;
#601 = CARTESIAN_POINT ( 'NONE',  ( -32.00000000000000000, 83.00000000000000000, -8.000000000000000000 ) ) ;
#602 = CARTESIAN_POINT ( 'NONE',  ( 32.00000000000000000, 83.00000000000000000, -9.700000000000001066 ) ) ;
#603 = CYLINDRICAL_SURFACE ( 'NONE', #396, 1.599999999999997202 ) ;
#604 = ORIENTED_EDGE ( 'NONE', *, *, #86, .T. ) ;
#605 = CIRCLE ( 'NONE', #78, 1.700000000000000178 ) ;
#606 = DIRECTION ( 'NONE',  ( -0.000000000000000000, -0.000000000000000000, 1.000000000000000000 ) ) ;
#607 = VECTOR ( 'NONE', #407, 1000.000000000000000 ) ;
#608 = EDGE_CURVE ( 'NONE', #192, #311, #1893, .T. ) ;
#609 = ORIENTED_EDGE ( 'NONE', *, *, #968, .F. ) ;
#610 = VERTEX_POINT ( 'NONE', #563 ) ;
#611 = LINE ( 'NONE', #438, #1019 ) ;
#612 = EDGE_LOOP ( 'NONE', ( #1571, #1286, #1652, #1802 ) ) ;
#613 = LINE ( 'NONE', #1486, #1133 ) ;
#614 = CYLINDRICAL_SURFACE ( 'NONE', #1664, 1.700000000000001954 ) ;
#615 = EDGE_CURVE ( 'NONE', #49, #222, #1744, .T. ) ;
#616 = VERTEX_POINT ( 'NONE', #1152 ) ;
#617 = EDGE_CURVE ( 'NONE', #1021, #482, #1755, .T. ) ;
#618 = DIRECTION ( 'NONE',  ( 0.000000000000000000, -1.000000000000000000, 0.000000000000000000 ) ) ;
#619 = VECTOR ( 'NONE', #1079, 1000.000000000000000 ) ;
#620 = EDGE_LOOP ( 'NONE', ( #1764, #187 ) ) ;
#621 = ORIENTED_EDGE ( 'NONE', *, *, #276, .T. ) ;
#622 = EDGE_CURVE ( 'NONE', #1868, #1742, #405, .T. ) ;
#623 = CARTESIAN_POINT ( 'NONE',  ( -34.39999999999999858, 140.0000000000000000, 0.000000000000000000 ) ) ;
#624 = EDGE_CURVE ( 'NONE', #616, #204, #1307, .T. ) ;
#625 = VECTOR ( 'NONE', #1242, 1000.000000000000000 ) ;
#626 = ORIENTED_EDGE ( 'NONE', *, *, #1273, .F. ) ;
#627 = EDGE_CURVE ( 'NONE', #1219, #1471, #1512, .T. ) ;
#628 = CARTESIAN_POINT ( 'NONE',  ( 0.000000000000000000, 77.00000000000000000, 7.000000000000000000 ) ) ;
#629 = CARTESIAN_POINT ( 'NONE',  ( 34.14999999999999858, 117.0000000000000000, 4.000000000000000000 ) ) ;
#630 = ORIENTED_EDGE ( 'NONE', *, *, #649, .T. ) ;
#631 = AXIS2_PLACEMENT_3D ( 'NONE', #369, #339, #1115 ) ;
#632 = ORIENTED_EDGE ( 'NONE', *, *, #326, .T. ) ;
#633 = CARTESIAN_POINT ( 'NONE',  ( -40.00000000000000000, 83.00000000000000000, 12.00000000000000000 ) ) ;
#634 = CIRCLE ( 'NONE', #478, 1.700000000000000178 ) ;
#635 = EDGE_LOOP ( 'NONE', ( #600, #1174, #1719, #1235 ) ) ;
#636 = CARTESIAN_POINT ( 'NONE',  ( -23.00000000000000000, 104.9999999999999858, -8.000000000000000000 ) ) ;
#637 = CARTESIAN_POINT ( 'NONE',  ( 40.00000000000000000, 80.00000000000000000, 4.000000000000000000 ) ) ;
#638 = ORIENTED_EDGE ( 'NONE', *, *, #1787, .F. ) ;
#639 = CARTESIAN_POINT ( 'NONE',  ( 40.00000000000000000, 77.00000000000000000, 7.000000000000000000 ) ) ;
#640 = EDGE_CURVE ( 'NONE', #1405, #222, #894, .T. ) ;
#641 = EDGE_LOOP ( 'NONE', ( #344, #1220 ) ) ;
#642 = DIRECTION ( 'NONE',  ( 0.7071067811865474617, -0.7071067811865474617, -0.000000000000000000 ) ) ;
#643 = VECTOR ( 'NONE', #1937, 1000.000000000000000 ) ;
#644 = ORIENTED_EDGE ( 'NONE', *, *, #555, .T. ) ;
#645 = FACE_OUTER_BOUND ( 'NONE', #930, .T. ) ;
#646 = FACE_OUTER_BOUND ( 'NONE', #1003, .T. ) ;
#647 = AXIS2_PLACEMENT_3D ( 'NONE', #1186, #144, #1193 ) ;
#648 = ORIENTED_EDGE ( 'NONE', *, *, #1173, .T. ) ;
#649 = EDGE_CURVE ( 'NONE', #1622, #180, #1057, .T. ) ;
#650 = DIRECTION ( 'NONE',  ( 0.000000000000000000, 0.000000000000000000, -1.000000000000000000 ) ) ;
#651 = EDGE_LOOP ( 'NONE', ( #1800, #1873, #265, #825 ) ) ;
#652 = DIRECTION ( 'NONE',  ( -1.000000000000000000, 0.000000000000000000, 0.000000000000000000 ) ) ;
#653 = VECTOR ( 'NONE', #1318, 1000.000000000000000 ) ;
#654 = APPROVAL ( #852, 'UNSPECIFIED' ) ;
#655 = CARTESIAN_POINT ( 'NONE',  ( -43.99164420141680409, 77.00000000001242029, 1.209851718858041769 ) ) ;
#656 = DIRECTION ( 'NONE',  ( -1.000000000000000000, 0.000000000000000000, 0.000000000000000000 ) ) ;
#657 = CIRCLE ( 'NONE', #907, 3.000000000000000000 ) ;
#658 = ORIENTED_EDGE ( 'NONE', *, *, #1459, .T. ) ;
#659 = FACE_OUTER_BOUND ( 'NONE', #714, .T. ) ;
#660 = VERTEX_POINT ( 'NONE', #602 ) ;
#661 = DIRECTION ( 'NONE',  ( 1.000000000000000000, 0.000000000000000000, 0.000000000000000000 ) ) ;
#662 = LINE ( 'NONE', #1727, #1267 ) ;
#663 = CARTESIAN_POINT ( 'NONE',  ( -43.00000000000000711, 78.70600776732104009, 6.604523039870758616 ) ) ;
#664 = CARTESIAN_POINT ( 'NONE',  ( -12.45000000000000107, 127.0000000000000000, 4.000000000000000000 ) ) ;
#665 = VERTEX_POINT ( 'NONE', #1362 ) ;
#666 = CARTESIAN_POINT ( 'NONE',  ( 43.00000000000000000, 79.22419442866444683, -1.421309169399582739 ) ) ;
#667 =( NAMED_UNIT ( * ) SI_UNIT ( $, .STERADIAN. ) SOLID_ANGLE_UNIT ( ) );
#668 = ORIENTED_EDGE ( 'NONE', *, *, #1499, .T. ) ;
#669 = FACE_OUTER_BOUND ( 'NONE', #1386, .T. ) ;
#670 = DIRECTION ( 'NONE',  ( 0.000000000000000000, 1.000000000000000000, 0.000000000000000000 ) ) ;
#671 = CARTESIAN_POINT ( 'NONE',  ( -43.00000000000000711, 79.08616404606715378, 3.946316258853483916 ) ) ;
#672 = LINE ( 'NONE', #971, #980 ) ;
#673 = VECTOR ( 'NONE', #577, 1000.000000000000000 ) ;
#674 = CARTESIAN_POINT ( 'NONE',  ( -43.49220538911037437, 77.09928634261879665, 6.218207434034714431 ) ) ;
#675 = VECTOR ( 'NONE', #670, 1000.000000000000000 ) ;
#676 = CARTESIAN_POINT ( 'NONE',  ( 0.000000000000000000, 77.00000000000000000, 0.000000000000000000 ) ) ;
#677 = EDGE_CURVE ( 'NONE', #10, #1814, #1311, .T. ) ;
#678 = FACE_OUTER_BOUND ( 'NONE', #39, .T. ) ;
#679 = CC_DESIGN_PERSON_AND_ORGANIZATION_ASSIGNMENT ( #1481, #1457, ( #397 ) ) ;
#680 = APPROVAL_STATUS ( 'not_yet_approved' ) ;
#681 = ORIENTED_EDGE ( 'NONE', *, *, #1335, .F. ) ;
#682 = LINE ( 'NONE', #388, #1553 ) ;
#683 = CARTESIAN_POINT ( 'NONE',  ( -43.00000000000000711, 80.00000000000000000, -3.000000000000000000 ) ) ;
#684 = CARTESIAN_POINT ( 'NONE',  ( 34.14999999999999858, 127.0000000000000000, 11.99999999999999645 ) ) ;
#685 = ORIENTED_EDGE ( 'NONE', *, *, #172, .T. ) ;
#686 = ORIENTED_EDGE ( 'NONE', *, *, #1517, .F. ) ;
#687 = CARTESIAN_POINT ( 'NONE',  ( -43.23411949485027606, 78.06242704564692758, -0.7040043526181258837 ) ) ;
#688 = LINE ( 'NONE', #1774, #199 ) ;
#689 = APPLICATION_PROTOCOL_DEFINITION ( 'international standard', 'config_control_design', 1994, #1075 ) ;
#690 = ORIENTED_EDGE ( 'NONE', *, *, #747, .T. ) ;
#691 = LINE ( 'NONE', #989, #1526 ) ;
#692 = ADVANCED_FACE ( 'NONE', ( #922 ), #1521, .F. ) ;
#693 = FACE_BOUND ( 'NONE', #1899, .T. ) ;
#694 = CARTESIAN_POINT ( 'NONE',  ( 43.00000000000000000, 79.23597284044505784, -0.09892045964568306482 ) ) ;
#695 = CARTESIAN_POINT ( 'NONE',  ( 43.89760813529593975, 77.00000000000000000, -3.000000000000000000 ) ) ;
#696 = ORIENTED_EDGE ( 'NONE', *, *, #1171, .F. ) ;
#697 = CARTESIAN_POINT ( 'NONE',  ( 43.07348088142525455, 78.34508064658916737, 4.493004029377154929 ) ) ;
#698 = DIRECTION ( 'NONE',  ( -1.000000000000000000, 0.000000000000000000, 0.000000000000000000 ) ) ;
#699 = EDGE_CURVE ( 'NONE', #1012, #908, #1908, .T. ) ;
#700 = SHAPE_DEFINITION_REPRESENTATION ( #1575, #1041 ) ;
#701 = VERTEX_POINT ( 'NONE', #1213 ) ;
#702 = EDGE_CURVE ( 'NONE', #1891, #1814, #1355, .T. ) ;
#703 = CARTESIAN_POINT ( 'NONE',  ( -16.00000000000000000, 77.00000000000000000, -8.000000000000000000 ) ) ;
#704 = DIRECTION ( 'NONE',  ( 0.000000000000000000, -0.000000000000000000, -1.000000000000000000 ) ) ;
#705 = AXIS2_PLACEMENT_3D ( 'NONE', #1696, #810, #213 ) ;
#706 = CARTESIAN_POINT ( 'NONE',  ( -12.45000000000000107, 127.0000000000000000, 0.000000000000000000 ) ) ;
#707 = ORIENTED_EDGE ( 'NONE', *, *, #202, .F. ) ;
#708 = CARTESIAN_POINT ( 'NONE',  ( 43.04762210868932470, 78.47625086636286085, 4.411047057739037491 ) ) ;
#709 = AXIS2_PLACEMENT_3D ( 'NONE', #37, #82, #363 ) ;
#710 = CARTESIAN_POINT ( 'NONE',  ( -32.00000000000000000, 144.0000000000000000, 6.299999999999999822 ) ) ;
#711 = VECTOR ( 'NONE', #1623, 1000.000000000000000 ) ;
#712 = ADVANCED_FACE ( 'NONE', ( #1185 ), #1934, .F. ) ;
#713 = EDGE_CURVE ( 'NONE', #298, #28, #6, .T. ) ;
#714 = EDGE_LOOP ( 'NONE', ( #951, #1514, #85, #955 ) ) ;
#715 = CARTESIAN_POINT ( 'NONE',  ( 32.00000000000000000, 144.0000000000000000, -8.000000000000000000 ) ) ;
#716 = DIRECTION ( 'NONE',  ( -0.000000000000000000, -0.000000000000000000, 1.000000000000000000 ) ) ;
#717 = ORIENTED_EDGE ( 'NONE', *, *, #373, .F. ) ;
#718 = ORIENTED_EDGE ( 'NONE', *, *, #1887, .T. ) ;
#719 = CARTESIAN_POINT ( 'NONE',  ( 40.00000000000000000, 77.00000000000000000, 12.00000000000000000 ) ) ;
#720 = DIRECTION ( 'NONE',  ( 0.000000000000000000, 1.000000000000000000, 0.000000000000000000 ) ) ;
#721 = VECTOR ( 'NONE', #1640, 1000.000000000000000 ) ;
#722 = PERSON_AND_ORGANIZATION_ROLE ( 'design_supplier' ) ;
#723 = CIRCLE ( 'NONE', #130, 1.700000000000000178 ) ;
#724 = ORIENTED_EDGE ( 'NONE', *, *, #1010, .T. ) ;
#725 = EDGE_CURVE ( 'NONE', #843, #1016, #1534, .T. ) ;
#726 = LINE ( 'NONE', #899, #607 ) ;
#727 = CARTESIAN_POINT ( 'NONE',  ( 34.14999999999999858, 117.0000000000000000, 4.000000000000000000 ) ) ;
#728 = DIRECTION ( 'NONE',  ( -1.000000000000000000, 0.000000000000000000, 0.000000000000000000 ) ) ;
#729 = DIRECTION ( 'NONE',  ( -1.000000000000000000, 0.000000000000000000, 0.000000000000000000 ) ) ;
#730 = CYLINDRICAL_SURFACE ( 'NONE', #805, 1.700000000000000178 ) ;
#731 = VECTOR ( 'NONE', #1337, 1000.000000000000000 ) ;
#732 = VECTOR ( 'NONE', #94, 1000.000000000000000 ) ;
#733 = CARTESIAN_POINT ( 'NONE',  ( -10.84900000000000020, 132.5000000000000000, 0.000000000000000000 ) ) ;
#734 = DIRECTION ( 'NONE',  ( 0.000000000000000000, -1.000000000000000000, 0.000000000000000000 ) ) ;
#735 = CARTESIAN_POINT ( 'NONE',  ( 32.45000000000000284, 117.0000000000000000, 11.99999999999999645 ) ) ;
#736 = LINE ( 'NONE', #459, #731 ) ;
#737 = DIRECTION ( 'NONE',  ( 0.000000000000000000, -1.000000000000000000, 0.000000000000000000 ) ) ;
#738 = EDGE_LOOP ( 'NONE', ( #1436, #1589 ) ) ;
#739 = CC_DESIGN_APPROVAL ( #942, ( #475 ) ) ;
#740 = EDGE_CURVE ( 'NONE', #1852, #1612, #1804, .T. ) ;
#741 = VECTOR ( 'NONE', #914, 1000.000000000000000 ) ;
#742 = CARTESIAN_POINT ( 'NONE',  ( -43.00000000000000711, 80.00000000000000000, 0.000000000000000000 ) ) ;
#743 = DIRECTION ( 'NONE',  ( 0.000000000000000000, 0.000000000000000000, -1.000000000000000000 ) ) ;
#744 = LINE ( 'NONE', #285, #47 ) ;
#745 = CARTESIAN_POINT ( 'NONE',  ( -43.00000000000000711, 79.12109366759436568, 3.446672346143610177 ) ) ;
#746 = PLANE ( 'NONE',  #1723 ) ;
#747 = EDGE_CURVE ( 'NONE', #1081, #1155, #1047, .T. ) ;
#748 = ORIENTED_EDGE ( 'NONE', *, *, #61, .F. ) ;
#749 = CC_DESIGN_SECURITY_CLASSIFICATION ( #1746, ( #769 ) ) ;
#750 = ORIENTED_EDGE ( 'NONE', *, *, #1027, .T. ) ;
#751 = DIRECTION ( 'NONE',  ( 0.000000000000000000, 0.000000000000000000, -1.000000000000000000 ) ) ;
#752 = VERTEX_POINT ( 'NONE', #295 ) ;
#753 = CARTESIAN_POINT ( 'NONE',  ( -32.00000000000000000, 77.00000000000000000, 8.000000000000000000 ) ) ;
#754 = EDGE_CURVE ( 'NONE', #1477, #482, #613, .T. ) ;
#755 = DIRECTION ( 'NONE',  ( -1.000000000000000000, 0.000000000000000000, 0.000000000000000000 ) ) ;
#756 = CARTESIAN_POINT ( 'NONE',  ( 32.00000000000000000, 83.00000000000000000, 6.299999999999999822 ) ) ;
#757 = ORIENTED_EDGE ( 'NONE', *, *, #351, .F. ) ;
#758 = VERTEX_POINT ( 'NONE', #1815 ) ;
#759 = ADVANCED_FACE ( 'NONE', ( #764 ), #304, .T. ) ;
#760 = ORIENTED_EDGE ( 'NONE', *, *, #993, .F. ) ;
#761 = CARTESIAN_POINT ( 'NONE',  ( 34.14999999999999858, 127.0000000000000000, 0.000000000000000000 ) ) ;
#762 = ORIENTED_EDGE ( 'NONE', *, *, #824, .F. ) ;
#763 = EDGE_CURVE ( 'NONE', #1277, #1860, #736, .T. ) ;
#764 = FACE_OUTER_BOUND ( 'NONE', #1418, .T. ) ;
#765 = CARTESIAN_POINT ( 'NONE',  ( -39.99999999999997868, 144.0000000000000000, 0.000000000000000000 ) ) ;
#766 = ORIENTED_EDGE ( 'NONE', *, *, #71, .F. ) ;
#767 = AXIS2_PLACEMENT_3D ( 'NONE', #1392, #1239, #800 ) ;
#768 = CARTESIAN_POINT ( 'NONE',  ( 43.00000000000000000, 79.08616404606719641, 3.946316258853709513 ) ) ;
#769 = PRODUCT_DEFINITION_FORMATION_WITH_SPECIFIED_SOURCE ( 'ANY', '', #397, .NOT_KNOWN. ) ;
#770 = VECTOR ( 'NONE', #1515, 1000.000000000000000 ) ;
#771 = ORIENTED_EDGE ( 'NONE', *, *, #1751, .F. ) ;
#772 = ORIENTED_EDGE ( 'NONE', *, *, #1862, .T. ) ;
#773 = DIRECTION ( 'NONE',  ( -0.7071067811865441310, -0.7071067811865507924, -0.000000000000000000 ) ) ;
#774 = VERTEX_POINT ( 'NONE', #314 ) ;
#775 = CARTESIAN_POINT ( 'NONE',  ( -43.00000000000000711, 79.23597284044504363, -0.09892045964568729755 ) ) ;
#776 = DIRECTION ( 'NONE',  ( -1.000000000000000000, 0.000000000000000000, 0.000000000000000000 ) ) ;
#777 = ADVANCED_FACE ( 'NONE', ( #587 ), #1630, .F. ) ;
#778 = ORIENTED_EDGE ( 'NONE', *, *, #1808, .F. ) ;
#779 = AXIS2_PLACEMENT_3D ( 'NONE', #1191, #893, #1493 ) ;
#780 = ORIENTED_EDGE ( 'NONE', *, *, #431, .T. ) ;
#781 = DIRECTION ( 'NONE',  ( 0.000000000000000000, 0.000000000000000000, -1.000000000000000000 ) ) ;
#782 = EDGE_CURVE ( 'NONE', #1772, #758, #789, .T. ) ;
#783 = VERTEX_POINT ( 'NONE', #636 ) ;
#784 = CARTESIAN_POINT ( 'NONE',  ( -43.66519429705817856, 77.00000000003026912, 5.433431578759382319 ) ) ;
#785 = DIRECTION ( 'NONE',  ( 0.000000000000000000, 0.000000000000000000, 1.000000000000000000 ) ) ;
#786 = ORIENTED_EDGE ( 'NONE', *, *, #987, .T. ) ;
#787 = EDGE_CURVE ( 'NONE', #1942, #1012, #506, .T. ) ;
#788 = CARTESIAN_POINT ( 'NONE',  ( -16.00000000000000000, 83.00000000000000000, -8.000000000000000000 ) ) ;
#789 = CIRCLE ( 'NONE', #631, 3.000000000000000000 ) ;
#790 = ORIENTED_EDGE ( 'NONE', *, *, #622, .T. ) ;
#791 = LINE ( 'NONE', #1077, #953 ) ;
#792 = ORIENTED_EDGE ( 'NONE', *, *, #617, .F. ) ;
#793 = CARTESIAN_POINT ( 'NONE',  ( 32.45000000000000284, 127.0000000000000000, 4.000000000000000000 ) ) ;
#794 = CARTESIAN_POINT ( 'NONE',  ( 43.00000000000000000, 80.00000000000000000, -3.000000000000000000 ) ) ;
#795 = ORIENTED_EDGE ( 'NONE', *, *, #1066, .F. ) ;
#796 = FACE_OUTER_BOUND ( 'NONE', #651, .T. ) ;
#797 = VECTOR ( 'NONE', #734, 1000.000000000000000 ) ;
#798 = EDGE_CURVE ( 'NONE', #910, #1753, #196, .T. ) ;
#799 = ORIENTED_EDGE ( 'NONE', *, *, #1381, .F. ) ;
#800 = DIRECTION ( 'NONE',  ( 0.000000000000000000, 0.000000000000000000, -1.000000000000000000 ) ) ;
#801 = CIRCLE ( 'NONE', #1685, 1.700000000000001954 ) ;
#802 = ORIENTED_EDGE ( 'NONE', *, *, #436, .F. ) ;
#803 = CARTESIAN_POINT ( 'NONE',  ( -43.00000000000000711, 79.15048659681865217, 3.052839683312982721 ) ) ;
#804 = FACE_BOUND ( 'NONE', #641, .T. ) ;
#805 = AXIS2_PLACEMENT_3D ( 'NONE', #1339, #737, #1487 ) ;
#806 = ORIENTED_EDGE ( 'NONE', *, *, #1227, .F. ) ;
#807 = CARTESIAN_POINT ( 'NONE',  ( 0.000000000000000000, 83.00000000000000000, 0.000000000000000000 ) ) ;
#808 = LINE ( 'NONE', #1263, #270 ) ;
#809 = EDGE_LOOP ( 'NONE', ( #319, #1784, #1537, #22, #1181 ) ) ;
#810 = DIRECTION ( 'NONE',  ( 1.000000000000000000, 0.000000000000000000, 0.000000000000000000 ) ) ;
#811 = AXIS2_PLACEMENT_3D ( 'NONE', #170, #1672, #913 ) ;
#812 = DIRECTION ( 'NONE',  ( -1.000000000000000000, 0.000000000000000000, 0.000000000000000000 ) ) ;
#813 = CARTESIAN_POINT ( 'NONE',  ( -43.00000000000000711, 79.22419442867065698, -1.421309169399547656 ) ) ;
#814 = DIRECTION ( 'NONE',  ( 0.000000000000000000, 0.000000000000000000, -1.000000000000000000 ) ) ;
#815 = VECTOR ( 'NONE', #53, 1000.000000000000000 ) ;
#816 = VERTEX_POINT ( 'NONE', #793 ) ;
#817 = DIRECTION ( 'NONE',  ( -1.000000000000000000, -0.000000000000000000, -0.000000000000000000 ) ) ;
#818 = ORIENTED_EDGE ( 'NONE', *, *, #725, .T. ) ;
#819 = CARTESIAN_POINT ( 'NONE',  ( -10.84900000000000020, 111.5000000000000000, 12.00000000000000000 ) ) ;
#820 = ADVANCED_FACE ( 'NONE', ( #822 ), #1728, .F. ) ;
#821 = PLANE ( 'NONE',  #1803 ) ;
#822 = FACE_OUTER_BOUND ( 'NONE', #865, .T. ) ;
#823 = FACE_OUTER_BOUND ( 'NONE', #272, .T. ) ;
#824 = EDGE_CURVE ( 'NONE', #1671, #165, #1233, .T. ) ;
#825 = ORIENTED_EDGE ( 'NONE', *, *, #1599, .F. ) ;
#826 = CARTESIAN_POINT ( 'NONE',  ( 43.00000000000000000, 77.68790307519948612, 7.249099337184317982 ) ) ;
#827 = DIRECTION ( 'NONE',  ( -1.000000000000000000, 0.000000000000000000, 0.000000000000000000 ) ) ;
#828 = ADVANCED_FACE ( 'NONE', ( #645 ), #348, .F. ) ;
#829 = EDGE_LOOP ( 'NONE', ( #1078, #1143 ) ) ;
#830 = AXIS2_PLACEMENT_3D ( 'NONE', #514, #201, #652 ) ;
#831 = LINE ( 'NONE', #1432, #1867 ) ;
#832 = CARTESIAN_POINT ( 'NONE',  ( -37.59999999999999432, 104.0000000000000000, 0.000000000000000000 ) ) ;
#833 = CARTESIAN_POINT ( 'NONE',  ( -15.85000000000000320, 117.0000000000000000, 11.99999999999999645 ) ) ;
#834 = AXIS2_PLACEMENT_3D ( 'NONE', #1735, #386, #1285 ) ;
#835 = B_SPLINE_CURVE_WITH_KNOTS ( 'NONE', 3,
 ( #927, #228, #318, #1874, #1208, #258, #1743, #1478, #411, #562, #540, #286, #249, #697, #708, #1604, #876, #421 ),
 .UNSPECIFIED., .F., .F.,
 ( 4, 2, 2, 2, 2, 2, 2, 2, 4 ),
 ( 0.000000000000000000, 0.0004721904700213245317, 0.0009443809400426490634, 0.001416571410063973595, 0.001888761880085298127, 0.002360952350106622875, 0.002833142820127947190, 0.003305333290149271505, 0.003777523760170596254 ),
 .UNSPECIFIED. ) ;
#836 = ORIENTED_EDGE ( 'NONE', *, *, #2, .F. ) ;
#837 = CIRCLE ( 'NONE', #957, 3.000000000000000000 ) ;
#838 = EDGE_LOOP ( 'NONE', ( #1056, #458, #328, #1383 ) ) ;
#839 = DIRECTION ( 'NONE',  ( -1.000000000000000000, 0.000000000000000000, 0.000000000000000000 ) ) ;
#840 = CARTESIAN_POINT ( 'NONE',  ( -10.84900000000000020, 132.5000000000000000, 4.000000000000000000 ) ) ;
#841 = VECTOR ( 'NONE', #1651, 1000.000000000000000 ) ;
#842 = APPLICATION_PROTOCOL_DEFINITION ( 'international standard', 'config_control_design', 1994, #1341 ) ;
#843 = VERTEX_POINT ( 'NONE', #949 ) ;
#844 = DIRECTION ( 'NONE',  ( 0.000000000000000000, 1.000000000000000000, 0.000000000000000000 ) ) ;
#845 = PLANE ( 'NONE',  #443 ) ;
#846 = CARTESIAN_POINT ( 'NONE',  ( 32.00000000000000000, 77.00000000000000000, 8.000000000000000000 ) ) ;
#847 = CARTESIAN_POINT ( 'NONE',  ( 43.83186738499375679, 77.11306096917367370, -2.167948950117071227 ) ) ;
#848 = EDGE_LOOP ( 'NONE', ( #190, #1608, #1714, #1210 ) ) ;
#849 = DIRECTION ( 'NONE',  ( -0.000000000000000000, -1.000000000000000000, -0.000000000000000000 ) ) ;
#850 = CARTESIAN_POINT ( 'NONE',  ( 35.85000000000000142, 127.0000000000000000, 4.000000000000000000 ) ) ;
#851 = ADVANCED_FACE ( 'NONE', ( #1547 ), #205, .F. ) ;
#852 = APPROVAL_STATUS ( 'not_yet_approved' ) ;
#853 = ORIENTED_EDGE ( 'NONE', *, *, #824, .T. ) ;
#854 = PLANE ( 'NONE',  #300 ) ;
#855 = LINE ( 'NONE', #389, #1482 ) ;
#856 = CYLINDRICAL_SURFACE ( 'NONE', #289, 1.700000000000000178 ) ;
#857 = EDGE_LOOP ( 'NONE', ( #450, #786 ) ) ;
#858 = CARTESIAN_POINT ( 'NONE',  ( 43.00000000000000000, 80.00000000000000000, 7.000000000000000000 ) ) ;
#859 = FACE_BOUND ( 'NONE', #523, .T. ) ;
#860 = VERTEX_POINT ( 'NONE', #1326 ) ;
#861 = CYLINDRICAL_SURFACE ( 'NONE', #869, 1.700000000000000178 ) ;
#862 = CARTESIAN_POINT ( 'NONE',  ( -12.45000000000000107, 117.0000000000000000, 11.99999999999999645 ) ) ;
#863 = CIRCLE ( 'NONE', #423, 1.700000000000000178 ) ;
#864 = CARTESIAN_POINT ( 'NONE',  ( -43.00000000000000711, 78.74983903506696947, 4.254194353833604225 ) ) ;
#865 = EDGE_LOOP ( 'NONE', ( #163, #1359, #1369, #1212, #1357, #456 ) ) ;
#866 = CARTESIAN_POINT ( 'NONE',  ( -43.09778654631180217, 78.46151064573533063, -0.4192798821553095356 ) ) ;
#867 = CIRCLE ( 'NONE', #1711, 1.700000000000001954 ) ;
#868 = CARTESIAN_POINT ( 'NONE',  ( -40.00000000000000000, 83.00000000000000000, 12.00000000000000000 ) ) ;
#869 = AXIS2_PLACEMENT_3D ( 'NONE', #1910, #751, #599 ) ;
#870 = ADVANCED_FACE ( 'NONE', ( #570 ), #1580, .T. ) ;
#871 = ORIENTED_EDGE ( 'NONE', *, *, #964, .F. ) ;
#872 = CARTESIAN_POINT ( 'NONE',  ( 32.00000000000000000, 144.0000000000000000, 8.000000000000000000 ) ) ;
#873 = CYLINDRICAL_SURFACE ( 'NONE', #1734, 1.700000000000000178 ) ;
#874 = CARTESIAN_POINT ( 'NONE',  ( -43.45321946154596304, 77.24781723631083707, 5.764343337120527266 ) ) ;
#875 = ORIENTED_EDGE ( 'NONE', *, *, #559, .T. ) ;
#876 = CARTESIAN_POINT ( 'NONE',  ( 43.00000000000000000, 78.90155393941691386, 4.203747242506877591 ) ) ;
#877 = FACE_OUTER_BOUND ( 'NONE', #198, .T. ) ;
#878 = MECHANICAL_CONTEXT ( 'NONE', #1075, 'mechanical' ) ;
#879 = VERTEX_POINT ( 'NONE', #1770 ) ;
#880 = LINE ( 'NONE', #437, #643 ) ;
#881 = DIRECTION ( 'NONE',  ( 0.000000000000000000, 0.000000000000000000, -1.000000000000000000 ) ) ;
#882 = EDGE_CURVE ( 'NONE', #492, #1742, #855, .T. ) ;
#883 = DIRECTION ( 'NONE',  ( 0.000000000000000000, 0.000000000000000000, -1.000000000000000000 ) ) ;
#884 = VECTOR ( 'NONE', #264, 1000.000000000000000 ) ;
#885 = CARTESIAN_POINT ( 'NONE',  ( -43.00000000000000711, 79.23597284044504363, -0.09892045964568729755 ) ) ;
#886 = LINE ( 'NONE', #1795, #1748 ) ;
#887 = AXIS2_PLACEMENT_3D ( 'NONE', #1474, #1176, #704 ) ;
#888 = CC_DESIGN_PERSON_AND_ORGANIZATION_ASSIGNMENT ( #96, #424, ( #769 ) ) ;
#889 = VERTEX_POINT ( 'NONE', #1610 ) ;
#890 = VECTOR ( 'NONE', #814, 1000.000000000000000 ) ;
#891 = CYLINDRICAL_SURFACE ( 'NONE', #1588, 1.700000000000001954 ) ;
#892 = CARTESIAN_POINT ( 'NONE',  ( 40.00000000000000000, 83.00000000000000000, 12.00000000000000000 ) ) ;
#893 = DIRECTION ( 'NONE',  ( -1.000000000000000000, 0.000000000000000000, -0.000000000000000000 ) ) ;
#894 = LINE ( 'NONE', #1679, #1410 ) ;
#895 = FACE_OUTER_BOUND ( 'NONE', #111, .T. ) ;
#896 = EDGE_LOOP ( 'NONE', ( #853, #1674, #941, #1260 ) ) ;
#897 = VECTOR ( 'NONE', #62, 1000.000000000000000 ) ;
#898 = VECTOR ( 'NONE', #595, 1000.000000000000000 ) ;
#899 = CARTESIAN_POINT ( 'NONE',  ( -39.99999999999997868, 144.0000000000000000, 4.000000000000000000 ) ) ;
#900 = DIRECTION ( 'NONE',  ( -0.000000000000000000, -0.000000000000000000, 1.000000000000000000 ) ) ;
#901 = ADVANCED_FACE ( 'NONE', ( #1591 ), #873, .F. ) ;
#902 = CARTESIAN_POINT ( 'NONE',  ( -43.00000000000000711, 79.23733810429713742, 0.6108251825871260365 ) ) ;
#903 = DIRECTION ( 'NONE',  ( 0.000000000000000000, 1.000000000000000000, 0.000000000000000000 ) ) ;
#904 = EDGE_LOOP ( 'NONE', ( #173, #1690, #1669, #757 ) ) ;
#905 = VECTOR ( 'NONE', #574, 1000.000000000000000 ) ;
#906 = ADVANCED_FACE ( 'NONE', ( #1009, #132, #245, #693, #109 ), #1135, .T. ) ;
#907 = AXIS2_PLACEMENT_3D ( 'NONE', #448, #1348, #136 ) ;
#908 = VERTEX_POINT ( 'NONE', #122 ) ;
#909 = CARTESIAN_POINT ( 'NONE',  ( -43.00000000000000711, 140.9999999999999432, 4.000000000000000000 ) ) ;
#910 = VERTEX_POINT ( 'NONE', #1166 ) ;
#911 = CARTESIAN_POINT ( 'NONE',  ( -43.00000000000000711, 140.9999999999999432, 4.000000000000000000 ) ) ;
#912 = EDGE_LOOP ( 'NONE', ( #1026, #799 ) ) ;
#913 = DIRECTION ( 'NONE',  ( -1.000000000000000000, 0.000000000000000000, 0.000000000000000000 ) ) ;
#914 = DIRECTION ( 'NONE',  ( -1.000000000000000000, 0.000000000000000000, 0.000000000000000000 ) ) ;
#915 = VERTEX_POINT ( 'NONE', #832 ) ;
#916 = EDGE_CURVE ( 'NONE', #1742, #843, #31, .T. ) ;
#917 = LINE ( 'NONE', #807, #770 ) ;
#918 = ORIENTED_EDGE ( 'NONE', *, *, #882, .F. ) ;
#919 = ORIENTED_EDGE ( 'NONE', *, *, #916, .F. ) ;
#920 = CARTESIAN_POINT ( 'NONE',  ( -14.15000000000000036, 127.0000000000000000, 0.000000000000000000 ) ) ;
#921 = ORIENTED_EDGE ( 'NONE', *, *, #483, .T. ) ;
#922 = FACE_OUTER_BOUND ( 'NONE', #1310, .T. ) ;
#923 = FACE_BOUND ( 'NONE', #1282, .T. ) ;
#924 = EDGE_CURVE ( 'NONE', #19, #1891, #1884, .T. ) ;
#925 = VERTEX_POINT ( 'NONE', #1279 ) ;
#926 = EDGE_CURVE ( 'NONE', #192, #752, #194, .T. ) ;
#927 = CARTESIAN_POINT ( 'NONE',  ( 43.43961325794694517, 77.00000000000000000, 7.000000000000000000 ) ) ;
#928 = CIRCLE ( 'NONE', #1429, 1.700000000000000178 ) ;
#929 = CIRCLE ( 'NONE', #1400, 1.700000000000000178 ) ;
#930 = EDGE_LOOP ( 'NONE', ( #1790, #1490, #1594, #313, #336 ) ) ;
#931 = FACE_OUTER_BOUND ( 'NONE', #504, .T. ) ;
#932 = EDGE_LOOP ( 'NONE', ( #871, #1530, #1435, #51 ) ) ;
#933 = CARTESIAN_POINT ( 'NONE',  ( 43.00000000000000000, 76.00000000000000000, 4.000000000000000000 ) ) ;
#934 = FACE_OUTER_BOUND ( 'NONE', #1817, .T. ) ;
#935 = ORIENTED_EDGE ( 'NONE', *, *, #964, .T. ) ;
#936 = ORIENTED_EDGE ( 'NONE', *, *, #331, .T. ) ;
#937 = CARTESIAN_POINT ( 'NONE',  ( 40.00000000000002132, 144.0000000000000000, 4.000000000000000000 ) ) ;
#938 = ORIENTED_EDGE ( 'NONE', *, *, #1517, .T. ) ;
#939 = CARTESIAN_POINT ( 'NONE',  ( -43.00000000000000711, 79.24255579983780251, 0.3694158282962078932 ) ) ;
#940 = CARTESIAN_POINT ( 'NONE',  ( -34.39999999999999858, 104.0000000000000000, 44.00000000000000000 ) ) ;
#941 = ORIENTED_EDGE ( 'NONE', *, *, #1606, .F. ) ;
#942 = APPROVAL ( #680, 'UNSPECIFIED' ) ;
#943 = CYLINDRICAL_SURFACE ( 'NONE', #1525, 3.000000000000000000 ) ;
#944 = ADVANCED_FACE ( 'NONE', ( #379 ), #845, .F. ) ;
#945 = ORIENTED_EDGE ( 'NONE', *, *, #1787, .T. ) ;
#946 = FACE_OUTER_BOUND ( 'NONE', #353, .T. ) ;
#947 = ORIENTED_EDGE ( 'NONE', *, *, #1819, .F. ) ;
#948 =( BOUNDED_SURFACE ( )  B_SPLINE_SURFACE ( 3, 2, ( 
 ( #524, #1122, #67 ),
 ( #529, #56, #1853 ),
 ( #220, #325, #666 ),
 ( #1861, #473, #383 ),
 ( #1107, #20, #1550 ),
 ( #209, #1274, #1709 ),
 ( #1261, #509, #768 ),
 ( #174, #1074, #462 ),
 ( #962, #362, #1061 ),
 ( #1368, #1217, #1252 ),
 ( #1426, #974, #1731 ),
 ( #1127, #826, #521 ) ),
 .UNSPECIFIED., .F., .F., .T. ) 
 B_SPLINE_SURFACE_WITH_KNOTS ( ( 4, 2, 2, 2, 2, 4 ),
 ( 3, 3 ),
 ( 0.005512088688012877630, 0.008185321701316057921, 0.01085855471461923821, 0.01353178772792241850, 0.01486840423457400778, 0.01620502074122559880 ),
 ( 0.000000000000000000, 1.000000000000000000 ),
 .UNSPECIFIED. ) 
 GEOMETRIC_REPRESENTATION_ITEM ( )  RATIONAL_B_SPLINE_SURFACE ( (
 ( 1.000000000000000000, 0.9225464687411936149, 1.000000000000000000),
 ( 1.000000000000000000, 0.9172077552836703784, 1.000000000000000000),
 ( 1.000000000000000000, 0.9140268721784488015, 1.000000000000000000),
 ( 1.000000000000000000, 0.9122399444642128596, 1.000000000000000000),
 ( 1.000000000000000000, 0.9136406170241756497, 1.000000000000000000),
 ( 1.000000000000000000, 0.9209099052164751997, 1.000000000000000000),
 ( 1.000000000000000000, 0.9267803606224419566, 1.000000000000000000),
 ( 1.000000000000000000, 0.9385418172837677320, 1.000000000000000000),
 ( 1.000000000000000000, 0.9429515641873691401, 1.000000000000000000),
 ( 1.000000000000000000, 0.9526197731539050029, 1.000000000000000000),
 ( 1.000000000000000000, 0.9578865120318710291, 1.000000000000000000),
 ( 1.000000000000000000, 0.9634596576399013790, 1.000000000000000000) ) ) 
 REPRESENTATION_ITEM ( '' )  SURFACE ( )  );
#949 = CARTESIAN_POINT ( 'NONE',  ( -43.00000000000000711, 79.23597284044504363, -0.09892045964568729755 ) ) ;
#950 = CARTESIAN_POINT ( 'NONE',  ( -40.00000000000000000, 80.00000000000000000, 4.000000000000000000 ) ) ;
#951 = ORIENTED_EDGE ( 'NONE', *, *, #1063, .T. ) ;
#952 = CARTESIAN_POINT ( 'NONE',  ( -43.00000000000000711, 76.00000000000000000, 4.000000000000000000 ) ) ;
#953 = VECTOR ( 'NONE', #642, 1000.000000000000114 ) ;
#954 = VECTOR ( 'NONE', #1866, 1000.000000000000000 ) ;
#955 = ORIENTED_EDGE ( 'NONE', *, *, #107, .F. ) ;
#956 = CARTESIAN_POINT ( 'NONE',  ( 0.000000000000000000, 80.00000000000000000, 4.000000000000000000 ) ) ;
#957 = AXIS2_PLACEMENT_3D ( 'NONE', #858, #729, #1294 ) ;
#958 = DIRECTION ( 'NONE',  ( 1.000000000000000000, 0.000000000000000000, 0.000000000000000000 ) ) ;
#959 = DIRECTION ( 'NONE',  ( 0.000000000000000000, 0.000000000000000000, -1.000000000000000000 ) ) ;
#960 = DIRECTION ( 'NONE',  ( -1.000000000000000000, 0.000000000000000000, 0.000000000000000000 ) ) ;
#961 = ORIENTED_EDGE ( 'NONE', *, *, #627, .T. ) ;
#962 = CARTESIAN_POINT ( 'NONE',  ( 43.66519429705821409, 77.00000000003026912, 5.433431578759027047 ) ) ;
#963 = DIRECTION ( 'NONE',  ( -0.000000000000000000, -1.000000000000000000, -0.000000000000000000 ) ) ;
#964 = EDGE_CURVE ( 'NONE', #1073, #1245, #1878, .T. ) ;
#965 = ORIENTED_EDGE ( 'NONE', *, *, #1897, .T. ) ;
#966 = DIRECTION ( 'NONE',  ( 0.000000000000000000, -1.000000000000000000, 0.000000000000000000 ) ) ;
#967 = VECTOR ( 'NONE', #1794, 1000.000000000000000 ) ;
#968 = EDGE_CURVE ( 'NONE', #889, #321, #1302, .T. ) ;
#969 = DIRECTION ( 'NONE',  ( 0.000000000000000000, 0.000000000000000000, -1.000000000000000000 ) ) ;
#970 = CARTESIAN_POINT ( 'NONE',  ( -34.39999999999999858, 140.0000000000000000, 44.00000000000000000 ) ) ;
#971 = CARTESIAN_POINT ( 'NONE',  ( -15.85000000000000320, 127.0000000000000000, 11.99999999999999645 ) ) ;
#972 = AXIS2_PLACEMENT_3D ( 'NONE', #1250, #1851, #960 ) ;
#973 = EDGE_LOOP ( 'NONE', ( #686, #41 ) ) ;
#974 = CARTESIAN_POINT ( 'NONE',  ( 42.99999999999998579, 77.73456013816115728, 6.831686787262012395 ) ) ;
#975 = CARTESIAN_POINT ( 'NONE',  ( -32.00000000000000000, 77.00000000000000000, 9.700000000000001066 ) ) ;
#976 = ORIENTED_EDGE ( 'NONE', *, *, #413, .T. ) ;
#977 = DIRECTION ( 'NONE',  ( 0.000000000000000000, 0.000000000000000000, -1.000000000000000000 ) ) ;
#978 = LINE ( 'NONE', #401, #1203 ) ;
#979 = DIRECTION ( 'NONE',  ( 0.000000000000000000, 1.000000000000000000, 0.000000000000000000 ) ) ;
#980 = VECTOR ( 'NONE', #1136, 1000.000000000000000 ) ;
#981 = PLANE ( 'NONE',  #1323 ) ;
#982 = CARTESIAN_POINT ( 'NONE',  ( -40.00000000000000000, 77.00000000000000000, -12.00000000000000000 ) ) ;
#983 = DIRECTION ( 'NONE',  ( 0.000000000000000000, -1.000000000000000000, 0.000000000000000000 ) ) ;
#984 = CALENDAR_DATE ( 2026, 28, 9 ) ;
#985 = ADVANCED_FACE ( 'NONE', ( #578 ), #1739, .F. ) ;
#986 = EDGE_CURVE ( 'NONE', #1372, #1528, #978, .T. ) ;
#987 = EDGE_CURVE ( 'NONE', #28, #701, #1082, .T. ) ;
#988 = EDGE_LOOP ( 'NONE', ( #938, #476, #1215, #1555 ) ) ;
#989 = CARTESIAN_POINT ( 'NONE',  ( 30.84900000000000020, 0.000000000000000000, 4.000000000000000000 ) ) ;
#990 = DIRECTION ( 'NONE',  ( -1.000000000000000000, 0.000000000000000000, 0.000000000000000000 ) ) ;
#991 = LINE ( 'NONE', #1592, #1228 ) ;
#992 = LOCAL_TIME ( 19, 8, 55.00000000000000000, #1015 ) ;
#993 = EDGE_CURVE ( 'NONE', #816, #539, #605, .T. ) ;
#994 = CARTESIAN_POINT ( 'NONE',  ( 43.00000000000000000, 79.23597284044505784, -0.09892045964568306482 ) ) ;
#995 = ORIENTED_EDGE ( 'NONE', *, *, #916, .T. ) ;
#996 = CARTESIAN_POINT ( 'NONE',  ( -40.00000000000000000, 83.00000000000000000, -12.00000000000000000 ) ) ;
#997 = LINE ( 'NONE', #1585, #1472 ) ;
#998 = AXIS2_PLACEMENT_3D ( 'NONE', #1038, #162, #171 ) ;
#999 = ORIENTED_EDGE ( 'NONE', *, *, #86, .F. ) ;
#1000 = FACE_OUTER_BOUND ( 'NONE', #1683, .T. ) ;
#1001 = DIRECTION ( 'NONE',  ( -0.000000000000000000, -1.000000000000000000, -0.000000000000000000 ) ) ;
#1002 = CARTESIAN_POINT ( 'NONE',  ( 43.23427843904049439, 78.06202356005699983, -0.7043240200841838217 ) ) ;
#1003 = EDGE_LOOP ( 'NONE', ( #1238, #159, #1149, #1255, #1322, #1506, #175, #632, #35, #1365, #1797, #762, #471, #1615 ) ) ;
#1004 = CARTESIAN_POINT ( 'NONE',  ( 32.00000000000000000, 77.00000000000000000, -9.700000000000001066 ) ) ;
#1005 = DIRECTION ( 'NONE',  ( 0.000000000000000000, -0.000000000000000000, -1.000000000000000000 ) ) ;
#1006 = EDGE_CURVE ( 'NONE', #1868, #165, #320, .T. ) ;
#1007 = VERTEX_POINT ( 'NONE', #1344 ) ;
#1008 = DIRECTION ( 'NONE',  ( -0.000000000000000000, 1.000000000000000000, -0.000000000000000000 ) ) ;
#1009 = FACE_BOUND ( 'NONE', #488, .T. ) ;
#1010 = EDGE_CURVE ( 'NONE', #1700, #598, #446, .T. ) ;
#1011 = CARTESIAN_POINT ( 'NONE',  ( 43.90910543240027408, 77.00000000000001421, -2.831765385699592130 ) ) ;
#1012 = VERTEX_POINT ( 'NONE', #623 ) ;
#1013 = CARTESIAN_POINT ( 'NONE',  ( 32.45000000000000284, 127.0000000000000000, 0.000000000000000000 ) ) ;
#1014 = FACE_BOUND ( 'NONE', #973, .T. ) ;
#1015 = COORDINATED_UNIVERSAL_TIME_OFFSET ( 6, 0, .BEHIND. ) ;
#1016 = VERTEX_POINT ( 'NONE', #591 ) ;
#1017 = DIRECTION ( 'NONE',  ( -1.000000000000000000, 0.000000000000000000, 0.000000000000000000 ) ) ;
#1018 = DIRECTION ( 'NONE',  ( 0.000000000000000000, -1.000000000000000000, 0.000000000000000000 ) ) ;
#1019 = VECTOR ( 'NONE', #178, 1000.000000000000000 ) ;
#1020 = CARTESIAN_POINT ( 'NONE',  ( 43.86613854171076810, 77.07081709668202052, -2.330248148843859557 ) ) ;
#1021 = VERTEX_POINT ( 'NONE', #457 ) ;
#1022 = CARTESIAN_POINT ( 'NONE',  ( -43.01361191011983465, 78.91166614634943244, -0.1994056858331366977 ) ) ;
#1023 = DIRECTION ( 'NONE',  ( -1.000000000000000000, 0.000000000000000000, 0.000000000000000000 ) ) ;
#1024 = VECTOR ( 'NONE', #1045, 1000.000000000000114 ) ;
#1025 = PERSON_AND_ORGANIZATION ( #158, #1110 ) ;
#1026 = ORIENTED_EDGE ( 'NONE', *, *, #1195, .F. ) ;
#1027 = EDGE_CURVE ( 'NONE', #665, #288, #1658, .T. ) ;
#1028 = LINE ( 'NONE', #584, #1024 ) ;
#1029 = CARTESIAN_POINT ( 'NONE',  ( 40.00000000000000000, 83.00000000000000000, 0.000000000000000000 ) ) ;
#1030 = DIRECTION ( 'NONE',  ( -1.000000000000000000, 0.000000000000000000, -0.000000000000000000 ) ) ;
#1031 = CARTESIAN_POINT ( 'NONE',  ( 32.00000000000000000, 83.00000000000000000, -8.000000000000000000 ) ) ;
#1032 = DIRECTION ( 'NONE',  ( 0.000000000000000000, -1.000000000000000000, 0.000000000000000000 ) ) ;
#1033 = ORIENTED_EDGE ( 'NONE', *, *, #968, .T. ) ;
#1034 = DIRECTION ( 'NONE',  ( -0.000000000000000000, -0.000000000000000000, 1.000000000000000000 ) ) ;
#1035 = DIRECTION ( 'NONE',  ( -0.000000000000000000, 1.000000000000000000, -0.000000000000000000 ) ) ;
#1036 = PLANE ( 'NONE',  #1653 ) ;
#1037 = DIRECTION ( 'NONE',  ( 0.000000000000000000, 1.000000000000000000, 0.000000000000000000 ) ) ;
#1038 = CARTESIAN_POINT ( 'NONE',  ( -36.00000000000000000, 140.0000000000000000, 4.000000000000003553 ) ) ;
#1039 = AXIS2_PLACEMENT_3D ( 'NONE', #727, #417, #990 ) ;
#1040 = EDGE_LOOP ( 'NONE', ( #1293, #935, #802, #1095 ) ) ;
#1041 = ADVANCED_BREP_SHAPE_REPRESENTATION ( 'ARM-203_Bolted_shoulder_upright', ( #364, #834 ), #583 ) ;
#1042 = ADVANCED_FACE ( 'NONE', ( #1648 ), #1938, .T. ) ;
#1043 = AXIS2_PLACEMENT_3D ( 'NONE', #868, #1128, #239 ) ;
#1044 = EDGE_CURVE ( 'NONE', #1708, #1598, #611, .T. ) ;
#1045 = DIRECTION ( 'NONE',  ( -0.7071067811865474617, 0.7071067811865474617, -0.000000000000000000 ) ) ;
#1046 = DIRECTION ( 'NONE',  ( 1.000000000000000000, -0.000000000000000000, -0.000000000000000000 ) ) ;
#1047 = LINE ( 'NONE', #143, #619 ) ;
#1048 = CARTESIAN_POINT ( 'NONE',  ( -23.00000000000000000, 83.00000000000000000, -8.000000000000000000 ) ) ;
#1049 = EDGE_CURVE ( 'NONE', #1073, #1277, #1334, .T. ) ;
#1050 = AXIS2_PLACEMENT_3D ( 'NONE', #1096, #1832, #1103 ) ;
#1051 = ORIENTED_EDGE ( 'NONE', *, *, #1120, .F. ) ;
#1052 = CIRCLE ( 'NONE', #1113, 1.599999999999997202 ) ;
#1053 = CARTESIAN_POINT ( 'NONE',  ( -34.39999999999999858, 140.0000000000000000, 4.000000000000003553 ) ) ;
#1054 = ORIENTED_EDGE ( 'NONE', *, *, #702, .T. ) ;
#1055 = CARTESIAN_POINT ( 'NONE',  ( 0.000000000000000000, 80.00000000000000000, 4.000000000000000000 ) ) ;
#1056 = ORIENTED_EDGE ( 'NONE', *, *, #926, .T. ) ;
#1057 = LINE ( 'NONE', #1347, #1659 ) ;
#1058 = DIRECTION ( 'NONE',  ( 1.000000000000000000, -0.000000000000000000, 0.000000000000000000 ) ) ;
#1059 = VERTEX_POINT ( 'NONE', #585 ) ;
#1060 = VECTOR ( 'NONE', #1504, 1000.000000000000000 ) ;
#1061 = CARTESIAN_POINT ( 'NONE',  ( 43.00000000000000000, 78.86407668498929979, 5.723405897597934278 ) ) ;
#1062 = VECTOR ( 'NONE', #1058, 1000.000000000000000 ) ;
#1063 = EDGE_CURVE ( 'NONE', #124, #256, #1926, .T. ) ;
#1064 = ORIENTED_EDGE ( 'NONE', *, *, #1049, .F. ) ;
#1065 = ORIENTED_EDGE ( 'NONE', *, *, #713, .F. ) ;
#1066 = EDGE_CURVE ( 'NONE', #402, #1500, #299, .T. ) ;
#1067 = DIRECTION ( 'NONE',  ( 0.000000000000000000, 0.000000000000000000, -1.000000000000000000 ) ) ;
#1068 = ADVANCED_FACE ( 'NONE', ( #1211 ), #1190, .F. ) ;
#1069 = ORIENTED_EDGE ( 'NONE', *, *, #1606, .T. ) ;
#1070 = DIRECTION ( 'NONE',  ( 0.000000000000000000, 0.000000000000000000, -1.000000000000000000 ) ) ;
#1071 = CARTESIAN_POINT ( 'NONE',  ( -14.15000000000000036, 127.0000000000000000, 11.99999999999999645 ) ) ;
#1072 = EDGE_CURVE ( 'NONE', #311, #1855, #863, .T. ) ;
#1073 = VERTEX_POINT ( 'NONE', #1353 ) ;
#1074 = CARTESIAN_POINT ( 'NONE',  ( 43.00000000000000000, 77.83377049257347835, 5.129471325631394407 ) ) ;
#1075 = APPLICATION_CONTEXT ( 'configuration controlled 3d designs of mechanical parts and assemblies' ) ;
#1076 = ORIENTED_EDGE ( 'NONE', *, *, #435, .T. ) ;
#1077 = CARTESIAN_POINT ( 'NONE',  ( 92.00000000000000000, 92.00000000000000000, 0.000000000000000000 ) ) ;
#1078 = ORIENTED_EDGE ( 'NONE', *, *, #677, .T. ) ;
#1079 = DIRECTION ( 'NONE',  ( -0.000000000000000000, -1.000000000000000000, -0.000000000000000000 ) ) ;
#1080 = CARTESIAN_POINT ( 'NONE',  ( -12.45000000000000107, 117.0000000000000000, 0.000000000000000000 ) ) ;
#1081 = VERTEX_POINT ( 'NONE', #1519 ) ;
#1082 = CIRCLE ( 'NONE', #1144, 1.700000000000001954 ) ;
#1083 = AXIS2_PLACEMENT_3D ( 'NONE', #872, #1761, #1182 ) ;
#1084 = AXIS2_PLACEMENT_3D ( 'NONE', #1031, #1317, #1283 ) ;
#1085 = VECTOR ( 'NONE', #1032, 1000.000000000000000 ) ;
#1086 = ORIENTED_EDGE ( 'NONE', *, *, #1066, .T. ) ;
#1087 = CYLINDRICAL_SURFACE ( 'NONE', #11, 1.700000000000000178 ) ;
#1088 = ORIENTED_EDGE ( 'NONE', *, *, #214, .T. ) ;
#1089 = EDGE_CURVE ( 'NONE', #701, #28, #1681, .T. ) ;
#1090 = CARTESIAN_POINT ( 'NONE',  ( -43.00000000000002132, 77.89306671519695158, -1.383306989859791392 ) ) ;
#1091 = CARTESIAN_POINT ( 'NONE',  ( 30.84900000000000020, 111.5000000000000000, 12.00000000000000000 ) ) ;
#1092 = ORIENTED_EDGE ( 'NONE', *, *, #413, .F. ) ;
#1093 = DIRECTION ( 'NONE',  ( 0.000000000000000000, 0.000000000000000000, -1.000000000000000000 ) ) ;
#1094 = B_SPLINE_CURVE_WITH_KNOTS ( 'NONE', 3,
 ( #994, #1593, #1445, #1771, #247, #101, #1002, #571, #418, #1126, #1730, #1602, #76, #847, #1020, #382, #1011, #695 ),
 .UNSPECIFIED., .F., .F.,
 ( 4, 2, 2, 2, 2, 2, 2, 2, 4 ),
 ( 0.006613005728064808887, 0.007119503168469104235, 0.007626000608873398715, 0.008132498049277693195, 0.008638995489681989409, 0.009145492930086283889, 0.009651990370490578369, 0.01015848781089487458, 0.01066498525129917080 ),
 .UNSPECIFIED. ) ;
#1095 = ORIENTED_EDGE ( 'NONE', *, *, #763, .F. ) ;
#1096 = CARTESIAN_POINT ( 'NONE',  ( -36.00000000000000000, 104.0000000000000000, 4.000000000000003553 ) ) ;
#1097 = ORIENTED_EDGE ( 'NONE', *, *, #787, .T. ) ;
#1098 = DIRECTION ( 'NONE',  ( 0.000000000000000000, 0.000000000000000000, 1.000000000000000000 ) ) ;
#1099 = DIRECTION ( 'NONE',  ( 0.000000000000000000, 0.000000000000000000, -1.000000000000000000 ) ) ;
#1100 = ORIENTED_EDGE ( 'NONE', *, *, #1262, .F. ) ;
#1101 = DIRECTION ( 'NONE',  ( 0.000000000000000000, 0.000000000000000000, -1.000000000000000000 ) ) ;
#1102 = ORIENTED_EDGE ( 'NONE', *, *, #725, .F. ) ;
#1103 = DIRECTION ( 'NONE',  ( -1.000000000000000000, 0.000000000000000000, 0.000000000000000000 ) ) ;
#1104 = CARTESIAN_POINT ( 'NONE',  ( -43.00000000000000711, 78.49105056820319248, 7.473978996383053186 ) ) ;
#1105 = LINE ( 'NONE', #1234, #375 ) ;
#1106 = ORIENTED_EDGE ( 'NONE', *, *, #1862, .F. ) ;
#1107 = CARTESIAN_POINT ( 'NONE',  ( 43.99164420141836018, 77.00000000001075762, 1.209851718862578807 ) ) ;
#1108 = EDGE_CURVE ( 'NONE', #1081, #1477, #1812, .T. ) ;
#1109 = ADVANCED_FACE ( 'NONE', ( #168 ), #429, .F. ) ;
#1110 = ORGANIZATION ( 'UNSPECIFIED', 'UNSPECIFIED', '' ) ;
#1111 = VERTEX_POINT ( 'NONE', #1029 ) ;
#1112 = CYLINDRICAL_SURFACE ( 'NONE', #1620, 1.700000000000000178 ) ;
#1113 = AXIS2_PLACEMENT_3D ( 'NONE', #1123, #88, #812 ) ;
#1114 = DIRECTION ( 'NONE',  ( -1.000000000000000000, 0.000000000000000000, 0.000000000000000000 ) ) ;
#1115 = DIRECTION ( 'NONE',  ( 0.000000000000000000, 0.000000000000000000, 1.000000000000000000 ) ) ;
#1116 = CYLINDRICAL_SURFACE ( 'NONE', #1412, 1.700000000000001954 ) ;
#1117 = EDGE_LOOP ( 'NONE', ( #282, #55, #790, #995, #818, #1829 ) ) ;
#1118 = CARTESIAN_POINT ( 'NONE',  ( -40.00000000000000000, 77.00000000000000000, 12.00000000000000000 ) ) ;
#1119 = CARTESIAN_POINT ( 'NONE',  ( 34.14999999999999858, 127.0000000000000000, 4.000000000000000000 ) ) ;
#1120 = EDGE_CURVE ( 'NONE', #816, #1500, #466, .T. ) ;
#1121 = ORIENTED_EDGE ( 'NONE', *, *, #1044, .F. ) ;
#1122 = CARTESIAN_POINT ( 'NONE',  ( 42.99999999999999289, 77.87905059580707245, -3.120850499256205168 ) ) ;
#1123 = CARTESIAN_POINT ( 'NONE',  ( -36.00000000000000000, 104.0000000000000000, 0.000000000000000000 ) ) ;
#1124 = CARTESIAN_POINT ( 'NONE',  ( -43.00000000000001421, 77.76669121028906773, 6.409099173662779592 ) ) ;
#1125 = DIRECTION ( 'NONE',  ( 0.000000000000000000, 0.000000000000000000, -1.000000000000000000 ) ) ;
#1126 = CARTESIAN_POINT ( 'NONE',  ( 43.52086623851344171, 77.52624511607771751, -1.295395471452075897 ) ) ;
#1127 = CARTESIAN_POINT ( 'NONE',  ( 43.43047292860241981, 77.00000000000000000, 7.056487879811904840 ) ) ;
#1128 = DIRECTION ( 'NONE',  ( 1.000000000000000000, -0.000000000000000000, 0.000000000000000000 ) ) ;
#1129 = COORDINATED_UNIVERSAL_TIME_OFFSET ( 6, 0, .BEHIND. ) ;
#1130 = CIRCLE ( 'NONE', #1635, 1.700000000000000178 ) ;
#1131 = ORIENTED_EDGE ( 'NONE', *, *, #1689, .F. ) ;
#1132 = EDGE_CURVE ( 'NONE', #1372, #1622, #1484, .T. ) ;
#1133 = VECTOR ( 'NONE', #447, 1000.000000000000000 ) ;
#1134 = FACE_BOUND ( 'NONE', #912, .T. ) ;
#1135 = PLANE ( 'NONE',  #887 ) ;
#1136 = DIRECTION ( 'NONE',  ( 0.000000000000000000, 0.000000000000000000, -1.000000000000000000 ) ) ;
#1137 = CIRCLE ( 'NONE', #139, 1.700000000000001954 ) ;
#1138 = ORIENTED_EDGE ( 'NONE', *, *, #1469, .F. ) ;
#1139 = ORIENTED_EDGE ( 'NONE', *, *, #1463, .F. ) ;
#1140 = CARTESIAN_POINT ( 'NONE',  ( 30.84900000000000020, 111.5000000000000000, 0.000000000000000000 ) ) ;
#1141 = PLANE ( 'NONE',  #1503 ) ;
#1142 = PERSON_AND_ORGANIZATION ( #158, #1110 ) ;
#1143 = ORIENTED_EDGE ( 'NONE', *, *, #597, .T. ) ;
#1144 = AXIS2_PLACEMENT_3D ( 'NONE', #1313, #558, #1601 ) ;
#1145 = DIRECTION ( 'NONE',  ( -1.000000000000000000, 0.000000000000000000, 0.000000000000000000 ) ) ;
#1146 = DIRECTION ( 'NONE',  ( 0.000000000000000000, 0.000000000000000000, 1.000000000000000000 ) ) ;
#1147 = AXIS2_PLACEMENT_3D ( 'NONE', #254, #1857, #224 ) ;
#1148 = EDGE_CURVE ( 'NONE', #660, #1520, #1492, .T. ) ;
#1149 = ORIENTED_EDGE ( 'NONE', *, *, #1342, .T. ) ;
#1150 = ORIENTED_EDGE ( 'NONE', *, *, #1063, .F. ) ;
#1151 = LINE ( 'NONE', #550, #1931 ) ;
#1152 = CARTESIAN_POINT ( 'NONE',  ( -16.00000000000000000, 108.0000000000000000, 0.000000000000000000 ) ) ;
#1153 = CIRCLE ( 'NONE', #303, 1.700000000000000178 ) ;
#1154 = DATE_TIME_ROLE ( 'creation_date' ) ;
#1155 = VERTEX_POINT ( 'NONE', #1929 ) ;
#1156 = VECTOR ( 'NONE', #1605, 1000.000000000000000 ) ;
#1157 = FACE_BOUND ( 'NONE', #415, .T. ) ;
#1158 = CARTESIAN_POINT ( 'NONE',  ( 34.14999999999999858, 127.0000000000000000, 4.000000000000000000 ) ) ;
#1159 = ORIENTED_EDGE ( 'NONE', *, *, #373, .T. ) ;
#1160 = ORIENTED_EDGE ( 'NONE', *, *, #1382, .T. ) ;
#1161 = CARTESIAN_POINT ( 'NONE',  ( -40.00000000000000000, 77.00000000000000000, -3.000000000000000000 ) ) ;
#1162 = DIRECTION ( 'NONE',  ( 0.000000000000000000, -1.000000000000000000, 0.000000000000000000 ) ) ;
#1163 = CIRCLE ( 'NONE', #1218, 3.000000000000000000 ) ;
#1164 = ORIENTED_EDGE ( 'NONE', *, *, #133, .F. ) ;
#1165 = DIRECTION ( 'NONE',  ( 0.000000000000000000, 0.000000000000000000, -1.000000000000000000 ) ) ;
#1166 = CARTESIAN_POINT ( 'NONE',  ( 43.00000000000000000, 80.00000000000000000, 0.000000000000000000 ) ) ;
#1167 = EDGE_LOOP ( 'NONE', ( #1430, #1265, #1159, #1549 ) ) ;
#1168 = ORIENTED_EDGE ( 'NONE', *, *, #1667, .T. ) ;
#1169 = DIRECTION ( 'NONE',  ( -0.000000000000000000, 1.000000000000000000, -0.000000000000000000 ) ) ;
#1170 = CARTESIAN_POINT ( 'NONE',  ( -16.00000000000000000, 108.0000000000000000, 4.000000000000000000 ) ) ;
#1171 = EDGE_CURVE ( 'NONE', #180, #1007, #1183, .T. ) ;
#1172 = APPROVAL_ROLE ( '' ) ;
#1173 = EDGE_CURVE ( 'NONE', #539, #402, #1677, .T. ) ;
#1174 = ORIENTED_EDGE ( 'NONE', *, *, #1354, .T. ) ;
#1175 = CARTESIAN_POINT ( 'NONE',  ( -23.00000000000000000, 108.0000000000000000, -4.999999999999997335 ) ) ;
#1176 = DIRECTION ( 'NONE',  ( 0.000000000000000000, -1.000000000000000000, 0.000000000000000000 ) ) ;
#1177 = VECTOR ( 'NONE', #1404, 1000.000000000000000 ) ;
#1178 = FACE_OUTER_BOUND ( 'NONE', #838, .T. ) ;
#1179 = CARTESIAN_POINT ( 'NONE',  ( -40.00000000000000000, 83.00000000000000000, -12.00000000000000000 ) ) ;
#1180 = DIRECTION ( 'NONE',  ( 0.000000000000000000, 0.000000000000000000, 1.000000000000000000 ) ) ;
#1181 = ORIENTED_EDGE ( 'NONE', *, *, #1828, .T. ) ;
#1182 = DIRECTION ( 'NONE',  ( 0.000000000000000000, 0.000000000000000000, -1.000000000000000000 ) ) ;
#1183 = LINE ( 'NONE', #1221, #1616 ) ;
#1184 = CARTESIAN_POINT ( 'NONE',  ( -36.00000000000000000, 140.0000000000000000, 4.000000000000003553 ) ) ;
#1185 = FACE_OUTER_BOUND ( 'NONE', #1413, .T. ) ;
#1186 = CARTESIAN_POINT ( 'NONE',  ( 40.00000000000000000, 80.00000000000000000, 7.000000000000000000 ) ) ;
#1187 = ORIENTED_EDGE ( 'NONE', *, *, #414, .T. ) ;
#1188 = ADVANCED_FACE ( 'NONE', ( #931 ), #1556, .T. ) ;
#1189 = CARTESIAN_POINT ( 'NONE',  ( -14.15000000000000036, 117.0000000000000000, 11.99999999999999645 ) ) ;
#1190 = PLANE ( 'NONE',  #1895 ) ;
#1191 = CARTESIAN_POINT ( 'NONE',  ( -40.00000000000000000, 80.00000000000000000, 7.000000000000000000 ) ) ;
#1192 = CARTESIAN_POINT ( 'NONE',  ( 0.000000000000000000, 80.00000000000000000, -3.000000000000000000 ) ) ;
#1193 = DIRECTION ( 'NONE',  ( 0.000000000000000000, 0.000000000000000000, 1.000000000000000000 ) ) ;
#1194 = ORIENTED_EDGE ( 'NONE', *, *, #1401, .T. ) ;
#1195 = EDGE_CURVE ( 'NONE', #497, #8, #1646, .T. ) ;
#1196 = ORIENTED_EDGE ( 'NONE', *, *, #436, .T. ) ;
#1197 = CARTESIAN_POINT ( 'NONE',  ( 43.00000000000000000, 79.16613622604572242, 2.738096847759126540 ) ) ;
#1198 = ORIENTED_EDGE ( 'NONE', *, *, #1924, .T. ) ;
#1199 = DIRECTION ( 'NONE',  ( -0.000000000000000000, -0.000000000000000000, 1.000000000000000000 ) ) ;
#1200 = ORIENTED_EDGE ( 'NONE', *, *, #1354, .F. ) ;
#1201 = DIRECTION ( 'NONE',  ( 0.000000000000000000, 0.000000000000000000, -1.000000000000000000 ) ) ;
#1202 = CARTESIAN_POINT ( 'NONE',  ( 30.84900000000000020, 132.5000000000000000, 0.000000000000000000 ) ) ;
#1203 = VECTOR ( 'NONE', #1001, 1000.000000000000000 ) ;
#1204 = EDGE_CURVE ( 'NONE', #752, #1855, #345, .T. ) ;
#1205 = VERTEX_POINT ( 'NONE', #1231 ) ;
#1206 = VECTOR ( 'NONE', #1101, 1000.000000000000000 ) ;
#1207 = CIRCLE ( 'NONE', #361, 1.599999999999997202 ) ;
#1208 = CARTESIAN_POINT ( 'NONE',  ( 43.49221623832807637, 77.09904154908947760, 6.219308592857426099 ) ) ;
#1209 = ORIENTED_EDGE ( 'NONE', *, *, #1401, .F. ) ;
#1210 = ORIENTED_EDGE ( 'NONE', *, *, #483, .F. ) ;
#1211 = FACE_OUTER_BOUND ( 'NONE', #177, .T. ) ;
#1212 = ORIENTED_EDGE ( 'NONE', *, *, #1475, .T. ) ;
#1213 = CARTESIAN_POINT ( 'NONE',  ( -15.85000000000000320, 127.0000000000000000, 0.000000000000000000 ) ) ;
#1214 = CARTESIAN_POINT ( 'NONE',  ( -10.84900000000000020, 111.5000000000000000, 12.00000000000000000 ) ) ;
#1215 = ORIENTED_EDGE ( 'NONE', *, *, #1701, .F. ) ;
#1216 = AXIS2_PLACEMENT_3D ( 'NONE', #1494, #1826, #469 ) ;
#1217 = CARTESIAN_POINT ( 'NONE',  ( 42.99999999999999289, 77.76669121029216569, 6.409099173662188953 ) ) ;
#1218 = AXIS2_PLACEMENT_3D ( 'NONE', #794, #64, #206 ) ;
#1219 = VERTEX_POINT ( 'NONE', #40 ) ;
#1220 = ORIENTED_EDGE ( 'NONE', *, *, #502, .T. ) ;
#1221 = CARTESIAN_POINT ( 'NONE',  ( -40.00000000000000000, 83.00000000000000000, 12.00000000000000000 ) ) ;
#1222 = ORIENTED_EDGE ( 'NONE', *, *, #427, .T. ) ;
#1223 = CARTESIAN_POINT ( 'NONE',  ( -43.00000000000000711, 79.22433656031729754, 1.320242810779366449 ) ) ;
#1224 = CARTESIAN_POINT ( 'NONE',  ( 0.000000000000000000, 0.000000000000000000, 0.000000000000000000 ) ) ;
#1225 = ORIENTED_EDGE ( 'NONE', *, *, #1643, .F. ) ;
#1226 = VECTOR ( 'NONE', #1850, 1000.000000000000000 ) ;
#1227 = EDGE_CURVE ( 'NONE', #1305, #1671, #1841, .T. ) ;
#1228 = VECTOR ( 'NONE', #90, 1000.000000000000000 ) ;
#1229 = APPROVAL ( #1470, 'UNSPECIFIED' ) ;
#1230 = EDGE_LOOP ( 'NONE', ( #760, #1909 ) ) ;
#1231 = CARTESIAN_POINT ( 'NONE',  ( -16.00000000000000000, 104.9999999999999858, -8.000000000000000000 ) ) ;
#1232 = ORIENTED_EDGE ( 'NONE', *, *, #65, .T. ) ;
#1233 = LINE ( 'NONE', #1394, #1636 ) ;
#1234 = CARTESIAN_POINT ( 'NONE',  ( 0.000000000000000000, 111.5000000000000000, 4.000000000000000000 ) ) ;
#1235 = ORIENTED_EDGE ( 'NONE', *, *, #398, .F. ) ;
#1236 = DIRECTION ( 'NONE',  ( -0.7071067811865475727, -0.7071067811865475727, -0.000000000000000000 ) ) ;
#1237 = LOCAL_TIME ( 19, 8, 55.00000000000000000, #1597 ) ;
#1238 = ORIENTED_EDGE ( 'NONE', *, *, #1327, .T. ) ;
#1239 = DIRECTION ( 'NONE',  ( 1.000000000000000000, -0.000000000000000000, 0.000000000000000000 ) ) ;
#1240 = ORIENTED_EDGE ( 'NONE', *, *, #1396, .F. ) ;
#1241 = DIRECTION ( 'NONE',  ( -1.000000000000000000, 0.000000000000000000, 0.000000000000000000 ) ) ;
#1242 = DIRECTION ( 'NONE',  ( 0.000000000000000000, 0.000000000000000000, -1.000000000000000000 ) ) ;
#1243 = ORIENTED_EDGE ( 'NONE', *, *, #1469, .T. ) ;
#1244 = CARTESIAN_POINT ( 'NONE',  ( 43.00000000000000000, 79.05341984226707552, 4.153249922282197915 ) ) ;
#1245 = VERTEX_POINT ( 'NONE', #354 ) ;
#1246 = FACE_OUTER_BOUND ( 'NONE', #932, .T. ) ;
#1247 = B_SPLINE_CURVE_WITH_KNOTS ( 'NONE', 3,
 ( #885, #93, #1022, #135, #866, #103, #687, #1306, #1922, #279, #1467, #1882, #580, #1455, #1906, #393, #1613, #1754 ),
 .UNSPECIFIED., .F., .F.,
 ( 4, 2, 2, 2, 2, 2, 2, 2, 4 ),
 ( 0.006782224843445095776, 0.007289436579272611481, 0.007796648315100126320, 0.008303860050927642025, 0.008811071786755157731, 0.009318283522582671702, 0.009825495258410187407, 0.01033270699423770138, 0.01083991873006521708 ),
 .UNSPECIFIED. ) ;
#1248 = ADVANCED_FACE ( 'NONE', ( #1529 ), #60, .F. ) ;
#1249 = CARTESIAN_POINT ( 'NONE',  ( -43.00000000000000711, 77.83377049257344993, 5.129471325636785650 ) ) ;
#1250 = CARTESIAN_POINT ( 'NONE',  ( -36.00000000000000000, 140.0000000000000000, 0.000000000000000000 ) ) ;
#1251 = EDGE_LOOP ( 'NONE', ( #1660, #1102, #1194, #1076 ) ) ;
#1252 = CARTESIAN_POINT ( 'NONE',  ( 43.00000000000000000, 78.70600776732109694, 6.604523039870165313 ) ) ;
#1253 =( LENGTH_UNIT ( ) NAMED_UNIT ( * ) SI_UNIT ( .MILLI., .METRE. ) );
#1254 = EDGE_CURVE ( 'NONE', #235, #1598, #193, .T. ) ;
#1255 = ORIENTED_EDGE ( 'NONE', *, *, #1665, .T. ) ;
#1256 = CARTESIAN_POINT ( 'NONE',  ( -32.00000000000000000, 83.00000000000000000, -9.700000000000001066 ) ) ;
#1257 = CARTESIAN_POINT ( 'NONE',  ( -43.43961325794694517, 77.00000000000000000, 7.000000000000000000 ) ) ;
#1258 = CARTESIAN_POINT ( 'NONE',  ( -42.99999999999533884, 77.73456013815943777, 6.831686787261490146 ) ) ;
#1259 = FACE_BOUND ( 'NONE', #857, .T. ) ;
#1260 = ORIENTED_EDGE ( 'NONE', *, *, #1227, .T. ) ;
#1261 = CARTESIAN_POINT ( 'NONE',  ( 43.84683786407268258, 77.00000000003515765, 3.763297399235751683 ) ) ;
#1262 = EDGE_CURVE ( 'NONE', #1671, #1753, #791, .T. ) ;
#1263 = CARTESIAN_POINT ( 'NONE',  ( 0.000000000000000000, 132.5000000000000000, 0.000000000000000000 ) ) ;
#1264 = VECTOR ( 'NONE', #1371, 1000.000000000000000 ) ;
#1265 = ORIENTED_EDGE ( 'NONE', *, *, #351, .T. ) ;
#1266 = CARTESIAN_POINT ( 'NONE',  ( -16.00000000000000000, 80.00000000000000000, 0.000000000000000000 ) ) ;
#1267 = VECTOR ( 'NONE', #969, 1000.000000000000000 ) ;
#1268 = EDGE_CURVE ( 'NONE', #758, #1621, #477, .T. ) ;
#1269 = FACE_OUTER_BOUND ( 'NONE', #809, .T. ) ;
#1270 = CARTESIAN_POINT ( 'NONE',  ( -43.00000000000000711, 79.22899659999808364, 1.264271929139975326 ) ) ;
#1271 = DIRECTION ( 'NONE',  ( 0.000000000000000000, 0.000000000000000000, -1.000000000000000000 ) ) ;
#1272 = CARTESIAN_POINT ( 'NONE',  ( -43.49560758051031684, 77.06228857066152216, 6.371739833047246115 ) ) ;
#1273 = EDGE_CURVE ( 'NONE', #365, #860, #495, .T. ) ;
#1274 = CARTESIAN_POINT ( 'NONE',  ( 43.00000000000309086, 77.88289012956936119, 2.967959463078185145 ) ) ;
#1275 = FACE_OUTER_BOUND ( 'NONE', #32, .T. ) ;
#1276 = CALENDAR_DATE ( 2026, 28, 9 ) ;
#1277 = VERTEX_POINT ( 'NONE', #1256 ) ;
#1278 = FACE_OUTER_BOUND ( 'NONE', #410, .T. ) ;
#1279 = CARTESIAN_POINT ( 'NONE',  ( 32.00000000000000000, 77.00000000000000000, 6.299999999999999822 ) ) ;
#1280 = DIRECTION ( 'NONE',  ( 0.000000000000000000, 0.000000000000000000, -1.000000000000000000 ) ) ;
#1281 = CARTESIAN_POINT ( 'NONE',  ( -43.17054135947297056, 77.97820249301963713, 4.778301710510675981 ) ) ;
#1282 = EDGE_LOOP ( 'NONE', ( #976, #154 ) ) ;
#1283 = DIRECTION ( 'NONE',  ( 0.000000000000000000, 0.000000000000000000, -1.000000000000000000 ) ) ;
#1284 = CARTESIAN_POINT ( 'NONE',  ( 0.000000000000000000, 83.00000000000000000, -8.000000000000000000 ) ) ;
#1285 = DIRECTION ( 'NONE',  ( 1.000000000000000000, 0.000000000000000000, 0.000000000000000000 ) ) ;
#1286 = ORIENTED_EDGE ( 'NONE', *, *, #1044, .T. ) ;
#1287 = AXIS2_PLACEMENT_3D ( 'NONE', #1889, #275, #1920 ) ;
#1288 = EDGE_CURVE ( 'NONE', #1245, #1860, #1460, .T. ) ;
#1289 = DIRECTION ( 'NONE',  ( 0.000000000000000000, 1.000000000000000000, 0.000000000000000000 ) ) ;
#1290 = DIRECTION ( 'NONE',  ( 0.000000000000000000, -1.000000000000000000, 0.000000000000000000 ) ) ;
#1291 = CIRCLE ( 'NONE', #444, 1.700000000000000178 ) ;
#1292 = ORIENTED_EDGE ( 'NONE', *, *, #533, .F. ) ;
#1293 = ORIENTED_EDGE ( 'NONE', *, *, #61, .T. ) ;
#1294 = DIRECTION ( 'NONE',  ( 0.000000000000000000, 0.000000000000000000, 1.000000000000000000 ) ) ;
#1295 = CARTESIAN_POINT ( 'NONE',  ( 0.000000000000000000, 111.5000000000000000, 0.000000000000000000 ) ) ;
#1296 = ADVANCED_FACE ( 'NONE', ( #946 ), #1087, .F. ) ;
#1297 = APPROVAL_ROLE ( '' ) ;
#1298 = EDGE_CURVE ( 'NONE', #1007, #1372, #30, .T. ) ;
#1299 = EDGE_LOOP ( 'NONE', ( #836, #278, #766, #638 ) ) ;
#1300 = VECTOR ( 'NONE', #966, 1000.000000000000000 ) ;
#1301 = FACE_BOUND ( 'NONE', #620, .T. ) ;
#1302 = LINE ( 'NONE', #862, #1573 ) ;
#1303 = CIRCLE ( 'NONE', #1084, 1.700000000000000178 ) ;
#1304 = CARTESIAN_POINT ( 'NONE',  ( -32.00000000000000000, 144.0000000000000000, -8.000000000000000000 ) ) ;
#1305 = VERTEX_POINT ( 'NONE', #937 ) ;
#1306 = CARTESIAN_POINT ( 'NONE',  ( -43.34322731499921844, 77.82841041741502863, -0.9239499883082282761 ) ) ;
#1307 = LINE ( 'NONE', #1170, #1060 ) ;
#1308 = EDGE_CURVE ( 'NONE', #1397, #1021, #1536, .T. ) ;
#1309 = DATE_TIME_ROLE ( 'classification_date' ) ;
#1310 = EDGE_LOOP ( 'NONE', ( #324, #184, #1603, #468 ) ) ;
#1311 = CIRCLE ( 'NONE', #811, 1.700000000000000178 ) ;
#1312 = DIRECTION ( 'NONE',  ( 0.000000000000000000, 0.000000000000000000, -1.000000000000000000 ) ) ;
#1313 = CARTESIAN_POINT ( 'NONE',  ( -14.15000000000000036, 127.0000000000000000, 0.000000000000000000 ) ) ;
#1314 = EDGE_CURVE ( 'NONE', #485, #298, #1428, .T. ) ;
#1315 = CARTESIAN_POINT ( 'NONE',  ( -43.13519847385348527, 78.09469042953001860, 4.677465621784914873 ) ) ;
#1316 = ORIENTED_EDGE ( 'NONE', *, *, #576, .F. ) ;
#1317 = DIRECTION ( 'NONE',  ( -0.000000000000000000, 1.000000000000000000, -0.000000000000000000 ) ) ;
#1318 = DIRECTION ( 'NONE',  ( -1.000000000000000000, 0.000000000000000000, 0.000000000000000000 ) ) ;
#1319 = VECTOR ( 'NONE', #1707, 1000.000000000000000 ) ;
#1320 = ADVANCED_FACE ( 'NONE', ( #1246 ), #1112, .F. ) ;
#1321 = CALENDAR_DATE ( 2026, 28, 9 ) ;
#1322 = ORIENTED_EDGE ( 'NONE', *, *, #1722, .T. ) ;
#1323 = AXIS2_PLACEMENT_3D ( 'NONE', #1583, #1939, #1328 ) ;
#1324 = AXIS2_PLACEMENT_3D ( 'NONE', #1406, #1706, #1750 ) ;
#1325 = CARTESIAN_POINT ( 'NONE',  ( 32.00000000000000000, 77.00000000000000000, -8.000000000000000000 ) ) ;
#1326 = CARTESIAN_POINT ( 'NONE',  ( 43.00000000000000000, 80.00000000000000000, 4.000000000000000000 ) ) ;
#1327 = EDGE_CURVE ( 'NONE', #910, #1772, #505, .T. ) ;
#1328 = DIRECTION ( 'NONE',  ( 1.000000000000000000, 0.000000000000000000, -0.000000000000000000 ) ) ;
#1329 = CARTESIAN_POINT ( 'NONE',  ( 32.00000000000000000, 77.00000000000000000, -6.299999999999999822 ) ) ;
#1330 = DIRECTION ( 'NONE',  ( 0.000000000000000000, -0.000000000000000000, 1.000000000000000000 ) ) ;
#1331 = ADVANCED_FACE ( 'NONE', ( #669 ), #948, .F. ) ;
#1332 = DIRECTION ( 'NONE',  ( 0.000000000000000000, 0.000000000000000000, -1.000000000000000000 ) ) ;
#1333 = DIRECTION ( 'NONE',  ( -1.000000000000000000, 0.000000000000000000, 0.000000000000000000 ) ) ;
#1334 = CIRCLE ( 'NONE', #484, 1.700000000000000178 ) ;
#1335 = EDGE_CURVE ( 'NONE', #1155, #1219, #1561, .T. ) ;
#1336 = CYLINDRICAL_SURFACE ( 'NONE', #554, 1.700000000000000178 ) ;
#1337 = DIRECTION ( 'NONE',  ( 0.000000000000000000, -1.000000000000000000, 0.000000000000000000 ) ) ;
#1338 = AXIS2_PLACEMENT_3D ( 'NONE', #1799, #1712, #1694 ) ;
#1339 = CARTESIAN_POINT ( 'NONE',  ( 32.00000000000000000, 144.0000000000000000, -8.000000000000000000 ) ) ;
#1340 = EDGE_LOOP ( 'NONE', ( #1376, #1352 ) ) ;
#1341 = APPLICATION_CONTEXT ( 'configuration controlled 3d designs of mechanical parts and assemblies' ) ;
#1342 = EDGE_CURVE ( 'NONE', #1111, #248, #917, .T. ) ;
#1343 = CARTESIAN_POINT ( 'NONE',  ( 0.000000000000000000, 80.00000000000000000, -3.000000000000000000 ) ) ;
#1344 = CARTESIAN_POINT ( 'NONE',  ( -40.00000000000000000, 83.00000000000000000, 12.00000000000000000 ) ) ;
#1345 = CARTESIAN_POINT ( 'NONE',  ( -14.15000000000000036, 117.0000000000000000, 11.99999999999999645 ) ) ;
#1346 = CC_DESIGN_APPROVAL ( #1229, ( #1746 ) ) ;
#1347 = CARTESIAN_POINT ( 'NONE',  ( 0.000000000000000000, 83.00000000000000000, 4.000000000000000000 ) ) ;
#1348 = DIRECTION ( 'NONE',  ( -1.000000000000000000, 0.000000000000000000, -0.000000000000000000 ) ) ;
#1349 = ORIENTED_EDGE ( 'NONE', *, *, #1757, .F. ) ;
#1350 = ORIENTED_EDGE ( 'NONE', *, *, #1809, .T. ) ;
#1351 = DIRECTION ( 'NONE',  ( 0.000000000000000000, -1.000000000000000000, 0.000000000000000000 ) ) ;
#1352 = ORIENTED_EDGE ( 'NONE', *, *, #1562, .T. ) ;
#1353 = CARTESIAN_POINT ( 'NONE',  ( -32.00000000000000000, 83.00000000000000000, -6.299999999999999822 ) ) ;
#1354 = EDGE_CURVE ( 'NONE', #256, #124, #1464, .T. ) ;
#1355 = LINE ( 'NONE', #594, #721 ) ;
#1356 = LINE ( 'NONE', #1633, #1900 ) ;
#1357 = ORIENTED_EDGE ( 'NONE', *, *, #1819, .T. ) ;
#1358 = EDGE_LOOP ( 'NONE', ( #1511, #1825, #59, #544 ) ) ;
#1359 = ORIENTED_EDGE ( 'NONE', *, *, #1808, .T. ) ;
#1360 = DIRECTION ( 'NONE',  ( 0.000000000000000000, -1.000000000000000000, 0.000000000000000000 ) ) ;
#1361 = VERTEX_POINT ( 'NONE', #1118 ) ;
#1362 = CARTESIAN_POINT ( 'NONE',  ( -43.00000000000000711, 80.00000000000000000, 4.000000000000000000 ) ) ;
#1363 = DIRECTION ( 'NONE',  ( -0.000000000000000000, 1.000000000000000000, -0.000000000000000000 ) ) ;
#1364 = VECTOR ( 'NONE', #1856, 1000.000000000000000 ) ;
#1365 = ORIENTED_EDGE ( 'NONE', *, *, #622, .F. ) ;
#1366 = VECTOR ( 'NONE', #1854, 1000.000000000000000 ) ;
#1367 = AXIS2_PLACEMENT_3D ( 'NONE', #1557, #958, #977 ) ;
#1368 = CARTESIAN_POINT ( 'NONE',  ( 43.55523361809242289, 76.99999999996973088, 6.254038391170722910 ) ) ;
#1369 = ORIENTED_EDGE ( 'NONE', *, *, #164, .F. ) ;
#1370 = ORIENTED_EDGE ( 'NONE', *, *, #624, .T. ) ;
#1371 = DIRECTION ( 'NONE',  ( -1.000000000000000000, -0.000000000000000000, -0.000000000000000000 ) ) ;
#1372 = VERTEX_POINT ( 'NONE', #1419 ) ;
#1373 = CARTESIAN_POINT ( 'NONE',  ( -40.00000000000000000, 77.00000000000000000, 12.00000000000000000 ) ) ;
#1374 = CARTESIAN_POINT ( 'NONE',  ( -14.15000000000000036, 127.0000000000000000, 11.99999999999999645 ) ) ;
#1375 = EDGE_CURVE ( 'NONE', #298, #485, #801, .T. ) ;
#1376 = ORIENTED_EDGE ( 'NONE', *, *, #1645, .T. ) ;
#1377 = ADVANCED_FACE ( 'NONE', ( #659 ), #77, .F. ) ;
#1378 = EDGE_CURVE ( 'NONE', #231, #1621, #118, .T. ) ;
#1379 = EDGE_LOOP ( 'NONE', ( #685, #338, #25, #1516, #4 ) ) ;
#1380 = DIRECTION ( 'NONE',  ( -1.000000000000000000, 0.000000000000000000, 0.000000000000000000 ) ) ;
#1381 = EDGE_CURVE ( 'NONE', #8, #497, #45, .T. ) ;
#1382 = EDGE_CURVE ( 'NONE', #231, #465, #835, .T. ) ;
#1383 = ORIENTED_EDGE ( 'NONE', *, *, #608, .F. ) ;
#1384 = CARTESIAN_POINT ( 'NONE',  ( -43.00000000000001421, 77.88999485674425216, -2.249449542852804296 ) ) ;
#1385 = LINE ( 'NONE', #507, #1480 ) ;
#1386 = EDGE_LOOP ( 'NONE', ( #387, #372, #1936, #947 ) ) ;
#1387 = AXIS2_PLACEMENT_3D ( 'NONE', #1452, #1290, #546 ) ;
#1388 = UNCERTAINTY_MEASURE_WITH_UNIT (LENGTH_MEASURE( 1.000000000000000082E-05 ), #1253, 'distance_accuracy_value', 'NONE');
#1389 = CARTESIAN_POINT ( 'NONE',  ( -32.00000000000000000, 77.00000000000000000, -9.700000000000001066 ) ) ;
#1390 = AXIS2_PLACEMENT_3D ( 'NONE', #226, #75, #1271 ) ;
#1391 = ORIENTED_EDGE ( 'NONE', *, *, #472, .F. ) ;
#1392 = CARTESIAN_POINT ( 'NONE',  ( -10.84900000000000020, 111.5000000000000000, 12.00000000000000000 ) ) ;
#1393 = ORIENTED_EDGE ( 'NONE', *, *, #1335, .T. ) ;
#1394 = CARTESIAN_POINT ( 'NONE',  ( -43.00000000000000711, 144.0000000000000000, 0.000000000000000000 ) ) ;
#1395 = CARTESIAN_POINT ( 'NONE',  ( -32.00000000000000000, 77.00000000000000000, 6.299999999999999822 ) ) ;
#1396 = EDGE_CURVE ( 'NONE', #1528, #1881, #1773, .T. ) ;
#1397 = VERTEX_POINT ( 'NONE', #1632 ) ;
#1398 = AXIS2_PLACEMENT_3D ( 'NONE', #761, #900, #1333 ) ;
#1399 = CARTESIAN_POINT ( 'NONE',  ( 43.00000000000000000, 79.22433656031731175, 1.320242810779364895 ) ) ;
#1400 = AXIS2_PLACEMENT_3D ( 'NONE', #1914, #1169, #404 ) ;
#1401 = EDGE_CURVE ( 'NONE', #843, #1693, #1247, .T. ) ;
#1402 = AXIS2_PLACEMENT_3D ( 'NONE', #1345, #883, #728 ) ;
#1403 = ORIENTED_EDGE ( 'NONE', *, *, #1327, .F. ) ;
#1404 = DIRECTION ( 'NONE',  ( 0.000000000000000000, 0.000000000000000000, -1.000000000000000000 ) ) ;
#1405 = VERTEX_POINT ( 'NONE', #1140 ) ;
#1406 = CARTESIAN_POINT ( 'NONE',  ( -40.00000000000000000, 83.00000000000000000, 12.00000000000000000 ) ) ;
#1407 = DIRECTION ( 'NONE',  ( -1.000000000000000000, 0.000000000000000000, 0.000000000000000000 ) ) ;
#1408 = ORIENTED_EDGE ( 'NONE', *, *, #65, .F. ) ;
#1409 = DIRECTION ( 'NONE',  ( 0.000000000000000000, 0.000000000000000000, -1.000000000000000000 ) ) ;
#1410 = VECTOR ( 'NONE', #1037, 1000.000000000000000 ) ;
#1411 = LINE ( 'NONE', #909, #1206 ) ;
#1412 = AXIS2_PLACEMENT_3D ( 'NONE', #1374, #27, #1407 ) ;
#1413 = EDGE_LOOP ( 'NONE', ( #66, #1403, #1833, #1842, #1663 ) ) ;
#1414 = CARTESIAN_POINT ( 'NONE',  ( 43.00000000000000000, 77.00000000000000000, -3.000000000000000000 ) ) ;
#1415 = DIRECTION ( 'NONE',  ( 0.000000000000000000, -0.000000000000000000, -1.000000000000000000 ) ) ;
#1416 = CARTESIAN_POINT ( 'NONE',  ( -43.91162894262285477, 76.99999999998757971, 2.915020468780563423 ) ) ;
#1417 = FACE_OUTER_BOUND ( 'NONE', #1358, .T. ) ;
#1418 = EDGE_LOOP ( 'NONE', ( #1225, #875, #1811, #243 ) ) ;
#1419 = CARTESIAN_POINT ( 'NONE',  ( 40.00000000000000000, 83.00000000000000000, 12.00000000000000000 ) ) ;
#1420 = EDGE_LOOP ( 'NONE', ( #185, #648, #572, #1051 ) ) ;
#1421 = DIRECTION ( 'NONE',  ( 0.000000000000000000, 0.000000000000000000, -1.000000000000000000 ) ) ;
#1422 = CARTESIAN_POINT ( 'NONE',  ( -23.00000000000000000, 77.00000000000000000, 4.000000000000000000 ) ) ;
#1423 = CARTESIAN_POINT ( 'NONE',  ( -43.49489166668487172, 76.99999999988882848, 6.660010722161427310 ) ) ;
#1424 = DIRECTION ( 'NONE',  ( -0.000000000000000000, -0.000000000000000000, 1.000000000000000000 ) ) ;
#1425 = VERTEX_POINT ( 'NONE', #1892 ) ;
#1426 = CARTESIAN_POINT ( 'NONE',  ( 43.49489166668431039, 76.99999999988992272, 6.660010722160976115 ) ) ;
#1427 = CARTESIAN_POINT ( 'NONE',  ( 40.00000000000002132, 144.0000000000000000, 4.000000000000000000 ) ) ;
#1428 = CIRCLE ( 'NONE', #830, 1.700000000000001954 ) ;
#1429 = AXIS2_PLACEMENT_3D ( 'NONE', #1119, #493, #827 ) ;
#1430 = ORIENTED_EDGE ( 'NONE', *, *, #1254, .F. ) ;
#1431 = AXIS2_PLACEMENT_3D ( 'NONE', #1769, #121, #1332 ) ;
#1432 = CARTESIAN_POINT ( 'NONE',  ( -43.00000000000000711, 144.0000000000000000, 4.000000000000000000 ) ) ;
#1433 = DIRECTION ( 'NONE',  ( -1.000000000000000000, 0.000000000000000000, 0.000000000000000000 ) ) ;
#1434 = DIRECTION ( 'NONE',  ( 0.000000000000000000, 0.000000000000000000, -1.000000000000000000 ) ) ;
#1435 = ORIENTED_EDGE ( 'NONE', *, *, #763, .T. ) ;
#1436 = ORIENTED_EDGE ( 'NONE', *, *, #1701, .T. ) ;
#1437 = DIRECTION ( 'NONE',  ( 0.000000000000000000, 0.000000000000000000, -1.000000000000000000 ) ) ;
#1438 = CARTESIAN_POINT ( 'NONE',  ( -43.00000000000000711, 140.9999999999999432, 4.000000000000000000 ) ) ;
#1439 = COORDINATED_UNIVERSAL_TIME_OFFSET ( 6, 0, .BEHIND. ) ;
#1440 = CIRCLE ( 'NONE', #779, 3.000000000000000000 ) ;
#1441 = ORIENTED_EDGE ( 'NONE', *, *, #608, .T. ) ;
#1442 = CARTESIAN_POINT ( 'NONE',  ( 43.89760813529593975, 77.00000000000000000, -3.000000000000000000 ) ) ;
#1443 = CARTESIAN_POINT ( 'NONE',  ( -32.00000000000000000, 144.0000000000000000, -6.299999999999999822 ) ) ;
#1444 = CARTESIAN_POINT ( 'NONE',  ( -36.00000000000000000, 140.0000000000000000, 44.00000000000000000 ) ) ;
#1445 = CARTESIAN_POINT ( 'NONE',  ( 43.01360592949155404, 78.91163325723020705, -0.1994061631216570707 ) ) ;
#1446 = ORIENTED_EDGE ( 'NONE', *, *, #172, .F. ) ;
#1447 = LINE ( 'NONE', #266, #711 ) ;
#1448 = LINE ( 'NONE', #384, #653 ) ;
#1449 = DATE_AND_TIME ( #252, #1237 ) ;
#1450 = VERTEX_POINT ( 'NONE', #1329 ) ;
#1451 = DIRECTION ( 'NONE',  ( -0.000000000000000000, -0.000000000000000000, 1.000000000000000000 ) ) ;
#1452 = CARTESIAN_POINT ( 'NONE',  ( -10.84900000000000020, 132.5000000000000000, 12.00000000000000000 ) ) ;
#1453 = ORIENTED_EDGE ( 'NONE', *, *, #1809, .F. ) ;
#1454 = ORIENTED_EDGE ( 'NONE', *, *, #926, .F. ) ;
#1455 = CARTESIAN_POINT ( 'NONE',  ( -43.83175606407252900, 77.11319796251888192, -2.167438983404145425 ) ) ;
#1456 = CARTESIAN_POINT ( 'NONE',  ( -14.15000000000000036, 117.0000000000000000, 0.000000000000000000 ) ) ;
#1457 = PERSON_AND_ORGANIZATION_ROLE ( 'design_owner' ) ;
#1458 = ORIENTED_EDGE ( 'NONE', *, *, #1006, .F. ) ;
#1459 = EDGE_CURVE ( 'NONE', #1477, #1219, #125, .T. ) ;
#1460 = CIRCLE ( 'NONE', #1710, 1.700000000000000178 ) ;
#1461 = CARTESIAN_POINT ( 'NONE',  ( -43.89760813529593975, 77.00000000000000000, -3.000000000000000000 ) ) ;
#1462 = DIRECTION ( 'NONE',  ( -1.000000000000000000, 0.000000000000000000, 0.000000000000000000 ) ) ;
#1463 = EDGE_CURVE ( 'NONE', #1425, #1450, #1447, .T. ) ;
#1464 = CIRCLE ( 'NONE', #83, 1.700000000000000178 ) ;
#1465 = CARTESIAN_POINT ( 'NONE',  ( -43.39091830943372941, 77.38958970928993608, 5.489697268471967817 ) ) ;
#1466 = ORIENTED_EDGE ( 'NONE', *, *, #1273, .T. ) ;
#1467 = CARTESIAN_POINT ( 'NONE',  ( -43.58003772920984176, 77.44013578863456360, -1.427517401485270510 ) ) ;
#1468 = FACE_BOUND ( 'NONE', #1566, .T. ) ;
#1469 = EDGE_CURVE ( 'NONE', #180, #288, #432, .T. ) ;
#1470 = APPROVAL_STATUS ( 'not_yet_approved' ) ;
#1471 = VERTEX_POINT ( 'NONE', #1161 ) ;
#1472 = VECTOR ( 'NONE', #1596, 1000.000000000000000 ) ;
#1473 = CARTESIAN_POINT ( 'NONE',  ( 40.00000000000000000, 0.000000000000000000, -0.000000000000000000 ) ) ;
#1474 = CARTESIAN_POINT ( 'NONE',  ( 0.000000000000000000, 77.00000000000000000, 0.000000000000000000 ) ) ;
#1475 = EDGE_CURVE ( 'NONE', #860, #465, #837, .T. ) ;
#1476 = DIRECTION ( 'NONE',  ( 0.000000000000000000, -0.7071067811865491270, -0.7071067811865459074 ) ) ;
#1477 = VERTEX_POINT ( 'NONE', #1179 ) ;
#1478 = CARTESIAN_POINT ( 'NONE',  ( 43.38865861837683724, 77.39912584742096158, 5.496765084715235616 ) ) ;
#1479 = LINE ( 'NONE', #152, #1062 ) ;
#1480 = VECTOR ( 'NONE', #1548, 1000.000000000000000 ) ;
#1481 = PERSON_AND_ORGANIZATION ( #158, #1110 ) ;
#1482 = VECTOR ( 'NONE', #1433, 1000.000000000000000 ) ;
#1483 = CARTESIAN_POINT ( 'NONE',  ( 43.00000000000000000, 141.0000000000000000, 0.000000000000000000 ) ) ;
#1484 = LINE ( 'NONE', #892, #547 ) ;
#1485 = CYLINDRICAL_SURFACE ( 'NONE', #1402, 1.700000000000001954 ) ;
#1486 = CARTESIAN_POINT ( 'NONE',  ( -40.00000000000000000, 83.00000000000000000, 12.00000000000000000 ) ) ;
#1487 = DIRECTION ( 'NONE',  ( 0.000000000000000000, 0.000000000000000000, -1.000000000000000000 ) ) ;
#1488 = CIRCLE ( 'NONE', #1736, 1.700000000000001954 ) ;
#1489 = EDGE_CURVE ( 'NONE', #256, #195, #1151, .T. ) ;
#1490 = ORIENTED_EDGE ( 'NONE', *, *, #1643, .T. ) ;
#1491 = FACE_OUTER_BOUND ( 'NONE', #212, .T. ) ;
#1492 = LINE ( 'NONE', #23, #797 ) ;
#1493 = DIRECTION ( 'NONE',  ( 0.000000000000000000, 0.000000000000000000, -1.000000000000000000 ) ) ;
#1494 = CARTESIAN_POINT ( 'NONE',  ( -36.00000000000000000, 104.0000000000000000, 44.00000000000000000 ) ) ;
#1495 = APPROVAL_PERSON_ORGANIZATION ( #1025, #1229, #1297 ) ;
#1496 = CARTESIAN_POINT ( 'NONE',  ( -40.00000000000000000, 83.00000000000000000, 4.000000000000000000 ) ) ;
#1497 = ORIENTED_EDGE ( 'NONE', *, *, #747, .F. ) ;
#1498 = CIRCLE ( 'NONE', #647, 3.000000000000000000 ) ;
#1499 = EDGE_CURVE ( 'NONE', #1425, #660, #1303, .T. ) ;
#1500 = VERTEX_POINT ( 'NONE', #1013 ) ;
#1501 = FACE_OUTER_BOUND ( 'NONE', #1420, .T. ) ;
#1502 = CARTESIAN_POINT ( 'NONE',  ( -92.00000000000017053, 91.99999999999930367, -0.000000000000000000 ) ) ;
#1503 = AXIS2_PLACEMENT_3D ( 'NONE', #79, #983, #1005 ) ;
#1504 = DIRECTION ( 'NONE',  ( -0.000000000000000000, -0.000000000000000000, -1.000000000000000000 ) ) ;
#1505 = LINE ( 'NONE', #1935, #741 ) ;
#1506 = ORIENTED_EDGE ( 'NONE', *, *, #1308, .T. ) ;
#1507 = EDGE_LOOP ( 'NONE', ( #1350, #1033, #1747, #1391 ) ) ;
#1508 = LINE ( 'NONE', #952, #1552 ) ;
#1509 = ORIENTED_EDGE ( 'NONE', *, *, #331, .F. ) ;
#1510 = DIRECTION ( 'NONE',  ( 0.000000000000000000, 0.000000000000000000, -1.000000000000000000 ) ) ;
#1511 = ORIENTED_EDGE ( 'NONE', *, *, #787, .F. ) ;
#1512 = LINE ( 'NONE', #1373, #308 ) ;
#1513 = FACE_OUTER_BOUND ( 'NONE', #257, .T. ) ;
#1514 = ORIENTED_EDGE ( 'NONE', *, *, #1489, .T. ) ;
#1515 = DIRECTION ( 'NONE',  ( -1.000000000000000000, 0.000000000000000000, 0.000000000000000000 ) ) ;
#1516 = ORIENTED_EDGE ( 'NONE', *, *, #986, .T. ) ;
#1517 = EDGE_CURVE ( 'NONE', #660, #1425, #929, .T. ) ;
#1518 = VERTEX_POINT ( 'NONE', #1765 ) ;
#1519 = CARTESIAN_POINT ( 'NONE',  ( 40.00000000000000000, 83.00000000000000000, -12.00000000000000000 ) ) ;
#1520 = VERTEX_POINT ( 'NONE', #1004 ) ;
#1521 = CYLINDRICAL_SURFACE ( 'NONE', #1216, 1.599999999999997202 ) ;
#1522 = FACE_BOUND ( 'NONE', #612, .T. ) ;
#1523 = VECTOR ( 'NONE', #1067, 1000.000000000000000 ) ;
#1524 = ORIENTED_EDGE ( 'NONE', *, *, #87, .F. ) ;
#1525 = AXIS2_PLACEMENT_3D ( 'NONE', #455, #221, #1542 ) ;
#1526 = VECTOR ( 'NONE', #1289, 1000.000000000000000 ) ;
#1527 = ADVANCED_FACE ( 'NONE', ( #1301, #1157, #534, #215, #1278, #400, #1134, #1600 ), #516, .F. ) ;
#1528 = VERTEX_POINT ( 'NONE', #1869 ) ;
#1529 = FACE_OUTER_BOUND ( 'NONE', #1117, .T. ) ;
#1530 = ORIENTED_EDGE ( 'NONE', *, *, #1049, .T. ) ;
#1531 = DIRECTION ( 'NONE',  ( -1.000000000000000000, 0.000000000000000000, 0.000000000000000000 ) ) ;
#1532 = CYLINDRICAL_SURFACE ( 'NONE', #467, 3.000000000000000000 ) ;
#1533 = EDGE_LOOP ( 'NONE', ( #1446, #1164, #1160, #1848, #626 ) ) ;
#1534 = B_SPLINE_CURVE_WITH_KNOTS ( 'NONE', 3,
 ( #775, #902, #1223, #26, #745, #1661 ),
 .UNSPECIFIED., .F., .F.,
 ( 4, 2, 4 ),
 ( -9.888130763686004158E-05, 0.002029514851229816293, 0.004157911010096492464 ),
 .UNSPECIFIED. ) ;
#1535 = EDGE_LOOP ( 'NONE', ( #1524, #1657 ) ) ;
#1536 = LINE ( 'NONE', #1545, #1364 ) ;
#1537 = ORIENTED_EDGE ( 'NONE', *, *, #1587, .T. ) ;
#1538 = CARTESIAN_POINT ( 'NONE',  ( -43.00000000000000711, 77.87905059580708667, -3.120850499256211830 ) ) ;
#1539 = DIRECTION ( 'NONE',  ( 1.000000000000000000, 0.000000000000000000, 0.000000000000000000 ) ) ;
#1540 = ORIENTED_EDGE ( 'NONE', *, *, #754, .F. ) ;
#1541 = ADVANCED_FACE ( 'NONE', ( #1269 ), #821, .F. ) ;
#1542 = DIRECTION ( 'NONE',  ( 0.000000000000000000, 0.000000000000000000, 1.000000000000000000 ) ) ;
#1543 = VECTOR ( 'NONE', #1023, 1000.000000000000000 ) ;
#1544 = ORIENTED_EDGE ( 'NONE', *, *, #1378, .F. ) ;
#1545 = CARTESIAN_POINT ( 'NONE',  ( -23.00000000000000000, 0.000000000000000000, -0.000000000000000000 ) ) ;
#1546 = ORIENTED_EDGE ( 'NONE', *, *, #1689, .T. ) ;
#1547 = FACE_OUTER_BOUND ( 'NONE', #560, .T. ) ;
#1548 = DIRECTION ( 'NONE',  ( 0.000000000000000000, -1.000000000000000000, 0.000000000000000000 ) ) ;
#1549 = ORIENTED_EDGE ( 'NONE', *, *, #503, .F. ) ;
#1550 = CARTESIAN_POINT ( 'NONE',  ( 43.00000000000000000, 79.22899660000430799, 1.264271929140277750 ) ) ;
#1551 = VECTOR ( 'NONE', #1421, 1000.000000000000000 ) ;
#1552 = VECTOR ( 'NONE', #963, 1000.000000000000000 ) ;
#1553 = VECTOR ( 'NONE', #844, 1000.000000000000000 ) ;
#1554 = ADVANCED_FACE ( 'NONE', ( #1716 ), #854, .F. ) ;
#1555 = ORIENTED_EDGE ( 'NONE', *, *, #1148, .F. ) ;
#1556 = PLANE ( 'NONE',  #767 ) ;
#1557 = CARTESIAN_POINT ( 'NONE',  ( -43.00000000000000711, 80.00000000000000000, 7.000000000000000000 ) ) ;
#1558 = CARTESIAN_POINT ( 'NONE',  ( -43.00000000000000711, 78.61171079150273044, 7.043046459358672351 ) ) ;
#1559 = LINE ( 'NONE', #217, #890 ) ;
#1560 = VERTEX_POINT ( 'NONE', #1749 ) ;
#1561 = LINE ( 'NONE', #982, #1898 ) ;
#1562 = EDGE_CURVE ( 'NONE', #774, #915, #1207, .T. ) ;
#1563 = AXIS2_PLACEMENT_3D ( 'NONE', #333, #161, #1940 ) ;
#1564 = CARTESIAN_POINT ( 'NONE',  ( 43.00000000000000000, 79.23597284044505784, -0.09892045964568306482 ) ) ;
#1565 = AXIS2_PLACEMENT_3D ( 'NONE', #1224, #1827, #340 ) ;
#1566 = EDGE_LOOP ( 'NONE', ( #1454, #350 ) ) ;
#1567 = DIRECTION ( 'NONE',  ( 0.000000000000000000, -1.000000000000000000, 0.000000000000000000 ) ) ;
#1568 = PLANE ( 'NONE',  #453 ) ;
#1569 = CARTESIAN_POINT ( 'NONE',  ( 43.00000000000000000, 76.00000000000000000, 0.000000000000000000 ) ) ;
#1570 = CARTESIAN_POINT ( 'NONE',  ( -15.85000000000000320, 127.0000000000000000, 4.000000000000000000 ) ) ;
#1571 = ORIENTED_EDGE ( 'NONE', *, *, #1823, .T. ) ;
#1572 = DIRECTION ( 'NONE',  ( 0.000000000000000000, 1.000000000000000000, 0.000000000000000000 ) ) ;
#1573 = VECTOR ( 'NONE', #99, 1000.000000000000000 ) ;
#1574 = CARTESIAN_POINT ( 'NONE',  ( 35.85000000000000142, 117.0000000000000000, 0.000000000000000000 ) ) ;
#1575 = PRODUCT_DEFINITION_SHAPE ( 'NONE', 'NONE',  #475 ) ;
#1576 = AXIS2_PLACEMENT_3D ( 'NONE', #1740, #979, #234 ) ;
#1577 = ORIENTED_EDGE ( 'NONE', *, *, #431, .F. ) ;
#1578 = EDGE_CURVE ( 'NONE', #879, #321, #241, .T. ) ;
#1579 = CARTESIAN_POINT ( 'NONE',  ( -14.15000000000000036, 117.0000000000000000, 0.000000000000000000 ) ) ;
#1580 = PLANE ( 'NONE',  #1387 ) ;
#1581 = DIRECTION ( 'NONE',  ( 0.000000000000000000, 0.000000000000000000, -1.000000000000000000 ) ) ;
#1582 = EDGE_CURVE ( 'NONE', #1016, #665, #1649, .T. ) ;
#1583 = CARTESIAN_POINT ( 'NONE',  ( -40.00000000000000000, 83.00000000000000000, -12.00000000000000000 ) ) ;
#1584 = DIRECTION ( 'NONE',  ( 0.000000000000000000, 0.000000000000000000, 1.000000000000000000 ) ) ;
#1585 = CARTESIAN_POINT ( 'NONE',  ( -40.00000000000000000, 77.00000000000000000, 12.00000000000000000 ) ) ;
#1586 = CALENDAR_DATE ( 2026, 28, 9 ) ;
#1587 = EDGE_CURVE ( 'NONE', #1397, #1560, #367, .T. ) ;
#1588 = AXIS2_PLACEMENT_3D ( 'NONE', #1189, #428, #1628 ) ;
#1589 = ORIENTED_EDGE ( 'NONE', *, *, #1751, .T. ) ;
#1590 = DIRECTION ( 'NONE',  ( -0.000000000000000000, -0.000000000000000000, 1.000000000000000000 ) ) ;
#1591 = FACE_OUTER_BOUND ( 'NONE', #1807, .T. ) ;
#1592 = CARTESIAN_POINT ( 'NONE',  ( -16.00000000000000000, 104.9999999999999858, -8.000000000000000000 ) ) ;
#1593 = CARTESIAN_POINT ( 'NONE',  ( 43.00000000000000000, 79.07015718162325868, -0.1425896059262693472 ) ) ;
#1594 = ORIENTED_EDGE ( 'NONE', *, *, #2, .T. ) ;
#1595 = DIRECTION ( 'NONE',  ( 0.000000000000000000, 0.000000000000000000, -1.000000000000000000 ) ) ;
#1596 = DIRECTION ( 'NONE',  ( 1.000000000000000000, 0.000000000000000000, 0.000000000000000000 ) ) ;
#1597 = COORDINATED_UNIVERSAL_TIME_OFFSET ( 6, 0, .BEHIND. ) ;
#1598 = VERTEX_POINT ( 'NONE', #232 ) ;
#1599 = EDGE_CURVE ( 'NONE', #497, #915, #662, .T. ) ;
#1600 = FACE_BOUND ( 'NONE', #904, .T. ) ;
#1601 = DIRECTION ( 'NONE',  ( -1.000000000000000000, 0.000000000000000000, 0.000000000000000000 ) ) ;
#1602 = CARTESIAN_POINT ( 'NONE',  ( 43.69268657538695066, 77.28675307881952961, -1.710028632495820045 ) ) ;
#1603 = ORIENTED_EDGE ( 'NONE', *, *, #1599, .T. ) ;
#1604 = CARTESIAN_POINT ( 'NONE',  ( 43.01086242899951628, 78.75388244166470031, 4.266562641963407287 ) ) ;
#1605 = DIRECTION ( 'NONE',  ( -0.000000000000000000, -1.000000000000000000, -0.000000000000000000 ) ) ;
#1606 = EDGE_CURVE ( 'NONE', #1305, #1700, #831, .T. ) ;
#1607 = COORDINATED_UNIVERSAL_TIME_OFFSET ( 6, 0, .BEHIND. ) ;
#1608 = ORIENTED_EDGE ( 'NONE', *, *, #713, .T. ) ;
#1609 = DIRECTION ( 'NONE',  ( -0.000000000000000000, -1.000000000000000000, -0.000000000000000000 ) ) ;
#1610 = CARTESIAN_POINT ( 'NONE',  ( -12.45000000000000107, 117.0000000000000000, 4.000000000000000000 ) ) ;
#1611 = DIRECTION ( 'NONE',  ( 0.000000000000000000, -1.000000000000000000, 0.000000000000000000 ) ) ;
#1612 = VERTEX_POINT ( 'NONE', #1257 ) ;
#1613 = CARTESIAN_POINT ( 'NONE',  ( -43.90910083712877565, 77.00000000000000000, -2.831832626171824518 ) ) ;
#1614 = CARTESIAN_POINT ( 'NONE',  ( 34.14999999999999858, 117.0000000000000000, 0.000000000000000000 ) ) ;
#1615 = ORIENTED_EDGE ( 'NONE', *, *, #798, .F. ) ;
#1616 = VECTOR ( 'NONE', #72, 1000.000000000000000 ) ;
#1617 = LOCAL_TIME ( 19, 8, 55.00000000000000000, #1129 ) ;
#1618 = CYLINDRICAL_SURFACE ( 'NONE', #1083, 1.700000000000000178 ) ;
#1619 = CARTESIAN_POINT ( 'NONE',  ( 40.00000000000000000, 83.00000000000000000, 12.00000000000000000 ) ) ;
#1620 = AXIS2_PLACEMENT_3D ( 'NONE', #366, #1567, #1849 ) ;
#1621 = VERTEX_POINT ( 'NONE', #1442 ) ;
#1622 = VERTEX_POINT ( 'NONE', #98 ) ;
#1623 = DIRECTION ( 'NONE',  ( 0.000000000000000000, -1.000000000000000000, 0.000000000000000000 ) ) ;
#1624 = DIRECTION ( 'NONE',  ( -1.000000000000000000, 0.000000000000000000, 0.000000000000000000 ) ) ;
#1625 = DATE_AND_TIME ( #984, #1617 ) ;
#1626 = ADVANCED_FACE ( 'NONE', ( #1000 ), #1568, .T. ) ;
#1627 = ORIENTED_EDGE ( 'NONE', *, *, #251, .F. ) ;
#1628 = DIRECTION ( 'NONE',  ( -1.000000000000000000, 0.000000000000000000, 0.000000000000000000 ) ) ;
#1629 = CARTESIAN_POINT ( 'NONE',  ( 32.45000000000000284, 127.0000000000000000, 11.99999999999999645 ) ) ;
#1630 =( BOUNDED_SURFACE ( )  B_SPLINE_SURFACE ( 3, 2, ( 
 ( #440, #1538, #216 ),
 ( #489, #1384, #52 ),
 ( #813, #1090, #225 ),
 ( #939, #1834, #1717 ),
 ( #1270, #1858, #655 ),
 ( #803, #74, #1416 ),
 ( #671, #1691, #357 ),
 ( #526, #1249, #42 ),
 ( #1698, #1870, #784 ),
 ( #663, #1124, #63 ),
 ( #1558, #1258, #1423 ),
 ( #1104, #33, #517 ) ),
 .UNSPECIFIED., .F., .F., .T. ) 
 B_SPLINE_SURFACE_WITH_KNOTS ( ( 4, 2, 2, 2, 2, 4 ),
 ( 3, 3 ),
 ( 0.005512088688012881099, 0.008185321701316120371, 0.01085855471461935964, 0.01353178772792259892, 0.01486840423457421942, 0.01620502074122583819 ),
 ( 0.000000000000000000, 1.000000000000000000 ),
 .UNSPECIFIED. ) 
 GEOMETRIC_REPRESENTATION_ITEM ( )  RATIONAL_B_SPLINE_SURFACE ( (
 ( 1.000000000000000000, 0.9225464687411946141, 1.000000000000000000),
 ( 1.000000000000000000, 0.9172077552840076642, 1.000000000000000000),
 ( 1.000000000000000000, 0.9140268721780024919, 1.000000000000000000),
 ( 1.000000000000000000, 0.9122399444646611677, 1.000000000000000000),
 ( 1.000000000000000000, 0.9136406170245743308, 1.000000000000000000),
 ( 1.000000000000000000, 0.9209099052160789611, 1.000000000000000000),
 ( 1.000000000000000000, 0.9267803606223453672, 1.000000000000000000),
 ( 1.000000000000000000, 0.9385418172838204676, 1.000000000000000000),
 ( 1.000000000000000000, 0.9429515641873968956, 1.000000000000000000),
 ( 1.000000000000000000, 0.9526197731538832425, 1.000000000000000000),
 ( 1.000000000000000000, 0.9578865120318936777, 1.000000000000000000),
 ( 1.000000000000000000, 0.9634596576399054868, 1.000000000000000000) ) ) 
 REPRESENTATION_ITEM ( '' )  SURFACE ( )  );
#1631 = CARTESIAN_POINT ( 'NONE',  ( 30.84900000000000020, 132.5000000000000000, 4.000000000000000000 ) ) ;
#1632 = CARTESIAN_POINT ( 'NONE',  ( -23.00000000000000000, 108.0000000000000000, 0.000000000000000000 ) ) ;
#1633 = CARTESIAN_POINT ( 'NONE',  ( 43.00000000000000000, 76.00000000000000000, 4.000000000000000000 ) ) ;
#1634 = EDGE_LOOP ( 'NONE', ( #748, #1064 ) ) ;
#1635 = AXIS2_PLACEMENT_3D ( 'NONE', #593, #579, #1788 ) ;
#1636 = VECTOR ( 'NONE', #498, 1000.000000000000000 ) ;
#1637 = CARTESIAN_POINT ( 'NONE',  ( -40.00000000000000000, 83.00000000000000000, 12.00000000000000000 ) ) ;
#1638 = CARTESIAN_POINT ( 'NONE',  ( -40.00000000000000000, 83.00000000000000000, -12.00000000000000000 ) ) ;
#1639 = DIRECTION ( 'NONE',  ( -1.000000000000000000, 0.000000000000000000, 0.000000000000000000 ) ) ;
#1640 = DIRECTION ( 'NONE',  ( 0.000000000000000000, 0.000000000000000000, -1.000000000000000000 ) ) ;
#1641 = LINE ( 'NONE', #315, #898 ) ;
#1642 = VECTOR ( 'NONE', #1434, 1000.000000000000000 ) ;
#1643 = EDGE_CURVE ( 'NONE', #1905, #1205, #356, .T. ) ;
#1644 = ORIENTED_EDGE ( 'NONE', *, *, #1072, .T. ) ;
#1645 = EDGE_CURVE ( 'NONE', #915, #774, #1052, .T. ) ;
#1646 = CIRCLE ( 'NONE', #1050, 1.599999999999997202 ) ;
#1647 = FACE_OUTER_BOUND ( 'NONE', #988, .T. ) ;
#1648 = FACE_OUTER_BOUND ( 'NONE', #1299, .T. ) ;
#1649 = CIRCLE ( 'NONE', #1367, 3.000000000000000000 ) ;
#1650 = CARTESIAN_POINT ( 'NONE',  ( 0.000000000000000000, 0.000000000000000000, -8.000000000000000000 ) ) ;
#1651 = DIRECTION ( 'NONE',  ( 0.000000000000000000, -1.000000000000000000, 0.000000000000000000 ) ) ;
#1652 = ORIENTED_EDGE ( 'NONE', *, *, #503, .T. ) ;
#1653 = AXIS2_PLACEMENT_3D ( 'NONE', #1781, #430, #1030 ) ;
#1654 = B_SPLINE_CURVE_WITH_KNOTS ( 'NONE', 3,
 ( #1244, #352, #1197, #1399, #1721, #1564 ),
 .UNSPECIFIED., .F., .F.,
 ( 4, 2, 4 ),
 ( 4.336808689942017736E-18, 0.002129036784817588904, 0.004258073569635173472 ),
 .UNSPECIFIED. ) ;
#1655 = EDGE_LOOP ( 'NONE', ( #1768, #392, #1544, #1876, #1240, #1316, #1106, #494, #406, #1088, #15, #681 ) ) ;
#1656 = CARTESIAN_POINT ( 'NONE',  ( 35.85000000000000142, 117.0000000000000000, 4.000000000000000000 ) ) ;
#1657 = ORIENTED_EDGE ( 'NONE', *, *, #155, .F. ) ;
#1658 = LINE ( 'NONE', #1055, #176 ) ;
#1659 = VECTOR ( 'NONE', #755, 1000.000000000000000 ) ;
#1660 = ORIENTED_EDGE ( 'NONE', *, *, #9, .F. ) ;
#1661 = CARTESIAN_POINT ( 'NONE',  ( -43.00000000000000711, 79.05341984226704710, 4.153249922282208573 ) ) ;
#1662 = CARTESIAN_POINT ( 'NONE',  ( 32.00000000000000000, 83.00000000000000000, 9.700000000000001066 ) ) ;
#1663 = ORIENTED_EDGE ( 'NONE', *, *, #1268, .F. ) ;
#1664 = AXIS2_PLACEMENT_3D ( 'NONE', #1071, #1783, #433 ) ;
#1665 = EDGE_CURVE ( 'NONE', #248, #616, #682, .T. ) ;
#1666 = DIRECTION ( 'NONE',  ( -0.000000000000000000, -0.000000000000000000, 1.000000000000000000 ) ) ;
#1667 = EDGE_CURVE ( 'NONE', #1695, #49, #691, .T. ) ;
#1668 = ORIENTED_EDGE ( 'NONE', *, *, #740, .F. ) ;
#1669 = ORIENTED_EDGE ( 'NONE', *, *, #1667, .F. ) ;
#1670 = DIRECTION ( 'NONE',  ( 0.000000000000000000, 0.000000000000000000, -1.000000000000000000 ) ) ;
#1671 = VERTEX_POINT ( 'NONE', #1888 ) ;
#1672 = DIRECTION ( 'NONE',  ( -0.000000000000000000, -0.000000000000000000, 1.000000000000000000 ) ) ;
#1673 = CARTESIAN_POINT ( 'NONE',  ( 32.00000000000000000, 144.0000000000000000, 6.299999999999999822 ) ) ;
#1674 = ORIENTED_EDGE ( 'NONE', *, *, #1757, .T. ) ;
#1675 = CARTESIAN_POINT ( 'NONE',  ( -14.15000000000000036, 127.0000000000000000, 4.000000000000000000 ) ) ;
#1676 = ORIENTED_EDGE ( 'NONE', *, *, #1108, .T. ) ;
#1677 = LINE ( 'NONE', #329, #451 ) ;
#1678 = ORIENTED_EDGE ( 'NONE', *, *, #1288, .T. ) ;
#1679 = CARTESIAN_POINT ( 'NONE',  ( 30.84900000000000020, 0.000000000000000000, -0.000000000000000000 ) ) ;
#1680 = FACE_BOUND ( 'NONE', #829, .T. ) ;
#1681 = CIRCLE ( 'NONE', #582, 1.700000000000001954 ) ;
#1682 = ADVANCED_FACE ( 'NONE', ( #1501 ), #861, .F. ) ;
#1683 = EDGE_LOOP ( 'NONE', ( #717, #1168, #399, #330 ) ) ;
#1684 = CIRCLE ( 'NONE', #709, 1.700000000000000178 ) ;
#1685 = AXIS2_PLACEMENT_3D ( 'NONE', #1675, #1666, #839 ) ;
#1686 = EDGE_CURVE ( 'NONE', #1518, #1305, #1028, .T. ) ;
#1687 = ORIENTED_EDGE ( 'NONE', *, *, #502, .F. ) ;
#1688 = DIRECTION ( 'NONE',  ( 0.000000000000000000, 0.000000000000000000, -1.000000000000000000 ) ) ;
#1689 = EDGE_CURVE ( 'NONE', #1111, #1081, #569, .T. ) ;
#1690 = ORIENTED_EDGE ( 'NONE', *, *, #564, .F. ) ;
#1691 = CARTESIAN_POINT ( 'NONE',  ( -43.00000000000000711, 77.87324804215421636, 3.832006795950004818 ) ) ;
#1692 = PLANE ( 'NONE',  #1565 ) ;
#1693 = VERTEX_POINT ( 'NONE', #1461 ) ;
#1694 = DIRECTION ( 'NONE',  ( -1.000000000000000000, 0.000000000000000000, 0.000000000000000000 ) ) ;
#1695 = VERTEX_POINT ( 'NONE', #1778 ) ;
#1696 = CARTESIAN_POINT ( 'NONE',  ( -43.00000000000000711, 76.00000000000000000, 4.000000000000000000 ) ) ;
#1697 = EDGE_LOOP ( 'NONE', ( #306, #1913, #167, #29 ) ) ;
#1698 = CARTESIAN_POINT ( 'NONE',  ( -43.00000000000000711, 78.86407668498927137, 5.723405897597732661 ) ) ;
#1699 = CARTESIAN_POINT ( 'NONE',  ( 40.00000000000000000, 77.00000000000000000, 12.00000000000000000 ) ) ;
#1700 = VERTEX_POINT ( 'NONE', #1791 ) ;
#1701 = EDGE_CURVE ( 'NONE', #1520, #1450, #1713, .T. ) ;
#1702 = CARTESIAN_POINT ( 'NONE',  ( -40.00000000000000000, 77.00000000000000000, 12.00000000000000000 ) ) ;
#1703 = ORIENTED_EDGE ( 'NONE', *, *, #414, .F. ) ;
#1704 = CARTESIAN_POINT ( 'NONE',  ( 40.00000000000002132, 144.0000000000000000, 4.000000000000000000 ) ) ;
#1705 = ADVANCED_FACE ( 'NONE', ( #1647 ), #3, .F. ) ;
#1706 = DIRECTION ( 'NONE',  ( 1.000000000000000000, -0.000000000000000000, 0.000000000000000000 ) ) ;
#1707 = DIRECTION ( 'NONE',  ( 0.000000000000000000, 0.000000000000000000, -1.000000000000000000 ) ) ;
#1708 = VERTEX_POINT ( 'NONE', #733 ) ;
#1709 = CARTESIAN_POINT ( 'NONE',  ( 43.00000000000000000, 79.15048659681247045, 3.052839683312469798 ) ) ;
#1710 = AXIS2_PLACEMENT_3D ( 'NONE', #50, #486, #781 ) ;
#1711 = AXIS2_PLACEMENT_3D ( 'NONE', #157, #1034, #292 ) ;
#1712 = DIRECTION ( 'NONE',  ( 0.000000000000000000, 0.000000000000000000, -1.000000000000000000 ) ) ;
#1713 = CIRCLE ( 'NONE', #1431, 1.700000000000000178 ) ;
#1714 = ORIENTED_EDGE ( 'NONE', *, *, #1089, .F. ) ;
#1715 = CARTESIAN_POINT ( 'NONE',  ( -32.00000000000000000, 144.0000000000000000, 9.700000000000001066 ) ) ;
#1716 = FACE_OUTER_BOUND ( 'NONE', #896, .T. ) ;
#1717 = CARTESIAN_POINT ( 'NONE',  ( -44.00691449201849537, 77.00000000000258638, 0.3532192383149326820 ) ) ;
#1718 = FACE_BOUND ( 'NONE', #556, .T. ) ;
#1719 = ORIENTED_EDGE ( 'NONE', *, *, #107, .T. ) ;
#1720 = DIRECTION ( 'NONE',  ( -1.000000000000000000, 0.000000000000000000, 0.000000000000000000 ) ) ;
#1721 = CARTESIAN_POINT ( 'NONE',  ( 43.00000000000000000, 79.23733810429715163, 0.6108251825871255924 ) ) ;
#1722 = EDGE_CURVE ( 'NONE', #616, #1397, #274, .T. ) ;
#1723 = AXIS2_PLACEMENT_3D ( 'NONE', #1214, #1805, #1330 ) ;
#1724 = ORIENTED_EDGE ( 'NONE', *, *, #1686, .F. ) ;
#1725 = DIRECTION ( 'NONE',  ( -1.000000000000000000, 0.000000000000000000, 0.000000000000000000 ) ) ;
#1726 = ADVANCED_FACE ( 'NONE', ( #301 ), #1618, .F. ) ;
#1727 = CARTESIAN_POINT ( 'NONE',  ( -37.59999999999999432, 104.0000000000000000, 44.00000000000000000 ) ) ;
#1728 = PLANE ( 'NONE',  #381 ) ;
#1729 = DIRECTION ( 'NONE',  ( -0.000000000000000000, 1.000000000000000000, -0.000000000000000000 ) ) ;
#1730 = CARTESIAN_POINT ( 'NONE',  ( 43.58027330424683043, 77.43979145366206751, -1.428037155803562719 ) ) ;
#1731 = CARTESIAN_POINT ( 'NONE',  ( 43.00000000000000000, 78.61171079149343655, 7.043046459356108180 ) ) ;
#1732 = DIRECTION ( 'NONE',  ( -1.000000000000000000, 0.000000000000000000, 0.000000000000000000 ) ) ;
#1733 = EDGE_CURVE ( 'NONE', #1772, #1111, #445, .T. ) ;
#1734 = AXIS2_PLACEMENT_3D ( 'NONE', #89, #263, #233 ) ;
#1735 = CARTESIAN_POINT ( 'NONE',  ( 0.000000000000000000, 0.000000000000000000, 0.000000000000000000 ) ) ;
#1736 = AXIS2_PLACEMENT_3D ( 'NONE', #390, #1424, #380 ) ;
#1737 = ORIENTED_EDGE ( 'NONE', *, *, #1342, .F. ) ;
#1738 = CARTESIAN_POINT ( 'NONE',  ( -36.00000000000000000, 104.0000000000000000, 0.000000000000000000 ) ) ;
#1739 = PLANE ( 'NONE',  #1863 ) ;
#1740 = CARTESIAN_POINT ( 'NONE',  ( 0.000000000000000000, 77.00000000000000000, 0.000000000000000000 ) ) ;
#1741 = CARTESIAN_POINT ( 'NONE',  ( 32.45000000000000284, 117.0000000000000000, 4.000000000000000000 ) ) ;
#1742 = VERTEX_POINT ( 'NONE', #742 ) ;
#1743 = CARTESIAN_POINT ( 'NONE',  ( 43.44465094997572407, 77.25743315071306938, 5.774198774157438763 ) ) ;
#1744 = LINE ( 'NONE', #267, #463 ) ;
#1745 = PERSON_AND_ORGANIZATION_ROLE ( 'classification_officer' ) ;
#1746 = SECURITY_CLASSIFICATION ( '', '', #565 ) ;
#1747 = ORIENTED_EDGE ( 'NONE', *, *, #1578, .F. ) ;
#1748 = VECTOR ( 'NONE', #1180, 1000.000000000000000 ) ;
#1749 = CARTESIAN_POINT ( 'NONE',  ( -23.00000000000000000, 108.0000000000000000, -4.999999999999997335 ) ) ;
#1750 = DIRECTION ( 'NONE',  ( 0.000000000000000000, 0.000000000000000000, -1.000000000000000000 ) ) ;
#1751 = EDGE_CURVE ( 'NONE', #1450, #1520, #1927, .T. ) ;
#1752 = CARTESIAN_POINT ( 'NONE',  ( 32.45000000000000284, 117.0000000000000000, 0.000000000000000000 ) ) ;
#1753 = VERTEX_POINT ( 'NONE', #1483 ) ;
#1754 = CARTESIAN_POINT ( 'NONE',  ( -43.89760813529593975, 77.00000000000000000, -3.000000000000000000 ) ) ;
#1755 = LINE ( 'NONE', #259, #905 ) ;
#1756 = AXIS2_PLACEMENT_3D ( 'NONE', #1614, #104, #698 ) ;
#1757 = EDGE_CURVE ( 'NONE', #165, #1700, #726, .T. ) ;
#1758 = ORIENTED_EDGE ( 'NONE', *, *, #559, .F. ) ;
#1759 = EDGE_CURVE ( 'NONE', #1007, #1361, #283, .T. ) ;
#1760 = AXIS2_PLACEMENT_3D ( 'NONE', #358, #776, #785 ) ;
#1761 = DIRECTION ( 'NONE',  ( 0.000000000000000000, -1.000000000000000000, 0.000000000000000000 ) ) ;
#1762 = DIRECTION ( 'NONE',  ( 0.000000000000000000, -0.000000000000000000, -1.000000000000000000 ) ) ;
#1763 = FACE_OUTER_BOUND ( 'NONE', #532, .T. ) ;
#1764 = ORIENTED_EDGE ( 'NONE', *, *, #1314, .F. ) ;
#1765 = CARTESIAN_POINT ( 'NONE',  ( 43.00000000000000000, 141.0000000000000000, 4.000000000000000000 ) ) ;
#1766 = CARTESIAN_POINT ( 'NONE',  ( -43.00000000000000711, 76.00000000000000000, 0.000000000000000000 ) ) ;
#1767 = PERSON_AND_ORGANIZATION ( #158, #1110 ) ;
#1768 = ORIENTED_EDGE ( 'NONE', *, *, #276, .F. ) ;
#1769 = CARTESIAN_POINT ( 'NONE',  ( 32.00000000000000000, 77.00000000000000000, -8.000000000000000000 ) ) ;
#1770 = CARTESIAN_POINT ( 'NONE',  ( -15.85000000000000320, 117.0000000000000000, 0.000000000000000000 ) ) ;
#1771 = CARTESIAN_POINT ( 'NONE',  ( 43.06231334007971867, 78.60763264611912859, -0.3374483746272470275 ) ) ;
#1772 = VERTEX_POINT ( 'NONE', #262 ) ;
#1773 = LINE ( 'NONE', #719, #552 ) ;
#1774 = CARTESIAN_POINT ( 'NONE',  ( 40.00000000000000000, 0.000000000000000000, 4.000000000000000000 ) ) ;
#1775 = ORIENTED_EDGE ( 'NONE', *, *, #1148, .T. ) ;
#1776 = LOCAL_TIME ( 19, 8, 55.00000000000000000, #1607 ) ;
#1777 = B_SPLINE_CURVE_WITH_KNOTS ( 'NONE', 3,
 ( #409, #864, #548, #1315, #1281, #538, #110, #1465, #874, #674, #1272, #1912, #528, #1880 ),
 .UNSPECIFIED., .F., .F.,
 ( 4, 2, 2, 2, 2, 2, 4 ),
 ( 0.000000000000000000, 0.0009441221859052495663, 0.001416183278857876355, 0.001888244371810503253, 0.002832366557715757047, 0.003304427650668377656, 0.003776488743620998265 ),
 .UNSPECIFIED. ) ;
#1778 = CARTESIAN_POINT ( 'NONE',  ( 30.84900000000000020, 111.5000000000000000, 4.000000000000000000 ) ) ;
#1779 = DIRECTION ( 'NONE',  ( 0.7071067811865507924, -0.7071067811865442421, 0.000000000000000000 ) ) ;
#1780 = VECTOR ( 'NONE', #1165, 1000.000000000000000 ) ;
#1781 = CARTESIAN_POINT ( 'NONE',  ( -40.00000000000000000, 83.00000000000000000, 12.00000000000000000 ) ) ;
#1782 = DIRECTION ( 'NONE',  ( 0.000000000000000000, -1.000000000000000000, 0.000000000000000000 ) ) ;
#1783 = DIRECTION ( 'NONE',  ( 0.000000000000000000, 0.000000000000000000, -1.000000000000000000 ) ) ;
#1784 = ORIENTED_EDGE ( 'NONE', *, *, #1308, .F. ) ;
#1785 = FACE_OUTER_BOUND ( 'NONE', #1507, .T. ) ;
#1786 = DIRECTION ( 'NONE',  ( 0.000000000000000000, 0.000000000000000000, -1.000000000000000000 ) ) ;
#1787 = EDGE_CURVE ( 'NONE', #204, #1560, #1919, .T. ) ;
#1788 = DIRECTION ( 'NONE',  ( 0.000000000000000000, 0.000000000000000000, -1.000000000000000000 ) ) ;
#1789 = DIRECTION ( 'NONE',  ( -1.000000000000000000, 0.000000000000000000, 0.000000000000000000 ) ) ;
#1790 = ORIENTED_EDGE ( 'NONE', *, *, #153, .F. ) ;
#1791 = CARTESIAN_POINT ( 'NONE',  ( -39.99999999999997868, 144.0000000000000000, 4.000000000000000000 ) ) ;
#1792 = DIRECTION ( 'NONE',  ( 0.7071067811865441310, 0.7071067811865507924, -0.000000000000000000 ) ) ;
#1793 = DIRECTION ( 'NONE',  ( 0.000000000000000000, 0.000000000000000000, -1.000000000000000000 ) ) ;
#1794 = DIRECTION ( 'NONE',  ( 0.000000000000000000, 0.000000000000000000, -1.000000000000000000 ) ) ;
#1795 = CARTESIAN_POINT ( 'NONE',  ( -16.00000000000000000, 83.00000000000000000, 4.000000000000000000 ) ) ;
#1796 = ORIENTED_EDGE ( 'NONE', *, *, #615, .F. ) ;
#1797 = ORIENTED_EDGE ( 'NONE', *, *, #1006, .T. ) ;
#1798 = AXIS2_PLACEMENT_3D ( 'NONE', #293, #1360, #13 ) ;
#1799 = CARTESIAN_POINT ( 'NONE',  ( -36.00000000000000000, 104.0000000000000000, 44.00000000000000000 ) ) ;
#1800 = ORIENTED_EDGE ( 'NONE', *, *, #1195, .T. ) ;
#1801 = DIRECTION ( 'NONE',  ( -1.000000000000000000, 0.000000000000000000, 0.000000000000000000 ) ) ;
#1802 = ORIENTED_EDGE ( 'NONE', *, *, #640, .T. ) ;
#1803 = AXIS2_PLACEMENT_3D ( 'NONE', #1422, #525, #545 ) ;
#1804 = LINE ( 'NONE', #628, #371 ) ;
#1805 = DIRECTION ( 'NONE',  ( -0.000000000000000000, 1.000000000000000000, 0.000000000000000000 ) ) ;
#1806 = ADVANCED_FACE ( 'NONE', ( #1785 ), #891, .F. ) ;
#1807 = EDGE_LOOP ( 'NONE', ( #120, #1054, #513, #999 ) ) ;
#1808 = EDGE_CURVE ( 'NONE', #1753, #1518, #880, .T. ) ;
#1809 = EDGE_CURVE ( 'NONE', #610, #889, #867, .T. ) ;
#1810 = CARTESIAN_POINT ( 'NONE',  ( 32.00000000000000000, 144.0000000000000000, 8.000000000000000000 ) ) ;
#1811 = ORIENTED_EDGE ( 'NONE', *, *, #1828, .F. ) ;
#1812 = LINE ( 'NONE', #1638, #1264 ) ;
#1813 = ADVANCED_FACE ( 'NONE', ( #1491 ), #147, .F. ) ;
#1814 = VERTEX_POINT ( 'NONE', #1574 ) ;
#1815 = CARTESIAN_POINT ( 'NONE',  ( 40.00000000000000000, 77.00000000000000000, -3.000000000000000000 ) ) ;
#1816 = CARTESIAN_POINT ( 'NONE',  ( -36.00000000000000000, 140.0000000000000000, 44.00000000000000000 ) ) ;
#1817 = EDGE_LOOP ( 'NONE', ( #419, #106, #621, #1497, #1131 ) ) ;
#1818 = CIRCLE ( 'NONE', #972, 1.599999999999997202 ) ;
#1819 = EDGE_CURVE ( 'NONE', #465, #461, #1654, .T. ) ;
#1820 = CARTESIAN_POINT ( 'NONE',  ( -36.00000000000000000, 104.0000000000000000, 4.000000000000003553 ) ) ;
#1821 = ORIENTED_EDGE ( 'NONE', *, *, #1298, .T. ) ;
#1822 = DIRECTION ( 'NONE',  ( 0.000000000000000000, 0.000000000000000000, -1.000000000000000000 ) ) ;
#1823 = EDGE_CURVE ( 'NONE', #222, #1708, #808, .T. ) ;
#1824 = VECTOR ( 'NONE', #959, 1000.000000000000000 ) ;
#1825 = ORIENTED_EDGE ( 'NONE', *, *, #155, .T. ) ;
#1826 = DIRECTION ( 'NONE',  ( 0.000000000000000000, 0.000000000000000000, -1.000000000000000000 ) ) ;
#1827 = DIRECTION ( 'NONE',  ( 0.000000000000000000, 0.000000000000000000, -1.000000000000000000 ) ) ;
#1828 = EDGE_CURVE ( 'NONE', #783, #253, #376, .T. ) ;
#1829 = ORIENTED_EDGE ( 'NONE', *, *, #1582, .T. ) ;
#1830 = AXIS2_PLACEMENT_3D ( 'NONE', #684, #1280, #1883 ) ;
#1831 = ORIENTED_EDGE ( 'NONE', *, *, #1132, .T. ) ;
#1832 = DIRECTION ( 'NONE',  ( -0.000000000000000000, -0.000000000000000000, 1.000000000000000000 ) ) ;
#1833 = ORIENTED_EDGE ( 'NONE', *, *, #297, .F. ) ;
#1834 = CARTESIAN_POINT ( 'NONE',  ( -43.00000000000002132, 77.89517597323305154, 0.3605843312448582250 ) ) ;
#1835 = LINE ( 'NONE', #940, #1319 ) ;
#1836 = ORIENTED_EDGE ( 'NONE', *, *, #1865, .F. ) ;
#1837 = APPROVAL_PERSON_ORGANIZATION ( #1767, #654, #1172 ) ;
#1838 = CIRCLE ( 'NONE', #998, 1.599999999999997202 ) ;
#1839 = LINE ( 'NONE', #1702, #1366 ) ;
#1840 = EDGE_LOOP ( 'NONE', ( #426, #549, #1441, #1836 ) ) ;
#1841 = LINE ( 'NONE', #1704, #1551 ) ;
#1842 = ORIENTED_EDGE ( 'NONE', *, *, #24, .T. ) ;
#1843 = CC_DESIGN_PERSON_AND_ORGANIZATION_ASSIGNMENT ( #1142, #722, ( #769 ) ) ;
#1844 = CARTESIAN_POINT ( 'NONE',  ( -16.00000000000000000, 77.00000000000000000, 4.000000000000000000 ) ) ;
#1845 = CARTESIAN_POINT ( 'NONE',  ( 32.00000000000000000, 77.00000000000000000, 8.000000000000000000 ) ) ;
#1846 = EDGE_LOOP ( 'NONE', ( #609, #780, #335, #1687 ) ) ;
#1847 = CARTESIAN_POINT ( 'NONE',  ( -40.00000000000000000, 77.00000000000000000, 7.000000000000000000 ) ) ;
#1848 = ORIENTED_EDGE ( 'NONE', *, *, #1475, .F. ) ;
#1849 = DIRECTION ( 'NONE',  ( 0.000000000000000000, 0.000000000000000000, -1.000000000000000000 ) ) ;
#1850 = DIRECTION ( 'NONE',  ( 0.000000000000000000, 1.000000000000000000, 0.000000000000000000 ) ) ;
#1851 = DIRECTION ( 'NONE',  ( -0.000000000000000000, -0.000000000000000000, 1.000000000000000000 ) ) ;
#1852 = VERTEX_POINT ( 'NONE', #1847 ) ;
#1853 = CARTESIAN_POINT ( 'NONE',  ( 43.00000000000000000, 79.19239390300484160, -2.315371823058253398 ) ) ;
#1854 = DIRECTION ( 'NONE',  ( -0.000000000000000000, -0.000000000000000000, 1.000000000000000000 ) ) ;
#1855 = VERTEX_POINT ( 'NONE', #975 ) ;
#1856 = DIRECTION ( 'NONE',  ( 0.000000000000000000, -1.000000000000000000, 0.000000000000000000 ) ) ;
#1857 = DIRECTION ( 'NONE',  ( 0.000000000000000000, 0.000000000000000000, -1.000000000000000000 ) ) ;
#1858 = CARTESIAN_POINT ( 'NONE',  ( -43.00000000000000711, 77.89412097542583524, 1.228019087542791654 ) ) ;
#1859 = LINE ( 'NONE', #1699, #815 ) ;
#1860 = VERTEX_POINT ( 'NONE', #1389 ) ;
#1861 = CARTESIAN_POINT ( 'NONE',  ( 44.00691449202019356, 77.00000000000100897, 0.3532192383105133282 ) ) ;
#1862 = EDGE_CURVE ( 'NONE', #1852, #1361, #1839, .T. ) ;
#1863 = AXIS2_PLACEMENT_3D ( 'NONE', #1619, #1462, #1146 ) ;
#1864 = AXIS2_PLACEMENT_3D ( 'NONE', #1343, #590, #650 ) ;
#1865 = EDGE_CURVE ( 'NONE', #1855, #311, #1684, .T. ) ;
#1866 = DIRECTION ( 'NONE',  ( -0.000000000000000000, -1.000000000000000000, -0.000000000000000000 ) ) ;
#1867 = VECTOR ( 'NONE', #244, 1000.000000000000000 ) ;
#1868 = VERTEX_POINT ( 'NONE', #310 ) ;
#1869 = CARTESIAN_POINT ( 'NONE',  ( 40.00000000000000000, 77.00000000000000000, 12.00000000000000000 ) ) ;
#1870 = CARTESIAN_POINT ( 'NONE',  ( -43.00000000000000711, 77.81650845883667955, 5.558004002263369436 ) ) ;
#1871 = CARTESIAN_POINT ( 'NONE',  ( -40.00000000000000000, 80.00000000000000000, 0.000000000000000000 ) ) ;
#1872 = EDGE_CURVE ( 'NONE', #598, #1868, #1411, .T. ) ;
#1873 = ORIENTED_EDGE ( 'NONE', *, *, #368, .T. ) ;
#1874 = CARTESIAN_POINT ( 'NONE',  ( 43.49558859022389612, 77.06158230833868572, 6.375145517988451971 ) ) ;
#1875 = PLANE ( 'NONE',  #291 ) ;
#1876 = ORIENTED_EDGE ( 'NONE', *, *, #133, .T. ) ;
#1877 = DIRECTION ( 'NONE',  ( -1.000000000000000000, 0.000000000000000000, 0.000000000000000000 ) ) ;
#1878 = LINE ( 'NONE', #1443, #474 ) ;
#1879 = DIRECTION ( 'NONE',  ( -1.000000000000000000, 0.000000000000000000, 0.000000000000000000 ) ) ;
#1880 = CARTESIAN_POINT ( 'NONE',  ( -43.43961325794694517, 77.00000000000000000, 7.000000000000000000 ) ) ;
#1881 = VERTEX_POINT ( 'NONE', #639 ) ;
#1882 = CARTESIAN_POINT ( 'NONE',  ( -43.69220542974879606, 77.28738463110950363, -1.708750928859863683 ) ) ;
#1883 = DIRECTION ( 'NONE',  ( -1.000000000000000000, 0.000000000000000000, 0.000000000000000000 ) ) ;
#1884 = CIRCLE ( 'NONE', #1039, 1.700000000000000178 ) ;
#1885 = DATE_AND_TIME ( #1276, #359 ) ;
#1886 = ORIENTED_EDGE ( 'NONE', *, *, #1120, .T. ) ;
#1887 = EDGE_CURVE ( 'NONE', #598, #665, #1508, .T. ) ;
#1888 = CARTESIAN_POINT ( 'NONE',  ( 40.00000000000002132, 144.0000000000000000, 0.000000000000000000 ) ) ;
#1889 = CARTESIAN_POINT ( 'NONE',  ( -32.00000000000000000, 83.00000000000000000, 8.000000000000000000 ) ) ;
#1890 = FACE_OUTER_BOUND ( 'NONE', #1040, .T. ) ;
#1891 = VERTEX_POINT ( 'NONE', #1656 ) ;
#1892 = CARTESIAN_POINT ( 'NONE',  ( 32.00000000000000000, 83.00000000000000000, -6.299999999999999822 ) ) ;
#1893 = LINE ( 'NONE', #710, #54 ) ;
#1894 = DESIGN_CONTEXT ( 'detailed design', #1341, 'design' ) ;
#1895 = AXIS2_PLACEMENT_3D ( 'NONE', #160, #1779, #1786 ) ;
#1896 = DATE_AND_TIME ( #1586, #992 ) ;
#1897 = EDGE_CURVE ( 'NONE', #1021, #253, #501, .T. ) ;
#1898 = VECTOR ( 'NONE', #817, 1000.000000000000000 ) ;
#1899 = EDGE_LOOP ( 'NONE', ( #1644, #1 ) ) ;
#1900 = VECTOR ( 'NONE', #903, 1000.000000000000000 ) ;
#1901 = CARTESIAN_POINT ( 'NONE',  ( -43.00000000000000711, 144.0000000000000000, 4.000000000000000000 ) ) ;
#1902 = DIRECTION ( 'NONE',  ( 1.000000000000000000, 0.000000000000000000, 0.000000000000000000 ) ) ;
#1903 = ADVANCED_FACE ( 'NONE', ( #796 ), #522, .F. ) ;
#1904 = DIRECTION ( 'NONE',  ( 0.000000000000000000, 0.000000000000000000, -1.000000000000000000 ) ) ;
#1905 = VERTEX_POINT ( 'NONE', #788 ) ;
#1906 = CARTESIAN_POINT ( 'NONE',  ( -43.86581589599726527, 77.07125089289965558, -2.328122541062804807 ) ) ;
#1907 = CARTESIAN_POINT ( 'NONE',  ( -37.59999999999999432, 104.0000000000000000, 4.000000000000003553 ) ) ;
#1908 = CIRCLE ( 'NONE', #1563, 1.599999999999997202 ) ;
#1909 = ORIENTED_EDGE ( 'NONE', *, *, #1924, .F. ) ;
#1910 = CARTESIAN_POINT ( 'NONE',  ( 34.14999999999999858, 127.0000000000000000, 11.99999999999999645 ) ) ;
#1911 = DIRECTION ( 'NONE',  ( -1.000000000000000000, 0.000000000000000000, 0.000000000000000000 ) ) ;
#1912 = CARTESIAN_POINT ( 'NONE',  ( -43.48214737340127556, 77.01261673397536356, 6.683139618567739859 ) ) ;
#1913 = ORIENTED_EDGE ( 'NONE', *, *, #986, .F. ) ;
#1914 = CARTESIAN_POINT ( 'NONE',  ( 32.00000000000000000, 83.00000000000000000, -8.000000000000000000 ) ) ;
#1915 = CARTESIAN_POINT ( 'NONE',  ( 0.000000000000000000, 83.00000000000000000, 0.000000000000000000 ) ) ;
#1916 = APPROVAL_DATE_TIME ( #105, #1229 ) ;
#1917 = CLOSED_SHELL ( 'NONE', ( #273, #901, #1682, #1806, #38, #1705, #1377, #69, #1903, #114, #343, #1527, #1541, #828, #759, #346, #1933, #712, #1813, #1248, #820, #1554, #420, #692, #944, #1331, #777, #1042, #1068, #1930, #906, #46, #510, #317, #568, #512, #851, #985, #84, #1109, #1726, #119, #1320, #1188, #230, #1626, #870, #80, #496, #1296, #281 ) ) ;
#1918 = ORIENTED_EDGE ( 'NONE', *, *, #1759, .F. ) ;
#1919 = LINE ( 'NONE', #1175, #673 ) ;
#1920 = DIRECTION ( 'NONE',  ( 0.000000000000000000, 0.000000000000000000, -1.000000000000000000 ) ) ;
#1921 = FACE_OUTER_BOUND ( 'NONE', #1697, .T. ) ;
#1922 = CARTESIAN_POINT ( 'NONE',  ( -43.40247097805210785, 77.72023239113795512, -1.043511452663988370 ) ) ;
#1923 = FACE_OUTER_BOUND ( 'NONE', #848, .T. ) ;
#1924 = EDGE_CURVE ( 'NONE', #539, #816, #928, .T. ) ;
#1925 = CC_DESIGN_DATE_AND_TIME_ASSIGNMENT ( #1449, #1309, ( #1746 ) ) ;
#1926 = CIRCLE ( 'NONE', #515, 1.700000000000000178 ) ;
#1927 = CIRCLE ( 'NONE', #452, 1.700000000000000178 ) ;
#1928 = DIRECTION ( 'NONE',  ( 0.000000000000000000, 1.000000000000000000, 0.000000000000000000 ) ) ;
#1929 = CARTESIAN_POINT ( 'NONE',  ( 40.00000000000000000, 77.00000000000000000, -12.00000000000000000 ) ) ;
#1930 = ADVANCED_FACE ( 'NONE', ( #342 ), #68, .F. ) ;
#1931 = VECTOR ( 'NONE', #1782, 1000.000000000000000 ) ;
#1932 = DIRECTION ( 'NONE',  ( 0.000000000000000000, -1.000000000000000000, 0.000000000000000000 ) ) ;
#1933 = ADVANCED_FACE ( 'NONE', ( #210 ), #943, .F. ) ;
#1934 = CYLINDRICAL_SURFACE ( 'NONE', #128, 3.000000000000000000 ) ;
#1935 = CARTESIAN_POINT ( 'NONE',  ( 0.000000000000000000, 77.00000000000000000, 7.000000000000000000 ) ) ;
#1936 = ORIENTED_EDGE ( 'NONE', *, *, #24, .F. ) ;
#1937 = DIRECTION ( 'NONE',  ( 0.000000000000000000, 0.000000000000000000, 1.000000000000000000 ) ) ;
#1938 = PLANE ( 'NONE',  #203 ) ;
#1939 = DIRECTION ( 'NONE',  ( 0.000000000000000000, 0.000000000000000000, 1.000000000000000000 ) ) ;
#1940 = DIRECTION ( 'NONE',  ( -1.000000000000000000, 0.000000000000000000, 0.000000000000000000 ) ) ;
#1941 = CARTESIAN_POINT ( 'NONE',  ( -16.00000000000000000, 83.00000000000000000, 0.000000000000000000 ) ) ;
#1942 = VERTEX_POINT ( 'NONE', #1053 ) ;
ENDSEC;
END-ISO-10303-21;
