ISO-10303-21;
HEADER;
FILE_DESCRIPTION (( 'STEP AP203' ),
    '1' );
FILE_NAME ('ARM-003_Yaw_D_drive_collar.step',
    '2026-09-29T00:08:42',
    ( '' ),
    ( '' ),
    'SwSTEP 2.0',
    'SolidWorks 2026',
    '' );
FILE_SCHEMA (( 'CONFIG_CONTROL_DESIGN' ));
ENDSEC;

DATA;
#1 = ORIENTED_EDGE ( 'NONE', *, *, #606, .T. ) ;
#2 = CARTESIAN_POINT ( 'NONE',  ( -6.499561673978746512, 46.40684787571950665, 2.599483432554923201 ) ) ;
#3 = PLANE ( 'NONE',  #795 ) ;
#4 = DIRECTION ( 'NONE',  ( 0.000000000000000000, 0.000000000000000000, 1.000000000000000000 ) ) ;
#5 = VERTEX_POINT ( 'NONE', #532 ) ;
#6 = CARTESIAN_POINT ( 'NONE',  ( 12.00000000000000000, 44.00000000000000711, 0.000000000000000000 ) ) ;
#7 = ADVANCED_FACE ( 'NONE', ( #415 ), #8, .F. ) ;
#8 = PLANE ( 'NONE',  #931 ) ;
#9 = CARTESIAN_POINT ( 'NONE',  ( 0.000000000000000000, 41.00000000000000000, 0.000000000000000000 ) ) ;
#10 = CARTESIAN_POINT ( 'NONE',  ( 6.559388157041597722, 44.22148448750300531, -2.449026308144497843 ) ) ;
#11 = DIRECTION ( 'NONE',  ( 0.000000000000000000, 1.000000000000000000, 0.000000000000000000 ) ) ;
#12 = EDGE_CURVE ( 'NONE', #261, #294, #128, .T. ) ;
#13 = VERTEX_POINT ( 'NONE', #407 ) ;
#14 = CARTESIAN_POINT ( 'NONE',  ( -6.000000000000000000, 48.00000000000000000, 1.145643923738954628 ) ) ;
#15 = CLOSED_SHELL ( 'NONE', ( #280, #228, #541, #1169, #454, #443, #549, #641, #1218, #629, #1329, #391, #411, #1043, #968, #25, #847, #404, #1131, #884, #570, #7, #843, #1268, #206, #876, #471, #95, #252, #649, #285, #861, #1089, #46, #335, #324, #930 ) ) ;
#16 = ORIENTED_EDGE ( 'NONE', *, *, #79, .F. ) ;
#17 = CARTESIAN_POINT ( 'NONE',  ( -6.816091093722637773, 47.74666126132438393, 1.606738752447796958 ) ) ;
#18 = DIRECTION ( 'NONE',  ( -1.000000000000000000, 0.000000000000000000, 0.000000000000000000 ) ) ;
#19 = CARTESIAN_POINT ( 'NONE',  ( -12.00000000000000000, 45.50000000000000000, 0.000000000000000000 ) ) ;
#20 = AXIS2_PLACEMENT_3D ( 'NONE', #55, #463, #475 ) ;
#21 = CYLINDRICAL_SURFACE ( 'NONE', #182, 2.750000000000000000 ) ;
#22 = ORIENTED_EDGE ( 'NONE', *, *, #1231, .T. ) ;
#23 = CIRCLE ( 'NONE', #222, 6.000000000000000000 ) ;
#24 = CARTESIAN_POINT ( 'NONE',  ( 6.000000000000000000, 45.50000000000000000, 0.000000000000000000 ) ) ;
#25 = ADVANCED_FACE ( 'NONE', ( #48, #1264 ), #446, .T. ) ;
#26 = DIRECTION ( 'NONE',  ( 0.000000000000000000, 0.000000000000000000, 1.000000000000000000 ) ) ;
#27 = CARTESIAN_POINT ( 'NONE',  ( 6.000000000000000000, 45.50000000000000000, -1.399999999999999911 ) ) ;
#28 = AXIS2_PLACEMENT_3D ( 'NONE', #926, #521, #232 ) ;
#29 = CARTESIAN_POINT ( 'NONE',  ( -3.910742432661614032, 46.42482072004742122, -1.054986047280241257 ) ) ;
#30 = CARTESIAN_POINT ( 'NONE',  ( -3.850060769346017153, 44.87753601223286637, -1.257341734940179867 ) ) ;
#31 = PLANE ( 'NONE',  #748 ) ;
#32 = DIRECTION ( 'NONE',  ( 1.000000000000000000, 0.000000000000000000, 0.000000000000000000 ) ) ;
#33 = EDGE_CURVE ( 'NONE', #786, #805, #492, .T. ) ;
#34 = PRODUCT ( 'ARM-003_Yaw_D_drive_collar', 'ARM-003_Yaw_D_drive_collar', '', ( #124 ) ) ;
#35 = CARTESIAN_POINT ( 'NONE',  ( -3.864215316305386061, 46.20366521493900791, -1.213728241054432111 ) ) ;
#36 = VECTOR ( 'NONE', #866, 1000.000000000000000 ) ;
#37 = APPROVAL_PERSON_ORGANIZATION ( #1282, #1178, #176 ) ;
#38 = CARTESIAN_POINT ( 'NONE',  ( -3.800328933131972953, 45.50000000000000000, -1.399999999999999911 ) ) ;
#39 = EDGE_CURVE ( 'NONE', #1302, #826, #947, .T. ) ;
#40 = CARTESIAN_POINT ( 'NONE',  ( 3.100000000000000089, 48.00000000000000000, -2.399999999999999911 ) ) ;
#41 = ORIENTED_EDGE ( 'NONE', *, *, #427, .F. ) ;
#42 = DIRECTION ( 'NONE',  ( 0.000000000000000000, 0.000000000000000000, 1.000000000000000000 ) ) ;
#43 = CARTESIAN_POINT ( 'NONE',  ( 12.00000000000000000, 48.00000000000000000, 1.145643923738954628 ) ) ;
#44 = CALENDAR_DATE ( 2026, 28, 9 ) ;
#45 = CARTESIAN_POINT ( 'NONE',  ( -4.025508913991773241, 46.82791261187406917, -0.4529648376217621508 ) ) ;
#46 = ADVANCED_FACE ( 'NONE', ( #59, #547 ), #153, .F. ) ;
#47 = AXIS2_PLACEMENT_3D ( 'NONE', #1294, #1197, #1174 ) ;
#48 = FACE_OUTER_BOUND ( 'NONE', #1016, .T. ) ;
#49 = FACE_OUTER_BOUND ( 'NONE', #642, .T. ) ;
#50 = VERTEX_POINT ( 'NONE', #1059 ) ;
#51 = ORIENTED_EDGE ( 'NONE', *, *, #56, .F. ) ;
#52 = LINE ( 'NONE', #974, #858 ) ;
#53 = DIRECTION ( 'NONE',  ( -1.000000000000000000, 0.000000000000000000, 0.000000000000000000 ) ) ;
#54 = COORDINATED_UNIVERSAL_TIME_OFFSET ( 6, 0, .BEHIND. ) ;
#55 = CARTESIAN_POINT ( 'NONE',  ( 0.000000000000000000, 37.29999999999999716, 0.000000000000000000 ) ) ;
#56 = EDGE_CURVE ( 'NONE', #780, #332, #1077, .T. ) ;
#57 = FACE_OUTER_BOUND ( 'NONE', #932, .T. ) ;
#58 = VERTEX_POINT ( 'NONE', #449 ) ;
#59 = FACE_BOUND ( 'NONE', #695, .T. ) ;
#60 = DIRECTION ( 'NONE',  ( 0.000000000000000000, 0.000000000000000000, 1.000000000000000000 ) ) ;
#61 = APPROVAL_ROLE ( '' ) ;
#62 = DIRECTION ( 'NONE',  ( -1.000000000000000000, 0.000000000000000000, 0.000000000000000000 ) ) ;
#63 = CC_DESIGN_PERSON_AND_ORGANIZATION_ASSIGNMENT ( #1176, #257, ( #638 ) ) ;
#64 = CARTESIAN_POINT ( 'NONE',  ( 0.000000000000000000, 44.00000000000000000, 0.000000000000000000 ) ) ;
#65 = APPROVAL_PERSON_ORGANIZATION ( #579, #142, #61 ) ;
#66 = ORIENTED_EDGE ( 'NONE', *, *, #156, .F. ) ;
#67 = LINE ( 'NONE', #246, #286 ) ;
#68 = CARTESIAN_POINT ( 'NONE',  ( 6.437196594791866566, 45.50000000000000000, 2.750000000000000000 ) ) ;
#69 = FACE_BOUND ( 'NONE', #1212, .T. ) ;
#70 = CIRCLE ( 'NONE', #812, 2.424999999999999822 ) ;
#71 = ORIENTED_EDGE ( 'NONE', *, *, #835, .F. ) ;
#72 = DIRECTION ( 'NONE',  ( 0.000000000000000000, 0.000000000000000000, -1.000000000000000000 ) ) ;
#73 = EDGE_CURVE ( 'NONE', #13, #1314, #725, .T. ) ;
#74 = CARTESIAN_POINT ( 'NONE',  ( 6.437196594791869231, 45.63210980794494276, -2.749999999999999556 ) ) ;
#75 = AXIS2_PLACEMENT_3D ( 'NONE', #801, #806, #414 ) ;
#76 = VERTEX_POINT ( 'NONE', #478 ) ;
#77 = VERTEX_POINT ( 'NONE', #1299 ) ;
#78 = CARTESIAN_POINT ( 'NONE',  ( 6.518198274269424886, 46.53107725406510298, -2.552749073516589196 ) ) ;
#79 = EDGE_CURVE ( 'NONE', #1095, #717, #67, .T. ) ;
#80 = ORIENTED_EDGE ( 'NONE', *, *, #455, .F. ) ;
#81 = EDGE_CURVE ( 'NONE', #826, #98, #242, .T. ) ;
#82 = ORIENTED_EDGE ( 'NONE', *, *, #88, .F. ) ;
#83 = ORIENTED_EDGE ( 'NONE', *, *, #1001, .F. ) ;
#84 = EDGE_CURVE ( 'NONE', #940, #1322, #875, .T. ) ;
#85 = CARTESIAN_POINT ( 'NONE',  ( 6.514753208766934200, 46.53267108062811985, 2.562114570348312803 ) ) ;
#86 = ORIENTED_EDGE ( 'NONE', *, *, #292, .T. ) ;
#87 = CARTESIAN_POINT ( 'NONE',  ( 0.000000000000000000, 48.00000000000000000, 0.000000000000000000 ) ) ;
#88 = EDGE_CURVE ( 'NONE', #1037, #739, #894, .T. ) ;
#89 = ORIENTED_EDGE ( 'NONE', *, *, #958, .T. ) ;
#90 = VECTOR ( 'NONE', #918, 1000.000000000000000 ) ;
#91 = CARTESIAN_POINT ( 'NONE',  ( 6.905613658466567273, 48.00000000000000000, 1.145643923738954628 ) ) ;
#92 = VERTEX_POINT ( 'NONE', #473 ) ;
#93 = CIRCLE ( 'NONE', #562, 4.049999999999999822 ) ;
#94 = DIRECTION ( 'NONE',  ( 0.000000000000000000, 0.000000000000000000, -1.000000000000000000 ) ) ;
#95 = ADVANCED_FACE ( 'NONE', ( #1068 ), #1182, .F. ) ;
#96 = ORIENTED_EDGE ( 'NONE', *, *, #349, .T. ) ;
#97 = DIRECTION ( 'NONE',  ( -1.000000000000000000, 0.000000000000000000, 0.000000000000000000 ) ) ;
#98 = VERTEX_POINT ( 'NONE', #378 ) ;
#99 = CC_DESIGN_PERSON_AND_ORGANIZATION_ASSIGNMENT ( #558, #1087, ( #638 ) ) ;
#100 = CYLINDRICAL_SURFACE ( 'NONE', #1141, 2.424999999999999822 ) ;
#101 = ORIENTED_EDGE ( 'NONE', *, *, #500, .F. ) ;
#102 = AXIS2_PLACEMENT_3D ( 'NONE', #1203, #575, #688 ) ;
#103 = CARTESIAN_POINT ( 'NONE',  ( 6.816873139757941402, 47.74910970999683002, 1.603625134843276845 ) ) ;
#104 = LOCAL_TIME ( 19, 8, 42.00000000000000000, #357 ) ;
#105 = ORIENTED_EDGE ( 'NONE', *, *, #958, .F. ) ;
#106 = CARTESIAN_POINT ( 'NONE',  ( 0.000000000000000000, 41.00000000000000000, -13.00000000000000000 ) ) ;
#107 = ORIENTED_EDGE ( 'NONE', *, *, #1058, .F. ) ;
#108 = DIRECTION ( 'NONE',  ( 0.000000000000000000, 0.000000000000000000, 1.000000000000000000 ) ) ;
#109 = DIRECTION ( 'NONE',  ( 0.000000000000000000, 0.000000000000000000, -1.000000000000000000 ) ) ;
#110 = EDGE_CURVE ( 'NONE', #261, #113, #556, .T. ) ;
#111 = CARTESIAN_POINT ( 'NONE',  ( -6.000000000000000000, 45.50000000000000000, 0.000000000000000000 ) ) ;
#112 = VECTOR ( 'NONE', #760, 1000.000000000000000 ) ;
#113 = VERTEX_POINT ( 'NONE', #781 ) ;
#114 = DIRECTION ( 'NONE',  ( -1.000000000000000000, 0.000000000000000000, 0.000000000000000000 ) ) ;
#115 = ORIENTED_EDGE ( 'NONE', *, *, #381, .F. ) ;
#116 = DIRECTION ( 'NONE',  ( 1.000000000000000000, 0.000000000000000000, 0.000000000000000000 ) ) ;
#117 = CARTESIAN_POINT ( 'NONE',  ( 0.000000000000000000, 40.99999999999999289, -1.199999999999999956 ) ) ;
#118 = CARTESIAN_POINT ( 'NONE',  ( -6.469414221819292266, 46.15673085878795945, -2.673628571287498090 ) ) ;
#119 = EDGE_LOOP ( 'NONE', ( #635, #187, #420, #911, #964, #1126, #1328, #207, #489 ) ) ;
#120 = CYLINDRICAL_SURFACE ( 'NONE', #163, 2.424999999999999822 ) ;
#121 = ORIENTED_EDGE ( 'NONE', *, *, #803, .F. ) ;
#122 = LINE ( 'NONE', #741, #1114 ) ;
#123 = DIRECTION ( 'NONE',  ( -1.000000000000000000, 0.000000000000000000, 0.000000000000000000 ) ) ;
#124 = MECHANICAL_CONTEXT ( 'NONE', #961, 'mechanical' ) ;
#125 = ORIENTED_EDGE ( 'NONE', *, *, #296, .F. ) ;
#126 = FACE_OUTER_BOUND ( 'NONE', #582, .T. ) ;
#127 = EDGE_CURVE ( 'NONE', #498, #1140, #680, .T. ) ;
#128 = B_SPLINE_CURVE_WITH_KNOTS ( 'NONE', 3,
 ( #1044, #1133, #433, #840, #338, #135, #539, #1324 ),
 .UNSPECIFIED., .F., .F.,
 ( 4, 2, 2, 4 ),
 ( 0.000000000000000000, 0.0007962945899204120154, 0.001194441884880608103, 0.001592589179840804298 ),
 .UNSPECIFIED. ) ;
#129 = ORIENTED_EDGE ( 'NONE', *, *, #986, .F. ) ;
#130 = CARTESIAN_POINT ( 'NONE',  ( 13.00000000000000000, 45.50000000000000000, -1.399999999999999911 ) ) ;
#131 = CARTESIAN_POINT ( 'NONE',  ( 12.00000000000000000, 45.50000000000000000, 0.000000000000000000 ) ) ;
#132 = CIRCLE ( 'NONE', #1049, 7.000000000000000000 ) ;
#133 = CARTESIAN_POINT ( 'NONE',  ( 0.000000000000000000, 37.29999999999999716, 0.000000000000000000 ) ) ;
#134 = EDGE_CURVE ( 'NONE', #477, #92, #560, .T. ) ;
#135 = CARTESIAN_POINT ( 'NONE',  ( -6.441332276753944264, 45.23468883201866930, 2.740377411041130973 ) ) ;
#136 = CIRCLE ( 'NONE', #729, 7.000000000000000000 ) ;
#137 = LINE ( 'NONE', #954, #989 ) ;
#138 = DIRECTION ( 'NONE',  ( -0.000000000000000000, -1.000000000000000000, -0.000000000000000000 ) ) ;
#139 = CYLINDRICAL_SURFACE ( 'NONE', #538, 2.750000000000000000 ) ;
#140 = VECTOR ( 'NONE', #920, 1000.000000000000000 ) ;
#141 = DIRECTION ( 'NONE',  ( 0.000000000000000000, 0.000000000000000000, 1.000000000000000000 ) ) ;
#142 = APPROVAL ( #568, 'UNSPECIFIED' ) ;
#143 = CARTESIAN_POINT ( 'NONE',  ( -6.000000000000000000, 45.50000000000000000, -2.750000000000000000 ) ) ;
#144 = CARTESIAN_POINT ( 'NONE',  ( 4.959819536546779614E-16, 44.00000000000000711, 4.049999999999999822 ) ) ;
#145 = DIRECTION ( 'NONE',  ( 0.000000000000000000, -1.000000000000000000, 0.000000000000000000 ) ) ;
#146 = CYLINDRICAL_SURFACE ( 'NONE', #28, 1.199999999999999956 ) ;
#147 = PERSON_AND_ORGANIZATION ( #1157, #1263 ) ;
#148 = CARTESIAN_POINT ( 'NONE',  ( -6.000000000000000000, 48.00000000000000000, -1.145643923738954628 ) ) ;
#149 = CARTESIAN_POINT ( 'NONE',  ( -4.050007453749809194, 44.09997843736610434, -0.09191666416512565829 ) ) ;
#150 = DIRECTION ( 'NONE',  ( 1.000000000000000000, 0.000000000000000000, 0.000000000000000000 ) ) ;
#151 = ORIENTED_EDGE ( 'NONE', *, *, #598, .T. ) ;
#152 = ORIENTED_EDGE ( 'NONE', *, *, #810, .F. ) ;
#153 = PLANE ( 'NONE',  #47 ) ;
#154 = FACE_OUTER_BOUND ( 'NONE', #1279, .T. ) ;
#155 = CALENDAR_DATE ( 2026, 28, 9 ) ;
#156 = EDGE_CURVE ( 'NONE', #92, #477, #453, .T. ) ;
#157 = VECTOR ( 'NONE', #630, 1000.000000000000000 ) ;
#158 = AXIS2_PLACEMENT_3D ( 'NONE', #865, #1075, #42 ) ;
#159 = DIRECTION ( 'NONE',  ( 0.000000000000000000, 0.000000000000000000, 1.000000000000000000 ) ) ;
#160 = ORIENTED_EDGE ( 'NONE', *, *, #296, .T. ) ;
#161 = CARTESIAN_POINT ( 'NONE',  ( -6.559459016920192731, 44.22117224807590929, -2.448823105418905133 ) ) ;
#162 = FACE_OUTER_BOUND ( 'NONE', #823, .T. ) ;
#163 = AXIS2_PLACEMENT_3D ( 'NONE', #1276, #445, #852 ) ;
#164 = CALENDAR_DATE ( 2026, 28, 9 ) ;
#165 = CARTESIAN_POINT ( 'NONE',  ( 6.865808160912489022, 47.89004744496351407, -1.385580069600521602 ) ) ;
#166 = DIRECTION ( 'NONE',  ( 0.000000000000000000, -0.000000000000000000, -1.000000000000000000 ) ) ;
#167 = ORIENTED_EDGE ( 'NONE', *, *, #110, .F. ) ;
#168 = DIRECTION ( 'NONE',  ( 0.000000000000000000, 0.000000000000000000, 1.000000000000000000 ) ) ;
#169 = DIRECTION ( 'NONE',  ( -0.000000000000000000, -1.000000000000000000, -0.000000000000000000 ) ) ;
#170 = PERSON_AND_ORGANIZATION_ROLE ( 'classification_officer' ) ;
#171 = DIRECTION ( 'NONE',  ( 0.000000000000000000, 0.000000000000000000, 1.000000000000000000 ) ) ;
#172 = CIRCLE ( 'NONE', #683, 13.00000000000000000 ) ;
#173 = EDGE_CURVE ( 'NONE', #5, #98, #52, .T. ) ;
#174 = EDGE_LOOP ( 'NONE', ( #820, #1235, #706, #41 ) ) ;
#175 = DIRECTION ( 'NONE',  ( -1.000000000000000000, 0.000000000000000000, -0.000000000000000000 ) ) ;
#176 = APPROVAL_ROLE ( '' ) ;
#177 = DIRECTION ( 'NONE',  ( 0.000000000000000000, 0.000000000000000000, -1.000000000000000000 ) ) ;
#178 = EDGE_CURVE ( 'NONE', #1106, #519, #988, .T. ) ;
#179 = EDGE_LOOP ( 'NONE', ( #809, #893 ) ) ;
#180 = ORIENTED_EDGE ( 'NONE', *, *, #191, .T. ) ;
#181 = CYLINDRICAL_SURFACE ( 'NONE', #240, 13.00000000000000000 ) ;
#182 = AXIS2_PLACEMENT_3D ( 'NONE', #551, #221, #929 ) ;
#183 = EDGE_LOOP ( 'NONE', ( #428, #459, #1098, #1216 ) ) ;
#184 = ORIENTED_EDGE ( 'NONE', *, *, #1241, .F. ) ;
#185 = B_SPLINE_CURVE_WITH_KNOTS ( 'NONE', 3,
 ( #68, #263, #474, #468, #256, #269, #667, #769 ),
 .UNSPECIFIED., .F., .F.,
 ( 4, 2, 2, 4 ),
 ( 0.003162636253750508372, 0.003559672703773336319, 0.003956709153796164266, 0.004750782053841800211 ),
 .UNSPECIFIED. ) ;
#186 = CARTESIAN_POINT ( 'NONE',  ( 6.457445106597440088, 46.02734171946890029, -2.702189814933226852 ) ) ;
#187 = ORIENTED_EDGE ( 'NONE', *, *, #702, .T. ) ;
#188 = CARTESIAN_POINT ( 'NONE',  ( -3.800328933131972509, 45.50000000000000000, 1.399999999999999911 ) ) ;
#189 = ORIENTED_EDGE ( 'NONE', *, *, #1058, .T. ) ;
#190 = DIRECTION ( 'NONE',  ( -1.000000000000000000, 0.000000000000000000, 0.000000000000000000 ) ) ;
#191 = EDGE_CURVE ( 'NONE', #227, #609, #689, .T. ) ;
#192 = ORIENTED_EDGE ( 'NONE', *, *, #789, .T. ) ;
#193 = CARTESIAN_POINT ( 'NONE',  ( -3.894905173584978453, 46.36205682444661846, 1.117884019535641205 ) ) ;
#194 = ORIENTED_EDGE ( 'NONE', *, *, #784, .F. ) ;
#195 = VECTOR ( 'NONE', #553, 1000.000000000000000 ) ;
#196 = CC_DESIGN_PERSON_AND_ORGANIZATION_ASSIGNMENT ( #1093, #170, ( #850 ) ) ;
#197 = DIRECTION ( 'NONE',  ( -0.000000000000000000, -1.000000000000000000, -0.000000000000000000 ) ) ;
#198 = ORIENTED_EDGE ( 'NONE', *, *, #921, .T. ) ;
#199 = AXIS2_PLACEMENT_3D ( 'NONE', #818, #1221, #618 ) ;
#200 = DIRECTION ( 'NONE',  ( 0.000000000000000000, -1.000000000000000000, 0.000000000000000000 ) ) ;
#201 = AXIS2_PLACEMENT_3D ( 'NONE', #303, #190, #1217 ) ;
#202 = ORIENTED_EDGE ( 'NONE', *, *, #1029, .F. ) ;
#203 = CARTESIAN_POINT ( 'NONE',  ( 12.00000000000000000, 44.00000000000000711, 2.304886114323225321 ) ) ;
#204 = ORIENTED_EDGE ( 'NONE', *, *, #819, .T. ) ;
#205 = CARTESIAN_POINT ( 'NONE',  ( -4.036619840892876176, 46.86242593951785551, 0.3701619507008018228 ) ) ;
#206 = ADVANCED_FACE ( 'NONE', ( #1164, #1135 ), #3, .F. ) ;
#207 = ORIENTED_EDGE ( 'NONE', *, *, #173, .T. ) ;
#208 = CARTESIAN_POINT ( 'NONE',  ( 1.469576158976823553E-16, 40.99999999999999289, 1.199999999999999956 ) ) ;
#209 = CIRCLE ( 'NONE', #846, 1.199999999999999956 ) ;
#210 = DIRECTION ( 'NONE',  ( 1.000000000000000000, 0.000000000000000000, 0.000000000000000000 ) ) ;
#211 = CARTESIAN_POINT ( 'NONE',  ( 6.000000000000000000, 48.00000000000000000, 1.145643923738954628 ) ) ;
#212 = ORIENTED_EDGE ( 'NONE', *, *, #1231, .F. ) ;
#213 = CARTESIAN_POINT ( 'NONE',  ( 0.000000000000000000, 41.00000000000000000, 0.000000000000000000 ) ) ;
#214 = CC_DESIGN_PERSON_AND_ORGANIZATION_ASSIGNMENT ( #751, #654, ( #610 ) ) ;
#215 = EDGE_LOOP ( 'NONE', ( #928, #322 ) ) ;
#216 = CARTESIAN_POINT ( 'NONE',  ( -6.560037626623678619, 46.76897802340306498, 2.443223876829603292 ) ) ;
#217 = AXIS2_PLACEMENT_3D ( 'NONE', #1031, #726, #821 ) ;
#218 = LINE ( 'NONE', #701, #1254 ) ;
#219 = CARTESIAN_POINT ( 'NONE',  ( 0.000000000000000000, 44.00000000000000000, 0.000000000000000000 ) ) ;
#220 = ORIENTED_EDGE ( 'NONE', *, *, #1082, .T. ) ;
#221 = DIRECTION ( 'NONE',  ( -1.000000000000000000, 0.000000000000000000, 0.000000000000000000 ) ) ;
#222 = AXIS2_PLACEMENT_3D ( 'NONE', #213, #518, #1240 ) ;
#223 = ORIENTED_EDGE ( 'NONE', *, *, #1204, .T. ) ;
#224 = CARTESIAN_POINT ( 'NONE',  ( 2.969768487932330991E-16, 37.29999999999999716, 2.424999999999999822 ) ) ;
#225 = FACE_OUTER_BOUND ( 'NONE', #994, .T. ) ;
#226 = DIRECTION ( 'NONE',  ( 1.000000000000000000, 0.000000000000000000, 0.000000000000000000 ) ) ;
#227 = VERTEX_POINT ( 'NONE', #913 ) ;
#228 = ADVANCED_FACE ( 'NONE', ( #719 ), #891, .F. ) ;
#229 = DIRECTION ( 'NONE',  ( -0.000000000000000000, -1.000000000000000000, -0.000000000000000000 ) ) ;
#230 = CARTESIAN_POINT ( 'NONE',  ( -6.437196594791869231, 45.63210980794494276, 2.749999999999999556 ) ) ;
#231 = LINE ( 'NONE', #1142, #302 ) ;
#232 = DIRECTION ( 'NONE',  ( 0.000000000000000000, 0.000000000000000000, -1.000000000000000000 ) ) ;
#233 = CARTESIAN_POINT ( 'NONE',  ( -6.514753208766933312, 46.53267108062811275, -2.562114570348315912 ) ) ;
#234 = CARTESIAN_POINT ( 'NONE',  ( -3.814573997280802597, 45.86917394156316163, -1.362713906478189463 ) ) ;
#235 = EDGE_CURVE ( 'NONE', #693, #1074, #1232, .T. ) ;
#236 = ORIENTED_EDGE ( 'NONE', *, *, #84, .T. ) ;
#237 = DIRECTION ( 'NONE',  ( 1.000000000000000000, -0.000000000000000000, -0.000000000000000000 ) ) ;
#238 = DIRECTION ( 'NONE',  ( 0.000000000000000000, 1.000000000000000000, 0.000000000000000000 ) ) ;
#239 = PRODUCT_RELATED_PRODUCT_CATEGORY ( 'detail', '', ( #34 ) ) ;
#240 = AXIS2_PLACEMENT_3D ( 'NONE', #787, #585, #990 ) ;
#241 = CARTESIAN_POINT ( 'NONE',  ( -3.800328933131972953, 45.50000000000000000, -1.399999999999999911 ) ) ;
#242 = B_SPLINE_CURVE_WITH_KNOTS ( 'NONE', 3,
 ( #255, #674, #749, #881, #1085, #955, #161, #467 ),
 .UNSPECIFIED., .F., .F.,
 ( 4, 2, 2, 4 ),
 ( 0.003162636253750208699, 0.003559672703773024069, 0.003956709153795839873, 0.004750782053841491430 ),
 .UNSPECIFIED. ) ;
#243 = CARTESIAN_POINT ( 'NONE',  ( -3.910910230756858841, 44.57448619005935342, 1.054351452728358174 ) ) ;
#244 = VECTOR ( 'NONE', #511, 1000.000000000000000 ) ;
#245 = CARTESIAN_POINT ( 'NONE',  ( 0.000000000000000000, 44.00000000000000000, -7.000000000000000000 ) ) ;
#246 = CARTESIAN_POINT ( 'NONE',  ( 2.969768487932330991E-16, 39.80000000000000426, 2.424999999999999822 ) ) ;
#247 = DIRECTION ( 'NONE',  ( 0.000000000000000000, 0.000000000000000000, -1.000000000000000000 ) ) ;
#248 = CALENDAR_DATE ( 2026, 28, 9 ) ;
#249 = LINE ( 'NONE', #148, #1081 ) ;
#250 = CARTESIAN_POINT ( 'NONE',  ( -3.991348978478828968, 44.27817624786500517, -0.7078597596074260867 ) ) ;
#251 = PLANE ( 'NONE',  #408 ) ;
#252 = ADVANCED_FACE ( 'NONE', ( #595, #1025 ), #615, .T. ) ;
#253 = ORIENTED_EDGE ( 'NONE', *, *, #789, .F. ) ;
#254 = ORIENTED_EDGE ( 'NONE', *, *, #702, .F. ) ;
#255 = CARTESIAN_POINT ( 'NONE',  ( -6.437196594791866566, 45.50000000000000000, -2.750000000000000000 ) ) ;
#256 = CARTESIAN_POINT ( 'NONE',  ( 6.469612034146808632, 44.84107285759885286, 2.673159329098454329 ) ) ;
#257 = PERSON_AND_ORGANIZATION_ROLE ( 'design_supplier' ) ;
#258 = LINE ( 'NONE', #663, #496 ) ;
#259 = AXIS2_PLACEMENT_3D ( 'NONE', #219, #11, #1040 ) ;
#260 = CARTESIAN_POINT ( 'NONE',  ( 13.00000000000000000, 45.50000000000000000, 0.000000000000000000 ) ) ;
#261 = VERTEX_POINT ( 'NONE', #707 ) ;
#262 = DIRECTION ( 'NONE',  ( 0.000000000000000000, 0.000000000000000000, -1.000000000000000000 ) ) ;
#263 = CARTESIAN_POINT ( 'NONE',  ( 6.437196594791865678, 45.36746691884724925, 2.750000000000000444 ) ) ;
#264 = CARTESIAN_POINT ( 'NONE',  ( 6.441377084039342726, 45.76614042000488780, -2.740271585420120726 ) ) ;
#265 = CIRCLE ( 'NONE', #1006, 7.000000000000000000 ) ;
#266 = CARTESIAN_POINT ( 'NONE',  ( 3.100000000000000089, 44.00000000000000000, 2.399999999999999911 ) ) ;
#267 = ORIENTED_EDGE ( 'NONE', *, *, #690, .T. ) ;
#268 = DIRECTION ( 'NONE',  ( 0.000000000000000000, -1.000000000000000000, 0.000000000000000000 ) ) ;
#269 = CARTESIAN_POINT ( 'NONE',  ( 6.515639029735876164, 44.46111964486731694, 2.559900529058813490 ) ) ;
#270 = CIRCLE ( 'NONE', #648, 2.424999999999999822 ) ;
#271 = B_SPLINE_CURVE_WITH_KNOTS ( 'NONE', 3,
 ( #883, #230, #527, #333, #622, #2, #1045, #216, #1243, #416, #323, #17, #316, #814 ),
 .UNSPECIFIED., .F., .F.,
 ( 4, 2, 2, 2, 2, 2, 4 ),
 ( 0.001592589179840804298, 0.001987557321475789170, 0.002382525463110774042, 0.002777493604745758914, 0.003172461746380744220, 0.003962398029650714831, 0.004752334312920686310 ),
 .UNSPECIFIED. ) ;
#272 = SECURITY_CLASSIFICATION_LEVEL ( 'unclassified' ) ;
#273 = CARTESIAN_POINT ( 'NONE',  ( -6.000000000000000000, 45.50000000000000000, 0.000000000000000000 ) ) ;
#274 = AXIS2_PLACEMENT_3D ( 'NONE', #528, #334, #26 ) ;
#275 = EDGE_CURVE ( 'NONE', #733, #77, #417, .T. ) ;
#276 = ORIENTED_EDGE ( 'NONE', *, *, #12, .F. ) ;
#277 = CARTESIAN_POINT ( 'NONE',  ( 0.000000000000000000, 48.00000000000000000, 0.000000000000000000 ) ) ;
#278 = APPROVAL_ROLE ( '' ) ;
#279 = DIRECTION ( 'NONE',  ( 0.000000000000000000, 0.000000000000000000, 1.000000000000000000 ) ) ;
#280 = ADVANCED_FACE ( 'NONE', ( #608 ), #403, .F. ) ;
#281 = CC_DESIGN_APPROVAL ( #1178, ( #610 ) ) ;
#282 = ORIENTED_EDGE ( 'NONE', *, *, #978, .F. ) ;
#283 = ORIENTED_EDGE ( 'NONE', *, *, #127, .T. ) ;
#284 = CARTESIAN_POINT ( 'NONE',  ( 3.262284475639731340, 44.00000000000000000, 2.399999999999999911 ) ) ;
#285 = ADVANCED_FACE ( 'NONE', ( #696 ), #1017, .T. ) ;
#286 = VECTOR ( 'NONE', #145, 1000.000000000000000 ) ;
#287 = ORIENTED_EDGE ( 'NONE', *, *, #784, .T. ) ;
#288 = PLANE ( 'NONE',  #20 ) ;
#289 = EDGE_LOOP ( 'NONE', ( #965, #572 ) ) ;
#290 = DIRECTION ( 'NONE',  ( 0.000000000000000000, 0.000000000000000000, 1.000000000000000000 ) ) ;
#291 = VERTEX_POINT ( 'NONE', #808 ) ;
#292 = EDGE_CURVE ( 'NONE', #519, #869, #882, .T. ) ;
#293 = CARTESIAN_POINT ( 'NONE',  ( 3.100000000000000089, 48.00000000000000000, 2.399999999999999911 ) ) ;
#294 = VERTEX_POINT ( 'NONE', #816 ) ;
#295 = DIRECTION ( 'NONE',  ( 0.000000000000000000, 0.000000000000000000, -1.000000000000000000 ) ) ;
#296 = EDGE_CURVE ( 'NONE', #1037, #1314, #899, .T. ) ;
#297 = ORIENTED_EDGE ( 'NONE', *, *, #127, .F. ) ;
#298 = DIRECTION ( 'NONE',  ( 0.000000000000000000, 0.000000000000000000, -1.000000000000000000 ) ) ;
#299 = ORIENTED_EDGE ( 'NONE', *, *, #1260, .T. ) ;
#300 = DIRECTION ( 'NONE',  ( -0.000000000000000000, -1.000000000000000000, -0.000000000000000000 ) ) ;
#301 = ORIENTED_EDGE ( 'NONE', *, *, #1193, .T. ) ;
#302 = VECTOR ( 'NONE', #237, 1000.000000000000000 ) ;
#303 = CARTESIAN_POINT ( 'NONE',  ( 13.00000000000000000, 45.50000000000000000, 0.000000000000000000 ) ) ;
#304 = VERTEX_POINT ( 'NONE', #1223 ) ;
#305 = AXIS2_PLACEMENT_3D ( 'NONE', #406, #611, #715 ) ;
#306 = DESIGN_CONTEXT ( 'detailed design', #904, 'design' ) ;
#307 = DIRECTION ( 'NONE',  ( 0.000000000000000000, 0.000000000000000000, -1.000000000000000000 ) ) ;
#308 = EDGE_CURVE ( 'NONE', #1256, #987, #218, .T. ) ;
#309 = ORIENTED_EDGE ( 'NONE', *, *, #73, .F. ) ;
#310 = CARTESIAN_POINT ( 'NONE',  ( 13.00000000000000000, 45.50000000000000000, 1.399999999999999911 ) ) ;
#311 = CARTESIAN_POINT ( 'NONE',  ( 6.865723972125080898, 47.88981489486730680, 1.386087535513879310 ) ) ;
#312 = EDGE_LOOP ( 'NONE', ( #1318, #1205, #1090, #691 ) ) ;
#313 = CARTESIAN_POINT ( 'NONE',  ( 1.469576158976823553E-16, 40.99999999999999289, 1.199999999999999956 ) ) ;
#314 = EDGE_CURVE ( 'NONE', #1172, #1106, #732, .T. ) ;
#315 = DIRECTION ( 'NONE',  ( -1.000000000000000000, 0.000000000000000000, -0.000000000000000000 ) ) ;
#316 = CARTESIAN_POINT ( 'NONE',  ( -6.865808160912436620, 47.89004744496337196, 1.385580069600780728 ) ) ;
#317 = CARTESIAN_POINT ( 'NONE',  ( 6.558807803923947688, 46.77494786242812808, 2.450364605556969000 ) ) ;
#318 = DIRECTION ( 'NONE',  ( 1.000000000000000000, 0.000000000000000000, 0.000000000000000000 ) ) ;
#319 = EDGE_LOOP ( 'NONE', ( #830, #180, #71, #152 ) ) ;
#320 = EDGE_CURVE ( 'NONE', #291, #940, #1122, .T. ) ;
#321 = CARTESIAN_POINT ( 'NONE',  ( 0.000000000000000000, 39.80000000000000426, 0.000000000000000000 ) ) ;
#322 = ORIENTED_EDGE ( 'NONE', *, *, #1024, .F. ) ;
#323 = CARTESIAN_POINT ( 'NONE',  ( -6.712230573319453164, 47.40851468283977255, 1.996664204902309558 ) ) ;
#324 = ADVANCED_FACE ( 'NONE', ( #1321 ), #450, .F. ) ;
#325 = AXIS2_PLACEMENT_3D ( 'NONE', #1295, #380, #279 ) ;
#326 = PLANE ( 'NONE',  #677 ) ;
#327 =( NAMED_UNIT ( * ) SI_UNIT ( $, .STERADIAN. ) SOLID_ANGLE_UNIT ( ) );
#328 = VECTOR ( 'NONE', #981, 1000.000000000000000 ) ;
#329 = ORIENTED_EDGE ( 'NONE', *, *, #81, .T. ) ;
#330 = DIRECTION ( 'NONE',  ( -1.000000000000000000, -0.000000000000000000, -0.000000000000000000 ) ) ;
#331 = CIRCLE ( 'NONE', #351, 2.424999999999999822 ) ;
#332 = VERTEX_POINT ( 'NONE', #117 ) ;
#333 = CARTESIAN_POINT ( 'NONE',  ( -6.457445106597440088, 46.02734171946890029, 2.702189814933226852 ) ) ;
#334 = DIRECTION ( 'NONE',  ( -1.000000000000000000, 0.000000000000000000, 0.000000000000000000 ) ) ;
#335 = ADVANCED_FACE ( 'NONE', ( #542 ), #146, .F. ) ;
#336 = CARTESIAN_POINT ( 'NONE',  ( 6.437196594791866566, 45.50000000000000000, -2.750000000000000000 ) ) ;
#337 = CARTESIAN_POINT ( 'NONE',  ( 13.00000000000000000, 45.50000000000000000, 1.399999999999999911 ) ) ;
#338 = CARTESIAN_POINT ( 'NONE',  ( -6.457452281733363719, 44.97244101072307387, 2.702173177950148997 ) ) ;
#339 = LINE ( 'NONE', #520, #599 ) ;
#340 = CARTESIAN_POINT ( 'NONE',  ( 0.000000000000000000, 44.00000000000000711, 0.000000000000000000 ) ) ;
#341 = DIRECTION ( 'NONE',  ( -0.000000000000000000, -1.000000000000000000, -0.000000000000000000 ) ) ;
#342 = AXIS2_PLACEMENT_3D ( 'NONE', #557, #967, #1183 ) ;
#343 = LOCAL_TIME ( 19, 8, 42.00000000000000000, #957 ) ;
#344 = DIRECTION ( 'NONE',  ( 0.000000000000000000, 1.000000000000000000, 0.000000000000000000 ) ) ;
#345 = CARTESIAN_POINT ( 'NONE',  ( -3.800328933131972065, 45.31631219987266945, -1.399999999999999689 ) ) ;
#346 = DIRECTION ( 'NONE',  ( 1.000000000000000000, 0.000000000000000000, -0.000000000000000000 ) ) ;
#347 = DIRECTION ( 'NONE',  ( -0.000000000000000000, -1.000000000000000000, -0.000000000000000000 ) ) ;
#348 = DIRECTION ( 'NONE',  ( 0.000000000000000000, 1.000000000000000000, 0.000000000000000000 ) ) ;
#349 = EDGE_CURVE ( 'NONE', #626, #609, #1258, .T. ) ;
#350 = DIRECTION ( 'NONE',  ( 0.000000000000000000, 1.000000000000000000, 0.000000000000000000 ) ) ;
#351 = AXIS2_PLACEMENT_3D ( 'NONE', #133, #358, #763 ) ;
#352 = CARTESIAN_POINT ( 'NONE',  ( 0.000000000000000000, 44.00000000000000000, 0.000000000000000000 ) ) ;
#353 = VERTEX_POINT ( 'NONE', #440 ) ;
#354 = EDGE_LOOP ( 'NONE', ( #577, #973, #1022, #600 ) ) ;
#355 = CARTESIAN_POINT ( 'NONE',  ( 0.000000000000000000, 40.99999999999999289, 0.000000000000000000 ) ) ;
#356 = CARTESIAN_POINT ( 'NONE',  ( 0.000000000000000000, 41.00000000000000000, 0.000000000000000000 ) ) ;
#357 = COORDINATED_UNIVERSAL_TIME_OFFSET ( 6, 0, .BEHIND. ) ;
#358 = DIRECTION ( 'NONE',  ( 0.000000000000000000, 1.000000000000000000, 0.000000000000000000 ) ) ;
#359 = CARTESIAN_POINT ( 'NONE',  ( -3.816716093905498486, 45.13551420647789314, 1.354822206900420101 ) ) ;
#360 = DIRECTION ( 'NONE',  ( 0.000000000000000000, -0.000000000000000000, 1.000000000000000000 ) ) ;
#361 = ORIENTED_EDGE ( 'NONE', *, *, #484, .F. ) ;
#362 = CARTESIAN_POINT ( 'NONE',  ( 12.00000000000000000, 45.50000000000000000, 2.750000000000000000 ) ) ;
#363 = DIRECTION ( 'NONE',  ( 0.000000000000000000, 0.000000000000000000, 1.000000000000000000 ) ) ;
#364 = APPROVAL_STATUS ( 'not_yet_approved' ) ;
#365 = B_SPLINE_CURVE_WITH_KNOTS ( 'NONE', 3,
 ( #188, #1312, #1215, #1111, #709, #1317, #193, #1008, #401, #205, #544, #744, #959, #1261, #45, #951, #1048, #29, #1036, #35, #1255, #234, #1158, #241 ),
 .UNSPECIFIED., .F., .F.,
 ( 4, 2, 2, 2, 2, 2, 2, 2, 2, 2, 2, 4 ),
 ( 0.000000000000000000, 0.0002757011215833505332, 0.0005514022431667010664, 0.001102804486333382834, 0.001654206729500064602, 0.002205608972666746586, 0.002481310094250087361, 0.002757011215833428137, 0.003308413459000117927, 0.003584114580583469978, 0.003859815702166822030, 0.004411217945333507050 ),
 .UNSPECIFIED. ) ;
#366 = CYLINDRICAL_SURFACE ( 'NONE', #907, 2.750000000000000000 ) ;
#367 = CIRCLE ( 'NONE', #1108, 2.750000000000000000 ) ;
#368 = AXIS2_PLACEMENT_3D ( 'NONE', #952, #350, #656 ) ;
#369 = CARTESIAN_POINT ( 'NONE',  ( 6.000000000000000000, 48.00000000000000000, 0.000000000000000000 ) ) ;
#370 = ORIENTED_EDGE ( 'NONE', *, *, #1184, .F. ) ;
#371 = DIRECTION ( 'NONE',  ( 1.000000000000000000, 0.000000000000000000, 0.000000000000000000 ) ) ;
#372 = LINE ( 'NONE', #461, #1320 ) ;
#373 = EDGE_CURVE ( 'NONE', #304, #1310, #1110, .T. ) ;
#374 = CARTESIAN_POINT ( 'NONE',  ( 6.560037626623678619, 46.76897802340306498, -2.443223876829603292 ) ) ;
#375 = AXIS2_PLACEMENT_3D ( 'NONE', #24, #116, #718 ) ;
#376 = CYLINDRICAL_SURFACE ( 'NONE', #619, 1.399999999999999911 ) ;
#377 = ORIENTED_EDGE ( 'NONE', *, *, #766, .T. ) ;
#378 = CARTESIAN_POINT ( 'NONE',  ( -6.609652033201143695, 44.00000000000000000, -2.304886114323220880 ) ) ;
#379 = CIRCLE ( 'NONE', #815, 1.399999999999999911 ) ;
#380 = DIRECTION ( 'NONE',  ( 0.000000000000000000, 1.000000000000000000, 0.000000000000000000 ) ) ;
#381 = EDGE_CURVE ( 'NONE', #733, #76, #1080, .T. ) ;
#382 = CIRCLE ( 'NONE', #705, 7.000000000000000000 ) ;
#383 = EDGE_LOOP ( 'NONE', ( #1100, #1002, #773, #129 ) ) ;
#384 = ORIENTED_EDGE ( 'NONE', *, *, #766, .F. ) ;
#385 = CARTESIAN_POINT ( 'NONE',  ( 0.000000000000000000, 39.79999999999999716, 0.000000000000000000 ) ) ;
#386 = AXIS2_PLACEMENT_3D ( 'NONE', #727, #138, #247 ) ;
#387 = ORIENTED_EDGE ( 'NONE', *, *, #1159, .T. ) ;
#388 = LINE ( 'NONE', #770, #740 ) ;
#389 = ORIENTED_EDGE ( 'NONE', *, *, #1225, .T. ) ;
#390 = AXIS2_PLACEMENT_3D ( 'NONE', #1097, #1192, #177 ) ;
#391 = ADVANCED_FACE ( 'NONE', ( #548, #1244 ), #1039, .F. ) ;
#392 = AXIS2_PLACEMENT_3D ( 'NONE', #1121, #97, #1309 ) ;
#393 = ORIENTED_EDGE ( 'NONE', *, *, #84, .F. ) ;
#394 = CARTESIAN_POINT ( 'NONE',  ( 6.632624427534246081, 47.10170685754232522, 2.239163868617259467 ) ) ;
#395 = ORIENTED_EDGE ( 'NONE', *, *, #797, .F. ) ;
#396 = EDGE_CURVE ( 'NONE', #332, #724, #849, .T. ) ;
#397 = DIRECTION ( 'NONE',  ( 1.000000000000000000, 0.000000000000000000, 0.000000000000000000 ) ) ;
#398 = EDGE_LOOP ( 'NONE', ( #361, #472, #807, #698 ) ) ;
#399 = CARTESIAN_POINT ( 'NONE',  ( 6.437196594791868343, 45.63196330187406602, 2.750000000000000888 ) ) ;
#400 = ORIENTED_EDGE ( 'NONE', *, *, #1024, .T. ) ;
#401 = CARTESIAN_POINT ( 'NONE',  ( -3.991482188007700049, 46.72222533027417057, 0.7066749977563339113 ) ) ;
#402 = ORIENTED_EDGE ( 'NONE', *, *, #1291, .T. ) ;
#403 = CYLINDRICAL_SURFACE ( 'NONE', #201, 1.399999999999999911 ) ;
#404 = ADVANCED_FACE ( 'NONE', ( #842, #1266 ), #326, .F. ) ;
#405 = ORIENTED_EDGE ( 'NONE', *, *, #173, .F. ) ;
#406 = CARTESIAN_POINT ( 'NONE',  ( -6.000000000000000000, 45.50000000000000000, 0.000000000000000000 ) ) ;
#407 = CARTESIAN_POINT ( 'NONE',  ( 4.959819536546779614E-16, 41.00000000000000000, 4.049999999999999822 ) ) ;
#408 = AXIS2_PLACEMENT_3D ( 'NONE', #863, #1271, #360 ) ;
#409 = DIRECTION ( 'NONE',  ( 0.000000000000000000, 1.000000000000000000, 0.000000000000000000 ) ) ;
#410 = DIRECTION ( 'NONE',  ( -0.000000000000000000, -1.000000000000000000, -0.000000000000000000 ) ) ;
#411 = ADVANCED_FACE ( 'NONE', ( #1175 ), #645, .F. ) ;
#412 = ORIENTED_EDGE ( 'NONE', *, *, #12, .T. ) ;
#413 = AXIS2_PLACEMENT_3D ( 'NONE', #831, #330, #1147 ) ;
#414 = DIRECTION ( 'NONE',  ( 0.000000000000000000, 0.000000000000000000, -1.000000000000000000 ) ) ;
#415 = FACE_OUTER_BOUND ( 'NONE', #354, .T. ) ;
#416 = CARTESIAN_POINT ( 'NONE',  ( -6.656899193256567315, 47.20932544665775765, 2.169762028032470980 ) ) ;
#417 = LINE ( 'NONE', #203, #140 ) ;
#418 = ORIENTED_EDGE ( 'NONE', *, *, #685, .F. ) ;
#419 = DIRECTION ( 'NONE',  ( 0.000000000000000000, 0.000000000000000000, -1.000000000000000000 ) ) ;
#420 = ORIENTED_EDGE ( 'NONE', *, *, #1015, .F. ) ;
#421 = CARTESIAN_POINT ( 'NONE',  ( -3.800328933131972509, 45.50000000000000000, 1.399999999999999911 ) ) ;
#422 = CARTESIAN_POINT ( 'NONE',  ( 6.441332276753946040, 45.23468883201866930, -2.740377411041130973 ) ) ;
#423 = CC_DESIGN_APPROVAL ( #587, ( #638 ) ) ;
#424 = CARTESIAN_POINT ( 'NONE',  ( 0.000000000000000000, 0.000000000000000000, 0.000000000000000000 ) ) ;
#425 = VERTEX_POINT ( 'NONE', #1143 ) ;
#426 = DIRECTION ( 'NONE',  ( -0.000000000000000000, -1.000000000000000000, -0.000000000000000000 ) ) ;
#427 = EDGE_CURVE ( 'NONE', #1172, #1305, #1150, .T. ) ;
#428 = ORIENTED_EDGE ( 'NONE', *, *, #996, .F. ) ;
#429 = CARTESIAN_POINT ( 'NONE',  ( 3.100000000000000089, 48.00000000000000000, 2.399999999999999911 ) ) ;
#430 = LINE ( 'NONE', #836, #1130 ) ;
#431 = CARTESIAN_POINT ( 'NONE',  ( -6.000000000000000000, 45.50000000000000000, -2.750000000000000000 ) ) ;
#432 = CARTESIAN_POINT ( 'NONE',  ( -6.905613658466567273, 48.00000000000000000, 1.145643923738954628 ) ) ;
#433 = CARTESIAN_POINT ( 'NONE',  ( -6.515906959523550590, 44.45908077852737961, 2.559235811958069373 ) ) ;
#434 = DIRECTION ( 'NONE',  ( 0.000000000000000000, 1.000000000000000000, 0.000000000000000000 ) ) ;
#435 = CARTESIAN_POINT ( 'NONE',  ( 6.469576303269104045, 44.84128164293299790, -2.673249954226672109 ) ) ;
#436 =( NAMED_UNIT ( * ) PLANE_ANGLE_UNIT ( ) SI_UNIT ( $, .RADIAN. ) );
#437 = CARTESIAN_POINT ( 'NONE',  ( 6.437196594791866566, 45.50000000000000000, 2.750000000000000000 ) ) ;
#438 = CARTESIAN_POINT ( 'NONE',  ( -3.910850823326024184, 44.57470464199347759, -1.054606664430368879 ) ) ;
#439 = DIRECTION ( 'NONE',  ( -1.000000000000000000, 0.000000000000000000, 0.000000000000000000 ) ) ;
#440 = CARTESIAN_POINT ( 'NONE',  ( -6.000000000000000000, 48.00000000000000000, -1.145643923738954628 ) ) ;
#441 = DIRECTION ( 'NONE',  ( 1.000000000000000000, 0.000000000000000000, 0.000000000000000000 ) ) ;
#442 = AXIS2_PLACEMENT_3D ( 'NONE', #975, #675, #363 ) ;
#443 = ADVANCED_FACE ( 'NONE', ( #225 ), #1052, .F. ) ;
#444 = CC_DESIGN_APPROVAL ( #142, ( #850 ) ) ;
#445 = DIRECTION ( 'NONE',  ( 0.000000000000000000, -1.000000000000000000, 0.000000000000000000 ) ) ;
#446 = PLANE ( 'NONE',  #368 ) ;
#447 = FACE_BOUND ( 'NONE', #1146, .T. ) ;
#448 = EDGE_LOOP ( 'NONE', ( #673, #115 ) ) ;
#449 = CARTESIAN_POINT ( 'NONE',  ( -6.905613658466567273, 48.00000000000000000, -1.145643923738954628 ) ) ;
#450 = CYLINDRICAL_SURFACE ( 'NONE', #274, 1.399999999999999911 ) ;
#451 = APPLICATION_PROTOCOL_DEFINITION ( 'international standard', 'config_control_design', 1994, #904 ) ;
#452 = CARTESIAN_POINT ( 'NONE',  ( 0.000000000000000000, 44.00000000000000711, 0.000000000000000000 ) ) ;
#453 = CIRCLE ( 'NONE', #1207, 1.399999999999999911 ) ;
#454 = ADVANCED_FACE ( 'NONE', ( #857 ), #1274, .T. ) ;
#455 = EDGE_CURVE ( 'NONE', #1140, #693, #430, .T. ) ;
#456 = CARTESIAN_POINT ( 'NONE',  ( -3.826388450695864751, 45.04637403229738624, 1.327643075397443528 ) ) ;
#457 = DIRECTION ( 'NONE',  ( 1.000000000000000000, 0.000000000000000000, 0.000000000000000000 ) ) ;
#458 = ORIENTED_EDGE ( 'NONE', *, *, #752, .T. ) ;
#459 = ORIENTED_EDGE ( 'NONE', *, *, #56, .T. ) ;
#460 = DIRECTION ( 'NONE',  ( -1.000000000000000000, 0.000000000000000000, -0.000000000000000000 ) ) ;
#461 = CARTESIAN_POINT ( 'NONE',  ( 3.100000000000000089, 48.00000000000000000, -2.399999999999999911 ) ) ;
#462 = CALENDAR_DATE ( 2026, 28, 9 ) ;
#463 = DIRECTION ( 'NONE',  ( 0.000000000000000000, 1.000000000000000000, 0.000000000000000000 ) ) ;
#464 = EDGE_CURVE ( 'NONE', #591, #1200, #735, .T. ) ;
#465 = PLANE ( 'NONE',  #581 ) ;
#466 = VERTEX_POINT ( 'NONE', #1076 ) ;
#467 = CARTESIAN_POINT ( 'NONE',  ( -6.609652033201143695, 44.00000000000000000, -2.304886114323220880 ) ) ;
#468 = CARTESIAN_POINT ( 'NONE',  ( 6.457433250572955252, 44.97259496171182747, 2.702218849626253139 ) ) ;
#469 = CARTESIAN_POINT ( 'NONE',  ( 6.469276747509345782, 46.15544851186697883, -2.673962309778475710 ) ) ;
#470 = DIRECTION ( 'NONE',  ( 0.000000000000000000, 0.000000000000000000, 1.000000000000000000 ) ) ;
#471 = ADVANCED_FACE ( 'NONE', ( #162 ), #1281, .F. ) ;
#472 = ORIENTED_EDGE ( 'NONE', *, *, #464, .T. ) ;
#473 = CARTESIAN_POINT ( 'NONE',  ( 3.100000000000000533, 45.50000000000000000, 1.399999999999999911 ) ) ;
#474 = CARTESIAN_POINT ( 'NONE',  ( 6.441293304524753793, 45.23547906751638692, 2.740469204710239914 ) ) ;
#475 = DIRECTION ( 'NONE',  ( 0.000000000000000000, -0.000000000000000000, 1.000000000000000000 ) ) ;
#476 = AXIS2_PLACEMENT_3D ( 'NONE', #841, #1038, #1251 ) ;
#477 = VERTEX_POINT ( 'NONE', #1288 ) ;
#478 = CARTESIAN_POINT ( 'NONE',  ( 12.00000000000000000, 44.00000000000000711, -2.304886114323225321 ) ) ;
#479 = AXIS2_PLACEMENT_3D ( 'NONE', #1132, #699, #592 ) ;
#480 = CARTESIAN_POINT ( 'NONE',  ( 6.712230573319452276, 47.40851468283977255, -1.996664204902308670 ) ) ;
#481 = ORIENTED_EDGE ( 'NONE', *, *, #797, .T. ) ;
#482 = ORIENTED_EDGE ( 'NONE', *, *, #896, .T. ) ;
#483 = DIRECTION ( 'NONE',  ( 0.000000000000000000, 1.000000000000000000, 0.000000000000000000 ) ) ;
#484 = EDGE_CURVE ( 'NONE', #591, #1256, #1092, .T. ) ;
#485 = ORIENTED_EDGE ( 'NONE', *, *, #455, .T. ) ;
#486 = ORIENTED_EDGE ( 'NONE', *, *, #525, .T. ) ;
#487 = ORIENTED_EDGE ( 'NONE', *, *, #1285, .F. ) ;
#488 = CARTESIAN_POINT ( 'NONE',  ( 6.469414221819294042, 46.15673085878797366, 2.673628571287497202 ) ) ;
#489 = ORIENTED_EDGE ( 'NONE', *, *, #1144, .F. ) ;
#490 = CARTESIAN_POINT ( 'NONE',  ( 3.100000000000000089, 44.00000000000000000, 2.399999999999999911 ) ) ;
#491 = AXIS2_PLACEMENT_3D ( 'NONE', #9, #643, #933 ) ;
#492 = B_SPLINE_CURVE_WITH_KNOTS ( 'NONE', 3,
 ( #38, #345, #853, #30, #755, #1270, #438, #1170, #250, #1064, #845, #746, #149, #552, #1161, #764, #960, #243, #862, #1277, #650, #456, #359, #1056, #545, #1179 ),
 .UNSPECIFIED., .F., .F.,
 ( 4, 2, 2, 2, 2, 2, 2, 2, 2, 2, 2, 2, 4 ),
 ( 0.004411217945333507050, 0.004962480648730680302, 0.005238112000429276036, 0.005513743352127872636, 0.006065006055525049358, 0.006340637407223637285, 0.006616268758922226080, 0.007167531462319402802, 0.007718794165716580391, 0.007994425517415169186, 0.008270056869113757980, 0.008545688220812346775, 0.008821319572510935569 ),
 .UNSPECIFIED. ) ;
#493 = AXIS2_PLACEMENT_3D ( 'NONE', #355, #966, #1091 ) ;
#494 = VERTEX_POINT ( 'NONE', #567 ) ;
#495 = VECTOR ( 'NONE', #347, 1000.000000000000000 ) ;
#496 = VECTOR ( 'NONE', #1071, 1000.000000000000000 ) ;
#497 = DIRECTION ( 'NONE',  ( -0.000000000000000000, -1.000000000000000000, -0.000000000000000000 ) ) ;
#498 = VERTEX_POINT ( 'NONE', #982 ) ;
#499 = CARTESIAN_POINT ( 'NONE',  ( 0.000000000000000000, 48.00000000000000000, -7.000000000000000000 ) ) ;
#500 = EDGE_CURVE ( 'NONE', #1256, #591, #172, .T. ) ;
#501 = ORIENTED_EDGE ( 'NONE', *, *, #624, .T. ) ;
#502 = DIRECTION ( 'NONE',  ( -0.000000000000000000, -1.000000000000000000, -0.000000000000000000 ) ) ;
#503 = VERTEX_POINT ( 'NONE', #775 ) ;
#504 = LINE ( 'NONE', #499, #244 ) ;
#505 = AXIS2_PLACEMENT_3D ( 'NONE', #878, #872, #678 ) ;
#506 = ORIENTED_EDGE ( 'NONE', *, *, #1001, .T. ) ;
#507 = CARTESIAN_POINT ( 'NONE',  ( -3.800328933131972953, 45.50000000000000000, -1.399999999999999911 ) ) ;
#508 = EDGE_CURVE ( 'NONE', #1106, #77, #185, .T. ) ;
#509 = CARTESIAN_POINT ( 'NONE',  ( 0.000000000000000000, 41.00000000000000000, 0.000000000000000000 ) ) ;
#510 = ORIENTED_EDGE ( 'NONE', *, *, #81, .F. ) ;
#511 = DIRECTION ( 'NONE',  ( -0.000000000000000000, -1.000000000000000000, -0.000000000000000000 ) ) ;
#512 = ORIENTED_EDGE ( 'NONE', *, *, #670, .T. ) ;
#513 = VECTOR ( 'NONE', #856, 1000.000000000000000 ) ;
#514 = DIRECTION ( 'NONE',  ( 0.000000000000000000, -1.000000000000000000, 0.000000000000000000 ) ) ;
#515 = CARTESIAN_POINT ( 'NONE',  ( -6.000000000000000000, 45.50000000000000000, 0.000000000000000000 ) ) ;
#516 = CARTESIAN_POINT ( 'NONE',  ( 7.347880794884119736E-16, 37.29999999999999716, 6.000000000000000000 ) ) ;
#517 = ORIENTED_EDGE ( 'NONE', *, *, #810, .T. ) ;
#518 = DIRECTION ( 'NONE',  ( 0.000000000000000000, 1.000000000000000000, 0.000000000000000000 ) ) ;
#519 = VERTEX_POINT ( 'NONE', #661 ) ;
#520 = CARTESIAN_POINT ( 'NONE',  ( -6.000000000000000000, 48.00000000000000000, 0.000000000000000000 ) ) ;
#521 = DIRECTION ( 'NONE',  ( 0.000000000000000000, -1.000000000000000000, 0.000000000000000000 ) ) ;
#522 = CYLINDRICAL_SURFACE ( 'NONE', #1000, 7.000000000000000000 ) ;
#523 = ORIENTED_EDGE ( 'NONE', *, *, #1117, .T. ) ;
#524 = DIRECTION ( 'NONE',  ( 0.000000000000000000, 0.000000000000000000, 1.000000000000000000 ) ) ;
#525 = EDGE_CURVE ( 'NONE', #1140, #1201, #372, .T. ) ;
#526 = ORIENTED_EDGE ( 'NONE', *, *, #1125, .T. ) ;
#527 = CARTESIAN_POINT ( 'NONE',  ( -6.441377084039342726, 45.76614042000488780, 2.740271585420120726 ) ) ;
#528 = CARTESIAN_POINT ( 'NONE',  ( 13.00000000000000000, 45.50000000000000000, 0.000000000000000000 ) ) ;
#529 = DIRECTION ( 'NONE',  ( -1.000000000000000000, 0.000000000000000000, 0.000000000000000000 ) ) ;
#530 = ORIENTED_EDGE ( 'NONE', *, *, #986, .T. ) ;
#531 = CARTESIAN_POINT ( 'NONE',  ( 6.905613658466567273, 48.00000000000000000, 1.145643923738954628 ) ) ;
#532 = CARTESIAN_POINT ( 'NONE',  ( -12.00000000000000000, 44.00000000000000711, -2.304886114323225321 ) ) ;
#533 = CARTESIAN_POINT ( 'NONE',  ( -6.000000000000000000, 48.00000000000000000, 1.145643923738954628 ) ) ;
#534 = CIRCLE ( 'NONE', #375, 2.750000000000000000 ) ;
#535 = CARTESIAN_POINT ( 'NONE',  ( 6.515906959523549702, 44.45908077852737250, -2.559235811958065820 ) ) ;
#536 =( LENGTH_UNIT ( ) NAMED_UNIT ( * ) SI_UNIT ( .MILLI., .METRE. ) );
#537 = DIRECTION ( 'NONE',  ( 0.000000000000000000, 0.000000000000000000, 1.000000000000000000 ) ) ;
#538 = AXIS2_PLACEMENT_3D ( 'NONE', #111, #529, #1253 ) ;
#539 = CARTESIAN_POINT ( 'NONE',  ( -6.437196594791865678, 45.36682682189692173, 2.750000000000000000 ) ) ;
#540 = DIRECTION ( 'NONE',  ( 0.000000000000000000, 0.000000000000000000, 1.000000000000000000 ) ) ;
#541 = ADVANCED_FACE ( 'NONE', ( #154 ), #871, .F. ) ;
#542 = FACE_OUTER_BOUND ( 'NONE', #183, .T. ) ;
#543 = DIRECTION ( 'NONE',  ( 0.000000000000000000, 1.000000000000000000, 0.000000000000000000 ) ) ;
#544 = CARTESIAN_POINT ( 'NONE',  ( -4.049970193849455669, 46.89991377505620562, 0.1849572734681088348 ) ) ;
#545 = CARTESIAN_POINT ( 'NONE',  ( -3.800328933131972065, 45.40673805667481133, 1.399999999999999467 ) ) ;
#546 = DIRECTION ( 'NONE',  ( -0.000000000000000000, -1.000000000000000000, -0.000000000000000000 ) ) ;
#547 = FACE_OUTER_BOUND ( 'NONE', #289, .T. ) ;
#548 = FACE_BOUND ( 'NONE', #179, .T. ) ;
#549 = ADVANCED_FACE ( 'NONE', ( #669 ), #366, .F. ) ;
#550 = APPROVAL_DATE_TIME ( #976, #1178 ) ;
#551 = CARTESIAN_POINT ( 'NONE',  ( -6.000000000000000000, 45.50000000000000000, 0.000000000000000000 ) ) ;
#552 = CARTESIAN_POINT ( 'NONE',  ( -4.049985052693352294, 44.10004324042384383, 0.1848168479372293005 ) ) ;
#553 = DIRECTION ( 'NONE',  ( 0.000000000000000000, 0.000000000000000000, -1.000000000000000000 ) ) ;
#554 = ORIENTED_EDGE ( 'NONE', *, *, #1159, .F. ) ;
#555 = ORIENTED_EDGE ( 'NONE', *, *, #525, .F. ) ;
#556 = LINE ( 'NONE', #1273, #328 ) ;
#557 = CARTESIAN_POINT ( 'NONE',  ( 0.000000000000000000, 40.99999999999999289, 0.000000000000000000 ) ) ;
#558 = PERSON_AND_ORGANIZATION ( #1157, #1263 ) ;
#559 = VECTOR ( 'NONE', #779, 1000.000000000000000 ) ;
#560 = CIRCLE ( 'NONE', #1028, 1.399999999999999911 ) ;
#561 = EDGE_CURVE ( 'NONE', #786, #700, #388, .T. ) ;
#562 = AXIS2_PLACEMENT_3D ( 'NONE', #647, #344, #141 ) ;
#563 = CARTESIAN_POINT ( 'NONE',  ( 7.347880794884119736E-16, 41.00000000000000000, 6.000000000000000000 ) ) ;
#564 = ORIENTED_EDGE ( 'NONE', *, *, #308, .T. ) ;
#565 = CARTESIAN_POINT ( 'NONE',  ( 7.347880794884119736E-16, 41.00000000000000000, 6.000000000000000000 ) ) ;
#566 = B_SPLINE_CURVE_WITH_KNOTS ( 'NONE', 3,
 ( #639, #837, #736, #1151, #851, #728, #720, #1145, #233, #118, #1047, #1259, #616, #829 ),
 .UNSPECIFIED., .F., .F.,
 ( 4, 2, 2, 2, 2, 2, 4 ),
 ( 0.000000000000000000, 0.0007906590634375419832, 0.001185988595156320076, 0.001581318126875098061, 0.002371977190312653163, 0.002767306722031430931, 0.003162636253750208699 ),
 .UNSPECIFIED. ) ;
#567 = CARTESIAN_POINT ( 'NONE',  ( 1.469576158976823553E-16, 39.79999999999999716, 1.199999999999999956 ) ) ;
#568 = APPROVAL_STATUS ( 'not_yet_approved' ) ;
#569 = CARTESIAN_POINT ( 'NONE',  ( 1.592040838891559095E-15, 44.00000000000000711, 13.00000000000000000 ) ) ;
#570 = ADVANCED_FACE ( 'NONE', ( #985, #580 ), #791, .F. ) ;
#571 = CARTESIAN_POINT ( 'NONE',  ( 0.000000000000000000, 37.29999999999999716, 0.000000000000000000 ) ) ;
#572 = ORIENTED_EDGE ( 'NONE', *, *, #670, .F. ) ;
#573 = CARTESIAN_POINT ( 'NONE',  ( 12.00000000000000000, 45.50000000000000000, 0.000000000000000000 ) ) ;
#574 = DIRECTION ( 'NONE',  ( 0.000000000000000000, 0.000000000000000000, 1.000000000000000000 ) ) ;
#575 = DIRECTION ( 'NONE',  ( 0.000000000000000000, 1.000000000000000000, 0.000000000000000000 ) ) ;
#576 = EDGE_CURVE ( 'NONE', #1310, #503, #910, .T. ) ;
#577 = ORIENTED_EDGE ( 'NONE', *, *, #349, .F. ) ;
#578 = DIRECTION ( 'NONE',  ( 0.000000000000000000, 0.000000000000000000, -1.000000000000000000 ) ) ;
#579 = PERSON_AND_ORGANIZATION ( #1157, #1263 ) ;
#580 = FACE_OUTER_BOUND ( 'NONE', #813, .T. ) ;
#581 = AXIS2_PLACEMENT_3D ( 'NONE', #1162, #150, #1187 ) ;
#582 = EDGE_LOOP ( 'NONE', ( #1103, #101, #564, #1242 ) ) ;
#583 = ORIENTED_EDGE ( 'NONE', *, *, #561, .T. ) ;
#584 = EDGE_CURVE ( 'NONE', #997, #58, #1262, .T. ) ;
#585 = DIRECTION ( 'NONE',  ( -0.000000000000000000, -1.000000000000000000, -0.000000000000000000 ) ) ;
#586 = ORIENTED_EDGE ( 'NONE', *, *, #576, .T. ) ;
#587 = APPROVAL ( #364, 'UNSPECIFIED' ) ;
#588 = ORIENTED_EDGE ( 'NONE', *, *, #134, .F. ) ;
#589 = EDGE_LOOP ( 'NONE', ( #287, #1222 ) ) ;
#590 = FACE_OUTER_BOUND ( 'NONE', #398, .T. ) ;
#591 = VERTEX_POINT ( 'NONE', #569 ) ;
#592 = DIRECTION ( 'NONE',  ( 0.000000000000000000, 0.000000000000000000, -1.000000000000000000 ) ) ;
#593 = CC_DESIGN_SECURITY_CLASSIFICATION ( #850, ( #638 ) ) ;
#594 = ORIENTED_EDGE ( 'NONE', *, *, #756, .T. ) ;
#595 = FACE_BOUND ( 'NONE', #1188, .T. ) ;
#596 = EDGE_LOOP ( 'NONE', ( #530, #1148, #1018, #817 ) ) ;
#597 = FACE_OUTER_BOUND ( 'NONE', #890, .T. ) ;
#598 = EDGE_CURVE ( 'NONE', #494, #724, #209, .T. ) ;
#599 = VECTOR ( 'NONE', #1154, 1000.000000000000000 ) ;
#600 = ORIENTED_EDGE ( 'NONE', *, *, #835, .T. ) ;
#601 = CIRCLE ( 'NONE', #1296, 13.00000000000000000 ) ;
#602 = DIRECTION ( 'NONE',  ( 0.000000000000000000, 1.000000000000000000, 0.000000000000000000 ) ) ;
#603 = VERTEX_POINT ( 'NONE', #777 ) ;
#604 = DIRECTION ( 'NONE',  ( 0.000000000000000000, 0.000000000000000000, -1.000000000000000000 ) ) ;
#605 = AXIS2_PLACEMENT_3D ( 'NONE', #1113, #602, #903 ) ;
#606 = EDGE_CURVE ( 'NONE', #1137, #1172, #382, .T. ) ;
#607 = EDGE_LOOP ( 'NONE', ( #487, #282 ) ) ;
#608 = FACE_OUTER_BOUND ( 'NONE', #1034, .T. ) ;
#609 = VERTEX_POINT ( 'NONE', #284 ) ;
#610 = PRODUCT_DEFINITION ( 'UNKNOWN', '', #638, #306 ) ;
#611 = DIRECTION ( 'NONE',  ( -1.000000000000000000, -0.000000000000000000, -0.000000000000000000 ) ) ;
#612 = EDGE_LOOP ( 'NONE', ( #16, #512, #377, #554 ) ) ;
#613 = CIRCLE ( 'NONE', #259, 7.000000000000000000 ) ;
#614 = LINE ( 'NONE', #1023, #90 ) ;
#615 = PLANE ( 'NONE',  #710 ) ;
#616 = CARTESIAN_POINT ( 'NONE',  ( -6.437196594791868343, 45.63196330187406602, -2.750000000000000000 ) ) ;
#617 = EDGE_LOOP ( 'NONE', ( #687, #267, #1119, #212 ) ) ;
#618 = DIRECTION ( 'NONE',  ( 0.000000000000000000, 0.000000000000000000, 1.000000000000000000 ) ) ;
#619 = AXIS2_PLACEMENT_3D ( 'NONE', #260, #439, #290 ) ;
#620 = EDGE_LOOP ( 'NONE', ( #785, #189 ) ) ;
#621 = AXIS2_PLACEMENT_3D ( 'NONE', #1189, #268, #72 ) ;
#622 = CARTESIAN_POINT ( 'NONE',  ( -6.469276747509345782, 46.15544851186697883, 2.673962309778475710 ) ) ;
#623 = DIRECTION ( 'NONE',  ( -0.000000000000000000, -1.000000000000000000, -0.000000000000000000 ) ) ;
#624 = EDGE_CURVE ( 'NONE', #869, #1096, #877, .T. ) ;
#625 = CARTESIAN_POINT ( 'NONE',  ( 0.000000000000000000, 41.00000000000000000, -4.049999999999999822 ) ) ;
#626 = VERTEX_POINT ( 'NONE', #1283 ) ;
#627 = DIRECTION ( 'NONE',  ( 0.000000000000000000, 0.000000000000000000, -1.000000000000000000 ) ) ;
#628 = ORIENTED_EDGE ( 'NONE', *, *, #373, .T. ) ;
#629 = ADVANCED_FACE ( 'NONE', ( #590 ), #181, .T. ) ;
#630 = DIRECTION ( 'NONE',  ( -1.000000000000000000, 0.000000000000000000, 0.000000000000000000 ) ) ;
#631 = CARTESIAN_POINT ( 'NONE',  ( 12.00000000000000000, 45.50000000000000000, 0.000000000000000000 ) ) ;
#632 = DIRECTION ( 'NONE',  ( 0.000000000000000000, 0.000000000000000000, -1.000000000000000000 ) ) ;
#633 = ORIENTED_EDGE ( 'NONE', *, *, #1082, .F. ) ;
#634 = CYLINDRICAL_SURFACE ( 'NONE', #1311, 13.00000000000000000 ) ;
#635 = ORIENTED_EDGE ( 'NONE', *, *, #921, .F. ) ;
#636 = LINE ( 'NONE', #1325, #157 ) ;
#637 = CARTESIAN_POINT ( 'NONE',  ( 1.592040838891559095E-15, 44.00000000000000711, 13.00000000000000000 ) ) ;
#638 = PRODUCT_DEFINITION_FORMATION_WITH_SPECIFIED_SOURCE ( 'ANY', '', #34, .NOT_KNOWN. ) ;
#639 = CARTESIAN_POINT ( 'NONE',  ( -6.905613658466567273, 48.00000000000000000, -1.145643923738954628 ) ) ;
#640 = CARTESIAN_POINT ( 'NONE',  ( 0.000000000000000000, 44.00000000000000000, 0.000000000000000000 ) ) ;
#641 = ADVANCED_FACE ( 'NONE', ( #692 ), #995, .F. ) ;
#642 = EDGE_LOOP ( 'NONE', ( #798, #299, #555, #297 ) ) ;
#643 = DIRECTION ( 'NONE',  ( 0.000000000000000000, 1.000000000000000000, 0.000000000000000000 ) ) ;
#644 = CIRCLE ( 'NONE', #491, 4.049999999999999822 ) ;
#645 = CYLINDRICAL_SURFACE ( 'NONE', #386, 4.049999999999999822 ) ;
#646 = APPLICATION_PROTOCOL_DEFINITION ( 'international standard', 'config_control_design', 1994, #961 ) ;
#647 = CARTESIAN_POINT ( 'NONE',  ( 0.000000000000000000, 48.00000000000000000, 0.000000000000000000 ) ) ;
#648 = AXIS2_PLACEMENT_3D ( 'NONE', #731, #944, #537 ) ;
#649 = ADVANCED_FACE ( 'NONE', ( #69, #1208 ), #288, .F. ) ;
#650 = CARTESIAN_POINT ( 'NONE',  ( -3.850137364258068740, 44.87703477897117210, 1.257110570957629125 ) ) ;
#651 = CARTESIAN_POINT ( 'NONE',  ( 12.00000000000000000, 48.00000000000000000, -1.145643923738954628 ) ) ;
#652 = DIRECTION ( 'NONE',  ( -1.000000000000000000, 0.000000000000000000, 0.000000000000000000 ) ) ;
#653 = DIRECTION ( 'NONE',  ( -0.000000000000000000, -1.000000000000000000, -0.000000000000000000 ) ) ;
#654 = PERSON_AND_ORGANIZATION_ROLE ( 'creator' ) ;
#655 = CARTESIAN_POINT ( 'NONE',  ( 3.100000000000000089, 48.00000000000000000, -2.399999999999999911 ) ) ;
#656 = DIRECTION ( 'NONE',  ( 0.000000000000000000, -0.000000000000000000, 1.000000000000000000 ) ) ;
#657 = DIRECTION ( 'NONE',  ( 0.000000000000000000, 1.000000000000000000, 0.000000000000000000 ) ) ;
#658 = ORIENTED_EDGE ( 'NONE', *, *, #373, .F. ) ;
#659 = ORIENTED_EDGE ( 'NONE', *, *, #314, .F. ) ;
#660 = DIRECTION ( 'NONE',  ( 0.000000000000000000, 1.000000000000000000, 0.000000000000000000 ) ) ;
#661 = CARTESIAN_POINT ( 'NONE',  ( 6.000000000000000000, 45.50000000000000000, 2.750000000000000000 ) ) ;
#662 = COORDINATED_UNIVERSAL_TIME_OFFSET ( 6, 0, .BEHIND. ) ;
#663 = CARTESIAN_POINT ( 'NONE',  ( 3.100000000000000089, 44.00000000000000000, -2.399999999999999911 ) ) ;
#664 = CARTESIAN_POINT ( 'NONE',  ( 3.262284475639731340, 44.00000000000000711, -2.399999999999999911 ) ) ;
#665 = ORIENTED_EDGE ( 'NONE', *, *, #508, .F. ) ;
#666 = CARTESIAN_POINT ( 'NONE',  ( 3.100000000000000533, 45.50000000000000000, 0.000000000000000000 ) ) ;
#667 = CARTESIAN_POINT ( 'NONE',  ( 6.559459016920195396, 44.22117224807590929, 2.448823105418901136 ) ) ;
#668 = VECTOR ( 'NONE', #712, 1000.000000000000000 ) ;
#669 = FACE_OUTER_BOUND ( 'NONE', #174, .T. ) ;
#670 = EDGE_CURVE ( 'NONE', #1095, #855, #792, .T. ) ;
#671 = VECTOR ( 'NONE', #295, 1000.000000000000000 ) ;
#672 = FACE_OUTER_BOUND ( 'NONE', #1030, .T. ) ;
#673 = ORIENTED_EDGE ( 'NONE', *, *, #1015, .T. ) ;
#674 = CARTESIAN_POINT ( 'NONE',  ( -6.437196594791866566, 45.36746691884724214, -2.750000000000000888 ) ) ;
#675 = DIRECTION ( 'NONE',  ( 0.000000000000000000, 1.000000000000000000, 0.000000000000000000 ) ) ;
#676 = DATE_AND_TIME ( #155, #104 ) ;
#677 = AXIS2_PLACEMENT_3D ( 'NONE', #750, #238, #1165 ) ;
#678 = DIRECTION ( 'NONE',  ( 0.000000000000000000, 0.000000000000000000, -1.000000000000000000 ) ) ;
#679 = EDGE_LOOP ( 'NONE', ( #711, #633, #22, #1004 ) ) ;
#680 = LINE ( 'NONE', #774, #112 ) ;
#681 = APPROVAL_DATE_TIME ( #676, #587 ) ;
#682 = DIRECTION ( 'NONE',  ( -1.000000000000000000, 0.000000000000000000, 0.000000000000000000 ) ) ;
#683 = AXIS2_PLACEMENT_3D ( 'NONE', #1190, #1069, #60 ) ;
#684 = LOCAL_TIME ( 19, 8, 42.00000000000000000, #1191 ) ;
#685 = EDGE_CURVE ( 'NONE', #294, #1137, #271, .T. ) ;
#686 = ORIENTED_EDGE ( 'NONE', *, *, #39, .T. ) ;
#687 = ORIENTED_EDGE ( 'NONE', *, *, #1225, .F. ) ;
#688 = DIRECTION ( 'NONE',  ( 0.000000000000000000, 0.000000000000000000, 1.000000000000000000 ) ) ;
#689 = CIRCLE ( 'NONE', #621, 4.049999999999999822 ) ;
#690 = EDGE_CURVE ( 'NONE', #1316, #477, #734, .T. ) ;
#691 = ORIENTED_EDGE ( 'NONE', *, *, #1319, .T. ) ;
#692 = FACE_OUTER_BOUND ( 'NONE', #1298, .T. ) ;
#693 = VERTEX_POINT ( 'NONE', #429 ) ;
#694 = PLANE ( 'NONE',  #1160 ) ;
#695 = EDGE_LOOP ( 'NONE', ( #301, #151 ) ) ;
#696 = FACE_OUTER_BOUND ( 'NONE', #900, .T. ) ;
#697 = EDGE_CURVE ( 'NONE', #1322, #714, #1224, .T. ) ;
#698 = ORIENTED_EDGE ( 'NONE', *, *, #308, .F. ) ;
#699 = DIRECTION ( 'NONE',  ( 1.000000000000000000, 0.000000000000000000, 0.000000000000000000 ) ) ;
#700 = VERTEX_POINT ( 'NONE', #827 ) ;
#701 = CARTESIAN_POINT ( 'NONE',  ( 0.000000000000000000, 44.00000000000000711, -13.00000000000000000 ) ) ;
#702 = EDGE_CURVE ( 'NONE', #304, #76, #231, .T. ) ;
#703 = ORIENTED_EDGE ( 'NONE', *, *, #697, .T. ) ;
#704 = CARTESIAN_POINT ( 'NONE',  ( 12.00000000000000000, 45.50000000000000000, -2.750000000000000000 ) ) ;
#705 = AXIS2_PLACEMENT_3D ( 'NONE', #977, #888, #171 ) ;
#706 = ORIENTED_EDGE ( 'NONE', *, *, #752, .F. ) ;
#707 = CARTESIAN_POINT ( 'NONE',  ( -6.609652033201143695, 44.00000000000000000, 2.304886114323220880 ) ) ;
#708 = ORIENTED_EDGE ( 'NONE', *, *, #320, .F. ) ;
#709 = CARTESIAN_POINT ( 'NONE',  ( -3.826439345839284467, 45.95403817855945761, 1.327495971375459716 ) ) ;
#710 = AXIS2_PLACEMENT_3D ( 'NONE', #1128, #1326, #109 ) ;
#711 = ORIENTED_EDGE ( 'NONE', *, *, #690, .F. ) ;
#712 = DIRECTION ( 'NONE',  ( -1.000000000000000000, 0.000000000000000000, 0.000000000000000000 ) ) ;
#713 = CARTESIAN_POINT ( 'NONE',  ( 6.738409342686614067, 47.49379518522300003, 1.898468533991905849 ) ) ;
#714 = VERTEX_POINT ( 'NONE', #925 ) ;
#715 = DIRECTION ( 'NONE',  ( 0.000000000000000000, 0.000000000000000000, -1.000000000000000000 ) ) ;
#716 = EDGE_CURVE ( 'NONE', #1105, #1137, #1127, .T. ) ;
#717 = VERTEX_POINT ( 'NONE', #224 ) ;
#718 = DIRECTION ( 'NONE',  ( 0.000000000000000000, 0.000000000000000000, -1.000000000000000000 ) ) ;
#719 = FACE_OUTER_BOUND ( 'NONE', #617, .T. ) ;
#720 = CARTESIAN_POINT ( 'NONE',  ( -6.632624427534246081, 47.10170685754231101, -2.239163868617264797 ) ) ;
#721 = ORIENTED_EDGE ( 'NONE', *, *, #771, .F. ) ;
#722 = CARTESIAN_POINT ( 'NONE',  ( 1.592040838891559095E-15, 41.00000000000000000, 13.00000000000000000 ) ) ;
#723 = VECTOR ( 'NONE', #546, 1000.000000000000000 ) ;
#724 = VERTEX_POINT ( 'NONE', #834 ) ;
#725 = CIRCLE ( 'NONE', #158, 4.049999999999999822 ) ;
#726 = DIRECTION ( 'NONE',  ( 0.000000000000000000, 1.000000000000000000, 0.000000000000000000 ) ) ;
#727 = CARTESIAN_POINT ( 'NONE',  ( 0.000000000000000000, 44.00000000000000711, 0.000000000000000000 ) ) ;
#728 = CARTESIAN_POINT ( 'NONE',  ( -6.658511140723013533, 47.20503742989174611, -2.161514923064316029 ) ) ;
#729 = AXIS2_PLACEMENT_3D ( 'NONE', #640, #860, #738 ) ;
#730 = ORIENTED_EDGE ( 'NONE', *, *, #1101, .F. ) ;
#731 = CARTESIAN_POINT ( 'NONE',  ( 0.000000000000000000, 37.29999999999999716, 0.000000000000000000 ) ) ;
#732 = B_SPLINE_CURVE_WITH_KNOTS ( 'NONE', 3,
 ( #91, #311, #103, #713, #1213, #1237, #394, #317, #85, #488, #1107, #1005, #399, #804 ),
 .UNSPECIFIED., .F., .F.,
 ( 4, 2, 2, 2, 2, 2, 4 ),
 ( 2.991495929591895866E-16, 0.0007906590634378415482, 0.001185988595156619316, 0.001581318126875396867, 0.002371977190312952403, 0.002767306722031730171, 0.003162636253750508372 ),
 .UNSPECIFIED. ) ;
#733 = VERTEX_POINT ( 'NONE', #1051 ) ;
#734 = LINE ( 'NONE', #130, #1327 ) ;
#735 = LINE ( 'NONE', #637, #36 ) ;
#736 = CARTESIAN_POINT ( 'NONE',  ( -6.816873139757940514, 47.74910970999683002, -1.603625134843279954 ) ) ;
#737 = EDGE_CURVE ( 'NONE', #425, #294, #636, .T. ) ;
#738 = DIRECTION ( 'NONE',  ( 0.000000000000000000, 0.000000000000000000, 1.000000000000000000 ) ) ;
#739 = VERTEX_POINT ( 'NONE', #1236 ) ;
#740 = VECTOR ( 'NONE', #1185, 1000.000000000000000 ) ;
#741 = CARTESIAN_POINT ( 'NONE',  ( 0.000000000000000000, 39.80000000000000426, -2.424999999999999822 ) ) ;
#742 = DIRECTION ( 'NONE',  ( 0.000000000000000000, -1.000000000000000000, 0.000000000000000000 ) ) ;
#743 = CIRCLE ( 'NONE', #1219, 2.750000000000000000 ) ;
#744 = CARTESIAN_POINT ( 'NONE',  ( -4.050014823912352568, 46.90004288346487016, -0.09149790767901112842 ) ) ;
#745 = EDGE_CURVE ( 'NONE', #503, #997, #132, .T. ) ;
#746 = CARTESIAN_POINT ( 'NONE',  ( -4.046756344595349830, 44.10930775129019565, -0.1854452759945195428 ) ) ;
#747 = DIRECTION ( 'NONE',  ( 0.000000000000000000, 1.000000000000000000, 0.000000000000000000 ) ) ;
#748 = AXIS2_PLACEMENT_3D ( 'NONE', #352, #948, #166 ) ;
#749 = CARTESIAN_POINT ( 'NONE',  ( -6.441293304524754681, 45.23547906751637271, -2.740469204710237694 ) ) ;
#750 = CARTESIAN_POINT ( 'NONE',  ( 0.000000000000000000, 41.00000000000000000, 0.000000000000000000 ) ) ;
#751 = PERSON_AND_ORGANIZATION ( #1157, #1263 ) ;
#752 = EDGE_CURVE ( 'NONE', #1305, #519, #534, .T. ) ;
#753 = DIRECTION ( 'NONE',  ( 0.000000000000000000, 1.000000000000000000, 0.000000000000000000 ) ) ;
#754 = AXIS2_PLACEMENT_3D ( 'NONE', #1267, #348, #524 ) ;
#755 = CARTESIAN_POINT ( 'NONE',  ( -3.864322858976140029, 44.79575612289506381, -1.213384340689049434 ) ) ;
#756 = EDGE_CURVE ( 'NONE', #50, #700, #962, .T. ) ;
#757 = DIRECTION ( 'NONE',  ( -0.000000000000000000, -0.000000000000000000, 1.000000000000000000 ) ) ;
#758 = ORIENTED_EDGE ( 'NONE', *, *, #945, .T. ) ;
#759 = ORIENTED_EDGE ( 'NONE', *, *, #381, .T. ) ;
#760 = DIRECTION ( 'NONE',  ( -1.000000000000000000, -0.000000000000000000, -0.000000000000000000 ) ) ;
#761 = DIRECTION ( 'NONE',  ( 0.000000000000000000, 0.000000000000000000, -1.000000000000000000 ) ) ;
#762 = APPROVAL_STATUS ( 'not_yet_approved' ) ;
#763 = DIRECTION ( 'NONE',  ( 0.000000000000000000, 0.000000000000000000, 1.000000000000000000 ) ) ;
#764 = CARTESIAN_POINT ( 'NONE',  ( -3.991419910326839293, 44.27796985928514317, 0.7071118055806968616 ) ) ;
#765 = LINE ( 'NONE', #369, #195 ) ;
#766 = EDGE_CURVE ( 'NONE', #855, #466, #122, .T. ) ;
#767 = ORIENTED_EDGE ( 'NONE', *, *, #576, .F. ) ;
#768 = DIRECTION ( 'NONE',  ( -1.000000000000000000, 0.000000000000000000, 0.000000000000000000 ) ) ;
#769 = CARTESIAN_POINT ( 'NONE',  ( 6.609652033201145471, 43.99999999999999289, 2.304886114323216439 ) ) ;
#770 = CARTESIAN_POINT ( 'NONE',  ( 13.00000000000000000, 45.50000000000000000, -1.399999999999999911 ) ) ;
#771 = EDGE_CURVE ( 'NONE', #1105, #353, #339, .T. ) ;
#772 = DIRECTION ( 'NONE',  ( 0.000000000000000000, -0.000000000000000000, 1.000000000000000000 ) ) ;
#773 = ORIENTED_EDGE ( 'NONE', *, *, #1291, .F. ) ;
#774 = CARTESIAN_POINT ( 'NONE',  ( 3.100000000000000089, 48.00000000000000000, -2.399999999999999911 ) ) ;
#775 = CARTESIAN_POINT ( 'NONE',  ( 6.905613658466567273, 48.00000000000000000, -1.145643923738954628 ) ) ;
#776 = AXIS2_PLACEMENT_3D ( 'NONE', #40, #1171, #346 ) ;
#777 = CARTESIAN_POINT ( 'NONE',  ( 6.000000000000000000, 45.50000000000000000, 1.399999999999999911 ) ) ;
#778 = CIRCLE ( 'NONE', #199, 13.00000000000000000 ) ;
#779 = DIRECTION ( 'NONE',  ( 0.000000000000000000, 1.000000000000000000, 0.000000000000000000 ) ) ;
#780 = VERTEX_POINT ( 'NONE', #208 ) ;
#781 = CARTESIAN_POINT ( 'NONE',  ( -12.00000000000000000, 44.00000000000000711, 2.304886114323225321 ) ) ;
#782 = AXIS2_PLACEMENT_3D ( 'NONE', #131, #32, #761 ) ;
#783 = CARTESIAN_POINT ( 'NONE',  ( 12.00000000000000000, 45.50000000000000000, 0.000000000000000000 ) ) ;
#784 = EDGE_CURVE ( 'NONE', #1314, #13, #644, .T. ) ;
#785 = ORIENTED_EDGE ( 'NONE', *, *, #320, .T. ) ;
#786 = VERTEX_POINT ( 'NONE', #507 ) ;
#787 = CARTESIAN_POINT ( 'NONE',  ( 0.000000000000000000, 44.00000000000000711, 0.000000000000000000 ) ) ;
#788 = APPROVAL_PERSON_ORGANIZATION ( #1275, #587, #278 ) ;
#789 = EDGE_CURVE ( 'NONE', #739, #626, #892, .T. ) ;
#790 = EDGE_LOOP ( 'NONE', ( #1026, #89, #194, #125 ) ) ;
#791 = PLANE ( 'NONE',  #505 ) ;
#792 = CIRCLE ( 'NONE', #325, 2.424999999999999822 ) ;
#793 = CC_DESIGN_DATE_AND_TIME_ASSIGNMENT ( #1289, #1078, ( #850 ) ) ;
#794 = ORIENTED_EDGE ( 'NONE', *, *, #508, .T. ) ;
#795 = AXIS2_PLACEMENT_3D ( 'NONE', #515, #210, #799 ) ;
#796 = ORIENTED_EDGE ( 'NONE', *, *, #1193, .F. ) ;
#797 = EDGE_CURVE ( 'NONE', #805, #50, #1230, .T. ) ;
#798 = ORIENTED_EDGE ( 'NONE', *, *, #939, .F. ) ;
#799 = DIRECTION ( 'NONE',  ( 0.000000000000000000, 0.000000000000000000, -1.000000000000000000 ) ) ;
#800 = EDGE_LOOP ( 'NONE', ( #659, #998, #418, #276, #917, #665 ) ) ;
#801 = CARTESIAN_POINT ( 'NONE',  ( -6.000000000000000000, 45.50000000000000000, 0.000000000000000000 ) ) ;
#802 = ORIENTED_EDGE ( 'NONE', *, *, #914, .T. ) ;
#803 = EDGE_CURVE ( 'NONE', #113, #5, #614, .T. ) ;
#804 = CARTESIAN_POINT ( 'NONE',  ( 6.437196594791866566, 45.50000000000000000, 2.750000000000000000 ) ) ;
#805 = VERTEX_POINT ( 'NONE', #421 ) ;
#806 = DIRECTION ( 'NONE',  ( 1.000000000000000000, 0.000000000000000000, 0.000000000000000000 ) ) ;
#807 = ORIENTED_EDGE ( 'NONE', *, *, #978, .T. ) ;
#808 = CARTESIAN_POINT ( 'NONE',  ( 0.000000000000000000, 41.00000000000000000, -6.000000000000000000 ) ) ;
#809 = ORIENTED_EDGE ( 'NONE', *, *, #1101, .T. ) ;
#810 = EDGE_CURVE ( 'NONE', #1201, #1074, #963, .T. ) ;
#811 = FACE_OUTER_BOUND ( 'NONE', #800, .T. ) ;
#812 = AXIS2_PLACEMENT_3D ( 'NONE', #1210, #854, #159 ) ;
#813 = EDGE_LOOP ( 'NONE', ( #517, #1123, #80, #486 ) ) ;
#814 = CARTESIAN_POINT ( 'NONE',  ( -6.905613658466567273, 48.00000000000000000, 1.145643923738954628 ) ) ;
#815 = AXIS2_PLACEMENT_3D ( 'NONE', #1014, #1116, #419 ) ;
#816 = CARTESIAN_POINT ( 'NONE',  ( -6.437196594791866566, 45.50000000000000000, 2.750000000000000000 ) ) ;
#817 = ORIENTED_EDGE ( 'NONE', *, *, #716, .F. ) ;
#818 = CARTESIAN_POINT ( 'NONE',  ( 0.000000000000000000, 41.00000000000000000, 0.000000000000000000 ) ) ;
#819 = EDGE_CURVE ( 'NONE', #855, #1095, #70, .T. ) ;
#820 = ORIENTED_EDGE ( 'NONE', *, *, #314, .T. ) ;
#821 = DIRECTION ( 'NONE',  ( 0.000000000000000000, 0.000000000000000000, 1.000000000000000000 ) ) ;
#822 = DIRECTION ( 'NONE',  ( 0.000000000000000000, 0.000000000000000000, -1.000000000000000000 ) ) ;
#823 = EDGE_LOOP ( 'NONE', ( #202, #586, #1109, #885 ) ) ;
#824 = FACE_OUTER_BOUND ( 'NONE', #612, .T. ) ;
#825 =( GEOMETRIC_REPRESENTATION_CONTEXT ( 3 ) GLOBAL_UNCERTAINTY_ASSIGNED_CONTEXT ( ( #1199 ) ) GLOBAL_UNIT_ASSIGNED_CONTEXT ( ( #536, #436, #327 ) ) REPRESENTATION_CONTEXT ( 'NONE', 'WORKASPACE' ) );
#826 = VERTEX_POINT ( 'NONE', #979 ) ;
#827 = CARTESIAN_POINT ( 'NONE',  ( -6.000000000000000000, 45.50000000000000000, -1.399999999999999911 ) ) ;
#828 = CARTESIAN_POINT ( 'NONE',  ( 6.437196594791868343, 45.36682682189694304, -2.750000000000001332 ) ) ;
#829 = CARTESIAN_POINT ( 'NONE',  ( -6.437196594791866566, 45.50000000000000000, -2.750000000000000000 ) ) ;
#830 = ORIENTED_EDGE ( 'NONE', *, *, #1260, .F. ) ;
#831 = CARTESIAN_POINT ( 'NONE',  ( 6.000000000000000000, 45.50000000000000000, 0.000000000000000000 ) ) ;
#832 = AXIS2_PLACEMENT_3D ( 'NONE', #571, #747, #540 ) ;
#833 = CARTESIAN_POINT ( 'NONE',  ( 3.100000000000000089, 48.00000000000000000, 2.399999999999999911 ) ) ;
#834 = CARTESIAN_POINT ( 'NONE',  ( 0.000000000000000000, 39.79999999999999716, -1.199999999999999956 ) ) ;
#835 = EDGE_CURVE ( 'NONE', #1074, #609, #137, .T. ) ;
#836 = CARTESIAN_POINT ( 'NONE',  ( 3.100000000000000089, 48.00000000000000000, 2.399999999999999911 ) ) ;
#837 = CARTESIAN_POINT ( 'NONE',  ( -6.865723972125027608, 47.88981489486718601, -1.386087535514138436 ) ) ;
#838 = LINE ( 'NONE', #337, #897 ) ;
#839 = VECTOR ( 'NONE', #502, 1000.000000000000000 ) ;
#840 = CARTESIAN_POINT ( 'NONE',  ( -6.469576303269103157, 44.84128164293300500, 2.673249954226672997 ) ) ;
#841 = CARTESIAN_POINT ( 'NONE',  ( -6.000000000000000000, 45.50000000000000000, 0.000000000000000000 ) ) ;
#842 = FACE_BOUND ( 'NONE', #620, .T. ) ;
#843 = ADVANCED_FACE ( 'NONE', ( #49 ), #1278, .F. ) ;
#844 = FACE_OUTER_BOUND ( 'NONE', #1293, .T. ) ;
#845 = CARTESIAN_POINT ( 'NONE',  ( -4.034496699523681507, 44.14539613297234411, -0.3653262164749771501 ) ) ;
#846 = AXIS2_PLACEMENT_3D ( 'NONE', #385, #483, #1304 ) ;
#847 = ADVANCED_FACE ( 'NONE', ( #447, #672 ), #251, .T. ) ;
#848 = LINE ( 'NONE', #651, #1307 ) ;
#849 = LINE ( 'NONE', #942, #1195 ) ;
#850 = SECURITY_CLASSIFICATION ( '', '', #272 ) ;
#851 = CARTESIAN_POINT ( 'NONE',  ( -6.711302512696334155, 47.40077969347409237, -1.991566206993403920 ) ) ;
#852 = DIRECTION ( 'NONE',  ( 0.000000000000000000, 0.000000000000000000, -1.000000000000000000 ) ) ;
#853 = CARTESIAN_POINT ( 'NONE',  ( -3.814544139710976722, 45.13091877934228080, -1.362812412078476143 ) ) ;
#854 = DIRECTION ( 'NONE',  ( 0.000000000000000000, 1.000000000000000000, 0.000000000000000000 ) ) ;
#855 = VERTEX_POINT ( 'NONE', #1083 ) ;
#856 = DIRECTION ( 'NONE',  ( -0.000000000000000000, -1.000000000000000000, -0.000000000000000000 ) ) ;
#857 = FACE_OUTER_BOUND ( 'NONE', #936, .T. ) ;
#858 = VECTOR ( 'NONE', #1287, 1000.000000000000000 ) ;
#859 = DATE_AND_TIME ( #44, #684 ) ;
#860 = DIRECTION ( 'NONE',  ( 0.000000000000000000, 1.000000000000000000, 0.000000000000000000 ) ) ;
#861 = ADVANCED_FACE ( 'NONE', ( #1265, #1292 ), #694, .T. ) ;
#862 = CARTESIAN_POINT ( 'NONE',  ( -3.894408320703981019, 44.64595471261591086, 1.113044613903712898 ) ) ;
#863 = CARTESIAN_POINT ( 'NONE',  ( 0.000000000000000000, 48.00000000000000000, 0.000000000000000000 ) ) ;
#864 = ORIENTED_EDGE ( 'NONE', *, *, #745, .F. ) ;
#865 = CARTESIAN_POINT ( 'NONE',  ( 0.000000000000000000, 41.00000000000000000, 0.000000000000000000 ) ) ;
#866 = DIRECTION ( 'NONE',  ( -0.000000000000000000, -1.000000000000000000, -0.000000000000000000 ) ) ;
#867 = CARTESIAN_POINT ( 'NONE',  ( 6.583178390557679727, 46.88274523150815298, -2.380610386006558610 ) ) ;
#868 = FACE_OUTER_BOUND ( 'NONE', #319, .T. ) ;
#869 = VERTEX_POINT ( 'NONE', #1065 ) ;
#870 = DIRECTION ( 'NONE',  ( 0.000000000000000000, 0.000000000000000000, -1.000000000000000000 ) ) ;
#871 = CYLINDRICAL_SURFACE ( 'NONE', #342, 1.199999999999999956 ) ;
#872 = DIRECTION ( 'NONE',  ( 1.000000000000000000, -0.000000000000000000, 0.000000000000000000 ) ) ;
#873 = FACE_OUTER_BOUND ( 'NONE', #1112, .T. ) ;
#874 = ORIENTED_EDGE ( 'NONE', *, *, #292, .F. ) ;
#875 = LINE ( 'NONE', #565, #513 ) ;
#876 = ADVANCED_FACE ( 'NONE', ( #57 ), #465, .T. ) ;
#877 = CIRCLE ( 'NONE', #390, 2.750000000000000000 ) ;
#878 = CARTESIAN_POINT ( 'NONE',  ( 3.100000000000000089, 48.00000000000000000, 2.399999999999999911 ) ) ;
#879 = CIRCLE ( 'NONE', #1228, 1.199999999999999956 ) ;
#880 = ORIENTED_EDGE ( 'NONE', *, *, #939, .T. ) ;
#881 = CARTESIAN_POINT ( 'NONE',  ( -6.457433250572954364, 44.97259496171182747, -2.702218849626251806 ) ) ;
#882 = CIRCLE ( 'NONE', #946, 2.750000000000000000 ) ;
#883 = CARTESIAN_POINT ( 'NONE',  ( -6.437196594791866566, 45.50000000000000000, 2.750000000000000000 ) ) ;
#884 = ADVANCED_FACE ( 'NONE', ( #868 ), #31, .T. ) ;
#885 = ORIENTED_EDGE ( 'NONE', *, *, #624, .F. ) ;
#886 = EDGE_LOOP ( 'NONE', ( #458, #86, #501, #1196 ) ) ;
#887 = CC_DESIGN_PERSON_AND_ORGANIZATION_ASSIGNMENT ( #147, #1166, ( #34 ) ) ;
#888 = DIRECTION ( 'NONE',  ( 0.000000000000000000, 1.000000000000000000, 0.000000000000000000 ) ) ;
#889 = ORIENTED_EDGE ( 'NONE', *, *, #991, .T. ) ;
#890 = EDGE_LOOP ( 'NONE', ( #83, #864, #767, #658, #198 ) ) ;
#891 = CYLINDRICAL_SURFACE ( 'NONE', #392, 1.399999999999999911 ) ;
#892 = CIRCLE ( 'NONE', #1246, 4.049999999999999822 ) ;
#893 = ORIENTED_EDGE ( 'NONE', *, *, #33, .T. ) ;
#894 = CIRCLE ( 'NONE', #1308, 4.049999999999999822 ) ;
#895 = CYLINDRICAL_SURFACE ( 'NONE', #943, 7.000000000000000000 ) ;
#896 = EDGE_CURVE ( 'NONE', #1305, #1096, #765, .T. ) ;
#897 = VECTOR ( 'NONE', #1152, 1000.000000000000000 ) ;
#898 = ORIENTED_EDGE ( 'NONE', *, *, #79, .T. ) ;
#899 = LINE ( 'NONE', #1315, #839 ) ;
#900 = EDGE_LOOP ( 'NONE', ( #393, #708, #523, #802 ) ) ;
#901 = CARTESIAN_POINT ( 'NONE',  ( 0.000000000000000000, 48.00000000000000000, -7.000000000000000000 ) ) ;
#902 = VERTEX_POINT ( 'NONE', #245 ) ;
#903 = DIRECTION ( 'NONE',  ( 0.000000000000000000, 0.000000000000000000, 1.000000000000000000 ) ) ;
#904 = APPLICATION_CONTEXT ( 'configuration controlled 3d designs of mechanical parts and assemblies' ) ;
#905 = ORIENTED_EDGE ( 'NONE', *, *, #745, .T. ) ;
#906 = ADVANCED_BREP_SHAPE_REPRESENTATION ( 'ARM-003_Yaw_D_drive_collar', ( #1120, #909 ), #825 ) ;
#907 = AXIS2_PLACEMENT_3D ( 'NONE', #783, #682, #1079 ) ;
#908 = CARTESIAN_POINT ( 'NONE',  ( 6.000000000000000000, 48.00000000000000000, -1.145643923738954628 ) ) ;
#909 = AXIS2_PLACEMENT_3D ( 'NONE', #424, #1156, #441 ) ;
#910 = B_SPLINE_CURVE_WITH_KNOTS ( 'NONE', 3,
 ( #1290, #74, #264, #186, #469, #1094, #78, #374, #867, #1102, #480, #1300, #165, #1088 ),
 .UNSPECIFIED., .F., .F.,
 ( 4, 2, 2, 2, 2, 2, 4 ),
 ( 0.001592589179840812755, 0.001987557321475797844, 0.002382525463110783150, 0.002777493604745768022, 0.003172461746380752894, 0.003962398029650724372, 0.004752334312920695851 ),
 .UNSPECIFIED. ) ;
#911 = ORIENTED_EDGE ( 'NONE', *, *, #275, .T. ) ;
#912 = CARTESIAN_POINT ( 'NONE',  ( 0.000000000000000000, 48.00000000000000000, 0.000000000000000000 ) ) ;
#913 = CARTESIAN_POINT ( 'NONE',  ( 3.262284475639731340, 44.00000000000000000, -2.399999999999999911 ) ) ;
#914 = EDGE_CURVE ( 'NONE', #714, #1322, #1206, .T. ) ;
#915 = ORIENTED_EDGE ( 'NONE', *, *, #484, .T. ) ;
#916 = LINE ( 'NONE', #6, #671 ) ;
#917 = ORIENTED_EDGE ( 'NONE', *, *, #1313, .T. ) ;
#918 = DIRECTION ( 'NONE',  ( 0.000000000000000000, 0.000000000000000000, -1.000000000000000000 ) ) ;
#919 = VECTOR ( 'NONE', #114, 1000.000000000000000 ) ;
#920 = DIRECTION ( 'NONE',  ( -1.000000000000000000, 0.000000000000000000, 0.000000000000000000 ) ) ;
#921 = EDGE_CURVE ( 'NONE', #304, #902, #265, .T. ) ;
#922 = ORIENTED_EDGE ( 'NONE', *, *, #716, .T. ) ;
#923 = CARTESIAN_POINT ( 'NONE',  ( 3.100000000000000089, 48.00000000000000000, 2.399999999999999911 ) ) ;
#924 = ORIENTED_EDGE ( 'NONE', *, *, #561, .F. ) ;
#925 = CARTESIAN_POINT ( 'NONE',  ( 0.000000000000000000, 37.29999999999999716, -6.000000000000000000 ) ) ;
#926 = CARTESIAN_POINT ( 'NONE',  ( 0.000000000000000000, 40.99999999999999289, 0.000000000000000000 ) ) ;
#927 = CARTESIAN_POINT ( 'NONE',  ( 0.000000000000000000, 48.00000000000000000, 0.000000000000000000 ) ) ;
#928 = ORIENTED_EDGE ( 'NONE', *, *, #756, .F. ) ;
#929 = DIRECTION ( 'NONE',  ( 0.000000000000000000, 0.000000000000000000, 1.000000000000000000 ) ) ;
#930 = ADVANCED_FACE ( 'NONE', ( #873 ), #376, .F. ) ;
#931 = AXIS2_PLACEMENT_3D ( 'NONE', #833, #1050, #315 ) ;
#932 = EDGE_LOOP ( 'NONE', ( #1173, #121 ) ) ;
#933 = DIRECTION ( 'NONE',  ( 0.000000000000000000, 0.000000000000000000, 1.000000000000000000 ) ) ;
#934 = DIRECTION ( 'NONE',  ( 0.000000000000000000, 0.000000000000000000, -1.000000000000000000 ) ) ;
#935 = FACE_OUTER_BOUND ( 'NONE', #312, .T. ) ;
#936 = EDGE_LOOP ( 'NONE', ( #107, #236, #703, #1211 ) ) ;
#937 = CARTESIAN_POINT ( 'NONE',  ( 0.000000000000000000, 39.79999999999999716, 0.000000000000000000 ) ) ;
#938 = VECTOR ( 'NONE', #757, 1000.000000000000000 ) ;
#939 = EDGE_CURVE ( 'NONE', #227, #498, #1073, .T. ) ;
#940 = VERTEX_POINT ( 'NONE', #563 ) ;
#941 = CARTESIAN_POINT ( 'NONE',  ( 0.000000000000000000, 48.00000000000000000, 0.000000000000000000 ) ) ;
#942 = CARTESIAN_POINT ( 'NONE',  ( 0.000000000000000000, 40.99999999999999289, -1.199999999999999956 ) ) ;
#943 = AXIS2_PLACEMENT_3D ( 'NONE', #1330, #1227, #307 ) ;
#944 = DIRECTION ( 'NONE',  ( 0.000000000000000000, 1.000000000000000000, 0.000000000000000000 ) ) ;
#945 = EDGE_CURVE ( 'NONE', #1096, #503, #848, .T. ) ;
#946 = AXIS2_PLACEMENT_3D ( 'NONE', #999, #1011, #822 ) ;
#947 = LINE ( 'NONE', #143, #1248 ) ;
#948 = DIRECTION ( 'NONE',  ( 0.000000000000000000, -1.000000000000000000, 0.000000000000000000 ) ) ;
#949 = CARTESIAN_POINT ( 'NONE',  ( 6.437196594791866566, 45.50000000000000000, -2.750000000000000000 ) ) ;
#950 = FACE_OUTER_BOUND ( 'NONE', #1066, .T. ) ;
#951 = CARTESIAN_POINT ( 'NONE',  ( -3.991214964933072373, 46.72139938140387727, -0.7087310820685494006 ) ) ;
#952 = CARTESIAN_POINT ( 'NONE',  ( 0.000000000000000000, 44.00000000000000711, 0.000000000000000000 ) ) ;
#953 = AXIS2_PLACEMENT_3D ( 'NONE', #356, #623, #1032 ) ;
#954 = CARTESIAN_POINT ( 'NONE',  ( 3.100000000000000089, 44.00000000000000000, 2.399999999999999911 ) ) ;
#955 = CARTESIAN_POINT ( 'NONE',  ( -6.515639029735874388, 44.46111964486731694, -2.559900529058815266 ) ) ;
#956 = CARTESIAN_POINT ( 'NONE',  ( 3.262284475639731340, 44.00000000000000711, 2.399999999999999911 ) ) ;
#957 = COORDINATED_UNIVERSAL_TIME_OFFSET ( 6, 0, .BEHIND. ) ;
#958 = EDGE_CURVE ( 'NONE', #739, #13, #1057, .T. ) ;
#959 = CARTESIAN_POINT ( 'NONE',  ( -4.046777411657250134, 46.89075377069312367, -0.1850668103483180393 ) ) ;
#960 = CARTESIAN_POINT ( 'NONE',  ( -3.959430457382024482, 44.38195820102595945, 0.8619244333419661119 ) ) ;
#961 = APPLICATION_CONTEXT ( 'configuration controlled 3d designs of mechanical parts and assemblies' ) ;
#962 = CIRCLE ( 'NONE', #476, 1.399999999999999911 ) ;
#963 = LINE ( 'NONE', #266, #938 ) ;
#964 = ORIENTED_EDGE ( 'NONE', *, *, #1313, .F. ) ;
#965 = ORIENTED_EDGE ( 'NONE', *, *, #819, .F. ) ;
#966 = DIRECTION ( 'NONE',  ( 0.000000000000000000, 1.000000000000000000, 0.000000000000000000 ) ) ;
#967 = DIRECTION ( 'NONE',  ( 0.000000000000000000, -1.000000000000000000, 0.000000000000000000 ) ) ;
#968 = ADVANCED_FACE ( 'NONE', ( #597 ), #1124, .T. ) ;
#969 = VECTOR ( 'NONE', #497, 1000.000000000000000 ) ;
#970 = DATE_TIME_ROLE ( 'creation_date' ) ;
#971 = CIRCLE ( 'NONE', #479, 2.750000000000000000 ) ;
#972 = DIRECTION ( 'NONE',  ( 1.000000000000000000, -0.000000000000000000, -0.000000000000000000 ) ) ;
#973 = ORIENTED_EDGE ( 'NONE', *, *, #991, .F. ) ;
#974 = CARTESIAN_POINT ( 'NONE',  ( -6.000000000000000000, 44.00000000000000711, -2.304886114323225321 ) ) ;
#975 = CARTESIAN_POINT ( 'NONE',  ( 0.000000000000000000, 44.00000000000000711, 0.000000000000000000 ) ) ;
#976 = DATE_AND_TIME ( #248, #343 ) ;
#977 = CARTESIAN_POINT ( 'NONE',  ( 0.000000000000000000, 48.00000000000000000, 0.000000000000000000 ) ) ;
#978 = EDGE_CURVE ( 'NONE', #1200, #987, #778, .T. ) ;
#979 = CARTESIAN_POINT ( 'NONE',  ( -6.437196594791866566, 45.50000000000000000, -2.750000000000000000 ) ) ;
#980 = EDGE_LOOP ( 'NONE', ( #370, #51 ) ) ;
#981 = DIRECTION ( 'NONE',  ( -1.000000000000000000, 0.000000000000000000, 0.000000000000000000 ) ) ;
#982 = CARTESIAN_POINT ( 'NONE',  ( 3.262284475639731340, 48.00000000000000000, -2.399999999999999911 ) ) ;
#983 = SHAPE_DEFINITION_REPRESENTATION ( #1163, #906 ) ;
#984 = LOCAL_TIME ( 19, 8, 42.00000000000000000, #662 ) ;
#985 = FACE_BOUND ( 'NONE', #1007, .T. ) ;
#986 = EDGE_CURVE ( 'NONE', #1105, #425, #1054, .T. ) ;
#987 = VERTEX_POINT ( 'NONE', #106 ) ;
#988 = LINE ( 'NONE', #362, #1269 ) ;
#989 = VECTOR ( 'NONE', #457, 1000.000000000000000 ) ;
#990 = DIRECTION ( 'NONE',  ( 0.000000000000000000, 0.000000000000000000, -1.000000000000000000 ) ) ;
#991 = EDGE_CURVE ( 'NONE', #693, #626, #1234, .T. ) ;
#992 = VECTOR ( 'NONE', #229, 1000.000000000000000 ) ;
#993 = ORIENTED_EDGE ( 'NONE', *, *, #996, .T. ) ;
#994 = EDGE_LOOP ( 'NONE', ( #628, #1229, #874, #1041, #794, #1115, #759, #254 ) ) ;
#995 = CYLINDRICAL_SURFACE ( 'NONE', #1186, 2.750000000000000000 ) ;
#996 = EDGE_CURVE ( 'NONE', #780, #494, #1020, .T. ) ;
#997 = VERTEX_POINT ( 'NONE', #901 ) ;
#998 = ORIENTED_EDGE ( 'NONE', *, *, #606, .F. ) ;
#999 = CARTESIAN_POINT ( 'NONE',  ( 6.000000000000000000, 45.50000000000000000, 0.000000000000000000 ) ) ;
#1000 = AXIS2_PLACEMENT_3D ( 'NONE', #927, #341, #1053 ) ;
#1001 = EDGE_CURVE ( 'NONE', #997, #902, #504, .T. ) ;
#1002 = ORIENTED_EDGE ( 'NONE', *, *, #1035, .F. ) ;
#1003 = DIRECTION ( 'NONE',  ( 0.000000000000000000, -1.000000000000000000, 0.000000000000000000 ) ) ;
#1004 = ORIENTED_EDGE ( 'NONE', *, *, #156, .T. ) ;
#1005 = CARTESIAN_POINT ( 'NONE',  ( 6.441336450685496651, 45.76556840322476205, 2.740368212597223074 ) ) ;
#1006 = AXIS2_PLACEMENT_3D ( 'NONE', #64, #1180, #470 ) ;
#1007 = EDGE_LOOP ( 'NONE', ( #66, #588 ) ) ;
#1008 = CARTESIAN_POINT ( 'NONE',  ( -3.959474618286007441, 46.61816586882584801, 0.8616912089032081612 ) ) ;
#1009 = CIRCLE ( 'NONE', #413, 1.399999999999999911 ) ;
#1010 = ORIENTED_EDGE ( 'NONE', *, *, #1144, .T. ) ;
#1011 = DIRECTION ( 'NONE',  ( 1.000000000000000000, 0.000000000000000000, 0.000000000000000000 ) ) ;
#1012 = AXIS2_PLACEMENT_3D ( 'NONE', #340, #653, #934 ) ;
#1013 = ORIENTED_EDGE ( 'NONE', *, *, #914, .F. ) ;
#1014 = CARTESIAN_POINT ( 'NONE',  ( 6.000000000000000000, 45.50000000000000000, 0.000000000000000000 ) ) ;
#1015 = EDGE_CURVE ( 'NONE', #733, #76, #916, .T. ) ;
#1016 = EDGE_LOOP ( 'NONE', ( #1239, #915 ) ) ;
#1017 = CYLINDRICAL_SURFACE ( 'NONE', #1297, 6.000000000000000000 ) ;
#1018 = ORIENTED_EDGE ( 'NONE', *, *, #685, .T. ) ;
#1019 = VECTOR ( 'NONE', #18, 1000.000000000000000 ) ;
#1020 = LINE ( 'NONE', #313, #1250 ) ;
#1021 = LOCAL_TIME ( 19, 8, 42.00000000000000000, #54 ) ;
#1022 = ORIENTED_EDGE ( 'NONE', *, *, #235, .T. ) ;
#1023 = CARTESIAN_POINT ( 'NONE',  ( -12.00000000000000000, 44.00000000000000711, 0.000000000000000000 ) ) ;
#1024 = EDGE_CURVE ( 'NONE', #700, #50, #1118, .T. ) ;
#1025 = FACE_OUTER_BOUND ( 'NONE', #886, .T. ) ;
#1026 = ORIENTED_EDGE ( 'NONE', *, *, #88, .T. ) ;
#1027 = LINE ( 'NONE', #704, #919 ) ;
#1028 = AXIS2_PLACEMENT_3D ( 'NONE', #666, #460, #870 ) ;
#1029 = EDGE_CURVE ( 'NONE', #1310, #869, #1027, .T. ) ;
#1030 = EDGE_LOOP ( 'NONE', ( #482, #758, #905, #1214, #223, #721, #922, #1, #1286 ) ) ;
#1031 = CARTESIAN_POINT ( 'NONE',  ( 0.000000000000000000, 37.29999999999999716, 0.000000000000000000 ) ) ;
#1032 = DIRECTION ( 'NONE',  ( 0.000000000000000000, 0.000000000000000000, -1.000000000000000000 ) ) ;
#1033 = DIRECTION ( 'NONE',  ( 0.000000000000000000, 0.000000000000000000, -1.000000000000000000 ) ) ;
#1034 = EDGE_LOOP ( 'NONE', ( #1153, #583, #400, #395 ) ) ;
#1035 = EDGE_CURVE ( 'NONE', #1302, #353, #971, .T. ) ;
#1036 = CARTESIAN_POINT ( 'NONE',  ( -3.894587176917796434, 46.35486490310373853, -1.112423918877013085 ) ) ;
#1037 = VERTEX_POINT ( 'NONE', #1323 ) ;
#1038 = DIRECTION ( 'NONE',  ( -1.000000000000000000, -0.000000000000000000, -0.000000000000000000 ) ) ;
#1039 = CYLINDRICAL_SURFACE ( 'NONE', #1012, 4.049999999999999822 ) ;
#1040 = DIRECTION ( 'NONE',  ( 0.000000000000000000, 0.000000000000000000, 1.000000000000000000 ) ) ;
#1041 = ORIENTED_EDGE ( 'NONE', *, *, #178, .F. ) ;
#1042 = DIRECTION ( 'NONE',  ( 1.000000000000000000, -0.000000000000000000, -0.000000000000000000 ) ) ;
#1043 = ADVANCED_FACE ( 'NONE', ( #811 ), #895, .T. ) ;
#1044 = CARTESIAN_POINT ( 'NONE',  ( -6.609652033201143695, 44.00000000000000000, 2.304886114323220880 ) ) ;
#1045 = CARTESIAN_POINT ( 'NONE',  ( -6.518198274269424886, 46.53107725406510298, 2.552749073516589196 ) ) ;
#1046 = CARTESIAN_POINT ( 'NONE',  ( 6.609652033201145471, 43.99999999999999289, -2.304886114323216439 ) ) ;
#1047 = CARTESIAN_POINT ( 'NONE',  ( -6.457518781622470172, 46.02845067969364123, -2.702014877186277531 ) ) ;
#1048 = CARTESIAN_POINT ( 'NONE',  ( -3.959429117908626949, 46.61809073790031022, -0.8619911824152135527 ) ) ;
#1049 = AXIS2_PLACEMENT_3D ( 'NONE', #941, #434, #108 ) ;
#1050 = DIRECTION ( 'NONE',  ( 0.000000000000000000, 0.000000000000000000, -1.000000000000000000 ) ) ;
#1051 = CARTESIAN_POINT ( 'NONE',  ( 12.00000000000000000, 44.00000000000000711, 2.304886114323225321 ) ) ;
#1052 = CYLINDRICAL_SURFACE ( 'NONE', #1303, 2.750000000000000000 ) ;
#1053 = DIRECTION ( 'NONE',  ( 0.000000000000000000, 0.000000000000000000, -1.000000000000000000 ) ) ;
#1054 = CIRCLE ( 'NONE', #75, 2.750000000000000000 ) ;
#1055 = CARTESIAN_POINT ( 'NONE',  ( 0.000000000000000000, 41.00000000000000000, -6.000000000000000000 ) ) ;
#1056 = CARTESIAN_POINT ( 'NONE',  ( -3.803765204084398110, 45.31518149441843235, 1.390767854814223492 ) ) ;
#1057 = LINE ( 'NONE', #144, #723 ) ;
#1058 = EDGE_CURVE ( 'NONE', #940, #291, #23, .T. ) ;
#1059 = CARTESIAN_POINT ( 'NONE',  ( -6.000000000000000000, 45.50000000000000000, 1.399999999999999911 ) ) ;
#1060 = DIRECTION ( 'NONE',  ( 0.000000000000000000, 0.000000000000000000, 1.000000000000000000 ) ) ;
#1061 = DATE_AND_TIME ( #462, #984 ) ;
#1062 = LINE ( 'NONE', #1055, #992 ) ;
#1063 = CC_DESIGN_DATE_AND_TIME_ASSIGNMENT ( #859, #970, ( #610 ) ) ;
#1064 = CARTESIAN_POINT ( 'NONE',  ( -4.025522119538865518, 44.17205045720254475, -0.4528020449624717281 ) ) ;
#1065 = CARTESIAN_POINT ( 'NONE',  ( 6.000000000000000000, 45.50000000000000000, -2.750000000000000000 ) ) ;
#1066 = EDGE_LOOP ( 'NONE', ( #1181, #506, #1010, #510, #1129 ) ) ;
#1067 = ORIENTED_EDGE ( 'NONE', *, *, #396, .F. ) ;
#1068 = FACE_OUTER_BOUND ( 'NONE', #448, .T. ) ;
#1069 = DIRECTION ( 'NONE',  ( 0.000000000000000000, 1.000000000000000000, 0.000000000000000000 ) ) ;
#1070 = APPROVAL_DATE_TIME ( #1061, #142 ) ;
#1071 = DIRECTION ( 'NONE',  ( -1.000000000000000000, -0.000000000000000000, -0.000000000000000000 ) ) ;
#1072 = VECTOR ( 'NONE', #1257, 1000.000000000000000 ) ;
#1073 = LINE ( 'NONE', #664, #559 ) ;
#1074 = VERTEX_POINT ( 'NONE', #490 ) ;
#1075 = DIRECTION ( 'NONE',  ( 0.000000000000000000, 1.000000000000000000, 0.000000000000000000 ) ) ;
#1076 = CARTESIAN_POINT ( 'NONE',  ( 0.000000000000000000, 37.29999999999999716, -2.424999999999999822 ) ) ;
#1077 = CIRCLE ( 'NONE', #493, 1.199999999999999956 ) ;
#1078 = DATE_TIME_ROLE ( 'classification_date' ) ;
#1079 = DIRECTION ( 'NONE',  ( 0.000000000000000000, 0.000000000000000000, 1.000000000000000000 ) ) ;
#1080 = CIRCLE ( 'NONE', #782, 2.750000000000000000 ) ;
#1081 = VECTOR ( 'NONE', #1042, 1000.000000000000000 ) ;
#1082 = EDGE_CURVE ( 'NONE', #603, #1316, #379, .T. ) ;
#1083 = CARTESIAN_POINT ( 'NONE',  ( 0.000000000000000000, 39.80000000000000426, -2.424999999999999822 ) ) ;
#1084 = ORIENTED_EDGE ( 'NONE', *, *, #1125, .F. ) ;
#1085 = CARTESIAN_POINT ( 'NONE',  ( -6.469612034146805968, 44.84107285759884576, -2.673159329098455661 ) ) ;
#1086 = CARTESIAN_POINT ( 'NONE',  ( 12.00000000000000000, 45.50000000000000000, 0.000000000000000000 ) ) ;
#1087 = PERSON_AND_ORGANIZATION_ROLE ( 'creator' ) ;
#1088 = CARTESIAN_POINT ( 'NONE',  ( 6.905613658466567273, 48.00000000000000000, -1.145643923738954628 ) ) ;
#1089 = ADVANCED_FACE ( 'NONE', ( #824 ), #100, .F. ) ;
#1090 = ORIENTED_EDGE ( 'NONE', *, *, #1204, .F. ) ;
#1091 = DIRECTION ( 'NONE',  ( 0.000000000000000000, 0.000000000000000000, 1.000000000000000000 ) ) ;
#1092 = CIRCLE ( 'NONE', #442, 13.00000000000000000 ) ;
#1093 = PERSON_AND_ORGANIZATION ( #1157, #1263 ) ;
#1094 = CARTESIAN_POINT ( 'NONE',  ( 6.499561673978746512, 46.40684787571950665, -2.599483432554923201 ) ) ;
#1095 = VERTEX_POINT ( 'NONE', #1104 ) ;
#1096 = VERTEX_POINT ( 'NONE', #908 ) ;
#1097 = CARTESIAN_POINT ( 'NONE',  ( 6.000000000000000000, 45.50000000000000000, 0.000000000000000000 ) ) ;
#1098 = ORIENTED_EDGE ( 'NONE', *, *, #396, .T. ) ;
#1099 = AXIS2_PLACEMENT_3D ( 'NONE', #87, #300, #94 ) ;
#1100 = ORIENTED_EDGE ( 'NONE', *, *, #771, .T. ) ;
#1101 = EDGE_CURVE ( 'NONE', #805, #786, #365, .T. ) ;
#1102 = CARTESIAN_POINT ( 'NONE',  ( 6.656899193256566427, 47.20932544665775765, -2.169762028032470980 ) ) ;
#1103 = ORIENTED_EDGE ( 'NONE', *, *, #464, .F. ) ;
#1104 = CARTESIAN_POINT ( 'NONE',  ( 2.969768487932330991E-16, 39.80000000000000426, 2.424999999999999822 ) ) ;
#1105 = VERTEX_POINT ( 'NONE', #14 ) ;
#1106 = VERTEX_POINT ( 'NONE', #437 ) ;
#1107 = CARTESIAN_POINT ( 'NONE',  ( 6.457518781622471948, 46.02845067969364123, 2.702014877186277531 ) ) ;
#1108 = AXIS2_PLACEMENT_3D ( 'NONE', #19, #226, #1033 ) ;
#1109 = ORIENTED_EDGE ( 'NONE', *, *, #945, .F. ) ;
#1110 = B_SPLINE_CURVE_WITH_KNOTS ( 'NONE', 3,
 ( #1046, #10, #535, #435, #1155, #422, #828, #949 ),
 .UNSPECIFIED., .F., .F.,
 ( 4, 2, 2, 4 ),
 ( 0.000000000000000000, 0.0007962945899203968366, 0.001194441884880604850, 0.001592589179840812755 ),
 .UNSPECIFIED. ) ;
#1111 = CARTESIAN_POINT ( 'NONE',  ( -3.816739092249551213, 45.86475500275278705, 1.354757920451277187 ) ) ;
#1112 = EDGE_LOOP ( 'NONE', ( #924, #730, #481, #594 ) ) ;
#1113 = CARTESIAN_POINT ( 'NONE',  ( 0.000000000000000000, 41.00000000000000000, 0.000000000000000000 ) ) ;
#1114 = VECTOR ( 'NONE', #514, 1000.000000000000000 ) ;
#1115 = ORIENTED_EDGE ( 'NONE', *, *, #275, .F. ) ;
#1116 = DIRECTION ( 'NONE',  ( -1.000000000000000000, -0.000000000000000000, -0.000000000000000000 ) ) ;
#1117 = EDGE_CURVE ( 'NONE', #291, #714, #1062, .T. ) ;
#1118 = CIRCLE ( 'NONE', #305, 1.399999999999999911 ) ;
#1119 = ORIENTED_EDGE ( 'NONE', *, *, #134, .T. ) ;
#1120 = MANIFOLD_SOLID_BREP ( 'Crossbolt_axial_float_clearance_D2p8', #15 ) ;
#1121 = CARTESIAN_POINT ( 'NONE',  ( 13.00000000000000000, 45.50000000000000000, 0.000000000000000000 ) ) ;
#1122 = CIRCLE ( 'NONE', #605, 6.000000000000000000 ) ;
#1123 = ORIENTED_EDGE ( 'NONE', *, *, #235, .F. ) ;
#1124 = CYLINDRICAL_SURFACE ( 'NONE', #1099, 7.000000000000000000 ) ;
#1125 = EDGE_CURVE ( 'NONE', #498, #1037, #93, .T. ) ;
#1126 = ORIENTED_EDGE ( 'NONE', *, *, #110, .T. ) ;
#1127 = LINE ( 'NONE', #533, #1072 ) ;
#1128 = CARTESIAN_POINT ( 'NONE',  ( 6.000000000000000000, 45.50000000000000000, 0.000000000000000000 ) ) ;
#1129 = ORIENTED_EDGE ( 'NONE', *, *, #1319, .F. ) ;
#1130 = VECTOR ( 'NONE', #1252, 1000.000000000000000 ) ;
#1131 = ADVANCED_FACE ( 'NONE', ( #126 ), #634, .T. ) ;
#1132 = CARTESIAN_POINT ( 'NONE',  ( -6.000000000000000000, 45.50000000000000000, 0.000000000000000000 ) ) ;
#1133 = CARTESIAN_POINT ( 'NONE',  ( -6.559388157041597722, 44.22148448750301242, 2.449026308144500508 ) ) ;
#1134 = DIRECTION ( 'NONE',  ( 0.000000000000000000, 0.000000000000000000, 1.000000000000000000 ) ) ;
#1135 = FACE_OUTER_BOUND ( 'NONE', #383, .T. ) ;
#1136 = CARTESIAN_POINT ( 'NONE',  ( 0.000000000000000000, 41.00000000000000000, 0.000000000000000000 ) ) ;
#1137 = VERTEX_POINT ( 'NONE', #432 ) ;
#1138 = FACE_OUTER_BOUND ( 'NONE', #596, .T. ) ;
#1139 = AXIS2_PLACEMENT_3D ( 'NONE', #573, #371, #262 ) ;
#1140 = VERTEX_POINT ( 'NONE', #655 ) ;
#1141 = AXIS2_PLACEMENT_3D ( 'NONE', #321, #200, #604 ) ;
#1142 = CARTESIAN_POINT ( 'NONE',  ( 12.00000000000000000, 44.00000000000000711, -2.304886114323225321 ) ) ;
#1143 = CARTESIAN_POINT ( 'NONE',  ( -6.000000000000000000, 45.50000000000000000, 2.750000000000000000 ) ) ;
#1144 = EDGE_CURVE ( 'NONE', #902, #98, #136, .T. ) ;
#1145 = CARTESIAN_POINT ( 'NONE',  ( -6.558807803923946800, 46.77494786242812097, -2.450364605556971664 ) ) ;
#1146 = EDGE_LOOP ( 'NONE', ( #1084, #283, #485, #889, #253, #82 ) ) ;
#1147 = DIRECTION ( 'NONE',  ( 0.000000000000000000, 0.000000000000000000, -1.000000000000000000 ) ) ;
#1148 = ORIENTED_EDGE ( 'NONE', *, *, #737, .T. ) ;
#1149 = DIRECTION ( 'NONE',  ( -1.000000000000000000, 0.000000000000000000, 0.000000000000000000 ) ) ;
#1150 = LINE ( 'NONE', #43, #1019 ) ;
#1151 = CARTESIAN_POINT ( 'NONE',  ( -6.738409342686609627, 47.49379518522297872, -1.898468533991905183 ) ) ;
#1152 = DIRECTION ( 'NONE',  ( -1.000000000000000000, 0.000000000000000000, 0.000000000000000000 ) ) ;
#1153 = ORIENTED_EDGE ( 'NONE', *, *, #33, .F. ) ;
#1154 = DIRECTION ( 'NONE',  ( 0.000000000000000000, 0.000000000000000000, -1.000000000000000000 ) ) ;
#1155 = CARTESIAN_POINT ( 'NONE',  ( 6.457452281733363719, 44.97244101072307387, -2.702173177950148997 ) ) ;
#1156 = DIRECTION ( 'NONE',  ( 0.000000000000000000, 0.000000000000000000, 1.000000000000000000 ) ) ;
#1157 = PERSON ( 'UNSPECIFIED', 'UNSPECIFIED', 'UNSPECIFIED', ('UNSPECIFIED'), ('UNSPECIFIED'), ('UNSPECIFIED') ) ;
#1158 = CARTESIAN_POINT ( 'NONE',  ( -3.800328933131972953, 45.68373429656747220, -1.400000000000000133 ) ) ;
#1159 = EDGE_CURVE ( 'NONE', #717, #466, #270, .T. ) ;
#1160 = AXIS2_PLACEMENT_3D ( 'NONE', #1284, #657, #772 ) ;
#1161 = CARTESIAN_POINT ( 'NONE',  ( -4.036658990343310549, 44.13745070966901096, 0.3698975558524987273 ) ) ;
#1162 = CARTESIAN_POINT ( 'NONE',  ( -12.00000000000000000, 45.50000000000000000, 0.000000000000000000 ) ) ;
#1163 = PRODUCT_DEFINITION_SHAPE ( 'NONE', 'NONE',  #610 ) ;
#1164 = FACE_BOUND ( 'NONE', #215, .T. ) ;
#1165 = DIRECTION ( 'NONE',  ( 0.000000000000000000, -0.000000000000000000, 1.000000000000000000 ) ) ;
#1166 = PERSON_AND_ORGANIZATION_ROLE ( 'design_owner' ) ;
#1167 = VECTOR ( 'NONE', #397, 1000.000000000000000 ) ;
#1168 = DIRECTION ( 'NONE',  ( 0.000000000000000000, 0.000000000000000000, 1.000000000000000000 ) ) ;
#1169 = ADVANCED_FACE ( 'NONE', ( #844 ), #120, .F. ) ;
#1170 = CARTESIAN_POINT ( 'NONE',  ( -3.959763201181329961, 44.38067254193246924, -0.8605654573902696836 ) ) ;
#1171 = DIRECTION ( 'NONE',  ( 0.000000000000000000, 0.000000000000000000, 1.000000000000000000 ) ) ;
#1172 = VERTEX_POINT ( 'NONE', #531 ) ;
#1173 = ORIENTED_EDGE ( 'NONE', *, *, #1301, .T. ) ;
#1174 = DIRECTION ( 'NONE',  ( 0.000000000000000000, -0.000000000000000000, 1.000000000000000000 ) ) ;
#1175 = FACE_OUTER_BOUND ( 'NONE', #1245, .T. ) ;
#1176 = PERSON_AND_ORGANIZATION ( #1157, #1263 ) ;
#1177 = CARTESIAN_POINT ( 'NONE',  ( 0.000000000000000000, 44.00000000000000711, -13.00000000000000000 ) ) ;
#1178 = APPROVAL ( #762, 'UNSPECIFIED' ) ;
#1179 = CARTESIAN_POINT ( 'NONE',  ( -3.800328933131972509, 45.50000000000000000, 1.399999999999999911 ) ) ;
#1180 = DIRECTION ( 'NONE',  ( 0.000000000000000000, 1.000000000000000000, 0.000000000000000000 ) ) ;
#1181 = ORIENTED_EDGE ( 'NONE', *, *, #584, .F. ) ;
#1182 = PLANE ( 'NONE',  #1139 ) ;
#1183 = DIRECTION ( 'NONE',  ( 0.000000000000000000, 0.000000000000000000, -1.000000000000000000 ) ) ;
#1184 = EDGE_CURVE ( 'NONE', #332, #780, #1194, .T. ) ;
#1185 = DIRECTION ( 'NONE',  ( -1.000000000000000000, 0.000000000000000000, 0.000000000000000000 ) ) ;
#1186 = AXIS2_PLACEMENT_3D ( 'NONE', #273, #62, #1198 ) ;
#1187 = DIRECTION ( 'NONE',  ( 0.000000000000000000, 0.000000000000000000, -1.000000000000000000 ) ) ;
#1188 = EDGE_LOOP ( 'NONE', ( #220, #389 ) ) ;
#1189 = CARTESIAN_POINT ( 'NONE',  ( 0.000000000000000000, 44.00000000000000000, 0.000000000000000000 ) ) ;
#1190 = CARTESIAN_POINT ( 'NONE',  ( 0.000000000000000000, 44.00000000000000711, 0.000000000000000000 ) ) ;
#1191 = COORDINATED_UNIVERSAL_TIME_OFFSET ( 6, 0, .BEHIND. ) ;
#1192 = DIRECTION ( 'NONE',  ( 1.000000000000000000, 0.000000000000000000, 0.000000000000000000 ) ) ;
#1193 = EDGE_CURVE ( 'NONE', #724, #494, #879, .T. ) ;
#1194 = CIRCLE ( 'NONE', #754, 1.199999999999999956 ) ;
#1195 = VECTOR ( 'NONE', #742, 1000.000000000000000 ) ;
#1196 = ORIENTED_EDGE ( 'NONE', *, *, #896, .F. ) ;
#1197 = DIRECTION ( 'NONE',  ( 0.000000000000000000, 1.000000000000000000, 0.000000000000000000 ) ) ;
#1198 = DIRECTION ( 'NONE',  ( 0.000000000000000000, 0.000000000000000000, 1.000000000000000000 ) ) ;
#1199 = UNCERTAINTY_MEASURE_WITH_UNIT (LENGTH_MEASURE( 1.000000000000000082E-05 ), #536, 'distance_accuracy_value', 'NONE');
#1200 = VERTEX_POINT ( 'NONE', #722 ) ;
#1201 = VERTEX_POINT ( 'NONE', #1247 ) ;
#1202 = AXIS2_PLACEMENT_3D ( 'NONE', #1086, #53, #574 ) ;
#1203 = CARTESIAN_POINT ( 'NONE',  ( 0.000000000000000000, 48.00000000000000000, 0.000000000000000000 ) ) ;
#1204 = EDGE_CURVE ( 'NONE', #58, #353, #249, .T. ) ;
#1205 = ORIENTED_EDGE ( 'NONE', *, *, #1035, .T. ) ;
#1206 = CIRCLE ( 'NONE', #832, 6.000000000000000000 ) ;
#1207 = AXIS2_PLACEMENT_3D ( 'NONE', #1280, #175, #578 ) ;
#1208 = FACE_OUTER_BOUND ( 'NONE', #1306, .T. ) ;
#1209 = ORIENTED_EDGE ( 'NONE', *, *, #1301, .F. ) ;
#1210 = CARTESIAN_POINT ( 'NONE',  ( 0.000000000000000000, 39.80000000000000426, 0.000000000000000000 ) ) ;
#1211 = ORIENTED_EDGE ( 'NONE', *, *, #1117, .F. ) ;
#1212 = EDGE_LOOP ( 'NONE', ( #1220, #387 ) ) ;
#1213 = CARTESIAN_POINT ( 'NONE',  ( 6.711302512696335931, 47.40077969347409237, 1.991566206993405252 ) ) ;
#1214 = ORIENTED_EDGE ( 'NONE', *, *, #584, .T. ) ;
#1215 = CARTESIAN_POINT ( 'NONE',  ( -3.803764249674551401, 45.68485502651929409, 1.390770956782315437 ) ) ;
#1216 = ORIENTED_EDGE ( 'NONE', *, *, #598, .F. ) ;
#1217 = DIRECTION ( 'NONE',  ( 0.000000000000000000, 0.000000000000000000, 1.000000000000000000 ) ) ;
#1218 = ADVANCED_FACE ( 'NONE', ( #1138 ), #21, .F. ) ;
#1219 = AXIS2_PLACEMENT_3D ( 'NONE', #1238, #318, #632 ) ;
#1220 = ORIENTED_EDGE ( 'NONE', *, *, #1241, .T. ) ;
#1221 = DIRECTION ( 'NONE',  ( 0.000000000000000000, 1.000000000000000000, 0.000000000000000000 ) ) ;
#1222 = ORIENTED_EDGE ( 'NONE', *, *, #73, .T. ) ;
#1223 = CARTESIAN_POINT ( 'NONE',  ( 6.609652033201145471, 43.99999999999999289, -2.304886114323216439 ) ) ;
#1224 = CIRCLE ( 'NONE', #217, 6.000000000000000000 ) ;
#1225 = EDGE_CURVE ( 'NONE', #1316, #603, #1009, .T. ) ;
#1226 = ORIENTED_EDGE ( 'NONE', *, *, #697, .F. ) ;
#1227 = DIRECTION ( 'NONE',  ( -0.000000000000000000, -1.000000000000000000, -0.000000000000000000 ) ) ;
#1228 = AXIS2_PLACEMENT_3D ( 'NONE', #937, #753, #1168 ) ;
#1229 = ORIENTED_EDGE ( 'NONE', *, *, #1029, .T. ) ;
#1230 = LINE ( 'NONE', #310, #668 ) ;
#1231 = EDGE_CURVE ( 'NONE', #603, #92, #838, .T. ) ;
#1232 = LINE ( 'NONE', #293, #969 ) ;
#1233 = ORIENTED_EDGE ( 'NONE', *, *, #1184, .T. ) ;
#1234 = LINE ( 'NONE', #923, #1167 ) ;
#1235 = ORIENTED_EDGE ( 'NONE', *, *, #178, .T. ) ;
#1236 = CARTESIAN_POINT ( 'NONE',  ( 4.959819536546779614E-16, 48.00000000000000000, 4.049999999999999822 ) ) ;
#1237 = CARTESIAN_POINT ( 'NONE',  ( 6.658511140723014421, 47.20503742989175322, 2.161514923064316473 ) ) ;
#1238 = CARTESIAN_POINT ( 'NONE',  ( -6.000000000000000000, 45.50000000000000000, 0.000000000000000000 ) ) ;
#1239 = ORIENTED_EDGE ( 'NONE', *, *, #500, .T. ) ;
#1240 = DIRECTION ( 'NONE',  ( 0.000000000000000000, 0.000000000000000000, 1.000000000000000000 ) ) ;
#1241 = EDGE_CURVE ( 'NONE', #466, #717, #331, .T. ) ;
#1242 = ORIENTED_EDGE ( 'NONE', *, *, #1285, .T. ) ;
#1243 = CARTESIAN_POINT ( 'NONE',  ( -6.583178390557679727, 46.88274523150815298, 2.380610386006558610 ) ) ;
#1244 = FACE_OUTER_BOUND ( 'NONE', #790, .T. ) ;
#1245 = EDGE_LOOP ( 'NONE', ( #105, #192, #96, #1272, #880, #526, #160, #309 ) ) ;
#1246 = AXIS2_PLACEMENT_3D ( 'NONE', #912, #409, #1134 ) ;
#1247 = CARTESIAN_POINT ( 'NONE',  ( 3.100000000000000089, 44.00000000000000000, -2.399999999999999911 ) ) ;
#1248 = VECTOR ( 'NONE', #652, 1000.000000000000000 ) ;
#1249 = ORIENTED_EDGE ( 'NONE', *, *, #737, .F. ) ;
#1250 = VECTOR ( 'NONE', #1003, 1000.000000000000000 ) ;
#1251 = DIRECTION ( 'NONE',  ( 0.000000000000000000, 0.000000000000000000, -1.000000000000000000 ) ) ;
#1252 = DIRECTION ( 'NONE',  ( -0.000000000000000000, -0.000000000000000000, 1.000000000000000000 ) ) ;
#1253 = DIRECTION ( 'NONE',  ( 0.000000000000000000, 0.000000000000000000, 1.000000000000000000 ) ) ;
#1254 = VECTOR ( 'NONE', #410, 1000.000000000000000 ) ;
#1255 = CARTESIAN_POINT ( 'NONE',  ( -3.849963565819473743, 46.12183045336895049, -1.257635294818248095 ) ) ;
#1256 = VERTEX_POINT ( 'NONE', #1177 ) ;
#1257 = DIRECTION ( 'NONE',  ( -1.000000000000000000, 0.000000000000000000, 0.000000000000000000 ) ) ;
#1258 = LINE ( 'NONE', #956, #495 ) ;
#1259 = CARTESIAN_POINT ( 'NONE',  ( -6.441336450685494874, 45.76556840322475495, -2.740368212597222630 ) ) ;
#1260 = EDGE_CURVE ( 'NONE', #227, #1201, #258, .T. ) ;
#1261 = CARTESIAN_POINT ( 'NONE',  ( -4.034504347212437558, 46.85462687071893839, -0.3652831998816756243 ) ) ;
#1262 = CIRCLE ( 'NONE', #102, 7.000000000000000000 ) ;
#1263 = ORGANIZATION ( 'UNSPECIFIED', 'UNSPECIFIED', '' ) ;
#1264 = FACE_BOUND ( 'NONE', #119, .T. ) ;
#1265 = FACE_BOUND ( 'NONE', #980, .T. ) ;
#1266 = FACE_OUTER_BOUND ( 'NONE', #607, .T. ) ;
#1267 = CARTESIAN_POINT ( 'NONE',  ( 0.000000000000000000, 40.99999999999999289, 0.000000000000000000 ) ) ;
#1268 = ADVANCED_FACE ( 'NONE', ( #935 ), #139, .F. ) ;
#1269 = VECTOR ( 'NONE', #768, 1000.000000000000000 ) ;
#1270 = CARTESIAN_POINT ( 'NONE',  ( -3.894667332937988835, 44.64477961069176359, -1.112141664708514721 ) ) ;
#1271 = DIRECTION ( 'NONE',  ( 0.000000000000000000, 1.000000000000000000, 0.000000000000000000 ) ) ;
#1272 = ORIENTED_EDGE ( 'NONE', *, *, #191, .F. ) ;
#1273 = CARTESIAN_POINT ( 'NONE',  ( -6.000000000000000000, 44.00000000000000711, 2.304886114323225321 ) ) ;
#1274 = CYLINDRICAL_SURFACE ( 'NONE', #953, 6.000000000000000000 ) ;
#1275 = PERSON_AND_ORGANIZATION ( #1157, #1263 ) ;
#1276 = CARTESIAN_POINT ( 'NONE',  ( 0.000000000000000000, 39.80000000000000426, 0.000000000000000000 ) ) ;
#1277 = CARTESIAN_POINT ( 'NONE',  ( -3.864087123807964819, 44.79704446448365474, 1.214131451091667424 ) ) ;
#1278 = PLANE ( 'NONE',  #776 ) ;
#1279 = EDGE_LOOP ( 'NONE', ( #1233, #993, #796, #1067 ) ) ;
#1280 = CARTESIAN_POINT ( 'NONE',  ( 3.100000000000000533, 45.50000000000000000, 0.000000000000000000 ) ) ;
#1281 = CYLINDRICAL_SURFACE ( 'NONE', #1202, 2.750000000000000000 ) ;
#1282 = PERSON_AND_ORGANIZATION ( #1157, #1263 ) ;
#1283 = CARTESIAN_POINT ( 'NONE',  ( 3.262284475639731340, 48.00000000000000000, 2.399999999999999911 ) ) ;
#1284 = CARTESIAN_POINT ( 'NONE',  ( 0.000000000000000000, 41.00000000000000000, 0.000000000000000000 ) ) ;
#1285 = EDGE_CURVE ( 'NONE', #987, #1200, #601, .T. ) ;
#1286 = ORIENTED_EDGE ( 'NONE', *, *, #427, .T. ) ;
#1287 = DIRECTION ( 'NONE',  ( 1.000000000000000000, -0.000000000000000000, -0.000000000000000000 ) ) ;
#1288 = CARTESIAN_POINT ( 'NONE',  ( 3.100000000000000533, 45.50000000000000000, -1.399999999999999911 ) ) ;
#1289 = DATE_AND_TIME ( #164, #1021 ) ;
#1290 = CARTESIAN_POINT ( 'NONE',  ( 6.437196594791866566, 45.50000000000000000, -2.750000000000000000 ) ) ;
#1291 = EDGE_CURVE ( 'NONE', #425, #1302, #743, .T. ) ;
#1292 = FACE_OUTER_BOUND ( 'NONE', #589, .T. ) ;
#1293 = EDGE_LOOP ( 'NONE', ( #204, #898, #184, #384 ) ) ;
#1294 = CARTESIAN_POINT ( 'NONE',  ( 0.000000000000000000, 39.80000000000000426, 0.000000000000000000 ) ) ;
#1295 = CARTESIAN_POINT ( 'NONE',  ( 0.000000000000000000, 39.80000000000000426, 0.000000000000000000 ) ) ;
#1296 = AXIS2_PLACEMENT_3D ( 'NONE', #1136, #543, #4 ) ;
#1297 = AXIS2_PLACEMENT_3D ( 'NONE', #509, #197, #298 ) ;
#1298 = EDGE_LOOP ( 'NONE', ( #402, #686, #329, #405, #1209, #167, #412, #1249 ) ) ;
#1299 = CARTESIAN_POINT ( 'NONE',  ( 6.609652033201145471, 43.99999999999999289, 2.304886114323216439 ) ) ;
#1300 = CARTESIAN_POINT ( 'NONE',  ( 6.816091093722635996, 47.74666126132436972, -1.606738752447796958 ) ) ;
#1301 = EDGE_CURVE ( 'NONE', #113, #5, #367, .T. ) ;
#1302 = VERTEX_POINT ( 'NONE', #431 ) ;
#1303 = AXIS2_PLACEMENT_3D ( 'NONE', #631, #123, #1060 ) ;
#1304 = DIRECTION ( 'NONE',  ( 0.000000000000000000, 0.000000000000000000, 1.000000000000000000 ) ) ;
#1305 = VERTEX_POINT ( 'NONE', #211 ) ;
#1306 = EDGE_LOOP ( 'NONE', ( #1013, #1226 ) ) ;
#1307 = VECTOR ( 'NONE', #972, 1000.000000000000000 ) ;
#1308 = AXIS2_PLACEMENT_3D ( 'NONE', #277, #660, #168 ) ;
#1309 = DIRECTION ( 'NONE',  ( 0.000000000000000000, 0.000000000000000000, 1.000000000000000000 ) ) ;
#1310 = VERTEX_POINT ( 'NONE', #336 ) ;
#1311 = AXIS2_PLACEMENT_3D ( 'NONE', #452, #426, #627 ) ;
#1312 = CARTESIAN_POINT ( 'NONE',  ( -3.800328933131972953, 45.59328555049102505, 1.400000000000000133 ) ) ;
#1313 = EDGE_CURVE ( 'NONE', #261, #77, #613, .T. ) ;
#1314 = VERTEX_POINT ( 'NONE', #625 ) ;
#1315 = CARTESIAN_POINT ( 'NONE',  ( 0.000000000000000000, 44.00000000000000711, -4.049999999999999822 ) ) ;
#1316 = VERTEX_POINT ( 'NONE', #27 ) ;
#1317 = CARTESIAN_POINT ( 'NONE',  ( -3.862045012259066823, 46.20777261710634320, 1.221737618682939397 ) ) ;
#1318 = ORIENTED_EDGE ( 'NONE', *, *, #39, .F. ) ;
#1319 = EDGE_CURVE ( 'NONE', #58, #826, #566, .T. ) ;
#1320 = VECTOR ( 'NONE', #169, 1000.000000000000000 ) ;
#1321 = FACE_OUTER_BOUND ( 'NONE', #679, .T. ) ;
#1322 = VERTEX_POINT ( 'NONE', #516 ) ;
#1323 = CARTESIAN_POINT ( 'NONE',  ( 0.000000000000000000, 48.00000000000000000, -4.049999999999999822 ) ) ;
#1324 = CARTESIAN_POINT ( 'NONE',  ( -6.437196594791866566, 45.50000000000000000, 2.750000000000000000 ) ) ;
#1325 = CARTESIAN_POINT ( 'NONE',  ( -6.000000000000000000, 45.50000000000000000, 2.750000000000000000 ) ) ;
#1326 = DIRECTION ( 'NONE',  ( 1.000000000000000000, 0.000000000000000000, 0.000000000000000000 ) ) ;
#1327 = VECTOR ( 'NONE', #1149, 1000.000000000000000 ) ;
#1328 = ORIENTED_EDGE ( 'NONE', *, *, #803, .T. ) ;
#1329 = ADVANCED_FACE ( 'NONE', ( #950 ), #522, .T. ) ;
#1330 = CARTESIAN_POINT ( 'NONE',  ( 0.000000000000000000, 48.00000000000000000, 0.000000000000000000 ) ) ;
ENDSEC;
END-ISO-10303-21;
