ISO-10303-21;
HEADER;
FILE_DESCRIPTION (( 'STEP AP203' ),
    '1' );
FILE_NAME ('ARM-201_Upper_link_dual_MG996R.step',
    '2026-09-29T00:08:50',
    ( '' ),
    ( '' ),
    'SwSTEP 2.0',
    'SolidWorks 2026',
    '' );
FILE_SCHEMA (( 'CONFIG_CONTROL_DESIGN' ));
ENDSEC;

DATA;
#1 = ORIENTED_EDGE ( 'NONE', *, *, #17, .T. ) ;
#2 = CYLINDRICAL_SURFACE ( 'NONE', #234, 1.599999999999997202 ) ;
#3 = EDGE_CURVE ( 'NONE', #1602, #2227, #402, .T. ) ;
#4 = ORIENTED_EDGE ( 'NONE', *, *, #1007, .T. ) ;
#5 = CYLINDRICAL_SURFACE ( 'NONE', #990, 1.700000000000000178 ) ;
#6 = DIRECTION ( 'NONE',  ( -0.000000000000000000, -0.000000000000000000, 1.000000000000000000 ) ) ;
#7 = LINE ( 'NONE', #821, #965 ) ;
#8 = ORIENTED_EDGE ( 'NONE', *, *, #720, .T. ) ;
#9 = CIRCLE ( 'NONE', #2384, 7.000000000000000000 ) ;
#10 = DIRECTION ( 'NONE',  ( 0.000000000000000000, 0.000000000000000000, -1.000000000000000000 ) ) ;
#11 = CARTESIAN_POINT ( 'NONE',  ( 42.00000000000000000, 6.999999999999992895, 4.000000000000000000 ) ) ;
#12 = AXIS2_PLACEMENT_3D ( 'NONE', #1667, #1216, #811 ) ;
#13 = AXIS2_PLACEMENT_3D ( 'NONE', #789, #1617, #2433 ) ;
#14 = ADVANCED_FACE ( 'NONE', ( #1400 ), #1150, .T. ) ;
#15 = ORIENTED_EDGE ( 'NONE', *, *, #2428, .T. ) ;
#16 = DIRECTION ( 'NONE',  ( 0.000000000000000000, 0.000000000000000000, 1.000000000000000000 ) ) ;
#17 = EDGE_CURVE ( 'NONE', #1158, #1059, #167, .T. ) ;
#18 = VERTEX_POINT ( 'NONE', #528 ) ;
#19 = DIRECTION ( 'NONE',  ( -1.000000000000000000, 0.000000000000000000, 0.000000000000000000 ) ) ;
#20 = DIRECTION ( 'NONE',  ( -0.000000000000000000, -0.000000000000000000, -1.000000000000000000 ) ) ;
#21 = CARTESIAN_POINT ( 'NONE',  ( -7.000000000000000000, 0.000000000000000000, 4.000000000000000000 ) ) ;
#22 = VERTEX_POINT ( 'NONE', #1769 ) ;
#23 = DIRECTION ( 'NONE',  ( 0.000000000000000000, 0.000000000000000000, 1.000000000000000000 ) ) ;
#24 = DIRECTION ( 'NONE',  ( 0.000000000000000000, 0.000000000000000000, -1.000000000000000000 ) ) ;
#25 = LINE ( 'NONE', #2106, #753 ) ;
#26 = ORIENTED_EDGE ( 'NONE', *, *, #863, .F. ) ;
#27 = CARTESIAN_POINT ( 'NONE',  ( 0.000000000000000000, -9.000000000000000000, 8.000000000000000000 ) ) ;
#28 = EDGE_CURVE ( 'NONE', #1751, #2581, #2582, .T. ) ;
#29 = SECURITY_CLASSIFICATION_LEVEL ( 'unclassified' ) ;
#30 = EDGE_LOOP ( 'NONE', ( #2034, #2351, #1810, #2156, #2113, #506, #2259, #801, #1459, #2596, #2432, #2052, #2556, #2230, #1992, #2011, #1885, #2569, #190, #2367, #223, #2328, #1512 ) ) ;
#31 = EDGE_LOOP ( 'NONE', ( #758, #1244, #663, #1588 ) ) ;
#32 = ADVANCED_FACE ( 'NONE', ( #334 ), #1028, .T. ) ;
#33 = DIRECTION ( 'NONE',  ( 0.000000000000000000, 0.000000000000000000, -1.000000000000000000 ) ) ;
#34 = DIRECTION ( 'NONE',  ( 0.000000000000000000, -0.000000000000000000, 1.000000000000000000 ) ) ;
#35 = CARTESIAN_POINT ( 'NONE',  ( 0.000000000000000000, 9.000000000000000000, 8.000000000000000000 ) ) ;
#36 = EDGE_LOOP ( 'NONE', ( #1911, #1963, #1646, #2219 ) ) ;
#37 = DIRECTION ( 'NONE',  ( 0.000000000000000000, 0.000000000000000000, 1.000000000000000000 ) ) ;
#38 = CIRCLE ( 'NONE', #2371, 1.700000000000000178 ) ;
#39 = DIRECTION ( 'NONE',  ( 0.000000000000000000, 0.000000000000000000, 1.000000000000000000 ) ) ;
#40 = DIRECTION ( 'NONE',  ( -1.000000000000000000, 0.000000000000000000, 0.000000000000000000 ) ) ;
#41 = VECTOR ( 'NONE', #1976, 1000.000000000000000 ) ;
#42 = CIRCLE ( 'NONE', #2281, 3.499999999999999556 ) ;
#43 = ORIENTED_EDGE ( 'NONE', *, *, #2443, .T. ) ;
#44 = CARTESIAN_POINT ( 'NONE',  ( -3.500000000000000000, -9.000000000000000000, 8.000000000000000000 ) ) ;
#45 = AXIS2_PLACEMENT_3D ( 'NONE', #387, #2037, #1313 ) ;
#46 = COORDINATED_UNIVERSAL_TIME_OFFSET ( 6, 0, .BEHIND. ) ;
#47 = VERTEX_POINT ( 'NONE', #1264 ) ;
#48 = ORIENTED_EDGE ( 'NONE', *, *, #219, .F. ) ;
#49 = CARTESIAN_POINT ( 'NONE',  ( 0.000000000000000000, 0.000000000000000000, 4.000000000000000000 ) ) ;
#50 = CARTESIAN_POINT ( 'NONE',  ( -4.000000000000000000, 0.000000000000000000, 8.000000000000000000 ) ) ;
#51 = CYLINDRICAL_SURFACE ( 'NONE', #814, 3.500000000000000000 ) ;
#52 = PRODUCT_DEFINITION_SHAPE ( 'NONE', 'NONE',  #1670 ) ;
#53 = ORIENTED_EDGE ( 'NONE', *, *, #104, .T. ) ;
#54 = EDGE_CURVE ( 'NONE', #2613, #207, #2241, .T. ) ;
#55 = CIRCLE ( 'NONE', #958, 3.499999999999999556 ) ;
#56 = CARTESIAN_POINT ( 'NONE',  ( 39.58257569495583539, -7.000000000000000000, 4.000000000000000000 ) ) ;
#57 = DIRECTION ( 'NONE',  ( 0.000000000000000000, 0.000000000000000000, 1.000000000000000000 ) ) ;
#58 = CARTESIAN_POINT ( 'NONE',  ( 35.00000000000000000, -9.000000000000000000, 0.000000000000000000 ) ) ;
#59 = EDGE_CURVE ( 'NONE', #2554, #1390, #581, .T. ) ;
#60 = AXIS2_PLACEMENT_3D ( 'NONE', #2354, #1908, #1537 ) ;
#61 = EDGE_LOOP ( 'NONE', ( #1149, #1068, #546, #642 ) ) ;
#62 = CARTESIAN_POINT ( 'NONE',  ( 90.84900000000000375, -10.50000000000000000, 4.000000000000000000 ) ) ;
#63 = VECTOR ( 'NONE', #1543, 1000.000000000000000 ) ;
#64 = SHAPE_DEFINITION_REPRESENTATION ( #52, #772 ) ;
#65 = ORIENTED_EDGE ( 'NONE', *, *, #602, .F. ) ;
#66 = LINE ( 'NONE', #674, #2161 ) ;
#67 = CARTESIAN_POINT ( 'NONE',  ( -7.000000000000000000, 0.000000000000000000, 8.000000000000000000 ) ) ;
#68 = CYLINDRICAL_SURFACE ( 'NONE', #1126, 3.500000000000000000 ) ;
#69 = ORIENTED_EDGE ( 'NONE', *, *, #1221, .F. ) ;
#70 = LINE ( 'NONE', #1304, #1558 ) ;
#71 = DIRECTION ( 'NONE',  ( -0.000000000000000000, -0.000000000000000000, 1.000000000000000000 ) ) ;
#72 = CARTESIAN_POINT ( 'NONE',  ( 92.45000000000001705, 5.000000000000000000, 0.000000000000000000 ) ) ;
#73 = EDGE_CURVE ( 'NONE', #1296, #406, #500, .T. ) ;
#74 = ORIENTED_EDGE ( 'NONE', *, *, #1148, .T. ) ;
#75 = DIRECTION ( 'NONE',  ( -0.000000000000000000, -0.000000000000000000, -1.000000000000000000 ) ) ;
#76 = ORIENTED_EDGE ( 'NONE', *, *, #1498, .T. ) ;
#77 = EDGE_LOOP ( 'NONE', ( #2127, #527 ) ) ;
#78 = CARTESIAN_POINT ( 'NONE',  ( 27.00000000000000000, 3.000000000000000000, 0.000000000000000000 ) ) ;
#79 = CYLINDRICAL_SURFACE ( 'NONE', #1614, 3.500000000000000000 ) ;
#80 = CARTESIAN_POINT ( 'NONE',  ( 94.15000000000000568, -5.000000000000000000, 0.000000000000000000 ) ) ;
#81 = VERTEX_POINT ( 'NONE', #422 ) ;
#82 = CARTESIAN_POINT ( 'NONE',  ( 0.000000000000000000, 10.50000000000000000, 0.000000000000000000 ) ) ;
#83 = DIRECTION ( 'NONE',  ( 1.000000000000000000, 0.000000000000000000, 0.000000000000000000 ) ) ;
#84 = CARTESIAN_POINT ( 'NONE',  ( 30.00000000000000711, -9.000000000000000000, 0.000000000000000000 ) ) ;
#85 = AXIS2_PLACEMENT_3D ( 'NONE', #1735, #2304, #689 ) ;
#86 = ORIENTED_EDGE ( 'NONE', *, *, #585, .T. ) ;
#87 = AXIS2_PLACEMENT_3D ( 'NONE', #134, #1557, #1765 ) ;
#88 = ADVANCED_FACE ( 'NONE', ( #1857 ), #2, .F. ) ;
#89 = VECTOR ( 'NONE', #268, 1000.000000000000000 ) ;
#90 = ORIENTED_EDGE ( 'NONE', *, *, #1058, .T. ) ;
#91 = ORIENTED_EDGE ( 'NONE', *, *, #350, .F. ) ;
#92 = EDGE_CURVE ( 'NONE', #235, #293, #2084, .T. ) ;
#93 = ORGANIZATION ( 'UNSPECIFIED', 'UNSPECIFIED', '' ) ;
#94 = AXIS2_PLACEMENT_3D ( 'NONE', #806, #609, #1019 ) ;
#95 = CARTESIAN_POINT ( 'NONE',  ( 14.38749456993815734, 7.000000000000000000, 0.000000000000000000 ) ) ;
#96 = CARTESIAN_POINT ( 'NONE',  ( 3.354101966249685152, -8.000000000000000000, 8.000000000000000000 ) ) ;
#97 = CARTESIAN_POINT ( 'NONE',  ( -7.000000000000000000, 0.000000000000000000, 8.000000000000000000 ) ) ;
#98 = ORIENTED_EDGE ( 'NONE', *, *, #1692, .F. ) ;
#99 = CYLINDRICAL_SURFACE ( 'NONE', #172, 4.000000000000000000 ) ;
#100 = CARTESIAN_POINT ( 'NONE',  ( 0.000000000000000000, 0.000000000000000000, 4.000000000000000000 ) ) ;
#101 = CARTESIAN_POINT ( 'NONE',  ( 45.85000000000000142, -5.000000000000000000, 0.000000000000000000 ) ) ;
#102 = VERTEX_POINT ( 'NONE', #1412 ) ;
#103 = CIRCLE ( 'NONE', #621, 3.499999999999999556 ) ;
#104 = EDGE_CURVE ( 'NONE', #2581, #177, #2431, .T. ) ;
#105 = ORIENTED_EDGE ( 'NONE', *, *, #1822, .T. ) ;
#106 = AXIS2_PLACEMENT_3D ( 'NONE', #1937, #246, #2322 ) ;
#107 = ORIENTED_EDGE ( 'NONE', *, *, #651, .F. ) ;
#108 = DIRECTION ( 'NONE',  ( -1.000000000000000000, 0.000000000000000000, 0.000000000000000000 ) ) ;
#109 = EDGE_CURVE ( 'NONE', #1105, #147, #1273, .T. ) ;
#110 = AXIS2_PLACEMENT_3D ( 'NONE', #380, #2228, #1819 ) ;
#111 = CARTESIAN_POINT ( 'NONE',  ( 94.15000000000000568, 5.000000000000000000, 8.000000000000000000 ) ) ;
#112 = VERTEX_POINT ( 'NONE', #1843 ) ;
#113 = LINE ( 'NONE', #1141, #861 ) ;
#114 = DIRECTION ( 'NONE',  ( -0.000000000000000000, -0.000000000000000000, -1.000000000000000000 ) ) ;
#115 = CYLINDRICAL_SURFACE ( 'NONE', #2036, 1.700000000000000178 ) ;
#116 = VERTEX_POINT ( 'NONE', #2646 ) ;
#117 = ORIENTED_EDGE ( 'NONE', *, *, #92, .F. ) ;
#118 = DIRECTION ( 'NONE',  ( -1.000000000000000000, 0.000000000000000000, 0.000000000000000000 ) ) ;
#119 = CYLINDRICAL_SURFACE ( 'NONE', #343, 3.500000000000000000 ) ;
#120 = VERTEX_POINT ( 'NONE', #1219 ) ;
#121 = EDGE_CURVE ( 'NONE', #567, #22, #712, .T. ) ;
#122 = DIRECTION ( 'NONE',  ( -1.000000000000000000, 0.000000000000000000, 0.000000000000000000 ) ) ;
#123 = DIRECTION ( 'NONE',  ( -0.000000000000000000, -0.000000000000000000, 1.000000000000000000 ) ) ;
#124 = DIRECTION ( 'NONE',  ( -0.000000000000000000, -0.000000000000000000, -1.000000000000000000 ) ) ;
#125 = ADVANCED_FACE ( 'NONE', ( #2632 ), #1233, .T. ) ;
#126 = AXIS2_PLACEMENT_3D ( 'NONE', #1353, #941, #2173 ) ;
#127 = ORIENTED_EDGE ( 'NONE', *, *, #1659, .F. ) ;
#128 = ORIENTED_EDGE ( 'NONE', *, *, #469, .F. ) ;
#129 = AXIS2_PLACEMENT_3D ( 'NONE', #2091, #707, #2187 ) ;
#130 = DIRECTION ( 'NONE',  ( -1.000000000000000000, 0.000000000000000000, 0.000000000000000000 ) ) ;
#131 = DIRECTION ( 'NONE',  ( 0.000000000000000000, 0.000000000000000000, 1.000000000000000000 ) ) ;
#132 = AXIS2_PLACEMENT_3D ( 'NONE', #1268, #1047, #858 ) ;
#133 = ORIENTED_EDGE ( 'NONE', *, *, #54, .T. ) ;
#134 = CARTESIAN_POINT ( 'NONE',  ( 27.00000000000000000, -3.000000000000000000, 4.000000000000003553 ) ) ;
#135 = LINE ( 'NONE', #365, #2638 ) ;
#136 = CARTESIAN_POINT ( 'NONE',  ( 0.000000000000000000, 0.000000000000000000, 8.000000000000000000 ) ) ;
#137 = EDGE_CURVE ( 'NONE', #701, #2080, #180, .T. ) ;
#138 = EDGE_CURVE ( 'NONE', #441, #1307, #2445, .T. ) ;
#139 = AXIS2_PLACEMENT_3D ( 'NONE', #136, #2578, #957 ) ;
#140 = EDGE_LOOP ( 'NONE', ( #1859, #1232, #2474, #711 ) ) ;
#141 = ORIENTED_EDGE ( 'NONE', *, *, #1117, .T. ) ;
#142 = CIRCLE ( 'NONE', #321, 3.500000000000000000 ) ;
#143 = COORDINATED_UNIVERSAL_TIME_OFFSET ( 6, 0, .BEHIND. ) ;
#144 = CIRCLE ( 'NONE', #2344, 3.500000000000000444 ) ;
#145 = LINE ( 'NONE', #968, #1985 ) ;
#146 = AXIS2_PLACEMENT_3D ( 'NONE', #2590, #971, #1966 ) ;
#147 = VERTEX_POINT ( 'NONE', #394 ) ;
#148 = AXIS2_PLACEMENT_3D ( 'NONE', #199, #1020, #1623 ) ;
#149 = AXIS2_PLACEMENT_3D ( 'NONE', #802, #1205, #236 ) ;
#150 = CARTESIAN_POINT ( 'NONE',  ( 30.00000000000000711, -9.000000000000000000, 4.000000000000000000 ) ) ;
#151 = CARTESIAN_POINT ( 'NONE',  ( -3.388860427931489561, -6.125000000000000888, 8.000000000000000000 ) ) ;
#152 = LINE ( 'NONE', #1144, #2469 ) ;
#153 = ORIENTED_EDGE ( 'NONE', *, *, #1710, .T. ) ;
#154 = EDGE_CURVE ( 'NONE', #1751, #915, #1051, .T. ) ;
#155 = EDGE_CURVE ( 'NONE', #1095, #1085, #1184, .T. ) ;
#156 = ORIENTED_EDGE ( 'NONE', *, *, #1366, .T. ) ;
#157 = EDGE_LOOP ( 'NONE', ( #891, #1035, #424, #2394 ) ) ;
#158 = CALENDAR_DATE ( 2026, 28, 9 ) ;
#159 = DIRECTION ( 'NONE',  ( 0.000000000000000000, 1.000000000000000000, 0.000000000000000000 ) ) ;
#160 = ORIENTED_EDGE ( 'NONE', *, *, #304, .T. ) ;
#161 = CARTESIAN_POINT ( 'NONE',  ( 0.000000000000000000, 0.000000000000000000, 8.000000000000000000 ) ) ;
#162 = CARTESIAN_POINT ( 'NONE',  ( 90.00000000000000000, -15.00000000000000000, 0.000000000000000000 ) ) ;
#163 = DIRECTION ( 'NONE',  ( 1.000000000000000000, 0.000000000000000000, 0.000000000000000000 ) ) ;
#164 = ORIENTED_EDGE ( 'NONE', *, *, #1714, .T. ) ;
#165 = EDGE_CURVE ( 'NONE', #18, #1625, #2269, .T. ) ;
#166 = VERTEX_POINT ( 'NONE', #643 ) ;
#167 = LINE ( 'NONE', #989, #1488 ) ;
#168 = CIRCLE ( 'NONE', #2025, 7.000000000000000000 ) ;
#169 = DIRECTION ( 'NONE',  ( 0.000000000000000000, 0.000000000000000000, 1.000000000000000000 ) ) ;
#170 = ADVANCED_FACE ( 'NONE', ( #1466 ), #2283, .F. ) ;
#171 = EDGE_LOOP ( 'NONE', ( #1815, #690 ) ) ;
#172 = AXIS2_PLACEMENT_3D ( 'NONE', #2589, #519, #340 ) ;
#173 = DIRECTION ( 'NONE',  ( 0.000000000000000000, 0.000000000000000000, -1.000000000000000000 ) ) ;
#174 = CIRCLE ( 'NONE', #2546, 1.600000000000000755 ) ;
#175 = FACE_OUTER_BOUND ( 'NONE', #227, .T. ) ;
#176 = DIRECTION ( 'NONE',  ( -1.000000000000000000, 0.000000000000000000, 0.000000000000000000 ) ) ;
#177 = VERTEX_POINT ( 'NONE', #591 ) ;
#178 = FACE_OUTER_BOUND ( 'NONE', #1030, .T. ) ;
#179 = EDGE_LOOP ( 'NONE', ( #1001, #2375, #1826, #611 ) ) ;
#180 = LINE ( 'NONE', #1630, #1401 ) ;
#181 = EDGE_CURVE ( 'NONE', #1272, #1136, #967, .T. ) ;
#182 = CARTESIAN_POINT ( 'NONE',  ( 0.000000000000000000, 0.000000000000000000, 0.000000000000000000 ) ) ;
#183 = ORIENTED_EDGE ( 'NONE', *, *, #2511, .F. ) ;
#184 = CIRCLE ( 'NONE', #1613, 3.500000000000000000 ) ;
#185 = EDGE_CURVE ( 'NONE', #1158, #102, #2256, .T. ) ;
#186 = LINE ( 'NONE', #2220, #2583 ) ;
#187 = CIRCLE ( 'NONE', #1319, 1.700000000000000178 ) ;
#188 = CARTESIAN_POINT ( 'NONE',  ( 47.55000000000000426, -5.000000000000000000, 8.000000000000000000 ) ) ;
#189 = CARTESIAN_POINT ( 'NONE',  ( 0.000000000000000000, -9.000000000000000000, 4.000000000000000000 ) ) ;
#190 = ORIENTED_EDGE ( 'NONE', *, *, #1334, .F. ) ;
#191 = CIRCLE ( 'NONE', #106, 1.600000000000000755 ) ;
#192 = FACE_OUTER_BOUND ( 'NONE', #31, .T. ) ;
#193 = DIRECTION ( 'NONE',  ( 1.000000000000000000, 0.000000000000000000, 0.000000000000000000 ) ) ;
#194 = EDGE_LOOP ( 'NONE', ( #887, #2180 ) ) ;
#195 = DIRECTION ( 'NONE',  ( 0.000000000000000000, 0.000000000000000000, 1.000000000000000000 ) ) ;
#196 = ORIENTED_EDGE ( 'NONE', *, *, #2655, .F. ) ;
#197 = DIRECTION ( 'NONE',  ( -0.000000000000000000, -0.000000000000000000, -1.000000000000000000 ) ) ;
#198 = DIRECTION ( 'NONE',  ( -1.000000000000000000, 0.000000000000000000, 0.000000000000000000 ) ) ;
#199 = CARTESIAN_POINT ( 'NONE',  ( 0.000000000000000000, -7.000000000000000000, 4.000000000000000000 ) ) ;
#200 = ORIENTED_EDGE ( 'NONE', *, *, #1021, .T. ) ;
#201 = EDGE_CURVE ( 'NONE', #670, #1044, #2470, .T. ) ;
#202 = DIRECTION ( 'NONE',  ( -1.000000000000000000, 0.000000000000000000, 0.000000000000000000 ) ) ;
#203 = DIRECTION ( 'NONE',  ( 0.000000000000000000, -0.000000000000000000, -1.000000000000000000 ) ) ;
#204 = EDGE_CURVE ( 'NONE', #2534, #1768, #184, .T. ) ;
#205 = ORIENTED_EDGE ( 'NONE', *, *, #1883, .F. ) ;
#206 = DIRECTION ( 'NONE',  ( 1.000000000000000000, 0.000000000000000000, 0.000000000000000000 ) ) ;
#207 = VERTEX_POINT ( 'NONE', #2143 ) ;
#208 = AXIS2_PLACEMENT_3D ( 'NONE', #2551, #493, #275 ) ;
#209 = CARTESIAN_POINT ( 'NONE',  ( -3.354101966249684263, -8.000000000000000000, 8.000000000000000000 ) ) ;
#210 = CARTESIAN_POINT ( 'NONE',  ( 45.85000000000000142, -5.000000000000000000, 8.000000000000000000 ) ) ;
#211 = DIRECTION ( 'NONE',  ( 1.000000000000000000, 0.000000000000000000, 0.000000000000000000 ) ) ;
#212 = CIRCLE ( 'NONE', #1732, 7.000000000000000000 ) ;
#213 = VERTEX_POINT ( 'NONE', #62 ) ;
#214 = AXIS2_PLACEMENT_3D ( 'NONE', #2049, #197, #1018 ) ;
#215 = ADVANCED_FACE ( 'NONE', ( #1069 ), #1106, .F. ) ;
#216 = CARTESIAN_POINT ( 'NONE',  ( 0.000000000000000000, 7.000000000000000000, 4.000000000000000000 ) ) ;
#217 = LINE ( 'NONE', #2266, #710 ) ;
#218 = LOCAL_TIME ( 19, 8, 50.00000000000000000, #1844 ) ;
#219 = EDGE_CURVE ( 'NONE', #1193, #729, #264, .T. ) ;
#220 = ORIENTED_EDGE ( 'NONE', *, *, #1294, .T. ) ;
#221 = CARTESIAN_POINT ( 'NONE',  ( -1.699999999999999956, 9.000000000000000000, 8.000000000000000000 ) ) ;
#222 = CALENDAR_DATE ( 2026, 28, 9 ) ;
#223 = ORIENTED_EDGE ( 'NONE', *, *, #669, .F. ) ;
#224 = CARTESIAN_POINT ( 'NONE',  ( 6.124999999999999112, -3.388860427931489561, 4.000000000000000000 ) ) ;
#225 = FACE_OUTER_BOUND ( 'NONE', #2018, .T. ) ;
#226 = DIRECTION ( 'NONE',  ( -1.000000000000000000, 0.000000000000000000, 0.000000000000000000 ) ) ;
#227 = EDGE_LOOP ( 'NONE', ( #48, #2056, #417, #1302 ) ) ;
#228 = AXIS2_PLACEMENT_3D ( 'NONE', #2466, #10, #2041 ) ;
#229 = CARTESIAN_POINT ( 'NONE',  ( 92.45000000000001705, 5.000000000000000000, 4.000000000000000000 ) ) ;
#230 = CYLINDRICAL_SURFACE ( 'NONE', #1788, 1.700000000000000178 ) ;
#231 = CARTESIAN_POINT ( 'NONE',  ( 42.00000000000000000, 15.00000000000000000, 4.000000000000000000 ) ) ;
#232 = AXIS2_PLACEMENT_3D ( 'NONE', #2667, #824, #1652 ) ;
#233 = EDGE_CURVE ( 'NONE', #177, #279, #142, .T. ) ;
#234 = AXIS2_PLACEMENT_3D ( 'NONE', #1438, #440, #1246 ) ;
#235 = VERTEX_POINT ( 'NONE', #482 ) ;
#236 = DIRECTION ( 'NONE',  ( -1.000000000000000000, 0.000000000000000000, 0.000000000000000000 ) ) ;
#237 = EDGE_CURVE ( 'NONE', #2168, #1059, #853, .T. ) ;
#238 = VERTEX_POINT ( 'NONE', #1683 ) ;
#239 = ORIENTED_EDGE ( 'NONE', *, *, #2016, .F. ) ;
#240 = LINE ( 'NONE', #2302, #2330 ) ;
#241 = LINE ( 'NONE', #717, #63 ) ;
#242 = CARTESIAN_POINT ( 'NONE',  ( -9.000000000000000000, 0.000000000000000000, 0.000000000000000000 ) ) ;
#243 = ORIENTED_EDGE ( 'NONE', *, *, #1410, .F. ) ;
#244 = LINE ( 'NONE', #477, #430 ) ;
#245 = DIRECTION ( 'NONE',  ( 1.000000000000000000, 0.000000000000000000, 0.000000000000000000 ) ) ;
#246 = DIRECTION ( 'NONE',  ( -0.000000000000000000, -0.000000000000000000, 1.000000000000000000 ) ) ;
#247 = VERTEX_POINT ( 'NONE', #1325 ) ;
#248 = DIRECTION ( 'NONE',  ( -0.000000000000000000, -0.000000000000000000, 1.000000000000000000 ) ) ;
#249 = APPROVAL_STATUS ( 'not_yet_approved' ) ;
#250 = EDGE_CURVE ( 'NONE', #1390, #2190, #1086, .T. ) ;
#251 = EDGE_LOOP ( 'NONE', ( #1147, #1942, #1341, #738 ) ) ;
#252 = ORIENTED_EDGE ( 'NONE', *, *, #749, .T. ) ;
#253 = CYLINDRICAL_SURFACE ( 'NONE', #1900, 16.00000000000000000 ) ;
#254 = EDGE_CURVE ( 'NONE', #2223, #147, #2515, .T. ) ;
#255 = PLANE ( 'NONE',  #1181 ) ;
#256 = DIRECTION ( 'NONE',  ( 0.000000000000000000, 0.000000000000000000, 1.000000000000000000 ) ) ;
#257 = ORIENTED_EDGE ( 'NONE', *, *, #201, .T. ) ;
#258 = FACE_OUTER_BOUND ( 'NONE', #2617, .T. ) ;
#259 = AXIS2_PLACEMENT_3D ( 'NONE', #35, #286, #1077 ) ;
#260 = DIRECTION ( 'NONE',  ( 0.000000000000000000, 0.000000000000000000, 1.000000000000000000 ) ) ;
#261 = CARTESIAN_POINT ( 'NONE',  ( 90.84900000000000375, -10.50000000000000000, 8.000000000000000000 ) ) ;
#262 = AXIS2_PLACEMENT_3D ( 'NONE', #2012, #1445, #2448 ) ;
#263 = ORIENTED_EDGE ( 'NONE', *, *, #335, .T. ) ;
#264 = LINE ( 'NONE', #698, #2424 ) ;
#265 = CALENDAR_DATE ( 2026, 28, 9 ) ;
#266 = ORIENTED_EDGE ( 'NONE', *, *, #1455, .T. ) ;
#267 = VERTEX_POINT ( 'NONE', #1928 ) ;
#268 = DIRECTION ( 'NONE',  ( 0.000000000000000000, 0.000000000000000000, 1.000000000000000000 ) ) ;
#269 = CYLINDRICAL_SURFACE ( 'NONE', #1251, 3.500000000000000000 ) ;
#270 = DIRECTION ( 'NONE',  ( 1.000000000000000000, 0.000000000000000000, 0.000000000000000000 ) ) ;
#271 = VERTEX_POINT ( 'NONE', #1119 ) ;
#272 = EDGE_CURVE ( 'NONE', #2534, #886, #499, .T. ) ;
#273 = LOCAL_TIME ( 19, 8, 50.00000000000000000, #46 ) ;
#274 = CIRCLE ( 'NONE', #1785, 1.599999999999997202 ) ;
#275 = DIRECTION ( 'NONE',  ( -1.000000000000000000, 0.000000000000000000, 0.000000000000000000 ) ) ;
#276 = DIRECTION ( 'NONE',  ( 0.000000000000000000, 0.000000000000000000, 1.000000000000000000 ) ) ;
#277 = DIRECTION ( 'NONE',  ( 0.000000000000000000, 1.000000000000000000, 0.000000000000000000 ) ) ;
#278 = CIRCLE ( 'NONE', #146, 3.500000000000000000 ) ;
#279 = VERTEX_POINT ( 'NONE', #2541 ) ;
#280 = CARTESIAN_POINT ( 'NONE',  ( 51.79795897113271508, 4.999999999999999112, 4.000000000000000000 ) ) ;
#281 = VECTOR ( 'NONE', #796, 1000.000000000000000 ) ;
#282 = ORIENTED_EDGE ( 'NONE', *, *, #1396, .T. ) ;
#283 = ORIENTED_EDGE ( 'NONE', *, *, #1710, .F. ) ;
#284 = CARTESIAN_POINT ( 'NONE',  ( 0.000000000000000000, -7.000000000000000000, 4.000000000000000000 ) ) ;
#285 = LINE ( 'NONE', #2349, #2361 ) ;
#286 = DIRECTION ( 'NONE',  ( 0.000000000000000000, 0.000000000000000000, -1.000000000000000000 ) ) ;
#287 = ORIENTED_EDGE ( 'NONE', *, *, #254, .F. ) ;
#288 = DIRECTION ( 'NONE',  ( -1.000000000000000000, 0.000000000000000000, 0.000000000000000000 ) ) ;
#289 = CARTESIAN_POINT ( 'NONE',  ( 95.85000000000000853, 5.000000000000000000, 4.000000000000000000 ) ) ;
#290 = DIRECTION ( 'NONE',  ( 1.000000000000000000, 0.000000000000000000, 0.000000000000000000 ) ) ;
#291 = EDGE_CURVE ( 'NONE', #2452, #2107, #1532, .T. ) ;
#292 = EDGE_CURVE ( 'NONE', #1407, #1496, #1057, .T. ) ;
#293 = VERTEX_POINT ( 'NONE', #657 ) ;
#294 = CARTESIAN_POINT ( 'NONE',  ( 35.00000000000000000, -9.000000000000000000, 0.000000000000000000 ) ) ;
#295 = ORIENTED_EDGE ( 'NONE', *, *, #2559, .T. ) ;
#296 = ORIENTED_EDGE ( 'NONE', *, *, #292, .F. ) ;
#297 = CARTESIAN_POINT ( 'NONE',  ( 27.00000000000000000, 3.000000000000000000, 4.000000000000003553 ) ) ;
#298 = DIRECTION ( 'NONE',  ( -1.000000000000000000, 0.000000000000000000, 0.000000000000000000 ) ) ;
#299 = FACE_BOUND ( 'NONE', #2185, .T. ) ;
#300 = ORIENTED_EDGE ( 'NONE', *, *, #959, .F. ) ;
#301 = DIRECTION ( 'NONE',  ( -0.000000000000000000, -0.000000000000000000, -1.000000000000000000 ) ) ;
#302 = DIRECTION ( 'NONE',  ( -0.000000000000000000, -0.000000000000000000, -1.000000000000000000 ) ) ;
#303 = DIRECTION ( 'NONE',  ( -1.000000000000000000, 0.000000000000000000, 0.000000000000000000 ) ) ;
#304 = EDGE_CURVE ( 'NONE', #531, #2190, #537, .T. ) ;
#305 = AXIS2_PLACEMENT_3D ( 'NONE', #1255, #1286, #460 ) ;
#306 = ORIENTED_EDGE ( 'NONE', *, *, #2141, .F. ) ;
#307 = CIRCLE ( 'NONE', #1301, 4.999999999999997335 ) ;
#308 = ADVANCED_FACE ( 'NONE', ( #612 ), #2265, .F. ) ;
#309 = ORIENTED_EDGE ( 'NONE', *, *, #2528, .T. ) ;
#310 = ORIENTED_EDGE ( 'NONE', *, *, #154, .T. ) ;
#311 = VECTOR ( 'NONE', #404, 1000.000000000000000 ) ;
#312 = CARTESIAN_POINT ( 'NONE',  ( -16.00000000000000000, 0.000000000000000000, 0.000000000000000000 ) ) ;
#313 = DIRECTION ( 'NONE',  ( -1.000000000000000000, 0.000000000000000000, 0.000000000000000000 ) ) ;
#314 = VERTEX_POINT ( 'NONE', #419 ) ;
#315 = CARTESIAN_POINT ( 'NONE',  ( 94.15000000000000568, -5.000000000000000000, 8.000000000000000000 ) ) ;
#316 = DIRECTION ( 'NONE',  ( 0.000000000000000000, 0.000000000000000000, 1.000000000000000000 ) ) ;
#317 = CARTESIAN_POINT ( 'NONE',  ( 25.39999999999999858, 3.000000000000000000, 4.000000000000003553 ) ) ;
#318 = APPROVAL_PERSON_ORGANIZATION ( #1293, #943, #1070 ) ;
#319 = CC_DESIGN_PERSON_AND_ORGANIZATION_ASSIGNMENT ( #2499, #1234, ( #1995 ) ) ;
#320 = EDGE_LOOP ( 'NONE', ( #1629, #2530, #2329, #1386 ) ) ;
#321 = AXIS2_PLACEMENT_3D ( 'NONE', #869, #2527, #1510 ) ;
#322 = CIRCLE ( 'NONE', #2513, 1.599999999999997202 ) ;
#323 = EDGE_CURVE ( 'NONE', #2544, #2502, #1750, .T. ) ;
#324 = ORIENTED_EDGE ( 'NONE', *, *, #121, .F. ) ;
#325 = AXIS2_PLACEMENT_3D ( 'NONE', #1892, #2338, #40 ) ;
#326 = CARTESIAN_POINT ( 'NONE',  ( 0.000000000000000000, 9.000000000000000000, 8.000000000000000000 ) ) ;
#327 = CARTESIAN_POINT ( 'NONE',  ( 35.00000000000000000, 9.000000000000000000, 4.000000000000000000 ) ) ;
#328 = FACE_OUTER_BOUND ( 'NONE', #1604, .T. ) ;
#329 = VERTEX_POINT ( 'NONE', #1651 ) ;
#330 = CARTESIAN_POINT ( 'NONE',  ( 7.000000000000000000, 0.000000000000000000, 4.000000000000000000 ) ) ;
#331 = DIRECTION ( 'NONE',  ( 1.000000000000000000, 0.000000000000000000, 0.000000000000000000 ) ) ;
#332 = DIRECTION ( 'NONE',  ( -1.000000000000000000, 0.000000000000000000, 0.000000000000000000 ) ) ;
#333 = EDGE_LOOP ( 'NONE', ( #2309, #2284, #1464, #466, #1186, #1125, #156, #2370, #2360, #2007, #1564, #920, #2570, #1877, #310, #2529, #349, #452, #1278, #86, #1121, #1742, #1939 ) ) ;
#334 = FACE_OUTER_BOUND ( 'NONE', #372, .T. ) ;
#335 = EDGE_CURVE ( 'NONE', #2356, #1363, #1356, .T. ) ;
#336 = CARTESIAN_POINT ( 'NONE',  ( 9.000000000000000000, 0.000000000000000000, 8.000000000000000000 ) ) ;
#337 = DIRECTION ( 'NONE',  ( -0.000000000000000000, -0.000000000000000000, 1.000000000000000000 ) ) ;
#338 = ORIENTED_EDGE ( 'NONE', *, *, #2048, .T. ) ;
#339 = EDGE_CURVE ( 'NONE', #2190, #531, #2512, .T. ) ;
#340 = DIRECTION ( 'NONE',  ( -1.000000000000000000, 0.000000000000000000, 0.000000000000000000 ) ) ;
#341 = CARTESIAN_POINT ( 'NONE',  ( 42.00000000000000000, 15.00000000000000000, 0.000000000000000000 ) ) ;
#342 = FACE_BOUND ( 'NONE', #1050, .T. ) ;
#343 = AXIS2_PLACEMENT_3D ( 'NONE', #1771, #2350, #2585 ) ;
#344 = ORIENTED_EDGE ( 'NONE', *, *, #1854, .T. ) ;
#345 = ORIENTED_EDGE ( 'NONE', *, *, #574, .F. ) ;
#346 = AXIS2_PLACEMENT_3D ( 'NONE', #1801, #1950, #122 ) ;
#347 = DIRECTION ( 'NONE',  ( 1.000000000000000000, 0.000000000000000000, 0.000000000000000000 ) ) ;
#348 = FACE_BOUND ( 'NONE', #2162, .T. ) ;
#349 = ORIENTED_EDGE ( 'NONE', *, *, #1728, .T. ) ;
#350 = EDGE_CURVE ( 'NONE', #483, #2340, #1053, .T. ) ;
#351 = CIRCLE ( 'NONE', #1036, 3.500000000000000000 ) ;
#352 = DIRECTION ( 'NONE',  ( -0.000000000000000000, -0.000000000000000000, -1.000000000000000000 ) ) ;
#353 = DIRECTION ( 'NONE',  ( 0.000000000000000000, 0.000000000000000000, 1.000000000000000000 ) ) ;
#354 = DIRECTION ( 'NONE',  ( 0.000000000000000000, 0.000000000000000000, -1.000000000000000000 ) ) ;
#355 = ADVANCED_FACE ( 'NONE', ( #1864 ), #2454, .F. ) ;
#356 = ORIENTED_EDGE ( 'NONE', *, *, #1277, .F. ) ;
#357 = CARTESIAN_POINT ( 'NONE',  ( 35.00000000000000000, 9.000000000000000000, 4.000000000000003553 ) ) ;
#358 = AXIS2_PLACEMENT_3D ( 'NONE', #216, #434, #1450 ) ;
#359 = PERSON_AND_ORGANIZATION_ROLE ( 'design_owner' ) ;
#360 = CIRCLE ( 'NONE', #497, 3.500000000000000444 ) ;
#361 = FACE_OUTER_BOUND ( 'NONE', #1726, .T. ) ;
#362 = ORIENTED_EDGE ( 'NONE', *, *, #1055, .F. ) ;
#363 = AXIS2_PLACEMENT_3D ( 'NONE', #280, #453, #2128 ) ;
#364 = LINE ( 'NONE', #1823, #948 ) ;
#365 = CARTESIAN_POINT ( 'NONE',  ( 30.41742430504416461, -7.000000000000000000, 4.000000000000000000 ) ) ;
#366 = FACE_OUTER_BOUND ( 'NONE', #816, .T. ) ;
#367 = ORIENTED_EDGE ( 'NONE', *, *, #2607, .T. ) ;
#368 = EDGE_CURVE ( 'NONE', #371, #659, #837, .T. ) ;
#369 = ADVANCED_FACE ( 'NONE', ( #1852 ), #1666, .F. ) ;
#370 = ORIENTED_EDGE ( 'NONE', *, *, #1747, .T. ) ;
#371 = VERTEX_POINT ( 'NONE', #1879 ) ;
#372 = EDGE_LOOP ( 'NONE', ( #379, #1324, #1088, #2119 ) ) ;
#373 = FACE_BOUND ( 'NONE', #1934, .T. ) ;
#374 = CARTESIAN_POINT ( 'NONE',  ( 94.15000000000000568, 5.000000000000000000, 4.000000000000000000 ) ) ;
#375 = FACE_OUTER_BOUND ( 'NONE', #157, .T. ) ;
#376 = ORIENTED_EDGE ( 'NONE', *, *, #1039, .T. ) ;
#377 = LINE ( 'NONE', #1202, #1918 ) ;
#378 = EDGE_CURVE ( 'NONE', #650, #2103, #823, .T. ) ;
#379 = ORIENTED_EDGE ( 'NONE', *, *, #1822, .F. ) ;
#380 = CARTESIAN_POINT ( 'NONE',  ( 0.000000000000000000, -7.000000000000000000, 4.000000000000000000 ) ) ;
#381 = EDGE_CURVE ( 'NONE', #1702, #634, #9, .T. ) ;
#382 = CIRCLE ( 'NONE', #2580, 3.500000000000000000 ) ;
#383 = CARTESIAN_POINT ( 'NONE',  ( 0.000000000000000000, -9.000000000000000000, 8.000000000000000000 ) ) ;
#384 = ORIENTED_EDGE ( 'NONE', *, *, #1021, .F. ) ;
#385 = VECTOR ( 'NONE', #547, 1000.000000000000000 ) ;
#386 = DIRECTION ( 'NONE',  ( 0.000000000000000000, 0.000000000000000000, -1.000000000000000000 ) ) ;
#387 = CARTESIAN_POINT ( 'NONE',  ( 35.00000000000000000, -9.000000000000000000, 4.000000000000000000 ) ) ;
#388 = DIRECTION ( 'NONE',  ( -0.000000000000000000, -0.000000000000000000, 1.000000000000000000 ) ) ;
#389 = ORIENTED_EDGE ( 'NONE', *, *, #1152, .T. ) ;
#390 = AXIS2_PLACEMENT_3D ( 'NONE', #2147, #874, #487 ) ;
#391 = DIRECTION ( 'NONE',  ( -1.000000000000000000, 0.000000000000000000, 0.000000000000000000 ) ) ;
#392 = CARTESIAN_POINT ( 'NONE',  ( 3.354101966249685152, 8.000000000000000000, 6.000000000000000000 ) ) ;
#393 = ORIENTED_EDGE ( 'NONE', *, *, #1179, .T. ) ;
#394 = CARTESIAN_POINT ( 'NONE',  ( -3.354101966249684263, -8.000000000000000000, 4.000000000000000000 ) ) ;
#395 = CIRCLE ( 'NONE', #139, 7.000000000000000000 ) ;
#396 = DIRECTION ( 'NONE',  ( 1.000000000000000000, 0.000000000000000000, 0.000000000000000000 ) ) ;
#397 = ADVANCED_FACE ( 'NONE', ( #2494 ), #1476, .T. ) ;
#398 = ORIENTED_EDGE ( 'NONE', *, *, #2643, .F. ) ;
#399 = VECTOR ( 'NONE', #2325, 1000.000000000000000 ) ;
#400 = FACE_OUTER_BOUND ( 'NONE', #1527, .T. ) ;
#401 = EDGE_CURVE ( 'NONE', #1095, #22, #2277, .T. ) ;
#402 = CIRCLE ( 'NONE', #750, 1.599999999999997202 ) ;
#403 = AXIS2_PLACEMENT_3D ( 'NONE', #1332, #39, #1129 ) ;
#404 = DIRECTION ( 'NONE',  ( 0.000000000000000000, 0.000000000000000000, 1.000000000000000000 ) ) ;
#405 = DIRECTION ( 'NONE',  ( 0.000000000000000000, 0.000000000000000000, 1.000000000000000000 ) ) ;
#406 = VERTEX_POINT ( 'NONE', #2291 ) ;
#407 = CIRCLE ( 'NONE', #579, 1.700000000000000178 ) ;
#408 = CARTESIAN_POINT ( 'NONE',  ( 90.00000000000001421, 4.999999999999999112, 4.000000000000000000 ) ) ;
#409 = CARTESIAN_POINT ( 'NONE',  ( 42.00000000000000000, -7.000000000000000000, 4.000000000000000000 ) ) ;
#410 = EDGE_LOOP ( 'NONE', ( #1326, #724, #1717, #964 ) ) ;
#411 = DIRECTION ( 'NONE',  ( -0.000000000000000000, -0.000000000000000000, -1.000000000000000000 ) ) ;
#412 = ORIENTED_EDGE ( 'NONE', *, *, #1926, .T. ) ;
#413 = ADVANCED_FACE ( 'NONE', ( #192 ), #448, .T. ) ;
#414 = CARTESIAN_POINT ( 'NONE',  ( 90.00000000000001421, 15.00000000000000000, 4.000000000000000000 ) ) ;
#415 = CARTESIAN_POINT ( 'NONE',  ( 8.000000000000001776, 3.354101966249684708, 6.000000000000000000 ) ) ;
#416 = DIRECTION ( 'NONE',  ( 0.000000000000000000, 0.000000000000000000, -1.000000000000000000 ) ) ;
#417 = ORIENTED_EDGE ( 'NONE', *, *, #2655, .T. ) ;
#418 = ADVANCED_FACE ( 'NONE', ( #810 ), #230, .F. ) ;
#419 = CARTESIAN_POINT ( 'NONE',  ( 4.000000000000000000, 4.898587196589412829E-16, 0.000000000000000000 ) ) ;
#420 = LINE ( 'NONE', #392, #882 ) ;
#421 = ORIENTED_EDGE ( 'NONE', *, *, #1039, .F. ) ;
#422 = CARTESIAN_POINT ( 'NONE',  ( 44.14999999999999858, -5.000000000000000000, 0.000000000000000000 ) ) ;
#423 = CALENDAR_DATE ( 2026, 28, 9 ) ;
#424 = ORIENTED_EDGE ( 'NONE', *, *, #272, .T. ) ;
#425 = AXIS2_PLACEMENT_3D ( 'NONE', #1300, #2118, #270 ) ;
#426 = DIRECTION ( 'NONE',  ( -1.000000000000000000, 0.000000000000000000, 0.000000000000000000 ) ) ;
#427 = CARTESIAN_POINT ( 'NONE',  ( -9.000000000000000000, 0.000000000000000000, 8.000000000000000000 ) ) ;
#428 = CARTESIAN_POINT ( 'NONE',  ( 35.00000000000000000, 9.000000000000000000, 4.000000000000000000 ) ) ;
#429 = EDGE_CURVE ( 'NONE', #1974, #441, #2210, .T. ) ;
#430 = VECTOR ( 'NONE', #2138, 1000.000000000000000 ) ;
#431 = EDGE_LOOP ( 'NONE', ( #398, #2071, #43, #2257 ) ) ;
#432 = CIRCLE ( 'NONE', #1858, 3.500000000000000000 ) ;
#433 = CARTESIAN_POINT ( 'NONE',  ( 7.299999999999998934, 0.000000000000000000, 0.000000000000000000 ) ) ;
#434 = DIRECTION ( 'NONE',  ( 0.000000000000000000, -1.000000000000000000, 0.000000000000000000 ) ) ;
#435 = DIRECTION ( 'NONE',  ( 1.000000000000000000, 0.000000000000000000, 0.000000000000000000 ) ) ;
#436 = EDGE_CURVE ( 'NONE', #371, #1059, #1397, .T. ) ;
#437 = VECTOR ( 'NONE', #2101, 1000.000000000000000 ) ;
#438 = AXIS2_PLACEMENT_3D ( 'NONE', #625, #20, #1430 ) ;
#439 = EDGE_LOOP ( 'NONE', ( #1509, #1763, #631, #1283 ) ) ;
#440 = DIRECTION ( 'NONE',  ( 0.000000000000000000, 0.000000000000000000, -1.000000000000000000 ) ) ;
#441 = VERTEX_POINT ( 'NONE', #893 ) ;
#442 = LINE ( 'NONE', #1674, #89 ) ;
#443 = CARTESIAN_POINT ( 'NONE',  ( -3.354101966249685152, 8.000000000000000000, 8.000000000000000000 ) ) ;
#444 = CARTESIAN_POINT ( 'NONE',  ( 44.14999999999999858, -5.000000000000000000, 4.000000000000000000 ) ) ;
#445 = EDGE_LOOP ( 'NONE', ( #771, #484, #1873, #2634 ) ) ;
#446 = AXIS2_PLACEMENT_3D ( 'NONE', #2152, #71, #1694 ) ;
#447 = DIRECTION ( 'NONE',  ( 0.000000000000000000, 0.000000000000000000, 1.000000000000000000 ) ) ;
#448 = CYLINDRICAL_SURFACE ( 'NONE', #1045, 9.999999999999994671 ) ;
#449 = LINE ( 'NONE', #1083, #2082 ) ;
#450 = CIRCLE ( 'NONE', #2176, 1.700000000000000178 ) ;
#451 = EDGE_CURVE ( 'NONE', #1291, #764, #479, .T. ) ;
#452 = ORIENTED_EDGE ( 'NONE', *, *, #1906, .T. ) ;
#453 = DIRECTION ( 'NONE',  ( -0.000000000000000000, -0.000000000000000000, 1.000000000000000000 ) ) ;
#454 = EDGE_CURVE ( 'NONE', #1818, #112, #1924, .T. ) ;
#455 = APPROVAL_ROLE ( '' ) ;
#456 = ORIENTED_EDGE ( 'NONE', *, *, #2622, .F. ) ;
#457 = ORIENTED_EDGE ( 'NONE', *, *, #842, .F. ) ;
#458 = DIRECTION ( 'NONE',  ( 1.000000000000000000, 0.000000000000000000, 0.000000000000000000 ) ) ;
#459 = DIRECTION ( 'NONE',  ( 1.000000000000000000, 0.000000000000000000, 0.000000000000000000 ) ) ;
#460 = DIRECTION ( 'NONE',  ( -1.000000000000000000, 8.673617379884040402E-16, 0.000000000000000000 ) ) ;
#461 = ORIENTED_EDGE ( 'NONE', *, *, #1546, .F. ) ;
#462 = FACE_OUTER_BOUND ( 'NONE', #2297, .T. ) ;
#463 = CARTESIAN_POINT ( 'NONE',  ( 39.58257569495583539, -7.000000000000000000, 4.000000000000000000 ) ) ;
#464 = CARTESIAN_POINT ( 'NONE',  ( 51.79795897113271508, 4.999999999999999112, 0.000000000000000000 ) ) ;
#465 = PRODUCT_RELATED_PRODUCT_CATEGORY ( 'detail', '', ( #2124 ) ) ;
#466 = ORIENTED_EDGE ( 'NONE', *, *, #204, .T. ) ;
#467 = CARTESIAN_POINT ( 'NONE',  ( 1.699999999999999956, -9.000000000000000000, 8.000000000000000000 ) ) ;
#468 = PERSON_AND_ORGANIZATION_ROLE ( 'design_supplier' ) ;
#469 = EDGE_CURVE ( 'NONE', #1307, #573, #748, .T. ) ;
#470 = ORIENTED_EDGE ( 'NONE', *, *, #1262, .F. ) ;
#471 = ORIENTED_EDGE ( 'NONE', *, *, #1562, .T. ) ;
#472 = CARTESIAN_POINT ( 'NONE',  ( 44.14999999999999858, 5.000000000000000000, 0.000000000000000000 ) ) ;
#473 = AXIS2_PLACEMENT_3D ( 'NONE', #1092, #1920, #1720 ) ;
#474 = CARTESIAN_POINT ( 'NONE',  ( 0.000000000000000000, 9.000000000000000000, 4.000000000000000000 ) ) ;
#475 = CARTESIAN_POINT ( 'NONE',  ( 3.354101966249684263, -8.000000000000000000, 4.000000000000000000 ) ) ;
#476 = ORIENTED_EDGE ( 'NONE', *, *, #1975, .F. ) ;
#477 = CARTESIAN_POINT ( 'NONE',  ( 100.0000000000000000, -4.999999999999999112, 4.000000000000000000 ) ) ;
#478 = VECTOR ( 'NONE', #1982, 1000.000000000000000 ) ;
#479 = LINE ( 'NONE', #708, #496 ) ;
#480 = DIRECTION ( 'NONE',  ( 0.000000000000000000, 0.000000000000000000, 1.000000000000000000 ) ) ;
#481 = ORIENTED_EDGE ( 'NONE', *, *, #827, .F. ) ;
#482 = CARTESIAN_POINT ( 'NONE',  ( 36.60000000000000142, -9.000000000000000000, 0.000000000000000000 ) ) ;
#483 = VERTEX_POINT ( 'NONE', #289 ) ;
#484 = ORIENTED_EDGE ( 'NONE', *, *, #1277, .T. ) ;
#485 = EDGE_CURVE ( 'NONE', #1818, #2103, #924, .T. ) ;
#486 = CARTESIAN_POINT ( 'NONE',  ( -9.000000000000000000, 0.000000000000000000, 8.000000000000000000 ) ) ;
#487 = DIRECTION ( 'NONE',  ( -1.000000000000000000, 0.000000000000000000, 0.000000000000000000 ) ) ;
#488 = DIRECTION ( 'NONE',  ( 0.000000000000000000, 0.000000000000000000, 1.000000000000000000 ) ) ;
#489 = ORIENTED_EDGE ( 'NONE', *, *, #2643, .T. ) ;
#490 = LOCAL_TIME ( 19, 8, 50.00000000000000000, #1671 ) ;
#491 = EDGE_CURVE ( 'NONE', #238, #2501, #1266, .T. ) ;
#492 = AXIS2_PLACEMENT_3D ( 'NONE', #1157, #2568, #1394 ) ;
#493 = DIRECTION ( 'NONE',  ( -0.000000000000000000, -0.000000000000000000, -1.000000000000000000 ) ) ;
#494 = DIRECTION ( 'NONE',  ( -0.000000000000000000, -0.000000000000000000, 1.000000000000000000 ) ) ;
#495 = CYLINDRICAL_SURFACE ( 'NONE', #325, 7.000000000000000000 ) ;
#496 = VECTOR ( 'NONE', #2139, 1000.000000000000000 ) ;
#497 = AXIS2_PLACEMENT_3D ( 'NONE', #1231, #1853, #2225 ) ;
#498 = EDGE_LOOP ( 'NONE', ( #2574, #1362, #976, #580 ) ) ;
#499 = LINE ( 'NONE', #44, #2000 ) ;
#500 = CIRCLE ( 'NONE', #1443, 1.600000000000000755 ) ;
#501 = ORIENTED_EDGE ( 'NONE', *, *, #1854, .F. ) ;
#502 = ORIENTED_EDGE ( 'NONE', *, *, #1550, .F. ) ;
#503 = CARTESIAN_POINT ( 'NONE',  ( 0.000000000000000000, 0.000000000000000000, 8.000000000000000000 ) ) ;
#504 = CARTESIAN_POINT ( 'NONE',  ( 35.00000000000000000, 9.000000000000000000, 0.000000000000000000 ) ) ;
#505 = DIRECTION ( 'NONE',  ( 0.000000000000000000, 0.000000000000000000, 1.000000000000000000 ) ) ;
#506 = ORIENTED_EDGE ( 'NONE', *, *, #2215, .F. ) ;
#507 = ADVANCED_FACE ( 'NONE', ( #1754 ), #1289, .T. ) ;
#508 = FACE_OUTER_BOUND ( 'NONE', #2388, .T. ) ;
#509 = CARTESIAN_POINT ( 'NONE',  ( 25.39999999999999858, -3.000000000000000000, 0.000000000000000000 ) ) ;
#510 = FACE_OUTER_BOUND ( 'NONE', #498, .T. ) ;
#511 = EDGE_CURVE ( 'NONE', #1193, #1539, #103, .T. ) ;
#512 = EDGE_LOOP ( 'NONE', ( #1411, #1011, #1454, #2558 ) ) ;
#513 = ORIENTED_EDGE ( 'NONE', *, *, #339, .F. ) ;
#514 = ORIENTED_EDGE ( 'NONE', *, *, #2398, .F. ) ;
#515 = CARTESIAN_POINT ( 'NONE',  ( 44.14999999999999858, 5.000000000000000000, 4.000000000000000000 ) ) ;
#516 = FACE_BOUND ( 'NONE', #1540, .T. ) ;
#517 = VERTEX_POINT ( 'NONE', #1522 ) ;
#518 = APPROVAL ( #1832, 'UNSPECIFIED' ) ;
#519 = DIRECTION ( 'NONE',  ( 0.000000000000000000, 0.000000000000000000, -1.000000000000000000 ) ) ;
#520 = CARTESIAN_POINT ( 'NONE',  ( 40.00000000000000000, 9.000000000000000000, 0.000000000000000000 ) ) ;
#521 = FACE_OUTER_BOUND ( 'NONE', #512, .T. ) ;
#522 = PERSON ( 'UNSPECIFIED', 'UNSPECIFIED', 'UNSPECIFIED', ('UNSPECIFIED'), ('UNSPECIFIED'), ('UNSPECIFIED') ) ;
#523 = CIRCLE ( 'NONE', #425, 3.500000000000000000 ) ;
#524 = ADVANCED_FACE ( 'NONE', ( #1936 ), #2567, .F. ) ;
#525 = ORIENTED_EDGE ( 'NONE', *, *, #2346, .F. ) ;
#526 = CIRCLE ( 'NONE', #1029, 4.999999999999997335 ) ;
#527 = ORIENTED_EDGE ( 'NONE', *, *, #2115, .T. ) ;
#528 = CARTESIAN_POINT ( 'NONE',  ( -1.699999999999999956, 9.000000000000000000, 8.000000000000000000 ) ) ;
#529 = DIRECTION ( 'NONE',  ( 0.000000000000000000, 0.000000000000000000, -1.000000000000000000 ) ) ;
#530 = DIRECTION ( 'NONE',  ( 1.000000000000000000, 0.000000000000000000, 0.000000000000000000 ) ) ;
#531 = VERTEX_POINT ( 'NONE', #667 ) ;
#532 = DIRECTION ( 'NONE',  ( 1.000000000000000000, 0.000000000000000000, 0.000000000000000000 ) ) ;
#533 = DIRECTION ( 'NONE',  ( -1.000000000000000000, -0.000000000000000000, -0.000000000000000000 ) ) ;
#534 = DIRECTION ( 'NONE',  ( 0.000000000000000000, 0.000000000000000000, -1.000000000000000000 ) ) ;
#535 = CC_DESIGN_SECURITY_CLASSIFICATION ( #1995, ( #2070 ) ) ;
#536 = VECTOR ( 'NONE', #1755, 1000.000000000000000 ) ;
#537 = CIRCLE ( 'NONE', #577, 1.699999999999999956 ) ;
#538 = EDGE_CURVE ( 'NONE', #1650, #1095, #1959, .T. ) ;
#539 = CIRCLE ( 'NONE', #877, 16.00000000000000000 ) ;
#540 = EDGE_LOOP ( 'NONE', ( #1804, #1703, #53, #2404 ) ) ;
#541 = AXIS2_PLACEMENT_3D ( 'NONE', #231, #1463, #203 ) ;
#542 = DIRECTION ( 'NONE',  ( -0.000000000000000000, -0.000000000000000000, -1.000000000000000000 ) ) ;
#543 = EDGE_CURVE ( 'NONE', #166, #2357, #2294, .T. ) ;
#544 = FACE_OUTER_BOUND ( 'NONE', #2129, .T. ) ;
#545 = FACE_BOUND ( 'NONE', #812, .T. ) ;
#546 = ORIENTED_EDGE ( 'NONE', *, *, #1243, .F. ) ;
#547 = DIRECTION ( 'NONE',  ( 0.000000000000000000, 0.000000000000000000, -1.000000000000000000 ) ) ;
#548 = DIRECTION ( 'NONE',  ( -1.000000000000000000, -0.000000000000000000, -0.000000000000000000 ) ) ;
#549 = CARTESIAN_POINT ( 'NONE',  ( 1.699999999999999956, -9.000000000000000000, 8.000000000000000000 ) ) ;
#550 = ORIENTED_EDGE ( 'NONE', *, *, #2016, .T. ) ;
#551 = ORIENTED_EDGE ( 'NONE', *, *, #429, .F. ) ;
#552 = CARTESIAN_POINT ( 'NONE',  ( 49.15099999999999625, 10.50000000000000000, 4.000000000000000000 ) ) ;
#553 = EDGE_CURVE ( 'NONE', #213, #804, #2536, .T. ) ;
#554 = LINE ( 'NONE', #1566, #2621 ) ;
#555 = VERTEX_POINT ( 'NONE', #1100 ) ;
#556 = FACE_OUTER_BOUND ( 'NONE', #966, .T. ) ;
#557 = CARTESIAN_POINT ( 'NONE',  ( 35.00000000000000000, 9.000000000000000000, 0.000000000000000000 ) ) ;
#558 = FACE_OUTER_BOUND ( 'NONE', #2652, .T. ) ;
#559 = UNCERTAINTY_MEASURE_WITH_UNIT (LENGTH_MEASURE( 1.000000000000000082E-05 ), #777, 'distance_accuracy_value', 'NONE');
#560 = CIRCLE ( 'NONE', #87, 1.600000000000000755 ) ;
#561 = VERTEX_POINT ( 'NONE', #2164 ) ;
#562 = ORIENTED_EDGE ( 'NONE', *, *, #2019, .F. ) ;
#563 = AXIS2_PLACEMENT_3D ( 'NONE', #1972, #2182, #118 ) ;
#564 = DIRECTION ( 'NONE',  ( -0.000000000000000000, -0.000000000000000000, -1.000000000000000000 ) ) ;
#565 = DIRECTION ( 'NONE',  ( -0.000000000000000000, -0.000000000000000000, -1.000000000000000000 ) ) ;
#566 = LOCAL_TIME ( 19, 8, 50.00000000000000000, #143 ) ;
#567 = VERTEX_POINT ( 'NONE', #520 ) ;
#568 = ADVANCED_FACE ( 'NONE', ( #694 ), #1082, .T. ) ;
#569 = CIRCLE ( 'NONE', #1257, 3.500000000000000000 ) ;
#570 = CYLINDRICAL_SURFACE ( 'NONE', #214, 3.499999999999999556 ) ;
#571 = DIRECTION ( 'NONE',  ( -0.000000000000000000, -0.000000000000000000, 1.000000000000000000 ) ) ;
#572 = CARTESIAN_POINT ( 'NONE',  ( 6.124999999999999112, -3.388860427931489561, 8.000000000000000000 ) ) ;
#573 = VERTEX_POINT ( 'NONE', #509 ) ;
#574 = EDGE_CURVE ( 'NONE', #634, #1533, #2171, .T. ) ;
#575 = ORIENTED_EDGE ( 'NONE', *, *, #73, .F. ) ;
#576 = ORIENTED_EDGE ( 'NONE', *, *, #1989, .T. ) ;
#577 = AXIS2_PLACEMENT_3D ( 'NONE', #2298, #248, #1497 ) ;
#578 = DIRECTION ( 'NONE',  ( 1.000000000000000000, 0.000000000000000000, 0.000000000000000000 ) ) ;
#579 = AXIS2_PLACEMENT_3D ( 'NONE', #786, #1828, #435 ) ;
#580 = ORIENTED_EDGE ( 'NONE', *, *, #1366, .F. ) ;
#581 = CIRCLE ( 'NONE', #1660, 1.699999999999999956 ) ;
#582 = LINE ( 'NONE', #414, #2110 ) ;
#583 = CARTESIAN_POINT ( 'NONE',  ( 3.388860427931489561, 6.125000000000000888, 8.000000000000000000 ) ) ;
#584 = DIRECTION ( 'NONE',  ( 0.000000000000000000, 0.000000000000000000, -1.000000000000000000 ) ) ;
#585 = EDGE_CURVE ( 'NONE', #1371, #1193, #1704, .T. ) ;
#586 = ORIENTED_EDGE ( 'NONE', *, *, #2346, .T. ) ;
#587 = DESIGN_CONTEXT ( 'detailed design', #2186, 'design' ) ;
#588 = CARTESIAN_POINT ( 'NONE',  ( 35.00000000000000000, -9.000000000000000000, 4.000000000000003553 ) ) ;
#589 = EDGE_CURVE ( 'NONE', #2227, #1210, #866, .T. ) ;
#590 = VERTEX_POINT ( 'NONE', #463 ) ;
#591 = CARTESIAN_POINT ( 'NONE',  ( -3.354101966249684263, 8.000000000000000000, 4.000000000000000000 ) ) ;
#592 = ORIENTED_EDGE ( 'NONE', *, *, #2593, .F. ) ;
#593 = CARTESIAN_POINT ( 'NONE',  ( 1.699999999999999956, -9.000000000000000000, 0.000000000000000000 ) ) ;
#594 = LINE ( 'NONE', #2272, #2592 ) ;
#595 = CYLINDRICAL_SURFACE ( 'NONE', #1941, 10.00000000000000178 ) ;
#596 = EDGE_LOOP ( 'NONE', ( #1526, #2526, #938, #200 ) ) ;
#597 = CARTESIAN_POINT ( 'NONE',  ( 27.00000000000000000, -3.000000000000000000, 4.000000000000003553 ) ) ;
#598 = CARTESIAN_POINT ( 'NONE',  ( 40.00000000000000000, -9.000000000000000000, 0.000000000000000000 ) ) ;
#599 = EDGE_CURVE ( 'NONE', #1496, #1958, #187, .T. ) ;
#600 = VERTEX_POINT ( 'NONE', #679 ) ;
#601 = DIRECTION ( 'NONE',  ( 0.000000000000000000, 0.000000000000000000, 1.000000000000000000 ) ) ;
#602 = EDGE_CURVE ( 'NONE', #926, #2181, #2254, .T. ) ;
#603 = AXIS2_PLACEMENT_3D ( 'NONE', #1749, #1174, #1973 ) ;
#604 = DATE_AND_TIME ( #158, #218 ) ;
#605 = ORIENTED_EDGE ( 'NONE', *, *, #1192, .F. ) ;
#606 = CIRCLE ( 'NONE', #346, 1.699999999999999956 ) ;
#607 = DIRECTION ( 'NONE',  ( 1.000000000000000000, 0.000000000000000000, 0.000000000000000000 ) ) ;
#608 = VECTOR ( 'NONE', #1207, 1000.000000000000000 ) ;
#609 = DIRECTION ( 'NONE',  ( -0.000000000000000000, -0.000000000000000000, -1.000000000000000000 ) ) ;
#610 = CARTESIAN_POINT ( 'NONE',  ( 90.00000000000001421, 4.999999999999999112, 4.000000000000000000 ) ) ;
#611 = ORIENTED_EDGE ( 'NONE', *, *, #2473, .F. ) ;
#612 = FACE_OUTER_BOUND ( 'NONE', #1758, .T. ) ;
#613 = CARTESIAN_POINT ( 'NONE',  ( 30.41742430504416461, 7.000000000000000000, 4.000000000000000000 ) ) ;
#614 = EDGE_CURVE ( 'NONE', #2267, #517, #539, .T. ) ;
#615 = ORIENTED_EDGE ( 'NONE', *, *, #1901, .F. ) ;
#616 = DIRECTION ( 'NONE',  ( -0.000000000000000000, -0.000000000000000000, -1.000000000000000000 ) ) ;
#617 = CIRCLE ( 'NONE', #1323, 1.700000000000000178 ) ;
#618 = MECHANICAL_CONTEXT ( 'NONE', #1779, 'mechanical' ) ;
#619 = EDGE_CURVE ( 'NONE', #2107, #2452, #1440, .T. ) ;
#620 = ORIENTED_EDGE ( 'NONE', *, *, #2440, .T. ) ;
#621 = AXIS2_PLACEMENT_3D ( 'NONE', #1321, #57, #83 ) ;
#622 = AXIS2_PLACEMENT_3D ( 'NONE', #1101, #1725, #2537 ) ;
#623 = CARTESIAN_POINT ( 'NONE',  ( 25.39999999999999858, -3.000000000000000000, 4.000000000000003553 ) ) ;
#624 = VECTOR ( 'NONE', #2200, 1000.000000000000000 ) ;
#625 = CARTESIAN_POINT ( 'NONE',  ( 35.00000000000000000, 9.000000000000000000, 4.000000000000000000 ) ) ;
#626 = CARTESIAN_POINT ( 'NONE',  ( 0.000000000000000000, 7.000000000000000000, 4.000000000000000000 ) ) ;
#627 = ORIENTED_EDGE ( 'NONE', *, *, #1495, .F. ) ;
#628 = VECTOR ( 'NONE', #354, 1000.000000000000000 ) ;
#629 = DIRECTION ( 'NONE',  ( 0.000000000000000000, 0.000000000000000000, 1.000000000000000000 ) ) ;
#630 = PLANE ( 'NONE',  #541 ) ;
#631 = ORIENTED_EDGE ( 'NONE', *, *, #2279, .T. ) ;
#632 = DIRECTION ( 'NONE',  ( -0.000000000000000000, -0.000000000000000000, 1.000000000000000000 ) ) ;
#633 = EDGE_CURVE ( 'NONE', #1337, #1772, #2377, .T. ) ;
#634 = VERTEX_POINT ( 'NONE', #583 ) ;
#635 = EDGE_CURVE ( 'NONE', #2419, #116, #1917, .T. ) ;
#636 = CARTESIAN_POINT ( 'NONE',  ( 0.000000000000000000, 0.000000000000000000, 4.000000000000000000 ) ) ;
#637 = DIRECTION ( 'NONE',  ( -0.000000000000000000, -0.000000000000000000, -1.000000000000000000 ) ) ;
#638 = DIRECTION ( 'NONE',  ( 0.000000000000000000, 0.000000000000000000, 1.000000000000000000 ) ) ;
#639 = ORIENTED_EDGE ( 'NONE', *, *, #881, .T. ) ;
#640 = DIRECTION ( 'NONE',  ( 1.000000000000000000, 0.000000000000000000, 0.000000000000000000 ) ) ;
#641 = FACE_OUTER_BOUND ( 'NONE', #1154, .T. ) ;
#642 = ORIENTED_EDGE ( 'NONE', *, *, #1391, .F. ) ;
#643 = CARTESIAN_POINT ( 'NONE',  ( 3.388860427931489561, -6.125000000000000888, 4.000000000000000000 ) ) ;
#644 = ORIENTED_EDGE ( 'NONE', *, *, #2004, .T. ) ;
#645 = AXIS2_PLACEMENT_3D ( 'NONE', #1161, #131, #1329 ) ;
#646 = CYLINDRICAL_SURFACE ( 'NONE', #1599, 1.600000000000000755 ) ;
#647 = CARTESIAN_POINT ( 'NONE',  ( 0.000000000000000000, -7.000000000000000000, 8.000000000000000000 ) ) ;
#648 = CARTESIAN_POINT ( 'NONE',  ( 51.79795897113271508, -4.999999999999999112, 4.000000000000000000 ) ) ;
#649 = VECTOR ( 'NONE', #892, 1000.000000000000000 ) ;
#650 = VERTEX_POINT ( 'NONE', #151 ) ;
#651 = EDGE_CURVE ( 'NONE', #1745, #2491, #2391, .T. ) ;
#652 = DIRECTION ( 'NONE',  ( 0.000000000000000000, 0.000000000000000000, 1.000000000000000000 ) ) ;
#653 = DIRECTION ( 'NONE',  ( -0.000000000000000000, -0.000000000000000000, 1.000000000000000000 ) ) ;
#654 = CARTESIAN_POINT ( 'NONE',  ( -12.49999999999999822, 0.000000000000000000, 8.000000000000000000 ) ) ;
#655 = EDGE_CURVE ( 'NONE', #1210, #2664, #322, .T. ) ;
#656 = ORIENTED_EDGE ( 'NONE', *, *, #2053, .T. ) ;
#657 = CARTESIAN_POINT ( 'NONE',  ( 33.40000000000000568, -9.000000000000000000, 0.000000000000000000 ) ) ;
#658 = PERSON_AND_ORGANIZATION ( #522, #93 ) ;
#659 = VERTEX_POINT ( 'NONE', #162 ) ;
#660 = FACE_OUTER_BOUND ( 'NONE', #1112, .T. ) ;
#661 = PLANE ( 'NONE',  #778 ) ;
#662 = DIRECTION ( 'NONE',  ( 1.000000000000000000, 0.000000000000000000, 0.000000000000000000 ) ) ;
#663 = ORIENTED_EDGE ( 'NONE', *, *, #1984, .F. ) ;
#664 = AXIS2_PLACEMENT_3D ( 'NONE', #1607, #353, #2615 ) ;
#665 = EDGE_CURVE ( 'NONE', #650, #120, #1829, .T. ) ;
#666 = CYLINDRICAL_SURFACE ( 'NONE', #2158, 3.500000000000000000 ) ;
#667 = CARTESIAN_POINT ( 'NONE',  ( -1.699999999999999956, -9.000000000000000000, 0.000000000000000000 ) ) ;
#668 = DIRECTION ( 'NONE',  ( -0.000000000000000000, -0.000000000000000000, 1.000000000000000000 ) ) ;
#669 = EDGE_CURVE ( 'NONE', #1806, #2086, #278, .T. ) ;
#670 = VERTEX_POINT ( 'NONE', #2577 ) ;
#671 = DIRECTION ( 'NONE',  ( 0.000000000000000000, 0.000000000000000000, -1.000000000000000000 ) ) ;
#672 = ORIENTED_EDGE ( 'NONE', *, *, #1180, .T. ) ;
#673 = ORIENTED_EDGE ( 'NONE', *, *, #655, .T. ) ;
#674 = CARTESIAN_POINT ( 'NONE',  ( 100.0000000000000000, -15.00000000000000000, 0.000000000000000000 ) ) ;
#675 = CARTESIAN_POINT ( 'NONE',  ( 0.000000000000000000, 9.000000000000000000, 8.000000000000000000 ) ) ;
#676 = DIRECTION ( 'NONE',  ( 0.000000000000000000, 0.000000000000000000, -1.000000000000000000 ) ) ;
#677 = EDGE_LOOP ( 'NONE', ( #2235, #2300, #1899, #681 ) ) ;
#678 = CARTESIAN_POINT ( 'NONE',  ( 30.00000000000000711, -9.000000000000000000, 4.000000000000000000 ) ) ;
#679 = CARTESIAN_POINT ( 'NONE',  ( 30.41742430504416461, -7.000000000000000000, 0.000000000000000000 ) ) ;
#680 = CARTESIAN_POINT ( 'NONE',  ( 94.15000000000000568, -5.000000000000000000, 4.000000000000000000 ) ) ;
#681 = ORIENTED_EDGE ( 'NONE', *, *, #1361, .F. ) ;
#682 = DIRECTION ( 'NONE',  ( -1.000000000000000000, 0.000000000000000000, 0.000000000000000000 ) ) ;
#683 = EDGE_CURVE ( 'NONE', #120, #2223, #790, .T. ) ;
#684 = VERTEX_POINT ( 'NONE', #945 ) ;
#685 = ORIENTED_EDGE ( 'NONE', *, *, #1262, .T. ) ;
#686 = EDGE_CURVE ( 'NONE', #1681, #1833, #2296, .T. ) ;
#687 = DIRECTION ( 'NONE',  ( -1.000000000000000000, 0.000000000000000000, 0.000000000000000000 ) ) ;
#688 = CARTESIAN_POINT ( 'NONE',  ( -9.000000000000000000, 0.000000000000000000, 4.000000000000000000 ) ) ;
#689 = DIRECTION ( 'NONE',  ( 1.000000000000000000, 0.000000000000000000, 0.000000000000000000 ) ) ;
#690 = ORIENTED_EDGE ( 'NONE', *, *, #469, .T. ) ;
#691 = CIRCLE ( 'NONE', #305, 9.999999999999994671 ) ;
#692 = DIRECTION ( 'NONE',  ( 0.000000000000000000, 0.000000000000000000, 1.000000000000000000 ) ) ;
#693 = AXIS2_PLACEMENT_3D ( 'NONE', #21, #1888, #847 ) ;
#694 = FACE_OUTER_BOUND ( 'NONE', #1513, .T. ) ;
#695 = CARTESIAN_POINT ( 'NONE',  ( 95.85000000000000853, -5.000000000000000000, 4.000000000000000000 ) ) ;
#696 = AXIS2_PLACEMENT_3D ( 'NONE', #315, #1378, #2198 ) ;
#697 = VERTEX_POINT ( 'NONE', #1393 ) ;
#698 = CARTESIAN_POINT ( 'NONE',  ( -12.49999999999999822, 0.000000000000000000, 8.000000000000000000 ) ) ;
#699 = ADVANCED_FACE ( 'NONE', ( #1405 ), #936, .T. ) ;
#700 = ORIENTED_EDGE ( 'NONE', *, *, #1113, .T. ) ;
#701 = VERTEX_POINT ( 'NONE', #1165 ) ;
#702 = CARTESIAN_POINT ( 'NONE',  ( 0.000000000000000000, 7.000000000000000000, 4.000000000000000000 ) ) ;
#703 = EDGE_CURVE ( 'NONE', #2482, #2205, #1571, .T. ) ;
#704 = DIRECTION ( 'NONE',  ( 1.000000000000000000, 0.000000000000000000, 0.000000000000000000 ) ) ;
#705 = DIRECTION ( 'NONE',  ( -0.000000000000000000, -0.000000000000000000, -1.000000000000000000 ) ) ;
#706 = ORIENTED_EDGE ( 'NONE', *, *, #589, .F. ) ;
#707 = DIRECTION ( 'NONE',  ( 0.000000000000000000, 0.000000000000000000, 1.000000000000000000 ) ) ;
#708 = CARTESIAN_POINT ( 'NONE',  ( 3.500000000000000000, 9.000000000000000000, 8.000000000000000000 ) ) ;
#709 = DIRECTION ( 'NONE',  ( -1.000000000000000000, 0.000000000000000000, 0.000000000000000000 ) ) ;
#710 = VECTOR ( 'NONE', #1865, 1000.000000000000000 ) ;
#711 = ORIENTED_EDGE ( 'NONE', *, *, #715, .F. ) ;
#712 = CIRCLE ( 'NONE', #2005, 4.999999999999997335 ) ;
#713 = ORIENTED_EDGE ( 'NONE', *, *, #1655, .T. ) ;
#714 = ORIENTED_EDGE ( 'NONE', *, *, #185, .T. ) ;
#715 = EDGE_CURVE ( 'NONE', #590, #1158, #2425, .T. ) ;
#716 = FACE_OUTER_BOUND ( 'NONE', #445, .T. ) ;
#717 = CARTESIAN_POINT ( 'NONE',  ( -8.000000000000000000, -3.354101966249684263, 6.000000000000000000 ) ) ;
#718 = CARTESIAN_POINT ( 'NONE',  ( -10.69999999999999929, 0.000000000000000000, 8.000000000000000000 ) ) ;
#719 = EDGE_LOOP ( 'NONE', ( #1916, #2313, #476, #754 ) ) ;
#720 = EDGE_CURVE ( 'NONE', #848, #600, #135, .T. ) ;
#721 = DIRECTION ( 'NONE',  ( 0.000000000000000000, 0.000000000000000000, 1.000000000000000000 ) ) ;
#722 = CARTESIAN_POINT ( 'NONE',  ( 0.000000000000000000, 0.000000000000000000, 4.000000000000000000 ) ) ;
#723 = DIRECTION ( 'NONE',  ( -0.000000000000000000, -0.000000000000000000, -1.000000000000000000 ) ) ;
#724 = ORIENTED_EDGE ( 'NONE', *, *, #401, .T. ) ;
#725 = EDGE_LOOP ( 'NONE', ( #296, #141, #1064, #2136 ) ) ;
#726 = DIRECTION ( 'NONE',  ( 0.000000000000000000, 0.000000000000000000, -1.000000000000000000 ) ) ;
#727 = CYLINDRICAL_SURFACE ( 'NONE', #2542, 1.600000000000000755 ) ;
#728 = FACE_OUTER_BOUND ( 'NONE', #1265, .T. ) ;
#729 = VERTEX_POINT ( 'NONE', #956 ) ;
#730 = CARTESIAN_POINT ( 'NONE',  ( 3.354101966249684263, 8.000000000000000000, 4.000000000000000000 ) ) ;
#731 = CARTESIAN_POINT ( 'NONE',  ( 0.000000000000000000, 0.000000000000000000, 8.000000000000000000 ) ) ;
#732 = LINE ( 'NONE', #317, #628 ) ;
#733 = EDGE_CURVE ( 'NONE', #1661, #166, #2174, .T. ) ;
#734 = AXIS2_PLACEMENT_3D ( 'NONE', #1314, #1676, #1093 ) ;
#735 = EDGE_CURVE ( 'NONE', #1351, #2357, #2413, .T. ) ;
#736 = AXIS2_PLACEMENT_3D ( 'NONE', #1368, #1164, #1986 ) ;
#737 = CIRCLE ( 'NONE', #2238, 1.699999999999999956 ) ;
#738 = ORIENTED_EDGE ( 'NONE', *, *, #2295, .F. ) ;
#739 = EDGE_LOOP ( 'NONE', ( #362, #345, #105, #1432 ) ) ;
#740 = CIRCLE ( 'NONE', #2417, 1.699999999999993072 ) ;
#741 = CYLINDRICAL_SURFACE ( 'NONE', #2029, 4.999999999999997335 ) ;
#742 = FACE_OUTER_BOUND ( 'NONE', #739, .T. ) ;
#743 = VERTEX_POINT ( 'NONE', #2211 ) ;
#744 = CARTESIAN_POINT ( 'NONE',  ( 49.15099999999999625, -10.50000000000000000, 0.000000000000000000 ) ) ;
#745 = DIRECTION ( 'NONE',  ( 0.000000000000000000, 0.000000000000000000, 1.000000000000000000 ) ) ;
#746 = CARTESIAN_POINT ( 'NONE',  ( 8.000000000000001776, 3.354101966249684263, 4.000000000000000000 ) ) ;
#747 = CIRCLE ( 'NONE', #1997, 9.999999999999994671 ) ;
#748 = CIRCLE ( 'NONE', #2342, 1.600000000000000755 ) ;
#749 = EDGE_CURVE ( 'NONE', #483, #1868, #740, .T. ) ;
#750 = AXIS2_PLACEMENT_3D ( 'NONE', #357, #1183, #1807 ) ;
#751 = AXIS2_PLACEMENT_3D ( 'NONE', #731, #760, #982 ) ;
#752 = VERTEX_POINT ( 'NONE', #2489 ) ;
#753 = VECTOR ( 'NONE', #2140, 1000.000000000000000 ) ;
#754 = ORIENTED_EDGE ( 'NONE', *, *, #233, .T. ) ;
#755 = AXIS2_PLACEMENT_3D ( 'NONE', #294, #2310, #1882 ) ;
#756 = DIRECTION ( 'NONE',  ( -1.000000000000000000, 0.000000000000000000, 0.000000000000000000 ) ) ;
#757 = CARTESIAN_POINT ( 'NONE',  ( 3.388860427931490449, 6.125000000000000888, 6.000000000000000000 ) ) ;
#758 = ORIENTED_EDGE ( 'NONE', *, *, #1460, .F. ) ;
#759 = CARTESIAN_POINT ( 'NONE',  ( 7.000000000000000000, 0.000000000000000000, 8.000000000000000000 ) ) ;
#760 = DIRECTION ( 'NONE',  ( 0.000000000000000000, 0.000000000000000000, 1.000000000000000000 ) ) ;
#761 = LINE ( 'NONE', #2616, #536 ) ;
#762 = EDGE_CURVE ( 'NONE', #1656, #1806, #1601, .T. ) ;
#763 = VERTEX_POINT ( 'NONE', #2023 ) ;
#764 = VERTEX_POINT ( 'NONE', #2050 ) ;
#765 = PLANE ( 'NONE',  #603 ) ;
#766 = EDGE_CURVE ( 'NONE', #1363, #2597, #1648, .T. ) ;
#767 = ORIENTED_EDGE ( 'NONE', *, *, #2610, .T. ) ;
#768 = DIRECTION ( 'NONE',  ( 0.000000000000000000, 0.000000000000000000, 1.000000000000000000 ) ) ;
#769 = DIRECTION ( 'NONE',  ( 0.000000000000000000, 0.000000000000000000, 1.000000000000000000 ) ) ;
#770 = CARTESIAN_POINT ( 'NONE',  ( -8.000000000000000000, 3.354101966249684263, 8.000000000000000000 ) ) ;
#771 = ORIENTED_EDGE ( 'NONE', *, *, #538, .F. ) ;
#772 = ADVANCED_BREP_SHAPE_REPRESENTATION ( 'ARM-201_Upper_link_dual_MG996R', ( #1576, #1253 ), #910 ) ;
#773 = AXIS2_PLACEMENT_3D ( 'NONE', #2177, #2566, #970 ) ;
#774 = ORIENTED_EDGE ( 'NONE', *, *, #2492, .T. ) ;
#775 = ORIENTED_EDGE ( 'NONE', *, *, #1692, .T. ) ;
#776 = ADVANCED_FACE ( 'NONE', ( #225 ), #2437, .T. ) ;
#777 =( LENGTH_UNIT ( ) NAMED_UNIT ( * ) SI_UNIT ( .MILLI., .METRE. ) );
#778 = AXIS2_PLACEMENT_3D ( 'NONE', #1734, #2519, #2548 ) ;
#779 = ORIENTED_EDGE ( 'NONE', *, *, #28, .F. ) ;
#780 = AXIS2_PLACEMENT_3D ( 'NONE', #2073, #2650, #1227 ) ;
#781 = ADVANCED_FACE ( 'NONE', ( #175 ), #820, .T. ) ;
#782 = DIRECTION ( 'NONE',  ( -1.000000000000000000, 0.000000000000000000, 0.000000000000000000 ) ) ;
#783 = DIRECTION ( 'NONE',  ( 0.000000000000000000, -1.000000000000000000, 0.000000000000000000 ) ) ;
#784 = FACE_OUTER_BOUND ( 'NONE', #1881, .T. ) ;
#785 = EDGE_LOOP ( 'NONE', ( #1200, #2369, #1609, #412 ) ) ;
#786 = CARTESIAN_POINT ( 'NONE',  ( 9.000000000000000000, 0.000000000000000000, 8.000000000000000000 ) ) ;
#787 = AXIS2_PLACEMENT_3D ( 'NONE', #1506, #1724, #1548 ) ;
#788 = ORIENTED_EDGE ( 'NONE', *, *, #2167, .F. ) ;
#789 = CARTESIAN_POINT ( 'NONE',  ( 35.00000000000000000, 9.000000000000000000, 4.000000000000003553 ) ) ;
#790 = CIRCLE ( 'NONE', #1220, 3.500000000000000000 ) ;
#791 = AXIS2_PLACEMENT_3D ( 'NONE', #1803, #2414, #2189 ) ;
#792 = VERTEX_POINT ( 'NONE', #846 ) ;
#793 = CC_DESIGN_PERSON_AND_ORGANIZATION_ASSIGNMENT ( #1281, #468, ( #2070 ) ) ;
#794 = CARTESIAN_POINT ( 'NONE',  ( 27.00000000000000000, -3.000000000000000000, 4.000000000000003553 ) ) ;
#795 = LINE ( 'NONE', #1663, #1991 ) ;
#796 = DIRECTION ( 'NONE',  ( -1.000000000000000000, -0.000000000000000000, -0.000000000000000000 ) ) ;
#797 = VERTEX_POINT ( 'NONE', #2463 ) ;
#798 = ADVANCED_FACE ( 'NONE', ( #1254 ), #1212, .T. ) ;
#799 = DIRECTION ( 'NONE',  ( -0.000000000000000000, -0.000000000000000000, -1.000000000000000000 ) ) ;
#800 = DIRECTION ( 'NONE',  ( -1.000000000000000000, 0.000000000000000000, 0.000000000000000000 ) ) ;
#801 = ORIENTED_EDGE ( 'NONE', *, *, #109, .F. ) ;
#802 = CARTESIAN_POINT ( 'NONE',  ( 90.00000000000001421, -4.999999999999999112, 4.000000000000000000 ) ) ;
#803 = DIRECTION ( 'NONE',  ( 0.000000000000000000, 0.000000000000000000, -1.000000000000000000 ) ) ;
#804 = VERTEX_POINT ( 'NONE', #2248 ) ;
#805 = FACE_BOUND ( 'NONE', #1474, .T. ) ;
#806 = CARTESIAN_POINT ( 'NONE',  ( 35.00000000000000000, -9.000000000000000000, 4.000000000000000000 ) ) ;
#807 = CARTESIAN_POINT ( 'NONE',  ( -7.299999999999998934, 2.081899558550500033E-16, 8.000000000000000000 ) ) ;
#808 = ORIENTED_EDGE ( 'NONE', *, *, #845, .F. ) ;
#809 = ADVANCED_FACE ( 'NONE', ( #996 ), #2449, .T. ) ;
#810 = FACE_OUTER_BOUND ( 'NONE', #1830, .T. ) ;
#811 = DIRECTION ( 'NONE',  ( 1.000000000000000000, 0.000000000000000000, 0.000000000000000000 ) ) ;
#812 = EDGE_LOOP ( 'NONE', ( #551, #1715 ) ) ;
#813 = DIRECTION ( 'NONE',  ( 1.000000000000000000, 0.000000000000000000, 0.000000000000000000 ) ) ;
#814 = AXIS2_PLACEMENT_3D ( 'NONE', #1490, #705, #1531 ) ;
#815 = CARTESIAN_POINT ( 'NONE',  ( 36.60000000000000142, -9.000000000000000000, 4.000000000000003553 ) ) ;
#816 = EDGE_LOOP ( 'NONE', ( #107, #220, #2517, #884, #2204, #2305, #2465, #2631, #2624, #69, #2144, #1132, #461, #1759, #1172, #929, #1568, #324, #1072 ) ) ;
#817 = VECTOR ( 'NONE', #37, 1000.000000000000000 ) ;
#818 = CARTESIAN_POINT ( 'NONE',  ( 49.15099999999999625, -10.50000000000000000, 4.000000000000000000 ) ) ;
#819 = VECTOR ( 'NONE', #2271, 1000.000000000000000 ) ;
#820 = CYLINDRICAL_SURFACE ( 'NONE', #1953, 3.499999999999999556 ) ;
#821 = CARTESIAN_POINT ( 'NONE',  ( -3.500000000000000000, -7.000000000000000000, 8.000000000000000000 ) ) ;
#822 = ORIENTED_EDGE ( 'NONE', *, *, #974, .F. ) ;
#823 = LINE ( 'NONE', #1418, #2635 ) ;
#824 = DIRECTION ( 'NONE',  ( -0.000000000000000000, -0.000000000000000000, 1.000000000000000000 ) ) ;
#825 = VERTEX_POINT ( 'NONE', #1847 ) ;
#826 = DIRECTION ( 'NONE',  ( 1.000000000000000000, 0.000000000000000000, 0.000000000000000000 ) ) ;
#827 = EDGE_CURVE ( 'NONE', #1958, #1496, #994, .T. ) ;
#828 = AXIS2_PLACEMENT_3D ( 'NONE', #626, #1634, #1862 ) ;
#829 = ORIENTED_EDGE ( 'NONE', *, *, #2366, .F. ) ;
#830 = AXIS2_PLACEMENT_3D ( 'NONE', #1279, #2341, #2096 ) ;
#831 = CIRCLE ( 'NONE', #1223, 4.999999999999997335 ) ;
#832 = CARTESIAN_POINT ( 'NONE',  ( -9.000000000000000000, 0.000000000000000000, 8.000000000000000000 ) ) ;
#833 = DIRECTION ( 'NONE',  ( -1.000000000000000000, 0.000000000000000000, 0.000000000000000000 ) ) ;
#834 = CARTESIAN_POINT ( 'NONE',  ( 44.14999999999999858, -5.000000000000000000, 8.000000000000000000 ) ) ;
#835 = ORIENTED_EDGE ( 'NONE', *, *, #2197, .T. ) ;
#836 = VECTOR ( 'NONE', #616, 1000.000000000000000 ) ;
#837 = LINE ( 'NONE', #1260, #1000 ) ;
#838 = DIRECTION ( 'NONE',  ( -0.000000000000000000, -0.000000000000000000, 1.000000000000000000 ) ) ;
#839 = EDGE_LOOP ( 'NONE', ( #1578, #1893 ) ) ;
#840 = DIRECTION ( 'NONE',  ( 0.000000000000000000, 0.000000000000000000, 1.000000000000000000 ) ) ;
#841 = APPROVAL_DATE_TIME ( #1087, #943 ) ;
#842 = EDGE_CURVE ( 'NONE', #1718, #267, #1447, .T. ) ;
#843 = ORIENTED_EDGE ( 'NONE', *, *, #291, .F. ) ;
#844 = CARTESIAN_POINT ( 'NONE',  ( 8.000000000000001776, -3.354101966249684708, 6.000000000000000000 ) ) ;
#845 = EDGE_CURVE ( 'NONE', #102, #371, #594, .T. ) ;
#846 = CARTESIAN_POINT ( 'NONE',  ( 95.85000000000000853, -5.000000000000000000, 0.000000000000000000 ) ) ;
#847 = DIRECTION ( 'NONE',  ( 1.000000000000000000, 0.000000000000000000, 0.000000000000000000 ) ) ;
#848 = VERTEX_POINT ( 'NONE', #1457 ) ;
#849 = CARTESIAN_POINT ( 'NONE',  ( 90.84900000000000375, 10.50000000000000000, 4.000000000000000000 ) ) ;
#850 = DIRECTION ( 'NONE',  ( 0.000000000000000000, 0.000000000000000000, 1.000000000000000000 ) ) ;
#851 = DIRECTION ( 'NONE',  ( 0.000000000000000000, 0.000000000000000000, 1.000000000000000000 ) ) ;
#852 = ORIENTED_EDGE ( 'NONE', *, *, #665, .F. ) ;
#853 = LINE ( 'NONE', #1727, #399 ) ;
#854 = ORIENTED_EDGE ( 'NONE', *, *, #1225, .F. ) ;
#855 = VERTEX_POINT ( 'NONE', #2262 ) ;
#856 = ADVANCED_FACE ( 'NONE', ( #1009 ), #1237, .F. ) ;
#857 = VECTOR ( 'NONE', #2306, 1000.000000000000000 ) ;
#858 = DIRECTION ( 'NONE',  ( 1.000000000000000000, 0.000000000000000000, 0.000000000000000000 ) ) ;
#859 = LINE ( 'NONE', #1689, #2468 ) ;
#860 = FACE_OUTER_BOUND ( 'NONE', #719, .T. ) ;
#861 = VECTOR ( 'NONE', #2376, 1000.000000000000000 ) ;
#862 = ORIENTED_EDGE ( 'NONE', *, *, #1317, .T. ) ;
#863 = EDGE_CURVE ( 'NONE', #954, #797, #569, .T. ) ;
#864 = CIRCLE ( 'NONE', #2374, 1.600000000000000755 ) ;
#865 = CARTESIAN_POINT ( 'NONE',  ( 90.00000000000001421, 4.999999999999999112, 0.000000000000000000 ) ) ;
#866 = LINE ( 'NONE', #1493, #1573 ) ;
#867 = CARTESIAN_POINT ( 'NONE',  ( 25.39999999999999858, 3.000000000000000000, 0.000000000000000000 ) ) ;
#868 = ORIENTED_EDGE ( 'NONE', *, *, #715, .T. ) ;
#869 = CARTESIAN_POINT ( 'NONE',  ( 0.000000000000000000, 7.000000000000000000, 4.000000000000000000 ) ) ;
#870 = ORIENTED_EDGE ( 'NONE', *, *, #2607, .F. ) ;
#871 = ORIENTED_EDGE ( 'NONE', *, *, #1460, .T. ) ;
#872 = CIRCLE ( 'NONE', #1090, 1.699999999999993072 ) ;
#873 = DIRECTION ( 'NONE',  ( 0.000000000000000000, 0.000000000000000000, 1.000000000000000000 ) ) ;
#874 = DIRECTION ( 'NONE',  ( -0.000000000000000000, -0.000000000000000000, 1.000000000000000000 ) ) ;
#875 = LINE ( 'NONE', #1708, #1297 ) ;
#876 = ORIENTED_EDGE ( 'NONE', *, *, #2332, .T. ) ;
#877 = AXIS2_PLACEMENT_3D ( 'NONE', #1559, #1812, #2605 ) ;
#878 = DIRECTION ( 'NONE',  ( 1.000000000000000000, 0.000000000000000000, 0.000000000000000000 ) ) ;
#879 = DIRECTION ( 'NONE',  ( -1.000000000000000000, 0.000000000000000000, 0.000000000000000000 ) ) ;
#880 = DIRECTION ( 'NONE',  ( 1.000000000000000000, 0.000000000000000000, 0.000000000000000000 ) ) ;
#881 = EDGE_CURVE ( 'NONE', #1868, #483, #1134, .T. ) ;
#882 = VECTOR ( 'NONE', #1612, 1000.000000000000000 ) ;
#883 = EDGE_CURVE ( 'NONE', #1661, #954, #795, .T. ) ;
#884 = ORIENTED_EDGE ( 'NONE', *, *, #1984, .T. ) ;
#885 = DIRECTION ( 'NONE',  ( 1.000000000000000000, 0.000000000000000000, 0.000000000000000000 ) ) ;
#886 = VERTEX_POINT ( 'NONE', #1471 ) ;
#887 = ORIENTED_EDGE ( 'NONE', *, *, #1639, .T. ) ;
#888 = DIRECTION ( 'NONE',  ( 0.000000000000000000, 0.000000000000000000, 1.000000000000000000 ) ) ;
#889 = CARTESIAN_POINT ( 'NONE',  ( 36.60000000000000142, -9.000000000000000000, 4.000000000000003553 ) ) ;
#890 = DIRECTION ( 'NONE',  ( -0.000000000000000000, -0.000000000000000000, -1.000000000000000000 ) ) ;
#891 = ORIENTED_EDGE ( 'NONE', *, *, #2492, .F. ) ;
#892 = DIRECTION ( 'NONE',  ( -1.000000000000000000, 0.000000000000000000, 0.000000000000000000 ) ) ;
#893 = CARTESIAN_POINT ( 'NONE',  ( 28.60000000000000142, -3.000000000000000000, 4.000000000000003553 ) ) ;
#894 = CARTESIAN_POINT ( 'NONE',  ( 0.000000000000000000, 9.000000000000000000, 8.000000000000000000 ) ) ;
#895 = ADVANCED_FACE ( 'NONE', ( #1622 ), #2232, .T. ) ;
#896 = ORIENTED_EDGE ( 'NONE', *, *, #2213, .T. ) ;
#897 = DIRECTION ( 'NONE',  ( -1.000000000000000000, 0.000000000000000000, 0.000000000000000000 ) ) ;
#898 = EDGE_CURVE ( 'NONE', #2501, #238, #1208, .T. ) ;
#899 = ORIENTED_EDGE ( 'NONE', *, *, #1167, .F. ) ;
#900 = ORIENTED_EDGE ( 'NONE', *, *, #138, .F. ) ;
#901 = CARTESIAN_POINT ( 'NONE',  ( 8.000000000000001776, 3.354101966249684708, 8.000000000000000000 ) ) ;
#902 = CARTESIAN_POINT ( 'NONE',  ( 0.000000000000000000, -7.000000000000000000, 8.000000000000000000 ) ) ;
#903 = PLANE ( 'NONE',  #734 ) ;
#904 = EDGE_LOOP ( 'NONE', ( #2399, #2645, #1691, #2418 ) ) ;
#905 = DIRECTION ( 'NONE',  ( 1.000000000000000000, 0.000000000000000000, 0.000000000000000000 ) ) ;
#906 = AXIS2_PLACEMENT_3D ( 'NONE', #1259, #2522, #2076 ) ;
#907 = DIRECTION ( 'NONE',  ( 1.000000000000000000, 0.000000000000000000, 0.000000000000000000 ) ) ;
#908 = CARTESIAN_POINT ( 'NONE',  ( 90.00000000000000000, 15.00000000000000000, 0.000000000000000000 ) ) ;
#909 = VECTOR ( 'NONE', #1252, 1000.000000000000000 ) ;
#910 =( GEOMETRIC_REPRESENTATION_CONTEXT ( 3 ) GLOBAL_UNCERTAINTY_ASSIGNED_CONTEXT ( ( #559 ) ) GLOBAL_UNIT_ASSIGNED_CONTEXT ( ( #777, #1808, #2032 ) ) REPRESENTATION_CONTEXT ( 'NONE', 'WORKASPACE' ) );
#911 = ADVANCED_FACE ( 'NONE', ( #2134 ), #269, .T. ) ;
#912 = ORIENTED_EDGE ( 'NONE', *, *, #898, .F. ) ;
#913 = VECTOR ( 'NONE', #1198, 1000.000000000000000 ) ;
#914 = EDGE_CURVE ( 'NONE', #1539, #112, #1385, .T. ) ;
#915 = VERTEX_POINT ( 'NONE', #443 ) ;
#916 = ORIENTED_EDGE ( 'NONE', *, *, #1420, .T. ) ;
#917 = LINE ( 'NONE', #1160, #2626 ) ;
#918 = CARTESIAN_POINT ( 'NONE',  ( 35.00000000000000000, -9.000000000000000000, 0.000000000000000000 ) ) ;
#919 = CYLINDRICAL_SURFACE ( 'NONE', #2108, 16.00000000000000000 ) ;
#920 = ORIENTED_EDGE ( 'NONE', *, *, #574, .T. ) ;
#921 = DIRECTION ( 'NONE',  ( 0.000000000000000000, 0.000000000000000000, 1.000000000000000000 ) ) ;
#922 = CARTESIAN_POINT ( 'NONE',  ( 0.000000000000000000, -9.000000000000000000, 8.000000000000000000 ) ) ;
#923 = DIRECTION ( 'NONE',  ( 0.000000000000000000, 0.000000000000000000, 1.000000000000000000 ) ) ;
#924 = CIRCLE ( 'NONE', #1570, 7.000000000000000000 ) ;
#925 = CIRCLE ( 'NONE', #2429, 3.500000000000000000 ) ;
#926 = VERTEX_POINT ( 'NONE', #50 ) ;
#927 = AXIS2_PLACEMENT_3D ( 'NONE', #2046, #632, #2057 ) ;
#928 = EDGE_LOOP ( 'NONE', ( #2382, #90 ) ) ;
#929 = ORIENTED_EDGE ( 'NONE', *, *, #1455, .F. ) ;
#930 = EDGE_CURVE ( 'NONE', #2086, #764, #351, .T. ) ;
#931 = CARTESIAN_POINT ( 'NONE',  ( -1.699999999999999956, -9.000000000000000000, 8.000000000000000000 ) ) ;
#932 = FACE_BOUND ( 'NONE', #30, .T. ) ;
#933 = ORIENTED_EDGE ( 'NONE', *, *, #1655, .F. ) ;
#934 = EDGE_CURVE ( 'NONE', #213, #2008, #1707, .T. ) ;
#935 = DIRECTION ( 'NONE',  ( -1.000000000000000000, 0.000000000000000000, 0.000000000000000000 ) ) ;
#936 = CYLINDRICAL_SURFACE ( 'NONE', #1485, 4.999999999999997335 ) ;
#937 = CARTESIAN_POINT ( 'NONE',  ( 35.00000000000000000, -9.000000000000000000, 4.000000000000000000 ) ) ;
#938 = ORIENTED_EDGE ( 'NONE', *, *, #977, .T. ) ;
#939 = ORIENTED_EDGE ( 'NONE', *, *, #254, .T. ) ;
#940 = DIRECTION ( 'NONE',  ( -0.000000000000000000, -0.000000000000000000, -1.000000000000000000 ) ) ;
#941 = DIRECTION ( 'NONE',  ( 0.000000000000000000, 0.000000000000000000, -1.000000000000000000 ) ) ;
#942 = EDGE_LOOP ( 'NONE', ( #2447, #1744, #843, #2099 ) ) ;
#943 = APPROVAL ( #1482, 'UNSPECIFIED' ) ;
#944 = DIRECTION ( 'NONE',  ( 1.000000000000000000, 0.000000000000000000, 0.000000000000000000 ) ) ;
#945 = CARTESIAN_POINT ( 'NONE',  ( 7.299999999999998934, 0.000000000000000000, 8.000000000000000000 ) ) ;
#946 = FACE_BOUND ( 'NONE', #1722, .T. ) ;
#947 = ADVANCED_FACE ( 'NONE', ( #2303 ), #661, .T. ) ;
#948 = VECTOR ( 'NONE', #173, 1000.000000000000000 ) ;
#949 = VECTOR ( 'NONE', #2420, 1000.000000000000000 ) ;
#950 = ORIENTED_EDGE ( 'NONE', *, *, #842, .T. ) ;
#951 = VERTEX_POINT ( 'NONE', #889 ) ;
#952 = DIRECTION ( 'NONE',  ( -0.000000000000000000, -0.000000000000000000, 1.000000000000000000 ) ) ;
#953 = CARTESIAN_POINT ( 'NONE',  ( 42.00000000000000000, 7.000000000000000000, 0.000000000000000000 ) ) ;
#954 = VERTEX_POINT ( 'NONE', #96 ) ;
#955 = CARTESIAN_POINT ( 'NONE',  ( 47.55000000000000426, 5.000000000000000000, 0.000000000000000000 ) ) ;
#956 = CARTESIAN_POINT ( 'NONE',  ( -12.49999999999999822, 0.000000000000000000, 4.000000000000000000 ) ) ;
#957 = DIRECTION ( 'NONE',  ( 1.000000000000000000, 0.000000000000000000, 0.000000000000000000 ) ) ;
#958 = AXIS2_PLACEMENT_3D ( 'NONE', #2450, #1431, #211 ) ;
#959 = EDGE_CURVE ( 'NONE', #2664, #1210, #2483, .T. ) ;
#960 = AXIS2_PLACEMENT_3D ( 'NONE', #1433, #653, #2092 ) ;
#961 = CIRCLE ( 'NONE', #2381, 4.999999999999997335 ) ;
#962 = ADVANCED_FACE ( 'NONE', ( #1748 ), #1299, .F. ) ;
#963 = AXIS2_PLACEMENT_3D ( 'NONE', #1977, #2001, #1357 ) ;
#964 = ORIENTED_EDGE ( 'NONE', *, *, #1203, .T. ) ;
#965 = VECTOR ( 'NONE', #2061, 1000.000000000000000 ) ;
#966 = EDGE_LOOP ( 'NONE', ( #1239, #1071, #876, #933 ) ) ;
#967 = CIRCLE ( 'NONE', #755, 4.999999999999997335 ) ;
#968 = CARTESIAN_POINT ( 'NONE',  ( 3.388860427931490449, -6.125000000000000888, 6.000000000000000000 ) ) ;
#969 = ORIENTED_EDGE ( 'NONE', *, *, #2213, .F. ) ;
#970 = DIRECTION ( 'NONE',  ( -1.000000000000000000, 0.000000000000000000, 0.000000000000000000 ) ) ;
#971 = DIRECTION ( 'NONE',  ( 0.000000000000000000, 0.000000000000000000, 1.000000000000000000 ) ) ;
#972 = CARTESIAN_POINT ( 'NONE',  ( 0.000000000000000000, 0.000000000000000000, 8.000000000000000000 ) ) ;
#973 = VERTEX_POINT ( 'NONE', #1903 ) ;
#974 = EDGE_CURVE ( 'NONE', #271, #1927, #285, .T. ) ;
#975 = ORIENTED_EDGE ( 'NONE', *, *, #1956, .F. ) ;
#976 = ORIENTED_EDGE ( 'NONE', *, *, #735, .F. ) ;
#977 = EDGE_CURVE ( 'NONE', #729, #47, #1201, .T. ) ;
#978 = LINE ( 'NONE', #1222, #608 ) ;
#979 = CYLINDRICAL_SURFACE ( 'NONE', #1381, 3.500000000000000000 ) ;
#980 = ORIENTED_EDGE ( 'NONE', *, *, #827, .T. ) ;
#981 = DIRECTION ( 'NONE',  ( 0.000000000000000000, 0.000000000000000000, -1.000000000000000000 ) ) ;
#982 = DIRECTION ( 'NONE',  ( 1.000000000000000000, 0.000000000000000000, 0.000000000000000000 ) ) ;
#983 = DIRECTION ( 'NONE',  ( 1.000000000000000000, 0.000000000000000000, 0.000000000000000000 ) ) ;
#984 = EDGE_LOOP ( 'NONE', ( #1616, #2435 ) ) ;
#985 = CIRCLE ( 'NONE', #85, 1.599999999999997202 ) ;
#986 = CC_DESIGN_PERSON_AND_ORGANIZATION_ASSIGNMENT ( #1619, #359, ( #2124 ) ) ;
#987 = VECTOR ( 'NONE', #1492, 1000.000000000000000 ) ;
#988 = ORIENTED_EDGE ( 'NONE', *, *, #2154, .F. ) ;
#989 = CARTESIAN_POINT ( 'NONE',  ( 42.00000000000000000, -7.000000000000000000, 4.000000000000000000 ) ) ;
#990 = AXIS2_PLACEMENT_3D ( 'NONE', #1662, #33, #1886 ) ;
#991 = CARTESIAN_POINT ( 'NONE',  ( -6.125000000000000888, 3.388860427931489561, 8.000000000000000000 ) ) ;
#992 = EDGE_CURVE ( 'NONE', #271, #18, #1398, .T. ) ;
#993 = ORIENTED_EDGE ( 'NONE', *, *, #1179, .F. ) ;
#994 = CIRCLE ( 'NONE', #2500, 1.700000000000000178 ) ;
#995 = DIRECTION ( 'NONE',  ( 1.000000000000000000, 0.000000000000000000, 0.000000000000000000 ) ) ;
#996 = FACE_OUTER_BOUND ( 'NONE', #36, .T. ) ;
#997 = LINE ( 'NONE', #1406, #1435 ) ;
#998 = EDGE_LOOP ( 'NONE', ( #1930, #2288, #1107, #779 ) ) ;
#999 = DIRECTION ( 'NONE',  ( -1.000000000000000000, 0.000000000000000000, 0.000000000000000000 ) ) ;
#1000 = VECTOR ( 'NONE', #1891, 1000.000000000000000 ) ;
#1001 = ORIENTED_EDGE ( 'NONE', *, *, #1535, .F. ) ;
#1002 = CARTESIAN_POINT ( 'NONE',  ( -6.125000000000000888, 3.388860427931490449, 6.000000000000000000 ) ) ;
#1003 = AXIS2_PLACEMENT_3D ( 'NONE', #2401, #1802, #1766 ) ;
#1004 = PERSON_AND_ORGANIZATION ( #522, #93 ) ;
#1005 = VECTOR ( 'NONE', #480, 1000.000000000000000 ) ;
#1006 = ORIENTED_EDGE ( 'NONE', *, *, #1117, .F. ) ;
#1007 = EDGE_CURVE ( 'NONE', #600, #1272, #2003, .T. ) ;
#1008 = DIRECTION ( 'NONE',  ( 1.000000000000000000, 0.000000000000000000, 0.000000000000000000 ) ) ;
#1009 = FACE_OUTER_BOUND ( 'NONE', #1387, .T. ) ;
#1010 = CARTESIAN_POINT ( 'NONE',  ( 28.60000000000000142, 3.000000000000000000, 4.000000000000003553 ) ) ;
#1011 = ORIENTED_EDGE ( 'NONE', *, *, #1508, .T. ) ;
#1012 = ADVANCED_FACE ( 'NONE', ( #1270 ), #79, .T. ) ;
#1013 = CARTESIAN_POINT ( 'NONE',  ( 9.000000000000000000, 0.000000000000000000, 4.000000000000000000 ) ) ;
#1014 = CARTESIAN_POINT ( 'NONE',  ( 45.85000000000000142, -5.000000000000000000, 4.000000000000000000 ) ) ;
#1015 = ORIENTED_EDGE ( 'NONE', *, *, #1764, .T. ) ;
#1016 = CARTESIAN_POINT ( 'NONE',  ( 0.000000000000000000, 0.000000000000000000, 8.000000000000000000 ) ) ;
#1017 = ORIENTED_EDGE ( 'NONE', *, *, #250, .F. ) ;
#1018 = DIRECTION ( 'NONE',  ( -1.000000000000000000, 0.000000000000000000, 0.000000000000000000 ) ) ;
#1019 = DIRECTION ( 'NONE',  ( -1.000000000000000000, 0.000000000000000000, 0.000000000000000000 ) ) ;
#1020 = DIRECTION ( 'NONE',  ( 0.000000000000000000, 1.000000000000000000, 0.000000000000000000 ) ) ;
#1021 = EDGE_CURVE ( 'NONE', #47, #1539, #241, .T. ) ;
#1022 = ORIENTED_EDGE ( 'NONE', *, *, #1103, .T. ) ;
#1023 = DIRECTION ( 'NONE',  ( 1.000000000000000000, 0.000000000000000000, 0.000000000000000000 ) ) ;
#1024 = CARTESIAN_POINT ( 'NONE',  ( 7.000000000000000000, 0.000000000000000000, 4.000000000000000000 ) ) ;
#1025 = ADVANCED_FACE ( 'NONE', ( #1062 ), #255, .F. ) ;
#1026 = EDGE_LOOP ( 'NONE', ( #1118, #1367, #993, #1905 ) ) ;
#1027 = VECTOR ( 'NONE', #1581, 1000.000000000000000 ) ;
#1028 = CYLINDRICAL_SURFACE ( 'NONE', #1756, 7.000000000000000000 ) ;
#1029 = AXIS2_PLACEMENT_3D ( 'NONE', #2508, #692, #905 ) ;
#1030 = EDGE_LOOP ( 'NONE', ( #1423, #1970, #470, #854 ) ) ;
#1031 = DIRECTION ( 'NONE',  ( 0.000000000000000000, 0.000000000000000000, -1.000000000000000000 ) ) ;
#1032 = CIRCLE ( 'NONE', #1644, 3.500000000000000000 ) ;
#1033 = DIRECTION ( 'NONE',  ( 0.000000000000000000, 0.000000000000000000, -1.000000000000000000 ) ) ;
#1034 = CARTESIAN_POINT ( 'NONE',  ( 100.0000000000000000, 4.999999999999997335, 4.000000000000000000 ) ) ;
#1035 = ORIENTED_EDGE ( 'NONE', *, *, #204, .F. ) ;
#1036 = AXIS2_PLACEMENT_3D ( 'NONE', #474, #1076, #1123 ) ;
#1037 = DIRECTION ( 'NONE',  ( 0.000000000000000000, 0.000000000000000000, 1.000000000000000000 ) ) ;
#1038 = CARTESIAN_POINT ( 'NONE',  ( 0.000000000000000000, 0.000000000000000000, 0.000000000000000000 ) ) ;
#1039 = EDGE_CURVE ( 'NONE', #1338, #670, #859, .T. ) ;
#1040 = ORIENTED_EDGE ( 'NONE', *, *, #1550, .T. ) ;
#1041 = DIRECTION ( 'NONE',  ( 0.000000000000000000, 0.000000000000000000, 1.000000000000000000 ) ) ;
#1042 = EDGE_CURVE ( 'NONE', #22, #855, #831, .T. ) ;
#1043 = PERSON_AND_ORGANIZATION_ROLE ( 'creator' ) ;
#1044 = VERTEX_POINT ( 'NONE', #11 ) ;
#1045 = AXIS2_PLACEMENT_3D ( 'NONE', #408, #1679, #2077 ) ;
#1046 = AXIS2_PLACEMENT_3D ( 'NONE', #894, #1695, #290 ) ;
#1047 = DIRECTION ( 'NONE',  ( 0.000000000000000000, 0.000000000000000000, 1.000000000000000000 ) ) ;
#1048 = CARTESIAN_POINT ( 'NONE',  ( -9.000000000000000000, 0.000000000000000000, 8.000000000000000000 ) ) ;
#1049 = DIRECTION ( 'NONE',  ( 1.000000000000000000, 0.000000000000000000, 0.000000000000000000 ) ) ;
#1050 = EDGE_LOOP ( 'NONE', ( #673, #1524 ) ) ;
#1051 = CIRCLE ( 'NONE', #1794, 3.500000000000000000 ) ;
#1052 = CARTESIAN_POINT ( 'NONE',  ( 1.699999999999999956, 9.000000000000000000, 0.000000000000000000 ) ) ;
#1053 = LINE ( 'NONE', #2064, #2040 ) ;
#1054 = DIRECTION ( 'NONE',  ( -0.000000000000000000, -0.000000000000000000, 1.000000000000000000 ) ) ;
#1055 = EDGE_CURVE ( 'NONE', #1533, #2086, #420, .T. ) ;
#1056 = ORIENTED_EDGE ( 'NONE', *, *, #429, .T. ) ;
#1057 = LINE ( 'NONE', #1480, #2598 ) ;
#1058 = EDGE_CURVE ( 'NONE', #314, #752, #1486, .T. ) ;
#1059 = VERTEX_POINT ( 'NONE', #2481 ) ;
#1060 = ORIENTED_EDGE ( 'NONE', *, *, #2365, .T. ) ;
#1061 = CYLINDRICAL_SURFACE ( 'NONE', #2586, 1.700000000000000178 ) ;
#1062 = FACE_OUTER_BOUND ( 'NONE', #1929, .T. ) ;
#1063 = DIRECTION ( 'NONE',  ( -0.000000000000000000, -0.000000000000000000, 1.000000000000000000 ) ) ;
#1064 = ORIENTED_EDGE ( 'NONE', *, *, #2078, .T. ) ;
#1065 = DIRECTION ( 'NONE',  ( 0.000000000000000000, 0.000000000000000000, -1.000000000000000000 ) ) ;
#1066 = CARTESIAN_POINT ( 'NONE',  ( 51.79795897113271508, -4.999999999999999112, 0.000000000000000000 ) ) ;
#1067 = DIRECTION ( 'NONE',  ( -1.000000000000000000, 0.000000000000000000, 0.000000000000000000 ) ) ;
#1068 = ORIENTED_EDGE ( 'NONE', *, *, #1535, .T. ) ;
#1069 = FACE_OUTER_BOUND ( 'NONE', #1631, .T. ) ;
#1070 = APPROVAL_ROLE ( '' ) ;
#1071 = ORIENTED_EDGE ( 'NONE', *, *, #1643, .T. ) ;
#1072 = ORIENTED_EDGE ( 'NONE', *, *, #2197, .F. ) ;
#1073 = AXIS2_PLACEMENT_3D ( 'NONE', #1608, #584, #2222 ) ;
#1074 = ADVANCED_FACE ( 'NONE', ( #178 ), #2430, .F. ) ;
#1075 = CARTESIAN_POINT ( 'NONE',  ( 92.45000000000001705, -5.000000000000000000, 8.000000000000000000 ) ) ;
#1076 = DIRECTION ( 'NONE',  ( 0.000000000000000000, 0.000000000000000000, 1.000000000000000000 ) ) ;
#1077 = DIRECTION ( 'NONE',  ( -1.000000000000000000, 0.000000000000000000, 0.000000000000000000 ) ) ;
#1078 = VECTOR ( 'NONE', #2625, 1000.000000000000000 ) ;
#1079 = ORIENTED_EDGE ( 'NONE', *, *, #3, .T. ) ;
#1080 = AXIS2_PLACEMENT_3D ( 'NONE', #2209, #981, #2231 ) ;
#1081 = CARTESIAN_POINT ( 'NONE',  ( 42.00000000000000000, 7.000000000000000000, 4.000000000000000000 ) ) ;
#1082 = CYLINDRICAL_SURFACE ( 'NONE', #60, 4.999999999999997335 ) ;
#1083 = CARTESIAN_POINT ( 'NONE',  ( 40.00000000000000000, 9.000000000000000000, 4.000000000000000000 ) ) ;
#1084 = AXIS2_PLACEMENT_3D ( 'NONE', #1048, #2060, #2661 ) ;
#1085 = VERTEX_POINT ( 'NONE', #613 ) ;
#1086 = LINE ( 'NONE', #467, #1913 ) ;
#1087 = DATE_AND_TIME ( #423, #2125 ) ;
#1088 = ORIENTED_EDGE ( 'NONE', *, *, #1714, .F. ) ;
#1089 = ORIENTED_EDGE ( 'NONE', *, *, #881, .F. ) ;
#1090 = AXIS2_PLACEMENT_3D ( 'NONE', #2051, #1189, #2038 ) ;
#1091 = DIRECTION ( 'NONE',  ( 0.000000000000000000, 0.000000000000000000, -1.000000000000000000 ) ) ;
#1092 = CARTESIAN_POINT ( 'NONE',  ( 9.000000000000000000, 0.000000000000000000, 8.000000000000000000 ) ) ;
#1093 = DIRECTION ( 'NONE',  ( 0.000000000000000000, 0.000000000000000000, 1.000000000000000000 ) ) ;
#1094 = VECTOR ( 'NONE', #1308, 1000.000000000000000 ) ;
#1095 = VERTEX_POINT ( 'NONE', #1242 ) ;
#1096 = EDGE_CURVE ( 'NONE', #915, #743, #1658, .T. ) ;
#1097 = AXIS2_PLACEMENT_3D ( 'NONE', #1419, #2654, #2278 ) ;
#1098 = VECTOR ( 'NONE', #533, 1000.000000000000000 ) ;
#1099 = DIRECTION ( 'NONE',  ( 0.000000000000000000, 0.000000000000000000, 1.000000000000000000 ) ) ;
#1100 = CARTESIAN_POINT ( 'NONE',  ( 92.45000000000001705, -5.000000000000000000, 0.000000000000000000 ) ) ;
#1101 = CARTESIAN_POINT ( 'NONE',  ( -7.000000000000000000, 0.000000000000000000, 8.000000000000000000 ) ) ;
#1102 = CIRCLE ( 'NONE', #1439, 4.999999999999997335 ) ;
#1103 = EDGE_CURVE ( 'NONE', #1718, #1587, #450, .T. ) ;
#1104 = AXIS2_PLACEMENT_3D ( 'NONE', #1912, #1525, #682 ) ;
#1105 = VERTEX_POINT ( 'NONE', #1451 ) ;
#1106 = CYLINDRICAL_SURFACE ( 'NONE', #2251, 1.699999999999993072 ) ;
#1107 = ORIENTED_EDGE ( 'NONE', *, *, #1334, .T. ) ;
#1108 = EDGE_LOOP ( 'NONE', ( #1545, #575 ) ) ;
#1109 = DIRECTION ( 'NONE',  ( 1.000000000000000000, 0.000000000000000000, 0.000000000000000000 ) ) ;
#1110 = DIRECTION ( 'NONE',  ( 0.000000000000000000, 0.000000000000000000, 1.000000000000000000 ) ) ;
#1111 = CYLINDRICAL_SURFACE ( 'NONE', #259, 1.699999999999999956 ) ;
#1112 = EDGE_LOOP ( 'NONE', ( #1504, #309, #2085, #393 ) ) ;
#1113 = EDGE_CURVE ( 'NONE', #659, #763, #1627, .T. ) ;
#1114 = DIRECTION ( 'NONE',  ( 1.000000000000000000, 0.000000000000000000, 0.000000000000000000 ) ) ;
#1115 = DIRECTION ( 'NONE',  ( 0.000000000000000000, 0.000000000000000000, 1.000000000000000000 ) ) ;
#1116 = CARTESIAN_POINT ( 'NONE',  ( 0.000000000000000000, 9.000000000000000000, 4.000000000000000000 ) ) ;
#1117 = EDGE_CURVE ( 'NONE', #1407, #684, #407, .T. ) ;
#1118 = ORIENTED_EDGE ( 'NONE', *, *, #720, .F. ) ;
#1119 = CARTESIAN_POINT ( 'NONE',  ( 1.699999999999999956, 9.000000000000000000, 8.000000000000000000 ) ) ;
#1120 = EDGE_LOOP ( 'NONE', ( #2521, #1821, #164, #1224 ) ) ;
#1121 = ORIENTED_EDGE ( 'NONE', *, *, #511, .T. ) ;
#1122 = CARTESIAN_POINT ( 'NONE',  ( 3.500000000000000000, -9.000000000000000000, 8.000000000000000000 ) ) ;
#1123 = DIRECTION ( 'NONE',  ( 1.000000000000000000, 0.000000000000000000, 0.000000000000000000 ) ) ;
#1124 = FACE_OUTER_BOUND ( 'NONE', #1159, .T. ) ;
#1125 = ORIENTED_EDGE ( 'NONE', *, *, #863, .T. ) ;
#1126 = AXIS2_PLACEMENT_3D ( 'NONE', #2074, #890, #2287 ) ;
#1127 = DIRECTION ( 'NONE',  ( -1.000000000000000000, 0.000000000000000000, 0.000000000000000000 ) ) ;
#1128 = VECTOR ( 'NONE', #1031, 1000.000000000000000 ) ;
#1129 = DIRECTION ( 'NONE',  ( 1.000000000000000000, 0.000000000000000000, 0.000000000000000000 ) ) ;
#1130 = CARTESIAN_POINT ( 'NONE',  ( 35.00000000000000000, -9.000000000000000000, 0.000000000000000000 ) ) ;
#1131 = AXIS2_PLACEMENT_3D ( 'NONE', #2560, #1339, #1960 ) ;
#1132 = ORIENTED_EDGE ( 'NONE', *, *, #1007, .F. ) ;
#1133 = ADVANCED_FACE ( 'NONE', ( #1840 ), #2644, .F. ) ;
#1134 = CIRCLE ( 'NONE', #2630, 1.699999999999993072 ) ;
#1135 = ORIENTED_EDGE ( 'NONE', *, *, #1280, .T. ) ;
#1136 = VERTEX_POINT ( 'NONE', #598 ) ;
#1137 = ADVANCED_FACE ( 'NONE', ( #641 ), #630, .F. ) ;
#1138 = DIRECTION ( 'NONE',  ( 1.000000000000000000, 0.000000000000000000, 0.000000000000000000 ) ) ;
#1139 = DIRECTION ( 'NONE',  ( -0.000000000000000000, -0.000000000000000000, -1.000000000000000000 ) ) ;
#1140 = ORIENTED_EDGE ( 'NONE', *, *, #291, .T. ) ;
#1141 = CARTESIAN_POINT ( 'NONE',  ( 7.299999999999998934, 0.000000000000000000, 8.000000000000000000 ) ) ;
#1142 = AXIS2_PLACEMENT_3D ( 'NONE', #100, #260, #2552 ) ;
#1143 = CARTESIAN_POINT ( 'NONE',  ( 0.000000000000000000, 7.000000000000000000, 8.000000000000000000 ) ) ;
#1144 = CARTESIAN_POINT ( 'NONE',  ( 4.000000000000000000, 4.898587196589412829E-16, 4.000000000000003553 ) ) ;
#1145 = AXIS2_PLACEMENT_3D ( 'NONE', #1775, #745, #1789 ) ;
#1146 = AXIS2_PLACEMENT_3D ( 'NONE', #1333, #277, #1306 ) ;
#1147 = ORIENTED_EDGE ( 'NONE', *, *, #2226, .T. ) ;
#1148 = EDGE_CURVE ( 'NONE', #2145, #2641, #1267, .T. ) ;
#1149 = ORIENTED_EDGE ( 'NONE', *, *, #2525, .T. ) ;
#1150 = CYLINDRICAL_SURFACE ( 'NONE', #1615, 3.500000000000000000 ) ;
#1151 = FACE_OUTER_BOUND ( 'NONE', #179, .T. ) ;
#1152 = EDGE_CURVE ( 'NONE', #2357, #2356, #144, .T. ) ;
#1153 = FACE_OUTER_BOUND ( 'NONE', #2458, .T. ) ;
#1154 = EDGE_LOOP ( 'NONE', ( #1413, #370, #421, #1175 ) ) ;
#1155 = CARTESIAN_POINT ( 'NONE',  ( 90.00000000000001421, -4.999999999999999112, 0.000000000000000000 ) ) ;
#1156 = CARTESIAN_POINT ( 'NONE',  ( 0.000000000000000000, 7.000000000000000000, 0.000000000000000000 ) ) ;
#1157 = CARTESIAN_POINT ( 'NONE',  ( 45.85000000000000142, 5.000000000000000000, 8.000000000000000000 ) ) ;
#1158 = VERTEX_POINT ( 'NONE', #409 ) ;
#1159 = EDGE_LOOP ( 'NONE', ( #196, #1949, #133, #1665 ) ) ;
#1160 = CARTESIAN_POINT ( 'NONE',  ( 40.00000000000000000, -9.000000000000000000, 4.000000000000000000 ) ) ;
#1161 = CARTESIAN_POINT ( 'NONE',  ( 0.000000000000000000, 7.000000000000000000, 4.000000000000000000 ) ) ;
#1162 = ORIENTED_EDGE ( 'NONE', *, *, #2239, .T. ) ;
#1163 = EDGE_CURVE ( 'NONE', #2597, #1702, #360, .T. ) ;
#1164 = DIRECTION ( 'NONE',  ( -0.000000000000000000, -0.000000000000000000, 1.000000000000000000 ) ) ;
#1165 = CARTESIAN_POINT ( 'NONE',  ( 49.15099999999999625, 10.50000000000000000, 0.000000000000000000 ) ) ;
#1166 = PLANE ( 'NONE',  #791 ) ;
#1167 = EDGE_CURVE ( 'NONE', #1625, #1927, #1871, .T. ) ;
#1168 = VECTOR ( 'NONE', #159, 1000.000000000000000 ) ;
#1169 = AXIS2_PLACEMENT_3D ( 'NONE', #2104, #652, #1475 ) ;
#1170 = VECTOR ( 'NONE', #1284, 1000.000000000000000 ) ;
#1171 = EDGE_LOOP ( 'NONE', ( #627, #852, #2169, #15 ) ) ;
#1172 = ORIENTED_EDGE ( 'NONE', *, *, #323, .F. ) ;
#1173 = PERSON_AND_ORGANIZATION ( #522, #93 ) ;
#1174 = DIRECTION ( 'NONE',  ( -0.000000000000000000, 1.000000000000000000, 0.000000000000000000 ) ) ;
#1175 = ORIENTED_EDGE ( 'NONE', *, *, #2289, .T. ) ;
#1176 = CARTESIAN_POINT ( 'NONE',  ( 14.38749456993815734, -7.000000000000000000, 0.000000000000000000 ) ) ;
#1177 = DIRECTION ( 'NONE',  ( -0.000000000000000000, -0.000000000000000000, -1.000000000000000000 ) ) ;
#1178 = LINE ( 'NONE', #1595, #2339 ) ;
#1179 = EDGE_CURVE ( 'NONE', #2098, #517, #377, .T. ) ;
#1180 = EDGE_CURVE ( 'NONE', #743, #279, #217, .T. ) ;
#1181 = AXIS2_PLACEMENT_3D ( 'NONE', #1489, #1887, #34 ) ;
#1182 = ORIENTED_EDGE ( 'NONE', *, *, #1883, .T. ) ;
#1183 = DIRECTION ( 'NONE',  ( 0.000000000000000000, 0.000000000000000000, 1.000000000000000000 ) ) ;
#1184 = CIRCLE ( 'NONE', #1618, 4.999999999999997335 ) ;
#1185 = LINE ( 'NONE', #2010, #1168 ) ;
#1186 = ORIENTED_EDGE ( 'NONE', *, *, #2019, .T. ) ;
#1187 = DIRECTION ( 'NONE',  ( 1.000000000000000000, 0.000000000000000000, -0.000000000000000000 ) ) ;
#1188 = CARTESIAN_POINT ( 'NONE',  ( 49.15099999999999625, 0.000000000000000000, 4.000000000000000000 ) ) ;
#1189 = DIRECTION ( 'NONE',  ( -0.000000000000000000, -0.000000000000000000, 1.000000000000000000 ) ) ;
#1190 = ORIENTED_EDGE ( 'NONE', *, *, #454, .F. ) ;
#1191 = CC_DESIGN_PERSON_AND_ORGANIZATION_ASSIGNMENT ( #1173, #1994, ( #1670 ) ) ;
#1192 = EDGE_CURVE ( 'NONE', #752, #314, #1964, .T. ) ;
#1193 = VERTEX_POINT ( 'NONE', #654 ) ;
#1194 = ORIENTED_EDGE ( 'NONE', *, *, #1940, .F. ) ;
#1195 = LINE ( 'NONE', #2407, #2067 ) ;
#1196 = EDGE_LOOP ( 'NONE', ( #615, #1577, #8, #4 ) ) ;
#1197 = FACE_OUTER_BOUND ( 'NONE', #333, .T. ) ;
#1198 = DIRECTION ( 'NONE',  ( 0.000000000000000000, 0.000000000000000000, -1.000000000000000000 ) ) ;
#1199 = CYLINDRICAL_SURFACE ( 'NONE', #2538, 3.500000000000000000 ) ;
#1200 = ORIENTED_EDGE ( 'NONE', *, *, #201, .F. ) ;
#1201 = CIRCLE ( 'NONE', #1791, 3.499999999999999556 ) ;
#1202 = CARTESIAN_POINT ( 'NONE',  ( 14.38749456993815734, -7.000000000000000000, 4.000000000000000000 ) ) ;
#1203 = EDGE_CURVE ( 'NONE', #855, #1085, #1925, .T. ) ;
#1204 = EDGE_LOOP ( 'NONE', ( #685, #1856 ) ) ;
#1205 = DIRECTION ( 'NONE',  ( 0.000000000000000000, 0.000000000000000000, -1.000000000000000000 ) ) ;
#1206 = CIRCLE ( 'NONE', #1561, 3.500000000000000000 ) ;
#1207 = DIRECTION ( 'NONE',  ( 1.000000000000000000, 0.000000000000000000, 0.000000000000000000 ) ) ;
#1208 = CIRCLE ( 'NONE', #390, 1.700000000000000178 ) ;
#1209 = ADVANCED_FACE ( 'NONE', ( #510 ), #495, .T. ) ;
#1210 = VERTEX_POINT ( 'NONE', #1322 ) ;
#1211 = DIRECTION ( 'NONE',  ( -1.000000000000000000, 0.000000000000000000, 0.000000000000000000 ) ) ;
#1212 = CYLINDRICAL_SURFACE ( 'NONE', #1084, 3.499999999999999556 ) ;
#1213 = FACE_OUTER_BOUND ( 'NONE', #2068, .T. ) ;
#1214 = EDGE_LOOP ( 'NONE', ( #1483, #1620 ) ) ;
#1215 = DIRECTION ( 'NONE',  ( 0.000000000000000000, 0.000000000000000000, 1.000000000000000000 ) ) ;
#1216 = DIRECTION ( 'NONE',  ( 0.000000000000000000, 0.000000000000000000, 1.000000000000000000 ) ) ;
#1217 = AXIS2_PLACEMENT_3D ( 'NONE', #1462, #799, #2252 ) ;
#1218 = VERTEX_POINT ( 'NONE', #72 ) ;
#1219 = CARTESIAN_POINT ( 'NONE',  ( -3.500000000000000000, -7.000000000000000000, 8.000000000000000000 ) ) ;
#1220 = AXIS2_PLACEMENT_3D ( 'NONE', #2627, #769, #331 ) ;
#1221 = EDGE_CURVE ( 'NONE', #1136, #2168, #1102, .T. ) ;
#1222 = CARTESIAN_POINT ( 'NONE',  ( 42.00000000000000000, -15.00000000000000000, 4.000000000000000000 ) ) ;
#1223 = AXIS2_PLACEMENT_3D ( 'NONE', #2042, #2237, #193 ) ;
#1224 = ORIENTED_EDGE ( 'NONE', *, *, #1163, .F. ) ;
#1225 = EDGE_CURVE ( 'NONE', #2656, #293, #25, .T. ) ;
#1226 = CARTESIAN_POINT ( 'NONE',  ( 33.40000000000000568, 9.000000000000000000, 4.000000000000003553 ) ) ;
#1227 = DIRECTION ( 'NONE',  ( 1.000000000000000000, 0.000000000000000000, 0.000000000000000000 ) ) ;
#1228 = FACE_OUTER_BOUND ( 'NONE', #1026, .T. ) ;
#1229 = VERTEX_POINT ( 'NONE', #867 ) ;
#1230 = DIRECTION ( 'NONE',  ( -0.000000000000000000, -0.000000000000000000, -1.000000000000000000 ) ) ;
#1231 = CARTESIAN_POINT ( 'NONE',  ( 7.000000000000000000, 0.000000000000000000, 8.000000000000000000 ) ) ;
#1232 = ORIENTED_EDGE ( 'NONE', *, *, #237, .T. ) ;
#1233 = CYLINDRICAL_SURFACE ( 'NONE', #149, 9.999999999999994671 ) ;
#1234 = PERSON_AND_ORGANIZATION_ROLE ( 'classification_officer' ) ;
#1235 = ORIENTED_EDGE ( 'NONE', *, *, #1938, .F. ) ;
#1236 = DIRECTION ( 'NONE',  ( 0.000000000000000000, 0.000000000000000000, -1.000000000000000000 ) ) ;
#1237 = CYLINDRICAL_SURFACE ( 'NONE', #1428, 1.700000000000000178 ) ;
#1238 = DIRECTION ( 'NONE',  ( -1.000000000000000000, -8.673617379884040402E-16, 0.000000000000000000 ) ) ;
#1239 = ORIENTED_EDGE ( 'NONE', *, *, #2559, .F. ) ;
#1240 = ADVANCED_FACE ( 'NONE', ( #2292 ), #1713, .T. ) ;
#1241 = DIRECTION ( 'NONE',  ( 1.000000000000000000, 0.000000000000000000, 0.000000000000000000 ) ) ;
#1242 = CARTESIAN_POINT ( 'NONE',  ( 30.00000000000000711, 9.000000000000000000, 4.000000000000000000 ) ) ;
#1243 = EDGE_CURVE ( 'NONE', #1229, #1845, #191, .T. ) ;
#1244 = ORIENTED_EDGE ( 'NONE', *, *, #1731, .F. ) ;
#1245 = CIRCLE ( 'NONE', #2324, 1.699999999999993072 ) ;
#1246 = DIRECTION ( 'NONE',  ( -1.000000000000000000, 0.000000000000000000, 0.000000000000000000 ) ) ;
#1247 = CIRCLE ( 'NONE', #906, 7.000000000000000000 ) ;
#1248 = DATE_TIME_ROLE ( 'classification_date' ) ;
#1249 = EDGE_LOOP ( 'NONE', ( #822, #1372, #2216, #1316 ) ) ;
#1250 = VECTOR ( 'NONE', #1860, 1000.000000000000000 ) ;
#1251 = AXIS2_PLACEMENT_3D ( 'NONE', #675, #2333, #298 ) ;
#1252 = DIRECTION ( 'NONE',  ( 0.000000000000000000, 0.000000000000000000, -1.000000000000000000 ) ) ;
#1253 = AXIS2_PLACEMENT_3D ( 'NONE', #182, #169, #396 ) ;
#1254 = FACE_OUTER_BOUND ( 'NONE', #596, .T. ) ;
#1255 = CARTESIAN_POINT ( 'NONE',  ( 90.00000000000001421, -4.999999999999999112, 4.000000000000000000 ) ) ;
#1256 = ORIENTED_EDGE ( 'NONE', *, *, #1361, .T. ) ;
#1257 = AXIS2_PLACEMENT_3D ( 'NONE', #647, #1835, #2639 ) ;
#1258 = ADVANCED_FACE ( 'NONE', ( #2093 ), #2553, .F. ) ;
#1259 = CARTESIAN_POINT ( 'NONE',  ( 0.000000000000000000, 0.000000000000000000, 4.000000000000000000 ) ) ;
#1260 = CARTESIAN_POINT ( 'NONE',  ( 42.00000000000000000, -15.00000000000000000, 0.000000000000000000 ) ) ;
#1261 = DIRECTION ( 'NONE',  ( 0.000000000000000000, 0.000000000000000000, 1.000000000000000000 ) ) ;
#1262 = EDGE_CURVE ( 'NONE', #293, #235, #2044, .T. ) ;
#1263 = EDGE_LOOP ( 'NONE', ( #829, #2415 ) ) ;
#1264 = CARTESIAN_POINT ( 'NONE',  ( -8.000000000000000000, -3.354101966249684263, 4.000000000000000000 ) ) ;
#1265 = EDGE_LOOP ( 'NONE', ( #376, #257, #367, #775, #1781, #2090, #2648, #620, #1592, #1968, #644, #74, #2343, #868, #714, #1672, #1449, #489, #871 ) ) ;
#1266 = CIRCLE ( 'NONE', #446, 1.700000000000000178 ) ;
#1267 = CIRCLE ( 'NONE', #1097, 4.999999999999997335 ) ;
#1268 = CARTESIAN_POINT ( 'NONE',  ( 0.000000000000000000, 0.000000000000000000, 8.000000000000000000 ) ) ;
#1269 = CLOSED_SHELL ( 'NONE', ( #962, #524, #1377, #2315, #798, #14, #911, #2183, #1579, #1133, #369, #1743, #418, #1074, #308, #2575, #699, #568, #809, #2327, #2460, #2393, #2137, #1866, #1870, #397, #2120, #1841, #1335, #1820, #1673, #1012, #1628, #1795, #1347, #2083, #2487, #1209, #32, #1425, #1442, #355, #1258, #1511, #1780, #2579, #2411, #895, #776, #170, #88, #2260, #1137, #1610, #1025, #2669, #1586, #125, #413, #2457, #1805, #1240, #947, #856, #215, #2170, #1373, #507, #1954, #781, #2311, #1575, #2352, #1605, #2379 ) ) ;
#1270 = FACE_OUTER_BOUND ( 'NONE', #1171, .T. ) ;
#1271 = FACE_OUTER_BOUND ( 'NONE', #431, .T. ) ;
#1272 = VERTEX_POINT ( 'NONE', #84 ) ;
#1273 = CIRCLE ( 'NONE', #110, 3.500000000000000000 ) ;
#1274 = DIRECTION ( 'NONE',  ( 1.000000000000000000, 0.000000000000000000, 0.000000000000000000 ) ) ;
#1275 = CARTESIAN_POINT ( 'NONE',  ( 0.000000000000000000, 0.000000000000000000, 0.000000000000000000 ) ) ;
#1276 = CARTESIAN_POINT ( 'NONE',  ( 30.41742430504416461, 7.000000000000000000, 4.000000000000000000 ) ) ;
#1277 = EDGE_CURVE ( 'NONE', #1650, #567, #449, .T. ) ;
#1278 = ORIENTED_EDGE ( 'NONE', *, *, #1777, .T. ) ;
#1279 = CARTESIAN_POINT ( 'NONE',  ( 45.85000000000000142, 5.000000000000000000, 0.000000000000000000 ) ) ;
#1280 = EDGE_CURVE ( 'NONE', #18, #271, #2603, .T. ) ;
#1281 = PERSON_AND_ORGANIZATION ( #522, #93 ) ;
#1282 = ORIENTED_EDGE ( 'NONE', *, *, #2594, .T. ) ;
#1283 = ORIENTED_EDGE ( 'NONE', *, *, #635, .F. ) ;
#1284 = DIRECTION ( 'NONE',  ( 1.000000000000000000, 0.000000000000000000, 0.000000000000000000 ) ) ;
#1285 = DIRECTION ( 'NONE',  ( 0.000000000000000000, 0.000000000000000000, 1.000000000000000000 ) ) ;
#1286 = DIRECTION ( 'NONE',  ( -0.000000000000000000, -0.000000000000000000, 1.000000000000000000 ) ) ;
#1287 = ORIENTED_EDGE ( 'NONE', *, *, #1055, .T. ) ;
#1288 = DIRECTION ( 'NONE',  ( -0.000000000000000000, -0.000000000000000000, -1.000000000000000000 ) ) ;
#1289 = CYLINDRICAL_SURFACE ( 'NONE', #1611, 3.500000000000000000 ) ;
#1290 = DIRECTION ( 'NONE',  ( -0.000000000000000000, -0.000000000000000000, -1.000000000000000000 ) ) ;
#1291 = VERTEX_POINT ( 'NONE', #2510 ) ;
#1292 = CARTESIAN_POINT ( 'NONE',  ( 94.15000000000000568, 5.000000000000000000, 8.000000000000000000 ) ) ;
#1293 = PERSON_AND_ORGANIZATION ( #522, #93 ) ;
#1294 = EDGE_CURVE ( 'NONE', #1745, #1772, #1360, .T. ) ;
#1295 = ORIENTED_EDGE ( 'NONE', *, *, #1940, .T. ) ;
#1296 = VERTEX_POINT ( 'NONE', #1494 ) ;
#1297 = VECTOR ( 'NONE', #676, 1000.000000000000000 ) ;
#1298 = DIRECTION ( 'NONE',  ( 0.000000000000000000, 0.000000000000000000, -1.000000000000000000 ) ) ;
#1299 = CYLINDRICAL_SURFACE ( 'NONE', #473, 1.700000000000000178 ) ;
#1300 = CARTESIAN_POINT ( 'NONE',  ( 0.000000000000000000, 7.000000000000000000, 8.000000000000000000 ) ) ;
#1301 = AXIS2_PLACEMENT_3D ( 'NONE', #2022, #1811, #1621 ) ;
#1302 = ORIENTED_EDGE ( 'NONE', *, *, #1478, .T. ) ;
#1303 = VECTOR ( 'NONE', #940, 1000.000000000000000 ) ;
#1304 = CARTESIAN_POINT ( 'NONE',  ( -3.354101966249685152, 8.000000000000000000, 6.000000000000000000 ) ) ;
#1305 = CARTESIAN_POINT ( 'NONE',  ( 35.00000000000000000, 9.000000000000000000, 4.000000000000000000 ) ) ;
#1306 = DIRECTION ( 'NONE',  ( 0.000000000000000000, -0.000000000000000000, 1.000000000000000000 ) ) ;
#1307 = VERTEX_POINT ( 'NONE', #2123 ) ;
#1308 = DIRECTION ( 'NONE',  ( -0.000000000000000000, -0.000000000000000000, -1.000000000000000000 ) ) ;
#1309 = ORIENTED_EDGE ( 'NONE', *, *, #619, .T. ) ;
#1310 = EDGE_LOOP ( 'NONE', ( #2155, #2130, #605, #969 ) ) ;
#1311 = AXIS2_PLACEMENT_3D ( 'NONE', #1458, #388, #1813 ) ;
#1312 = CARTESIAN_POINT ( 'NONE',  ( 49.15099999999999625, 10.50000000000000000, 8.000000000000000000 ) ) ;
#1313 = DIRECTION ( 'NONE',  ( -1.000000000000000000, 0.000000000000000000, 0.000000000000000000 ) ) ;
#1314 = CARTESIAN_POINT ( 'NONE',  ( 100.0000000000000000, -15.00000000000000000, 4.000000000000000000 ) ) ;
#1315 = AXIS2_PLACEMENT_3D ( 'NONE', #1066, #2236, #391 ) ;
#1316 = ORIENTED_EDGE ( 'NONE', *, *, #2115, .F. ) ;
#1317 = EDGE_CURVE ( 'NONE', #697, #1336, #1752, .T. ) ;
#1318 = AXIS2_PLACEMENT_3D ( 'NONE', #2065, #1409, #999 ) ;
#1319 = AXIS2_PLACEMENT_3D ( 'NONE', #2321, #2105, #2523 ) ;
#1320 = LINE ( 'NONE', #678, #1465 ) ;
#1321 = CARTESIAN_POINT ( 'NONE',  ( -9.000000000000000000, 0.000000000000000000, 8.000000000000000000 ) ) ;
#1322 = CARTESIAN_POINT ( 'NONE',  ( 33.40000000000000568, 9.000000000000000000, 0.000000000000000000 ) ) ;
#1323 = AXIS2_PLACEMENT_3D ( 'NONE', #101, #1967, #1790 ) ;
#1324 = ORIENTED_EDGE ( 'NONE', *, *, #381, .F. ) ;
#1325 = CARTESIAN_POINT ( 'NONE',  ( 100.0000000000000000, -4.999999999999999112, 4.000000000000000000 ) ) ;
#1326 = ORIENTED_EDGE ( 'NONE', *, *, #155, .F. ) ;
#1327 = LINE ( 'NONE', #1122, #1469 ) ;
#1328 = DIRECTION ( 'NONE',  ( 0.000000000000000000, 0.000000000000000000, 1.000000000000000000 ) ) ;
#1329 = DIRECTION ( 'NONE',  ( 1.000000000000000000, 0.000000000000000000, 0.000000000000000000 ) ) ;
#1330 = ORIENTED_EDGE ( 'NONE', *, *, #883, .T. ) ;
#1331 = CYLINDRICAL_SURFACE ( 'NONE', #1640, 3.500000000000000000 ) ;
#1332 = CARTESIAN_POINT ( 'NONE',  ( -9.000000000000000000, 0.000000000000000000, 8.000000000000000000 ) ) ;
#1333 = CARTESIAN_POINT ( 'NONE',  ( 0.000000000000000000, -7.000000000000000000, 4.000000000000000000 ) ) ;
#1334 = EDGE_CURVE ( 'NONE', #764, #2581, #925, .T. ) ;
#1335 = ADVANCED_FACE ( 'NONE', ( #2308 ), #1680, .T. ) ;
#1336 = VERTEX_POINT ( 'NONE', #695 ) ;
#1337 = VERTEX_POINT ( 'NONE', #908 ) ;
#1338 = VERTEX_POINT ( 'NONE', #2495 ) ;
#1339 = DIRECTION ( 'NONE',  ( 0.000000000000000000, 0.000000000000000000, 1.000000000000000000 ) ) ;
#1340 = FACE_BOUND ( 'NONE', #2587, .T. ) ;
#1341 = ORIENTED_EDGE ( 'NONE', *, *, #1989, .F. ) ;
#1342 = CYLINDRICAL_SURFACE ( 'NONE', #773, 4.000000000000000000 ) ;
#1343 = AXIS2_PLACEMENT_3D ( 'NONE', #1155, #2604, #2576 ) ;
#1344 = CARTESIAN_POINT ( 'NONE',  ( 27.00000000000000000, -3.000000000000000000, 0.000000000000000000 ) ) ;
#1345 = CARTESIAN_POINT ( 'NONE',  ( 36.60000000000000142, 9.000000000000000000, 4.000000000000003553 ) ) ;
#1346 = CIRCLE ( 'NONE', #1131, 3.500000000000000000 ) ;
#1347 = ADVANCED_FACE ( 'NONE', ( #1477, #2355, #2212, #1585, #946, #1549, #2179, #1572, #366, #2364, #1560, #1776, #342, #1380, #1988 ), #1166, .T. ) ;
#1348 = ORIENTED_EDGE ( 'NONE', *, *, #272, .F. ) ;
#1349 = EDGE_CURVE ( 'NONE', #2641, #590, #961, .T. ) ;
#1350 = ORIENTED_EDGE ( 'NONE', *, *, #553, .T. ) ;
#1351 = VERTEX_POINT ( 'NONE', #572 ) ;
#1352 = DIRECTION ( 'NONE',  ( 0.000000000000000000, 0.000000000000000000, -1.000000000000000000 ) ) ;
#1353 = CARTESIAN_POINT ( 'NONE',  ( 0.000000000000000000, 0.000000000000000000, 4.000000000000000000 ) ) ;
#1354 = ORIENTED_EDGE ( 'NONE', *, *, #2078, .F. ) ;
#1355 = FACE_OUTER_BOUND ( 'NONE', #1310, .T. ) ;
#1356 = CIRCLE ( 'NONE', #1700, 3.499999999999999556 ) ;
#1357 = DIRECTION ( 'NONE',  ( -1.000000000000000000, 0.000000000000000000, 0.000000000000000000 ) ) ;
#1358 = LINE ( 'NONE', #1345, #1653 ) ;
#1359 = VECTOR ( 'NONE', #1177, 1000.000000000000000 ) ;
#1360 = CIRCLE ( 'NONE', #2557, 10.00000000000000178 ) ;
#1361 = EDGE_CURVE ( 'NONE', #2205, #213, #761, .T. ) ;
#1362 = ORIENTED_EDGE ( 'NONE', *, *, #543, .T. ) ;
#1363 = VERTEX_POINT ( 'NONE', #746 ) ;
#1364 = DIRECTION ( 'NONE',  ( 0.000000000000000000, 0.000000000000000000, 1.000000000000000000 ) ) ;
#1365 = PLANE ( 'NONE',  #126 ) ;
#1366 = EDGE_CURVE ( 'NONE', #797, #1351, #395, .T. ) ;
#1367 = ORIENTED_EDGE ( 'NONE', *, *, #2380, .F. ) ;
#1368 = CARTESIAN_POINT ( 'NONE',  ( 94.15000000000000568, -5.000000000000000000, 0.000000000000000000 ) ) ;
#1369 = CARTESIAN_POINT ( 'NONE',  ( 45.85000000000000142, 5.000000000000000000, 0.000000000000000000 ) ) ;
#1370 = FACE_OUTER_BOUND ( 'NONE', #1452, .T. ) ;
#1371 = VERTEX_POINT ( 'NONE', #770 ) ;
#1372 = ORIENTED_EDGE ( 'NONE', *, *, #992, .T. ) ;
#1373 = ADVANCED_FACE ( 'NONE', ( #1370 ), #2201, .F. ) ;
#1374 = CARTESIAN_POINT ( 'NONE',  ( -7.000000000000000000, 0.000000000000000000, 4.000000000000000000 ) ) ;
#1375 = CARTESIAN_POINT ( 'NONE',  ( 0.000000000000000000, 0.000000000000000000, 4.000000000000000000 ) ) ;
#1376 = ORIENTED_EDGE ( 'NONE', *, *, #185, .F. ) ;
#1377 = ADVANCED_FACE ( 'NONE', ( #521 ), #115, .F. ) ;
#1378 = DIRECTION ( 'NONE',  ( 0.000000000000000000, 0.000000000000000000, -1.000000000000000000 ) ) ;
#1379 = DIRECTION ( 'NONE',  ( -0.000000000000000000, -0.000000000000000000, -1.000000000000000000 ) ) ;
#1380 = FACE_BOUND ( 'NONE', #1204, .T. ) ;
#1381 = AXIS2_PLACEMENT_3D ( 'NONE', #2623, #565, #2207 ) ;
#1382 = AXIS2_PLACEMENT_3D ( 'NONE', #2436, #2035, #607 ) ;
#1383 = AXIS2_PLACEMENT_3D ( 'NONE', #1945, #2146, #1761 ) ;
#1384 = CIRCLE ( 'NONE', #1383, 1.600000000000000755 ) ;
#1385 = CIRCLE ( 'NONE', #2588, 3.500000000000000000 ) ;
#1386 = ORIENTED_EDGE ( 'NONE', *, *, #2476, .F. ) ;
#1387 = EDGE_LOOP ( 'NONE', ( #457, #1022, #2427, #1491 ) ) ;
#1388 = APPLICATION_PROTOCOL_DEFINITION ( 'international standard', 'config_control_design', 1994, #1779 ) ;
#1389 = CARTESIAN_POINT ( 'NONE',  ( 28.60000000000000142, 3.000000000000000000, 0.000000000000000000 ) ) ;
#1390 = VERTEX_POINT ( 'NONE', #549 ) ;
#1391 = EDGE_CURVE ( 'NONE', #406, #1229, #732, .T. ) ;
#1392 = CYLINDRICAL_SURFACE ( 'NONE', #1080, 1.699999999999999956 ) ;
#1393 = CARTESIAN_POINT ( 'NONE',  ( 92.45000000000001705, -5.000000000000000000, 4.000000000000000000 ) ) ;
#1394 = DIRECTION ( 'NONE',  ( -1.000000000000000000, 0.000000000000000000, 0.000000000000000000 ) ) ;
#1395 = ORIENTED_EDGE ( 'NONE', *, *, #703, .T. ) ;
#1396 = EDGE_CURVE ( 'NONE', #1500, #2544, #1178, .T. ) ;
#1397 = CIRCLE ( 'NONE', #1315, 10.00000000000000178 ) ;
#1398 = CIRCLE ( 'NONE', #2299, 1.699999999999999956 ) ;
#1399 = ORIENTED_EDGE ( 'NONE', *, *, #1243, .T. ) ;
#1400 = FACE_OUTER_BOUND ( 'NONE', #998, .T. ) ;
#1401 = VECTOR ( 'NONE', #2657, 1000.000000000000000 ) ;
#1402 = LINE ( 'NONE', #815, #1520 ) ;
#1403 = ORIENTED_EDGE ( 'NONE', *, *, #137, .F. ) ;
#1404 = CARTESIAN_POINT ( 'NONE',  ( 0.000000000000000000, -9.000000000000000000, 4.000000000000000000 ) ) ;
#1405 = FACE_OUTER_BOUND ( 'NONE', #410, .T. ) ;
#1406 = CARTESIAN_POINT ( 'NONE',  ( 0.000000000000000000, -7.000000000000000000, 0.000000000000000000 ) ) ;
#1407 = VERTEX_POINT ( 'NONE', #1978 ) ;
#1408 = EDGE_CURVE ( 'NONE', #1602, #2664, #1358, .T. ) ;
#1409 = DIRECTION ( 'NONE',  ( -0.000000000000000000, -0.000000000000000000, 1.000000000000000000 ) ) ;
#1410 = EDGE_CURVE ( 'NONE', #2181, #314, #152, .T. ) ;
#1411 = ORIENTED_EDGE ( 'NONE', *, *, #2366, .T. ) ;
#1412 = CARTESIAN_POINT ( 'NONE',  ( 51.79795897113271508, -14.99999999999999645, 4.000000000000000000 ) ) ;
#1413 = ORIENTED_EDGE ( 'NONE', *, *, #633, .T. ) ;
#1414 = LINE ( 'NONE', #623, #1128 ) ;
#1415 = DIRECTION ( 'NONE',  ( -1.000000000000000000, 0.000000000000000000, 0.000000000000000000 ) ) ;
#1416 = PLANE ( 'NONE',  #148 ) ;
#1417 = VERTEX_POINT ( 'NONE', #1952 ) ;
#1418 = CARTESIAN_POINT ( 'NONE',  ( -3.388860427931490449, -6.125000000000000888, 6.000000000000000000 ) ) ;
#1419 = CARTESIAN_POINT ( 'NONE',  ( 35.00000000000000000, -9.000000000000000000, 4.000000000000000000 ) ) ;
#1420 = EDGE_CURVE ( 'NONE', #267, #81, #617, .T. ) ;
#1421 = AXIS2_PLACEMENT_3D ( 'NONE', #428, #1690, #1049 ) ;
#1422 = CIRCLE ( 'NONE', #262, 3.500000000000000000 ) ;
#1423 = ORIENTED_EDGE ( 'NONE', *, *, #1659, .T. ) ;
#1424 = CARTESIAN_POINT ( 'NONE',  ( 0.000000000000000000, 9.000000000000000000, 4.000000000000000000 ) ) ;
#1425 = ADVANCED_FACE ( 'NONE', ( #1767 ), #2606, .T. ) ;
#1426 = APPROVAL_DATE_TIME ( #604, #518 ) ;
#1427 = ORIENTED_EDGE ( 'NONE', *, *, #2618, .F. ) ;
#1428 = AXIS2_PLACEMENT_3D ( 'NONE', #210, #1033, #1861 ) ;
#1429 = CARTESIAN_POINT ( 'NONE',  ( -10.69999999999999929, 0.000000000000000000, 8.000000000000000000 ) ) ;
#1430 = DIRECTION ( 'NONE',  ( -1.000000000000000000, 0.000000000000000000, 0.000000000000000000 ) ) ;
#1431 = DIRECTION ( 'NONE',  ( 0.000000000000000000, 0.000000000000000000, 1.000000000000000000 ) ) ;
#1432 = ORIENTED_EDGE ( 'NONE', *, *, #669, .T. ) ;
#1433 = CARTESIAN_POINT ( 'NONE',  ( 0.000000000000000000, -9.000000000000000000, 0.000000000000000000 ) ) ;
#1434 = DIRECTION ( 'NONE',  ( 1.000000000000000000, 0.000000000000000000, 0.000000000000000000 ) ) ;
#1435 = VECTOR ( 'NONE', #163, 1000.000000000000000 ) ;
#1436 = AXIS2_PLACEMENT_3D ( 'NONE', #2054, #2666, #1636 ) ;
#1437 = ORIENTED_EDGE ( 'NONE', *, *, #914, .F. ) ;
#1438 = CARTESIAN_POINT ( 'NONE',  ( 35.00000000000000000, -9.000000000000000000, 4.000000000000003553 ) ) ;
#1439 = AXIS2_PLACEMENT_3D ( 'NONE', #1130, #1741, #1523 ) ;
#1440 = CIRCLE ( 'NONE', #1962, 1.700000000000000178 ) ;
#1441 = APPLICATION_PROTOCOL_DEFINITION ( 'international standard', 'config_control_design', 1994, #2186 ) ;
#1442 = ADVANCED_FACE ( 'NONE', ( #558 ), #2002, .F. ) ;
#1443 = AXIS2_PLACEMENT_3D ( 'NONE', #2472, #601, #2081 ) ;
#1444 = ORIENTED_EDGE ( 'NONE', *, *, #2565, .T. ) ;
#1445 = DIRECTION ( 'NONE',  ( 0.000000000000000000, 0.000000000000000000, 1.000000000000000000 ) ) ;
#1446 = EDGE_CURVE ( 'NONE', #1218, #2340, #872, .T. ) ;
#1447 = LINE ( 'NONE', #188, #913 ) ;
#1448 = LINE ( 'NONE', #2651, #281 ) ;
#1449 = ORIENTED_EDGE ( 'NONE', *, *, #1590, .T. ) ;
#1450 = DIRECTION ( 'NONE',  ( 0.000000000000000000, -0.000000000000000000, -1.000000000000000000 ) ) ;
#1451 = CARTESIAN_POINT ( 'NONE',  ( -3.500000000000000000, -7.000000000000000000, 4.000000000000000000 ) ) ;
#1452 = EDGE_LOOP ( 'NONE', ( #306, #2497, #76, #2409 ) ) ;
#1453 = DIRECTION ( 'NONE',  ( 0.000000000000000000, 0.000000000000000000, 1.000000000000000000 ) ) ;
#1454 = ORIENTED_EDGE ( 'NONE', *, *, #1639, .F. ) ;
#1455 = EDGE_CURVE ( 'NONE', #855, #2544, #1448, .T. ) ;
#1456 = DIRECTION ( 'NONE',  ( -0.000000000000000000, -0.000000000000000000, -1.000000000000000000 ) ) ;
#1457 = CARTESIAN_POINT ( 'NONE',  ( 30.41742430504416461, -7.000000000000000000, 4.000000000000000000 ) ) ;
#1458 = CARTESIAN_POINT ( 'NONE',  ( 45.85000000000000142, -5.000000000000000000, 4.000000000000000000 ) ) ;
#1459 = ORIENTED_EDGE ( 'NONE', *, *, #2428, .F. ) ;
#1460 = EDGE_CURVE ( 'NONE', #1519, #1338, #747, .T. ) ;
#1461 = CARTESIAN_POINT ( 'NONE',  ( 0.000000000000000000, 0.000000000000000000, 8.000000000000000000 ) ) ;
#1462 = CARTESIAN_POINT ( 'NONE',  ( 7.000000000000000000, 0.000000000000000000, 8.000000000000000000 ) ) ;
#1463 = DIRECTION ( 'NONE',  ( 0.000000000000000000, -1.000000000000000000, 0.000000000000000000 ) ) ;
#1464 = ORIENTED_EDGE ( 'NONE', *, *, #2275, .T. ) ;
#1465 = VECTOR ( 'NONE', #1711, 1000.000000000000000 ) ;
#1466 = FACE_OUTER_BOUND ( 'NONE', #1983, .T. ) ;
#1467 = CIRCLE ( 'NONE', #2453, 3.500000000000000444 ) ;
#1468 = ORIENTED_EDGE ( 'NONE', *, *, #350, .T. ) ;
#1469 = VECTOR ( 'NONE', #1783, 1000.000000000000000 ) ;
#1470 = CARTESIAN_POINT ( 'NONE',  ( 27.00000000000000000, -3.000000000000000000, 4.000000000000003553 ) ) ;
#1471 = CARTESIAN_POINT ( 'NONE',  ( -3.500000000000000000, -9.000000000000000000, 4.000000000000000000 ) ) ;
#1472 = LINE ( 'NONE', #2089, #2234 ) ;
#1473 = EDGE_CURVE ( 'NONE', #147, #886, #2247, .T. ) ;
#1474 = EDGE_LOOP ( 'NONE', ( #65, #525 ) ) ;
#1475 = DIRECTION ( 'NONE',  ( 1.000000000000000000, 0.000000000000000000, 0.000000000000000000 ) ) ;
#1476 = CYLINDRICAL_SURFACE ( 'NONE', #1217, 3.500000000000000444 ) ;
#1477 = FACE_BOUND ( 'NONE', #2486, .T. ) ;
#1478 = EDGE_CURVE ( 'NONE', #2112, #729, #55, .T. ) ;
#1479 = ORIENTED_EDGE ( 'NONE', *, *, #454, .T. ) ;
#1480 = CARTESIAN_POINT ( 'NONE',  ( 10.69999999999999929, 2.081899558550500033E-16, 8.000000000000000000 ) ) ;
#1481 = VECTOR ( 'NONE', #2363, 1000.000000000000000 ) ;
#1482 = APPROVAL_STATUS ( 'not_yet_approved' ) ;
#1483 = ORIENTED_EDGE ( 'NONE', *, *, #59, .F. ) ;
#1484 = ORIENTED_EDGE ( 'NONE', *, *, #436, .F. ) ;
#1485 = AXIS2_PLACEMENT_3D ( 'NONE', #1584, #1379, #1594 ) ;
#1486 = CIRCLE ( 'NONE', #1318, 4.000000000000000000 ) ;
#1487 = LINE ( 'NONE', #1312, #1250 ) ;
#1488 = VECTOR ( 'NONE', #726, 1000.000000000000000 ) ;
#1489 = CARTESIAN_POINT ( 'NONE',  ( 42.00000000000000000, -15.00000000000000000, 4.000000000000000000 ) ) ;
#1490 = CARTESIAN_POINT ( 'NONE',  ( 0.000000000000000000, 7.000000000000000000, 8.000000000000000000 ) ) ;
#1491 = ORIENTED_EDGE ( 'NONE', *, *, #1420, .F. ) ;
#1492 = DIRECTION ( 'NONE',  ( 1.000000000000000000, 0.000000000000000000, 0.000000000000000000 ) ) ;
#1493 = CARTESIAN_POINT ( 'NONE',  ( 33.40000000000000568, 9.000000000000000000, 4.000000000000003553 ) ) ;
#1494 = CARTESIAN_POINT ( 'NONE',  ( 28.60000000000000142, 3.000000000000000000, 4.000000000000003553 ) ) ;
#1495 = EDGE_CURVE ( 'NONE', #120, #1105, #7, .T. ) ;
#1496 = VERTEX_POINT ( 'NONE', #2249 ) ;
#1497 = DIRECTION ( 'NONE',  ( -1.000000000000000000, 0.000000000000000000, 0.000000000000000000 ) ) ;
#1498 = EDGE_CURVE ( 'NONE', #2501, #2452, #2628, .T. ) ;
#1499 = ORIENTED_EDGE ( 'NONE', *, *, #2295, .T. ) ;
#1500 = VERTEX_POINT ( 'NONE', #2263 ) ;
#1501 = LINE ( 'NONE', #844, #819 ) ;
#1502 = DIRECTION ( 'NONE',  ( 1.000000000000000000, 0.000000000000000000, 0.000000000000000000 ) ) ;
#1503 = DIRECTION ( 'NONE',  ( -0.000000000000000000, -0.000000000000000000, 1.000000000000000000 ) ) ;
#1504 = ORIENTED_EDGE ( 'NONE', *, *, #614, .F. ) ;
#1505 = CARTESIAN_POINT ( 'NONE',  ( 0.000000000000000000, 7.000000000000000000, 4.000000000000000000 ) ) ;
#1506 = CARTESIAN_POINT ( 'NONE',  ( 0.000000000000000000, 9.000000000000000000, 8.000000000000000000 ) ) ;
#1507 = DIRECTION ( 'NONE',  ( -1.000000000000000000, 0.000000000000000000, 0.000000000000000000 ) ) ;
#1508 = EDGE_CURVE ( 'NONE', #1681, #2419, #2640, .T. ) ;
#1509 = ORIENTED_EDGE ( 'NONE', *, *, #1508, .F. ) ;
#1510 = DIRECTION ( 'NONE',  ( 1.000000000000000000, 0.000000000000000000, 0.000000000000000000 ) ) ;
#1511 = ADVANCED_FACE ( 'NONE', ( #1228 ), #1416, .F. ) ;
#1512 = ORIENTED_EDGE ( 'NONE', *, *, #2150, .F. ) ;
#1513 = EDGE_LOOP ( 'NONE', ( #2191, #1444, #2471, #2142 ) ) ;
#1514 = AXIS2_PLACEMENT_3D ( 'NONE', #111, #1762, #1544 ) ;
#1515 = FACE_OUTER_BOUND ( 'NONE', #61, .T. ) ;
#1516 = DIRECTION ( 'NONE',  ( 0.000000000000000000, 0.000000000000000000, 1.000000000000000000 ) ) ;
#1517 = FACE_OUTER_BOUND ( 'NONE', #2539, .T. ) ;
#1518 = AXIS2_PLACEMENT_3D ( 'NONE', #2290, #447, #1274 ) ;
#1519 = VERTEX_POINT ( 'NONE', #1034 ) ;
#1520 = VECTOR ( 'NONE', #2229, 1000.000000000000000 ) ;
#1521 = LINE ( 'NONE', #56, #817 ) ;
#1522 = CARTESIAN_POINT ( 'NONE',  ( 14.38749456993815734, -7.000000000000000000, 4.000000000000000000 ) ) ;
#1523 = DIRECTION ( 'NONE',  ( 1.000000000000000000, 0.000000000000000000, 0.000000000000000000 ) ) ;
#1524 = ORIENTED_EDGE ( 'NONE', *, *, #959, .T. ) ;
#1525 = DIRECTION ( 'NONE',  ( -0.000000000000000000, -0.000000000000000000, 1.000000000000000000 ) ) ;
#1526 = ORIENTED_EDGE ( 'NONE', *, *, #511, .F. ) ;
#1527 = EDGE_LOOP ( 'NONE', ( #183, #1060, #263, #1979 ) ) ;
#1528 = EDGE_CURVE ( 'NONE', #1587, #81, #2273, .T. ) ;
#1529 = DIRECTION ( 'NONE',  ( -1.000000000000000000, -0.000000000000000000, -0.000000000000000000 ) ) ;
#1530 = DIRECTION ( 'NONE',  ( -0.000000000000000000, -0.000000000000000000, -1.000000000000000000 ) ) ;
#1531 = DIRECTION ( 'NONE',  ( -1.000000000000000000, 0.000000000000000000, 0.000000000000000000 ) ) ;
#1532 = CIRCLE ( 'NONE', #830, 1.700000000000000178 ) ;
#1533 = VERTEX_POINT ( 'NONE', #2014 ) ;
#1534 = AXIS2_PLACEMENT_3D ( 'NONE', #2055, #2442, #800 ) ;
#1535 = EDGE_CURVE ( 'NONE', #1296, #1845, #2464, .T. ) ;
#1536 = CYLINDRICAL_SURFACE ( 'NONE', #696, 1.699999999999993072 ) ;
#1537 = DIRECTION ( 'NONE',  ( -1.000000000000000000, 0.000000000000000000, 0.000000000000000000 ) ) ;
#1538 = DIRECTION ( 'NONE',  ( -0.000000000000000000, -0.000000000000000000, 1.000000000000000000 ) ) ;
#1539 = VERTEX_POINT ( 'NONE', #1664 ) ;
#1540 = EDGE_LOOP ( 'NONE', ( #127, #502 ) ) ;
#1541 = ORIENTED_EDGE ( 'NONE', *, *, #1408, .F. ) ;
#1542 = CARTESIAN_POINT ( 'NONE',  ( 27.00000000000000000, -3.000000000000000000, 0.000000000000000000 ) ) ;
#1543 = DIRECTION ( 'NONE',  ( 0.000000000000000000, 0.000000000000000000, 1.000000000000000000 ) ) ;
#1544 = DIRECTION ( 'NONE',  ( -1.000000000000000000, 0.000000000000000000, 0.000000000000000000 ) ) ;
#1545 = ORIENTED_EDGE ( 'NONE', *, *, #2525, .F. ) ;
#1546 = EDGE_CURVE ( 'NONE', #2098, #600, #997, .T. ) ;
#1547 = CARTESIAN_POINT ( 'NONE',  ( 0.000000000000000000, -9.000000000000000000, 4.000000000000000000 ) ) ;
#1548 = DIRECTION ( 'NONE',  ( -1.000000000000000000, 0.000000000000000000, 0.000000000000000000 ) ) ;
#1549 = FACE_BOUND ( 'NONE', #2506, .T. ) ;
#1550 = EDGE_CURVE ( 'NONE', #951, #2656, #274, .T. ) ;
#1551 = ORIENTED_EDGE ( 'NONE', *, *, #2097, .T. ) ;
#1552 = ORIENTED_EDGE ( 'NONE', *, *, #1225, .T. ) ;
#1553 = ORIENTED_EDGE ( 'NONE', *, *, #1495, .T. ) ;
#1554 = CARTESIAN_POINT ( 'NONE',  ( -16.00000000000000000, 0.000000000000000000, 4.000000000000000000 ) ) ;
#1555 = FACE_BOUND ( 'NONE', #677, .T. ) ;
#1556 = ORIENTED_EDGE ( 'NONE', *, *, #1446, .F. ) ;
#1557 = DIRECTION ( 'NONE',  ( 0.000000000000000000, 0.000000000000000000, 1.000000000000000000 ) ) ;
#1558 = VECTOR ( 'NONE', #1099, 1000.000000000000000 ) ;
#1559 = CARTESIAN_POINT ( 'NONE',  ( 0.000000000000000000, 0.000000000000000000, 4.000000000000000000 ) ) ;
#1560 = FACE_BOUND ( 'NONE', #2609, .T. ) ;
#1561 = AXIS2_PLACEMENT_3D ( 'NONE', #1374, #2193, #1109 ) ;
#1562 = EDGE_CURVE ( 'NONE', #1587, #1718, #2126, .T. ) ;
#1563 = EDGE_LOOP ( 'NONE', ( #160, #2075 ) ) ;
#1564 = ORIENTED_EDGE ( 'NONE', *, *, #381, .T. ) ;
#1565 = LINE ( 'NONE', #2372, #1687 ) ;
#1566 = CARTESIAN_POINT ( 'NONE',  ( 51.79795897113271508, 15.00000000000000000, 4.000000000000000000 ) ) ;
#1567 = VECTOR ( 'NONE', #1836, 1000.000000000000000 ) ;
#1568 = ORIENTED_EDGE ( 'NONE', *, *, #1042, .F. ) ;
#1569 = FACE_OUTER_BOUND ( 'NONE', #1993, .T. ) ;
#1570 = AXIS2_PLACEMENT_3D ( 'NONE', #722, #276, #907 ) ;
#1571 = LINE ( 'NONE', #1188, #2131 ) ;
#1572 = FACE_BOUND ( 'NONE', #1796, .T. ) ;
#1573 = VECTOR ( 'NONE', #2307, 1000.000000000000000 ) ;
#1574 = AXIS2_PLACEMENT_3D ( 'NONE', #588, #2253, #2455 ) ;
#1575 = ADVANCED_FACE ( 'NONE', ( #784 ), #2233, .F. ) ;
#1576 = MANIFOLD_SOLID_BREP ( 'Printed_hub_M3_clearance_PCD18', #1269 ) ;
#1577 = ORIENTED_EDGE ( 'NONE', *, *, #2004, .F. ) ;
#1578 = ORIENTED_EDGE ( 'NONE', *, *, #1562, .F. ) ;
#1579 = ADVANCED_FACE ( 'NONE', ( #375 ), #1199, .T. ) ;
#1580 = CARTESIAN_POINT ( 'NONE',  ( -3.500000000000000000, -9.000000000000000000, 8.000000000000000000 ) ) ;
#1581 = DIRECTION ( 'NONE',  ( -0.000000000000000000, -0.000000000000000000, -1.000000000000000000 ) ) ;
#1582 = EDGE_LOOP ( 'NONE', ( #1135, #2444, #899, #1635 ) ) ;
#1583 = CARTESIAN_POINT ( 'NONE',  ( 47.55000000000000426, 5.000000000000000000, 8.000000000000000000 ) ) ;
#1584 = CARTESIAN_POINT ( 'NONE',  ( 35.00000000000000000, 9.000000000000000000, 4.000000000000000000 ) ) ;
#1585 = FACE_BOUND ( 'NONE', #1563, .T. ) ;
#1586 = ADVANCED_FACE ( 'NONE', ( #1213 ), #595, .T. ) ;
#1587 = VERTEX_POINT ( 'NONE', #444 ) ;
#1588 = ORIENTED_EDGE ( 'NONE', *, *, #2289, .F. ) ;
#1589 = CARTESIAN_POINT ( 'NONE',  ( 0.000000000000000000, 9.000000000000000000, 8.000000000000000000 ) ) ;
#1590 = EDGE_CURVE ( 'NONE', #763, #247, #691, .T. ) ;
#1591 = DIRECTION ( 'NONE',  ( -0.000000000000000000, -0.000000000000000000, 1.000000000000000000 ) ) ;
#1592 = ORIENTED_EDGE ( 'NONE', *, *, #614, .T. ) ;
#1593 = LINE ( 'NONE', #1647, #1078 ) ;
#1594 = DIRECTION ( 'NONE',  ( -1.000000000000000000, 0.000000000000000000, 0.000000000000000000 ) ) ;
#1595 = CARTESIAN_POINT ( 'NONE',  ( 14.38749456993815734, 7.000000000000000000, 4.000000000000000000 ) ) ;
#1596 = AXIS2_PLACEMENT_3D ( 'NONE', #242, #2549, #226 ) ;
#1597 = VERTEX_POINT ( 'NONE', #2520 ) ;
#1598 = AXIS2_PLACEMENT_3D ( 'NONE', #759, #352, #935 ) ;
#1599 = AXIS2_PLACEMENT_3D ( 'NONE', #1470, #1298, #426 ) ;
#1600 = AXIS2_PLACEMENT_3D ( 'NONE', #2434, #803, #2020 ) ;
#1601 = CIRCLE ( 'NONE', #780, 7.000000000000000000 ) ;
#1602 = VERTEX_POINT ( 'NONE', #2135 ) ;
#1603 = ORIENTED_EDGE ( 'NONE', *, *, #845, .T. ) ;
#1604 = EDGE_LOOP ( 'NONE', ( #1969, #1898, #282, #1709 ) ) ;
#1605 = ADVANCED_FACE ( 'NONE', ( #2490 ), #1111, .F. ) ;
#1606 = DIRECTION ( 'NONE',  ( 0.000000000000000000, 0.000000000000000000, -1.000000000000000000 ) ) ;
#1607 = CARTESIAN_POINT ( 'NONE',  ( 0.000000000000000000, -7.000000000000000000, 8.000000000000000000 ) ) ;
#1608 = CARTESIAN_POINT ( 'NONE',  ( 0.000000000000000000, -9.000000000000000000, 8.000000000000000000 ) ) ;
#1609 = ORIENTED_EDGE ( 'NONE', *, *, #1294, .F. ) ;
#1610 = ADVANCED_FACE ( 'NONE', ( #1271 ), #903, .F. ) ;
#1611 = AXIS2_PLACEMENT_3D ( 'NONE', #922, #302, #1951 ) ;
#1612 = DIRECTION ( 'NONE',  ( -0.000000000000000000, -0.000000000000000000, -1.000000000000000000 ) ) ;
#1613 = AXIS2_PLACEMENT_3D ( 'NONE', #27, #2109, #885 ) ;
#1614 = AXIS2_PLACEMENT_3D ( 'NONE', #902, #1530, #2562 ) ;
#1615 = AXIS2_PLACEMENT_3D ( 'NONE', #326, #2571, #2217 ) ;
#1616 = ORIENTED_EDGE ( 'NONE', *, *, #1280, .F. ) ;
#1617 = DIRECTION ( 'NONE',  ( 0.000000000000000000, 0.000000000000000000, -1.000000000000000000 ) ) ;
#1618 = AXIS2_PLACEMENT_3D ( 'NONE', #2258, #1453, #206 ) ;
#1619 = PERSON_AND_ORGANIZATION ( #522, #93 ) ;
#1620 = ORIENTED_EDGE ( 'NONE', *, *, #2610, .F. ) ;
#1621 = DIRECTION ( 'NONE',  ( 1.000000000000000000, 0.000000000000000000, 0.000000000000000000 ) ) ;
#1622 = FACE_OUTER_BOUND ( 'NONE', #1196, .T. ) ;
#1623 = DIRECTION ( 'NONE',  ( 0.000000000000000000, -0.000000000000000000, 1.000000000000000000 ) ) ;
#1624 = CC_DESIGN_DATE_AND_TIME_ASSIGNMENT ( #2485, #1248, ( #1995 ) ) ;
#1625 = VERTEX_POINT ( 'NONE', #2102 ) ;
#1626 = CARTESIAN_POINT ( 'NONE',  ( 0.000000000000000000, 0.000000000000000000, 8.000000000000000000 ) ) ;
#1627 = LINE ( 'NONE', #1637, #1705 ) ;
#1628 = ADVANCED_FACE ( 'NONE', ( #1517 ), #68, .T. ) ;
#1629 = ORIENTED_EDGE ( 'NONE', *, *, #59, .T. ) ;
#1630 = CARTESIAN_POINT ( 'NONE',  ( 49.15099999999999625, 0.000000000000000000, 0.000000000000000000 ) ) ;
#1631 = EDGE_LOOP ( 'NONE', ( #91, #252, #2017, #2301 ) ) ;
#1632 = DIRECTION ( 'NONE',  ( 0.000000000000000000, 0.000000000000000000, 1.000000000000000000 ) ) ;
#1633 = CARTESIAN_POINT ( 'NONE',  ( 94.15000000000000568, 5.000000000000000000, 4.000000000000000000 ) ) ;
#1634 = DIRECTION ( 'NONE',  ( 0.000000000000000000, -1.000000000000000000, 0.000000000000000000 ) ) ;
#1635 = ORIENTED_EDGE ( 'NONE', *, *, #165, .F. ) ;
#1636 = DIRECTION ( 'NONE',  ( -1.000000000000000000, 0.000000000000000000, 0.000000000000000000 ) ) ;
#1637 = CARTESIAN_POINT ( 'NONE',  ( 90.00000000000001421, -15.00000000000000000, 4.000000000000000000 ) ) ;
#1638 = AXIS2_PLACEMENT_3D ( 'NONE', #97, #1799, #2563 ) ;
#1639 = EDGE_CURVE ( 'NONE', #116, #2419, #1851, .T. ) ;
#1640 = AXIS2_PLACEMENT_3D ( 'NONE', #2151, #301, #1127 ) ;
#1641 = ORIENTED_EDGE ( 'NONE', *, *, #683, .F. ) ;
#1642 = DIRECTION ( 'NONE',  ( -1.000000000000000000, 0.000000000000000000, 0.000000000000000000 ) ) ;
#1643 = EDGE_CURVE ( 'NONE', #1336, #697, #2451, .T. ) ;
#1644 = AXIS2_PLACEMENT_3D ( 'NONE', #1589, #2611, #347 ) ;
#1645 = LINE ( 'NONE', #2647, #949 ) ;
#1646 = ORIENTED_EDGE ( 'NONE', *, *, #1901, .T. ) ;
#1647 = CARTESIAN_POINT ( 'NONE',  ( -4.000000000000000000, 0.000000000000000000, 4.000000000000003553 ) ) ;
#1648 = LINE ( 'NONE', #415, #311 ) ;
#1649 = DIRECTION ( 'NONE',  ( 0.000000000000000000, 0.000000000000000000, -1.000000000000000000 ) ) ;
#1650 = VERTEX_POINT ( 'NONE', #2334 ) ;
#1651 = CARTESIAN_POINT ( 'NONE',  ( -3.388860427931489561, 6.125000000000000888, 4.000000000000000000 ) ) ;
#1652 = DIRECTION ( 'NONE',  ( -1.000000000000000000, 0.000000000000000000, 0.000000000000000000 ) ) ;
#1653 = VECTOR ( 'NONE', #2378, 1000.000000000000000 ) ;
#1654 = AXIS2_PLACEMENT_3D ( 'NONE', #1275, #1037, #1241 ) ;
#1655 = EDGE_CURVE ( 'NONE', #792, #555, #2406, .T. ) ;
#1656 = VERTEX_POINT ( 'NONE', #1876 ) ;
#1657 = DIRECTION ( 'NONE',  ( 0.000000000000000000, 0.000000000000000000, -1.000000000000000000 ) ) ;
#1658 = CIRCLE ( 'NONE', #12, 3.500000000000000000 ) ;
#1659 = EDGE_CURVE ( 'NONE', #2656, #951, #985, .T. ) ;
#1660 = AXIS2_PLACEMENT_3D ( 'NONE', #2069, #1041, #2031 ) ;
#1661 = VERTEX_POINT ( 'NONE', #475 ) ;
#1662 = CARTESIAN_POINT ( 'NONE',  ( 9.000000000000000000, 0.000000000000000000, 8.000000000000000000 ) ) ;
#1663 = CARTESIAN_POINT ( 'NONE',  ( 3.354101966249685152, -8.000000000000000000, 6.000000000000000000 ) ) ;
#1664 = CARTESIAN_POINT ( 'NONE',  ( -8.000000000000000000, -3.354101966249684708, 8.000000000000000000 ) ) ;
#1665 = ORIENTED_EDGE ( 'NONE', *, *, #1696, .T. ) ;
#1666 = CYLINDRICAL_SURFACE ( 'NONE', #1436, 1.699999999999993072 ) ;
#1667 = CARTESIAN_POINT ( 'NONE',  ( 0.000000000000000000, 7.000000000000000000, 8.000000000000000000 ) ) ;
#1668 = ORIENTED_EDGE ( 'NONE', *, *, #451, .F. ) ;
#1669 = CARTESIAN_POINT ( 'NONE',  ( 28.60000000000000142, -3.000000000000000000, 4.000000000000003553 ) ) ;
#1670 = PRODUCT_DEFINITION ( 'UNKNOWN', '', #2070, #587 ) ;
#1671 = COORDINATED_UNIVERSAL_TIME_OFFSET ( 6, 0, .BEHIND. ) ;
#1672 = ORIENTED_EDGE ( 'NONE', *, *, #2618, .T. ) ;
#1673 = ADVANCED_FACE ( 'NONE', ( #860 ), #51, .T. ) ;
#1674 = CARTESIAN_POINT ( 'NONE',  ( -3.388860427931490449, 6.125000000000000888, 6.000000000000000000 ) ) ;
#1675 = CARTESIAN_POINT ( 'NONE',  ( 9.000000000000000000, 0.000000000000000000, 0.000000000000000000 ) ) ;
#1676 = DIRECTION ( 'NONE',  ( -1.000000000000000000, 0.000000000000000000, 0.000000000000000000 ) ) ;
#1677 = ORIENTED_EDGE ( 'NONE', *, *, #1446, .T. ) ;
#1678 = LINE ( 'NONE', #1890, #987 ) ;
#1679 = DIRECTION ( 'NONE',  ( 0.000000000000000000, 0.000000000000000000, -1.000000000000000000 ) ) ;
#1680 = CYLINDRICAL_SURFACE ( 'NONE', #622, 3.500000000000000444 ) ;
#1681 = VERTEX_POINT ( 'NONE', #1721 ) ;
#1682 = CIRCLE ( 'NONE', #693, 3.500000000000000000 ) ;
#1683 = CARTESIAN_POINT ( 'NONE',  ( 47.55000000000000426, 5.000000000000000000, 4.000000000000000000 ) ) ;
#1684 = CIRCLE ( 'NONE', #1169, 3.500000000000000000 ) ;
#1685 = PERSON_AND_ORGANIZATION ( #522, #93 ) ;
#1686 = ORIENTED_EDGE ( 'NONE', *, *, #2167, .T. ) ;
#1687 = VECTOR ( 'NONE', #1352, 1000.000000000000000 ) ;
#1688 = DIRECTION ( 'NONE',  ( -0.000000000000000000, -0.000000000000000000, -1.000000000000000000 ) ) ;
#1689 = CARTESIAN_POINT ( 'NONE',  ( 42.00000000000000000, 15.00000000000000000, 4.000000000000000000 ) ) ;
#1690 = DIRECTION ( 'NONE',  ( 0.000000000000000000, 0.000000000000000000, 1.000000000000000000 ) ) ;
#1691 = ORIENTED_EDGE ( 'NONE', *, *, #54, .F. ) ;
#1692 = EDGE_CURVE ( 'NONE', #1597, #1650, #1814, .T. ) ;
#1693 = DIRECTION ( 'NONE',  ( -1.000000000000000000, 0.000000000000000000, 0.000000000000000000 ) ) ;
#1694 = DIRECTION ( 'NONE',  ( -1.000000000000000000, 0.000000000000000000, 0.000000000000000000 ) ) ;
#1695 = DIRECTION ( 'NONE',  ( 0.000000000000000000, 0.000000000000000000, 1.000000000000000000 ) ) ;
#1696 = EDGE_CURVE ( 'NONE', #207, #2112, #1682, .T. ) ;
#1697 = AXIS2_PLACEMENT_3D ( 'NONE', #972, #124, #2402 ) ;
#1698 = EDGE_LOOP ( 'NONE', ( #456, #1040, #1552, #117 ) ) ;
#1699 = CARTESIAN_POINT ( 'NONE',  ( -3.354101966249685152, -8.000000000000000000, 6.000000000000000000 ) ) ;
#1700 = AXIS2_PLACEMENT_3D ( 'NONE', #1013, #629, #1023 ) ;
#1701 = DATE_AND_TIME ( #1798, #566 ) ;
#1702 = VERTEX_POINT ( 'NONE', #2505 ) ;
#1703 = ORIENTED_EDGE ( 'NONE', *, *, #28, .T. ) ;
#1704 = CIRCLE ( 'NONE', #403, 3.499999999999999556 ) ;
#1705 = VECTOR ( 'NONE', #1054, 1000.000000000000000 ) ;
#1706 = DIRECTION ( 'NONE',  ( 0.000000000000000000, 0.000000000000000000, 1.000000000000000000 ) ) ;
#1707 = LINE ( 'NONE', #1946, #437 ) ;
#1708 = CARTESIAN_POINT ( 'NONE',  ( 49.15099999999999625, -10.50000000000000000, 8.000000000000000000 ) ) ;
#1709 = ORIENTED_EDGE ( 'NONE', *, *, #323, .T. ) ;
#1710 = EDGE_CURVE ( 'NONE', #2205, #2080, #875, .T. ) ;
#1711 = DIRECTION ( 'NONE',  ( -0.000000000000000000, -0.000000000000000000, -1.000000000000000000 ) ) ;
#1712 = DIRECTION ( 'NONE',  ( 0.000000000000000000, 0.000000000000000000, 1.000000000000000000 ) ) ;
#1713 = PLANE ( 'NONE',  #2255 ) ;
#1714 = EDGE_CURVE ( 'NONE', #1656, #1702, #1472, .T. ) ;
#1715 = ORIENTED_EDGE ( 'NONE', *, *, #2097, .F. ) ;
#1716 = DIRECTION ( 'NONE',  ( 0.000000000000000000, 0.000000000000000000, -1.000000000000000000 ) ) ;
#1717 = ORIENTED_EDGE ( 'NONE', *, *, #1042, .T. ) ;
#1718 = VERTEX_POINT ( 'NONE', #2318 ) ;
#1719 = PLANE ( 'NONE',  #1948 ) ;
#1720 = DIRECTION ( 'NONE',  ( -1.000000000000000000, 0.000000000000000000, 0.000000000000000000 ) ) ;
#1721 = CARTESIAN_POINT ( 'NONE',  ( -7.299999999999998934, 2.081899558550500033E-16, 8.000000000000000000 ) ) ;
#1722 = EDGE_LOOP ( 'NONE', ( #1140, #1309 ) ) ;
#1723 = CARTESIAN_POINT ( 'NONE',  ( 35.00000000000000000, 9.000000000000000000, 4.000000000000003553 ) ) ;
#1724 = DIRECTION ( 'NONE',  ( 0.000000000000000000, 0.000000000000000000, -1.000000000000000000 ) ) ;
#1725 = DIRECTION ( 'NONE',  ( -0.000000000000000000, -0.000000000000000000, -1.000000000000000000 ) ) ;
#1726 = EDGE_LOOP ( 'NONE', ( #1641, #1553, #2021, #287 ) ) ;
#1727 = CARTESIAN_POINT ( 'NONE',  ( 0.000000000000000000, -7.000000000000000000, 0.000000000000000000 ) ) ;
#1728 = EDGE_CURVE ( 'NONE', #743, #1417, #523, .T. ) ;
#1729 = AXIS2_PLACEMENT_3D ( 'NONE', #1723, #2535, #1114 ) ;
#1730 = ORIENTED_EDGE ( 'NONE', *, *, #2405, .T. ) ;
#1731 = EDGE_CURVE ( 'NONE', #561, #1519, #2533, .T. ) ;
#1732 = AXIS2_PLACEMENT_3D ( 'NONE', #161, #2261, #1008 ) ;
#1733 = LINE ( 'NONE', #702, #2668 ) ;
#1734 = CARTESIAN_POINT ( 'NONE',  ( 49.15099999999999625, 10.50000000000000000, 8.000000000000000000 ) ) ;
#1735 = CARTESIAN_POINT ( 'NONE',  ( 35.00000000000000000, -9.000000000000000000, 4.000000000000003553 ) ) ;
#1736 = AXIS2_PLACEMENT_3D ( 'NONE', #794, #386, #1211 ) ;
#1737 = ORIENTED_EDGE ( 'NONE', *, *, #1728, .F. ) ;
#1738 = CC_DESIGN_APPROVAL ( #518, ( #1670 ) ) ;
#1739 = CYLINDRICAL_SURFACE ( 'NONE', #208, 3.500000000000000000 ) ;
#1740 = DIRECTION ( 'NONE',  ( 1.000000000000000000, 0.000000000000000000, 0.000000000000000000 ) ) ;
#1741 = DIRECTION ( 'NONE',  ( 0.000000000000000000, 0.000000000000000000, 1.000000000000000000 ) ) ;
#1742 = ORIENTED_EDGE ( 'NONE', *, *, #914, .T. ) ;
#1743 = ADVANCED_FACE ( 'NONE', ( #2373 ), #2573, .F. ) ;
#1744 = ORIENTED_EDGE ( 'NONE', *, *, #2141, .T. ) ;
#1745 = VERTEX_POINT ( 'NONE', #953 ) ;
#1746 = CARTESIAN_POINT ( 'NONE',  ( 39.58257569495583539, 7.000000000000000000, 0.000000000000000000 ) ) ;
#1747 = EDGE_CURVE ( 'NONE', #1772, #670, #554, .T. ) ;
#1748 = FACE_OUTER_BOUND ( 'NONE', #1889, .T. ) ;
#1749 = CARTESIAN_POINT ( 'NONE',  ( 49.15099999999999625, -10.50000000000000000, 8.000000000000000000 ) ) ;
#1750 = CIRCLE ( 'NONE', #1654, 16.00000000000000000 ) ;
#1751 = VERTEX_POINT ( 'NONE', #2612 ) ;
#1752 = CIRCLE ( 'NONE', #2600, 1.699999999999993072 ) ;
#1753 = CARTESIAN_POINT ( 'NONE',  ( 90.84900000000000375, 10.50000000000000000, 0.000000000000000000 ) ) ;
#1754 = FACE_OUTER_BOUND ( 'NONE', #1786, .T. ) ;
#1755 = DIRECTION ( 'NONE',  ( 1.000000000000000000, 0.000000000000000000, 0.000000000000000000 ) ) ;
#1756 = AXIS2_PLACEMENT_3D ( 'NONE', #1016, #411, #1642 ) ;
#1757 = ORIENTED_EDGE ( 'NONE', *, *, #930, .T. ) ;
#1758 = EDGE_LOOP ( 'NONE', ( #1182, #2030, #2062, #706 ) ) ;
#1759 = ORIENTED_EDGE ( 'NONE', *, *, #2202, .F. ) ;
#1760 = CC_DESIGN_PERSON_AND_ORGANIZATION_ASSIGNMENT ( #1685, #1043, ( #2070 ) ) ;
#1761 = DIRECTION ( 'NONE',  ( 1.000000000000000000, 0.000000000000000000, 0.000000000000000000 ) ) ;
#1762 = DIRECTION ( 'NONE',  ( 0.000000000000000000, 0.000000000000000000, -1.000000000000000000 ) ) ;
#1763 = ORIENTED_EDGE ( 'NONE', *, *, #686, .T. ) ;
#1764 = EDGE_CURVE ( 'NONE', #279, #329, #2192, .T. ) ;
#1765 = DIRECTION ( 'NONE',  ( 1.000000000000000000, 0.000000000000000000, 0.000000000000000000 ) ) ;
#1766 = DIRECTION ( 'NONE',  ( 1.000000000000000000, 0.000000000000000000, 0.000000000000000000 ) ) ;
#1767 = FACE_OUTER_BOUND ( 'NONE', #904, .T. ) ;
#1768 = VERTEX_POINT ( 'NONE', #2148 ) ;
#1769 = CARTESIAN_POINT ( 'NONE',  ( 30.00000000000000711, 9.000000000000000000, 0.000000000000000000 ) ) ;
#1770 = DIRECTION ( 'NONE',  ( -0.000000000000000000, -0.000000000000000000, -1.000000000000000000 ) ) ;
#1771 = CARTESIAN_POINT ( 'NONE',  ( 0.000000000000000000, 7.000000000000000000, 8.000000000000000000 ) ) ;
#1772 = VERTEX_POINT ( 'NONE', #1996 ) ;
#1773 = CARTESIAN_POINT ( 'NONE',  ( 92.45000000000001705, 5.000000000000000000, 8.000000000000000000 ) ) ;
#1774 = VECTOR ( 'NONE', #1606, 1000.000000000000000 ) ;
#1775 = CARTESIAN_POINT ( 'NONE',  ( -9.000000000000000000, 0.000000000000000000, 8.000000000000000000 ) ) ;
#1776 = FACE_BOUND ( 'NONE', #171, .T. ) ;
#1777 = EDGE_CURVE ( 'NONE', #2613, #1371, #382, .T. ) ;
#1778 = CIRCLE ( 'NONE', #1990, 1.700000000000000178 ) ;
#1779 = APPLICATION_CONTEXT ( 'configuration controlled 3d designs of mechanical parts and assemblies' ) ;
#1780 = ADVANCED_FACE ( 'NONE', ( #328 ), #919, .T. ) ;
#1781 = ORIENTED_EDGE ( 'NONE', *, *, #538, .T. ) ;
#1782 = ORIENTED_EDGE ( 'NONE', *, *, #1590, .F. ) ;
#1783 = DIRECTION ( 'NONE',  ( -0.000000000000000000, -0.000000000000000000, -1.000000000000000000 ) ) ;
#1784 = DIRECTION ( 'NONE',  ( 0.000000000000000000, 0.000000000000000000, 1.000000000000000000 ) ) ;
#1785 = AXIS2_PLACEMENT_3D ( 'NONE', #2478, #638, #983 ) ;
#1786 = EDGE_LOOP ( 'NONE', ( #1348, #1884, #939, #2619 ) ) ;
#1787 = CYLINDRICAL_SURFACE ( 'NONE', #1598, 3.500000000000000444 ) ;
#1788 = AXIS2_PLACEMENT_3D ( 'NONE', #2441, #24, #202 ) ;
#1789 = DIRECTION ( 'NONE',  ( 1.000000000000000000, 0.000000000000000000, 0.000000000000000000 ) ) ;
#1790 = DIRECTION ( 'NONE',  ( -1.000000000000000000, 0.000000000000000000, 0.000000000000000000 ) ) ;
#1791 = AXIS2_PLACEMENT_3D ( 'NONE', #688, #1516, #704 ) ;
#1792 = VECTOR ( 'NONE', #542, 1000.000000000000000 ) ;
#1793 = AXIS2_PLACEMENT_3D ( 'NONE', #189, #405, #2426 ) ;
#1794 = AXIS2_PLACEMENT_3D ( 'NONE', #1869, #195, #813 ) ;
#1795 = ADVANCED_FACE ( 'NONE', ( #932, #2386, #299, #348, #2194, #516, #1340, #545, #2397, #728, #1555 ), #1365, .F. ) ;
#1796 = EDGE_LOOP ( 'NONE', ( #1295, #916 ) ) ;
#1797 = ORIENTED_EDGE ( 'NONE', *, *, #292, .T. ) ;
#1798 = CALENDAR_DATE ( 2026, 28, 9 ) ;
#1799 = DIRECTION ( 'NONE',  ( -0.000000000000000000, -0.000000000000000000, -1.000000000000000000 ) ) ;
#1800 = EDGE_LOOP ( 'NONE', ( #384, #1282, #1479, #1437 ) ) ;
#1801 = CARTESIAN_POINT ( 'NONE',  ( 0.000000000000000000, 9.000000000000000000, 0.000000000000000000 ) ) ;
#1802 = DIRECTION ( 'NONE',  ( 0.000000000000000000, 0.000000000000000000, 1.000000000000000000 ) ) ;
#1803 = CARTESIAN_POINT ( 'NONE',  ( 0.000000000000000000, 0.000000000000000000, 0.000000000000000000 ) ) ;
#1804 = ORIENTED_EDGE ( 'NONE', *, *, #154, .F. ) ;
#1805 = ADVANCED_FACE ( 'NONE', ( #1153 ), #765, .T. ) ;
#1806 = VERTEX_POINT ( 'NONE', #2184 ) ;
#1807 = DIRECTION ( 'NONE',  ( 1.000000000000000000, 0.000000000000000000, 0.000000000000000000 ) ) ;
#1808 =( NAMED_UNIT ( * ) PLANE_ANGLE_UNIT ( ) SI_UNIT ( $, .RADIAN. ) );
#1809 = DIRECTION ( 'NONE',  ( -1.000000000000000000, 0.000000000000000000, 0.000000000000000000 ) ) ;
#1810 = ORIENTED_EDGE ( 'NONE', *, *, #543, .F. ) ;
#1811 = DIRECTION ( 'NONE',  ( 0.000000000000000000, 0.000000000000000000, 1.000000000000000000 ) ) ;
#1812 = DIRECTION ( 'NONE',  ( 0.000000000000000000, 0.000000000000000000, 1.000000000000000000 ) ) ;
#1813 = DIRECTION ( 'NONE',  ( -1.000000000000000000, 0.000000000000000000, 0.000000000000000000 ) ) ;
#1814 = CIRCLE ( 'NONE', #1421, 4.999999999999997335 ) ;
#1815 = ORIENTED_EDGE ( 'NONE', *, *, #2593, .T. ) ;
#1816 = AXIS2_PLACEMENT_3D ( 'NONE', #2246, #768, #1187 ) ;
#1817 = CIRCLE ( 'NONE', #132, 4.000000000000000000 ) ;
#1818 = VERTEX_POINT ( 'NONE', #2601 ) ;
#1819 = DIRECTION ( 'NONE',  ( 1.000000000000000000, 0.000000000000000000, 0.000000000000000000 ) ) ;
#1820 = ADVANCED_FACE ( 'NONE', ( #742 ), #119, .T. ) ;
#1821 = ORIENTED_EDGE ( 'NONE', *, *, #2150, .T. ) ;
#1822 = EDGE_CURVE ( 'NONE', #634, #1806, #2160, .T. ) ;
#1823 = CARTESIAN_POINT ( 'NONE',  ( 90.84900000000000375, 10.50000000000000000, 8.000000000000000000 ) ) ;
#1824 = DIRECTION ( 'NONE',  ( -0.000000000000000000, 0.000000000000000000, -1.000000000000000000 ) ) ;
#1825 = DIRECTION ( 'NONE',  ( -0.000000000000000000, -0.000000000000000000, -1.000000000000000000 ) ) ;
#1826 = ORIENTED_EDGE ( 'NONE', *, *, #1391, .T. ) ;
#1827 = AXIS2_PLACEMENT_3D ( 'NONE', #1305, #1115, #1740 ) ;
#1828 = DIRECTION ( 'NONE',  ( 0.000000000000000000, 0.000000000000000000, 1.000000000000000000 ) ) ;
#1829 = CIRCLE ( 'NONE', #664, 3.500000000000000000 ) ;
#1830 = EDGE_LOOP ( 'NONE', ( #471, #950, #1194, #2439 ) ) ;
#1831 = CARTESIAN_POINT ( 'NONE',  ( 35.00000000000000000, 9.000000000000000000, 0.000000000000000000 ) ) ;
#1832 = APPROVAL_STATUS ( 'not_yet_approved' ) ;
#1833 = VERTEX_POINT ( 'NONE', #718 ) ;
#1834 = LINE ( 'NONE', #1429, #1774 ) ;
#1835 = DIRECTION ( 'NONE',  ( 0.000000000000000000, 0.000000000000000000, 1.000000000000000000 ) ) ;
#1836 = DIRECTION ( 'NONE',  ( 0.000000000000000000, 0.000000000000000000, -1.000000000000000000 ) ) ;
#1837 = ORIENTED_EDGE ( 'NONE', *, *, #1113, .F. ) ;
#1838 = EDGE_CURVE ( 'NONE', #166, #797, #145, .T. ) ;
#1839 = DIRECTION ( 'NONE',  ( 0.000000000000000000, 0.000000000000000000, -1.000000000000000000 ) ) ;
#1840 = FACE_OUTER_BOUND ( 'NONE', #942, .T. ) ;
#1841 = ADVANCED_FACE ( 'NONE', ( #1124 ), #2359, .T. ) ;
#1842 = ORIENTED_EDGE ( 'NONE', *, *, #1850, .T. ) ;
#1843 = CARTESIAN_POINT ( 'NONE',  ( -6.125000000000000888, -3.388860427931490005, 8.000000000000000000 ) ) ;
#1844 = COORDINATED_UNIVERSAL_TIME_OFFSET ( 6, 0, .BEHIND. ) ;
#1845 = VERTEX_POINT ( 'NONE', #1389 ) ;
#1846 = CARTESIAN_POINT ( 'NONE',  ( 3.500000000000000000, -9.000000000000000000, 4.000000000000000000 ) ) ;
#1847 = CARTESIAN_POINT ( 'NONE',  ( 8.000000000000001776, -3.354101966249684263, 8.000000000000000000 ) ) ;
#1848 = DIRECTION ( 'NONE',  ( -0.000000000000000000, -0.000000000000000000, 1.000000000000000000 ) ) ;
#1849 = ORIENTED_EDGE ( 'NONE', *, *, #2332, .F. ) ;
#1850 = EDGE_CURVE ( 'NONE', #2340, #1218, #1245, .T. ) ;
#1851 = CIRCLE ( 'NONE', #1596, 1.700000000000000178 ) ;
#1852 = FACE_OUTER_BOUND ( 'NONE', #1922, .T. ) ;
#1853 = DIRECTION ( 'NONE',  ( 0.000000000000000000, 0.000000000000000000, 1.000000000000000000 ) ) ;
#1854 = EDGE_CURVE ( 'NONE', #804, #2058, #1185, .T. ) ;
#1855 = AXIS2_PLACEMENT_3D ( 'NONE', #1404, #1632, #995 ) ;
#1856 = ORIENTED_EDGE ( 'NONE', *, *, #92, .T. ) ;
#1857 = FACE_OUTER_BOUND ( 'NONE', #1698, .T. ) ;
#1858 = AXIS2_PLACEMENT_3D ( 'NONE', #2087, #873, #1902 ) ;
#1859 = ORIENTED_EDGE ( 'NONE', *, *, #1971, .F. ) ;
#1860 = DIRECTION ( 'NONE',  ( 0.000000000000000000, 0.000000000000000000, -1.000000000000000000 ) ) ;
#1861 = DIRECTION ( 'NONE',  ( -1.000000000000000000, 0.000000000000000000, 0.000000000000000000 ) ) ;
#1862 = DIRECTION ( 'NONE',  ( 0.000000000000000000, -0.000000000000000000, -1.000000000000000000 ) ) ;
#1863 = ORIENTED_EDGE ( 'NONE', *, *, #2048, .F. ) ;
#1864 = FACE_OUTER_BOUND ( 'NONE', #2149, .T. ) ;
#1865 = DIRECTION ( 'NONE',  ( -0.000000000000000000, -0.000000000000000000, -1.000000000000000000 ) ) ;
#1866 = ADVANCED_FACE ( 'NONE', ( #361 ), #979, .T. ) ;
#1867 = VECTOR ( 'NONE', #1230, 1000.000000000000000 ) ;
#1868 = VERTEX_POINT ( 'NONE', #229 ) ;
#1869 = CARTESIAN_POINT ( 'NONE',  ( 0.000000000000000000, 9.000000000000000000, 8.000000000000000000 ) ) ;
#1870 = ADVANCED_FACE ( 'NONE', ( #258 ), #1739, .T. ) ;
#1871 = CIRCLE ( 'NONE', #232, 1.699999999999999956 ) ;
#1872 = VECTOR ( 'NONE', #2484, 1000.000000000000000 ) ;
#1873 = ORIENTED_EDGE ( 'NONE', *, *, #121, .T. ) ;
#1874 = LINE ( 'NONE', #1075, #909 ) ;
#1875 = DIRECTION ( 'NONE',  ( -1.000000000000000000, 0.000000000000000000, 0.000000000000000000 ) ) ;
#1876 = CARTESIAN_POINT ( 'NONE',  ( 6.124999999999999112, 3.388860427931489561, 4.000000000000000000 ) ) ;
#1877 = ORIENTED_EDGE ( 'NONE', *, *, #2543, .T. ) ;
#1878 = LINE ( 'NONE', #82, #649 ) ;
#1879 = CARTESIAN_POINT ( 'NONE',  ( 51.79795897113271508, -14.99999999999999645, 0.000000000000000000 ) ) ;
#1880 = DIRECTION ( 'NONE',  ( -0.000000000000000000, -0.000000000000000000, 1.000000000000000000 ) ) ;
#1881 = EDGE_LOOP ( 'NONE', ( #1017, #767, #1998, #513 ) ) ;
#1882 = DIRECTION ( 'NONE',  ( 1.000000000000000000, 0.000000000000000000, 0.000000000000000000 ) ) ;
#1883 = EDGE_CURVE ( 'NONE', #2227, #1602, #2663, .T. ) ;
#1884 = ORIENTED_EDGE ( 'NONE', *, *, #2275, .F. ) ;
#1885 = ORIENTED_EDGE ( 'NONE', *, *, #233, .F. ) ;
#1886 = DIRECTION ( 'NONE',  ( -1.000000000000000000, 0.000000000000000000, 0.000000000000000000 ) ) ;
#1887 = DIRECTION ( 'NONE',  ( 0.000000000000000000, 1.000000000000000000, 0.000000000000000000 ) ) ;
#1888 = DIRECTION ( 'NONE',  ( 0.000000000000000000, 0.000000000000000000, 1.000000000000000000 ) ) ;
#1889 = EDGE_LOOP ( 'NONE', ( #338, #1797, #481, #1354 ) ) ;
#1890 = CARTESIAN_POINT ( 'NONE',  ( 0.000000000000000000, -10.50000000000000000, -0.000000000000000000 ) ) ;
#1891 = DIRECTION ( 'NONE',  ( 1.000000000000000000, 0.000000000000000000, 0.000000000000000000 ) ) ;
#1892 = CARTESIAN_POINT ( 'NONE',  ( 0.000000000000000000, 0.000000000000000000, 8.000000000000000000 ) ) ;
#1893 = ORIENTED_EDGE ( 'NONE', *, *, #1103, .F. ) ;
#1894 = AXIS2_PLACEMENT_3D ( 'NONE', #1904, #1063, #1933 ) ;
#1895 = DIRECTION ( 'NONE',  ( -0.000000000000000000, -0.000000000000000000, -1.000000000000000000 ) ) ;
#1896 = CIRCLE ( 'NONE', #736, 1.699999999999993072 ) ;
#1897 = DATE_AND_TIME ( #222, #490 ) ;
#1898 = ORIENTED_EDGE ( 'NONE', *, *, #2440, .F. ) ;
#1899 = ORIENTED_EDGE ( 'NONE', *, *, #934, .F. ) ;
#1900 = AXIS2_PLACEMENT_3D ( 'NONE', #636, #1456, #687 ) ;
#1901 = EDGE_CURVE ( 'NONE', #2145, #1272, #1320, .T. ) ;
#1902 = DIRECTION ( 'NONE',  ( 1.000000000000000000, 0.000000000000000000, 0.000000000000000000 ) ) ;
#1903 = CARTESIAN_POINT ( 'NONE',  ( 100.0000000000000000, -4.999999999999999112, 0.000000000000000000 ) ) ;
#1904 = CARTESIAN_POINT ( 'NONE',  ( 94.15000000000000568, -5.000000000000000000, 4.000000000000000000 ) ) ;
#1905 = ORIENTED_EDGE ( 'NONE', *, *, #1546, .T. ) ;
#1906 = EDGE_CURVE ( 'NONE', #1417, #2613, #168, .T. ) ;
#1907 = CARTESIAN_POINT ( 'NONE',  ( 0.000000000000000000, 9.000000000000000000, 8.000000000000000000 ) ) ;
#1908 = DIRECTION ( 'NONE',  ( -0.000000000000000000, -0.000000000000000000, -1.000000000000000000 ) ) ;
#1909 = DIRECTION ( 'NONE',  ( -1.000000000000000000, 0.000000000000000000, 0.000000000000000000 ) ) ;
#1910 = VECTOR ( 'NONE', #1649, 1000.000000000000000 ) ;
#1911 = ORIENTED_EDGE ( 'NONE', *, *, #2565, .F. ) ;
#1912 = CARTESIAN_POINT ( 'NONE',  ( 51.79795897113271508, -4.999999999999999112, 4.000000000000000000 ) ) ;
#1913 = VECTOR ( 'NONE', #671, 1000.000000000000000 ) ;
#1914 = DATE_TIME_ROLE ( 'creation_date' ) ;
#1915 = EDGE_LOOP ( 'NONE', ( #912, #2602 ) ) ;
#1916 = ORIENTED_EDGE ( 'NONE', *, *, #1180, .F. ) ;
#1917 = CIRCLE ( 'NONE', #963, 1.700000000000000178 ) ;
#1918 = VECTOR ( 'NONE', #2467, 1000.000000000000000 ) ;
#1919 = FACE_OUTER_BOUND ( 'NONE', #2240, .T. ) ;
#1920 = DIRECTION ( 'NONE',  ( 0.000000000000000000, 0.000000000000000000, -1.000000000000000000 ) ) ;
#1921 = DIRECTION ( 'NONE',  ( -1.000000000000000000, 0.000000000000000000, 0.000000000000000000 ) ) ;
#1922 = EDGE_LOOP ( 'NONE', ( #862, #295, #788, #1849 ) ) ;
#1923 = DIRECTION ( 'NONE',  ( -1.000000000000000000, 0.000000000000000000, 0.000000000000000000 ) ) ;
#1924 = LINE ( 'NONE', #2337, #2555 ) ;
#1925 = LINE ( 'NONE', #1276, #1005 ) ;
#1926 = EDGE_CURVE ( 'NONE', #1745, #1044, #2320, .T. ) ;
#1927 = VERTEX_POINT ( 'NONE', #1052 ) ;
#1928 = CARTESIAN_POINT ( 'NONE',  ( 47.55000000000000426, -5.000000000000000000, 0.000000000000000000 ) ) ;
#1929 = EDGE_LOOP ( 'NONE', ( #1427, #1603, #2047, #700 ) ) ;
#1930 = ORIENTED_EDGE ( 'NONE', *, *, #2543, .F. ) ;
#1931 = DIRECTION ( 'NONE',  ( -0.000000000000000000, -0.000000000000000000, -1.000000000000000000 ) ) ;
#1932 = DIRECTION ( 'NONE',  ( 1.000000000000000000, 0.000000000000000000, 0.000000000000000000 ) ) ;
#1933 = DIRECTION ( 'NONE',  ( -1.000000000000000000, 0.000000000000000000, 0.000000000000000000 ) ) ;
#1934 = EDGE_LOOP ( 'NONE', ( #1863, #1006 ) ) ;
#1935 = CARTESIAN_POINT ( 'NONE',  ( 25.39999999999999858, -3.000000000000000000, 4.000000000000003553 ) ) ;
#1936 = FACE_OUTER_BOUND ( 'NONE', #1582, .T. ) ;
#1937 = CARTESIAN_POINT ( 'NONE',  ( 27.00000000000000000, 3.000000000000000000, 0.000000000000000000 ) ) ;
#1938 = EDGE_CURVE ( 'NONE', #1085, #1500, #2336, .T. ) ;
#1939 = ORIENTED_EDGE ( 'NONE', *, *, #2243, .T. ) ;
#1940 = EDGE_CURVE ( 'NONE', #81, #267, #38, .T. ) ;
#1941 = AXIS2_PLACEMENT_3D ( 'NONE', #648, #256, #662 ) ;
#1942 = ORIENTED_EDGE ( 'NONE', *, *, #2398, .T. ) ;
#1943 = ORIENTED_EDGE ( 'NONE', *, *, #553, .F. ) ;
#1944 = CIRCLE ( 'NONE', #2326, 9.999999999999994671 ) ;
#1945 = CARTESIAN_POINT ( 'NONE',  ( 27.00000000000000000, 3.000000000000000000, 4.000000000000003553 ) ) ;
#1946 = CARTESIAN_POINT ( 'NONE',  ( 90.84900000000000375, 0.000000000000000000, 4.000000000000000000 ) ) ;
#1947 = CARTESIAN_POINT ( 'NONE',  ( -7.000000000000000000, 0.000000000000000000, 8.000000000000000000 ) ) ;
#1948 = AXIS2_PLACEMENT_3D ( 'NONE', #2531, #2133, #2072 ) ;
#1949 = ORIENTED_EDGE ( 'NONE', *, *, #1777, .F. ) ;
#1950 = DIRECTION ( 'NONE',  ( -0.000000000000000000, -0.000000000000000000, 1.000000000000000000 ) ) ;
#1951 = DIRECTION ( 'NONE',  ( -1.000000000000000000, 0.000000000000000000, 0.000000000000000000 ) ) ;
#1952 = CARTESIAN_POINT ( 'NONE',  ( -3.388860427931490005, 6.125000000000000888, 8.000000000000000000 ) ) ;
#1953 = AXIS2_PLACEMENT_3D ( 'NONE', #427, #637, #198 ) ;
#1954 = ADVANCED_FACE ( 'NONE', ( #462 ), #666, .T. ) ;
#1955 = EDGE_LOOP ( 'NONE', ( #576, #2421, #550, #344 ) ) ;
#1956 = EDGE_CURVE ( 'NONE', #247, #973, #244, .T. ) ;
#1957 = ORIENTED_EDGE ( 'NONE', *, *, #1926, .F. ) ;
#1958 = VERTEX_POINT ( 'NONE', #433 ) ;
#1959 = CIRCLE ( 'NONE', #1827, 4.999999999999997335 ) ;
#1960 = DIRECTION ( 'NONE',  ( 1.000000000000000000, 0.000000000000000000, 0.000000000000000000 ) ) ;
#1961 = CARTESIAN_POINT ( 'NONE',  ( 100.0000000000000000, 4.999999999999997335, 4.000000000000000000 ) ) ;
#1962 = AXIS2_PLACEMENT_3D ( 'NONE', #1369, #571, #2188 ) ;
#1963 = ORIENTED_EDGE ( 'NONE', *, *, #1148, .F. ) ;
#1964 = CIRCLE ( 'NONE', #2642, 4.000000000000000000 ) ;
#1965 = CARTESIAN_POINT ( 'NONE',  ( -8.000000000000000000, 3.354101966249684263, 4.000000000000000000 ) ) ;
#1966 = DIRECTION ( 'NONE',  ( 1.000000000000000000, 0.000000000000000000, 0.000000000000000000 ) ) ;
#1967 = DIRECTION ( 'NONE',  ( -0.000000000000000000, -0.000000000000000000, 1.000000000000000000 ) ) ;
#1968 = ORIENTED_EDGE ( 'NONE', *, *, #2380, .T. ) ;
#1969 = ORIENTED_EDGE ( 'NONE', *, *, #2528, .F. ) ;
#1970 = ORIENTED_EDGE ( 'NONE', *, *, #2622, .T. ) ;
#1971 = EDGE_CURVE ( 'NONE', #2168, #590, #1521, .T. ) ;
#1972 = CARTESIAN_POINT ( 'NONE',  ( 27.00000000000000000, 3.000000000000000000, 4.000000000000003553 ) ) ;
#1973 = DIRECTION ( 'NONE',  ( 0.000000000000000000, -0.000000000000000000, 1.000000000000000000 ) ) ;
#1974 = VERTEX_POINT ( 'NONE', #1935 ) ;
#1975 = EDGE_CURVE ( 'NONE', #177, #915, #70, .T. ) ;
#1976 = DIRECTION ( 'NONE',  ( 0.000000000000000000, 0.000000000000000000, -1.000000000000000000 ) ) ;
#1977 = CARTESIAN_POINT ( 'NONE',  ( -9.000000000000000000, 0.000000000000000000, 0.000000000000000000 ) ) ;
#1978 = CARTESIAN_POINT ( 'NONE',  ( 10.69999999999999929, 2.081899558550500033E-16, 8.000000000000000000 ) ) ;
#1979 = ORIENTED_EDGE ( 'NONE', *, *, #766, .T. ) ;
#1980 = ORIENTED_EDGE ( 'NONE', *, *, #2243, .F. ) ;
#1981 = CYLINDRICAL_SURFACE ( 'NONE', #2114, 7.000000000000000000 ) ;
#1982 = DIRECTION ( 'NONE',  ( -0.000000000000000000, -0.000000000000000000, 1.000000000000000000 ) ) ;
#1983 = EDGE_LOOP ( 'NONE', ( #1541, #1079, #2214, #300 ) ) ;
#1984 = EDGE_CURVE ( 'NONE', #1337, #561, #1944, .T. ) ;
#1985 = VECTOR ( 'NONE', #505, 1000.000000000000000 ) ;
#1986 = DIRECTION ( 'NONE',  ( -1.000000000000000000, 0.000000000000000000, 0.000000000000000000 ) ) ;
#1987 = CARTESIAN_POINT ( 'NONE',  ( 0.000000000000000000, -7.000000000000000000, 4.000000000000000000 ) ) ;
#1988 = FACE_BOUND ( 'NONE', #1955, .T. ) ;
#1989 = EDGE_CURVE ( 'NONE', #2058, #701, #1878, .T. ) ;
#1990 = AXIS2_PLACEMENT_3D ( 'NONE', #486, #888, #458 ) ;
#1991 = VECTOR ( 'NONE', #2477, 1000.000000000000000 ) ;
#1992 = ORIENTED_EDGE ( 'NONE', *, *, #2006, .F. ) ;
#1993 = EDGE_LOOP ( 'NONE', ( #243, #586, #896, #2045 ) ) ;
#1994 = PERSON_AND_ORGANIZATION_ROLE ( 'creator' ) ;
#1995 = SECURITY_CLASSIFICATION ( '', '', #29 ) ;
#1996 = CARTESIAN_POINT ( 'NONE',  ( 51.79795897113270797, 15.00000000000000000, 0.000000000000000000 ) ) ;
#1997 = AXIS2_PLACEMENT_3D ( 'NONE', #610, #1848, #1238 ) ;
#1998 = ORIENTED_EDGE ( 'NONE', *, *, #2476, .T. ) ;
#1999 = LINE ( 'NONE', #1583, #41 ) ;
#2000 = VECTOR ( 'NONE', #75, 1000.000000000000000 ) ;
#2001 = DIRECTION ( 'NONE',  ( -0.000000000000000000, -0.000000000000000000, 1.000000000000000000 ) ) ;
#2002 = PLANE ( 'NONE',  #828 ) ;
#2003 = CIRCLE ( 'NONE', #2389, 4.999999999999997335 ) ;
#2004 = EDGE_CURVE ( 'NONE', #848, #2145, #526, .T. ) ;
#2005 = AXIS2_PLACEMENT_3D ( 'NONE', #1831, #840, #826 ) ;
#2006 = EDGE_CURVE ( 'NONE', #329, #207, #1247, .T. ) ;
#2007 = ORIENTED_EDGE ( 'NONE', *, *, #1163, .T. ) ;
#2008 = VERTEX_POINT ( 'NONE', #849 ) ;
#2009 = CYLINDRICAL_SURFACE ( 'NONE', #1600, 10.00000000000000178 ) ;
#2010 = CARTESIAN_POINT ( 'NONE',  ( 90.84900000000000375, 0.000000000000000000, -0.000000000000000000 ) ) ;
#2011 = ORIENTED_EDGE ( 'NONE', *, *, #1764, .F. ) ;
#2012 = CARTESIAN_POINT ( 'NONE',  ( 0.000000000000000000, -9.000000000000000000, 8.000000000000000000 ) ) ;
#2013 = DIRECTION ( 'NONE',  ( -0.000000000000000000, -0.000000000000000000, 1.000000000000000000 ) ) ;
#2014 = CARTESIAN_POINT ( 'NONE',  ( 3.354101966249684263, 8.000000000000000000, 8.000000000000000000 ) ) ;
#2015 = ORIENTED_EDGE ( 'NONE', *, *, #1317, .F. ) ;
#2016 = EDGE_CURVE ( 'NONE', #2080, #804, #1678, .T. ) ;
#2017 = ORIENTED_EDGE ( 'NONE', *, *, #2154, .T. ) ;
#2018 = EDGE_LOOP ( 'NONE', ( #356, #98, #1730, #835 ) ) ;
#2019 = EDGE_CURVE ( 'NONE', #1768, #954, #1684, .T. ) ;
#2020 = DIRECTION ( 'NONE',  ( -1.000000000000000000, 0.000000000000000000, 0.000000000000000000 ) ) ;
#2021 = ORIENTED_EDGE ( 'NONE', *, *, #109, .T. ) ;
#2022 = CARTESIAN_POINT ( 'NONE',  ( 35.00000000000000000, 9.000000000000000000, 0.000000000000000000 ) ) ;
#2023 = CARTESIAN_POINT ( 'NONE',  ( 90.00000000000000000, -15.00000000000000000, 4.000000000000000000 ) ) ;
#2024 = DIRECTION ( 'NONE',  ( 0.000000000000000000, 0.000000000000000000, -1.000000000000000000 ) ) ;
#2025 = AXIS2_PLACEMENT_3D ( 'NONE', #1461, #23, #878 ) ;
#2026 = EDGE_LOOP ( 'NONE', ( #2545, #2608, #2250, #389 ) ) ;
#2027 = CIRCLE ( 'NONE', #1343, 9.999999999999994671 ) ;
#2028 = DIRECTION ( 'NONE',  ( -1.000000000000000000, 0.000000000000000000, 0.000000000000000000 ) ) ;
#2029 = AXIS2_PLACEMENT_3D ( 'NONE', #327, #2547, #130 ) ;
#2030 = ORIENTED_EDGE ( 'NONE', *, *, #1408, .T. ) ;
#2031 = DIRECTION ( 'NONE',  ( 1.000000000000000000, 0.000000000000000000, 0.000000000000000000 ) ) ;
#2032 =( NAMED_UNIT ( * ) SI_UNIT ( $, .STERADIAN. ) SOLID_ANGLE_UNIT ( ) );
#2033 = EDGE_CURVE ( 'NONE', #1351, #825, #2665, .T. ) ;
#2034 = ORIENTED_EDGE ( 'NONE', *, *, #335, .F. ) ;
#2035 = DIRECTION ( 'NONE',  ( 0.000000000000000000, 0.000000000000000000, 1.000000000000000000 ) ) ;
#2036 = AXIS2_PLACEMENT_3D ( 'NONE', #2165, #2392, #332 ) ;
#2037 = DIRECTION ( 'NONE',  ( -0.000000000000000000, -0.000000000000000000, -1.000000000000000000 ) ) ;
#2038 = DIRECTION ( 'NONE',  ( -1.000000000000000000, 0.000000000000000000, 0.000000000000000000 ) ) ;
#2039 = ORIENTED_EDGE ( 'NONE', *, *, #599, .T. ) ;
#2040 = VECTOR ( 'NONE', #1839, 1000.000000000000000 ) ;
#2041 = DIRECTION ( 'NONE',  ( -1.000000000000000000, 0.000000000000000000, 0.000000000000000000 ) ) ;
#2042 = CARTESIAN_POINT ( 'NONE',  ( 35.00000000000000000, 9.000000000000000000, 0.000000000000000000 ) ) ;
#2043 = AXIS2_PLACEMENT_3D ( 'NONE', #1143, #1712, #2509 ) ;
#2044 = CIRCLE ( 'NONE', #2516, 1.599999999999997202 ) ;
#2045 = ORIENTED_EDGE ( 'NONE', *, *, #1058, .F. ) ;
#2046 = CARTESIAN_POINT ( 'NONE',  ( 35.00000000000000000, -9.000000000000000000, 0.000000000000000000 ) ) ;
#2047 = ORIENTED_EDGE ( 'NONE', *, *, #368, .T. ) ;
#2048 = EDGE_CURVE ( 'NONE', #684, #1407, #2410, .T. ) ;
#2049 = CARTESIAN_POINT ( 'NONE',  ( 9.000000000000000000, 0.000000000000000000, 8.000000000000000000 ) ) ;
#2050 = CARTESIAN_POINT ( 'NONE',  ( 3.500000000000000000, 9.000000000000000000, 4.000000000000000000 ) ) ;
#2051 = CARTESIAN_POINT ( 'NONE',  ( 94.15000000000000568, 5.000000000000000000, 0.000000000000000000 ) ) ;
#2052 = ORIENTED_EDGE ( 'NONE', *, *, #977, .F. ) ;
#2053 = EDGE_CURVE ( 'NONE', #2314, #1661, #2199, .T. ) ;
#2054 = CARTESIAN_POINT ( 'NONE',  ( 94.15000000000000568, -5.000000000000000000, 8.000000000000000000 ) ) ;
#2055 = CARTESIAN_POINT ( 'NONE',  ( 45.85000000000000142, 5.000000000000000000, 8.000000000000000000 ) ) ;
#2056 = ORIENTED_EDGE ( 'NONE', *, *, #585, .F. ) ;
#2057 = DIRECTION ( 'NONE',  ( -1.000000000000000000, 0.000000000000000000, 0.000000000000000000 ) ) ;
#2058 = VERTEX_POINT ( 'NONE', #1753 ) ;
#2059 = FACE_BOUND ( 'NONE', #984, .T. ) ;
#2060 = DIRECTION ( 'NONE',  ( -0.000000000000000000, -0.000000000000000000, -1.000000000000000000 ) ) ;
#2061 = DIRECTION ( 'NONE',  ( -0.000000000000000000, -0.000000000000000000, -1.000000000000000000 ) ) ;
#2062 = ORIENTED_EDGE ( 'NONE', *, *, #655, .F. ) ;
#2063 = AXIS2_PLACEMENT_3D ( 'NONE', #80, #1503, #1921 ) ;
#2064 = CARTESIAN_POINT ( 'NONE',  ( 95.85000000000000853, 5.000000000000000000, 8.000000000000000000 ) ) ;
#2065 = CARTESIAN_POINT ( 'NONE',  ( 0.000000000000000000, 0.000000000000000000, 0.000000000000000000 ) ) ;
#2066 = EDGE_CURVE ( 'NONE', #973, #659, #2027, .T. ) ;
#2067 = VECTOR ( 'NONE', #564, 1000.000000000000000 ) ;
#2068 = EDGE_LOOP ( 'NONE', ( #1376, #1, #1484, #808 ) ) ;
#2069 = CARTESIAN_POINT ( 'NONE',  ( 0.000000000000000000, -9.000000000000000000, 8.000000000000000000 ) ) ;
#2070 = PRODUCT_DEFINITION_FORMATION_WITH_SPECIFIED_SOURCE ( 'ANY', '', #2124, .NOT_KNOWN. ) ;
#2071 = ORIENTED_EDGE ( 'NONE', *, *, #1956, .T. ) ;
#2072 = DIRECTION ( 'NONE',  ( 0.000000000000000000, 0.000000000000000000, -1.000000000000000000 ) ) ;
#2073 = CARTESIAN_POINT ( 'NONE',  ( 0.000000000000000000, 0.000000000000000000, 4.000000000000000000 ) ) ;
#2074 = CARTESIAN_POINT ( 'NONE',  ( 0.000000000000000000, -7.000000000000000000, 8.000000000000000000 ) ) ;
#2075 = ORIENTED_EDGE ( 'NONE', *, *, #339, .T. ) ;
#2076 = DIRECTION ( 'NONE',  ( 1.000000000000000000, 0.000000000000000000, 0.000000000000000000 ) ) ;
#2077 = DIRECTION ( 'NONE',  ( -1.000000000000000000, 0.000000000000000000, 0.000000000000000000 ) ) ;
#2078 = EDGE_CURVE ( 'NONE', #684, #1958, #113, .T. ) ;
#2079 = AXIS2_PLACEMENT_3D ( 'NONE', #597, #850, #245 ) ;
#2080 = VERTEX_POINT ( 'NONE', #744 ) ;
#2081 = DIRECTION ( 'NONE',  ( 1.000000000000000000, 0.000000000000000000, 0.000000000000000000 ) ) ;
#2082 = VECTOR ( 'NONE', #1290, 1000.000000000000000 ) ;
#2083 = ADVANCED_FACE ( 'NONE', ( #1569 ), #99, .F. ) ;
#2084 = CIRCLE ( 'NONE', #927, 1.599999999999997202 ) ;
#2085 = ORIENTED_EDGE ( 'NONE', *, *, #2202, .T. ) ;
#2086 = VERTEX_POINT ( 'NONE', #730 ) ;
#2087 = CARTESIAN_POINT ( 'NONE',  ( 0.000000000000000000, -7.000000000000000000, 4.000000000000000000 ) ) ;
#2088 = CARTESIAN_POINT ( 'NONE',  ( 0.000000000000000000, 9.000000000000000000, 8.000000000000000000 ) ) ;
#2089 = CARTESIAN_POINT ( 'NONE',  ( 6.125000000000000888, 3.388860427931490449, 6.000000000000000000 ) ) ;
#2090 = ORIENTED_EDGE ( 'NONE', *, *, #155, .T. ) ;
#2091 = CARTESIAN_POINT ( 'NONE',  ( 9.000000000000000000, 0.000000000000000000, 8.000000000000000000 ) ) ;
#2092 = DIRECTION ( 'NONE',  ( -1.000000000000000000, 0.000000000000000000, 0.000000000000000000 ) ) ;
#2093 = FACE_OUTER_BOUND ( 'NONE', #140, .T. ) ;
#2094 = CC_DESIGN_DATE_AND_TIME_ASSIGNMENT ( #1701, #1914, ( #1670 ) ) ;
#2095 = ORIENTED_EDGE ( 'NONE', *, *, #934, .T. ) ;
#2096 = DIRECTION ( 'NONE',  ( -1.000000000000000000, 0.000000000000000000, 0.000000000000000000 ) ) ;
#2097 = EDGE_CURVE ( 'NONE', #441, #1974, #560, .T. ) ;
#2098 = VERTEX_POINT ( 'NONE', #1176 ) ;
#2099 = ORIENTED_EDGE ( 'NONE', *, *, #1498, .F. ) ;
#2100 = FACE_OUTER_BOUND ( 'NONE', #2345, .T. ) ;
#2101 = DIRECTION ( 'NONE',  ( 0.000000000000000000, 1.000000000000000000, 0.000000000000000000 ) ) ;
#2102 = CARTESIAN_POINT ( 'NONE',  ( -1.699999999999999956, 9.000000000000000000, 0.000000000000000000 ) ) ;
#2103 = VERTEX_POINT ( 'NONE', #2390 ) ;
#2104 = CARTESIAN_POINT ( 'NONE',  ( 0.000000000000000000, -9.000000000000000000, 8.000000000000000000 ) ) ;
#2105 = DIRECTION ( 'NONE',  ( -0.000000000000000000, -0.000000000000000000, 1.000000000000000000 ) ) ;
#2106 = CARTESIAN_POINT ( 'NONE',  ( 33.40000000000000568, -9.000000000000000000, 4.000000000000003553 ) ) ;
#2107 = VERTEX_POINT ( 'NONE', #955 ) ;
#2108 = AXIS2_PLACEMENT_3D ( 'NONE', #1375, #1139, #313 ) ;
#2109 = DIRECTION ( 'NONE',  ( 0.000000000000000000, 0.000000000000000000, 1.000000000000000000 ) ) ;
#2110 = VECTOR ( 'NONE', #1236, 1000.000000000000000 ) ;
#2111 = APPROVAL_DATE_TIME ( #1897, #2224 ) ;
#2112 = VERTEX_POINT ( 'NONE', #1965 ) ;
#2113 = ORIENTED_EDGE ( 'NONE', *, *, #2053, .F. ) ;
#2114 = AXIS2_PLACEMENT_3D ( 'NONE', #503, #1770, #2172 ) ;
#2115 = EDGE_CURVE ( 'NONE', #1927, #1625, #606, .T. ) ;
#2116 = CARTESIAN_POINT ( 'NONE',  ( 8.000000000000001776, -3.354101966249684263, 4.000000000000000000 ) ) ;
#2117 = DIRECTION ( 'NONE',  ( -1.000000000000000000, 0.000000000000000000, 0.000000000000000000 ) ) ;
#2118 = DIRECTION ( 'NONE',  ( 0.000000000000000000, 0.000000000000000000, 1.000000000000000000 ) ) ;
#2119 = ORIENTED_EDGE ( 'NONE', *, *, #762, .T. ) ;
#2120 = ADVANCED_FACE ( 'NONE', ( #2400 ), #1787, .T. ) ;
#2121 = DIRECTION ( 'NONE',  ( -1.000000000000000000, -0.000000000000000000, -0.000000000000000000 ) ) ;
#2122 = CARTESIAN_POINT ( 'NONE',  ( 90.84900000000000375, -10.50000000000000000, 8.000000000000000000 ) ) ;
#2123 = CARTESIAN_POINT ( 'NONE',  ( 28.60000000000000142, -3.000000000000000000, 0.000000000000000000 ) ) ;
#2124 = PRODUCT ( 'ARM-201_Upper_link_dual_MG996R', 'ARM-201_Upper_link_dual_MG996R', '', ( #618 ) ) ;
#2125 = LOCAL_TIME ( 19, 8, 50.00000000000000000, #2312 ) ;
#2126 = CIRCLE ( 'NONE', #1311, 1.700000000000000178 ) ;
#2127 = ORIENTED_EDGE ( 'NONE', *, *, #1167, .T. ) ;
#2128 = DIRECTION ( 'NONE',  ( -1.000000000000000000, -8.673617379884033500E-16, 0.000000000000000000 ) ) ;
#2129 = EDGE_LOOP ( 'NONE', ( #2319, #1980, #1190, #2274 ) ) ;
#2130 = ORIENTED_EDGE ( 'NONE', *, *, #1410, .T. ) ;
#2131 = VECTOR ( 'NONE', #783, 1000.000000000000000 ) ;
#2132 = VECTOR ( 'NONE', #2024, 1000.000000000000000 ) ;
#2133 = DIRECTION ( 'NONE',  ( 1.000000000000000000, -0.000000000000000000, 0.000000000000000000 ) ) ;
#2134 = FACE_OUTER_BOUND ( 'NONE', #540, .T. ) ;
#2135 = CARTESIAN_POINT ( 'NONE',  ( 36.60000000000000142, 9.000000000000000000, 4.000000000000003553 ) ) ;
#2136 = ORIENTED_EDGE ( 'NONE', *, *, #599, .F. ) ;
#2137 = ADVANCED_FACE ( 'NONE', ( #1355 ), #1342, .F. ) ;
#2138 = DIRECTION ( 'NONE',  ( 0.000000000000000000, 0.000000000000000000, -1.000000000000000000 ) ) ;
#2139 = DIRECTION ( 'NONE',  ( -0.000000000000000000, -0.000000000000000000, -1.000000000000000000 ) ) ;
#2140 = DIRECTION ( 'NONE',  ( 0.000000000000000000, 0.000000000000000000, -1.000000000000000000 ) ) ;
#2141 = EDGE_CURVE ( 'NONE', #238, #2107, #1999, .T. ) ;
#2142 = ORIENTED_EDGE ( 'NONE', *, *, #1971, .T. ) ;
#2143 = CARTESIAN_POINT ( 'NONE',  ( -6.125000000000000888, 3.388860427931489561, 4.000000000000000000 ) ) ;
#2144 = ORIENTED_EDGE ( 'NONE', *, *, #181, .F. ) ;
#2145 = VERTEX_POINT ( 'NONE', #150 ) ;
#2146 = DIRECTION ( 'NONE',  ( 0.000000000000000000, 0.000000000000000000, 1.000000000000000000 ) ) ;
#2147 = CARTESIAN_POINT ( 'NONE',  ( 45.85000000000000142, 5.000000000000000000, 4.000000000000000000 ) ) ;
#2148 = CARTESIAN_POINT ( 'NONE',  ( 3.500000000000000000, -9.000000000000000000, 8.000000000000000000 ) ) ;
#2149 = EDGE_LOOP ( 'NONE', ( #2564, #870, #1957, #2157 ) ) ;
#2150 = EDGE_CURVE ( 'NONE', #1363, #1656, #1467, .T. ) ;
#2151 = CARTESIAN_POINT ( 'NONE',  ( 0.000000000000000000, -9.000000000000000000, 8.000000000000000000 ) ) ;
#2152 = CARTESIAN_POINT ( 'NONE',  ( 45.85000000000000142, 5.000000000000000000, 4.000000000000000000 ) ) ;
#2153 = DIRECTION ( 'NONE',  ( 0.000000000000000000, 0.000000000000000000, 1.000000000000000000 ) ) ;
#2154 = EDGE_CURVE ( 'NONE', #1868, #1218, #2362, .T. ) ;
#2155 = ORIENTED_EDGE ( 'NONE', *, *, #602, .T. ) ;
#2156 = ORIENTED_EDGE ( 'NONE', *, *, #733, .F. ) ;
#2157 = ORIENTED_EDGE ( 'NONE', *, *, #651, .T. ) ;
#2158 = AXIS2_PLACEMENT_3D ( 'NONE', #1907, #1288, #1923 ) ;
#2159 = CARTESIAN_POINT ( 'NONE',  ( -1.699999999999999956, -9.000000000000000000, 8.000000000000000000 ) ) ;
#2160 = LINE ( 'NONE', #757, #1027 ) ;
#2161 = VECTOR ( 'NONE', #2316, 1000.000000000000000 ) ;
#2162 = EDGE_LOOP ( 'NONE', ( #1089, #2208 ) ) ;
#2163 = CARTESIAN_POINT ( 'NONE',  ( 39.58257569495583539, -7.000000000000000000, 0.000000000000000000 ) ) ;
#2164 = CARTESIAN_POINT ( 'NONE',  ( 100.0000000000000000, 4.999999999999997335, 0.000000000000000000 ) ) ;
#2165 = CARTESIAN_POINT ( 'NONE',  ( -9.000000000000000000, 0.000000000000000000, 8.000000000000000000 ) ) ;
#2166 = ORIENTED_EDGE ( 'NONE', *, *, #883, .F. ) ;
#2167 = EDGE_CURVE ( 'NONE', #555, #792, #1896, .T. ) ;
#2168 = VERTEX_POINT ( 'NONE', #2163 ) ;
#2169 = ORIENTED_EDGE ( 'NONE', *, *, #378, .T. ) ;
#2170 = ADVANCED_FACE ( 'NONE', ( #556 ), #1536, .F. ) ;
#2171 = CIRCLE ( 'NONE', #2043, 3.500000000000000000 ) ;
#2172 = DIRECTION ( 'NONE',  ( -1.000000000000000000, 0.000000000000000000, 0.000000000000000000 ) ) ;
#2173 = DIRECTION ( 'NONE',  ( -1.000000000000000000, 0.000000000000000000, -0.000000000000000000 ) ) ;
#2174 = CIRCLE ( 'NONE', #1003, 3.500000000000000000 ) ;
#2175 = EDGE_LOOP ( 'NONE', ( #2095, #1499, #501, #1943 ) ) ;
#2176 = AXIS2_PLACEMENT_3D ( 'NONE', #1014, #1880, #2028 ) ;
#2177 = CARTESIAN_POINT ( 'NONE',  ( 0.000000000000000000, 0.000000000000000000, 4.000000000000003553 ) ) ;
#2178 = DIRECTION ( 'NONE',  ( -1.000000000000000000, 0.000000000000000000, 0.000000000000000000 ) ) ;
#2179 = FACE_BOUND ( 'NONE', #2335, .T. ) ;
#2180 = ORIENTED_EDGE ( 'NONE', *, *, #635, .T. ) ;
#2181 = VERTEX_POINT ( 'NONE', #2353 ) ;
#2182 = DIRECTION ( 'NONE',  ( 0.000000000000000000, 0.000000000000000000, -1.000000000000000000 ) ) ;
#2183 = ADVANCED_FACE ( 'NONE', ( #508 ), #1331, .T. ) ;
#2184 = CARTESIAN_POINT ( 'NONE',  ( 3.388860427931489561, 6.125000000000000888, 4.000000000000000000 ) ) ;
#2185 = EDGE_LOOP ( 'NONE', ( #2015, #2282 ) ) ;
#2186 = APPLICATION_CONTEXT ( 'configuration controlled 3d designs of mechanical parts and assemblies' ) ;
#2187 = DIRECTION ( 'NONE',  ( 1.000000000000000000, 0.000000000000000000, 0.000000000000000000 ) ) ;
#2188 = DIRECTION ( 'NONE',  ( -1.000000000000000000, 0.000000000000000000, 0.000000000000000000 ) ) ;
#2189 = DIRECTION ( 'NONE',  ( -1.000000000000000000, 0.000000000000000000, -0.000000000000000000 ) ) ;
#2190 = VERTEX_POINT ( 'NONE', #593 ) ;
#2191 = ORIENTED_EDGE ( 'NONE', *, *, #1349, .F. ) ;
#2192 = CIRCLE ( 'NONE', #645, 3.500000000000000000 ) ;
#2193 = DIRECTION ( 'NONE',  ( 0.000000000000000000, 0.000000000000000000, 1.000000000000000000 ) ) ;
#2194 = FACE_BOUND ( 'NONE', #839, .T. ) ;
#2195 = EDGE_LOOP ( 'NONE', ( #1782, #1837, #2461, #975 ) ) ;
#2196 = AXIS2_PLACEMENT_3D ( 'NONE', #1547, #921, #532 ) ;
#2197 = EDGE_CURVE ( 'NONE', #2491, #567, #307, .T. ) ;
#2198 = DIRECTION ( 'NONE',  ( -1.000000000000000000, 0.000000000000000000, 0.000000000000000000 ) ) ;
#2199 = CIRCLE ( 'NONE', #2196, 3.500000000000000000 ) ;
#2200 = DIRECTION ( 'NONE',  ( 1.000000000000000000, 0.000000000000000000, 0.000000000000000000 ) ) ;
#2201 = CYLINDRICAL_SURFACE ( 'NONE', #492, 1.700000000000000178 ) ;
#2202 = EDGE_CURVE ( 'NONE', #2502, #2098, #2540, .T. ) ;
#2203 = AXIS2_PLACEMENT_3D ( 'NONE', #49, #1706, #2518 ) ;
#2204 = ORIENTED_EDGE ( 'NONE', *, *, #2443, .F. ) ;
#2205 = VERTEX_POINT ( 'NONE', #818 ) ;
#2206 = APPROVAL_ROLE ( '' ) ;
#2207 = DIRECTION ( 'NONE',  ( -1.000000000000000000, 0.000000000000000000, 0.000000000000000000 ) ) ;
#2208 = ORIENTED_EDGE ( 'NONE', *, *, #749, .F. ) ;
#2209 = CARTESIAN_POINT ( 'NONE',  ( 0.000000000000000000, -9.000000000000000000, 8.000000000000000000 ) ) ;
#2210 = CIRCLE ( 'NONE', #2079, 1.600000000000000755 ) ;
#2211 = CARTESIAN_POINT ( 'NONE',  ( -3.500000000000000000, 7.000000000000000000, 8.000000000000000000 ) ) ;
#2212 = FACE_BOUND ( 'NONE', #194, .T. ) ;
#2213 = EDGE_CURVE ( 'NONE', #926, #752, #1593, .T. ) ;
#2214 = ORIENTED_EDGE ( 'NONE', *, *, #589, .T. ) ;
#2215 = EDGE_CURVE ( 'NONE', #886, #2314, #2280, .T. ) ;
#2216 = ORIENTED_EDGE ( 'NONE', *, *, #165, .T. ) ;
#2217 = DIRECTION ( 'NONE',  ( -1.000000000000000000, 0.000000000000000000, 0.000000000000000000 ) ) ;
#2218 = FACE_OUTER_BOUND ( 'NONE', #785, .T. ) ;
#2219 = ORIENTED_EDGE ( 'NONE', *, *, #181, .T. ) ;
#2220 = CARTESIAN_POINT ( 'NONE',  ( 0.000000000000000000, 10.50000000000000000, 4.000000000000000000 ) ) ;
#2221 = CARTESIAN_POINT ( 'NONE',  ( 6.125000000000000888, -3.388860427931490449, 6.000000000000000000 ) ) ;
#2222 = DIRECTION ( 'NONE',  ( -1.000000000000000000, 0.000000000000000000, 0.000000000000000000 ) ) ;
#2223 = VERTEX_POINT ( 'NONE', #209 ) ;
#2224 = APPROVAL ( #249, 'UNSPECIFIED' ) ;
#2225 = DIRECTION ( 'NONE',  ( 1.000000000000000000, 0.000000000000000000, 0.000000000000000000 ) ) ;
#2226 = EDGE_CURVE ( 'NONE', #2008, #2482, #186, .T. ) ;
#2227 = VERTEX_POINT ( 'NONE', #1226 ) ;
#2228 = DIRECTION ( 'NONE',  ( 0.000000000000000000, 0.000000000000000000, 1.000000000000000000 ) ) ;
#2229 = DIRECTION ( 'NONE',  ( 0.000000000000000000, 0.000000000000000000, -1.000000000000000000 ) ) ;
#2230 = ORIENTED_EDGE ( 'NONE', *, *, #1696, .F. ) ;
#2231 = DIRECTION ( 'NONE',  ( -1.000000000000000000, 0.000000000000000000, 0.000000000000000000 ) ) ;
#2232 = CYLINDRICAL_SURFACE ( 'NONE', #45, 4.999999999999997335 ) ;
#2233 = CYLINDRICAL_SURFACE ( 'NONE', #1073, 1.699999999999999956 ) ;
#2234 = VECTOR ( 'NONE', #488, 1000.000000000000000 ) ;
#2235 = ORIENTED_EDGE ( 'NONE', *, *, #703, .F. ) ;
#2236 = DIRECTION ( 'NONE',  ( 0.000000000000000000, 0.000000000000000000, -1.000000000000000000 ) ) ;
#2237 = DIRECTION ( 'NONE',  ( 0.000000000000000000, 0.000000000000000000, 1.000000000000000000 ) ) ;
#2238 = AXIS2_PLACEMENT_3D ( 'NONE', #383, #2633, #578 ) ;
#2239 = EDGE_CURVE ( 'NONE', #1974, #573, #1414, .T. ) ;
#2240 = EDGE_LOOP ( 'NONE', ( #1395, #153, #1403, #514 ) ) ;
#2241 = LINE ( 'NONE', #1002, #836 ) ;
#2242 = CARTESIAN_POINT ( 'NONE',  ( 33.40000000000000568, -9.000000000000000000, 4.000000000000003553 ) ) ;
#2243 = EDGE_CURVE ( 'NONE', #112, #650, #212, .T. ) ;
#2244 = EDGE_LOOP ( 'NONE', ( #1056, #2479, #592, #2620 ) ) ;
#2245 = APPROVAL_PERSON_ORGANIZATION ( #658, #2224, #455 ) ;
#2246 = CARTESIAN_POINT ( 'NONE',  ( 0.000000000000000000, 0.000000000000000000, 8.000000000000000000 ) ) ;
#2247 = CIRCLE ( 'NONE', #1793, 3.500000000000000000 ) ;
#2248 = CARTESIAN_POINT ( 'NONE',  ( 90.84900000000000375, -10.50000000000000000, 0.000000000000000000 ) ) ;
#2249 = CARTESIAN_POINT ( 'NONE',  ( 10.69999999999999929, 2.081899558550500033E-16, 0.000000000000000000 ) ) ;
#2250 = ORIENTED_EDGE ( 'NONE', *, *, #735, .T. ) ;
#2251 = AXIS2_PLACEMENT_3D ( 'NONE', #1292, #1716, #897 ) ;
#2252 = DIRECTION ( 'NONE',  ( -1.000000000000000000, 0.000000000000000000, 0.000000000000000000 ) ) ;
#2253 = DIRECTION ( 'NONE',  ( 0.000000000000000000, 0.000000000000000000, -1.000000000000000000 ) ) ;
#2254 = CIRCLE ( 'NONE', #751, 4.000000000000000000 ) ;
#2255 = AXIS2_PLACEMENT_3D ( 'NONE', #261, #303, #851 ) ;
#2256 = CIRCLE ( 'NONE', #1104, 10.00000000000000178 ) ;
#2257 = ORIENTED_EDGE ( 'NONE', *, *, #1731, .T. ) ;
#2258 = CARTESIAN_POINT ( 'NONE',  ( 35.00000000000000000, 9.000000000000000000, 4.000000000000000000 ) ) ;
#2259 = ORIENTED_EDGE ( 'NONE', *, *, #1473, .F. ) ;
#2260 = ADVANCED_FACE ( 'NONE', ( #373, #2059, #2462, #2614, #1197, #805 ), #2649, .T. ) ;
#2261 = DIRECTION ( 'NONE',  ( 0.000000000000000000, 0.000000000000000000, 1.000000000000000000 ) ) ;
#2262 = CARTESIAN_POINT ( 'NONE',  ( 30.41742430504416461, 7.000000000000000000, 0.000000000000000000 ) ) ;
#2263 = CARTESIAN_POINT ( 'NONE',  ( 14.38749456993815734, 7.000000000000000000, 4.000000000000000000 ) ) ;
#2264 = ORIENTED_EDGE ( 'NONE', *, *, #2473, .T. ) ;
#2265 = CYLINDRICAL_SURFACE ( 'NONE', #228, 1.599999999999997202 ) ;
#2266 = CARTESIAN_POINT ( 'NONE',  ( -3.500000000000000000, 7.000000000000000000, 8.000000000000000000 ) ) ;
#2267 = VERTEX_POINT ( 'NONE', #2412 ) ;
#2268 = AXIS2_PLACEMENT_3D ( 'NONE', #504, #2317, #2117 ) ;
#2269 = LINE ( 'NONE', #221, #1872 ) ;
#2270 = ORIENTED_EDGE ( 'NONE', *, *, #3, .F. ) ;
#2271 = DIRECTION ( 'NONE',  ( -0.000000000000000000, -0.000000000000000000, -1.000000000000000000 ) ) ;
#2272 = CARTESIAN_POINT ( 'NONE',  ( 51.79795897113271508, -15.00000000000000000, 4.000000000000000000 ) ) ;
#2273 = LINE ( 'NONE', #834, #1910 ) ;
#2274 = ORIENTED_EDGE ( 'NONE', *, *, #485, .T. ) ;
#2275 = EDGE_CURVE ( 'NONE', #2223, #2534, #1422, .T. ) ;
#2276 = DIRECTION ( 'NONE',  ( -0.000000000000000000, -0.000000000000000000, 1.000000000000000000 ) ) ;
#2277 = LINE ( 'NONE', #2653, #1867 ) ;
#2278 = DIRECTION ( 'NONE',  ( 1.000000000000000000, 0.000000000000000000, 0.000000000000000000 ) ) ;
#2279 = EDGE_CURVE ( 'NONE', #1833, #116, #1834, .T. ) ;
#2280 = CIRCLE ( 'NONE', #1855, 3.500000000000000000 ) ;
#2281 = AXIS2_PLACEMENT_3D ( 'NONE', #336, #1364, #1138 ) ;
#2282 = ORIENTED_EDGE ( 'NONE', *, *, #1643, .F. ) ;
#2283 = CYLINDRICAL_SURFACE ( 'NONE', #13, 1.599999999999997202 ) ;
#2284 = ORIENTED_EDGE ( 'NONE', *, *, #683, .T. ) ;
#2285 = CARTESIAN_POINT ( 'NONE',  ( -7.299999999999998934, 2.081899558550500033E-16, 0.000000000000000000 ) ) ;
#2286 = DIRECTION ( 'NONE',  ( -0.000000000000000000, -0.000000000000000000, 1.000000000000000000 ) ) ;
#2287 = DIRECTION ( 'NONE',  ( -1.000000000000000000, 0.000000000000000000, 0.000000000000000000 ) ) ;
#2288 = ORIENTED_EDGE ( 'NONE', *, *, #451, .T. ) ;
#2289 = EDGE_CURVE ( 'NONE', #1338, #1337, #582, .T. ) ;
#2290 = CARTESIAN_POINT ( 'NONE',  ( 7.000000000000000000, 0.000000000000000000, 8.000000000000000000 ) ) ;
#2291 = CARTESIAN_POINT ( 'NONE',  ( 25.39999999999999858, 3.000000000000000000, 4.000000000000003553 ) ) ;
#2292 = FACE_OUTER_BOUND ( 'NONE', #2175, .T. ) ;
#2293 = CC_DESIGN_APPROVAL ( #2224, ( #2070 ) ) ;
#2294 = CIRCLE ( 'NONE', #1142, 7.000000000000000000 ) ;
#2295 = EDGE_CURVE ( 'NONE', #2008, #2058, #364, .T. ) ;
#2296 = CIRCLE ( 'NONE', #1145, 1.700000000000000178 ) ;
#2297 = EDGE_LOOP ( 'NONE', ( #1668, #2323, #1287, #1757 ) ) ;
#2298 = CARTESIAN_POINT ( 'NONE',  ( 0.000000000000000000, -9.000000000000000000, 0.000000000000000000 ) ) ;
#2299 = AXIS2_PLACEMENT_3D ( 'NONE', #2088, #1328, #459 ) ;
#2300 = ORIENTED_EDGE ( 'NONE', *, *, #2226, .F. ) ;
#2301 = ORIENTED_EDGE ( 'NONE', *, *, #1850, .F. ) ;
#2302 = CARTESIAN_POINT ( 'NONE',  ( 39.58257569495583539, 7.000000000000000000, 4.000000000000000000 ) ) ;
#2303 = FACE_OUTER_BOUND ( 'NONE', #251, .T. ) ;
#2304 = DIRECTION ( 'NONE',  ( 0.000000000000000000, 0.000000000000000000, 1.000000000000000000 ) ) ;
#2305 = ORIENTED_EDGE ( 'NONE', *, *, #2066, .T. ) ;
#2306 = DIRECTION ( 'NONE',  ( -0.000000000000000000, 0.000000000000000000, 1.000000000000000000 ) ) ;
#2307 = DIRECTION ( 'NONE',  ( 0.000000000000000000, 0.000000000000000000, -1.000000000000000000 ) ) ;
#2308 = FACE_OUTER_BOUND ( 'NONE', #1800, .T. ) ;
#2309 = ORIENTED_EDGE ( 'NONE', *, *, #665, .T. ) ;
#2310 = DIRECTION ( 'NONE',  ( 0.000000000000000000, 0.000000000000000000, 1.000000000000000000 ) ) ;
#2311 = ADVANCED_FACE ( 'NONE', ( #400 ), #570, .T. ) ;
#2312 = COORDINATED_UNIVERSAL_TIME_OFFSET ( 6, 0, .BEHIND. ) ;
#2313 = ORIENTED_EDGE ( 'NONE', *, *, #1096, .F. ) ;
#2314 = VERTEX_POINT ( 'NONE', #1846 ) ;
#2315 = ADVANCED_FACE ( 'NONE', ( #2660 ), #1392, .F. ) ;
#2316 = DIRECTION ( 'NONE',  ( 0.000000000000000000, 1.000000000000000000, 0.000000000000000000 ) ) ;
#2317 = DIRECTION ( 'NONE',  ( -0.000000000000000000, -0.000000000000000000, 1.000000000000000000 ) ) ;
#2318 = CARTESIAN_POINT ( 'NONE',  ( 47.55000000000000426, -5.000000000000000000, 4.000000000000000000 ) ) ;
#2319 = ORIENTED_EDGE ( 'NONE', *, *, #378, .F. ) ;
#2320 = LINE ( 'NONE', #1081, #857 ) ;
#2321 = CARTESIAN_POINT ( 'NONE',  ( 9.000000000000000000, 0.000000000000000000, 0.000000000000000000 ) ) ;
#2322 = DIRECTION ( 'NONE',  ( -1.000000000000000000, 0.000000000000000000, 0.000000000000000000 ) ) ;
#2323 = ORIENTED_EDGE ( 'NONE', *, *, #2636, .F. ) ;
#2324 = AXIS2_PLACEMENT_3D ( 'NONE', #2408, #1591, #1809 ) ;
#2325 = DIRECTION ( 'NONE',  ( 1.000000000000000000, 0.000000000000000000, 0.000000000000000000 ) ) ;
#2326 = AXIS2_PLACEMENT_3D ( 'NONE', #865, #1065, #1693 ) ;
#2327 = ADVANCED_FACE ( 'NONE', ( #2423 ), #2637, .F. ) ;
#2328 = ORIENTED_EDGE ( 'NONE', *, *, #762, .F. ) ;
#2329 = ORIENTED_EDGE ( 'NONE', *, *, #304, .F. ) ;
#2330 = VECTOR ( 'NONE', #1688, 1000.000000000000000 ) ;
#2331 = FACE_OUTER_BOUND ( 'NONE', #725, .T. ) ;
#2332 = EDGE_CURVE ( 'NONE', #697, #555, #1874, .T. ) ;
#2333 = DIRECTION ( 'NONE',  ( -0.000000000000000000, -0.000000000000000000, -1.000000000000000000 ) ) ;
#2334 = CARTESIAN_POINT ( 'NONE',  ( 40.00000000000000000, 9.000000000000000000, 4.000000000000000000 ) ) ;
#2335 = EDGE_LOOP ( 'NONE', ( #1677, #1842 ) ) ;
#2336 = LINE ( 'NONE', #1505, #2368 ) ;
#2337 = CARTESIAN_POINT ( 'NONE',  ( -6.125000000000000888, -3.388860427931490449, 6.000000000000000000 ) ) ;
#2338 = DIRECTION ( 'NONE',  ( -0.000000000000000000, -0.000000000000000000, -1.000000000000000000 ) ) ;
#2339 = VECTOR ( 'NONE', #723, 1000.000000000000000 ) ;
#2340 = VERTEX_POINT ( 'NONE', #2503 ) ;
#2341 = DIRECTION ( 'NONE',  ( -0.000000000000000000, -0.000000000000000000, 1.000000000000000000 ) ) ;
#2342 = AXIS2_PLACEMENT_3D ( 'NONE', #1344, #494, #879 ) ;
#2343 = ORIENTED_EDGE ( 'NONE', *, *, #1349, .T. ) ;
#2344 = AXIS2_PLACEMENT_3D ( 'NONE', #1024, #1261, #1434 ) ;
#2345 = EDGE_LOOP ( 'NONE', ( #900, #1551, #1162, #128 ) ) ;
#2346 = EDGE_CURVE ( 'NONE', #2181, #926, #1817, .T. ) ;
#2347 = DIRECTION ( 'NONE',  ( -1.000000000000000000, 0.000000000000000000, 0.000000000000000000 ) ) ;
#2348 = VECTOR ( 'NONE', #1657, 1000.000000000000000 ) ;
#2349 = CARTESIAN_POINT ( 'NONE',  ( 1.699999999999999956, 9.000000000000000000, 8.000000000000000000 ) ) ;
#2350 = DIRECTION ( 'NONE',  ( -0.000000000000000000, -0.000000000000000000, -1.000000000000000000 ) ) ;
#2351 = ORIENTED_EDGE ( 'NONE', *, *, #1152, .F. ) ;
#2352 = ADVANCED_FACE ( 'NONE', ( #2488 ), #1061, .F. ) ;
#2353 = CARTESIAN_POINT ( 'NONE',  ( 4.000000000000000000, 4.898587196589412829E-16, 8.000000000000000000 ) ) ;
#2354 = CARTESIAN_POINT ( 'NONE',  ( 35.00000000000000000, -9.000000000000000000, 4.000000000000000000 ) ) ;
#2355 = FACE_BOUND ( 'NONE', #77, .T. ) ;
#2356 = VERTEX_POINT ( 'NONE', #2116 ) ;
#2357 = VERTEX_POINT ( 'NONE', #224 ) ;
#2358 = LINE ( 'NONE', #931, #2456 ) ;
#2359 = CYLINDRICAL_SURFACE ( 'NONE', #1638, 3.500000000000000444 ) ;
#2360 = ORIENTED_EDGE ( 'NONE', *, *, #2511, .T. ) ;
#2361 = VECTOR ( 'NONE', #2532, 1000.000000000000000 ) ;
#2362 = LINE ( 'NONE', #1773, #385 ) ;
#2363 = DIRECTION ( 'NONE',  ( 0.000000000000000000, 0.000000000000000000, -1.000000000000000000 ) ) ;
#2364 = FACE_BOUND ( 'NONE', #928, .T. ) ;
#2365 = EDGE_CURVE ( 'NONE', #825, #2356, #1501, .T. ) ;
#2366 = EDGE_CURVE ( 'NONE', #1833, #1681, #1778, .T. ) ;
#2367 = ORIENTED_EDGE ( 'NONE', *, *, #930, .F. ) ;
#2368 = VECTOR ( 'NONE', #2121, 1000.000000000000000 ) ;
#2369 = ORIENTED_EDGE ( 'NONE', *, *, #1747, .F. ) ;
#2370 = ORIENTED_EDGE ( 'NONE', *, *, #2033, .T. ) ;
#2371 = AXIS2_PLACEMENT_3D ( 'NONE', #2493, #2276, #288 ) ;
#2372 = CARTESIAN_POINT ( 'NONE',  ( 95.85000000000000853, -5.000000000000000000, 8.000000000000000000 ) ) ;
#2373 = FACE_OUTER_BOUND ( 'NONE', #2403, .T. ) ;
#2374 = AXIS2_PLACEMENT_3D ( 'NONE', #1542, #952, #756 ) ;
#2375 = ORIENTED_EDGE ( 'NONE', *, *, #73, .T. ) ;
#2376 = DIRECTION ( 'NONE',  ( 0.000000000000000000, 0.000000000000000000, -1.000000000000000000 ) ) ;
#2377 = LINE ( 'NONE', #341, #2387 ) ;
#2378 = DIRECTION ( 'NONE',  ( 0.000000000000000000, 0.000000000000000000, -1.000000000000000000 ) ) ;
#2379 = ADVANCED_FACE ( 'NONE', ( #2331 ), #5, .F. ) ;
#2380 = EDGE_CURVE ( 'NONE', #517, #848, #2475, .T. ) ;
#2381 = AXIS2_PLACEMENT_3D ( 'NONE', #937, #923, #2591 ) ;
#2382 = ORIENTED_EDGE ( 'NONE', *, *, #1192, .T. ) ;
#2383 = CARTESIAN_POINT ( 'NONE',  ( -3.500000000000000000, 9.000000000000000000, 8.000000000000000000 ) ) ;
#2384 = AXIS2_PLACEMENT_3D ( 'NONE', #1626, #1215, #640 ) ;
#2385 = CYLINDRICAL_SURFACE ( 'NONE', #563, 1.600000000000000755 ) ;
#2386 = FACE_BOUND ( 'NONE', #1915, .T. ) ;
#2387 = VECTOR ( 'NONE', #548, 1000.000000000000000 ) ;
#2388 = EDGE_LOOP ( 'NONE', ( #562, #774, #656, #1330 ) ) ;
#2389 = AXIS2_PLACEMENT_3D ( 'NONE', #918, #1110, #1932 ) ;
#2390 = CARTESIAN_POINT ( 'NONE',  ( -3.388860427931489561, -6.125000000000000888, 4.000000000000000000 ) ) ;
#2391 = LINE ( 'NONE', #1156, #1098 ) ;
#2392 = DIRECTION ( 'NONE',  ( 0.000000000000000000, 0.000000000000000000, -1.000000000000000000 ) ) ;
#2393 = ADVANCED_FACE ( 'NONE', ( #660 ), #253, .T. ) ;
#2394 = ORIENTED_EDGE ( 'NONE', *, *, #2215, .T. ) ;
#2395 = ORIENTED_EDGE ( 'NONE', *, *, #1396, .F. ) ;
#2396 = DIRECTION ( 'NONE',  ( -0.000000000000000000, -0.000000000000000000, 1.000000000000000000 ) ) ;
#2397 = FACE_BOUND ( 'NONE', #1108, .T. ) ;
#2398 = EDGE_CURVE ( 'NONE', #2482, #701, #1487, .T. ) ;
#2399 = ORIENTED_EDGE ( 'NONE', *, *, #2422, .F. ) ;
#2400 = FACE_OUTER_BOUND ( 'NONE', #1120, .T. ) ;
#2401 = CARTESIAN_POINT ( 'NONE',  ( 0.000000000000000000, -7.000000000000000000, 4.000000000000000000 ) ) ;
#2402 = DIRECTION ( 'NONE',  ( -1.000000000000000000, 0.000000000000000000, 0.000000000000000000 ) ) ;
#2403 = EDGE_LOOP ( 'NONE', ( #639, #1468, #1556, #988 ) ) ;
#2404 = ORIENTED_EDGE ( 'NONE', *, *, #1975, .T. ) ;
#2405 = EDGE_CURVE ( 'NONE', #1597, #2491, #240, .T. ) ;
#2406 = CIRCLE ( 'NONE', #2063, 1.699999999999993072 ) ;
#2407 = CARTESIAN_POINT ( 'NONE',  ( -8.000000000000000000, 3.354101966249684263, 6.000000000000000000 ) ) ;
#2408 = CARTESIAN_POINT ( 'NONE',  ( 94.15000000000000568, 5.000000000000000000, 0.000000000000000000 ) ) ;
#2409 = ORIENTED_EDGE ( 'NONE', *, *, #619, .F. ) ;
#2410 = CIRCLE ( 'NONE', #129, 1.700000000000000178 ) ;
#2411 = ADVANCED_FACE ( 'NONE', ( #2100 ), #646, .F. ) ;
#2412 = CARTESIAN_POINT ( 'NONE',  ( -16.00000000000000000, 0.000000000000000000, 4.000000000000000000 ) ) ;
#2413 = LINE ( 'NONE', #2221, #1359 ) ;
#2414 = DIRECTION ( 'NONE',  ( 0.000000000000000000, 0.000000000000000000, -1.000000000000000000 ) ) ;
#2415 = ORIENTED_EDGE ( 'NONE', *, *, #686, .F. ) ;
#2416 = APPROVAL_PERSON_ORGANIZATION ( #1004, #518, #2206 ) ;
#2417 = AXIS2_PLACEMENT_3D ( 'NONE', #374, #2013, #1875 ) ;
#2418 = ORIENTED_EDGE ( 'NONE', *, *, #1906, .F. ) ;
#2419 = VERTEX_POINT ( 'NONE', #2285 ) ;
#2420 = DIRECTION ( 'NONE',  ( 0.000000000000000000, 1.000000000000000000, 0.000000000000000000 ) ) ;
#2421 = ORIENTED_EDGE ( 'NONE', *, *, #137, .T. ) ;
#2422 = EDGE_CURVE ( 'NONE', #329, #1417, #442, .T. ) ;
#2423 = FACE_OUTER_BOUND ( 'NONE', #2244, .T. ) ;
#2424 = VECTOR ( 'NONE', #1895, 1000.000000000000000 ) ;
#2425 = LINE ( 'NONE', #1987, #624 ) ;
#2426 = DIRECTION ( 'NONE',  ( 1.000000000000000000, 0.000000000000000000, 0.000000000000000000 ) ) ;
#2427 = ORIENTED_EDGE ( 'NONE', *, *, #1528, .T. ) ;
#2428 = EDGE_CURVE ( 'NONE', #2103, #1105, #432, .T. ) ;
#2429 = AXIS2_PLACEMENT_3D ( 'NONE', #1116, #2153, #880 ) ;
#2430 = CYLINDRICAL_SURFACE ( 'NONE', #1574, 1.599999999999997202 ) ;
#2431 = CIRCLE ( 'NONE', #2561, 3.500000000000000000 ) ;
#2432 = ORIENTED_EDGE ( 'NONE', *, *, #2594, .F. ) ;
#2433 = DIRECTION ( 'NONE',  ( -1.000000000000000000, 0.000000000000000000, 0.000000000000000000 ) ) ;
#2434 = CARTESIAN_POINT ( 'NONE',  ( 51.79795897113271508, 4.999999999999999112, 4.000000000000000000 ) ) ;
#2435 = ORIENTED_EDGE ( 'NONE', *, *, #992, .F. ) ;
#2436 = CARTESIAN_POINT ( 'NONE',  ( 0.000000000000000000, 0.000000000000000000, 0.000000000000000000 ) ) ;
#2437 = CYLINDRICAL_SURFACE ( 'NONE', #438, 4.999999999999997335 ) ;
#2438 = CARTESIAN_POINT ( 'NONE',  ( 0.000000000000000000, -9.000000000000000000, 8.000000000000000000 ) ) ;
#2439 = ORIENTED_EDGE ( 'NONE', *, *, #1528, .F. ) ;
#2440 = EDGE_CURVE ( 'NONE', #1500, #2267, #2496, .T. ) ;
#2441 = CARTESIAN_POINT ( 'NONE',  ( 45.85000000000000142, -5.000000000000000000, 8.000000000000000000 ) ) ;
#2442 = DIRECTION ( 'NONE',  ( 0.000000000000000000, 0.000000000000000000, -1.000000000000000000 ) ) ;
#2443 = EDGE_CURVE ( 'NONE', #973, #561, #66, .T. ) ;
#2444 = ORIENTED_EDGE ( 'NONE', *, *, #974, .T. ) ;
#2445 = LINE ( 'NONE', #1669, #2348 ) ;
#2446 = CARTESIAN_POINT ( 'NONE',  ( 40.00000000000000000, -9.000000000000000000, 4.000000000000000000 ) ) ;
#2447 = ORIENTED_EDGE ( 'NONE', *, *, #898, .T. ) ;
#2448 = DIRECTION ( 'NONE',  ( 1.000000000000000000, 0.000000000000000000, 0.000000000000000000 ) ) ;
#2449 = CYLINDRICAL_SURFACE ( 'NONE', #94, 4.999999999999997335 ) ;
#2450 = CARTESIAN_POINT ( 'NONE',  ( -9.000000000000000000, 0.000000000000000000, 4.000000000000000000 ) ) ;
#2451 = CIRCLE ( 'NONE', #1894, 1.699999999999993072 ) ;
#2452 = VERTEX_POINT ( 'NONE', #472 ) ;
#2453 = AXIS2_PLACEMENT_3D ( 'NONE', #330, #721, #944 ) ;
#2454 = PLANE ( 'NONE',  #358 ) ;
#2455 = DIRECTION ( 'NONE',  ( -1.000000000000000000, 0.000000000000000000, 0.000000000000000000 ) ) ;
#2456 = VECTOR ( 'NONE', #529, 1000.000000000000000 ) ;
#2457 = ADVANCED_FACE ( 'NONE', ( #1919 ), #1719, .T. ) ;
#2458 = EDGE_LOOP ( 'NONE', ( #1256, #1350, #239, #283 ) ) ;
#2459 = DIRECTION ( 'NONE',  ( 1.000000000000000000, 0.000000000000000000, 0.000000000000000000 ) ) ;
#2460 = ADVANCED_FACE ( 'NONE', ( #1515 ), #727, .F. ) ;
#2461 = ORIENTED_EDGE ( 'NONE', *, *, #2066, .F. ) ;
#2462 = FACE_BOUND ( 'NONE', #1263, .T. ) ;
#2463 = CARTESIAN_POINT ( 'NONE',  ( 3.388860427931490005, -6.125000000000000888, 8.000000000000000000 ) ) ;
#2464 = LINE ( 'NONE', #1010, #2595 ) ;
#2465 = ORIENTED_EDGE ( 'NONE', *, *, #368, .F. ) ;
#2466 = CARTESIAN_POINT ( 'NONE',  ( 35.00000000000000000, 9.000000000000000000, 4.000000000000003553 ) ) ;
#2467 = DIRECTION ( 'NONE',  ( 0.000000000000000000, 0.000000000000000000, 1.000000000000000000 ) ) ;
#2468 = VECTOR ( 'NONE', #2504, 1000.000000000000000 ) ;
#2469 = VECTOR ( 'NONE', #534, 1000.000000000000000 ) ;
#2470 = CIRCLE ( 'NONE', #363, 10.00000000000000178 ) ;
#2471 = ORIENTED_EDGE ( 'NONE', *, *, #1221, .T. ) ;
#2472 = CARTESIAN_POINT ( 'NONE',  ( 27.00000000000000000, 3.000000000000000000, 4.000000000000003553 ) ) ;
#2473 = EDGE_CURVE ( 'NONE', #1845, #1229, #174, .T. ) ;
#2474 = ORIENTED_EDGE ( 'NONE', *, *, #17, .F. ) ;
#2475 = LINE ( 'NONE', #284, #1170 ) ;
#2476 = EDGE_CURVE ( 'NONE', #2554, #531, #2358, .T. ) ;
#2477 = DIRECTION ( 'NONE',  ( 0.000000000000000000, 0.000000000000000000, 1.000000000000000000 ) ) ;
#2478 = CARTESIAN_POINT ( 'NONE',  ( 35.00000000000000000, -9.000000000000000000, 4.000000000000003553 ) ) ;
#2479 = ORIENTED_EDGE ( 'NONE', *, *, #138, .T. ) ;
#2480 = DIRECTION ( 'NONE',  ( -0.000000000000000000, -0.000000000000000000, -1.000000000000000000 ) ) ;
#2481 = CARTESIAN_POINT ( 'NONE',  ( 42.00000000000000000, -7.000000000000000000, 0.000000000000000000 ) ) ;
#2482 = VERTEX_POINT ( 'NONE', #552 ) ;
#2483 = CIRCLE ( 'NONE', #2268, 1.599999999999997202 ) ;
#2484 = DIRECTION ( 'NONE',  ( 0.000000000000000000, 0.000000000000000000, -1.000000000000000000 ) ) ;
#2485 = DATE_AND_TIME ( #265, #273 ) ;
#2486 = EDGE_LOOP ( 'NONE', ( #980, #2039 ) ) ;
#2487 = ADVANCED_FACE ( 'NONE', ( #544 ), #1981, .T. ) ;
#2488 = FACE_OUTER_BOUND ( 'NONE', #439, .T. ) ;
#2489 = CARTESIAN_POINT ( 'NONE',  ( -4.000000000000000000, 0.000000000000000000, 0.000000000000000000 ) ) ;
#2490 = FACE_OUTER_BOUND ( 'NONE', #1249, .T. ) ;
#2491 = VERTEX_POINT ( 'NONE', #1746 ) ;
#2492 = EDGE_CURVE ( 'NONE', #1768, #2314, #1327, .T. ) ;
#2493 = CARTESIAN_POINT ( 'NONE',  ( 45.85000000000000142, -5.000000000000000000, 0.000000000000000000 ) ) ;
#2494 = FACE_OUTER_BOUND ( 'NONE', #2026, .T. ) ;
#2495 = CARTESIAN_POINT ( 'NONE',  ( 90.00000000000000000, 15.00000000000000000, 4.000000000000000000 ) ) ;
#2496 = CIRCLE ( 'NONE', #2203, 16.00000000000000000 ) ;
#2497 = ORIENTED_EDGE ( 'NONE', *, *, #491, .T. ) ;
#2498 = DIRECTION ( 'NONE',  ( 0.000000000000000000, 0.000000000000000000, -1.000000000000000000 ) ) ;
#2499 = PERSON_AND_ORGANIZATION ( #522, #93 ) ;
#2500 = AXIS2_PLACEMENT_3D ( 'NONE', #1675, #2286, #1415 ) ;
#2501 = VERTEX_POINT ( 'NONE', #515 ) ;
#2502 = VERTEX_POINT ( 'NONE', #312 ) ;
#2503 = CARTESIAN_POINT ( 'NONE',  ( 95.85000000000000853, 5.000000000000000000, 0.000000000000000000 ) ) ;
#2504 = DIRECTION ( 'NONE',  ( -1.000000000000000000, -0.000000000000000000, -0.000000000000000000 ) ) ;
#2505 = CARTESIAN_POINT ( 'NONE',  ( 6.125000000000000000, 3.388860427931490005, 8.000000000000000000 ) ) ;
#2506 = EDGE_LOOP ( 'NONE', ( #1686, #713 ) ) ;
#2507 = CC_DESIGN_APPROVAL ( #943, ( #1995 ) ) ;
#2508 = CARTESIAN_POINT ( 'NONE',  ( 35.00000000000000000, -9.000000000000000000, 4.000000000000000000 ) ) ;
#2509 = DIRECTION ( 'NONE',  ( 1.000000000000000000, 0.000000000000000000, 0.000000000000000000 ) ) ;
#2510 = CARTESIAN_POINT ( 'NONE',  ( 3.500000000000000000, 9.000000000000000000, 8.000000000000000000 ) ) ;
#2511 = EDGE_CURVE ( 'NONE', #825, #2597, #42, .T. ) ;
#2512 = CIRCLE ( 'NONE', #960, 1.699999999999999956 ) ;
#2513 = AXIS2_PLACEMENT_3D ( 'NONE', #557, #123, #2178 ) ;
#2514 = ORIENTED_EDGE ( 'NONE', *, *, #733, .T. ) ;
#2515 = LINE ( 'NONE', #1699, #1094 ) ;
#2516 = AXIS2_PLACEMENT_3D ( 'NONE', #58, #668, #709 ) ;
#2517 = ORIENTED_EDGE ( 'NONE', *, *, #633, .F. ) ;
#2518 = DIRECTION ( 'NONE',  ( 1.000000000000000000, 0.000000000000000000, 0.000000000000000000 ) ) ;
#2519 = DIRECTION ( 'NONE',  ( 0.000000000000000000, -1.000000000000000000, 0.000000000000000000 ) ) ;
#2520 = CARTESIAN_POINT ( 'NONE',  ( 39.58257569495583539, 7.000000000000000000, 4.000000000000000000 ) ) ;
#2521 = ORIENTED_EDGE ( 'NONE', *, *, #766, .F. ) ;
#2522 = DIRECTION ( 'NONE',  ( 0.000000000000000000, 0.000000000000000000, 1.000000000000000000 ) ) ;
#2523 = DIRECTION ( 'NONE',  ( -1.000000000000000000, 0.000000000000000000, 0.000000000000000000 ) ) ;
#2524 = DIRECTION ( 'NONE',  ( 0.000000000000000000, 0.000000000000000000, -1.000000000000000000 ) ) ;
#2525 = EDGE_CURVE ( 'NONE', #406, #1296, #1384, .T. ) ;
#2526 = ORIENTED_EDGE ( 'NONE', *, *, #219, .T. ) ;
#2527 = DIRECTION ( 'NONE',  ( 0.000000000000000000, 0.000000000000000000, 1.000000000000000000 ) ) ;
#2528 = EDGE_CURVE ( 'NONE', #2267, #2502, #2572, .T. ) ;
#2529 = ORIENTED_EDGE ( 'NONE', *, *, #1096, .T. ) ;
#2530 = ORIENTED_EDGE ( 'NONE', *, *, #250, .T. ) ;
#2531 = CARTESIAN_POINT ( 'NONE',  ( 49.15099999999999625, -10.50000000000000000, 8.000000000000000000 ) ) ;
#2532 = DIRECTION ( 'NONE',  ( 0.000000000000000000, 0.000000000000000000, -1.000000000000000000 ) ) ;
#2533 = LINE ( 'NONE', #1961, #478 ) ;
#2534 = VERTEX_POINT ( 'NONE', #1580 ) ;
#2535 = DIRECTION ( 'NONE',  ( 0.000000000000000000, 0.000000000000000000, 1.000000000000000000 ) ) ;
#2536 = LINE ( 'NONE', #2122, #1481 ) ;
#2537 = DIRECTION ( 'NONE',  ( -1.000000000000000000, 0.000000000000000000, 0.000000000000000000 ) ) ;
#2538 = AXIS2_PLACEMENT_3D ( 'NONE', #2438, #1825, #176 ) ;
#2539 = EDGE_LOOP ( 'NONE', ( #2166, #2514, #2629, #26 ) ) ;
#2540 = CIRCLE ( 'NONE', #1382, 16.00000000000000000 ) ;
#2541 = CARTESIAN_POINT ( 'NONE',  ( -3.500000000000000000, 7.000000000000000000, 4.000000000000000000 ) ) ;
#2542 = AXIS2_PLACEMENT_3D ( 'NONE', #297, #2599, #108 ) ;
#2543 = EDGE_CURVE ( 'NONE', #1291, #1751, #1346, .T. ) ;
#2544 = VERTEX_POINT ( 'NONE', #95 ) ;
#2545 = ORIENTED_EDGE ( 'NONE', *, *, #2365, .F. ) ;
#2546 = AXIS2_PLACEMENT_3D ( 'NONE', #78, #2396, #2347 ) ;
#2547 = DIRECTION ( 'NONE',  ( -0.000000000000000000, -0.000000000000000000, -1.000000000000000000 ) ) ;
#2548 = DIRECTION ( 'NONE',  ( 0.000000000000000000, -0.000000000000000000, -1.000000000000000000 ) ) ;
#2549 = DIRECTION ( 'NONE',  ( -0.000000000000000000, -0.000000000000000000, 1.000000000000000000 ) ) ;
#2550 = ORIENTED_EDGE ( 'NONE', *, *, #2422, .T. ) ;
#2551 = CARTESIAN_POINT ( 'NONE',  ( 0.000000000000000000, 7.000000000000000000, 8.000000000000000000 ) ) ;
#2552 = DIRECTION ( 'NONE',  ( 1.000000000000000000, 0.000000000000000000, 0.000000000000000000 ) ) ;
#2553 = PLANE ( 'NONE',  #1146 ) ;
#2554 = VERTEX_POINT ( 'NONE', #2159 ) ;
#2555 = VECTOR ( 'NONE', #316, 1000.000000000000000 ) ;
#2556 = ORIENTED_EDGE ( 'NONE', *, *, #1478, .F. ) ;
#2557 = AXIS2_PLACEMENT_3D ( 'NONE', #464, #2524, #1507 ) ;
#2558 = ORIENTED_EDGE ( 'NONE', *, *, #2279, .F. ) ;
#2559 = EDGE_CURVE ( 'NONE', #1336, #792, #1565, .T. ) ;
#2560 = CARTESIAN_POINT ( 'NONE',  ( 0.000000000000000000, 9.000000000000000000, 8.000000000000000000 ) ) ;
#2561 = AXIS2_PLACEMENT_3D ( 'NONE', #1424, #16, #2459 ) ;
#2562 = DIRECTION ( 'NONE',  ( -1.000000000000000000, 0.000000000000000000, 0.000000000000000000 ) ) ;
#2563 = DIRECTION ( 'NONE',  ( -1.000000000000000000, 0.000000000000000000, 0.000000000000000000 ) ) ;
#2564 = ORIENTED_EDGE ( 'NONE', *, *, #2405, .F. ) ;
#2565 = EDGE_CURVE ( 'NONE', #2641, #1136, #917, .T. ) ;
#2566 = DIRECTION ( 'NONE',  ( 0.000000000000000000, 0.000000000000000000, -1.000000000000000000 ) ) ;
#2567 = CYLINDRICAL_SURFACE ( 'NONE', #787, 1.699999999999999956 ) ;
#2568 = DIRECTION ( 'NONE',  ( 0.000000000000000000, 0.000000000000000000, -1.000000000000000000 ) ) ;
#2569 = ORIENTED_EDGE ( 'NONE', *, *, #104, .F. ) ;
#2570 = ORIENTED_EDGE ( 'NONE', *, *, #2636, .T. ) ;
#2571 = DIRECTION ( 'NONE',  ( -0.000000000000000000, -0.000000000000000000, -1.000000000000000000 ) ) ;
#2572 = LINE ( 'NONE', #1554, #1303 ) ;
#2573 = CYLINDRICAL_SURFACE ( 'NONE', #1514, 1.699999999999993072 ) ;
#2574 = ORIENTED_EDGE ( 'NONE', *, *, #1838, .F. ) ;
#2575 = ADVANCED_FACE ( 'NONE', ( #716 ), #741, .T. ) ;
#2576 = DIRECTION ( 'NONE',  ( -1.000000000000000000, 0.000000000000000000, 0.000000000000000000 ) ) ;
#2577 = CARTESIAN_POINT ( 'NONE',  ( 51.79795897113271508, 14.99999999999999645, 4.000000000000000000 ) ) ;
#2578 = DIRECTION ( 'NONE',  ( 0.000000000000000000, 0.000000000000000000, 1.000000000000000000 ) ) ;
#2579 = ADVANCED_FACE ( 'NONE', ( #1151 ), #2385, .F. ) ;
#2580 = AXIS2_PLACEMENT_3D ( 'NONE', #1947, #1784, #530 ) ;
#2581 = VERTEX_POINT ( 'NONE', #2584 ) ;
#2582 = LINE ( 'NONE', #2383, #1792 ) ;
#2583 = VECTOR ( 'NONE', #782, 1000.000000000000000 ) ;
#2584 = CARTESIAN_POINT ( 'NONE',  ( -3.500000000000000000, 9.000000000000000000, 4.000000000000000000 ) ) ;
#2585 = DIRECTION ( 'NONE',  ( -1.000000000000000000, 0.000000000000000000, 0.000000000000000000 ) ) ;
#2586 = AXIS2_PLACEMENT_3D ( 'NONE', #832, #1091, #19 ) ;
#2587 = EDGE_LOOP ( 'NONE', ( #205, #2270 ) ) ;
#2588 = AXIS2_PLACEMENT_3D ( 'NONE', #67, #1285, #1502 ) ;
#2589 = CARTESIAN_POINT ( 'NONE',  ( 0.000000000000000000, 0.000000000000000000, 4.000000000000003553 ) ) ;
#2590 = CARTESIAN_POINT ( 'NONE',  ( 0.000000000000000000, 7.000000000000000000, 4.000000000000000000 ) ) ;
#2591 = DIRECTION ( 'NONE',  ( 1.000000000000000000, 0.000000000000000000, 0.000000000000000000 ) ) ;
#2592 = VECTOR ( 'NONE', #1824, 1000.000000000000000 ) ;
#2593 = EDGE_CURVE ( 'NONE', #573, #1307, #864, .T. ) ;
#2594 = EDGE_CURVE ( 'NONE', #47, #1818, #1206, .T. ) ;
#2595 = VECTOR ( 'NONE', #416, 1000.000000000000000 ) ;
#2596 = ORIENTED_EDGE ( 'NONE', *, *, #485, .F. ) ;
#2597 = VERTEX_POINT ( 'NONE', #901 ) ;
#2598 = VECTOR ( 'NONE', #2498, 1000.000000000000000 ) ;
#2599 = DIRECTION ( 'NONE',  ( 0.000000000000000000, 0.000000000000000000, -1.000000000000000000 ) ) ;
#2600 = AXIS2_PLACEMENT_3D ( 'NONE', #680, #1538, #1909 ) ;
#2601 = CARTESIAN_POINT ( 'NONE',  ( -6.125000000000000888, -3.388860427931489561, 4.000000000000000000 ) ) ;
#2602 = ORIENTED_EDGE ( 'NONE', *, *, #491, .F. ) ;
#2603 = CIRCLE ( 'NONE', #1046, 1.699999999999999956 ) ;
#2604 = DIRECTION ( 'NONE',  ( 0.000000000000000000, 0.000000000000000000, -1.000000000000000000 ) ) ;
#2605 = DIRECTION ( 'NONE',  ( 1.000000000000000000, 0.000000000000000000, 0.000000000000000000 ) ) ;
#2606 = CYLINDRICAL_SURFACE ( 'NONE', #1697, 7.000000000000000000 ) ;
#2607 = EDGE_CURVE ( 'NONE', #1044, #1597, #1733, .T. ) ;
#2608 = ORIENTED_EDGE ( 'NONE', *, *, #2033, .F. ) ;
#2609 = EDGE_LOOP ( 'NONE', ( #1399, #2264 ) ) ;
#2610 = EDGE_CURVE ( 'NONE', #1390, #2554, #737, .T. ) ;
#2611 = DIRECTION ( 'NONE',  ( 0.000000000000000000, 0.000000000000000000, 1.000000000000000000 ) ) ;
#2612 = CARTESIAN_POINT ( 'NONE',  ( -3.500000000000000000, 9.000000000000000000, 8.000000000000000000 ) ) ;
#2613 = VERTEX_POINT ( 'NONE', #991 ) ;
#2614 = FACE_BOUND ( 'NONE', #1214, .T. ) ;
#2615 = DIRECTION ( 'NONE',  ( 1.000000000000000000, 0.000000000000000000, 0.000000000000000000 ) ) ;
#2616 = CARTESIAN_POINT ( 'NONE',  ( 0.000000000000000000, -10.50000000000000000, 4.000000000000000000 ) ) ;
#2617 = EDGE_LOOP ( 'NONE', ( #1737, #672, #1015, #2550 ) ) ;
#2618 = EDGE_CURVE ( 'NONE', #102, #763, #978, .T. ) ;
#2619 = ORIENTED_EDGE ( 'NONE', *, *, #1473, .T. ) ;
#2620 = ORIENTED_EDGE ( 'NONE', *, *, #2239, .F. ) ;
#2621 = VECTOR ( 'NONE', #337, 1000.000000000000000 ) ;
#2622 = EDGE_CURVE ( 'NONE', #951, #235, #1402, .T. ) ;
#2623 = CARTESIAN_POINT ( 'NONE',  ( 0.000000000000000000, -7.000000000000000000, 8.000000000000000000 ) ) ;
#2624 = ORIENTED_EDGE ( 'NONE', *, *, #237, .F. ) ;
#2625 = DIRECTION ( 'NONE',  ( 0.000000000000000000, 0.000000000000000000, -1.000000000000000000 ) ) ;
#2626 = VECTOR ( 'NONE', #1931, 1000.000000000000000 ) ;
#2627 = CARTESIAN_POINT ( 'NONE',  ( 0.000000000000000000, -7.000000000000000000, 8.000000000000000000 ) ) ;
#2628 = LINE ( 'NONE', #2662, #1567 ) ;
#2629 = ORIENTED_EDGE ( 'NONE', *, *, #1838, .T. ) ;
#2630 = AXIS2_PLACEMENT_3D ( 'NONE', #1633, #6, #833 ) ;
#2631 = ORIENTED_EDGE ( 'NONE', *, *, #436, .T. ) ;
#2632 = FACE_OUTER_BOUND ( 'NONE', #2195, .T. ) ;
#2633 = DIRECTION ( 'NONE',  ( 0.000000000000000000, 0.000000000000000000, 1.000000000000000000 ) ) ;
#2634 = ORIENTED_EDGE ( 'NONE', *, *, #401, .F. ) ;
#2635 = VECTOR ( 'NONE', #2480, 1000.000000000000000 ) ;
#2636 = EDGE_CURVE ( 'NONE', #1533, #1291, #1032, .T. ) ;
#2637 = CYLINDRICAL_SURFACE ( 'NONE', #1736, 1.600000000000000755 ) ;
#2638 = VECTOR ( 'NONE', #114, 1000.000000000000000 ) ;
#2639 = DIRECTION ( 'NONE',  ( 1.000000000000000000, 0.000000000000000000, 0.000000000000000000 ) ) ;
#2640 = LINE ( 'NONE', #807, #2132 ) ;
#2641 = VERTEX_POINT ( 'NONE', #2446 ) ;
#2642 = AXIS2_PLACEMENT_3D ( 'NONE', #1038, #838, #1067 ) ;
#2643 = EDGE_CURVE ( 'NONE', #247, #1519, #1645, .T. ) ;
#2644 = CYLINDRICAL_SURFACE ( 'NONE', #1534, 1.700000000000000178 ) ;
#2645 = ORIENTED_EDGE ( 'NONE', *, *, #2006, .T. ) ;
#2646 = CARTESIAN_POINT ( 'NONE',  ( -10.69999999999999929, 0.000000000000000000, 0.000000000000000000 ) ) ;
#2647 = CARTESIAN_POINT ( 'NONE',  ( 100.0000000000000000, -15.00000000000000000, 4.000000000000000000 ) ) ;
#2648 = ORIENTED_EDGE ( 'NONE', *, *, #1938, .T. ) ;
#2649 = PLANE ( 'NONE',  #1816 ) ;
#2650 = DIRECTION ( 'NONE',  ( 0.000000000000000000, 0.000000000000000000, 1.000000000000000000 ) ) ;
#2651 = CARTESIAN_POINT ( 'NONE',  ( 0.000000000000000000, 7.000000000000000000, 0.000000000000000000 ) ) ;
#2652 = EDGE_LOOP ( 'NONE', ( #2659, #266, #2395, #1235 ) ) ;
#2653 = CARTESIAN_POINT ( 'NONE',  ( 30.00000000000000711, 9.000000000000000000, 4.000000000000000000 ) ) ;
#2654 = DIRECTION ( 'NONE',  ( 0.000000000000000000, 0.000000000000000000, 1.000000000000000000 ) ) ;
#2655 = EDGE_CURVE ( 'NONE', #1371, #2112, #1195, .T. ) ;
#2656 = VERTEX_POINT ( 'NONE', #2242 ) ;
#2657 = DIRECTION ( 'NONE',  ( 0.000000000000000000, -1.000000000000000000, 0.000000000000000000 ) ) ;
#2658 = CARTESIAN_POINT ( 'NONE',  ( 36.60000000000000142, 9.000000000000000000, 0.000000000000000000 ) ) ;
#2659 = ORIENTED_EDGE ( 'NONE', *, *, #1203, .F. ) ;
#2660 = FACE_OUTER_BOUND ( 'NONE', #320, .T. ) ;
#2661 = DIRECTION ( 'NONE',  ( -1.000000000000000000, 0.000000000000000000, 0.000000000000000000 ) ) ;
#2662 = CARTESIAN_POINT ( 'NONE',  ( 44.14999999999999858, 5.000000000000000000, 8.000000000000000000 ) ) ;
#2663 = CIRCLE ( 'NONE', #1729, 1.599999999999997202 ) ;
#2664 = VERTEX_POINT ( 'NONE', #2658 ) ;
#2665 = CIRCLE ( 'NONE', #1518, 3.500000000000000444 ) ;
#2666 = DIRECTION ( 'NONE',  ( 0.000000000000000000, 0.000000000000000000, -1.000000000000000000 ) ) ;
#2667 = CARTESIAN_POINT ( 'NONE',  ( 0.000000000000000000, 9.000000000000000000, 0.000000000000000000 ) ) ;
#2668 = VECTOR ( 'NONE', #1529, 1000.000000000000000 ) ;
#2669 = ADVANCED_FACE ( 'NONE', ( #2218 ), #2009, .T. ) ;
ENDSEC;
END-ISO-10303-21;
