ISO-10303-21;
HEADER;
FILE_DESCRIPTION (( 'STEP AP203' ),
    '1' );
FILE_NAME ('ARM-002_Yaw_platform_and_shoulder_mount.step',
    '2026-09-08T04:03:01',
    ( '' ),
    ( '' ),
    'SwSTEP 2.0',
    'SolidWorks 2026',
    '' );
FILE_SCHEMA (( 'CONFIG_CONTROL_DESIGN' ));
ENDSEC;

DATA;
#1 = CARTESIAN_POINT ( 'NONE',  ( -1.662629374353736589, 46.45596849534313577, 0.5628502833799271521 ) ) ;
#2 = ORIENTED_EDGE ( 'NONE', *, *, #1158, .T. ) ;
#3 = PLANE ( 'NONE',  #439 ) ;
#4 = ORIENTED_EDGE ( 'NONE', *, *, #636, .T. ) ;
#5 = DIRECTION ( 'NONE',  ( 1.000000000000000000, 0.000000000000000000, 0.000000000000000000 ) ) ;
#6 = CARTESIAN_POINT ( 'NONE',  ( 3.000000000000002665, 45.50000000000000000, -1.100000000000000089 ) ) ;
#7 = CARTESIAN_POINT ( 'NONE',  ( -23.00000000000000000, 77.00000000000000000, -8.000000000000000000 ) ) ;
#8 = LINE ( 'NONE', #24, #33 ) ;
#9 = VECTOR ( 'NONE', #710, 1000.000000000000000 ) ;
#10 = VERTEX_POINT ( 'NONE', #774 ) ;
#11 = EDGE_CURVE ( 'NONE', #117, #240, #1036, .T. ) ;
#12 = AXIS2_PLACEMENT_3D ( 'NONE', #452, #444, #1413 ) ;
#13 = FACE_BOUND ( 'NONE', #1421, .T. ) ;
#14 = DATE_TIME_ROLE ( 'creation_date' ) ;
#15 = FACE_OUTER_BOUND ( 'NONE', #997, .T. ) ;
#16 = LINE ( 'NONE', #1268, #1066 ) ;
#17 = CARTESIAN_POINT ( 'NONE',  ( 1.616552260919284167, 46.37646367516155976, 0.6793560449707385374 ) ) ;
#18 = CARTESIAN_POINT ( 'NONE',  ( -34.39999999999999858, 140.0000000000000000, 0.000000000000000000 ) ) ;
#19 = EDGE_CURVE ( 'NONE', #596, #1427, #51, .T. ) ;
#20 = DATE_AND_TIME ( #1132, #202 ) ;
#21 = DIRECTION ( 'NONE',  ( -1.000000000000000000, 0.000000000000000000, 0.000000000000000000 ) ) ;
#22 = VECTOR ( 'NONE', #142, 1000.000000000000000 ) ;
#23 = CARTESIAN_POINT ( 'NONE',  ( -1.361065758881619958, 45.50000000000000000, 1.100000000000000089 ) ) ;
#24 = CARTESIAN_POINT ( 'NONE',  ( -34.39999999999999858, 140.0000000000000000, 44.00000000000000000 ) ) ;
#25 = FACE_OUTER_BOUND ( 'NONE', #1053, .T. ) ;
#26 = CIRCLE ( 'NONE', #1272, 1.750000000000000000 ) ;
#27 = EDGE_CURVE ( 'NONE', #934, #704, #184, .T. ) ;
#28 = DIRECTION ( 'NONE',  ( -0.000000000000000000, -1.000000000000000000, -0.000000000000000000 ) ) ;
#29 = FACE_OUTER_BOUND ( 'NONE', #1578, .T. ) ;
#30 = DIRECTION ( 'NONE',  ( -1.000000000000000000, 0.000000000000000000, 0.000000000000000000 ) ) ;
#31 = CARTESIAN_POINT ( 'NONE',  ( 1.465971205565284041, 46.05887444210426196, -0.9581545523665194741 ) ) ;
#32 = CARTESIAN_POINT ( 'NONE',  ( 0.000000000000000000, 43.00000000000000000, 0.000000000000000000 ) ) ;
#33 = VECTOR ( 'NONE', #291, 1000.000000000000000 ) ;
#34 = ADVANCED_FACE ( 'NONE', ( #533 ), #1264, .F. ) ;
#35 = CARTESIAN_POINT ( 'NONE',  ( 3.000000000000000000, 43.00000000000000000, 5.000000000000000000 ) ) ;
#36 = EDGE_CURVE ( 'NONE', #1159, #86, #1276, .T. ) ;
#37 = DIRECTION ( 'NONE',  ( 0.000000000000000000, 0.000000000000000000, -1.000000000000000000 ) ) ;
#38 = CARTESIAN_POINT ( 'NONE',  ( 1.361065758881619958, 45.50000000000000000, 1.100000000000000089 ) ) ;
#39 = ORIENTED_EDGE ( 'NONE', *, *, #494, .T. ) ;
#40 = DIRECTION ( 'NONE',  ( 0.000000000000000000, 0.000000000000000000, -1.000000000000000000 ) ) ;
#41 = DIRECTION ( 'NONE',  ( 0.000000000000000000, 0.000000000000000000, 1.000000000000000000 ) ) ;
#42 = EDGE_LOOP ( 'NONE', ( #89, #254, #721, #1579 ) ) ;
#43 = DIRECTION ( 'NONE',  ( -1.000000000000000000, 0.000000000000000000, 0.000000000000000000 ) ) ;
#44 = EDGE_CURVE ( 'NONE', #437, #966, #886, .T. ) ;
#45 = CARTESIAN_POINT ( 'NONE',  ( 0.000000000000000000, 72.00000000000000000, 0.000000000000000000 ) ) ;
#46 = CARTESIAN_POINT ( 'NONE',  ( 44.00000000000000000, 45.50000000000000000, 0.000000000000000000 ) ) ;
#47 = CARTESIAN_POINT ( 'NONE',  ( -3.802474773444904699, 45.78947292788335943, 1.070964528425318196 ) ) ;
#48 = DIRECTION ( 'NONE',  ( 0.000000000000000000, 0.000000000000000000, 1.000000000000000000 ) ) ;
#49 = CIRCLE ( 'NONE', #1006, 1.750000000000000000 ) ;
#50 = VERTEX_POINT ( 'NONE', #18 ) ;
#51 = CIRCLE ( 'NONE', #677, 3.950000000000000178 ) ;
#52 = CARTESIAN_POINT ( 'NONE',  ( 1.465981706633359360, 44.94110618115188771, 0.9581378311852541962 ) ) ;
#53 = CARTESIAN_POINT ( 'NONE',  ( 3.000000000000000000, 43.00000000000000000, -2.569533031505919052 ) ) ;
#54 = ORIENTED_EDGE ( 'NONE', *, *, #449, .F. ) ;
#55 = AXIS2_PLACEMENT_3D ( 'NONE', #907, #1406, #1135 ) ;
#56 = DIRECTION ( 'NONE',  ( -0.000000000000000000, -0.000000000000000000, 1.000000000000000000 ) ) ;
#57 = CARTESIAN_POINT ( 'NONE',  ( 0.000000000000000000, 77.00000000000000000, 0.000000000000000000 ) ) ;
#58 = EDGE_CURVE ( 'NONE', #858, #1619, #1305, .T. ) ;
#59 = ORIENTED_EDGE ( 'NONE', *, *, #718, .T. ) ;
#60 = LINE ( 'NONE', #1420, #22 ) ;
#61 = CIRCLE ( 'NONE', #398, 1.900000000000000577 ) ;
#62 = ORIENTED_EDGE ( 'NONE', *, *, #968, .F. ) ;
#63 = CARTESIAN_POINT ( 'NONE',  ( 1.361065758881619958, 45.50000000000000000, 1.100000000000000089 ) ) ;
#64 = DIRECTION ( 'NONE',  ( -1.000000000000000000, -0.000000000000000000, -0.000000000000000000 ) ) ;
#65 = AXIS2_PLACEMENT_3D ( 'NONE', #507, #1267, #653 ) ;
#66 = ORIENTED_EDGE ( 'NONE', *, *, #926, .T. ) ;
#67 = DIRECTION ( 'NONE',  ( -1.000000000000000000, 0.000000000000000000, -0.000000000000000000 ) ) ;
#68 = AXIS2_PLACEMENT_3D ( 'NONE', #954, #593, #104 ) ;
#69 = FACE_OUTER_BOUND ( 'NONE', #592, .T. ) ;
#70 = FACE_OUTER_BOUND ( 'NONE', #289, .T. ) ;
#71 = EDGE_CURVE ( 'NONE', #628, #1465, #1356, .T. ) ;
#72 = EDGE_LOOP ( 'NONE', ( #917, #1363, #430, #975 ) ) ;
#73 = APPROVAL_ROLE ( '' ) ;
#74 = CARTESIAN_POINT ( 'NONE',  ( 1.387536657437736798, 45.20264114411448730, -1.068586194674190359 ) ) ;
#75 = DIRECTION ( 'NONE',  ( -0.000000000000000000, -0.000000000000000000, 1.000000000000000000 ) ) ;
#76 = ORIENTED_EDGE ( 'NONE', *, *, #565, .F. ) ;
#77 = DIRECTION ( 'NONE',  ( 0.000000000000000000, -0.000000000000000000, 1.000000000000000000 ) ) ;
#78 = PLANE ( 'NONE',  #1093 ) ;
#79 = VERTEX_POINT ( 'NONE', #1537 ) ;
#80 = AXIS2_PLACEMENT_3D ( 'NONE', #824, #1414, #1551 ) ;
#81 = ADVANCED_FACE ( 'NONE', ( #414 ), #394, .F. ) ;
#82 = DIRECTION ( 'NONE',  ( -1.000000000000000000, 0.000000000000000000, 0.000000000000000000 ) ) ;
#83 = EDGE_LOOP ( 'NONE', ( #473, #1450, #691, #266 ) ) ;
#84 = CARTESIAN_POINT ( 'NONE',  ( 34.00000000000000000, 117.0000000000000000, 0.000000000000000000 ) ) ;
#85 = EDGE_LOOP ( 'NONE', ( #470, #814, #1288, #1077, #66, #1191, #988, #841 ) ) ;
#86 = VERTEX_POINT ( 'NONE', #1014 ) ;
#87 = CARTESIAN_POINT ( 'NONE',  ( -44.00000000000000000, 144.0000000000000000, 0.000000000000000000 ) ) ;
#88 = LINE ( 'NONE', #102, #1349 ) ;
#89 = ORIENTED_EDGE ( 'NONE', *, *, #231, .F. ) ;
#90 = DIRECTION ( 'NONE',  ( -1.000000000000000000, 0.000000000000000000, 0.000000000000000000 ) ) ;
#91 = EDGE_CURVE ( 'NONE', #310, #847, #865, .T. ) ;
#92 = VECTOR ( 'NONE', #900, 1000.000000000000000 ) ;
#93 = LINE ( 'NONE', #552, #1013 ) ;
#94 = ORIENTED_EDGE ( 'NONE', *, *, #1467, .T. ) ;
#95 = DIRECTION ( 'NONE',  ( 0.000000000000000000, 1.000000000000000000, 0.000000000000000000 ) ) ;
#96 = ORIENTED_EDGE ( 'NONE', *, *, #435, .F. ) ;
#97 = DIRECTION ( 'NONE',  ( -1.000000000000000000, 0.000000000000000000, 0.000000000000000000 ) ) ;
#98 = CARTESIAN_POINT ( 'NONE',  ( -1.361065758881620846, 45.50000000000000000, -1.100000000000000311 ) ) ;
#99 = ORIENTED_EDGE ( 'NONE', *, *, #503, .T. ) ;
#100 = AXIS2_PLACEMENT_3D ( 'NONE', #1614, #459, #976 ) ;
#101 = ORIENTED_EDGE ( 'NONE', *, *, #1343, .T. ) ;
#102 = CARTESIAN_POINT ( 'NONE',  ( -14.90000000000000036, 127.0000000000000000, 44.00000000000000000 ) ) ;
#103 = VERTEX_POINT ( 'NONE', #292 ) ;
#104 = DIRECTION ( 'NONE',  ( 0.000000000000000000, 0.000000000000000000, 1.000000000000000000 ) ) ;
#105 = VECTOR ( 'NONE', #885, 1000.000000000000000 ) ;
#106 = CARTESIAN_POINT ( 'NONE',  ( -1.663242114360625079, 46.45703287883166155, -0.5612529276161789538 ) ) ;
#107 = ADVANCED_FACE ( 'NONE', ( #25 ), #527, .F. ) ;
#108 = ORIENTED_EDGE ( 'NONE', *, *, #435, .T. ) ;
#109 = VECTOR ( 'NONE', #440, 1000.000000000000000 ) ;
#110 = EDGE_CURVE ( 'NONE', #1086, #50, #958, .T. ) ;
#111 = ORIENTED_EDGE ( 'NONE', *, *, #1547, .F. ) ;
#112 = CARTESIAN_POINT ( 'NONE',  ( -10.50000000000000000, 111.6500000000000057, 44.00000000000000000 ) ) ;
#113 = EDGE_LOOP ( 'NONE', ( #801, #669, #1483, #1292 ) ) ;
#114 = VECTOR ( 'NONE', #571, 1000.000000000000000 ) ;
#115 = CARTESIAN_POINT ( 'NONE',  ( -13.00000000000000000, 127.0000000000000000, 0.000000000000000000 ) ) ;
#116 = CARTESIAN_POINT ( 'NONE',  ( -1.387536657437735466, 45.79735885588550559, -1.068586194674189915 ) ) ;
#117 = VERTEX_POINT ( 'NONE', #1294 ) ;
#118 = AXIS2_PLACEMENT_3D ( 'NONE', #410, #390, #21 ) ;
#119 = APPROVAL_PERSON_ORGANIZATION ( #299, #1015, #73 ) ;
#120 = EDGE_LOOP ( 'NONE', ( #666, #713, #1392, #39, #479, #960, #863, #1598, #867, #108 ) ) ;
#121 = CARTESIAN_POINT ( 'NONE',  ( -3.793744851726333245, 45.35389745986240229, 1.100000000000000089 ) ) ;
#122 = ORIENTED_EDGE ( 'NONE', *, *, #71, .T. ) ;
#123 = DIRECTION ( 'NONE',  ( 0.000000000000000000, 0.000000000000000000, -1.000000000000000000 ) ) ;
#124 = DIRECTION ( 'NONE',  ( 0.000000000000000000, 1.000000000000000000, 0.000000000000000000 ) ) ;
#125 = ORIENTED_EDGE ( 'NONE', *, *, #1244, .F. ) ;
#126 = CC_DESIGN_PERSON_AND_ORGANIZATION_ASSIGNMENT ( #1125, #1525, ( #722 ) ) ;
#127 = LINE ( 'NONE', #909, #776 ) ;
#128 = ORIENTED_EDGE ( 'NONE', *, *, #423, .F. ) ;
#129 = APPROVAL_DATE_TIME ( #20, #1456 ) ;
#130 = EDGE_CURVE ( 'NONE', #486, #934, #1075, .T. ) ;
#131 = DIRECTION ( 'NONE',  ( 0.000000000000000000, -0.000000000000000000, 1.000000000000000000 ) ) ;
#132 = CARTESIAN_POINT ( 'NONE',  ( -1.517424172750161171, 44.82356825630642305, -0.8787387289766817045 ) ) ;
#133 = ORIENTED_EDGE ( 'NONE', *, *, #1035, .F. ) ;
#134 = CARTESIAN_POINT ( 'NONE',  ( 0.000000000000000000, 77.00000000000000000, -44.00000000000000000 ) ) ;
#135 = ORIENTED_EDGE ( 'NONE', *, *, #36, .F. ) ;
#136 = CYLINDRICAL_SURFACE ( 'NONE', #896, 6.000000000000000000 ) ;
#137 = DIRECTION ( 'NONE',  ( -1.000000000000000000, 0.000000000000000000, 0.000000000000000000 ) ) ;
#138 = EDGE_CURVE ( 'NONE', #1341, #964, #711, .T. ) ;
#139 = CARTESIAN_POINT ( 'NONE',  ( 1.387131731489455122, 45.79564084121744827, -1.069110509377904306 ) ) ;
#140 = ORIENTED_EDGE ( 'NONE', *, *, #829, .T. ) ;
#141 = VECTOR ( 'NONE', #192, 1000.000000000000000 ) ;
#142 = DIRECTION ( 'NONE',  ( -0.000000000000000000, -0.000000000000000000, -1.000000000000000000 ) ) ;
#143 = EDGE_LOOP ( 'NONE', ( #1154, #825, #357, #675 ) ) ;
#144 = APPLICATION_PROTOCOL_DEFINITION ( 'international standard', 'config_control_design', 1994, #1543 ) ;
#145 = DIRECTION ( 'NONE',  ( -1.000000000000000000, 0.000000000000000000, 0.000000000000000000 ) ) ;
#146 = DIRECTION ( 'NONE',  ( -0.000000000000000000, -0.000000000000000000, 1.000000000000000000 ) ) ;
#147 = DIRECTION ( 'NONE',  ( 0.000000000000000000, 1.000000000000000000, 0.000000000000000000 ) ) ;
#148 = EDGE_CURVE ( 'NONE', #964, #352, #940, .T. ) ;
#149 = DIRECTION ( 'NONE',  ( 0.000000000000000000, 0.000000000000000000, -1.000000000000000000 ) ) ;
#150 = AXIS2_PLACEMENT_3D ( 'NONE', #1604, #95, #226 ) ;
#151 = CARTESIAN_POINT ( 'NONE',  ( 0.000000000000000000, 77.00000000000000000, 4.000000000000000000 ) ) ;
#152 = CARTESIAN_POINT ( 'NONE',  ( -3.892965539265425878, 46.37889243347261470, 0.6766987434967618453 ) ) ;
#153 = EDGE_LOOP ( 'NONE', ( #497, #1320 ) ) ;
#154 = CIRCLE ( 'NONE', #80, 1.599999999999997202 ) ;
#155 = CIRCLE ( 'NONE', #150, 44.00000000000000000 ) ;
#156 = ADVANCED_FACE ( 'NONE', ( #1584, #178 ), #672, .F. ) ;
#157 = ORIENTED_EDGE ( 'NONE', *, *, #989, .T. ) ;
#158 = COORDINATED_UNIVERSAL_TIME_OFFSET ( 6, 0, .BEHIND. ) ;
#159 = CARTESIAN_POINT ( 'NONE',  ( 0.000000000000000000, 43.00000000000000000, 0.000000000000000000 ) ) ;
#160 = FACE_OUTER_BOUND ( 'NONE', #1300, .T. ) ;
#161 = CARTESIAN_POINT ( 'NONE',  ( 1.387167814897774187, 45.79623971360214796, 1.069119374696571034 ) ) ;
#162 = CARTESIAN_POINT ( 'NONE',  ( 0.000000000000000000, 70.00000000000000000, 0.000000000000000000 ) ) ;
#163 = FACE_OUTER_BOUND ( 'NONE', #1348, .T. ) ;
#164 = PLANE ( 'NONE',  #1552 ) ;
#165 = DIRECTION ( 'NONE',  ( -0.000000000000000000, -0.000000000000000000, -1.000000000000000000 ) ) ;
#166 = ORGANIZATION ( 'UNSPECIFIED', 'UNSPECIFIED', '' ) ;
#167 = CARTESIAN_POINT ( 'NONE',  ( 0.000000000000000000, 0.000000000000000000, 4.000000000000000000 ) ) ;
#168 = DIRECTION ( 'NONE',  ( -0.000000000000000000, -0.000000000000000000, 1.000000000000000000 ) ) ;
#169 = CARTESIAN_POINT ( 'NONE',  ( -3.793744851726326583, 45.50000000000000000, 1.100000000000000089 ) ) ;
#170 = CARTESIAN_POINT ( 'NONE',  ( -44.00000000000000000, 77.00000000000000000, 0.000000000000000000 ) ) ;
#171 = VERTEX_POINT ( 'NONE', #429 ) ;
#172 = ADVANCED_FACE ( 'NONE', ( #1565 ), #1083, .T. ) ;
#173 = CARTESIAN_POINT ( 'NONE',  ( -36.00000000000000000, 104.0000000000000000, 44.00000000000000000 ) ) ;
#174 = LINE ( 'NONE', #693, #574 ) ;
#175 = ORIENTED_EDGE ( 'NONE', *, *, #521, .F. ) ;
#176 = CARTESIAN_POINT ( 'NONE',  ( -23.00000000000000000, 108.0000000000000000, -8.000000000000000000 ) ) ;
#177 = ADVANCED_FACE ( 'NONE', ( #1067, #1314 ), #456, .F. ) ;
#178 = FACE_BOUND ( 'NONE', #805, .T. ) ;
#179 = LINE ( 'NONE', #553, #1499 ) ;
#180 = ORIENTED_EDGE ( 'NONE', *, *, #1129, .F. ) ;
#181 = DIRECTION ( 'NONE',  ( -1.000000000000000000, 0.000000000000000000, 0.000000000000000000 ) ) ;
#182 = CIRCLE ( 'NONE', #1541, 1.599999999999997202 ) ;
#183 = ORIENTED_EDGE ( 'NONE', *, *, #71, .F. ) ;
#184 = CIRCLE ( 'NONE', #371, 1.599999999999997202 ) ;
#185 = CARTESIAN_POINT ( 'NONE',  ( -10.50000000000000000, 0.000000000000000000, 4.000000000000000000 ) ) ;
#186 = DIRECTION ( 'NONE',  ( 0.000000000000000000, 0.000000000000000000, -1.000000000000000000 ) ) ;
#187 = ORIENTED_EDGE ( 'NONE', *, *, #636, .F. ) ;
#188 = AXIS2_PLACEMENT_3D ( 'NONE', #1418, #420, #686 ) ;
#189 = FACE_OUTER_BOUND ( 'NONE', #946, .T. ) ;
#190 = DIRECTION ( 'NONE',  ( 0.000000000000000000, 0.000000000000000000, 1.000000000000000000 ) ) ;
#191 = EDGE_CURVE ( 'NONE', #811, #1323, #761, .T. ) ;
#192 = DIRECTION ( 'NONE',  ( -0.000000000000000000, -1.000000000000000000, -0.000000000000000000 ) ) ;
#193 = ORIENTED_EDGE ( 'NONE', *, *, #1602, .T. ) ;
#194 = CIRCLE ( 'NONE', #816, 1.900000000000000577 ) ;
#195 = ORIENTED_EDGE ( 'NONE', *, *, #757, .F. ) ;
#196 = APPROVAL_DATE_TIME ( #794, #1015 ) ;
#197 = CARTESIAN_POINT ( 'NONE',  ( 0.000000000000000000, 72.00000000000000000, 0.000000000000000000 ) ) ;
#198 = DIRECTION ( 'NONE',  ( 0.000000000000000000, 1.000000000000000000, 0.000000000000000000 ) ) ;
#199 = AXIS2_PLACEMENT_3D ( 'NONE', #283, #1274, #290 ) ;
#200 = VERTEX_POINT ( 'NONE', #1455 ) ;
#201 = LINE ( 'NONE', #176, #271 ) ;
#202 = LOCAL_TIME ( 23, 3, 1.000000000000000000, #158 ) ;
#203 = CARTESIAN_POINT ( 'NONE',  ( -43.81780460041328951, 76.00000000000000000, 4.000000000000000000 ) ) ;
#204 = DESIGN_CONTEXT ( 'detailed design', #1543, 'design' ) ;
#205 = EDGE_CURVE ( 'NONE', #966, #847, #808, .T. ) ;
#206 = DIRECTION ( 'NONE',  ( 0.000000000000000000, 0.000000000000000000, -1.000000000000000000 ) ) ;
#207 = DIRECTION ( 'NONE',  ( 0.000000000000000000, 0.000000000000000000, -1.000000000000000000 ) ) ;
#208 = VERTEX_POINT ( 'NONE', #1322 ) ;
#209 = CARTESIAN_POINT ( 'NONE',  ( -23.00000000000000000, 108.0000000000000000, -8.000000000000000000 ) ) ;
#210 = DIRECTION ( 'NONE',  ( 0.000000000000000000, 0.000000000000000000, -1.000000000000000000 ) ) ;
#211 = ADVANCED_FACE ( 'NONE', ( #703 ), #1447, .F. ) ;
#212 = EDGE_LOOP ( 'NONE', ( #180, #928 ) ) ;
#213 = CARTESIAN_POINT ( 'NONE',  ( 35.89999999999999858, 127.0000000000000000, 0.000000000000000000 ) ) ;
#214 = DIRECTION ( 'NONE',  ( -0.000000000000000000, -0.000000000000000000, 1.000000000000000000 ) ) ;
#215 = ORIENTED_EDGE ( 'NONE', *, *, #340, .T. ) ;
#216 = LINE ( 'NONE', #461, #1496 ) ;
#217 = DIRECTION ( 'NONE',  ( 0.000000000000000000, 0.000000000000000000, 1.000000000000000000 ) ) ;
#218 = ORIENTED_EDGE ( 'NONE', *, *, #1570, .F. ) ;
#219 = ORIENTED_EDGE ( 'NONE', *, *, #989, .F. ) ;
#220 = CARTESIAN_POINT ( 'NONE',  ( -11.09999999999999787, 127.0000000000000000, 4.000000000000003553 ) ) ;
#221 = ORIENTED_EDGE ( 'NONE', *, *, #1488, .T. ) ;
#222 = DIRECTION ( 'NONE',  ( 0.000000000000000000, 0.000000000000000000, 1.000000000000000000 ) ) ;
#223 = CIRCLE ( 'NONE', #296, 1.750000000000000000 ) ;
#224 = CARTESIAN_POINT ( 'NONE',  ( 31.19999999999999929, 111.6500000000000057, 0.000000000000000000 ) ) ;
#225 = ORIENTED_EDGE ( 'NONE', *, *, #1158, .F. ) ;
#226 = DIRECTION ( 'NONE',  ( 0.000000000000000000, 0.000000000000000000, 1.000000000000000000 ) ) ;
#227 = ORIENTED_EDGE ( 'NONE', *, *, #1234, .F. ) ;
#228 = EDGE_CURVE ( 'NONE', #1050, #725, #93, .T. ) ;
#229 = DIRECTION ( 'NONE',  ( 0.000000000000000000, 1.000000000000000000, 0.000000000000000000 ) ) ;
#230 = LINE ( 'NONE', #594, #542 ) ;
#231 = EDGE_CURVE ( 'NONE', #117, #811, #320, .T. ) ;
#232 = VERTEX_POINT ( 'NONE', #1179 ) ;
#233 = ORIENTED_EDGE ( 'NONE', *, *, #397, .T. ) ;
#234 = CARTESIAN_POINT ( 'NONE',  ( 44.00000000000000000, 45.50000000000000000, 1.100000000000000089 ) ) ;
#235 = ORIENTED_EDGE ( 'NONE', *, *, #979, .F. ) ;
#236 = DIRECTION ( 'NONE',  ( -0.000000000000000000, -0.000000000000000000, 1.000000000000000000 ) ) ;
#237 = AXIS2_PLACEMENT_3D ( 'NONE', #576, #75, #1052 ) ;
#238 = LINE ( 'NONE', #736, #315 ) ;
#239 = ADVANCED_FACE ( 'NONE', ( #69 ), #696, .F. ) ;
#240 = VERTEX_POINT ( 'NONE', #322 ) ;
#241 = AXIS2_PLACEMENT_3D ( 'NONE', #1591, #485, #347 ) ;
#242 = VERTEX_POINT ( 'NONE', #817 ) ;
#243 = CARTESIAN_POINT ( 'NONE',  ( -3.913146061039499912, 44.53924868393905001, 0.5545912218504075453 ) ) ;
#244 = VERTEX_POINT ( 'NONE', #203 ) ;
#245 = VECTOR ( 'NONE', #90, 1000.000000000000000 ) ;
#246 = CARTESIAN_POINT ( 'NONE',  ( -37.59999999999999432, 140.0000000000000000, 4.000000000000003553 ) ) ;
#247 = CARTESIAN_POINT ( 'NONE',  ( -1.361065758881627730, 45.65001271087818679, 1.100000000000000089 ) ) ;
#248 = EDGE_LOOP ( 'NONE', ( #1246, #1441 ) ) ;
#249 = CC_DESIGN_APPROVAL ( #1015, ( #587 ) ) ;
#250 = EDGE_LOOP ( 'NONE', ( #1185, #1531 ) ) ;
#251 = ADVANCED_FACE ( 'NONE', ( #1190 ), #78, .T. ) ;
#252 = LINE ( 'NONE', #1612, #141 ) ;
#253 = CARTESIAN_POINT ( 'NONE',  ( -37.59999999999999432, 104.0000000000000000, 0.000000000000000000 ) ) ;
#254 = ORIENTED_EDGE ( 'NONE', *, *, #11, .T. ) ;
#255 = PERSON_AND_ORGANIZATION ( #1144, #166 ) ;
#256 = CARTESIAN_POINT ( 'NONE',  ( -1.361065758881619958, 45.50000000000000000, 1.100000000000000089 ) ) ;
#257 = EDGE_LOOP ( 'NONE', ( #94, #446, #1114, #1211 ) ) ;
#258 = ADVANCED_FACE ( 'NONE', ( #827 ), #1471, .T. ) ;
#259 = CARTESIAN_POINT ( 'NONE',  ( -23.00000000000000000, 77.00000000000000000, 4.000000000000000000 ) ) ;
#260 = ORIENTED_EDGE ( 'NONE', *, *, #1400, .F. ) ;
#261 = LINE ( 'NONE', #396, #1473 ) ;
#262 = DIRECTION ( 'NONE',  ( -0.000000000000000000, -0.000000000000000000, 1.000000000000000000 ) ) ;
#263 = CARTESIAN_POINT ( 'NONE',  ( 0.000000000000000000, 72.00000000000000000, -44.00000000000000000 ) ) ;
#264 = CARTESIAN_POINT ( 'NONE',  ( -1.749823076452303283, 44.40028146958022859, -0.1507651104496760541 ) ) ;
#265 = AXIS2_PLACEMENT_3D ( 'NONE', #1187, #1033, #945 ) ;
#266 = ORIENTED_EDGE ( 'NONE', *, *, #205, .F. ) ;
#267 = AXIS2_PLACEMENT_3D ( 'NONE', #563, #1055, #1576 ) ;
#268 = DIRECTION ( 'NONE',  ( -1.000000000000000000, 0.000000000000000000, -0.000000000000000000 ) ) ;
#269 =( LENGTH_UNIT ( ) NAMED_UNIT ( * ) SI_UNIT ( .MILLI., .METRE. ) );
#270 = LINE ( 'NONE', #1511, #1046 ) ;
#271 = VECTOR ( 'NONE', #695, 1000.000000000000000 ) ;
#272 = DIRECTION ( 'NONE',  ( 0.000000000000000000, -1.000000000000000000, 0.000000000000000000 ) ) ;
#273 = CARTESIAN_POINT ( 'NONE',  ( 1.662301750245524179, 46.45542547336660988, -0.5642696606776054224 ) ) ;
#274 = ADVANCED_FACE ( 'NONE', ( #843 ), #849, .T. ) ;
#275 = CARTESIAN_POINT ( 'NONE',  ( 0.000000000000000000, 72.00000000000000000, 0.000000000000000000 ) ) ;
#276 = AXIS2_PLACEMENT_3D ( 'NONE', #1153, #1539, #293 ) ;
#277 = CALENDAR_DATE ( 2026, 7, 9 ) ;
#278 = DIRECTION ( 'NONE',  ( 0.000000000000000000, 0.000000000000000000, -1.000000000000000000 ) ) ;
#279 = ADVANCED_FACE ( 'NONE', ( #1597 ), #1230, .T. ) ;
#280 = CARTESIAN_POINT ( 'NONE',  ( 1.361065758881619958, 45.64907895807709792, -1.100000000000001199 ) ) ;
#281 = ORIENTED_EDGE ( 'NONE', *, *, #511, .T. ) ;
#282 = EDGE_CURVE ( 'NONE', #950, #432, #612, .T. ) ;
#283 = CARTESIAN_POINT ( 'NONE',  ( 0.000000000000000000, 72.00000000000000000, 0.000000000000000000 ) ) ;
#284 = VECTOR ( 'NONE', #388, 1000.000000000000000 ) ;
#285 = DIRECTION ( 'NONE',  ( -0.000000000000000000, -1.000000000000000000, -0.000000000000000000 ) ) ;
#286 = CYLINDRICAL_SURFACE ( 'NONE', #939, 44.00000000000000000 ) ;
#287 = DIRECTION ( 'NONE',  ( -0.000000000000000000, -0.000000000000000000, 1.000000000000000000 ) ) ;
#288 = PLANE ( 'NONE',  #967 ) ;
#289 = EDGE_LOOP ( 'NONE', ( #1151, #1043, #1433, #851 ) ) ;
#290 = DIRECTION ( 'NONE',  ( 0.000000000000000000, 0.000000000000000000, 1.000000000000000000 ) ) ;
#291 = DIRECTION ( 'NONE',  ( 0.000000000000000000, 0.000000000000000000, -1.000000000000000000 ) ) ;
#292 = CARTESIAN_POINT ( 'NONE',  ( -23.00000000000000000, 77.00000000000000000, 0.000000000000000000 ) ) ;
#293 = DIRECTION ( 'NONE',  ( 0.000000000000000000, 0.000000000000000000, -1.000000000000000000 ) ) ;
#294 = DIRECTION ( 'NONE',  ( -1.000000000000000000, 0.000000000000000000, 0.000000000000000000 ) ) ;
#295 = EDGE_CURVE ( 'NONE', #333, #79, #346, .T. ) ;
#296 = AXIS2_PLACEMENT_3D ( 'NONE', #159, #1001, #1381 ) ;
#297 = EDGE_CURVE ( 'NONE', #682, #232, #493, .T. ) ;
#298 = ORIENTED_EDGE ( 'NONE', *, *, #1364, .T. ) ;
#299 = PERSON_AND_ORGANIZATION ( #1144, #166 ) ;
#300 = CARTESIAN_POINT ( 'NONE',  ( -16.00000000000000000, 77.00000000000000000, 4.000000000000000000 ) ) ;
#301 = DIRECTION ( 'NONE',  ( 0.000000000000000000, 0.000000000000000000, -1.000000000000000000 ) ) ;
#302 = ORIENTED_EDGE ( 'NONE', *, *, #1354, .T. ) ;
#303 = CARTESIAN_POINT ( 'NONE',  ( -1.361065758881626842, 45.35039140688945736, 1.100000000000000311 ) ) ;
#304 = DIRECTION ( 'NONE',  ( 0.000000000000000000, 0.000000000000000000, -1.000000000000000000 ) ) ;
#305 = FACE_OUTER_BOUND ( 'NONE', #1221, .T. ) ;
#306 = ORIENTED_EDGE ( 'NONE', *, *, #397, .F. ) ;
#307 = EDGE_CURVE ( 'NONE', #705, #844, #1487, .T. ) ;
#308 = DIRECTION ( 'NONE',  ( 0.000000000000000000, 0.000000000000000000, 1.000000000000000000 ) ) ;
#309 = CARTESIAN_POINT ( 'NONE',  ( 0.000000000000000000, 111.6500000000000057, 0.000000000000000000 ) ) ;
#310 = VERTEX_POINT ( 'NONE', #469 ) ;
#311 = FACE_BOUND ( 'NONE', #248, .T. ) ;
#312 = VECTOR ( 'NONE', #1620, 1000.000000000000000 ) ;
#313 = DIRECTION ( 'NONE',  ( -1.000000000000000000, 0.000000000000000000, 0.000000000000000000 ) ) ;
#314 = ORIENTED_EDGE ( 'NONE', *, *, #1488, .F. ) ;
#315 = VECTOR ( 'NONE', #745, 1000.000000000000000 ) ;
#316 = EDGE_LOOP ( 'NONE', ( #1574, #974 ) ) ;
#317 = CARTESIAN_POINT ( 'NONE',  ( 1.663242114360625745, 44.54296712116832424, -0.5612529276161802860 ) ) ;
#318 = FACE_OUTER_BOUND ( 'NONE', #356, .T. ) ;
#319 = ORIENTED_EDGE ( 'NONE', *, *, #1007, .T. ) ;
#320 = CIRCLE ( 'NONE', #678, 44.00000000000000000 ) ;
#321 = CARTESIAN_POINT ( 'NONE',  ( -1.616552260919283057, 44.62353632483844734, 0.6793560449707384263 ) ) ;
#322 = CARTESIAN_POINT ( 'NONE',  ( 5.388445916248353619E-15, 72.00000000000000000, 44.00000000000000000 ) ) ;
#323 = EDGE_CURVE ( 'NONE', #836, #1355, #230, .T. ) ;
#324 = ORIENTED_EDGE ( 'NONE', *, *, #1354, .F. ) ;
#325 = LINE ( 'NONE', #185, #611 ) ;
#326 = LINE ( 'NONE', #668, #956 ) ;
#327 = AXIS2_PLACEMENT_3D ( 'NONE', #173, #206, #1204 ) ;
#328 = ORIENTED_EDGE ( 'NONE', *, *, #1407, .T. ) ;
#329 = DIRECTION ( 'NONE',  ( -0.000000000000000000, -0.000000000000000000, 1.000000000000000000 ) ) ;
#330 = LOCAL_TIME ( 23, 3, 1.000000000000000000, #568 ) ;
#331 = DIRECTION ( 'NONE',  ( 0.000000000000000000, -0.000000000000000000, -1.000000000000000000 ) ) ;
#332 = EDGE_CURVE ( 'NONE', #1532, #1086, #987, .T. ) ;
#333 = VERTEX_POINT ( 'NONE', #462 ) ;
#334 = LINE ( 'NONE', #699, #1021 ) ;
#335 = CYLINDRICAL_SURFACE ( 'NONE', #518, 1.599999999999997202 ) ;
#336 = VERTEX_POINT ( 'NONE', #962 ) ;
#337 = CARTESIAN_POINT ( 'NONE',  ( 0.000000000000000000, 43.00000000000000000, -3.950000000000000178 ) ) ;
#338 = DIRECTION ( 'NONE',  ( 0.000000000000000000, -0.000000000000000000, 1.000000000000000000 ) ) ;
#339 = EDGE_LOOP ( 'NONE', ( #460, #157, #1232, #1238 ) ) ;
#340 = EDGE_CURVE ( 'NONE', #480, #985, #1011, .T. ) ;
#341 = ORIENTED_EDGE ( 'NONE', *, *, #926, .F. ) ;
#342 = CIRCLE ( 'NONE', #1489, 6.000000000000000000 ) ;
#343 = CARTESIAN_POINT ( 'NONE',  ( -3.802484094445943708, 45.21063292758334029, -1.070914699399409642 ) ) ;
#344 = EDGE_LOOP ( 'NONE', ( #125, #281, #1621, #943 ) ) ;
#345 = DIRECTION ( 'NONE',  ( -0.000000000000000000, -0.000000000000000000, 1.000000000000000000 ) ) ;
#346 = CIRCLE ( 'NONE', #1437, 1.900000000000000577 ) ;
#347 = DIRECTION ( 'NONE',  ( 0.000000000000000000, -0.000000000000000000, -1.000000000000000000 ) ) ;
#348 = ORIENTED_EDGE ( 'NONE', *, *, #1184, .T. ) ;
#349 = VERTEX_POINT ( 'NONE', #478 ) ;
#350 = EDGE_CURVE ( 'NONE', #903, #244, #238, .T. ) ;
#351 = LINE ( 'NONE', #1593, #802 ) ;
#352 = VERTEX_POINT ( 'NONE', #224 ) ;
#353 = PLANE ( 'NONE',  #580 ) ;
#354 = CIRCLE ( 'NONE', #582, 1.899999999999999023 ) ;
#355 = DIRECTION ( 'NONE',  ( -1.000000000000000000, 0.000000000000000000, 0.000000000000000000 ) ) ;
#356 = EDGE_LOOP ( 'NONE', ( #1098, #1201, #822, #1553 ) ) ;
#357 = ORIENTED_EDGE ( 'NONE', *, *, #1458, .T. ) ;
#358 = CARTESIAN_POINT ( 'NONE',  ( 44.00000000000000000, 45.50000000000000000, 1.100000000000000089 ) ) ;
#359 = VERTEX_POINT ( 'NONE', #1617 ) ;
#360 = LINE ( 'NONE', #1622, #1280 ) ;
#361 = ADVANCED_FACE ( 'NONE', ( #1369 ), #1360, .T. ) ;
#362 = CARTESIAN_POINT ( 'NONE',  ( -37.59999999999999432, 140.0000000000000000, 44.00000000000000000 ) ) ;
#363 = ORIENTED_EDGE ( 'NONE', *, *, #1547, .T. ) ;
#364 = VECTOR ( 'NONE', #181, 1000.000000000000000 ) ;
#365 = ORIENTED_EDGE ( 'NONE', *, *, #1062, .F. ) ;
#366 = CARTESIAN_POINT ( 'NONE',  ( -3.912914071283217332, 44.54015623999637796, -0.5565896804349317328 ) ) ;
#367 = AXIS2_PLACEMENT_3D ( 'NONE', #1319, #560, #813 ) ;
#368 = ORIENTED_EDGE ( 'NONE', *, *, #660, .T. ) ;
#369 = LINE ( 'NONE', #1240, #1449 ) ;
#370 = CARTESIAN_POINT ( 'NONE',  ( -1.713007534194597836, 46.54038677621048237, 0.3643685047911461306 ) ) ;
#371 = AXIS2_PLACEMENT_3D ( 'NONE', #1386, #1130, #519 ) ;
#372 = ORIENTED_EDGE ( 'NONE', *, *, #1485, .F. ) ;
#373 = ADVANCED_FACE ( 'NONE', ( #1504 ), #1002, .F. ) ;
#374 = EDGE_LOOP ( 'NONE', ( #923, #1117 ) ) ;
#375 = DIRECTION ( 'NONE',  ( 0.000000000000000000, 0.000000000000000000, -1.000000000000000000 ) ) ;
#376 = ORIENTED_EDGE ( 'NONE', *, *, #916, .T. ) ;
#377 = AXIS2_PLACEMENT_3D ( 'NONE', #1111, #1222, #1082 ) ;
#378 = DIRECTION ( 'NONE',  ( 0.000000000000000000, 0.000000000000000000, 1.000000000000000000 ) ) ;
#379 = VECTOR ( 'NONE', #994, 1000.000000000000000 ) ;
#380 = ORIENTED_EDGE ( 'NONE', *, *, #494, .F. ) ;
#381 = EDGE_CURVE ( 'NONE', #1605, #432, #1138, .T. ) ;
#382 = CARTESIAN_POINT ( 'NONE',  ( -13.00000000000000000, 127.0000000000000000, 4.000000000000003553 ) ) ;
#383 = CARTESIAN_POINT ( 'NONE',  ( 32.10000000000000142, 127.0000000000000000, 4.000000000000003553 ) ) ;
#384 = CARTESIAN_POINT ( 'NONE',  ( 43.00000000000000000, 76.00000000000000000, 0.000000000000000000 ) ) ;
#385 = CYLINDRICAL_SURFACE ( 'NONE', #1249, 3.950000000000000178 ) ;
#386 = CARTESIAN_POINT ( 'NONE',  ( 1.663549969099136216, 46.45755863561982579, 0.5602576160964216623 ) ) ;
#387 = ORIENTED_EDGE ( 'NONE', *, *, #1184, .F. ) ;
#388 = DIRECTION ( 'NONE',  ( 0.000000000000000000, 1.000000000000000000, 0.000000000000000000 ) ) ;
#389 = PERSON_AND_ORGANIZATION ( #1144, #166 ) ;
#390 = DIRECTION ( 'NONE',  ( -0.000000000000000000, -0.000000000000000000, 1.000000000000000000 ) ) ;
#391 = CARTESIAN_POINT ( 'NONE',  ( -23.00000000000000000, 0.000000000000000000, -0.000000000000000000 ) ) ;
#392 = DIRECTION ( 'NONE',  ( -1.000000000000000000, 0.000000000000000000, 0.000000000000000000 ) ) ;
#393 = AXIS2_PLACEMENT_3D ( 'NONE', #787, #901, #525 ) ;
#394 = PLANE ( 'NONE',  #1251 ) ;
#395 = EDGE_LOOP ( 'NONE', ( #1177, #1172 ) ) ;
#396 = CARTESIAN_POINT ( 'NONE',  ( 3.000000000000000000, 72.00000000000000000, 2.569533031505919052 ) ) ;
#397 = EDGE_CURVE ( 'NONE', #957, #682, #508, .T. ) ;
#398 = AXIS2_PLACEMENT_3D ( 'NONE', #115, #236, #1359 ) ;
#399 = DIRECTION ( 'NONE',  ( -1.000000000000000000, 0.000000000000000000, 0.000000000000000000 ) ) ;
#400 = CARTESIAN_POINT ( 'NONE',  ( -3.852423278337229640, 46.17707926801950435, 0.8785993193052645811 ) ) ;
#401 = CARTESIAN_POINT ( 'NONE',  ( 5.388445916248353619E-15, 77.00000000000000000, 44.00000000000000000 ) ) ;
#402 = VECTOR ( 'NONE', #583, 1000.000000000000000 ) ;
#403 = AXIS2_PLACEMENT_3D ( 'NONE', #1266, #149, #1118 ) ;
#404 = COORDINATED_UNIVERSAL_TIME_OFFSET ( 6, 0, .BEHIND. ) ;
#405 = DIRECTION ( 'NONE',  ( -0.000000000000000000, 1.000000000000000000, 0.000000000000000000 ) ) ;
#406 = CARTESIAN_POINT ( 'NONE',  ( 0.000000000000000000, 132.3499999999999943, 0.000000000000000000 ) ) ;
#407 = DIRECTION ( 'NONE',  ( -0.000000000000000000, -1.000000000000000000, -0.000000000000000000 ) ) ;
#408 = DIRECTION ( 'NONE',  ( -0.000000000000000000, -1.000000000000000000, -0.000000000000000000 ) ) ;
#409 = EDGE_LOOP ( 'NONE', ( #1202, #99 ) ) ;
#410 = CARTESIAN_POINT ( 'NONE',  ( 34.00000000000000000, 127.0000000000000000, 0.000000000000000000 ) ) ;
#411 = CARTESIAN_POINT ( 'NONE',  ( 0.000000000000000000, 72.00000000000000000, 0.000000000000000000 ) ) ;
#412 = CARTESIAN_POINT ( 'NONE',  ( -44.00000000000000000, 144.0000000000000000, 4.000000000000000000 ) ) ;
#413 = EDGE_CURVE ( 'NONE', #903, #200, #772, .T. ) ;
#414 = FACE_OUTER_BOUND ( 'NONE', #623, .T. ) ;
#415 = ADVANCED_FACE ( 'NONE', ( #160 ), #640, .F. ) ;
#416 = CARTESIAN_POINT ( 'NONE',  ( 34.00000000000000000, 117.0000000000000000, 4.000000000000003553 ) ) ;
#417 = SECURITY_CLASSIFICATION_LEVEL ( 'unclassified' ) ;
#418 = DIRECTION ( 'NONE',  ( -1.000000000000000000, 0.000000000000000000, 0.000000000000000000 ) ) ;
#419 = DIRECTION ( 'NONE',  ( 0.000000000000000000, 0.000000000000000000, -1.000000000000000000 ) ) ;
#420 = DIRECTION ( 'NONE',  ( -0.000000000000000000, -1.000000000000000000, -0.000000000000000000 ) ) ;
#421 = DIRECTION ( 'NONE',  ( -1.000000000000000000, -0.000000000000000000, -0.000000000000000000 ) ) ;
#422 = DIRECTION ( 'NONE',  ( 0.000000000000000000, 1.000000000000000000, 0.000000000000000000 ) ) ;
#423 = EDGE_CURVE ( 'NONE', #1206, #103, #1260, .T. ) ;
#424 = ORIENTED_EDGE ( 'NONE', *, *, #307, .F. ) ;
#425 = CARTESIAN_POINT ( 'NONE',  ( -10.50000000000000000, 111.6500000000000057, 44.00000000000000000 ) ) ;
#426 = CARTESIAN_POINT ( 'NONE',  ( 4.837354856632044071E-16, 43.00000000000000000, 3.950000000000000178 ) ) ;
#427 = ORIENTED_EDGE ( 'NONE', *, *, #130, .T. ) ;
#428 = FACE_BOUND ( 'NONE', #920, .T. ) ;
#429 = CARTESIAN_POINT ( 'NONE',  ( 43.00000000000000000, 144.0000000000000000, 0.000000000000000000 ) ) ;
#430 = ORIENTED_EDGE ( 'NONE', *, *, #449, .T. ) ;
#431 = FACE_BOUND ( 'NONE', #316, .T. ) ;
#432 = VERTEX_POINT ( 'NONE', #1120 ) ;
#433 = PERSON_AND_ORGANIZATION_ROLE ( 'classification_officer' ) ;
#434 = CARTESIAN_POINT ( 'NONE',  ( 1.750203231610401255, 44.39967667651378491, -0.1466269737638905557 ) ) ;
#435 = EDGE_CURVE ( 'NONE', #466, #970, #1148, .T. ) ;
#436 = FACE_OUTER_BOUND ( 'NONE', #83, .T. ) ;
#437 = VERTEX_POINT ( 'NONE', #1010 ) ;
#438 = CARTESIAN_POINT ( 'NONE',  ( 32.10000000000000142, 127.0000000000000000, 44.00000000000000000 ) ) ;
#439 = AXIS2_PLACEMENT_3D ( 'NONE', #259, #1371, #1287 ) ;
#440 = DIRECTION ( 'NONE',  ( 1.000000000000000000, 0.000000000000000000, 0.000000000000000000 ) ) ;
#441 = ORIENTED_EDGE ( 'NONE', *, *, #829, .F. ) ;
#442 = AXIS2_PLACEMENT_3D ( 'NONE', #631, #1390, #399 ) ;
#443 = ORIENTED_EDGE ( 'NONE', *, *, #484, .F. ) ;
#444 = DIRECTION ( 'NONE',  ( -0.000000000000000000, -0.000000000000000000, 1.000000000000000000 ) ) ;
#445 = LINE ( 'NONE', #700, #1353 ) ;
#446 = ORIENTED_EDGE ( 'NONE', *, *, #1535, .T. ) ;
#447 = AXIS2_PLACEMENT_3D ( 'NONE', #1200, #948, #210 ) ;
#448 = PLANE ( 'NONE',  #1308 ) ;
#449 = EDGE_CURVE ( 'NONE', #86, #1427, #16, .T. ) ;
#450 = DIRECTION ( 'NONE',  ( 0.000000000000000000, -1.000000000000000000, 0.000000000000000000 ) ) ;
#451 = EDGE_LOOP ( 'NONE', ( #697, #1030 ) ) ;
#452 = CARTESIAN_POINT ( 'NONE',  ( -13.00000000000000000, 117.0000000000000000, 0.000000000000000000 ) ) ;
#453 = CYLINDRICAL_SURFACE ( 'NONE', #1572, 1.899999999999999023 ) ;
#454 = EDGE_LOOP ( 'NONE', ( #128, #1542, #1481, #76 ) ) ;
#455 = FACE_OUTER_BOUND ( 'NONE', #1107, .T. ) ;
#456 = PLANE ( 'NONE',  #933 ) ;
#457 = VERTEX_POINT ( 'NONE', #263 ) ;
#458 = CARTESIAN_POINT ( 'NONE',  ( -16.00000000000000000, 77.00000000000000000, -8.000000000000000000 ) ) ;
#459 = DIRECTION ( 'NONE',  ( -0.000000000000000000, -1.000000000000000000, -0.000000000000000000 ) ) ;
#460 = ORIENTED_EDGE ( 'NONE', *, *, #685, .F. ) ;
#461 = CARTESIAN_POINT ( 'NONE',  ( -34.39999999999999858, 104.0000000000000000, 44.00000000000000000 ) ) ;
#462 = CARTESIAN_POINT ( 'NONE',  ( -14.90000000000000036, 117.0000000000000000, 0.000000000000000000 ) ) ;
#463 = EDGE_CURVE ( 'NONE', #50, #1086, #182, .T. ) ;
#464 = ORIENTED_EDGE ( 'NONE', *, *, #595, .F. ) ;
#465 = CARTESIAN_POINT ( 'NONE',  ( -43.81780460041328951, 77.00000000000000000, 4.000000000000000000 ) ) ;
#466 = VERTEX_POINT ( 'NONE', #7 ) ;
#467 = CARTESIAN_POINT ( 'NONE',  ( 0.000000000000000000, 77.00000000000000000, 0.000000000000000000 ) ) ;
#468 = VECTOR ( 'NONE', #1479, 1000.000000000000000 ) ;
#469 = CARTESIAN_POINT ( 'NONE',  ( 35.89999999999999858, 117.0000000000000000, 0.000000000000000000 ) ) ;
#470 = ORIENTED_EDGE ( 'NONE', *, *, #11, .F. ) ;
#471 = CIRCLE ( 'NONE', #890, 1.900000000000000577 ) ;
#472 = ADVANCED_FACE ( 'NONE', ( #500, #1396 ), #385, .T. ) ;
#473 = ORIENTED_EDGE ( 'NONE', *, *, #881, .T. ) ;
#474 = CARTESIAN_POINT ( 'NONE',  ( -3.941640084158780422, 44.42908564799461146, 0.2894079565859378755 ) ) ;
#475 = ORIENTED_EDGE ( 'NONE', *, *, #556, .F. ) ;
#476 = CYLINDRICAL_SURFACE ( 'NONE', #1611, 1.100000000000000089 ) ;
#477 = AXIS2_PLACEMENT_3D ( 'NONE', #197, #1290, #308 ) ;
#478 = CARTESIAN_POINT ( 'NONE',  ( -3.793744851726326583, 45.50000000000000000, 1.100000000000000089 ) ) ;
#479 = ORIENTED_EDGE ( 'NONE', *, *, #1582, .T. ) ;
#480 = VERTEX_POINT ( 'NONE', #23 ) ;
#481 = PRODUCT_DEFINITION_SHAPE ( 'NONE', 'NONE',  #1610 ) ;
#482 = ORIENTED_EDGE ( 'NONE', *, *, #1192, .T. ) ;
#483 = CARTESIAN_POINT ( 'NONE',  ( 7.347880794884119736E-16, 70.00000000000000000, 6.000000000000000000 ) ) ;
#484 = EDGE_CURVE ( 'NONE', #860, #1493, #342, .T. ) ;
#485 = DIRECTION ( 'NONE',  ( 0.000000000000000000, -1.000000000000000000, 0.000000000000000000 ) ) ;
#486 = VERTEX_POINT ( 'NONE', #516 ) ;
#487 = VECTOR ( 'NONE', #584, 1000.000000000000000 ) ;
#488 = ORIENTED_EDGE ( 'NONE', *, *, #765, .T. ) ;
#489 = LINE ( 'NONE', #358, #1005 ) ;
#490 = VERTEX_POINT ( 'NONE', #1374 ) ;
#491 = EDGE_CURVE ( 'NONE', #232, #903, #1019, .T. ) ;
#492 = FACE_OUTER_BOUND ( 'NONE', #762, .T. ) ;
#493 = LINE ( 'NONE', #866, #468 ) ;
#494 = EDGE_CURVE ( 'NONE', #957, #490, #1253, .T. ) ;
#495 = ORIENTED_EDGE ( 'NONE', *, *, #1362, .T. ) ;
#496 = LINE ( 'NONE', #555, #981 ) ;
#497 = ORIENTED_EDGE ( 'NONE', *, *, #541, .F. ) ;
#498 = VECTOR ( 'NONE', #1336, 1000.000000000000000 ) ;
#499 = DIRECTION ( 'NONE',  ( -0.000000000000000000, -0.000000000000000000, 1.000000000000000000 ) ) ;
#500 = FACE_OUTER_BOUND ( 'NONE', #72, .T. ) ;
#501 = CARTESIAN_POINT ( 'NONE',  ( 31.19999999999999929, 132.3499999999999943, 4.000000000000000000 ) ) ;
#502 = CIRCLE ( 'NONE', #199, 6.000000000000000000 ) ;
#503 = EDGE_CURVE ( 'NONE', #704, #934, #754, .T. ) ;
#504 = ORIENTED_EDGE ( 'NONE', *, *, #1517, .T. ) ;
#505 = LOCAL_TIME ( 23, 3, 1.000000000000000000, #404 ) ;
#506 = FACE_BOUND ( 'NONE', #1233, .T. ) ;
#507 = CARTESIAN_POINT ( 'NONE',  ( -13.00000000000000000, 127.0000000000000000, 44.00000000000000000 ) ) ;
#508 = LINE ( 'NONE', #1513, #809 ) ;
#509 = CARTESIAN_POINT ( 'NONE',  ( -3.852168512982243609, 46.17574947360939319, -0.8798012994998994918 ) ) ;
#510 = DIRECTION ( 'NONE',  ( 0.000000000000000000, 1.000000000000000000, 0.000000000000000000 ) ) ;
#511 = EDGE_CURVE ( 'NONE', #1581, #950, #49, .T. ) ;
#512 = AXIS2_PLACEMENT_3D ( 'NONE', #382, #914, #294 ) ;
#513 = ORIENTED_EDGE ( 'NONE', *, *, #1224, .T. ) ;
#514 = CARTESIAN_POINT ( 'NONE',  ( 0.000000000000000000, 0.000000000000000000, 0.000000000000000000 ) ) ;
#515 = CYLINDRICAL_SURFACE ( 'NONE', #65, 1.900000000000000577 ) ;
#516 = CARTESIAN_POINT ( 'NONE',  ( -37.59999999999999432, 104.0000000000000000, 4.000000000000003553 ) ) ;
#517 = DIRECTION ( 'NONE',  ( 0.000000000000000000, -1.000000000000000000, 0.000000000000000000 ) ) ;
#518 = AXIS2_PLACEMENT_3D ( 'NONE', #1544, #1562, #418 ) ;
#519 = DIRECTION ( 'NONE',  ( -1.000000000000000000, 0.000000000000000000, 0.000000000000000000 ) ) ;
#520 = VECTOR ( 'NONE', #1241, 1000.000000000000000 ) ;
#521 = EDGE_CURVE ( 'NONE', #1306, #1166, #931, .T. ) ;
#522 = CARTESIAN_POINT ( 'NONE',  ( -13.00000000000000000, 127.0000000000000000, 4.000000000000003553 ) ) ;
#523 = DIRECTION ( 'NONE',  ( 0.000000000000000000, 0.000000000000000000, -1.000000000000000000 ) ) ;
#524 = AXIS2_PLACEMENT_3D ( 'NONE', #167, #1178, #67 ) ;
#525 = DIRECTION ( 'NONE',  ( 0.000000000000000000, 0.000000000000000000, 1.000000000000000000 ) ) ;
#526 = CARTESIAN_POINT ( 'NONE',  ( 1.518009725658947096, 46.17771741071748437, 0.8777313489481728404 ) ) ;
#527 = CYLINDRICAL_SURFACE ( 'NONE', #1518, 1.900000000000000577 ) ;
#528 = CC_DESIGN_APPROVAL ( #1456, ( #1610 ) ) ;
#529 =( NAMED_UNIT ( * ) PLANE_ANGLE_UNIT ( ) SI_UNIT ( $, .RADIAN. ) );
#530 = CARTESIAN_POINT ( 'NONE',  ( -36.00000000000000000, 140.0000000000000000, 0.000000000000000000 ) ) ;
#531 = CARTESIAN_POINT ( 'NONE',  ( -10.50000000000000000, 111.6500000000000057, 4.000000000000003553 ) ) ;
#532 = EDGE_CURVE ( 'NONE', #561, #836, #326, .T. ) ;
#533 = FACE_OUTER_BOUND ( 'NONE', #1338, .T. ) ;
#534 = DIRECTION ( 'NONE',  ( 0.000000000000000000, 1.000000000000000000, 0.000000000000000000 ) ) ;
#535 = CARTESIAN_POINT ( 'NONE',  ( 0.000000000000000000, 72.00000000000000000, -1.750000000000000000 ) ) ;
#536 = EDGE_LOOP ( 'NONE', ( #260, #482, #2, #235 ) ) ;
#537 = CYLINDRICAL_SURFACE ( 'NONE', #1339, 1.599999999999997202 ) ;
#538 = CARTESIAN_POINT ( 'NONE',  ( 44.00000000000000000, 45.50000000000000000, 0.000000000000000000 ) ) ;
#539 = DIRECTION ( 'NONE',  ( 0.000000000000000000, 1.000000000000000000, 0.000000000000000000 ) ) ;
#540 = DIRECTION ( 'NONE',  ( -0.000000000000000000, -0.000000000000000000, 1.000000000000000000 ) ) ;
#541 = EDGE_CURVE ( 'NONE', #1057, #359, #859, .T. ) ;
#542 = VECTOR ( 'NONE', #1113, 1000.000000000000000 ) ;
#543 = CARTESIAN_POINT ( 'NONE',  ( -3.831923360054738659, 46.05553290687922185, 0.9602826596877299670 ) ) ;
#544 = CARTESIAN_POINT ( 'NONE',  ( -23.00000000000000000, 108.0000000000000000, 4.000000000000000000 ) ) ;
#545 = AXIS2_PLACEMENT_3D ( 'NONE', #1285, #168, #579 ) ;
#546 = VERTEX_POINT ( 'NONE', #1452 ) ;
#547 = DIRECTION ( 'NONE',  ( -0.000000000000000000, -0.000000000000000000, -1.000000000000000000 ) ) ;
#548 = CARTESIAN_POINT ( 'NONE',  ( -10.50000000000000000, 132.3499999999999943, 4.000000000000003553 ) ) ;
#549 = ORIENTED_EDGE ( 'NONE', *, *, #1467, .F. ) ;
#550 = LINE ( 'NONE', #1044, #114 ) ;
#551 = CIRCLE ( 'NONE', #740, 1.599999999999997202 ) ;
#552 = CARTESIAN_POINT ( 'NONE',  ( 44.00000000000000000, 45.50000000000000000, -1.100000000000000089 ) ) ;
#553 = CARTESIAN_POINT ( 'NONE',  ( -44.00000000000000000, 144.0000000000000000, 0.000000000000000000 ) ) ;
#554 = ORIENTED_EDGE ( 'NONE', *, *, #1377, .F. ) ;
#555 = CARTESIAN_POINT ( 'NONE',  ( -44.00000000000000000, 144.0000000000000000, 4.000000000000000000 ) ) ;
#556 = EDGE_CURVE ( 'NONE', #1050, #242, #673, .T. ) ;
#557 = AXIS2_PLACEMENT_3D ( 'NONE', #763, #1131, #41 ) ;
#558 = ORIENTED_EDGE ( 'NONE', *, *, #148, .T. ) ;
#559 = CARTESIAN_POINT ( 'NONE',  ( 1.726754365798367052, 44.43730799167676082, 0.2933269844271479965 ) ) ;
#560 = DIRECTION ( 'NONE',  ( 0.000000000000000000, 1.000000000000000000, 0.000000000000000000 ) ) ;
#561 = VERTEX_POINT ( 'NONE', #548 ) ;
#562 = CARTESIAN_POINT ( 'NONE',  ( -10.50000000000000000, 111.6500000000000057, 0.000000000000000000 ) ) ;
#563 = CARTESIAN_POINT ( 'NONE',  ( -36.00000000000000000, 140.0000000000000000, 44.00000000000000000 ) ) ;
#564 = DIRECTION ( 'NONE',  ( -1.000000000000000000, 0.000000000000000000, 0.000000000000000000 ) ) ;
#565 = EDGE_CURVE ( 'NONE', #103, #466, #445, .T. ) ;
#566 = EDGE_CURVE ( 'NONE', #86, #1159, #649, .T. ) ;
#567 = ORIENTED_EDGE ( 'NONE', *, *, #1244, .T. ) ;
#568 = COORDINATED_UNIVERSAL_TIME_OFFSET ( 6, 0, .BEHIND. ) ;
#569 = CYLINDRICAL_SURFACE ( 'NONE', #1298, 1.100000000000000089 ) ;
#570 = ORIENTED_EDGE ( 'NONE', *, *, #904, .T. ) ;
#571 = DIRECTION ( 'NONE',  ( 0.000000000000000000, 1.000000000000000000, 0.000000000000000000 ) ) ;
#572 = CIRCLE ( 'NONE', #512, 1.900000000000000577 ) ;
#573 = CARTESIAN_POINT ( 'NONE',  ( 0.000000000000000000, 47.99999999999999289, 0.000000000000000000 ) ) ;
#574 = VECTOR ( 'NONE', #969, 1000.000000000000000 ) ;
#575 = LINE ( 'NONE', #1587, #402 ) ;
#576 = CARTESIAN_POINT ( 'NONE',  ( 34.00000000000000000, 127.0000000000000000, 0.000000000000000000 ) ) ;
#577 = ORIENTED_EDGE ( 'NONE', *, *, #556, .T. ) ;
#578 = FACE_BOUND ( 'NONE', #374, .T. ) ;
#579 = DIRECTION ( 'NONE',  ( -1.000000000000000000, 0.000000000000000000, 0.000000000000000000 ) ) ;
#580 = AXIS2_PLACEMENT_3D ( 'NONE', #848, #717, #734 ) ;
#581 = ORIENTED_EDGE ( 'NONE', *, *, #282, .F. ) ;
#582 = AXIS2_PLACEMENT_3D ( 'NONE', #785, #499, #645 ) ;
#583 = DIRECTION ( 'NONE',  ( 0.000000000000000000, 1.000000000000000000, 0.000000000000000000 ) ) ;
#584 = DIRECTION ( 'NONE',  ( 0.000000000000000000, 1.000000000000000000, 0.000000000000000000 ) ) ;
#585 = ORIENTED_EDGE ( 'NONE', *, *, #1281, .F. ) ;
#586 = CARTESIAN_POINT ( 'NONE',  ( 0.000000000000000000, 43.00000000000000000, 0.000000000000000000 ) ) ;
#587 = SECURITY_CLASSIFICATION ( '', '', #417 ) ;
#588 = CARTESIAN_POINT ( 'NONE',  ( 31.19999999999999929, 111.6500000000000057, 44.00000000000000000 ) ) ;
#589 = ADVANCED_FACE ( 'NONE', ( #318 ), #569, .F. ) ;
#590 = ORIENTED_EDGE ( 'NONE', *, *, #19, .T. ) ;
#591 = CARTESIAN_POINT ( 'NONE',  ( -3.831778648164175571, 44.94558533333660932, -0.9608412841761332368 ) ) ;
#592 = EDGE_LOOP ( 'NONE', ( #597, #1182, #782, #743 ) ) ;
#593 = DIRECTION ( 'NONE',  ( 0.000000000000000000, 1.000000000000000000, 0.000000000000000000 ) ) ;
#594 = CARTESIAN_POINT ( 'NONE',  ( -10.50000000000000000, 0.000000000000000000, -0.000000000000000000 ) ) ;
#595 = EDGE_CURVE ( 'NONE', #620, #1532, #154, .T. ) ;
#596 = VERTEX_POINT ( 'NONE', #53 ) ;
#597 = ORIENTED_EDGE ( 'NONE', *, *, #1289, .F. ) ;
#598 = AXIS2_PLACEMENT_3D ( 'NONE', #1299, #64, #1291 ) ;
#599 = CARTESIAN_POINT ( 'NONE',  ( -3.793744851726326139, 45.50000000000000000, -1.100000000000000089 ) ) ;
#600 = ORIENTED_EDGE ( 'NONE', *, *, #784, .F. ) ;
#601 = CYLINDRICAL_SURFACE ( 'NONE', #971, 1.899999999999999023 ) ;
#602 = AXIS2_PLACEMENT_3D ( 'NONE', #635, #287, #1028 ) ;
#603 = CARTESIAN_POINT ( 'NONE',  ( -1.465981706633360471, 46.05889381884811229, 0.9581378311852543073 ) ) ;
#604 = EDGE_LOOP ( 'NONE', ( #443, #219 ) ) ;
#605 = VECTOR ( 'NONE', #618, 1000.000000000000000 ) ;
#606 = ORIENTED_EDGE ( 'NONE', *, *, #1169, .T. ) ;
#607 = EDGE_CURVE ( 'NONE', #985, #1346, #804, .T. ) ;
#608 = DIRECTION ( 'NONE',  ( 1.000000000000000000, -0.000000000000000000, 0.000000000000000000 ) ) ;
#609 = ORIENTED_EDGE ( 'NONE', *, *, #1458, .F. ) ;
#610 = CARTESIAN_POINT ( 'NONE',  ( 34.00000000000000000, 127.0000000000000000, 44.00000000000000000 ) ) ;
#611 = VECTOR ( 'NONE', #706, 1000.000000000000000 ) ;
#612 = LINE ( 'NONE', #980, #520 ) ;
#613 = ORIENTED_EDGE ( 'NONE', *, *, #784, .T. ) ;
#614 = EDGE_LOOP ( 'NONE', ( #495, #1476 ) ) ;
#615 = ADVANCED_FACE ( 'NONE', ( #1423 ), #335, .F. ) ;
#616 = CARTESIAN_POINT ( 'NONE',  ( -3.793744851726326583, 45.50000000000000000, 1.100000000000000089 ) ) ;
#617 = EDGE_LOOP ( 'NONE', ( #748, #1563, #1440, #1424 ) ) ;
#618 = DIRECTION ( 'NONE',  ( 0.000000000000000000, 0.000000000000000000, -1.000000000000000000 ) ) ;
#619 = DIRECTION ( 'NONE',  ( -1.000000000000000000, 0.000000000000000000, 0.000000000000000000 ) ) ;
#620 = VERTEX_POINT ( 'NONE', #910 ) ;
#621 = CARTESIAN_POINT ( 'NONE',  ( -11.09999999999999787, 127.0000000000000000, 0.000000000000000000 ) ) ;
#622 = VECTOR ( 'NONE', #272, 1000.000000000000000 ) ;
#623 = EDGE_LOOP ( 'NONE', ( #1193, #977 ) ) ;
#624 = DIRECTION ( 'NONE',  ( -0.000000000000000000, -1.000000000000000000, -0.000000000000000000 ) ) ;
#625 = EDGE_CURVE ( 'NONE', #650, #1206, #919, .T. ) ;
#626 = DIRECTION ( 'NONE',  ( 0.000000000000000000, 0.000000000000000000, 1.000000000000000000 ) ) ;
#627 = CARTESIAN_POINT ( 'NONE',  ( -1.616070488470636723, 44.62440442695525178, -0.6804954446168893778 ) ) ;
#628 = VERTEX_POINT ( 'NONE', #426 ) ;
#629 = CARTESIAN_POINT ( 'NONE',  ( 32.10000000000000142, 117.0000000000000000, 0.000000000000000000 ) ) ;
#630 = FACE_OUTER_BOUND ( 'NONE', #932, .T. ) ;
#631 = CARTESIAN_POINT ( 'NONE',  ( -36.00000000000000000, 104.0000000000000000, 0.000000000000000000 ) ) ;
#632 = EDGE_CURVE ( 'NONE', #1355, #352, #1310, .T. ) ;
#633 = CARTESIAN_POINT ( 'NONE',  ( -3.913033128306676822, 46.46031503185504619, -0.5556472974250182828 ) ) ;
#634 = VECTOR ( 'NONE', #547, 1000.000000000000000 ) ;
#635 = CARTESIAN_POINT ( 'NONE',  ( 34.00000000000000000, 127.0000000000000000, 4.000000000000003553 ) ) ;
#636 = EDGE_CURVE ( 'NONE', #1589, #10, #731, .T. ) ;
#637 = B_SPLINE_CURVE_WITH_KNOTS ( 'NONE', 3,
 ( #169, #1160, #47, #543, #400, #152, #1012, #1536, #1529, #1263, #902, #633, #773, #509, #1397, #887, #894, #906 ),
 .UNSPECIFIED., .F., .F.,
 ( 4, 2, 2, 2, 2, 2, 2, 2, 4 ),
 ( 0.000000000000000000, 0.0004320280829593405058, 0.0008640561659186809032, 0.001296084248878021138, 0.001728112331837361373, 0.002160140414796701824, 0.002592168497756041842, 0.003024196580715381860, 0.003456224663674721878 ),
 .UNSPECIFIED. ) ;
#638 = FACE_BOUND ( 'NONE', #617, .T. ) ;
#639 = APPROVAL_ROLE ( '' ) ;
#640 = PLANE ( 'NONE',  #1329 ) ;
#641 = CARTESIAN_POINT ( 'NONE',  ( -1.361065758881620846, 45.50000000000000000, -1.100000000000000311 ) ) ;
#642 = DIRECTION ( 'NONE',  ( 0.000000000000000000, -0.000000000000000000, 1.000000000000000000 ) ) ;
#643 = ADVANCED_FACE ( 'NONE', ( #436 ), #453, .F. ) ;
#644 = AXIS2_PLACEMENT_3D ( 'NONE', #753, #422, #1557 ) ;
#645 = DIRECTION ( 'NONE',  ( -1.000000000000000000, 0.000000000000000000, 0.000000000000000000 ) ) ;
#646 = CARTESIAN_POINT ( 'NONE',  ( -36.00000000000000000, 140.0000000000000000, 44.00000000000000000 ) ) ;
#647 = CARTESIAN_POINT ( 'NONE',  ( 0.000000000000000000, 72.00000000000000000, 0.000000000000000000 ) ) ;
#648 = CARTESIAN_POINT ( 'NONE',  ( 1.517424172750160061, 46.17643174369358405, -0.8787387289766812604 ) ) ;
#649 = CIRCLE ( 'NONE', #1164, 3.950000000000000178 ) ;
#650 = VERTEX_POINT ( 'NONE', #1071 ) ;
#651 = EDGE_CURVE ( 'NONE', #437, #310, #661, .T. ) ;
#652 = PERSON_AND_ORGANIZATION_ROLE ( 'creator' ) ;
#653 = DIRECTION ( 'NONE',  ( -1.000000000000000000, 0.000000000000000000, 0.000000000000000000 ) ) ;
#654 = AXIS2_PLACEMENT_3D ( 'NONE', #586, #961, #222 ) ;
#655 = DIRECTION ( 'NONE',  ( 0.000000000000000000, 0.000000000000000000, 1.000000000000000000 ) ) ;
#656 = CARTESIAN_POINT ( 'NONE',  ( 1.466957476301570029, 46.06168288072887407, 0.9567060921530626816 ) ) ;
#657 = DIRECTION ( 'NONE',  ( -1.000000000000000000, 0.000000000000000000, 0.000000000000000000 ) ) ;
#658 = PLANE ( 'NONE',  #276 ) ;
#659 = DATE_TIME_ROLE ( 'classification_date' ) ;
#660 = EDGE_CURVE ( 'NONE', #950, #1581, #26, .T. ) ;
#661 = LINE ( 'NONE', #927, #883 ) ;
#662 = CARTESIAN_POINT ( 'NONE',  ( 0.000000000000000000, 47.99999999999999289, 0.000000000000000000 ) ) ;
#663 = ORIENTED_EDGE ( 'NONE', *, *, #148, .F. ) ;
#664 = DIRECTION ( 'NONE',  ( 0.000000000000000000, 0.000000000000000000, -1.000000000000000000 ) ) ;
#665 = DIRECTION ( 'NONE',  ( -0.000000000000000000, -0.000000000000000000, -1.000000000000000000 ) ) ;
#666 = ORIENTED_EDGE ( 'NONE', *, *, #1192, .F. ) ;
#667 = CARTESIAN_POINT ( 'NONE',  ( -23.00000000000000000, 108.0000000000000000, 0.000000000000000000 ) ) ;
#668 = CARTESIAN_POINT ( 'NONE',  ( -10.50000000000000000, 132.3499999999999943, 44.00000000000000000 ) ) ;
#669 = ORIENTED_EDGE ( 'NONE', *, *, #1538, .T. ) ;
#670 = DIRECTION ( 'NONE',  ( 0.000000000000000000, 0.000000000000000000, 1.000000000000000000 ) ) ;
#671 = MANIFOLD_SOLID_BREP ( 'Yaw_positive_retention_crossbolt', #759 ) ;
#672 = CYLINDRICAL_SURFACE ( 'NONE', #447, 1.750000000000000000 ) ;
#673 = CIRCLE ( 'NONE', #598, 1.100000000000000089 ) ;
#674 = CARTESIAN_POINT ( 'NONE',  ( -13.00000000000000000, 117.0000000000000000, 44.00000000000000000 ) ) ;
#675 = ORIENTED_EDGE ( 'NONE', *, *, #1007, .F. ) ;
#676 = DIRECTION ( 'NONE',  ( -1.000000000000000000, 0.000000000000000000, 0.000000000000000000 ) ) ;
#677 = AXIS2_PLACEMENT_3D ( 'NONE', #897, #1270, #889 ) ;
#678 = AXIS2_PLACEMENT_3D ( 'NONE', #1303, #912, #190 ) ;
#679 = ORIENTED_EDGE ( 'NONE', *, *, #1121, .F. ) ;
#680 = DIRECTION ( 'NONE',  ( -0.000000000000000000, -1.000000000000000000, -0.000000000000000000 ) ) ;
#681 = DIRECTION ( 'NONE',  ( -1.000000000000000000, 0.000000000000000000, 0.000000000000000000 ) ) ;
#682 = VERTEX_POINT ( 'NONE', #796 ) ;
#683 = FACE_BOUND ( 'NONE', #728, .T. ) ;
#684 = VECTOR ( 'NONE', #929, 1000.000000000000000 ) ;
#685 = EDGE_CURVE ( 'NONE', #1493, #1589, #174, .T. ) ;
#686 = DIRECTION ( 'NONE',  ( 0.000000000000000000, 0.000000000000000000, -1.000000000000000000 ) ) ;
#687 = EDGE_CURVE ( 'NONE', #1358, #466, #715, .T. ) ;
#688 = CYLINDRICAL_SURFACE ( 'NONE', #714, 1.900000000000000577 ) ;
#689 = ORIENTED_EDGE ( 'NONE', *, *, #228, .T. ) ;
#690 = AXIS2_PLACEMENT_3D ( 'NONE', #1419, #40, #564 ) ;
#691 = ORIENTED_EDGE ( 'NONE', *, *, #1391, .F. ) ;
#692 = CARTESIAN_POINT ( 'NONE',  ( 1.361065758881612631, 45.34998728912180610, 1.099999999999999867 ) ) ;
#693 = CARTESIAN_POINT ( 'NONE',  ( 7.347880794884119736E-16, 72.00000000000001421, 6.000000000000000000 ) ) ;
#694 = ORIENTED_EDGE ( 'NONE', *, *, #775, .F. ) ;
#695 = DIRECTION ( 'NONE',  ( -1.000000000000000000, -0.000000000000000000, -0.000000000000000000 ) ) ;
#696 = CYLINDRICAL_SURFACE ( 'NONE', #267, 1.599999999999997202 ) ;
#697 = ORIENTED_EDGE ( 'NONE', *, *, #1391, .T. ) ;
#698 = CALENDAR_DATE ( 2026, 7, 9 ) ;
#699 = CARTESIAN_POINT ( 'NONE',  ( 0.000000000000000000, 132.3499999999999943, 4.000000000000000000 ) ) ;
#700 = CARTESIAN_POINT ( 'NONE',  ( -23.00000000000000000, 77.00000000000000000, 4.000000000000000000 ) ) ;
#701 = ORIENTED_EDGE ( 'NONE', *, *, #965, .T. ) ;
#702 = FACE_BOUND ( 'NONE', #1445, .T. ) ;
#703 = FACE_OUTER_BOUND ( 'NONE', #1145, .T. ) ;
#704 = VERTEX_POINT ( 'NONE', #840 ) ;
#705 = VERTEX_POINT ( 'NONE', #220 ) ;
#706 = DIRECTION ( 'NONE',  ( 0.000000000000000000, -1.000000000000000000, 0.000000000000000000 ) ) ;
#707 = ADVANCED_FACE ( 'NONE', ( #846 ), #1102, .T. ) ;
#708 = PLANE ( 'NONE',  #1484 ) ;
#709 = ORIENTED_EDGE ( 'NONE', *, *, #1407, .F. ) ;
#710 = DIRECTION ( 'NONE',  ( 0.000000000000000000, 0.000000000000000000, -1.000000000000000000 ) ) ;
#711 = LINE ( 'NONE', #930, #109 ) ;
#712 = CIRCLE ( 'NONE', #377, 1.100000000000000089 ) ;
#713 = ORIENTED_EDGE ( 'NONE', *, *, #1478, .F. ) ;
#714 = AXIS2_PLACEMENT_3D ( 'NONE', #674, #664, #1171 ) ;
#715 = LINE ( 'NONE', #1492, #779 ) ;
#716 = ORIENTED_EDGE ( 'NONE', *, *, #413, .T. ) ;
#717 = DIRECTION ( 'NONE',  ( 0.000000000000000000, -1.000000000000000000, 0.000000000000000000 ) ) ;
#718 = EDGE_CURVE ( 'NONE', #244, #490, #724, .T. ) ;
#719 = CIRCLE ( 'NONE', #68, 44.00000000000000000 ) ;
#720 = CARTESIAN_POINT ( 'NONE',  ( 31.19999999999999929, 111.6500000000000057, 44.00000000000000000 ) ) ;
#721 = ORIENTED_EDGE ( 'NONE', *, *, #949, .T. ) ;
#722 = PRODUCT ( 'ARM-002_Yaw_platform_and_shoulder_mount', 'ARM-002_Yaw_platform_and_shoulder_mount', '', ( #871 ) ) ;
#723 = ORIENTED_EDGE ( 'NONE', *, *, #332, .F. ) ;
#724 = LINE ( 'NONE', #465, #487 ) ;
#725 = VERTEX_POINT ( 'NONE', #1340 ) ;
#726 = LINE ( 'NONE', #467, #245 ) ;
#727 = DIRECTION ( 'NONE',  ( 0.000000000000000000, 0.000000000000000000, -1.000000000000000000 ) ) ;
#728 = EDGE_LOOP ( 'NONE', ( #1515, #365 ) ) ;
#729 = ADVANCED_FACE ( 'NONE', ( #1220 ), #1212, .F. ) ;
#730 = ORIENTED_EDGE ( 'NONE', *, *, #1362, .F. ) ;
#731 = CIRCLE ( 'NONE', #367, 6.000000000000000000 ) ;
#732 = FACE_OUTER_BOUND ( 'NONE', #983, .T. ) ;
#733 = ORIENTED_EDGE ( 'NONE', *, *, #856, .F. ) ;
#734 = DIRECTION ( 'NONE',  ( 0.000000000000000000, -0.000000000000000000, -1.000000000000000000 ) ) ;
#735 = AXIS2_PLACEMENT_3D ( 'NONE', #1426, #313, #217 ) ;
#736 = CARTESIAN_POINT ( 'NONE',  ( -44.00000000000000000, 76.00000000000000000, 4.000000000000000000 ) ) ;
#737 = CC_DESIGN_PERSON_AND_ORGANIZATION_ASSIGNMENT ( #1031, #433, ( #587 ) ) ;
#738 = EDGE_LOOP ( 'NONE', ( #1174, #221, #1556, #663 ) ) ;
#739 = EDGE_CURVE ( 'NONE', #828, #797, #88, .T. ) ;
#740 = AXIS2_PLACEMENT_3D ( 'NONE', #1446, #329, #1583 ) ;
#741 = ORIENTED_EDGE ( 'NONE', *, *, #1400, .T. ) ;
#742 = CARTESIAN_POINT ( 'NONE',  ( -3.892975940227386911, 44.62106925054208517, 0.6766323317350303457 ) ) ;
#743 = ORIENTED_EDGE ( 'NONE', *, *, #463, .F. ) ;
#744 = LINE ( 'NONE', #1607, #9 ) ;
#745 = DIRECTION ( 'NONE',  ( 1.000000000000000000, 0.000000000000000000, 0.000000000000000000 ) ) ;
#746 = EDGE_LOOP ( 'NONE', ( #302, #195 ) ) ;
#747 = FACE_BOUND ( 'NONE', #614, .T. ) ;
#748 = ORIENTED_EDGE ( 'NONE', *, *, #1099, .T. ) ;
#749 = DATE_AND_TIME ( #1368, #1317 ) ;
#750 = CARTESIAN_POINT ( 'NONE',  ( -1.517967581411531208, 46.17758124387187024, -0.8777322444836271886 ) ) ;
#751 = VERTEX_POINT ( 'NONE', #1482 ) ;
#752 = EDGE_CURVE ( 'NONE', #200, #244, #155, .T. ) ;
#753 = CARTESIAN_POINT ( 'NONE',  ( 0.000000000000000000, 43.00000000000000000, 0.000000000000000000 ) ) ;
#754 = CIRCLE ( 'NONE', #442, 1.599999999999997202 ) ;
#755 = CARTESIAN_POINT ( 'NONE',  ( 2.143131898507867804E-16, 43.00000000000000000, 1.750000000000000000 ) ) ;
#756 = DIRECTION ( 'NONE',  ( -0.000000000000000000, -1.000000000000000000, -0.000000000000000000 ) ) ;
#757 = EDGE_CURVE ( 'NONE', #336, #1081, #351, .T. ) ;
#758 = CARTESIAN_POINT ( 'NONE',  ( -44.00000000000000000, 76.00000000000000000, 4.000000000000000000 ) ) ;
#759 = CLOSED_SHELL ( 'NONE', ( #838, #1592, #615, #1090, #107, #643, #1585, #1243, #707, #1304, #1429, #172, #472, #156, #941, #1435, #258, #361, #807, #81, #1265, #1017, #177, #251, #1271, #415, #1382, #211, #1301, #792, #1049, #279, #274, #1613, #373, #1261, #1037, #239, #1203, #875, #729, #1530, #1410, #589, #34 ) ) ;
#760 = CARTESIAN_POINT ( 'NONE',  ( -1.750174480205819894, 44.39972241755664584, 0.1466294862917770225 ) ) ;
#761 = CIRCLE ( 'NONE', #1577, 44.00000000000000000 ) ;
#762 = EDGE_LOOP ( 'NONE', ( #1068, #924, #298, #733 ) ) ;
#763 = CARTESIAN_POINT ( 'NONE',  ( 0.000000000000000000, 72.00000000000000000, 0.000000000000000000 ) ) ;
#764 = CARTESIAN_POINT ( 'NONE',  ( 0.000000000000000000, 77.00000000000000000, 0.000000000000000000 ) ) ;
#765 = EDGE_CURVE ( 'NONE', #1346, #349, #1196, .T. ) ;
#766 = CARTESIAN_POINT ( 'NONE',  ( 1.750174480205820782, 46.60027758244333285, 0.1466294862917772168 ) ) ;
#767 = VECTOR ( 'NONE', #1070, 1000.000000000000000 ) ;
#768 = DIRECTION ( 'NONE',  ( 0.000000000000000000, 0.000000000000000000, 1.000000000000000000 ) ) ;
#769 = VECTOR ( 'NONE', #229, 1000.000000000000000 ) ;
#770 = PERSON_AND_ORGANIZATION ( #1144, #166 ) ;
#771 = CARTESIAN_POINT ( 'NONE',  ( -16.00000000000000000, 77.00000000000000000, -8.000000000000000000 ) ) ;
#772 = LINE ( 'NONE', #1403, #1516 ) ;
#773 = CARTESIAN_POINT ( 'NONE',  ( -3.893023606447264751, 46.37924279867803534, -0.6764760000605234413 ) ) ;
#774 = CARTESIAN_POINT ( 'NONE',  ( 0.000000000000000000, 70.00000000000000000, -6.000000000000000000 ) ) ;
#775 = EDGE_CURVE ( 'NONE', #242, #1188, #489, .T. ) ;
#776 = VECTOR ( 'NONE', #1245, 1000.000000000000000 ) ;
#777 =( NAMED_UNIT ( * ) SI_UNIT ( $, .STERADIAN. ) SOLID_ANGLE_UNIT ( ) );
#778 = LINE ( 'NONE', #384, #92 ) ;
#779 = VECTOR ( 'NONE', #1468, 1000.000000000000000 ) ;
#780 = DIRECTION ( 'NONE',  ( -0.000000000000000000, -1.000000000000000000, -0.000000000000000000 ) ) ;
#781 = CARTESIAN_POINT ( 'NONE',  ( 32.10000000000000142, 127.0000000000000000, 0.000000000000000000 ) ) ;
#782 = ORIENTED_EDGE ( 'NONE', *, *, #332, .T. ) ;
#783 = AXIS2_PLACEMENT_3D ( 'NONE', #162, #1255, #768 ) ;
#784 = EDGE_CURVE ( 'NONE', #480, #349, #852, .T. ) ;
#785 = CARTESIAN_POINT ( 'NONE',  ( 34.00000000000000000, 127.0000000000000000, 4.000000000000003553 ) ) ;
#786 = CIRCLE ( 'NONE', #990, 6.000000000000000000 ) ;
#787 = CARTESIAN_POINT ( 'NONE',  ( 0.000000000000000000, 43.00000000000000000, 0.000000000000000000 ) ) ;
#788 = CARTESIAN_POINT ( 'NONE',  ( -1.465971205565282931, 44.94112555789574515, -0.9581545523665193631 ) ) ;
#789 = DIRECTION ( 'NONE',  ( -1.000000000000000000, 0.000000000000000000, 0.000000000000000000 ) ) ;
#790 = FACE_OUTER_BOUND ( 'NONE', #113, .T. ) ;
#791 = LINE ( 'NONE', #170, #284 ) ;
#792 = ADVANCED_FACE ( 'NONE', ( #732 ), #708, .T. ) ;
#793 = ORIENTED_EDGE ( 'NONE', *, *, #1169, .F. ) ;
#794 = DATE_AND_TIME ( #698, #330 ) ;
#795 = FACE_OUTER_BOUND ( 'NONE', #839, .T. ) ;
#796 = CARTESIAN_POINT ( 'NONE',  ( 43.00000000000000000, 144.0000000000000000, 4.000000000000000000 ) ) ;
#797 = VERTEX_POINT ( 'NONE', #1080 ) ;
#798 = CARTESIAN_POINT ( 'NONE',  ( -1.361065758881619958, 45.50000000000000000, 1.100000000000000089 ) ) ;
#799 = CARTESIAN_POINT ( 'NONE',  ( -37.59999999999999432, 104.0000000000000000, 44.00000000000000000 ) ) ;
#800 = CYLINDRICAL_SURFACE ( 'NONE', #1194, 1.100000000000000089 ) ;
#801 = ORIENTED_EDGE ( 'NONE', *, *, #541, .T. ) ;
#802 = VECTOR ( 'NONE', #214, 1000.000000000000000 ) ;
#803 = CARTESIAN_POINT ( 'NONE',  ( 0.000000000000000000, 72.00000000000001421, -6.000000000000000000 ) ) ;
#804 = LINE ( 'NONE', #936, #1596 ) ;
#805 = EDGE_LOOP ( 'NONE', ( #1393, #1226 ) ) ;
#806 = DIRECTION ( 'NONE',  ( -0.000000000000000000, -0.000000000000000000, 1.000000000000000000 ) ) ;
#807 = ADVANCED_FACE ( 'NONE', ( #1588, #952 ), #1460, .F. ) ;
#808 = LINE ( 'NONE', #1209, #1141 ) ;
#809 = VECTOR ( 'NONE', #1283, 1000.000000000000000 ) ;
#810 = VECTOR ( 'NONE', #304, 1000.000000000000000 ) ;
#811 = VERTEX_POINT ( 'NONE', #134 ) ;
#812 = CARTESIAN_POINT ( 'NONE',  ( 1.517967581411532318, 44.82241875612813686, -0.8777322444836269666 ) ) ;
#813 = DIRECTION ( 'NONE',  ( 0.000000000000000000, 0.000000000000000000, 1.000000000000000000 ) ) ;
#814 = ORIENTED_EDGE ( 'NONE', *, *, #1582, .F. ) ;
#815 = CARTESIAN_POINT ( 'NONE',  ( -13.00000000000000000, 127.0000000000000000, 0.000000000000000000 ) ) ;
#816 = AXIS2_PLACEMENT_3D ( 'NONE', #815, #806, #1417 ) ;
#817 = CARTESIAN_POINT ( 'NONE',  ( 3.000000000000002665, 45.50000000000000000, 1.100000000000000089 ) ) ;
#818 = EDGE_CURVE ( 'NONE', #828, #705, #572, .T. ) ;
#819 = CYLINDRICAL_SURFACE ( 'NONE', #690, 1.899999999999999023 ) ;
#820 = ORIENTED_EDGE ( 'NONE', *, *, #503, .F. ) ;
#821 = AXIS2_PLACEMENT_3D ( 'NONE', #522, #262, #1526 ) ;
#822 = ORIENTED_EDGE ( 'NONE', *, *, #775, .T. ) ;
#823 = CARTESIAN_POINT ( 'NONE',  ( 1.616067860719645921, 44.62446239699169581, -0.6804146829483237457 ) ) ;
#824 = CARTESIAN_POINT ( 'NONE',  ( -36.00000000000000000, 140.0000000000000000, 4.000000000000003553 ) ) ;
#825 = ORIENTED_EDGE ( 'NONE', *, *, #58, .T. ) ;
#826 = DIRECTION ( 'NONE',  ( 0.000000000000000000, 0.000000000000000000, -1.000000000000000000 ) ) ;
#827 = FACE_OUTER_BOUND ( 'NONE', #120, .T. ) ;
#828 = VERTEX_POINT ( 'NONE', #1549 ) ;
#829 = EDGE_CURVE ( 'NONE', #682, #171, #60, .T. ) ;
#830 = ORIENTED_EDGE ( 'NONE', *, *, #1559, .F. ) ;
#831 = CARTESIAN_POINT ( 'NONE',  ( 1.615699261574590206, 44.62514169107521411, 0.6812614076481781078 ) ) ;
#832 = CARTESIAN_POINT ( 'NONE',  ( 34.00000000000000000, 117.0000000000000000, 44.00000000000000000 ) ) ;
#833 = ORIENTED_EDGE ( 'NONE', *, *, #739, .T. ) ;
#834 = LINE ( 'NONE', #1477, #1262 ) ;
#835 = DIRECTION ( 'NONE',  ( 0.000000000000000000, 1.000000000000000000, 0.000000000000000000 ) ) ;
#836 = VERTEX_POINT ( 'NONE', #876 ) ;
#837 = VECTOR ( 'NONE', #1026, 1000.000000000000000 ) ;
#838 = ADVANCED_FACE ( 'NONE', ( #305 ), #800, .F. ) ;
#839 = EDGE_LOOP ( 'NONE', ( #850, #328, #427, #820 ) ) ;
#840 = CARTESIAN_POINT ( 'NONE',  ( -34.39999999999999858, 104.0000000000000000, 0.000000000000000000 ) ) ;
#841 = ORIENTED_EDGE ( 'NONE', *, *, #1129, .T. ) ;
#842 = DIRECTION ( 'NONE',  ( -1.000000000000000000, 0.000000000000000000, 0.000000000000000000 ) ) ;
#843 = FACE_OUTER_BOUND ( 'NONE', #1296, .T. ) ;
#844 = VERTEX_POINT ( 'NONE', #621 ) ;
#845 = VECTOR ( 'NONE', #680, 1000.000000000000000 ) ;
#846 = FACE_OUTER_BOUND ( 'NONE', #1242, .T. ) ;
#847 = VERTEX_POINT ( 'NONE', #629 ) ;
#848 = CARTESIAN_POINT ( 'NONE',  ( -23.00000000000000000, 108.0000000000000000, 4.000000000000000000 ) ) ;
#849 = PLANE ( 'NONE',  #241 ) ;
#850 = ORIENTED_EDGE ( 'NONE', *, *, #1535, .F. ) ;
#851 = ORIENTED_EDGE ( 'NONE', *, *, #91, .F. ) ;
#852 = LINE ( 'NONE', #234, #312 ) ;
#853 = ORIENTED_EDGE ( 'NONE', *, *, #1281, .T. ) ;
#854 = LINE ( 'NONE', #1595, #498 ) ;
#855 = CARTESIAN_POINT ( 'NONE',  ( -1.726754365798366830, 46.56269200832324628, 0.2933269844271476079 ) ) ;
#856 = EDGE_CURVE ( 'NONE', #1206, #1358, #1173, .T. ) ;
#857 = CIRCLE ( 'NONE', #1059, 1.899999999999999023 ) ;
#858 = VERTEX_POINT ( 'NONE', #1161 ) ;
#859 = CIRCLE ( 'NONE', #265, 1.900000000000000577 ) ;
#860 = VERTEX_POINT ( 'NONE', #1124 ) ;
#861 = VECTOR ( 'NONE', #1197, 1000.000000000000000 ) ;
#862 = DIRECTION ( 'NONE',  ( 0.000000000000000000, 0.000000000000000000, 1.000000000000000000 ) ) ;
#863 = ORIENTED_EDGE ( 'NONE', *, *, #191, .T. ) ;
#864 = DIRECTION ( 'NONE',  ( 0.000000000000000000, 0.000000000000000000, -1.000000000000000000 ) ) ;
#865 = CIRCLE ( 'NONE', #55, 1.899999999999999023 ) ;
#866 = CARTESIAN_POINT ( 'NONE',  ( -44.00000000000000000, 144.0000000000000000, 4.000000000000000000 ) ) ;
#867 = ORIENTED_EDGE ( 'NONE', *, *, #565, .T. ) ;
#868 = ORIENTED_EDGE ( 'NONE', *, *, #1364, .F. ) ;
#869 = CARTESIAN_POINT ( 'NONE',  ( -3.950006845407031619, 44.39997541876533660, 0.1448446591956913110 ) ) ;
#870 = ORIENTED_EDGE ( 'NONE', *, *, #1099, .F. ) ;
#871 = MECHANICAL_CONTEXT ( 'NONE', #1399, 'mechanical' ) ;
#872 = CARTESIAN_POINT ( 'NONE',  ( -1.745058591865601416, 46.59218274743484756, 0.1499728993948259426 ) ) ;
#873 = ORIENTED_EDGE ( 'NONE', *, *, #1181, .F. ) ;
#874 = CC_DESIGN_DATE_AND_TIME_ASSIGNMENT ( #1402, #659, ( #587 ) ) ;
#875 = ADVANCED_FACE ( 'NONE', ( #1116 ), #3, .F. ) ;
#876 = CARTESIAN_POINT ( 'NONE',  ( -10.50000000000000000, 132.3499999999999943, 0.000000000000000000 ) ) ;
#877 = DIRECTION ( 'NONE',  ( -0.000000000000000000, -0.000000000000000000, 1.000000000000000000 ) ) ;
#878 = DIRECTION ( 'NONE',  ( 0.000000000000000000, 0.000000000000000000, -1.000000000000000000 ) ) ;
#879 = CARTESIAN_POINT ( 'NONE',  ( -13.00000000000000000, 117.0000000000000000, 4.000000000000003553 ) ) ;
#880 = DIRECTION ( 'NONE',  ( -1.000000000000000000, 0.000000000000000000, 0.000000000000000000 ) ) ;
#881 = EDGE_CURVE ( 'NONE', #966, #437, #857, .T. ) ;
#882 = PLANE ( 'NONE',  #913 ) ;
#883 = VECTOR ( 'NONE', #301, 1000.000000000000000 ) ;
#884 = FACE_OUTER_BOUND ( 'NONE', #1332, .T. ) ;
#885 = DIRECTION ( 'NONE',  ( 1.000000000000000000, 0.000000000000000000, 0.000000000000000000 ) ) ;
#886 = CIRCLE ( 'NONE', #1091, 1.899999999999999023 ) ;
#887 = CARTESIAN_POINT ( 'NONE',  ( -3.802465212182941201, 45.78917911440021982, -1.070984320101324938 ) ) ;
#888 = AXIS2_PLACEMENT_3D ( 'NONE', #720, #355, #626 ) ;
#889 = DIRECTION ( 'NONE',  ( 0.000000000000000000, 0.000000000000000000, 1.000000000000000000 ) ) ;
#890 = AXIS2_PLACEMENT_3D ( 'NONE', #879, #146, #392 ) ;
#891 = CARTESIAN_POINT ( 'NONE',  ( -14.90000000000000036, 117.0000000000000000, 4.000000000000003553 ) ) ;
#892 = CARTESIAN_POINT ( 'NONE',  ( 34.00000000000000000, 127.0000000000000000, 44.00000000000000000 ) ) ;
#893 = ORIENTED_EDGE ( 'NONE', *, *, #532, .F. ) ;
#894 = CARTESIAN_POINT ( 'NONE',  ( -3.793744851726327472, 45.64402466021311255, -1.100000000000000533 ) ) ;
#895 = EDGE_CURVE ( 'NONE', #352, #1248, #127, .T. ) ;
#896 = AXIS2_PLACEMENT_3D ( 'NONE', #1126, #756, #1009 ) ;
#897 = CARTESIAN_POINT ( 'NONE',  ( 0.000000000000000000, 43.00000000000000000, 0.000000000000000000 ) ) ;
#898 = AXIS2_PLACEMENT_3D ( 'NONE', #514, #378, #5 ) ;
#899 = DATE_AND_TIME ( #277, #505 ) ;
#900 = DIRECTION ( 'NONE',  ( 0.000000000000000000, 1.000000000000000000, 0.000000000000000000 ) ) ;
#901 = DIRECTION ( 'NONE',  ( 0.000000000000000000, 1.000000000000000000, 0.000000000000000000 ) ) ;
#902 = CARTESIAN_POINT ( 'NONE',  ( -3.941756406038502636, 46.57136373922529060, -0.2883203388866367178 ) ) ;
#903 = VERTEX_POINT ( 'NONE', #1295 ) ;
#904 = EDGE_CURVE ( 'NONE', #103, #1323, #1256, .T. ) ;
#905 = ORIENTED_EDGE ( 'NONE', *, *, #1497, .T. ) ;
#906 = CARTESIAN_POINT ( 'NONE',  ( -3.793744851726326139, 45.50000000000000000, -1.100000000000000089 ) ) ;
#907 = CARTESIAN_POINT ( 'NONE',  ( 34.00000000000000000, 117.0000000000000000, 0.000000000000000000 ) ) ;
#908 = DIRECTION ( 'NONE',  ( 0.000000000000000000, -0.000000000000000000, 1.000000000000000000 ) ) ;
#909 = CARTESIAN_POINT ( 'NONE',  ( 31.19999999999999929, 0.000000000000000000, -0.000000000000000000 ) ) ;
#910 = CARTESIAN_POINT ( 'NONE',  ( -34.39999999999999858, 140.0000000000000000, 4.000000000000003553 ) ) ;
#911 = CARTESIAN_POINT ( 'NONE',  ( -44.00000000000000000, 76.00000000000000000, 4.000000000000000000 ) ) ;
#912 = DIRECTION ( 'NONE',  ( 0.000000000000000000, 1.000000000000000000, 0.000000000000000000 ) ) ;
#913 = AXIS2_PLACEMENT_3D ( 'NONE', #1000, #1379, #268 ) ;
#914 = DIRECTION ( 'NONE',  ( -0.000000000000000000, -0.000000000000000000, 1.000000000000000000 ) ) ;
#915 = APPROVAL ( #1394, 'UNSPECIFIED' ) ;
#916 = EDGE_CURVE ( 'NONE', #232, #1108, #496, .T. ) ;
#917 = ORIENTED_EDGE ( 'NONE', *, *, #1224, .F. ) ;
#918 = CARTESIAN_POINT ( 'NONE',  ( 1.517669449218297606, 44.82308529789002449, 0.8782258549558219496 ) ) ;
#919 = LINE ( 'NONE', #1326, #1431 ) ;
#920 = EDGE_LOOP ( 'NONE', ( #215, #101 ) ) ;
#921 = DIRECTION ( 'NONE',  ( -0.000000000000000000, -1.000000000000000000, -0.000000000000000000 ) ) ;
#922 = DIRECTION ( 'NONE',  ( 0.000000000000000000, 1.000000000000000000, 0.000000000000000000 ) ) ;
#923 = ORIENTED_EDGE ( 'NONE', *, *, #881, .F. ) ;
#924 = ORIENTED_EDGE ( 'NONE', *, *, #979, .T. ) ;
#925 = COORDINATED_UNIVERSAL_TIME_OFFSET ( 6, 0, .BEHIND. ) ;
#926 = EDGE_CURVE ( 'NONE', #200, #1323, #791, .T. ) ;
#927 = CARTESIAN_POINT ( 'NONE',  ( 35.89999999999999858, 117.0000000000000000, 44.00000000000000000 ) ) ;
#928 = ORIENTED_EDGE ( 'NONE', *, *, #949, .F. ) ;
#929 = DIRECTION ( 'NONE',  ( 0.000000000000000000, 0.000000000000000000, -1.000000000000000000 ) ) ;
#930 = CARTESIAN_POINT ( 'NONE',  ( 0.000000000000000000, 111.6500000000000057, 4.000000000000000000 ) ) ;
#931 = CIRCLE ( 'NONE', #237, 1.899999999999999023 ) ;
#932 = EDGE_LOOP ( 'NONE', ( #363, #1213, #1416, #723 ) ) ;
#933 = AXIS2_PLACEMENT_3D ( 'NONE', #1436, #835, #338 ) ;
#934 = VERTEX_POINT ( 'NONE', #253 ) ;
#935 = DIRECTION ( 'NONE',  ( 0.000000000000000000, 0.000000000000000000, -1.000000000000000000 ) ) ;
#936 = CARTESIAN_POINT ( 'NONE',  ( 44.00000000000000000, 45.50000000000000000, -1.100000000000000089 ) ) ;
#937 = EDGE_LOOP ( 'NONE', ( #1345, #1586, #570, #1103, #227, #62, #1412, #741 ) ) ;
#938 = DIRECTION ( 'NONE',  ( 0.000000000000000000, -1.000000000000000000, 0.000000000000000000 ) ) ;
#939 = AXIS2_PLACEMENT_3D ( 'NONE', #1405, #408, #1269 ) ;
#940 = LINE ( 'NONE', #588, #1466 ) ;
#941 = ADVANCED_FACE ( 'NONE', ( #1039, #431, #747, #991, #13, #506, #638, #1500 ), #882, .T. ) ;
#942 = EDGE_LOOP ( 'NONE', ( #716, #951, #1609 ) ) ;
#943 = ORIENTED_EDGE ( 'NONE', *, *, #381, .F. ) ;
#944 = LINE ( 'NONE', #425, #1524 ) ;
#945 = DIRECTION ( 'NONE',  ( -1.000000000000000000, 0.000000000000000000, 0.000000000000000000 ) ) ;
#946 = EDGE_LOOP ( 'NONE', ( #1324, #868, #225, #96 ) ) ;
#947 = PLANE ( 'NONE',  #524 ) ;
#948 = DIRECTION ( 'NONE',  ( -0.000000000000000000, -1.000000000000000000, -0.000000000000000000 ) ) ;
#949 = EDGE_CURVE ( 'NONE', #240, #457, #1101, .T. ) ;
#950 = VERTEX_POINT ( 'NONE', #535 ) ;
#951 = ORIENTED_EDGE ( 'NONE', *, *, #752, .T. ) ;
#952 = FACE_BOUND ( 'NONE', #395, .T. ) ;
#953 = EDGE_LOOP ( 'NONE', ( #1448, #1058, #175, #609 ) ) ;
#954 = CARTESIAN_POINT ( 'NONE',  ( 0.000000000000000000, 77.00000000000000000, 0.000000000000000000 ) ) ;
#955 = CARTESIAN_POINT ( 'NONE',  ( -11.09999999999999787, 127.0000000000000000, 44.00000000000000000 ) ) ;
#956 = VECTOR ( 'NONE', #186, 1000.000000000000000 ) ;
#957 = VERTEX_POINT ( 'NONE', #1029 ) ;
#958 = CIRCLE ( 'NONE', #545, 1.599999999999997202 ) ;
#959 = CARTESIAN_POINT ( 'NONE',  ( -3.793744851726326583, 45.35601499202682874, -1.100000000000000089 ) ) ;
#960 = ORIENTED_EDGE ( 'NONE', *, *, #231, .T. ) ;
#961 = DIRECTION ( 'NONE',  ( 0.000000000000000000, 1.000000000000000000, 0.000000000000000000 ) ) ;
#962 = CARTESIAN_POINT ( 'NONE',  ( 3.000000000000000000, 47.99999999999999289, -2.569533031505919496 ) ) ;
#963 = CIRCLE ( 'NONE', #1411, 3.950000000000000178 ) ;
#964 = VERTEX_POINT ( 'NONE', #1540 ) ;
#965 = EDGE_CURVE ( 'NONE', #1108, #1323, #1259, .T. ) ;
#966 = VERTEX_POINT ( 'NONE', #1503 ) ;
#967 = AXIS2_PLACEMENT_3D ( 'NONE', #1566, #534, #908 ) ;
#968 = EDGE_CURVE ( 'NONE', #546, #171, #778, .T. ) ;
#969 = DIRECTION ( 'NONE',  ( -0.000000000000000000, -1.000000000000000000, -0.000000000000000000 ) ) ;
#970 = VERTEX_POINT ( 'NONE', #771 ) ;
#971 = AXIS2_PLACEMENT_3D ( 'NONE', #610, #864, #1229 ) ;
#972 = CARTESIAN_POINT ( 'NONE',  ( 44.00000000000000000, 45.50000000000000000, 0.000000000000000000 ) ) ;
#973 = CARTESIAN_POINT ( 'NONE',  ( -1.517669449218296940, 46.17691470210998261, 0.8782258549558219496 ) ) ;
#974 = ORIENTED_EDGE ( 'NONE', *, *, #463, .T. ) ;
#975 = ORIENTED_EDGE ( 'NONE', *, *, #1508, .T. ) ;
#976 = DIRECTION ( 'NONE',  ( 0.000000000000000000, 0.000000000000000000, -1.000000000000000000 ) ) ;
#977 = ORIENTED_EDGE ( 'NONE', *, *, #511, .F. ) ;
#978 = DIRECTION ( 'NONE',  ( -1.000000000000000000, 0.000000000000000000, 0.000000000000000000 ) ) ;
#979 = EDGE_CURVE ( 'NONE', #650, #208, #270, .T. ) ;
#980 = CARTESIAN_POINT ( 'NONE',  ( 0.000000000000000000, 72.00000000000000000, -1.750000000000000000 ) ) ;
#981 = VECTOR ( 'NONE', #1048, 1000.000000000000000 ) ;
#982 = ORIENTED_EDGE ( 'NONE', *, *, #491, .F. ) ;
#983 = EDGE_LOOP ( 'NONE', ( #1453, #348, #1072, #893 ) ) ;
#984 = DIRECTION ( 'NONE',  ( -1.000000000000000000, 0.000000000000000000, 0.000000000000000000 ) ) ;
#985 = VERTEX_POINT ( 'NONE', #1534 ) ;
#986 = CARTESIAN_POINT ( 'NONE',  ( -36.00000000000000000, 140.0000000000000000, 4.000000000000003553 ) ) ;
#987 = LINE ( 'NONE', #362, #1115 ) ;
#988 = ORIENTED_EDGE ( 'NONE', *, *, #1600, .T. ) ;
#989 = EDGE_CURVE ( 'NONE', #1493, #860, #502, .T. ) ;
#990 = AXIS2_PLACEMENT_3D ( 'NONE', #1545, #539, #670 ) ;
#991 = FACE_BOUND ( 'NONE', #451, .T. ) ;
#992 = CIRCLE ( 'NONE', #477, 44.00000000000000000 ) ;
#993 = PERSON_AND_ORGANIZATION_ROLE ( 'creator' ) ;
#994 = DIRECTION ( 'NONE',  ( -0.000000000000000000, -1.000000000000000000, -0.000000000000000000 ) ) ;
#995 = DIRECTION ( 'NONE',  ( 0.000000000000000000, 0.000000000000000000, -1.000000000000000000 ) ) ;
#996 = DIRECTION ( 'NONE',  ( 0.000000000000000000, -0.000000000000000000, -1.000000000000000000 ) ) ;
#997 = EDGE_LOOP ( 'NONE', ( #424, #1491, #833, #372 ) ) ;
#998 = EDGE_CURVE ( 'NONE', #1619, #858, #354, .T. ) ;
#999 = B_SPLINE_CURVE_WITH_KNOTS ( 'NONE', 3,
 ( #63, #692, #1163, #52, #918, #831, #1422, #1325, #559, #1051, #1561, #434, #1430, #317, #823, #812, #1186, #74, #1571, #1236 ),
 .UNSPECIFIED., .F., .F.,
 ( 4, 2, 2, 2, 2, 2, 2, 2, 2, 4 ),
 ( 2.168404344971008868E-19, 0.0004422112260696186171, 0.0008844224521392370173, 0.001326633678208855418, 0.001547739291243664618, 0.001768844904278473818, 0.002211056130348092001, 0.002653267356417710401, 0.003095478582487328802, 0.003537689808556947202 ),
 .UNSPECIFIED. ) ;
#1000 = CARTESIAN_POINT ( 'NONE',  ( 0.000000000000000000, 0.000000000000000000, 0.000000000000000000 ) ) ;
#1001 = DIRECTION ( 'NONE',  ( 0.000000000000000000, 1.000000000000000000, 0.000000000000000000 ) ) ;
#1002 = CYLINDRICAL_SURFACE ( 'NONE', #1032, 1.899999999999999023 ) ;
#1003 = CARTESIAN_POINT ( 'NONE',  ( 1.749823076452303283, 46.59971853041977852, -0.1507651104496759153 ) ) ;
#1004 = DIRECTION ( 'NONE',  ( 0.000000000000000000, 0.000000000000000000, 1.000000000000000000 ) ) ;
#1005 = VECTOR ( 'NONE', #1347, 1000.000000000000000 ) ;
#1006 = AXIS2_PLACEMENT_3D ( 'NONE', #647, #1139, #1042 ) ;
#1007 = EDGE_CURVE ( 'NONE', #1166, #1306, #1180, .T. ) ;
#1008 = APPROVAL_ROLE ( '' ) ;
#1009 = DIRECTION ( 'NONE',  ( 0.000000000000000000, 0.000000000000000000, -1.000000000000000000 ) ) ;
#1010 = CARTESIAN_POINT ( 'NONE',  ( 35.89999999999999858, 117.0000000000000000, 4.000000000000003553 ) ) ;
#1011 = B_SPLINE_CURVE_WITH_KNOTS ( 'NONE', 3,
 ( #256, #247, #1106, #603, #973, #1088, #1, #370, #855, #872, #1351, #1337, #1223, #106, #1608, #750, #1495, #116, #1247, #98 ),
 .UNSPECIFIED., .F., .F.,
 ( 4, 2, 2, 2, 2, 2, 2, 2, 2, 4 ),
 ( 2.168404344971008627E-19, 0.0004422112260696162860, 0.0008844224521392323552, 0.001326633678208848479, 0.001547739291243656378, 0.001768844904278464494, 0.002211056130348080292, 0.002653267356417696524, 0.003095478582487312322, 0.003537689808556928554 ),
 .UNSPECIFIED. ) ;
#1012 = CARTESIAN_POINT ( 'NONE',  ( -3.913141634802791202, 46.46072806675218914, 0.5545397335577351150 ) ) ;
#1013 = VECTOR ( 'NONE', #1555, 1000.000000000000000 ) ;
#1014 = CARTESIAN_POINT ( 'NONE',  ( 0.000000000000000000, 70.00000000000000000, -3.950000000000000178 ) ) ;
#1015 = APPROVAL ( #1533, 'UNSPECIFIED' ) ;
#1016 = CARTESIAN_POINT ( 'NONE',  ( -44.00000000000000000, 76.00000000000000000, 0.000000000000000000 ) ) ;
#1017 = ADVANCED_FACE ( 'NONE', ( #1282 ), #136, .T. ) ;
#1018 = LINE ( 'NONE', #406, #767 ) ;
#1019 = LINE ( 'NONE', #758, #837 ) ;
#1020 = FACE_OUTER_BOUND ( 'NONE', #1594, .T. ) ;
#1021 = VECTOR ( 'NONE', #1309, 1000.000000000000000 ) ;
#1022 = DIRECTION ( 'NONE',  ( 0.000000000000000000, 0.000000000000000000, -1.000000000000000000 ) ) ;
#1023 = CC_DESIGN_APPROVAL ( #915, ( #1104 ) ) ;
#1024 = CYLINDRICAL_SURFACE ( 'NONE', #403, 1.900000000000000577 ) ;
#1025 = DIRECTION ( 'NONE',  ( -0.000000000000000000, -0.000000000000000000, -1.000000000000000000 ) ) ;
#1026 = DIRECTION ( 'NONE',  ( -0.000000000000000000, -1.000000000000000000, -0.000000000000000000 ) ) ;
#1027 = CARTESIAN_POINT ( 'NONE',  ( -1.361065758881618848, 45.35092104192288076, -1.100000000000001199 ) ) ;
#1028 = DIRECTION ( 'NONE',  ( -1.000000000000000000, 0.000000000000000000, 0.000000000000000000 ) ) ;
#1029 = CARTESIAN_POINT ( 'NONE',  ( 43.00000000000000000, 77.00000000000000000, 4.000000000000000000 ) ) ;
#1030 = ORIENTED_EDGE ( 'NONE', *, *, #91, .T. ) ;
#1031 = PERSON_AND_ORGANIZATION ( #1144, #166 ) ;
#1032 = AXIS2_PLACEMENT_3D ( 'NONE', #892, #37, #30 ) ;
#1033 = DIRECTION ( 'NONE',  ( -0.000000000000000000, -0.000000000000000000, 1.000000000000000000 ) ) ;
#1034 = CARTESIAN_POINT ( 'NONE',  ( -1.387167814897775520, 45.20376028639785915, 1.069119374696570812 ) ) ;
#1035 = EDGE_CURVE ( 'NONE', #432, #1605, #223, .T. ) ;
#1036 = LINE ( 'NONE', #401, #1378 ) ;
#1037 = ADVANCED_FACE ( 'NONE', ( #15 ), #515, .F. ) ;
#1038 = FACE_BOUND ( 'NONE', #250, .T. ) ;
#1039 = FACE_BOUND ( 'NONE', #409, .T. ) ;
#1040 = EDGE_LOOP ( 'NONE', ( #504, #577 ) ) ;
#1041 = CALENDAR_DATE ( 2026, 7, 9 ) ;
#1042 = DIRECTION ( 'NONE',  ( 0.000000000000000000, 0.000000000000000000, 1.000000000000000000 ) ) ;
#1043 = ORIENTED_EDGE ( 'NONE', *, *, #44, .T. ) ;
#1044 = CARTESIAN_POINT ( 'NONE',  ( -16.00000000000000000, 0.000000000000000000, 0.000000000000000000 ) ) ;
#1045 = DIRECTION ( 'NONE',  ( 0.000000000000000000, 0.000000000000000000, 1.000000000000000000 ) ) ;
#1046 = VECTOR ( 'NONE', #1025, 1000.000000000000000 ) ;
#1047 = ORIENTED_EDGE ( 'NONE', *, *, #1074, .T. ) ;
#1048 = DIRECTION ( 'NONE',  ( -0.000000000000000000, -0.000000000000000000, -1.000000000000000000 ) ) ;
#1049 = ADVANCED_FACE ( 'NONE', ( #29 ), #164, .T. ) ;
#1050 = VERTEX_POINT ( 'NONE', #6 ) ;
#1051 = CARTESIAN_POINT ( 'NONE',  ( 1.745058591865600750, 44.40781725256515955, 0.1499728993948268307 ) ) ;
#1052 = DIRECTION ( 'NONE',  ( -1.000000000000000000, 0.000000000000000000, 0.000000000000000000 ) ) ;
#1053 = EDGE_LOOP ( 'NONE', ( #1123, #1469, #730, #1110 ) ) ;
#1054 = DIRECTION ( 'NONE',  ( 0.000000000000000000, 0.000000000000000000, -1.000000000000000000 ) ) ;
#1055 = DIRECTION ( 'NONE',  ( 0.000000000000000000, 0.000000000000000000, -1.000000000000000000 ) ) ;
#1056 = FACE_OUTER_BOUND ( 'NONE', #1228, .T. ) ;
#1057 = VERTEX_POINT ( 'NONE', #891 ) ;
#1058 = ORIENTED_EDGE ( 'NONE', *, *, #1507, .T. ) ;
#1059 = AXIS2_PLACEMENT_3D ( 'NONE', #416, #1366, #1409 ) ;
#1060 = SHAPE_DEFINITION_REPRESENTATION ( #481, #1387 ) ;
#1061 = LINE ( 'NONE', #300, #634 ) ;
#1062 = EDGE_CURVE ( 'NONE', #705, #828, #1415, .T. ) ;
#1063 = DIRECTION ( 'NONE',  ( -0.000000000000000000, -0.000000000000000000, -1.000000000000000000 ) ) ;
#1064 = ORIENTED_EDGE ( 'NONE', *, *, #1538, .F. ) ;
#1065 = CYLINDRICAL_SURFACE ( 'NONE', #1175, 1.750000000000000000 ) ;
#1066 = VECTOR ( 'NONE', #1520, 1000.000000000000000 ) ;
#1067 = FACE_BOUND ( 'NONE', #604, .T. ) ;
#1068 = ORIENTED_EDGE ( 'NONE', *, *, #625, .F. ) ;
#1069 = PRODUCT_RELATED_PRODUCT_CATEGORY ( 'detail', '', ( #722 ) ) ;
#1070 = DIRECTION ( 'NONE',  ( -1.000000000000000000, 0.000000000000000000, 0.000000000000000000 ) ) ;
#1071 = CARTESIAN_POINT ( 'NONE',  ( -16.00000000000000000, 108.0000000000000000, 0.000000000000000000 ) ) ;
#1072 = ORIENTED_EDGE ( 'NONE', *, *, #323, .F. ) ;
#1073 = FACE_BOUND ( 'NONE', #1461, .T. ) ;
#1074 = EDGE_CURVE ( 'NONE', #596, #1465, #1147, .T. ) ;
#1075 = LINE ( 'NONE', #799, #810 ) ;
#1076 = B_SPLINE_CURVE_WITH_KNOTS ( 'NONE', 3,
 ( #1385, #280, #139, #31, #648, #1505, #273, #1140, #1003, #766, #1277, #386, #17, #526, #656, #161, #1150, #38 ),
 .UNSPECIFIED., .F., .F.,
 ( 4, 2, 2, 2, 2, 2, 2, 2, 4 ),
 ( 0.003537689808556947202, 0.003978709766150344967, 0.004419729723743741866, 0.004860749681337138764, 0.005301769638930536530, 0.005742789596523934295, 0.006183809554117331193, 0.006624829511710728092, 0.007065849469304125857 ),
 .UNSPECIFIED. ) ;
#1077 = ORIENTED_EDGE ( 'NONE', *, *, #752, .F. ) ;
#1078 = APPROVAL_PERSON_ORGANIZATION ( #1273, #915, #1008 ) ;
#1079 = LINE ( 'NONE', #458, #1235 ) ;
#1080 = CARTESIAN_POINT ( 'NONE',  ( -14.90000000000000036, 127.0000000000000000, 0.000000000000000000 ) ) ;
#1081 = VERTEX_POINT ( 'NONE', #1373 ) ;
#1082 = DIRECTION ( 'NONE',  ( 0.000000000000000000, 0.000000000000000000, -1.000000000000000000 ) ) ;
#1083 = CYLINDRICAL_SURFACE ( 'NONE', #188, 3.950000000000000178 ) ;
#1084 = ORIENTED_EDGE ( 'NONE', *, *, #968, .T. ) ;
#1085 = CARTESIAN_POINT ( 'NONE',  ( -3.831933596032543576, 44.94452560720861101, 0.9602323797277430018 ) ) ;
#1086 = VERTEX_POINT ( 'NONE', #1252 ) ;
#1087 = DIRECTION ( 'NONE',  ( -0.000000000000000000, -0.000000000000000000, 1.000000000000000000 ) ) ;
#1088 = CARTESIAN_POINT ( 'NONE',  ( -1.615699261574590873, 46.37485830892479299, 0.6812614076481781078 ) ) ;
#1089 = ORIENTED_EDGE ( 'NONE', *, *, #295, .T. ) ;
#1090 = ADVANCED_FACE ( 'NONE', ( #630 ), #537, .F. ) ;
#1091 = AXIS2_PLACEMENT_3D ( 'NONE', #1398, #540, #880 ) ;
#1092 = ORIENTED_EDGE ( 'NONE', *, *, #916, .F. ) ;
#1093 = AXIS2_PLACEMENT_3D ( 'NONE', #573, #450, #331 ) ;
#1094 = CARTESIAN_POINT ( 'NONE',  ( -3.852222594376606413, 44.82397793354609661, -0.8795356340393964967 ) ) ;
#1095 = ORIENTED_EDGE ( 'NONE', *, *, #607, .F. ) ;
#1096 = DIRECTION ( 'NONE',  ( -0.000000000000000000, -0.000000000000000000, 1.000000000000000000 ) ) ;
#1097 = CIRCLE ( 'NONE', #1361, 1.599999999999997202 ) ;
#1098 = ORIENTED_EDGE ( 'NONE', *, *, #228, .F. ) ;
#1099 = EDGE_CURVE ( 'NONE', #1248, #836, #1018, .T. ) ;
#1100 = ORIENTED_EDGE ( 'NONE', *, *, #340, .F. ) ;
#1101 = CIRCLE ( 'NONE', #557, 44.00000000000000000 ) ;
#1102 = CYLINDRICAL_SURFACE ( 'NONE', #100, 6.000000000000000000 ) ;
#1103 = ORIENTED_EDGE ( 'NONE', *, *, #965, .F. ) ;
#1104 = PRODUCT_DEFINITION_FORMATION_WITH_SPECIFIED_SOURCE ( 'ANY', '', #722, .NOT_KNOWN. ) ;
#1105 = DIRECTION ( 'NONE',  ( 0.000000000000000000, -0.000000000000000000, 1.000000000000000000 ) ) ;
#1106 = CARTESIAN_POINT ( 'NONE',  ( -1.387154739967177086, 45.79573334133365847, 1.069080069554490198 ) ) ;
#1107 = EDGE_LOOP ( 'NONE', ( #368, #567, #133, #581 ) ) ;
#1108 = VERTEX_POINT ( 'NONE', #87 ) ;
#1109 = CARTESIAN_POINT ( 'NONE',  ( -3.892979850549308729, 44.62097836517529714, -0.6766902772966383317 ) ) ;
#1110 = ORIENTED_EDGE ( 'NONE', *, *, #739, .F. ) ;
#1111 = CARTESIAN_POINT ( 'NONE',  ( 3.000000000000002665, 45.50000000000000000, 0.000000000000000000 ) ) ;
#1112 = EDGE_CURVE ( 'NONE', #596, #336, #575, .T. ) ;
#1113 = DIRECTION ( 'NONE',  ( 0.000000000000000000, -1.000000000000000000, 0.000000000000000000 ) ) ;
#1114 = ORIENTED_EDGE ( 'NONE', *, *, #27, .F. ) ;
#1115 = VECTOR ( 'NONE', #727, 1000.000000000000000 ) ;
#1116 = FACE_OUTER_BOUND ( 'NONE', #454, .T. ) ;
#1117 = ORIENTED_EDGE ( 'NONE', *, *, #44, .F. ) ;
#1118 = DIRECTION ( 'NONE',  ( -1.000000000000000000, 0.000000000000000000, 0.000000000000000000 ) ) ;
#1119 = CARTESIAN_POINT ( 'NONE',  ( -10.50000000000000000, 111.6500000000000057, 44.00000000000000000 ) ) ;
#1120 = CARTESIAN_POINT ( 'NONE',  ( 0.000000000000000000, 43.00000000000000000, -1.750000000000000000 ) ) ;
#1121 = EDGE_CURVE ( 'NONE', #561, #1341, #325, .T. ) ;
#1122 = CARTESIAN_POINT ( 'NONE',  ( -1.662301750245525955, 44.54457452663340433, -0.5642696606776024248 ) ) ;
#1123 = ORIENTED_EDGE ( 'NONE', *, *, #818, .T. ) ;
#1124 = CARTESIAN_POINT ( 'NONE',  ( 0.000000000000000000, 72.00000000000000000, -6.000000000000000000 ) ) ;
#1125 = PERSON_AND_ORGANIZATION ( #1144, #166 ) ;
#1126 = CARTESIAN_POINT ( 'NONE',  ( 0.000000000000000000, 72.00000000000001421, 0.000000000000000000 ) ) ;
#1127 = DIRECTION ( 'NONE',  ( 1.000000000000000000, 0.000000000000000000, 0.000000000000000000 ) ) ;
#1128 = FACE_OUTER_BOUND ( 'NONE', #42, .T. ) ;
#1129 = EDGE_CURVE ( 'NONE', #457, #240, #992, .T. ) ;
#1130 = DIRECTION ( 'NONE',  ( -0.000000000000000000, -0.000000000000000000, 1.000000000000000000 ) ) ;
#1131 = DIRECTION ( 'NONE',  ( 0.000000000000000000, 1.000000000000000000, 0.000000000000000000 ) ) ;
#1132 = CALENDAR_DATE ( 2026, 7, 9 ) ;
#1133 = CARTESIAN_POINT ( 'NONE',  ( -44.00000000000000000, 76.00000000000000000, 4.000000000000000000 ) ) ;
#1134 = CARTESIAN_POINT ( 'NONE',  ( -1.387131731489455344, 45.20435915878254463, -1.069110509377904084 ) ) ;
#1135 = DIRECTION ( 'NONE',  ( -1.000000000000000000, 0.000000000000000000, 0.000000000000000000 ) ) ;
#1136 = VECTOR ( 'NONE', #665, 1000.000000000000000 ) ;
#1137 = EDGE_CURVE ( 'NONE', #1307, #561, #334, .T. ) ;
#1138 = CIRCLE ( 'NONE', #393, 1.750000000000000000 ) ;
#1139 = DIRECTION ( 'NONE',  ( 0.000000000000000000, 1.000000000000000000, 0.000000000000000000 ) ) ;
#1140 = CARTESIAN_POINT ( 'NONE',  ( 1.730324933460704928, 46.56939941165321528, -0.2960117961750227678 ) ) ;
#1141 = VECTOR ( 'NONE', #1330, 1000.000000000000000 ) ;
#1142 = DIRECTION ( 'NONE',  ( 0.000000000000000000, 0.000000000000000000, 1.000000000000000000 ) ) ;
#1143 = CIRCLE ( 'NONE', #654, 3.950000000000000178 ) ;
#1144 = PERSON ( 'UNSPECIFIED', 'UNSPECIFIED', 'UNSPECIFIED', ('UNSPECIFIED'), ('UNSPECIFIED'), ('UNSPECIFIED') ) ;
#1145 = EDGE_LOOP ( 'NONE', ( #218, #1084, #441, #306 ) ) ;
#1146 = PERSON_AND_ORGANIZATION ( #1144, #166 ) ;
#1147 = LINE ( 'NONE', #35, #1210 ) ;
#1148 = LINE ( 'NONE', #1527, #105 ) ;
#1149 = B_SPLINE_CURVE_WITH_KNOTS ( 'NONE', 3,
 ( #641, #1027, #1134, #788, #132, #627, #1122, #1375, #264, #760, #1254, #1575, #321, #1284, #1312, #1034, #303, #798 ),
 .UNSPECIFIED., .F., .F.,
 ( 4, 2, 2, 2, 2, 2, 2, 2, 4 ),
 ( 0.003537689808556928554, 0.003978709766150326753, 0.004419729723743725386, 0.004860749681337123151, 0.005301769638930520917, 0.005742789596523918683, 0.006183809554117316448, 0.006624829511710714214, 0.007065849469304111979 ),
 .UNSPECIFIED. ) ;
#1150 = CARTESIAN_POINT ( 'NONE',  ( 1.361065758881614185, 45.64960859311055685, 1.099999999999999867 ) ) ;
#1151 = ORIENTED_EDGE ( 'NONE', *, *, #651, .F. ) ;
#1152 = CC_DESIGN_SECURITY_CLASSIFICATION ( #587, ( #1104 ) ) ;
#1153 = CARTESIAN_POINT ( 'NONE',  ( 3.000000000000000000, 47.99999999999999289, 5.000000000000000000 ) ) ;
#1154 = ORIENTED_EDGE ( 'NONE', *, *, #1507, .F. ) ;
#1155 = CC_DESIGN_PERSON_AND_ORGANIZATION_ASSIGNMENT ( #255, #1502, ( #1104 ) ) ;
#1156 = DIRECTION ( 'NONE',  ( 0.000000000000000000, 0.000000000000000000, 1.000000000000000000 ) ) ;
#1157 = DIRECTION ( 'NONE',  ( -1.000000000000000000, 0.000000000000000000, 0.000000000000000000 ) ) ;
#1158 = EDGE_CURVE ( 'NONE', #970, #208, #1079, .T. ) ;
#1159 = VERTEX_POINT ( 'NONE', #1443 ) ;
#1160 = CARTESIAN_POINT ( 'NONE',  ( -3.793744851726333245, 45.64614277552777111, 1.100000000000000089 ) ) ;
#1161 = CARTESIAN_POINT ( 'NONE',  ( 35.89999999999999858, 127.0000000000000000, 4.000000000000003553 ) ) ;
#1162 = ORIENTED_EDGE ( 'NONE', *, *, #757, .T. ) ;
#1163 = CARTESIAN_POINT ( 'NONE',  ( 1.387154739967178196, 45.20426665866633442, 1.069080069554490642 ) ) ;
#1164 = AXIS2_PLACEMENT_3D ( 'NONE', #1580, #1444, #1573 ) ;
#1165 = DIRECTION ( 'NONE',  ( -1.000000000000000000, 0.000000000000000000, 0.000000000000000000 ) ) ;
#1166 = VERTEX_POINT ( 'NONE', #213 ) ;
#1167 = CARTESIAN_POINT ( 'NONE',  ( -3.793744851726326139, 45.50000000000000000, -1.100000000000000089 ) ) ;
#1168 = DIRECTION ( 'NONE',  ( 0.000000000000000000, 0.000000000000000000, -1.000000000000000000 ) ) ;
#1169 = EDGE_CURVE ( 'NONE', #79, #333, #1388, .T. ) ;
#1170 = AXIS2_PLACEMENT_3D ( 'NONE', #1464, #124, #131 ) ;
#1171 = DIRECTION ( 'NONE',  ( -1.000000000000000000, 0.000000000000000000, 0.000000000000000000 ) ) ;
#1172 = ORIENTED_EDGE ( 'NONE', *, *, #381, .T. ) ;
#1173 = LINE ( 'NONE', #544, #1136 ) ;
#1174 = ORIENTED_EDGE ( 'NONE', *, *, #1559, .T. ) ;
#1175 = AXIS2_PLACEMENT_3D ( 'NONE', #45, #921, #1054 ) ;
#1176 = DIRECTION ( 'NONE',  ( 0.000000000000000000, 0.000000000000000000, 1.000000000000000000 ) ) ;
#1177 = ORIENTED_EDGE ( 'NONE', *, *, #1035, .T. ) ;
#1178 = DIRECTION ( 'NONE',  ( 0.000000000000000000, 0.000000000000000000, -1.000000000000000000 ) ) ;
#1179 = CARTESIAN_POINT ( 'NONE',  ( -44.00000000000000000, 144.0000000000000000, 4.000000000000000000 ) ) ;
#1180 = CIRCLE ( 'NONE', #118, 1.899999999999999023 ) ;
#1181 = EDGE_CURVE ( 'NONE', #860, #10, #1297, .T. ) ;
#1182 = ORIENTED_EDGE ( 'NONE', *, *, #595, .T. ) ;
#1183 = AXIS2_PLACEMENT_3D ( 'NONE', #986, #1087, #97 ) ;
#1184 = EDGE_CURVE ( 'NONE', #1341, #1355, #944, .T. ) ;
#1185 = ORIENTED_EDGE ( 'NONE', *, *, #566, .T. ) ;
#1186 = CARTESIAN_POINT ( 'NONE',  ( 1.466355937556611089, 44.94021071013498414, -0.9575670710578049194 ) ) ;
#1187 = CARTESIAN_POINT ( 'NONE',  ( -13.00000000000000000, 117.0000000000000000, 4.000000000000003553 ) ) ;
#1188 = VERTEX_POINT ( 'NONE', #1318 ) ;
#1189 = PLANE ( 'NONE',  #1231 ) ;
#1190 = FACE_OUTER_BOUND ( 'NONE', #746, .T. ) ;
#1191 = ORIENTED_EDGE ( 'NONE', *, *, #191, .F. ) ;
#1192 = EDGE_CURVE ( 'NONE', #1219, #970, #1061, .T. ) ;
#1193 = ORIENTED_EDGE ( 'NONE', *, *, #660, .F. ) ;
#1194 = AXIS2_PLACEMENT_3D ( 'NONE', #1250, #676, #48 ) ;
#1195 = DIRECTION ( 'NONE',  ( 0.000000000000000000, 1.000000000000000000, 0.000000000000000000 ) ) ;
#1196 = B_SPLINE_CURVE_WITH_KNOTS ( 'NONE', 3,
 ( #599, #959, #343, #591, #1094, #1109, #366, #1357, #1237, #869, #474, #243, #742, #1227, #1085, #1475, #121, #616 ),
 .UNSPECIFIED., .F., .F.,
 ( 4, 2, 2, 2, 2, 2, 2, 2, 4 ),
 ( 0.003456224663674721878, 0.003888133802550609516, 0.004320042941426497154, 0.004751952080302384793, 0.005183861219178273298, 0.005615770358054160936, 0.006047679496930049442, 0.006479588635805937080, 0.006911497774681824718 ),
 .UNSPECIFIED. ) ;
#1197 = DIRECTION ( 'NONE',  ( 1.000000000000000000, 0.000000000000000000, 0.000000000000000000 ) ) ;
#1198 = ORIENTED_EDGE ( 'NONE', *, *, #1234, .T. ) ;
#1199 = FACE_BOUND ( 'NONE', #1560, .T. ) ;
#1200 = CARTESIAN_POINT ( 'NONE',  ( 0.000000000000000000, 72.00000000000000000, 0.000000000000000000 ) ) ;
#1201 = ORIENTED_EDGE ( 'NONE', *, *, #1517, .F. ) ;
#1202 = ORIENTED_EDGE ( 'NONE', *, *, #27, .T. ) ;
#1203 = ADVANCED_FACE ( 'NONE', ( #795 ), #1451, .F. ) ;
#1204 = DIRECTION ( 'NONE',  ( -1.000000000000000000, 0.000000000000000000, 0.000000000000000000 ) ) ;
#1205 = DIRECTION ( 'NONE',  ( 0.000000000000000000, 0.000000000000000000, -1.000000000000000000 ) ) ;
#1206 = VERTEX_POINT ( 'NONE', #667 ) ;
#1207 = CARTESIAN_POINT ( 'NONE',  ( 2.143131898507867804E-16, 72.00000000000000000, 1.750000000000000000 ) ) ;
#1208 = AXIS2_PLACEMENT_3D ( 'NONE', #84, #56, #1157 ) ;
#1209 = CARTESIAN_POINT ( 'NONE',  ( 32.10000000000000142, 117.0000000000000000, 44.00000000000000000 ) ) ;
#1210 = VECTOR ( 'NONE', #877, 1000.000000000000000 ) ;
#1211 = ORIENTED_EDGE ( 'NONE', *, *, #130, .F. ) ;
#1212 = PLANE ( 'NONE',  #1568 ) ;
#1213 = ORIENTED_EDGE ( 'NONE', *, *, #1289, .T. ) ;
#1214 = CC_DESIGN_DATE_AND_TIME_ASSIGNMENT ( #899, #14, ( #1610 ) ) ;
#1215 = CARTESIAN_POINT ( 'NONE',  ( -14.90000000000000036, 117.0000000000000000, 44.00000000000000000 ) ) ;
#1216 = CARTESIAN_POINT ( 'NONE',  ( -13.00000000000000000, 117.0000000000000000, 0.000000000000000000 ) ) ;
#1217 = EDGE_CURVE ( 'NONE', #1188, #725, #999, .T. ) ;
#1218 = ORIENTED_EDGE ( 'NONE', *, *, #1333, .T. ) ;
#1219 = VERTEX_POINT ( 'NONE', #1603 ) ;
#1220 = FACE_OUTER_BOUND ( 'NONE', #536, .T. ) ;
#1221 = EDGE_LOOP ( 'NONE', ( #1550, #1506, #488, #600 ) ) ;
#1222 = DIRECTION ( 'NONE',  ( -1.000000000000000000, -0.000000000000000000, -0.000000000000000000 ) ) ;
#1223 = CARTESIAN_POINT ( 'NONE',  ( -1.730454952383831513, 46.56958493931607279, -0.2947962644112174790 ) ) ;
#1224 = EDGE_CURVE ( 'NONE', #1159, #628, #252, .T. ) ;
#1225 = EDGE_LOOP ( 'NONE', ( #59, #380, #233, #1335, #1428, #1472 ) ) ;
#1226 = ORIENTED_EDGE ( 'NONE', *, *, #1315, .T. ) ;
#1227 = CARTESIAN_POINT ( 'NONE',  ( -3.852456330907985560, 44.82274275736146052, 0.8784493166856455204 ) ) ;
#1228 = EDGE_LOOP ( 'NONE', ( #554, #187 ) ) ;
#1229 = DIRECTION ( 'NONE',  ( -1.000000000000000000, 0.000000000000000000, 0.000000000000000000 ) ) ;
#1230 = PLANE ( 'NONE',  #888 ) ;
#1231 = AXIS2_PLACEMENT_3D ( 'NONE', #911, #1293, #77 ) ;
#1232 = ORIENTED_EDGE ( 'NONE', *, *, #1181, .T. ) ;
#1233 = EDGE_LOOP ( 'NONE', ( #1089, #606 ) ) ;
#1234 = EDGE_CURVE ( 'NONE', #171, #1108, #179, .T. ) ;
#1235 = VECTOR ( 'NONE', #1195, 1000.000000000000000 ) ;
#1236 = CARTESIAN_POINT ( 'NONE',  ( 1.361065758881620846, 45.50000000000000000, -1.100000000000000311 ) ) ;
#1237 = CARTESIAN_POINT ( 'NONE',  ( -3.949993145781843129, 44.40002461287463120, -0.1452177755523993141 ) ) ;
#1238 = ORIENTED_EDGE ( 'NONE', *, *, #1377, .T. ) ;
#1239 = APPROVAL_PERSON_ORGANIZATION ( #389, #1456, #639 ) ;
#1240 = CARTESIAN_POINT ( 'NONE',  ( 0.000000000000000000, 77.00000000000000000, -44.00000000000000000 ) ) ;
#1241 = DIRECTION ( 'NONE',  ( -0.000000000000000000, -1.000000000000000000, -0.000000000000000000 ) ) ;
#1242 = EDGE_LOOP ( 'NONE', ( #1601, #1567, #4, #873 ) ) ;
#1243 = ADVANCED_FACE ( 'NONE', ( #790 ), #688, .F. ) ;
#1244 = EDGE_CURVE ( 'NONE', #1581, #1605, #1408, .T. ) ;
#1245 = DIRECTION ( 'NONE',  ( 0.000000000000000000, 1.000000000000000000, 0.000000000000000000 ) ) ;
#1246 = ORIENTED_EDGE ( 'NONE', *, *, #998, .F. ) ;
#1247 = CARTESIAN_POINT ( 'NONE',  ( -1.361065758881621957, 45.64948164521217677, -1.099999999999998979 ) ) ;
#1248 = VERTEX_POINT ( 'NONE', #1548 ) ;
#1249 = AXIS2_PLACEMENT_3D ( 'NONE', #1275, #780, #878 ) ;
#1250 = CARTESIAN_POINT ( 'NONE',  ( 44.00000000000000000, 45.50000000000000000, 0.000000000000000000 ) ) ;
#1251 = AXIS2_PLACEMENT_3D ( 'NONE', #275, #147, #642 ) ;
#1252 = CARTESIAN_POINT ( 'NONE',  ( -37.59999999999999432, 140.0000000000000000, 0.000000000000000000 ) ) ;
#1253 = LINE ( 'NONE', #151, #1463 ) ;
#1254 = CARTESIAN_POINT ( 'NONE',  ( -1.730491623367011123, 44.43036394063037875, 0.2944245871872653297 ) ) ;
#1255 = DIRECTION ( 'NONE',  ( 0.000000000000000000, 1.000000000000000000, 0.000000000000000000 ) ) ;
#1256 = LINE ( 'NONE', #1509, #364 ) ;
#1257 = ORIENTED_EDGE ( 'NONE', *, *, #765, .F. ) ;
#1258 = VECTOR ( 'NONE', #1439, 1000.000000000000000 ) ;
#1259 = LINE ( 'NONE', #1016, #379 ) ;
#1260 = LINE ( 'NONE', #391, #622 ) ;
#1261 = ADVANCED_FACE ( 'NONE', ( #70 ), #819, .F. ) ;
#1262 = VECTOR ( 'NONE', #1105, 1000.000000000000000 ) ;
#1263 = CARTESIAN_POINT ( 'NONE',  ( -3.950016982396468812, 46.60006098224690874, -0.1438492712402049678 ) ) ;
#1264 = CYLINDRICAL_SURFACE ( 'NONE', #1404, 1.100000000000000089 ) ;
#1265 = ADVANCED_FACE ( 'NONE', ( #1056, #1038 ), #288, .F. ) ;
#1266 = CARTESIAN_POINT ( 'NONE',  ( -13.00000000000000000, 117.0000000000000000, 44.00000000000000000 ) ) ;
#1267 = DIRECTION ( 'NONE',  ( 0.000000000000000000, 0.000000000000000000, -1.000000000000000000 ) ) ;
#1268 = CARTESIAN_POINT ( 'NONE',  ( 0.000000000000000000, 72.00000000000000000, -3.950000000000000178 ) ) ;
#1269 = DIRECTION ( 'NONE',  ( 0.000000000000000000, 0.000000000000000000, -1.000000000000000000 ) ) ;
#1270 = DIRECTION ( 'NONE',  ( 0.000000000000000000, 1.000000000000000000, 0.000000000000000000 ) ) ;
#1271 = ADVANCED_FACE ( 'NONE', ( #1279, #163 ), #658, .T. ) ;
#1272 = AXIS2_PLACEMENT_3D ( 'NONE', #1432, #198, #1156 ) ;
#1273 = PERSON_AND_ORGANIZATION ( #1144, #166 ) ;
#1274 = DIRECTION ( 'NONE',  ( -0.000000000000000000, -1.000000000000000000, -0.000000000000000000 ) ) ;
#1275 = CARTESIAN_POINT ( 'NONE',  ( 0.000000000000000000, 72.00000000000000000, 0.000000000000000000 ) ) ;
#1276 = CIRCLE ( 'NONE', #783, 3.950000000000000178 ) ;
#1277 = CARTESIAN_POINT ( 'NONE',  ( 1.730491623367011123, 46.56963605936962836, 0.2944245871872657738 ) ) ;
#1278 = ORIENTED_EDGE ( 'NONE', *, *, #1074, .F. ) ;
#1279 = FACE_BOUND ( 'NONE', #1040, .T. ) ;
#1280 = VECTOR ( 'NONE', #123, 1000.000000000000000 ) ;
#1281 = EDGE_CURVE ( 'NONE', #349, #1346, #637, .T. ) ;
#1282 = FACE_OUTER_BOUND ( 'NONE', #339, .T. ) ;
#1283 = DIRECTION ( 'NONE',  ( 0.000000000000000000, 1.000000000000000000, 0.000000000000000000 ) ) ;
#1284 = CARTESIAN_POINT ( 'NONE',  ( -1.518009725658947762, 44.82228258928252984, 0.8777313489481728404 ) ) ;
#1285 = CARTESIAN_POINT ( 'NONE',  ( -36.00000000000000000, 140.0000000000000000, 0.000000000000000000 ) ) ;
#1286 = CARTESIAN_POINT ( 'NONE',  ( 2.143131898507867804E-16, 72.00000000000000000, 1.750000000000000000 ) ) ;
#1287 = DIRECTION ( 'NONE',  ( 0.000000000000000000, 0.000000000000000000, -1.000000000000000000 ) ) ;
#1288 = ORIENTED_EDGE ( 'NONE', *, *, #718, .F. ) ;
#1289 = EDGE_CURVE ( 'NONE', #620, #50, #8, .T. ) ;
#1290 = DIRECTION ( 'NONE',  ( 0.000000000000000000, 1.000000000000000000, 0.000000000000000000 ) ) ;
#1291 = DIRECTION ( 'NONE',  ( 0.000000000000000000, 0.000000000000000000, -1.000000000000000000 ) ) ;
#1292 = ORIENTED_EDGE ( 'NONE', *, *, #1497, .F. ) ;
#1293 = DIRECTION ( 'NONE',  ( 0.000000000000000000, 1.000000000000000000, 0.000000000000000000 ) ) ;
#1294 = CARTESIAN_POINT ( 'NONE',  ( 5.388445916248353619E-15, 77.00000000000000000, 44.00000000000000000 ) ) ;
#1295 = CARTESIAN_POINT ( 'NONE',  ( -44.00000000000000000, 76.00000000000000000, 4.000000000000000000 ) ) ;
#1296 = EDGE_LOOP ( 'NONE', ( #1615, #1490, #870, #314 ) ) ;
#1297 = LINE ( 'NONE', #803, #845 ) ;
#1298 = AXIS2_PLACEMENT_3D ( 'NONE', #538, #681, #1176 ) ;
#1299 = CARTESIAN_POINT ( 'NONE',  ( 3.000000000000002665, 45.50000000000000000, 0.000000000000000000 ) ) ;
#1300 = EDGE_LOOP ( 'NONE', ( #701, #341, #1331, #982, #376 ) ) ;
#1301 = ADVANCED_FACE ( 'NONE', ( #1020 ), #1521, .F. ) ;
#1302 = FACE_OUTER_BOUND ( 'NONE', #942, .T. ) ;
#1303 = CARTESIAN_POINT ( 'NONE',  ( 0.000000000000000000, 77.00000000000000000, 0.000000000000000000 ) ) ;
#1304 = ADVANCED_FACE ( 'NONE', ( #1128 ), #286, .T. ) ;
#1305 = CIRCLE ( 'NONE', #602, 1.899999999999999023 ) ;
#1306 = VERTEX_POINT ( 'NONE', #781 ) ;
#1307 = VERTEX_POINT ( 'NONE', #501 ) ;
#1308 = AXIS2_PLACEMENT_3D ( 'NONE', #1554, #826, #1454 ) ;
#1309 = DIRECTION ( 'NONE',  ( -1.000000000000000000, 0.000000000000000000, 0.000000000000000000 ) ) ;
#1310 = LINE ( 'NONE', #309, #861 ) ;
#1311 = ORIENTED_EDGE ( 'NONE', *, *, #19, .F. ) ;
#1312 = CARTESIAN_POINT ( 'NONE',  ( -1.466957476301568919, 44.93831711927111883, 0.9567060921530624595 ) ) ;
#1313 = CC_DESIGN_PERSON_AND_ORGANIZATION_ASSIGNMENT ( #770, #993, ( #1104 ) ) ;
#1314 = FACE_OUTER_BOUND ( 'NONE', #212, .T. ) ;
#1315 = EDGE_CURVE ( 'NONE', #725, #1188, #1076, .T. ) ;
#1316 = ORIENTED_EDGE ( 'NONE', *, *, #1602, .F. ) ;
#1317 = LOCAL_TIME ( 23, 3, 1.000000000000000000, #1510 ) ;
#1318 = CARTESIAN_POINT ( 'NONE',  ( 1.361065758881619958, 45.50000000000000000, 1.100000000000000089 ) ) ;
#1319 = CARTESIAN_POINT ( 'NONE',  ( 0.000000000000000000, 70.00000000000000000, 0.000000000000000000 ) ) ;
#1320 = ORIENTED_EDGE ( 'NONE', *, *, #1333, .F. ) ;
#1321 = FACE_OUTER_BOUND ( 'NONE', #1225, .T. ) ;
#1322 = CARTESIAN_POINT ( 'NONE',  ( -16.00000000000000000, 108.0000000000000000, -8.000000000000000000 ) ) ;
#1323 = VERTEX_POINT ( 'NONE', #1514 ) ;
#1324 = ORIENTED_EDGE ( 'NONE', *, *, #687, .F. ) ;
#1325 = CARTESIAN_POINT ( 'NONE',  ( 1.713007534194597392, 44.45961322378952474, 0.3643685047911460195 ) ) ;
#1326 = CARTESIAN_POINT ( 'NONE',  ( 0.000000000000000000, 108.0000000000000000, 0.000000000000000000 ) ) ;
#1327 = EDGE_LOOP ( 'NONE', ( #1311, #1047, #183, #1376 ) ) ;
#1328 = FACE_OUTER_BOUND ( 'NONE', #1457, .T. ) ;
#1329 = AXIS2_PLACEMENT_3D ( 'NONE', #1133, #1127, #278 ) ;
#1330 = DIRECTION ( 'NONE',  ( 0.000000000000000000, 0.000000000000000000, -1.000000000000000000 ) ) ;
#1331 = ORIENTED_EDGE ( 'NONE', *, *, #413, .F. ) ;
#1332 = EDGE_LOOP ( 'NONE', ( #1064, #1218, #905, #793 ) ) ;
#1333 = EDGE_CURVE ( 'NONE', #359, #1057, #471, .T. ) ;
#1334 = CARTESIAN_POINT ( 'NONE',  ( -16.00000000000000000, 77.00000000000000000, 4.000000000000000000 ) ) ;
#1335 = ORIENTED_EDGE ( 'NONE', *, *, #297, .T. ) ;
#1336 = DIRECTION ( 'NONE',  ( 0.000000000000000000, 0.000000000000000000, -1.000000000000000000 ) ) ;
#1337 = CARTESIAN_POINT ( 'NONE',  ( -1.750203231610401255, 46.60032332348621509, -0.1466269737638909720 ) ) ;
#1338 = EDGE_LOOP ( 'NONE', ( #1095, #1100, #613, #853 ) ) ;
#1339 = AXIS2_PLACEMENT_3D ( 'NONE', #646, #523, #1512 ) ;
#1340 = CARTESIAN_POINT ( 'NONE',  ( 1.361065758881620846, 45.50000000000000000, -1.100000000000000311 ) ) ;
#1341 = VERTEX_POINT ( 'NONE', #531 ) ;
#1342 = CARTESIAN_POINT ( 'NONE',  ( 7.347880794884119736E-16, 72.00000000000000000, 6.000000000000000000 ) ) ;
#1343 = EDGE_CURVE ( 'NONE', #985, #480, #1149, .T. ) ;
#1344 = DIRECTION ( 'NONE',  ( 0.000000000000000000, 0.000000000000000000, -1.000000000000000000 ) ) ;
#1345 = ORIENTED_EDGE ( 'NONE', *, *, #625, .T. ) ;
#1346 = VERTEX_POINT ( 'NONE', #1167 ) ;
#1347 = DIRECTION ( 'NONE',  ( -1.000000000000000000, 0.000000000000000000, 0.000000000000000000 ) ) ;
#1348 = EDGE_LOOP ( 'NONE', ( #193, #1278, #1384, #1162 ) ) ;
#1349 = VECTOR ( 'NONE', #375, 1000.000000000000000 ) ;
#1350 = LINE ( 'NONE', #1215, #605 ) ;
#1351 = CARTESIAN_POINT ( 'NONE',  ( -1.749895903595128255, 46.59983439184546228, 0.07692224596731725428 ) ) ;
#1352 = EDGE_LOOP ( 'NONE', ( #585, #1257 ) ) ;
#1353 = VECTOR ( 'NONE', #1063, 1000.000000000000000 ) ;
#1354 = EDGE_CURVE ( 'NONE', #336, #1081, #963, .T. ) ;
#1355 = VERTEX_POINT ( 'NONE', #562 ) ;
#1356 = CIRCLE ( 'NONE', #1599, 3.950000000000000178 ) ;
#1357 = CARTESIAN_POINT ( 'NONE',  ( -3.941764845835240116, 44.42859269452080895, -0.2884068337442020069 ) ) ;
#1358 = VERTEX_POINT ( 'NONE', #209 ) ;
#1359 = DIRECTION ( 'NONE',  ( -1.000000000000000000, 0.000000000000000000, 0.000000000000000000 ) ) ;
#1360 = CYLINDRICAL_SURFACE ( 'NONE', #1401, 44.00000000000000000 ) ;
#1361 = AXIS2_PLACEMENT_3D ( 'NONE', #1462, #345, #842 ) ;
#1362 = EDGE_CURVE ( 'NONE', #797, #844, #194, .T. ) ;
#1363 = ORIENTED_EDGE ( 'NONE', *, *, #566, .F. ) ;
#1364 = EDGE_CURVE ( 'NONE', #208, #1358, #201, .T. ) ;
#1365 = ORIENTED_EDGE ( 'NONE', *, *, #1112, .F. ) ;
#1366 = DIRECTION ( 'NONE',  ( -0.000000000000000000, -0.000000000000000000, 1.000000000000000000 ) ) ;
#1367 = ORIENTED_EDGE ( 'NONE', *, *, #138, .T. ) ;
#1368 = CALENDAR_DATE ( 2026, 7, 9 ) ;
#1369 = FACE_OUTER_BOUND ( 'NONE', #85, .T. ) ;
#1370 = ORIENTED_EDGE ( 'NONE', *, *, #297, .F. ) ;
#1371 = DIRECTION ( 'NONE',  ( 1.000000000000000000, 0.000000000000000000, 0.000000000000000000 ) ) ;
#1372 = APPLICATION_PROTOCOL_DEFINITION ( 'international standard', 'config_control_design', 1994, #1399 ) ;
#1373 = CARTESIAN_POINT ( 'NONE',  ( 3.000000000000000000, 47.99999999999999289, 2.569533031505919496 ) ) ;
#1374 = CARTESIAN_POINT ( 'NONE',  ( -43.81780460041328951, 77.00000000000000000, 4.000000000000000000 ) ) ;
#1375 = CARTESIAN_POINT ( 'NONE',  ( -1.730324933460705372, 44.43060058834680603, -0.2960117961750186044 ) ) ;
#1376 = ORIENTED_EDGE ( 'NONE', *, *, #1508, .F. ) ;
#1377 = EDGE_CURVE ( 'NONE', #10, #1589, #786, .T. ) ;
#1378 = VECTOR ( 'NONE', #1546, 1000.000000000000000 ) ;
#1379 = DIRECTION ( 'NONE',  ( 0.000000000000000000, 0.000000000000000000, -1.000000000000000000 ) ) ;
#1380 = VECTOR ( 'NONE', #1344, 1000.000000000000000 ) ;
#1381 = DIRECTION ( 'NONE',  ( 0.000000000000000000, 0.000000000000000000, 1.000000000000000000 ) ) ;
#1382 = ADVANCED_FACE ( 'NONE', ( #1302 ), #1189, .F. ) ;
#1383 = DIRECTION ( 'NONE',  ( -0.000000000000000000, -0.000000000000000000, 1.000000000000000000 ) ) ;
#1384 = ORIENTED_EDGE ( 'NONE', *, *, #1112, .T. ) ;
#1385 = CARTESIAN_POINT ( 'NONE',  ( 1.361065758881620846, 45.50000000000000000, -1.100000000000000311 ) ) ;
#1386 = CARTESIAN_POINT ( 'NONE',  ( -36.00000000000000000, 104.0000000000000000, 0.000000000000000000 ) ) ;
#1387 = ADVANCED_BREP_SHAPE_REPRESENTATION ( 'ARM-002_Yaw_platform_and_shoulder_mount', ( #671, #898 ), #1501 ) ;
#1388 = CIRCLE ( 'NONE', #12, 1.900000000000000577 ) ;
#1389 = APPROVAL_STATUS ( 'not_yet_approved' ) ;
#1390 = DIRECTION ( 'NONE',  ( -0.000000000000000000, -0.000000000000000000, 1.000000000000000000 ) ) ;
#1391 = EDGE_CURVE ( 'NONE', #847, #310, #1442, .T. ) ;
#1392 = ORIENTED_EDGE ( 'NONE', *, *, #1570, .T. ) ;
#1393 = ORIENTED_EDGE ( 'NONE', *, *, #1217, .T. ) ;
#1394 = APPROVAL_STATUS ( 'not_yet_approved' ) ;
#1395 = DIRECTION ( 'NONE',  ( 0.000000000000000000, -0.000000000000000000, 1.000000000000000000 ) ) ;
#1396 = FACE_BOUND ( 'NONE', #1352, .T. ) ;
#1397 = CARTESIAN_POINT ( 'NONE',  ( -3.831785351144655127, 46.05449242338431048, -0.9608174262145675604 ) ) ;
#1398 = CARTESIAN_POINT ( 'NONE',  ( 34.00000000000000000, 117.0000000000000000, 4.000000000000003553 ) ) ;
#1399 = APPLICATION_CONTEXT ( 'configuration controlled 3d designs of mechanical parts and assemblies' ) ;
#1400 = EDGE_CURVE ( 'NONE', #1219, #650, #550, .T. ) ;
#1401 = AXIS2_PLACEMENT_3D ( 'NONE', #764, #407, #995 ) ;
#1402 = DATE_AND_TIME ( #1041, #1528 ) ;
#1403 = CARTESIAN_POINT ( 'NONE',  ( -44.00000000000000000, 76.00000000000000000, 4.000000000000000000 ) ) ;
#1404 = AXIS2_PLACEMENT_3D ( 'NONE', #46, #657, #1142 ) ;
#1405 = CARTESIAN_POINT ( 'NONE',  ( 0.000000000000000000, 77.00000000000000000, 0.000000000000000000 ) ) ;
#1406 = DIRECTION ( 'NONE',  ( -0.000000000000000000, -0.000000000000000000, 1.000000000000000000 ) ) ;
#1407 = EDGE_CURVE ( 'NONE', #751, #486, #551, .T. ) ;
#1408 = LINE ( 'NONE', #1286, #1258 ) ;
#1409 = DIRECTION ( 'NONE',  ( -1.000000000000000000, 0.000000000000000000, 0.000000000000000000 ) ) ;
#1410 = ADVANCED_FACE ( 'NONE', ( #189 ), #448, .T. ) ;
#1411 = AXIS2_PLACEMENT_3D ( 'NONE', #662, #938, #419 ) ;
#1412 = ORIENTED_EDGE ( 'NONE', *, *, #1478, .T. ) ;
#1413 = DIRECTION ( 'NONE',  ( -1.000000000000000000, 0.000000000000000000, 0.000000000000000000 ) ) ;
#1414 = DIRECTION ( 'NONE',  ( -0.000000000000000000, -0.000000000000000000, 1.000000000000000000 ) ) ;
#1415 = CIRCLE ( 'NONE', #821, 1.900000000000000577 ) ;
#1416 = ORIENTED_EDGE ( 'NONE', *, *, #110, .F. ) ;
#1417 = DIRECTION ( 'NONE',  ( -1.000000000000000000, 0.000000000000000000, 0.000000000000000000 ) ) ;
#1418 = CARTESIAN_POINT ( 'NONE',  ( 0.000000000000000000, 72.00000000000000000, 0.000000000000000000 ) ) ;
#1419 = CARTESIAN_POINT ( 'NONE',  ( 34.00000000000000000, 117.0000000000000000, 44.00000000000000000 ) ) ;
#1420 = CARTESIAN_POINT ( 'NONE',  ( 43.00000000000000000, 144.0000000000000000, 4.000000000000000000 ) ) ;
#1421 = EDGE_LOOP ( 'NONE', ( #1618, #319 ) ) ;
#1422 = CARTESIAN_POINT ( 'NONE',  ( 1.662629374353737033, 44.54403150465685002, 0.5628502833799270411 ) ) ;
#1423 = FACE_OUTER_BOUND ( 'NONE', #257, .T. ) ;
#1424 = ORIENTED_EDGE ( 'NONE', *, *, #895, .T. ) ;
#1425 = FACE_BOUND ( 'NONE', #153, .T. ) ;
#1426 = CARTESIAN_POINT ( 'NONE',  ( 43.00000000000000000, 76.00000000000000000, 4.000000000000000000 ) ) ;
#1427 = VERTEX_POINT ( 'NONE', #337 ) ;
#1428 = ORIENTED_EDGE ( 'NONE', *, *, #491, .T. ) ;
#1429 = ADVANCED_FACE ( 'NONE', ( #428, #455 ), #1065, .F. ) ;
#1430 = CARTESIAN_POINT ( 'NONE',  ( 1.730454952383830847, 44.43041506068393431, -0.2947962644112190334 ) ) ;
#1431 = VECTOR ( 'NONE', #1165, 1000.000000000000000 ) ;
#1432 = CARTESIAN_POINT ( 'NONE',  ( 0.000000000000000000, 72.00000000000000000, 0.000000000000000000 ) ) ;
#1433 = ORIENTED_EDGE ( 'NONE', *, *, #205, .T. ) ;
#1434 = CARTESIAN_POINT ( 'NONE',  ( 3.000000000000000000, 43.00000000000000000, 2.569533031505919496 ) ) ;
#1435 = ADVANCED_FACE ( 'NONE', ( #1321, #702, #1425, #311, #578, #683, #1199, #1073 ), #947, .F. ) ;
#1436 = CARTESIAN_POINT ( 'NONE',  ( 0.000000000000000000, 72.00000000000000000, 0.000000000000000000 ) ) ;
#1437 = AXIS2_PLACEMENT_3D ( 'NONE', #1216, #1096, #619 ) ;
#1438 = UNCERTAINTY_MEASURE_WITH_UNIT (LENGTH_MEASURE( 1.000000000000000082E-05 ), #269, 'distance_accuracy_value', 'NONE');
#1439 = DIRECTION ( 'NONE',  ( -0.000000000000000000, -1.000000000000000000, -0.000000000000000000 ) ) ;
#1440 = ORIENTED_EDGE ( 'NONE', *, *, #632, .T. ) ;
#1441 = ORIENTED_EDGE ( 'NONE', *, *, #58, .F. ) ;
#1442 = CIRCLE ( 'NONE', #1208, 1.899999999999999023 ) ;
#1443 = CARTESIAN_POINT ( 'NONE',  ( 4.837354856632044071E-16, 70.00000000000000000, 3.950000000000000178 ) ) ;
#1444 = DIRECTION ( 'NONE',  ( 0.000000000000000000, 1.000000000000000000, 0.000000000000000000 ) ) ;
#1445 = EDGE_LOOP ( 'NONE', ( #679, #1498, #830, #1474 ) ) ;
#1446 = CARTESIAN_POINT ( 'NONE',  ( -36.00000000000000000, 104.0000000000000000, 4.000000000000003553 ) ) ;
#1447 = PLANE ( 'NONE',  #735 ) ;
#1448 = ORIENTED_EDGE ( 'NONE', *, *, #998, .T. ) ;
#1449 = VECTOR ( 'NONE', #28, 1000.000000000000000 ) ;
#1450 = ORIENTED_EDGE ( 'NONE', *, *, #651, .T. ) ;
#1451 = CYLINDRICAL_SURFACE ( 'NONE', #327, 1.599999999999997202 ) ;
#1452 = CARTESIAN_POINT ( 'NONE',  ( 43.00000000000000000, 77.00000000000000000, 0.000000000000000000 ) ) ;
#1453 = ORIENTED_EDGE ( 'NONE', *, *, #1121, .T. ) ;
#1454 = DIRECTION ( 'NONE',  ( -1.000000000000000000, 0.000000000000000000, -0.000000000000000000 ) ) ;
#1455 = CARTESIAN_POINT ( 'NONE',  ( -44.00000000000000000, 76.00000000000000000, 0.000000000000000000 ) ) ;
#1456 = APPROVAL ( #1389, 'UNSPECIFIED' ) ;
#1457 = EDGE_LOOP ( 'NONE', ( #475, #689, #1569, #694 ) ) ;
#1458 = EDGE_CURVE ( 'NONE', #1619, #1306, #1564, .T. ) ;
#1459 = ORIENTED_EDGE ( 'NONE', *, *, #632, .F. ) ;
#1460 = PLANE ( 'NONE',  #644 ) ;
#1461 = EDGE_LOOP ( 'NONE', ( #549, #709 ) ) ;
#1462 = CARTESIAN_POINT ( 'NONE',  ( -36.00000000000000000, 104.0000000000000000, 4.000000000000003553 ) ) ;
#1463 = VECTOR ( 'NONE', #137, 1000.000000000000000 ) ;
#1464 = CARTESIAN_POINT ( 'NONE',  ( 0.000000000000000000, 77.00000000000000000, 0.000000000000000000 ) ) ;
#1465 = VERTEX_POINT ( 'NONE', #1434 ) ;
#1466 = VECTOR ( 'NONE', #1168, 1000.000000000000000 ) ;
#1467 = EDGE_CURVE ( 'NONE', #486, #751, #1097, .T. ) ;
#1468 = DIRECTION ( 'NONE',  ( -0.000000000000000000, -1.000000000000000000, -0.000000000000000000 ) ) ;
#1469 = ORIENTED_EDGE ( 'NONE', *, *, #307, .T. ) ;
#1470 = LINE ( 'NONE', #1494, #769 ) ;
#1471 = PLANE ( 'NONE',  #1170 ) ;
#1472 = ORIENTED_EDGE ( 'NONE', *, *, #350, .T. ) ;
#1473 = VECTOR ( 'NONE', #624, 1000.000000000000000 ) ;
#1474 = ORIENTED_EDGE ( 'NONE', *, *, #138, .F. ) ;
#1475 = CARTESIAN_POINT ( 'NONE',  ( -3.802572320130712225, 45.20949532453277442, 1.070609666337946075 ) ) ;
#1476 = ORIENTED_EDGE ( 'NONE', *, *, #1485, .T. ) ;
#1477 = CARTESIAN_POINT ( 'NONE',  ( 43.00000000000000000, 77.00000000000000000, 0.000000000000000000 ) ) ;
#1478 = EDGE_CURVE ( 'NONE', #546, #1219, #726, .T. ) ;
#1479 = DIRECTION ( 'NONE',  ( -1.000000000000000000, -0.000000000000000000, -0.000000000000000000 ) ) ;
#1480 = EDGE_LOOP ( 'NONE', ( #135, #513, #122, #1316, #324, #1365, #590, #54 ) ) ;
#1481 = ORIENTED_EDGE ( 'NONE', *, *, #687, .T. ) ;
#1482 = CARTESIAN_POINT ( 'NONE',  ( -34.39999999999999858, 104.0000000000000000, 4.000000000000003553 ) ) ;
#1483 = ORIENTED_EDGE ( 'NONE', *, *, #295, .F. ) ;
#1484 = AXIS2_PLACEMENT_3D ( 'NONE', #112, #608, #1205 ) ;
#1485 = EDGE_CURVE ( 'NONE', #844, #797, #61, .T. ) ;
#1486 = DIRECTION ( 'NONE',  ( 0.000000000000000000, 0.000000000000000000, 1.000000000000000000 ) ) ;
#1487 = LINE ( 'NONE', #955, #1380 ) ;
#1488 = EDGE_CURVE ( 'NONE', #1307, #1248, #360, .T. ) ;
#1489 = AXIS2_PLACEMENT_3D ( 'NONE', #411, #285, #655 ) ;
#1490 = ORIENTED_EDGE ( 'NONE', *, *, #532, .T. ) ;
#1491 = ORIENTED_EDGE ( 'NONE', *, *, #1062, .T. ) ;
#1492 = CARTESIAN_POINT ( 'NONE',  ( -23.00000000000000000, 77.00000000000000000, -8.000000000000000000 ) ) ;
#1493 = VERTEX_POINT ( 'NONE', #1342 ) ;
#1494 = CARTESIAN_POINT ( 'NONE',  ( 31.19999999999999929, 0.000000000000000000, 4.000000000000000000 ) ) ;
#1495 = CARTESIAN_POINT ( 'NONE',  ( -1.466355937556612421, 46.05978928986502297, -0.9575670710578049194 ) ) ;
#1496 = VECTOR ( 'NONE', #1590, 1000.000000000000000 ) ;
#1497 = EDGE_CURVE ( 'NONE', #1057, #333, #1350, .T. ) ;
#1498 = ORIENTED_EDGE ( 'NONE', *, *, #1137, .F. ) ;
#1499 = VECTOR ( 'NONE', #421, 1000.000000000000000 ) ;
#1500 = FACE_OUTER_BOUND ( 'NONE', #937, .T. ) ;
#1501 =( GEOMETRIC_REPRESENTATION_CONTEXT ( 3 ) GLOBAL_UNCERTAINTY_ASSIGNED_CONTEXT ( ( #1438 ) ) GLOBAL_UNIT_ASSIGNED_CONTEXT ( ( #269, #529, #777 ) ) REPRESENTATION_CONTEXT ( 'NONE', 'WORKASPACE' ) );
#1502 = PERSON_AND_ORGANIZATION_ROLE ( 'design_supplier' ) ;
#1503 = CARTESIAN_POINT ( 'NONE',  ( 32.10000000000000142, 117.0000000000000000, 4.000000000000003553 ) ) ;
#1504 = FACE_OUTER_BOUND ( 'NONE', #143, .T. ) ;
#1505 = CARTESIAN_POINT ( 'NONE',  ( 1.616070488470637612, 46.37559557304474822, -0.6804954446168893778 ) ) ;
#1506 = ORIENTED_EDGE ( 'NONE', *, *, #607, .T. ) ;
#1507 = EDGE_CURVE ( 'NONE', #858, #1166, #854, .T. ) ;
#1508 = EDGE_CURVE ( 'NONE', #1427, #628, #1143, .T. ) ;
#1509 = CARTESIAN_POINT ( 'NONE',  ( 0.000000000000000000, 77.00000000000000000, 0.000000000000000000 ) ) ;
#1510 = COORDINATED_UNIVERSAL_TIME_OFFSET ( 6, 0, .BEHIND. ) ;
#1511 = CARTESIAN_POINT ( 'NONE',  ( -16.00000000000000000, 108.0000000000000000, 4.000000000000000000 ) ) ;
#1512 = DIRECTION ( 'NONE',  ( -1.000000000000000000, 0.000000000000000000, 0.000000000000000000 ) ) ;
#1513 = CARTESIAN_POINT ( 'NONE',  ( 43.00000000000000000, 76.00000000000000000, 4.000000000000000000 ) ) ;
#1514 = CARTESIAN_POINT ( 'NONE',  ( -44.00000000000000000, 77.00000000000000000, 0.000000000000000000 ) ) ;
#1515 = ORIENTED_EDGE ( 'NONE', *, *, #818, .F. ) ;
#1516 = VECTOR ( 'NONE', #165, 1000.000000000000000 ) ;
#1517 = EDGE_CURVE ( 'NONE', #242, #1050, #712, .T. ) ;
#1518 = AXIS2_PLACEMENT_3D ( 'NONE', #1522, #1022, #789 ) ;
#1519 = APPROVAL_DATE_TIME ( #749, #915 ) ;
#1520 = DIRECTION ( 'NONE',  ( -0.000000000000000000, -1.000000000000000000, -0.000000000000000000 ) ) ;
#1521 = PLANE ( 'NONE',  #1606 ) ;
#1522 = CARTESIAN_POINT ( 'NONE',  ( -13.00000000000000000, 127.0000000000000000, 44.00000000000000000 ) ) ;
#1523 = CIRCLE ( 'NONE', #1183, 1.599999999999997202 ) ;
#1524 = VECTOR ( 'NONE', #935, 1000.000000000000000 ) ;
#1525 = PERSON_AND_ORGANIZATION_ROLE ( 'design_owner' ) ;
#1526 = DIRECTION ( 'NONE',  ( -1.000000000000000000, 0.000000000000000000, 0.000000000000000000 ) ) ;
#1527 = CARTESIAN_POINT ( 'NONE',  ( -23.00000000000000000, 77.00000000000000000, -8.000000000000000000 ) ) ;
#1528 = LOCAL_TIME ( 23, 3, 1.000000000000000000, #925 ) ;
#1529 = CARTESIAN_POINT ( 'NONE',  ( -3.949982962728439961, 46.59993882070163806, 0.1447804137717117745 ) ) ;
#1530 = ADVANCED_FACE ( 'NONE', ( #492 ), #353, .F. ) ;
#1531 = ORIENTED_EDGE ( 'NONE', *, *, #36, .T. ) ;
#1532 = VERTEX_POINT ( 'NONE', #246 ) ;
#1533 = APPROVAL_STATUS ( 'not_yet_approved' ) ;
#1534 = CARTESIAN_POINT ( 'NONE',  ( -1.361065758881620846, 45.50000000000000000, -1.100000000000000311 ) ) ;
#1535 = EDGE_CURVE ( 'NONE', #751, #704, #216, .T. ) ;
#1536 = CARTESIAN_POINT ( 'NONE',  ( -3.941581728276892349, 46.57069486078180631, 0.2900435302417446182 ) ) ;
#1537 = CARTESIAN_POINT ( 'NONE',  ( -11.09999999999999787, 117.0000000000000000, 0.000000000000000000 ) ) ;
#1538 = EDGE_CURVE ( 'NONE', #359, #79, #744, .T. ) ;
#1539 = DIRECTION ( 'NONE',  ( 1.000000000000000000, 0.000000000000000000, 0.000000000000000000 ) ) ;
#1540 = CARTESIAN_POINT ( 'NONE',  ( 31.19999999999999929, 111.6500000000000057, 4.000000000000003553 ) ) ;
#1541 = AXIS2_PLACEMENT_3D ( 'NONE', #530, #1383, #145 ) ;
#1542 = ORIENTED_EDGE ( 'NONE', *, *, #856, .T. ) ;
#1543 = APPLICATION_CONTEXT ( 'configuration controlled 3d designs of mechanical parts and assemblies' ) ;
#1544 = CARTESIAN_POINT ( 'NONE',  ( -36.00000000000000000, 104.0000000000000000, 44.00000000000000000 ) ) ;
#1545 = CARTESIAN_POINT ( 'NONE',  ( 0.000000000000000000, 70.00000000000000000, 0.000000000000000000 ) ) ;
#1546 = DIRECTION ( 'NONE',  ( -0.000000000000000000, -1.000000000000000000, -0.000000000000000000 ) ) ;
#1547 = EDGE_CURVE ( 'NONE', #1532, #620, #1523, .T. ) ;
#1548 = CARTESIAN_POINT ( 'NONE',  ( 31.19999999999999929, 132.3499999999999943, 0.000000000000000000 ) ) ;
#1549 = CARTESIAN_POINT ( 'NONE',  ( -14.90000000000000036, 127.0000000000000000, 4.000000000000003553 ) ) ;
#1550 = ORIENTED_EDGE ( 'NONE', *, *, #1343, .F. ) ;
#1551 = DIRECTION ( 'NONE',  ( -1.000000000000000000, 0.000000000000000000, 0.000000000000000000 ) ) ;
#1552 = AXIS2_PLACEMENT_3D ( 'NONE', #1119, #405, #1395 ) ;
#1553 = ORIENTED_EDGE ( 'NONE', *, *, #1315, .F. ) ;
#1554 = CARTESIAN_POINT ( 'NONE',  ( 0.000000000000000000, 0.000000000000000000, -8.000000000000000000 ) ) ;
#1555 = DIRECTION ( 'NONE',  ( -1.000000000000000000, 0.000000000000000000, 0.000000000000000000 ) ) ;
#1556 = ORIENTED_EDGE ( 'NONE', *, *, #895, .F. ) ;
#1557 = DIRECTION ( 'NONE',  ( 0.000000000000000000, -0.000000000000000000, 1.000000000000000000 ) ) ;
#1558 = CC_DESIGN_PERSON_AND_ORGANIZATION_ASSIGNMENT ( #1146, #652, ( #1610 ) ) ;
#1559 = EDGE_CURVE ( 'NONE', #964, #1307, #1470, .T. ) ;
#1560 = EDGE_LOOP ( 'NONE', ( #111, #464 ) ) ;
#1561 = CARTESIAN_POINT ( 'NONE',  ( 1.749895903595128477, 44.40016560815453772, 0.07692224596731775388 ) ) ;
#1562 = DIRECTION ( 'NONE',  ( 0.000000000000000000, 0.000000000000000000, -1.000000000000000000 ) ) ;
#1563 = ORIENTED_EDGE ( 'NONE', *, *, #323, .T. ) ;
#1564 = LINE ( 'NONE', #438, #684 ) ;
#1565 = FACE_OUTER_BOUND ( 'NONE', #1480, .T. ) ;
#1566 = CARTESIAN_POINT ( 'NONE',  ( 0.000000000000000000, 70.00000000000000000, 0.000000000000000000 ) ) ;
#1567 = ORIENTED_EDGE ( 'NONE', *, *, #685, .T. ) ;
#1568 = AXIS2_PLACEMENT_3D ( 'NONE', #1334, #984, #862 ) ;
#1569 = ORIENTED_EDGE ( 'NONE', *, *, #1217, .F. ) ;
#1570 = EDGE_CURVE ( 'NONE', #546, #957, #834, .T. ) ;
#1571 = CARTESIAN_POINT ( 'NONE',  ( 1.361065758881620402, 45.35051835478783744, -1.099999999999998757 ) ) ;
#1572 = AXIS2_PLACEMENT_3D ( 'NONE', #832, #207, #82 ) ;
#1573 = DIRECTION ( 'NONE',  ( 0.000000000000000000, 0.000000000000000000, 1.000000000000000000 ) ) ;
#1574 = ORIENTED_EDGE ( 'NONE', *, *, #110, .T. ) ;
#1575 = CARTESIAN_POINT ( 'NONE',  ( -1.663549969099136883, 44.54244136438018131, 0.5602576160964214402 ) ) ;
#1576 = DIRECTION ( 'NONE',  ( -1.000000000000000000, 0.000000000000000000, 0.000000000000000000 ) ) ;
#1577 = AXIS2_PLACEMENT_3D ( 'NONE', #57, #922, #1045 ) ;
#1578 = EDGE_LOOP ( 'NONE', ( #1367, #558, #1459, #387 ) ) ;
#1579 = ORIENTED_EDGE ( 'NONE', *, *, #1600, .F. ) ;
#1580 = CARTESIAN_POINT ( 'NONE',  ( 0.000000000000000000, 70.00000000000000000, 0.000000000000000000 ) ) ;
#1581 = VERTEX_POINT ( 'NONE', #1207 ) ;
#1582 = EDGE_CURVE ( 'NONE', #490, #117, #719, .T. ) ;
#1583 = DIRECTION ( 'NONE',  ( -1.000000000000000000, 0.000000000000000000, 0.000000000000000000 ) ) ;
#1584 = FACE_OUTER_BOUND ( 'NONE', #344, .T. ) ;
#1585 = ADVANCED_FACE ( 'NONE', ( #1616 ), #601, .F. ) ;
#1586 = ORIENTED_EDGE ( 'NONE', *, *, #423, .T. ) ;
#1587 = CARTESIAN_POINT ( 'NONE',  ( 3.000000000000000000, 72.00000000000000000, -2.569533031505919052 ) ) ;
#1588 = FACE_OUTER_BOUND ( 'NONE', #1327, .T. ) ;
#1589 = VERTEX_POINT ( 'NONE', #483 ) ;
#1590 = DIRECTION ( 'NONE',  ( 0.000000000000000000, 0.000000000000000000, -1.000000000000000000 ) ) ;
#1591 = CARTESIAN_POINT ( 'NONE',  ( -10.50000000000000000, 132.3499999999999943, 44.00000000000000000 ) ) ;
#1592 = ADVANCED_FACE ( 'NONE', ( #1328 ), #476, .F. ) ;
#1593 = CARTESIAN_POINT ( 'NONE',  ( 3.000000000000000000, 47.99999999999999289, 5.000000000000000000 ) ) ;
#1594 = EDGE_LOOP ( 'NONE', ( #1198, #1092, #1370, #140 ) ) ;
#1595 = CARTESIAN_POINT ( 'NONE',  ( 35.89999999999999858, 127.0000000000000000, 44.00000000000000000 ) ) ;
#1596 = VECTOR ( 'NONE', #43, 1000.000000000000000 ) ;
#1597 = FACE_OUTER_BOUND ( 'NONE', #738, .T. ) ;
#1598 = ORIENTED_EDGE ( 'NONE', *, *, #904, .F. ) ;
#1599 = AXIS2_PLACEMENT_3D ( 'NONE', #32, #510, #1004 ) ;
#1600 = EDGE_CURVE ( 'NONE', #811, #457, #369, .T. ) ;
#1601 = ORIENTED_EDGE ( 'NONE', *, *, #484, .T. ) ;
#1602 = EDGE_CURVE ( 'NONE', #1081, #1465, #261, .T. ) ;
#1603 = CARTESIAN_POINT ( 'NONE',  ( -16.00000000000000000, 77.00000000000000000, 0.000000000000000000 ) ) ;
#1604 = CARTESIAN_POINT ( 'NONE',  ( 0.000000000000000000, 76.00000000000000000, 0.000000000000000000 ) ) ;
#1605 = VERTEX_POINT ( 'NONE', #755 ) ;
#1606 = AXIS2_PLACEMENT_3D ( 'NONE', #412, #517, #996 ) ;
#1607 = CARTESIAN_POINT ( 'NONE',  ( -11.09999999999999787, 117.0000000000000000, 44.00000000000000000 ) ) ;
#1608 = CARTESIAN_POINT ( 'NONE',  ( -1.616067860719646365, 46.37553760300830419, -0.6804146829483240788 ) ) ;
#1609 = ORIENTED_EDGE ( 'NONE', *, *, #350, .F. ) ;
#1610 = PRODUCT_DEFINITION ( 'UNKNOWN', '', #1104, #204 ) ;
#1611 = AXIS2_PLACEMENT_3D ( 'NONE', #972, #978, #1486 ) ;
#1612 = CARTESIAN_POINT ( 'NONE',  ( 4.837354856632044071E-16, 72.00000000000000000, 3.950000000000000178 ) ) ;
#1613 = ADVANCED_FACE ( 'NONE', ( #884 ), #1024, .F. ) ;
#1614 = CARTESIAN_POINT ( 'NONE',  ( 0.000000000000000000, 72.00000000000001421, 0.000000000000000000 ) ) ;
#1615 = ORIENTED_EDGE ( 'NONE', *, *, #1137, .T. ) ;
#1616 = FACE_OUTER_BOUND ( 'NONE', #953, .T. ) ;
#1617 = CARTESIAN_POINT ( 'NONE',  ( -11.09999999999999787, 117.0000000000000000, 4.000000000000003553 ) ) ;
#1618 = ORIENTED_EDGE ( 'NONE', *, *, #521, .T. ) ;
#1619 = VERTEX_POINT ( 'NONE', #383 ) ;
#1620 = DIRECTION ( 'NONE',  ( -1.000000000000000000, 0.000000000000000000, 0.000000000000000000 ) ) ;
#1621 = ORIENTED_EDGE ( 'NONE', *, *, #282, .T. ) ;
#1622 = CARTESIAN_POINT ( 'NONE',  ( 31.19999999999999929, 132.3499999999999943, 44.00000000000000000 ) ) ;
ENDSEC;
END-ISO-10303-21;
