ISO-10303-21;
HEADER;
FILE_DESCRIPTION (( 'STEP AP203' ),
    '1' );
FILE_NAME ('ARM-003_Yaw_D_drive_collar.step',
    '2026-09-08T04:00:33',
    ( '' ),
    ( '' ),
    'SwSTEP 2.0',
    'SolidWorks 2026',
    '' );
FILE_SCHEMA (( 'CONFIG_CONTROL_DESIGN' ));
ENDSEC;

DATA;
#1 = CARTESIAN_POINT ( 'NONE',  ( -8.000000000000000000, 48.00000000000000000, -1.100000000000000311 ) ) ;
#2 = VERTEX_POINT ( 'NONE', #212 ) ;
#3 = ORGANIZATION ( 'UNSPECIFIED', 'UNSPECIFIED', '' ) ;
#4 = DIRECTION ( 'NONE',  ( 0.000000000000000000, -1.000000000000000000, 0.000000000000000000 ) ) ;
#5 = CIRCLE ( 'NONE', #465, 1.100000000000000311 ) ;
#6 = CARTESIAN_POINT ( 'NONE',  ( -8.000000000000000000, 48.00000000000000000, 1.100000000000000311 ) ) ;
#7 = EDGE_CURVE ( 'NONE', #1278, #307, #799, .T. ) ;
#8 = FACE_OUTER_BOUND ( 'NONE', #1313, .T. ) ;
#9 = APPROVAL_STATUS ( 'not_yet_approved' ) ;
#10 = EDGE_CURVE ( 'NONE', #118, #1076, #1224, .T. ) ;
#11 = DIRECTION ( 'NONE',  ( -1.000000000000000000, 0.000000000000000000, 0.000000000000000000 ) ) ;
#12 = CARTESIAN_POINT ( 'NONE',  ( -7.120774663875802268, 42.83238914543270681, 0.6764098403217003730 ) ) ;
#13 = VERTEX_POINT ( 'NONE', #322 ) ;
#14 = DIRECTION ( 'NONE',  ( 0.000000000000000000, 1.000000000000000000, 0.000000000000000000 ) ) ;
#15 = CARTESIAN_POINT ( 'NONE',  ( -6.816873139757940514, 47.74910970999683002, -1.603625134843279954 ) ) ;
#16 = FACE_OUTER_BOUND ( 'NONE', #162, .T. ) ;
#17 = APPROVAL_DATE_TIME ( #882, #1141 ) ;
#18 = ADVANCED_FACE ( 'NONE', ( #1564 ), #842, .F. ) ;
#19 = CARTESIAN_POINT ( 'NONE',  ( 4.959819536546779614E-16, 48.00000000000000000, 4.049999999999999822 ) ) ;
#20 = VERTEX_POINT ( 'NONE', #970 ) ;
#21 = FACE_OUTER_BOUND ( 'NONE', #611, .T. ) ;
#22 = DIRECTION ( 'NONE',  ( 0.000000000000000000, 0.000000000000000000, -1.000000000000000000 ) ) ;
#23 = CIRCLE ( 'NONE', #1258, 1.100000000000000089 ) ;
#24 = DIRECTION ( 'NONE',  ( 0.000000000000000000, 0.000000000000000000, -1.000000000000000000 ) ) ;
#25 = EDGE_CURVE ( 'NONE', #342, #592, #541, .T. ) ;
#26 = DIRECTION ( 'NONE',  ( 0.000000000000000000, 0.000000000000000000, 1.000000000000000000 ) ) ;
#27 = ORIENTED_EDGE ( 'NONE', *, *, #1367, .F. ) ;
#28 = DIRECTION ( 'NONE',  ( 0.000000000000000000, 0.000000000000000000, -1.000000000000000000 ) ) ;
#29 = CARTESIAN_POINT ( 'NONE',  ( -8.959050865261605878, 42.80378450619250685, 0.5579999546474331273 ) ) ;
#30 = AXIS2_PLACEMENT_3D ( 'NONE', #1194, #320, #688 ) ;
#31 = ORIENTED_EDGE ( 'NONE', *, *, #1247, .F. ) ;
#32 = DIRECTION ( 'NONE',  ( 0.000000000000000000, -1.000000000000000000, 0.000000000000000000 ) ) ;
#33 = DIRECTION ( 'NONE',  ( 0.000000000000000000, 0.000000000000000000, 1.000000000000000000 ) ) ;
#34 = CIRCLE ( 'NONE', #445, 2.749999999999999112 ) ;
#35 = AXIS2_PLACEMENT_3D ( 'NONE', #451, #1060, #803 ) ;
#36 = ORIENTED_EDGE ( 'NONE', *, *, #941, .T. ) ;
#37 = DIRECTION ( 'NONE',  ( 0.000000000000000000, -1.000000000000000000, 0.000000000000000000 ) ) ;
#38 = DIRECTION ( 'NONE',  ( 0.000000000000000000, 1.000000000000000000, 0.000000000000000000 ) ) ;
#39 = ADVANCED_FACE ( 'NONE', ( #1205 ), #446, .T. ) ;
#40 = CYLINDRICAL_SURFACE ( 'NONE', #1418, 2.750000000000000000 ) ;
#41 = ORIENTED_EDGE ( 'NONE', *, *, #131, .F. ) ;
#42 = DIRECTION ( 'NONE',  ( 0.000000000000000000, 0.000000000000000000, -1.000000000000000000 ) ) ;
#43 = CARTESIAN_POINT ( 'NONE',  ( 0.000000000000000000, 41.00000000000000000, -4.049999999999999822 ) ) ;
#44 = DIRECTION ( 'NONE',  ( 0.000000000000000000, 0.000000000000000000, 1.000000000000000000 ) ) ;
#45 = EDGE_CURVE ( 'NONE', #638, #1008, #158, .T. ) ;
#46 = ORIENTED_EDGE ( 'NONE', *, *, #1577, .F. ) ;
#47 = VERTEX_POINT ( 'NONE', #949 ) ;
#48 = FACE_OUTER_BOUND ( 'NONE', #1279, .T. ) ;
#49 = CARTESIAN_POINT ( 'NONE',  ( 9.070636078405216907, 42.76209229805473200, -0.2904418396049764373 ) ) ;
#50 = CARTESIAN_POINT ( 'NONE',  ( -6.469576303269104045, 44.84128164293299790, 2.673249954226671665 ) ) ;
#51 = CIRCLE ( 'NONE', #290, 2.750000000000000000 ) ;
#52 = EDGE_CURVE ( 'NONE', #1216, #299, #372, .T. ) ;
#53 = ORIENTED_EDGE ( 'NONE', *, *, #1001, .T. ) ;
#54 = ORIENTED_EDGE ( 'NONE', *, *, #731, .T. ) ;
#55 = CARTESIAN_POINT ( 'NONE',  ( -11.96827540105580745, 42.89133515153957177, -0.8997237105388753431 ) ) ;
#56 = AXIS2_PLACEMENT_3D ( 'NONE', #520, #1517, #1373 ) ;
#57 = CYLINDRICAL_SURFACE ( 'NONE', #1488, 12.00000000000000000 ) ;
#58 = CARTESIAN_POINT ( 'NONE',  ( -6.441332276753947816, 45.23468883201868351, 2.740377411041130529 ) ) ;
#59 = CARTESIAN_POINT ( 'NONE',  ( 0.000000000000000000, 48.00000000000000000, -8.000000000000000000 ) ) ;
#60 = CYLINDRICAL_SURFACE ( 'NONE', #1181, 1.100000000000000089 ) ;
#61 = AXIS2_PLACEMENT_3D ( 'NONE', #542, #420, #190 ) ;
#62 = ORIENTED_EDGE ( 'NONE', *, *, #554, .F. ) ;
#63 = VERTEX_POINT ( 'NONE', #1572 ) ;
#64 = EDGE_CURVE ( 'NONE', #1076, #691, #960, .T. ) ;
#65 = CARTESIAN_POINT ( 'NONE',  ( -11.99996924067961679, 42.75013422251042527, -0.2315981762266175747 ) ) ;
#66 = FACE_OUTER_BOUND ( 'NONE', #169, .T. ) ;
#67 = DIRECTION ( 'NONE',  ( 0.000000000000000000, 0.000000000000000000, -1.000000000000000000 ) ) ;
#68 = CYLINDRICAL_SURFACE ( 'NONE', #30, 1.100000000000000311 ) ;
#69 =( LENGTH_UNIT ( ) NAMED_UNIT ( * ) SI_UNIT ( .MILLI., .METRE. ) );
#70 = VECTOR ( 'NONE', #298, 1000.000000000000000 ) ;
#71 = ORIENTED_EDGE ( 'NONE', *, *, #478, .F. ) ;
#72 = ORIENTED_EDGE ( 'NONE', *, *, #760, .T. ) ;
#73 = DIRECTION ( 'NONE',  ( 0.000000000000000000, 0.000000000000000000, 1.000000000000000000 ) ) ;
#74 = AXIS2_PLACEMENT_3D ( 'NONE', #790, #1524, #317 ) ;
#75 = CARTESIAN_POINT ( 'NONE',  ( 3.100000000000000533, 45.50000000000000000, 0.000000000000000000 ) ) ;
#76 = ADVANCED_FACE ( 'NONE', ( #1364, #1393, #402, #1243, #1512, #167 ), #1120, .F. ) ;
#77 = CARTESIAN_POINT ( 'NONE',  ( 8.000000000000000000, 48.00000000000000000, 0.000000000000000000 ) ) ;
#78 = DIRECTION ( 'NONE',  ( -0.000000000000000000, -1.000000000000000000, -0.000000000000000000 ) ) ;
#79 = CARTESIAN_POINT ( 'NONE',  ( -7.039795320239194076, 42.80335949762989145, -0.5555403203561979364 ) ) ;
#80 = VECTOR ( 'NONE', #1111, 1000.000000000000000 ) ;
#81 = EDGE_LOOP ( 'NONE', ( #225, #1435, #1436, #1112 ) ) ;
#82 = ORIENTED_EDGE ( 'NONE', *, *, #975, .F. ) ;
#83 = CARTESIAN_POINT ( 'NONE',  ( -11.80106453320463267, 43.80765869177193395, 2.179712050169155813 ) ) ;
#84 = AXIS2_PLACEMENT_3D ( 'NONE', #946, #678, #819 ) ;
#85 = ORIENTED_EDGE ( 'NONE', *, *, #1108, .F. ) ;
#86 = CYLINDRICAL_SURFACE ( 'NONE', #1041, 2.750000000000000000 ) ;
#87 = CARTESIAN_POINT ( 'NONE',  ( -6.000000000000000000, 45.50000000000000000, 0.000000000000000000 ) ) ;
#88 = ADVANCED_FACE ( 'NONE', ( #257 ), #502, .T. ) ;
#89 = CARTESIAN_POINT ( 'NONE',  ( 3.100000000000000089, 48.00000000000000000, 2.399999999999999911 ) ) ;
#90 = AXIS2_PLACEMENT_3D ( 'NONE', #835, #14, #703 ) ;
#91 = VERTEX_POINT ( 'NONE', #19 ) ;
#92 = ORIENTED_EDGE ( 'NONE', *, *, #775, .F. ) ;
#93 = ORIENTED_EDGE ( 'NONE', *, *, #1314, .T. ) ;
#94 = B_SPLINE_CURVE_WITH_KNOTS ( 'NONE', 3,
 ( #1105, #1569, #15, #1088, #865, #1448, #595, #744, #227, #1239, #128, #506, #996, #828 ),
 .UNSPECIFIED., .F., .F.,
 ( 4, 2, 2, 2, 2, 2, 4 ),
 ( 0.000000000000000000, 0.0007906590634375419832, 0.001185988595156320076, 0.001581318126875098061, 0.002371977190312653163, 0.002767306722031430931, 0.003162636253750208699 ),
 .UNSPECIFIED. ) ;
#95 = CARTESIAN_POINT ( 'NONE',  ( 0.000000000000000000, 44.00000000000000000, 0.000000000000000000 ) ) ;
#96 = DIRECTION ( 'NONE',  ( 1.000000000000000000, 0.000000000000000000, 0.000000000000000000 ) ) ;
#97 = DIRECTION ( 'NONE',  ( -0.000000000000000000, -1.000000000000000000, -0.000000000000000000 ) ) ;
#98 = CARTESIAN_POINT ( 'NONE',  ( 12.00000000000000000, 45.50000000000000000, 2.750000000000000000 ) ) ;
#99 = EDGE_CURVE ( 'NONE', #63, #2, #510, .T. ) ;
#100 = DIRECTION ( 'NONE',  ( 0.000000000000000000, 0.000000000000000000, 1.000000000000000000 ) ) ;
#101 = ORIENTED_EDGE ( 'NONE', *, *, #45, .T. ) ;
#102 = EDGE_LOOP ( 'NONE', ( #1340, #1477, #1186, #1453 ) ) ;
#103 = CARTESIAN_POINT ( 'NONE',  ( 7.444918918198077940, 42.92247255376434367, 0.9603944908618217147 ) ) ;
#104 = CARTESIAN_POINT ( 'NONE',  ( 3.100000000000000089, 48.00000000000000000, 2.399999999999999911 ) ) ;
#105 = DIRECTION ( 'NONE',  ( -1.000000000000000000, 0.000000000000000000, -0.000000000000000000 ) ) ;
#106 = DIRECTION ( 'NONE',  ( 0.000000000000000000, -1.000000000000000000, 0.000000000000000000 ) ) ;
#107 = ORIENTED_EDGE ( 'NONE', *, *, #1437, .T. ) ;
#108 = EDGE_CURVE ( 'NONE', #730, #655, #132, .T. ) ;
#109 = CARTESIAN_POINT ( 'NONE',  ( -3.994409610229123331, 44.62102978166600309, 0.6765854800915981349 ) ) ;
#110 = VERTEX_POINT ( 'NONE', #124 ) ;
#111 = DIRECTION ( 'NONE',  ( 0.000000000000000000, 1.000000000000000000, 0.000000000000000000 ) ) ;
#112 = AXIS2_PLACEMENT_3D ( 'NONE', #1489, #471, #1079 ) ;
#113 = CARTESIAN_POINT ( 'NONE',  ( -4.041793987453492498, 46.57071413543118155, 0.2899732476379144885 ) ) ;
#114 = CARTESIAN_POINT ( 'NONE',  ( -6.816091093722637773, 47.74666126132438393, 1.606738752447796958 ) ) ;
#115 = DIRECTION ( 'NONE',  ( 0.000000000000000000, 1.000000000000000000, 0.000000000000000000 ) ) ;
#116 = ORIENTED_EDGE ( 'NONE', *, *, #1031, .F. ) ;
#117 = CARTESIAN_POINT ( 'NONE',  ( -6.457433250572952588, 44.97259496171182036, -2.702218849626250918 ) ) ;
#118 = VERTEX_POINT ( 'NONE', #860 ) ;
#119 = EDGE_CURVE ( 'NONE', #1196, #342, #297, .T. ) ;
#120 = CARTESIAN_POINT ( 'NONE',  ( 6.905613658466567273, 48.00000000000000000, -1.145643923738954628 ) ) ;
#121 = ADVANCED_FACE ( 'NONE', ( #1148 ), #1591, .F. ) ;
#122 = DIRECTION ( 'NONE',  ( -0.000000000000000000, -1.000000000000000000, -0.000000000000000000 ) ) ;
#123 = CARTESIAN_POINT ( 'NONE',  ( 6.441377084039342726, 45.76614042000488780, -2.740271585420120726 ) ) ;
#124 = CARTESIAN_POINT ( 'NONE',  ( 6.000000000000000000, 48.00000000000000000, 1.145643923738954628 ) ) ;
#125 = DIRECTION ( 'NONE',  ( -0.000000000000000000, -1.000000000000000000, -0.000000000000000000 ) ) ;
#126 = EDGE_LOOP ( 'NONE', ( #985, #54, #361, #278, #551, #832, #27, #382 ) ) ;
#127 = CARTESIAN_POINT ( 'NONE',  ( 6.437196594791866566, 45.50000000000000000, 2.750000000000000000 ) ) ;
#128 = CARTESIAN_POINT ( 'NONE',  ( -6.457518781622470172, 46.02845067969364123, -2.702014877186277531 ) ) ;
#129 = LINE ( 'NONE', #1212, #1539 ) ;
#130 = APPROVAL_ROLE ( '' ) ;
#131 = EDGE_CURVE ( 'NONE', #843, #788, #313, .T. ) ;
#132 = LINE ( 'NONE', #786, #1249 ) ;
#133 = CARTESIAN_POINT ( 'NONE',  ( 0.000000000000000000, 48.00000000000000000, 8.000000000000000000 ) ) ;
#134 = ORIENTED_EDGE ( 'NONE', *, *, #1228, .F. ) ;
#135 = LINE ( 'NONE', #627, #480 ) ;
#136 = LINE ( 'NONE', #349, #978 ) ;
#137 = EDGE_CURVE ( 'NONE', #243, #149, #780, .T. ) ;
#138 = CIRCLE ( 'NONE', #962, 1.100000000000000089 ) ;
#139 = ORIENTED_EDGE ( 'NONE', *, *, #1073, .F. ) ;
#140 = CARTESIAN_POINT ( 'NONE',  ( -7.709583564426794489, 42.96629497906862127, 1.070698219246311700 ) ) ;
#141 = EDGE_LOOP ( 'NONE', ( #895, #391, #93, #273 ) ) ;
#142 = DIRECTION ( 'NONE',  ( 1.000000000000000000, 0.000000000000000000, 0.000000000000000000 ) ) ;
#143 = CARTESIAN_POINT ( 'NONE',  ( 2.360923410571791337, 48.00000000000000000, -6.589843749999999112 ) ) ;
#144 = CIRCLE ( 'NONE', #222, 1.100000000000000089 ) ;
#145 = CIRCLE ( 'NONE', #633, 7.000000000000000000 ) ;
#146 = CARTESIAN_POINT ( 'NONE',  ( 8.000000000000000000, 42.97958336777428201, 1.100000000000000311 ) ) ;
#147 = DIRECTION ( 'NONE',  ( 0.000000000000000000, 1.000000000000000000, 0.000000000000000000 ) ) ;
#148 = EDGE_CURVE ( 'NONE', #20, #91, #667, .T. ) ;
#149 = VERTEX_POINT ( 'NONE', #492 ) ;
#150 = PLANE ( 'NONE',  #1163 ) ;
#151 = CC_DESIGN_APPROVAL ( #1141, ( #491 ) ) ;
#152 = DIRECTION ( 'NONE',  ( 0.000000000000000000, 0.000000000000000000, 1.000000000000000000 ) ) ;
#153 = VECTOR ( 'NONE', #829, 1000.000000000000000 ) ;
#154 = ORIENTED_EDGE ( 'NONE', *, *, #741, .T. ) ;
#155 = EDGE_CURVE ( 'NONE', #241, #47, #1385, .T. ) ;
#156 = CARTESIAN_POINT ( 'NONE',  ( -6.000000000000000000, 45.50000000000000000, -1.100000000000000089 ) ) ;
#157 = CARTESIAN_POINT ( 'NONE',  ( -9.070260884029346826, 42.76223854943361857, -0.2916468250128388950 ) ) ;
#158 = CIRCLE ( 'NONE', #1013, 2.750000000000000000 ) ;
#159 = CARTESIAN_POINT ( 'NONE',  ( 0.000000000000000000, 41.00000000000000000, 0.000000000000000000 ) ) ;
#160 = VECTOR ( 'NONE', #974, 1000.000000000000000 ) ;
#161 = VERTEX_POINT ( 'NONE', #608 ) ;
#162 = EDGE_LOOP ( 'NONE', ( #1189, #1382, #1139, #809 ) ) ;
#163 = CARTESIAN_POINT ( 'NONE',  ( 0.000000000000000000, 44.00000000000000711, 0.000000000000000000 ) ) ;
#164 = ADVANCED_FACE ( 'NONE', ( #408 ), #40, .F. ) ;
#165 = FACE_BOUND ( 'NONE', #316, .T. ) ;
#166 = CIRCLE ( 'NONE', #841, 7.000000000000000000 ) ;
#167 = FACE_BOUND ( 'NONE', #1328, .T. ) ;
#168 = EDGE_LOOP ( 'NONE', ( #1152, #1253, #1033, #71, #1548, #1309, #733, #186, #1158, #469, #1420, #154, #1302 ) ) ;
#169 = EDGE_LOOP ( 'NONE', ( #1266, #1144, #1522, #1294, #416, #902 ) ) ;
#170 = DIRECTION ( 'NONE',  ( 0.000000000000000000, 0.000000000000000000, 1.000000000000000000 ) ) ;
#171 = CARTESIAN_POINT ( 'NONE',  ( 4.959819536546779614E-16, 41.00000000000000000, 4.049999999999999822 ) ) ;
#172 = CARTESIAN_POINT ( 'NONE',  ( -6.000000000000000000, 45.50000000000000000, 1.100000000000000089 ) ) ;
#173 = VECTOR ( 'NONE', #377, 1000.000000000000000 ) ;
#174 = ADVANCED_FACE ( 'NONE', ( #1356 ), #1029, .F. ) ;
#175 = APPROVAL_PERSON_ORGANIZATION ( #849, #1141, #130 ) ;
#176 = CARTESIAN_POINT ( 'NONE',  ( -7.855374689960142653, 42.97958336777428912, 1.100000000000000533 ) ) ;
#177 = ORIENTED_EDGE ( 'NONE', *, *, #52, .F. ) ;
#178 = ORIENTED_EDGE ( 'NONE', *, *, #7, .F. ) ;
#179 = CARTESIAN_POINT ( 'NONE',  ( 3.100000000000000089, 48.00000000000000000, 2.399999999999999911 ) ) ;
#180 = FACE_OUTER_BOUND ( 'NONE', #81, .T. ) ;
#181 = CARTESIAN_POINT ( 'NONE',  ( 6.000000000000000000, 45.50000000000000000, 0.000000000000000000 ) ) ;
#182 = LINE ( 'NONE', #1433, #959 ) ;
#183 = CARTESIAN_POINT ( 'NONE',  ( 3.262284475639731340, 44.00000000000000711, 2.399999999999999911 ) ) ;
#184 = CC_DESIGN_PERSON_AND_ORGANIZATION_ASSIGNMENT ( #1222, #1363, ( #491 ) ) ;
#185 = CIRCLE ( 'NONE', #474, 2.750000000000000000 ) ;
#186 = ORIENTED_EDGE ( 'NONE', *, *, #119, .T. ) ;
#187 = ORIENTED_EDGE ( 'NONE', *, *, #581, .T. ) ;
#188 = CARTESIAN_POINT ( 'NONE',  ( 6.469576303269103157, 44.84128164293300500, -2.673249954226672997 ) ) ;
#189 = VECTOR ( 'NONE', #1128, 1000.000000000000000 ) ;
#190 = DIRECTION ( 'NONE',  ( 0.000000000000000000, -0.000000000000000000, -1.000000000000000000 ) ) ;
#191 = DIRECTION ( 'NONE',  ( 1.000000000000000000, 0.000000000000000000, 0.000000000000000000 ) ) ;
#192 = CARTESIAN_POINT ( 'NONE',  ( 11.99333597093414028, 42.77867239609447125, 0.4571773388092716939 ) ) ;
#193 = EDGE_LOOP ( 'NONE', ( #240, #1260, #1429, #354, #889, #139, #1347, #983 ) ) ;
#194 = EDGE_CURVE ( 'NONE', #1094, #1366, #392, .T. ) ;
#195 = DIRECTION ( 'NONE',  ( 1.000000000000000000, 0.000000000000000000, 0.000000000000000000 ) ) ;
#196 = CARTESIAN_POINT ( 'NONE',  ( 8.878961833684661187, 42.83245566102277735, -0.6765901870285547792 ) ) ;
#197 = FACE_BOUND ( 'NONE', #331, .T. ) ;
#198 = CARTESIAN_POINT ( 'NONE',  ( 11.77656571331387525, 44.00000000000000711, -2.304886114323225321 ) ) ;
#199 = CARTESIAN_POINT ( 'NONE',  ( 6.865723972125027608, 47.88981489486718601, 1.386087535514138436 ) ) ;
#200 = CC_DESIGN_APPROVAL ( #1282, ( #1109 ) ) ;
#201 = AXIS2_PLACEMENT_3D ( 'NONE', #1089, #239, #891 ) ;
#202 = VECTOR ( 'NONE', #1476, 1000.000000000000000 ) ;
#203 = ORIENTED_EDGE ( 'NONE', *, *, #45, .F. ) ;
#204 = VERTEX_POINT ( 'NONE', #414 ) ;
#205 = CARTESIAN_POINT ( 'NONE',  ( -8.000000000000000000, 48.00000000000000000, 0.000000000000000000 ) ) ;
#206 = ORIENTED_EDGE ( 'NONE', *, *, #1460, .T. ) ;
#207 = EDGE_CURVE ( 'NONE', #1321, #495, #379, .T. ) ;
#208 = B_SPLINE_CURVE_WITH_KNOTS ( 'NONE', 3,
 ( #680, #199, #958, #568, #689, #1417, #444, #1554, #932, #453, #558, #1326, #1425, #1063 ),
 .UNSPECIFIED., .F., .F.,
 ( 4, 2, 2, 2, 2, 2, 4 ),
 ( 0.000000000000000000, 0.0007906590634375419832, 0.001185988595156320076, 0.001581318126875098061, 0.002371977190312653163, 0.002767306722031430931, 0.003162636253750208699 ),
 .UNSPECIFIED. ) ;
#209 = CARTESIAN_POINT ( 'NONE',  ( 6.928902607535346370, 42.76192603258546399, 0.2896426891896045630 ) ) ;
#210 = DIRECTION ( 'NONE',  ( 0.000000000000000000, 0.000000000000000000, 1.000000000000000000 ) ) ;
#211 = DIRECTION ( 'NONE',  ( -1.000000000000000000, 0.000000000000000000, 0.000000000000000000 ) ) ;
#212 = CARTESIAN_POINT ( 'NONE',  ( 6.000000000000000000, 45.50000000000000000, -2.750000000000000000 ) ) ;
#213 = ORIENTED_EDGE ( 'NONE', *, *, #303, .F. ) ;
#214 = ORIENTED_EDGE ( 'NONE', *, *, #509, .T. ) ;
#215 = CARTESIAN_POINT ( 'NONE',  ( 0.000000000000000000, 48.00000000000000000, -9.099999999999999645 ) ) ;
#216 = EDGE_CURVE ( 'NONE', #236, #1338, #34, .T. ) ;
#217 = FACE_OUTER_BOUND ( 'NONE', #486, .T. ) ;
#218 = CARTESIAN_POINT ( 'NONE',  ( -6.000000000000000000, 44.00000000000000711, 2.304886114323225321 ) ) ;
#219 = CARTESIAN_POINT ( 'NONE',  ( -7.441945412308863972, 42.92191036638866564, -0.9589429212077495990 ) ) ;
#220 = EDGE_CURVE ( 'NONE', #1592, #292, #1560, .T. ) ;
#221 = B_SPLINE_CURVE_WITH_KNOTS ( 'NONE', 3,
 ( #1544, #335, #576, #440, #1315, #928, #449, #326, #1422, #818, #209, #855, #603, #864, #103, #1351, #846, #366 ),
 .UNSPECIFIED., .F., .F.,
 ( 4, 2, 2, 2, 2, 2, 2, 2, 4 ),
 ( 0.000000000000000000, 0.0004344620062098826941, 0.0008689240124197653882, 0.001303386018629648082, 0.001737848024839530776, 0.002172310031049413254, 0.002606772037259296165, 0.003041234043469179076, 0.003475696049679061553 ),
 .UNSPECIFIED. ) ;
#222 = AXIS2_PLACEMENT_3D ( 'NONE', #75, #1439, #1161 ) ;
#223 = DIRECTION ( 'NONE',  ( 0.000000000000000000, 1.000000000000000000, 0.000000000000000000 ) ) ;
#224 = ORIENTED_EDGE ( 'NONE', *, *, #1523, .T. ) ;
#225 = ORIENTED_EDGE ( 'NONE', *, *, #148, .T. ) ;
#226 = CARTESIAN_POINT ( 'NONE',  ( 2.360923410571791337, 44.00000000000000000, -6.589843750000000888 ) ) ;
#227 = CARTESIAN_POINT ( 'NONE',  ( -6.514753208766933312, 46.53267108062811275, -2.562114570348315912 ) ) ;
#228 = CARTESIAN_POINT ( 'NONE',  ( -6.583178390557679727, 46.88274523150815298, 2.380610386006558610 ) ) ;
#229 = EDGE_CURVE ( 'NONE', #1327, #1122, #1193, .T. ) ;
#230 = B_SPLINE_CURVE_WITH_KNOTS ( 'NONE', 3,
 ( #1403, #419, #1542, #188, #547, #439, #1421, #810 ),
 .UNSPECIFIED., .F., .F.,
 ( 4, 2, 2, 4 ),
 ( 0.000000000000000000, 0.0007962945899204120154, 0.001194441884880608103, 0.001592589179840804298 ),
 .UNSPECIFIED. ) ;
#231 = LOCAL_TIME ( 23, 0, 33.00000000000000000, #1459 ) ;
#232 = ORIENTED_EDGE ( 'NONE', *, *, #1472, .F. ) ;
#233 = ORIENTED_EDGE ( 'NONE', *, *, #1126, .F. ) ;
#234 = AXIS2_PLACEMENT_3D ( 'NONE', #913, #804, #1300 ) ;
#235 = CARTESIAN_POINT ( 'NONE',  ( -4.014073140305953302, 44.53920675204847868, 0.5545231520065666553 ) ) ;
#236 = VERTEX_POINT ( 'NONE', #1406 ) ;
#237 = DIRECTION ( 'NONE',  ( 0.000000000000000000, 0.000000000000000000, -1.000000000000000000 ) ) ;
#238 = DIRECTION ( 'NONE',  ( 0.000000000000000000, 0.000000000000000000, -1.000000000000000000 ) ) ;
#239 = DIRECTION ( 'NONE',  ( -0.000000000000000000, -1.000000000000000000, -0.000000000000000000 ) ) ;
#240 = ORIENTED_EDGE ( 'NONE', *, *, #1376, .T. ) ;
#241 = VERTEX_POINT ( 'NONE', #1037 ) ;
#242 = CARTESIAN_POINT ( 'NONE',  ( -6.469612034146803303, 44.84107285759883865, -2.673159329098455217 ) ) ;
#243 = VERTEX_POINT ( 'NONE', #461 ) ;
#244 = DIRECTION ( 'NONE',  ( 0.000000000000000000, 1.000000000000000000, 0.000000000000000000 ) ) ;
#245 = AXIS2_PLACEMENT_3D ( 'NONE', #515, #388, #879 ) ;
#246 = CARTESIAN_POINT ( 'NONE',  ( -3.897755764539383438, 45.64610320032488744, 1.100000000000000089 ) ) ;
#247 = CARTESIAN_POINT ( 'NONE',  ( 11.99999999999999822, 45.50000000000000000, 0.000000000000000000 ) ) ;
#248 = CALENDAR_DATE ( 2026, 7, 9 ) ;
#249 = CARTESIAN_POINT ( 'NONE',  ( -6.000000000000000000, 45.50000000000000000, 2.750000000000000000 ) ) ;
#250 = LINE ( 'NONE', #739, #1110 ) ;
#251 = ORIENTED_EDGE ( 'NONE', *, *, #1314, .F. ) ;
#252 = ADVANCED_FACE ( 'NONE', ( #1183 ), #423, .F. ) ;
#253 = DIRECTION ( 'NONE',  ( 1.000000000000000000, 0.000000000000000000, 0.000000000000000000 ) ) ;
#254 = FACE_OUTER_BOUND ( 'NONE', #700, .T. ) ;
#255 = FACE_OUTER_BOUND ( 'NONE', #141, .T. ) ;
#256 = DATE_AND_TIME ( #977, #1242 ) ;
#257 = FACE_OUTER_BOUND ( 'NONE', #1499, .T. ) ;
#258 = CARTESIAN_POINT ( 'NONE',  ( -6.957103112804564837, 42.77246037498193232, 0.3571423937766157741 ) ) ;
#259 = ORIENTED_EDGE ( 'NONE', *, *, #389, .F. ) ;
#260 = LOCAL_TIME ( 23, 0, 33.00000000000000000, #629 ) ;
#261 = CARTESIAN_POINT ( 'NONE',  ( -2.360923410571791337, 46.00000000000000000, 6.589843750000000888 ) ) ;
#262 = EDGE_CURVE ( 'NONE', #796, #642, #1014, .T. ) ;
#263 = DIRECTION ( 'NONE',  ( 0.000000000000000000, 0.000000000000000000, 1.000000000000000000 ) ) ;
#264 = CARTESIAN_POINT ( 'NONE',  ( 0.000000000000000000, 48.00000000000000000, 0.000000000000000000 ) ) ;
#265 = EDGE_LOOP ( 'NONE', ( #340, #1048 ) ) ;
#266 = AXIS2_PLACEMENT_3D ( 'NONE', #159, #1143, #282 ) ;
#267 = DIRECTION ( 'NONE',  ( -0.000000000000000000, -1.000000000000000000, -0.000000000000000000 ) ) ;
#268 = CARTESIAN_POINT ( 'NONE',  ( 11.80106415831710187, 43.80766163503032118, 2.179713965616332239 ) ) ;
#269 = CARTESIAN_POINT ( 'NONE',  ( 0.000000000000000000, 48.00000000000000000, 0.000000000000000000 ) ) ;
#270 = ADVANCED_FACE ( 'NONE', ( #197, #577 ), #1526, .T. ) ;
#271 = VECTOR ( 'NONE', #479, 1000.000000000000000 ) ;
#272 = CARTESIAN_POINT ( 'NONE',  ( -6.929363921594783093, 42.76209229805473200, -0.2904418396049752160 ) ) ;
#273 = ORIENTED_EDGE ( 'NONE', *, *, #775, .T. ) ;
#274 = DIRECTION ( 'NONE',  ( -1.000000000000000000, 0.000000000000000000, -0.000000000000000000 ) ) ;
#275 = CIRCLE ( 'NONE', #1529, 2.749999999999999112 ) ;
#276 = DIRECTION ( 'NONE',  ( 0.000000000000000000, 0.000000000000000000, 1.000000000000000000 ) ) ;
#277 = EDGE_CURVE ( 'NONE', #638, #1438, #327, .T. ) ;
#278 = ORIENTED_EDGE ( 'NONE', *, *, #990, .F. ) ;
#279 = CYLINDRICAL_SURFACE ( 'NONE', #346, 7.000000000000000000 ) ;
#280 = DIRECTION ( 'NONE',  ( 0.000000000000000000, 1.000000000000000000, 0.000000000000000000 ) ) ;
#281 = AXIS2_PLACEMENT_3D ( 'NONE', #1458, #384, #359 ) ;
#282 = DIRECTION ( 'NONE',  ( 0.000000000000000000, -0.000000000000000000, 1.000000000000000000 ) ) ;
#283 = AXIS2_PLACEMENT_3D ( 'NONE', #693, #1188, #574 ) ;
#284 = EDGE_LOOP ( 'NONE', ( #1531, #214, #334, #1166 ) ) ;
#285 = ADVANCED_FACE ( 'NONE', ( #912 ), #1162, .F. ) ;
#286 = LINE ( 'NONE', #878, #604 ) ;
#287 = DIRECTION ( 'NONE',  ( 0.000000000000000000, 1.000000000000000000, 0.000000000000000000 ) ) ;
#288 = VECTOR ( 'NONE', #1000, 1000.000000000000000 ) ;
#289 = DIRECTION ( 'NONE',  ( 0.000000000000000000, 0.000000000000000000, 1.000000000000000000 ) ) ;
#290 = AXIS2_PLACEMENT_3D ( 'NONE', #497, #96, #238 ) ;
#291 = VERTEX_POINT ( 'NONE', #336 ) ;
#292 = VERTEX_POINT ( 'NONE', #1044 ) ;
#293 = DIRECTION ( 'NONE',  ( 0.000000000000000000, 1.000000000000000000, 0.000000000000000000 ) ) ;
#294 = EDGE_CURVE ( 'NONE', #1521, #47, #1012, .T. ) ;
#295 = CARTESIAN_POINT ( 'NONE',  ( -8.144757284621865878, 42.97958336777430333, 1.100000000000000533 ) ) ;
#296 = CIRCLE ( 'NONE', #1199, 7.000000000000000000 ) ;
#297 = LINE ( 'NONE', #624, #288 ) ;
#298 = DIRECTION ( 'NONE',  ( -0.000000000000000000, -1.000000000000000000, -0.000000000000000000 ) ) ;
#299 = VERTEX_POINT ( 'NONE', #172 ) ;
#300 = ORIENTED_EDGE ( 'NONE', *, *, #294, .F. ) ;
#301 = DIRECTION ( 'NONE',  ( 0.000000000000000000, 0.000000000000000000, 1.000000000000000000 ) ) ;
#302 = CARTESIAN_POINT ( 'NONE',  ( 8.146909297056019739, 42.97958336777428912, -1.100000000000000533 ) ) ;
#303 = EDGE_CURVE ( 'NONE', #110, #544, #697, .T. ) ;
#304 = DIRECTION ( 'NONE',  ( 0.000000000000000000, 1.000000000000000000, 0.000000000000000000 ) ) ;
#305 = CARTESIAN_POINT ( 'NONE',  ( 0.000000000000000000, 44.00000000000000000, 0.000000000000000000 ) ) ;
#306 = CARTESIAN_POINT ( 'NONE',  ( -8.000000000000000000, 42.97958336777428201, 1.100000000000000311 ) ) ;
#307 = VERTEX_POINT ( 'NONE', #1432 ) ;
#308 = CARTESIAN_POINT ( 'NONE',  ( 0.000000000000000000, 44.00000000000000711, 8.000000000000000000 ) ) ;
#309 = CARTESIAN_POINT ( 'NONE',  ( 9.042896887195437827, 42.77246037498194653, 0.3571423937766160517 ) ) ;
#310 = DIRECTION ( 'NONE',  ( 0.000000000000000000, 0.000000000000000000, 1.000000000000000000 ) ) ;
#311 = CARTESIAN_POINT ( 'NONE',  ( 11.80106453320463267, 43.80765869177193395, -2.179712050169155813 ) ) ;
#312 = FACE_BOUND ( 'NONE', #649, .T. ) ;
#313 = CIRCLE ( 'NONE', #1156, 4.049999999999999822 ) ;
#314 = EDGE_CURVE ( 'NONE', #1338, #592, #1160, .T. ) ;
#315 = ORIENTED_EDGE ( 'NONE', *, *, #910, .F. ) ;
#316 = EDGE_LOOP ( 'NONE', ( #1151, #656 ) ) ;
#317 = DIRECTION ( 'NONE',  ( 0.000000000000000000, 0.000000000000000000, 1.000000000000000000 ) ) ;
#318 = CARTESIAN_POINT ( 'NONE',  ( 8.879225336124195067, 42.83238914543271392, 0.6764098403217015942 ) ) ;
#319 = DIRECTION ( 'NONE',  ( -1.000000000000000000, 0.000000000000000000, 0.000000000000000000 ) ) ;
#320 = DIRECTION ( 'NONE',  ( 0.000000000000000000, -1.000000000000000000, 0.000000000000000000 ) ) ;
#321 = EDGE_CURVE ( 'NONE', #583, #1475, #394, .T. ) ;
#322 = CARTESIAN_POINT ( 'NONE',  ( 3.262284475639731340, 48.00000000000000000, 2.399999999999999911 ) ) ;
#323 = ORIENTED_EDGE ( 'NONE', *, *, #332, .F. ) ;
#324 = CARTESIAN_POINT ( 'NONE',  ( -11.96843312840039530, 42.89061765546576055, 0.8974787444757629240 ) ) ;
#325 = ORIENTED_EDGE ( 'NONE', *, *, #519, .T. ) ;
#326 = CARTESIAN_POINT ( 'NONE',  ( 6.929739115970654950, 42.76223854943361857, -0.2916468250128404494 ) ) ;
#327 = LINE ( 'NONE', #1552, #778 ) ;
#328 = CARTESIAN_POINT ( 'NONE',  ( 0.000000000000000000, 41.00000000000000000, 8.000000000000000000 ) ) ;
#329 = DIRECTION ( 'NONE',  ( -1.000000000000000000, 0.000000000000000000, 0.000000000000000000 ) ) ;
#330 = CARTESIAN_POINT ( 'NONE',  ( 0.000000000000000000, 48.00000000000000000, 0.000000000000000000 ) ) ;
#331 = EDGE_LOOP ( 'NONE', ( #539, #527 ) ) ;
#332 = EDGE_CURVE ( 'NONE', #1133, #655, #646, .T. ) ;
#333 = CARTESIAN_POINT ( 'NONE',  ( -3.934927101994052379, 44.94458086970156785, 0.9602586905048298149 ) ) ;
#334 = ORIENTED_EDGE ( 'NONE', *, *, #645, .T. ) ;
#335 = CARTESIAN_POINT ( 'NONE',  ( 7.852956644160863142, 42.97958336777426780, -1.100000000000000311 ) ) ;
#336 = CARTESIAN_POINT ( 'NONE',  ( 6.437196594791866566, 45.50000000000000000, 2.750000000000000000 ) ) ;
#337 = CARTESIAN_POINT ( 'NONE',  ( 11.99336625886911278, 42.77854471093954913, -0.4560980447204279198 ) ) ;
#338 = MECHANICAL_CONTEXT ( 'NONE', #1389, 'mechanical' ) ;
#339 = VECTOR ( 'NONE', #466, 1000.000000000000000 ) ;
#340 = ORIENTED_EDGE ( 'NONE', *, *, #1323, .T. ) ;
#341 = AXIS2_PLACEMENT_3D ( 'NONE', #367, #856, #1352 ) ;
#342 = VERTEX_POINT ( 'NONE', #1423 ) ;
#343 = DIRECTION ( 'NONE',  ( 0.000000000000000000, -1.000000000000000000, 0.000000000000000000 ) ) ;
#344 = EDGE_LOOP ( 'NONE', ( #315, #1198 ) ) ;
#345 = FACE_BOUND ( 'NONE', #265, .T. ) ;
#346 = AXIS2_PLACEMENT_3D ( 'NONE', #1009, #267, #28 ) ;
#347 = ADVANCED_FACE ( 'NONE', ( #1306 ), #687, .F. ) ;
#348 = CARTESIAN_POINT ( 'NONE',  ( -3.897755764539383883, 45.50000000000000000, 1.100000000000000089 ) ) ;
#349 = CARTESIAN_POINT ( 'NONE',  ( 11.99999999999999822, 45.50000000000000000, 1.100000000000000089 ) ) ;
#350 = CARTESIAN_POINT ( 'NONE',  ( -7.853090702943984702, 42.97958336777428912, -1.100000000000000311 ) ) ;
#351 = CIRCLE ( 'NONE', #1400, 4.049999999999999822 ) ;
#352 = CARTESIAN_POINT ( 'NONE',  ( 3.100000000000000089, 48.00000000000000000, -2.399999999999999911 ) ) ;
#353 = ORIENTED_EDGE ( 'NONE', *, *, #194, .T. ) ;
#354 = ORIENTED_EDGE ( 'NONE', *, *, #1523, .F. ) ;
#355 = CARTESIAN_POINT ( 'NONE',  ( 3.100000000000000533, 45.50000000000000000, 0.000000000000000000 ) ) ;
#356 = B_SPLINE_CURVE_WITH_KNOTS ( 'NONE', 3,
 ( #395, #771, #1268, #779, #764, #904, #1380, #157, #647, #529, #1262, #29, #1142, #1022, #898, #390, #295, #652 ),
 .UNSPECIFIED., .F., .F.,
 ( 4, 2, 2, 2, 2, 2, 2, 2, 4 ),
 ( 0.000000000000000000, 0.0004344620062098831278, 0.0008689240124197662556, 0.001303386018629649383, 0.001737848024839532511, 0.002172310031049415422, 0.002606772037259298767, 0.003041234043469181678, 0.003475696049679064155 ),
 .UNSPECIFIED. ) ;
#357 = CARTESIAN_POINT ( 'NONE',  ( -3.934916057265293254, 46.05548052770036094, 0.9603140859288116227 ) ) ;
#358 = EDGE_CURVE ( 'NONE', #110, #1125, #51, .T. ) ;
#359 = DIRECTION ( 'NONE',  ( 0.000000000000000000, 0.000000000000000000, 1.000000000000000000 ) ) ;
#360 = COORDINATED_UNIVERSAL_TIME_OFFSET ( 6, 0, .BEHIND. ) ;
#361 = ORIENTED_EDGE ( 'NONE', *, *, #1073, .T. ) ;
#362 = ORIENTED_EDGE ( 'NONE', *, *, #490, .F. ) ;
#363 = CARTESIAN_POINT ( 'NONE',  ( -4.049991993475506646, 44.40002947856802962, -0.1452699907394128798 ) ) ;
#364 = ORIENTED_EDGE ( 'NONE', *, *, #1031, .T. ) ;
#365 = AXIS2_PLACEMENT_3D ( 'NONE', #963, #1444, #701 ) ;
#366 = CARTESIAN_POINT ( 'NONE',  ( 8.000000000000000000, 42.97958336777428201, 1.100000000000000311 ) ) ;
#367 = CARTESIAN_POINT ( 'NONE',  ( 0.000000000000000000, 48.00000000000000000, 0.000000000000000000 ) ) ;
#368 = CARTESIAN_POINT ( 'NONE',  ( 6.499561673978746512, 46.40684787571950665, -2.599483432554923201 ) ) ;
#369 = PERSON_AND_ORGANIZATION_ROLE ( 'creator' ) ;
#370 = CARTESIAN_POINT ( 'NONE',  ( 0.000000000000000000, 44.00000000000000711, 0.000000000000000000 ) ) ;
#371 = ORIENTED_EDGE ( 'NONE', *, *, #1301, .T. ) ;
#372 = CIRCLE ( 'NONE', #569, 1.100000000000000089 ) ;
#373 = EDGE_LOOP ( 'NONE', ( #405, #538, #1245, #1090, #781, #600, #1227, #1020 ) ) ;
#374 = DIRECTION ( 'NONE',  ( 0.000000000000000000, -0.000000000000000000, 1.000000000000000000 ) ) ;
#375 = CIRCLE ( 'NONE', #571, 2.750000000000000000 ) ;
#376 = CARTESIAN_POINT ( 'NONE',  ( -4.050016415190927255, 46.60006043775335627, -0.1438104544779814642 ) ) ;
#377 = DIRECTION ( 'NONE',  ( 0.000000000000000000, 0.000000000000000000, -1.000000000000000000 ) ) ;
#378 = PERSON_AND_ORGANIZATION_ROLE ( 'creator' ) ;
#379 = LINE ( 'NONE', #905, #1219 ) ;
#380 = EDGE_CURVE ( 'NONE', #1428, #694, #885, .T. ) ;
#381 = FACE_BOUND ( 'NONE', #1350, .T. ) ;
#382 = ORIENTED_EDGE ( 'NONE', *, *, #501, .T. ) ;
#383 = CARTESIAN_POINT ( 'NONE',  ( 6.609652033201141919, 44.00000000000000000, 2.304886114323225321 ) ) ;
#384 = DIRECTION ( 'NONE',  ( -0.000000000000000000, -1.000000000000000000, -0.000000000000000000 ) ) ;
#385 = ORIENTED_EDGE ( 'NONE', *, *, #262, .T. ) ;
#386 = CIRCLE ( 'NONE', #590, 7.000000000000000000 ) ;
#387 = LINE ( 'NONE', #1391, #1299 ) ;
#388 = DIRECTION ( 'NONE',  ( 0.000000000000000000, 1.000000000000000000, 0.000000000000000000 ) ) ;
#389 = EDGE_CURVE ( 'NONE', #935, #825, #463, .T. ) ;
#390 = CARTESIAN_POINT ( 'NONE',  ( -8.290920635417821316, 42.96619504601564898, 1.070438120276096639 ) ) ;
#391 = ORIENTED_EDGE ( 'NONE', *, *, #760, .F. ) ;
#392 = CIRCLE ( 'NONE', #1503, 12.00000000000000000 ) ;
#393 = CARTESIAN_POINT ( 'NONE',  ( -6.000000000000000000, 48.00000000000000000, -1.145643923738954628 ) ) ;
#394 = CIRCLE ( 'NONE', #802, 1.100000000000000311 ) ;
#395 = CARTESIAN_POINT ( 'NONE',  ( -8.000000000000000000, 42.97958336777428201, -1.100000000000000311 ) ) ;
#396 = EDGE_CURVE ( 'NONE', #815, #583, #1344, .T. ) ;
#397 = VECTOR ( 'NONE', #399, 1000.000000000000000 ) ;
#398 = VERTEX_POINT ( 'NONE', #1211 ) ;
#399 = DIRECTION ( 'NONE',  ( 0.000000000000000000, -1.000000000000000000, 0.000000000000000000 ) ) ;
#400 = APPLICATION_CONTEXT ( 'configuration controlled 3d designs of mechanical parts and assemblies' ) ;
#401 = DIRECTION ( 'NONE',  ( 1.000000000000000000, 0.000000000000000000, 0.000000000000000000 ) ) ;
#402 = FACE_BOUND ( 'NONE', #789, .T. ) ;
#403 = ADVANCED_FACE ( 'NONE', ( #1324 ), #587, .F. ) ;
#404 = ADVANCED_FACE ( 'NONE', ( #481 ), #1230, .T. ) ;
#405 = ORIENTED_EDGE ( 'NONE', *, *, #1250, .T. ) ;
#406 = DIRECTION ( 'NONE',  ( 0.000000000000000000, 0.000000000000000000, -1.000000000000000000 ) ) ;
#407 = CARTESIAN_POINT ( 'NONE',  ( 0.000000000000000000, 44.00000000000000711, 0.000000000000000000 ) ) ;
#408 = FACE_OUTER_BOUND ( 'NONE', #522, .T. ) ;
#409 = ADVANCED_FACE ( 'NONE', ( #254 ), #605, .T. ) ;
#410 = ORIENTED_EDGE ( 'NONE', *, *, #966, .T. ) ;
#411 = VERTEX_POINT ( 'NONE', #967 ) ;
#412 = CARTESIAN_POINT ( 'NONE',  ( 0.000000000000000000, 44.00000000000000000, 0.000000000000000000 ) ) ;
#413 = CARTESIAN_POINT ( 'NONE',  ( 12.00000000000000000, 45.50000000000000000, 0.000000000000000000 ) ) ;
#414 = CARTESIAN_POINT ( 'NONE',  ( 3.262284475639731340, 44.00000000000000000, 2.399999999999999911 ) ) ;
#415 = CARTESIAN_POINT ( 'NONE',  ( 2.360923410571791337, 46.00000000000000000, 6.589843750000000888 ) ) ;
#416 = ORIENTED_EDGE ( 'NONE', *, *, #442, .F. ) ;
#417 = EDGE_LOOP ( 'NONE', ( #972, #410, #92, #916 ) ) ;
#418 = EDGE_CURVE ( 'NONE', #161, #149, #94, .T. ) ;
#419 = CARTESIAN_POINT ( 'NONE',  ( 6.559388157041597722, 44.22148448750301242, -2.449026308144500508 ) ) ;
#420 = DIRECTION ( 'NONE',  ( 0.000000000000000000, -1.000000000000000000, 0.000000000000000000 ) ) ;
#421 = VECTOR ( 'NONE', #401, 1000.000000000000000 ) ;
#422 = VECTOR ( 'NONE', #4, 1000.000000000000000 ) ;
#423 = CYLINDRICAL_SURFACE ( 'NONE', #1579, 2.750000000000000000 ) ;
#424 = CARTESIAN_POINT ( 'NONE',  ( -2.360923410571791337, 48.00000000000000000, 6.589843749999999112 ) ) ;
#425 = FACE_OUTER_BOUND ( 'NONE', #168, .T. ) ;
#426 = ORIENTED_EDGE ( 'NONE', *, *, #531, .F. ) ;
#427 = EDGE_LOOP ( 'NONE', ( #702, #178, #1419, #766 ) ) ;
#428 = DIRECTION ( 'NONE',  ( 1.000000000000000000, 0.000000000000000000, 0.000000000000000000 ) ) ;
#429 = CARTESIAN_POINT ( 'NONE',  ( 12.00000000000000000, 45.50000000000000000, 0.000000000000000000 ) ) ;
#430 = DESIGN_CONTEXT ( 'detailed design', #400, 'design' ) ;
#431 = ADVANCED_FACE ( 'NONE', ( #836, #217 ), #1201, .F. ) ;
#432 = LOCAL_TIME ( 23, 0, 33.00000000000000000, #989 ) ;
#433 = CARTESIAN_POINT ( 'NONE',  ( -8.000000000000000000, 41.00000000000000000, 0.000000000000000000 ) ) ;
#434 = CIRCLE ( 'NONE', #767, 1.100000000000000311 ) ;
#435 = CARTESIAN_POINT ( 'NONE',  ( 11.96827540105580745, 42.89133515153957177, 0.8997237105388753431 ) ) ;
#436 = CARTESIAN_POINT ( 'NONE',  ( -7.322688801794489777, 42.89194145875715236, -0.8784063564450350636 ) ) ;
#437 = CIRCLE ( 'NONE', #365, 4.049999999999999822 ) ;
#438 = VERTEX_POINT ( 'NONE', #143 ) ;
#439 = CARTESIAN_POINT ( 'NONE',  ( 6.441332276753944264, 45.23468883201866930, -2.740377411041130973 ) ) ;
#440 = CARTESIAN_POINT ( 'NONE',  ( 7.443352610682421044, 42.92216929178239582, -0.9596082523864662983 ) ) ;
#441 = CARTESIAN_POINT ( 'NONE',  ( 0.000000000000000000, 41.00000000000000000, 8.000000000000000000 ) ) ;
#442 = EDGE_CURVE ( 'NONE', #1122, #1094, #1483, .T. ) ;
#443 = DIRECTION ( 'NONE',  ( 0.000000000000000000, 1.000000000000000000, 0.000000000000000000 ) ) ;
#444 = CARTESIAN_POINT ( 'NONE',  ( 6.632624427534246081, 47.10170685754231101, 2.239163868617264797 ) ) ;
#445 = AXIS2_PLACEMENT_3D ( 'NONE', #1289, #304, #1053 ) ;
#446 = CYLINDRICAL_SURFACE ( 'NONE', #927, 7.000000000000000000 ) ;
#447 = EDGE_LOOP ( 'NONE', ( #1378, #362, #634, #1091 ) ) ;
#448 = DIRECTION ( 'NONE',  ( 0.000000000000000000, 0.000000000000000000, -1.000000000000000000 ) ) ;
#449 = CARTESIAN_POINT ( 'NONE',  ( 7.040114118812557109, 42.80347254691761094, -0.5559993934532226900 ) ) ;
#450 = UNCERTAINTY_MEASURE_WITH_UNIT (LENGTH_MEASURE( 1.000000000000000082E-05 ), #69, 'distance_accuracy_value', 'NONE');
#451 = CARTESIAN_POINT ( 'NONE',  ( 6.000000000000000000, 45.50000000000000000, 0.000000000000000000 ) ) ;
#452 = CARTESIAN_POINT ( 'NONE',  ( 1.469576158976823947E-15, 41.00000000000000000, 12.00000000000000000 ) ) ;
#453 = CARTESIAN_POINT ( 'NONE',  ( 6.469414221819292266, 46.15673085878795945, 2.673628571287498090 ) ) ;
#454 = EDGE_CURVE ( 'NONE', #740, #1122, #821, .T. ) ;
#455 = EDGE_CURVE ( 'NONE', #544, #994, #1054, .T. ) ;
#456 = EDGE_LOOP ( 'NONE', ( #1319, #475, #1303, #1075 ) ) ;
#457 = EDGE_LOOP ( 'NONE', ( #1015, #224, #1003, #1083 ) ) ;
#458 = CARTESIAN_POINT ( 'NONE',  ( -3.994398675038745239, 44.62100787746199160, -0.6767253317006992619 ) ) ;
#459 = ORIENTED_EDGE ( 'NONE', *, *, #910, .T. ) ;
#460 = DIRECTION ( 'NONE',  ( -0.000000000000000000, -1.000000000000000000, -0.000000000000000000 ) ) ;
#461 = CARTESIAN_POINT ( 'NONE',  ( -6.000000000000000000, 45.50000000000000000, -2.750000000000000000 ) ) ;
#462 = CARTESIAN_POINT ( 'NONE',  ( 11.94988378015164621, 42.97543051998957253, -1.113742118236446643 ) ) ;
#463 = B_SPLINE_CURVE_WITH_KNOTS ( 'NONE', 3,
 ( #348, #246, #1589, #357, #1456, #488, #620, #113, #715, #376, #704, #847, #735, #614, #1333, #1361, #1116, #1480 ),
 .UNSPECIFIED., .F., .F.,
 ( 4, 2, 2, 2, 2, 2, 2, 2, 4 ),
 ( 0.000000000000000000, 0.0004319204796219940014, 0.0008638409592439880028, 0.001295761438865982058, 0.001727681918487976006, 0.002159602398109969953, 0.002591522877731964117, 0.003023443357353957847, 0.003455363836975952011 ),
 .UNSPECIFIED. ) ;
#464 = DIRECTION ( 'NONE',  ( 0.000000000000000000, 0.000000000000000000, 1.000000000000000000 ) ) ;
#465 = AXIS2_PLACEMENT_3D ( 'NONE', #1441, #1561, #1202 ) ;
#466 = DIRECTION ( 'NONE',  ( -0.000000000000000000, -1.000000000000000000, -0.000000000000000000 ) ) ;
#467 = ORIENTED_EDGE ( 'NONE', *, *, #784, .F. ) ;
#468 = EDGE_CURVE ( 'NONE', #655, #1133, #1550, .T. ) ;
#469 = ORIENTED_EDGE ( 'NONE', *, *, #314, .F. ) ;
#470 = CARTESIAN_POINT ( 'NONE',  ( 6.437196594791865678, 45.36746691884723504, 2.750000000000000444 ) ) ;
#471 = DIRECTION ( 'NONE',  ( 0.000000000000000000, -1.000000000000000000, 0.000000000000000000 ) ) ;
#472 = CARTESIAN_POINT ( 'NONE',  ( 3.100000000000000089, 44.00000000000000000, 2.399999999999999911 ) ) ;
#473 = ORIENTED_EDGE ( 'NONE', *, *, #1311, .F. ) ;
#474 = AXIS2_PLACEMENT_3D ( 'NONE', #1527, #1071, #939 ) ;
#475 = ORIENTED_EDGE ( 'NONE', *, *, #396, .T. ) ;
#476 = CARTESIAN_POINT ( 'NONE',  ( -3.897755764539384327, 45.50000000000000000, -1.100000000000000089 ) ) ;
#477 = ORIENTED_EDGE ( 'NONE', *, *, #1119, .F. ) ;
#478 = EDGE_CURVE ( 'NONE', #1438, #438, #375, .T. ) ;
#479 = DIRECTION ( 'NONE',  ( -1.000000000000000000, 0.000000000000000000, 0.000000000000000000 ) ) ;
#480 = VECTOR ( 'NONE', #37, 1000.000000000000000 ) ;
#481 = FACE_OUTER_BOUND ( 'NONE', #665, .T. ) ;
#482 = CARTESIAN_POINT ( 'NONE',  ( -6.499561673978746512, 46.40684787571950665, 2.599483432554923201 ) ) ;
#483 = AXIS2_PLACEMENT_3D ( 'NONE', #937, #1413, #548 ) ;
#484 = VERTEX_POINT ( 'NONE', #550 ) ;
#485 = ORIENTED_EDGE ( 'NONE', *, *, #108, .T. ) ;
#486 = EDGE_LOOP ( 'NONE', ( #573, #251, #62, #907 ) ) ;
#487 = DIRECTION ( 'NONE',  ( 0.000000000000000000, 1.000000000000000000, 0.000000000000000000 ) ) ;
#488 = CARTESIAN_POINT ( 'NONE',  ( -3.994396683413778515, 46.37892099631326914, 0.6766697427717004443 ) ) ;
#489 = CYLINDRICAL_SURFACE ( 'NONE', #876, 1.100000000000000089 ) ;
#490 = EDGE_CURVE ( 'NONE', #243, #755, #185, .T. ) ;
#491 = SECURITY_CLASSIFICATION ( '', '', #868 ) ;
#492 = CARTESIAN_POINT ( 'NONE',  ( -6.437196594791866566, 45.50000000000000000, -2.750000000000000000 ) ) ;
#493 = ORIENTED_EDGE ( 'NONE', *, *, #7, .T. ) ;
#494 = AXIS2_PLACEMENT_3D ( 'NONE', #914, #993, #26 ) ;
#495 = VERTEX_POINT ( 'NONE', #452 ) ;
#496 = CARTESIAN_POINT ( 'NONE',  ( 0.000000000000000000, 44.00000000000000711, 0.000000000000000000 ) ) ;
#497 = CARTESIAN_POINT ( 'NONE',  ( 6.000000000000000000, 45.50000000000000000, 0.000000000000000000 ) ) ;
#498 = PRODUCT ( 'ARM-003_Yaw_D_drive_collar', 'ARM-003_Yaw_D_drive_collar', '', ( #338 ) ) ;
#499 = CARTESIAN_POINT ( 'NONE',  ( 6.816091093722637773, 47.74666126132438393, -1.606738752447796958 ) ) ;
#500 = DATE_AND_TIME ( #1241, #231 ) ;
#501 = EDGE_CURVE ( 'NONE', #1521, #711, #1325, .T. ) ;
#502 = CYLINDRICAL_SURFACE ( 'NONE', #1479, 12.00000000000000000 ) ;
#503 = CARTESIAN_POINT ( 'NONE',  ( -7.040286382885654781, 42.80353858144390955, 0.5564963613025262212 ) ) ;
#504 = ORIENTED_EDGE ( 'NONE', *, *, #613, .T. ) ;
#505 = DIRECTION ( 'NONE',  ( 0.000000000000000000, 1.000000000000000000, 0.000000000000000000 ) ) ;
#506 = CARTESIAN_POINT ( 'NONE',  ( -6.441336450685494874, 45.76556840322475495, -2.740368212597222630 ) ) ;
#507 = CARTESIAN_POINT ( 'NONE',  ( -6.518198274269424886, 46.53107725406510298, 2.552749073516589196 ) ) ;
#508 = CALENDAR_DATE ( 2026, 7, 9 ) ;
#509 = EDGE_CURVE ( 'NONE', #307, #694, #182, .T. ) ;
#510 = LINE ( 'NONE', #654, #80 ) ;
#511 = VECTOR ( 'NONE', #1518, 1000.000000000000000 ) ;
#512 = AXIS2_PLACEMENT_3D ( 'NONE', #1360, #253, #723 ) ;
#513 = ORIENTED_EDGE ( 'NONE', *, *, #358, .T. ) ;
#514 = DIRECTION ( 'NONE',  ( 1.000000000000000000, -0.000000000000000000, -0.000000000000000000 ) ) ;
#515 = CARTESIAN_POINT ( 'NONE',  ( 0.000000000000000000, 44.00000000000000711, 0.000000000000000000 ) ) ;
#516 = CARTESIAN_POINT ( 'NONE',  ( -8.000000000000000000, 42.97958336777428201, 1.100000000000000311 ) ) ;
#517 = CARTESIAN_POINT ( 'NONE',  ( -6.900032685059372284, 42.75001307402263961, 0.07297274141379912760 ) ) ;
#518 = EDGE_LOOP ( 'NONE', ( #664, #594 ) ) ;
#519 = EDGE_CURVE ( 'NONE', #642, #1085, #794, .T. ) ;
#520 = CARTESIAN_POINT ( 'NONE',  ( 0.000000000000000000, 44.00000000000000711, 0.000000000000000000 ) ) ;
#521 = CARTESIAN_POINT ( 'NONE',  ( 8.144625310039858235, 42.97958336777428912, 1.100000000000000533 ) ) ;
#522 = EDGE_LOOP ( 'NONE', ( #1532, #1320, #85, #598 ) ) ;
#523 = FACE_OUTER_BOUND ( 'NONE', #1565, .T. ) ;
#524 = CC_DESIGN_PERSON_AND_ORGANIZATION_ASSIGNMENT ( #875, #369, ( #1501 ) ) ;
#525 = AXIS2_PLACEMENT_3D ( 'NONE', #1545, #1536, #1155 ) ;
#526 = DIRECTION ( 'NONE',  ( 1.000000000000000000, 0.000000000000000000, 0.000000000000000000 ) ) ;
#527 = ORIENTED_EDGE ( 'NONE', *, *, #262, .F. ) ;
#528 = CARTESIAN_POINT ( 'NONE',  ( 6.000000000000000000, 45.50000000000000000, 0.000000000000000000 ) ) ;
#529 = CARTESIAN_POINT ( 'NONE',  ( -9.100074837184408238, 42.74997006512959530, 0.1447568876352375855 ) ) ;
#530 = CARTESIAN_POINT ( 'NONE',  ( -8.000000000000000000, 48.00000000000000000, 0.000000000000000000 ) ) ;
#531 = EDGE_CURVE ( 'NONE', #292, #797, #5, .T. ) ;
#532 = ORIENTED_EDGE ( 'NONE', *, *, #1427, .T. ) ;
#533 = VERTEX_POINT ( 'NONE', #557 ) ;
#534 = CARTESIAN_POINT ( 'NONE',  ( 11.99999999999999822, 45.50000000000000000, -1.100000000000000089 ) ) ;
#535 = LINE ( 'NONE', #1028, #511 ) ;
#536 = DIRECTION ( 'NONE',  ( 0.000000000000000000, -1.000000000000000000, 0.000000000000000000 ) ) ;
#537 = PRODUCT_RELATED_PRODUCT_CATEGORY ( 'detail', '', ( #498 ) ) ;
#538 = ORIENTED_EDGE ( 'NONE', *, *, #137, .T. ) ;
#539 = ORIENTED_EDGE ( 'NONE', *, *, #1001, .F. ) ;
#540 = CARTESIAN_POINT ( 'NONE',  ( -11.90594369764012050, 43.19235662505715823, -1.512794933706575584 ) ) ;
#541 = CIRCLE ( 'NONE', #1270, 7.000000000000000000 ) ;
#542 = CARTESIAN_POINT ( 'NONE',  ( 0.000000000000000000, 44.00000000000000000, 0.000000000000000000 ) ) ;
#543 = VECTOR ( 'NONE', #669, 1000.000000000000000 ) ;
#544 = VERTEX_POINT ( 'NONE', #1045 ) ;
#545 = ORIENTED_EDGE ( 'NONE', *, *, #1577, .T. ) ;
#546 = ADVANCED_FACE ( 'NONE', ( #1537 ), #68, .F. ) ;
#547 = CARTESIAN_POINT ( 'NONE',  ( 6.457452281733363719, 44.97244101072307387, -2.702173177950148997 ) ) ;
#548 = DIRECTION ( 'NONE',  ( 0.000000000000000000, 0.000000000000000000, -1.000000000000000000 ) ) ;
#549 = CARTESIAN_POINT ( 'NONE',  ( 6.000000000000000000, 48.00000000000000000, 0.000000000000000000 ) ) ;
#550 = CARTESIAN_POINT ( 'NONE',  ( 3.262284475639731340, 44.00000000000000000, -2.399999999999999911 ) ) ;
#551 = ORIENTED_EDGE ( 'NONE', *, *, #765, .T. ) ;
#552 = ORIENTED_EDGE ( 'NONE', *, *, #630, .T. ) ;
#553 = CARTESIAN_POINT ( 'NONE',  ( -11.90604186130646447, 43.19184889934591354, 1.512055244322541459 ) ) ;
#554 = EDGE_CURVE ( 'NONE', #118, #852, #947, .T. ) ;
#555 = CARTESIAN_POINT ( 'NONE',  ( -3.897755764539383883, 45.50000000000000000, 1.100000000000000089 ) ) ;
#556 = CARTESIAN_POINT ( 'NONE',  ( -6.457452281733364607, 44.97244101072307387, 2.702173177950148109 ) ) ;
#557 = CARTESIAN_POINT ( 'NONE',  ( 3.262284475639731340, 48.00000000000000000, -2.399999999999999911 ) ) ;
#558 = CARTESIAN_POINT ( 'NONE',  ( 6.457518781622470172, 46.02845067969364123, 2.702014877186277531 ) ) ;
#559 = B_SPLINE_CURVE_WITH_KNOTS ( 'NONE', 3,
 ( #127, #470, #986, #1478, #619, #714, #1487, #383 ),
 .UNSPECIFIED., .F., .F.,
 ( 4, 2, 2, 4 ),
 ( 0.003162636253750208699, 0.003559672703773022768, 0.003956709153795836403, 0.004750782053841484491 ),
 .UNSPECIFIED. ) ;
#560 = AXIS2_PLACEMENT_3D ( 'NONE', #308, #926, #73 ) ;
#561 = ORIENTED_EDGE ( 'NONE', *, *, #793, .T. ) ;
#562 = ORIENTED_EDGE ( 'NONE', *, *, #131, .T. ) ;
#563 = PLANE ( 'NONE',  #1412 ) ;
#564 = CARTESIAN_POINT ( 'NONE',  ( 9.092573002259781489, 42.75299386671256485, 0.1466858534748642084 ) ) ;
#565 = CC_DESIGN_PERSON_AND_ORGANIZATION_ASSIGNMENT ( #737, #1354, ( #1109 ) ) ;
#566 = CARTESIAN_POINT ( 'NONE',  ( 12.00000000000000000, 44.00000000000000711, -2.304886114323225321 ) ) ;
#567 = CARTESIAN_POINT ( 'NONE',  ( 11.96843312840039530, 42.89061765546576055, -0.8974787444757629240 ) ) ;
#568 = CARTESIAN_POINT ( 'NONE',  ( 6.738409342686609627, 47.49379518522297872, 1.898468533991905183 ) ) ;
#569 = AXIS2_PLACEMENT_3D ( 'NONE', #1215, #1583, #1082 ) ;
#570 = B_SPLINE_CURVE_WITH_KNOTS ( 'NONE', 3,
 ( #1207, #853, #1585, #117, #242, #732, #610, #1197 ),
 .UNSPECIFIED., .F., .F.,
 ( 4, 2, 2, 4 ),
 ( 0.003162636253750208699, 0.003559672703773022768, 0.003956709153795836403, 0.004750782053841484491 ),
 .UNSPECIFIED. ) ;
#571 = AXIS2_PLACEMENT_3D ( 'NONE', #59, #922, #1290 ) ;
#572 = CARTESIAN_POINT ( 'NONE',  ( 0.000000000000000000, 44.00000000000000000, -8.000000000000000000 ) ) ;
#573 = ORIENTED_EDGE ( 'NONE', *, *, #64, .T. ) ;
#574 = DIRECTION ( 'NONE',  ( 0.000000000000000000, 0.000000000000000000, 1.000000000000000000 ) ) ;
#575 = ORIENTED_EDGE ( 'NONE', *, *, #194, .F. ) ;
#576 = CARTESIAN_POINT ( 'NONE',  ( 7.708909120077369614, 42.96621059585257996, -1.070500076463404060 ) ) ;
#577 = FACE_OUTER_BOUND ( 'NONE', #1286, .T. ) ;
#578 = CARTESIAN_POINT ( 'NONE',  ( 11.99996924067961679, 42.75013422251042527, 0.2315981762266175747 ) ) ;
#579 = CARTESIAN_POINT ( 'NONE',  ( 0.000000000000000000, 0.000000000000000000, 0.000000000000000000 ) ) ;
#580 = CIRCLE ( 'NONE', #1331, 2.749999999999999112 ) ;
#581 = EDGE_CURVE ( 'NONE', #797, #292, #1387, .T. ) ;
#582 = ORIENTED_EDGE ( 'NONE', *, *, #1292, .T. ) ;
#583 = VERTEX_POINT ( 'NONE', #588 ) ;
#584 = LINE ( 'NONE', #984, #202 ) ;
#585 = ORIENTED_EDGE ( 'NONE', *, *, #519, .F. ) ;
#586 = FACE_OUTER_BOUND ( 'NONE', #126, .T. ) ;
#587 = CYLINDRICAL_SURFACE ( 'NONE', #112, 1.100000000000000311 ) ;
#588 = CARTESIAN_POINT ( 'NONE',  ( -8.000000000000000000, 41.00000000000000000, 1.100000000000000311 ) ) ;
#589 = DIRECTION ( 'NONE',  ( 0.000000000000000000, 0.000000000000000000, 1.000000000000000000 ) ) ;
#590 = AXIS2_PLACEMENT_3D ( 'NONE', #269, #38, #33 ) ;
#591 = CC_DESIGN_DATE_AND_TIME_ASSIGNMENT ( #969, #607, ( #1501 ) ) ;
#592 = VERTEX_POINT ( 'NONE', #424 ) ;
#593 = VERTEX_POINT ( 'NONE', #1416 ) ;
#594 = ORIENTED_EDGE ( 'NONE', *, *, #52, .T. ) ;
#595 = CARTESIAN_POINT ( 'NONE',  ( -6.632624427534246081, 47.10170685754231101, -2.239163868617264797 ) ) ;
#596 = CARTESIAN_POINT ( 'NONE',  ( -11.77656571331387525, 44.00000000000000711, 2.304886114323225321 ) ) ;
#597 = VECTOR ( 'NONE', #923, 1000.000000000000000 ) ;
#598 = ORIENTED_EDGE ( 'NONE', *, *, #418, .T. ) ;
#599 = AXIS2_PLACEMENT_3D ( 'NONE', #77, #955, #1580 ) ;
#600 = ORIENTED_EDGE ( 'NONE', *, *, #501, .F. ) ;
#601 = ORIENTED_EDGE ( 'NONE', *, *, #718, .T. ) ;
#602 = EDGE_CURVE ( 'NONE', #1196, #241, #1343, .T. ) ;
#603 = CARTESIAN_POINT ( 'NONE',  ( 7.122150320241664723, 42.83282151653712333, 0.6779836016122199327 ) ) ;
#604 = VECTOR ( 'NONE', #1146, 1000.000000000000000 ) ;
#605 = CYLINDRICAL_SURFACE ( 'NONE', #341, 7.000000000000000000 ) ;
#606 = DIRECTION ( 'NONE',  ( -0.000000000000000000, -1.000000000000000000, -0.000000000000000000 ) ) ;
#607 = DATE_TIME_ROLE ( 'creation_date' ) ;
#608 = CARTESIAN_POINT ( 'NONE',  ( -6.905613658466567273, 48.00000000000000000, -1.145643923738954628 ) ) ;
#609 = ORIENTED_EDGE ( 'NONE', *, *, #531, .T. ) ;
#610 = CARTESIAN_POINT ( 'NONE',  ( -6.559459016920194507, 44.22117224807591640, -2.448823105418905133 ) ) ;
#611 = EDGE_LOOP ( 'NONE', ( #681, #364, #884, #1348 ) ) ;
#612 = DIRECTION ( 'NONE',  ( 0.000000000000000000, -1.000000000000000000, 0.000000000000000000 ) ) ;
#613 = EDGE_CURVE ( 'NONE', #638, #593, #1131, .T. ) ;
#614 = CARTESIAN_POINT ( 'NONE',  ( -3.954634632939266314, 46.17572249948628382, -0.8798340290879280712 ) ) ;
#615 = CARTESIAN_POINT ( 'NONE',  ( 6.583178390557679727, 46.88274523150815298, -2.380610386006558610 ) ) ;
#616 = CARTESIAN_POINT ( 'NONE',  ( 0.000000000000000000, 44.00000000000000711, 0.000000000000000000 ) ) ;
#617 = CARTESIAN_POINT ( 'NONE',  ( -2.360923410571791337, 48.00000000000000000, -6.589843749999999112 ) ) ;
#618 = ORIENTED_EDGE ( 'NONE', *, *, #741, .F. ) ;
#619 = CARTESIAN_POINT ( 'NONE',  ( 6.469612034146803303, 44.84107285759883865, 2.673159329098455217 ) ) ;
#620 = CARTESIAN_POINT ( 'NONE',  ( -4.014067175228730910, 46.46076293124043843, 0.5544797869283566438 ) ) ;
#621 = EDGE_CURVE ( 'NONE', #47, #342, #957, .T. ) ;
#622 = CARTESIAN_POINT ( 'NONE',  ( 6.437196594791866566, 45.50000000000000000, -2.750000000000000000 ) ) ;
#623 = APPROVAL_DATE_TIME ( #1482, #1282 ) ;
#624 = CARTESIAN_POINT ( 'NONE',  ( -6.000000000000000000, 48.00000000000000000, 1.145643923738954628 ) ) ;
#625 = CARTESIAN_POINT ( 'NONE',  ( -6.907426997740219399, 42.75299386671259327, 0.1466858534748630427 ) ) ;
#626 = ORIENTED_EDGE ( 'NONE', *, *, #1520, .T. ) ;
#627 = CARTESIAN_POINT ( 'NONE',  ( 1.347111479062088503E-16, 48.00000000000000000, 9.099999999999999645 ) ) ;
#628 = CARTESIAN_POINT ( 'NONE',  ( -6.000000000000000000, 45.50000000000000000, 0.000000000000000000 ) ) ;
#629 = COORDINATED_UNIVERSAL_TIME_OFFSET ( 6, 0, .BEHIND. ) ;
#630 = EDGE_CURVE ( 'NONE', #63, #994, #1190, .T. ) ;
#631 = LINE ( 'NONE', #1113, #768 ) ;
#632 = AXIS2_PLACEMENT_3D ( 'NONE', #1058, #811, #1297 ) ;
#633 = AXIS2_PLACEMENT_3D ( 'NONE', #1200, #1218, #1096 ) ;
#634 = ORIENTED_EDGE ( 'NONE', *, *, #1250, .F. ) ;
#635 = CARTESIAN_POINT ( 'NONE',  ( 0.000000000000000000, 41.00000000000000000, 0.000000000000000000 ) ) ;
#636 = CARTESIAN_POINT ( 'NONE',  ( 8.290416435573208176, 42.96629497906862127, 1.070698219246311478 ) ) ;
#637 = FACE_OUTER_BOUND ( 'NONE', #1454, .T. ) ;
#638 = VERTEX_POINT ( 'NONE', #1353 ) ;
#639 = FACE_OUTER_BOUND ( 'NONE', #1586, .T. ) ;
#640 = VECTOR ( 'NONE', #343, 1000.000000000000000 ) ;
#641 = CARTESIAN_POINT ( 'NONE',  ( 11.77656571331387525, 44.00000000000000711, 2.304886114323225321 ) ) ;
#642 = VERTEX_POINT ( 'NONE', #874 ) ;
#643 = CARTESIAN_POINT ( 'NONE',  ( 0.000000000000000000, 44.00000000000000711, -12.00000000000000000 ) ) ;
#644 = B_SPLINE_CURVE_WITH_KNOTS ( 'NONE', 3,
 ( #476, #1463, #1235, #1349, #1339, #458, #833, #1329, #363, #1574, #1226, #235, #109, #712, #333, #1102, #824, #1093 ),
 .UNSPECIFIED., .F., .F.,
 ( 4, 2, 2, 2, 2, 2, 2, 2, 4 ),
 ( 0.003455363836975952011, 0.003887165572933521090, 0.004318967308891089735, 0.004750769044848658813, 0.005182570780806227892, 0.005614372516763796103, 0.006046174252721366049, 0.006477975988678934260, 0.006909777724636503339 ),
 .UNSPECIFIED. ) ;
#645 = EDGE_CURVE ( 'NONE', #694, #1428, #434, .T. ) ;
#646 = CIRCLE ( 'NONE', #929, 1.100000000000000311 ) ;
#647 = CARTESIAN_POINT ( 'NONE',  ( -9.099924869963817997, 42.75003005201111961, -0.1458920298002144011 ) ) ;
#648 = CARTESIAN_POINT ( 'NONE',  ( 0.000000000000000000, 48.00000000000000000, 0.000000000000000000 ) ) ;
#649 = EDGE_LOOP ( 'NONE', ( #467, #952 ) ) ;
#650 = ORIENTED_EDGE ( 'NONE', *, *, #980, .F. ) ;
#651 = DIRECTION ( 'NONE',  ( 0.000000000000000000, 1.000000000000000000, 0.000000000000000000 ) ) ;
#652 = CARTESIAN_POINT ( 'NONE',  ( -8.000000000000000000, 42.97958336777428201, 1.100000000000000311 ) ) ;
#653 = EDGE_CURVE ( 'NONE', #484, #1076, #129, .T. ) ;
#654 = CARTESIAN_POINT ( 'NONE',  ( 12.00000000000000000, 45.50000000000000000, -2.750000000000000000 ) ) ;
#655 = VERTEX_POINT ( 'NONE', #968 ) ;
#656 = ORIENTED_EDGE ( 'NONE', *, *, #840, .F. ) ;
#657 = DIRECTION ( 'NONE',  ( -0.000000000000000000, -1.000000000000000000, -0.000000000000000000 ) ) ;
#658 = CIRCLE ( 'NONE', #1078, 12.00000000000000000 ) ;
#659 = CIRCLE ( 'NONE', #1386, 1.100000000000000311 ) ;
#660 = CARTESIAN_POINT ( 'NONE',  ( 9.063955207591092744, 42.76425008182182808, 0.2884992566999252106 ) ) ;
#661 = CARTESIAN_POINT ( 'NONE',  ( -6.559388157041595058, 44.22148448750301242, 2.449026308144500508 ) ) ;
#662 = ADVANCED_FACE ( 'NONE', ( #8 ), #489, .F. ) ;
#663 = ADVANCED_FACE ( 'NONE', ( #16 ), #997, .F. ) ;
#664 = ORIENTED_EDGE ( 'NONE', *, *, #806, .T. ) ;
#665 = EDGE_LOOP ( 'NONE', ( #721, #650, #749, #504, #1175 ) ) ;
#666 = CARTESIAN_POINT ( 'NONE',  ( 0.000000000000000000, 48.00000000000000000, 5.250000000000000000 ) ) ;
#667 = CIRCLE ( 'NONE', #1575, 4.049999999999999822 ) ;
#668 = CARTESIAN_POINT ( 'NONE',  ( 3.100000000000000089, 48.00000000000000000, -2.399999999999999911 ) ) ;
#669 = DIRECTION ( 'NONE',  ( 0.000000000000000000, -1.000000000000000000, 0.000000000000000000 ) ) ;
#670 = CARTESIAN_POINT ( 'NONE',  ( 12.00003054617859277, 42.74986670756292284, -0.2283996131106005023 ) ) ;
#671 = CARTESIAN_POINT ( 'NONE',  ( -7.709313648573749234, 42.96630313750901564, -1.070746419126428872 ) ) ;
#672 = AXIS2_PLACEMENT_3D ( 'NONE', #1267, #1383, #769 ) ;
#673 = EDGE_CURVE ( 'NONE', #822, #730, #1467, .T. ) ;
#674 = EDGE_LOOP ( 'NONE', ( #300, #1547, #233, #1039, #901 ) ) ;
#675 = ORIENTED_EDGE ( 'NONE', *, *, #220, .F. ) ;
#676 = DIRECTION ( 'NONE',  ( 0.000000000000000000, 0.000000000000000000, -1.000000000000000000 ) ) ;
#677 = FACE_OUTER_BOUND ( 'NONE', #1541, .T. ) ;
#678 = DIRECTION ( 'NONE',  ( 0.000000000000000000, -1.000000000000000000, 0.000000000000000000 ) ) ;
#679 = DIRECTION ( 'NONE',  ( 0.000000000000000000, 0.000000000000000000, 1.000000000000000000 ) ) ;
#680 = CARTESIAN_POINT ( 'NONE',  ( 6.905613658466567273, 48.00000000000000000, 1.145643923738954628 ) ) ;
#681 = ORIENTED_EDGE ( 'NONE', *, *, #1405, .F. ) ;
#682 = ORIENTED_EDGE ( 'NONE', *, *, #314, .T. ) ;
#683 = EDGE_CURVE ( 'NONE', #1196, #755, #1581, .T. ) ;
#684 = CARTESIAN_POINT ( 'NONE',  ( -11.94988378015164621, 42.97543051998957253, 1.113742118236446643 ) ) ;
#685 = PLANE ( 'NONE',  #61 ) ;
#686 = AXIS2_PLACEMENT_3D ( 'NONE', #1538, #329, #589 ) ;
#687 = CYLINDRICAL_SURFACE ( 'NONE', #599, 1.100000000000000311 ) ;
#688 = DIRECTION ( 'NONE',  ( 0.000000000000000000, 0.000000000000000000, -1.000000000000000000 ) ) ;
#689 = CARTESIAN_POINT ( 'NONE',  ( 6.711302512696334155, 47.40077969347409237, 1.991566206993403920 ) ) ;
#690 = VECTOR ( 'NONE', #657, 1000.000000000000000 ) ;
#691 = VERTEX_POINT ( 'NONE', #472 ) ;
#692 = ORIENTED_EDGE ( 'NONE', *, *, #1238, .T. ) ;
#693 = CARTESIAN_POINT ( 'NONE',  ( 11.99999999999999822, 45.50000000000000000, 0.000000000000000000 ) ) ;
#694 = VERTEX_POINT ( 'NONE', #1248 ) ;
#695 = CARTESIAN_POINT ( 'NONE',  ( 0.000000000000000000, 44.00000000000000711, 0.000000000000000000 ) ) ;
#696 = EDGE_CURVE ( 'NONE', #935, #299, #136, .T. ) ;
#697 = LINE ( 'NONE', #549, #992 ) ;
#698 = CARTESIAN_POINT ( 'NONE',  ( 11.88026736640190073, 43.32597493216405837, -1.699363630129000047 ) ) ;
#699 = DIRECTION ( 'NONE',  ( 0.000000000000000000, 0.000000000000000000, 1.000000000000000000 ) ) ;
#700 = EDGE_LOOP ( 'NONE', ( #1167, #618, #924, #1540, #1310 ) ) ;
#701 = DIRECTION ( 'NONE',  ( 0.000000000000000000, 0.000000000000000000, 1.000000000000000000 ) ) ;
#702 = ORIENTED_EDGE ( 'NONE', *, *, #509, .F. ) ;
#703 = DIRECTION ( 'NONE',  ( 0.000000000000000000, 0.000000000000000000, 1.000000000000000000 ) ) ;
#704 = CARTESIAN_POINT ( 'NONE',  ( -4.041961943843849880, 46.57137333651060374, -0.2882681398097309278 ) ) ;
#705 = ADVANCED_FACE ( 'NONE', ( #255 ), #745, .F. ) ;
#706 = CARTESIAN_POINT ( 'NONE',  ( 12.00000000000000000, 48.00000000000000000, -1.145643923738954628 ) ) ;
#707 = VECTOR ( 'NONE', #526, 1000.000000000000000 ) ;
#708 = DIRECTION ( 'NONE',  ( -1.000000000000000000, 0.000000000000000000, 0.000000000000000000 ) ) ;
#709 = AXIS2_PLACEMENT_3D ( 'NONE', #1229, #1447, #1115 ) ;
#710 = CARTESIAN_POINT ( 'NONE',  ( 0.000000000000000000, 48.00000000000000000, 0.000000000000000000 ) ) ;
#711 = VERTEX_POINT ( 'NONE', #596 ) ;
#712 = CARTESIAN_POINT ( 'NONE',  ( -3.954923531425247329, 44.82272557271926416, 0.8784394724398485454 ) ) ;
#713 = EDGE_LOOP ( 'NONE', ( #1064, #863 ) ) ;
#714 = CARTESIAN_POINT ( 'NONE',  ( 6.515639029735875276, 44.46111964486732404, 2.559900529058816598 ) ) ;
#715 = CARTESIAN_POINT ( 'NONE',  ( -4.049983532210581494, 46.59993936858856500, 0.1447335446821367277 ) ) ;
#716 = CARTESIAN_POINT ( 'NONE',  ( 6.518198274269424886, 46.53107725406510298, -2.552749073516589196 ) ) ;
#717 = PERSON_AND_ORGANIZATION ( #800, #3 ) ;
#718 = EDGE_CURVE ( 'NONE', #307, #1278, #896, .T. ) ;
#719 = CARTESIAN_POINT ( 'NONE',  ( 0.000000000000000000, 48.00000000000000000, -8.000000000000000000 ) ) ;
#720 = CIRCLE ( 'NONE', #74, 12.00000000000000000 ) ;
#721 = ORIENTED_EDGE ( 'NONE', *, *, #418, .F. ) ;
#722 = ORIENTED_EDGE ( 'NONE', *, *, #207, .F. ) ;
#723 = DIRECTION ( 'NONE',  ( 0.000000000000000000, 0.000000000000000000, -1.000000000000000000 ) ) ;
#724 = DIRECTION ( 'NONE',  ( -0.000000000000000000, -1.000000000000000000, -0.000000000000000000 ) ) ;
#725 = CARTESIAN_POINT ( 'NONE',  ( -6.560037626623678619, 46.76897802340306498, 2.443223876829603292 ) ) ;
#726 = APPROVAL_ROLE ( '' ) ;
#727 = VECTOR ( 'NONE', #1492, 1000.000000000000000 ) ;
#728 = AXIS2_PLACEMENT_3D ( 'NONE', #133, #1377, #1252 ) ;
#729 = ORIENTED_EDGE ( 'NONE', *, *, #1010, .F. ) ;
#730 = VERTEX_POINT ( 'NONE', #1384 ) ;
#731 = EDGE_CURVE ( 'NONE', #1321, #740, #658, .T. ) ;
#732 = CARTESIAN_POINT ( 'NONE',  ( -6.515639029735875276, 44.46111964486732404, -2.559900529058816598 ) ) ;
#733 = ORIENTED_EDGE ( 'NONE', *, *, #683, .F. ) ;
#734 = CARTESIAN_POINT ( 'NONE',  ( 0.000000000000000000, 44.00000000000000000, 8.000000000000000000 ) ) ;
#735 = CARTESIAN_POINT ( 'NONE',  ( -3.994462073355875997, 46.37931397790994481, -0.6763991006094487446 ) ) ;
#736 = CARTESIAN_POINT ( 'NONE',  ( 6.905613658466567273, 48.00000000000000000, -1.145643923738954628 ) ) ;
#737 = PERSON_AND_ORGANIZATION ( #800, #3 ) ;
#738 = DIRECTION ( 'NONE',  ( -0.000000000000000000, -0.000000000000000000, 1.000000000000000000 ) ) ;
#739 = CARTESIAN_POINT ( 'NONE',  ( 0.000000000000000000, 44.00000000000000711, -12.00000000000000000 ) ) ;
#740 = VERTEX_POINT ( 'NONE', #641 ) ;
#741 = EDGE_CURVE ( 'NONE', #236, #871, #386, .T. ) ;
#742 = DIRECTION ( 'NONE',  ( -1.000000000000000000, 0.000000000000000000, 0.000000000000000000 ) ) ;
#743 = EDGE_CURVE ( 'NONE', #788, #843, #351, .T. ) ;
#744 = CARTESIAN_POINT ( 'NONE',  ( -6.558807803923946800, 46.77494786242812097, -2.450364605556971664 ) ) ;
#745 = PLANE ( 'NONE',  #1210 ) ;
#746 = PERSON_AND_ORGANIZATION_ROLE ( 'design_owner' ) ;
#747 = DIRECTION ( 'NONE',  ( 0.000000000000000000, 0.000000000000000000, 1.000000000000000000 ) ) ;
#748 = CARTESIAN_POINT ( 'NONE',  ( -6.936044792408911697, 42.76425008182181386, 0.2884992566999241004 ) ) ;
#749 = ORIENTED_EDGE ( 'NONE', *, *, #277, .F. ) ;
#750 = LINE ( 'NONE', #393, #807 ) ;
#751 = DIRECTION ( 'NONE',  ( -1.000000000000000000, -0.000000000000000000, -0.000000000000000000 ) ) ;
#752 = ADVANCED_FACE ( 'NONE', ( #165, #759 ), #1496, .F. ) ;
#753 = CYLINDRICAL_SURFACE ( 'NONE', #494, 2.750000000000000000 ) ;
#754 = VECTOR ( 'NONE', #1070, 1000.000000000000000 ) ;
#755 = VERTEX_POINT ( 'NONE', #1281 ) ;
#756 = CARTESIAN_POINT ( 'NONE',  ( 3.262284475639731340, 44.00000000000000711, -2.399999999999999911 ) ) ;
#757 = CARTESIAN_POINT ( 'NONE',  ( 11.82762713959821177, 43.63498846486171345, 2.033622897408629893 ) ) ;
#758 = VECTOR ( 'NONE', #651, 1000.000000000000000 ) ;
#759 = FACE_OUTER_BOUND ( 'NONE', #193, .T. ) ;
#760 = EDGE_CURVE ( 'NONE', #852, #13, #1017, .T. ) ;
#761 = CARTESIAN_POINT ( 'NONE',  ( 8.000000000000000000, 42.97958336777428201, -1.100000000000000311 ) ) ;
#762 = ORIENTED_EDGE ( 'NONE', *, *, #1292, .F. ) ;
#763 = CARTESIAN_POINT ( 'NONE',  ( -8.000000000000000000, 42.97958336777428201, -1.100000000000000311 ) ) ;
#764 = CARTESIAN_POINT ( 'NONE',  ( -8.677519345544874696, 42.89187051687338936, -0.8781271214815269399 ) ) ;
#765 = EDGE_CURVE ( 'NONE', #1234, #1410, #275, .T. ) ;
#766 = ORIENTED_EDGE ( 'NONE', *, *, #380, .T. ) ;
#767 = AXIS2_PLACEMENT_3D ( 'NONE', #1240, #606, #263 ) ;
#768 = VECTOR ( 'NONE', #1528, 1000.000000000000000 ) ;
#769 = DIRECTION ( 'NONE',  ( 0.000000000000000000, 0.000000000000000000, 1.000000000000000000 ) ) ;
#770 = CIRCLE ( 'NONE', #1052, 12.00000000000000000 ) ;
#771 = CARTESIAN_POINT ( 'NONE',  ( -8.147043355839137746, 42.97958336777428201, -1.100000000000000755 ) ) ;
#772 = CARTESIAN_POINT ( 'NONE',  ( -6.000000000000000000, 45.50000000000000000, -2.750000000000000000 ) ) ;
#773 = B_SPLINE_CURVE_WITH_KNOTS ( 'NONE', 3,
 ( #146, #521, #636, #1129, #888, #318, #1535, #309, #660, #564, #1305, #911, #49, #1404, #196, #945, #1036, #827, #302, #1525 ),
 .UNSPECIFIED., .F., .F.,
 ( 4, 2, 2, 2, 2, 2, 2, 2, 2, 4 ),
 ( 0.003475696049679061553, 0.003909761958781864111, 0.004343827867884665801, 0.004777893776987467492, 0.004994926731538869638, 0.005211959686090271784, 0.005646025595193076077, 0.006080091504295880370, 0.006514157413398684662, 0.006948223322501488955 ),
 .UNSPECIFIED. ) ;
#774 = EDGE_LOOP ( 'NONE', ( #1236, #1330 ) ) ;
#775 = EDGE_CURVE ( 'NONE', #691, #204, #1507, .T. ) ;
#776 = VECTOR ( 'NONE', #738, 1000.000000000000000 ) ;
#777 = DIRECTION ( 'NONE',  ( 0.000000000000000000, -0.000000000000000000, 1.000000000000000000 ) ) ;
#778 = VECTOR ( 'NONE', #938, 1000.000000000000000 ) ;
#779 = CARTESIAN_POINT ( 'NONE',  ( -8.556647389317582508, 42.92216929178241713, -0.9596082523864669644 ) ) ;
#780 = LINE ( 'NONE', #772, #727 ) ;
#781 = ORIENTED_EDGE ( 'NONE', *, *, #1311, .T. ) ;
#782 = CARTESIAN_POINT ( 'NONE',  ( -11.77656571331387525, 44.00000000000000711, 2.304886114323225321 ) ) ;
#783 = CIRCLE ( 'NONE', #999, 4.049999999999999822 ) ;
#784 = EDGE_CURVE ( 'NONE', #1145, #815, #356, .T. ) ;
#785 = CARTESIAN_POINT ( 'NONE',  ( 8.000000000000000000, 41.00000000000000000, -1.100000000000000311 ) ) ;
#786 = CARTESIAN_POINT ( 'NONE',  ( 0.000000000000000000, 48.00000000000000000, 6.899999999999999467 ) ) ;
#787 = DIRECTION ( 'NONE',  ( 0.000000000000000000, -0.000000000000000000, 1.000000000000000000 ) ) ;
#788 = VERTEX_POINT ( 'NONE', #43 ) ;
#789 = EDGE_LOOP ( 'NONE', ( #943, #323 ) ) ;
#790 = CARTESIAN_POINT ( 'NONE',  ( 0.000000000000000000, 41.00000000000000000, 0.000000000000000000 ) ) ;
#791 = CYLINDRICAL_SURFACE ( 'NONE', #483, 1.100000000000000311 ) ;
#792 = CARTESIAN_POINT ( 'NONE',  ( 8.000000000000000000, 48.00000000000000000, 1.100000000000000311 ) ) ;
#793 = EDGE_CURVE ( 'NONE', #20, #788, #535, .T. ) ;
#794 = LINE ( 'NONE', #1407, #918 ) ;
#795 = CARTESIAN_POINT ( 'NONE',  ( -7.443762257624845446, 42.92226458823166979, 0.9598624675992175614 ) ) ;
#796 = VERTEX_POINT ( 'NONE', #1502 ) ;
#797 = VERTEX_POINT ( 'NONE', #785 ) ;
#798 = CARTESIAN_POINT ( 'NONE',  ( -11.77656571331387525, 44.00000000000000711, -2.304886114323225321 ) ) ;
#799 = CIRCLE ( 'NONE', #1293, 1.100000000000000311 ) ;
#800 = PERSON ( 'UNSPECIFIED', 'UNSPECIFIED', 'UNSPECIFIED', ('UNSPECIFIED'), ('UNSPECIFIED'), ('UNSPECIFIED') ) ;
#801 = FACE_BOUND ( 'NONE', #774, .T. ) ;
#802 = AXIS2_PLACEMENT_3D ( 'NONE', #433, #921, #1414 ) ;
#803 = DIRECTION ( 'NONE',  ( 0.000000000000000000, 0.000000000000000000, -1.000000000000000000 ) ) ;
#804 = DIRECTION ( 'NONE',  ( 1.000000000000000000, 0.000000000000000000, 0.000000000000000000 ) ) ;
#805 = CARTESIAN_POINT ( 'NONE',  ( 8.000000000000000000, 42.97958336777428201, 1.100000000000000311 ) ) ;
#806 = EDGE_CURVE ( 'NONE', #299, #1216, #23, .T. ) ;
#807 = VECTOR ( 'NONE', #890, 1000.000000000000000 ) ;
#808 = ORIENTED_EDGE ( 'NONE', *, *, #1228, .T. ) ;
#809 = ORIENTED_EDGE ( 'NONE', *, *, #108, .F. ) ;
#810 = CARTESIAN_POINT ( 'NONE',  ( 6.437196594791866566, 45.50000000000000000, -2.750000000000000000 ) ) ;
#811 = DIRECTION ( 'NONE',  ( -0.000000000000000000, -1.000000000000000000, -0.000000000000000000 ) ) ;
#812 = DIRECTION ( 'NONE',  ( 0.000000000000000000, 0.000000000000000000, -1.000000000000000000 ) ) ;
#813 = DIRECTION ( 'NONE',  ( 0.000000000000000000, 0.000000000000000000, 1.000000000000000000 ) ) ;
#814 = DIRECTION ( 'NONE',  ( 0.000000000000000000, 0.000000000000000000, -1.000000000000000000 ) ) ;
#815 = VERTEX_POINT ( 'NONE', #516 ) ;
#816 = CARTESIAN_POINT ( 'NONE',  ( -11.80106415831710187, 43.80766163503032118, -2.179713965616332239 ) ) ;
#817 = VERTEX_POINT ( 'NONE', #1006 ) ;
#818 = CARTESIAN_POINT ( 'NONE',  ( 6.899925162815589097, 42.74997006512958819, 0.1447568876352368361 ) ) ;
#819 = DIRECTION ( 'NONE',  ( 0.000000000000000000, 0.000000000000000000, -1.000000000000000000 ) ) ;
#820 = DIRECTION ( 'NONE',  ( 0.000000000000000000, -1.000000000000000000, 0.000000000000000000 ) ) ;
#821 = B_SPLINE_CURVE_WITH_KNOTS ( 'NONE', 3,
 ( #1374, #268, #757, #1256, #1062, #1184, #435, #192, #578, #670, #337, #567, #462, #1164, #698, #1173, #311, #198 ),
 .UNSPECIFIED., .F., .F.,
 ( 4, 2, 2, 2, 2, 2, 2, 2, 4 ),
 ( 0.000000000000000000, 0.0006825525032446167753, 0.001365105006489233551, 0.002047657509733849784, 0.002730210012978465800, 0.003412762516223082250, 0.004095315019467697833, 0.004777867522712314283, 0.005460420025956930733 ),
 .UNSPECIFIED. ) ;
#822 = VERTEX_POINT ( 'NONE', #881 ) ;
#823 = EDGE_LOOP ( 'NONE', ( #831, #426 ) ) ;
#824 = CARTESIAN_POINT ( 'NONE',  ( -3.897755764539384327, 45.35393696639610539, 1.100000000000000533 ) ) ;
#825 = VERTEX_POINT ( 'NONE', #1011 ) ;
#826 = CC_DESIGN_PERSON_AND_ORGANIZATION_ASSIGNMENT ( #1099, #378, ( #1109 ) ) ;
#827 = CARTESIAN_POINT ( 'NONE',  ( 8.290686351426252543, 42.96630313750901564, -1.070746419126429316 ) ) ;
#828 = CARTESIAN_POINT ( 'NONE',  ( -6.437196594791866566, 45.50000000000000000, -2.750000000000000000 ) ) ;
#829 = DIRECTION ( 'NONE',  ( -0.000000000000000000, -0.000000000000000000, 1.000000000000000000 ) ) ;
#830 = CARTESIAN_POINT ( 'NONE',  ( -8.000000000000000000, 41.00000000000000000, 0.000000000000000000 ) ) ;
#831 = ORIENTED_EDGE ( 'NONE', *, *, #581, .F. ) ;
#832 = ORIENTED_EDGE ( 'NONE', *, *, #975, .T. ) ;
#833 = CARTESIAN_POINT ( 'NONE',  ( -4.013845604681407053, 44.54012133101868898, -0.5565091294985892167 ) ) ;
#834 = ORIENTED_EDGE ( 'NONE', *, *, #119, .F. ) ;
#835 = CARTESIAN_POINT ( 'NONE',  ( 0.000000000000000000, 48.00000000000000000, 0.000000000000000000 ) ) ;
#836 = FACE_BOUND ( 'NONE', #344, .T. ) ;
#837 = CARTESIAN_POINT ( 'NONE',  ( 3.100000000000000089, 48.00000000000000000, 2.399999999999999911 ) ) ;
#838 = AXIS2_PLACEMENT_3D ( 'NONE', #668, #1043, #1191 ) ;
#839 = CYLINDRICAL_SURFACE ( 'NONE', #686, 2.750000000000000000 ) ;
#840 = EDGE_CURVE ( 'NONE', #1592, #1445, #773, .T. ) ;
#841 = AXIS2_PLACEMENT_3D ( 'NONE', #95, #111, #1587 ) ;
#842 = CYLINDRICAL_SURFACE ( 'NONE', #859, 2.749999999999999112 ) ;
#843 = VERTEX_POINT ( 'NONE', #171 ) ;
#844 = LINE ( 'NONE', #1, #640 ) ;
#845 = EDGE_LOOP ( 'NONE', ( #493, #601 ) ) ;
#846 = CARTESIAN_POINT ( 'NONE',  ( 7.855242715378138563, 42.97958336777428912, 1.100000000000000533 ) ) ;
#847 = CARTESIAN_POINT ( 'NONE',  ( -4.013966497472684303, 46.46037050846904037, -0.5555428274023341828 ) ) ;
#848 = CARTESIAN_POINT ( 'NONE',  ( -6.712230573319453164, 47.40851468283977255, 1.996664204902309558 ) ) ;
#849 = PERSON_AND_ORGANIZATION ( #800, #3 ) ;
#850 = ADVANCED_FACE ( 'NONE', ( #1154 ), #791, .F. ) ;
#851 = EDGE_LOOP ( 'NONE', ( #1493, #1558, #485, #961 ) ) ;
#852 = VERTEX_POINT ( 'NONE', #1069 ) ;
#853 = CARTESIAN_POINT ( 'NONE',  ( -6.437196594791865678, 45.36746691884723504, -2.750000000000000444 ) ) ;
#854 = ORIENTED_EDGE ( 'NONE', *, *, #321, .F. ) ;
#855 = CARTESIAN_POINT ( 'NONE',  ( 7.040949134738395898, 42.80378450619249264, 0.5579999546474321281 ) ) ;
#856 = DIRECTION ( 'NONE',  ( -0.000000000000000000, -1.000000000000000000, -0.000000000000000000 ) ) ;
#857 = CARTESIAN_POINT ( 'NONE',  ( -6.469276747509345782, 46.15544851186697883, 2.673962309778475710 ) ) ;
#858 = CALENDAR_DATE ( 2026, 7, 9 ) ;
#859 = AXIS2_PLACEMENT_3D ( 'NONE', #719, #106, #1337 ) ;
#860 = CARTESIAN_POINT ( 'NONE',  ( 3.100000000000000089, 48.00000000000000000, -2.399999999999999911 ) ) ;
#861 = AXIS2_PLACEMENT_3D ( 'NONE', #104, #1005, #22 ) ;
#862 = CARTESIAN_POINT ( 'NONE',  ( 0.000000000000000000, 41.00000000000000000, -9.099999999999999645 ) ) ;
#863 = ORIENTED_EDGE ( 'NONE', *, *, #645, .F. ) ;
#864 = CARTESIAN_POINT ( 'NONE',  ( 7.323753537011481463, 42.89221736314163991, 0.8791885722655916613 ) ) ;
#865 = CARTESIAN_POINT ( 'NONE',  ( -6.711302512696334155, 47.40077969347409237, -1.991566206993403920 ) ) ;
#866 = B_SPLINE_CURVE_WITH_KNOTS ( 'NONE', 3,
 ( #306, #176, #140, #795, #1291, #12, #503, #258, #748, #625, #517, #1498, #272, #79, #1174, #436, #219, #671, #350, #1165 ),
 .UNSPECIFIED., .F., .F.,
 ( 4, 2, 2, 2, 2, 2, 2, 2, 2, 4 ),
 ( 0.003475696049679064155, 0.003909761958781868448, 0.004343827867884673608, 0.004777893776987477900, 0.004994926731538879179, 0.005211959686090281325, 0.005646025595193084751, 0.006080091504295887309, 0.006514157413398691601, 0.006948223322501494159 ),
 .UNSPECIFIED. ) ;
#867 = DIRECTION ( 'NONE',  ( 0.000000000000000000, -1.000000000000000000, 0.000000000000000000 ) ) ;
#868 = SECURITY_CLASSIFICATION_LEVEL ( 'unclassified' ) ;
#869 = CIRCLE ( 'NONE', #512, 1.100000000000000089 ) ;
#870 = DIRECTION ( 'NONE',  ( -0.000000000000000000, -1.000000000000000000, -0.000000000000000000 ) ) ;
#871 = VERTEX_POINT ( 'NONE', #1288 ) ;
#872 = ADVANCED_FACE ( 'NONE', ( #1559 ), #685, .T. ) ;
#873 = CARTESIAN_POINT ( 'NONE',  ( 0.000000000000000000, 48.00000000000000000, 5.250000000000000000 ) ) ;
#874 = CARTESIAN_POINT ( 'NONE',  ( 6.000000000000000000, 45.50000000000000000, 1.100000000000000089 ) ) ;
#875 = PERSON_AND_ORGANIZATION ( #800, #3 ) ;
#876 = AXIS2_PLACEMENT_3D ( 'NONE', #247, #1098, #1590 ) ;
#877 = ORIENTED_EDGE ( 'NONE', *, *, #478, .T. ) ;
#878 = CARTESIAN_POINT ( 'NONE',  ( 3.100000000000000089, 48.00000000000000000, -2.399999999999999911 ) ) ;
#879 = DIRECTION ( 'NONE',  ( 0.000000000000000000, 0.000000000000000000, 1.000000000000000000 ) ) ;
#880 = ADVANCED_FACE ( 'NONE', ( #801, #180 ), #919, .F. ) ;
#881 = CARTESIAN_POINT ( 'NONE',  ( 1.347111479062088257E-16, 44.00000000000000711, 9.099999999999999645 ) ) ;
#882 = DATE_AND_TIME ( #248, #1341 ) ;
#883 = VECTOR ( 'NONE', #11, 1000.000000000000000 ) ;
#884 = ORIENTED_EDGE ( 'NONE', *, *, #806, .F. ) ;
#885 = CIRCLE ( 'NONE', #1271, 1.100000000000000311 ) ;
#886 = CARTESIAN_POINT ( 'NONE',  ( 6.000000000000000000, 45.50000000000000000, 2.750000000000000000 ) ) ;
#887 = CIRCLE ( 'NONE', #56, 12.00000000000000000 ) ;
#888 = CARTESIAN_POINT ( 'NONE',  ( 8.676407604845435273, 42.89219676209741294, 0.8792270559269659280 ) ) ;
#889 = ORIENTED_EDGE ( 'NONE', *, *, #1061, .T. ) ;
#890 = DIRECTION ( 'NONE',  ( 1.000000000000000000, -0.000000000000000000, -0.000000000000000000 ) ) ;
#891 = DIRECTION ( 'NONE',  ( 0.000000000000000000, 0.000000000000000000, 1.000000000000000000 ) ) ;
#892 = CARTESIAN_POINT ( 'NONE',  ( 0.000000000000000000, 41.00000000000000000, 0.000000000000000000 ) ) ;
#893 = ADVANCED_FACE ( 'NONE', ( #677 ), #1051, .F. ) ;
#894 = CC_DESIGN_SECURITY_CLASSIFICATION ( #491, ( #1109 ) ) ;
#895 = ORIENTED_EDGE ( 'NONE', *, *, #1460, .F. ) ;
#896 = CIRCLE ( 'NONE', #201, 1.100000000000000311 ) ;
#897 = CARTESIAN_POINT ( 'NONE',  ( 2.360923410571791337, 44.00000000000000000, 6.589843750000000888 ) ) ;
#898 = CARTESIAN_POINT ( 'NONE',  ( -8.555081081801924725, 42.92247255376436499, 0.9603944908618213816 ) ) ;
#899 = CARTESIAN_POINT ( 'NONE',  ( -6.000000000000000000, 45.50000000000000000, 0.000000000000000000 ) ) ;
#900 = ADVANCED_FACE ( 'NONE', ( #1180 ), #86, .F. ) ;
#901 = ORIENTED_EDGE ( 'NONE', *, *, #621, .F. ) ;
#902 = ORIENTED_EDGE ( 'NONE', *, *, #454, .F. ) ;
#903 = DIRECTION ( 'NONE',  ( 0.000000000000000000, 1.000000000000000000, 0.000000000000000000 ) ) ;
#904 = CARTESIAN_POINT ( 'NONE',  ( -8.878205103962704570, 42.83268840556772972, -0.6774182610786685377 ) ) ;
#905 = CARTESIAN_POINT ( 'NONE',  ( 1.469576158976823947E-15, 44.00000000000000711, 12.00000000000000000 ) ) ;
#906 = ORIENTED_EDGE ( 'NONE', *, *, #396, .F. ) ;
#907 = ORIENTED_EDGE ( 'NONE', *, *, #10, .T. ) ;
#908 = CYLINDRICAL_SURFACE ( 'NONE', #283, 1.100000000000000089 ) ;
#909 = VECTOR ( 'NONE', #1055, 1000.000000000000000 ) ;
#910 = EDGE_CURVE ( 'NONE', #1085, #398, #144, .T. ) ;
#911 = CARTESIAN_POINT ( 'NONE',  ( 9.100065036839440680, 42.74997398526645043, -0.1444623633753945591 ) ) ;
#912 = FACE_OUTER_BOUND ( 'NONE', #102, .T. ) ;
#913 = CARTESIAN_POINT ( 'NONE',  ( -6.000000000000000000, 45.50000000000000000, 0.000000000000000000 ) ) ;
#914 = CARTESIAN_POINT ( 'NONE',  ( 12.00000000000000000, 45.50000000000000000, 0.000000000000000000 ) ) ;
#915 = EDGE_LOOP ( 'NONE', ( #1034, #1157, #964, #834 ) ) ;
#916 = ORIENTED_EDGE ( 'NONE', *, *, #64, .F. ) ;
#917 = DIRECTION ( 'NONE',  ( 0.000000000000000000, -1.000000000000000000, 0.000000000000000000 ) ) ;
#918 = VECTOR ( 'NONE', #1317, 1000.000000000000000 ) ;
#919 = CYLINDRICAL_SURFACE ( 'NONE', #632, 4.049999999999999822 ) ;
#920 = CIRCLE ( 'NONE', #1132, 7.000000000000000000 ) ;
#921 = DIRECTION ( 'NONE',  ( -0.000000000000000000, -1.000000000000000000, -0.000000000000000000 ) ) ;
#922 = DIRECTION ( 'NONE',  ( 0.000000000000000000, 1.000000000000000000, 0.000000000000000000 ) ) ;
#923 = DIRECTION ( 'NONE',  ( -1.000000000000000000, 0.000000000000000000, 0.000000000000000000 ) ) ;
#924 = ORIENTED_EDGE ( 'NONE', *, *, #1494, .F. ) ;
#925 = ORIENTED_EDGE ( 'NONE', *, *, #1149, .F. ) ;
#926 = DIRECTION ( 'NONE',  ( -0.000000000000000000, -1.000000000000000000, -0.000000000000000000 ) ) ;
#927 = AXIS2_PLACEMENT_3D ( 'NONE', #710, #934, #814 ) ;
#928 = CARTESIAN_POINT ( 'NONE',  ( 7.121794896037297207, 42.83268840556772972, -0.6774182610786694259 ) ) ;
#929 = AXIS2_PLACEMENT_3D ( 'NONE', #441, #930, #310 ) ;
#930 = DIRECTION ( 'NONE',  ( -0.000000000000000000, -1.000000000000000000, -0.000000000000000000 ) ) ;
#931 = CARTESIAN_POINT ( 'NONE',  ( -6.437196594791866566, 45.50000000000000000, 2.750000000000000000 ) ) ;
#932 = CARTESIAN_POINT ( 'NONE',  ( 6.514753208766933312, 46.53267108062811275, 2.562114570348315912 ) ) ;
#933 = ADVANCED_FACE ( 'NONE', ( #66 ), #57, .T. ) ;
#934 = DIRECTION ( 'NONE',  ( -0.000000000000000000, -1.000000000000000000, -0.000000000000000000 ) ) ;
#935 = VERTEX_POINT ( 'NONE', #555 ) ;
#936 = CARTESIAN_POINT ( 'NONE',  ( -11.88005825282095174, 43.32714741336238262, -1.700765048972281868 ) ) ;
#937 = CARTESIAN_POINT ( 'NONE',  ( 0.000000000000000000, 48.00000000000000000, -8.000000000000000000 ) ) ;
#938 = DIRECTION ( 'NONE',  ( -0.000000000000000000, 1.000000000000000000, -0.000000000000000000 ) ) ;
#939 = DIRECTION ( 'NONE',  ( 0.000000000000000000, 0.000000000000000000, -1.000000000000000000 ) ) ;
#940 = DIRECTION ( 'NONE',  ( 0.000000000000000000, 0.000000000000000000, 1.000000000000000000 ) ) ;
#941 = EDGE_CURVE ( 'NONE', #1445, #1592, #221, .T. ) ;
#942 = DIRECTION ( 'NONE',  ( -0.000000000000000000, -1.000000000000000000, -0.000000000000000000 ) ) ;
#943 = ORIENTED_EDGE ( 'NONE', *, *, #468, .F. ) ;
#944 = ORIENTED_EDGE ( 'NONE', *, *, #1259, .F. ) ;
#945 = CARTESIAN_POINT ( 'NONE',  ( 8.677311198205510223, 42.89194145875715236, -0.8784063564450347306 ) ) ;
#946 = CARTESIAN_POINT ( 'NONE',  ( 0.000000000000000000, 48.00000000000000000, 8.000000000000000000 ) ) ;
#947 = LINE ( 'NONE', #89, #153 ) ;
#948 = DIRECTION ( 'NONE',  ( 1.000000000000000000, 0.000000000000000000, 0.000000000000000000 ) ) ;
#949 = CARTESIAN_POINT ( 'NONE',  ( -6.437196594791866566, 45.50000000000000000, 2.750000000000000000 ) ) ;
#950 = ORIENTED_EDGE ( 'NONE', *, *, #1149, .T. ) ;
#951 = ADVANCED_FACE ( 'NONE', ( #345, #586 ), #1342, .T. ) ;
#952 = ORIENTED_EDGE ( 'NONE', *, *, #1520, .F. ) ;
#953 = EDGE_CURVE ( 'NONE', #1278, #1428, #995, .T. ) ;
#954 = CARTESIAN_POINT ( 'NONE',  ( 0.000000000000000000, 44.00000000000000000, 0.000000000000000000 ) ) ;
#955 = DIRECTION ( 'NONE',  ( 0.000000000000000000, -1.000000000000000000, 0.000000000000000000 ) ) ;
#956 = CARTESIAN_POINT ( 'NONE',  ( 6.457445106597440088, 46.02734171946890029, -2.702189814933226852 ) ) ;
#957 = B_SPLINE_CURVE_WITH_KNOTS ( 'NONE', 3,
 ( #931, #1424, #1221, #976, #857, #482, #507, #725, #228, #1231, #848, #114, #1570, #1481 ),
 .UNSPECIFIED., .F., .F.,
 ( 4, 2, 2, 2, 2, 2, 4 ),
 ( 0.001592589179840804298, 0.001987557321475789170, 0.002382525463110774042, 0.002777493604745758914, 0.003172461746380744220, 0.003962398029650714831, 0.004752334312920686310 ),
 .UNSPECIFIED. ) ;
#958 = CARTESIAN_POINT ( 'NONE',  ( 6.816873139757940514, 47.74910970999683002, 1.603625134843279954 ) ) ;
#959 = VECTOR ( 'NONE', #820, 1000.000000000000000 ) ;
#960 = LINE ( 'NONE', #1276, #776 ) ;
#961 = ORIENTED_EDGE ( 'NONE', *, *, #468, .T. ) ;
#962 = AXIS2_PLACEMENT_3D ( 'NONE', #355, #274, #1021 ) ;
#963 = CARTESIAN_POINT ( 'NONE',  ( 0.000000000000000000, 48.00000000000000000, 0.000000000000000000 ) ) ;
#964 = ORIENTED_EDGE ( 'NONE', *, *, #621, .T. ) ;
#965 = LINE ( 'NONE', #1322, #271 ) ;
#966 = EDGE_CURVE ( 'NONE', #484, #204, #783, .T. ) ;
#967 = CARTESIAN_POINT ( 'NONE',  ( 0.000000000000000000, 41.00000000000000000, -12.00000000000000000 ) ) ;
#968 = CARTESIAN_POINT ( 'NONE',  ( 0.000000000000000000, 41.00000000000000000, 6.899999999999999467 ) ) ;
#969 = DATE_AND_TIME ( #508, #260 ) ;
#970 = CARTESIAN_POINT ( 'NONE',  ( 0.000000000000000000, 48.00000000000000000, -4.049999999999999822 ) ) ;
#971 = ORIENTED_EDGE ( 'NONE', *, *, #1178, .F. ) ;
#972 = ORIENTED_EDGE ( 'NONE', *, *, #653, .F. ) ;
#973 = DIRECTION ( 'NONE',  ( 0.000000000000000000, 0.000000000000000000, 1.000000000000000000 ) ) ;
#974 = DIRECTION ( 'NONE',  ( 0.000000000000000000, -1.000000000000000000, 0.000000000000000000 ) ) ;
#975 = EDGE_CURVE ( 'NONE', #1410, #1442, #580, .T. ) ;
#976 = CARTESIAN_POINT ( 'NONE',  ( -6.457445106597440088, 46.02734171946890029, 2.702189814933226852 ) ) ;
#977 = CALENDAR_DATE ( 2026, 7, 9 ) ;
#978 = VECTOR ( 'NONE', #1362, 1000.000000000000000 ) ;
#979 = VECTOR ( 'NONE', #1365, 1000.000000000000000 ) ;
#980 = EDGE_CURVE ( 'NONE', #1438, #161, #145, .T. ) ;
#981 = DIRECTION ( 'NONE',  ( -1.000000000000000000, 0.000000000000000000, 0.000000000000000000 ) ) ;
#982 = AXIS2_PLACEMENT_3D ( 'NONE', #1533, #428, #1170 ) ;
#983 = ORIENTED_EDGE ( 'NONE', *, *, #229, .F. ) ;
#984 = CARTESIAN_POINT ( 'NONE',  ( 8.000000000000000000, 48.00000000000000000, -1.100000000000000311 ) ) ;
#985 = ORIENTED_EDGE ( 'NONE', *, *, #1178, .T. ) ;
#986 = CARTESIAN_POINT ( 'NONE',  ( 6.441293304524755570, 45.23547906751637981, 2.740469204710238138 ) ) ;
#987 = DIRECTION ( 'NONE',  ( 0.000000000000000000, 0.000000000000000000, 1.000000000000000000 ) ) ;
#988 = DIRECTION ( 'NONE',  ( 0.000000000000000000, 0.000000000000000000, -1.000000000000000000 ) ) ;
#989 = COORDINATED_UNIVERSAL_TIME_OFFSET ( 6, 0, .BEHIND. ) ;
#990 = EDGE_CURVE ( 'NONE', #1234, #817, #1530, .T. ) ;
#991 = CARTESIAN_POINT ( 'NONE',  ( 0.000000000000000000, 44.00000000000000711, 0.000000000000000000 ) ) ;
#992 = VECTOR ( 'NONE', #812, 1000.000000000000000 ) ;
#993 = DIRECTION ( 'NONE',  ( -1.000000000000000000, 0.000000000000000000, 0.000000000000000000 ) ) ;
#994 = VERTEX_POINT ( 'NONE', #120 ) ;
#995 = LINE ( 'NONE', #215, #422 ) ;
#996 = CARTESIAN_POINT ( 'NONE',  ( -6.437196594791868343, 45.63196330187406602, -2.750000000000000000 ) ) ;
#997 = CYLINDRICAL_SURFACE ( 'NONE', #1566, 1.100000000000000311 ) ;
#998 = APPROVAL_STATUS ( 'not_yet_approved' ) ;
#999 = AXIS2_PLACEMENT_3D ( 'NONE', #954, #612, #237 ) ;
#1000 = DIRECTION ( 'NONE',  ( -1.000000000000000000, 0.000000000000000000, 0.000000000000000000 ) ) ;
#1001 = EDGE_CURVE ( 'NONE', #642, #796, #869, .T. ) ;
#1002 = PLANE ( 'NONE',  #1179 ) ;
#1003 = ORIENTED_EDGE ( 'NONE', *, *, #358, .F. ) ;
#1004 = CARTESIAN_POINT ( 'NONE',  ( -6.000000000000000000, 48.00000000000000000, 1.145643923738954628 ) ) ;
#1005 = DIRECTION ( 'NONE',  ( 1.000000000000000000, -0.000000000000000000, 0.000000000000000000 ) ) ;
#1006 = CARTESIAN_POINT ( 'NONE',  ( 6.609652033201141919, 44.00000000000000000, 2.304886114323225321 ) ) ;
#1007 = AXIS2_PLACEMENT_3D ( 'NONE', #305, #443, #813 ) ;
#1008 = VERTEX_POINT ( 'NONE', #226 ) ;
#1009 = CARTESIAN_POINT ( 'NONE',  ( 0.000000000000000000, 48.00000000000000000, 0.000000000000000000 ) ) ;
#1010 = EDGE_CURVE ( 'NONE', #1327, #1008, #166, .T. ) ;
#1011 = CARTESIAN_POINT ( 'NONE',  ( -3.897755764539384327, 45.50000000000000000, -1.100000000000000089 ) ) ;
#1012 = B_SPLINE_CURVE_WITH_KNOTS ( 'NONE', 3,
 ( #1172, #661, #1440, #50, #556, #58, #1283, #1316 ),
 .UNSPECIFIED., .F., .F.,
 ( 4, 2, 2, 4 ),
 ( 8.673617379884035472E-19, 0.0007962945899204123407, 0.001194441884880608319, 0.001592589179840804298 ),
 .UNSPECIFIED. ) ;
#1013 = AXIS2_PLACEMENT_3D ( 'NONE', #572, #1461, #100 ) ;
#1014 = CIRCLE ( 'NONE', #1223, 1.100000000000000089 ) ;
#1015 = ORIENTED_EDGE ( 'NONE', *, *, #1534, .T. ) ;
#1016 = LINE ( 'NONE', #534, #189 ) ;
#1017 = LINE ( 'NONE', #1511, #707 ) ;
#1018 = EDGE_CURVE ( 'NONE', #91, #13, #1068, .T. ) ;
#1019 = B_SPLINE_CURVE_WITH_KNOTS ( 'NONE', 3,
 ( #1153, #816, #1049, #936, #540, #1177, #55, #1287, #65, #1304, #1430, #324, #684, #553, #1411, #1396, #83, #782 ),
 .UNSPECIFIED., .F., .F.,
 ( 4, 2, 2, 2, 2, 2, 2, 2, 4 ),
 ( 0.000000000000000000, 0.0006825525032446167753, 0.001365105006489233551, 0.002047657509733849784, 0.002730210012978465800, 0.003412762516223082250, 0.004095315019467697833, 0.004777867522712314283, 0.005460420025956930733 ),
 .UNSPECIFIED. ) ;
#1020 = ORIENTED_EDGE ( 'NONE', *, *, #155, .F. ) ;
#1021 = DIRECTION ( 'NONE',  ( 0.000000000000000000, 0.000000000000000000, -1.000000000000000000 ) ) ;
#1022 = CARTESIAN_POINT ( 'NONE',  ( -8.676246462988521202, 42.89221736314166122, 0.8791885722655916613 ) ) ;
#1023 = DIRECTION ( 'NONE',  ( 0.000000000000000000, 1.000000000000000000, 0.000000000000000000 ) ) ;
#1024 = EDGE_CURVE ( 'NONE', #994, #438, #296, .T. ) ;
#1025 = ORIENTED_EDGE ( 'NONE', *, *, #1084, .T. ) ;
#1026 = EDGE_LOOP ( 'NONE', ( #1047, #552, #1206, #134 ) ) ;
#1027 = LINE ( 'NONE', #261, #397 ) ;
#1028 = CARTESIAN_POINT ( 'NONE',  ( 0.000000000000000000, 44.00000000000000711, -4.049999999999999822 ) ) ;
#1029 = CYLINDRICAL_SURFACE ( 'NONE', #1137, 1.100000000000000311 ) ;
#1030 = MANIFOLD_SOLID_BREP ( 'Crossbolt_flat_seat_cut_6', #1032 ) ;
#1031 = EDGE_CURVE ( 'NONE', #825, #1216, #1332, .T. ) ;
#1032 = CLOSED_SHELL ( 'NONE', ( #752, #1508, #1588, #252, #1204, #285, #663, #403, #880, #174, #662, #347, #933, #1484, #1192, #951, #88, #409, #1095, #1040, #1555, #404, #39, #1274, #121, #850, #546, #76, #872, #431, #705, #893, #1514, #18, #1357, #164, #1264, #900, #270 ) ) ;
#1033 = ORIENTED_EDGE ( 'NONE', *, *, #1024, .T. ) ;
#1034 = ORIENTED_EDGE ( 'NONE', *, *, #602, .T. ) ;
#1035 = CARTESIAN_POINT ( 'NONE',  ( 1.469576158976823947E-15, 44.00000000000000711, 12.00000000000000000 ) ) ;
#1036 = CARTESIAN_POINT ( 'NONE',  ( 8.558054587691138693, 42.92191036638866564, -0.9589429212077495990 ) ) ;
#1037 = CARTESIAN_POINT ( 'NONE',  ( -6.000000000000000000, 45.50000000000000000, 2.750000000000000000 ) ) ;
#1038 = LINE ( 'NONE', #183, #70 ) ;
#1039 = ORIENTED_EDGE ( 'NONE', *, *, #25, .F. ) ;
#1040 = ADVANCED_FACE ( 'NONE', ( #1237 ), #1568, .F. ) ;
#1041 = AXIS2_PLACEMENT_3D ( 'NONE', #429, #1171, #1551 ) ;
#1042 = FACE_BOUND ( 'NONE', #518, .T. ) ;
#1043 = DIRECTION ( 'NONE',  ( 0.000000000000000000, 0.000000000000000000, 1.000000000000000000 ) ) ;
#1044 = CARTESIAN_POINT ( 'NONE',  ( 8.000000000000000000, 41.00000000000000000, 1.100000000000000311 ) ) ;
#1045 = CARTESIAN_POINT ( 'NONE',  ( 6.000000000000000000, 48.00000000000000000, -1.145643923738954628 ) ) ;
#1046 = FACE_OUTER_BOUND ( 'NONE', #1402, .T. ) ;
#1047 = ORIENTED_EDGE ( 'NONE', *, *, #99, .F. ) ;
#1048 = ORIENTED_EDGE ( 'NONE', *, *, #673, .T. ) ;
#1049 = CARTESIAN_POINT ( 'NONE',  ( -11.82762713959821177, 43.63498846486171345, -2.033622897408629893 ) ) ;
#1050 =( GEOMETRIC_REPRESENTATION_CONTEXT ( 3 ) GLOBAL_UNCERTAINTY_ASSIGNED_CONTEXT ( ( #450 ) ) GLOBAL_UNIT_ASSIGNED_CONTEXT ( ( #69, #1336, #1318 ) ) REPRESENTATION_CONTEXT ( 'NONE', 'WORKASPACE' ) );
#1051 = PLANE ( 'NONE',  #838 ) ;
#1052 = AXIS2_PLACEMENT_3D ( 'NONE', #635, #903, #301 ) ;
#1053 = DIRECTION ( 'NONE',  ( 0.000000000000000000, 0.000000000000000000, 1.000000000000000000 ) ) ;
#1054 = LINE ( 'NONE', #706, #1138 ) ;
#1055 = DIRECTION ( 'NONE',  ( -1.000000000000000000, 0.000000000000000000, 0.000000000000000000 ) ) ;
#1056 = CARTESIAN_POINT ( 'NONE',  ( 0.000000000000000000, 44.00000000000000711, -8.000000000000000000 ) ) ;
#1057 = FACE_OUTER_BOUND ( 'NONE', #447, .T. ) ;
#1058 = CARTESIAN_POINT ( 'NONE',  ( 0.000000000000000000, 44.00000000000000711, 0.000000000000000000 ) ) ;
#1059 = AXIS2_PLACEMENT_3D ( 'NONE', #328, #78, #1553 ) ;
#1060 = DIRECTION ( 'NONE',  ( 1.000000000000000000, 0.000000000000000000, 0.000000000000000000 ) ) ;
#1061 = EDGE_CURVE ( 'NONE', #291, #817, #559, .T. ) ;
#1062 = CARTESIAN_POINT ( 'NONE',  ( 11.90594369764012050, 43.19235662505715823, 1.512794933706575584 ) ) ;
#1063 = CARTESIAN_POINT ( 'NONE',  ( 6.437196594791866566, 45.50000000000000000, 2.750000000000000000 ) ) ;
#1064 = ORIENTED_EDGE ( 'NONE', *, *, #380, .F. ) ;
#1065 = ORIENTED_EDGE ( 'NONE', *, *, #277, .T. ) ;
#1066 = CARTESIAN_POINT ( 'NONE',  ( 0.000000000000000000, 44.00000000000000711, -9.099999999999999645 ) ) ;
#1067 = ORIENTED_EDGE ( 'NONE', *, *, #1010, .T. ) ;
#1068 = CIRCLE ( 'NONE', #90, 4.049999999999999822 ) ;
#1069 = CARTESIAN_POINT ( 'NONE',  ( 3.100000000000000089, 48.00000000000000000, 2.399999999999999911 ) ) ;
#1070 = DIRECTION ( 'NONE',  ( 1.000000000000000000, -0.000000000000000000, -0.000000000000000000 ) ) ;
#1071 = DIRECTION ( 'NONE',  ( 1.000000000000000000, 0.000000000000000000, 0.000000000000000000 ) ) ;
#1072 = APPLICATION_PROTOCOL_DEFINITION ( 'international standard', 'config_control_design', 1994, #1389 ) ;
#1073 = EDGE_CURVE ( 'NONE', #740, #817, #965, .T. ) ;
#1074 = ORIENTED_EDGE ( 'NONE', *, *, #1134, .F. ) ;
#1075 = ORIENTED_EDGE ( 'NONE', *, *, #1395, .F. ) ;
#1076 = VERTEX_POINT ( 'NONE', #1209 ) ;
#1077 = DIRECTION ( 'NONE',  ( 0.000000000000000000, 0.000000000000000000, 1.000000000000000000 ) ) ;
#1078 = AXIS2_PLACEMENT_3D ( 'NONE', #407, #280, #152 ) ;
#1079 = DIRECTION ( 'NONE',  ( 0.000000000000000000, 0.000000000000000000, -1.000000000000000000 ) ) ;
#1080 = CARTESIAN_POINT ( 'NONE',  ( 6.656899193256567315, 47.20932544665775765, -2.169762028032470980 ) ) ;
#1081 = LINE ( 'NONE', #1203, #909 ) ;
#1082 = DIRECTION ( 'NONE',  ( 0.000000000000000000, 0.000000000000000000, -1.000000000000000000 ) ) ;
#1083 = ORIENTED_EDGE ( 'NONE', *, *, #1563, .F. ) ;
#1084 = EDGE_CURVE ( 'NONE', #398, #1085, #138, .T. ) ;
#1085 = VERTEX_POINT ( 'NONE', #1368 ) ;
#1086 = CARTESIAN_POINT ( 'NONE',  ( 11.99999999999999822, 45.50000000000000000, -1.100000000000000089 ) ) ;
#1087 = AXIS2_PLACEMENT_3D ( 'NONE', #616, #1269, #1100 ) ;
#1088 = CARTESIAN_POINT ( 'NONE',  ( -6.738409342686609627, 47.49379518522297872, -1.898468533991905183 ) ) ;
#1089 = CARTESIAN_POINT ( 'NONE',  ( 0.000000000000000000, 44.00000000000000711, -8.000000000000000000 ) ) ;
#1090 = ORIENTED_EDGE ( 'NONE', *, *, #1238, .F. ) ;
#1091 = ORIENTED_EDGE ( 'NONE', *, *, #602, .F. ) ;
#1092 = AXIS2_PLACEMENT_3D ( 'NONE', #528, #1123, #406 ) ;
#1093 = CARTESIAN_POINT ( 'NONE',  ( -3.897755764539383883, 45.50000000000000000, 1.100000000000000089 ) ) ;
#1094 = VERTEX_POINT ( 'NONE', #643 ) ;
#1095 = ADVANCED_FACE ( 'NONE', ( #639 ), #279, .T. ) ;
#1096 = DIRECTION ( 'NONE',  ( 0.000000000000000000, 0.000000000000000000, 1.000000000000000000 ) ) ;
#1097 = CARTESIAN_POINT ( 'NONE',  ( 0.000000000000000000, 41.00000000000000000, -8.000000000000000000 ) ) ;
#1098 = DIRECTION ( 'NONE',  ( -1.000000000000000000, 0.000000000000000000, 0.000000000000000000 ) ) ;
#1099 = PERSON_AND_ORGANIZATION ( #800, #3 ) ;
#1100 = DIRECTION ( 'NONE',  ( 0.000000000000000000, 0.000000000000000000, -1.000000000000000000 ) ) ;
#1101 = ORIENTED_EDGE ( 'NONE', *, *, #743, .T. ) ;
#1102 = CARTESIAN_POINT ( 'NONE',  ( -3.906348804510813455, 45.20948305592064287, 1.070601264801375407 ) ) ;
#1103 = ORIENTED_EDGE ( 'NONE', *, *, #1247, .T. ) ;
#1104 = DIRECTION ( 'NONE',  ( 0.000000000000000000, 0.000000000000000000, -1.000000000000000000 ) ) ;
#1105 = CARTESIAN_POINT ( 'NONE',  ( -6.905613658466567273, 48.00000000000000000, -1.145643923738954628 ) ) ;
#1106 = CARTESIAN_POINT ( 'NONE',  ( 6.865808160912436620, 47.89004744496337196, -1.385580069600780728 ) ) ;
#1107 = PERSON_AND_ORGANIZATION ( #800, #3 ) ;
#1108 = EDGE_CURVE ( 'NONE', #161, #755, #750, .T. ) ;
#1109 = PRODUCT_DEFINITION_FORMATION_WITH_SPECIFIED_SOURCE ( 'ANY', '', #498, .NOT_KNOWN. ) ;
#1110 = VECTOR ( 'NONE', #125, 1000.000000000000000 ) ;
#1111 = DIRECTION ( 'NONE',  ( -1.000000000000000000, 0.000000000000000000, 0.000000000000000000 ) ) ;
#1112 = ORIENTED_EDGE ( 'NONE', *, *, #793, .F. ) ;
#1113 = CARTESIAN_POINT ( 'NONE',  ( 4.959819536546779614E-16, 44.00000000000000711, 4.049999999999999822 ) ) ;
#1114 = ORIENTED_EDGE ( 'NONE', *, *, #653, .T. ) ;
#1115 = DIRECTION ( 'NONE',  ( 0.000000000000000000, 0.000000000000000000, 1.000000000000000000 ) ) ;
#1116 = CARTESIAN_POINT ( 'NONE',  ( -3.897755764539383883, 45.64399763901254659, -1.100000000000000089 ) ) ;
#1117 = CARTESIAN_POINT ( 'NONE',  ( 6.712230573319453164, 47.40851468283977255, -1.996664204902309558 ) ) ;
#1118 = DATE_TIME_ROLE ( 'classification_date' ) ;
#1119 = EDGE_CURVE ( 'NONE', #796, #398, #1016, .T. ) ;
#1120 = PLANE ( 'NONE',  #266 ) ;
#1121 = CYLINDRICAL_SURFACE ( 'NONE', #728, 2.750000000000000000 ) ;
#1122 = VERTEX_POINT ( 'NONE', #1135 ) ;
#1123 = DIRECTION ( 'NONE',  ( 1.000000000000000000, 0.000000000000000000, 0.000000000000000000 ) ) ;
#1124 = DIRECTION ( 'NONE',  ( 1.000000000000000000, 0.000000000000000000, 0.000000000000000000 ) ) ;
#1125 = VERTEX_POINT ( 'NONE', #886 ) ;
#1126 = EDGE_CURVE ( 'NONE', #592, #1442, #1027, .T. ) ;
#1127 = ORIENTED_EDGE ( 'NONE', *, *, #1376, .F. ) ;
#1128 = DIRECTION ( 'NONE',  ( -1.000000000000000000, 0.000000000000000000, 0.000000000000000000 ) ) ;
#1129 = CARTESIAN_POINT ( 'NONE',  ( 8.556237742375158106, 42.92226458823166979, 0.9598624675992170063 ) ) ;
#1130 = CC_DESIGN_APPROVAL ( #1426, ( #1501 ) ) ;
#1131 = CIRCLE ( 'NONE', #1007, 7.000000000000000000 ) ;
#1132 = AXIS2_PLACEMENT_3D ( 'NONE', #412, #293, #170 ) ;
#1133 = VERTEX_POINT ( 'NONE', #1495 ) ;
#1134 = EDGE_CURVE ( 'NONE', #1338, #1410, #1500, .T. ) ;
#1135 = CARTESIAN_POINT ( 'NONE',  ( 11.77656571331387525, 44.00000000000000711, -2.304886114323225321 ) ) ;
#1136 = DIRECTION ( 'NONE',  ( -1.000000000000000000, 0.000000000000000000, 0.000000000000000000 ) ) ;
#1137 = AXIS2_PLACEMENT_3D ( 'NONE', #530, #1474, #1233 ) ;
#1138 = VECTOR ( 'NONE', #1307, 1000.000000000000000 ) ;
#1139 = ORIENTED_EDGE ( 'NONE', *, *, #332, .T. ) ;
#1140 = LINE ( 'NONE', #756, #758 ) ;
#1141 = APPROVAL ( #998, 'UNSPECIFIED' ) ;
#1142 = CARTESIAN_POINT ( 'NONE',  ( -8.877849679758336165, 42.83282151653712333, 0.6779836016122198217 ) ) ;
#1143 = DIRECTION ( 'NONE',  ( 0.000000000000000000, 1.000000000000000000, 0.000000000000000000 ) ) ;
#1144 = ORIENTED_EDGE ( 'NONE', *, *, #207, .T. ) ;
#1145 = VERTEX_POINT ( 'NONE', #763 ) ;
#1146 = DIRECTION ( 'NONE',  ( -1.000000000000000000, -0.000000000000000000, -0.000000000000000000 ) ) ;
#1147 = CARTESIAN_POINT ( 'NONE',  ( 0.000000000000000000, 41.00000000000000000, 0.000000000000000000 ) ) ;
#1148 = FACE_OUTER_BOUND ( 'NONE', #1390, .T. ) ;
#1149 = EDGE_CURVE ( 'NONE', #438, #1008, #1261, .T. ) ;
#1150 = LINE ( 'NONE', #415, #979 ) ;
#1151 = ORIENTED_EDGE ( 'NONE', *, *, #941, .F. ) ;
#1152 = ORIENTED_EDGE ( 'NONE', *, *, #303, .T. ) ;
#1153 = CARTESIAN_POINT ( 'NONE',  ( -11.77656571331387525, 44.00000000000000711, -2.304886114323225321 ) ) ;
#1154 = FACE_OUTER_BOUND ( 'NONE', #427, .T. ) ;
#1155 = DIRECTION ( 'NONE',  ( 0.000000000000000000, 0.000000000000000000, 1.000000000000000000 ) ) ;
#1156 = AXIS2_PLACEMENT_3D ( 'NONE', #892, #1023, #289 ) ;
#1157 = ORIENTED_EDGE ( 'NONE', *, *, #155, .T. ) ;
#1158 = ORIENTED_EDGE ( 'NONE', *, *, #25, .T. ) ;
#1159 = FACE_OUTER_BOUND ( 'NONE', #1516, .T. ) ;
#1160 = CIRCLE ( 'NONE', #525, 2.749999999999999112 ) ;
#1161 = DIRECTION ( 'NONE',  ( 0.000000000000000000, 0.000000000000000000, -1.000000000000000000 ) ) ;
#1162 = CYLINDRICAL_SURFACE ( 'NONE', #84, 2.750000000000000000 ) ;
#1163 = AXIS2_PLACEMENT_3D ( 'NONE', #163, #1273, #777 ) ;
#1164 = CARTESIAN_POINT ( 'NONE',  ( 11.90604186130646447, 43.19184889934591354, -1.512055244322541459 ) ) ;
#1165 = CARTESIAN_POINT ( 'NONE',  ( -8.000000000000000000, 42.97958336777428201, -1.100000000000000311 ) ) ;
#1166 = ORIENTED_EDGE ( 'NONE', *, *, #953, .F. ) ;
#1167 = ORIENTED_EDGE ( 'NONE', *, *, #1534, .F. ) ;
#1168 = AXIS2_PLACEMENT_3D ( 'NONE', #413, #1136, #1275 ) ;
#1169 = EDGE_CURVE ( 'NONE', #484, #533, #1140, .T. ) ;
#1170 = DIRECTION ( 'NONE',  ( 0.000000000000000000, 0.000000000000000000, -1.000000000000000000 ) ) ;
#1171 = DIRECTION ( 'NONE',  ( -1.000000000000000000, 0.000000000000000000, 0.000000000000000000 ) ) ;
#1172 = CARTESIAN_POINT ( 'NONE',  ( -6.609652033201141919, 44.00000000000000000, 2.304886114323225321 ) ) ;
#1173 = CARTESIAN_POINT ( 'NONE',  ( 11.82767120605480216, 43.63467470479731958, -2.033416653335293311 ) ) ;
#1174 = CARTESIAN_POINT ( 'NONE',  ( -7.121038166315344142, 42.83245566102277735, -0.6765901870285551123 ) ) ;
#1175 = ORIENTED_EDGE ( 'NONE', *, *, #1415, .F. ) ;
#1176 = ORIENTED_EDGE ( 'NONE', *, *, #1126, .T. ) ;
#1177 = CARTESIAN_POINT ( 'NONE',  ( -11.94976397469305063, 42.97599887769182914, -1.114981969339826184 ) ) ;
#1178 = EDGE_CURVE ( 'NONE', #711, #1321, #887, .T. ) ;
#1179 = AXIS2_PLACEMENT_3D ( 'NONE', #264, #147, #787 ) ;
#1180 = FACE_OUTER_BOUND ( 'NONE', #1026, .T. ) ;
#1181 = AXIS2_PLACEMENT_3D ( 'NONE', #1450, #708, #940 ) ;
#1182 = CIRCLE ( 'NONE', #1543, 2.750000000000000000 ) ;
#1183 = FACE_OUTER_BOUND ( 'NONE', #915, .T. ) ;
#1184 = CARTESIAN_POINT ( 'NONE',  ( 11.94976397469305063, 42.97599887769182914, 1.114981969339826184 ) ) ;
#1185 = LINE ( 'NONE', #98, #597 ) ;
#1186 = ORIENTED_EDGE ( 'NONE', *, *, #765, .F. ) ;
#1187 = ORIENTED_EDGE ( 'NONE', *, *, #1024, .F. ) ;
#1188 = DIRECTION ( 'NONE',  ( -1.000000000000000000, 0.000000000000000000, 0.000000000000000000 ) ) ;
#1189 = ORIENTED_EDGE ( 'NONE', *, *, #673, .F. ) ;
#1190 = B_SPLINE_CURVE_WITH_KNOTS ( 'NONE', 3,
 ( #622, #1369, #123, #956, #1469, #368, #716, #1449, #615, #1080, #1117, #499, #1106, #736 ),
 .UNSPECIFIED., .F., .F.,
 ( 4, 2, 2, 2, 2, 2, 4 ),
 ( 0.001592589179840804298, 0.001987557321475789170, 0.002382525463110774042, 0.002777493604745758914, 0.003172461746380744220, 0.003962398029650714831, 0.004752334312920686310 ),
 .UNSPECIFIED. ) ;
#1191 = DIRECTION ( 'NONE',  ( 1.000000000000000000, 0.000000000000000000, -0.000000000000000000 ) ) ;
#1192 = ADVANCED_FACE ( 'NONE', ( #1510, #523 ), #150, .T. ) ;
#1193 = LINE ( 'NONE', #566, #754 ) ;
#1194 = CARTESIAN_POINT ( 'NONE',  ( 0.000000000000000000, 48.00000000000000000, 8.000000000000000000 ) ) ;
#1195 = DIRECTION ( 'NONE',  ( 0.000000000000000000, 0.000000000000000000, 1.000000000000000000 ) ) ;
#1196 = VERTEX_POINT ( 'NONE', #1004 ) ;
#1197 = CARTESIAN_POINT ( 'NONE',  ( -6.609652033201141919, 44.00000000000000000, -2.304886114323225321 ) ) ;
#1198 = ORIENTED_EDGE ( 'NONE', *, *, #1084, .F. ) ;
#1199 = AXIS2_PLACEMENT_3D ( 'NONE', #1455, #487, #973 ) ;
#1200 = CARTESIAN_POINT ( 'NONE',  ( 0.000000000000000000, 48.00000000000000000, 0.000000000000000000 ) ) ;
#1201 = PLANE ( 'NONE',  #861 ) ;
#1202 = DIRECTION ( 'NONE',  ( 0.000000000000000000, 0.000000000000000000, 1.000000000000000000 ) ) ;
#1203 = CARTESIAN_POINT ( 'NONE',  ( 12.00000000000000000, 48.00000000000000000, 1.145643923738954628 ) ) ;
#1204 = ADVANCED_FACE ( 'NONE', ( #21 ), #1506, .F. ) ;
#1205 = FACE_OUTER_BOUND ( 'NONE', #674, .T. ) ;
#1206 = ORIENTED_EDGE ( 'NONE', *, *, #455, .F. ) ;
#1207 = CARTESIAN_POINT ( 'NONE',  ( -6.437196594791866566, 45.50000000000000000, -2.750000000000000000 ) ) ;
#1208 = ORIENTED_EDGE ( 'NONE', *, *, #442, .T. ) ;
#1209 = CARTESIAN_POINT ( 'NONE',  ( 3.100000000000000089, 44.00000000000000000, -2.399999999999999911 ) ) ;
#1210 = AXIS2_PLACEMENT_3D ( 'NONE', #837, #1335, #105 ) ;
#1211 = CARTESIAN_POINT ( 'NONE',  ( 3.100000000000000533, 45.50000000000000000, -1.100000000000000089 ) ) ;
#1212 = CARTESIAN_POINT ( 'NONE',  ( 3.100000000000000089, 44.00000000000000000, -2.399999999999999911 ) ) ;
#1213 = APPROVAL_ROLE ( '' ) ;
#1214 = EDGE_CURVE ( 'NONE', #822, #1133, #135, .T. ) ;
#1215 = CARTESIAN_POINT ( 'NONE',  ( -6.000000000000000000, 45.50000000000000000, 0.000000000000000000 ) ) ;
#1216 = VERTEX_POINT ( 'NONE', #156 ) ;
#1217 = ORIENTED_EDGE ( 'NONE', *, *, #630, .F. ) ;
#1218 = DIRECTION ( 'NONE',  ( 0.000000000000000000, 1.000000000000000000, 0.000000000000000000 ) ) ;
#1219 = VECTOR ( 'NONE', #1298, 1000.000000000000000 ) ;
#1220 = DIRECTION ( 'NONE',  ( 0.000000000000000000, 0.000000000000000000, -1.000000000000000000 ) ) ;
#1221 = CARTESIAN_POINT ( 'NONE',  ( -6.441377084039342726, 45.76614042000488780, 2.740271585420120726 ) ) ;
#1222 = PERSON_AND_ORGANIZATION ( #800, #3 ) ;
#1223 = AXIS2_PLACEMENT_3D ( 'NONE', #181, #191, #67 ) ;
#1224 = LINE ( 'NONE', #352, #339 ) ;
#1225 = ORIENTED_EDGE ( 'NONE', *, *, #220, .T. ) ;
#1226 = CARTESIAN_POINT ( 'NONE',  ( -4.041854280481165240, 44.42905344940684387, 0.2892975582217987007 ) ) ;
#1227 = ORIENTED_EDGE ( 'NONE', *, *, #294, .T. ) ;
#1228 = EDGE_CURVE ( 'NONE', #2, #544, #1582, .T. ) ;
#1229 = CARTESIAN_POINT ( 'NONE',  ( 0.000000000000000000, 44.00000000000000000, 0.000000000000000000 ) ) ;
#1230 = CYLINDRICAL_SURFACE ( 'NONE', #1355, 7.000000000000000000 ) ;
#1231 = CARTESIAN_POINT ( 'NONE',  ( -6.656899193256567315, 47.20932544665775765, 2.169762028032470980 ) ) ;
#1232 = APPROVAL_DATE_TIME ( #500, #1426 ) ;
#1233 = DIRECTION ( 'NONE',  ( 0.000000000000000000, 0.000000000000000000, -1.000000000000000000 ) ) ;
#1234 = VERTEX_POINT ( 'NONE', #897 ) ;
#1235 = CARTESIAN_POINT ( 'NONE',  ( -3.906257239829027839, 45.21068838012055124, -1.070927110689553707 ) ) ;
#1236 = ORIENTED_EDGE ( 'NONE', *, *, #389, .T. ) ;
#1237 = FACE_OUTER_BOUND ( 'NONE', #1557, .T. ) ;
#1238 = EDGE_CURVE ( 'NONE', #1366, #593, #387, .T. ) ;
#1239 = CARTESIAN_POINT ( 'NONE',  ( -6.469414221819292266, 46.15673085878795945, -2.673628571287498090 ) ) ;
#1240 = CARTESIAN_POINT ( 'NONE',  ( 0.000000000000000000, 41.00000000000000000, -8.000000000000000000 ) ) ;
#1241 = CALENDAR_DATE ( 2026, 7, 9 ) ;
#1242 = LOCAL_TIME ( 23, 0, 33.00000000000000000, #360 ) ;
#1243 = FACE_BOUND ( 'NONE', #713, .T. ) ;
#1244 = CARTESIAN_POINT ( 'NONE',  ( -2.360923410571791337, 44.00000000000000000, 6.589843750000000888 ) ) ;
#1245 = ORIENTED_EDGE ( 'NONE', *, *, #1415, .T. ) ;
#1246 = CARTESIAN_POINT ( 'NONE',  ( 2.360923410571791337, 46.00000000000000000, -6.589843750000000888 ) ) ;
#1247 = EDGE_CURVE ( 'NONE', #533, #118, #286, .T. ) ;
#1248 = CARTESIAN_POINT ( 'NONE',  ( 1.347111479062088257E-16, 41.00000000000000000, -6.899999999999999467 ) ) ;
#1249 = VECTOR ( 'NONE', #536, 1000.000000000000000 ) ;
#1250 = EDGE_CURVE ( 'NONE', #241, #243, #1182, .T. ) ;
#1251 = VECTOR ( 'NONE', #211, 1000.000000000000000 ) ;
#1252 = DIRECTION ( 'NONE',  ( 0.000000000000000000, 0.000000000000000000, -1.000000000000000000 ) ) ;
#1253 = ORIENTED_EDGE ( 'NONE', *, *, #455, .T. ) ;
#1254 = VECTOR ( 'NONE', #32, 1000.000000000000000 ) ;
#1255 = CARTESIAN_POINT ( 'NONE',  ( -6.000000000000000000, 45.50000000000000000, 0.000000000000000000 ) ) ;
#1256 = CARTESIAN_POINT ( 'NONE',  ( 11.88005825282095174, 43.32714741336238262, 1.700765048972281868 ) ) ;
#1257 = CARTESIAN_POINT ( 'NONE',  ( 0.000000000000000000, 44.00000000000000000, 8.000000000000000000 ) ) ;
#1258 = AXIS2_PLACEMENT_3D ( 'NONE', #628, #1124, #24 ) ;
#1259 = EDGE_CURVE ( 'NONE', #495, #411, #770, .T. ) ;
#1260 = ORIENTED_EDGE ( 'NONE', *, *, #99, .T. ) ;
#1261 = LINE ( 'NONE', #1246, #1451 ) ;
#1262 = CARTESIAN_POINT ( 'NONE',  ( -9.071097392464652742, 42.76192603258545688, 0.2896426891896057287 ) ) ;
#1263 = ORIENTED_EDGE ( 'NONE', *, *, #1169, .F. ) ;
#1264 = ADVANCED_FACE ( 'NONE', ( #1057, #1042 ), #563, .F. ) ;
#1265 = CIRCLE ( 'NONE', #560, 1.100000000000000311 ) ;
#1266 = ORIENTED_EDGE ( 'NONE', *, *, #731, .F. ) ;
#1267 = CARTESIAN_POINT ( 'NONE',  ( 11.99999999999999822, 45.50000000000000000, 0.000000000000000000 ) ) ;
#1268 = CARTESIAN_POINT ( 'NONE',  ( -8.291090879922633050, 42.96621059585257996, -1.070500076463404282 ) ) ;
#1269 = DIRECTION ( 'NONE',  ( -0.000000000000000000, -1.000000000000000000, -0.000000000000000000 ) ) ;
#1270 = AXIS2_PLACEMENT_3D ( 'NONE', #330, #223, #1195 ) ;
#1271 = AXIS2_PLACEMENT_3D ( 'NONE', #1097, #122, #987 ) ;
#1272 = ORIENTED_EDGE ( 'NONE', *, *, #1381, .F. ) ;
#1273 = DIRECTION ( 'NONE',  ( 0.000000000000000000, 1.000000000000000000, 0.000000000000000000 ) ) ;
#1274 = ADVANCED_FACE ( 'NONE', ( #48 ), #1280, .F. ) ;
#1275 = DIRECTION ( 'NONE',  ( 0.000000000000000000, 0.000000000000000000, 1.000000000000000000 ) ) ;
#1276 = CARTESIAN_POINT ( 'NONE',  ( 3.100000000000000089, 44.00000000000000000, 2.399999999999999911 ) ) ;
#1277 = AXIS2_PLACEMENT_3D ( 'NONE', #496, #244, #374 ) ;
#1278 = VERTEX_POINT ( 'NONE', #1066 ) ;
#1279 = EDGE_LOOP ( 'NONE', ( #906, #626, #1576, #545 ) ) ;
#1280 = CYLINDRICAL_SURFACE ( 'NONE', #1388, 1.100000000000000311 ) ;
#1281 = CARTESIAN_POINT ( 'NONE',  ( -6.000000000000000000, 48.00000000000000000, -1.145643923738954628 ) ) ;
#1282 = APPROVAL ( #9, 'UNSPECIFIED' ) ;
#1283 = CARTESIAN_POINT ( 'NONE',  ( -6.437196594791866566, 45.36682682189693594, 2.750000000000000444 ) ) ;
#1284 = AXIS2_PLACEMENT_3D ( 'NONE', #1546, #97, #679 ) ;
#1285 = ORIENTED_EDGE ( 'NONE', *, *, #696, .T. ) ;
#1286 = EDGE_LOOP ( 'NONE', ( #513, #371, #808, #213 ) ) ;
#1287 = CARTESIAN_POINT ( 'NONE',  ( -11.99333597093414028, 42.77867239609447125, -0.4571773388092716939 ) ) ;
#1288 = CARTESIAN_POINT ( 'NONE',  ( 6.905613658466567273, 48.00000000000000000, 1.145643923738954628 ) ) ;
#1289 = CARTESIAN_POINT ( 'NONE',  ( 0.000000000000000000, 48.00000000000000000, 8.000000000000000000 ) ) ;
#1290 = DIRECTION ( 'NONE',  ( 0.000000000000000000, 0.000000000000000000, 1.000000000000000000 ) ) ;
#1291 = CARTESIAN_POINT ( 'NONE',  ( -7.323592395154563839, 42.89219676209741294, 0.8792270559269652619 ) ) ;
#1292 = EDGE_CURVE ( 'NONE', #411, #495, #720, .T. ) ;
#1293 = AXIS2_PLACEMENT_3D ( 'NONE', #1056, #942, #699 ) ;
#1294 = ORIENTED_EDGE ( 'NONE', *, *, #1437, .F. ) ;
#1295 = ORIENTED_EDGE ( 'NONE', *, *, #966, .F. ) ;
#1296 = LINE ( 'NONE', #179, #690 ) ;
#1297 = DIRECTION ( 'NONE',  ( 0.000000000000000000, 0.000000000000000000, -1.000000000000000000 ) ) ;
#1298 = DIRECTION ( 'NONE',  ( -0.000000000000000000, -1.000000000000000000, -0.000000000000000000 ) ) ;
#1299 = VECTOR ( 'NONE', #514, 1000.000000000000000 ) ;
#1300 = DIRECTION ( 'NONE',  ( 0.000000000000000000, 0.000000000000000000, -1.000000000000000000 ) ) ;
#1301 = EDGE_CURVE ( 'NONE', #1125, #2, #1471, .T. ) ;
#1302 = ORIENTED_EDGE ( 'NONE', *, *, #1563, .T. ) ;
#1303 = ORIENTED_EDGE ( 'NONE', *, *, #321, .T. ) ;
#1304 = CARTESIAN_POINT ( 'NONE',  ( -12.00003054617859277, 42.74986670756292284, 0.2283996131106005023 ) ) ;
#1305 = CARTESIAN_POINT ( 'NONE',  ( 9.099967314940634822, 42.75001307402264672, 0.07297274141379886392 ) ) ;
#1306 = FACE_OUTER_BOUND ( 'NONE', #1359, .T. ) ;
#1307 = DIRECTION ( 'NONE',  ( 1.000000000000000000, -0.000000000000000000, -0.000000000000000000 ) ) ;
#1308 = DIRECTION ( 'NONE',  ( -0.000000000000000000, -1.000000000000000000, -0.000000000000000000 ) ) ;
#1309 = ORIENTED_EDGE ( 'NONE', *, *, #1108, .T. ) ;
#1310 = ORIENTED_EDGE ( 'NONE', *, *, #1061, .F. ) ;
#1311 = EDGE_CURVE ( 'NONE', #1366, #711, #1019, .T. ) ;
#1312 = CARTESIAN_POINT ( 'NONE',  ( 6.609652033201143695, 44.00000000000000000, -2.304886114323220880 ) ) ;
#1313 = EDGE_LOOP ( 'NONE', ( #53, #1443, #1025, #585 ) ) ;
#1314 = EDGE_CURVE ( 'NONE', #852, #691, #1296, .T. ) ;
#1315 = CARTESIAN_POINT ( 'NONE',  ( 7.322480654455125304, 42.89187051687338226, -0.8781271214815274950 ) ) ;
#1316 = CARTESIAN_POINT ( 'NONE',  ( -6.437196594791866566, 45.50000000000000000, 2.750000000000000000 ) ) ;
#1317 = DIRECTION ( 'NONE',  ( -1.000000000000000000, 0.000000000000000000, 0.000000000000000000 ) ) ;
#1318 =( NAMED_UNIT ( * ) SI_UNIT ( $, .STERADIAN. ) SOLID_ANGLE_UNIT ( ) );
#1319 = ORIENTED_EDGE ( 'NONE', *, *, #784, .T. ) ;
#1320 = ORIENTED_EDGE ( 'NONE', *, *, #490, .T. ) ;
#1321 = VERTEX_POINT ( 'NONE', #1035 ) ;
#1322 = CARTESIAN_POINT ( 'NONE',  ( 12.00000000000000000, 44.00000000000000711, 2.304886114323225321 ) ) ;
#1323 = EDGE_CURVE ( 'NONE', #730, #822, #1265, .T. ) ;
#1324 = FACE_OUTER_BOUND ( 'NONE', #284, .T. ) ;
#1325 = LINE ( 'NONE', #218, #1251 ) ;
#1326 = CARTESIAN_POINT ( 'NONE',  ( 6.441336450685494874, 45.76556840322475495, 2.740368212597222630 ) ) ;
#1327 = VERTEX_POINT ( 'NONE', #1312 ) ;
#1328 = EDGE_LOOP ( 'NONE', ( #1101, #562 ) ) ;
#1329 = CARTESIAN_POINT ( 'NONE',  ( -4.041960466732394508, 44.42862007878967034, -0.2884692961269243461 ) ) ;
#1330 = ORIENTED_EDGE ( 'NONE', *, *, #1405, .T. ) ;
#1331 = AXIS2_PLACEMENT_3D ( 'NONE', #734, #505, #1077 ) ;
#1332 = LINE ( 'NONE', #1086, #1401 ) ;
#1333 = CARTESIAN_POINT ( 'NONE',  ( -3.934785663237654774, 46.05447290471126109, -0.9608331206486417919 ) ) ;
#1334 = CC_DESIGN_PERSON_AND_ORGANIZATION_ASSIGNMENT ( #717, #746, ( #498 ) ) ;
#1335 = DIRECTION ( 'NONE',  ( 0.000000000000000000, 0.000000000000000000, -1.000000000000000000 ) ) ;
#1336 =( NAMED_UNIT ( * ) PLANE_ANGLE_UNIT ( ) SI_UNIT ( $, .RADIAN. ) );
#1337 = DIRECTION ( 'NONE',  ( 0.000000000000000000, 0.000000000000000000, -1.000000000000000000 ) ) ;
#1338 = VERTEX_POINT ( 'NONE', #666 ) ;
#1339 = CARTESIAN_POINT ( 'NONE',  ( -3.954691091206136822, 44.82399112195344060, -0.8795432467204277183 ) ) ;
#1340 = ORIENTED_EDGE ( 'NONE', *, *, #216, .T. ) ;
#1341 = LOCAL_TIME ( 23, 0, 33.00000000000000000, #1370 ) ;
#1342 = PLANE ( 'NONE',  #1277 ) ;
#1343 = CIRCLE ( 'NONE', #234, 2.750000000000000000 ) ;
#1344 = LINE ( 'NONE', #6, #160 ) ;
#1345 = CARTESIAN_POINT ( 'NONE',  ( -6.000000000000000000, 48.00000000000000000, 0.000000000000000000 ) ) ;
#1346 = SHAPE_DEFINITION_REPRESENTATION ( #1473, #1457 ) ;
#1347 = ORIENTED_EDGE ( 'NONE', *, *, #454, .T. ) ;
#1348 = ORIENTED_EDGE ( 'NONE', *, *, #696, .F. ) ;
#1349 = CARTESIAN_POINT ( 'NONE',  ( -3.934771606350205175, 44.94566870571799910, -0.9608865208685083426 ) ) ;
#1350 = EDGE_LOOP ( 'NONE', ( #1272, #1103, #1462, #72, #1372, #1556 ) ) ;
#1351 = CARTESIAN_POINT ( 'NONE',  ( 7.709079364582182237, 42.96619504601564898, 1.070438120276096861 ) ) ;
#1352 = DIRECTION ( 'NONE',  ( 0.000000000000000000, 0.000000000000000000, -1.000000000000000000 ) ) ;
#1353 = CARTESIAN_POINT ( 'NONE',  ( -2.360923410571791337, 44.00000000000000000, -6.589843750000000888 ) ) ;
#1354 = PERSON_AND_ORGANIZATION_ROLE ( 'design_supplier' ) ;
#1355 = AXIS2_PLACEMENT_3D ( 'NONE', #1468, #724, #1220 ) ;
#1356 = FACE_OUTER_BOUND ( 'NONE', #456, .T. ) ;
#1357 = ADVANCED_FACE ( 'NONE', ( #1159 ), #908, .F. ) ;
#1358 = CARTESIAN_POINT ( 'NONE',  ( 0.000000000000000000, 44.00000000000000000, 5.250000000000000000 ) ) ;
#1359 = EDGE_LOOP ( 'NONE', ( #36, #1225, #609, #1409 ) ) ;
#1360 = CARTESIAN_POINT ( 'NONE',  ( 6.000000000000000000, 45.50000000000000000, 0.000000000000000000 ) ) ;
#1361 = CARTESIAN_POINT ( 'NONE',  ( -3.906235595240002745, 45.78909948453496526, -1.071009792595741583 ) ) ;
#1362 = DIRECTION ( 'NONE',  ( -1.000000000000000000, 0.000000000000000000, 0.000000000000000000 ) ) ;
#1363 = PERSON_AND_ORGANIZATION_ROLE ( 'classification_officer' ) ;
#1364 = FACE_BOUND ( 'NONE', #1452, .T. ) ;
#1365 = DIRECTION ( 'NONE',  ( -0.000000000000000000, 1.000000000000000000, -0.000000000000000000 ) ) ;
#1366 = VERTEX_POINT ( 'NONE', #798 ) ;
#1367 = EDGE_CURVE ( 'NONE', #1521, #1442, #920, .T. ) ;
#1368 = CARTESIAN_POINT ( 'NONE',  ( 3.100000000000000533, 45.50000000000000000, 1.100000000000000089 ) ) ;
#1369 = CARTESIAN_POINT ( 'NONE',  ( 6.437196594791869231, 45.63210980794494276, -2.749999999999999556 ) ) ;
#1370 = COORDINATED_UNIVERSAL_TIME_OFFSET ( 6, 0, .BEHIND. ) ;
#1371 = AXIS2_PLACEMENT_3D ( 'NONE', #579, #464, #948 ) ;
#1372 = ORIENTED_EDGE ( 'NONE', *, *, #1018, .F. ) ;
#1373 = DIRECTION ( 'NONE',  ( 0.000000000000000000, 0.000000000000000000, 1.000000000000000000 ) ) ;
#1374 = CARTESIAN_POINT ( 'NONE',  ( 11.77656571331387525, 44.00000000000000711, 2.304886114323225321 ) ) ;
#1375 = DIRECTION ( 'NONE',  ( 0.000000000000000000, 1.000000000000000000, 0.000000000000000000 ) ) ;
#1376 = EDGE_CURVE ( 'NONE', #1327, #63, #230, .T. ) ;
#1377 = DIRECTION ( 'NONE',  ( 0.000000000000000000, -1.000000000000000000, 0.000000000000000000 ) ) ;
#1378 = ORIENTED_EDGE ( 'NONE', *, *, #683, .T. ) ;
#1379 = DIRECTION ( 'NONE',  ( 0.000000000000000000, -1.000000000000000000, 0.000000000000000000 ) ) ;
#1380 = CARTESIAN_POINT ( 'NONE',  ( -8.959885881187444667, 42.80347254691761094, -0.5559993934532214688 ) ) ;
#1381 = EDGE_CURVE ( 'NONE', #533, #20, #437, .T. ) ;
#1382 = ORIENTED_EDGE ( 'NONE', *, *, #1214, .T. ) ;
#1383 = DIRECTION ( 'NONE',  ( -1.000000000000000000, 0.000000000000000000, 0.000000000000000000 ) ) ;
#1384 = CARTESIAN_POINT ( 'NONE',  ( 0.000000000000000000, 44.00000000000000711, 6.899999999999999467 ) ) ;
#1385 = LINE ( 'NONE', #249, #883 ) ;
#1386 = AXIS2_PLACEMENT_3D ( 'NONE', #830, #1308, #1571 ) ;
#1387 = CIRCLE ( 'NONE', #1284, 1.100000000000000311 ) ;
#1388 = AXIS2_PLACEMENT_3D ( 'NONE', #205, #917, #448 ) ;
#1389 = APPLICATION_CONTEXT ( 'configuration controlled 3d designs of mechanical parts and assemblies' ) ;
#1390 = EDGE_LOOP ( 'NONE', ( #232, #1584, #206, #1295, #1464, #1486, #561, #41 ) ) ;
#1391 = CARTESIAN_POINT ( 'NONE',  ( -6.000000000000000000, 44.00000000000000711, -2.304886114323225321 ) ) ;
#1392 = DIRECTION ( 'NONE',  ( 0.000000000000000000, 0.000000000000000000, 1.000000000000000000 ) ) ;
#1393 = FACE_BOUND ( 'NONE', #823, .T. ) ;
#1394 = ORIENTED_EDGE ( 'NONE', *, *, #613, .F. ) ;
#1395 = EDGE_CURVE ( 'NONE', #1145, #1475, #844, .T. ) ;
#1396 = CARTESIAN_POINT ( 'NONE',  ( -11.82767120605480216, 43.63467470479731958, 2.033416653335293311 ) ) ;
#1397 = CARTESIAN_POINT ( 'NONE',  ( 3.100000000000000089, 44.00000000000000000, 2.399999999999999911 ) ) ;
#1398 = DIRECTION ( 'NONE',  ( 0.000000000000000000, 0.000000000000000000, -1.000000000000000000 ) ) ;
#1399 = CARTESIAN_POINT ( 'NONE',  ( -8.000000000000000000, 41.00000000000000000, -1.100000000000000311 ) ) ;
#1400 = AXIS2_PLACEMENT_3D ( 'NONE', #1147, #1375, #1392 ) ;
#1401 = VECTOR ( 'NONE', #742, 1000.000000000000000 ) ;
#1402 = EDGE_LOOP ( 'NONE', ( #477, #385, #325, #459 ) ) ;
#1403 = CARTESIAN_POINT ( 'NONE',  ( 6.609652033201143695, 44.00000000000000000, -2.304886114323220880 ) ) ;
#1404 = CARTESIAN_POINT ( 'NONE',  ( 8.960204679760810365, 42.80335949762989145, -0.5555403203561984915 ) ) ;
#1405 = EDGE_CURVE ( 'NONE', #825, #935, #644, .T. ) ;
#1406 = CARTESIAN_POINT ( 'NONE',  ( 2.360923410571791337, 48.00000000000000000, 6.589843749999999112 ) ) ;
#1407 = CARTESIAN_POINT ( 'NONE',  ( 11.99999999999999822, 45.50000000000000000, 1.100000000000000089 ) ) ;
#1408 = FACE_OUTER_BOUND ( 'NONE', #457, .T. ) ;
#1409 = ORIENTED_EDGE ( 'NONE', *, *, #1427, .F. ) ;
#1410 = VERTEX_POINT ( 'NONE', #1358 ) ;
#1411 = CARTESIAN_POINT ( 'NONE',  ( -11.88026736640190073, 43.32597493216405837, 1.699363630129000047 ) ) ;
#1412 = AXIS2_PLACEMENT_3D ( 'NONE', #1549, #195, #676 ) ;
#1413 = DIRECTION ( 'NONE',  ( 0.000000000000000000, -1.000000000000000000, 0.000000000000000000 ) ) ;
#1414 = DIRECTION ( 'NONE',  ( 0.000000000000000000, 0.000000000000000000, 1.000000000000000000 ) ) ;
#1415 = EDGE_CURVE ( 'NONE', #149, #593, #570, .T. ) ;
#1416 = CARTESIAN_POINT ( 'NONE',  ( -6.609652033201141919, 44.00000000000000000, -2.304886114323225321 ) ) ;
#1417 = CARTESIAN_POINT ( 'NONE',  ( 6.658511140723013533, 47.20503742989174611, 2.161514923064316029 ) ) ;
#1418 = AXIS2_PLACEMENT_3D ( 'NONE', #899, #981, #747 ) ;
#1419 = ORIENTED_EDGE ( 'NONE', *, *, #953, .T. ) ;
#1420 = ORIENTED_EDGE ( 'NONE', *, *, #216, .F. ) ;
#1421 = CARTESIAN_POINT ( 'NONE',  ( 6.437196594791865678, 45.36682682189692173, -2.750000000000000000 ) ) ;
#1422 = CARTESIAN_POINT ( 'NONE',  ( 6.900075130036184667, 42.75003005201112671, -0.1458920298002152616 ) ) ;
#1423 = CARTESIAN_POINT ( 'NONE',  ( -6.905613658466567273, 48.00000000000000000, 1.145643923738954628 ) ) ;
#1424 = CARTESIAN_POINT ( 'NONE',  ( -6.437196594791869231, 45.63210980794494276, 2.749999999999999556 ) ) ;
#1425 = CARTESIAN_POINT ( 'NONE',  ( 6.437196594791868343, 45.63196330187406602, 2.750000000000000000 ) ) ;
#1426 = APPROVAL ( #1497, 'UNSPECIFIED' ) ;
#1427 = EDGE_CURVE ( 'NONE', #1445, #797, #584, .T. ) ;
#1428 = VERTEX_POINT ( 'NONE', #862 ) ;
#1429 = ORIENTED_EDGE ( 'NONE', *, *, #1301, .F. ) ;
#1430 = CARTESIAN_POINT ( 'NONE',  ( -11.99336625886911278, 42.77854471093954913, 0.4560980447204279198 ) ) ;
#1431 = DIRECTION ( 'NONE',  ( 0.000000000000000000, 0.000000000000000000, -1.000000000000000000 ) ) ;
#1432 = CARTESIAN_POINT ( 'NONE',  ( 1.347111479062088257E-16, 44.00000000000000711, -6.899999999999999467 ) ) ;
#1433 = CARTESIAN_POINT ( 'NONE',  ( 1.347111479062088503E-16, 48.00000000000000000, -6.899999999999999467 ) ) ;
#1434 = FACE_OUTER_BOUND ( 'NONE', #373, .T. ) ;
#1435 = ORIENTED_EDGE ( 'NONE', *, *, #1472, .T. ) ;
#1436 = ORIENTED_EDGE ( 'NONE', *, *, #743, .F. ) ;
#1437 = EDGE_CURVE ( 'NONE', #1094, #411, #250, .T. ) ;
#1438 = VERTEX_POINT ( 'NONE', #617 ) ;
#1439 = DIRECTION ( 'NONE',  ( -1.000000000000000000, 0.000000000000000000, -0.000000000000000000 ) ) ;
#1440 = CARTESIAN_POINT ( 'NONE',  ( -6.515906959523550590, 44.45908077852737961, 2.559235811958069373 ) ) ;
#1441 = CARTESIAN_POINT ( 'NONE',  ( 8.000000000000000000, 41.00000000000000000, 0.000000000000000000 ) ) ;
#1442 = VERTEX_POINT ( 'NONE', #1244 ) ;
#1443 = ORIENTED_EDGE ( 'NONE', *, *, #1119, .T. ) ;
#1444 = DIRECTION ( 'NONE',  ( 0.000000000000000000, 1.000000000000000000, 0.000000000000000000 ) ) ;
#1445 = VERTEX_POINT ( 'NONE', #761 ) ;
#1446 = CC_DESIGN_DATE_AND_TIME_ASSIGNMENT ( #256, #1118, ( #491 ) ) ;
#1447 = DIRECTION ( 'NONE',  ( 0.000000000000000000, 1.000000000000000000, 0.000000000000000000 ) ) ;
#1448 = CARTESIAN_POINT ( 'NONE',  ( -6.658511140723013533, 47.20503742989174611, -2.161514923064316029 ) ) ;
#1449 = CARTESIAN_POINT ( 'NONE',  ( 6.560037626623678619, 46.76897802340306498, -2.443223876829603292 ) ) ;
#1450 = CARTESIAN_POINT ( 'NONE',  ( 11.99999999999999822, 45.50000000000000000, 0.000000000000000000 ) ) ;
#1451 = VECTOR ( 'NONE', #1379, 1000.000000000000000 ) ;
#1452 = EDGE_LOOP ( 'NONE', ( #46, #854 ) ) ;
#1453 = ORIENTED_EDGE ( 'NONE', *, *, #1494, .T. ) ;
#1454 = EDGE_LOOP ( 'NONE', ( #1074, #682, #1176, #82 ) ) ;
#1455 = CARTESIAN_POINT ( 'NONE',  ( 0.000000000000000000, 48.00000000000000000, 0.000000000000000000 ) ) ;
#1456 = CARTESIAN_POINT ( 'NONE',  ( -3.954883669769153620, 46.17705398211669632, 0.8786250416662333418 ) ) ;
#1457 = ADVANCED_BREP_SHAPE_REPRESENTATION ( 'ARM-003_Yaw_D_drive_collar', ( #1030, #1371 ), #1050 ) ;
#1458 = CARTESIAN_POINT ( 'NONE',  ( 0.000000000000000000, 44.00000000000000711, 8.000000000000000000 ) ) ;
#1459 = COORDINATED_UNIVERSAL_TIME_OFFSET ( 6, 0, .BEHIND. ) ;
#1460 = EDGE_CURVE ( 'NONE', #13, #204, #1038, .T. ) ;
#1461 = DIRECTION ( 'NONE',  ( 0.000000000000000000, 1.000000000000000000, 0.000000000000000000 ) ) ;
#1462 = ORIENTED_EDGE ( 'NONE', *, *, #554, .T. ) ;
#1463 = CARTESIAN_POINT ( 'NONE',  ( -3.897755764539383883, 45.35604194884708562, -1.100000000000000089 ) ) ;
#1464 = ORIENTED_EDGE ( 'NONE', *, *, #1169, .T. ) ;
#1465 = APPROVAL_PERSON_ORGANIZATION ( #1107, #1426, #726 ) ;
#1466 = DIRECTION ( 'NONE',  ( 0.000000000000000000, -1.000000000000000000, 0.000000000000000000 ) ) ;
#1467 = CIRCLE ( 'NONE', #281, 1.100000000000000311 ) ;
#1468 = CARTESIAN_POINT ( 'NONE',  ( 0.000000000000000000, 48.00000000000000000, 0.000000000000000000 ) ) ;
#1469 = CARTESIAN_POINT ( 'NONE',  ( 6.469276747509345782, 46.15544851186697883, -2.673962309778475710 ) ) ;
#1470 = APPLICATION_PROTOCOL_DEFINITION ( 'international standard', 'config_control_design', 1994, #400 ) ;
#1471 = CIRCLE ( 'NONE', #982, 2.750000000000000000 ) ;
#1472 = EDGE_CURVE ( 'NONE', #91, #843, #631, .T. ) ;
#1473 = PRODUCT_DEFINITION_SHAPE ( 'NONE', 'NONE',  #1501 ) ;
#1474 = DIRECTION ( 'NONE',  ( 0.000000000000000000, -1.000000000000000000, 0.000000000000000000 ) ) ;
#1475 = VERTEX_POINT ( 'NONE', #1399 ) ;
#1476 = DIRECTION ( 'NONE',  ( 0.000000000000000000, -1.000000000000000000, 0.000000000000000000 ) ) ;
#1477 = ORIENTED_EDGE ( 'NONE', *, *, #1134, .T. ) ;
#1478 = CARTESIAN_POINT ( 'NONE',  ( 6.457433250572952588, 44.97259496171182036, 2.702218849626250918 ) ) ;
#1479 = AXIS2_PLACEMENT_3D ( 'NONE', #370, #870, #1398 ) ;
#1480 = CARTESIAN_POINT ( 'NONE',  ( -3.897755764539384327, 45.50000000000000000, -1.100000000000000089 ) ) ;
#1481 = CARTESIAN_POINT ( 'NONE',  ( -6.905613658466567273, 48.00000000000000000, 1.145643923738954628 ) ) ;
#1482 = DATE_AND_TIME ( #858, #432 ) ;
#1483 = CIRCLE ( 'NONE', #245, 12.00000000000000000 ) ;
#1484 = ADVANCED_FACE ( 'NONE', ( #381, #425 ), #1002, .T. ) ;
#1485 = DIRECTION ( 'NONE',  ( 0.000000000000000000, 0.000000000000000000, 1.000000000000000000 ) ) ;
#1486 = ORIENTED_EDGE ( 'NONE', *, *, #1381, .T. ) ;
#1487 = CARTESIAN_POINT ( 'NONE',  ( 6.559459016920194507, 44.22117224807591640, 2.448823105418905133 ) ) ;
#1488 = AXIS2_PLACEMENT_3D ( 'NONE', #695, #460, #1431 ) ;
#1489 = CARTESIAN_POINT ( 'NONE',  ( 0.000000000000000000, 48.00000000000000000, -8.000000000000000000 ) ) ;
#1490 = CARTESIAN_POINT ( 'NONE',  ( 0.000000000000000000, 48.00000000000000000, 8.000000000000000000 ) ) ;
#1491 = PERSON_AND_ORGANIZATION ( #800, #3 ) ;
#1492 = DIRECTION ( 'NONE',  ( -1.000000000000000000, 0.000000000000000000, 0.000000000000000000 ) ) ;
#1493 = ORIENTED_EDGE ( 'NONE', *, *, #1214, .F. ) ;
#1494 = EDGE_CURVE ( 'NONE', #1234, #236, #1150, .T. ) ;
#1495 = CARTESIAN_POINT ( 'NONE',  ( 1.347111479062088257E-16, 41.00000000000000000, 9.099999999999999645 ) ) ;
#1496 = CYLINDRICAL_SURFACE ( 'NONE', #1168, 2.750000000000000000 ) ;
#1497 = APPROVAL_STATUS ( 'not_yet_approved' ) ;
#1498 = CARTESIAN_POINT ( 'NONE',  ( -6.899934963160563761, 42.74997398526644332, -0.1444623633753941427 ) ) ;
#1499 = EDGE_LOOP ( 'NONE', ( #722, #971, #473, #575, #107, #582 ) ) ;
#1500 = LINE ( 'NONE', #873, #1254 ) ;
#1501 = PRODUCT_DEFINITION ( 'UNKNOWN', '', #1109, #430 ) ;
#1502 = CARTESIAN_POINT ( 'NONE',  ( 6.000000000000000000, 45.50000000000000000, -1.100000000000000089 ) ) ;
#1503 = AXIS2_PLACEMENT_3D ( 'NONE', #991, #1519, #1485 ) ;
#1504 = ORIENTED_EDGE ( 'NONE', *, *, #840, .T. ) ;
#1505 = AXIS2_PLACEMENT_3D ( 'NONE', #1578, #1466, #1104 ) ;
#1506 = CYLINDRICAL_SURFACE ( 'NONE', #672, 1.100000000000000089 ) ;
#1507 = LINE ( 'NONE', #1397, #421 ) ;
#1508 = ADVANCED_FACE ( 'NONE', ( #1408 ), #753, .F. ) ;
#1509 = ORIENTED_EDGE ( 'NONE', *, *, #229, .T. ) ;
#1510 = FACE_BOUND ( 'NONE', #845, .T. ) ;
#1511 = CARTESIAN_POINT ( 'NONE',  ( 3.100000000000000089, 48.00000000000000000, 2.399999999999999911 ) ) ;
#1512 = FACE_OUTER_BOUND ( 'NONE', #1573, .T. ) ;
#1513 = APPROVAL_PERSON_ORGANIZATION ( #1491, #1282, #1213 ) ;
#1514 = ADVANCED_FACE ( 'NONE', ( #637 ), #1121, .F. ) ;
#1515 = EDGE_LOOP ( 'NONE', ( #1065, #877, #950, #203 ) ) ;
#1516 = EDGE_LOOP ( 'NONE', ( #116, #259, #1285, #177 ) ) ;
#1517 = DIRECTION ( 'NONE',  ( 0.000000000000000000, 1.000000000000000000, 0.000000000000000000 ) ) ;
#1518 = DIRECTION ( 'NONE',  ( -0.000000000000000000, -1.000000000000000000, -0.000000000000000000 ) ) ;
#1519 = DIRECTION ( 'NONE',  ( 0.000000000000000000, 1.000000000000000000, 0.000000000000000000 ) ) ;
#1520 = EDGE_CURVE ( 'NONE', #815, #1145, #866, .T. ) ;
#1521 = VERTEX_POINT ( 'NONE', #1562 ) ;
#1522 = ORIENTED_EDGE ( 'NONE', *, *, #1259, .T. ) ;
#1523 = EDGE_CURVE ( 'NONE', #291, #1125, #1185, .T. ) ;
#1524 = DIRECTION ( 'NONE',  ( 0.000000000000000000, 1.000000000000000000, 0.000000000000000000 ) ) ;
#1525 = CARTESIAN_POINT ( 'NONE',  ( 8.000000000000000000, 42.97958336777428201, -1.100000000000000311 ) ) ;
#1526 = PLANE ( 'NONE',  #35 ) ;
#1527 = CARTESIAN_POINT ( 'NONE',  ( -6.000000000000000000, 45.50000000000000000, 0.000000000000000000 ) ) ;
#1528 = DIRECTION ( 'NONE',  ( -0.000000000000000000, -1.000000000000000000, -0.000000000000000000 ) ) ;
#1529 = AXIS2_PLACEMENT_3D ( 'NONE', #1257, #287, #276 ) ;
#1530 = CIRCLE ( 'NONE', #709, 7.000000000000000000 ) ;
#1531 = ORIENTED_EDGE ( 'NONE', *, *, #718, .F. ) ;
#1532 = ORIENTED_EDGE ( 'NONE', *, *, #137, .F. ) ;
#1533 = CARTESIAN_POINT ( 'NONE',  ( 6.000000000000000000, 45.50000000000000000, 0.000000000000000000 ) ) ;
#1534 = EDGE_CURVE ( 'NONE', #871, #291, #208, .T. ) ;
#1535 = CARTESIAN_POINT ( 'NONE',  ( 8.959713617114346107, 42.80353858144390244, 0.5564963613025264433 ) ) ;
#1536 = DIRECTION ( 'NONE',  ( 0.000000000000000000, 1.000000000000000000, 0.000000000000000000 ) ) ;
#1537 = FACE_OUTER_BOUND ( 'NONE', #851, .T. ) ;
#1538 = CARTESIAN_POINT ( 'NONE',  ( -6.000000000000000000, 45.50000000000000000, 0.000000000000000000 ) ) ;
#1539 = VECTOR ( 'NONE', #751, 1000.000000000000000 ) ;
#1540 = ORIENTED_EDGE ( 'NONE', *, *, #990, .T. ) ;
#1541 = EDGE_LOOP ( 'NONE', ( #1263, #1114, #1567, #31 ) ) ;
#1542 = CARTESIAN_POINT ( 'NONE',  ( 6.515906959523550590, 44.45908077852737961, -2.559235811958069373 ) ) ;
#1543 = AXIS2_PLACEMENT_3D ( 'NONE', #1255, #142, #42 ) ;
#1544 = CARTESIAN_POINT ( 'NONE',  ( 8.000000000000000000, 42.97958336777428201, -1.100000000000000311 ) ) ;
#1545 = CARTESIAN_POINT ( 'NONE',  ( 0.000000000000000000, 48.00000000000000000, 8.000000000000000000 ) ) ;
#1546 = CARTESIAN_POINT ( 'NONE',  ( 8.000000000000000000, 41.00000000000000000, 0.000000000000000000 ) ) ;
#1547 = ORIENTED_EDGE ( 'NONE', *, *, #1367, .T. ) ;
#1548 = ORIENTED_EDGE ( 'NONE', *, *, #980, .T. ) ;
#1549 = CARTESIAN_POINT ( 'NONE',  ( -6.000000000000000000, 45.50000000000000000, 0.000000000000000000 ) ) ;
#1550 = CIRCLE ( 'NONE', #1059, 1.100000000000000311 ) ;
#1551 = DIRECTION ( 'NONE',  ( 0.000000000000000000, 0.000000000000000000, 1.000000000000000000 ) ) ;
#1552 = CARTESIAN_POINT ( 'NONE',  ( -2.360923410571791337, 46.00000000000000000, -6.589843750000000888 ) ) ;
#1553 = DIRECTION ( 'NONE',  ( 0.000000000000000000, 0.000000000000000000, 1.000000000000000000 ) ) ;
#1554 = CARTESIAN_POINT ( 'NONE',  ( 6.558807803923946800, 46.77494786242812097, 2.450364605556971664 ) ) ;
#1555 = ADVANCED_FACE ( 'NONE', ( #1046 ), #60, .F. ) ;
#1556 = ORIENTED_EDGE ( 'NONE', *, *, #148, .F. ) ;
#1557 = EDGE_LOOP ( 'NONE', ( #675, #1504, #532, #187 ) ) ;
#1558 = ORIENTED_EDGE ( 'NONE', *, *, #1323, .F. ) ;
#1559 = FACE_OUTER_BOUND ( 'NONE', #417, .T. ) ;
#1560 = LINE ( 'NONE', #792, #543 ) ;
#1561 = DIRECTION ( 'NONE',  ( -0.000000000000000000, -1.000000000000000000, -0.000000000000000000 ) ) ;
#1562 = CARTESIAN_POINT ( 'NONE',  ( -6.609652033201141919, 44.00000000000000000, 2.304886114323225321 ) ) ;
#1563 = EDGE_CURVE ( 'NONE', #871, #110, #1081, .T. ) ;
#1564 = FACE_OUTER_BOUND ( 'NONE', #1515, .T. ) ;
#1565 = EDGE_LOOP ( 'NONE', ( #729, #1509, #1208, #353, #692, #1394, #101 ) ) ;
#1566 = AXIS2_PLACEMENT_3D ( 'NONE', #1490, #867, #988 ) ;
#1567 = ORIENTED_EDGE ( 'NONE', *, *, #10, .F. ) ;
#1568 = CYLINDRICAL_SURFACE ( 'NONE', #1505, 1.100000000000000311 ) ;
#1569 = CARTESIAN_POINT ( 'NONE',  ( -6.865723972125027608, 47.88981489486718601, -1.386087535514138436 ) ) ;
#1570 = CARTESIAN_POINT ( 'NONE',  ( -6.865808160912436620, 47.89004744496337196, 1.385580069600780728 ) ) ;
#1571 = DIRECTION ( 'NONE',  ( 0.000000000000000000, 0.000000000000000000, 1.000000000000000000 ) ) ;
#1572 = CARTESIAN_POINT ( 'NONE',  ( 6.437196594791866566, 45.50000000000000000, -2.750000000000000000 ) ) ;
#1573 = EDGE_LOOP ( 'NONE', ( #762, #944 ) ) ;
#1574 = CARTESIAN_POINT ( 'NONE',  ( -4.050007994203113526, 44.39997056679706589, 0.1448232174619039636 ) ) ;
#1575 = AXIS2_PLACEMENT_3D ( 'NONE', #648, #115, #44 ) ;
#1576 = ORIENTED_EDGE ( 'NONE', *, *, #1395, .T. ) ;
#1577 = EDGE_CURVE ( 'NONE', #1475, #583, #659, .T. ) ;
#1578 = CARTESIAN_POINT ( 'NONE',  ( 8.000000000000000000, 48.00000000000000000, 0.000000000000000000 ) ) ;
#1579 = AXIS2_PLACEMENT_3D ( 'NONE', #87, #319, #210 ) ;
#1580 = DIRECTION ( 'NONE',  ( 0.000000000000000000, 0.000000000000000000, -1.000000000000000000 ) ) ;
#1581 = LINE ( 'NONE', #1345, #173 ) ;
#1582 = CIRCLE ( 'NONE', #1092, 2.750000000000000000 ) ;
#1583 = DIRECTION ( 'NONE',  ( 1.000000000000000000, 0.000000000000000000, 0.000000000000000000 ) ) ;
#1584 = ORIENTED_EDGE ( 'NONE', *, *, #1018, .T. ) ;
#1585 = CARTESIAN_POINT ( 'NONE',  ( -6.441293304524755570, 45.23547906751637981, -2.740469204710238138 ) ) ;
#1586 = EDGE_LOOP ( 'NONE', ( #1127, #1067, #925, #1187, #1217 ) ) ;
#1587 = DIRECTION ( 'NONE',  ( 0.000000000000000000, 0.000000000000000000, 1.000000000000000000 ) ) ;
#1588 = ADVANCED_FACE ( 'NONE', ( #312, #1434 ), #839, .F. ) ;
#1589 = CARTESIAN_POINT ( 'NONE',  ( -3.906246028489932076, 45.78939985145710523, 1.070985287603983149 ) ) ;
#1590 = DIRECTION ( 'NONE',  ( 0.000000000000000000, 0.000000000000000000, 1.000000000000000000 ) ) ;
#1591 = CYLINDRICAL_SURFACE ( 'NONE', #1087, 4.049999999999999822 ) ;
#1592 = VERTEX_POINT ( 'NONE', #805 ) ;
ENDSEC;
END-ISO-10303-21;
