ISO-10303-21;
HEADER;
FILE_DESCRIPTION (( 'STEP AP203' ),
    '1' );
FILE_NAME ('ARM-102_Forearm_and_fixed_jaw.step',
    '2026-09-08T21:52:54',
    ( '' ),
    ( '' ),
    'SwSTEP 2.0',
    'SolidWorks 2026',
    '' );
FILE_SCHEMA (( 'CONFIG_CONTROL_DESIGN' ));
ENDSEC;

DATA;
#1 = DATE_TIME_ROLE ( 'classification_date' ) ;
#2 = CARTESIAN_POINT ( 'NONE',  ( 4.000000000000000000, 4.898587196589411843E-16, 8.000000000000000000 ) ) ;
#3 = VERTEX_POINT ( 'NONE', #1923 ) ;
#4 = LOCAL_TIME ( 16, 52, 54.00000000000000000, #160 ) ;
#5 = DIRECTION ( 'NONE',  ( -1.000000000000000000, -0.000000000000000000, -0.000000000000000000 ) ) ;
#6 = APPLICATION_CONTEXT ( 'configuration controlled 3d designs of mechanical parts and assemblies' ) ;
#7 = VECTOR ( 'NONE', #68, 1000.000000000000000 ) ;
#8 = DIRECTION ( 'NONE',  ( -1.000000000000000000, 0.000000000000000000, 0.000000000000000000 ) ) ;
#9 = DIRECTION ( 'NONE',  ( 0.000000000000000000, 0.000000000000000000, 1.000000000000000000 ) ) ;
#10 = ORIENTED_EDGE ( 'NONE', *, *, #1007, .T. ) ;
#11 = DIRECTION ( 'NONE',  ( 0.000000000000000000, 0.000000000000000000, -1.000000000000000000 ) ) ;
#12 = VECTOR ( 'NONE', #726, 1000.000000000000000 ) ;
#13 = FACE_OUTER_BOUND ( 'NONE', #372, .T. ) ;
#14 = VERTEX_POINT ( 'NONE', #944 ) ;
#15 = EDGE_CURVE ( 'NONE', #301, #416, #40, .T. ) ;
#16 = LINE ( 'NONE', #2331, #1477 ) ;
#17 = CARTESIAN_POINT ( 'NONE',  ( 27.00000000000000000, -16.00000000000000000, 7.000000000000000000 ) ) ;
#18 = DIRECTION ( 'NONE',  ( 0.000000000000000000, 0.000000000000000000, -1.000000000000000000 ) ) ;
#19 = ORIENTED_EDGE ( 'NONE', *, *, #52, .F. ) ;
#20 = ORIENTED_EDGE ( 'NONE', *, *, #561, .F. ) ;
#21 = DIRECTION ( 'NONE',  ( -0.000000000000000000, -0.000000000000000000, 1.000000000000000000 ) ) ;
#22 = CARTESIAN_POINT ( 'NONE',  ( 2.100000000000000089, -8.150000000000000355, -1.649999999999999911 ) ) ;
#23 = VECTOR ( 'NONE', #1099, 1000.000000000000000 ) ;
#24 = CARTESIAN_POINT ( 'NONE',  ( -8.150000000000000355, 7.000000000000000000, 8.000000000000000000 ) ) ;
#25 = EDGE_LOOP ( 'NONE', ( #602, #393 ) ) ;
#26 = EDGE_CURVE ( 'NONE', #2318, #1016, #1276, .T. ) ;
#27 = DIRECTION ( 'NONE',  ( -0.000000000000000000, -0.000000000000000000, -1.000000000000000000 ) ) ;
#28 = CARTESIAN_POINT ( 'NONE',  ( 62.39999999999999858, 23.50000000000000000, 4.000000000000000888 ) ) ;
#29 = DIRECTION ( 'NONE',  ( 1.000000000000000000, 0.000000000000000000, 0.000000000000000000 ) ) ;
#30 = ORIENTED_EDGE ( 'NONE', *, *, #1978, .F. ) ;
#31 = VERTEX_POINT ( 'NONE', #721 ) ;
#32 = AXIS2_PLACEMENT_3D ( 'NONE', #1239, #2156, #1573 ) ;
#33 = CARTESIAN_POINT ( 'NONE',  ( 7.000000000000000000, 7.000000000000000000, -1.650000000000000355 ) ) ;
#34 = DIRECTION ( 'NONE',  ( 0.000000000000000000, 0.000000000000000000, -1.000000000000000000 ) ) ;
#35 = EDGE_CURVE ( 'NONE', #1899, #279, #405, .T. ) ;
#36 = DIRECTION ( 'NONE',  ( 0.000000000000000000, 0.000000000000000000, -1.000000000000000000 ) ) ;
#37 = EDGE_LOOP ( 'NONE', ( #2210, #56 ) ) ;
#38 = DIRECTION ( 'NONE',  ( 1.000000000000000000, 0.000000000000000000, 0.000000000000000000 ) ) ;
#39 = ORIENTED_EDGE ( 'NONE', *, *, #1259, .T. ) ;
#40 = CIRCLE ( 'NONE', #1169, 7.000000000000000000 ) ;
#41 = CARTESIAN_POINT ( 'NONE',  ( 7.000000000000000000, 7.000000000000000000, 8.000000000000000000 ) ) ;
#42 = AXIS2_PLACEMENT_3D ( 'NONE', #108, #2069, #260 ) ;
#43 = CARTESIAN_POINT ( 'NONE',  ( 2.100000000000000089, 3.404408906109840149, 0.000000000000000000 ) ) ;
#44 = ORIENTED_EDGE ( 'NONE', *, *, #422, .F. ) ;
#45 = ORIENTED_EDGE ( 'NONE', *, *, #1978, .T. ) ;
#46 = DIRECTION ( 'NONE',  ( 0.000000000000000000, -0.000000000000000000, -1.000000000000000000 ) ) ;
#47 = CARTESIAN_POINT ( 'NONE',  ( 3.404408906109840149, 2.100000000000000089, 0.000000000000000000 ) ) ;
#48 = CARTESIAN_POINT ( 'NONE',  ( 10.95445115010332238, -7.000000000000000000, 4.000000000000000000 ) ) ;
#49 = EDGE_CURVE ( 'NONE', #1817, #497, #391, .T. ) ;
#50 = ORIENTED_EDGE ( 'NONE', *, *, #1111, .F. ) ;
#51 = VECTOR ( 'NONE', #38, 1000.000000000000000 ) ;
#52 = EDGE_CURVE ( 'NONE', #1134, #330, #1101, .T. ) ;
#53 = DIRECTION ( 'NONE',  ( 0.000000000000000000, -1.000000000000000000, 0.000000000000000000 ) ) ;
#54 = AXIS2_PLACEMENT_3D ( 'NONE', #2209, #1662, #2258 ) ;
#55 = DIRECTION ( 'NONE',  ( -0.000000000000000000, -1.000000000000000000, -0.000000000000000000 ) ) ;
#56 = ORIENTED_EDGE ( 'NONE', *, *, #234, .T. ) ;
#57 = DIRECTION ( 'NONE',  ( 0.000000000000000000, 0.000000000000000000, -1.000000000000000000 ) ) ;
#58 = DIRECTION ( 'NONE',  ( 0.000000000000000000, 0.000000000000000000, 1.000000000000000000 ) ) ;
#59 = ORIENTED_EDGE ( 'NONE', *, *, #1233, .T. ) ;
#60 = VERTEX_POINT ( 'NONE', #2217 ) ;
#61 = VECTOR ( 'NONE', #1500, 1000.000000000000000 ) ;
#62 = CARTESIAN_POINT ( 'NONE',  ( 0.000000000000000000, 0.000000000000000000, 0.000000000000000000 ) ) ;
#63 = AXIS2_PLACEMENT_3D ( 'NONE', #1277, #1469, #394 ) ;
#64 = ADVANCED_FACE ( 'NONE', ( #1250 ), #1975, .T. ) ;
#65 = CARTESIAN_POINT ( 'NONE',  ( 70.00000000000000000, 15.00000000000000000, 4.000000000000000000 ) ) ;
#66 = CARTESIAN_POINT ( 'NONE',  ( -8.150000000000000355, -2.100000000000000089, 0.000000000000000000 ) ) ;
#67 = ORIENTED_EDGE ( 'NONE', *, *, #86, .F. ) ;
#68 = DIRECTION ( 'NONE',  ( -1.000000000000000000, -0.000000000000000000, -0.000000000000000000 ) ) ;
#69 = CARTESIAN_POINT ( 'NONE',  ( 57.99999999999999289, 15.00000000000000000, 4.000000000000000000 ) ) ;
#70 = EDGE_LOOP ( 'NONE', ( #1505, #106, #851, #1177 ) ) ;
#71 = EDGE_CURVE ( 'NONE', #639, #651, #367, .T. ) ;
#72 = EDGE_CURVE ( 'NONE', #2242, #2142, #566, .T. ) ;
#73 = CARTESIAN_POINT ( 'NONE',  ( 34.00000000000000000, 0.000000000000000000, 4.000000000000000000 ) ) ;
#74 = ORIENTED_EDGE ( 'NONE', *, *, #893, .F. ) ;
#75 = EDGE_CURVE ( 'NONE', #1227, #1509, #84, .T. ) ;
#76 = CYLINDRICAL_SURFACE ( 'NONE', #155, 4.000000000000000000 ) ;
#77 = LINE ( 'NONE', #611, #535 ) ;
#78 = DIRECTION ( 'NONE',  ( -0.000000000000000000, -0.000000000000000000, -1.000000000000000000 ) ) ;
#79 = ORIENTED_EDGE ( 'NONE', *, *, #1886, .T. ) ;
#80 = CARTESIAN_POINT ( 'NONE',  ( 57.00000000000000000, -13.50000000000000000, 0.000000000000000000 ) ) ;
#81 = CARTESIAN_POINT ( 'NONE',  ( -2.100000000000000089, -8.150000000000000355, -1.649999999999999911 ) ) ;
#82 = ORIENTED_EDGE ( 'NONE', *, *, #71, .F. ) ;
#83 = AXIS2_PLACEMENT_3D ( 'NONE', #1581, #2285, #531 ) ;
#84 = CIRCLE ( 'NONE', #1884, 4.000000000000000000 ) ;
#85 = FACE_BOUND ( 'NONE', #25, .T. ) ;
#86 = EDGE_CURVE ( 'NONE', #142, #1998, #503, .T. ) ;
#87 = ORIENTED_EDGE ( 'NONE', *, *, #1068, .T. ) ;
#88 = EDGE_LOOP ( 'NONE', ( #1498, #1542, #1242, #270 ) ) ;
#89 = CARTESIAN_POINT ( 'NONE',  ( 0.000000000000000000, 0.000000000000000000, 0.000000000000000000 ) ) ;
#90 = VECTOR ( 'NONE', #2059, 1000.000000000000000 ) ;
#91 = DIRECTION ( 'NONE',  ( 0.000000000000000000, 0.000000000000000000, -1.000000000000000000 ) ) ;
#92 = DIRECTION ( 'NONE',  ( -1.000000000000000000, 0.000000000000000000, 0.000000000000000000 ) ) ;
#93 = ORIENTED_EDGE ( 'NONE', *, *, #577, .T. ) ;
#94 = LINE ( 'NONE', #2261, #2079 ) ;
#95 = DIRECTION ( 'NONE',  ( -0.000000000000000000, -1.000000000000000000, -0.000000000000000000 ) ) ;
#96 = EDGE_CURVE ( 'NONE', #2142, #2242, #681, .T. ) ;
#97 = ORIENTED_EDGE ( 'NONE', *, *, #2001, .T. ) ;
#98 = AXIS2_PLACEMENT_3D ( 'NONE', #1404, #668, #858 ) ;
#99 = CARTESIAN_POINT ( 'NONE',  ( 73.00000000000000000, -13.50000000000000000, 4.000000000000000000 ) ) ;
#100 = ORIENTED_EDGE ( 'NONE', *, *, #2214, .F. ) ;
#101 = ORIENTED_EDGE ( 'NONE', *, *, #1569, .T. ) ;
#102 = DIRECTION ( 'NONE',  ( 1.000000000000000000, 0.000000000000000000, 0.000000000000000000 ) ) ;
#103 = ADVANCED_FACE ( 'NONE', ( #1621 ), #1656, .F. ) ;
#104 = DIRECTION ( 'NONE',  ( 0.000000000000000000, 0.000000000000000000, -1.000000000000000000 ) ) ;
#105 = VECTOR ( 'NONE', #187, 1000.000000000000000 ) ;
#106 = ORIENTED_EDGE ( 'NONE', *, *, #259, .T. ) ;
#107 = ORIENTED_EDGE ( 'NONE', *, *, #1760, .T. ) ;
#108 = CARTESIAN_POINT ( 'NONE',  ( 0.000000000000000000, 0.000000000000000000, 4.000000000000000000 ) ) ;
#109 = CARTESIAN_POINT ( 'NONE',  ( 40.00000000000000000, 7.000000000000000000, 4.000000000000000000 ) ) ;
#110 = ORIENTED_EDGE ( 'NONE', *, *, #561, .T. ) ;
#111 = CARTESIAN_POINT ( 'NONE',  ( 0.000000000000000000, 0.000000000000000000, 7.000000000000000000 ) ) ;
#112 = ORIENTED_EDGE ( 'NONE', *, *, #1935, .T. ) ;
#113 = EDGE_LOOP ( 'NONE', ( #934, #251 ) ) ;
#114 = FACE_OUTER_BOUND ( 'NONE', #436, .T. ) ;
#115 = DIRECTION ( 'NONE',  ( 0.000000000000000000, 0.000000000000000000, 1.000000000000000000 ) ) ;
#116 = ORIENTED_EDGE ( 'NONE', *, *, #2236, .T. ) ;
#117 = CYLINDRICAL_SURFACE ( 'NONE', #125, 1.150000000000000799 ) ;
#118 = PLANE ( 'NONE',  #1703 ) ;
#119 = ORIENTED_EDGE ( 'NONE', *, *, #1989, .F. ) ;
#120 = DIRECTION ( 'NONE',  ( -1.000000000000000000, 0.000000000000000000, 0.000000000000000000 ) ) ;
#121 = VERTEX_POINT ( 'NONE', #196 ) ;
#122 = ORIENTED_EDGE ( 'NONE', *, *, #96, .T. ) ;
#123 = CARTESIAN_POINT ( 'NONE',  ( 2.100000000000000089, -8.150000000000000355, -1.649999999999999911 ) ) ;
#124 = CARTESIAN_POINT ( 'NONE',  ( 70.00000000000000000, 41.00000000000000000, 4.000000000000000000 ) ) ;
#125 = AXIS2_PLACEMENT_3D ( 'NONE', #2303, #1011, #498 ) ;
#126 = VERTEX_POINT ( 'NONE', #2176 ) ;
#127 = EDGE_CURVE ( 'NONE', #303, #1388, #862, .T. ) ;
#128 = DIRECTION ( 'NONE',  ( -1.000000000000000000, -0.000000000000000000, -0.000000000000000000 ) ) ;
#129 = PLANE ( 'NONE',  #98 ) ;
#130 = ORIENTED_EDGE ( 'NONE', *, *, #244, .F. ) ;
#131 = CARTESIAN_POINT ( 'NONE',  ( 38.60000000000000142, 23.50000000000000000, 4.000000000000000888 ) ) ;
#132 = DIRECTION ( 'NONE',  ( 1.000000000000000000, 0.000000000000000000, 0.000000000000000000 ) ) ;
#133 = CIRCLE ( 'NONE', #1749, 2.100000000000000977 ) ;
#134 = CARTESIAN_POINT ( 'NONE',  ( 73.00000000000000000, -13.50000000000000000, 8.000000000000000000 ) ) ;
#135 = CARTESIAN_POINT ( 'NONE',  ( 73.00000000000000000, -13.50000000000000000, 8.000000000000000000 ) ) ;
#136 = ORIENTED_EDGE ( 'NONE', *, *, #1303, .F. ) ;
#137 = ORIENTED_EDGE ( 'NONE', *, *, #1879, .T. ) ;
#138 = PERSON_AND_ORGANIZATION_ROLE ( 'creator' ) ;
#139 = AXIS2_PLACEMENT_3D ( 'NONE', #1433, #538, #1428 ) ;
#140 = CIRCLE ( 'NONE', #1757, 4.000000000000000000 ) ;
#141 = LINE ( 'NONE', #1037, #2127 ) ;
#142 = VERTEX_POINT ( 'NONE', #2203 ) ;
#143 = CARTESIAN_POINT ( 'NONE',  ( 8.150000000000000355, 2.100000000000000089, 0.000000000000000000 ) ) ;
#144 = EDGE_CURVE ( 'NONE', #2178, #1797, #786, .T. ) ;
#145 = EDGE_CURVE ( 'NONE', #814, #1376, #1802, .T. ) ;
#146 = EDGE_CURVE ( 'NONE', #1489, #2213, #979, .T. ) ;
#147 = FACE_OUTER_BOUND ( 'NONE', #2275, .T. ) ;
#148 = EDGE_CURVE ( 'NONE', #654, #2289, #1644, .T. ) ;
#149 = DIRECTION ( 'NONE',  ( 0.000000000000000000, 0.000000000000000000, 1.000000000000000000 ) ) ;
#150 = CARTESIAN_POINT ( 'NONE',  ( 3.404408906109840149, -2.100000000000000089, 0.000000000000000000 ) ) ;
#151 = ORIENTED_EDGE ( 'NONE', *, *, #1070, .F. ) ;
#152 = DATE_AND_TIME ( #331, #1324 ) ;
#153 = CARTESIAN_POINT ( 'NONE',  ( 34.00000000000000000, 0.000000000000000000, 0.000000000000000000 ) ) ;
#154 = ORIENTED_EDGE ( 'NONE', *, *, #1760, .F. ) ;
#155 = AXIS2_PLACEMENT_3D ( 'NONE', #2231, #1685, #456 ) ;
#156 = PLANE ( 'NONE',  #2296 ) ;
#157 = CARTESIAN_POINT ( 'NONE',  ( 40.00000000000000000, -7.000000000000000000, 4.000000000000000000 ) ) ;
#158 = EDGE_CURVE ( 'NONE', #2325, #480, #2297, .T. ) ;
#159 = CARTESIAN_POINT ( 'NONE',  ( 78.00000000000000000, -11.00000000000000000, 4.000000000000000000 ) ) ;
#160 = COORDINATED_UNIVERSAL_TIME_OFFSET ( 6, 0, .BEHIND. ) ;
#161 = CARTESIAN_POINT ( 'NONE',  ( -10.25000000000000178, 0.000000000000000000, 0.000000000000000000 ) ) ;
#162 = CIRCLE ( 'NONE', #1471, 4.000000000000000000 ) ;
#163 = AXIS2_PLACEMENT_3D ( 'NONE', #414, #231, #2021 ) ;
#164 = ORIENTED_EDGE ( 'NONE', *, *, #465, .T. ) ;
#165 = ORIENTED_EDGE ( 'NONE', *, *, #2008, .F. ) ;
#166 = EDGE_CURVE ( 'NONE', #1019, #31, #1166, .T. ) ;
#167 = CARTESIAN_POINT ( 'NONE',  ( 0.000000000000000000, 0.000000000000000000, 8.000000000000000000 ) ) ;
#168 = DIRECTION ( 'NONE',  ( 0.000000000000000000, 1.000000000000000000, 0.000000000000000000 ) ) ;
#169 = CIRCLE ( 'NONE', #2199, 4.000000000000000000 ) ;
#170 = CIRCLE ( 'NONE', #1415, 1.149999999999999911 ) ;
#171 = CARTESIAN_POINT ( 'NONE',  ( 0.000000000000000000, 0.000000000000000000, 0.000000000000000000 ) ) ;
#172 = EDGE_CURVE ( 'NONE', #608, #1482, #1871, .T. ) ;
#173 = DIRECTION ( 'NONE',  ( 0.000000000000000000, 0.000000000000000000, 1.000000000000000000 ) ) ;
#174 = ORIENTED_EDGE ( 'NONE', *, *, #584, .F. ) ;
#175 = ORIENTED_EDGE ( 'NONE', *, *, #631, .F. ) ;
#176 = AXIS2_PLACEMENT_3D ( 'NONE', #1807, #743, #1466 ) ;
#177 = AXIS2_PLACEMENT_3D ( 'NONE', #33, #2195, #408 ) ;
#178 = FACE_BOUND ( 'NONE', #1374, .T. ) ;
#179 = FACE_OUTER_BOUND ( 'NONE', #70, .T. ) ;
#180 = CARTESIAN_POINT ( 'NONE',  ( 57.00000000000000000, -13.50000000000000000, 4.000000000000000000 ) ) ;
#181 = DIRECTION ( 'NONE',  ( -0.000000000000000000, -0.000000000000000000, -1.000000000000000000 ) ) ;
#182 = ORIENTED_EDGE ( 'NONE', *, *, #207, .T. ) ;
#183 = CARTESIAN_POINT ( 'NONE',  ( -8.150000000000000355, 7.000000000000000000, -1.650000000000000355 ) ) ;
#184 = FACE_OUTER_BOUND ( 'NONE', #278, .T. ) ;
#185 = DIRECTION ( 'NONE',  ( -1.000000000000000000, 0.000000000000000000, 0.000000000000000000 ) ) ;
#186 = VERTEX_POINT ( 'NONE', #1716 ) ;
#187 = DIRECTION ( 'NONE',  ( 0.000000000000000000, 0.000000000000000000, -1.000000000000000000 ) ) ;
#188 = AXIS2_PLACEMENT_3D ( 'NONE', #1693, #2034, #1014 ) ;
#189 = ADVANCED_FACE ( 'NONE', ( #423 ), #2220, .T. ) ;
#190 = DIRECTION ( 'NONE',  ( -0.000000000000000000, -0.000000000000000000, -1.000000000000000000 ) ) ;
#191 = ORIENTED_EDGE ( 'NONE', *, *, #1411, .F. ) ;
#192 =( GEOMETRIC_REPRESENTATION_CONTEXT ( 3 ) GLOBAL_UNCERTAINTY_ASSIGNED_CONTEXT ( ( #2089 ) ) GLOBAL_UNIT_ASSIGNED_CONTEXT ( ( #1048, #652, #1904 ) ) REPRESENTATION_CONTEXT ( 'NONE', 'WORKASPACE' ) );
#193 = LINE ( 'NONE', #1805, #579 ) ;
#194 = APPROVAL ( #2151, 'UNSPECIFIED' ) ;
#195 = CYLINDRICAL_SURFACE ( 'NONE', #1726, 1.150000000000000799 ) ;
#196 = CARTESIAN_POINT ( 'NONE',  ( -8.150000000000000355, -2.100000000000000089, -1.649999999999999911 ) ) ;
#197 = ORIENTED_EDGE ( 'NONE', *, *, #127, .T. ) ;
#198 = ORIENTED_EDGE ( 'NONE', *, *, #1098, .F. ) ;
#199 = DIRECTION ( 'NONE',  ( 0.000000000000000000, -1.000000000000000000, 0.000000000000000000 ) ) ;
#200 = DIRECTION ( 'NONE',  ( 1.000000000000000000, 0.000000000000000000, 0.000000000000000000 ) ) ;
#201 = VECTOR ( 'NONE', #371, 1000.000000000000000 ) ;
#202 = APPLICATION_CONTEXT ( 'configuration controlled 3d designs of mechanical parts and assemblies' ) ;
#203 = CARTESIAN_POINT ( 'NONE',  ( 8.150000000000000355, 0.000000000000000000, -1.649999999999999911 ) ) ;
#204 = VERTEX_POINT ( 'NONE', #1263 ) ;
#205 = DIRECTION ( 'NONE',  ( -0.000000000000000000, -0.000000000000000000, 1.000000000000000000 ) ) ;
#206 = PLANE ( 'NONE',  #731 ) ;
#207 = EDGE_CURVE ( 'NONE', #2026, #489, #2319, .T. ) ;
#208 = CIRCLE ( 'NONE', #1148, 7.000000000000000000 ) ;
#209 = CARTESIAN_POINT ( 'NONE',  ( 7.000000000000000000, 7.000000000000000000, 8.000000000000000000 ) ) ;
#210 = EDGE_CURVE ( 'NONE', #1613, #1797, #1320, .T. ) ;
#211 = VERTEX_POINT ( 'NONE', #377 ) ;
#212 = EDGE_LOOP ( 'NONE', ( #1851, #1694 ) ) ;
#213 = DIRECTION ( 'NONE',  ( 1.000000000000000000, 0.000000000000000000, 0.000000000000000000 ) ) ;
#214 = LINE ( 'NONE', #2181, #2282 ) ;
#215 = ADVANCED_FACE ( 'NONE', ( #1837 ), #563, .F. ) ;
#216 = CIRCLE ( 'NONE', #1423, 1.299999999999995604 ) ;
#217 = DIRECTION ( 'NONE',  ( 0.000000000000000000, -0.000000000000000000, 1.000000000000000000 ) ) ;
#218 = VERTEX_POINT ( 'NONE', #723 ) ;
#219 = DIRECTION ( 'NONE',  ( -0.000000000000000000, -0.000000000000000000, -1.000000000000000000 ) ) ;
#220 = ORIENTED_EDGE ( 'NONE', *, *, #1808, .T. ) ;
#221 = CARTESIAN_POINT ( 'NONE',  ( 26.00000000000000000, 41.00000000000000000, 4.000000000000000000 ) ) ;
#222 = DIRECTION ( 'NONE',  ( 1.000000000000000000, 0.000000000000000000, 0.000000000000000000 ) ) ;
#223 = ORIENTED_EDGE ( 'NONE', *, *, #1571, .F. ) ;
#224 = EDGE_LOOP ( 'NONE', ( #407, #1118, #1949, #151 ) ) ;
#225 = EDGE_CURVE ( 'NONE', #1601, #1735, #1002, .T. ) ;
#226 = AXIS2_PLACEMENT_3D ( 'NONE', #1900, #1922, #1332 ) ;
#227 = DIRECTION ( 'NONE',  ( 0.000000000000000000, 0.000000000000000000, -1.000000000000000000 ) ) ;
#228 = DIRECTION ( 'NONE',  ( -1.000000000000000000, 0.000000000000000000, 0.000000000000000000 ) ) ;
#229 = CARTESIAN_POINT ( 'NONE',  ( -8.150000000000000355, 2.100000000000000089, 0.000000000000000000 ) ) ;
#230 = ORIENTED_EDGE ( 'NONE', *, *, #1989, .T. ) ;
#231 = DIRECTION ( 'NONE',  ( 0.000000000000000000, 0.000000000000000000, 1.000000000000000000 ) ) ;
#232 = CYLINDRICAL_SURFACE ( 'NONE', #992, 1.099999999999996758 ) ;
#233 = ORIENTED_EDGE ( 'NONE', *, *, #1098, .T. ) ;
#234 = EDGE_CURVE ( 'NONE', #1710, #3, #1188, .T. ) ;
#235 = PERSON ( 'UNSPECIFIED', 'UNSPECIFIED', 'UNSPECIFIED', ('UNSPECIFIED'), ('UNSPECIFIED'), ('UNSPECIFIED') ) ;
#236 = CARTESIAN_POINT ( 'NONE',  ( 70.00000000000000000, 15.00000000000000000, 4.000000000000000000 ) ) ;
#237 = AXIS2_PLACEMENT_3D ( 'NONE', #1705, #1718, #1679 ) ;
#238 = CARTESIAN_POINT ( 'NONE',  ( 0.000000000000000000, 0.000000000000000000, 4.000000000000000000 ) ) ;
#239 = ORIENTED_EDGE ( 'NONE', *, *, #1755, .F. ) ;
#240 = ORIENTED_EDGE ( 'NONE', *, *, #1061, .F. ) ;
#241 = DIRECTION ( 'NONE',  ( -0.000000000000000000, -0.000000000000000000, -1.000000000000000000 ) ) ;
#242 = PLANE ( 'NONE',  #2095 ) ;
#243 = CARTESIAN_POINT ( 'NONE',  ( -8.150000000000000355, -2.100000000000000089, 0.000000000000000000 ) ) ;
#244 = EDGE_CURVE ( 'NONE', #1066, #715, #1072, .T. ) ;
#245 = EDGE_CURVE ( 'NONE', #765, #613, #1089, .T. ) ;
#246 = ORIENTED_EDGE ( 'NONE', *, *, #1343, .T. ) ;
#247 = DIRECTION ( 'NONE',  ( 0.000000000000000000, -0.000000000000000000, -1.000000000000000000 ) ) ;
#248 = FACE_OUTER_BOUND ( 'NONE', #1754, .T. ) ;
#249 = VERTEX_POINT ( 'NONE', #255 ) ;
#250 = CARTESIAN_POINT ( 'NONE',  ( -8.150000000000000355, 2.100000000000000089, 0.000000000000000000 ) ) ;
#251 = ORIENTED_EDGE ( 'NONE', *, *, #146, .F. ) ;
#252 = VERTEX_POINT ( 'NONE', #576 ) ;
#253 = AXIS2_PLACEMENT_3D ( 'NONE', #1758, #2295, #885 ) ;
#254 = VECTOR ( 'NONE', #1814, 1000.000000000000000 ) ;
#255 = CARTESIAN_POINT ( 'NONE',  ( -5.850000000000000533, -7.000000000000000000, -1.650000000000000355 ) ) ;
#256 = CARTESIAN_POINT ( 'NONE',  ( 73.00000000000000000, -13.50000000000000000, 0.000000000000000000 ) ) ;
#257 = LINE ( 'NONE', #269, #2006 ) ;
#258 = ORIENTED_EDGE ( 'NONE', *, *, #2125, .T. ) ;
#259 = EDGE_CURVE ( 'NONE', #14, #1039, #1488, .T. ) ;
#260 = DIRECTION ( 'NONE',  ( -1.000000000000000000, 0.000000000000000000, 0.000000000000000000 ) ) ;
#261 = DIRECTION ( 'NONE',  ( 0.000000000000000000, 0.000000000000000000, -1.000000000000000000 ) ) ;
#262 = FACE_OUTER_BOUND ( 'NONE', #419, .T. ) ;
#263 = ORIENTED_EDGE ( 'NONE', *, *, #1126, .T. ) ;
#264 = VERTEX_POINT ( 'NONE', #1813 ) ;
#265 = CARTESIAN_POINT ( 'NONE',  ( 0.000000000000000000, 0.000000000000000000, 8.000000000000000000 ) ) ;
#266 = PLANE ( 'NONE',  #694 ) ;
#267 = VECTOR ( 'NONE', #2332, 1000.000000000000000 ) ;
#268 = ADVANCED_FACE ( 'NONE', ( #590 ), #923, .F. ) ;
#269 = CARTESIAN_POINT ( 'NONE',  ( 74.09999999999999432, -13.50000000000000000, 8.000000000000000000 ) ) ;
#270 = ORIENTED_EDGE ( 'NONE', *, *, #244, .T. ) ;
#271 = CARTESIAN_POINT ( 'NONE',  ( 27.00000000000000000, -16.00000000000000000, 0.000000000000000000 ) ) ;
#272 = CARTESIAN_POINT ( 'NONE',  ( 78.00000000000000000, -16.00000000000000000, 4.000000000000000000 ) ) ;
#273 = ORIENTED_EDGE ( 'NONE', *, *, #1068, .F. ) ;
#274 = AXIS2_PLACEMENT_3D ( 'NONE', #884, #312, #2145 ) ;
#275 = AXIS2_PLACEMENT_3D ( 'NONE', #2104, #149, #823 ) ;
#276 = DIRECTION ( 'NONE',  ( -1.000000000000000000, 0.000000000000000000, -0.000000000000000000 ) ) ;
#277 = CLOSED_SHELL ( 'NONE', ( #1090, #1804, #1742, #828, #1714, #640, #657, #1574, #390, #1596, #1829, #2016, #975, #1604, #847, #706, #2302, #627, #1518, #1618, #64, #879, #1396, #397, #1318, #1663, #1459, #1969, #2077, #1553, #625, #2009, #1906, #2230, #2168, #348, #1806, #488, #1283, #1945, #1378, #189, #215, #520, #2254, #969, #1215, #796, #268, #1397, #1335, #384, #557, #340, #636, #2057, #335, #1213, #1105, #1258, #464, #735, #103, #892, #658, #2314, #509, #1740 ) ) ;
#278 = EDGE_LOOP ( 'NONE', ( #110, #2019, #891, #1689 ) ) ;
#279 = VERTEX_POINT ( 'NONE', #1291 ) ;
#280 = CARTESIAN_POINT ( 'NONE',  ( 40.00000000000000000, -7.000000000000000000, 4.000000000000000000 ) ) ;
#281 = AXIS2_PLACEMENT_3D ( 'NONE', #967, #779, #2082 ) ;
#282 = CIRCLE ( 'NONE', #1408, 1.149999999999999911 ) ;
#283 = CARTESIAN_POINT ( 'NONE',  ( 34.69999999999999574, 30.00000000000000000, 4.000000000000003553 ) ) ;
#284 = ORIENTED_EDGE ( 'NONE', *, *, #988, .T. ) ;
#285 = EDGE_LOOP ( 'NONE', ( #1412, #1854 ) ) ;
#286 = LINE ( 'NONE', #1119, #1244 ) ;
#287 = CARTESIAN_POINT ( 'NONE',  ( 27.00000000000000000, 7.000000000000000000, 7.000000000000000000 ) ) ;
#288 = ORIENTED_EDGE ( 'NONE', *, *, #144, .T. ) ;
#289 = AXIS2_PLACEMENT_3D ( 'NONE', #1257, #1982, #1083 ) ;
#290 = VECTOR ( 'NONE', #964, 1000.000000000000000 ) ;
#291 = DIRECTION ( 'NONE',  ( 0.000000000000000000, 0.000000000000000000, 1.000000000000000000 ) ) ;
#292 = ORIENTED_EDGE ( 'NONE', *, *, #413, .F. ) ;
#293 = ORIENTED_EDGE ( 'NONE', *, *, #971, .F. ) ;
#294 = CARTESIAN_POINT ( 'NONE',  ( 8.150000000000000355, -2.100000000000000089, 0.000000000000000000 ) ) ;
#295 = AXIS2_PLACEMENT_3D ( 'NONE', #1445, #550, #2169 ) ;
#296 = CYLINDRICAL_SURFACE ( 'NONE', #363, 1.099999999999996758 ) ;
#297 = EDGE_LOOP ( 'NONE', ( #1863, #432, #1060, #1536 ) ) ;
#298 = CARTESIAN_POINT ( 'NONE',  ( 26.00000000000000000, 41.00000000000000000, 4.000000000000000000 ) ) ;
#299 = VECTOR ( 'NONE', #1833, 1000.000000000000000 ) ;
#300 = LINE ( 'NONE', #1666, #865 ) ;
#301 = VERTEX_POINT ( 'NONE', #1648 ) ;
#302 = CARTESIAN_POINT ( 'NONE',  ( 58.10000000000000142, -13.50000000000000000, 0.000000000000000000 ) ) ;
#303 = VERTEX_POINT ( 'NONE', #911 ) ;
#304 = ORIENTED_EDGE ( 'NONE', *, *, #999, .F. ) ;
#305 = CARTESIAN_POINT ( 'NONE',  ( 10.95445115010332238, -7.000000000000000888, 0.000000000000000000 ) ) ;
#306 = EDGE_CURVE ( 'NONE', #1509, #832, #1635, .T. ) ;
#307 = LINE ( 'NONE', #328, #1973 ) ;
#308 = EDGE_LOOP ( 'NONE', ( #825, #1357, #1162, #920 ) ) ;
#309 = DIRECTION ( 'NONE',  ( 1.000000000000000000, 0.000000000000000000, 0.000000000000000000 ) ) ;
#310 = DIRECTION ( 'NONE',  ( 1.000000000000000000, 0.000000000000000000, 0.000000000000000000 ) ) ;
#311 = ORIENTED_EDGE ( 'NONE', *, *, #422, .T. ) ;
#312 = DIRECTION ( 'NONE',  ( 0.000000000000000000, 0.000000000000000000, -1.000000000000000000 ) ) ;
#313 = CARTESIAN_POINT ( 'NONE',  ( 0.000000000000000000, 0.000000000000000000, -1.649999999999999911 ) ) ;
#314 = CARTESIAN_POINT ( 'NONE',  ( 38.60000000000000142, 36.50000000000000000, 4.000000000000000888 ) ) ;
#315 = CC_DESIGN_APPROVAL ( #194, ( #941 ) ) ;
#316 = DIRECTION ( 'NONE',  ( -1.000000000000000000, -0.000000000000000000, -0.000000000000000000 ) ) ;
#317 = ORIENTED_EDGE ( 'NONE', *, *, #1711, .F. ) ;
#318 = EDGE_CURVE ( 'NONE', #1310, #2083, #1677, .T. ) ;
#319 = PERSON_AND_ORGANIZATION_ROLE ( 'design_owner' ) ;
#320 = EDGE_CURVE ( 'NONE', #788, #2259, #2037, .T. ) ;
#321 = DIRECTION ( 'NONE',  ( -0.000000000000000000, -0.000000000000000000, -1.000000000000000000 ) ) ;
#322 = VERTEX_POINT ( 'NONE', #1307 ) ;
#323 = LINE ( 'NONE', #841, #565 ) ;
#324 = LINE ( 'NONE', #1747, #2040 ) ;
#325 = EDGE_CURVE ( 'NONE', #252, #204, #759, .T. ) ;
#326 = VECTOR ( 'NONE', #1322, 1000.000000000000000 ) ;
#327 = LINE ( 'NONE', #1394, #345 ) ;
#328 = CARTESIAN_POINT ( 'NONE',  ( -2.100000000000000089, 3.404408906109840149, 0.000000000000000000 ) ) ;
#329 = ORIENTED_EDGE ( 'NONE', *, *, #2068, .F. ) ;
#330 = VERTEX_POINT ( 'NONE', #1847 ) ;
#331 = CALENDAR_DATE ( 2026, 8, 9 ) ;
#332 = VECTOR ( 'NONE', #924, 1000.000000000000000 ) ;
#333 = DIRECTION ( 'NONE',  ( -0.000000000000000000, 0.000000000000000000, 1.000000000000000000 ) ) ;
#334 = ORIENTED_EDGE ( 'NONE', *, *, #1319, .F. ) ;
#335 = ADVANCED_FACE ( 'NONE', ( #947 ), #1673, .T. ) ;
#336 = CARTESIAN_POINT ( 'NONE',  ( 3.404408906109840149, -2.100000000000000089, 0.000000000000000000 ) ) ;
#337 = AXIS2_PLACEMENT_3D ( 'NONE', #374, #389, #1832 ) ;
#338 = DIRECTION ( 'NONE',  ( 0.000000000000000000, 0.000000000000000000, 1.000000000000000000 ) ) ;
#339 = CARTESIAN_POINT ( 'NONE',  ( 0.000000000000000000, 7.000000000000000000, 4.000000000000000000 ) ) ;
#340 = ADVANCED_FACE ( 'NONE', ( #114 ), #822, .T. ) ;
#341 = CARTESIAN_POINT ( 'NONE',  ( 5.849999999999999645, -7.000000000000000000, -1.650000000000000355 ) ) ;
#342 = CARTESIAN_POINT ( 'NONE',  ( 0.000000000000000000, -7.000000000000000000, 4.000000000000000000 ) ) ;
#343 = EDGE_LOOP ( 'NONE', ( #1155, #30, #1262, #292 ) ) ;
#344 = EDGE_LOOP ( 'NONE', ( #97, #1361, #1275, #1450 ) ) ;
#345 = VECTOR ( 'NONE', #168, 1000.000000000000000 ) ;
#346 = LINE ( 'NONE', #336, #1400 ) ;
#347 = CARTESIAN_POINT ( 'NONE',  ( -7.000000000000000000, -7.000000000000000000, 4.000000000000000000 ) ) ;
#348 = ADVANCED_FACE ( 'NONE', ( #1524 ), #1191, .F. ) ;
#349 = FACE_OUTER_BOUND ( 'NONE', #2074, .T. ) ;
#350 = CARTESIAN_POINT ( 'NONE',  ( 74.09999999999999432, -13.50000000000000000, 0.000000000000000000 ) ) ;
#351 = CIRCLE ( 'NONE', #1472, 1.099999999999996758 ) ;
#352 = ORIENTED_EDGE ( 'NONE', *, *, #1583, .T. ) ;
#353 = VERTEX_POINT ( 'NONE', #1017 ) ;
#354 = DIRECTION ( 'NONE',  ( -0.000000000000000000, -0.000000000000000000, 1.000000000000000000 ) ) ;
#355 = CYLINDRICAL_SURFACE ( 'NONE', #253, 1.300000000000002487 ) ;
#356 = AXIS2_PLACEMENT_3D ( 'NONE', #167, #1603, #2320 ) ;
#357 = ORIENTED_EDGE ( 'NONE', *, *, #2131, .F. ) ;
#358 = AXIS2_PLACEMENT_3D ( 'NONE', #1792, #181, #1615 ) ;
#359 = DIRECTION ( 'NONE',  ( 0.000000000000000000, -1.000000000000000000, 0.000000000000000000 ) ) ;
#360 = LINE ( 'NONE', #24, #1526 ) ;
#361 = ORIENTED_EDGE ( 'NONE', *, *, #1042, .F. ) ;
#362 = CIRCLE ( 'NONE', #1069, 4.000000000000000000 ) ;
#363 = AXIS2_PLACEMENT_3D ( 'NONE', #1914, #1410, #1398 ) ;
#364 = VECTOR ( 'NONE', #1456, 1000.000000000000000 ) ;
#365 = CARTESIAN_POINT ( 'NONE',  ( 70.00000000000000000, 27.00000000000000000, 4.000000000000000000 ) ) ;
#366 = CYLINDRICAL_SURFACE ( 'NONE', #813, 2.100000000000000977 ) ;
#367 = LINE ( 'NONE', #1997, #299 ) ;
#368 = FACE_OUTER_BOUND ( 'NONE', #1926, .T. ) ;
#369 = CC_DESIGN_PERSON_AND_ORGANIZATION_ASSIGNMENT ( #1578, #138, ( #782 ) ) ;
#370 = PERSON_AND_ORGANIZATION_ROLE ( 'creator' ) ;
#371 = DIRECTION ( 'NONE',  ( 1.000000000000000000, 0.000000000000000000, 0.000000000000000000 ) ) ;
#372 = EDGE_LOOP ( 'NONE', ( #1869, #112, #1552, #334 ) ) ;
#373 = CARTESIAN_POINT ( 'NONE',  ( 27.00000000000000000, 7.000000000000000000, 7.000000000000000000 ) ) ;
#374 = CARTESIAN_POINT ( 'NONE',  ( 73.00000000000000000, -13.50000000000000000, 0.000000000000000000 ) ) ;
#375 = DIRECTION ( 'NONE',  ( 1.000000000000000000, 0.000000000000000000, 0.000000000000000000 ) ) ;
#376 = EDGE_LOOP ( 'NONE', ( #1382, #939 ) ) ;
#377 = CARTESIAN_POINT ( 'NONE',  ( 55.90000000000000568, -13.50000000000000000, 0.000000000000000000 ) ) ;
#378 = DIRECTION ( 'NONE',  ( 0.000000000000000000, 0.000000000000000000, -1.000000000000000000 ) ) ;
#379 = VECTOR ( 'NONE', #1197, 1000.000000000000000 ) ;
#380 = AXIS2_PLACEMENT_3D ( 'NONE', #548, #2025, #222 ) ;
#381 = COORDINATED_UNIVERSAL_TIME_OFFSET ( 6, 0, .BEHIND. ) ;
#382 = CARTESIAN_POINT ( 'NONE',  ( -8.150000000000000355, -2.100000000000000089, 0.000000000000000000 ) ) ;
#383 = VERTEX_POINT ( 'NONE', #2076 ) ;
#384 = ADVANCED_FACE ( 'NONE', ( #2277 ), #76, .F. ) ;
#385 = VECTOR ( 'NONE', #1948, 1000.000000000000000 ) ;
#386 = PRODUCT_DEFINITION_FORMATION_WITH_SPECIFIED_SOURCE ( 'ANY', '', #1047, .NOT_KNOWN. ) ;
#387 = DIRECTION ( 'NONE',  ( 1.000000000000000000, 0.000000000000000000, 0.000000000000000000 ) ) ;
#388 = EDGE_CURVE ( 'NONE', #1998, #994, #1549, .T. ) ;
#389 = DIRECTION ( 'NONE',  ( -0.000000000000000000, -0.000000000000000000, -1.000000000000000000 ) ) ;
#390 = ADVANCED_FACE ( 'NONE', ( #784 ), #1385, .F. ) ;
#391 = LINE ( 'NONE', #43, #1607 ) ;
#392 = VERTEX_POINT ( 'NONE', #647 ) ;
#393 = ORIENTED_EDGE ( 'NONE', *, *, #259, .F. ) ;
#394 = DIRECTION ( 'NONE',  ( 1.000000000000000000, 0.000000000000000000, 0.000000000000000000 ) ) ;
#395 = LINE ( 'NONE', #724, #2055 ) ;
#396 = VECTOR ( 'NONE', #1235, 1000.000000000000000 ) ;
#397 = ADVANCED_FACE ( 'NONE', ( #2066 ), #2050, .T. ) ;
#398 = CALENDAR_DATE ( 2026, 8, 9 ) ;
#399 = CARTESIAN_POINT ( 'NONE',  ( -8.150000000000000355, -2.100000000000000089, -1.649999999999999911 ) ) ;
#400 = ORIENTED_EDGE ( 'NONE', *, *, #1241, .F. ) ;
#401 = CARTESIAN_POINT ( 'NONE',  ( 2.100000000000000089, -3.404408906109840149, 0.000000000000000000 ) ) ;
#402 = EDGE_CURVE ( 'NONE', #1856, #142, #991, .T. ) ;
#403 = FACE_OUTER_BOUND ( 'NONE', #1903, .T. ) ;
#404 = AXIS2_PLACEMENT_3D ( 'NONE', #673, #2117, #888 ) ;
#405 = LINE ( 'NONE', #1496, #1619 ) ;
#406 = ORIENTED_EDGE ( 'NONE', *, *, #2085, .F. ) ;
#407 = ORIENTED_EDGE ( 'NONE', *, *, #568, .F. ) ;
#408 = DIRECTION ( 'NONE',  ( 1.000000000000000000, 0.000000000000000000, 0.000000000000000000 ) ) ;
#409 = DIRECTION ( 'NONE',  ( -0.000000000000000000, -0.000000000000000000, -1.000000000000000000 ) ) ;
#410 = VECTOR ( 'NONE', #831, 1000.000000000000000 ) ;
#411 = DIRECTION ( 'NONE',  ( -0.000000000000000000, 1.000000000000000000, 0.000000000000000000 ) ) ;
#412 = EDGE_LOOP ( 'NONE', ( #1907, #973, #883, #2328 ) ) ;
#413 = EDGE_CURVE ( 'NONE', #1009, #832, #457, .T. ) ;
#414 = CARTESIAN_POINT ( 'NONE',  ( 0.000000000000000000, 0.000000000000000000, 8.000000000000000000 ) ) ;
#415 = CARTESIAN_POINT ( 'NONE',  ( 34.69999999999999574, 30.00000000000000000, 4.000000000000003553 ) ) ;
#416 = VERTEX_POINT ( 'NONE', #493 ) ;
#417 = CYLINDRICAL_SURFACE ( 'NONE', #2139, 2.100000000000000977 ) ;
#418 = CARTESIAN_POINT ( 'NONE',  ( -8.150000000000000355, 0.000000000000000000, 0.000000000000000000 ) ) ;
#419 = EDGE_LOOP ( 'NONE', ( #840, #1114, #1399, #1548 ) ) ;
#420 = ORIENTED_EDGE ( 'NONE', *, *, #465, .F. ) ;
#421 = EDGE_CURVE ( 'NONE', #1657, #2289, #446, .T. ) ;
#422 = EDGE_CURVE ( 'NONE', #1735, #1707, #1768, .T. ) ;
#423 = FACE_OUTER_BOUND ( 'NONE', #965, .T. ) ;
#424 = DIRECTION ( 'NONE',  ( 0.000000000000000000, 0.000000000000000000, -1.000000000000000000 ) ) ;
#425 = DIRECTION ( 'NONE',  ( 0.000000000000000000, -0.000000000000000000, 1.000000000000000000 ) ) ;
#426 = ORIENTED_EDGE ( 'NONE', *, *, #750, .F. ) ;
#427 = DIRECTION ( 'NONE',  ( 0.000000000000000000, -0.000000000000000000, 1.000000000000000000 ) ) ;
#428 = LINE ( 'NONE', #1144, #1889 ) ;
#429 = DIRECTION ( 'NONE',  ( 0.000000000000000000, 0.000000000000000000, -1.000000000000000000 ) ) ;
#430 = VECTOR ( 'NONE', #1516, 1000.000000000000000 ) ;
#431 = EDGE_LOOP ( 'NONE', ( #400, #1426, #1671, #1736, #74, #406, #239, #1835, #1980, #961, #165, #674 ) ) ;
#432 = ORIENTED_EDGE ( 'NONE', *, *, #1293, .F. ) ;
#433 = DIRECTION ( 'NONE',  ( 1.000000000000000000, 0.000000000000000000, 0.000000000000000000 ) ) ;
#434 = CARTESIAN_POINT ( 'NONE',  ( 34.00000000000000000, 15.00000000000000000, 4.000000000000000000 ) ) ;
#435 = DIRECTION ( 'NONE',  ( 0.000000000000000000, 0.000000000000000000, -1.000000000000000000 ) ) ;
#436 = EDGE_LOOP ( 'NONE', ( #1925, #304, #79, #1625 ) ) ;
#437 = VECTOR ( 'NONE', #36, 1000.000000000000000 ) ;
#438 = DIRECTION ( 'NONE',  ( -0.000000000000000000, -1.000000000000000000, -0.000000000000000000 ) ) ;
#439 = DIRECTION ( 'NONE',  ( -0.000000000000000000, -1.000000000000000000, -0.000000000000000000 ) ) ;
#440 = EDGE_LOOP ( 'NONE', ( #329, #2194, #1547, #2172 ) ) ;
#441 = FACE_BOUND ( 'NONE', #1692, .T. ) ;
#442 = EDGE_CURVE ( 'NONE', #1497, #1009, #810, .T. ) ;
#443 = ORIENTED_EDGE ( 'NONE', *, *, #678, .T. ) ;
#444 = ORIENTED_EDGE ( 'NONE', *, *, #950, .T. ) ;
#445 = CIRCLE ( 'NONE', #663, 1.299999999999995604 ) ;
#446 = LINE ( 'NONE', #1712, #1267 ) ;
#447 = DIRECTION ( 'NONE',  ( 0.000000000000000000, 0.000000000000000000, -1.000000000000000000 ) ) ;
#448 = CYLINDRICAL_SURFACE ( 'NONE', #614, 1.150000000000000799 ) ;
#449 = ORIENTED_EDGE ( 'NONE', *, *, #413, .T. ) ;
#450 = CARTESIAN_POINT ( 'NONE',  ( 0.000000000000000000, -7.000000000000000000, 0.000000000000000000 ) ) ;
#451 = DIRECTION ( 'NONE',  ( 0.000000000000000000, 0.000000000000000000, -1.000000000000000000 ) ) ;
#452 = CARTESIAN_POINT ( 'NONE',  ( 8.150000000000000355, 2.100000000000000977, -1.649999999999999911 ) ) ;
#453 = VERTEX_POINT ( 'NONE', #1911 ) ;
#454 = EDGE_CURVE ( 'NONE', #1159, #1323, #1538, .T. ) ;
#455 = VERTEX_POINT ( 'NONE', #305 ) ;
#456 = DIRECTION ( 'NONE',  ( -1.000000000000000000, 0.000000000000000000, 0.000000000000000000 ) ) ;
#457 = CIRCLE ( 'NONE', #931, 4.000000000000000000 ) ;
#458 = LINE ( 'NONE', #1715, #1029 ) ;
#459 = ORIENTED_EDGE ( 'NONE', *, *, #1140, .F. ) ;
#460 = CARTESIAN_POINT ( 'NONE',  ( -8.150000000000000355, 0.000000000000000000, 0.000000000000000000 ) ) ;
#461 = CARTESIAN_POINT ( 'NONE',  ( 8.150000000000000355, -2.100000000000000977, 0.000000000000000000 ) ) ;
#462 = EDGE_LOOP ( 'NONE', ( #444, #1468, #164, #2102 ) ) ;
#463 = AXIS2_PLACEMENT_3D ( 'NONE', #587, #1821, #918 ) ;
#464 = ADVANCED_FACE ( 'NONE', ( #1006 ), #1561, .F. ) ;
#465 = EDGE_CURVE ( 'NONE', #492, #2123, #2070, .T. ) ;
#466 = CARTESIAN_POINT ( 'NONE',  ( -8.150000000000000355, 7.000000000000000000, 4.000000000000000000 ) ) ;
#467 = EDGE_LOOP ( 'NONE', ( #1720, #1199 ) ) ;
#468 = ORIENTED_EDGE ( 'NONE', *, *, #1419, .T. ) ;
#469 = DIRECTION ( 'NONE',  ( 0.000000000000000000, 0.000000000000000000, -1.000000000000000000 ) ) ;
#470 = VECTOR ( 'NONE', #1762, 1000.000000000000000 ) ;
#471 = CARTESIAN_POINT ( 'NONE',  ( 7.000000000000000000, -7.000000000000000000, 8.000000000000000000 ) ) ;
#472 = ORIENTED_EDGE ( 'NONE', *, *, #1395, .T. ) ;
#473 = CARTESIAN_POINT ( 'NONE',  ( 0.000000000000000000, 8.150000000000000355, 0.000000000000000000 ) ) ;
#474 = ORIENTED_EDGE ( 'NONE', *, *, #245, .T. ) ;
#475 = VECTOR ( 'NONE', #27, 1000.000000000000000 ) ;
#476 = VECTOR ( 'NONE', #2183, 1000.000000000000000 ) ;
#477 = DIRECTION ( 'NONE',  ( 0.000000000000000000, 0.000000000000000000, -1.000000000000000000 ) ) ;
#478 = EDGE_CURVE ( 'NONE', #802, #609, #1876, .T. ) ;
#479 = ORIENTED_EDGE ( 'NONE', *, *, #742, .T. ) ;
#480 = VERTEX_POINT ( 'NONE', #1725 ) ;
#481 = APPROVAL ( #1214, 'UNSPECIFIED' ) ;
#482 = CARTESIAN_POINT ( 'NONE',  ( 2.100000000000000089, -8.150000000000000355, 0.000000000000000000 ) ) ;
#483 = AXIS2_PLACEMENT_3D ( 'NONE', #1605, #338, #2322 ) ;
#484 = VECTOR ( 'NONE', #21, 1000.000000000000000 ) ;
#485 = DIRECTION ( 'NONE',  ( -1.000000000000000000, 0.000000000000000000, 0.000000000000000000 ) ) ;
#486 = ORIENTED_EDGE ( 'NONE', *, *, #158, .T. ) ;
#487 = FACE_OUTER_BOUND ( 'NONE', #1958, .T. ) ;
#488 = ADVANCED_FACE ( 'NONE', ( #147 ), #2126, .F. ) ;
#489 = VERTEX_POINT ( 'NONE', #1933 ) ;
#490 = LINE ( 'NONE', #1238, #896 ) ;
#491 = DIRECTION ( 'NONE',  ( 0.000000000000000000, 1.000000000000000000, -0.000000000000000000 ) ) ;
#492 = VERTEX_POINT ( 'NONE', #853 ) ;
#493 = CARTESIAN_POINT ( 'NONE',  ( 7.000000000000000000, 8.572527594031473190E-16, 4.000000000000000000 ) ) ;
#494 = EDGE_CURVE ( 'NONE', #1247, #1783, #327, .T. ) ;
#495 = EDGE_CURVE ( 'NONE', #2098, #2148, #1612, .T. ) ;
#496 = LINE ( 'NONE', #1902, #1380 ) ;
#497 = VERTEX_POINT ( 'NONE', #682 ) ;
#498 = DIRECTION ( 'NONE',  ( -1.000000000000000000, 0.000000000000000000, 0.000000000000000000 ) ) ;
#499 = PLANE ( 'NONE',  #1626 ) ;
#500 = ORIENTED_EDGE ( 'NONE', *, *, #1474, .T. ) ;
#501 = DIRECTION ( 'NONE',  ( 1.000000000000000000, 0.000000000000000000, 0.000000000000000000 ) ) ;
#502 = AXIS2_PLACEMENT_3D ( 'NONE', #99, #1881, #781 ) ;
#503 = CIRCLE ( 'NONE', #2116, 2.100000000000000089 ) ;
#504 = DIRECTION ( 'NONE',  ( -0.000000000000000000, -0.000000000000000000, -1.000000000000000000 ) ) ;
#505 = CARTESIAN_POINT ( 'NONE',  ( 0.000000000000000000, 0.000000000000000000, 8.000000000000000000 ) ) ;
#506 = AXIS2_PLACEMENT_3D ( 'NONE', #1476, #2225, #1719 ) ;
#507 = CC_DESIGN_APPROVAL ( #1265, ( #386 ) ) ;
#508 = FACE_OUTER_BOUND ( 'NONE', #2284, .T. ) ;
#509 = ADVANCED_FACE ( 'NONE', ( #1032 ), #843, .F. ) ;
#510 = EDGE_LOOP ( 'NONE', ( #1732, #1724, #820, #1580 ) ) ;
#511 = CARTESIAN_POINT ( 'NONE',  ( 8.150000000000000355, 7.000000000000000000, -1.650000000000000355 ) ) ;
#512 = ORIENTED_EDGE ( 'NONE', *, *, #1240, .T. ) ;
#513 = FACE_BOUND ( 'NONE', #1330, .T. ) ;
#514 = DIRECTION ( 'NONE',  ( 1.000000000000000000, 0.000000000000000000, 0.000000000000000000 ) ) ;
#515 = EDGE_CURVE ( 'NONE', #1702, #1885, #1748, .T. ) ;
#516 = FACE_OUTER_BOUND ( 'NONE', #1290, .T. ) ;
#517 = VECTOR ( 'NONE', #2140, 1000.000000000000000 ) ;
#518 = DIRECTION ( 'NONE',  ( 0.000000000000000000, 0.000000000000000000, -1.000000000000000000 ) ) ;
#519 = ORIENTED_EDGE ( 'NONE', *, *, #1425, .F. ) ;
#520 = ADVANCED_FACE ( 'NONE', ( #179 ), #355, .F. ) ;
#521 = EDGE_CURVE ( 'NONE', #609, #802, #844, .T. ) ;
#522 = FACE_OUTER_BOUND ( 'NONE', #1709, .T. ) ;
#523 = VECTOR ( 'NONE', #429, 1000.000000000000000 ) ;
#524 = LINE ( 'NONE', #157, #662 ) ;
#525 = EDGE_CURVE ( 'NONE', #1985, #1576, #362, .T. ) ;
#526 = CARTESIAN_POINT ( 'NONE',  ( 26.00000000000000000, 15.00000000000000000, 4.000000000000000000 ) ) ;
#527 = APPROVAL_DATE_TIME ( #1955, #194 ) ;
#528 = DIRECTION ( 'NONE',  ( 0.000000000000000000, 0.000000000000000000, -1.000000000000000000 ) ) ;
#529 = ORIENTED_EDGE ( 'NONE', *, *, #26, .F. ) ;
#530 = ORIENTED_EDGE ( 'NONE', *, *, #1140, .T. ) ;
#531 = DIRECTION ( 'NONE',  ( 1.000000000000000000, 0.000000000000000000, -0.000000000000000000 ) ) ;
#532 = DIRECTION ( 'NONE',  ( -0.000000000000000000, -0.000000000000000000, -1.000000000000000000 ) ) ;
#533 = LINE ( 'NONE', #1623, #1826 ) ;
#534 = DIRECTION ( 'NONE',  ( -0.000000000000000000, -0.000000000000000000, -1.000000000000000000 ) ) ;
#535 = VECTOR ( 'NONE', #491, 1000.000000000000000 ) ;
#536 = ORIENTED_EDGE ( 'NONE', *, *, #1463, .T. ) ;
#537 = CARTESIAN_POINT ( 'NONE',  ( 2.100000000000000089, 8.150000000000000355, 0.000000000000000000 ) ) ;
#538 = DIRECTION ( 'NONE',  ( -0.000000000000000000, -0.000000000000000000, -1.000000000000000000 ) ) ;
#539 = EDGE_CURVE ( 'NONE', #2213, #1489, #956, .T. ) ;
#540 = DIRECTION ( 'NONE',  ( 0.000000000000000000, 1.000000000000000000, 0.000000000000000000 ) ) ;
#541 = PERSON_AND_ORGANIZATION ( #235, #1025 ) ;
#542 = DIRECTION ( 'NONE',  ( 0.000000000000000000, 0.000000000000000000, 1.000000000000000000 ) ) ;
#543 = ORIENTED_EDGE ( 'NONE', *, *, #2299, .F. ) ;
#544 = AXIS2_PLACEMENT_3D ( 'NONE', #347, #1053, #1777 ) ;
#545 = AXIS2_PLACEMENT_3D ( 'NONE', #471, #1211, #1562 ) ;
#546 = CARTESIAN_POINT ( 'NONE',  ( -8.150000000000000355, -7.000000000000000000, 4.000000000000000000 ) ) ;
#547 = PLANE ( 'NONE',  #1447 ) ;
#548 = CARTESIAN_POINT ( 'NONE',  ( 7.000000000000000000, -7.000000000000000000, 4.000000000000000000 ) ) ;
#549 = EDGE_LOOP ( 'NONE', ( #1337, #420 ) ) ;
#550 = DIRECTION ( 'NONE',  ( 0.000000000000000000, 0.000000000000000000, -1.000000000000000000 ) ) ;
#551 = DIRECTION ( 'NONE',  ( 0.000000000000000000, -0.000000000000000000, -1.000000000000000000 ) ) ;
#552 = EDGE_CURVE ( 'NONE', #613, #1817, #2165, .T. ) ;
#553 = EDGE_CURVE ( 'NONE', #1482, #1368, #1065, .T. ) ;
#554 = EDGE_CURVE ( 'NONE', #1145, #1202, #524, .T. ) ;
#555 = DIRECTION ( 'NONE',  ( 0.000000000000000000, 0.000000000000000000, 1.000000000000000000 ) ) ;
#556 = ORIENTED_EDGE ( 'NONE', *, *, #950, .F. ) ;
#557 = ADVANCED_FACE ( 'NONE', ( #1785, #1952 ), #700, .T. ) ;
#558 = DIRECTION ( 'NONE',  ( 1.000000000000000000, 0.000000000000000000, 0.000000000000000000 ) ) ;
#559 = DIRECTION ( 'NONE',  ( -1.000000000000000000, 0.000000000000000000, 0.000000000000000000 ) ) ;
#560 = DIRECTION ( 'NONE',  ( 0.000000000000000000, 0.000000000000000000, 1.000000000000000000 ) ) ;
#561 = EDGE_CURVE ( 'NONE', #279, #709, #692, .T. ) ;
#562 = ORIENTED_EDGE ( 'NONE', *, *, #495, .T. ) ;
#563 = CYLINDRICAL_SURFACE ( 'NONE', #295, 1.299999999999995604 ) ;
#564 = DIRECTION ( 'NONE',  ( 0.000000000000000000, 0.000000000000000000, 1.000000000000000000 ) ) ;
#565 = VECTOR ( 'NONE', #670, 1000.000000000000000 ) ;
#566 = CIRCLE ( 'NONE', #380, 1.150000000000000799 ) ;
#567 = CARTESIAN_POINT ( 'NONE',  ( 37.29999999999999716, 30.00000000000000000, 0.000000000000000000 ) ) ;
#568 = EDGE_CURVE ( 'NONE', #1577, #1010, #1252, .T. ) ;
#569 = ORIENTED_EDGE ( 'NONE', *, *, #1880, .T. ) ;
#570 = CIRCLE ( 'NONE', #1809, 2.100000000000000089 ) ;
#571 = AXIS2_PLACEMENT_3D ( 'NONE', #313, #937, #977 ) ;
#572 = LINE ( 'NONE', #929, #1597 ) ;
#573 = DIRECTION ( 'NONE',  ( 0.000000000000000000, 0.000000000000000000, 1.000000000000000000 ) ) ;
#574 = DIRECTION ( 'NONE',  ( -0.000000000000000000, -0.000000000000000000, -1.000000000000000000 ) ) ;
#575 = ORIENTED_EDGE ( 'NONE', *, *, #2157, .F. ) ;
#576 = CARTESIAN_POINT ( 'NONE',  ( 8.150000000000000355, 2.100000000000000977, 0.000000000000000000 ) ) ;
#577 = EDGE_CURVE ( 'NONE', #480, #2325, #2094, .T. ) ;
#578 = DIRECTION ( 'NONE',  ( 0.000000000000000000, 0.000000000000000000, -1.000000000000000000 ) ) ;
#579 = VECTOR ( 'NONE', #219, 1000.000000000000000 ) ;
#580 = CIRCLE ( 'NONE', #2240, 1.149999999999999911 ) ;
#581 = FACE_OUTER_BOUND ( 'NONE', #1096, .T. ) ;
#582 = ORIENTED_EDGE ( 'NONE', *, *, #1301, .F. ) ;
#583 = CARTESIAN_POINT ( 'NONE',  ( 27.00000000000000000, -7.000000000000000000, 0.000000000000000000 ) ) ;
#584 = EDGE_CURVE ( 'NONE', #2083, #1310, #1861, .T. ) ;
#585 = AXIS2_PLACEMENT_3D ( 'NONE', #2000, #599, #433 ) ;
#586 = CARTESIAN_POINT ( 'NONE',  ( -7.000000000000000000, -7.000000000000000000, 8.000000000000000000 ) ) ;
#587 = CARTESIAN_POINT ( 'NONE',  ( 0.000000000000000000, 0.000000000000000000, 0.000000000000000000 ) ) ;
#588 = VECTOR ( 'NONE', #1304, 1000.000000000000000 ) ;
#589 = VERTEX_POINT ( 'NONE', #314 ) ;
#590 = FACE_OUTER_BOUND ( 'NONE', #1481, .T. ) ;
#591 = CARTESIAN_POINT ( 'NONE',  ( -3.404408906109840149, -2.100000000000000089, 0.000000000000000000 ) ) ;
#592 = CARTESIAN_POINT ( 'NONE',  ( -2.100000000000000089, -8.150000000000000355, -1.649999999999999911 ) ) ;
#593 = ORIENTED_EDGE ( 'NONE', *, *, #172, .F. ) ;
#594 = CARTESIAN_POINT ( 'NONE',  ( -8.150000000000000355, -2.100000000000000089, 0.000000000000000000 ) ) ;
#595 = PLANE ( 'NONE',  #985 ) ;
#596 = DIRECTION ( 'NONE',  ( 0.000000000000000000, 0.000000000000000000, -1.000000000000000000 ) ) ;
#597 = EDGE_LOOP ( 'NONE', ( #1314, #443, #1150, #1658 ) ) ;
#598 = ORIENTED_EDGE ( 'NONE', *, *, #553, .T. ) ;
#599 = DIRECTION ( 'NONE',  ( 0.000000000000000000, 0.000000000000000000, 1.000000000000000000 ) ) ;
#600 = CARTESIAN_POINT ( 'NONE',  ( 63.70000000000000995, 30.00000000000000000, 0.000000000000000000 ) ) ;
#601 = DIRECTION ( 'NONE',  ( 0.000000000000000000, 0.000000000000000000, -1.000000000000000000 ) ) ;
#602 = ORIENTED_EDGE ( 'NONE', *, *, #864, .F. ) ;
#603 = CARTESIAN_POINT ( 'NONE',  ( 26.00000000000000000, 0.000000000000000000, 4.000000000000000000 ) ) ;
#604 = DIRECTION ( 'NONE',  ( 0.000000000000000000, 0.000000000000000000, -1.000000000000000000 ) ) ;
#605 = ORIENTED_EDGE ( 'NONE', *, *, #2188, .T. ) ;
#606 = AXIS2_PLACEMENT_3D ( 'NONE', #997, #2211, #953 ) ;
#607 = FACE_OUTER_BOUND ( 'NONE', #1894, .T. ) ;
#608 = VERTEX_POINT ( 'NONE', #1452 ) ;
#609 = VERTEX_POINT ( 'NONE', #1628 ) ;
#610 = CARTESIAN_POINT ( 'NONE',  ( -8.150000000000000355, 0.000000000000000000, 0.000000000000000000 ) ) ;
#611 = CARTESIAN_POINT ( 'NONE',  ( 38.60000000000000142, 0.000000000000000000, 0.000000000000000000 ) ) ;
#612 = DIRECTION ( 'NONE',  ( -0.000000000000000000, -0.000000000000000000, -1.000000000000000000 ) ) ;
#613 = VERTEX_POINT ( 'NONE', #755 ) ;
#614 = AXIS2_PLACEMENT_3D ( 'NONE', #980, #104, #92 ) ;
#615 = LINE ( 'NONE', #1531, #1661 ) ;
#616 = CARTESIAN_POINT ( 'NONE',  ( 38.60000000000000142, 36.50000000000000000, 0.000000000000000000 ) ) ;
#617 = ORIENTED_EDGE ( 'NONE', *, *, #26, .T. ) ;
#618 = LINE ( 'NONE', #1342, #523 ) ;
#619 = ORIENTED_EDGE ( 'NONE', *, *, #988, .F. ) ;
#620 = EDGE_LOOP ( 'NONE', ( #1344, #605, #101, #2193 ) ) ;
#621 = VECTOR ( 'NONE', #424, 1000.000000000000000 ) ;
#622 = DIRECTION ( 'NONE',  ( 1.000000000000000000, 0.000000000000000000, -0.000000000000000000 ) ) ;
#623 = CARTESIAN_POINT ( 'NONE',  ( 26.00000000000000000, 0.000000000000000000, 0.000000000000000000 ) ) ;
#624 = FACE_OUTER_BOUND ( 'NONE', #1868, .T. ) ;
#625 = ADVANCED_FACE ( 'NONE', ( #184 ), #547, .T. ) ;
#626 = ORIENTED_EDGE ( 'NONE', *, *, #1583, .F. ) ;
#627 = ADVANCED_FACE ( 'NONE', ( #1441 ), #2175, .T. ) ;
#628 = LINE ( 'NONE', #603, #1132 ) ;
#629 = CARTESIAN_POINT ( 'NONE',  ( 71.89999999999999147, -13.50000000000000000, 4.000000000000000000 ) ) ;
#630 = EDGE_LOOP ( 'NONE', ( #130, #1530 ) ) ;
#631 = EDGE_CURVE ( 'NONE', #2142, #480, #2164, .T. ) ;
#632 = CARTESIAN_POINT ( 'NONE',  ( 58.00000000000000000, 23.49999999999999645, 4.000000000000000888 ) ) ;
#633 = EDGE_LOOP ( 'NONE', ( #1788, #1897, #669, #2256 ) ) ;
#634 = ORIENTED_EDGE ( 'NONE', *, *, #1419, .F. ) ;
#635 = CARTESIAN_POINT ( 'NONE',  ( 0.000000000000000000, 0.000000000000000000, -1.649999999999999911 ) ) ;
#636 = ADVANCED_FACE ( 'NONE', ( #403 ), #2215, .T. ) ;
#637 = AXIS2_PLACEMENT_3D ( 'NONE', #610, #469, #1200 ) ;
#638 = CARTESIAN_POINT ( 'NONE',  ( 36.00000000000000000, 30.00000000000000000, 4.000000000000003553 ) ) ;
#639 = VERTEX_POINT ( 'NONE', #17 ) ;
#640 = ADVANCED_FACE ( 'NONE', ( #1983 ), #770, .F. ) ;
#641 = LINE ( 'NONE', #1036, #470 ) ;
#642 = PLANE ( 'NONE',  #281 ) ;
#643 = EDGE_LOOP ( 'NONE', ( #2049, #1136, #263, #791 ) ) ;
#644 = CARTESIAN_POINT ( 'NONE',  ( 63.70000000000000995, 30.00000000000000000, 4.000000000000003553 ) ) ;
#645 = ORIENTED_EDGE ( 'NONE', *, *, #2085, .T. ) ;
#646 = EDGE_LOOP ( 'NONE', ( #1645, #562, #223, #1350 ) ) ;
#647 = CARTESIAN_POINT ( 'NONE',  ( 78.00000000000000000, -16.00000000000000000, 0.000000000000000000 ) ) ;
#648 = EDGE_CURVE ( 'NONE', #1424, #887, #1038, .T. ) ;
#649 = LINE ( 'NONE', #339, #1183 ) ;
#650 = EDGE_LOOP ( 'NONE', ( #1634, #1782 ) ) ;
#651 = VERTEX_POINT ( 'NONE', #1086 ) ;
#652 =( NAMED_UNIT ( * ) PLANE_ANGLE_UNIT ( ) SI_UNIT ( $, .RADIAN. ) );
#653 = CARTESIAN_POINT ( 'NONE',  ( 66.29999999999999716, 30.00000000000000000, 4.000000000000003553 ) ) ;
#654 = VERTEX_POINT ( 'NONE', #221 ) ;
#655 = CIRCLE ( 'NONE', #690, 1.100000000000003642 ) ;
#656 = PLANE ( 'NONE',  #1508 ) ;
#657 = ADVANCED_FACE ( 'NONE', ( #1643 ), #417, .F. ) ;
#658 = ADVANCED_FACE ( 'NONE', ( #2010 ), #195, .F. ) ;
#659 = ORIENTED_EDGE ( 'NONE', *, *, #999, .T. ) ;
#660 = ORIENTED_EDGE ( 'NONE', *, *, #1819, .T. ) ;
#661 = DIRECTION ( 'NONE',  ( -0.000000000000000000, -0.000000000000000000, -1.000000000000000000 ) ) ;
#662 = VECTOR ( 'NONE', #863, 1000.000000000000000 ) ;
#663 = AXIS2_PLACEMENT_3D ( 'NONE', #2078, #1386, #2105 ) ;
#664 = AXIS2_PLACEMENT_3D ( 'NONE', #62, #1858, #1598 ) ;
#665 = DIRECTION ( 'NONE',  ( -1.000000000000000000, 0.000000000000000000, 0.000000000000000000 ) ) ;
#666 = EDGE_LOOP ( 'NONE', ( #2159, #2273, #1507, #697, #1455, #472 ) ) ;
#667 = ORIENTED_EDGE ( 'NONE', *, *, #388, .T. ) ;
#668 = DIRECTION ( 'NONE',  ( 0.000000000000000000, -1.000000000000000000, 0.000000000000000000 ) ) ;
#669 = ORIENTED_EDGE ( 'NONE', *, *, #2158, .T. ) ;
#670 = DIRECTION ( 'NONE',  ( -0.000000000000000000, -0.000000000000000000, -1.000000000000000000 ) ) ;
#671 = CARTESIAN_POINT ( 'NONE',  ( 0.000000000000000000, -7.000000000000000000, 4.000000000000000000 ) ) ;
#672 = DIRECTION ( 'NONE',  ( 0.000000000000000000, 0.000000000000000000, 1.000000000000000000 ) ) ;
#673 = CARTESIAN_POINT ( 'NONE',  ( -7.000000000000000000, 7.000000000000000000, 4.000000000000000000 ) ) ;
#674 = ORIENTED_EDGE ( 'NONE', *, *, #1303, .T. ) ;
#675 = DATE_AND_TIME ( #2291, #866 ) ;
#676 = LINE ( 'NONE', #1390, #385 ) ;
#677 = EDGE_LOOP ( 'NONE', ( #705, #754, #1537, #746 ) ) ;
#678 = EDGE_CURVE ( 'NONE', #1009, #994, #1272, .T. ) ;
#679 = CARTESIAN_POINT ( 'NONE',  ( 78.00000000000000000, -16.00000000000000000, 4.000000000000000000 ) ) ;
#680 = VECTOR ( 'NONE', #501, 1000.000000000000000 ) ;
#681 = CIRCLE ( 'NONE', #1770, 1.150000000000000799 ) ;
#682 = CARTESIAN_POINT ( 'NONE',  ( 2.100000000000000089, 3.404408906109841038, 0.000000000000000000 ) ) ;
#683 = AXIS2_PLACEMENT_3D ( 'NONE', #2283, #1225, #2304 ) ;
#684 = VECTOR ( 'NONE', #1393, 1000.000000000000000 ) ;
#685 = DIRECTION ( 'NONE',  ( 0.000000000000000000, -0.000000000000000000, 1.000000000000000000 ) ) ;
#686 = ORIENTED_EDGE ( 'NONE', *, *, #1687, .T. ) ;
#687 = PLANE ( 'NONE',  #1334 ) ;
#688 = EDGE_LOOP ( 'NONE', ( #2293, #2301, #1316, #2177 ) ) ;
#689 = CARTESIAN_POINT ( 'NONE',  ( 57.00000000000000000, -13.50000000000000000, 0.000000000000000000 ) ) ;
#690 = AXIS2_PLACEMENT_3D ( 'NONE', #753, #205, #1299 ) ;
#691 = VECTOR ( 'NONE', #2152, 1000.000000000000000 ) ;
#692 = LINE ( 'NONE', #1418, #1379 ) ;
#693 = CARTESIAN_POINT ( 'NONE',  ( 58.00000000000000000, 23.50000000000000000, 4.000000000000000888 ) ) ;
#694 = AXIS2_PLACEMENT_3D ( 'NONE', #2196, #1470, #1348 ) ;
#695 = DIRECTION ( 'NONE',  ( -0.000000000000000000, -0.000000000000000000, -1.000000000000000000 ) ) ;
#696 = EDGE_LOOP ( 'NONE', ( #1362, #1551, #945, #1256 ) ) ;
#697 = ORIENTED_EDGE ( 'NONE', *, *, #2143, .F. ) ;
#698 = LINE ( 'NONE', #2112, #379 ) ;
#699 = AXIS2_PLACEMENT_3D ( 'NONE', #111, #477, #276 ) ;
#700 = PLANE ( 'NONE',  #1570 ) ;
#701 = ORIENTED_EDGE ( 'NONE', *, *, #2174, .F. ) ;
#702 = PLANE ( 'NONE',  #1341 ) ;
#703 = PERSON_AND_ORGANIZATION ( #235, #1025 ) ;
#704 = CARTESIAN_POINT ( 'NONE',  ( 34.00000000000000000, 7.000000000000000000, 4.000000000000000000 ) ) ;
#705 = ORIENTED_EDGE ( 'NONE', *, *, #1590, .T. ) ;
#706 = ADVANCED_FACE ( 'NONE', ( #1478 ), #206, .T. ) ;
#707 = CYLINDRICAL_SURFACE ( 'NONE', #289, 2.100000000000000089 ) ;
#708 = DIRECTION ( 'NONE',  ( 0.000000000000000000, 0.000000000000000000, -1.000000000000000000 ) ) ;
#709 = VERTEX_POINT ( 'NONE', #917 ) ;
#710 = ORIENTED_EDGE ( 'NONE', *, *, #2131, .T. ) ;
#711 = DIRECTION ( 'NONE',  ( -1.000000000000000000, 0.000000000000000000, 0.000000000000000000 ) ) ;
#712 = COORDINATED_UNIVERSAL_TIME_OFFSET ( 6, 0, .BEHIND. ) ;
#713 = CARTESIAN_POINT ( 'NONE',  ( -5.850000000000000533, -7.000000000000000000, 4.000000000000000000 ) ) ;
#714 = CIRCLE ( 'NONE', #163, 4.000000000000000000 ) ;
#715 = VERTEX_POINT ( 'NONE', #932 ) ;
#716 = FACE_OUTER_BOUND ( 'NONE', #1151, .T. ) ;
#717 = DIRECTION ( 'NONE',  ( 0.000000000000000000, 0.000000000000000000, 1.000000000000000000 ) ) ;
#718 = EDGE_CURVE ( 'NONE', #1328, #872, #216, .T. ) ;
#719 = EDGE_CURVE ( 'NONE', #709, #322, #2202, .T. ) ;
#720 = VECTOR ( 'NONE', #1675, 1000.000000000000000 ) ;
#721 = CARTESIAN_POINT ( 'NONE',  ( -7.000000000000000000, 0.000000000000000000, 8.000000000000000000 ) ) ;
#722 = VERTEX_POINT ( 'NONE', #2024 ) ;
#723 = CARTESIAN_POINT ( 'NONE',  ( -2.100000000000000089, 3.404408906109840149, 0.000000000000000000 ) ) ;
#724 = CARTESIAN_POINT ( 'NONE',  ( 30.00000000000000000, -11.00000000000000000, 4.000000000000000000 ) ) ;
#725 = EDGE_CURVE ( 'NONE', #2098, #1822, #1844, .T. ) ;
#726 = DIRECTION ( 'NONE',  ( 0.000000000000000000, 0.000000000000000000, -1.000000000000000000 ) ) ;
#727 = ORIENTED_EDGE ( 'NONE', *, *, #1070, .T. ) ;
#728 = CIRCLE ( 'NONE', #2321, 1.099999999999996758 ) ;
#729 = CARTESIAN_POINT ( 'NONE',  ( 71.89999999999999147, -13.50000000000000000, 8.000000000000000000 ) ) ;
#730 = CARTESIAN_POINT ( 'NONE',  ( -8.150000000000000355, 0.000000000000000000, 0.000000000000000000 ) ) ;
#731 = AXIS2_PLACEMENT_3D ( 'NONE', #1820, #1655, #1110 ) ;
#732 = CARTESIAN_POINT ( 'NONE',  ( 0.000000000000000000, 0.000000000000000000, -1.649999999999999911 ) ) ;
#733 = ORIENTED_EDGE ( 'NONE', *, *, #96, .F. ) ;
#734 = ORIENTED_EDGE ( 'NONE', *, *, #210, .F. ) ;
#735 = ADVANCED_FACE ( 'NONE', ( #1669 ), #366, .F. ) ;
#736 = DIRECTION ( 'NONE',  ( 1.000000000000000000, -0.000000000000000000, 0.000000000000000000 ) ) ;
#737 = DIRECTION ( 'NONE',  ( -1.000000000000000000, -0.000000000000000000, -0.000000000000000000 ) ) ;
#738 = LINE ( 'NONE', #382, #437 ) ;
#739 = VERTEX_POINT ( 'NONE', #2063 ) ;
#740 = CARTESIAN_POINT ( 'NONE',  ( -8.150000000000000355, 2.100000000000000089, -1.649999999999999911 ) ) ;
#741 = AXIS2_PLACEMENT_3D ( 'NONE', #1870, #797, #102 ) ;
#742 = EDGE_CURVE ( 'NONE', #1817, #2318, #1329, .T. ) ;
#743 = DIRECTION ( 'NONE',  ( -1.000000000000000000, 0.000000000000000000, 0.000000000000000000 ) ) ;
#744 = CARTESIAN_POINT ( 'NONE',  ( 26.00000000000000000, 41.00000000000000000, 4.000000000000000000 ) ) ;
#745 = ORIENTED_EDGE ( 'NONE', *, *, #495, .F. ) ;
#746 = ORIENTED_EDGE ( 'NONE', *, *, #1569, .F. ) ;
#747 = CARTESIAN_POINT ( 'NONE',  ( 0.000000000000000000, 7.000000000000000000, 0.000000000000000000 ) ) ;
#748 = CARTESIAN_POINT ( 'NONE',  ( 8.150000000000000355, -7.000000000000000000, 4.000000000000000000 ) ) ;
#749 = CARTESIAN_POINT ( 'NONE',  ( 62.39999999999999858, 27.00000000000000000, 4.000000000000000888 ) ) ;
#750 = EDGE_CURVE ( 'NONE', #1482, #1184, #2047, .T. ) ;
#751 = EDGE_LOOP ( 'NONE', ( #246, #1121, #1305, #710 ) ) ;
#752 = AXIS2_PLACEMENT_3D ( 'NONE', #1194, #1916, #309 ) ;
#753 = CARTESIAN_POINT ( 'NONE',  ( 73.00000000000000000, -13.50000000000000000, 4.000000000000000000 ) ) ;
#754 = ORIENTED_EDGE ( 'NONE', *, *, #881, .T. ) ;
#755 = CARTESIAN_POINT ( 'NONE',  ( 3.404408906109840149, 2.100000000000000089, -1.649999999999999911 ) ) ;
#756 = DIRECTION ( 'NONE',  ( 0.000000000000000000, 0.000000000000000000, -1.000000000000000000 ) ) ;
#757 = EDGE_LOOP ( 'NONE', ( #2249, #1306 ) ) ;
#758 = EDGE_LOOP ( 'NONE', ( #619, #927 ) ) ;
#759 = LINE ( 'NONE', #1483, #2207 ) ;
#760 = LINE ( 'NONE', #1838, #61 ) ;
#761 = VECTOR ( 'NONE', #5, 1000.000000000000000 ) ;
#762 = ADVANCED_BREP_SHAPE_REPRESENTATION ( 'ARM-102_Forearm_and_fixed_jaw', ( #1521, #752 ), #192 ) ;
#763 = AXIS2_PLACEMENT_3D ( 'NONE', #1106, #1624, #1255 ) ;
#764 = LINE ( 'NONE', #592, #2200 ) ;
#765 = VERTEX_POINT ( 'NONE', #452 ) ;
#766 = DIRECTION ( 'NONE',  ( -0.000000000000000000, -1.000000000000000000, -0.000000000000000000 ) ) ;
#767 = CARTESIAN_POINT ( 'NONE',  ( 0.000000000000000000, 7.000000000000000000, 4.000000000000000000 ) ) ;
#768 = ORIENTED_EDGE ( 'NONE', *, *, #750, .T. ) ;
#769 = AXIS2_PLACEMENT_3D ( 'NONE', #774, #241, #2180 ) ;
#770 = CYLINDRICAL_SURFACE ( 'NONE', #1347, 1.150000000000000799 ) ;
#771 = DIRECTION ( 'NONE',  ( 1.000000000000000000, 0.000000000000000000, 0.000000000000000000 ) ) ;
#772 = ORIENTED_EDGE ( 'NONE', *, *, #318, .F. ) ;
#773 = EDGE_LOOP ( 'NONE', ( #50, #2279, #2205, #914 ) ) ;
#774 = CARTESIAN_POINT ( 'NONE',  ( 7.000000000000000000, 7.000000000000000000, 4.000000000000000000 ) ) ;
#775 = LINE ( 'NONE', #2221, #1174 ) ;
#776 = CARTESIAN_POINT ( 'NONE',  ( 10.95445115010332238, 7.000000000000000000, 4.000000000000000000 ) ) ;
#777 = VERTEX_POINT ( 'NONE', #302 ) ;
#778 = FACE_OUTER_BOUND ( 'NONE', #1296, .T. ) ;
#779 = DIRECTION ( 'NONE',  ( 0.000000000000000000, 0.000000000000000000, -1.000000000000000000 ) ) ;
#780 = ORIENTED_EDGE ( 'NONE', *, *, #971, .T. ) ;
#781 = DIRECTION ( 'NONE',  ( -1.000000000000000000, 0.000000000000000000, 0.000000000000000000 ) ) ;
#782 = PRODUCT_DEFINITION ( 'UNKNOWN', '', #386, #1384 ) ;
#783 = ORIENTED_EDGE ( 'NONE', *, *, #1156, .F. ) ;
#784 = FACE_OUTER_BOUND ( 'NONE', #1921, .T. ) ;
#785 = DIRECTION ( 'NONE',  ( 0.000000000000000000, 0.000000000000000000, 1.000000000000000000 ) ) ;
#786 = CIRCLE ( 'NONE', #463, 13.00000000000000000 ) ;
#787 = LINE ( 'NONE', #2067, #875 ) ;
#788 = VERTEX_POINT ( 'NONE', #2241 ) ;
#789 = CARTESIAN_POINT ( 'NONE',  ( 70.00000000000000000, 15.00000000000000000, 0.000000000000000000 ) ) ;
#790 = CARTESIAN_POINT ( 'NONE',  ( 38.60000000000000142, 23.50000000000000000, 4.000000000000000888 ) ) ;
#791 = ORIENTED_EDGE ( 'NONE', *, *, #2134, .T. ) ;
#792 = VECTOR ( 'NONE', #983, 1000.000000000000000 ) ;
#793 = FACE_BOUND ( 'NONE', #2162, .T. ) ;
#794 = ORIENTED_EDGE ( 'NONE', *, *, #2054, .F. ) ;
#795 = ORIENTED_EDGE ( 'NONE', *, *, #1425, .T. ) ;
#796 = ADVANCED_FACE ( 'NONE', ( #1722 ), #1149, .F. ) ;
#797 = DIRECTION ( 'NONE',  ( 0.000000000000000000, 0.000000000000000000, 1.000000000000000000 ) ) ;
#798 = DIRECTION ( 'NONE',  ( -0.000000000000000000, -1.000000000000000000, -0.000000000000000000 ) ) ;
#799 = EDGE_CURVE ( 'NONE', #455, #2178, #2252, .T. ) ;
#800 = CYLINDRICAL_SURFACE ( 'NONE', #1100, 1.300000000000002487 ) ;
#801 = EDGE_CURVE ( 'NONE', #814, #2026, #618, .T. ) ;
#802 = VERTEX_POINT ( 'NONE', #1160 ) ;
#803 = AXIS2_PLACEMENT_3D ( 'NONE', #2132, #321, #1028 ) ;
#804 = FACE_OUTER_BOUND ( 'NONE', #666, .T. ) ;
#805 = CARTESIAN_POINT ( 'NONE',  ( 0.000000000000000000, 8.150000000000000355, 0.000000000000000000 ) ) ;
#806 = ORIENTED_EDGE ( 'NONE', *, *, #1141, .T. ) ;
#807 = FACE_OUTER_BOUND ( 'NONE', #224, .T. ) ;
#808 = ORIENTED_EDGE ( 'NONE', *, *, #1727, .T. ) ;
#809 = ORIENTED_EDGE ( 'NONE', *, *, #421, .F. ) ;
#810 = LINE ( 'NONE', #482, #1356 ) ;
#811 = EDGE_CURVE ( 'NONE', #715, #1066, #1946, .T. ) ;
#812 = LINE ( 'NONE', #229, #1936 ) ;
#813 = AXIS2_PLACEMENT_3D ( 'NONE', #1001, #1355, #120 ) ;
#814 = VERTEX_POINT ( 'NONE', #1546 ) ;
#815 = LINE ( 'NONE', #1892, #7 ) ;
#816 = LINE ( 'NONE', #1517, #90 ) ;
#817 = ORIENTED_EDGE ( 'NONE', *, *, #1484, .T. ) ;
#818 = DIRECTION ( 'NONE',  ( -0.000000000000000000, -0.000000000000000000, -1.000000000000000000 ) ) ;
#819 = EDGE_CURVE ( 'NONE', #1735, #609, #2073, .T. ) ;
#820 = ORIENTED_EDGE ( 'NONE', *, *, #1637, .T. ) ;
#821 = ORIENTED_EDGE ( 'NONE', *, *, #1541, .F. ) ;
#822 = CYLINDRICAL_SURFACE ( 'NONE', #1787, 7.000000000000000000 ) ;
#823 = DIRECTION ( 'NONE',  ( 1.000000000000000000, 0.000000000000000000, 0.000000000000000000 ) ) ;
#824 = FACE_OUTER_BOUND ( 'NONE', #751, .T. ) ;
#825 = ORIENTED_EDGE ( 'NONE', *, *, #553, .F. ) ;
#826 = EDGE_CURVE ( 'NONE', #264, #1274, #1539, .T. ) ;
#827 = CARTESIAN_POINT ( 'NONE',  ( 34.00000000000000000, -16.00000000000000000, 7.000000000000000000 ) ) ;
#828 = ADVANCED_FACE ( 'NONE', ( #807 ), #1535, .F. ) ;
#829 = DIRECTION ( 'NONE',  ( 0.000000000000000000, 1.000000000000000000, 0.000000000000000000 ) ) ;
#830 = EDGE_LOOP ( 'NONE', ( #2072, #817, #974, #935 ) ) ;
#831 = DIRECTION ( 'NONE',  ( 0.000000000000000000, 1.000000000000000000, 0.000000000000000000 ) ) ;
#832 = VERTEX_POINT ( 'NONE', #2253 ) ;
#833 = ORIENTED_EDGE ( 'NONE', *, *, #1913, .T. ) ;
#834 = CARTESIAN_POINT ( 'NONE',  ( 0.000000000000000000, 0.000000000000000000, 6.999999999999999112 ) ) ;
#835 = VECTOR ( 'NONE', #447, 1000.000000000000000 ) ;
#836 = LINE ( 'NONE', #1550, #1071 ) ;
#837 = ORIENTED_EDGE ( 'NONE', *, *, #145, .F. ) ;
#838 = PERSON_AND_ORGANIZATION ( #235, #1025 ) ;
#839 = LINE ( 'NONE', #1565, #396 ) ;
#840 = ORIENTED_EDGE ( 'NONE', *, *, #325, .T. ) ;
#841 = CARTESIAN_POINT ( 'NONE',  ( 10.95445115010332238, -7.000000000000000000, 4.000000000000000000 ) ) ;
#842 = CARTESIAN_POINT ( 'NONE',  ( -7.000000000000000000, -7.000000000000000000, 4.000000000000000000 ) ) ;
#843 = CYLINDRICAL_SURFACE ( 'NONE', #2262, 1.100000000000003642 ) ;
#844 = CIRCLE ( 'NONE', #1972, 13.00000000000000000 ) ;
#845 = AXIS2_PLACEMENT_3D ( 'NONE', #1224, #1738, #1045 ) ;
#846 = LINE ( 'NONE', #1595, #1943 ) ;
#847 = ADVANCED_FACE ( 'NONE', ( #262 ), #2265, .T. ) ;
#848 = VERTEX_POINT ( 'NONE', #632 ) ;
#849 = COORDINATED_UNIVERSAL_TIME_OFFSET ( 6, 0, .BEHIND. ) ;
#850 = CARTESIAN_POINT ( 'NONE',  ( 55.90000000000000568, -13.50000000000000000, 4.000000000000000000 ) ) ;
#851 = ORIENTED_EDGE ( 'NONE', *, *, #1630, .T. ) ;
#852 = LINE ( 'NONE', #679, #978 ) ;
#853 = CARTESIAN_POINT ( 'NONE',  ( 66.29999999999999716, 30.00000000000000000, 0.000000000000000000 ) ) ;
#854 = DIRECTION ( 'NONE',  ( 1.000000000000000000, 0.000000000000000000, 0.000000000000000000 ) ) ;
#855 = VECTOR ( 'NONE', #2257, 1000.000000000000000 ) ;
#856 = EDGE_LOOP ( 'NONE', ( #1723, #1764, #361, #1107 ) ) ;
#857 = APPROVAL_DATE_TIME ( #152, #1265 ) ;
#858 = DIRECTION ( 'NONE',  ( 0.000000000000000000, -0.000000000000000000, -1.000000000000000000 ) ) ;
#859 = VERTEX_POINT ( 'NONE', #466 ) ;
#860 = DIRECTION ( 'NONE',  ( 0.000000000000000000, -0.000000000000000000, 1.000000000000000000 ) ) ;
#861 = VECTOR ( 'NONE', #1377, 1000.000000000000000 ) ;
#862 = CIRCLE ( 'NONE', #1401, 1.099999999999996758 ) ;
#863 = DIRECTION ( 'NONE',  ( 0.000000000000000000, 1.000000000000000000, 0.000000000000000000 ) ) ;
#864 = EDGE_CURVE ( 'NONE', #1039, #14, #1084, .T. ) ;
#865 = VECTOR ( 'NONE', #1532, 1000.000000000000000 ) ;
#866 = LOCAL_TIME ( 16, 52, 54.00000000000000000, #849 ) ;
#867 = EDGE_CURVE ( 'NONE', #872, #2123, #1315, .T. ) ;
#868 = DIRECTION ( 'NONE',  ( 0.000000000000000000, 0.000000000000000000, -1.000000000000000000 ) ) ;
#869 = DATE_AND_TIME ( #1752, #4 ) ;
#870 = DIRECTION ( 'NONE',  ( 1.000000000000000000, 0.000000000000000000, 0.000000000000000000 ) ) ;
#871 = ORIENTED_EDGE ( 'NONE', *, *, #819, .F. ) ;
#872 = VERTEX_POINT ( 'NONE', #644 ) ;
#873 = DIRECTION ( 'NONE',  ( -0.000000000000000000, -0.000000000000000000, -1.000000000000000000 ) ) ;
#874 = CIRCLE ( 'NONE', #356, 7.000000000000000000 ) ;
#875 = VECTOR ( 'NONE', #1129, 1000.000000000000000 ) ;
#876 = DIRECTION ( 'NONE',  ( 0.000000000000000000, 0.000000000000000000, 1.000000000000000000 ) ) ;
#877 = ORIENTED_EDGE ( 'NONE', *, *, #1165, .T. ) ;
#878 = LINE ( 'NONE', #1057, #332 ) ;
#879 = ADVANCED_FACE ( 'NONE', ( #2084, #1367, #441, #959, #607, #972, #85, #793 ), #1520, .T. ) ;
#880 = AXIS2_PLACEMENT_3D ( 'NONE', #1127, #199, #46 ) ;
#881 = EDGE_CURVE ( 'NONE', #2035, #1227, #490, .T. ) ;
#882 = CARTESIAN_POINT ( 'NONE',  ( -2.100000000000000089, 8.150000000000000355, 0.000000000000000000 ) ) ;
#883 = ORIENTED_EDGE ( 'NONE', *, *, #2214, .T. ) ;
#884 = CARTESIAN_POINT ( 'NONE',  ( -7.000000000000000000, 7.000000000000000000, 8.000000000000000000 ) ) ;
#885 = DIRECTION ( 'NONE',  ( -1.000000000000000000, 0.000000000000000000, 0.000000000000000000 ) ) ;
#886 = EDGE_CURVE ( 'NONE', #218, #497, #1801, .T. ) ;
#887 = VERTEX_POINT ( 'NONE', #1022 ) ;
#888 = DIRECTION ( 'NONE',  ( 1.000000000000000000, 0.000000000000000000, 0.000000000000000000 ) ) ;
#889 = PERSON_AND_ORGANIZATION_ROLE ( 'design_supplier' ) ;
#890 = DIRECTION ( 'NONE',  ( 1.000000000000000000, 0.000000000000000000, -0.000000000000000000 ) ) ;
#891 = ORIENTED_EDGE ( 'NONE', *, *, #2330, .T. ) ;
#892 = ADVANCED_FACE ( 'NONE', ( #1775 ), #2124, .F. ) ;
#893 = EDGE_CURVE ( 'NONE', #383, #1744, #2294, .T. ) ;
#894 = CARTESIAN_POINT ( 'NONE',  ( 78.00000000000000000, -11.00000000000000000, 4.000000000000000000 ) ) ;
#895 = PRODUCT_DEFINITION_SHAPE ( 'NONE', 'NONE',  #782 ) ;
#896 = VECTOR ( 'NONE', #1406, 1000.000000000000000 ) ;
#897 = DIRECTION ( 'NONE',  ( 0.000000000000000000, 0.000000000000000000, -1.000000000000000000 ) ) ;
#898 = DIRECTION ( 'NONE',  ( -0.000000000000000000, -0.000000000000000000, -1.000000000000000000 ) ) ;
#899 = VERTEX_POINT ( 'NONE', #1610 ) ;
#900 = CARTESIAN_POINT ( 'NONE',  ( 34.00000000000000000, -7.000000000000000000, 0.000000000000000000 ) ) ;
#901 = CIRCLE ( 'NONE', #1704, 2.100000000000000089 ) ;
#902 = FACE_OUTER_BOUND ( 'NONE', #2042, .T. ) ;
#903 = VERTEX_POINT ( 'NONE', #1746 ) ;
#904 = FACE_OUTER_BOUND ( 'NONE', #1035, .T. ) ;
#905 = EDGE_CURVE ( 'NONE', #1707, #455, #323, .T. ) ;
#906 = DIRECTION ( 'NONE',  ( -1.000000000000000000, 0.000000000000000000, -0.000000000000000000 ) ) ;
#907 = AXIS2_PLACEMENT_3D ( 'NONE', #1579, #528, #1928 ) ;
#908 = DIRECTION ( 'NONE',  ( 1.000000000000000000, 0.000000000000000000, 0.000000000000000000 ) ) ;
#909 = ORIENTED_EDGE ( 'NONE', *, *, #318, .T. ) ;
#910 = ORIENTED_EDGE ( 'NONE', *, *, #2309, .T. ) ;
#911 = CARTESIAN_POINT ( 'NONE',  ( 58.10000000000000142, -13.50000000000000000, 4.000000000000000000 ) ) ;
#912 = CARTESIAN_POINT ( 'NONE',  ( 62.39999999999999858, 36.50000000000000000, 4.000000000000000000 ) ) ;
#913 = LINE ( 'NONE', #882, #1713 ) ;
#914 = ORIENTED_EDGE ( 'NONE', *, *, #725, .F. ) ;
#915 = EDGE_CURVE ( 'NONE', #1027, #1774, #346, .T. ) ;
#916 = CARTESIAN_POINT ( 'NONE',  ( -8.150000000000000355, 0.000000000000000000, -1.649999999999999911 ) ) ;
#917 = CARTESIAN_POINT ( 'NONE',  ( 62.39999999999999858, 27.00000000000000000, 0.000000000000000000 ) ) ;
#918 = DIRECTION ( 'NONE',  ( 1.000000000000000000, 0.000000000000000000, 0.000000000000000000 ) ) ;
#919 = CC_DESIGN_PERSON_AND_ORGANIZATION_ASSIGNMENT ( #541, #370, ( #386 ) ) ;
#920 = ORIENTED_EDGE ( 'NONE', *, *, #1219, .T. ) ;
#921 = ORIENTED_EDGE ( 'NONE', *, *, #225, .F. ) ;
#922 = EDGE_CURVE ( 'NONE', #303, #777, #698, .T. ) ;
#923 = PLANE ( 'NONE',  #880 ) ;
#924 = DIRECTION ( 'NONE',  ( 0.000000000000000000, 0.000000000000000000, -1.000000000000000000 ) ) ;
#925 = PERSON_AND_ORGANIZATION ( #235, #1025 ) ;
#926 = CARTESIAN_POINT ( 'NONE',  ( 26.00000000000000000, 15.00000000000000000, 0.000000000000000000 ) ) ;
#927 = ORIENTED_EDGE ( 'NONE', *, *, #2246, .F. ) ;
#928 = EDGE_CURVE ( 'NONE', #1843, #848, #1919, .T. ) ;
#929 = CARTESIAN_POINT ( 'NONE',  ( 2.100000000000000089, -8.150000000000000355, 0.000000000000000000 ) ) ;
#930 = ORIENTED_EDGE ( 'NONE', *, *, #811, .T. ) ;
#931 = AXIS2_PLACEMENT_3D ( 'NONE', #89, #661, #2103 ) ;
#932 = CARTESIAN_POINT ( 'NONE',  ( -5.850000000000000533, 7.000000000000000000, -1.650000000000000355 ) ) ;
#933 = CARTESIAN_POINT ( 'NONE',  ( 7.000000000000000000, -7.000000000000000000, 4.000000000000000000 ) ) ;
#934 = ORIENTED_EDGE ( 'NONE', *, *, #539, .F. ) ;
#935 = ORIENTED_EDGE ( 'NONE', *, *, #1886, .F. ) ;
#936 = DIRECTION ( 'NONE',  ( -1.000000000000000000, -0.000000000000000000, -0.000000000000000000 ) ) ;
#937 = DIRECTION ( 'NONE',  ( 0.000000000000000000, 0.000000000000000000, 1.000000000000000000 ) ) ;
#938 = LINE ( 'NONE', #243, #1479 ) ;
#939 = ORIENTED_EDGE ( 'NONE', *, *, #2229, .F. ) ;
#940 = PLANE ( 'NONE',  #986 ) ;
#941 = SECURITY_CLASSIFICATION ( '', '', #1234 ) ;
#942 = LINE ( 'NONE', #373, #761 ) ;
#943 = CARTESIAN_POINT ( 'NONE',  ( 8.150000000000000355, -7.000000000000000000, 8.000000000000000000 ) ) ;
#944 = CARTESIAN_POINT ( 'NONE',  ( 37.29999999999999716, 30.00000000000000000, 4.000000000000003553 ) ) ;
#945 = ORIENTED_EDGE ( 'NONE', *, *, #1790, .T. ) ;
#946 = ORIENTED_EDGE ( 'NONE', *, *, #145, .T. ) ;
#947 = FACE_OUTER_BOUND ( 'NONE', #297, .T. ) ;
#948 = FACE_OUTER_BOUND ( 'NONE', #773, .T. ) ;
#949 = DIRECTION ( 'NONE',  ( 0.000000000000000000, -0.000000000000000000, 1.000000000000000000 ) ) ;
#950 = EDGE_CURVE ( 'NONE', #872, #1328, #1883, .T. ) ;
#951 = VERTEX_POINT ( 'NONE', #1031 ) ;
#952 = CC_DESIGN_DATE_AND_TIME_ASSIGNMENT ( #675, #2280, ( #782 ) ) ;
#953 = DIRECTION ( 'NONE',  ( 0.000000000000000000, 0.000000000000000000, -1.000000000000000000 ) ) ;
#954 = DIRECTION ( 'NONE',  ( 0.000000000000000000, -0.000000000000000000, -1.000000000000000000 ) ) ;
#955 = ORIENTED_EDGE ( 'NONE', *, *, #225, .T. ) ;
#956 = CIRCLE ( 'NONE', #1676, 1.300000000000002487 ) ;
#957 = VECTOR ( 'NONE', #1264, 1000.000000000000000 ) ;
#958 = AXIS2_PLACEMENT_3D ( 'NONE', #280, #1510, #1346 ) ;
#959 = FACE_BOUND ( 'NONE', #37, .T. ) ;
#960 = EDGE_LOOP ( 'NONE', ( #175, #2118, #1055, #486 ) ) ;
#961 = ORIENTED_EDGE ( 'NONE', *, *, #552, .F. ) ;
#962 = DIRECTION ( 'NONE',  ( 1.000000000000000000, 0.000000000000000000, 0.000000000000000000 ) ) ;
#963 = CARTESIAN_POINT ( 'NONE',  ( 27.00000000000000000, 7.000000000000000000, 4.000000000000000000 ) ) ;
#964 = DIRECTION ( 'NONE',  ( -0.000000000000000000, -1.000000000000000000, -0.000000000000000000 ) ) ;
#965 = EDGE_LOOP ( 'NONE', ( #59, #569, #2271, #1519 ) ) ;
#966 = LINE ( 'NONE', #271, #1745 ) ;
#967 = CARTESIAN_POINT ( 'NONE',  ( 0.000000000000000000, 0.000000000000000000, 0.000000000000000000 ) ) ;
#968 = EDGE_LOOP ( 'NONE', ( #1178, #122 ) ) ;
#969 = ADVANCED_FACE ( 'NONE', ( #1052 ), #656, .F. ) ;
#970 = EDGE_CURVE ( 'NONE', #252, #765, #1784, .T. ) ;
#971 = EDGE_CURVE ( 'NONE', #1247, #392, #852, .T. ) ;
#972 = FACE_BOUND ( 'NONE', #1383, .T. ) ;
#973 = ORIENTED_EDGE ( 'NONE', *, *, #454, .F. ) ;
#974 = ORIENTED_EDGE ( 'NONE', *, *, #1951, .T. ) ;
#975 = ADVANCED_FACE ( 'NONE', ( #513, #1765, #1220, #1950, #522, #178 ), #156, .F. ) ;
#976 = DIRECTION ( 'NONE',  ( 0.000000000000000000, 1.000000000000000000, 0.000000000000000000 ) ) ;
#977 = DIRECTION ( 'NONE',  ( 1.000000000000000000, 0.000000000000000000, 0.000000000000000000 ) ) ;
#978 = VECTOR ( 'NONE', #1040, 1000.000000000000000 ) ;
#979 = CIRCLE ( 'NONE', #2186, 1.300000000000002487 ) ;
#980 = CARTESIAN_POINT ( 'NONE',  ( -7.000000000000000000, 7.000000000000000000, 8.000000000000000000 ) ) ;
#981 = ORIENTED_EDGE ( 'NONE', *, *, #725, .T. ) ;
#982 = CYLINDRICAL_SURFACE ( 'NONE', #42, 13.00000000000000000 ) ;
#983 = DIRECTION ( 'NONE',  ( 0.000000000000000000, 1.000000000000000000, 0.000000000000000000 ) ) ;
#984 = ORIENTED_EDGE ( 'NONE', *, *, #1402, .T. ) ;
#985 = AXIS2_PLACEMENT_3D ( 'NONE', #287, #1327, #954 ) ;
#986 = AXIS2_PLACEMENT_3D ( 'NONE', #1170, #53, #247 ) ;
#987 = CARTESIAN_POINT ( 'NONE',  ( -7.000000000000000000, 7.000000000000000000, -1.650000000000000355 ) ) ;
#988 = EDGE_CURVE ( 'NONE', #211, #777, #2185, .T. ) ;
#989 = ORIENTED_EDGE ( 'NONE', *, *, #1934, .T. ) ;
#990 = ORIENTED_EDGE ( 'NONE', *, *, #1977, .F. ) ;
#991 = LINE ( 'NONE', #2090, #1232 ) ;
#992 = AXIS2_PLACEMENT_3D ( 'NONE', #1109, #1842, #1617 ) ;
#993 = CARTESIAN_POINT ( 'NONE',  ( 40.00000000000000000, 7.000000000000000000, 4.000000000000000000 ) ) ;
#994 = VERTEX_POINT ( 'NONE', #2135 ) ;
#995 = AXIS2_PLACEMENT_3D ( 'NONE', #2030, #1154, #425 ) ;
#996 = ORIENTED_EDGE ( 'NONE', *, *, #1711, .T. ) ;
#997 = CARTESIAN_POINT ( 'NONE',  ( 27.00000000000000000, -16.00000000000000000, 7.000000000000000000 ) ) ;
#998 = DIRECTION ( 'NONE',  ( -1.000000000000000000, -0.000000000000000000, -0.000000000000000000 ) ) ;
#999 = EDGE_CURVE ( 'NONE', #31, #1019, #874, .T. ) ;
#1000 = ORIENTED_EDGE ( 'NONE', *, *, #2136, .F. ) ;
#1001 = CARTESIAN_POINT ( 'NONE',  ( 8.150000000000000355, 0.000000000000000000, 0.000000000000000000 ) ) ;
#1002 = CIRCLE ( 'NONE', #585, 13.00000000000000000 ) ;
#1003 = ORIENTED_EDGE ( 'NONE', *, *, #2309, .F. ) ;
#1004 = ORIENTED_EDGE ( 'NONE', *, *, #207, .F. ) ;
#1005 = AXIS2_PLACEMENT_3D ( 'NONE', #1525, #409, #1138 ) ;
#1006 = FACE_OUTER_BOUND ( 'NONE', #620, .T. ) ;
#1007 = EDGE_CURVE ( 'NONE', #489, #121, #1898, .T. ) ;
#1008 = DIRECTION ( 'NONE',  ( 0.000000000000000000, 0.000000000000000000, -1.000000000000000000 ) ) ;
#1009 = VERTEX_POINT ( 'NONE', #401 ) ;
#1010 = VERTEX_POINT ( 'NONE', #546 ) ;
#1011 = DIRECTION ( 'NONE',  ( 0.000000000000000000, 0.000000000000000000, -1.000000000000000000 ) ) ;
#1012 = DIRECTION ( 'NONE',  ( 0.000000000000000000, 0.000000000000000000, -1.000000000000000000 ) ) ;
#1013 = ORIENTED_EDGE ( 'NONE', *, *, #1054, .T. ) ;
#1014 = DIRECTION ( 'NONE',  ( -1.000000000000000000, 0.000000000000000000, 0.000000000000000000 ) ) ;
#1015 = ORIENTED_EDGE ( 'NONE', *, *, #478, .T. ) ;
#1016 = VERTEX_POINT ( 'NONE', #2173 ) ;
#1017 = CARTESIAN_POINT ( 'NONE',  ( -2.100000000000000089, 8.150000000000000355, 0.000000000000000000 ) ) ;
#1018 = LINE ( 'NONE', #1937, #1033 ) ;
#1019 = VERTEX_POINT ( 'NONE', #1076 ) ;
#1020 = FACE_OUTER_BOUND ( 'NONE', #646, .T. ) ;
#1021 = ORIENTED_EDGE ( 'NONE', *, *, #1311, .F. ) ;
#1022 = CARTESIAN_POINT ( 'NONE',  ( 71.89999999999999147, -13.50000000000000000, 0.000000000000000000 ) ) ;
#1023 = LINE ( 'NONE', #2208, #1297 ) ;
#1024 = DIRECTION ( 'NONE',  ( 0.000000000000000000, 0.000000000000000000, -1.000000000000000000 ) ) ;
#1025 = ORGANIZATION ( 'UNSPECIFIED', 'UNSPECIFIED', '' ) ;
#1026 = CYLINDRICAL_SURFACE ( 'NONE', #1862, 1.100000000000003642 ) ;
#1027 = VERTEX_POINT ( 'NONE', #1120 ) ;
#1028 = DIRECTION ( 'NONE',  ( 1.000000000000000000, 0.000000000000000000, 0.000000000000000000 ) ) ;
#1029 = VECTOR ( 'NONE', #2222, 1000.000000000000000 ) ;
#1030 = ORIENTED_EDGE ( 'NONE', *, *, #2298, .F. ) ;
#1031 = CARTESIAN_POINT ( 'NONE',  ( 4.000000000000000000, 4.898587196589411843E-16, 0.000000000000000000 ) ) ;
#1032 = FACE_OUTER_BOUND ( 'NONE', #643, .T. ) ;
#1033 = VECTOR ( 'NONE', #316, 1000.000000000000000 ) ;
#1034 = FACE_OUTER_BOUND ( 'NONE', #1391, .T. ) ;
#1035 = EDGE_LOOP ( 'NONE', ( #2219, #2307, #1800, #1168 ) ) ;
#1036 = CARTESIAN_POINT ( 'NONE',  ( 34.00000000000000000, 0.000000000000000000, 4.000000000000000000 ) ) ;
#1037 = CARTESIAN_POINT ( 'NONE',  ( 5.849999999999999645, -7.000000000000000000, 8.000000000000000000 ) ) ;
#1038 = CIRCLE ( 'NONE', #337, 1.100000000000003642 ) ;
#1039 = VERTEX_POINT ( 'NONE', #415 ) ;
#1040 = DIRECTION ( 'NONE',  ( -0.000000000000000000, -0.000000000000000000, -1.000000000000000000 ) ) ;
#1041 = EDGE_CURVE ( 'NONE', #1783, #2060, #2022, .T. ) ;
#1042 = EDGE_CURVE ( 'NONE', #608, #1190, #942, .T. ) ;
#1043 = CARTESIAN_POINT ( 'NONE',  ( 34.00000000000000000, 7.000000000000000000, 4.000000000000000000 ) ) ;
#1044 = EDGE_CURVE ( 'NONE', #2228, #2064, #1451, .T. ) ;
#1045 = DIRECTION ( 'NONE',  ( 0.000000000000000000, 0.000000000000000000, -1.000000000000000000 ) ) ;
#1046 = AXIS2_PLACEMENT_3D ( 'NONE', #635, #1359, #962 ) ;
#1047 = PRODUCT ( 'ARM-102_Forearm_and_fixed_jaw', 'ARM-102_Forearm_and_fixed_jaw', '', ( #2130 ) ) ;
#1048 =( LENGTH_UNIT ( ) NAMED_UNIT ( * ) SI_UNIT ( .MILLI., .METRE. ) );
#1049 = FACE_OUTER_BOUND ( 'NONE', #1866, .T. ) ;
#1050 = ORIENTED_EDGE ( 'NONE', *, *, #2001, .F. ) ;
#1051 = ORIENTED_EDGE ( 'NONE', *, *, #75, .F. ) ;
#1052 = FACE_OUTER_BOUND ( 'NONE', #1345, .T. ) ;
#1053 = DIRECTION ( 'NONE',  ( -0.000000000000000000, -0.000000000000000000, -1.000000000000000000 ) ) ;
#1054 = EDGE_CURVE ( 'NONE', #1274, #264, #655, .T. ) ;
#1055 = ORIENTED_EDGE ( 'NONE', *, *, #1411, .T. ) ;
#1056 = APPROVAL_PERSON_ORGANIZATION ( #1389, #1265, #2119 ) ;
#1057 = CARTESIAN_POINT ( 'NONE',  ( -5.850000000000000533, 7.000000000000000000, 8.000000000000000000 ) ) ;
#1058 = FACE_OUTER_BOUND ( 'NONE', #830, .T. ) ;
#1059 = ORIENTED_EDGE ( 'NONE', *, *, #801, .T. ) ;
#1060 = ORIENTED_EDGE ( 'NONE', *, *, #1819, .F. ) ;
#1061 = EDGE_CURVE ( 'NONE', #651, #1885, #193, .T. ) ;
#1062 = DIRECTION ( 'NONE',  ( 1.000000000000000000, 0.000000000000000000, 0.000000000000000000 ) ) ;
#1063 = VECTOR ( 'NONE', #1627, 1000.000000000000000 ) ;
#1064 = VECTOR ( 'NONE', #555, 1000.000000000000000 ) ;
#1065 = LINE ( 'NONE', #1043, #2281 ) ;
#1066 = VERTEX_POINT ( 'NONE', #183 ) ;
#1067 = DIRECTION ( 'NONE',  ( 1.000000000000000000, 0.000000000000000000, 0.000000000000000000 ) ) ;
#1068 = EDGE_CURVE ( 'NONE', #951, #1774, #169, .T. ) ;
#1069 = AXIS2_PLACEMENT_3D ( 'NONE', #505, #876, #514 ) ;
#1070 = EDGE_CURVE ( 'NONE', #1010, #453, #16, .T. ) ;
#1071 = VECTOR ( 'NONE', #868, 1000.000000000000000 ) ;
#1072 = CIRCLE ( 'NONE', #63, 1.149999999999999911 ) ;
#1073 = PERSON_AND_ORGANIZATION ( #235, #1025 ) ;
#1074 = DIRECTION ( 'NONE',  ( -0.000000000000000000, 1.000000000000000000, 0.000000000000000000 ) ) ;
#1075 = VERTEX_POINT ( 'NONE', #583 ) ;
#1076 = CARTESIAN_POINT ( 'NONE',  ( 7.000000000000000000, 8.572527594031473190E-16, 8.000000000000000000 ) ) ;
#1077 = DIRECTION ( 'NONE',  ( -1.000000000000000000, 0.000000000000000000, 0.000000000000000000 ) ) ;
#1078 = DIRECTION ( 'NONE',  ( 0.000000000000000000, 0.000000000000000000, 1.000000000000000000 ) ) ;
#1079 = DIRECTION ( 'NONE',  ( 1.000000000000000000, 0.000000000000000000, 0.000000000000000000 ) ) ;
#1080 = CALENDAR_DATE ( 2026, 8, 9 ) ;
#1081 = DIRECTION ( 'NONE',  ( 0.000000000000000000, 0.000000000000000000, -1.000000000000000000 ) ) ;
#1082 = ORIENTED_EDGE ( 'NONE', *, *, #1790, .F. ) ;
#1083 = DIRECTION ( 'NONE',  ( -1.000000000000000000, 0.000000000000000000, 0.000000000000000000 ) ) ;
#1084 = CIRCLE ( 'NONE', #2115, 1.300000000000002487 ) ;
#1085 = AXIS2_PLACEMENT_3D ( 'NONE', #418, #1123, #375 ) ;
#1086 = CARTESIAN_POINT ( 'NONE',  ( 34.00000000000000000, -16.00000000000000000, 7.000000000000000000 ) ) ;
#1087 = DIRECTION ( 'NONE',  ( -0.000000000000000000, -0.000000000000000000, 1.000000000000000000 ) ) ;
#1088 = ORIENTED_EDGE ( 'NONE', *, *, #554, .F. ) ;
#1089 = LINE ( 'NONE', #1103, #1381 ) ;
#1090 = ADVANCED_FACE ( 'NONE', ( #904 ), #232, .F. ) ;
#1091 = LINE ( 'NONE', #2333, #254 ) ;
#1092 = VECTOR ( 'NONE', #261, 1000.000000000000000 ) ;
#1093 = LOCAL_TIME ( 16, 52, 54.00000000000000000, #712 ) ;
#1094 = DATE_AND_TIME ( #1080, #2122 ) ;
#1095 = CARTESIAN_POINT ( 'NONE',  ( 0.000000000000000000, 0.000000000000000000, 0.000000000000000000 ) ) ;
#1096 = EDGE_LOOP ( 'NONE', ( #1454, #1840, #317, #519 ) ) ;
#1097 = LINE ( 'NONE', #729, #1966 ) ;
#1098 = EDGE_CURVE ( 'NONE', #2178, #802, #2187, .T. ) ;
#1099 = DIRECTION ( 'NONE',  ( 0.000000000000000000, 0.000000000000000000, -1.000000000000000000 ) ) ;
#1100 = AXIS2_PLACEMENT_3D ( 'NONE', #638, #435, #2018 ) ;
#1101 = LINE ( 'NONE', #1288, #588 ) ;
#1102 = VERTEX_POINT ( 'NONE', #537 ) ;
#1103 = CARTESIAN_POINT ( 'NONE',  ( -8.150000000000000355, 2.100000000000000089, -1.649999999999999911 ) ) ;
#1104 = LINE ( 'NONE', #47, #621 ) ;
#1105 = ADVANCED_FACE ( 'NONE', ( #716 ), #707, .F. ) ;
#1106 = CARTESIAN_POINT ( 'NONE',  ( -2.100000000000000089, -8.150000000000000355, 0.000000000000000000 ) ) ;
#1107 = ORIENTED_EDGE ( 'NONE', *, *, #172, .T. ) ;
#1108 = AXIS2_PLACEMENT_3D ( 'NONE', #1965, #564, #1067 ) ;
#1109 = CARTESIAN_POINT ( 'NONE',  ( 57.00000000000000000, -13.50000000000000000, 8.000000000000000000 ) ) ;
#1110 = DIRECTION ( 'NONE',  ( 0.000000000000000000, -0.000000000000000000, -1.000000000000000000 ) ) ;
#1111 = EDGE_CURVE ( 'NONE', #322, #2098, #1432, .T. ) ;
#1112 = AXIS2_PLACEMENT_3D ( 'NONE', #987, #1708, #1908 ) ;
#1113 = DIRECTION ( 'NONE',  ( -1.000000000000000000, 0.000000000000000000, 0.000000000000000000 ) ) ;
#1114 = ORIENTED_EDGE ( 'NONE', *, *, #2008, .T. ) ;
#1115 = DIRECTION ( 'NONE',  ( 0.000000000000000000, 1.000000000000000000, 0.000000000000000000 ) ) ;
#1116 = CARTESIAN_POINT ( 'NONE',  ( 34.00000000000000000, 15.00000000000000000, 0.000000000000000000 ) ) ;
#1117 = CARTESIAN_POINT ( 'NONE',  ( 38.60000000000000142, 23.50000000000000000, 4.000000000000000888 ) ) ;
#1118 = ORIENTED_EDGE ( 'NONE', *, *, #2111, .T. ) ;
#1119 = CARTESIAN_POINT ( 'NONE',  ( -2.100000000000000089, -8.150000000000000355, 0.000000000000000000 ) ) ;
#1120 = CARTESIAN_POINT ( 'NONE',  ( 3.404408906109840149, -2.100000000000000089, -1.649999999999999911 ) ) ;
#1121 = ORIENTED_EDGE ( 'NONE', *, *, #2236, .F. ) ;
#1122 = DIRECTION ( 'NONE',  ( 0.000000000000000000, 0.000000000000000000, -1.000000000000000000 ) ) ;
#1123 = DIRECTION ( 'NONE',  ( 0.000000000000000000, 0.000000000000000000, 1.000000000000000000 ) ) ;
#1124 = ORIENTED_EDGE ( 'NONE', *, *, #306, .F. ) ;
#1125 = ORIENTED_EDGE ( 'NONE', *, *, #210, .T. ) ;
#1126 = EDGE_CURVE ( 'NONE', #1274, #887, #1097, .T. ) ;
#1127 = CARTESIAN_POINT ( 'NONE',  ( 30.00000000000000000, -11.00000000000000000, 4.000000000000000000 ) ) ;
#1128 = FACE_OUTER_BOUND ( 'NONE', #2264, .T. ) ;
#1129 = DIRECTION ( 'NONE',  ( 1.000000000000000000, 0.000000000000000000, 0.000000000000000000 ) ) ;
#1130 = ORIENTED_EDGE ( 'NONE', *, *, #2299, .T. ) ;
#1131 = LINE ( 'NONE', #298, #2306 ) ;
#1132 = VECTOR ( 'NONE', #438, 1000.000000000000000 ) ;
#1133 = LINE ( 'NONE', #69, #1279 ) ;
#1134 = VERTEX_POINT ( 'NONE', #1642 ) ;
#1135 = CARTESIAN_POINT ( 'NONE',  ( 63.70000000000000995, 30.00000000000000000, 4.000000000000003553 ) ) ;
#1136 = ORIENTED_EDGE ( 'NONE', *, *, #826, .T. ) ;
#1137 = CARTESIAN_POINT ( 'NONE',  ( 40.00000000000000000, -7.000000000000000000, 0.000000000000000000 ) ) ;
#1138 = DIRECTION ( 'NONE',  ( -1.000000000000000000, 0.000000000000000000, 0.000000000000000000 ) ) ;
#1139 = CARTESIAN_POINT ( 'NONE',  ( 70.00000000000000000, 41.00000000000000000, 0.000000000000000000 ) ) ;
#1140 = EDGE_CURVE ( 'NONE', #383, #2026, #1818, .T. ) ;
#1141 = EDGE_CURVE ( 'NONE', #1497, #1998, #572, .T. ) ;
#1142 = ORIENTED_EDGE ( 'NONE', *, *, #2260, .F. ) ;
#1143 = PLANE ( 'NONE',  #606 ) ;
#1144 = CARTESIAN_POINT ( 'NONE',  ( 27.00000000000000000, -16.00000000000000000, 7.000000000000000000 ) ) ;
#1145 = VERTEX_POINT ( 'NONE', #2201 ) ;
#1146 = EDGE_CURVE ( 'NONE', #903, #392, #1652, .T. ) ;
#1147 = AXIS2_PLACEMENT_3D ( 'NONE', #2147, #532, #1249 ) ;
#1148 = AXIS2_PLACEMENT_3D ( 'NONE', #2326, #1429, #1079 ) ;
#1149 = PLANE ( 'NONE',  #699 ) ;
#1150 = ORIENTED_EDGE ( 'NONE', *, *, #388, .F. ) ;
#1151 = EDGE_LOOP ( 'NONE', ( #67, #1846, #45, #806 ) ) ;
#1152 = DIRECTION ( 'NONE',  ( -1.000000000000000000, -0.000000000000000000, -0.000000000000000000 ) ) ;
#1153 = DIRECTION ( 'NONE',  ( 0.000000000000000000, 0.000000000000000000, -1.000000000000000000 ) ) ;
#1154 = DIRECTION ( 'NONE',  ( 0.000000000000000000, 1.000000000000000000, 0.000000000000000000 ) ) ;
#1155 = ORIENTED_EDGE ( 'NONE', *, *, #442, .F. ) ;
#1156 = EDGE_CURVE ( 'NONE', #3, #1710, #2005, .T. ) ;
#1157 = FACE_OUTER_BOUND ( 'NONE', #677, .T. ) ;
#1158 = PLANE ( 'NONE',  #1173 ) ;
#1159 = VERTEX_POINT ( 'NONE', #461 ) ;
#1160 = CARTESIAN_POINT ( 'NONE',  ( 13.00000000000000000, 1.592040838891559095E-15, -1.649999999999999911 ) ) ;
#1161 = VECTOR ( 'NONE', #976, 1000.000000000000000 ) ;
#1162 = ORIENTED_EDGE ( 'NONE', *, *, #1647, .T. ) ;
#1163 = ORIENTED_EDGE ( 'NONE', *, *, #631, .T. ) ;
#1164 = DIRECTION ( 'NONE',  ( 0.000000000000000000, 0.000000000000000000, 1.000000000000000000 ) ) ;
#1165 = EDGE_CURVE ( 'NONE', #2064, #1482, #1171, .T. ) ;
#1166 = CIRCLE ( 'NONE', #275, 7.000000000000000000 ) ;
#1167 = CARTESIAN_POINT ( 'NONE',  ( 34.00000000000000000, -11.00000000000000000, 4.000000000000000000 ) ) ;
#1168 = ORIENTED_EDGE ( 'NONE', *, *, #2053, .F. ) ;
#1169 = AXIS2_PLACEMENT_3D ( 'NONE', #238, #58, #1670 ) ;
#1170 = CARTESIAN_POINT ( 'NONE',  ( 0.000000000000000000, 7.000000000000000000, 4.000000000000000000 ) ) ;
#1171 = LINE ( 'NONE', #767, #2121 ) ;
#1172 = ORIENTED_EDGE ( 'NONE', *, *, #718, .F. ) ;
#1173 = AXIS2_PLACEMENT_3D ( 'NONE', #790, #1905, #2263 ) ;
#1174 = VECTOR ( 'NONE', #91, 1000.000000000000000 ) ;
#1175 = DIRECTION ( 'NONE',  ( 0.000000000000000000, 1.000000000000000000, 0.000000000000000000 ) ) ;
#1176 = EDGE_CURVE ( 'NONE', #1212, #279, #300, .T. ) ;
#1177 = ORIENTED_EDGE ( 'NONE', *, *, #539, .T. ) ;
#1178 = ORIENTED_EDGE ( 'NONE', *, *, #72, .T. ) ;
#1179 = CARTESIAN_POINT ( 'NONE',  ( 0.000000000000000000, 0.000000000000000000, 4.000000000000000000 ) ) ;
#1180 = EDGE_CURVE ( 'NONE', #1822, #1657, #2071, .T. ) ;
#1181 = VECTOR ( 'NONE', #1794, 1000.000000000000000 ) ;
#1182 = CARTESIAN_POINT ( 'NONE',  ( 34.00000000000000000, -7.000000000000000000, 4.000000000000000000 ) ) ;
#1183 = VECTOR ( 'NONE', #1750, 1000.000000000000000 ) ;
#1184 = VERTEX_POINT ( 'NONE', #1353 ) ;
#1185 = FACE_OUTER_BOUND ( 'NONE', #510, .T. ) ;
#1186 = ORIENTED_EDGE ( 'NONE', *, *, #1146, .T. ) ;
#1187 = CARTESIAN_POINT ( 'NONE',  ( 0.000000000000000000, 0.000000000000000000, 0.000000000000000000 ) ) ;
#1188 = CIRCLE ( 'NONE', #769, 1.150000000000000799 ) ;
#1189 = ORIENTED_EDGE ( 'NONE', *, *, #2182, .F. ) ;
#1190 = VERTEX_POINT ( 'NONE', #1706 ) ;
#1191 = PLANE ( 'NONE',  #958 ) ;
#1192 = DIRECTION ( 'NONE',  ( 0.000000000000000000, 0.000000000000000000, -1.000000000000000000 ) ) ;
#1193 = ORIENTED_EDGE ( 'NONE', *, *, #494, .F. ) ;
#1194 = CARTESIAN_POINT ( 'NONE',  ( 0.000000000000000000, 0.000000000000000000, 0.000000000000000000 ) ) ;
#1195 = CARTESIAN_POINT ( 'NONE',  ( 78.00000000000000000, -16.00000000000000000, 4.000000000000000000 ) ) ;
#1196 = ORIENTED_EDGE ( 'NONE', *, *, #2053, .T. ) ;
#1197 = DIRECTION ( 'NONE',  ( 0.000000000000000000, 0.000000000000000000, -1.000000000000000000 ) ) ;
#1198 = CARTESIAN_POINT ( 'NONE',  ( 55.90000000000000568, -13.50000000000000000, 8.000000000000000000 ) ) ;
#1199 = ORIENTED_EDGE ( 'NONE', *, *, #568, .T. ) ;
#1200 = DIRECTION ( 'NONE',  ( -1.000000000000000000, 0.000000000000000000, 0.000000000000000000 ) ) ;
#1201 = LINE ( 'NONE', #1182, #1534 ) ;
#1202 = VERTEX_POINT ( 'NONE', #109 ) ;
#1203 = ORIENTED_EDGE ( 'NONE', *, *, #881, .F. ) ;
#1204 = AXIS2_PLACEMENT_3D ( 'NONE', #1427, #1229, #1567 ) ;
#1205 = LINE ( 'NONE', #1413, #1593 ) ;
#1206 = PLANE ( 'NONE',  #907 ) ;
#1207 = ORIENTED_EDGE ( 'NONE', *, *, #799, .F. ) ;
#1208 = CARTESIAN_POINT ( 'NONE',  ( 65.00000000000000000, 30.00000000000000000, 4.000000000000003553 ) ) ;
#1209 = CARTESIAN_POINT ( 'NONE',  ( 62.39999999999999858, 27.00000000000000000, 4.000000000000000888 ) ) ;
#1210 = DIRECTION ( 'NONE',  ( -0.000000000000000000, -0.000000000000000000, -1.000000000000000000 ) ) ;
#1211 = DIRECTION ( 'NONE',  ( 0.000000000000000000, 0.000000000000000000, -1.000000000000000000 ) ) ;
#1212 = VERTEX_POINT ( 'NONE', #616 ) ;
#1213 = ADVANCED_FACE ( 'NONE', ( #1893 ), #642, .T. ) ;
#1214 = APPROVAL_STATUS ( 'not_yet_approved' ) ;
#1215 = ADVANCED_FACE ( 'NONE', ( #1877 ), #595, .F. ) ;
#1216 = DIRECTION ( 'NONE',  ( 0.000000000000000000, 0.000000000000000000, 1.000000000000000000 ) ) ;
#1217 = VECTOR ( 'NONE', #518, 1000.000000000000000 ) ;
#1218 = ORIENTED_EDGE ( 'NONE', *, *, #1041, .T. ) ;
#1219 = EDGE_CURVE ( 'NONE', #2259, #1368, #1313, .T. ) ;
#1220 = FACE_BOUND ( 'NONE', #630, .T. ) ;
#1221 = EDGE_CURVE ( 'NONE', #2290, #1990, #1853, .T. ) ;
#1222 = DIRECTION ( 'NONE',  ( 1.000000000000000000, 0.000000000000000000, 0.000000000000000000 ) ) ;
#1223 = AXIS2_PLACEMENT_3D ( 'NONE', #1360, #1192, #665 ) ;
#1224 = CARTESIAN_POINT ( 'NONE',  ( 26.00000000000000000, 0.000000000000000000, 4.000000000000000000 ) ) ;
#1225 = DIRECTION ( 'NONE',  ( -0.000000000000000000, -0.000000000000000000, -1.000000000000000000 ) ) ;
#1226 = VECTOR ( 'NONE', #818, 1000.000000000000000 ) ;
#1227 = VERTEX_POINT ( 'NONE', #1339 ) ;
#1228 = EDGE_CURVE ( 'NONE', #1190, #639, #428, .T. ) ;
#1229 = DIRECTION ( 'NONE',  ( -0.000000000000000000, -0.000000000000000000, -1.000000000000000000 ) ) ;
#1230 = DIRECTION ( 'NONE',  ( 0.000000000000000000, 0.000000000000000000, 1.000000000000000000 ) ) ;
#1231 = PLANE ( 'NONE',  #2248 ) ;
#1232 = VECTOR ( 'NONE', #1370, 1000.000000000000000 ) ;
#1233 = EDGE_CURVE ( 'NONE', #60, #2107, #1133, .T. ) ;
#1234 = SECURITY_CLASSIFICATION_LEVEL ( 'unclassified' ) ;
#1235 = DIRECTION ( 'NONE',  ( -0.000000000000000000, -0.000000000000000000, -1.000000000000000000 ) ) ;
#1236 = ORIENTED_EDGE ( 'NONE', *, *, #1494, .F. ) ;
#1237 = ORIENTED_EDGE ( 'NONE', *, *, #1285, .T. ) ;
#1238 = CARTESIAN_POINT ( 'NONE',  ( -3.404408906109840149, -2.100000000000000089, 0.000000000000000000 ) ) ;
#1239 = CARTESIAN_POINT ( 'NONE',  ( 26.00000000000000000, 41.00000000000000000, 4.000000000000000000 ) ) ;
#1240 = EDGE_CURVE ( 'NONE', #14, #1489, #2044, .T. ) ;
#1241 = EDGE_CURVE ( 'NONE', #1576, #951, #816, .T. ) ;
#1242 = ORIENTED_EDGE ( 'NONE', *, *, #1541, .T. ) ;
#1243 = ORIENTED_EDGE ( 'NONE', *, *, #2329, .F. ) ;
#1244 = VECTOR ( 'NONE', #1298, 1000.000000000000000 ) ;
#1245 = PLANE ( 'NONE',  #1638 ) ;
#1246 = CARTESIAN_POINT ( 'NONE',  ( -2.100000000000000089, -3.404408906109840149, -1.649999999999999911 ) ) ;
#1247 = VERTEX_POINT ( 'NONE', #272 ) ;
#1248 = DIRECTION ( 'NONE',  ( 0.000000000000000000, 1.000000000000000000, 0.000000000000000000 ) ) ;
#1249 = DIRECTION ( 'NONE',  ( 1.000000000000000000, 0.000000000000000000, 0.000000000000000000 ) ) ;
#1250 = FACE_OUTER_BOUND ( 'NONE', #597, .T. ) ;
#1251 = CARTESIAN_POINT ( 'NONE',  ( -4.000000000000000000, 0.000000000000000000, 8.000000000000000000 ) ) ;
#1252 = CIRCLE ( 'NONE', #544, 1.149999999999999911 ) ;
#1253 = VECTOR ( 'NONE', #1789, 1000.000000000000000 ) ;
#1254 = PERSON_AND_ORGANIZATION_ROLE ( 'classification_officer' ) ;
#1255 = DIRECTION ( 'NONE',  ( 0.000000000000000000, 0.000000000000000000, -1.000000000000000000 ) ) ;
#1256 = ORIENTED_EDGE ( 'NONE', *, *, #2061, .T. ) ;
#1257 = CARTESIAN_POINT ( 'NONE',  ( 0.000000000000000000, -8.150000000000000355, 0.000000000000000000 ) ) ;
#1258 = ADVANCED_FACE ( 'NONE', ( #248 ), #1504, .F. ) ;
#1259 = EDGE_CURVE ( 'NONE', #1509, #142, #1691, .T. ) ;
#1260 = DIRECTION ( 'NONE',  ( 0.000000000000000000, 0.000000000000000000, -1.000000000000000000 ) ) ;
#1261 = DIRECTION ( 'NONE',  ( -0.000000000000000000, -0.000000000000000000, 1.000000000000000000 ) ) ;
#1262 = ORIENTED_EDGE ( 'NONE', *, *, #1285, .F. ) ;
#1263 = CARTESIAN_POINT ( 'NONE',  ( 3.404408906109840149, 2.100000000000000089, 0.000000000000000000 ) ) ;
#1264 = DIRECTION ( 'NONE',  ( 0.000000000000000000, 1.000000000000000000, -0.000000000000000000 ) ) ;
#1265 = APPROVAL ( #1403, 'UNSPECIFIED' ) ;
#1266 = FACE_BOUND ( 'NONE', #285, .T. ) ;
#1267 = VECTOR ( 'NONE', #1152, 1000.000000000000000 ) ;
#1268 = ORIENTED_EDGE ( 'NONE', *, *, #864, .T. ) ;
#1269 = DIRECTION ( 'NONE',  ( 0.000000000000000000, 0.000000000000000000, -1.000000000000000000 ) ) ;
#1270 = VECTOR ( 'NONE', #1855, 1000.000000000000000 ) ;
#1271 = AXIS2_PLACEMENT_3D ( 'NONE', #2192, #574, #1845 ) ;
#1272 = LINE ( 'NONE', #1994, #23 ) ;
#1273 = CARTESIAN_POINT ( 'NONE',  ( 36.00000000000000000, 30.00000000000000000, 0.000000000000000000 ) ) ;
#1274 = VERTEX_POINT ( 'NONE', #629 ) ;
#1275 = ORIENTED_EDGE ( 'NONE', *, *, #1766, .T. ) ;
#1276 = CIRCLE ( 'NONE', #1512, 2.100000000000000089 ) ;
#1277 = CARTESIAN_POINT ( 'NONE',  ( -7.000000000000000000, 7.000000000000000000, -1.650000000000000355 ) ) ;
#1278 = LINE ( 'NONE', #693, #517 ) ;
#1279 = VECTOR ( 'NONE', #451, 1000.000000000000000 ) ;
#1280 = AXIS2_PLACEMENT_3D ( 'NONE', #65, #228, #1511 ) ;
#1281 = DIRECTION ( 'NONE',  ( 1.000000000000000000, 0.000000000000000000, 0.000000000000000000 ) ) ;
#1282 = ORIENTED_EDGE ( 'NONE', *, *, #525, .T. ) ;
#1283 = ADVANCED_FACE ( 'NONE', ( #1185 ), #1158, .T. ) ;
#1284 = DIRECTION ( 'NONE',  ( 0.000000000000000000, 0.000000000000000000, -1.000000000000000000 ) ) ;
#1285 = EDGE_CURVE ( 'NONE', #832, #1856, #1865, .T. ) ;
#1286 = DIRECTION ( 'NONE',  ( 1.000000000000000000, 0.000000000000000000, 0.000000000000000000 ) ) ;
#1287 = AXIS2_PLACEMENT_3D ( 'NONE', #1095, #173, #890 ) ;
#1288 = CARTESIAN_POINT ( 'NONE',  ( 0.000000000000000000, 23.50000000000000000, 0.000000000000000000 ) ) ;
#1289 = ORIENTED_EDGE ( 'NONE', *, *, #678, .F. ) ;
#1290 = EDGE_LOOP ( 'NONE', ( #1475, #197, #1196, #284 ) ) ;
#1291 = CARTESIAN_POINT ( 'NONE',  ( 62.39999999999999858, 36.50000000000000000, 0.000000000000000000 ) ) ;
#1292 = FACE_OUTER_BOUND ( 'NONE', #1560, .T. ) ;
#1293 = EDGE_CURVE ( 'NONE', #1102, #353, #570, .T. ) ;
#1294 = CARTESIAN_POINT ( 'NONE',  ( 38.60000000000000142, 23.50000000000000000, 4.000000000000000888 ) ) ;
#1295 = VECTOR ( 'NONE', #1115, 1000.000000000000000 ) ;
#1296 = EDGE_LOOP ( 'NONE', ( #198, #1207, #1462, #44, #2276, #1354 ) ) ;
#1297 = VECTOR ( 'NONE', #785, 1000.000000000000000 ) ;
#1298 = DIRECTION ( 'NONE',  ( -0.000000000000000000, -1.000000000000000000, -0.000000000000000000 ) ) ;
#1299 = DIRECTION ( 'NONE',  ( -1.000000000000000000, 0.000000000000000000, 0.000000000000000000 ) ) ;
#1300 = ORIENTED_EDGE ( 'NONE', *, *, #1044, .T. ) ;
#1301 = EDGE_CURVE ( 'NONE', #2035, #126, #162, .T. ) ;
#1302 = CARTESIAN_POINT ( 'NONE',  ( 0.000000000000000000, 27.00000000000000000, 0.000000000000000000 ) ) ;
#1303 = EDGE_CURVE ( 'NONE', #204, #951, #1407, .T. ) ;
#1304 = DIRECTION ( 'NONE',  ( -1.000000000000000000, -0.000000000000000000, 0.000000000000000000 ) ) ;
#1305 = ORIENTED_EDGE ( 'NONE', *, *, #148, .T. ) ;
#1306 = ORIENTED_EDGE ( 'NONE', *, *, #826, .F. ) ;
#1307 = CARTESIAN_POINT ( 'NONE',  ( 70.00000000000000000, 27.00000000000000000, 0.000000000000000000 ) ) ;
#1308 = CARTESIAN_POINT ( 'NONE',  ( 70.00000000000000000, 27.00000000000000000, 4.000000000000000888 ) ) ;
#1309 = FACE_OUTER_BOUND ( 'NONE', #1533, .T. ) ;
#1310 = VERTEX_POINT ( 'NONE', #511 ) ;
#1311 = EDGE_CURVE ( 'NONE', #392, #2060, #676, .T. ) ;
#1312 = CARTESIAN_POINT ( 'NONE',  ( 26.00000000000000000, 41.00000000000000000, 0.000000000000000000 ) ) ;
#1313 = LINE ( 'NONE', #2033, #2305 ) ;
#1314 = ORIENTED_EDGE ( 'NONE', *, *, #442, .T. ) ;
#1315 = LINE ( 'NONE', #1135, #1270 ) ;
#1316 = ORIENTED_EDGE ( 'NONE', *, *, #2329, .T. ) ;
#1317 = ORIENTED_EDGE ( 'NONE', *, *, #1896, .F. ) ;
#1318 = ADVANCED_FACE ( 'NONE', ( #487 ), #118, .F. ) ;
#1319 = EDGE_CURVE ( 'NONE', #1843, #330, #1753, .T. ) ;
#1320 = LINE ( 'NONE', #747, #364 ) ;
#1321 = FACE_OUTER_BOUND ( 'NONE', #1434, .T. ) ;
#1322 = DIRECTION ( 'NONE',  ( -0.000000000000000000, -1.000000000000000000, -0.000000000000000000 ) ) ;
#1323 = VERTEX_POINT ( 'NONE', #2272 ) ;
#1324 = LOCAL_TIME ( 16, 52, 54.00000000000000000, #1939 ) ;
#1325 = FACE_OUTER_BOUND ( 'NONE', #308, .T. ) ;
#1326 = VECTOR ( 'NONE', #1587, 1000.000000000000000 ) ;
#1327 = DIRECTION ( 'NONE',  ( 0.000000000000000000, -1.000000000000000000, 0.000000000000000000 ) ) ;
#1328 = VERTEX_POINT ( 'NONE', #653 ) ;
#1329 = LINE ( 'NONE', #1733, #410 ) ;
#1330 = EDGE_LOOP ( 'NONE', ( #2317, #2013 ) ) ;
#1331 = ORIENTED_EDGE ( 'NONE', *, *, #146, .T. ) ;
#1332 = DIRECTION ( 'NONE',  ( 1.000000000000000000, 0.000000000000000000, 0.000000000000000000 ) ) ;
#1334 = AXIS2_PLACEMENT_3D ( 'NONE', #1195, #1375, #2292 ) ;
#1333 = CARTESIAN_POINT ( 'NONE',  ( 66.29999999999999716, 30.00000000000000000, 4.000000000000003553 ) ) ;
#1335 = ADVANCED_FACE ( 'NONE', ( #1049 ), #687, .F. ) ;
#1336 = CARTESIAN_POINT ( 'NONE',  ( 40.00000000000000000, -7.000000000000000000, 4.000000000000000000 ) ) ;
#1337 = ORIENTED_EDGE ( 'NONE', *, *, #1836, .F. ) ;
#1338 = DIRECTION ( 'NONE',  ( -1.000000000000000000, -0.000000000000000000, -0.000000000000000000 ) ) ;
#1339 = CARTESIAN_POINT ( 'NONE',  ( -3.404408906109840149, -2.100000000000000089, -1.649999999999999911 ) ) ;
#1340 = ORIENTED_EDGE ( 'NONE', *, *, #1700, .F. ) ;
#1341 = AXIS2_PLACEMENT_3D ( 'NONE', #1976, #359, #551 ) ;
#1342 = CARTESIAN_POINT ( 'NONE',  ( -8.150000000000000355, 2.100000000000000089, 0.000000000000000000 ) ) ;
#1343 = EDGE_CURVE ( 'NONE', #1613, #2129, #2316, .T. ) ;
#1344 = ORIENTED_EDGE ( 'NONE', *, *, #1808, .F. ) ;
#1345 = EDGE_LOOP ( 'NONE', ( #1186, #293, #2101, #240, #82, #2080 ) ) ;
#1346 = DIRECTION ( 'NONE',  ( 0.000000000000000000, 0.000000000000000000, 1.000000000000000000 ) ) ;
#1347 = AXIS2_PLACEMENT_3D ( 'NONE', #41, #57, #1795 ) ;
#1348 = DIRECTION ( 'NONE',  ( 0.000000000000000000, 0.000000000000000000, 1.000000000000000000 ) ) ;
#1349 = CARTESIAN_POINT ( 'NONE',  ( 58.00000000000000000, 14.00000000000000000, 4.000000000000000888 ) ) ;
#1350 = ORIENTED_EDGE ( 'NONE', *, *, #719, .T. ) ;
#1351 = EDGE_CURVE ( 'NONE', #859, #722, #580, .T. ) ;
#1352 = CARTESIAN_POINT ( 'NONE',  ( 34.69999999999999574, 30.00000000000000000, 0.000000000000000000 ) ) ;
#1353 = CARTESIAN_POINT ( 'NONE',  ( 34.00000000000000000, 15.00000000000000000, 4.000000000000000000 ) ) ;
#1354 = ORIENTED_EDGE ( 'NONE', *, *, #521, .T. ) ;
#1355 = DIRECTION ( 'NONE',  ( 0.000000000000000000, 0.000000000000000000, -1.000000000000000000 ) ) ;
#1356 = VECTOR ( 'NONE', #2244, 1000.000000000000000 ) ;
#1357 = ORIENTED_EDGE ( 'NONE', *, *, #1734, .F. ) ;
#1358 = EDGE_LOOP ( 'NONE', ( #174, #772 ) ) ;
#1359 = DIRECTION ( 'NONE',  ( 0.000000000000000000, 0.000000000000000000, 1.000000000000000000 ) ) ;
#1360 = CARTESIAN_POINT ( 'NONE',  ( 65.00000000000000000, 30.00000000000000000, 4.000000000000003553 ) ) ;
#1361 = ORIENTED_EDGE ( 'NONE', *, *, #515, .T. ) ;
#1362 = ORIENTED_EDGE ( 'NONE', *, *, #1176, .T. ) ;
#1363 = LINE ( 'NONE', #827, #1326 ) ;
#1364 = DIRECTION ( 'NONE',  ( 1.000000000000000000, 0.000000000000000000, -0.000000000000000000 ) ) ;
#1365 = ORIENTED_EDGE ( 'NONE', *, *, #1934, .F. ) ;
#1366 = APPROVAL_PERSON_ORGANIZATION ( #925, #194, #1791 ) ;
#1367 = FACE_BOUND ( 'NONE', #467, .T. ) ;
#1368 = VERTEX_POINT ( 'NONE', #1743 ) ;
#1369 = ORIENTED_EDGE ( 'NONE', *, *, #584, .T. ) ;
#1370 = DIRECTION ( 'NONE',  ( 0.000000000000000000, 0.000000000000000000, -1.000000000000000000 ) ) ;
#1371 = AXIS2_PLACEMENT_3D ( 'NONE', #689, #873, #1417 ) ;
#1372 = CARTESIAN_POINT ( 'NONE',  ( -13.00000000000000000, 0.000000000000000000, 4.000000000000000000 ) ) ;
#1373 = VECTOR ( 'NONE', #601, 1000.000000000000000 ) ;
#1374 = EDGE_LOOP ( 'NONE', ( #474, #2045, #479, #617, #996, #645, #530, #182, #10, #833, #2110, #39, #1891, #667, #2012, #1874, #536 ) ) ;
#1375 = DIRECTION ( 'NONE',  ( -1.000000000000000000, 0.000000000000000000, 0.000000000000000000 ) ) ;
#1376 = VERTEX_POINT ( 'NONE', #161 ) ;
#1377 = DIRECTION ( 'NONE',  ( 0.000000000000000000, 0.000000000000000000, -1.000000000000000000 ) ) ;
#1378 = ADVANCED_FACE ( 'NONE', ( #1020 ), #129, .T. ) ;
#1379 = VECTOR ( 'NONE', #2138, 1000.000000000000000 ) ;
#1380 = VECTOR ( 'NONE', #2092, 1000.000000000000000 ) ;
#1381 = VECTOR ( 'NONE', #936, 1000.000000000000000 ) ;
#1382 = ORIENTED_EDGE ( 'NONE', *, *, #525, .F. ) ;
#1383 = EDGE_LOOP ( 'NONE', ( #556, #1172 ) ) ;
#1384 = DESIGN_CONTEXT ( 'detailed design', #6, 'design' ) ;
#1385 = CYLINDRICAL_SURFACE ( 'NONE', #1461, 4.000000000000000000 ) ;
#1386 = DIRECTION ( 'NONE',  ( -0.000000000000000000, -0.000000000000000000, -1.000000000000000000 ) ) ;
#1387 = ORIENTED_EDGE ( 'NONE', *, *, #1041, .F. ) ;
#1388 = VERTEX_POINT ( 'NONE', #850 ) ;
#1389 = PERSON_AND_ORGANIZATION ( #235, #1025 ) ;
#1390 = CARTESIAN_POINT ( 'NONE',  ( 78.00000000000000000, -16.00000000000000000, 0.000000000000000000 ) ) ;
#1391 = EDGE_LOOP ( 'NONE', ( #1013, #1681, #1566, #1559 ) ) ;
#1392 = DIRECTION ( 'NONE',  ( -0.000000000000000000, -0.000000000000000000, 1.000000000000000000 ) ) ;
#1393 = DIRECTION ( 'NONE',  ( 1.000000000000000000, 0.000000000000000000, 0.000000000000000000 ) ) ;
#1394 = CARTESIAN_POINT ( 'NONE',  ( 78.00000000000000000, -16.00000000000000000, 4.000000000000000000 ) ) ;
#1395 = EDGE_CURVE ( 'NONE', #1190, #2064, #839, .T. ) ;
#1396 = ADVANCED_FACE ( 'NONE', ( #2109 ), #499, .F. ) ;
#1397 = ADVANCED_FACE ( 'NONE', ( #1422, #1599, #2141 ), #1206, .F. ) ;
#1398 = DIRECTION ( 'NONE',  ( -1.000000000000000000, 0.000000000000000000, 0.000000000000000000 ) ) ;
#1399 = ORIENTED_EDGE ( 'NONE', *, *, #245, .F. ) ;
#1400 = VECTOR ( 'NONE', #1392, 1000.000000000000000 ) ;
#1401 = AXIS2_PLACEMENT_3D ( 'NONE', #1480, #1261, #1984 ) ;
#1402 = EDGE_CURVE ( 'NONE', #453, #249, #2091, .T. ) ;
#1403 = APPROVAL_STATUS ( 'not_yet_approved' ) ;
#1404 = CARTESIAN_POINT ( 'NONE',  ( 58.00000000000000000, 27.00000000000000000, 4.000000000000000888 ) ) ;
#1405 = ORIENTED_EDGE ( 'NONE', *, *, #1180, .T. ) ;
#1406 = DIRECTION ( 'NONE',  ( 0.000000000000000000, 0.000000000000000000, -1.000000000000000000 ) ) ;
#1407 = CIRCLE ( 'NONE', #683, 4.000000000000000000 ) ;
#1408 = AXIS2_PLACEMENT_3D ( 'NONE', #842, #1568, #2286 ) ;
#1409 = CARTESIAN_POINT ( 'NONE',  ( 36.00000000000000000, 30.00000000000000000, 0.000000000000000000 ) ) ;
#1410 = DIRECTION ( 'NONE',  ( 0.000000000000000000, 0.000000000000000000, -1.000000000000000000 ) ) ;
#1411 = EDGE_CURVE ( 'NONE', #2242, #2325, #141, .T. ) ;
#1412 = ORIENTED_EDGE ( 'NONE', *, *, #2134, .F. ) ;
#1413 = CARTESIAN_POINT ( 'NONE',  ( 62.39999999999999858, 23.50000000000000000, 4.000000000000000888 ) ) ;
#1414 = DIRECTION ( 'NONE',  ( -1.000000000000000000, 0.000000000000000000, 0.000000000000000000 ) ) ;
#1415 = AXIS2_PLACEMENT_3D ( 'NONE', #1799, #190, #1281 ) ;
#1416 = ORIENTED_EDGE ( 'NONE', *, *, #1311, .T. ) ;
#1417 = DIRECTION ( 'NONE',  ( 1.000000000000000000, 0.000000000000000000, 0.000000000000000000 ) ) ;
#1418 = CARTESIAN_POINT ( 'NONE',  ( 62.39999999999999858, 0.000000000000000000, 0.000000000000000000 ) ) ;
#1419 = EDGE_CURVE ( 'NONE', #1368, #2036, #1731, .T. ) ;
#1420 = CIRCLE ( 'NONE', #404, 1.149999999999999911 ) ;
#1421 = FACE_OUTER_BOUND ( 'NONE', #696, .T. ) ;
#1422 = FACE_BOUND ( 'NONE', #650, .T. ) ;
#1423 = AXIS2_PLACEMENT_3D ( 'NONE', #2189, #573, #1286 ) ;
#1424 = VERTEX_POINT ( 'NONE', #350 ) ;
#1425 = EDGE_CURVE ( 'NONE', #353, #1016, #913, .T. ) ;
#1426 = ORIENTED_EDGE ( 'NONE', *, *, #2229, .T. ) ;
#1427 = CARTESIAN_POINT ( 'NONE',  ( 0.000000000000000000, 0.000000000000000000, 0.000000000000000000 ) ) ;
#1428 = DIRECTION ( 'NONE',  ( 1.000000000000000000, 0.000000000000000000, 0.000000000000000000 ) ) ;
#1429 = DIRECTION ( 'NONE',  ( 0.000000000000000000, 0.000000000000000000, 1.000000000000000000 ) ) ;
#1430 = CARTESIAN_POINT ( 'NONE',  ( 7.000000000000000000, 8.572527594031473190E-16, 8.000000000000000000 ) ) ;
#1431 = ORIENTED_EDGE ( 'NONE', *, *, #2298, .T. ) ;
#1432 = LINE ( 'NONE', #365, #1063 ) ;
#1433 = CARTESIAN_POINT ( 'NONE',  ( 7.000000000000000000, -7.000000000000000000, -1.650000000000000355 ) ) ;
#1434 = EDGE_LOOP ( 'NONE', ( #1646, #1793, #837, #2153, #990, #582 ) ) ;
#1435 = CIRCLE ( 'NONE', #571, 4.000000000000000000 ) ;
#1436 = LINE ( 'NONE', #1649, #1253 ) ;
#1437 = LINE ( 'NONE', #1988, #720 ) ;
#1438 = ORIENTED_EDGE ( 'NONE', *, *, #1293, .T. ) ;
#1439 = AXIS2_PLACEMENT_3D ( 'NONE', #1294, #1074, #217 ) ;
#1440 = CARTESIAN_POINT ( 'NONE',  ( 27.00000000000000000, 0.000000000000000000, 4.000000000000000000 ) ) ;
#1441 = FACE_OUTER_BOUND ( 'NONE', #1918, .T. ) ;
#1442 = CARTESIAN_POINT ( 'NONE',  ( 0.000000000000000000, 8.150000000000000355, -1.649999999999999911 ) ) ;
#1443 = PRODUCT_RELATED_PRODUCT_CATEGORY ( 'detail', '', ( #1047 ) ) ;
#1444 = ORIENTED_EDGE ( 'NONE', *, *, #320, .F. ) ;
#1445 = CARTESIAN_POINT ( 'NONE',  ( 65.00000000000000000, 30.00000000000000000, 4.000000000000003553 ) ) ;
#1446 = CARTESIAN_POINT ( 'NONE',  ( 38.60000000000000142, 36.50000000000000000, 4.000000000000000888 ) ) ;
#1447 = AXIS2_PLACEMENT_3D ( 'NONE', #28, #1077, #717 ) ;
#1448 = CIRCLE ( 'NONE', #1572, 4.000000000000000000 ) ;
#1449 = LINE ( 'NONE', #749, #1064 ) ;
#1450 = ORIENTED_EDGE ( 'NONE', *, *, #494, .T. ) ;
#1451 = LINE ( 'NONE', #1440, #2311 ) ;
#1452 = CARTESIAN_POINT ( 'NONE',  ( 34.00000000000000000, 7.000000000000000000, 7.000000000000000000 ) ) ;
#1453 = DIRECTION ( 'NONE',  ( 1.000000000000000000, 0.000000000000000000, 0.000000000000000000 ) ) ;
#1454 = ORIENTED_EDGE ( 'NONE', *, *, #2234, .T. ) ;
#1455 = ORIENTED_EDGE ( 'NONE', *, *, #1228, .F. ) ;
#1456 = DIRECTION ( 'NONE',  ( -1.000000000000000000, -0.000000000000000000, -0.000000000000000000 ) ) ;
#1457 = CARTESIAN_POINT ( 'NONE',  ( 58.00000000000000000, 0.000000000000000000, 0.000000000000000000 ) ) ;
#1458 = EDGE_CURVE ( 'NONE', #249, #453, #170, .T. ) ;
#1459 = ADVANCED_FACE ( 'NONE', ( #1608, #1266, #902, #1780, #2197 ), #2327, .F. ) ;
#1460 = CARTESIAN_POINT ( 'NONE',  ( 2.100000000000000089, -8.150000000000000355, 0.000000000000000000 ) ) ;
#1461 = AXIS2_PLACEMENT_3D ( 'NONE', #834, #1698, #1887 ) ;
#1462 = ORIENTED_EDGE ( 'NONE', *, *, #905, .F. ) ;
#1463 = EDGE_CURVE ( 'NONE', #1323, #765, #133, .T. ) ;
#1464 = DIRECTION ( 'NONE',  ( -1.000000000000000000, -0.000000000000000000, -0.000000000000000000 ) ) ;
#1465 = VECTOR ( 'NONE', #1611, 1000.000000000000000 ) ;
#1466 = DIRECTION ( 'NONE',  ( 0.000000000000000000, 0.000000000000000000, 1.000000000000000000 ) ) ;
#1467 = DIRECTION ( 'NONE',  ( -0.000000000000000000, -0.000000000000000000, -1.000000000000000000 ) ) ;
#1468 = ORIENTED_EDGE ( 'NONE', *, *, #2068, .T. ) ;
#1469 = DIRECTION ( 'NONE',  ( -0.000000000000000000, -0.000000000000000000, -1.000000000000000000 ) ) ;
#1470 = DIRECTION ( 'NONE',  ( -1.000000000000000000, 0.000000000000000000, 0.000000000000000000 ) ) ;
#1471 = AXIS2_PLACEMENT_3D ( 'NONE', #1763, #1588, #870 ) ;
#1472 = AXIS2_PLACEMENT_3D ( 'NONE', #80, #2043, #1490 ) ;
#1473 = DIRECTION ( 'NONE',  ( 0.000000000000000000, 0.000000000000000000, -1.000000000000000000 ) ) ;
#1474 = EDGE_CURVE ( 'NONE', #1710, #1310, #1967, .T. ) ;
#1475 = ORIENTED_EDGE ( 'NONE', *, *, #922, .F. ) ;
#1476 = CARTESIAN_POINT ( 'NONE',  ( 7.000000000000000000, 7.000000000000000000, 4.000000000000000000 ) ) ;
#1477 = VECTOR ( 'NONE', #2007, 1000.000000000000000 ) ;
#1478 = FACE_OUTER_BOUND ( 'NONE', #1778, .T. ) ;
#1479 = VECTOR ( 'NONE', #1701, 1000.000000000000000 ) ;
#1480 = CARTESIAN_POINT ( 'NONE',  ( 57.00000000000000000, -13.50000000000000000, 4.000000000000000000 ) ) ;
#1481 = EDGE_LOOP ( 'NONE', ( #1999, #2184, #1050, #1218 ) ) ;
#1482 = VERTEX_POINT ( 'NONE', #704 ) ;
#1483 = CARTESIAN_POINT ( 'NONE',  ( -8.150000000000000355, 2.100000000000000089, 0.000000000000000000 ) ) ;
#1484 = EDGE_CURVE ( 'NONE', #1019, #416, #2161, .T. ) ;
#1485 = LINE ( 'NONE', #1333, #835 ) ;
#1486 = LINE ( 'NONE', #993, #1901 ) ;
#1487 = AXIS2_PLACEMENT_3D ( 'NONE', #1620, #1122, #906 ) ;
#1488 = CIRCLE ( 'NONE', #1974, 1.300000000000002487 ) ;
#1489 = VERTEX_POINT ( 'NONE', #567 ) ;
#1490 = DIRECTION ( 'NONE',  ( 1.000000000000000000, 0.000000000000000000, 0.000000000000000000 ) ) ;
#1491 = CARTESIAN_POINT ( 'NONE',  ( 70.00000000000000000, 41.00000000000000000, 4.000000000000000000 ) ) ;
#1492 = ORIENTED_EDGE ( 'NONE', *, *, #1343, .F. ) ;
#1493 = EDGE_CURVE ( 'NONE', #2036, #2107, #1816, .T. ) ;
#1494 = EDGE_CURVE ( 'NONE', #1027, #1323, #1639, .T. ) ;
#1495 = DIRECTION ( 'NONE',  ( 0.000000000000000000, 1.000000000000000000, 0.000000000000000000 ) ) ;
#1496 = CARTESIAN_POINT ( 'NONE',  ( 62.39999999999999858, 36.50000000000000000, 4.000000000000000888 ) ) ;
#1497 = VERTEX_POINT ( 'NONE', #1460 ) ;
#1498 = ORIENTED_EDGE ( 'NONE', *, *, #1912, .F. ) ;
#1499 = CARTESIAN_POINT ( 'NONE',  ( 58.00000000000000000, 14.00000000000000000, 4.000000000000000888 ) ) ;
#1500 = DIRECTION ( 'NONE',  ( 0.000000000000000000, 0.000000000000000000, -1.000000000000000000 ) ) ;
#1501 = PLANE ( 'NONE',  #54 ) ;
#1502 = ORIENTED_EDGE ( 'NONE', *, *, #2125, .F. ) ;
#1503 = CARTESIAN_POINT ( 'NONE',  ( 13.00000000000000000, 1.592040838891559095E-15, 0.000000000000000000 ) ) ;
#1504 = CYLINDRICAL_SURFACE ( 'NONE', #2190, 2.100000000000000089 ) ;
#1505 = ORIENTED_EDGE ( 'NONE', *, *, #1240, .F. ) ;
#1506 = DIRECTION ( 'NONE',  ( 0.000000000000000000, -0.000000000000000000, -1.000000000000000000 ) ) ;
#1507 = ORIENTED_EDGE ( 'NONE', *, *, #2182, .T. ) ;
#1508 = AXIS2_PLACEMENT_3D ( 'NONE', #1756, #1942, #860 ) ;
#1509 = VERTEX_POINT ( 'NONE', #1246 ) ;
#1510 = DIRECTION ( 'NONE',  ( -1.000000000000000000, 0.000000000000000000, 0.000000000000000000 ) ) ;
#1511 = DIRECTION ( 'NONE',  ( 0.000000000000000000, 0.000000000000000000, 1.000000000000000000 ) ) ;
#1512 = AXIS2_PLACEMENT_3D ( 'NONE', #1442, #9, #771 ) ;
#1513 = CARTESIAN_POINT ( 'NONE',  ( 8.150000000000000355, 7.000000000000000000, 4.000000000000000000 ) ) ;
#1514 = ORIENTED_EDGE ( 'NONE', *, *, #144, .F. ) ;
#1515 = VECTOR ( 'NONE', #439, 1000.000000000000000 ) ;
#1516 = DIRECTION ( 'NONE',  ( 0.000000000000000000, 1.000000000000000000, 0.000000000000000000 ) ) ;
#1517 = CARTESIAN_POINT ( 'NONE',  ( 4.000000000000000000, 4.898587196589411843E-16, 6.999999999999999112 ) ) ;
#1518 = ADVANCED_FACE ( 'NONE', ( #581 ), #2003, .T. ) ;
#1519 = ORIENTED_EDGE ( 'NONE', *, *, #1654, .T. ) ;
#1520 = PLANE ( 'NONE',  #83 ) ;
#1521 = MANIFOLD_SOLID_BREP ( 'Fixed_pad_keeper_fasteners', #277 ) ;
#1522 = ORIENTED_EDGE ( 'NONE', *, *, #2150, .T. ) ;
#1523 = ORIENTED_EDGE ( 'NONE', *, *, #1637, .F. ) ;
#1524 = FACE_OUTER_BOUND ( 'NONE', #1823, .T. ) ;
#1526 = VECTOR ( 'NONE', #1081, 1000.000000000000000 ) ;
#1525 = CARTESIAN_POINT ( 'NONE',  ( 0.000000000000000000, 0.000000000000000000, 4.000000000000000000 ) ) ;
#1527 = CARTESIAN_POINT ( 'NONE',  ( 34.00000000000000000, 7.000000000000000000, 7.000000000000000000 ) ) ;
#1528 = CC_DESIGN_PERSON_AND_ORGANIZATION_ASSIGNMENT ( #1741, #319, ( #1047 ) ) ;
#1529 = LINE ( 'NONE', #1117, #326 ) ;
#1530 = ORIENTED_EDGE ( 'NONE', *, *, #811, .F. ) ;
#1531 = CARTESIAN_POINT ( 'NONE',  ( 0.000000000000000000, 7.000000000000000000, 4.000000000000000000 ) ) ;
#1532 = DIRECTION ( 'NONE',  ( 1.000000000000000000, 0.000000000000000000, -0.000000000000000000 ) ) ;
#1533 = EDGE_LOOP ( 'NONE', ( #1962, #1941, #1237, #1545 ) ) ;
#1534 = VECTOR ( 'NONE', #685, 1000.000000000000000 ) ;
#1535 = CYLINDRICAL_SURFACE ( 'NONE', #188, 1.150000000000000799 ) ;
#1536 = ORIENTED_EDGE ( 'NONE', *, *, #886, .F. ) ;
#1537 = ORIENTED_EDGE ( 'NONE', *, *, #1913, .F. ) ;
#1538 = LINE ( 'NONE', #294, #855 ) ;
#1539 = CIRCLE ( 'NONE', #502, 1.100000000000003642 ) ;
#1540 = LINE ( 'NONE', #283, #1373 ) ;
#1541 = EDGE_CURVE ( 'NONE', #859, #1066, #360, .T. ) ;
#1542 = ORIENTED_EDGE ( 'NONE', *, *, #1351, .F. ) ;
#1543 = LINE ( 'NONE', #789, #430 ) ;
#1544 = CARTESIAN_POINT ( 'NONE',  ( 37.29999999999999716, 30.00000000000000000, 4.000000000000003553 ) ) ;
#1545 = ORIENTED_EDGE ( 'NONE', *, *, #402, .T. ) ;
#1546 = CARTESIAN_POINT ( 'NONE',  ( -8.150000000000000355, 2.100000000000000089, 0.000000000000000000 ) ) ;
#1547 = ORIENTED_EDGE ( 'NONE', *, *, #867, .T. ) ;
#1548 = ORIENTED_EDGE ( 'NONE', *, *, #970, .F. ) ;
#1549 = LINE ( 'NONE', #123, #1161 ) ;
#1550 = CARTESIAN_POINT ( 'NONE',  ( -10.25000000000000178, 0.000000000000000000, 0.000000000000000000 ) ) ;
#1551 = ORIENTED_EDGE ( 'NONE', *, *, #35, .F. ) ;
#1552 = ORIENTED_EDGE ( 'NONE', *, *, #52, .T. ) ;
#1553 = ADVANCED_FACE ( 'NONE', ( #13 ), #1827, .T. ) ;
#1554 = DIRECTION ( 'NONE',  ( 0.000000000000000000, 1.000000000000000000, 0.000000000000000000 ) ) ;
#1555 = DIRECTION ( 'NONE',  ( 0.000000000000000000, -0.000000000000000000, 1.000000000000000000 ) ) ;
#1556 = ORIENTED_EDGE ( 'NONE', *, *, #1061, .T. ) ;
#1557 = CIRCLE ( 'NONE', #237, 2.100000000000000977 ) ;
#1558 = DIRECTION ( 'NONE',  ( 1.000000000000000000, 0.000000000000000000, 0.000000000000000000 ) ) ;
#1559 = ORIENTED_EDGE ( 'NONE', *, *, #1126, .F. ) ;
#1560 = EDGE_LOOP ( 'NONE', ( #1502, #426, #598, #468 ) ) ;
#1561 = CYLINDRICAL_SURFACE ( 'NONE', #637, 2.100000000000000977 ) ;
#1562 = DIRECTION ( 'NONE',  ( -1.000000000000000000, 0.000000000000000000, 0.000000000000000000 ) ) ;
#1563 = ORIENTED_EDGE ( 'NONE', *, *, #234, .F. ) ;
#1564 = APPROVAL_ROLE ( '' ) ;
#1565 = CARTESIAN_POINT ( 'NONE',  ( 27.00000000000000000, 7.000000000000000000, 7.000000000000000000 ) ) ;
#1566 = ORIENTED_EDGE ( 'NONE', *, *, #648, .T. ) ;
#1567 = DIRECTION ( 'NONE',  ( 1.000000000000000000, 3.552713678800500929E-15, 0.000000000000000000 ) ) ;
#1568 = DIRECTION ( 'NONE',  ( -0.000000000000000000, -0.000000000000000000, -1.000000000000000000 ) ) ;
#1569 = EDGE_CURVE ( 'NONE', #186, #121, #738, .T. ) ;
#1570 = AXIS2_PLACEMENT_3D ( 'NONE', #1594, #1230, #2310 ) ;
#1571 = EDGE_CURVE ( 'NONE', #709, #2148, #1449, .T. ) ;
#1572 = AXIS2_PLACEMENT_3D ( 'NONE', #1584, #115, #854 ) ;
#1573 = DIRECTION ( 'NONE',  ( 0.000000000000000000, -0.000000000000000000, -1.000000000000000000 ) ) ;
#1574 = ADVANCED_FACE ( 'NONE', ( #1058 ), #2171, .T. ) ;
#1575 = FACE_OUTER_BOUND ( 'NONE', #462, .T. ) ;
#1576 = VERTEX_POINT ( 'NONE', #2 ) ;
#1577 = VERTEX_POINT ( 'NONE', #713 ) ;
#1578 = PERSON_AND_ORGANIZATION ( #235, #1025 ) ;
#1579 = CARTESIAN_POINT ( 'NONE',  ( 0.000000000000000000, 0.000000000000000000, 4.000000000000000000 ) ) ;
#1580 = ORIENTED_EDGE ( 'NONE', *, *, #1319, .T. ) ;
#1581 = CARTESIAN_POINT ( 'NONE',  ( 0.000000000000000000, 0.000000000000000000, 4.000000000000000000 ) ) ;
#1582 = DIRECTION ( 'NONE',  ( -1.000000000000000000, 0.000000000000000000, 0.000000000000000000 ) ) ;
#1583 = EDGE_CURVE ( 'NONE', #1797, #1601, #1437, .T. ) ;
#1584 = CARTESIAN_POINT ( 'NONE',  ( 0.000000000000000000, 0.000000000000000000, -1.649999999999999911 ) ) ;
#1585 = ORIENTED_EDGE ( 'NONE', *, *, #2216, .T. ) ;
#1586 = AXIS2_PLACEMENT_3D ( 'NONE', #1499, #736, #227 ) ;
#1587 = DIRECTION ( 'NONE',  ( 0.000000000000000000, 1.000000000000000000, 0.000000000000000000 ) ) ;
#1588 = DIRECTION ( 'NONE',  ( -0.000000000000000000, -0.000000000000000000, -1.000000000000000000 ) ) ;
#1589 = EDGE_LOOP ( 'NONE', ( #946, #220, #1004, #2223 ) ) ;
#1590 = EDGE_CURVE ( 'NONE', #186, #2035, #938, .T. ) ;
#1591 = DIRECTION ( 'NONE',  ( 0.000000000000000000, 0.000000000000000000, 1.000000000000000000 ) ) ;
#1592 = VECTOR ( 'NONE', #95, 1000.000000000000000 ) ;
#1593 = VECTOR ( 'NONE', #1554, 1000.000000000000000 ) ;
#1594 = CARTESIAN_POINT ( 'NONE',  ( 0.000000000000000000, 0.000000000000000000, 8.000000000000000000 ) ) ;
#1595 = CARTESIAN_POINT ( 'NONE',  ( 2.100000000000000089, -8.150000000000000355, 0.000000000000000000 ) ) ;
#1596 = ADVANCED_FACE ( 'NONE', ( #1860 ), #800, .F. ) ;
#1597 = VECTOR ( 'NONE', #1284, 1000.000000000000000 ) ;
#1598 = DIRECTION ( 'NONE',  ( -1.000000000000000000, 0.000000000000000000, -0.000000000000000000 ) ) ;
#1599 = FACE_BOUND ( 'NONE', #757, .T. ) ;
#1600 = VECTOR ( 'NONE', #333, 1000.000000000000000 ) ;
#1601 = VERTEX_POINT ( 'NONE', #776 ) ;
#1602 = EDGE_LOOP ( 'NONE', ( #2204, #783, #1697, #1369 ) ) ;
#1603 = DIRECTION ( 'NONE',  ( 0.000000000000000000, 0.000000000000000000, 1.000000000000000000 ) ) ;
#1604 = ADVANCED_FACE ( 'NONE', ( #624 ), #2235, .T. ) ;
#1605 = CARTESIAN_POINT ( 'NONE',  ( 0.000000000000000000, 0.000000000000000000, -1.649999999999999911 ) ) ;
#1606 = DIRECTION ( 'NONE',  ( -0.000000000000000000, -0.000000000000000000, -1.000000000000000000 ) ) ;
#1607 = VECTOR ( 'NONE', #1087, 1000.000000000000000 ) ;
#1608 = FACE_BOUND ( 'NONE', #758, .T. ) ;
#1609 = ORIENTED_EDGE ( 'NONE', *, *, #915, .T. ) ;
#1610 = CARTESIAN_POINT ( 'NONE',  ( -2.100000000000000089, 3.404408906109841038, -1.649999999999999911 ) ) ;
#1611 = DIRECTION ( 'NONE',  ( -0.000000000000000000, -0.000000000000000000, -1.000000000000000000 ) ) ;
#1612 = LINE ( 'NONE', #1960, #267 ) ;
#1613 = VERTEX_POINT ( 'NONE', #1873 ) ;
#1614 = DIRECTION ( 'NONE',  ( -0.000000000000000000, -0.000000000000000000, 1.000000000000000000 ) ) ;
#1615 = DIRECTION ( 'NONE',  ( -1.000000000000000000, 0.000000000000000000, 0.000000000000000000 ) ) ;
#1616 = ORIENTED_EDGE ( 'NONE', *, *, #1630, .F. ) ;
#1617 = DIRECTION ( 'NONE',  ( -1.000000000000000000, 0.000000000000000000, 0.000000000000000000 ) ) ;
#1618 = ADVANCED_FACE ( 'NONE', ( #1309 ), #1501, .T. ) ;
#1619 = VECTOR ( 'NONE', #18, 1000.000000000000000 ) ;
#1620 = CARTESIAN_POINT ( 'NONE',  ( 0.000000000000000000, 0.000000000000000000, 0.000000000000000000 ) ) ;
#1621 = FACE_OUTER_BOUND ( 'NONE', #1602, .T. ) ;
#1622 = ORIENTED_EDGE ( 'NONE', *, *, #1961, .F. ) ;
#1623 = CARTESIAN_POINT ( 'NONE',  ( -4.000000000000000000, 0.000000000000000000, 6.999999999999999112 ) ) ;
#1624 = DIRECTION ( 'NONE',  ( 1.000000000000000000, -0.000000000000000000, 0.000000000000000000 ) ) ;
#1625 = ORIENTED_EDGE ( 'NONE', *, *, #15, .T. ) ;
#1626 = AXIS2_PLACEMENT_3D ( 'NONE', #1940, #1414, #1216 ) ;
#1627 = DIRECTION ( 'NONE',  ( 0.000000000000000000, 0.000000000000000000, 1.000000000000000000 ) ) ;
#1628 = CARTESIAN_POINT ( 'NONE',  ( -13.00000000000000000, 0.000000000000000000, -1.649999999999999911 ) ) ;
#1629 = EDGE_CURVE ( 'NONE', #2228, #1075, #458, .T. ) ;
#1630 = EDGE_CURVE ( 'NONE', #1039, #2213, #1540, .T. ) ;
#1631 = CARTESIAN_POINT ( 'NONE',  ( 2.100000000000000089, -8.150000000000000355, 0.000000000000000000 ) ) ;
#1632 = EDGE_CURVE ( 'NONE', #264, #1424, #257, .T. ) ;
#1633 = ORIENTED_EDGE ( 'NONE', *, *, #1687, .F. ) ;
#1634 = ORIENTED_EDGE ( 'NONE', *, *, #1981, .F. ) ;
#1635 = LINE ( 'NONE', #2014, #484 ) ;
#1636 = DIRECTION ( 'NONE',  ( 0.000000000000000000, -1.000000000000000000, 0.000000000000000000 ) ) ;
#1637 = EDGE_CURVE ( 'NONE', #589, #1843, #1529, .T. ) ;
#1638 = AXIS2_PLACEMENT_3D ( 'NONE', #526, #540, #2002 ) ;
#1639 = LINE ( 'NONE', #399, #201 ) ;
#1640 = ORIENTED_EDGE ( 'NONE', *, *, #1493, .F. ) ;
#1641 = VECTOR ( 'NONE', #1495, 1000.000000000000000 ) ;
#1642 = CARTESIAN_POINT ( 'NONE',  ( 58.00000000000000000, 23.50000000000000000, 0.000000000000000000 ) ) ;
#1643 = FACE_OUTER_BOUND ( 'NONE', #1589, .T. ) ;
#1644 = LINE ( 'NONE', #744, #1992 ) ;
#1645 = ORIENTED_EDGE ( 'NONE', *, *, #1111, .T. ) ;
#1646 = ORIENTED_EDGE ( 'NONE', *, *, #1590, .F. ) ;
#1647 = EDGE_CURVE ( 'NONE', #1202, #2259, #1486, .T. ) ;
#1648 = CARTESIAN_POINT ( 'NONE',  ( -7.000000000000000000, 0.000000000000000000, 4.000000000000000000 ) ) ;
#1649 = CARTESIAN_POINT ( 'NONE',  ( -8.150000000000000355, -2.100000000000000089, -1.649999999999999911 ) ) ;
#1650 = CARTESIAN_POINT ( 'NONE',  ( 8.150000000000000355, 7.000000000000000000, 8.000000000000000000 ) ) ;
#1651 = EDGE_LOOP ( 'NONE', ( #1684, #2237, #930, #821 ) ) ;
#1652 = LINE ( 'NONE', #1831, #51 ) ;
#1653 = EDGE_LOOP ( 'NONE', ( #1268, #512, #1331, #1616 ) ) ;
#1654 = EDGE_CURVE ( 'NONE', #848, #60, #2247, .T. ) ;
#1655 = DIRECTION ( 'NONE',  ( 0.000000000000000000, -1.000000000000000000, 0.000000000000000000 ) ) ;
#1656 = CYLINDRICAL_SURFACE ( 'NONE', #1696, 1.150000000000000799 ) ;
#1657 = VERTEX_POINT ( 'NONE', #1139 ) ;
#1658 = ORIENTED_EDGE ( 'NONE', *, *, #1141, .F. ) ;
#1659 = DIRECTION ( 'NONE',  ( 0.000000000000000000, 0.000000000000000000, 1.000000000000000000 ) ) ;
#1660 = CARTESIAN_POINT ( 'NONE',  ( 78.00000000000000000, -11.00000000000000000, 0.000000000000000000 ) ) ;
#1661 = VECTOR ( 'NONE', #1338, 1000.000000000000000 ) ;
#1662 = DIRECTION ( 'NONE',  ( 1.000000000000000000, -0.000000000000000000, 0.000000000000000000 ) ) ;
#1663 = ADVANCED_FACE ( 'NONE', ( #1839 ), #1688, .F. ) ;
#1664 = ORIENTED_EDGE ( 'NONE', *, *, #1176, .F. ) ;
#1665 = DIRECTION ( 'NONE',  ( 0.000000000000000000, 0.000000000000000000, 1.000000000000000000 ) ) ;
#1666 = CARTESIAN_POINT ( 'NONE',  ( 0.000000000000000000, 36.50000000000000000, 0.000000000000000000 ) ) ;
#1667 = ORIENTED_EDGE ( 'NONE', *, *, #148, .F. ) ;
#1668 = AXIS2_PLACEMENT_3D ( 'NONE', #916, #1993, #387 ) ;
#1669 = FACE_OUTER_BOUND ( 'NONE', #412, .T. ) ;
#1670 = DIRECTION ( 'NONE',  ( 1.000000000000000000, 0.000000000000000000, 0.000000000000000000 ) ) ;
#1671 = ORIENTED_EDGE ( 'NONE', *, *, #1961, .T. ) ;
#1672 = ORIENTED_EDGE ( 'NONE', *, *, #1301, .T. ) ;
#1673 = PLANE ( 'NONE',  #664 ) ;
#1674 = PLANE ( 'NONE',  #1280 ) ;
#1675 = DIRECTION ( 'NONE',  ( 0.000000000000000000, 0.000000000000000000, 1.000000000000000000 ) ) ;
#1676 = AXIS2_PLACEMENT_3D ( 'NONE', #1409, #1210, #1222 ) ;
#1677 = CIRCLE ( 'NONE', #177, 1.150000000000000799 ) ;
#1678 = ORIENTED_EDGE ( 'NONE', *, *, #1654, .F. ) ;
#1679 = DIRECTION ( 'NONE',  ( 1.000000000000000000, 0.000000000000000000, 0.000000000000000000 ) ) ;
#1680 = CARTESIAN_POINT ( 'NONE',  ( 34.00000000000000000, -16.00000000000000000, 0.000000000000000000 ) ) ;
#1681 = ORIENTED_EDGE ( 'NONE', *, *, #1632, .T. ) ;
#1682 = DIRECTION ( 'NONE',  ( 0.000000000000000000, 0.000000000000000000, 1.000000000000000000 ) ) ;
#1683 = EDGE_LOOP ( 'NONE', ( #794, #1834, #107, #1751, #593, #1243, #1556, #2198 ) ) ;
#1684 = ORIENTED_EDGE ( 'NONE', *, *, #1879, .F. ) ;
#1685 = DIRECTION ( 'NONE',  ( 0.000000000000000000, 0.000000000000000000, -1.000000000000000000 ) ) ;
#1686 = DIRECTION ( 'NONE',  ( -0.000000000000000000, -0.000000000000000000, -1.000000000000000000 ) ) ;
#1687 = EDGE_CURVE ( 'NONE', #1145, #788, #2041, .T. ) ;
#1688 = PLANE ( 'NONE',  #995 ) ;
#1689 = ORIENTED_EDGE ( 'NONE', *, *, #35, .T. ) ;
#1690 = CARTESIAN_POINT ( 'NONE',  ( 27.00000000000000000, -7.000000000000000000, 4.000000000000000000 ) ) ;
#1691 = LINE ( 'NONE', #81, #1515 ) ;
#1692 = EDGE_LOOP ( 'NONE', ( #1915, #137 ) ) ;
#1693 = CARTESIAN_POINT ( 'NONE',  ( -7.000000000000000000, -7.000000000000000000, 8.000000000000000000 ) ) ;
#1694 = ORIENTED_EDGE ( 'NONE', *, *, #1458, .F. ) ;
#1695 = AXIS2_PLACEMENT_3D ( 'NONE', #1208, #1931, #1062 ) ;
#1696 = AXIS2_PLACEMENT_3D ( 'NONE', #209, #756, #185 ) ;
#1697 = ORIENTED_EDGE ( 'NONE', *, *, #1896, .T. ) ;
#1698 = DIRECTION ( 'NONE',  ( 0.000000000000000000, 0.000000000000000000, -1.000000000000000000 ) ) ;
#1699 = CARTESIAN_POINT ( 'NONE',  ( -8.150000000000000355, 2.100000000000000089, -1.649999999999999911 ) ) ;
#1700 = EDGE_CURVE ( 'NONE', #1707, #2228, #787, .T. ) ;
#1701 = DIRECTION ( 'NONE',  ( 1.000000000000000000, 0.000000000000000000, 0.000000000000000000 ) ) ;
#1702 = VERTEX_POINT ( 'NONE', #1167 ) ;
#1703 = AXIS2_PLACEMENT_3D ( 'NONE', #342, #829, #1555 ) ;
#1704 = AXIS2_PLACEMENT_3D ( 'NONE', #460, #1665, #1852 ) ;
#1705 = CARTESIAN_POINT ( 'NONE',  ( 8.150000000000000355, 0.000000000000000000, 0.000000000000000000 ) ) ;
#1706 = CARTESIAN_POINT ( 'NONE',  ( 27.00000000000000000, 7.000000000000000000, 7.000000000000000000 ) ) ;
#1707 = VERTEX_POINT ( 'NONE', #48 ) ;
#1708 = DIRECTION ( 'NONE',  ( -0.000000000000000000, -0.000000000000000000, -1.000000000000000000 ) ) ;
#1709 = EDGE_LOOP ( 'NONE', ( #2048, #2144 ) ) ;
#1710 = VERTEX_POINT ( 'NONE', #1513 ) ;
#1711 = EDGE_CURVE ( 'NONE', #1016, #899, #764, .T. ) ;
#1712 = CARTESIAN_POINT ( 'NONE',  ( 26.00000000000000000, 41.00000000000000000, 0.000000000000000000 ) ) ;
#1713 = VECTOR ( 'NONE', #1473, 1000.000000000000000 ) ;
#1714 = ADVANCED_FACE ( 'NONE', ( #2052 ), #448, .F. ) ;
#1715 = CARTESIAN_POINT ( 'NONE',  ( 27.00000000000000000, -7.000000000000000000, 4.000000000000000000 ) ) ;
#1716 = CARTESIAN_POINT ( 'NONE',  ( -8.150000000000000355, -2.100000000000000089, 0.000000000000000000 ) ) ;
#1717 = ORIENTED_EDGE ( 'NONE', *, *, #719, .F. ) ;
#1718 = DIRECTION ( 'NONE',  ( 0.000000000000000000, 0.000000000000000000, 1.000000000000000000 ) ) ;
#1719 = DIRECTION ( 'NONE',  ( 1.000000000000000000, 0.000000000000000000, 0.000000000000000000 ) ) ;
#1720 = ORIENTED_EDGE ( 'NONE', *, *, #2157, .T. ) ;
#1721 = VECTOR ( 'NONE', #1606, 1000.000000000000000 ) ;
#1722 = FACE_OUTER_BOUND ( 'NONE', #688, .T. ) ;
#1723 = ORIENTED_EDGE ( 'NONE', *, *, #1165, .F. ) ;
#1724 = ORIENTED_EDGE ( 'NONE', *, *, #2061, .F. ) ;
#1725 = CARTESIAN_POINT ( 'NONE',  ( 8.150000000000000355, -7.000000000000000000, -1.650000000000000355 ) ) ;
#1726 = AXIS2_PLACEMENT_3D ( 'NONE', #586, #596, #559 ) ;
#1727 = EDGE_CURVE ( 'NONE', #1744, #814, #812, .T. ) ;
#1728 = CARTESIAN_POINT ( 'NONE',  ( 10.95445115010332238, 7.000000000000000000, 0.000000000000000000 ) ) ;
#1729 = ORIENTED_EDGE ( 'NONE', *, *, #799, .T. ) ;
#1730 = CARTESIAN_POINT ( 'NONE',  ( 2.100000000000000089, 8.150000000000000355, -1.649999999999999911 ) ) ;
#1731 = LINE ( 'NONE', #153, #476 ) ;
#1732 = ORIENTED_EDGE ( 'NONE', *, *, #2136, .T. ) ;
#1733 = CARTESIAN_POINT ( 'NONE',  ( 2.100000000000000089, -8.150000000000000355, -1.649999999999999911 ) ) ;
#1734 = EDGE_CURVE ( 'NONE', #1202, #1482, #649, .T. ) ;
#1735 = VERTEX_POINT ( 'NONE', #1372 ) ;
#1736 = ORIENTED_EDGE ( 'NONE', *, *, #1977, .T. ) ;
#1737 = DIRECTION ( 'NONE',  ( -0.000000000000000000, -0.000000000000000000, -1.000000000000000000 ) ) ;
#1738 = DIRECTION ( 'NONE',  ( 1.000000000000000000, 0.000000000000000000, 0.000000000000000000 ) ) ;
#1739 = ORIENTED_EDGE ( 'NONE', *, *, #15, .F. ) ;
#1740 = ADVANCED_FACE ( 'NONE', ( #516 ), #296, .F. ) ;
#1741 = PERSON_AND_ORGANIZATION ( #235, #1025 ) ;
#1742 = ADVANCED_FACE ( 'NONE', ( #508 ), #2278, .F. ) ;
#1743 = CARTESIAN_POINT ( 'NONE',  ( 34.00000000000000000, 7.000000000000000000, 0.000000000000000000 ) ) ;
#1744 = VERTEX_POINT ( 'NONE', #1769 ) ;
#1745 = VECTOR ( 'NONE', #766, 1000.000000000000000 ) ;
#1746 = CARTESIAN_POINT ( 'NONE',  ( 27.00000000000000000, -16.00000000000000000, 0.000000000000000000 ) ) ;
#1747 = CARTESIAN_POINT ( 'NONE',  ( 26.00000000000000000, 15.00000000000000000, 4.000000000000000000 ) ) ;
#1748 = LINE ( 'NONE', #2287, #1953 ) ;
#1749 = AXIS2_PLACEMENT_3D ( 'NONE', #203, #542, #1979 ) ;
#1750 = DIRECTION ( 'NONE',  ( -1.000000000000000000, -0.000000000000000000, -0.000000000000000000 ) ) ;
#1751 = ORIENTED_EDGE ( 'NONE', *, *, #2324, .F. ) ;
#1752 = CALENDAR_DATE ( 2026, 8, 9 ) ;
#1753 = LINE ( 'NONE', #1956, #1217 ) ;
#1754 = EDGE_LOOP ( 'NONE', ( #119, #1438, #795, #529 ) ) ;
#1755 = EDGE_CURVE ( 'NONE', #218, #899, #307, .T. ) ;
#1756 = CARTESIAN_POINT ( 'NONE',  ( 27.00000000000000000, -16.00000000000000000, 7.000000000000000000 ) ) ;
#1757 = AXIS2_PLACEMENT_3D ( 'NONE', #171, #2160, #200 ) ;
#1758 = CARTESIAN_POINT ( 'NONE',  ( 36.00000000000000000, 30.00000000000000000, 4.000000000000003553 ) ) ;
#1759 = CARTESIAN_POINT ( 'NONE',  ( 2.100000000000000089, 3.404408906109840149, -1.649999999999999911 ) ) ;
#1760 = EDGE_CURVE ( 'NONE', #1990, #739, #1201, .T. ) ;
#1761 = ORIENTED_EDGE ( 'NONE', *, *, #1221, .F. ) ;
#1762 = DIRECTION ( 'NONE',  ( 0.000000000000000000, -1.000000000000000000, 0.000000000000000000 ) ) ;
#1763 = CARTESIAN_POINT ( 'NONE',  ( 0.000000000000000000, 0.000000000000000000, 0.000000000000000000 ) ) ;
#1764 = ORIENTED_EDGE ( 'NONE', *, *, #1395, .F. ) ;
#1765 = FACE_BOUND ( 'NONE', #212, .T. ) ;
#1766 = EDGE_CURVE ( 'NONE', #1885, #1247, #496, .T. ) ;
#1767 = CARTESIAN_POINT ( 'NONE',  ( 0.000000000000000000, 0.000000000000000000, -1.649999999999999911 ) ) ;
#1768 = CIRCLE ( 'NONE', #741, 13.00000000000000000 ) ;
#1769 = CARTESIAN_POINT ( 'NONE',  ( -3.404408906109840149, 2.100000000000000089, 0.000000000000000000 ) ) ;
#1770 = AXIS2_PLACEMENT_3D ( 'NONE', #933, #898, #29 ) ;
#1771 = APPLICATION_PROTOCOL_DEFINITION ( 'international standard', 'config_control_design', 1994, #6 ) ;
#1772 = DIRECTION ( 'NONE',  ( 0.000000000000000000, 0.000000000000000000, 1.000000000000000000 ) ) ;
#1773 = ORIENTED_EDGE ( 'NONE', *, *, #2158, .F. ) ;
#1774 = VERTEX_POINT ( 'NONE', #150 ) ;
#1775 = FACE_OUTER_BOUND ( 'NONE', #88, .T. ) ;
#1776 = APPROVAL_PERSON_ORGANIZATION ( #838, #481, #1564 ) ;
#1777 = DIRECTION ( 'NONE',  ( 1.000000000000000000, 0.000000000000000000, 0.000000000000000000 ) ) ;
#1778 = EDGE_LOOP ( 'NONE', ( #459, #2093, #808, #1059 ) ) ;
#1779 = DIRECTION ( 'NONE',  ( 0.000000000000000000, -0.000000000000000000, -1.000000000000000000 ) ) ;
#1780 = FACE_BOUND ( 'NONE', #549, .T. ) ;
#1781 = VECTOR ( 'NONE', #534, 1000.000000000000000 ) ;
#1782 = ORIENTED_EDGE ( 'NONE', *, *, #127, .F. ) ;
#1783 = VERTEX_POINT ( 'NONE', #159 ) ;
#1784 = LINE ( 'NONE', #143, #861 ) ;
#1785 = FACE_OUTER_BOUND ( 'NONE', #1930, .T. ) ;
#1786 = VECTOR ( 'NONE', #1260, 1000.000000000000000 ) ;
#1787 = AXIS2_PLACEMENT_3D ( 'NONE', #265, #1737, #2268 ) ;
#1788 = ORIENTED_EDGE ( 'NONE', *, *, #1734, .T. ) ;
#1789 = DIRECTION ( 'NONE',  ( 1.000000000000000000, 0.000000000000000000, 0.000000000000000000 ) ) ;
#1790 = EDGE_CURVE ( 'NONE', #1899, #589, #1018, .T. ) ;
#1791 = APPROVAL_ROLE ( '' ) ;
#1792 = CARTESIAN_POINT ( 'NONE',  ( 0.000000000000000000, 0.000000000000000000, 8.000000000000000000 ) ) ;
#1793 = ORIENTED_EDGE ( 'NONE', *, *, #2188, .F. ) ;
#1794 = DIRECTION ( 'NONE',  ( -0.000000000000000000, -0.000000000000000000, -1.000000000000000000 ) ) ;
#1795 = DIRECTION ( 'NONE',  ( -1.000000000000000000, 0.000000000000000000, 0.000000000000000000 ) ) ;
#1796 = DIRECTION ( 'NONE',  ( 1.000000000000000000, 0.000000000000000000, 0.000000000000000000 ) ) ;
#1797 = VERTEX_POINT ( 'NONE', #1728 ) ;
#1798 = CARTESIAN_POINT ( 'NONE',  ( 2.100000000000000089, 8.150000000000000355, 0.000000000000000000 ) ) ;
#1799 = CARTESIAN_POINT ( 'NONE',  ( -7.000000000000000000, -7.000000000000000000, -1.650000000000000355 ) ) ;
#1800 = ORIENTED_EDGE ( 'NONE', *, *, #2246, .T. ) ;
#1801 = CIRCLE ( 'NONE', #1204, 4.000000000000000000 ) ;
#1802 = CIRCLE ( 'NONE', #1085, 2.100000000000000089 ) ;
#1803 = EDGE_CURVE ( 'NONE', #994, #1027, #1448, .T. ) ;
#1804 = ADVANCED_FACE ( 'NONE', ( #1034 ), #1026, .F. ) ;
#1805 = CARTESIAN_POINT ( 'NONE',  ( 34.00000000000000000, -16.00000000000000000, 7.000000000000000000 ) ) ;
#1806 = ADVANCED_FACE ( 'NONE', ( #824 ), #2128, .F. ) ;
#1807 = CARTESIAN_POINT ( 'NONE',  ( 2.100000000000000089, -8.150000000000000355, 0.000000000000000000 ) ) ;
#1808 = EDGE_CURVE ( 'NONE', #1376, #489, #836, .T. ) ;
#1809 = AXIS2_PLACEMENT_3D ( 'NONE', #805, #1772, #2120 ) ;
#1810 = VECTOR ( 'NONE', #504, 1000.000000000000000 ) ;
#1811 = DIRECTION ( 'NONE',  ( -0.000000000000000000, -0.000000000000000000, -1.000000000000000000 ) ) ;
#1812 = ORIENTED_EDGE ( 'NONE', *, *, #454, .T. ) ;
#1813 = CARTESIAN_POINT ( 'NONE',  ( 74.09999999999999432, -13.50000000000000000, 4.000000000000000000 ) ) ;
#1814 = DIRECTION ( 'NONE',  ( 1.000000000000000000, 0.000000000000000000, 0.000000000000000000 ) ) ;
#1815 = SHAPE_DEFINITION_REPRESENTATION ( #895, #762 ) ;
#1816 = LINE ( 'NONE', #926, #691 ) ;
#1817 = VERTEX_POINT ( 'NONE', #1759 ) ;
#1818 = LINE ( 'NONE', #740, #2087 ) ;
#1819 = EDGE_CURVE ( 'NONE', #497, #1102, #846, .T. ) ;
#1820 = CARTESIAN_POINT ( 'NONE',  ( -8.150000000000000355, 2.100000000000000089, 0.000000000000000000 ) ) ;
#1821 = DIRECTION ( 'NONE',  ( 0.000000000000000000, 0.000000000000000000, 1.000000000000000000 ) ) ;
#1822 = VERTEX_POINT ( 'NONE', #124 ) ;
#1823 = EDGE_LOOP ( 'NONE', ( #2167, #1957, #1088, #686 ) ) ;
#1824 = CARTESIAN_POINT ( 'NONE',  ( 36.00000000000000000, 30.00000000000000000, 4.000000000000003553 ) ) ;
#1825 = LINE ( 'NONE', #1457, #957 ) ;
#1826 = VECTOR ( 'NONE', #11, 1000.000000000000000 ) ;
#1827 = PLANE ( 'NONE',  #1439 ) ;
#1828 = ORIENTED_EDGE ( 'NONE', *, *, #742, .F. ) ;
#1829 = ADVANCED_FACE ( 'NONE', ( #1575 ), #2269, .F. ) ;
#1830 = AXIS2_PLACEMENT_3D ( 'NONE', #1187, #1682, #1558 ) ;
#1831 = CARTESIAN_POINT ( 'NONE',  ( 27.00000000000000000, -16.00000000000000000, 0.000000000000000000 ) ) ;
#1832 = DIRECTION ( 'NONE',  ( 1.000000000000000000, 0.000000000000000000, 0.000000000000000000 ) ) ;
#1833 = DIRECTION ( 'NONE',  ( 1.000000000000000000, 0.000000000000000000, 0.000000000000000000 ) ) ;
#1834 = ORIENTED_EDGE ( 'NONE', *, *, #1221, .T. ) ;
#1835 = ORIENTED_EDGE ( 'NONE', *, *, #886, .T. ) ;
#1836 = EDGE_CURVE ( 'NONE', #2123, #492, #445, .T. ) ;
#1837 = FACE_OUTER_BOUND ( 'NONE', #440, .T. ) ;
#1838 = CARTESIAN_POINT ( 'NONE',  ( 38.60000000000000142, 36.50000000000000000, 4.000000000000000888 ) ) ;
#1839 = FACE_OUTER_BOUND ( 'NONE', #2031, .T. ) ;
#1840 = ORIENTED_EDGE ( 'NONE', *, *, #1755, .T. ) ;
#1841 = CARTESIAN_POINT ( 'NONE',  ( 5.849999999999999645, -7.000000000000000000, 4.000000000000000000 ) ) ;
#1842 = DIRECTION ( 'NONE',  ( 0.000000000000000000, 0.000000000000000000, -1.000000000000000000 ) ) ;
#1843 = VERTEX_POINT ( 'NONE', #1924 ) ;
#1844 = LINE ( 'NONE', #236, #1641 ) ;
#1845 = DIRECTION ( 'NONE',  ( 1.000000000000000000, 0.000000000000000000, 0.000000000000000000 ) ) ;
#1846 = ORIENTED_EDGE ( 'NONE', *, *, #402, .F. ) ;
#1847 = CARTESIAN_POINT ( 'NONE',  ( 38.60000000000000142, 23.50000000000000000, 0.000000000000000000 ) ) ;
#1848 = LINE ( 'NONE', #1198, #2017 ) ;
#1849 = VECTOR ( 'NONE', #2250, 1000.000000000000000 ) ;
#1850 = DIRECTION ( 'NONE',  ( 0.000000000000000000, 0.000000000000000000, -1.000000000000000000 ) ) ;
#1851 = ORIENTED_EDGE ( 'NONE', *, *, #1402, .F. ) ;
#1852 = DIRECTION ( 'NONE',  ( 1.000000000000000000, 0.000000000000000000, 0.000000000000000000 ) ) ;
#1853 = LINE ( 'NONE', #1680, #792 ) ;
#1854 = ORIENTED_EDGE ( 'NONE', *, *, #648, .F. ) ;
#1855 = DIRECTION ( 'NONE',  ( 0.000000000000000000, 0.000000000000000000, -1.000000000000000000 ) ) ;
#1856 = VERTEX_POINT ( 'NONE', #2288 ) ;
#1857 = ORIENTED_EDGE ( 'NONE', *, *, #2330, .F. ) ;
#1858 = DIRECTION ( 'NONE',  ( 0.000000000000000000, 0.000000000000000000, -1.000000000000000000 ) ) ;
#1859 = CARTESIAN_POINT ( 'NONE',  ( 26.00000000000000000, 7.000000000000000000, 4.000000000000000000 ) ) ;
#1860 = FACE_OUTER_BOUND ( 'NONE', #1653, .T. ) ;
#1861 = CIRCLE ( 'NONE', #1147, 1.150000000000000799 ) ;
#1862 = AXIS2_PLACEMENT_3D ( 'NONE', #135, #1947, #485 ) ;
#1863 = ORIENTED_EDGE ( 'NONE', *, *, #2234, .F. ) ;
#1864 = CARTESIAN_POINT ( 'NONE',  ( 40.00000000000000000, 7.000000000000000000, 0.000000000000000000 ) ) ;
#1865 = LINE ( 'NONE', #2239, #1592 ) ;
#1866 = EDGE_LOOP ( 'NONE', ( #1416, #1387, #1193, #780 ) ) ;
#1867 = CARTESIAN_POINT ( 'NONE',  ( -13.00000000000000000, 0.000000000000000000, 4.000000000000000000 ) ) ;
#1868 = EDGE_LOOP ( 'NONE', ( #1236, #1609, #989, #1812 ) ) ;
#1869 = ORIENTED_EDGE ( 'NONE', *, *, #928, .T. ) ;
#1870 = CARTESIAN_POINT ( 'NONE',  ( 0.000000000000000000, 0.000000000000000000, 4.000000000000000000 ) ) ;
#1871 = LINE ( 'NONE', #1527, #1465 ) ;
#1872 = CARTESIAN_POINT ( 'NONE',  ( 0.000000000000000000, 0.000000000000000000, 0.000000000000000000 ) ) ;
#1873 = CARTESIAN_POINT ( 'NONE',  ( 26.00000000000000000, 7.000000000000000000, 0.000000000000000000 ) ) ;
#1874 = ORIENTED_EDGE ( 'NONE', *, *, #1494, .T. ) ;
#1875 = PLANE ( 'NONE',  #2232 ) ;
#1876 = CIRCLE ( 'NONE', #1046, 13.00000000000000000 ) ;
#1877 = FACE_OUTER_BOUND ( 'NONE', #856, .T. ) ;
#1878 = ORIENTED_EDGE ( 'NONE', *, *, #325, .F. ) ;
#1879 = EDGE_CURVE ( 'NONE', #722, #859, #1420, .T. ) ;
#1880 = EDGE_CURVE ( 'NONE', #2107, #1134, #1825, .T. ) ;
#1881 = DIRECTION ( 'NONE',  ( -0.000000000000000000, -0.000000000000000000, 1.000000000000000000 ) ) ;
#1882 = ORIENTED_EDGE ( 'NONE', *, *, #1629, .F. ) ;
#1883 = CIRCLE ( 'NONE', #1695, 1.299999999999995604 ) ;
#1884 = AXIS2_PLACEMENT_3D ( 'NONE', #732, #1078, #1453 ) ;
#1885 = VERTEX_POINT ( 'NONE', #1954 ) ;
#1886 = EDGE_CURVE ( 'NONE', #31, #301, #2149, .T. ) ;
#1887 = DIRECTION ( 'NONE',  ( -1.000000000000000000, 0.000000000000000000, 0.000000000000000000 ) ) ;
#1888 = DIRECTION ( 'NONE',  ( -0.000000000000000000, -1.000000000000000000, -0.000000000000000000 ) ) ;
#1889 = VECTOR ( 'NONE', #55, 1000.000000000000000 ) ;
#1890 = CC_DESIGN_APPROVAL ( #481, ( #782 ) ) ;
#1891 = ORIENTED_EDGE ( 'NONE', *, *, #86, .T. ) ;
#1892 = CARTESIAN_POINT ( 'NONE',  ( 30.00000000000000000, -11.00000000000000000, 0.000000000000000000 ) ) ;
#1893 = FACE_OUTER_BOUND ( 'NONE', #343, .T. ) ;
#1894 = EDGE_LOOP ( 'NONE', ( #1909, #1300, #877, #768, #1522, #1678, #2086, #1523, #1082, #1857, #745, #981, #910, #116, #1431, #955, #311 ) ) ;
#1895 = DIRECTION ( 'NONE',  ( 1.000000000000000000, 0.000000000000000000, 0.000000000000000000 ) ) ;
#1896 = EDGE_CURVE ( 'NONE', #3, #2083, #214, .T. ) ;
#1897 = ORIENTED_EDGE ( 'NONE', *, *, #2324, .T. ) ;
#1898 = CIRCLE ( 'NONE', #1668, 2.100000000000000089 ) ;
#1899 = VERTEX_POINT ( 'NONE', #912 ) ;
#1900 = CARTESIAN_POINT ( 'NONE',  ( 65.00000000000000000, 30.00000000000000000, 0.000000000000000000 ) ) ;
#1901 = VECTOR ( 'NONE', #612, 1000.000000000000000 ) ;
#1902 = CARTESIAN_POINT ( 'NONE',  ( 30.00000000000000000, -16.00000000000000000, 4.000000000000000000 ) ) ;
#1903 = EDGE_LOOP ( 'NONE', ( #1878, #100, #1365, #273, #136 ) ) ;
#1904 =( NAMED_UNIT ( * ) SI_UNIT ( $, .STERADIAN. ) SOLID_ANGLE_UNIT ( ) );
#1905 = DIRECTION ( 'NONE',  ( 1.000000000000000000, -0.000000000000000000, 0.000000000000000000 ) ) ;
#1906 = ADVANCED_FACE ( 'NONE', ( #349 ), #702, .F. ) ;
#1907 = ORIENTED_EDGE ( 'NONE', *, *, #1463, .F. ) ;
#1908 = DIRECTION ( 'NONE',  ( 1.000000000000000000, 0.000000000000000000, 0.000000000000000000 ) ) ;
#1909 = ORIENTED_EDGE ( 'NONE', *, *, #1700, .T. ) ;
#1910 = ORIENTED_EDGE ( 'NONE', *, *, #905, .T. ) ;
#1911 = CARTESIAN_POINT ( 'NONE',  ( -8.150000000000000355, -7.000000000000000000, -1.650000000000000355 ) ) ;
#1912 = EDGE_CURVE ( 'NONE', #722, #715, #878, .T. ) ;
#1913 = EDGE_CURVE ( 'NONE', #121, #1227, #1436, .T. ) ;
#1914 = CARTESIAN_POINT ( 'NONE',  ( 57.00000000000000000, -13.50000000000000000, 8.000000000000000000 ) ) ;
#1915 = ORIENTED_EDGE ( 'NONE', *, *, #1351, .T. ) ;
#1916 = DIRECTION ( 'NONE',  ( 0.000000000000000000, 0.000000000000000000, 1.000000000000000000 ) ) ;
#1917 = CARTESIAN_POINT ( 'NONE',  ( -7.000000000000000000, 7.000000000000000000, 4.000000000000000000 ) ) ;
#1918 = EDGE_LOOP ( 'NONE', ( #1828, #2027, #660, #230 ) ) ;
#1919 = LINE ( 'NONE', #131, #680 ) ;
#1920 = LINE ( 'NONE', #1932, #1810 ) ;
#1921 = EDGE_LOOP ( 'NONE', ( #1282, #2133, #87, #2218, #2106, #1289, #449, #1124, #1051, #1203, #1672, #1622 ) ) ;
#1922 = DIRECTION ( 'NONE',  ( -0.000000000000000000, -0.000000000000000000, -1.000000000000000000 ) ) ;
#1923 = CARTESIAN_POINT ( 'NONE',  ( 5.849999999999999645, 7.000000000000000000, 4.000000000000000000 ) ) ;
#1924 = CARTESIAN_POINT ( 'NONE',  ( 38.60000000000000142, 23.50000000000000000, 4.000000000000000888 ) ) ;
#1925 = ORIENTED_EDGE ( 'NONE', *, *, #1484, .F. ) ;
#1926 = EDGE_LOOP ( 'NONE', ( #2267, #2088, #258, #2266 ) ) ;
#1927 = APPLICATION_PROTOCOL_DEFINITION ( 'international standard', 'config_control_design', 1994, #202 ) ;
#1928 = DIRECTION ( 'NONE',  ( -1.000000000000000000, 0.000000000000000000, -0.000000000000000000 ) ) ;
#1929 = AXIS2_PLACEMENT_3D ( 'NONE', #256, #1686, #2100 ) ;
#1930 = EDGE_LOOP ( 'NONE', ( #659, #1968 ) ) ;
#1931 = DIRECTION ( 'NONE',  ( 0.000000000000000000, 0.000000000000000000, 1.000000000000000000 ) ) ;
#1932 = CARTESIAN_POINT ( 'NONE',  ( 27.00000000000000000, -16.00000000000000000, 7.000000000000000000 ) ) ;
#1933 = CARTESIAN_POINT ( 'NONE',  ( -10.25000000000000178, 0.000000000000000000, -1.649999999999999911 ) ) ;
#1934 = EDGE_CURVE ( 'NONE', #1774, #1159, #1091, .T. ) ;
#1935 = EDGE_CURVE ( 'NONE', #848, #1134, #1278, .T. ) ;
#1936 = VECTOR ( 'NONE', #2300, 1000.000000000000000 ) ;
#1937 = CARTESIAN_POINT ( 'NONE',  ( 38.60000000000000142, 36.50000000000000000, 4.000000000000000888 ) ) ;
#1938 = ORIENTED_EDGE ( 'NONE', *, *, #1219, .F. ) ;
#1939 = COORDINATED_UNIVERSAL_TIME_OFFSET ( 6, 0, .BEHIND. ) ;
#1940 = CARTESIAN_POINT ( 'NONE',  ( 34.00000000000000000, -16.00000000000000000, 7.000000000000000000 ) ) ;
#1941 = ORIENTED_EDGE ( 'NONE', *, *, #306, .T. ) ;
#1942 = DIRECTION ( 'NONE',  ( 0.000000000000000000, 1.000000000000000000, 0.000000000000000000 ) ) ;
#1943 = VECTOR ( 'NONE', #2313, 1000.000000000000000 ) ;
#1944 = DIRECTION ( 'NONE',  ( 0.000000000000000000, -1.000000000000000000, 0.000000000000000000 ) ) ;
#1945 = ADVANCED_FACE ( 'NONE', ( #1421 ), #1231, .T. ) ;
#1946 = CIRCLE ( 'NONE', #1112, 1.149999999999999911 ) ;
#1947 = DIRECTION ( 'NONE',  ( 0.000000000000000000, 0.000000000000000000, -1.000000000000000000 ) ) ;
#1948 = DIRECTION ( 'NONE',  ( 0.000000000000000000, 1.000000000000000000, 0.000000000000000000 ) ) ;
#1949 = ORIENTED_EDGE ( 'NONE', *, *, #1458, .T. ) ;
#1950 = FACE_BOUND ( 'NONE', #1358, .T. ) ;
#1951 = EDGE_CURVE ( 'NONE', #416, #301, #208, .T. ) ;
#1952 = FACE_BOUND ( 'NONE', #376, .T. ) ;
#1953 = VECTOR ( 'NONE', #1944, 1000.000000000000000 ) ;
#1954 = CARTESIAN_POINT ( 'NONE',  ( 34.00000000000000000, -16.00000000000000000, 4.000000000000000000 ) ) ;
#1955 = DATE_AND_TIME ( #398, #1093 ) ;
#1956 = CARTESIAN_POINT ( 'NONE',  ( 38.60000000000000142, 23.50000000000000000, 4.000000000000000888 ) ) ;
#1957 = ORIENTED_EDGE ( 'NONE', *, *, #1647, .F. ) ;
#1958 = EDGE_LOOP ( 'NONE', ( #1882, #1340, #1910, #1585 ) ) ;
#1959 = CARTESIAN_POINT ( 'NONE',  ( -3.404408906109840149, 2.100000000000000089, 0.000000000000000000 ) ) ;
#1960 = CARTESIAN_POINT ( 'NONE',  ( 58.00000000000000000, 27.00000000000000000, 4.000000000000000888 ) ) ;
#1961 = EDGE_CURVE ( 'NONE', #1985, #126, #533, .T. ) ;
#1962 = ORIENTED_EDGE ( 'NONE', *, *, #1259, .F. ) ;
#1963 = CC_DESIGN_PERSON_AND_ORGANIZATION_ASSIGNMENT ( #1073, #1254, ( #941 ) ) ;
#1964 = ORIENTED_EDGE ( 'NONE', *, *, #2216, .F. ) ;
#1965 = CARTESIAN_POINT ( 'NONE',  ( 0.000000000000000000, -8.150000000000000355, 0.000000000000000000 ) ) ;
#1966 = VECTOR ( 'NONE', #1269, 1000.000000000000000 ) ;
#1967 = LINE ( 'NONE', #1650, #12 ) ;
#1968 = ORIENTED_EDGE ( 'NONE', *, *, #166, .T. ) ;
#1969 = ADVANCED_FACE ( 'NONE', ( #368 ), #1245, .F. ) ;
#1970 = DIRECTION ( 'NONE',  ( -0.000000000000000000, -0.000000000000000000, -1.000000000000000000 ) ) ;
#1971 = DIRECTION ( 'NONE',  ( 1.000000000000000000, 0.000000000000000000, -0.000000000000000000 ) ) ;
#1972 = AXIS2_PLACEMENT_3D ( 'NONE', #1767, #672, #2114 ) ;
#1973 = VECTOR ( 'NONE', #1008, 1000.000000000000000 ) ;
#1974 = AXIS2_PLACEMENT_3D ( 'NONE', #1824, #1659, #213 ) ;
#1975 = PLANE ( 'NONE',  #2323 ) ;
#1976 = CARTESIAN_POINT ( 'NONE',  ( 0.000000000000000000, 7.000000000000000000, 4.000000000000000000 ) ) ;
#1977 = EDGE_CURVE ( 'NONE', #126, #1744, #140, .T. ) ;
#1978 = EDGE_CURVE ( 'NONE', #1856, #1497, #2137, .T. ) ;
#1979 = DIRECTION ( 'NONE',  ( 1.000000000000000000, 0.000000000000000000, 0.000000000000000000 ) ) ;
#1980 = ORIENTED_EDGE ( 'NONE', *, *, #49, .F. ) ;
#1981 = EDGE_CURVE ( 'NONE', #1388, #303, #728, .T. ) ;
#1982 = DIRECTION ( 'NONE',  ( 0.000000000000000000, 0.000000000000000000, -1.000000000000000000 ) ) ;
#1983 = FACE_OUTER_BOUND ( 'NONE', #2243, .T. ) ;
#1984 = DIRECTION ( 'NONE',  ( -1.000000000000000000, 0.000000000000000000, 0.000000000000000000 ) ) ;
#1985 = VERTEX_POINT ( 'NONE', #1251 ) ;
#1986 = DIRECTION ( 'NONE',  ( 1.000000000000000000, 0.000000000000000000, 0.000000000000000000 ) ) ;
#1987 = CARTESIAN_POINT ( 'NONE',  ( -7.000000000000000000, 0.000000000000000000, 8.000000000000000000 ) ) ;
#1988 = CARTESIAN_POINT ( 'NONE',  ( 10.95445115010332238, 7.000000000000000000, 4.000000000000000000 ) ) ;
#1989 = EDGE_CURVE ( 'NONE', #1102, #2318, #2170, .T. ) ;
#1990 = VERTEX_POINT ( 'NONE', #900 ) ;
#1991 = AXIS2_PLACEMENT_3D ( 'NONE', #250, #2274, #1506 ) ;
#1992 = VECTOR ( 'NONE', #1467, 1000.000000000000000 ) ;
#1993 = DIRECTION ( 'NONE',  ( 0.000000000000000000, 0.000000000000000000, 1.000000000000000000 ) ) ;
#1994 = CARTESIAN_POINT ( 'NONE',  ( 2.100000000000000089, -3.404408906109840149, 0.000000000000000000 ) ) ;
#1995 = VECTOR ( 'NONE', #2212, 1000.000000000000000 ) ;
#1996 = CIRCLE ( 'NONE', #1929, 1.100000000000003642 ) ;
#1997 = CARTESIAN_POINT ( 'NONE',  ( 27.00000000000000000, -16.00000000000000000, 7.000000000000000000 ) ) ;
#1998 = VERTEX_POINT ( 'NONE', #22 ) ;
#1999 = ORIENTED_EDGE ( 'NONE', *, *, #2174, .T. ) ;
#2000 = CARTESIAN_POINT ( 'NONE',  ( 0.000000000000000000, 0.000000000000000000, 4.000000000000000000 ) ) ;
#2001 = EDGE_CURVE ( 'NONE', #1783, #1702, #395, .T. ) ;
#2002 = DIRECTION ( 'NONE',  ( 0.000000000000000000, -0.000000000000000000, 1.000000000000000000 ) ) ;
#2003 = PLANE ( 'NONE',  #763 ) ;
#2004 = ORIENTED_EDGE ( 'NONE', *, *, #2111, .F. ) ;
#2005 = CIRCLE ( 'NONE', #506, 1.150000000000000799 ) ;
#2006 = VECTOR ( 'NONE', #1850, 1000.000000000000000 ) ;
#2007 = DIRECTION ( 'NONE',  ( 0.000000000000000000, 0.000000000000000000, -1.000000000000000000 ) ) ;
#2008 = EDGE_CURVE ( 'NONE', #204, #613, #1104, .T. ) ;
#2009 = ADVANCED_FACE ( 'NONE', ( #1292 ), #266, .F. ) ;
#2010 = FACE_OUTER_BOUND ( 'NONE', #2255, .T. ) ;
#2011 = DIRECTION ( 'NONE',  ( 0.000000000000000000, 0.000000000000000000, 1.000000000000000000 ) ) ;
#2012 = ORIENTED_EDGE ( 'NONE', *, *, #1803, .T. ) ;
#2013 = ORIENTED_EDGE ( 'NONE', *, *, #577, .F. ) ;
#2014 = CARTESIAN_POINT ( 'NONE',  ( -2.100000000000000089, -3.404408906109840149, 0.000000000000000000 ) ) ;
#2015 = CYLINDRICAL_SURFACE ( 'NONE', #1005, 13.00000000000000000 ) ;
#2016 = ADVANCED_FACE ( 'NONE', ( #1128 ), #2015, .T. ) ;
#2017 = VECTOR ( 'NONE', #578, 1000.000000000000000 ) ;
#2018 = DIRECTION ( 'NONE',  ( -1.000000000000000000, 0.000000000000000000, 0.000000000000000000 ) ) ;
#2019 = ORIENTED_EDGE ( 'NONE', *, *, #1571, .T. ) ;
#2020 = VECTOR ( 'NONE', #1175, 1000.000000000000000 ) ;
#2021 = DIRECTION ( 'NONE',  ( 1.000000000000000000, 0.000000000000000000, 0.000000000000000000 ) ) ;
#2022 = LINE ( 'NONE', #894, #1181 ) ;
#2023 = ORIENTED_EDGE ( 'NONE', *, *, #1146, .F. ) ;
#2024 = CARTESIAN_POINT ( 'NONE',  ( -5.850000000000000533, 7.000000000000000000, 4.000000000000000000 ) ) ;
#2025 = DIRECTION ( 'NONE',  ( -0.000000000000000000, -0.000000000000000000, -1.000000000000000000 ) ) ;
#2026 = VERTEX_POINT ( 'NONE', #1699 ) ;
#2027 = ORIENTED_EDGE ( 'NONE', *, *, #49, .T. ) ;
#2028 = DIRECTION ( 'NONE',  ( -1.000000000000000000, -0.000000000000000000, -0.000000000000000000 ) ) ;
#2029 = CARTESIAN_POINT ( 'NONE',  ( 58.00000000000000000, 15.00000000000000000, 0.000000000000000000 ) ) ;
#2030 = CARTESIAN_POINT ( 'NONE',  ( 0.000000000000000000, -7.000000000000000000, 4.000000000000000000 ) ) ;
#2031 = EDGE_LOOP ( 'NONE', ( #154, #1130, #1633, #1773 ) ) ;
#2032 = DIRECTION ( 'NONE',  ( -0.000000000000000000, 1.000000000000000000, 0.000000000000000000 ) ) ;
#2033 = CARTESIAN_POINT ( 'NONE',  ( 0.000000000000000000, 7.000000000000000000, 0.000000000000000000 ) ) ;
#2034 = DIRECTION ( 'NONE',  ( 0.000000000000000000, 0.000000000000000000, -1.000000000000000000 ) ) ;
#2035 = VERTEX_POINT ( 'NONE', #591 ) ;
#2036 = VERTEX_POINT ( 'NONE', #1116 ) ;
#2037 = LINE ( 'NONE', #1137, #1295 ) ;
#2038 = DIRECTION ( 'NONE',  ( -1.000000000000000000, 0.000000000000000000, -0.000000000000000000 ) ) ;
#2039 = CC_DESIGN_PERSON_AND_ORGANIZATION_ASSIGNMENT ( #703, #889, ( #386 ) ) ;
#2040 = VECTOR ( 'NONE', #132, 1000.000000000000000 ) ;
#2041 = LINE ( 'NONE', #1336, #2312 ) ;
#2042 = EDGE_LOOP ( 'NONE', ( #1964, #1729, #288, #734, #357, #809, #1142, #1717, #20, #1664, #1000, #19, #2056, #1640, #634, #1938, #1444, #543, #1761, #701, #1021, #2023, #1189 ) ) ;
#2043 = DIRECTION ( 'NONE',  ( -0.000000000000000000, -0.000000000000000000, -1.000000000000000000 ) ) ;
#2044 = LINE ( 'NONE', #1544, #1092 ) ;
#2045 = ORIENTED_EDGE ( 'NONE', *, *, #552, .T. ) ;
#2046 = AXIS2_PLACEMENT_3D ( 'NONE', #66, #411, #949 ) ;
#2047 = LINE ( 'NONE', #73, #2020 ) ;
#2048 = ORIENTED_EDGE ( 'NONE', *, *, #521, .F. ) ;
#2049 = ORIENTED_EDGE ( 'NONE', *, *, #1632, .F. ) ;
#2050 = PLANE ( 'NONE',  #2179 ) ;
#2051 = LINE ( 'NONE', #623, #2155 ) ;
#2052 = FACE_OUTER_BOUND ( 'NONE', #1651, .T. ) ;
#2053 = EDGE_CURVE ( 'NONE', #1388, #211, #1848, .T. ) ;
#2054 = EDGE_CURVE ( 'NONE', #2290, #1702, #1023, .T. ) ;
#2055 = VECTOR ( 'NONE', #737, 1000.000000000000000 ) ;
#2056 = ORIENTED_EDGE ( 'NONE', *, *, #1880, .F. ) ;
#2057 = ADVANCED_FACE ( 'NONE', ( #1321 ), #242, .T. ) ;
#2058 = LINE ( 'NONE', #450, #1849 ) ;
#2059 = DIRECTION ( 'NONE',  ( 0.000000000000000000, 0.000000000000000000, -1.000000000000000000 ) ) ;
#2060 = VERTEX_POINT ( 'NONE', #1660 ) ;
#2061 = EDGE_CURVE ( 'NONE', #589, #1212, #760, .T. ) ;
#2062 = VECTOR ( 'NONE', #1971, 1000.000000000000000 ) ;
#2063 = CARTESIAN_POINT ( 'NONE',  ( 34.00000000000000000, -7.000000000000000000, 4.000000000000000000 ) ) ;
#2064 = VERTEX_POINT ( 'NONE', #963 ) ;
#2065 = ORIENTED_EDGE ( 'NONE', *, *, #1951, .F. ) ;
#2066 = FACE_OUTER_BOUND ( 'NONE', #633, .T. ) ;
#2067 = CARTESIAN_POINT ( 'NONE',  ( 0.000000000000000000, -7.000000000000000000, 4.000000000000000000 ) ) ;
#2068 = EDGE_CURVE ( 'NONE', #1328, #492, #1485, .T. ) ;
#2069 = DIRECTION ( 'NONE',  ( -0.000000000000000000, -0.000000000000000000, -1.000000000000000000 ) ) ;
#2070 = CIRCLE ( 'NONE', #226, 1.299999999999995604 ) ;
#2071 = LINE ( 'NONE', #1491, #1995 ) ;
#2072 = ORIENTED_EDGE ( 'NONE', *, *, #166, .F. ) ;
#2073 = LINE ( 'NONE', #1867, #1226 ) ;
#2074 = EDGE_LOOP ( 'NONE', ( #1492, #1125, #352, #1030 ) ) ;
#2075 = ORIENTED_EDGE ( 'NONE', *, *, #421, .T. ) ;
#2076 = CARTESIAN_POINT ( 'NONE',  ( -3.404408906109840149, 2.100000000000000089, -1.649999999999999911 ) ) ;
#2077 = ADVANCED_FACE ( 'NONE', ( #948 ), #1674, .F. ) ;
#2078 = CARTESIAN_POINT ( 'NONE',  ( 65.00000000000000000, 30.00000000000000000, 0.000000000000000000 ) ) ;
#2079 = VECTOR ( 'NONE', #2224, 1000.000000000000000 ) ;
#2080 = ORIENTED_EDGE ( 'NONE', *, *, #2143, .T. ) ;
#2081 = APPROVAL_DATE_TIME ( #869, #481 ) ;
#2082 = DIRECTION ( 'NONE',  ( -1.000000000000000000, 0.000000000000000000, -0.000000000000000000 ) ) ;
#2083 = VERTEX_POINT ( 'NONE', #2233 ) ;
#2084 = FACE_BOUND ( 'NONE', #968, .T. ) ;
#2085 = EDGE_CURVE ( 'NONE', #899, #383, #1435, .T. ) ;
#2086 = ORIENTED_EDGE ( 'NONE', *, *, #928, .F. ) ;
#2087 = VECTOR ( 'NONE', #1464, 1000.000000000000000 ) ;
#2088 = ORIENTED_EDGE ( 'NONE', *, *, #2150, .F. ) ;
#2089 = UNCERTAINTY_MEASURE_WITH_UNIT (LENGTH_MEASURE( 1.000000000000000082E-05 ), #1048, 'distance_accuracy_value', 'NONE');
#2090 = CARTESIAN_POINT ( 'NONE',  ( -2.100000000000000089, -8.150000000000000355, 0.000000000000000000 ) ) ;
#2091 = CIRCLE ( 'NONE', #803, 1.149999999999999911 ) ;
#2092 = DIRECTION ( 'NONE',  ( 1.000000000000000000, 0.000000000000000000, 0.000000000000000000 ) ) ;
#2093 = ORIENTED_EDGE ( 'NONE', *, *, #893, .T. ) ;
#2094 = CIRCLE ( 'NONE', #139, 1.150000000000000799 ) ;
#2095 = AXIS2_PLACEMENT_3D ( 'NONE', #1872, #1153, #2038 ) ;
#2096 = CARTESIAN_POINT ( 'NONE',  ( 26.00000000000000000, 7.000000000000000000, 4.000000000000000000 ) ) ;
#2097 = AXIS2_PLACEMENT_3D ( 'NONE', #2206, #2315, #1986 ) ;
#2098 = VERTEX_POINT ( 'NONE', #1308 ) ;
#2099 = CARTESIAN_POINT ( 'NONE',  ( 0.000000000000000000, 0.000000000000000000, -1.649999999999999911 ) ) ;
#2100 = DIRECTION ( 'NONE',  ( 1.000000000000000000, 0.000000000000000000, 0.000000000000000000 ) ) ;
#2101 = ORIENTED_EDGE ( 'NONE', *, *, #1766, .F. ) ;
#2102 = ORIENTED_EDGE ( 'NONE', *, *, #867, .F. ) ;
#2103 = DIRECTION ( 'NONE',  ( 1.000000000000000000, 0.000000000000000000, 0.000000000000000000 ) ) ;
#2104 = CARTESIAN_POINT ( 'NONE',  ( 0.000000000000000000, 0.000000000000000000, 8.000000000000000000 ) ) ;
#2105 = DIRECTION ( 'NONE',  ( 1.000000000000000000, 0.000000000000000000, 0.000000000000000000 ) ) ;
#2106 = ORIENTED_EDGE ( 'NONE', *, *, #1803, .F. ) ;
#2107 = VERTEX_POINT ( 'NONE', #2029 ) ;
#2108 = FACE_OUTER_BOUND ( 'NONE', #960, .T. ) ;
#2109 = FACE_OUTER_BOUND ( 'NONE', #1683, .T. ) ;
#2110 = ORIENTED_EDGE ( 'NONE', *, *, #75, .T. ) ;
#2111 = EDGE_CURVE ( 'NONE', #1577, #249, #775, .T. ) ;
#2112 = CARTESIAN_POINT ( 'NONE',  ( 58.10000000000000142, -13.50000000000000000, 8.000000000000000000 ) ) ;
#2113 = LINE ( 'NONE', #671, #684 ) ;
#2114 = DIRECTION ( 'NONE',  ( 1.000000000000000000, 0.000000000000000000, 0.000000000000000000 ) ) ;
#2115 = AXIS2_PLACEMENT_3D ( 'NONE', #2227, #291, #1895 ) ;
#2116 = AXIS2_PLACEMENT_3D ( 'NONE', #2166, #560, #1796 ) ;
#2117 = DIRECTION ( 'NONE',  ( -0.000000000000000000, -0.000000000000000000, -1.000000000000000000 ) ) ;
#2118 = ORIENTED_EDGE ( 'NONE', *, *, #72, .F. ) ;
#2119 = APPROVAL_ROLE ( '' ) ;
#2120 = DIRECTION ( 'NONE',  ( 1.000000000000000000, 0.000000000000000000, 0.000000000000000000 ) ) ;
#2121 = VECTOR ( 'NONE', #1364, 1000.000000000000000 ) ;
#2122 = LOCAL_TIME ( 16, 52, 54.00000000000000000, #381 ) ;
#2123 = VERTEX_POINT ( 'NONE', #600 ) ;
#2124 = CYLINDRICAL_SURFACE ( 'NONE', #274, 1.150000000000000799 ) ;
#2125 = EDGE_CURVE ( 'NONE', #1184, #2036, #2245, .T. ) ;
#2126 = PLANE ( 'NONE',  #32 ) ;
#2127 = VECTOR ( 'NONE', #1012, 1000.000000000000000 ) ;
#2128 = PLANE ( 'NONE',  #845 ) ;
#2129 = VERTEX_POINT ( 'NONE', #1859 ) ;
#2130 = MECHANICAL_CONTEXT ( 'NONE', #202, 'mechanical' ) ;
#2131 = EDGE_CURVE ( 'NONE', #2289, #1613, #2051, .T. ) ;
#2132 = CARTESIAN_POINT ( 'NONE',  ( -7.000000000000000000, -7.000000000000000000, -1.650000000000000355 ) ) ;
#2133 = ORIENTED_EDGE ( 'NONE', *, *, #1241, .T. ) ;
#2134 = EDGE_CURVE ( 'NONE', #887, #1424, #1996, .T. ) ;
#2135 = CARTESIAN_POINT ( 'NONE',  ( 2.100000000000000089, -3.404408906109840149, -1.649999999999999911 ) ) ;
#2136 = EDGE_CURVE ( 'NONE', #330, #1212, #77, .T. ) ;
#2137 = CIRCLE ( 'NONE', #1108, 2.100000000000000089 ) ;
#2138 = DIRECTION ( 'NONE',  ( 0.000000000000000000, -1.000000000000000000, 0.000000000000000000 ) ) ;
#2139 = AXIS2_PLACEMENT_3D ( 'NONE', #730, #897, #8 ) ;
#2140 = DIRECTION ( 'NONE',  ( 0.000000000000000000, 0.000000000000000000, -1.000000000000000000 ) ) ;
#2141 = FACE_OUTER_BOUND ( 'NONE', #344, .T. ) ;
#2142 = VERTEX_POINT ( 'NONE', #748 ) ;
#2143 = EDGE_CURVE ( 'NONE', #639, #903, #1920, .T. ) ;
#2144 = ORIENTED_EDGE ( 'NONE', *, *, #478, .F. ) ;
#2145 = DIRECTION ( 'NONE',  ( -1.000000000000000000, 0.000000000000000000, 0.000000000000000000 ) ) ;
#2146 = CC_DESIGN_DATE_AND_TIME_ASSIGNMENT ( #1094, #1, ( #941 ) ) ;
#2147 = CARTESIAN_POINT ( 'NONE',  ( 7.000000000000000000, 7.000000000000000000, -1.650000000000000355 ) ) ;
#2148 = VERTEX_POINT ( 'NONE', #1209 ) ;
#2149 = LINE ( 'NONE', #1987, #1721 ) ;
#2150 = EDGE_CURVE ( 'NONE', #1184, #60, #324, .T. ) ;
#2151 = APPROVAL_STATUS ( 'not_yet_approved' ) ;
#2152 = DIRECTION ( 'NONE',  ( 1.000000000000000000, 0.000000000000000000, 0.000000000000000000 ) ) ;
#2153 = ORIENTED_EDGE ( 'NONE', *, *, #1727, .F. ) ;
#2154 = CARTESIAN_POINT ( 'NONE',  ( 0.000000000000000000, 0.000000000000000000, 0.000000000000000000 ) ) ;
#2155 = VECTOR ( 'NONE', #798, 1000.000000000000000 ) ;
#2156 = DIRECTION ( 'NONE',  ( 0.000000000000000000, -1.000000000000000000, 0.000000000000000000 ) ) ;
#2157 = EDGE_CURVE ( 'NONE', #1010, #1577, #282, .T. ) ;
#2158 = EDGE_CURVE ( 'NONE', #739, #1145, #2113, .T. ) ;
#2159 = ORIENTED_EDGE ( 'NONE', *, *, #1044, .F. ) ;
#2160 = DIRECTION ( 'NONE',  ( -0.000000000000000000, -0.000000000000000000, -1.000000000000000000 ) ) ;
#2161 = LINE ( 'NONE', #1430, #1781 ) ;
#2162 = EDGE_LOOP ( 'NONE', ( #1739, #2065 ) ) ;
#2163 = CARTESIAN_POINT ( 'NONE',  ( 13.00000000000000000, 1.592040838891559095E-15, 4.000000000000000000 ) ) ;
#2164 = LINE ( 'NONE', #943, #1786 ) ;
#2165 = CIRCLE ( 'NONE', #483, 4.000000000000000000 ) ;
#2166 = CARTESIAN_POINT ( 'NONE',  ( 0.000000000000000000, -8.150000000000000355, -1.649999999999999911 ) ) ;
#2167 = ORIENTED_EDGE ( 'NONE', *, *, #320, .T. ) ;
#2168 = ADVANCED_FACE ( 'NONE', ( #778 ), #982, .T. ) ;
#2169 = DIRECTION ( 'NONE',  ( -1.000000000000000000, 0.000000000000000000, 0.000000000000000000 ) ) ;
#2170 = LINE ( 'NONE', #1798, #105 ) ;
#2171 = CYLINDRICAL_SURFACE ( 'NONE', #358, 7.000000000000000000 ) ;
#2172 = ORIENTED_EDGE ( 'NONE', *, *, #1836, .T. ) ;
#2173 = CARTESIAN_POINT ( 'NONE',  ( -2.100000000000000089, 8.150000000000000355, -1.649999999999999911 ) ) ;
#2174 = EDGE_CURVE ( 'NONE', #2060, #2290, #815, .T. ) ;
#2175 = PLANE ( 'NONE',  #176 ) ;
#2176 = CARTESIAN_POINT ( 'NONE',  ( -4.000000000000000000, 0.000000000000000000, 0.000000000000000000 ) ) ;
#2177 = ORIENTED_EDGE ( 'NONE', *, *, #1042, .T. ) ;
#2178 = VERTEX_POINT ( 'NONE', #1503 ) ;
#2179 = AXIS2_PLACEMENT_3D ( 'NONE', #1179, #1164, #622 ) ;
#2180 = DIRECTION ( 'NONE',  ( 1.000000000000000000, 0.000000000000000000, 0.000000000000000000 ) ) ;
#2181 = CARTESIAN_POINT ( 'NONE',  ( 5.849999999999999645, 7.000000000000000000, 8.000000000000000000 ) ) ;
#2182 = EDGE_CURVE ( 'NONE', #1075, #903, #966, .T. ) ;
#2183 = DIRECTION ( 'NONE',  ( 0.000000000000000000, 1.000000000000000000, 0.000000000000000000 ) ) ;
#2184 = ORIENTED_EDGE ( 'NONE', *, *, #2054, .T. ) ;
#2185 = CIRCLE ( 'NONE', #1371, 1.099999999999996758 ) ;
#2186 = AXIS2_PLACEMENT_3D ( 'NONE', #1273, #1811, #908 ) ;
#2187 = LINE ( 'NONE', #2163, #475 ) ;
#2188 = EDGE_CURVE ( 'NONE', #1376, #186, #901, .T. ) ;
#2189 = CARTESIAN_POINT ( 'NONE',  ( 65.00000000000000000, 30.00000000000000000, 4.000000000000003553 ) ) ;
#2190 = AXIS2_PLACEMENT_3D ( 'NONE', #473, #604, #2251 ) ;
#2191 = CC_DESIGN_SECURITY_CLASSIFICATION ( #941, ( #386 ) ) ;
#2192 = CARTESIAN_POINT ( 'NONE',  ( 7.000000000000000000, -7.000000000000000000, -1.650000000000000355 ) ) ;
#2193 = ORIENTED_EDGE ( 'NONE', *, *, #1007, .F. ) ;
#2194 = ORIENTED_EDGE ( 'NONE', *, *, #718, .T. ) ;
#2195 = DIRECTION ( 'NONE',  ( -0.000000000000000000, -0.000000000000000000, -1.000000000000000000 ) ) ;
#2196 = CARTESIAN_POINT ( 'NONE',  ( 34.00000000000000000, 0.000000000000000000, 4.000000000000000000 ) ) ;
#2197 = FACE_BOUND ( 'NONE', #113, .T. ) ;
#2198 = ORIENTED_EDGE ( 'NONE', *, *, #515, .F. ) ;
#2199 = AXIS2_PLACEMENT_3D ( 'NONE', #2154, #1970, #558 ) ;
#2200 = VECTOR ( 'NONE', #1888, 1000.000000000000000 ) ;
#2201 = CARTESIAN_POINT ( 'NONE',  ( 40.00000000000000000, -7.000000000000000000, 4.000000000000000000 ) ) ;
#2202 = LINE ( 'NONE', #1302, #2062 ) ;
#2203 = CARTESIAN_POINT ( 'NONE',  ( -2.100000000000000089, -8.150000000000000355, -1.649999999999999911 ) ) ;
#2204 = ORIENTED_EDGE ( 'NONE', *, *, #1474, .F. ) ;
#2205 = ORIENTED_EDGE ( 'NONE', *, *, #1180, .F. ) ;
#2206 = CARTESIAN_POINT ( 'NONE',  ( -8.150000000000000355, 0.000000000000000000, -1.649999999999999911 ) ) ;
#2207 = VECTOR ( 'NONE', #2028, 1000.000000000000000 ) ;
#2208 = CARTESIAN_POINT ( 'NONE',  ( 34.00000000000000000, -11.00000000000000000, 7.000000000000000000 ) ) ;
#2209 = CARTESIAN_POINT ( 'NONE',  ( -2.100000000000000089, -8.150000000000000355, 0.000000000000000000 ) ) ;
#2210 = ORIENTED_EDGE ( 'NONE', *, *, #1156, .T. ) ;
#2211 = DIRECTION ( 'NONE',  ( 1.000000000000000000, 0.000000000000000000, 0.000000000000000000 ) ) ;
#2212 = DIRECTION ( 'NONE',  ( -0.000000000000000000, -0.000000000000000000, -1.000000000000000000 ) ) ;
#2213 = VERTEX_POINT ( 'NONE', #1352 ) ;
#2214 = EDGE_CURVE ( 'NONE', #1159, #252, #1557, .T. ) ;
#2215 = PLANE ( 'NONE',  #1487 ) ;
#2216 = EDGE_CURVE ( 'NONE', #455, #1075, #94, .T. ) ;
#2217 = CARTESIAN_POINT ( 'NONE',  ( 58.00000000000000000, 15.00000000000000000, 4.000000000000000888 ) ) ;
#2218 = ORIENTED_EDGE ( 'NONE', *, *, #915, .F. ) ;
#2219 = ORIENTED_EDGE ( 'NONE', *, *, #1981, .T. ) ;
#2220 = PLANE ( 'NONE',  #1586 ) ;
#2221 = CARTESIAN_POINT ( 'NONE',  ( -5.850000000000000533, -7.000000000000000000, 8.000000000000000000 ) ) ;
#2222 = DIRECTION ( 'NONE',  ( 0.000000000000000000, 0.000000000000000000, -1.000000000000000000 ) ) ;
#2223 = ORIENTED_EDGE ( 'NONE', *, *, #801, .F. ) ;
#2224 = DIRECTION ( 'NONE',  ( 1.000000000000000000, 0.000000000000000000, 0.000000000000000000 ) ) ;
#2225 = DIRECTION ( 'NONE',  ( -0.000000000000000000, -0.000000000000000000, -1.000000000000000000 ) ) ;
#2226 = VECTOR ( 'NONE', #354, 1000.000000000000000 ) ;
#2227 = CARTESIAN_POINT ( 'NONE',  ( 36.00000000000000000, 30.00000000000000000, 4.000000000000003553 ) ) ;
#2228 = VERTEX_POINT ( 'NONE', #1690 ) ;
#2229 = EDGE_CURVE ( 'NONE', #1576, #1985, #714, .T. ) ;
#2230 = ADVANCED_FACE ( 'NONE', ( #1325 ), #940, .F. ) ;
#2231 = CARTESIAN_POINT ( 'NONE',  ( 0.000000000000000000, 0.000000000000000000, 6.999999999999999112 ) ) ;
#2232 = AXIS2_PLACEMENT_3D ( 'NONE', #594, #2032, #427 ) ;
#2233 = CARTESIAN_POINT ( 'NONE',  ( 5.849999999999999645, 7.000000000000000000, -1.650000000000000355 ) ) ;
#2234 = EDGE_CURVE ( 'NONE', #353, #218, #286, .T. ) ;
#2235 = PLANE ( 'NONE',  #2046 ) ;
#2236 = EDGE_CURVE ( 'NONE', #654, #2129, #628, .T. ) ;
#2237 = ORIENTED_EDGE ( 'NONE', *, *, #1912, .T. ) ;
#2238 = CARTESIAN_POINT ( 'NONE',  ( 34.00000000000000000, -11.00000000000000000, 0.000000000000000000 ) ) ;
#2239 = CARTESIAN_POINT ( 'NONE',  ( -2.100000000000000089, -8.150000000000000355, 0.000000000000000000 ) ) ;
#2240 = AXIS2_PLACEMENT_3D ( 'NONE', #1917, #695, #310 ) ;
#2241 = CARTESIAN_POINT ( 'NONE',  ( 40.00000000000000000, -7.000000000000000000, 0.000000000000000000 ) ) ;
#2242 = VERTEX_POINT ( 'NONE', #1841 ) ;
#2243 = EDGE_LOOP ( 'NONE', ( #1563, #500, #909, #1317 ) ) ;
#2244 = DIRECTION ( 'NONE',  ( 0.000000000000000000, 1.000000000000000000, 0.000000000000000000 ) ) ;
#2245 = LINE ( 'NONE', #434, #2270 ) ;
#2246 = EDGE_CURVE ( 'NONE', #777, #211, #351, .T. ) ;
#2247 = LINE ( 'NONE', #1349, #290 ) ;
#2248 = AXIS2_PLACEMENT_3D ( 'NONE', #1446, #1636, #1779 ) ;
#2249 = ORIENTED_EDGE ( 'NONE', *, *, #1054, .F. ) ;
#2250 = DIRECTION ( 'NONE',  ( 1.000000000000000000, 0.000000000000000000, 0.000000000000000000 ) ) ;
#2251 = DIRECTION ( 'NONE',  ( -1.000000000000000000, 0.000000000000000000, 0.000000000000000000 ) ) ;
#2252 = CIRCLE ( 'NONE', #1830, 13.00000000000000000 ) ;
#2253 = CARTESIAN_POINT ( 'NONE',  ( -2.100000000000000089, -3.404408906109840149, 0.000000000000000000 ) ) ;
#2254 = ADVANCED_FACE ( 'NONE', ( #804 ), #1143, .F. ) ;
#2255 = EDGE_LOOP ( 'NONE', ( #2004, #575, #727, #984 ) ) ;
#2256 = ORIENTED_EDGE ( 'NONE', *, *, #554, .T. ) ;
#2257 = DIRECTION ( 'NONE',  ( 0.000000000000000000, 0.000000000000000000, -1.000000000000000000 ) ) ;
#2258 = DIRECTION ( 'NONE',  ( 0.000000000000000000, 0.000000000000000000, -1.000000000000000000 ) ) ;
#2259 = VERTEX_POINT ( 'NONE', #1864 ) ;
#2260 = EDGE_CURVE ( 'NONE', #322, #1657, #1543, .T. ) ;
#2261 = CARTESIAN_POINT ( 'NONE',  ( 0.000000000000000000, -7.000000000000000000, 0.000000000000000000 ) ) ;
#2262 = AXIS2_PLACEMENT_3D ( 'NONE', #134, #1024, #1582 ) ;
#2263 = DIRECTION ( 'NONE',  ( 0.000000000000000000, 0.000000000000000000, -1.000000000000000000 ) ) ;
#2264 = EDGE_LOOP ( 'NONE', ( #1514, #233, #1015, #871, #921, #626 ) ) ;
#2265 = PLANE ( 'NONE',  #1991 ) ;
#2266 = ORIENTED_EDGE ( 'NONE', *, *, #1493, .T. ) ;
#2267 = ORIENTED_EDGE ( 'NONE', *, *, #1233, .F. ) ;
#2268 = DIRECTION ( 'NONE',  ( -1.000000000000000000, 0.000000000000000000, 0.000000000000000000 ) ) ;
#2269 = CYLINDRICAL_SURFACE ( 'NONE', #1223, 1.299999999999995604 ) ;
#2270 = VECTOR ( 'NONE', #34, 1000.000000000000000 ) ;
#2271 = ORIENTED_EDGE ( 'NONE', *, *, #1935, .F. ) ;
#2272 = CARTESIAN_POINT ( 'NONE',  ( 8.150000000000000355, -2.100000000000000089, -1.649999999999999911 ) ) ;
#2273 = ORIENTED_EDGE ( 'NONE', *, *, #1629, .T. ) ;
#2274 = DIRECTION ( 'NONE',  ( 0.000000000000000000, -1.000000000000000000, 0.000000000000000000 ) ) ;
#2275 = EDGE_LOOP ( 'NONE', ( #2075, #1667, #1003, #1405 ) ) ;
#2276 = ORIENTED_EDGE ( 'NONE', *, *, #819, .T. ) ;
#2277 = FACE_OUTER_BOUND ( 'NONE', #431, .T. ) ;
#2278 = CYLINDRICAL_SURFACE ( 'NONE', #545, 1.150000000000000799 ) ;
#2279 = ORIENTED_EDGE ( 'NONE', *, *, #2260, .T. ) ;
#2280 = DATE_TIME_ROLE ( 'creation_date' ) ;
#2281 = VECTOR ( 'NONE', #708, 1000.000000000000000 ) ;
#2282 = VECTOR ( 'NONE', #378, 1000.000000000000000 ) ;
#2283 = CARTESIAN_POINT ( 'NONE',  ( 0.000000000000000000, 0.000000000000000000, 0.000000000000000000 ) ) ;
#2284 = EDGE_LOOP ( 'NONE', ( #733, #1163, #93, #191 ) ) ;
#2285 = DIRECTION ( 'NONE',  ( 0.000000000000000000, 0.000000000000000000, 1.000000000000000000 ) ) ;
#2286 = DIRECTION ( 'NONE',  ( 1.000000000000000000, 0.000000000000000000, 0.000000000000000000 ) ) ;
#2287 = CARTESIAN_POINT ( 'NONE',  ( 34.00000000000000000, -16.00000000000000000, 4.000000000000000000 ) ) ;
#2288 = CARTESIAN_POINT ( 'NONE',  ( -2.100000000000000089, -8.150000000000000355, 0.000000000000000000 ) ) ;
#2289 = VERTEX_POINT ( 'NONE', #1312 ) ;
#2290 = VERTEX_POINT ( 'NONE', #2238 ) ;
#2291 = CALENDAR_DATE ( 2026, 8, 9 ) ;
#2292 = DIRECTION ( 'NONE',  ( 0.000000000000000000, 0.000000000000000000, 1.000000000000000000 ) ) ;
#2293 = ORIENTED_EDGE ( 'NONE', *, *, #1228, .T. ) ;
#2294 = LINE ( 'NONE', #1959, #2226 ) ;
#2295 = DIRECTION ( 'NONE',  ( 0.000000000000000000, 0.000000000000000000, -1.000000000000000000 ) ) ;
#2296 = AXIS2_PLACEMENT_3D ( 'NONE', #2099, #1591, #2308 ) ;
#2297 = CIRCLE ( 'NONE', #1271, 1.150000000000000799 ) ;
#2298 = EDGE_CURVE ( 'NONE', #2129, #1601, #615, .T. ) ;
#2299 = EDGE_CURVE ( 'NONE', #1990, #788, #2058, .T. ) ;
#2300 = DIRECTION ( 'NONE',  ( -1.000000000000000000, -0.000000000000000000, -0.000000000000000000 ) ) ;
#2301 = ORIENTED_EDGE ( 'NONE', *, *, #71, .T. ) ;
#2302 = ADVANCED_FACE ( 'NONE', ( #1157 ), #1875, .T. ) ;
#2303 = CARTESIAN_POINT ( 'NONE',  ( 7.000000000000000000, -7.000000000000000000, 8.000000000000000000 ) ) ;
#2304 = DIRECTION ( 'NONE',  ( 1.000000000000000000, 3.552713678800500929E-15, 0.000000000000000000 ) ) ;
#2305 = VECTOR ( 'NONE', #998, 1000.000000000000000 ) ;
#2306 = VECTOR ( 'NONE', #128, 1000.000000000000000 ) ;
#2307 = ORIENTED_EDGE ( 'NONE', *, *, #922, .T. ) ;
#2308 = DIRECTION ( 'NONE',  ( 1.000000000000000000, 0.000000000000000000, -0.000000000000000000 ) ) ;
#2309 = EDGE_CURVE ( 'NONE', #1822, #654, #1131, .T. ) ;
#2310 = DIRECTION ( 'NONE',  ( 1.000000000000000000, 0.000000000000000000, -0.000000000000000000 ) ) ;
#2311 = VECTOR ( 'NONE', #1248, 1000.000000000000000 ) ;
#2312 = VECTOR ( 'NONE', #78, 1000.000000000000000 ) ;
#2313 = DIRECTION ( 'NONE',  ( 0.000000000000000000, 1.000000000000000000, 0.000000000000000000 ) ) ;
#2314 = ADVANCED_FACE ( 'NONE', ( #2108 ), #117, .F. ) ;
#2315 = DIRECTION ( 'NONE',  ( 0.000000000000000000, 0.000000000000000000, 1.000000000000000000 ) ) ;
#2316 = LINE ( 'NONE', #2096, #1600 ) ;
#2317 = ORIENTED_EDGE ( 'NONE', *, *, #158, .F. ) ;
#2318 = VERTEX_POINT ( 'NONE', #1730 ) ;
#2319 = CIRCLE ( 'NONE', #2097, 2.100000000000000089 ) ;
#2320 = DIRECTION ( 'NONE',  ( 1.000000000000000000, 0.000000000000000000, 0.000000000000000000 ) ) ;
#2321 = AXIS2_PLACEMENT_3D ( 'NONE', #180, #1614, #711 ) ;
#2322 = DIRECTION ( 'NONE',  ( 1.000000000000000000, 0.000000000000000000, 0.000000000000000000 ) ) ;
#2323 = AXIS2_PLACEMENT_3D ( 'NONE', #1631, #1113, #2011 ) ;
#2324 = EDGE_CURVE ( 'NONE', #1482, #739, #641, .T. ) ;
#2325 = VERTEX_POINT ( 'NONE', #341 ) ;
#2326 = CARTESIAN_POINT ( 'NONE',  ( 0.000000000000000000, 0.000000000000000000, 4.000000000000000000 ) ) ;
#2327 = PLANE ( 'NONE',  #1287 ) ;
#2328 = ORIENTED_EDGE ( 'NONE', *, *, #970, .T. ) ;
#2329 = EDGE_CURVE ( 'NONE', #651, #608, #1363, .T. ) ;
#2330 = EDGE_CURVE ( 'NONE', #2148, #1899, #1205, .T. ) ;
#2331 = CARTESIAN_POINT ( 'NONE',  ( -8.150000000000000355, -7.000000000000000000, 8.000000000000000000 ) ) ;
#2332 = DIRECTION ( 'NONE',  ( -1.000000000000000000, -0.000000000000000000, -0.000000000000000000 ) ) ;
#2333 = CARTESIAN_POINT ( 'NONE',  ( -8.150000000000000355, -2.100000000000000089, 0.000000000000000000 ) ) ;
ENDSEC;
END-ISO-10303-21;
