ISO-10303-21;
HEADER;
FILE_DESCRIPTION (( 'STEP AP203' ),
    '1' );
FILE_NAME ('ARM-103_Grip_moving_finger.step',
    '2026-09-08T22:01:09',
    ( '' ),
    ( '' ),
    'SwSTEP 2.0',
    'SolidWorks 2026',
    '' );
FILE_SCHEMA (( 'CONFIG_CONTROL_DESIGN' ));
ENDSEC;

DATA;
#1 = VECTOR ( 'NONE', #1089, 1000.000000000000000 ) ;
#2 = EDGE_LOOP ( 'NONE', ( #644, #602, #1179, #529 ) ) ;
#3 = LOCAL_TIME ( 17, 1, 9.000000000000000000, #923 ) ;
#4 = CIRCLE ( 'NONE', #390, 4.000000000000000000 ) ;
#5 = CARTESIAN_POINT ( 'NONE',  ( 3.404408906109840149, -2.100000000000000089, 15.00000000000000000 ) ) ;
#6 = FACE_OUTER_BOUND ( 'NONE', #1245, .T. ) ;
#7 = CYLINDRICAL_SURFACE ( 'NONE', #26, 13.00000000000000000 ) ;
#8 = EDGE_CURVE ( 'NONE', #379, #336, #1326, .T. ) ;
#9 = ORIENTED_EDGE ( 'NONE', *, *, #1193, .F. ) ;
#10 = DIRECTION ( 'NONE',  ( 1.000000000000000000, 0.000000000000000000, 0.000000000000000000 ) ) ;
#11 = LINE ( 'NONE', #1073, #68 ) ;
#12 = DIRECTION ( 'NONE',  ( 0.000000000000000000, 0.000000000000000000, -1.000000000000000000 ) ) ;
#13 = CARTESIAN_POINT ( 'NONE',  ( 5.849999999999999645, 7.000000000000000000, 18.00000000000000355 ) ) ;
#14 = AXIS2_PLACEMENT_3D ( 'NONE', #898, #553, #1365 ) ;
#15 = ORIENTED_EDGE ( 'NONE', *, *, #1144, .F. ) ;
#16 = PLANE ( 'NONE',  #289 ) ;
#17 = FACE_BOUND ( 'NONE', #46, .T. ) ;
#18 = DIRECTION ( 'NONE',  ( 1.000000000000000000, 0.000000000000000000, -0.000000000000000000 ) ) ;
#19 = CC_DESIGN_PERSON_AND_ORGANIZATION_ASSIGNMENT ( #525, #177, ( #548 ) ) ;
#20 = CARTESIAN_POINT ( 'NONE',  ( 7.000000000000000000, -7.000000000000000000, 18.00000000000000355 ) ) ;
#21 = LINE ( 'NONE', #1269, #296 ) ;
#22 = ORIENTED_EDGE ( 'NONE', *, *, #662, .T. ) ;
#23 = DIRECTION ( 'NONE',  ( 0.000000000000000000, 0.000000000000000000, 1.000000000000000000 ) ) ;
#24 = PLANE ( 'NONE',  #1401 ) ;
#25 = APPROVAL_PERSON_ORGANIZATION ( #1034, #295, #559 ) ;
#26 = AXIS2_PLACEMENT_3D ( 'NONE', #1213, #1081, #854 ) ;
#27 = ORIENTED_EDGE ( 'NONE', *, *, #416, .F. ) ;
#28 = DIRECTION ( 'NONE',  ( 1.000000000000000000, 0.000000000000000000, -0.000000000000000000 ) ) ;
#29 = CIRCLE ( 'NONE', #1559, 4.000000000000000000 ) ;
#30 = CARTESIAN_POINT ( 'NONE',  ( 19.09999999999999787, -17.50000000000000000, 18.00000000000000355 ) ) ;
#31 = EDGE_CURVE ( 'NONE', #1290, #1523, #1196, .T. ) ;
#32 = EDGE_LOOP ( 'NONE', ( #1068, #920 ) ) ;
#33 = EDGE_CURVE ( 'NONE', #1547, #1537, #1052, .T. ) ;
#34 = PLANE ( 'NONE',  #55 ) ;
#35 = ORIENTED_EDGE ( 'NONE', *, *, #685, .T. ) ;
#36 = DIRECTION ( 'NONE',  ( -1.000000000000000000, 0.000000000000000000, 0.000000000000000000 ) ) ;
#37 = ORIENTED_EDGE ( 'NONE', *, *, #954, .F. ) ;
#38 = CYLINDRICAL_SURFACE ( 'NONE', #1464, 4.000000000000000000 ) ;
#39 = DIRECTION ( 'NONE',  ( 1.000000000000000000, 0.000000000000000000, 0.000000000000000000 ) ) ;
#40 = APPROVAL_DATE_TIME ( #64, #581 ) ;
#41 = EDGE_CURVE ( 'NONE', #266, #1425, #1562, .T. ) ;
#42 = ORIENTED_EDGE ( 'NONE', *, *, #1498, .T. ) ;
#43 = CARTESIAN_POINT ( 'NONE',  ( 3.000000000000000000, 3.673940397442059868E-16, 18.00000000000000355 ) ) ;
#44 = ORIENTED_EDGE ( 'NONE', *, *, #1472, .T. ) ;
#45 = DIRECTION ( 'NONE',  ( 0.000000000000000000, -0.000000000000000000, 1.000000000000000000 ) ) ;
#46 = EDGE_LOOP ( 'NONE', ( #1411, #593 ) ) ;
#47 = CARTESIAN_POINT ( 'NONE',  ( -8.150000000000000355, 2.100000000000000089, 15.00000000000000000 ) ) ;
#48 = CARTESIAN_POINT ( 'NONE',  ( -2.100000000000000089, 3.404408906109840149, 15.00000000000000000 ) ) ;
#49 = ORIENTED_EDGE ( 'NONE', *, *, #605, .T. ) ;
#50 = APPROVAL ( #1530, 'UNSPECIFIED' ) ;
#51 = DIRECTION ( 'NONE',  ( 0.000000000000000000, 0.000000000000000000, 1.000000000000000000 ) ) ;
#52 = ORIENTED_EDGE ( 'NONE', *, *, #799, .F. ) ;
#53 = CARTESIAN_POINT ( 'NONE',  ( 2.100000000000000089, 8.150000000000000355, 15.00000000000000000 ) ) ;
#54 = EDGE_LOOP ( 'NONE', ( #784, #27 ) ) ;
#55 = AXIS2_PLACEMENT_3D ( 'NONE', #1500, #1367, #1241 ) ;
#56 = DIRECTION ( 'NONE',  ( 0.000000000000000000, 0.000000000000000000, -1.000000000000000000 ) ) ;
#57 = AXIS2_PLACEMENT_3D ( 'NONE', #965, #973, #1229 ) ;
#58 = EDGE_LOOP ( 'NONE', ( #1273, #1064, #1508, #557 ) ) ;
#59 = CIRCLE ( 'NONE', #520, 4.000000000000000000 ) ;
#60 = EDGE_CURVE ( 'NONE', #358, #697, #1408, .T. ) ;
#61 = VERTEX_POINT ( 'NONE', #1164 ) ;
#62 = ORIENTED_EDGE ( 'NONE', *, *, #424, .T. ) ;
#63 = CARTESIAN_POINT ( 'NONE',  ( 18.00000000000000000, -17.50000000000000000, 18.00000000000000355 ) ) ;
#64 = DATE_AND_TIME ( #1378, #1385 ) ;
#65 = CARTESIAN_POINT ( 'NONE',  ( 0.000000000000000000, 0.000000000000000000, 18.00000000000000355 ) ) ;
#66 = ORIENTED_EDGE ( 'NONE', *, *, #1006, .T. ) ;
#67 = CARTESIAN_POINT ( 'NONE',  ( 0.000000000000000000, -13.00000000000000000, 15.00000000000000000 ) ) ;
#68 = VECTOR ( 'NONE', #506, 1000.000000000000000 ) ;
#69 = ORIENTED_EDGE ( 'NONE', *, *, #954, .T. ) ;
#70 = EDGE_LOOP ( 'NONE', ( #287, #103, #1186, #90, #991, #242, #877, #355, #1148, #1185, #259, #1123, #202, #769, #62, #162, #527 ) ) ;
#71 = LINE ( 'NONE', #810, #1206 ) ;
#72 = EDGE_CURVE ( 'NONE', #129, #1044, #1534, .T. ) ;
#73 = DIRECTION ( 'NONE',  ( 0.000000000000000000, 0.000000000000000000, 1.000000000000000000 ) ) ;
#74 = VERTEX_POINT ( 'NONE', #215 ) ;
#75 = ORIENTED_EDGE ( 'NONE', *, *, #1212, .F. ) ;
#76 = ORIENTED_EDGE ( 'NONE', *, *, #321, .T. ) ;
#77 = LINE ( 'NONE', #943, #601 ) ;
#78 = EDGE_CURVE ( 'NONE', #1402, #1366, #1427, .T. ) ;
#79 = DIRECTION ( 'NONE',  ( 1.000000000000000000, 0.000000000000000000, 0.000000000000000000 ) ) ;
#80 = VERTEX_POINT ( 'NONE', #1301 ) ;
#81 = CIRCLE ( 'NONE', #386, 1.149999999999999911 ) ;
#82 = CARTESIAN_POINT ( 'NONE',  ( 0.000000000000000000, 0.000000000000000000, 15.00000000000000000 ) ) ;
#83 = EDGE_CURVE ( 'NONE', #1537, #1556, #85, .T. ) ;
#84 = EDGE_LOOP ( 'NONE', ( #1416, #538, #921, #561 ) ) ;
#85 = LINE ( 'NONE', #820, #756 ) ;
#86 = LINE ( 'NONE', #1041, #1420 ) ;
#87 = CARTESIAN_POINT ( 'NONE',  ( 0.000000000000000000, 0.000000000000000000, 18.00000000000000000 ) ) ;
#88 = EDGE_CURVE ( 'NONE', #205, #740, #608, .T. ) ;
#89 = ORIENTED_EDGE ( 'NONE', *, *, #891, .F. ) ;
#90 = ORIENTED_EDGE ( 'NONE', *, *, #108, .T. ) ;
#91 = FACE_OUTER_BOUND ( 'NONE', #1412, .T. ) ;
#92 = CARTESIAN_POINT ( 'NONE',  ( 25.10000000000000142, -17.50000000000000000, 18.00000000000000355 ) ) ;
#93 = ORIENTED_EDGE ( 'NONE', *, *, #950, .T. ) ;
#94 = EDGE_CURVE ( 'NONE', #786, #855, #270, .T. ) ;
#95 = ORIENTED_EDGE ( 'NONE', *, *, #823, .F. ) ;
#96 = UNCERTAINTY_MEASURE_WITH_UNIT (LENGTH_MEASURE( 1.000000000000000082E-05 ), #1453, 'distance_accuracy_value', 'NONE');
#97 = CYLINDRICAL_SURFACE ( 'NONE', #1558, 1.100000000000000311 ) ;
#98 = CARTESIAN_POINT ( 'NONE',  ( 18.00000000000000000, -17.50000000000000000, 18.00000000000000355 ) ) ;
#99 = CYLINDRICAL_SURFACE ( 'NONE', #1372, 2.100000000000000089 ) ;
#100 = DIRECTION ( 'NONE',  ( 1.000000000000000000, 0.000000000000000000, 0.000000000000000000 ) ) ;
#101 = ADVANCED_FACE ( 'NONE', ( #17, #1569, #498 ), #1458, .T. ) ;
#102 = CARTESIAN_POINT ( 'NONE',  ( 2.100000000000000089, 3.404408906109840149, 13.34999999999999964 ) ) ;
#103 = ORIENTED_EDGE ( 'NONE', *, *, #331, .T. ) ;
#104 = AXIS2_PLACEMENT_3D ( 'NONE', #838, #606, #1321 ) ;
#105 = AXIS2_PLACEMENT_3D ( 'NONE', #611, #1456, #985 ) ;
#106 = AXIS2_PLACEMENT_3D ( 'NONE', #356, #1095, #253 ) ;
#107 = ORIENTED_EDGE ( 'NONE', *, *, #1433, .T. ) ;
#108 = EDGE_CURVE ( 'NONE', #427, #1504, #276, .T. ) ;
#109 = CARTESIAN_POINT ( 'NONE',  ( 7.000000000000000000, 7.000000000000000000, 18.00000000000000355 ) ) ;
#110 = CARTESIAN_POINT ( 'NONE',  ( 2.100000000000000089, 8.150000000000000355, 15.00000000000000000 ) ) ;
#111 = LINE ( 'NONE', #350, #801 ) ;
#112 = DIRECTION ( 'NONE',  ( 0.000000000000000000, 0.000000000000000000, -1.000000000000000000 ) ) ;
#113 = ORIENTED_EDGE ( 'NONE', *, *, #727, .T. ) ;
#114 = DIRECTION ( 'NONE',  ( 0.000000000000000000, 0.000000000000000000, 1.000000000000000000 ) ) ;
#115 = DIRECTION ( 'NONE',  ( 0.000000000000000000, 0.000000000000000000, -1.000000000000000000 ) ) ;
#116 = APPLICATION_CONTEXT ( 'configuration controlled 3d designs of mechanical parts and assemblies' ) ;
#117 = CARTESIAN_POINT ( 'NONE',  ( 13.00000000000000000, 1.592040838891559095E-15, 15.00000000000000000 ) ) ;
#118 = CARTESIAN_POINT ( 'NONE',  ( -8.150000000000000355, -2.100000000000000089, 15.00000000000000000 ) ) ;
#119 = EDGE_CURVE ( 'NONE', #298, #1309, #1575, .T. ) ;
#120 = CC_DESIGN_PERSON_AND_ORGANIZATION_ASSIGNMENT ( #1147, #1029, ( #1047 ) ) ;
#121 = VERTEX_POINT ( 'NONE', #850 ) ;
#122 = FACE_OUTER_BOUND ( 'NONE', #1171, .T. ) ;
#123 = DIRECTION ( 'NONE',  ( 0.000000000000000000, -1.000000000000000000, 0.000000000000000000 ) ) ;
#124 = CARTESIAN_POINT ( 'NONE',  ( 27.00000000000000000, -20.00000000000000000, 0.000000000000000000 ) ) ;
#125 = EDGE_CURVE ( 'NONE', #1282, #121, #863, .T. ) ;
#126 = EDGE_CURVE ( 'NONE', #199, #1501, #1224, .T. ) ;
#127 = ADVANCED_FACE ( 'NONE', ( #735 ), #504, .F. ) ;
#128 = VECTOR ( 'NONE', #872, 1000.000000000000000 ) ;
#129 = VERTEX_POINT ( 'NONE', #512 ) ;
#130 =( GEOMETRIC_REPRESENTATION_CONTEXT ( 3 ) GLOBAL_UNCERTAINTY_ASSIGNED_CONTEXT ( ( #96 ) ) GLOBAL_UNIT_ASSIGNED_CONTEXT ( ( #1453, #1024, #234 ) ) REPRESENTATION_CONTEXT ( 'NONE', 'WORKASPACE' ) );
#131 = CIRCLE ( 'NONE', #105, 2.100000000000000089 ) ;
#132 = CYLINDRICAL_SURFACE ( 'NONE', #1023, 3.000000000000000000 ) ;
#133 = EDGE_CURVE ( 'NONE', #480, #834, #729, .T. ) ;
#134 = PLANE ( 'NONE',  #913 ) ;
#135 = DIRECTION ( 'NONE',  ( 0.000000000000000000, 1.000000000000000000, 0.000000000000000000 ) ) ;
#136 = VECTOR ( 'NONE', #881, 1000.000000000000000 ) ;
#137 = ORIENTED_EDGE ( 'NONE', *, *, #847, .T. ) ;
#138 = DIRECTION ( 'NONE',  ( -0.000000000000000000, -0.000000000000000000, -1.000000000000000000 ) ) ;
#139 = DIRECTION ( 'NONE',  ( 0.000000000000000000, 0.000000000000000000, -1.000000000000000000 ) ) ;
#140 = DIRECTION ( 'NONE',  ( -0.000000000000000000, -0.000000000000000000, -1.000000000000000000 ) ) ;
#141 = CARTESIAN_POINT ( 'NONE',  ( 2.100000000000000089, -8.150000000000000355, 15.00000000000000000 ) ) ;
#142 = VECTOR ( 'NONE', #418, 1000.000000000000000 ) ;
#143 = ADVANCED_FACE ( 'NONE', ( #1210 ), #879, .F. ) ;
#144 = ORIENTED_EDGE ( 'NONE', *, *, #1503, .T. ) ;
#145 = CARTESIAN_POINT ( 'NONE',  ( 0.000000000000000000, -19.00000000000000000, 15.00000000000000000 ) ) ;
#146 = EDGE_CURVE ( 'NONE', #1194, #427, #617, .T. ) ;
#147 = CARTESIAN_POINT ( 'NONE',  ( 16.89999999999999858, -17.50000000000000000, 18.00000000000000355 ) ) ;
#148 = CARTESIAN_POINT ( 'NONE',  ( 12.64911064067351809, 3.000000000000000000, 15.00000000000000000 ) ) ;
#149 = CALENDAR_DATE ( 2026, 8, 9 ) ;
#150 = EDGE_CURVE ( 'NONE', #1044, #1057, #770, .T. ) ;
#151 = ORIENTED_EDGE ( 'NONE', *, *, #198, .F. ) ;
#152 = CYLINDRICAL_SURFACE ( 'NONE', #545, 4.000000000000000000 ) ;
#153 = CARTESIAN_POINT ( 'NONE',  ( 8.150000000000000355, 2.100000000000000977, 13.34999999999999964 ) ) ;
#154 = LOCAL_TIME ( 17, 1, 9.000000000000000000, #643 ) ;
#155 = EDGE_CURVE ( 'NONE', #1366, #1145, #636, .T. ) ;
#156 = ORIENTED_EDGE ( 'NONE', *, *, #1042, .F. ) ;
#157 = CARTESIAN_POINT ( 'NONE',  ( 3.404408906109840149, -2.100000000000000089, 15.00000000000000000 ) ) ;
#158 = SHAPE_DEFINITION_REPRESENTATION ( #441, #394 ) ;
#159 = DIRECTION ( 'NONE',  ( 0.000000000000000000, 0.000000000000000000, -1.000000000000000000 ) ) ;
#160 = ORIENTED_EDGE ( 'NONE', *, *, #246, .F. ) ;
#161 = LINE ( 'NONE', #285, #1514 ) ;
#162 = ORIENTED_EDGE ( 'NONE', *, *, #208, .T. ) ;
#163 = DIRECTION ( 'NONE',  ( 0.000000000000000000, 0.000000000000000000, -1.000000000000000000 ) ) ;
#164 = EDGE_LOOP ( 'NONE', ( #451, #765, #1298, #893 ) ) ;
#165 = CYLINDRICAL_SURFACE ( 'NONE', #775, 1.150000000000000799 ) ;
#166 = LINE ( 'NONE', #272, #751 ) ;
#167 = PERSON_AND_ORGANIZATION ( #1304, #1226 ) ;
#168 = CARTESIAN_POINT ( 'NONE',  ( -3.000000000000000000, 0.000000000000000000, 18.00000000000000355 ) ) ;
#169 = APPLICATION_CONTEXT ( 'configuration controlled 3d designs of mechanical parts and assemblies' ) ;
#170 = CIRCLE ( 'NONE', #887, 1.150000000000000799 ) ;
#171 = ORIENTED_EDGE ( 'NONE', *, *, #1341, .F. ) ;
#172 = DIRECTION ( 'NONE',  ( 1.000000000000000000, 0.000000000000000000, 0.000000000000000000 ) ) ;
#173 = ORIENTED_EDGE ( 'NONE', *, *, #424, .F. ) ;
#174 = CARTESIAN_POINT ( 'NONE',  ( 7.000000000000000000, 7.000000000000000000, 13.34999999999999964 ) ) ;
#175 = ORIENTED_EDGE ( 'NONE', *, *, #254, .F. ) ;
#176 = DIRECTION ( 'NONE',  ( 0.000000000000000000, 0.000000000000000000, 1.000000000000000000 ) ) ;
#177 = PERSON_AND_ORGANIZATION_ROLE ( 'creator' ) ;
#178 = DIRECTION ( 'NONE',  ( 0.000000000000000000, 0.000000000000000000, 1.000000000000000000 ) ) ;
#179 = ORIENTED_EDGE ( 'NONE', *, *, #227, .F. ) ;
#180 = EDGE_CURVE ( 'NONE', #1309, #1200, #21, .T. ) ;
#181 = VERTEX_POINT ( 'NONE', #516 ) ;
#182 = EDGE_LOOP ( 'NONE', ( #1254, #904 ) ) ;
#183 = LOCAL_TIME ( 17, 1, 9.000000000000000000, #284 ) ;
#184 = LINE ( 'NONE', #200, #998 ) ;
#185 = AXIS2_PLACEMENT_3D ( 'NONE', #1465, #978, #1568 ) ;
#186 = VECTOR ( 'NONE', #115, 1000.000000000000000 ) ;
#187 = DIRECTION ( 'NONE',  ( 0.000000000000000000, 0.000000000000000000, -1.000000000000000000 ) ) ;
#188 = ORIENTED_EDGE ( 'NONE', *, *, #532, .T. ) ;
#189 = ORIENTED_EDGE ( 'NONE', *, *, #842, .F. ) ;
#190 = FACE_OUTER_BOUND ( 'NONE', #713, .T. ) ;
#191 = ORIENTED_EDGE ( 'NONE', *, *, #1503, .F. ) ;
#192 = LINE ( 'NONE', #1181, #1075 ) ;
#193 = DIRECTION ( 'NONE',  ( -0.000000000000000000, -0.000000000000000000, -1.000000000000000000 ) ) ;
#194 = ORIENTED_EDGE ( 'NONE', *, *, #515, .T. ) ;
#195 = ORIENTED_EDGE ( 'NONE', *, *, #819, .F. ) ;
#196 = AXIS2_PLACEMENT_3D ( 'NONE', #1002, #1368, #269 ) ;
#197 = ORIENTED_EDGE ( 'NONE', *, *, #83, .F. ) ;
#198 = EDGE_CURVE ( 'NONE', #1504, #1396, #1398, .T. ) ;
#199 = VERTEX_POINT ( 'NONE', #790 ) ;
#200 = CARTESIAN_POINT ( 'NONE',  ( -2.100000000000000089, -8.150000000000000355, 15.00000000000000000 ) ) ;
#201 = DIRECTION ( 'NONE',  ( -1.000000000000000000, -0.000000000000000000, -0.000000000000000000 ) ) ;
#202 = ORIENTED_EDGE ( 'NONE', *, *, #1271, .T. ) ;
#203 = ADVANCED_FACE ( 'NONE', ( #1137 ), #782, .T. ) ;
#204 = FACE_OUTER_BOUND ( 'NONE', #1072, .T. ) ;
#205 = VERTEX_POINT ( 'NONE', #30 ) ;
#206 = ORIENTED_EDGE ( 'NONE', *, *, #1264, .T. ) ;
#207 = DIRECTION ( 'NONE',  ( 0.000000000000000000, 0.000000000000000000, -1.000000000000000000 ) ) ;
#208 = EDGE_CURVE ( 'NONE', #400, #358, #1014, .T. ) ;
#209 = CIRCLE ( 'NONE', #415, 1.100000000000000311 ) ;
#210 = CARTESIAN_POINT ( 'NONE',  ( 0.000000000000000000, 3.000000000000000000, 18.00000000000000000 ) ) ;
#211 = CC_DESIGN_SECURITY_CLASSIFICATION ( #1047, ( #548 ) ) ;
#212 = VECTOR ( 'NONE', #759, 1000.000000000000000 ) ;
#213 = VERTEX_POINT ( 'NONE', #157 ) ;
#214 = AXIS2_PLACEMENT_3D ( 'NONE', #1513, #642, #524 ) ;
#215 = CARTESIAN_POINT ( 'NONE',  ( 16.89999999999999858, -17.50000000000000000, 0.000000000000000000 ) ) ;
#216 = DIRECTION ( 'NONE',  ( 0.000000000000000000, 0.000000000000000000, 1.000000000000000000 ) ) ;
#217 = CARTESIAN_POINT ( 'NONE',  ( 8.150000000000000355, -7.000000000000000000, 18.00000000000000355 ) ) ;
#218 = ORIENTED_EDGE ( 'NONE', *, *, #1527, .T. ) ;
#219 = ORIENTED_EDGE ( 'NONE', *, *, #1338, .F. ) ;
#220 = VECTOR ( 'NONE', #425, 1000.000000000000000 ) ;
#221 = CARTESIAN_POINT ( 'NONE',  ( -7.000000000000000000, -7.000000000000000000, 18.00000000000000355 ) ) ;
#222 = CARTESIAN_POINT ( 'NONE',  ( 2.100000000000000089, -8.150000000000000355, 15.00000000000000000 ) ) ;
#223 = LINE ( 'NONE', #1205, #1347 ) ;
#224 = DIRECTION ( 'NONE',  ( 1.000000000000000000, 0.000000000000000000, 0.000000000000000000 ) ) ;
#225 = EDGE_CURVE ( 'NONE', #1316, #1237, #1027, .T. ) ;
#226 = ORIENTED_EDGE ( 'NONE', *, *, #1551, .F. ) ;
#227 = EDGE_CURVE ( 'NONE', #953, #314, #975, .T. ) ;
#228 = VERTEX_POINT ( 'NONE', #47 ) ;
#229 = CARTESIAN_POINT ( 'NONE',  ( 0.000000000000000000, 0.000000000000000000, 13.34999999999999964 ) ) ;
#230 = DIRECTION ( 'NONE',  ( -0.000000000000000000, -0.000000000000000000, 1.000000000000000000 ) ) ;
#231 = DIRECTION ( 'NONE',  ( 0.000000000000000000, 0.000000000000000000, -1.000000000000000000 ) ) ;
#232 = DIRECTION ( 'NONE',  ( 1.000000000000000000, 0.000000000000000000, 0.000000000000000000 ) ) ;
#233 = CARTESIAN_POINT ( 'NONE',  ( -8.150000000000000355, 2.100000000000000089, 15.00000000000000000 ) ) ;
#234 =( NAMED_UNIT ( * ) SI_UNIT ( $, .STERADIAN. ) SOLID_ANGLE_UNIT ( ) );
#235 = AXIS2_PLACEMENT_3D ( 'NONE', #667, #508, #28 ) ;
#236 = AXIS2_PLACEMENT_3D ( 'NONE', #584, #1060, #1428 ) ;
#237 = ORIENTED_EDGE ( 'NONE', *, *, #816, .F. ) ;
#238 = DIRECTION ( 'NONE',  ( 1.000000000000000000, 0.000000000000000000, 0.000000000000000000 ) ) ;
#239 = AXIS2_PLACEMENT_3D ( 'NONE', #262, #750, #1086 ) ;
#240 = CYLINDRICAL_SURFACE ( 'NONE', #660, 2.100000000000000089 ) ;
#241 = CARTESIAN_POINT ( 'NONE',  ( 13.00000000000000000, 1.592040838891559095E-15, 13.34999999999999964 ) ) ;
#242 = ORIENTED_EDGE ( 'NONE', *, *, #1314, .T. ) ;
#243 = CARTESIAN_POINT ( 'NONE',  ( 24.00000000000000000, -17.50000000000000000, 18.00000000000000355 ) ) ;
#244 = DIRECTION ( 'NONE',  ( 0.000000000000000000, 0.000000000000000000, -1.000000000000000000 ) ) ;
#245 = AXIS2_PLACEMENT_3D ( 'NONE', #528, #894, #1381 ) ;
#246 = EDGE_CURVE ( 'NONE', #800, #1396, #402, .T. ) ;
#247 = CARTESIAN_POINT ( 'NONE',  ( 27.00000000000000000, -19.00000000000000000, 15.00000000000000000 ) ) ;
#248 = ORIENTED_EDGE ( 'NONE', *, *, #842, .T. ) ;
#249 = EDGE_CURVE ( 'NONE', #74, #502, #1445, .T. ) ;
#250 = ORIENTED_EDGE ( 'NONE', *, *, #88, .T. ) ;
#251 = DIRECTION ( 'NONE',  ( -0.000000000000000000, -0.000000000000000000, 1.000000000000000000 ) ) ;
#252 = DIRECTION ( 'NONE',  ( -1.000000000000000000, 0.000000000000000000, -0.000000000000000000 ) ) ;
#253 = DIRECTION ( 'NONE',  ( 1.000000000000000000, 0.000000000000000000, 0.000000000000000000 ) ) ;
#254 = EDGE_CURVE ( 'NONE', #1192, #543, #651, .T. ) ;
#255 = LINE ( 'NONE', #369, #1418 ) ;
#256 = ORIENTED_EDGE ( 'NONE', *, *, #515, .F. ) ;
#257 = CC_DESIGN_APPROVAL ( #50, ( #1047 ) ) ;
#258 = AXIS2_PLACEMENT_3D ( 'NONE', #1278, #187, #681 ) ;
#259 = ORIENTED_EDGE ( 'NONE', *, *, #1070, .T. ) ;
#260 = AXIS2_PLACEMENT_3D ( 'NONE', #243, #849, #1102 ) ;
#261 = CARTESIAN_POINT ( 'NONE',  ( 7.000000000000000000, 7.000000000000000000, 18.00000000000000355 ) ) ;
#262 = CARTESIAN_POINT ( 'NONE',  ( 0.000000000000000000, 0.000000000000000000, 18.00000000000000000 ) ) ;
#263 = FACE_OUTER_BOUND ( 'NONE', #687, .T. ) ;
#264 = DIRECTION ( 'NONE',  ( -1.000000000000000000, 0.000000000000000000, 0.000000000000000000 ) ) ;
#265 = AXIS2_PLACEMENT_3D ( 'NONE', #1005, #897, #668 ) ;
#266 = VERTEX_POINT ( 'NONE', #293 ) ;
#267 = ORIENTED_EDGE ( 'NONE', *, *, #746, .F. ) ;
#268 = DIRECTION ( 'NONE',  ( 1.000000000000000000, 0.000000000000000000, 0.000000000000000000 ) ) ;
#269 = DIRECTION ( 'NONE',  ( 1.000000000000000000, 0.000000000000000000, 0.000000000000000000 ) ) ;
#270 = CIRCLE ( 'NONE', #479, 1.100000000000000311 ) ;
#271 = EDGE_CURVE ( 'NONE', #740, #74, #1236, .T. ) ;
#272 = CARTESIAN_POINT ( 'NONE',  ( 0.000000000000000000, -19.00000000000000000, 18.00000000000000000 ) ) ;
#273 = AXIS2_PLACEMENT_3D ( 'NONE', #348, #969, #980 ) ;
#274 = DIRECTION ( 'NONE',  ( 1.000000000000000000, 0.000000000000000000, 0.000000000000000000 ) ) ;
#275 = ORIENTED_EDGE ( 'NONE', *, *, #1261, .T. ) ;
#276 = CIRCLE ( 'NONE', #1167, 2.100000000000000089 ) ;
#277 = ADVANCED_FACE ( 'NONE', ( #1377 ), #661, .F. ) ;
#278 = ORIENTED_EDGE ( 'NONE', *, *, #1395, .F. ) ;
#279 = DIRECTION ( 'NONE',  ( 0.000000000000000000, 0.000000000000000000, -1.000000000000000000 ) ) ;
#280 = DIRECTION ( 'NONE',  ( -0.000000000000000000, -1.000000000000000000, -0.000000000000000000 ) ) ;
#281 = EDGE_LOOP ( 'NONE', ( #690, #160, #1031, #999 ) ) ;
#282 = DIRECTION ( 'NONE',  ( 0.000000000000000000, 0.000000000000000000, -1.000000000000000000 ) ) ;
#283 = DIRECTION ( 'NONE',  ( -0.000000000000000000, -0.000000000000000000, -1.000000000000000000 ) ) ;
#284 = COORDINATED_UNIVERSAL_TIME_OFFSET ( 6, 0, .BEHIND. ) ;
#285 = CARTESIAN_POINT ( 'NONE',  ( -8.150000000000000355, -2.100000000000000089, 15.00000000000000000 ) ) ;
#286 = AXIS2_PLACEMENT_3D ( 'NONE', #1129, #1112, #1397 ) ;
#287 = ORIENTED_EDGE ( 'NONE', *, *, #370, .T. ) ;
#288 = FACE_OUTER_BOUND ( 'NONE', #164, .T. ) ;
#289 = AXIS2_PLACEMENT_3D ( 'NONE', #1482, #766, #1247 ) ;
#290 = VECTOR ( 'NONE', #1363, 1000.000000000000000 ) ;
#291 = ORIENTED_EDGE ( 'NONE', *, *, #1472, .F. ) ;
#292 = CARTESIAN_POINT ( 'NONE',  ( -2.100000000000000089, -8.150000000000000355, 15.00000000000000000 ) ) ;
#293 = CARTESIAN_POINT ( 'NONE',  ( 8.150000000000000355, 2.100000000000000977, 15.00000000000000000 ) ) ;
#294 = PERSON_AND_ORGANIZATION_ROLE ( 'creator' ) ;
#295 = APPROVAL ( #540, 'UNSPECIFIED' ) ;
#296 = VECTOR ( 'NONE', #1028, 1000.000000000000000 ) ;
#297 = DIRECTION ( 'NONE',  ( 0.000000000000000000, 0.000000000000000000, -1.000000000000000000 ) ) ;
#298 = VERTEX_POINT ( 'NONE', #430 ) ;
#299 = DIRECTION ( 'NONE',  ( 0.000000000000000000, -1.000000000000000000, 0.000000000000000000 ) ) ;
#300 = ORIENTED_EDGE ( 'NONE', *, *, #1264, .F. ) ;
#301 = CARTESIAN_POINT ( 'NONE',  ( 0.000000000000000000, 0.000000000000000000, 15.00000000000000000 ) ) ;
#302 = CARTESIAN_POINT ( 'NONE',  ( 27.00000000000000000, -20.00000000000000000, 18.00000000000000000 ) ) ;
#303 = EDGE_CURVE ( 'NONE', #1523, #656, #166, .T. ) ;
#304 = ORIENTED_EDGE ( 'NONE', *, *, #119, .F. ) ;
#305 = VECTOR ( 'NONE', #987, 1000.000000000000000 ) ;
#306 = FACE_BOUND ( 'NONE', #32, .T. ) ;
#307 = ORIENTED_EDGE ( 'NONE', *, *, #1174, .T. ) ;
#308 = CARTESIAN_POINT ( 'NONE',  ( -8.150000000000000355, 7.000000000000000000, 18.00000000000000355 ) ) ;
#309 = DATE_TIME_ROLE ( 'classification_date' ) ;
#310 = CYLINDRICAL_SURFACE ( 'NONE', #258, 1.100000000000000311 ) ;
#311 = VERTEX_POINT ( 'NONE', #551 ) ;
#312 = ADVANCED_FACE ( 'NONE', ( #763 ), #914, .T. ) ;
#313 = DIRECTION ( 'NONE',  ( 0.000000000000000000, 0.000000000000000000, 1.000000000000000000 ) ) ;
#314 = VERTEX_POINT ( 'NONE', #148 ) ;
#315 = ORIENTED_EDGE ( 'NONE', *, *, #442, .F. ) ;
#316 = CARTESIAN_POINT ( 'NONE',  ( 0.000000000000000000, 0.000000000000000000, 13.34999999999999964 ) ) ;
#317 = CIRCLE ( 'NONE', #106, 2.100000000000000977 ) ;
#318 = LINE ( 'NONE', #924, #1440 ) ;
#319 = ORIENTED_EDGE ( 'NONE', *, *, #1215, .T. ) ;
#320 = VERTEX_POINT ( 'NONE', #890 ) ;
#321 = EDGE_CURVE ( 'NONE', #658, #228, #530, .T. ) ;
#322 = PLANE ( 'NONE',  #1201 ) ;
#323 = ORIENTED_EDGE ( 'NONE', *, *, #83, .T. ) ;
#324 = CARTESIAN_POINT ( 'NONE',  ( -8.150000000000000355, 2.100000000000000089, 15.00000000000000000 ) ) ;
#325 = DIRECTION ( 'NONE',  ( 1.000000000000000000, 0.000000000000000000, 0.000000000000000000 ) ) ;
#326 = EDGE_CURVE ( 'NONE', #409, #181, #625, .T. ) ;
#327 = DIRECTION ( 'NONE',  ( 0.000000000000000000, 0.000000000000000000, -1.000000000000000000 ) ) ;
#328 = VERTEX_POINT ( 'NONE', #1302 ) ;
#329 = VERTEX_POINT ( 'NONE', #1542 ) ;
#330 = CARTESIAN_POINT ( 'NONE',  ( -5.850000000000000533, -7.000000000000000000, 18.00000000000000355 ) ) ;
#331 = EDGE_CURVE ( 'NONE', #1493, #1194, #59, .T. ) ;
#332 = EDGE_LOOP ( 'NONE', ( #1115, #194, #1055, #984 ) ) ;
#333 = DIRECTION ( 'NONE',  ( 0.000000000000000000, 1.000000000000000000, 0.000000000000000000 ) ) ;
#334 = DIRECTION ( 'NONE',  ( 0.000000000000000000, 0.000000000000000000, -1.000000000000000000 ) ) ;
#335 = DIRECTION ( 'NONE',  ( 1.000000000000000000, 0.000000000000000000, 0.000000000000000000 ) ) ;
#336 = VERTEX_POINT ( 'NONE', #590 ) ;
#337 = CARTESIAN_POINT ( 'NONE',  ( 24.00000000000000000, -17.50000000000000000, 18.00000000000000355 ) ) ;
#338 = DIRECTION ( 'NONE',  ( 0.000000000000000000, -1.000000000000000000, 0.000000000000000000 ) ) ;
#339 = EDGE_CURVE ( 'NONE', #656, #129, #828, .T. ) ;
#340 = VECTOR ( 'NONE', #193, 1000.000000000000000 ) ;
#341 = FACE_OUTER_BOUND ( 'NONE', #848, .T. ) ;
#342 = CC_DESIGN_APPROVAL ( #295, ( #548 ) ) ;
#343 = VECTOR ( 'NONE', #1339, 1000.000000000000000 ) ;
#344 = ORIENTED_EDGE ( 'NONE', *, *, #227, .T. ) ;
#345 = AXIS2_PLACEMENT_3D ( 'NONE', #821, #1189, #1053 ) ;
#346 = DIRECTION ( 'NONE',  ( -1.000000000000000000, 0.000000000000000000, 0.000000000000000000 ) ) ;
#347 = ORIENTED_EDGE ( 'NONE', *, *, #865, .T. ) ;
#348 = CARTESIAN_POINT ( 'NONE',  ( 0.000000000000000000, -19.00000000000000000, 18.00000000000000000 ) ) ;
#349 = EDGE_CURVE ( 'NONE', #407, #1145, #71, .T. ) ;
#350 = CARTESIAN_POINT ( 'NONE',  ( 2.100000000000000089, 3.404408906109840149, 15.00000000000000000 ) ) ;
#351 = ORIENTED_EDGE ( 'NONE', *, *, #1015, .F. ) ;
#352 = ORIENTED_EDGE ( 'NONE', *, *, #326, .F. ) ;
#353 = VECTOR ( 'NONE', #404, 1000.000000000000000 ) ;
#354 = DIRECTION ( 'NONE',  ( -1.000000000000000000, 0.000000000000000000, 0.000000000000000000 ) ) ;
#355 = ORIENTED_EDGE ( 'NONE', *, *, #373, .T. ) ;
#356 = CARTESIAN_POINT ( 'NONE',  ( 8.150000000000000355, 0.000000000000000000, 15.00000000000000000 ) ) ;
#357 = FACE_OUTER_BOUND ( 'NONE', #1286, .T. ) ;
#358 = VERTEX_POINT ( 'NONE', #1423 ) ;
#359 = EDGE_LOOP ( 'NONE', ( #1403, #683, #1156, #533 ) ) ;
#360 = CARTESIAN_POINT ( 'NONE',  ( 0.000000000000000000, 0.000000000000000000, 15.00000000000000000 ) ) ;
#361 = DIRECTION ( 'NONE',  ( 1.000000000000000000, 0.000000000000000000, 0.000000000000000000 ) ) ;
#362 = CARTESIAN_POINT ( 'NONE',  ( -10.25000000000000178, 0.000000000000000000, 15.00000000000000000 ) ) ;
#363 = VECTOR ( 'NONE', #659, 1000.000000000000000 ) ;
#364 = EDGE_CURVE ( 'NONE', #855, #945, #192, .T. ) ;
#365 = EDGE_LOOP ( 'NONE', ( #1497, #347, #1426, #895 ) ) ;
#366 = LINE ( 'NONE', #497, #902 ) ;
#367 = DIRECTION ( 'NONE',  ( 1.000000000000000000, 0.000000000000000000, 0.000000000000000000 ) ) ;
#368 = CARTESIAN_POINT ( 'NONE',  ( -7.000000000000000000, -7.000000000000000000, 13.34999999999999964 ) ) ;
#369 = CARTESIAN_POINT ( 'NONE',  ( 8.150000000000000355, -7.000000000000000000, 18.00000000000000355 ) ) ;
#370 = EDGE_CURVE ( 'NONE', #697, #1493, #86, .T. ) ;
#371 = ORIENTED_EDGE ( 'NONE', *, *, #767, .F. ) ;
#372 = VERTEX_POINT ( 'NONE', #709 ) ;
#373 = EDGE_CURVE ( 'NONE', #121, #1305, #1152, .T. ) ;
#374 = CARTESIAN_POINT ( 'NONE',  ( 0.000000000000000000, -19.00000000000000000, 18.00000000000000000 ) ) ;
#375 = CARTESIAN_POINT ( 'NONE',  ( 0.000000000000000000, 8.150000000000000355, 13.34999999999999964 ) ) ;
#376 = CYLINDRICAL_SURFACE ( 'NONE', #1165, 1.150000000000000799 ) ;
#377 = AXIS2_PLACEMENT_3D ( 'NONE', #633, #408, #45 ) ;
#378 = DIRECTION ( 'NONE',  ( 0.000000000000000000, 0.000000000000000000, -1.000000000000000000 ) ) ;
#379 = VERTEX_POINT ( 'NONE', #1166 ) ;
#380 = CARTESIAN_POINT ( 'NONE',  ( 18.00000000000000000, -17.50000000000000000, 0.000000000000000000 ) ) ;
#381 = DIRECTION ( 'NONE',  ( -1.000000000000000000, 0.000000000000000000, 0.000000000000000000 ) ) ;
#382 = CYLINDRICAL_SURFACE ( 'NONE', #860, 2.100000000000000977 ) ;
#383 = LINE ( 'NONE', #1376, #128 ) ;
#384 = ADVANCED_FACE ( 'NONE', ( #91 ), #465, .F. ) ;
#385 = CC_DESIGN_DATE_AND_TIME_ASSIGNMENT ( #431, #309, ( #1047 ) ) ;
#386 = AXIS2_PLACEMENT_3D ( 'NONE', #869, #903, #1392 ) ;
#387 = AXIS2_PLACEMENT_3D ( 'NONE', #951, #1097, #232 ) ;
#388 = ORIENTED_EDGE ( 'NONE', *, *, #532, .F. ) ;
#389 = ADVANCED_FACE ( 'NONE', ( #1548 ), #1173, .F. ) ;
#390 = AXIS2_PLACEMENT_3D ( 'NONE', #229, #114, #238 ) ;
#391 = CARTESIAN_POINT ( 'NONE',  ( 3.404408906109840149, 2.100000000000000089, 13.34999999999999964 ) ) ;
#392 = AXIS2_PLACEMENT_3D ( 'NONE', #63, #1528, #437 ) ;
#393 = DIRECTION ( 'NONE',  ( 0.000000000000000000, -0.000000000000000000, -1.000000000000000000 ) ) ;
#394 = ADVANCED_BREP_SHAPE_REPRESENTATION ( 'ARM-103_Grip_moving_finger', ( #1091, #1279 ), #130 ) ;
#395 = FACE_OUTER_BOUND ( 'NONE', #889, .T. ) ;
#396 = CARTESIAN_POINT ( 'NONE',  ( 18.00000000000000000, -17.50000000000000000, 0.000000000000000000 ) ) ;
#397 = EDGE_CURVE ( 'NONE', #205, #502, #77, .T. ) ;
#398 = DIRECTION ( 'NONE',  ( -0.000000000000000000, -0.000000000000000000, -1.000000000000000000 ) ) ;
#399 = LINE ( 'NONE', #886, #1266 ) ;
#400 = VERTEX_POINT ( 'NONE', #1033 ) ;
#401 = DIRECTION ( 'NONE',  ( -1.000000000000000000, 0.000000000000000000, 0.000000000000000000 ) ) ;
#402 = LINE ( 'NONE', #1146, #952 ) ;
#403 = AXIS2_PLACEMENT_3D ( 'NONE', #1272, #178, #1315 ) ;
#404 = DIRECTION ( 'NONE',  ( 1.000000000000000000, 0.000000000000000000, -0.000000000000000000 ) ) ;
#405 = EDGE_CURVE ( 'NONE', #592, #1092, #927, .T. ) ;
#406 = DIRECTION ( 'NONE',  ( 1.000000000000000000, 0.000000000000000000, 0.000000000000000000 ) ) ;
#407 = VERTEX_POINT ( 'NONE', #460 ) ;
#408 = DIRECTION ( 'NONE',  ( -0.000000000000000000, 1.000000000000000000, 0.000000000000000000 ) ) ;
#409 = VERTEX_POINT ( 'NONE', #308 ) ;
#410 = CYLINDRICAL_SURFACE ( 'NONE', #286, 4.000000000000000000 ) ;
#411 = DIRECTION ( 'NONE',  ( -1.000000000000000000, 0.000000000000000000, 0.000000000000000000 ) ) ;
#412 = DATE_AND_TIME ( #149, #1439 ) ;
#413 = ORIENTED_EDGE ( 'NONE', *, *, #88, .F. ) ;
#414 = CARTESIAN_POINT ( 'NONE',  ( -8.150000000000000355, -7.000000000000000000, 13.34999999999999964 ) ) ;
#415 = AXIS2_PLACEMENT_3D ( 'NONE', #1168, #591, #1296 ) ;
#416 = EDGE_CURVE ( 'NONE', #480, #61, #676, .T. ) ;
#417 = ORIENTED_EDGE ( 'NONE', *, *, #915, .F. ) ;
#418 = DIRECTION ( 'NONE',  ( 0.000000000000000000, 1.000000000000000000, 0.000000000000000000 ) ) ;
#419 = CIRCLE ( 'NONE', #901, 4.000000000000000000 ) ;
#420 = CIRCLE ( 'NONE', #1307, 2.100000000000000089 ) ;
#421 = EDGE_LOOP ( 'NONE', ( #1045, #291 ) ) ;
#422 = DIRECTION ( 'NONE',  ( 0.000000000000000000, 1.000000000000000000, 0.000000000000000000 ) ) ;
#423 = PERSON_AND_ORGANIZATION ( #1304, #1226 ) ;
#424 = EDGE_CURVE ( 'NONE', #1145, #400, #29, .T. ) ;
#425 = DIRECTION ( 'NONE',  ( -1.000000000000000000, -0.000000000000000000, -0.000000000000000000 ) ) ;
#426 = VECTOR ( 'NONE', #56, 1000.000000000000000 ) ;
#427 = VERTEX_POINT ( 'NONE', #558 ) ;
#428 = EDGE_LOOP ( 'NONE', ( #1108, #315, #107, #440 ) ) ;
#429 = ORIENTED_EDGE ( 'NONE', *, *, #883, .F. ) ;
#430 = CARTESIAN_POINT ( 'NONE',  ( 12.64911064067351809, 3.000000000000000000, 18.00000000000000000 ) ) ;
#431 = DATE_AND_TIME ( #1522, #183 ) ;
#432 = CARTESIAN_POINT ( 'NONE',  ( 0.000000000000000000, -15.00000000000000000, 15.00000000000000000 ) ) ;
#433 = EDGE_LOOP ( 'NONE', ( #1577, #250, #449, #1101 ) ) ;
#434 = CIRCLE ( 'NONE', #1525, 2.100000000000000089 ) ;
#435 = VERTEX_POINT ( 'NONE', #922 ) ;
#436 = ORIENTED_EDGE ( 'NONE', *, *, #225, .T. ) ;
#437 = DIRECTION ( 'NONE',  ( -1.000000000000000000, 0.000000000000000000, 0.000000000000000000 ) ) ;
#438 = DATE_TIME_ROLE ( 'creation_date' ) ;
#439 = CARTESIAN_POINT ( 'NONE',  ( 25.10000000000000142, -17.50000000000000000, 0.000000000000000000 ) ) ;
#440 = ORIENTED_EDGE ( 'NONE', *, *, #654, .T. ) ;
#441 = PRODUCT_DEFINITION_SHAPE ( 'NONE', 'NONE',  #739 ) ;
#442 = EDGE_CURVE ( 'NONE', #962, #372, #184, .T. ) ;
#443 = EDGE_LOOP ( 'NONE', ( #1232, #1128, #93, #1519 ) ) ;
#444 = EDGE_LOOP ( 'NONE', ( #37, #1400 ) ) ;
#445 = CC_DESIGN_APPROVAL ( #581, ( #739 ) ) ;
#446 = DIRECTION ( 'NONE',  ( -0.000000000000000000, -1.000000000000000000, -0.000000000000000000 ) ) ;
#447 = CIRCLE ( 'NONE', #1333, 3.000000000000000000 ) ;
#448 = CARTESIAN_POINT ( 'NONE',  ( 0.000000000000000000, 0.000000000000000000, 13.34999999999999964 ) ) ;
#449 = ORIENTED_EDGE ( 'NONE', *, *, #271, .T. ) ;
#450 = ADVANCED_FACE ( 'NONE', ( #678 ), #1157, .F. ) ;
#451 = ORIENTED_EDGE ( 'NONE', *, *, #806, .T. ) ;
#452 = DIRECTION ( 'NONE',  ( 0.000000000000000000, -1.000000000000000000, 0.000000000000000000 ) ) ;
#453 = EDGE_LOOP ( 'NONE', ( #788, #1506, #1510, #1039 ) ) ;
#454 = DIRECTION ( 'NONE',  ( -1.000000000000000000, -0.000000000000000000, -0.000000000000000000 ) ) ;
#455 = CARTESIAN_POINT ( 'NONE',  ( -8.150000000000000355, 0.000000000000000000, 13.34999999999999964 ) ) ;
#456 = LINE ( 'NONE', #831, #340 ) ;
#457 = CIRCLE ( 'NONE', #507, 3.000000000000000000 ) ;
#458 = EDGE_LOOP ( 'NONE', ( #1421, #906 ) ) ;
#459 = ORIENTED_EDGE ( 'NONE', *, *, #704, .T. ) ;
#460 = CARTESIAN_POINT ( 'NONE',  ( 2.100000000000000089, -8.150000000000000355, 13.34999999999999964 ) ) ;
#461 = DIRECTION ( 'NONE',  ( 1.000000000000000000, 0.000000000000000000, 0.000000000000000000 ) ) ;
#462 = EDGE_LOOP ( 'NONE', ( #237, #711 ) ) ;
#463 = EDGE_CURVE ( 'NONE', #266, #697, #1413, .T. ) ;
#464 = ORIENTED_EDGE ( 'NONE', *, *, #704, .F. ) ;
#465 = PLANE ( 'NONE',  #1283 ) ;
#466 = VECTOR ( 'NONE', #201, 1000.000000000000000 ) ;
#467 = DIRECTION ( 'NONE',  ( 0.000000000000000000, 1.000000000000000000, 0.000000000000000000 ) ) ;
#468 = VECTOR ( 'NONE', #476, 1000.000000000000000 ) ;
#469 = AXIS2_PLACEMENT_3D ( 'NONE', #576, #805, #325 ) ;
#470 = ORIENTED_EDGE ( 'NONE', *, *, #146, .F. ) ;
#471 = ORIENTED_EDGE ( 'NONE', *, *, #1551, .T. ) ;
#472 = DIRECTION ( 'NONE',  ( 0.000000000000000000, 0.000000000000000000, 1.000000000000000000 ) ) ;
#473 = ORIENTED_EDGE ( 'NONE', *, *, #41, .F. ) ;
#474 = PLANE ( 'NONE',  #562 ) ;
#475 = LINE ( 'NONE', #247, #598 ) ;
#476 = DIRECTION ( 'NONE',  ( -0.000000000000000000, -0.000000000000000000, -1.000000000000000000 ) ) ;
#477 = EDGE_CURVE ( 'NONE', #826, #1481, #1487, .T. ) ;
#478 = LINE ( 'NONE', #330, #852 ) ;
#479 = AXIS2_PLACEMENT_3D ( 'NONE', #337, #1188, #367 ) ;
#480 = VERTEX_POINT ( 'NONE', #612 ) ;
#481 = CIRCLE ( 'NONE', #1451, 1.149999999999999911 ) ;
#482 = CARTESIAN_POINT ( 'NONE',  ( -13.00000000000000000, 0.000000000000000000, 18.00000000000000000 ) ) ;
#483 = DIRECTION ( 'NONE',  ( 1.000000000000000000, 0.000000000000000000, 0.000000000000000000 ) ) ;
#484 = CYLINDRICAL_SURFACE ( 'NONE', #926, 1.150000000000000799 ) ;
#485 = MECHANICAL_CONTEXT ( 'NONE', #116, 'mechanical' ) ;
#486 = EDGE_CURVE ( 'NONE', #692, #266, #317, .T. ) ;
#487 = EDGE_LOOP ( 'NONE', ( #267, #189, #1340, #757 ) ) ;
#488 = DIRECTION ( 'NONE',  ( -1.000000000000000000, 0.000000000000000000, 0.000000000000000000 ) ) ;
#489 = EDGE_CURVE ( 'NONE', #1499, #1240, #481, .T. ) ;
#490 = DIRECTION ( 'NONE',  ( -0.000000000000000000, -0.000000000000000000, -1.000000000000000000 ) ) ;
#491 = CARTESIAN_POINT ( 'NONE',  ( 27.00000000000000000, -20.00000000000000000, 18.00000000000000000 ) ) ;
#492 = DIRECTION ( 'NONE',  ( 0.000000000000000000, 0.000000000000000000, -1.000000000000000000 ) ) ;
#493 = APPROVAL_PERSON_ORGANIZATION ( #423, #581, #1387 ) ;
#494 = CIRCLE ( 'NONE', #703, 1.100000000000000311 ) ;
#495 = ADVANCED_FACE ( 'NONE', ( #1580 ), #736, .F. ) ;
#496 = EDGE_LOOP ( 'NONE', ( #564, #840, #934, #171 ) ) ;
#497 = CARTESIAN_POINT ( 'NONE',  ( 27.00000000000000000, 3.000000000000000000, 18.00000000000000000 ) ) ;
#498 = FACE_OUTER_BOUND ( 'NONE', #487, .T. ) ;
#499 = VECTOR ( 'NONE', #539, 1000.000000000000000 ) ;
#500 = FACE_OUTER_BOUND ( 'NONE', #428, .T. ) ;
#501 = CARTESIAN_POINT ( 'NONE',  ( 22.89999999999999858, -17.50000000000000000, 0.000000000000000000 ) ) ;
#502 = VERTEX_POINT ( 'NONE', #857 ) ;
#503 = CARTESIAN_POINT ( 'NONE',  ( 2.100000000000000089, -3.404408906109840149, 15.00000000000000000 ) ) ;
#504 = CYLINDRICAL_SURFACE ( 'NONE', #1570, 2.100000000000000977 ) ;
#505 = ADVANCED_FACE ( 'NONE', ( #837 ), #134, .T. ) ;
#506 = DIRECTION ( 'NONE',  ( -0.000000000000000000, -0.000000000000000000, -1.000000000000000000 ) ) ;
#507 = AXIS2_PLACEMENT_3D ( 'NONE', #1080, #1571, #483 ) ;
#508 = DIRECTION ( 'NONE',  ( 0.000000000000000000, 0.000000000000000000, 1.000000000000000000 ) ) ;
#509 = DIRECTION ( 'NONE',  ( 1.000000000000000000, 0.000000000000000000, 0.000000000000000000 ) ) ;
#510 = EDGE_LOOP ( 'NONE', ( #352, #653 ) ) ;
#511 = LINE ( 'NONE', #992, #971 ) ;
#512 = CARTESIAN_POINT ( 'NONE',  ( 15.00000000000000000, -20.00000000000000000, 18.00000000000000000 ) ) ;
#513 = VECTOR ( 'NONE', #454, 1000.000000000000000 ) ;
#514 = LINE ( 'NONE', #1483, #1238 ) ;
#515 = EDGE_CURVE ( 'NONE', #1425, #1493, #1344, .T. ) ;
#516 = CARTESIAN_POINT ( 'NONE',  ( -5.850000000000000533, 7.000000000000000000, 18.00000000000000355 ) ) ;
#517 = AXIS2_PLACEMENT_3D ( 'NONE', #87, #1035, #807 ) ;
#518 = EDGE_LOOP ( 'NONE', ( #1560, #941 ) ) ;
#519 = LINE ( 'NONE', #878, #212 ) ;
#520 = AXIS2_PLACEMENT_3D ( 'NONE', #568, #702, #795 ) ;
#521 = CARTESIAN_POINT ( 'NONE',  ( 8.150000000000000355, -2.100000000000000089, 15.00000000000000000 ) ) ;
#522 = ORIENTED_EDGE ( 'NONE', *, *, #767, .T. ) ;
#523 = FACE_OUTER_BOUND ( 'NONE', #2, .T. ) ;
#524 = DIRECTION ( 'NONE',  ( -1.000000000000000000, 0.000000000000000000, 0.000000000000000000 ) ) ;
#525 = PERSON_AND_ORGANIZATION ( #1304, #1226 ) ;
#526 = CYLINDRICAL_SURFACE ( 'NONE', #1538, 1.150000000000000799 ) ;
#527 = ORIENTED_EDGE ( 'NONE', *, *, #60, .T. ) ;
#528 = CARTESIAN_POINT ( 'NONE',  ( 15.00000000000000000, -20.00000000000000000, 18.00000000000000000 ) ) ;
#529 = ORIENTED_EDGE ( 'NONE', *, *, #847, .F. ) ;
#530 = LINE ( 'NONE', #1505, #1313 ) ;
#531 = ORIENTED_EDGE ( 'NONE', *, *, #1364, .F. ) ;
#532 = EDGE_CURVE ( 'NONE', #1092, #800, #223, .T. ) ;
#533 = ORIENTED_EDGE ( 'NONE', *, *, #1261, .F. ) ;
#534 = CARTESIAN_POINT ( 'NONE',  ( 0.000000000000000000, -8.150000000000000355, 15.00000000000000000 ) ) ;
#535 = ORIENTED_EDGE ( 'NONE', *, *, #1364, .T. ) ;
#536 = DIRECTION ( 'NONE',  ( 0.000000000000000000, 0.000000000000000000, -1.000000000000000000 ) ) ;
#537 = ADVANCED_FACE ( 'NONE', ( #6 ), #376, .F. ) ;
#538 = ORIENTED_EDGE ( 'NONE', *, *, #1461, .T. ) ;
#539 = DIRECTION ( 'NONE',  ( 0.000000000000000000, 0.000000000000000000, -1.000000000000000000 ) ) ;
#540 = APPROVAL_STATUS ( 'not_yet_approved' ) ;
#541 = ORIENTED_EDGE ( 'NONE', *, *, #331, .F. ) ;
#542 = ADVANCED_FACE ( 'NONE', ( #1336 ), #240, .F. ) ;
#543 = VERTEX_POINT ( 'NONE', #864 ) ;
#544 = DIRECTION ( 'NONE',  ( 0.000000000000000000, 0.000000000000000000, -1.000000000000000000 ) ) ;
#545 = AXIS2_PLACEMENT_3D ( 'NONE', #1255, #544, #1356 ) ;
#546 = CIRCLE ( 'NONE', #997, 13.00000000000000000 ) ;
#547 = ORIENTED_EDGE ( 'NONE', *, *, #976, .F. ) ;
#548 = PRODUCT_DEFINITION_FORMATION_WITH_SPECIFIED_SOURCE ( 'ANY', '', #910, .NOT_KNOWN. ) ;
#549 = VECTOR ( 'NONE', #1217, 1000.000000000000000 ) ;
#550 = ORIENTED_EDGE ( 'NONE', *, *, #180, .T. ) ;
#551 = CARTESIAN_POINT ( 'NONE',  ( -5.850000000000000533, 7.000000000000000000, 13.34999999999999964 ) ) ;
#552 = SECURITY_CLASSIFICATION_LEVEL ( 'unclassified' ) ;
#553 = DIRECTION ( 'NONE',  ( 0.000000000000000000, 0.000000000000000000, 1.000000000000000000 ) ) ;
#554 = VECTOR ( 'NONE', #283, 1000.000000000000000 ) ;
#555 = EDGE_LOOP ( 'NONE', ( #1324, #1553, #1455, #1030 ) ) ;
#556 = CARTESIAN_POINT ( 'NONE',  ( 15.00000000000000000, -19.00000000000000000, 15.00000000000000000 ) ) ;
#557 = ORIENTED_EDGE ( 'NONE', *, *, #1429, .F. ) ;
#558 = CARTESIAN_POINT ( 'NONE',  ( 2.100000000000000089, 8.150000000000000355, 13.34999999999999964 ) ) ;
#559 = APPROVAL_ROLE ( '' ) ;
#560 = DIRECTION ( 'NONE',  ( -0.000000000000000000, -0.000000000000000000, -1.000000000000000000 ) ) ;
#561 = ORIENTED_EDGE ( 'NONE', *, *, #1219, .F. ) ;
#562 = AXIS2_PLACEMENT_3D ( 'NONE', #958, #604, #1450 ) ;
#563 = ADVANCED_FACE ( 'NONE', ( #500 ), #99, .F. ) ;
#564 = ORIENTED_EDGE ( 'NONE', *, *, #364, .F. ) ;
#565 = DIRECTION ( 'NONE',  ( 1.000000000000000000, 0.000000000000000000, 0.000000000000000000 ) ) ;
#566 = EDGE_LOOP ( 'NONE', ( #1050, #535, #733, #22 ) ) ;
#567 = DIRECTION ( 'NONE',  ( -0.000000000000000000, -1.000000000000000000, -0.000000000000000000 ) ) ;
#568 = CARTESIAN_POINT ( 'NONE',  ( 0.000000000000000000, 0.000000000000000000, 13.34999999999999964 ) ) ;
#569 = ADVANCED_FACE ( 'NONE', ( #1211 ), #1197, .F. ) ;
#570 = LINE ( 'NONE', #1406, #466 ) ;
#571 = ORIENTED_EDGE ( 'NONE', *, *, #72, .T. ) ;
#572 = ORIENTED_EDGE ( 'NONE', *, *, #830, .T. ) ;
#573 = ORIENTED_EDGE ( 'NONE', *, *, #126, .T. ) ;
#574 = CARTESIAN_POINT ( 'NONE',  ( -2.100000000000000089, -3.404408906109840149, 15.00000000000000000 ) ) ;
#575 = CIRCLE ( 'NONE', #673, 1.149999999999999911 ) ;
#576 = CARTESIAN_POINT ( 'NONE',  ( 0.000000000000000000, 8.150000000000000355, 15.00000000000000000 ) ) ;
#577 = CIRCLE ( 'NONE', #1485, 1.149999999999999911 ) ;
#578 = DIRECTION ( 'NONE',  ( 0.000000000000000000, 0.000000000000000000, -1.000000000000000000 ) ) ;
#579 = ORIENTED_EDGE ( 'NONE', *, *, #119, .T. ) ;
#580 = DIRECTION ( 'NONE',  ( 1.000000000000000000, 0.000000000000000000, -0.000000000000000000 ) ) ;
#581 = APPROVAL ( #796, 'UNSPECIFIED' ) ;
#582 = ORIENTED_EDGE ( 'NONE', *, *, #1119, .T. ) ;
#583 = CARTESIAN_POINT ( 'NONE',  ( 0.000000000000000000, -19.00000000000000000, 15.00000000000000000 ) ) ;
#584 = CARTESIAN_POINT ( 'NONE',  ( 18.00000000000000000, -17.50000000000000000, 18.00000000000000355 ) ) ;
#585 = DIRECTION ( 'NONE',  ( 0.000000000000000000, 0.000000000000000000, 1.000000000000000000 ) ) ;
#586 = CIRCLE ( 'NONE', #196, 1.149999999999999911 ) ;
#587 = EDGE_CURVE ( 'NONE', #1290, #1547, #11, .T. ) ;
#588 = ORIENTED_EDGE ( 'NONE', *, *, #1219, .T. ) ;
#589 = ORIENTED_EDGE ( 'NONE', *, *, #891, .T. ) ;
#590 = CARTESIAN_POINT ( 'NONE',  ( -2.100000000000000089, -3.404408906109840149, 15.00000000000000000 ) ) ;
#591 = DIRECTION ( 'NONE',  ( 0.000000000000000000, 0.000000000000000000, 1.000000000000000000 ) ) ;
#592 = VERTEX_POINT ( 'NONE', #110 ) ;
#593 = ORIENTED_EDGE ( 'NONE', *, *, #1419, .T. ) ;
#594 = CARTESIAN_POINT ( 'NONE',  ( 24.00000000000000000, -17.50000000000000000, 18.00000000000000355 ) ) ;
#595 = EDGE_LOOP ( 'NONE', ( #957, #206, #319, #666, #417, #1375 ) ) ;
#596 = ADVANCED_FACE ( 'NONE', ( #1563 ), #474, .T. ) ;
#597 = DIRECTION ( 'NONE',  ( 0.000000000000000000, 0.000000000000000000, 1.000000000000000000 ) ) ;
#598 = VECTOR ( 'NONE', #135, 1000.000000000000000 ) ;
#599 = DIRECTION ( 'NONE',  ( 0.000000000000000000, 0.000000000000000000, 1.000000000000000000 ) ) ;
#600 = AXIS2_PLACEMENT_3D ( 'NONE', #109, #603, #172 ) ;
#601 = VECTOR ( 'NONE', #207, 1000.000000000000000 ) ;
#602 = ORIENTED_EDGE ( 'NONE', *, *, #8, .F. ) ;
#603 = DIRECTION ( 'NONE',  ( 0.000000000000000000, 0.000000000000000000, 1.000000000000000000 ) ) ;
#604 = DIRECTION ( 'NONE',  ( -1.000000000000000000, 0.000000000000000000, 0.000000000000000000 ) ) ;
#605 = EDGE_CURVE ( 'NONE', #1237, #1316, #457, .T. ) ;
#606 = DIRECTION ( 'NONE',  ( 0.000000000000000000, 0.000000000000000000, 1.000000000000000000 ) ) ;
#607 = CARTESIAN_POINT ( 'NONE',  ( 3.000000000000000000, 3.673940397442059868E-16, 15.00000000000000000 ) ) ;
#608 = CIRCLE ( 'NONE', #1214, 1.100000000000000311 ) ;
#609 = ADVANCED_FACE ( 'NONE', ( #1459 ), #851, .F. ) ;
#610 = ORIENTED_EDGE ( 'NONE', *, *, #254, .T. ) ;
#611 = CARTESIAN_POINT ( 'NONE',  ( 0.000000000000000000, -8.150000000000000355, 13.34999999999999964 ) ) ;
#612 = CARTESIAN_POINT ( 'NONE',  ( 8.150000000000000355, 7.000000000000000000, 18.00000000000000355 ) ) ;
#613 = ADVANCED_FACE ( 'NONE', ( #288 ), #752, .F. ) ;
#614 = CARTESIAN_POINT ( 'NONE',  ( 2.100000000000000089, -8.150000000000000355, 15.00000000000000000 ) ) ;
#615 = EDGE_LOOP ( 'NONE', ( #977, #1036, #35, #1258 ) ) ;
#616 = CYLINDRICAL_SURFACE ( 'NONE', #1441, 4.000000000000000000 ) ;
#617 = LINE ( 'NONE', #1110, #1230 ) ;
#618 = CARTESIAN_POINT ( 'NONE',  ( 7.000000000000000000, -7.000000000000000000, 18.00000000000000355 ) ) ;
#619 = FACE_OUTER_BOUND ( 'NONE', #555, .T. ) ;
#620 = LINE ( 'NONE', #374, #549 ) ;
#621 = AXIS2_PLACEMENT_3D ( 'NONE', #1077, #846, #509 ) ;
#622 = CIRCLE ( 'NONE', #260, 1.100000000000000311 ) ;
#623 = ORIENTED_EDGE ( 'NONE', *, *, #932, .T. ) ;
#624 = CARTESIAN_POINT ( 'NONE',  ( -3.000000000000000000, 0.000000000000000000, 18.00000000000000355 ) ) ;
#625 = CIRCLE ( 'NONE', #345, 1.149999999999999911 ) ;
#626 = CARTESIAN_POINT ( 'NONE',  ( -7.000000000000000000, 7.000000000000000000, 18.00000000000000355 ) ) ;
#627 = LINE ( 'NONE', #1328, #1539 ) ;
#628 = CARTESIAN_POINT ( 'NONE',  ( -8.150000000000000355, -7.000000000000000000, 18.00000000000000355 ) ) ;
#629 = ADVANCED_FACE ( 'NONE', ( #1267, #1374, #1257, #1235, #1118, #1478 ), #24, .F. ) ;
#630 = ORIENTED_EDGE ( 'NONE', *, *, #94, .T. ) ;
#631 = DIRECTION ( 'NONE',  ( -1.000000000000000000, 0.000000000000000000, 0.000000000000000000 ) ) ;
#632 = CARTESIAN_POINT ( 'NONE',  ( 8.150000000000000355, 7.000000000000000000, 18.00000000000000355 ) ) ;
#633 = CARTESIAN_POINT ( 'NONE',  ( -8.150000000000000355, -2.100000000000000089, 15.00000000000000000 ) ) ;
#634 = AXIS2_PLACEMENT_3D ( 'NONE', #626, #1104, #720 ) ;
#635 = CYLINDRICAL_SURFACE ( 'NONE', #1177, 3.000000000000000000 ) ;
#636 = LINE ( 'NONE', #1113, #1517 ) ;
#637 = EDGE_LOOP ( 'NONE', ( #1169, #1462, #947, #1263 ) ) ;
#638 = ORIENTED_EDGE ( 'NONE', *, *, #303, .T. ) ;
#639 = DIRECTION ( 'NONE',  ( 0.000000000000000000, 0.000000000000000000, 1.000000000000000000 ) ) ;
#640 = CARTESIAN_POINT ( 'NONE',  ( 15.00000000000000000, -19.00000000000000000, 18.00000000000000000 ) ) ;
#641 = CC_DESIGN_PERSON_AND_ORGANIZATION_ASSIGNMENT ( #167, #294, ( #739 ) ) ;
#642 = DIRECTION ( 'NONE',  ( -0.000000000000000000, -0.000000000000000000, -1.000000000000000000 ) ) ;
#643 = COORDINATED_UNIVERSAL_TIME_OFFSET ( 6, 0, .BEHIND. ) ;
#644 = ORIENTED_EDGE ( 'NONE', *, *, #1395, .T. ) ;
#645 = AXIS2_PLACEMENT_3D ( 'NONE', #737, #845, #1352 ) ;
#646 = CARTESIAN_POINT ( 'NONE',  ( 27.00000000000000000, -15.00000000000000000, 0.000000000000000000 ) ) ;
#647 = ORIENTED_EDGE ( 'NONE', *, *, #936, .T. ) ;
#648 = CARTESIAN_POINT ( 'NONE',  ( -8.150000000000000355, 0.000000000000000000, 15.00000000000000000 ) ) ;
#649 = ORIENTED_EDGE ( 'NONE', *, *, #1056, .T. ) ;
#650 = PLANE ( 'NONE',  #235 ) ;
#651 = LINE ( 'NONE', #755, #499 ) ;
#652 = ADVANCED_FACE ( 'NONE', ( #263 ), #382, .F. ) ;
#653 = ORIENTED_EDGE ( 'NONE', *, *, #1507, .F. ) ;
#654 = EDGE_CURVE ( 'NONE', #1402, #407, #514, .T. ) ;
#655 = DIRECTION ( 'NONE',  ( 1.000000000000000000, 0.000000000000000000, 0.000000000000000000 ) ) ;
#656 = VERTEX_POINT ( 'NONE', #640 ) ;
#657 = LINE ( 'NONE', #521, #1320 ) ;
#658 = VERTEX_POINT ( 'NONE', #1017 ) ;
#659 = DIRECTION ( 'NONE',  ( -0.000000000000000000, -1.000000000000000000, -0.000000000000000000 ) ) ;
#660 = AXIS2_PLACEMENT_3D ( 'NONE', #1473, #742, #716 ) ;
#661 = CYLINDRICAL_SURFACE ( 'NONE', #907, 1.150000000000000799 ) ;
#662 = EDGE_CURVE ( 'NONE', #692, #358, #657, .T. ) ;
#663 = DIRECTION ( 'NONE',  ( 0.000000000000000000, 0.000000000000000000, -1.000000000000000000 ) ) ;
#664 = CARTESIAN_POINT ( 'NONE',  ( 24.00000000000000000, -17.50000000000000000, 0.000000000000000000 ) ) ;
#665 = LINE ( 'NONE', #1511, #142 ) ;
#666 = ORIENTED_EDGE ( 'NONE', *, *, #746, .T. ) ;
#667 = CARTESIAN_POINT ( 'NONE',  ( 0.000000000000000000, 0.000000000000000000, 15.00000000000000000 ) ) ;
#668 = DIRECTION ( 'NONE',  ( 1.000000000000000000, 0.000000000000000000, 0.000000000000000000 ) ) ;
#669 = PERSON_AND_ORGANIZATION ( #1304, #1226 ) ;
#670 = EDGE_CURVE ( 'NONE', #328, #1256, #170, .T. ) ;
#671 = CC_DESIGN_DATE_AND_TIME_ASSIGNMENT ( #412, #438, ( #739 ) ) ;
#672 = DIRECTION ( 'NONE',  ( 0.000000000000000000, 0.000000000000000000, 1.000000000000000000 ) ) ;
#673 = AXIS2_PLACEMENT_3D ( 'NONE', #1010, #398, #268 ) ;
#674 = FACE_OUTER_BOUND ( 'NONE', #1552, .T. ) ;
#675 = CIRCLE ( 'NONE', #1096, 1.149999999999999911 ) ;
#676 = CIRCLE ( 'NONE', #725, 1.150000000000000799 ) ;
#677 = ORIENTED_EDGE ( 'NONE', *, *, #915, .T. ) ;
#678 = FACE_OUTER_BOUND ( 'NONE', #453, .T. ) ;
#679 = EDGE_CURVE ( 'NONE', #780, #834, #712, .T. ) ;
#680 = CALENDAR_DATE ( 2026, 8, 9 ) ;
#681 = DIRECTION ( 'NONE',  ( -1.000000000000000000, 0.000000000000000000, 0.000000000000000000 ) ) ;
#682 = ORIENTED_EDGE ( 'NONE', *, *, #1429, .T. ) ;
#683 = ORIENTED_EDGE ( 'NONE', *, *, #587, .T. ) ;
#684 = DIRECTION ( 'NONE',  ( 0.000000000000000000, -0.000000000000000000, -1.000000000000000000 ) ) ;
#685 = EDGE_CURVE ( 'NONE', #311, #933, #586, .T. ) ;
#686 = EDGE_LOOP ( 'NONE', ( #191, #1008, #1469, #429, #550, #69 ) ) ;
#687 = EDGE_LOOP ( 'NONE', ( #764, #912, #610, #219 ) ) ;
#688 = DIRECTION ( 'NONE',  ( -1.000000000000000000, -0.000000000000000000, -0.000000000000000000 ) ) ;
#689 = LINE ( 'NONE', #1430, #839 ) ;
#690 = ORIENTED_EDGE ( 'NONE', *, *, #1314, .F. ) ;
#691 = VECTOR ( 'NONE', #159, 1000.000000000000000 ) ;
#692 = VERTEX_POINT ( 'NONE', #760 ) ;
#693 = ORIENTED_EDGE ( 'NONE', *, *, #225, .F. ) ;
#694 = CARTESIAN_POINT ( 'NONE',  ( 15.00000000000000000, -15.00000000000000000, 18.00000000000000000 ) ) ;
#695 = CC_DESIGN_PERSON_AND_ORGANIZATION_ASSIGNMENT ( #669, #1496, ( #548 ) ) ;
#696 = CARTESIAN_POINT ( 'NONE',  ( 27.00000000000000000, -20.00000000000000000, 0.000000000000000000 ) ) ;
#697 = VERTEX_POINT ( 'NONE', #153 ) ;
#698 = FACE_BOUND ( 'NONE', #1438, .T. ) ;
#699 = ORIENTED_EDGE ( 'NONE', *, *, #126, .F. ) ;
#700 = CIRCLE ( 'NONE', #621, 1.150000000000000799 ) ;
#701 = ORIENTED_EDGE ( 'NONE', *, *, #950, .F. ) ;
#702 = DIRECTION ( 'NONE',  ( 0.000000000000000000, 0.000000000000000000, 1.000000000000000000 ) ) ;
#703 = AXIS2_PLACEMENT_3D ( 'NONE', #380, #1491, #785 ) ;
#704 = EDGE_CURVE ( 'NONE', #1044, #320, #665, .T. ) ;
#705 = ADVANCED_FACE ( 'NONE', ( #1127 ), #1242, .T. ) ;
#706 = DIRECTION ( 'NONE',  ( -1.000000000000000000, -0.000000000000000000, -0.000000000000000000 ) ) ;
#707 = EDGE_CURVE ( 'NONE', #786, #1021, #905, .T. ) ;
#708 = ORIENTED_EDGE ( 'NONE', *, *, #1380, .T. ) ;
#709 = CARTESIAN_POINT ( 'NONE',  ( -2.100000000000000089, -8.150000000000000355, 13.34999999999999964 ) ) ;
#710 = CARTESIAN_POINT ( 'NONE',  ( -3.404408906109840149, -2.100000000000000089, 15.00000000000000000 ) ) ;
#711 = ORIENTED_EDGE ( 'NONE', *, *, #477, .F. ) ;
#712 = CIRCLE ( 'NONE', #983, 1.150000000000000799 ) ;
#713 = EDGE_LOOP ( 'NONE', ( #804, #1393, #275, #323 ) ) ;
#714 = DIRECTION ( 'NONE',  ( 0.000000000000000000, 0.000000000000000000, 1.000000000000000000 ) ) ;
#715 = DIRECTION ( 'NONE',  ( 0.000000000000000000, 0.000000000000000000, 1.000000000000000000 ) ) ;
#716 = DIRECTION ( 'NONE',  ( -1.000000000000000000, 0.000000000000000000, 0.000000000000000000 ) ) ;
#717 = CYLINDRICAL_SURFACE ( 'NONE', #853, 2.100000000000000977 ) ;
#718 = EDGE_LOOP ( 'NONE', ( #868, #791, #76, #588 ) ) ;
#719 = CARTESIAN_POINT ( 'NONE',  ( -3.404408906109840149, 2.100000000000000089, 13.34999999999999964 ) ) ;
#720 = DIRECTION ( 'NONE',  ( -1.000000000000000000, 0.000000000000000000, 0.000000000000000000 ) ) ;
#721 = CIRCLE ( 'NONE', #104, 4.000000000000000000 ) ;
#722 = PLANE ( 'NONE',  #57 ) ;
#723 = EDGE_CURVE ( 'NONE', #314, #298, #1358, .T. ) ;
#724 = LINE ( 'NONE', #1106, #290 ) ;
#725 = AXIS2_PLACEMENT_3D ( 'NONE', #929, #216, #1535 ) ;
#726 = EDGE_LOOP ( 'NONE', ( #808, #1222, #344, #1390, #156, #371, #300, #197 ) ) ;
#727 = EDGE_CURVE ( 'NONE', #592, #427, #787, .T. ) ;
#728 = DIRECTION ( 'NONE',  ( 0.000000000000000000, 0.000000000000000000, 1.000000000000000000 ) ) ;
#729 = LINE ( 'NONE', #632, #937 ) ;
#730 = CARTESIAN_POINT ( 'NONE',  ( 0.000000000000000000, -8.150000000000000355, 15.00000000000000000 ) ) ;
#731 = DIRECTION ( 'NONE',  ( -0.000000000000000000, -0.000000000000000000, 1.000000000000000000 ) ) ;
#732 = CARTESIAN_POINT ( 'NONE',  ( -5.850000000000000533, -7.000000000000000000, 13.34999999999999964 ) ) ;
#733 = ORIENTED_EDGE ( 'NONE', *, *, #856, .T. ) ;
#734 = CARTESIAN_POINT ( 'NONE',  ( 15.00000000000000000, 0.000000000000000000, 15.00000000000000000 ) ) ;
#735 = FACE_OUTER_BOUND ( 'NONE', #84, .T. ) ;
#736 = PLANE ( 'NONE',  #273 ) ;
#737 = CARTESIAN_POINT ( 'NONE',  ( -7.000000000000000000, 7.000000000000000000, 18.00000000000000355 ) ) ;
#738 = CARTESIAN_POINT ( 'NONE',  ( 8.150000000000000355, -7.000000000000000000, 13.34999999999999964 ) ) ;
#739 = PRODUCT_DEFINITION ( 'UNKNOWN', '', #548, #1202 ) ;
#740 = VERTEX_POINT ( 'NONE', #147 ) ;
#741 = DIRECTION ( 'NONE',  ( 0.000000000000000000, 0.000000000000000000, -1.000000000000000000 ) ) ;
#742 = DIRECTION ( 'NONE',  ( 0.000000000000000000, 0.000000000000000000, -1.000000000000000000 ) ) ;
#743 = DIRECTION ( 'NONE',  ( -0.000000000000000000, -0.000000000000000000, -1.000000000000000000 ) ) ;
#744 = APPROVAL_PERSON_ORGANIZATION ( #1138, #50, #1131 ) ;
#745 = CIRCLE ( 'NONE', #517, 13.00000000000000000 ) ;
#746 = EDGE_CURVE ( 'NONE', #909, #931, #399, .T. ) ;
#747 = AXIS2_PLACEMENT_3D ( 'NONE', #1317, #728, #10 ) ;
#748 = EDGE_LOOP ( 'NONE', ( #1284, #1540 ) ) ;
#749 = CARTESIAN_POINT ( 'NONE',  ( 0.000000000000000000, -19.00000000000000000, 18.00000000000000000 ) ) ;
#750 = DIRECTION ( 'NONE',  ( 0.000000000000000000, 0.000000000000000000, 1.000000000000000000 ) ) ;
#751 = VECTOR ( 'NONE', #39, 1000.000000000000000 ) ;
#752 = PLANE ( 'NONE',  #1107 ) ;
#753 = LINE ( 'NONE', #628, #1 ) ;
#754 = ADVANCED_FACE ( 'NONE', ( #1248, #1187, #809, #1051, #792, #1162, #306, #674 ), #802, .T. ) ;
#755 = CARTESIAN_POINT ( 'NONE',  ( -8.150000000000000355, -2.100000000000000089, 15.00000000000000000 ) ) ;
#756 = VECTOR ( 'NONE', #1180, 1000.000000000000000 ) ;
#757 = ORIENTED_EDGE ( 'NONE', *, *, #1006, .F. ) ;
#758 = ADVANCED_FACE ( 'NONE', ( #190 ), #1308, .F. ) ;
#759 = DIRECTION ( 'NONE',  ( 0.000000000000000000, 0.000000000000000000, -1.000000000000000000 ) ) ;
#760 = CARTESIAN_POINT ( 'NONE',  ( 8.150000000000000355, -2.100000000000000977, 15.00000000000000000 ) ) ;
#761 = VECTOR ( 'NONE', #244, 1000.000000000000000 ) ;
#762 = AXIS2_PLACEMENT_3D ( 'NONE', #968, #1350, #252 ) ;
#763 = FACE_OUTER_BOUND ( 'NONE', #1355, .T. ) ;
#764 = ORIENTED_EDGE ( 'NONE', *, *, #1461, .F. ) ;
#765 = ORIENTED_EDGE ( 'NONE', *, *, #723, .T. ) ;
#766 = DIRECTION ( 'NONE',  ( -1.000000000000000000, 0.000000000000000000, 0.000000000000000000 ) ) ;
#767 = EDGE_CURVE ( 'NONE', #1246, #199, #1007, .T. ) ;
#768 = CARTESIAN_POINT ( 'NONE',  ( 22.89999999999999858, -17.50000000000000000, 18.00000000000000355 ) ) ;
#769 = ORIENTED_EDGE ( 'NONE', *, *, #349, .T. ) ;
#770 = LINE ( 'NONE', #302, #554 ) ;
#771 = CALENDAR_DATE ( 2026, 8, 9 ) ;
#772 = EDGE_CURVE ( 'NONE', #656, #1556, #1253, .T. ) ;
#773 = ORIENTED_EDGE ( 'NONE', *, *, #364, .T. ) ;
#774 = VECTOR ( 'NONE', #297, 1000.000000000000000 ) ;
#775 = AXIS2_PLACEMENT_3D ( 'NONE', #20, #12, #401 ) ;
#776 = CARTESIAN_POINT ( 'NONE',  ( -10.25000000000000178, 0.000000000000000000, 15.00000000000000000 ) ) ;
#777 = VERTEX_POINT ( 'NONE', #1132 ) ;
#778 = CARTESIAN_POINT ( 'NONE',  ( 0.000000000000000000, 3.000000000000000000, 18.00000000000000000 ) ) ;
#779 = EDGE_CURVE ( 'NONE', #228, #1013, #1572, .T. ) ;
#780 = VERTEX_POINT ( 'NONE', #1389 ) ;
#781 = CARTESIAN_POINT ( 'NONE',  ( 2.100000000000000089, -3.404408906109840149, 13.34999999999999964 ) ) ;
#782 = PLANE ( 'NONE',  #1100 ) ;
#783 = CARTESIAN_POINT ( 'NONE',  ( 22.89999999999999858, -17.50000000000000000, 18.00000000000000355 ) ) ;
#784 = ORIENTED_EDGE ( 'NONE', *, *, #1410, .F. ) ;
#785 = DIRECTION ( 'NONE',  ( -1.000000000000000000, 0.000000000000000000, 0.000000000000000000 ) ) ;
#786 = VERTEX_POINT ( 'NONE', #783 ) ;
#787 = LINE ( 'NONE', #53, #305 ) ;
#788 = ORIENTED_EDGE ( 'NONE', *, *, #859, .T. ) ;
#789 = DIRECTION ( 'NONE',  ( 0.000000000000000000, 0.000000000000000000, 1.000000000000000000 ) ) ;
#790 = CARTESIAN_POINT ( 'NONE',  ( 27.00000000000000000, -15.00000000000000000, 15.00000000000000000 ) ) ;
#791 = ORIENTED_EDGE ( 'NONE', *, *, #1184, .T. ) ;
#792 = FACE_BOUND ( 'NONE', #510, .T. ) ;
#793 = VECTOR ( 'NONE', #230, 1000.000000000000000 ) ;
#794 = ORIENTED_EDGE ( 'NONE', *, *, #78, .T. ) ;
#795 = DIRECTION ( 'NONE',  ( 1.000000000000000000, 0.000000000000000000, 0.000000000000000000 ) ) ;
#796 = APPROVAL_STATUS ( 'not_yet_approved' ) ;
#797 = PLANE ( 'NONE',  #825 ) ;
#798 = EDGE_LOOP ( 'NONE', ( #955, #1348, #572, #9 ) ) ;
#799 = EDGE_CURVE ( 'NONE', #1332, #1316, #1262, .T. ) ;
#800 = VERTEX_POINT ( 'NONE', #48 ) ;
#801 = VECTOR ( 'NONE', #731, 1000.000000000000000 ) ;
#802 = PLANE ( 'NONE',  #1190 ) ;
#803 = AXIS2_PLACEMENT_3D ( 'NONE', #618, #597, #1327 ) ;
#804 = ORIENTED_EDGE ( 'NONE', *, *, #772, .F. ) ;
#805 = DIRECTION ( 'NONE',  ( 0.000000000000000000, 0.000000000000000000, 1.000000000000000000 ) ) ;
#806 = EDGE_CURVE ( 'NONE', #777, #314, #1020, .T. ) ;
#807 = DIRECTION ( 'NONE',  ( 1.000000000000000000, 0.000000000000000000, 0.000000000000000000 ) ) ;
#808 = ORIENTED_EDGE ( 'NONE', *, *, #33, .F. ) ;
#809 = FACE_BOUND ( 'NONE', #462, .T. ) ;
#810 = CARTESIAN_POINT ( 'NONE',  ( 2.100000000000000089, -8.150000000000000355, 13.34999999999999964 ) ) ;
#811 = VECTOR ( 'NONE', #1172, 1000.000000000000000 ) ;
#812 = CARTESIAN_POINT ( 'NONE',  ( -8.150000000000000355, 0.000000000000000000, 15.00000000000000000 ) ) ;
#813 = ORIENTED_EDGE ( 'NONE', *, *, #8, .T. ) ;
#814 = ORIENTED_EDGE ( 'NONE', *, *, #180, .F. ) ;
#815 = LINE ( 'NONE', #1299, #1417 ) ;
#816 = EDGE_CURVE ( 'NONE', #1481, #826, #1083, .T. ) ;
#817 = ORIENTED_EDGE ( 'NONE', *, *, #982, .T. ) ;
#818 = CARTESIAN_POINT ( 'NONE',  ( 0.000000000000000000, 0.000000000000000000, 18.00000000000000000 ) ) ;
#819 = EDGE_CURVE ( 'NONE', #1013, #1192, #434, .T. ) ;
#820 = CARTESIAN_POINT ( 'NONE',  ( 0.000000000000000000, -19.00000000000000000, 15.00000000000000000 ) ) ;
#821 = CARTESIAN_POINT ( 'NONE',  ( -7.000000000000000000, 7.000000000000000000, 18.00000000000000355 ) ) ;
#822 = CARTESIAN_POINT ( 'NONE',  ( -8.150000000000000355, -2.100000000000000089, 15.00000000000000000 ) ) ;
#823 = EDGE_CURVE ( 'NONE', #543, #329, #689, .T. ) ;
#824 = EDGE_LOOP ( 'NONE', ( #547, #1116, #682, #1176 ) ) ;
#825 = AXIS2_PLACEMENT_3D ( 'NONE', #1054, #1159, #327 ) ;
#826 = VERTEX_POINT ( 'NONE', #217 ) ;
#827 = CIRCLE ( 'NONE', #996, 1.149999999999999911 ) ;
#828 = LINE ( 'NONE', #1311, #1124 ) ;
#829 = CIRCLE ( 'NONE', #876, 4.000000000000000000 ) ;
#830 = EDGE_CURVE ( 'NONE', #834, #780, #972, .T. ) ;
#831 = CARTESIAN_POINT ( 'NONE',  ( 15.00000000000000000, -20.00000000000000000, 18.00000000000000000 ) ) ;
#832 = VECTOR ( 'NONE', #1404, 1000.000000000000000 ) ;
#833 = ORIENTED_EDGE ( 'NONE', *, *, #155, .T. ) ;
#834 = VERTEX_POINT ( 'NONE', #1543 ) ;
#835 = CARTESIAN_POINT ( 'NONE',  ( -3.000000000000000000, 0.000000000000000000, 15.00000000000000000 ) ) ;
#836 = ORIENTED_EDGE ( 'NONE', *, *, #982, .F. ) ;
#837 = FACE_OUTER_BOUND ( 'NONE', #332, .T. ) ;
#838 = CARTESIAN_POINT ( 'NONE',  ( 0.000000000000000000, 0.000000000000000000, 13.34999999999999964 ) ) ;
#839 = VECTOR ( 'NONE', #1289, 1000.000000000000000 ) ;
#840 = ORIENTED_EDGE ( 'NONE', *, *, #1291, .T. ) ;
#841 = CARTESIAN_POINT ( 'NONE',  ( -2.100000000000000089, 3.404408906109841038, 13.34999999999999964 ) ) ;
#842 = EDGE_CURVE ( 'NONE', #1501, #909, #570, .T. ) ;
#843 = ORIENTED_EDGE ( 'NONE', *, *, #349, .F. ) ;
#844 = DIRECTION ( 'NONE',  ( 0.000000000000000000, -0.000000000000000000, -1.000000000000000000 ) ) ;
#845 = DIRECTION ( 'NONE',  ( 0.000000000000000000, 0.000000000000000000, -1.000000000000000000 ) ) ;
#846 = DIRECTION ( 'NONE',  ( -0.000000000000000000, -0.000000000000000000, -1.000000000000000000 ) ) ;
#847 = EDGE_CURVE ( 'NONE', #1161, #329, #917, .T. ) ;
#848 = EDGE_LOOP ( 'NONE', ( #1003, #813, #1371, #1084 ) ) ;
#849 = DIRECTION ( 'NONE',  ( 0.000000000000000000, 0.000000000000000000, 1.000000000000000000 ) ) ;
#850 = CARTESIAN_POINT ( 'NONE',  ( -8.150000000000000355, 2.100000000000000089, 13.34999999999999964 ) ) ;
#851 = PLANE ( 'NONE',  #245 ) ;
#852 = VECTOR ( 'NONE', #1038, 1000.000000000000000 ) ;
#853 = AXIS2_PLACEMENT_3D ( 'NONE', #1564, #378, #960 ) ;
#854 = DIRECTION ( 'NONE',  ( -1.000000000000000000, 0.000000000000000000, 0.000000000000000000 ) ) ;
#855 = VERTEX_POINT ( 'NONE', #92 ) ;
#856 = EDGE_CURVE ( 'NONE', #213, #692, #1183, .T. ) ;
#857 = CARTESIAN_POINT ( 'NONE',  ( 19.09999999999999787, -17.50000000000000000, 0.000000000000000000 ) ) ;
#858 = CARTESIAN_POINT ( 'NONE',  ( -2.100000000000000089, -8.150000000000000355, 15.00000000000000000 ) ) ;
#859 = EDGE_CURVE ( 'NONE', #740, #205, #209, .T. ) ;
#860 = AXIS2_PLACEMENT_3D ( 'NONE', #648, #536, #36 ) ;
#861 = ORIENTED_EDGE ( 'NONE', *, *, #856, .F. ) ;
#862 = CARTESIAN_POINT ( 'NONE',  ( -7.000000000000000000, -7.000000000000000000, 18.00000000000000355 ) ) ;
#863 = LINE ( 'NONE', #1471, #1154 ) ;
#864 = CARTESIAN_POINT ( 'NONE',  ( -8.150000000000000355, -2.100000000000000089, 13.34999999999999964 ) ) ;
#865 = EDGE_CURVE ( 'NONE', #942, #1332, #900, .T. ) ;
#866 = DIRECTION ( 'NONE',  ( 0.000000000000000000, 0.000000000000000000, -1.000000000000000000 ) ) ;
#867 = EDGE_CURVE ( 'NONE', #1057, #1501, #930, .T. ) ;
#868 = ORIENTED_EDGE ( 'NONE', *, *, #125, .F. ) ;
#869 = CARTESIAN_POINT ( 'NONE',  ( -7.000000000000000000, 7.000000000000000000, 18.00000000000000355 ) ) ;
#870 = DIRECTION ( 'NONE',  ( 0.000000000000000000, 0.000000000000000000, -1.000000000000000000 ) ) ;
#871 = DIRECTION ( 'NONE',  ( 0.000000000000000000, 0.000000000000000000, -1.000000000000000000 ) ) ;
#872 = DIRECTION ( 'NONE',  ( 0.000000000000000000, 0.000000000000000000, -1.000000000000000000 ) ) ;
#873 = CARTESIAN_POINT ( 'NONE',  ( -13.00000000000000000, 0.000000000000000000, 13.34999999999999964 ) ) ;
#874 = VECTOR ( 'NONE', #467, 1000.000000000000000 ) ;
#875 = CC_DESIGN_PERSON_AND_ORGANIZATION_ASSIGNMENT ( #1221, #1399, ( #910 ) ) ;
#876 = AXIS2_PLACEMENT_3D ( 'NONE', #1561, #472, #956 ) ;
#877 = ORIENTED_EDGE ( 'NONE', *, *, #125, .T. ) ;
#878 = CARTESIAN_POINT ( 'NONE',  ( 5.849999999999999645, -7.000000000000000000, 18.00000000000000355 ) ) ;
#879 = PLANE ( 'NONE',  #1330 ) ;
#880 = CARTESIAN_POINT ( 'NONE',  ( 0.000000000000000000, 0.000000000000000000, 13.34999999999999964 ) ) ;
#881 = DIRECTION ( 'NONE',  ( -0.000000000000000000, -1.000000000000000000, -0.000000000000000000 ) ) ;
#882 = CARTESIAN_POINT ( 'NONE',  ( 15.00000000000000000, -19.00000000000000000, 18.00000000000000000 ) ) ;
#883 = EDGE_CURVE ( 'NONE', #1309, #1290, #745, .T. ) ;
#884 = AXIS2_PLACEMENT_3D ( 'NONE', #1318, #715, #1422 ) ;
#885 = FACE_OUTER_BOUND ( 'NONE', #281, .T. ) ;
#886 = CARTESIAN_POINT ( 'NONE',  ( 15.00000000000000000, -20.00000000000000000, 0.000000000000000000 ) ) ;
#887 = AXIS2_PLACEMENT_3D ( 'NONE', #1135, #1012, #993 ) ;
#888 = ADVANCED_FACE ( 'NONE', ( #341 ), #797, .T. ) ;
#889 = EDGE_LOOP ( 'NONE', ( #173, #1407, #589, #531 ) ) ;
#890 = CARTESIAN_POINT ( 'NONE',  ( 27.00000000000000000, 3.000000000000000000, 18.00000000000000000 ) ) ;
#891 = EDGE_CURVE ( 'NONE', #1366, #213, #1306, .T. ) ;
#892 = CARTESIAN_POINT ( 'NONE',  ( -2.100000000000000089, 8.150000000000000355, 13.34999999999999964 ) ) ;
#893 = ORIENTED_EDGE ( 'NONE', *, *, #1353, .T. ) ;
#894 = DIRECTION ( 'NONE',  ( 0.000000000000000000, 1.000000000000000000, 0.000000000000000000 ) ) ;
#895 = ORIENTED_EDGE ( 'NONE', *, *, #605, .F. ) ;
#896 = CARTESIAN_POINT ( 'NONE',  ( 0.000000000000000000, 0.000000000000000000, 18.00000000000000355 ) ) ;
#897 = DIRECTION ( 'NONE',  ( 0.000000000000000000, 0.000000000000000000, 1.000000000000000000 ) ) ;
#898 = CARTESIAN_POINT ( 'NONE',  ( -8.150000000000000355, 0.000000000000000000, 15.00000000000000000 ) ) ;
#899 = ORIENTED_EDGE ( 'NONE', *, *, #405, .F. ) ;
#900 = CIRCLE ( 'NONE', #970, 3.000000000000000000 ) ;
#901 = AXIS2_PLACEMENT_3D ( 'NONE', #1117, #23, #565 ) ;
#902 = VECTOR ( 'NONE', #1342, 1000.000000000000000 ) ;
#903 = DIRECTION ( 'NONE',  ( 0.000000000000000000, 0.000000000000000000, 1.000000000000000000 ) ) ;
#904 = ORIENTED_EDGE ( 'NONE', *, *, #1341, .T. ) ;
#905 = LINE ( 'NONE', #768, #1294 ) ;
#906 = ORIENTED_EDGE ( 'NONE', *, *, #1291, .F. ) ;
#907 = AXIS2_PLACEMENT_3D ( 'NONE', #1019, #1370, #1244 ) ;
#908 = DIRECTION ( 'NONE',  ( 0.000000000000000000, 0.000000000000000000, -1.000000000000000000 ) ) ;
#909 = VERTEX_POINT ( 'NONE', #1550 ) ;
#910 = PRODUCT ( 'ARM-103_Grip_moving_finger', 'ARM-103_Grip_moving_finger', '', ( #485 ) ) ;
#911 = ORIENTED_EDGE ( 'NONE', *, *, #1457, .F. ) ;
#912 = ORIENTED_EDGE ( 'NONE', *, *, #819, .T. ) ;
#913 = AXIS2_PLACEMENT_3D ( 'NONE', #1444, #123, #844 ) ;
#914 = CYLINDRICAL_SURFACE ( 'NONE', #214, 13.00000000000000000 ) ;
#915 = EDGE_CURVE ( 'NONE', #129, #931, #456, .T. ) ;
#916 = COORDINATED_UNIVERSAL_TIME_OFFSET ( 6, 0, .BEHIND. ) ;
#917 = LINE ( 'NONE', #710, #1280 ) ;
#918 = ORIENTED_EDGE ( 'NONE', *, *, #31, .T. ) ;
#919 = ORIENTED_EDGE ( 'NONE', *, *, #1015, .T. ) ;
#920 = ORIENTED_EDGE ( 'NONE', *, *, #865, .F. ) ;
#921 = ORIENTED_EDGE ( 'NONE', *, *, #373, .F. ) ;
#922 = CARTESIAN_POINT ( 'NONE',  ( 2.100000000000000089, 3.404408906109841038, 15.00000000000000000 ) ) ;
#923 = COORDINATED_UNIVERSAL_TIME_OFFSET ( 6, 0, .BEHIND. ) ;
#924 = CARTESIAN_POINT ( 'NONE',  ( -2.100000000000000089, 8.150000000000000355, 15.00000000000000000 ) ) ;
#925 = ORIENTED_EDGE ( 'NONE', *, *, #1527, .F. ) ;
#926 = AXIS2_PLACEMENT_3D ( 'NONE', #1207, #1220, #981 ) ;
#927 = CIRCLE ( 'NONE', #469, 2.100000000000000089 ) ;
#928 = CARTESIAN_POINT ( 'NONE',  ( 0.000000000000000000, -19.00000000000000000, 18.00000000000000000 ) ) ;
#929 = CARTESIAN_POINT ( 'NONE',  ( 7.000000000000000000, 7.000000000000000000, 18.00000000000000355 ) ) ;
#930 = LINE ( 'NONE', #696, #946 ) ;
#931 = VERTEX_POINT ( 'NONE', #938 ) ;
#932 = EDGE_CURVE ( 'NONE', #1037, #1200, #546, .T. ) ;
#933 = VERTEX_POINT ( 'NONE', #1415 ) ;
#934 = ORIENTED_EDGE ( 'NONE', *, *, #707, .T. ) ;
#935 = DIRECTION ( 'NONE',  ( -1.000000000000000000, -0.000000000000000000, -0.000000000000000000 ) ) ;
#936 = EDGE_CURVE ( 'NONE', #320, #298, #1303, .T. ) ;
#937 = VECTOR ( 'NONE', #870, 1000.000000000000000 ) ;
#938 = CARTESIAN_POINT ( 'NONE',  ( 15.00000000000000000, -20.00000000000000000, 0.000000000000000000 ) ) ;
#939 = ORIENTED_EDGE ( 'NONE', *, *, #150, .T. ) ;
#940 = ADVANCED_FACE ( 'NONE', ( #1062 ), #310, .F. ) ;
#941 = ORIENTED_EDGE ( 'NONE', *, *, #685, .F. ) ;
#942 = VERTEX_POINT ( 'NONE', #1531 ) ;
#943 = CARTESIAN_POINT ( 'NONE',  ( 19.09999999999999787, -17.50000000000000000, 18.00000000000000355 ) ) ;
#944 = DIRECTION ( 'NONE',  ( 1.000000000000000000, 0.000000000000000000, 0.000000000000000000 ) ) ;
#945 = VERTEX_POINT ( 'NONE', #439 ) ;
#946 = VECTOR ( 'NONE', #1536, 1000.000000000000000 ) ;
#947 = ORIENTED_EDGE ( 'NONE', *, *, #1193, .T. ) ;
#948 = DIRECTION ( 'NONE',  ( 0.000000000000000000, -0.000000000000000000, -1.000000000000000000 ) ) ;
#949 = VECTOR ( 'NONE', #963, 1000.000000000000000 ) ;
#950 = EDGE_CURVE ( 'NONE', #1092, #1504, #318, .T. ) ;
#951 = CARTESIAN_POINT ( 'NONE',  ( 0.000000000000000000, 0.000000000000000000, 15.00000000000000000 ) ) ;
#952 = VECTOR ( 'NONE', #1521, 1000.000000000000000 ) ;
#953 = VERTEX_POINT ( 'NONE', #117 ) ;
#954 = EDGE_CURVE ( 'NONE', #1200, #1037, #1150, .T. ) ;
#955 = ORIENTED_EDGE ( 'NONE', *, *, #1410, .T. ) ;
#956 = DIRECTION ( 'NONE',  ( 1.000000000000000000, 0.000000000000000000, 0.000000000000000000 ) ) ;
#957 = ORIENTED_EDGE ( 'NONE', *, *, #772, .T. ) ;
#958 = CARTESIAN_POINT ( 'NONE',  ( 2.100000000000000089, -8.150000000000000355, 15.00000000000000000 ) ) ;
#959 = EDGE_CURVE ( 'NONE', #1547, #953, #1048, .T. ) ;
#960 = DIRECTION ( 'NONE',  ( -1.000000000000000000, 0.000000000000000000, 0.000000000000000000 ) ) ;
#961 = LINE ( 'NONE', #233, #1151 ) ;
#962 = VERTEX_POINT ( 'NONE', #858 ) ;
#963 = DIRECTION ( 'NONE',  ( 0.000000000000000000, 1.000000000000000000, 0.000000000000000000 ) ) ;
#964 = DIRECTION ( 'NONE',  ( -1.000000000000000000, 0.000000000000000000, 0.000000000000000000 ) ) ;
#965 = CARTESIAN_POINT ( 'NONE',  ( -8.150000000000000355, -2.100000000000000089, 15.00000000000000000 ) ) ;
#966 = VERTEX_POINT ( 'NONE', #1105 ) ;
#967 = CYLINDRICAL_SURFACE ( 'NONE', #1074, 1.150000000000000799 ) ;
#968 = CARTESIAN_POINT ( 'NONE',  ( 0.000000000000000000, 0.000000000000000000, 0.000000000000000000 ) ) ;
#969 = DIRECTION ( 'NONE',  ( 1.000000000000000000, 0.000000000000000000, 0.000000000000000000 ) ) ;
#970 = AXIS2_PLACEMENT_3D ( 'NONE', #65, #73, #1066 ) ;
#971 = VECTOR ( 'NONE', #138, 1000.000000000000000 ) ;
#972 = CIRCLE ( 'NONE', #1227, 1.150000000000000799 ) ;
#973 = DIRECTION ( 'NONE',  ( -0.000000000000000000, 1.000000000000000000, 0.000000000000000000 ) ) ;
#974 = CARTESIAN_POINT ( 'NONE',  ( 15.00000000000000000, -15.00000000000000000, 15.00000000000000000 ) ) ;
#975 = CIRCLE ( 'NONE', #265, 13.00000000000000000 ) ;
#976 = EDGE_CURVE ( 'NONE', #826, #1256, #255, .T. ) ;
#977 = ORIENTED_EDGE ( 'NONE', *, *, #326, .T. ) ;
#978 = DIRECTION ( 'NONE',  ( -0.000000000000000000, -0.000000000000000000, 1.000000000000000000 ) ) ;
#979 = DIRECTION ( 'NONE',  ( 1.000000000000000000, 0.000000000000000000, 0.000000000000000000 ) ) ;
#980 = DIRECTION ( 'NONE',  ( 0.000000000000000000, 0.000000000000000000, -1.000000000000000000 ) ) ;
#981 = DIRECTION ( 'NONE',  ( -1.000000000000000000, 0.000000000000000000, 0.000000000000000000 ) ) ;
#982 = EDGE_CURVE ( 'NONE', #435, #592, #1088, .T. ) ;
#983 = AXIS2_PLACEMENT_3D ( 'NONE', #174, #140, #1502 ) ;
#984 = ORIENTED_EDGE ( 'NONE', *, *, #463, .F. ) ;
#985 = DIRECTION ( 'NONE',  ( 1.000000000000000000, 0.000000000000000000, 0.000000000000000000 ) ) ;
#986 = CARTESIAN_POINT ( 'NONE',  ( -8.150000000000000355, 0.000000000000000000, 15.00000000000000000 ) ) ;
#987 = DIRECTION ( 'NONE',  ( 0.000000000000000000, 0.000000000000000000, -1.000000000000000000 ) ) ;
#988 = CARTESIAN_POINT ( 'NONE',  ( -3.404408906109840149, -2.100000000000000089, 15.00000000000000000 ) ) ;
#989 = EDGE_LOOP ( 'NONE', ( #1058, #925 ) ) ;
#990 = VECTOR ( 'NONE', #567, 1000.000000000000000 ) ;
#991 = ORIENTED_EDGE ( 'NONE', *, *, #198, .T. ) ;
#992 = CARTESIAN_POINT ( 'NONE',  ( 13.00000000000000000, 1.592040838891559095E-15, 18.00000000000000000 ) ) ;
#993 = DIRECTION ( 'NONE',  ( 1.000000000000000000, 0.000000000000000000, 0.000000000000000000 ) ) ;
#994 = CARTESIAN_POINT ( 'NONE',  ( -2.100000000000000089, -8.150000000000000355, 13.34999999999999964 ) ) ;
#995 = ADVANCED_FACE ( 'NONE', ( #1345 ), #722, .T. ) ;
#996 = AXIS2_PLACEMENT_3D ( 'NONE', #1141, #51, #1233 ) ;
#997 = AXIS2_PLACEMENT_3D ( 'NONE', #448, #585, #79 ) ;
#998 = VECTOR ( 'NONE', #334, 1000.000000000000000 ) ;
#999 = ORIENTED_EDGE ( 'NONE', *, *, #1184, .F. ) ;
#1000 = ADVANCED_FACE ( 'NONE', ( #357 ), #1581, .F. ) ;
#1001 = FACE_OUTER_BOUND ( 'NONE', #798, .T. ) ;
#1002 = CARTESIAN_POINT ( 'NONE',  ( -7.000000000000000000, 7.000000000000000000, 13.34999999999999964 ) ) ;
#1003 = ORIENTED_EDGE ( 'NONE', *, *, #1566, .F. ) ;
#1004 = LINE ( 'NONE', #292, #363 ) ;
#1005 = CARTESIAN_POINT ( 'NONE',  ( 0.000000000000000000, 0.000000000000000000, 15.00000000000000000 ) ) ;
#1006 = EDGE_CURVE ( 'NONE', #931, #1057, #627, .T. ) ;
#1007 = LINE ( 'NONE', #432, #353 ) ;
#1008 = ORIENTED_EDGE ( 'NONE', *, *, #959, .F. ) ;
#1009 = VECTOR ( 'NONE', #333, 1000.000000000000000 ) ;
#1010 = CARTESIAN_POINT ( 'NONE',  ( -7.000000000000000000, -7.000000000000000000, 13.34999999999999964 ) ) ;
#1011 = ORIENTED_EDGE ( 'NONE', *, *, #779, .F. ) ;
#1012 = DIRECTION ( 'NONE',  ( -0.000000000000000000, -0.000000000000000000, -1.000000000000000000 ) ) ;
#1013 = VERTEX_POINT ( 'NONE', #362 ) ;
#1014 = LINE ( 'NONE', #1488, #832 ) ;
#1015 = EDGE_CURVE ( 'NONE', #1425, #435, #1069, .T. ) ;
#1016 = DIRECTION ( 'NONE',  ( -1.000000000000000000, 0.000000000000000000, 0.000000000000000000 ) ) ;
#1017 = CARTESIAN_POINT ( 'NONE',  ( -3.404408906109840149, 2.100000000000000089, 15.00000000000000000 ) ) ;
#1018 = EDGE_LOOP ( 'NONE', ( #1541, #75 ) ) ;
#1019 = CARTESIAN_POINT ( 'NONE',  ( 7.000000000000000000, -7.000000000000000000, 18.00000000000000355 ) ) ;
#1020 = LINE ( 'NONE', #1515, #220 ) ;
#1021 = VERTEX_POINT ( 'NONE', #501 ) ;
#1022 = AXIS2_PLACEMENT_3D ( 'NONE', #1337, #1446, #1574 ) ;
#1023 = AXIS2_PLACEMENT_3D ( 'NONE', #1470, #1209, #488 ) ;
#1024 =( NAMED_UNIT ( * ) PLANE_ANGLE_UNIT ( ) SI_UNIT ( $, .RADIAN. ) );
#1025 = ADVANCED_FACE ( 'NONE', ( #1468 ), #484, .F. ) ;
#1026 = ORIENTED_EDGE ( 'NONE', *, *, #339, .T. ) ;
#1027 = CIRCLE ( 'NONE', #1391, 3.000000000000000000 ) ;
#1028 = DIRECTION ( 'NONE',  ( -0.000000000000000000, -0.000000000000000000, -1.000000000000000000 ) ) ;
#1029 = PERSON_AND_ORGANIZATION_ROLE ( 'classification_officer' ) ;
#1030 = ORIENTED_EDGE ( 'NONE', *, *, #463, .T. ) ;
#1031 = ORIENTED_EDGE ( 'NONE', *, *, #1544, .T. ) ;
#1032 = EDGE_LOOP ( 'NONE', ( #226, #218, #307, #1292 ) ) ;
#1033 = CARTESIAN_POINT ( 'NONE',  ( 3.404408906109840149, -2.100000000000000089, 13.34999999999999964 ) ) ;
#1034 = PERSON_AND_ORGANIZATION ( #1304, #1226 ) ;
#1035 = DIRECTION ( 'NONE',  ( 0.000000000000000000, 0.000000000000000000, 1.000000000000000000 ) ) ;
#1036 = ORIENTED_EDGE ( 'NONE', *, *, #1239, .T. ) ;
#1037 = VERTEX_POINT ( 'NONE', #241 ) ;
#1038 = DIRECTION ( 'NONE',  ( 0.000000000000000000, 0.000000000000000000, -1.000000000000000000 ) ) ;
#1039 = ORIENTED_EDGE ( 'NONE', *, *, #271, .F. ) ;
#1040 = DIRECTION ( 'NONE',  ( -0.000000000000000000, -1.000000000000000000, -0.000000000000000000 ) ) ;
#1041 = CARTESIAN_POINT ( 'NONE',  ( -8.150000000000000355, 2.100000000000000089, 13.34999999999999964 ) ) ;
#1042 = EDGE_CURVE ( 'NONE', #199, #777, #475, .T. ) ;
#1043 = CARTESIAN_POINT ( 'NONE',  ( 0.000000000000000000, 0.000000000000000000, 15.00000000000000000 ) ) ;
#1044 = VERTEX_POINT ( 'NONE', #491 ) ;
#1045 = ORIENTED_EDGE ( 'NONE', *, *, #489, .F. ) ;
#1046 = FACE_OUTER_BOUND ( 'NONE', #718, .T. ) ;
#1047 = SECURITY_CLASSIFICATION ( '', '', #552 ) ;
#1048 = CIRCLE ( 'NONE', #1022, 13.00000000000000000 ) ;
#1049 = EDGE_CURVE ( 'NONE', #933, #311, #577, .T. ) ;
#1050 = ORIENTED_EDGE ( 'NONE', *, *, #208, .F. ) ;
#1051 = FACE_BOUND ( 'NONE', #989, .T. ) ;
#1052 = LINE ( 'NONE', #583, #1198 ) ;
#1053 = DIRECTION ( 'NONE',  ( 1.000000000000000000, 0.000000000000000000, 0.000000000000000000 ) ) ;
#1054 = CARTESIAN_POINT ( 'NONE',  ( -2.100000000000000089, -8.150000000000000355, 15.00000000000000000 ) ) ;
#1055 = ORIENTED_EDGE ( 'NONE', *, *, #370, .F. ) ;
#1056 = EDGE_CURVE ( 'NONE', #1194, #435, #111, .T. ) ;
#1057 = VERTEX_POINT ( 'NONE', #124 ) ;
#1058 = ORIENTED_EDGE ( 'NONE', *, *, #1380, .F. ) ;
#1059 = DIRECTION ( 'NONE',  ( 0.000000000000000000, 0.000000000000000000, 1.000000000000000000 ) ) ;
#1060 = DIRECTION ( 'NONE',  ( 0.000000000000000000, 0.000000000000000000, -1.000000000000000000 ) ) ;
#1061 = VECTOR ( 'NONE', #663, 1000.000000000000000 ) ;
#1062 = FACE_OUTER_BOUND ( 'NONE', #496, .T. ) ;
#1063 = ORIENTED_EDGE ( 'NONE', *, *, #1544, .F. ) ;
#1064 = ORIENTED_EDGE ( 'NONE', *, *, #976, .T. ) ;
#1065 = DIRECTION ( 'NONE',  ( 0.000000000000000000, 0.000000000000000000, -1.000000000000000000 ) ) ;
#1066 = DIRECTION ( 'NONE',  ( 1.000000000000000000, 0.000000000000000000, 0.000000000000000000 ) ) ;
#1067 = DIRECTION ( 'NONE',  ( 0.000000000000000000, 1.000000000000000000, 0.000000000000000000 ) ) ;
#1068 = ORIENTED_EDGE ( 'NONE', *, *, #1119, .F. ) ;
#1069 = CIRCLE ( 'NONE', #387, 4.000000000000000000 ) ;
#1070 = EDGE_CURVE ( 'NONE', #329, #379, #721, .T. ) ;
#1071 = DIRECTION ( 'NONE',  ( 0.000000000000000000, 0.000000000000000000, -1.000000000000000000 ) ) ;
#1072 = EDGE_LOOP ( 'NONE', ( #15, #278, #1382, #195, #1011, #1160, #1063, #388, #899, #836, #351, #473, #1431, #861, #89, #1268, #1354 ) ) ;
#1073 = CARTESIAN_POINT ( 'NONE',  ( 0.000000000000000000, -13.00000000000000000, 18.00000000000000000 ) ) ;
#1074 = AXIS2_PLACEMENT_3D ( 'NONE', #862, #741, #346 ) ;
#1075 = VECTOR ( 'NONE', #1065, 1000.000000000000000 ) ;
#1076 = DIRECTION ( 'NONE',  ( 1.000000000000000000, 0.000000000000000000, 0.000000000000000000 ) ) ;
#1077 = CARTESIAN_POINT ( 'NONE',  ( 7.000000000000000000, -7.000000000000000000, 13.34999999999999964 ) ) ;
#1078 = ORIENTED_EDGE ( 'NONE', *, *, #654, .F. ) ;
#1079 = DIRECTION ( 'NONE',  ( -1.000000000000000000, 0.000000000000000000, 0.000000000000000000 ) ) ;
#1080 = CARTESIAN_POINT ( 'NONE',  ( 0.000000000000000000, 0.000000000000000000, 15.00000000000000000 ) ) ;
#1081 = DIRECTION ( 'NONE',  ( -0.000000000000000000, -0.000000000000000000, -1.000000000000000000 ) ) ;
#1082 = CARTESIAN_POINT ( 'NONE',  ( -5.850000000000000533, 7.000000000000000000, 18.00000000000000355 ) ) ;
#1083 = CIRCLE ( 'NONE', #403, 1.150000000000000799 ) ;
#1084 = ORIENTED_EDGE ( 'NONE', *, *, #442, .T. ) ;
#1085 = DIRECTION ( 'NONE',  ( 0.000000000000000000, 0.000000000000000000, -1.000000000000000000 ) ) ;
#1086 = DIRECTION ( 'NONE',  ( 1.000000000000000000, 0.000000000000000000, 0.000000000000000000 ) ) ;
#1087 = CARTESIAN_POINT ( 'NONE',  ( 8.150000000000000355, 2.100000000000000089, 15.00000000000000000 ) ) ;
#1088 = LINE ( 'NONE', #614, #874 ) ;
#1089 = DIRECTION ( 'NONE',  ( 0.000000000000000000, 0.000000000000000000, -1.000000000000000000 ) ) ;
#1090 = ADVANCED_FACE ( 'NONE', ( #1199 ), #7, .T. ) ;
#1091 = MANIFOLD_SOLID_BREP ( 'Contact_pad_keeper', #1274 ) ;
#1092 = VERTEX_POINT ( 'NONE', #1474 ) ;
#1093 = LINE ( 'NONE', #5, #1486 ) ;
#1094 = ADVANCED_FACE ( 'NONE', ( #619 ), #717, .F. ) ;
#1095 = DIRECTION ( 'NONE',  ( 0.000000000000000000, 0.000000000000000000, 1.000000000000000000 ) ) ;
#1096 = AXIS2_PLACEMENT_3D ( 'NONE', #221, #714, #1204 ) ;
#1097 = DIRECTION ( 'NONE',  ( 0.000000000000000000, 0.000000000000000000, 1.000000000000000000 ) ) ;
#1098 = CARTESIAN_POINT ( 'NONE',  ( 15.00000000000000000, -15.00000000000000000, 18.00000000000000000 ) ) ;
#1099 = ADVANCED_FACE ( 'NONE', ( #1120 ), #650, .F. ) ;
#1100 = AXIS2_PLACEMENT_3D ( 'NONE', #141, #411, #176 ) ;
#1101 = ORIENTED_EDGE ( 'NONE', *, *, #1419, .F. ) ;
#1102 = DIRECTION ( 'NONE',  ( 1.000000000000000000, 0.000000000000000000, 0.000000000000000000 ) ) ;
#1103 = DIRECTION ( 'NONE',  ( -0.000000000000000000, -0.000000000000000000, -1.000000000000000000 ) ) ;
#1104 = DIRECTION ( 'NONE',  ( 0.000000000000000000, 0.000000000000000000, -1.000000000000000000 ) ) ;
#1105 = CARTESIAN_POINT ( 'NONE',  ( -5.850000000000000533, -7.000000000000000000, 18.00000000000000355 ) ) ;
#1106 = CARTESIAN_POINT ( 'NONE',  ( -3.404408906109840149, 2.100000000000000089, 15.00000000000000000 ) ) ;
#1107 = AXIS2_PLACEMENT_3D ( 'NONE', #778, #299, #393 ) ;
#1108 = ORIENTED_EDGE ( 'NONE', *, *, #1271, .F. ) ;
#1109 = DIRECTION ( 'NONE',  ( -0.000000000000000000, -0.000000000000000000, 1.000000000000000000 ) ) ;
#1110 = CARTESIAN_POINT ( 'NONE',  ( 2.100000000000000089, -8.150000000000000355, 13.34999999999999964 ) ) ;
#1111 = DIRECTION ( 'NONE',  ( 0.000000000000000000, 0.000000000000000000, 1.000000000000000000 ) ) ;
#1112 = DIRECTION ( 'NONE',  ( 0.000000000000000000, 0.000000000000000000, -1.000000000000000000 ) ) ;
#1113 = CARTESIAN_POINT ( 'NONE',  ( 2.100000000000000089, -3.404408906109840149, 15.00000000000000000 ) ) ;
#1114 = ADVANCED_FACE ( 'NONE', ( #395 ), #410, .F. ) ;
#1115 = ORIENTED_EDGE ( 'NONE', *, *, #41, .T. ) ;
#1116 = ORIENTED_EDGE ( 'NONE', *, *, #477, .T. ) ;
#1117 = CARTESIAN_POINT ( 'NONE',  ( 0.000000000000000000, 0.000000000000000000, 15.00000000000000000 ) ) ;
#1118 = FACE_OUTER_BOUND ( 'NONE', #444, .T. ) ;
#1119 = EDGE_CURVE ( 'NONE', #1332, #942, #447, .T. ) ;
#1120 = FACE_OUTER_BOUND ( 'NONE', #726, .T. ) ;
#1121 = DIRECTION ( 'NONE',  ( 1.000000000000000000, 0.000000000000000000, 0.000000000000000000 ) ) ;
#1122 = APPLICATION_PROTOCOL_DEFINITION ( 'international standard', 'config_control_design', 1994, #169 ) ;
#1123 = ORIENTED_EDGE ( 'NONE', *, *, #1566, .T. ) ;
#1124 = VECTOR ( 'NONE', #446, 1000.000000000000000 ) ;
#1125 = FACE_OUTER_BOUND ( 'NONE', #1142, .T. ) ;
#1126 = ORIENTED_EDGE ( 'NONE', *, *, #1174, .F. ) ;
#1127 = FACE_OUTER_BOUND ( 'NONE', #1576, .T. ) ;
#1128 = ORIENTED_EDGE ( 'NONE', *, *, #405, .T. ) ;
#1129 = CARTESIAN_POINT ( 'NONE',  ( 0.000000000000000000, 0.000000000000000000, 15.00000000000000000 ) ) ;
#1130 = DIRECTION ( 'NONE',  ( -0.000000000000000000, -0.000000000000000000, 1.000000000000000000 ) ) ;
#1131 = APPROVAL_ROLE ( '' ) ;
#1132 = CARTESIAN_POINT ( 'NONE',  ( 27.00000000000000000, 3.000000000000000000, 15.00000000000000000 ) ) ;
#1133 = CARTESIAN_POINT ( 'NONE',  ( 5.849999999999999645, -7.000000000000000000, 18.00000000000000355 ) ) ;
#1134 = VECTOR ( 'NONE', #1394, 1000.000000000000000 ) ;
#1135 = CARTESIAN_POINT ( 'NONE',  ( 7.000000000000000000, -7.000000000000000000, 13.34999999999999964 ) ) ;
#1136 = ORIENTED_EDGE ( 'NONE', *, *, #859, .F. ) ;
#1137 = FACE_OUTER_BOUND ( 'NONE', #1448, .T. ) ;
#1138 = PERSON_AND_ORGANIZATION ( #1304, #1226 ) ;
#1139 = EDGE_LOOP ( 'NONE', ( #630, #773, #911, #1208 ) ) ;
#1140 = ADVANCED_FACE ( 'NONE', ( #523 ), #38, .F. ) ;
#1141 = CARTESIAN_POINT ( 'NONE',  ( -7.000000000000000000, -7.000000000000000000, 18.00000000000000355 ) ) ;
#1142 = EDGE_LOOP ( 'NONE', ( #188, #1546, #151, #701 ) ) ;
#1143 = DIRECTION ( 'NONE',  ( 0.000000000000000000, 0.000000000000000000, -1.000000000000000000 ) ) ;
#1144 = EDGE_CURVE ( 'NONE', #336, #962, #1004, .T. ) ;
#1145 = VERTEX_POINT ( 'NONE', #781 ) ;
#1146 = CARTESIAN_POINT ( 'NONE',  ( -2.100000000000000089, 3.404408906109840149, 15.00000000000000000 ) ) ;
#1147 = PERSON_AND_ORGANIZATION ( #1304, #1226 ) ;
#1148 = ORIENTED_EDGE ( 'NONE', *, *, #1338, .T. ) ;
#1149 = VECTOR ( 'NONE', #1477, 1000.000000000000000 ) ;
#1150 = CIRCLE ( 'NONE', #1557, 13.00000000000000000 ) ;
#1151 = VECTOR ( 'NONE', #112, 1000.000000000000000 ) ;
#1152 = CIRCLE ( 'NONE', #1362, 2.100000000000000089 ) ;
#1153 = APPLICATION_PROTOCOL_DEFINITION ( 'international standard', 'config_control_design', 1994, #116 ) ;
#1154 = VECTOR ( 'NONE', #1466, 1000.000000000000000 ) ;
#1155 = ADVANCED_FACE ( 'NONE', ( #1259 ), #165, .F. ) ;
#1156 = ORIENTED_EDGE ( 'NONE', *, *, #33, .T. ) ;
#1157 = CYLINDRICAL_SURFACE ( 'NONE', #392, 1.100000000000000311 ) ;
#1158 = DATE_AND_TIME ( #680, #154 ) ;
#1159 = DIRECTION ( 'NONE',  ( 1.000000000000000000, -0.000000000000000000, 0.000000000000000000 ) ) ;
#1160 = ORIENTED_EDGE ( 'NONE', *, *, #321, .F. ) ;
#1161 = VERTEX_POINT ( 'NONE', #988 ) ;
#1162 = FACE_BOUND ( 'NONE', #54, .T. ) ;
#1163 = EDGE_CURVE ( 'NONE', #409, #933, #383, .T. ) ;
#1164 = CARTESIAN_POINT ( 'NONE',  ( 5.849999999999999645, 7.000000000000000000, 18.00000000000000355 ) ) ;
#1165 = AXIS2_PLACEMENT_3D ( 'NONE', #1467, #231, #964 ) ;
#1166 = CARTESIAN_POINT ( 'NONE',  ( -2.100000000000000089, -3.404408906109840149, 13.34999999999999964 ) ) ;
#1167 = AXIS2_PLACEMENT_3D ( 'NONE', #375, #1357, #979 ) ;
#1168 = CARTESIAN_POINT ( 'NONE',  ( 18.00000000000000000, -17.50000000000000000, 18.00000000000000355 ) ) ;
#1169 = ORIENTED_EDGE ( 'NONE', *, *, #133, .F. ) ;
#1170 = ADVANCED_FACE ( 'NONE', ( #1369 ), #635, .F. ) ;
#1171 = EDGE_LOOP ( 'NONE', ( #919, #1322, #541, #256 ) ) ;
#1172 = DIRECTION ( 'NONE',  ( 1.000000000000000000, 0.000000000000000000, 0.000000000000000000 ) ) ;
#1173 = CYLINDRICAL_SURFACE ( 'NONE', #236, 1.100000000000000311 ) ;
#1174 = EDGE_CURVE ( 'NONE', #80, #1499, #753, .T. ) ;
#1175 = DIRECTION ( 'NONE',  ( 1.000000000000000000, 0.000000000000000000, 0.000000000000000000 ) ) ;
#1176 = ORIENTED_EDGE ( 'NONE', *, *, #670, .T. ) ;
#1177 = AXIS2_PLACEMENT_3D ( 'NONE', #1361, #282, #264 ) ;
#1178 = PLANE ( 'NONE',  #1463 ) ;
#1179 = ORIENTED_EDGE ( 'NONE', *, *, #1070, .F. ) ;
#1180 = DIRECTION ( 'NONE',  ( 1.000000000000000000, 0.000000000000000000, 0.000000000000000000 ) ) ;
#1181 = CARTESIAN_POINT ( 'NONE',  ( 25.10000000000000142, -17.50000000000000000, 18.00000000000000355 ) ) ;
#1182 = AXIS2_PLACEMENT_3D ( 'NONE', #396, #1130, #1495 ) ;
#1183 = LINE ( 'NONE', #822, #1203 ) ;
#1184 = EDGE_CURVE ( 'NONE', #1282, #658, #724, .T. ) ;
#1185 = ORIENTED_EDGE ( 'NONE', *, *, #823, .T. ) ;
#1186 = ORIENTED_EDGE ( 'NONE', *, *, #146, .T. ) ;
#1187 = FACE_BOUND ( 'NONE', #458, .T. ) ;
#1188 = DIRECTION ( 'NONE',  ( 0.000000000000000000, 0.000000000000000000, 1.000000000000000000 ) ) ;
#1189 = DIRECTION ( 'NONE',  ( 0.000000000000000000, 0.000000000000000000, 1.000000000000000000 ) ) ;
#1190 = AXIS2_PLACEMENT_3D ( 'NONE', #818, #1432, #1285 ) ;
#1191 = CARTESIAN_POINT ( 'NONE',  ( 7.000000000000000000, 7.000000000000000000, 13.34999999999999964 ) ) ;
#1192 = VERTEX_POINT ( 'NONE', #118 ) ;
#1193 = EDGE_CURVE ( 'NONE', #61, #780, #1329, .T. ) ;
#1194 = VERTEX_POINT ( 'NONE', #102 ) ;
#1195 = FACE_OUTER_BOUND ( 'NONE', #1139, .T. ) ;
#1196 = LINE ( 'NONE', #928, #990 ) ;
#1197 = CYLINDRICAL_SURFACE ( 'NONE', #634, 1.150000000000000799 ) ;
#1198 = VECTOR ( 'NONE', #1040, 1000.000000000000000 ) ;
#1199 = FACE_OUTER_BOUND ( 'NONE', #686, .T. ) ;
#1200 = VERTEX_POINT ( 'NONE', #873 ) ;
#1201 = AXIS2_PLACEMENT_3D ( 'NONE', #1545, #452, #684 ) ;
#1202 = DESIGN_CONTEXT ( 'detailed design', #169, 'design' ) ;
#1203 = VECTOR ( 'NONE', #335, 1000.000000000000000 ) ;
#1204 = DIRECTION ( 'NONE',  ( 1.000000000000000000, 0.000000000000000000, 0.000000000000000000 ) ) ;
#1205 = CARTESIAN_POINT ( 'NONE',  ( -2.100000000000000089, -8.150000000000000355, 15.00000000000000000 ) ) ;
#1206 = VECTOR ( 'NONE', #1287, 1000.000000000000000 ) ;
#1207 = CARTESIAN_POINT ( 'NONE',  ( 7.000000000000000000, 7.000000000000000000, 18.00000000000000355 ) ) ;
#1208 = ORIENTED_EDGE ( 'NONE', *, *, #707, .F. ) ;
#1209 = DIRECTION ( 'NONE',  ( 0.000000000000000000, 0.000000000000000000, -1.000000000000000000 ) ) ;
#1210 = FACE_OUTER_BOUND ( 'NONE', #595, .T. ) ;
#1211 = FACE_OUTER_BOUND ( 'NONE', #615, .T. ) ;
#1212 = EDGE_CURVE ( 'NONE', #1256, #328, #700, .T. ) ;
#1213 = CARTESIAN_POINT ( 'NONE',  ( 0.000000000000000000, 0.000000000000000000, 18.00000000000000000 ) ) ;
#1214 = AXIS2_PLACEMENT_3D ( 'NONE', #98, #1059, #1434 ) ;
#1215 = EDGE_CURVE ( 'NONE', #1246, #909, #1565, .T. ) ;
#1216 = ORIENTED_EDGE ( 'NONE', *, *, #1239, .F. ) ;
#1217 = DIRECTION ( 'NONE',  ( -0.000000000000000000, -0.000000000000000000, -1.000000000000000000 ) ) ;
#1218 = DIRECTION ( 'NONE',  ( -0.000000000000000000, -1.000000000000000000, -0.000000000000000000 ) ) ;
#1219 = EDGE_CURVE ( 'NONE', #228, #121, #961, .T. ) ;
#1220 = DIRECTION ( 'NONE',  ( 0.000000000000000000, 0.000000000000000000, -1.000000000000000000 ) ) ;
#1221 = PERSON_AND_ORGANIZATION ( #1304, #1226 ) ;
#1222 = ORIENTED_EDGE ( 'NONE', *, *, #959, .T. ) ;
#1223 = LINE ( 'NONE', #734, #949 ) ;
#1224 = LINE ( 'NONE', #1335, #1447 ) ;
#1225 = DIRECTION ( 'NONE',  ( -1.000000000000000000, 0.000000000000000000, 0.000000000000000000 ) ) ;
#1226 = ORGANIZATION ( 'UNSPECIFIED', 'UNSPECIFIED', '' ) ;
#1227 = AXIS2_PLACEMENT_3D ( 'NONE', #1191, #560, #461 ) ;
#1228 = CIRCLE ( 'NONE', #1484, 1.100000000000000311 ) ;
#1229 = DIRECTION ( 'NONE',  ( 0.000000000000000000, -0.000000000000000000, 1.000000000000000000 ) ) ;
#1230 = VECTOR ( 'NONE', #422, 1000.000000000000000 ) ;
#1231 = DIRECTION ( 'NONE',  ( 0.000000000000000000, -0.000000000000000000, 1.000000000000000000 ) ) ;
#1232 = ORIENTED_EDGE ( 'NONE', *, *, #727, .F. ) ;
#1233 = DIRECTION ( 'NONE',  ( 1.000000000000000000, 0.000000000000000000, 0.000000000000000000 ) ) ;
#1234 = DIRECTION ( 'NONE',  ( 1.000000000000000000, 0.000000000000000000, 0.000000000000000000 ) ) ;
#1235 = FACE_BOUND ( 'NONE', #748, .T. ) ;
#1236 = LINE ( 'NONE', #1260, #426 ) ;
#1237 = VERTEX_POINT ( 'NONE', #607 ) ;
#1238 = VECTOR ( 'NONE', #163, 1000.000000000000000 ) ;
#1239 = EDGE_CURVE ( 'NONE', #181, #311, #1346, .T. ) ;
#1240 = VERTEX_POINT ( 'NONE', #732 ) ;
#1241 = DIRECTION ( 'NONE',  ( 0.000000000000000000, 0.000000000000000000, -1.000000000000000000 ) ) ;
#1242 = PLANE ( 'NONE',  #377 ) ;
#1243 = DIRECTION ( 'NONE',  ( -1.000000000000000000, 0.000000000000000000, 0.000000000000000000 ) ) ;
#1244 = DIRECTION ( 'NONE',  ( -1.000000000000000000, 0.000000000000000000, 0.000000000000000000 ) ) ;
#1245 = EDGE_LOOP ( 'NONE', ( #708, #471, #44, #1126 ) ) ;
#1246 = VERTEX_POINT ( 'NONE', #974 ) ;
#1247 = DIRECTION ( 'NONE',  ( 0.000000000000000000, 0.000000000000000000, 1.000000000000000000 ) ) ;
#1248 = FACE_BOUND ( 'NONE', #1490, .T. ) ;
#1249 = ORIENTED_EDGE ( 'NONE', *, *, #1507, .T. ) ;
#1250 = DIRECTION ( 'NONE',  ( 0.000000000000000000, 0.000000000000000000, 1.000000000000000000 ) ) ;
#1251 = VECTOR ( 'NONE', #706, 1000.000000000000000 ) ;
#1252 = APPROVAL_DATE_TIME ( #1405, #50 ) ;
#1253 = LINE ( 'NONE', #882, #691 ) ;
#1254 = ORIENTED_EDGE ( 'NONE', *, *, #1457, .T. ) ;
#1255 = CARTESIAN_POINT ( 'NONE',  ( 0.000000000000000000, 0.000000000000000000, 15.00000000000000000 ) ) ;
#1256 = VERTEX_POINT ( 'NONE', #738 ) ;
#1257 = FACE_BOUND ( 'NONE', #518, .T. ) ;
#1258 = ORIENTED_EDGE ( 'NONE', *, *, #1163, .F. ) ;
#1259 = FACE_OUTER_BOUND ( 'NONE', #824, .T. ) ;
#1260 = CARTESIAN_POINT ( 'NONE',  ( 16.89999999999999858, -17.50000000000000000, 18.00000000000000355 ) ) ;
#1261 = EDGE_CURVE ( 'NONE', #1523, #1537, #620, .T. ) ;
#1262 = LINE ( 'NONE', #168, #1061 ) ;
#1263 = ORIENTED_EDGE ( 'NONE', *, *, #679, .T. ) ;
#1264 = EDGE_CURVE ( 'NONE', #1556, #1246, #1223, .T. ) ;
#1265 = LINE ( 'NONE', #776, #774 ) ;
#1266 = VECTOR ( 'NONE', #280, 1000.000000000000000 ) ;
#1267 = FACE_BOUND ( 'NONE', #1018, .T. ) ;
#1268 = ORIENTED_EDGE ( 'NONE', *, *, #78, .F. ) ;
#1269 = CARTESIAN_POINT ( 'NONE',  ( -13.00000000000000000, 0.000000000000000000, 18.00000000000000000 ) ) ;
#1270 = APPROVAL_DATE_TIME ( #1158, #295 ) ;
#1271 = EDGE_CURVE ( 'NONE', #372, #407, #131, .T. ) ;
#1272 = CARTESIAN_POINT ( 'NONE',  ( 7.000000000000000000, -7.000000000000000000, 18.00000000000000355 ) ) ;
#1273 = ORIENTED_EDGE ( 'NONE', *, *, #816, .T. ) ;
#1274 = CLOSED_SHELL ( 'NONE', ( #450, #1388, #277, #537, #569, #1454, #127, #1288, #312, #629, #995, #505, #1549, #705, #596, #1529, #888, #203, #1099, #758, #1090, #754, #495, #613, #1520, #384, #143, #609, #101, #1170, #1573, #563, #542, #652, #1094, #1025, #1000, #1331, #1155, #1114, #1140, #1479, #1312, #940, #389 ) ) ;
#1275 = ORIENTED_EDGE ( 'NONE', *, *, #150, .F. ) ;
#1276 = EDGE_LOOP ( 'NONE', ( #66, #1275, #1476, #677 ) ) ;
#1277 = DIRECTION ( 'NONE',  ( 0.000000000000000000, 0.000000000000000000, 1.000000000000000000 ) ) ;
#1278 = CARTESIAN_POINT ( 'NONE',  ( 24.00000000000000000, -17.50000000000000000, 18.00000000000000355 ) ) ;
#1279 = AXIS2_PLACEMENT_3D ( 'NONE', #1409, #313, #274 ) ;
#1280 = VECTOR ( 'NONE', #578, 1000.000000000000000 ) ;
#1281 = CIRCLE ( 'NONE', #600, 1.150000000000000799 ) ;
#1282 = VERTEX_POINT ( 'NONE', #719 ) ;
#1283 = AXIS2_PLACEMENT_3D ( 'NONE', #694, #338, #948 ) ;
#1284 = ORIENTED_EDGE ( 'NONE', *, *, #679, .F. ) ;
#1285 = DIRECTION ( 'NONE',  ( 1.000000000000000000, 0.000000000000000000, -0.000000000000000000 ) ) ;
#1286 = EDGE_LOOP ( 'NONE', ( #1216, #1249, #1518, #1567 ) ) ;
#1287 = DIRECTION ( 'NONE',  ( 0.000000000000000000, 1.000000000000000000, 0.000000000000000000 ) ) ;
#1288 = ADVANCED_FACE ( 'NONE', ( #1578 ), #132, .F. ) ;
#1289 = DIRECTION ( 'NONE',  ( 1.000000000000000000, 0.000000000000000000, 0.000000000000000000 ) ) ;
#1290 = VERTEX_POINT ( 'NONE', #1334 ) ;
#1291 = EDGE_CURVE ( 'NONE', #855, #786, #622, .T. ) ;
#1292 = ORIENTED_EDGE ( 'NONE', *, *, #489, .T. ) ;
#1293 = CARTESIAN_POINT ( 'NONE',  ( 15.00000000000000000, -20.00000000000000000, 18.00000000000000000 ) ) ;
#1294 = VECTOR ( 'NONE', #1143, 1000.000000000000000 ) ;
#1295 = DIRECTION ( 'NONE',  ( 1.000000000000000000, 0.000000000000000000, 0.000000000000000000 ) ) ;
#1296 = DIRECTION ( 'NONE',  ( 1.000000000000000000, 0.000000000000000000, 0.000000000000000000 ) ) ;
#1297 = EDGE_LOOP ( 'NONE', ( #699, #1489, #1300, #464, #939, #1512 ) ) ;
#1298 = ORIENTED_EDGE ( 'NONE', *, *, #936, .F. ) ;
#1299 = CARTESIAN_POINT ( 'NONE',  ( -2.100000000000000089, -8.150000000000000355, 13.34999999999999964 ) ) ;
#1300 = ORIENTED_EDGE ( 'NONE', *, *, #1353, .F. ) ;
#1301 = CARTESIAN_POINT ( 'NONE',  ( -8.150000000000000355, -7.000000000000000000, 18.00000000000000355 ) ) ;
#1302 = CARTESIAN_POINT ( 'NONE',  ( 5.849999999999999645, -7.000000000000000000, 13.34999999999999964 ) ) ;
#1303 = LINE ( 'NONE', #210, #1251 ) ;
#1304 = PERSON ( 'UNSPECIFIED', 'UNSPECIFIED', 'UNSPECIFIED', ('UNSPECIFIED'), ('UNSPECIFIED'), ('UNSPECIFIED') ) ;
#1305 = VERTEX_POINT ( 'NONE', #1449 ) ;
#1306 = CIRCLE ( 'NONE', #1359, 4.000000000000000000 ) ;
#1307 = AXIS2_PLACEMENT_3D ( 'NONE', #534, #639, #655 ) ;
#1308 = PLANE ( 'NONE',  #1475 ) ;
#1309 = VERTEX_POINT ( 'NONE', #482 ) ;
#1310 = ORIENTED_EDGE ( 'NONE', *, *, #723, .F. ) ;
#1311 = CARTESIAN_POINT ( 'NONE',  ( 15.00000000000000000, -20.00000000000000000, 18.00000000000000000 ) ) ;
#1312 = ADVANCED_FACE ( 'NONE', ( #122 ), #616, .F. ) ;
#1313 = VECTOR ( 'NONE', #935, 1000.000000000000000 ) ;
#1314 = EDGE_CURVE ( 'NONE', #1396, #1282, #4, .T. ) ;
#1315 = DIRECTION ( 'NONE',  ( 1.000000000000000000, 0.000000000000000000, 0.000000000000000000 ) ) ;
#1316 = VERTEX_POINT ( 'NONE', #835 ) ;
#1317 = CARTESIAN_POINT ( 'NONE',  ( -8.150000000000000355, 0.000000000000000000, 13.34999999999999964 ) ) ;
#1318 = CARTESIAN_POINT ( 'NONE',  ( 8.150000000000000355, 0.000000000000000000, 13.34999999999999964 ) ) ;
#1319 = CARTESIAN_POINT ( 'NONE',  ( 3.404408906109840149, 2.100000000000000089, 15.00000000000000000 ) ) ;
#1320 = VECTOR ( 'NONE', #871, 1000.000000000000000 ) ;
#1321 = DIRECTION ( 'NONE',  ( 1.000000000000000000, 0.000000000000000000, 0.000000000000000000 ) ) ;
#1322 = ORIENTED_EDGE ( 'NONE', *, *, #1056, .F. ) ;
#1323 = PRODUCT_RELATED_PRODUCT_CATEGORY ( 'detail', '', ( #910 ) ) ;
#1324 = ORIENTED_EDGE ( 'NONE', *, *, #60, .F. ) ;
#1325 = CARTESIAN_POINT ( 'NONE',  ( 2.100000000000000089, -8.150000000000000355, 15.00000000000000000 ) ) ;
#1326 = LINE ( 'NONE', #574, #793 ) ;
#1327 = DIRECTION ( 'NONE',  ( 1.000000000000000000, 0.000000000000000000, 0.000000000000000000 ) ) ;
#1328 = CARTESIAN_POINT ( 'NONE',  ( 15.00000000000000000, -20.00000000000000000, 0.000000000000000000 ) ) ;
#1329 = LINE ( 'NONE', #13, #1384 ) ;
#1330 = AXIS2_PLACEMENT_3D ( 'NONE', #1579, #1234, #1343 ) ;
#1331 = ADVANCED_FACE ( 'NONE', ( #1349 ), #967, .F. ) ;
#1332 = VERTEX_POINT ( 'NONE', #624 ) ;
#1333 = AXIS2_PLACEMENT_3D ( 'NONE', #896, #789, #1480 ) ;
#1334 = CARTESIAN_POINT ( 'NONE',  ( 0.000000000000000000, -13.00000000000000000, 18.00000000000000000 ) ) ;
#1335 = CARTESIAN_POINT ( 'NONE',  ( 27.00000000000000000, -15.00000000000000000, 18.00000000000000000 ) ) ;
#1336 = FACE_OUTER_BOUND ( 'NONE', #443, .T. ) ;
#1337 = CARTESIAN_POINT ( 'NONE',  ( 0.000000000000000000, 0.000000000000000000, 15.00000000000000000 ) ) ;
#1338 = EDGE_CURVE ( 'NONE', #1305, #543, #1360, .T. ) ;
#1339 = DIRECTION ( 'NONE',  ( 0.000000000000000000, 0.000000000000000000, -1.000000000000000000 ) ) ;
#1340 = ORIENTED_EDGE ( 'NONE', *, *, #867, .F. ) ;
#1341 = EDGE_CURVE ( 'NONE', #945, #1021, #1386, .T. ) ;
#1342 = DIRECTION ( 'NONE',  ( -0.000000000000000000, -0.000000000000000000, -1.000000000000000000 ) ) ;
#1343 = DIRECTION ( 'NONE',  ( 0.000000000000000000, 0.000000000000000000, -1.000000000000000000 ) ) ;
#1344 = LINE ( 'NONE', #1319, #761 ) ;
#1345 = FACE_OUTER_BOUND ( 'NONE', #566, .T. ) ;
#1346 = LINE ( 'NONE', #1082, #343 ) ;
#1347 = VECTOR ( 'NONE', #1218, 1000.000000000000000 ) ;
#1348 = ORIENTED_EDGE ( 'NONE', *, *, #133, .T. ) ;
#1349 = FACE_OUTER_BOUND ( 'NONE', #1032, .T. ) ;
#1350 = DIRECTION ( 'NONE',  ( 0.000000000000000000, 0.000000000000000000, -1.000000000000000000 ) ) ;
#1351 = DIRECTION ( 'NONE',  ( 0.000000000000000000, 0.000000000000000000, -1.000000000000000000 ) ) ;
#1352 = DIRECTION ( 'NONE',  ( -1.000000000000000000, 0.000000000000000000, 0.000000000000000000 ) ) ;
#1353 = EDGE_CURVE ( 'NONE', #320, #777, #366, .T. ) ;
#1354 = ORIENTED_EDGE ( 'NONE', *, *, #1433, .F. ) ;
#1355 = EDGE_LOOP ( 'NONE', ( #179, #144, #623, #814, #304, #1310 ) ) ;
#1356 = DIRECTION ( 'NONE',  ( -1.000000000000000000, 0.000000000000000000, 0.000000000000000000 ) ) ;
#1357 = DIRECTION ( 'NONE',  ( 0.000000000000000000, 0.000000000000000000, 1.000000000000000000 ) ) ;
#1358 = LINE ( 'NONE', #1492, #1134 ) ;
#1359 = AXIS2_PLACEMENT_3D ( 'NONE', #1043, #1555, #944 ) ;
#1360 = CIRCLE ( 'NONE', #747, 2.100000000000000089 ) ;
#1361 = CARTESIAN_POINT ( 'NONE',  ( 0.000000000000000000, 0.000000000000000000, 18.00000000000000355 ) ) ;
#1362 = AXIS2_PLACEMENT_3D ( 'NONE', #455, #1435, #1554 ) ;
#1363 = DIRECTION ( 'NONE',  ( -0.000000000000000000, -0.000000000000000000, 1.000000000000000000 ) ) ;
#1364 = EDGE_CURVE ( 'NONE', #400, #213, #1093, .T. ) ;
#1365 = DIRECTION ( 'NONE',  ( 1.000000000000000000, 0.000000000000000000, 0.000000000000000000 ) ) ;
#1366 = VERTEX_POINT ( 'NONE', #503 ) ;
#1367 = DIRECTION ( 'NONE',  ( 1.000000000000000000, -0.000000000000000000, 0.000000000000000000 ) ) ;
#1368 = DIRECTION ( 'NONE',  ( -0.000000000000000000, -0.000000000000000000, -1.000000000000000000 ) ) ;
#1369 = FACE_OUTER_BOUND ( 'NONE', #365, .T. ) ;
#1370 = DIRECTION ( 'NONE',  ( 0.000000000000000000, 0.000000000000000000, -1.000000000000000000 ) ) ;
#1371 = ORIENTED_EDGE ( 'NONE', *, *, #1144, .T. ) ;
#1372 = AXIS2_PLACEMENT_3D ( 'NONE', #730, #1351, #1225 ) ;
#1373 = FACE_OUTER_BOUND ( 'NONE', #1297, .T. ) ;
#1374 = FACE_BOUND ( 'NONE', #421, .T. ) ;
#1375 = ORIENTED_EDGE ( 'NONE', *, *, #339, .F. ) ;
#1376 = CARTESIAN_POINT ( 'NONE',  ( -8.150000000000000355, 7.000000000000000000, 18.00000000000000355 ) ) ;
#1377 = FACE_OUTER_BOUND ( 'NONE', #58, .T. ) ;
#1378 = CALENDAR_DATE ( 2026, 8, 9 ) ;
#1379 = CARTESIAN_POINT ( 'NONE',  ( 3.404408906109840149, 2.100000000000000089, 15.00000000000000000 ) ) ;
#1380 = EDGE_CURVE ( 'NONE', #80, #966, #675, .T. ) ;
#1381 = DIRECTION ( 'NONE',  ( 0.000000000000000000, -0.000000000000000000, 1.000000000000000000 ) ) ;
#1382 = ORIENTED_EDGE ( 'NONE', *, *, #1437, .F. ) ;
#1383 = CARTESIAN_POINT ( 'NONE',  ( 0.000000000000000000, 0.000000000000000000, 15.00000000000000000 ) ) ;
#1384 = VECTOR ( 'NONE', #492, 1000.000000000000000 ) ;
#1385 = LOCAL_TIME ( 17, 1, 9.000000000000000000, #916 ) ;
#1386 = CIRCLE ( 'NONE', #185, 1.100000000000000311 ) ;
#1387 = APPROVAL_ROLE ( '' ) ;
#1388 = ADVANCED_FACE ( 'NONE', ( #1195 ), #97, .F. ) ;
#1389 = CARTESIAN_POINT ( 'NONE',  ( 5.849999999999999645, 7.000000000000000000, 13.34999999999999964 ) ) ;
#1390 = ORIENTED_EDGE ( 'NONE', *, *, #806, .F. ) ;
#1391 = AXIS2_PLACEMENT_3D ( 'NONE', #1383, #1250, #1121 ) ;
#1392 = DIRECTION ( 'NONE',  ( 1.000000000000000000, 0.000000000000000000, 0.000000000000000000 ) ) ;
#1393 = ORIENTED_EDGE ( 'NONE', *, *, #303, .F. ) ;
#1394 = DIRECTION ( 'NONE',  ( 0.000000000000000000, 0.000000000000000000, 1.000000000000000000 ) ) ;
#1395 = EDGE_CURVE ( 'NONE', #1161, #336, #829, .T. ) ;
#1396 = VERTEX_POINT ( 'NONE', #841 ) ;
#1397 = DIRECTION ( 'NONE',  ( -1.000000000000000000, 0.000000000000000000, 0.000000000000000000 ) ) ;
#1398 = LINE ( 'NONE', #994, #136 ) ;
#1399 = PERSON_AND_ORGANIZATION_ROLE ( 'design_owner' ) ;
#1400 = ORIENTED_EDGE ( 'NONE', *, *, #932, .F. ) ;
#1401 = AXIS2_PLACEMENT_3D ( 'NONE', #880, #1111, #18 ) ;
#1402 = VERTEX_POINT ( 'NONE', #1325 ) ;
#1403 = ORIENTED_EDGE ( 'NONE', *, *, #31, .F. ) ;
#1404 = DIRECTION ( 'NONE',  ( 1.000000000000000000, 0.000000000000000000, 0.000000000000000000 ) ) ;
#1405 = DATE_AND_TIME ( #771, #3 ) ;
#1406 = CARTESIAN_POINT ( 'NONE',  ( 15.00000000000000000, -15.00000000000000000, 0.000000000000000000 ) ) ;
#1407 = ORIENTED_EDGE ( 'NONE', *, *, #155, .F. ) ;
#1408 = CIRCLE ( 'NONE', #884, 2.100000000000000977 ) ;
#1409 = CARTESIAN_POINT ( 'NONE',  ( 0.000000000000000000, 0.000000000000000000, 0.000000000000000000 ) ) ;
#1410 = EDGE_CURVE ( 'NONE', #61, #480, #1281, .T. ) ;
#1411 = ORIENTED_EDGE ( 'NONE', *, *, #249, .T. ) ;
#1412 = EDGE_LOOP ( 'NONE', ( #1526, #522, #573, #248 ) ) ;
#1413 = LINE ( 'NONE', #1087, #186 ) ;
#1414 = COORDINATED_UNIVERSAL_TIME_OFFSET ( 6, 0, .BEHIND. ) ;
#1415 = CARTESIAN_POINT ( 'NONE',  ( -8.150000000000000355, 7.000000000000000000, 13.34999999999999964 ) ) ;
#1416 = ORIENTED_EDGE ( 'NONE', *, *, #779, .T. ) ;
#1417 = VECTOR ( 'NONE', #1524, 1000.000000000000000 ) ;
#1418 = VECTOR ( 'NONE', #866, 1000.000000000000000 ) ;
#1419 = EDGE_CURVE ( 'NONE', #502, #74, #494, .T. ) ;
#1420 = VECTOR ( 'NONE', #688, 1000.000000000000000 ) ;
#1421 = ORIENTED_EDGE ( 'NONE', *, *, #94, .F. ) ;
#1422 = DIRECTION ( 'NONE',  ( 1.000000000000000000, 0.000000000000000000, 0.000000000000000000 ) ) ;
#1423 = CARTESIAN_POINT ( 'NONE',  ( 8.150000000000000355, -2.100000000000000089, 13.34999999999999964 ) ) ;
#1424 = DIRECTION ( 'NONE',  ( 0.000000000000000000, 0.000000000000000000, -1.000000000000000000 ) ) ;
#1425 = VERTEX_POINT ( 'NONE', #1379 ) ;
#1426 = ORIENTED_EDGE ( 'NONE', *, *, #799, .T. ) ;
#1427 = LINE ( 'NONE', #222, #1009 ) ;
#1428 = DIRECTION ( 'NONE',  ( -1.000000000000000000, 0.000000000000000000, 0.000000000000000000 ) ) ;
#1429 = EDGE_CURVE ( 'NONE', #1481, #328, #519, .T. ) ;
#1430 = CARTESIAN_POINT ( 'NONE',  ( -8.150000000000000355, -2.100000000000000089, 13.34999999999999964 ) ) ;
#1431 = ORIENTED_EDGE ( 'NONE', *, *, #486, .F. ) ;
#1432 = DIRECTION ( 'NONE',  ( 0.000000000000000000, 0.000000000000000000, 1.000000000000000000 ) ) ;
#1433 = EDGE_CURVE ( 'NONE', #962, #1402, #420, .T. ) ;
#1434 = DIRECTION ( 'NONE',  ( 1.000000000000000000, 0.000000000000000000, 0.000000000000000000 ) ) ;
#1435 = DIRECTION ( 'NONE',  ( 0.000000000000000000, 0.000000000000000000, 1.000000000000000000 ) ) ;
#1436 = DIRECTION ( 'NONE',  ( 0.000000000000000000, 0.000000000000000000, 1.000000000000000000 ) ) ;
#1437 = EDGE_CURVE ( 'NONE', #1192, #1161, #161, .T. ) ;
#1438 = EDGE_LOOP ( 'NONE', ( #436, #49 ) ) ;
#1439 = LOCAL_TIME ( 17, 1, 9.000000000000000000, #1414 ) ;
#1440 = VECTOR ( 'NONE', #1424, 1000.000000000000000 ) ;
#1441 = AXIS2_PLACEMENT_3D ( 'NONE', #360, #1085, #1079 ) ;
#1442 = CARTESIAN_POINT ( 'NONE',  ( 0.000000000000000000, -19.00000000000000000, 18.00000000000000000 ) ) ;
#1443 = ORIENTED_EDGE ( 'NONE', *, *, #883, .T. ) ;
#1444 = CARTESIAN_POINT ( 'NONE',  ( -8.150000000000000355, 2.100000000000000089, 15.00000000000000000 ) ) ;
#1445 = CIRCLE ( 'NONE', #1182, 1.100000000000000311 ) ;
#1446 = DIRECTION ( 'NONE',  ( 0.000000000000000000, 0.000000000000000000, 1.000000000000000000 ) ) ;
#1447 = VECTOR ( 'NONE', #1103, 1000.000000000000000 ) ;
#1448 = EDGE_LOOP ( 'NONE', ( #794, #833, #843, #1078 ) ) ;
#1449 = CARTESIAN_POINT ( 'NONE',  ( -10.25000000000000178, 0.000000000000000000, 13.34999999999999964 ) ) ;
#1450 = DIRECTION ( 'NONE',  ( 0.000000000000000000, 0.000000000000000000, 1.000000000000000000 ) ) ;
#1451 = AXIS2_PLACEMENT_3D ( 'NONE', #368, #490, #361 ) ;
#1452 = CARTESIAN_POINT ( 'NONE',  ( 0.000000000000000000, 0.000000000000000000, 13.34999999999999964 ) ) ;
#1453 =( LENGTH_UNIT ( ) NAMED_UNIT ( * ) SI_UNIT ( .MILLI., .METRE. ) );
#1454 = ADVANCED_FACE ( 'NONE', ( #1001 ), #526, .F. ) ;
#1455 = ORIENTED_EDGE ( 'NONE', *, *, #486, .T. ) ;
#1456 = DIRECTION ( 'NONE',  ( 0.000000000000000000, 0.000000000000000000, 1.000000000000000000 ) ) ;
#1457 = EDGE_CURVE ( 'NONE', #1021, #945, #1228, .T. ) ;
#1458 = PLANE ( 'NONE',  #762 ) ;
#1459 = FACE_OUTER_BOUND ( 'NONE', #1276, .T. ) ;
#1460 = CARTESIAN_POINT ( 'NONE',  ( -7.000000000000000000, 7.000000000000000000, 13.34999999999999964 ) ) ;
#1461 = EDGE_CURVE ( 'NONE', #1013, #1305, #1265, .T. ) ;
#1462 = ORIENTED_EDGE ( 'NONE', *, *, #416, .T. ) ;
#1463 = AXIS2_PLACEMENT_3D ( 'NONE', #82, #672, #580 ) ;
#1464 = AXIS2_PLACEMENT_3D ( 'NONE', #301, #1494, #1243 ) ;
#1465 = CARTESIAN_POINT ( 'NONE',  ( 24.00000000000000000, -17.50000000000000000, 0.000000000000000000 ) ) ;
#1466 = DIRECTION ( 'NONE',  ( -1.000000000000000000, -0.000000000000000000, -0.000000000000000000 ) ) ;
#1467 = CARTESIAN_POINT ( 'NONE',  ( -7.000000000000000000, -7.000000000000000000, 18.00000000000000355 ) ) ;
#1468 = FACE_OUTER_BOUND ( 'NONE', #637, .T. ) ;
#1469 = ORIENTED_EDGE ( 'NONE', *, *, #587, .F. ) ;
#1470 = CARTESIAN_POINT ( 'NONE',  ( 0.000000000000000000, 0.000000000000000000, 18.00000000000000355 ) ) ;
#1471 = CARTESIAN_POINT ( 'NONE',  ( -8.150000000000000355, 2.100000000000000089, 13.34999999999999964 ) ) ;
#1472 = EDGE_CURVE ( 'NONE', #1240, #1499, #575, .T. ) ;
#1473 = CARTESIAN_POINT ( 'NONE',  ( 0.000000000000000000, 8.150000000000000355, 15.00000000000000000 ) ) ;
#1474 = CARTESIAN_POINT ( 'NONE',  ( -2.100000000000000089, 8.150000000000000355, 15.00000000000000000 ) ) ;
#1475 = AXIS2_PLACEMENT_3D ( 'NONE', #1442, #1067, #1231 ) ;
#1476 = ORIENTED_EDGE ( 'NONE', *, *, #72, .F. ) ;
#1477 = DIRECTION ( 'NONE',  ( 0.000000000000000000, 0.000000000000000000, -1.000000000000000000 ) ) ;
#1478 = FACE_BOUND ( 'NONE', #70, .T. ) ;
#1479 = ADVANCED_FACE ( 'NONE', ( #885 ), #152, .F. ) ;
#1480 = DIRECTION ( 'NONE',  ( 1.000000000000000000, 0.000000000000000000, 0.000000000000000000 ) ) ;
#1481 = VERTEX_POINT ( 'NONE', #1133 ) ;
#1482 = CARTESIAN_POINT ( 'NONE',  ( 27.00000000000000000, -19.00000000000000000, 18.00000000000000000 ) ) ;
#1483 = CARTESIAN_POINT ( 'NONE',  ( 2.100000000000000089, -8.150000000000000355, 15.00000000000000000 ) ) ;
#1484 = AXIS2_PLACEMENT_3D ( 'NONE', #664, #1109, #1016 ) ;
#1485 = AXIS2_PLACEMENT_3D ( 'NONE', #1460, #743, #224 ) ;
#1486 = VECTOR ( 'NONE', #251, 1000.000000000000000 ) ;
#1487 = CIRCLE ( 'NONE', #803, 1.150000000000000799 ) ;
#1488 = CARTESIAN_POINT ( 'NONE',  ( -8.150000000000000355, -2.100000000000000089, 13.34999999999999964 ) ) ;
#1489 = ORIENTED_EDGE ( 'NONE', *, *, #1042, .T. ) ;
#1490 = EDGE_LOOP ( 'NONE', ( #1136, #413 ) ) ;
#1491 = DIRECTION ( 'NONE',  ( -0.000000000000000000, -0.000000000000000000, 1.000000000000000000 ) ) ;
#1492 = CARTESIAN_POINT ( 'NONE',  ( 12.64911064067351809, 3.000000000000000000, 18.00000000000000000 ) ) ;
#1493 = VERTEX_POINT ( 'NONE', #391 ) ;
#1494 = DIRECTION ( 'NONE',  ( 0.000000000000000000, 0.000000000000000000, -1.000000000000000000 ) ) ;
#1495 = DIRECTION ( 'NONE',  ( -1.000000000000000000, 0.000000000000000000, 0.000000000000000000 ) ) ;
#1496 = PERSON_AND_ORGANIZATION_ROLE ( 'design_supplier' ) ;
#1497 = ORIENTED_EDGE ( 'NONE', *, *, #1498, .F. ) ;
#1498 = EDGE_CURVE ( 'NONE', #942, #1237, #1509, .T. ) ;
#1499 = VERTEX_POINT ( 'NONE', #414 ) ;
#1500 = CARTESIAN_POINT ( 'NONE',  ( -2.100000000000000089, -8.150000000000000355, 15.00000000000000000 ) ) ;
#1501 = VERTEX_POINT ( 'NONE', #646 ) ;
#1502 = DIRECTION ( 'NONE',  ( 1.000000000000000000, 0.000000000000000000, 0.000000000000000000 ) ) ;
#1503 = EDGE_CURVE ( 'NONE', #953, #1037, #511, .T. ) ;
#1504 = VERTEX_POINT ( 'NONE', #892 ) ;
#1505 = CARTESIAN_POINT ( 'NONE',  ( -8.150000000000000355, 2.100000000000000089, 15.00000000000000000 ) ) ;
#1506 = ORIENTED_EDGE ( 'NONE', *, *, #397, .T. ) ;
#1507 = EDGE_CURVE ( 'NONE', #181, #409, #81, .T. ) ;
#1508 = ORIENTED_EDGE ( 'NONE', *, *, #1212, .T. ) ;
#1509 = LINE ( 'NONE', #43, #1149 ) ;
#1510 = ORIENTED_EDGE ( 'NONE', *, *, #249, .F. ) ;
#1511 = CARTESIAN_POINT ( 'NONE',  ( 27.00000000000000000, -19.00000000000000000, 18.00000000000000000 ) ) ;
#1512 = ORIENTED_EDGE ( 'NONE', *, *, #867, .T. ) ;
#1513 = CARTESIAN_POINT ( 'NONE',  ( 0.000000000000000000, 0.000000000000000000, 18.00000000000000000 ) ) ;
#1514 = VECTOR ( 'NONE', #406, 1000.000000000000000 ) ;
#1515 = CARTESIAN_POINT ( 'NONE',  ( 0.000000000000000000, 3.000000000000000000, 15.00000000000000000 ) ) ;
#1516 = EDGE_LOOP ( 'NONE', ( #582, #42, #693, #52 ) ) ;
#1517 = VECTOR ( 'NONE', #908, 1000.000000000000000 ) ;
#1518 = ORIENTED_EDGE ( 'NONE', *, *, #1163, .T. ) ;
#1519 = ORIENTED_EDGE ( 'NONE', *, *, #108, .F. ) ;
#1520 = ADVANCED_FACE ( 'NONE', ( #1373 ), #16, .F. ) ;
#1521 = DIRECTION ( 'NONE',  ( 0.000000000000000000, 0.000000000000000000, -1.000000000000000000 ) ) ;
#1522 = CALENDAR_DATE ( 2026, 8, 9 ) ;
#1523 = VERTEX_POINT ( 'NONE', #749 ) ;
#1524 = DIRECTION ( 'NONE',  ( -0.000000000000000000, -1.000000000000000000, -0.000000000000000000 ) ) ;
#1525 = AXIS2_PLACEMENT_3D ( 'NONE', #812, #1436, #1175 ) ;
#1526 = ORIENTED_EDGE ( 'NONE', *, *, #1215, .F. ) ;
#1527 = EDGE_CURVE ( 'NONE', #966, #80, #827, .T. ) ;
#1528 = DIRECTION ( 'NONE',  ( 0.000000000000000000, 0.000000000000000000, -1.000000000000000000 ) ) ;
#1529 = ADVANCED_FACE ( 'NONE', ( #1125 ), #34, .T. ) ;
#1530 = APPROVAL_STATUS ( 'not_yet_approved' ) ;
#1531 = CARTESIAN_POINT ( 'NONE',  ( 3.000000000000000000, 3.673940397442059868E-16, 18.00000000000000355 ) ) ;
#1532 = EDGE_LOOP ( 'NONE', ( #470, #649, #817, #113 ) ) ;
#1533 = ORIENTED_EDGE ( 'NONE', *, *, #1437, .T. ) ;
#1534 = LINE ( 'NONE', #1293, #811 ) ;
#1535 = DIRECTION ( 'NONE',  ( 1.000000000000000000, 0.000000000000000000, 0.000000000000000000 ) ) ;
#1536 = DIRECTION ( 'NONE',  ( 0.000000000000000000, 1.000000000000000000, 0.000000000000000000 ) ) ;
#1537 = VERTEX_POINT ( 'NONE', #145 ) ;
#1538 = AXIS2_PLACEMENT_3D ( 'NONE', #261, #279, #631 ) ;
#1539 = VECTOR ( 'NONE', #100, 1000.000000000000000 ) ;
#1540 = ORIENTED_EDGE ( 'NONE', *, *, #830, .F. ) ;
#1541 = ORIENTED_EDGE ( 'NONE', *, *, #670, .F. ) ;
#1542 = CARTESIAN_POINT ( 'NONE',  ( -3.404408906109840149, -2.100000000000000089, 13.34999999999999964 ) ) ;
#1543 = CARTESIAN_POINT ( 'NONE',  ( 8.150000000000000355, 7.000000000000000000, 13.34999999999999964 ) ) ;
#1544 = EDGE_CURVE ( 'NONE', #800, #658, #419, .T. ) ;
#1545 = CARTESIAN_POINT ( 'NONE',  ( -8.150000000000000355, 2.100000000000000089, 15.00000000000000000 ) ) ;
#1546 = ORIENTED_EDGE ( 'NONE', *, *, #246, .T. ) ;
#1547 = VERTEX_POINT ( 'NONE', #67 ) ;
#1548 = FACE_OUTER_BOUND ( 'NONE', #433, .T. ) ;
#1549 = ADVANCED_FACE ( 'NONE', ( #1046 ), #322, .T. ) ;
#1550 = CARTESIAN_POINT ( 'NONE',  ( 15.00000000000000000, -15.00000000000000000, 0.000000000000000000 ) ) ;
#1551 = EDGE_CURVE ( 'NONE', #966, #1240, #478, .T. ) ;
#1552 = EDGE_LOOP ( 'NONE', ( #638, #1026, #571, #459, #647, #579, #1443, #918 ) ) ;
#1553 = ORIENTED_EDGE ( 'NONE', *, *, #662, .F. ) ;
#1554 = DIRECTION ( 'NONE',  ( 1.000000000000000000, 0.000000000000000000, 0.000000000000000000 ) ) ;
#1555 = DIRECTION ( 'NONE',  ( 0.000000000000000000, 0.000000000000000000, 1.000000000000000000 ) ) ;
#1556 = VERTEX_POINT ( 'NONE', #556 ) ;
#1557 = AXIS2_PLACEMENT_3D ( 'NONE', #1452, #599, #1076 ) ;
#1558 = AXIS2_PLACEMENT_3D ( 'NONE', #594, #1071, #354 ) ;
#1559 = AXIS2_PLACEMENT_3D ( 'NONE', #316, #1277, #1295 ) ;
#1560 = ORIENTED_EDGE ( 'NONE', *, *, #1049, .F. ) ;
#1561 = CARTESIAN_POINT ( 'NONE',  ( 0.000000000000000000, 0.000000000000000000, 15.00000000000000000 ) ) ;
#1562 = LINE ( 'NONE', #324, #513 ) ;
#1563 = FACE_OUTER_BOUND ( 'NONE', #1532, .T. ) ;
#1564 = CARTESIAN_POINT ( 'NONE',  ( 8.150000000000000355, 0.000000000000000000, 15.00000000000000000 ) ) ;
#1565 = LINE ( 'NONE', #1098, #468 ) ;
#1566 = EDGE_CURVE ( 'NONE', #379, #372, #815, .T. ) ;
#1567 = ORIENTED_EDGE ( 'NONE', *, *, #1049, .T. ) ;
#1568 = DIRECTION ( 'NONE',  ( -1.000000000000000000, 0.000000000000000000, 0.000000000000000000 ) ) ;
#1569 = FACE_BOUND ( 'NONE', #182, .T. ) ;
#1570 = AXIS2_PLACEMENT_3D ( 'NONE', #986, #139, #381 ) ;
#1571 = DIRECTION ( 'NONE',  ( 0.000000000000000000, 0.000000000000000000, 1.000000000000000000 ) ) ;
#1572 = CIRCLE ( 'NONE', #14, 2.100000000000000089 ) ;
#1573 = ADVANCED_FACE ( 'NONE', ( #204, #698 ), #1178, .F. ) ;
#1574 = DIRECTION ( 'NONE',  ( 1.000000000000000000, 0.000000000000000000, 0.000000000000000000 ) ) ;
#1575 = CIRCLE ( 'NONE', #239, 13.00000000000000000 ) ;
#1576 = EDGE_LOOP ( 'NONE', ( #1533, #137, #95, #175 ) ) ;
#1577 = ORIENTED_EDGE ( 'NONE', *, *, #397, .F. ) ;
#1578 = FACE_OUTER_BOUND ( 'NONE', #1516, .T. ) ;
#1579 = CARTESIAN_POINT ( 'NONE',  ( 15.00000000000000000, -20.00000000000000000, 18.00000000000000000 ) ) ;
#1580 = FACE_OUTER_BOUND ( 'NONE', #359, .T. ) ;
#1581 = CYLINDRICAL_SURFACE ( 'NONE', #645, 1.150000000000000799 ) ;
ENDSEC;
END-ISO-10303-21;
