ISO-10303-21;
HEADER;
FILE_DESCRIPTION (( 'STEP AP203' ),
    '1' );
FILE_NAME ('ARM-001_Base_pedestal.step',
    '2026-09-08T03:39:37',
    ( '' ),
    ( '' ),
    'SwSTEP 2.0',
    'SolidWorks 2026',
    '' );
FILE_SCHEMA (( 'CONFIG_CONTROL_DESIGN' ));
ENDSEC;

DATA;
#1 = CARTESIAN_POINT ( 'NONE',  ( -13.99706661088154824, 43.01627933971921891, -0.3285417665661338749 ) ) ;
#2 = ORIENTED_EDGE ( 'NONE', *, *, #982, .T. ) ;
#3 = CARTESIAN_POINT ( 'NONE',  ( -21.00000000000000000, 5.000000000000000000, 20.00000000000000000 ) ) ;
#4 = DIRECTION ( 'NONE',  ( -1.000000000000000000, -0.000000000000000000, -0.000000000000000000 ) ) ;
#5 = AXIS2_PLACEMENT_3D ( 'NONE', #434, #1000, #1581 ) ;
#6 = VECTOR ( 'NONE', #1233, 1000.000000000000000 ) ;
#7 = ORIENTED_EDGE ( 'NONE', *, *, #859, .T. ) ;
#8 = CARTESIAN_POINT ( 'NONE',  ( -17.96649685822270470, 47.74696167848721728, -1.108011643313558503 ) ) ;
#9 = CARTESIAN_POINT ( 'NONE',  ( 13.95687421211570012, 43.25319630238126933, -1.108336306574287500 ) ) ;
#10 = ORIENTED_EDGE ( 'NONE', *, *, #500, .F. ) ;
#11 = DIRECTION ( 'NONE',  ( 0.000000000000000000, 0.000000000000000000, -1.000000000000000000 ) ) ;
#12 = EDGE_CURVE ( 'NONE', #700, #744, #1260, .T. ) ;
#13 = CARTESIAN_POINT ( 'NONE',  ( -13.81870908116326646, 46.60879082869500678, 2.246622395854368737 ) ) ;
#14 = CIRCLE ( 'NONE', #1646, 14.00000000000000000 ) ;
#15 = ORIENTED_EDGE ( 'NONE', *, *, #1745, .F. ) ;
#16 = LINE ( 'NONE', #1592, #84 ) ;
#17 = LINE ( 'NONE', #1615, #516 ) ;
#18 = EDGE_CURVE ( 'NONE', #1015, #447, #674, .T. ) ;
#19 = EDGE_LOOP ( 'NONE', ( #294, #131, #495, #1006 ) ) ;
#20 = CARTESIAN_POINT ( 'NONE',  ( -17.98900843638134717, 47.91979912771474659, 0.6490964519981230474 ) ) ;
#21 = DIRECTION ( 'NONE',  ( 0.000000000000000000, 0.000000000000000000, -1.000000000000000000 ) ) ;
#22 = ORIENTED_EDGE ( 'NONE', *, *, #1715, .F. ) ;
#23 = CARTESIAN_POINT ( 'NONE',  ( -17.96640450971582936, 43.25376489295892668, 1.109633881796984634 ) ) ;
#24 = LINE ( 'NONE', #1741, #1804 ) ;
#25 = ORIENTED_EDGE ( 'NONE', *, *, #518, .F. ) ;
#26 = LINE ( 'NONE', #39, #1530 ) ;
#27 = CARTESIAN_POINT ( 'NONE',  ( 0.000000000000000000, 71.00000000000001421, 0.000000000000000000 ) ) ;
#28 = AXIS2_PLACEMENT_3D ( 'NONE', #1256, #1128, #657 ) ;
#29 = ADVANCED_FACE ( 'NONE', ( #1803 ), #1674, .F. ) ;
#30 = AXIS2_PLACEMENT_3D ( 'NONE', #205, #1212, #1083 ) ;
#31 = EDGE_LOOP ( 'NONE', ( #578, #551 ) ) ;
#32 = DIRECTION ( 'NONE',  ( 0.000000000000000000, 0.000000000000000000, -1.000000000000000000 ) ) ;
#33 = ADVANCED_FACE ( 'NONE', ( #1228 ), #1108, .F. ) ;
#34 = ORIENTED_EDGE ( 'NONE', *, *, #1418, .T. ) ;
#35 = ORIENTED_EDGE ( 'NONE', *, *, #1215, .F. ) ;
#36 = CARTESIAN_POINT ( 'NONE',  ( -35.00000000000000000, 5.000000000000000000, 20.00000000000000000 ) ) ;
#37 = CARTESIAN_POINT ( 'NONE',  ( -14.00000000000000000, 47.99999999999998579, 0.1654367999129219835 ) ) ;
#38 = ORIENTED_EDGE ( 'NONE', *, *, #393, .T. ) ;
#39 = CARTESIAN_POINT ( 'NONE',  ( 70.00000000000000000, 45.50000000000000000, 2.500000000000000000 ) ) ;
#40 = CARTESIAN_POINT ( 'NONE',  ( 17.83659594121243330, 46.14783334449681007, 2.420098444259080051 ) ) ;
#41 = CARTESIAN_POINT ( 'NONE',  ( 14.00000000000000000, 47.99999999999999289, 0.000000000000000000 ) ) ;
#42 = VECTOR ( 'NONE', #228, 1000.000000000000000 ) ;
#43 = COORDINATED_UNIVERSAL_TIME_OFFSET ( 6, 0, .BEHIND. ) ;
#44 = VERTEX_POINT ( 'NONE', #230 ) ;
#45 = CARTESIAN_POINT ( 'NONE',  ( 55.00000000000000000, 5.000000000000004441, -42.24999999999999289 ) ) ;
#46 = DIRECTION ( 'NONE',  ( 0.000000000000000000, 0.000000000000000000, -1.000000000000000000 ) ) ;
#47 = EDGE_LOOP ( 'NONE', ( #1553, #1788, #643, #1534 ) ) ;
#48 = CARTESIAN_POINT ( 'NONE',  ( -13.85854094322176522, 43.97446706184423704, -1.987262366664162228 ) ) ;
#49 = CYLINDRICAL_SURFACE ( 'NONE', #1335, 1.600000000000000755 ) ;
#50 = VERTEX_POINT ( 'NONE', #813 ) ;
#51 = FACE_OUTER_BOUND ( 'NONE', #860, .T. ) ;
#52 = ADVANCED_FACE ( 'NONE', ( #396 ), #262, .F. ) ;
#53 = LINE ( 'NONE', #478, #1400 ) ;
#54 = ORIENTED_EDGE ( 'NONE', *, *, #1760, .T. ) ;
#55 = EDGE_CURVE ( 'NONE', #1420, #1591, #1736, .T. ) ;
#56 = DIRECTION ( 'NONE',  ( 0.000000000000000000, 0.000000000000000000, 1.000000000000000000 ) ) ;
#57 = CARTESIAN_POINT ( 'NONE',  ( -17.99999999999999645, 42.99999999999999289, -0.3305694865184735098 ) ) ;
#58 = DIRECTION ( 'NONE',  ( 0.000000000000000000, 0.000000000000000000, -1.000000000000000000 ) ) ;
#59 = FACE_OUTER_BOUND ( 'NONE', #387, .T. ) ;
#60 = APPROVAL_DATE_TIME ( #1209, #1440 ) ;
#61 = ORIENTED_EDGE ( 'NONE', *, *, #101, .T. ) ;
#62 = CARTESIAN_POINT ( 'NONE',  ( 17.84312708122020297, 44.69378997829607414, 2.372089755139246581 ) ) ;
#63 = EDGE_CURVE ( 'NONE', #1107, #1452, #88, .T. ) ;
#64 = LINE ( 'NONE', #1349, #332 ) ;
#65 = CARTESIAN_POINT ( 'NONE',  ( 70.00000000000000000, 45.50000000000000000, 0.000000000000000000 ) ) ;
#66 = ORIENTED_EDGE ( 'NONE', *, *, #947, .F. ) ;
#67 = CARTESIAN_POINT ( 'NONE',  ( 0.000000000000000000, 63.00000000000000000, -11.09999999999999964 ) ) ;
#68 = CIRCLE ( 'NONE', #1390, 18.00000000000000000 ) ;
#69 = APPLICATION_PROTOCOL_DEFINITION ( 'international standard', 'config_control_design', 1994, #401 ) ;
#70 = VERTEX_POINT ( 'NONE', #662 ) ;
#71 = VERTEX_POINT ( 'NONE', #1397 ) ;
#72 = CARTESIAN_POINT ( 'NONE',  ( 17.95837048019460624, 43.31633115846696569, 1.259952163057163066 ) ) ;
#73 = CARTESIAN_POINT ( 'NONE',  ( -17.95837048019460624, 43.31633115846696569, -1.259952163057163066 ) ) ;
#74 = DIRECTION ( 'NONE',  ( 0.000000000000000000, 0.000000000000000000, 1.000000000000000000 ) ) ;
#75 = EDGE_CURVE ( 'NONE', #697, #1378, #104, .T. ) ;
#76 = MANIFOLD_SOLID_BREP ( 'Yaw_crossbolt_access', #552 ) ;
#77 = CC_DESIGN_PERSON_AND_ORGANIZATION_ASSIGNMENT ( #1334, #1079, ( #1712 ) ) ;
#78 = CARTESIAN_POINT ( 'NONE',  ( 0.000000000000000000, 71.00000000000001421, -11.09999999999999964 ) ) ;
#79 = PERSON_AND_ORGANIZATION ( #1081, #408 ) ;
#80 = LINE ( 'NONE', #942, #1619 ) ;
#81 = CARTESIAN_POINT ( 'NONE',  ( 0.000000000000000000, 71.00000000000001421, -11.09999999999999964 ) ) ;
#82 = DIRECTION ( 'NONE',  ( 0.000000000000000000, -1.000000000000000000, 0.000000000000000000 ) ) ;
#83 = CARTESIAN_POINT ( 'NONE',  ( 1.102182119232617714E-15, 63.00000000000000000, 9.000000000000000000 ) ) ;
#84 = VECTOR ( 'NONE', #845, 1000.000000000000000 ) ;
#85 = ADVANCED_FACE ( 'NONE', ( #529 ), #112, .T. ) ;
#86 = CARTESIAN_POINT ( 'NONE',  ( 13.77788817377749098, 45.82595894491446842, 2.484121722329651671 ) ) ;
#87 = AXIS2_PLACEMENT_3D ( 'NONE', #175, #864, #1152 ) ;
#88 = LINE ( 'NONE', #380, #1771 ) ;
#89 = CARTESIAN_POINT ( 'NONE',  ( 0.000000000000000000, 55.00000000000000000, 0.000000000000000000 ) ) ;
#90 = DIRECTION ( 'NONE',  ( 0.000000000000000000, -1.000000000000000000, 0.000000000000000000 ) ) ;
#91 = CARTESIAN_POINT ( 'NONE',  ( 70.00000000000000000, 5.000000000000000000, 60.00000000000000000 ) ) ;
#92 = CARTESIAN_POINT ( 'NONE',  ( 14.00000000000000000, 47.99999999999999289, 0.1655787080512195752 ) ) ;
#93 = ADVANCED_FACE ( 'NONE', ( #1236 ), #222, .F. ) ;
#94 = CARTESIAN_POINT ( 'NONE',  ( 55.00000000000000000, 71.00000000000001421, 45.00000000000000000 ) ) ;
#95 = DIRECTION ( 'NONE',  ( 0.000000000000000000, 1.000000000000000000, 0.000000000000000000 ) ) ;
#96 = VECTOR ( 'NONE', #1362, 1000.000000000000000 ) ;
#97 = ORIENTED_EDGE ( 'NONE', *, *, #1665, .F. ) ;
#98 = CARTESIAN_POINT ( 'NONE',  ( 0.000000000000000000, 63.00000000000000000, 0.000000000000000000 ) ) ;
#99 = VECTOR ( 'NONE', #1358, 1000.000000000000000 ) ;
#100 = AXIS2_PLACEMENT_3D ( 'NONE', #1831, #1526, #540 ) ;
#101 = EDGE_CURVE ( 'NONE', #1401, #1162, #80, .T. ) ;
#102 = CARTESIAN_POINT ( 'NONE',  ( 14.00000000000000000, 47.99999999999999289, 0.000000000000000000 ) ) ;
#103 = SECURITY_CLASSIFICATION ( '', '', #652 ) ;
#104 = LINE ( 'NONE', #543, #888 ) ;
#105 = CARTESIAN_POINT ( 'NONE',  ( 17.86898290268020517, 44.24735457172464947, -2.169772189345270164 ) ) ;
#106 = EDGE_CURVE ( 'NONE', #1162, #807, #796, .T. ) ;
#107 = EDGE_LOOP ( 'NONE', ( #1434, #1270, #598, #1724 ) ) ;
#108 = DIRECTION ( 'NONE',  ( 0.000000000000000000, 0.000000000000000000, 1.000000000000000000 ) ) ;
#109 = CIRCLE ( 'NONE', #589, 2.500000000000000000 ) ;
#110 = DIRECTION ( 'NONE',  ( 0.000000000000000000, 0.000000000000000000, 1.000000000000000000 ) ) ;
#111 = CC_DESIGN_SECURITY_CLASSIFICATION ( #103, ( #617 ) ) ;
#112 = PLANE ( 'NONE',  #1679 ) ;
#113 = CARTESIAN_POINT ( 'NONE',  ( 0.000000000000000000, 43.00000000000000000, 0.000000000000000000 ) ) ;
#114 = VECTOR ( 'NONE', #1140, 1000.000000000000000 ) ;
#115 = ORIENTED_EDGE ( 'NONE', *, *, #278, .F. ) ;
#116 = CYLINDRICAL_SURFACE ( 'NONE', #747, 2.500000000000000000 ) ;
#117 = CARTESIAN_POINT ( 'NONE',  ( 13.77794291905511415, 45.82754084529345562, -2.483814256089909023 ) ) ;
#118 = B_SPLINE_CURVE_WITH_KNOTS ( 'NONE', 3,
 ( #1848, #92, #1672, #386, #509, #1508, #424, #949, #1800, #1529, #989, #847, #371, #86, #803, #1428 ),
 .UNSPECIFIED., .F., .F.,
 ( 4, 2, 2, 2, 2, 2, 2, 4 ),
 ( 0.000000000000000000, 0.0004896110024412562208, 0.0009792220048825122248, 0.001468833007323768229, 0.001958444009765024016, 0.002937666014647520845, 0.003427277017088779017, 0.003916888019530036756 ),
 .UNSPECIFIED. ) ;
#119 = CARTESIAN_POINT ( 'NONE',  ( -55.00000000000000000, 5.000000000000004441, -45.00000000000000000 ) ) ;
#120 = CYLINDRICAL_SURFACE ( 'NONE', #499, 1.600000000000000755 ) ;
#121 = VERTEX_POINT ( 'NONE', #520 ) ;
#122 = PLANE ( 'NONE',  #1380 ) ;
#123 = CARTESIAN_POINT ( 'NONE',  ( 13.77497731395590996, 45.50000000000000000, -2.500000000000000000 ) ) ;
#124 = EDGE_CURVE ( 'NONE', #1717, #70, #1404, .T. ) ;
#125 = VECTOR ( 'NONE', #1417, 1000.000000000000000 ) ;
#126 = CARTESIAN_POINT ( 'NONE',  ( -35.00000000000000000, 68.00000000000000000, 20.00000000000000000 ) ) ;
#127 = ORIENTED_EDGE ( 'NONE', *, *, #469, .F. ) ;
#128 = CARTESIAN_POINT ( 'NONE',  ( -17.99776415162195775, 47.98405488434005406, -0.3264848528853132037 ) ) ;
#129 = DIRECTION ( 'NONE',  ( -0.000000000000000000, 1.000000000000000000, -0.000000000000000000 ) ) ;
#130 = AXIS2_PLACEMENT_3D ( 'NONE', #1005, #559, #449 ) ;
#131 = ORIENTED_EDGE ( 'NONE', *, *, #669, .T. ) ;
#132 = CARTESIAN_POINT ( 'NONE',  ( -13.98589367505816838, 47.91996008306124821, -0.6483990563917449990 ) ) ;
#133 = DIRECTION ( 'NONE',  ( 0.000000000000000000, 0.000000000000000000, 1.000000000000000000 ) ) ;
#134 = LINE ( 'NONE', #1178, #762 ) ;
#135 = DIRECTION ( 'NONE',  ( -0.000000000000000000, 1.000000000000000000, -0.000000000000000000 ) ) ;
#136 = VECTOR ( 'NONE', #1532, 1000.000000000000000 ) ;
#137 = EDGE_CURVE ( 'NONE', #447, #1742, #109, .T. ) ;
#138 = ORIENTED_EDGE ( 'NONE', *, *, #1153, .F. ) ;
#139 = CIRCLE ( 'NONE', #415, 2.750000000000002665 ) ;
#140 = CARTESIAN_POINT ( 'NONE',  ( -17.98263031886837382, 47.87252041251415591, 0.8049659673344750077 ) ) ;
#141 = CARTESIAN_POINT ( 'NONE',  ( 13.81880599098808027, 44.38992287291959826, -2.246034742418408836 ) ) ;
#142 = ORIENTED_EDGE ( 'NONE', *, *, #226, .T. ) ;
#143 = LINE ( 'NONE', #714, #1671 ) ;
#144 = CARTESIAN_POINT ( 'NONE',  ( -13.77497731395590996, 45.50000000000000000, 2.500000000000000000 ) ) ;
#145 = ORIENTED_EDGE ( 'NONE', *, *, #1745, .T. ) ;
#146 = DIRECTION ( 'NONE',  ( 0.000000000000000000, 0.000000000000000000, -1.000000000000000000 ) ) ;
#147 = CARTESIAN_POINT ( 'NONE',  ( 17.99776415162195775, 47.98405488434005406, 0.3264848528853132037 ) ) ;
#148 = PRODUCT ( 'ARM-001_Base_pedestal', 'ARM-001_Base_pedestal', '', ( #331 ) ) ;
#149 = VERTEX_POINT ( 'NONE', #1725 ) ;
#150 = CARTESIAN_POINT ( 'NONE',  ( -35.00000000000000000, 28.00000000000000000, -12.00000000000000000 ) ) ;
#151 = ADVANCED_FACE ( 'NONE', ( #850 ), #300, .F. ) ;
#152 = DIRECTION ( 'NONE',  ( 0.000000000000000000, 0.000000000000000000, 1.000000000000000000 ) ) ;
#153 = ORIENTED_EDGE ( 'NONE', *, *, #1028, .F. ) ;
#154 = ORIENTED_EDGE ( 'NONE', *, *, #1832, .T. ) ;
#155 = CARTESIAN_POINT ( 'NONE',  ( -13.97752112628061560, 47.87169525564409156, -0.8074127469523704193 ) ) ;
#156 = CARTESIAN_POINT ( 'NONE',  ( 2.204364238465235428E-15, 43.00000000000000000, 18.00000000000000000 ) ) ;
#157 = CARTESIAN_POINT ( 'NONE',  ( 1.714505518806294638E-15, 39.00000000000000000, 14.00000000000000000 ) ) ;
#158 = CARTESIAN_POINT ( 'NONE',  ( -35.00000000000000000, 28.00000000000000000, 13.60000000000000142 ) ) ;
#159 = ORIENTED_EDGE ( 'NONE', *, *, #191, .T. ) ;
#160 = DIRECTION ( 'NONE',  ( -0.000000000000000000, -1.000000000000000000, -0.000000000000000000 ) ) ;
#161 = CARTESIAN_POINT ( 'NONE',  ( 13.99706661088154824, 43.01627933971921891, 0.3285417665661338749 ) ) ;
#162 = ORIENTED_EDGE ( 'NONE', *, *, #1206, .F. ) ;
#163 = FACE_OUTER_BOUND ( 'NONE', #1136, .T. ) ;
#164 = CARTESIAN_POINT ( 'NONE',  ( 17.82554346997588368, 45.50000000000000000, 2.500000000000000000 ) ) ;
#165 = ADVANCED_FACE ( 'NONE', ( #1431 ), #1443, .F. ) ;
#166 = VERTEX_POINT ( 'NONE', #1300 ) ;
#167 = DIRECTION ( 'NONE',  ( 1.000000000000000000, 0.000000000000000000, 0.000000000000000000 ) ) ;
#168 = CARTESIAN_POINT ( 'NONE',  ( 18.00000752133727744, 48.00005415363134631, -0.1624247606254131115 ) ) ;
#169 = APPLICATION_CONTEXT ( 'configuration controlled 3d designs of mechanical parts and assemblies' ) ;
#170 = EDGE_CURVE ( 'NONE', #306, #50, #1003, .T. ) ;
#171 = ORIENTED_EDGE ( 'NONE', *, *, #490, .F. ) ;
#172 = CARTESIAN_POINT ( 'NONE',  ( -35.00000000000000000, 5.000000000000000000, 20.00000000000000000 ) ) ;
#173 = AXIS2_PLACEMENT_3D ( 'NONE', #1614, #988, #1568 ) ;
#174 = ORIENTED_EDGE ( 'NONE', *, *, #1194, .F. ) ;
#175 = CARTESIAN_POINT ( 'NONE',  ( 0.000000000000000000, 63.00000000000000000, 0.000000000000000000 ) ) ;
#176 = CARTESIAN_POINT ( 'NONE',  ( 0.000000000000000000, 43.00000000000000000, 0.000000000000000000 ) ) ;
#177 = CARTESIAN_POINT ( 'NONE',  ( 0.000000000000000000, 47.99999999999999289, 0.000000000000000000 ) ) ;
#178 = CARTESIAN_POINT ( 'NONE',  ( 17.90153196249008261, 47.15175337339759665, -1.883846027710762261 ) ) ;
#179 = VECTOR ( 'NONE', #90, 1000.000000000000000 ) ;
#180 = AXIS2_PLACEMENT_3D ( 'NONE', #1363, #82, #937 ) ;
#181 = FACE_OUTER_BOUND ( 'NONE', #1133, .T. ) ;
#182 = DIRECTION ( 'NONE',  ( 0.000000000000000000, 0.000000000000000000, 1.000000000000000000 ) ) ;
#183 = EDGE_LOOP ( 'NONE', ( #22, #590 ) ) ;
#184 = FACE_BOUND ( 'NONE', #1031, .T. ) ;
#185 = DIRECTION ( 'NONE',  ( -0.000000000000000000, 1.000000000000000000, -0.000000000000000000 ) ) ;
#186 = EDGE_LOOP ( 'NONE', ( #35, #66, #1411, #1691, #1624, #618, #771, #737 ) ) ;
#187 = CYLINDRICAL_SURFACE ( 'NONE', #680, 2.750000000000002665 ) ;
#188 = CARTESIAN_POINT ( 'NONE',  ( 17.98252671105594303, 47.87172813406260019, 0.8071135263421089778 ) ) ;
#189 = EDGE_CURVE ( 'NONE', #50, #1685, #1163, .T. ) ;
#190 = AXIS2_PLACEMENT_3D ( 'NONE', #1507, #1778, #58 ) ;
#191 = EDGE_CURVE ( 'NONE', #990, #1801, #900, .T. ) ;
#192 = ORIENTED_EDGE ( 'NONE', *, *, #1366, .T. ) ;
#193 = DIRECTION ( 'NONE',  ( 0.000000000000000000, -0.000000000000000000, -1.000000000000000000 ) ) ;
#194 = AXIS2_PLACEMENT_3D ( 'NONE', #1794, #1656, #1384 ) ;
#195 = AXIS2_PLACEMENT_3D ( 'NONE', #1817, #554, #956 ) ;
#196 = ORIENTED_EDGE ( 'NONE', *, *, #1854, .T. ) ;
#197 = DIRECTION ( 'NONE',  ( 0.000000000000000000, 1.000000000000000000, 0.000000000000000000 ) ) ;
#198 = DIRECTION ( 'NONE',  ( 0.000000000000000000, 0.000000000000000000, -1.000000000000000000 ) ) ;
#199 = DIRECTION ( 'NONE',  ( 1.000000000000000000, -0.000000000000000000, -0.000000000000000000 ) ) ;
#200 = ORIENTED_EDGE ( 'NONE', *, *, #1306, .T. ) ;
#201 = DIRECTION ( 'NONE',  ( 0.000000000000000000, 0.000000000000000000, 1.000000000000000000 ) ) ;
#202 = EDGE_CURVE ( 'NONE', #677, #585, #1412, .T. ) ;
#203 = PERSON_AND_ORGANIZATION ( #1081, #408 ) ;
#204 = ORIENTED_EDGE ( 'NONE', *, *, #1385, .F. ) ;
#205 = CARTESIAN_POINT ( 'NONE',  ( -55.00000000000000000, 0.000000000000000000, -45.00000000000000000 ) ) ;
#206 = CYLINDRICAL_SURFACE ( 'NONE', #1087, 18.00000000000000000 ) ;
#207 = DIRECTION ( 'NONE',  ( 0.000000000000000000, 0.000000000000000000, 1.000000000000000000 ) ) ;
#208 = VERTEX_POINT ( 'NONE', #416 ) ;
#209 = CARTESIAN_POINT ( 'NONE',  ( -21.00000000000000000, 43.00000000000000000, 20.00000000000000000 ) ) ;
#210 = DATE_AND_TIME ( #1500, #671 ) ;
#211 = ORIENTED_EDGE ( 'NONE', *, *, #651, .F. ) ;
#212 = EDGE_CURVE ( 'NONE', #504, #503, #1842, .T. ) ;
#213 = VERTEX_POINT ( 'NONE', #1322 ) ;
#214 = DIRECTION ( 'NONE',  ( -1.000000000000000000, 0.000000000000000000, 0.000000000000000000 ) ) ;
#215 = DIRECTION ( 'NONE',  ( -1.000000000000000000, -0.000000000000000000, -0.000000000000000000 ) ) ;
#216 = DIRECTION ( 'NONE',  ( -0.000000000000000000, -1.000000000000000000, -0.000000000000000000 ) ) ;
#217 = CC_DESIGN_DATE_AND_TIME_ASSIGNMENT ( #628, #493, ( #1712 ) ) ;
#218 = ORIENTED_EDGE ( 'NONE', *, *, #1206, .T. ) ;
#219 = CARTESIAN_POINT ( 'NONE',  ( 0.000000000000000000, 63.00000000000000000, -9.000000000000000000 ) ) ;
#220 = AXIS2_PLACEMENT_3D ( 'NONE', #1815, #1692, #1111 ) ;
#221 = CIRCLE ( 'NONE', #194, 2.750000000000002665 ) ;
#222 = CYLINDRICAL_SURFACE ( 'NONE', #853, 2.500000000000000000 ) ;
#223 = CARTESIAN_POINT ( 'NONE',  ( 17.82554346997589079, 45.33483580062035401, 2.500000000000000444 ) ) ;
#224 = CARTESIAN_POINT ( 'NONE',  ( -13.78938628576195846, 44.84971007570410251, -2.419480509528800116 ) ) ;
#225 = CARTESIAN_POINT ( 'NONE',  ( 0.000000000000000000, 71.00000000000001421, 0.000000000000000000 ) ) ;
#226 = EDGE_CURVE ( 'NONE', #149, #440, #1628, .T. ) ;
#227 = AXIS2_PLACEMENT_3D ( 'NONE', #277, #1173, #1749 ) ;
#228 = DIRECTION ( 'NONE',  ( 0.000000000000000000, 0.000000000000000000, -1.000000000000000000 ) ) ;
#229 = APPROVAL_ROLE ( '' ) ;
#230 = CARTESIAN_POINT ( 'NONE',  ( -21.00000000000000000, 5.000000000000000000, 20.00000000000000000 ) ) ;
#231 = CARTESIAN_POINT ( 'NONE',  ( 17.89022543799955756, 43.97398007380362372, -1.987031732883741242 ) ) ;
#232 = EDGE_LOOP ( 'NONE', ( #1576, #1002, #667, #1739 ) ) ;
#233 = DIRECTION ( 'NONE',  ( -1.000000000000000000, 0.000000000000000000, -0.000000000000000000 ) ) ;
#234 = LOCAL_TIME ( 22, 39, 37.00000000000000000, #965 ) ;
#235 = AXIS2_PLACEMENT_3D ( 'NONE', #1156, #167, #750 ) ;
#236 = CARTESIAN_POINT ( 'NONE',  ( 13.81870908116326646, 46.60879082869500678, -2.246622395854368737 ) ) ;
#237 = EDGE_CURVE ( 'NONE', #447, #208, #621, .T. ) ;
#238 = CARTESIAN_POINT ( 'NONE',  ( -35.00000000000000000, 5.000000000000000000, 20.00000000000000000 ) ) ;
#239 = SHAPE_DEFINITION_REPRESENTATION ( #1734, #665 ) ;
#240 = ORIENTED_EDGE ( 'NONE', *, *, #823, .F. ) ;
#241 = DIRECTION ( 'NONE',  ( 0.000000000000000000, 0.000000000000000000, 1.000000000000000000 ) ) ;
#242 = DIRECTION ( 'NONE',  ( 0.000000000000000000, 1.000000000000000000, 0.000000000000000000 ) ) ;
#243 = VERTEX_POINT ( 'NONE', #893 ) ;
#244 = DIRECTION ( 'NONE',  ( 1.000000000000000000, -0.000000000000000000, -0.000000000000000000 ) ) ;
#245 = CARTESIAN_POINT ( 'NONE',  ( 13.78926282553437943, 46.14756559224445454, -2.420180792385579593 ) ) ;
#246 = EDGE_CURVE ( 'NONE', #440, #741, #1483, .T. ) ;
#247 = DIRECTION ( 'NONE',  ( -1.000000000000000000, -0.000000000000000000, -0.000000000000000000 ) ) ;
#248 = ADVANCED_FACE ( 'NONE', ( #1190, #491, #1038, #1060, #59 ), #1493, .T. ) ;
#249 = ORIENTED_EDGE ( 'NONE', *, *, #347, .F. ) ;
#250 = ORIENTED_EDGE ( 'NONE', *, *, #382, .F. ) ;
#251 = DIRECTION ( 'NONE',  ( 0.000000000000000000, 0.000000000000000000, -1.000000000000000000 ) ) ;
#252 = CARTESIAN_POINT ( 'NONE',  ( 17.84314584497029799, 44.69351285141918595, -2.371939436147035174 ) ) ;
#253 = CIRCLE ( 'NONE', #190, 2.750000000000002665 ) ;
#254 = VECTOR ( 'NONE', #197, 1000.000000000000000 ) ;
#255 = VERTEX_POINT ( 'NONE', #1769 ) ;
#256 = FACE_OUTER_BOUND ( 'NONE', #299, .T. ) ;
#257 = AXIS2_PLACEMENT_3D ( 'NONE', #502, #394, #1367 ) ;
#258 = CARTESIAN_POINT ( 'NONE',  ( 13.87322989014139196, 47.15212333307417225, -1.883322644825444536 ) ) ;
#259 = AXIS2_PLACEMENT_3D ( 'NONE', #1029, #129, #21 ) ;
#260 = PERSON_AND_ORGANIZATION_ROLE ( 'classification_officer' ) ;
#261 = VERTEX_POINT ( 'NONE', #764 ) ;
#262 = PLANE ( 'NONE',  #1825 ) ;
#263 = EDGE_CURVE ( 'NONE', #1053, #1630, #1345, .T. ) ;
#264 = CARTESIAN_POINT ( 'NONE',  ( 17.82554346997588368, 45.33667906119404734, -2.500000000000000444 ) ) ;
#265 = ORIENTED_EDGE ( 'NONE', *, *, #1153, .T. ) ;
#266 = CARTESIAN_POINT ( 'NONE',  ( 70.00000000000000000, 5.000000000000000000, -60.00000000000000000 ) ) ;
#267 = DIRECTION ( 'NONE',  ( 0.000000000000000000, 0.000000000000000000, -1.000000000000000000 ) ) ;
#268 = CARTESIAN_POINT ( 'NONE',  ( -17.82554346997588368, 45.66327818883907241, 2.499999999999999556 ) ) ;
#269 = CARTESIAN_POINT ( 'NONE',  ( 13.77497731395590996, 45.33658208163353009, 2.500000000000000444 ) ) ;
#270 = ADVANCED_FACE ( 'NONE', ( #51 ), #477, .F. ) ;
#271 = AXIS2_PLACEMENT_3D ( 'NONE', #1291, #1424, #1589 ) ;
#272 = EDGE_LOOP ( 'NONE', ( #635, #1650 ) ) ;
#273 = CARTESIAN_POINT ( 'NONE',  ( -55.00000000000000000, 71.00000000000001421, -42.24999999999999289 ) ) ;
#274 = DIRECTION ( 'NONE',  ( 0.000000000000000000, 0.000000000000000000, 1.000000000000000000 ) ) ;
#275 = ORIENTED_EDGE ( 'NONE', *, *, #1608, .T. ) ;
#276 = DIRECTION ( 'NONE',  ( -0.000000000000000000, 1.000000000000000000, -0.000000000000000000 ) ) ;
#277 = CARTESIAN_POINT ( 'NONE',  ( -55.00000000000000000, 71.00000000000001421, -45.00000000000000000 ) ) ;
#278 = EDGE_CURVE ( 'NONE', #556, #1731, #1216, .T. ) ;
#279 = EDGE_LOOP ( 'NONE', ( #1606, #995 ) ) ;
#280 = CARTESIAN_POINT ( 'NONE',  ( -17.92428373237263983, 43.61768772190821153, 1.653312540912551531 ) ) ;
#281 = AXIS2_PLACEMENT_3D ( 'NONE', #1295, #1603, #890 ) ;
#282 = DIRECTION ( 'NONE',  ( 0.000000000000000000, 0.000000000000000000, 1.000000000000000000 ) ) ;
#283 = LINE ( 'NONE', #1426, #1226 ) ;
#284 = CIRCLE ( 'NONE', #1096, 2.750000000000002665 ) ;
#285 = CARTESIAN_POINT ( 'NONE',  ( 18.00000000000000000, 39.00000000000000000, 20.00000000000000000 ) ) ;
#286 = ADVANCED_FACE ( 'NONE', ( #181 ), #915, .F. ) ;
#287 = AXIS2_PLACEMENT_3D ( 'NONE', #91, #1382, #1552 ) ;
#288 = ORIENTED_EDGE ( 'NONE', *, *, #1365, .T. ) ;
#289 = CARTESIAN_POINT ( 'NONE',  ( -17.84310751284647267, 46.30582597335054373, 2.372239620766816603 ) ) ;
#290 = CARTESIAN_POINT ( 'NONE',  ( 0.000000000000000000, 63.00000000000000000, 0.000000000000000000 ) ) ;
#291 = ORIENTED_EDGE ( 'NONE', *, *, #1582, .T. ) ;
#292 = CARTESIAN_POINT ( 'NONE',  ( -17.82778855857283773, 45.17427861045180748, 2.484150482742599308 ) ) ;
#293 = FACE_OUTER_BOUND ( 'NONE', #1324, .T. ) ;
#294 = ORIENTED_EDGE ( 'NONE', *, *, #902, .T. ) ;
#295 = FACE_BOUND ( 'NONE', #329, .T. ) ;
#296 = DIRECTION ( 'NONE',  ( 0.000000000000000000, -1.000000000000000000, 0.000000000000000000 ) ) ;
#297 = AXIS2_PLACEMENT_3D ( 'NONE', #1689, #511, #805 ) ;
#298 = EDGE_CURVE ( 'NONE', #471, #700, #379, .T. ) ;
#299 = EDGE_LOOP ( 'NONE', ( #486, #966, #395, #61 ) ) ;
#300 = PLANE ( 'NONE',  #792 ) ;
#301 = CARTESIAN_POINT ( 'NONE',  ( 13.98584047232931482, 43.08034541177978127, 0.6496765998470585002 ) ) ;
#302 = ORIENTED_EDGE ( 'NONE', *, *, #1296, .T. ) ;
#303 = VERTEX_POINT ( 'NONE', #41 ) ;
#304 = LINE ( 'NONE', #1867, #1086 ) ;
#305 = PLANE ( 'NONE',  #932 ) ;
#306 = VERTEX_POINT ( 'NONE', #330 ) ;
#307 = FACE_BOUND ( 'NONE', #183, .T. ) ;
#308 = CARTESIAN_POINT ( 'NONE',  ( 17.82784722394456978, 45.82813093800245241, 2.483725953013491416 ) ) ;
#309 = ORIENTED_EDGE ( 'NONE', *, *, #651, .T. ) ;
#310 = CARTESIAN_POINT ( 'NONE',  ( -17.98252671105594303, 47.87172813406260019, -0.8071135263421089778 ) ) ;
#311 = ADVANCED_FACE ( 'NONE', ( #612 ), #627, .F. ) ;
#312 = DIRECTION ( 'NONE',  ( -0.000000000000000000, -1.000000000000000000, -0.000000000000000000 ) ) ;
#313 = ORIENTED_EDGE ( 'NONE', *, *, #676, .F. ) ;
#314 = CARTESIAN_POINT ( 'NONE',  ( -17.98254443702504801, 43.12812614607209838, 0.8068915223181163388 ) ) ;
#315 = CARTESIAN_POINT ( 'NONE',  ( -13.98576417158134610, 47.91921646030910864, 0.6515105133777131519 ) ) ;
#316 = EDGE_CURVE ( 'NONE', #149, #743, #1499, .T. ) ;
#317 = DIRECTION ( 'NONE',  ( 0.000000000000000000, 0.000000000000000000, 1.000000000000000000 ) ) ;
#318 = CARTESIAN_POINT ( 'NONE',  ( 17.85935003124141573, 46.60871697142726333, -2.246691566488684177 ) ) ;
#319 = VERTEX_POINT ( 'NONE', #67 ) ;
#320 = CARTESIAN_POINT ( 'NONE',  ( 55.00000000000000000, 0.000000000000000000, 45.00000000000000000 ) ) ;
#321 = DIRECTION ( 'NONE',  ( -1.000000000000000000, -0.000000000000000000, -0.000000000000000000 ) ) ;
#322 = EDGE_CURVE ( 'NONE', #1501, #1639, #753, .T. ) ;
#323 = VERTEX_POINT ( 'NONE', #172 ) ;
#324 = CARTESIAN_POINT ( 'NONE',  ( -13.77497731395590996, 45.50000000000000000, -2.500000000000000000 ) ) ;
#325 = CARTESIAN_POINT ( 'NONE',  ( -13.99706924983771827, 47.98373839272468899, 0.3288127542806037473 ) ) ;
#326 = APPROVAL_PERSON_ORGANIZATION ( #1346, #1440, #485 ) ;
#327 = DIRECTION ( 'NONE',  ( -0.000000000000000000, 1.000000000000000000, -0.000000000000000000 ) ) ;
#328 = FACE_OUTER_BOUND ( 'NONE', #622, .T. ) ;
#329 = EDGE_LOOP ( 'NONE', ( #1255, #204 ) ) ;
#330 = CARTESIAN_POINT ( 'NONE',  ( -21.00000000000000355, 28.00000000000000000, -10.40000000000000036 ) ) ;
#331 = MECHANICAL_CONTEXT ( 'NONE', #169, 'mechanical' ) ;
#332 = VECTOR ( 'NONE', #1342, 1000.000000000000000 ) ;
#333 = ORIENTED_EDGE ( 'NONE', *, *, #1385, .T. ) ;
#334 = CARTESIAN_POINT ( 'NONE',  ( 0.000000000000000000, 55.00000000000000000, 0.000000000000000000 ) ) ;
#335 = EDGE_CURVE ( 'NONE', #1022, #556, #880, .T. ) ;
#336 = DIRECTION ( 'NONE',  ( 0.000000000000000000, 1.000000000000000000, 0.000000000000000000 ) ) ;
#337 = EDGE_LOOP ( 'NONE', ( #713, #1388 ) ) ;
#338 = CARTESIAN_POINT ( 'NONE',  ( -13.98584047232931482, 43.08034541177978127, -0.6496765998470585002 ) ) ;
#339 = CYLINDRICAL_SURFACE ( 'NONE', #430, 14.00000000000000000 ) ;
#340 = EDGE_CURVE ( 'NONE', #1452, #1598, #1339, .T. ) ;
#341 = VECTOR ( 'NONE', #525, 1000.000000000000000 ) ;
#342 = DIRECTION ( 'NONE',  ( 0.000000000000000000, -1.000000000000000000, 0.000000000000000000 ) ) ;
#343 =( NAMED_UNIT ( * ) SI_UNIT ( $, .STERADIAN. ) SOLID_ANGLE_UNIT ( ) );
#344 = ORIENTED_EDGE ( 'NONE', *, *, #1841, .T. ) ;
#345 = CARTESIAN_POINT ( 'NONE',  ( 17.98904538928249508, 43.07992796938150803, -0.6479563170242116366 ) ) ;
#346 = DIRECTION ( 'NONE',  ( 1.000000000000000000, 0.000000000000000000, 0.000000000000000000 ) ) ;
#347 = EDGE_CURVE ( 'NONE', #1119, #898, #1569, .T. ) ;
#348 = VECTOR ( 'NONE', #346, 1000.000000000000000 ) ;
#349 = CIRCLE ( 'NONE', #1392, 2.750000000000002665 ) ;
#350 = ORIENTED_EDGE ( 'NONE', *, *, #1720, .T. ) ;
#351 = DIRECTION ( 'NONE',  ( 0.000000000000000000, 0.000000000000000000, 1.000000000000000000 ) ) ;
#352 = VECTOR ( 'NONE', #1218, 1000.000000000000000 ) ;
#353 = CIRCLE ( 'NONE', #1394, 11.09999999999999964 ) ;
#354 =( LENGTH_UNIT ( ) NAMED_UNIT ( * ) SI_UNIT ( .MILLI., .METRE. ) );
#355 = ORIENTED_EDGE ( 'NONE', *, *, #1735, .T. ) ;
#356 = LINE ( 'NONE', #1660, #96 ) ;
#357 = CARTESIAN_POINT ( 'NONE',  ( -17.90156802834261640, 43.84795328581394358, -1.883407045338198804 ) ) ;
#358 = CARTESIAN_POINT ( 'NONE',  ( -21.00000000000000355, 45.50000000000000000, 0.000000000000000000 ) ) ;
#359 = AXIS2_PLACEMENT_3D ( 'NONE', #822, #403, #1387 ) ;
#360 = EDGE_CURVE ( 'NONE', #1267, #1519, #1790, .T. ) ;
#361 = DIRECTION ( 'NONE',  ( -0.000000000000000000, 1.000000000000000000, -0.000000000000000000 ) ) ;
#362 = APPROVAL_STATUS ( 'not_yet_approved' ) ;
#363 = AXIS2_PLACEMENT_3D ( 'NONE', #1540, #821, #968 ) ;
#364 = ORIENTED_EDGE ( 'NONE', *, *, #106, .F. ) ;
#365 = EDGE_LOOP ( 'NONE', ( #1819, #1456, #804, #1035 ) ) ;
#366 = FACE_OUTER_BOUND ( 'NONE', #463, .T. ) ;
#367 = CYLINDRICAL_SURFACE ( 'NONE', #180, 2.750000000000002665 ) ;
#368 = DIRECTION ( 'NONE',  ( 0.000000000000000000, 0.000000000000000000, 1.000000000000000000 ) ) ;
#369 = VECTOR ( 'NONE', #787, 1000.000000000000000 ) ;
#370 = ORIENTED_EDGE ( 'NONE', *, *, #987, .F. ) ;
#371 = CARTESIAN_POINT ( 'NONE',  ( 13.78931026067711230, 46.14894080613500194, 2.419914418993501570 ) ) ;
#372 = ORIENTED_EDGE ( 'NONE', *, *, #298, .T. ) ;
#373 = EDGE_CURVE ( 'NONE', #1378, #1395, #1393, .T. ) ;
#374 = CARTESIAN_POINT ( 'NONE',  ( 17.99999999999999645, 42.99999999999999289, 0.3305694865184735098 ) ) ;
#375 = CARTESIAN_POINT ( 'NONE',  ( -13.81874533078624090, 44.39068909923127393, -2.246405453634747307 ) ) ;
#376 = CARTESIAN_POINT ( 'NONE',  ( -21.00000000000000355, 45.50000000000000000, 2.500000000000000000 ) ) ;
#377 = CARTESIAN_POINT ( 'NONE',  ( -55.00000000000000000, 5.000000000000004441, -45.00000000000000000 ) ) ;
#378 = EDGE_LOOP ( 'NONE', ( #1262, #1221 ) ) ;
#379 = CIRCLE ( 'NONE', #1545, 9.000000000000000000 ) ;
#380 = CARTESIAN_POINT ( 'NONE',  ( 55.00000000000000000, 71.00000000000001421, 47.75000000000000000 ) ) ;
#381 = CARTESIAN_POINT ( 'NONE',  ( 13.77798356852417960, 45.17055491777410481, 2.483591926913044645 ) ) ;
#382 = EDGE_CURVE ( 'NONE', #656, #1119, #1131, .T. ) ;
#383 = VERTEX_POINT ( 'NONE', #1663 ) ;
#384 = DIRECTION ( 'NONE',  ( 0.000000000000000000, 0.000000000000000000, -1.000000000000000000 ) ) ;
#385 = AXIS2_PLACEMENT_3D ( 'NONE', #290, #1302, #152 ) ;
#386 = CARTESIAN_POINT ( 'NONE',  ( 13.98589367505816838, 47.91996008306124821, 0.6483990563917449990 ) ) ;
#387 = EDGE_LOOP ( 'NONE', ( #138, #1151, #1114, #364 ) ) ;
#388 = ORIENTED_EDGE ( 'NONE', *, *, #1799, .T. ) ;
#389 = CARTESIAN_POINT ( 'NONE',  ( 17.96640450971582936, 43.25376489295892668, -1.109633881796984634 ) ) ;
#390 = FACE_OUTER_BOUND ( 'NONE', #1180, .T. ) ;
#391 = EDGE_CURVE ( 'NONE', #323, #213, #1808, .T. ) ;
#392 = DIRECTION ( 'NONE',  ( 1.000000000000000000, 0.000000000000000000, 0.000000000000000000 ) ) ;
#393 = EDGE_CURVE ( 'NONE', #1015, #743, #1098, .T. ) ;
#394 = DIRECTION ( 'NONE',  ( -1.000000000000000000, -0.000000000000000000, -0.000000000000000000 ) ) ;
#395 = ORIENTED_EDGE ( 'NONE', *, *, #669, .F. ) ;
#396 = FACE_OUTER_BOUND ( 'NONE', #1796, .T. ) ;
#397 = CARTESIAN_POINT ( 'NONE',  ( 55.00000000000000000, 0.000000000000000000, -47.75000000000000000 ) ) ;
#398 = ORIENTED_EDGE ( 'NONE', *, *, #1832, .F. ) ;
#399 = CARTESIAN_POINT ( 'NONE',  ( -70.00000000000000000, 5.000000000000000000, -60.00000000000000000 ) ) ;
#400 = CYLINDRICAL_SURFACE ( 'NONE', #1097, 2.750000000000002665 ) ;
#401 = APPLICATION_CONTEXT ( 'configuration controlled 3d designs of mechanical parts and assemblies' ) ;
#402 = DIRECTION ( 'NONE',  ( -1.000000000000000000, 0.000000000000000000, -0.000000000000000000 ) ) ;
#403 = DIRECTION ( 'NONE',  ( 0.000000000000000000, 1.000000000000000000, 0.000000000000000000 ) ) ;
#404 = EDGE_LOOP ( 'NONE', ( #605, #690 ) ) ;
#405 = CYLINDRICAL_SURFACE ( 'NONE', #466, 2.500000000000000000 ) ;
#406 = CARTESIAN_POINT ( 'NONE',  ( -21.00000000000000355, 28.00000000000000000, -12.00000000000000000 ) ) ;
#407 = EDGE_CURVE ( 'NONE', #1317, #608, #1186, .T. ) ;
#408 = ORGANIZATION ( 'UNSPECIFIED', 'UNSPECIFIED', '' ) ;
#409 = DIRECTION ( 'NONE',  ( 0.000000000000000000, 0.000000000000000000, -1.000000000000000000 ) ) ;
#410 = B_SPLINE_CURVE_WITH_KNOTS ( 'NONE', 3,
 ( #1775, #481, #1055, #345, #531, #389, #537, #1115, #830, #1696, #231, #105, #1406, #252, #1100, #806, #264, #522 ),
 .UNSPECIFIED., .F., .F.,
 ( 4, 2, 2, 2, 2, 2, 2, 2, 4 ),
 ( 0.000000000000000000, 0.0004892157782246985345, 0.0009784315564493970691, 0.001467647334674095820, 0.001956863112898795005, 0.002446078891123494407, 0.002935294669348193376, 0.003424510447572893211, 0.003913726225797592613 ),
 .UNSPECIFIED. ) ;
#411 = DIRECTION ( 'NONE',  ( 0.000000000000000000, 0.000000000000000000, 1.000000000000000000 ) ) ;
#412 = ORIENTED_EDGE ( 'NONE', *, *, #1366, .F. ) ;
#413 = CARTESIAN_POINT ( 'NONE',  ( 0.000000000000000000, 48.00000000000000000, 0.000000000000000000 ) ) ;
#414 = DIRECTION ( 'NONE',  ( -0.000000000000000000, -1.000000000000000000, -0.000000000000000000 ) ) ;
#415 = AXIS2_PLACEMENT_3D ( 'NONE', #1721, #327, #857 ) ;
#416 = CARTESIAN_POINT ( 'NONE',  ( -21.00000000000000000, 43.00000000000000000, 20.00000000000000000 ) ) ;
#417 = LINE ( 'NONE', #699, #731 ) ;
#418 = AXIS2_PLACEMENT_3D ( 'NONE', #1751, #461, #1447 ) ;
#419 = EDGE_CURVE ( 'NONE', #1857, #585, #727, .T. ) ;
#420 = EDGE_LOOP ( 'NONE', ( #1280, #1433 ) ) ;
#421 = DIRECTION ( 'NONE',  ( 0.000000000000000000, 1.000000000000000000, 0.000000000000000000 ) ) ;
#422 = LINE ( 'NONE', #1425, #114 ) ;
#423 = CARTESIAN_POINT ( 'NONE',  ( 1.359357947053562156E-15, 63.00000000000000000, 11.09999999999999964 ) ) ;
#424 = CARTESIAN_POINT ( 'NONE',  ( 13.94442946583930976, 47.66914019974299066, 1.253597910690023021 ) ) ;
#425 = EDGE_LOOP ( 'NONE', ( #816, #1325 ) ) ;
#426 = CARTESIAN_POINT ( 'NONE',  ( -18.00000752133727744, 48.00005415363134631, 0.1624247606254131115 ) ) ;
#427 = DIRECTION ( 'NONE',  ( 0.000000000000000000, 1.000000000000000000, 0.000000000000000000 ) ) ;
#428 = EDGE_LOOP ( 'NONE', ( #903, #1492, #192, #954 ) ) ;
#429 = CARTESIAN_POINT ( 'NONE',  ( -17.98904538928249508, 43.07992796938150803, 0.6479563170242116366 ) ) ;
#430 = AXIS2_PLACEMENT_3D ( 'NONE', #610, #296, #1767 ) ;
#431 = CARTESIAN_POINT ( 'NONE',  ( -13.98783146230096897, 43.06595288685917211, 0.6569319199328317316 ) ) ;
#432 = CARTESIAN_POINT ( 'NONE',  ( 70.00000000000000000, 28.00000000000000000, 10.40000000000000036 ) ) ;
#433 = VECTOR ( 'NONE', #458, 1000.000000000000000 ) ;
#434 = CARTESIAN_POINT ( 'NONE',  ( 55.00000000000000000, 71.00000000000001421, -45.00000000000000000 ) ) ;
#435 = AXIS2_PLACEMENT_3D ( 'NONE', #334, #756, #1195 ) ;
#436 = ORIENTED_EDGE ( 'NONE', *, *, #1275, .T. ) ;
#437 = CARTESIAN_POINT ( 'NONE',  ( -21.00000000000000355, 45.50000000000000000, 0.000000000000000000 ) ) ;
#438 = VECTOR ( 'NONE', #321, 1000.000000000000000 ) ;
#439 = CARTESIAN_POINT ( 'NONE',  ( 13.77497731395590996, 45.50000000000000000, -2.500000000000000000 ) ) ;
#440 = VERTEX_POINT ( 'NONE', #126 ) ;
#441 = FACE_OUTER_BOUND ( 'NONE', #453, .T. ) ;
#442 = CARTESIAN_POINT ( 'NONE',  ( -14.00000803193819543, 42.99995502114443724, -0.1626338026142598314 ) ) ;
#443 = ORIENTED_EDGE ( 'NONE', *, *, #1546, .T. ) ;
#444 = DIRECTION ( 'NONE',  ( 0.000000000000000000, 1.000000000000000000, 0.000000000000000000 ) ) ;
#445 = CARTESIAN_POINT ( 'NONE',  ( 17.93583229304925197, 47.48800209809662931, -1.524579836149103418 ) ) ;
#446 = EDGE_CURVE ( 'NONE', #1587, #319, #1078, .T. ) ;
#447 = VERTEX_POINT ( 'NONE', #1274 ) ;
#448 = CARTESIAN_POINT ( 'NONE',  ( -17.86900955185623374, 46.75291715197509745, -2.169521268002990055 ) ) ;
#449 = DIRECTION ( 'NONE',  ( 0.000000000000000000, -0.000000000000000000, 1.000000000000000000 ) ) ;
#450 = VERTEX_POINT ( 'NONE', #527 ) ;
#451 = CARTESIAN_POINT ( 'NONE',  ( -14.00000000000000000, 47.99999999999999289, -0.1655787080512195752 ) ) ;
#452 = CARTESIAN_POINT ( 'NONE',  ( -13.94639441313972839, 47.68337093358498890, 1.260481678321060395 ) ) ;
#453 = EDGE_LOOP ( 'NONE', ( #372, #1287, #153, #10 ) ) ;
#454 = DIRECTION ( 'NONE',  ( -1.000000000000000000, 0.000000000000000000, 0.000000000000000000 ) ) ;
#455 = DIRECTION ( 'NONE',  ( -0.000000000000000000, 1.000000000000000000, -0.000000000000000000 ) ) ;
#456 = EDGE_CURVE ( 'NONE', #303, #1705, #118, .T. ) ;
#457 = ORIENTED_EDGE ( 'NONE', *, *, #752, .F. ) ;
#458 = DIRECTION ( 'NONE',  ( -0.000000000000000000, -0.000000000000000000, -1.000000000000000000 ) ) ;
#459 = CARTESIAN_POINT ( 'NONE',  ( -70.00000000000000000, 0.000000000000000000, -60.00000000000000000 ) ) ;
#460 = ORIENTED_EDGE ( 'NONE', *, *, #1244, .F. ) ;
#461 = DIRECTION ( 'NONE',  ( 0.000000000000000000, -1.000000000000000000, 0.000000000000000000 ) ) ;
#462 = FACE_OUTER_BOUND ( 'NONE', #19, .T. ) ;
#463 = EDGE_LOOP ( 'NONE', ( #344, #211, #566, #1550 ) ) ;
#464 = CARTESIAN_POINT ( 'NONE',  ( 0.000000000000000000, 55.00000000000000000, 0.000000000000000000 ) ) ;
#465 = CARTESIAN_POINT ( 'NONE',  ( 17.93567704608967261, 47.48663828112081120, 1.526505693382059103 ) ) ;
#466 = AXIS2_PLACEMENT_3D ( 'NONE', #817, #1402, #808 ) ;
#467 = ORIENTED_EDGE ( 'NONE', *, *, #1503, .F. ) ;
#468 = DIRECTION ( 'NONE',  ( 0.000000000000000000, 0.000000000000000000, 1.000000000000000000 ) ) ;
#469 = EDGE_CURVE ( 'NONE', #70, #1717, #284, .T. ) ;
#470 = DIRECTION ( 'NONE',  ( 0.000000000000000000, 0.000000000000000000, 1.000000000000000000 ) ) ;
#471 = VERTEX_POINT ( 'NONE', #1517 ) ;
#472 = CARTESIAN_POINT ( 'NONE',  ( -17.99772137405025418, 43.01625901639049943, 0.3280651589118496747 ) ) ;
#473 = CARTESIAN_POINT ( 'NONE',  ( -21.00000000000000355, 28.00000000000000000, 13.60000000000000142 ) ) ;
#474 = ORIENTED_EDGE ( 'NONE', *, *, #1694, .T. ) ;
#475 = CARTESIAN_POINT ( 'NONE',  ( -13.94436023423958027, 43.33131832912346226, -1.254311142033046611 ) ) ;
#476 = CARTESIAN_POINT ( 'NONE',  ( 17.95678435610459545, 47.66891141112108699, -1.253921572323314804 ) ) ;
#477 = CYLINDRICAL_SURFACE ( 'NONE', #761, 2.500000000000000000 ) ;
#478 = CARTESIAN_POINT ( 'NONE',  ( 2.204364238465235428E-15, 47.99999999999999289, 18.00000000000000000 ) ) ;
#479 = VECTOR ( 'NONE', #454, 1000.000000000000000 ) ;
#480 = EDGE_LOOP ( 'NONE', ( #1070, #593, #1711, #1523 ) ) ;
#481 = CARTESIAN_POINT ( 'NONE',  ( 18.00000000000000000, 43.00000000000000000, -0.1654351656551431571 ) ) ;
#482 = CARTESIAN_POINT ( 'NONE',  ( -17.93563451332156689, 43.50263491435628538, -1.538328473305208277 ) ) ;
#483 = CARTESIAN_POINT ( 'NONE',  ( 0.000000000000000000, 71.00000000000001421, 0.000000000000000000 ) ) ;
#484 = CARTESIAN_POINT ( 'NONE',  ( 0.000000000000000000, 0.000000000000000000, 0.000000000000000000 ) ) ;
#485 = APPROVAL_ROLE ( '' ) ;
#486 = ORIENTED_EDGE ( 'NONE', *, *, #106, .T. ) ;
#487 = DIRECTION ( 'NONE',  ( 1.000000000000000000, -0.000000000000000000, -0.000000000000000000 ) ) ;
#488 = CARTESIAN_POINT ( 'NONE',  ( -18.00000000000000000, 43.00000000000000000, 0.000000000000000000 ) ) ;
#489 = FACE_OUTER_BOUND ( 'NONE', #1344, .T. ) ;
#490 = EDGE_CURVE ( 'NONE', #779, #121, #221, .T. ) ;
#491 = FACE_BOUND ( 'NONE', #1750, .T. ) ;
#492 = VECTOR ( 'NONE', #1268, 1000.000000000000000 ) ;
#493 = DATE_TIME_ROLE ( 'creation_date' ) ;
#494 = ORIENTED_EDGE ( 'NONE', *, *, #1556, .T. ) ;
#495 = ORIENTED_EDGE ( 'NONE', *, *, #708, .T. ) ;
#496 = CARTESIAN_POINT ( 'NONE',  ( 70.00000000000000000, 28.00000000000000000, 13.60000000000000142 ) ) ;
#497 = CARTESIAN_POINT ( 'NONE',  ( -13.77497731395590996, 45.50000000000000000, -2.500000000000000000 ) ) ;
#498 = DIRECTION ( 'NONE',  ( -1.000000000000000000, 0.000000000000000000, 0.000000000000000000 ) ) ;
#499 = AXIS2_PLACEMENT_3D ( 'NONE', #1278, #1770, #182 ) ;
#500 = EDGE_CURVE ( 'NONE', #471, #1494, #933, .T. ) ;
#501 = ORIENTED_EDGE ( 'NONE', *, *, #237, .T. ) ;
#502 = CARTESIAN_POINT ( 'NONE',  ( -35.00000000000000000, 28.00000000000000000, 12.00000000000000000 ) ) ;
#503 = VERTEX_POINT ( 'NONE', #642 ) ;
#504 = VERTEX_POINT ( 'NONE', #1225 ) ;
#505 = CARTESIAN_POINT ( 'NONE',  ( 0.000000000000000000, 71.00000000000001421, -18.00000000000000000 ) ) ;
#506 = FACE_OUTER_BOUND ( 'NONE', #1601, .T. ) ;
#507 = CARTESIAN_POINT ( 'NONE',  ( 1.359357947053562156E-15, 55.00000000000000000, 11.09999999999999964 ) ) ;
#508 = AXIS2_PLACEMENT_3D ( 'NONE', #98, #985, #1415 ) ;
#509 = CARTESIAN_POINT ( 'NONE',  ( 13.97752112628061560, 47.87169525564409156, 0.8074127469523704193 ) ) ;
#510 = PERSON_AND_ORGANIZATION ( #1081, #408 ) ;
#511 = DIRECTION ( 'NONE',  ( 0.000000000000000000, -1.000000000000000000, 0.000000000000000000 ) ) ;
#512 = CARTESIAN_POINT ( 'NONE',  ( 13.85854094322176522, 43.97446706184423704, 1.987262366664162228 ) ) ;
#513 = ORIENTED_EDGE ( 'NONE', *, *, #1169, .T. ) ;
#514 = FACE_OUTER_BOUND ( 'NONE', #524, .T. ) ;
#515 = CARTESIAN_POINT ( 'NONE',  ( -21.00000000000000000, 5.000000000000000000, -20.00000000000000000 ) ) ;
#516 = VECTOR ( 'NONE', #4, 1000.000000000000000 ) ;
#517 = EDGE_LOOP ( 'NONE', ( #1340, #873 ) ) ;
#518 = EDGE_CURVE ( 'NONE', #1583, #1053, #1088, .T. ) ;
#519 = VECTOR ( 'NONE', #342, 1000.000000000000000 ) ;
#520 = CARTESIAN_POINT ( 'NONE',  ( -55.00000000000000000, 5.000000000000004441, 42.24999999999999289 ) ) ;
#521 = CIRCLE ( 'NONE', #1572, 1.600000000000000755 ) ;
#522 = CARTESIAN_POINT ( 'NONE',  ( 17.82554346997588368, 45.50000000000000000, -2.500000000000000000 ) ) ;
#523 = EDGE_CURVE ( 'NONE', #1328, #319, #611, .T. ) ;
#524 = EDGE_LOOP ( 'NONE', ( #869, #1437, #1477, #1820, #159 ) ) ;
#525 = DIRECTION ( 'NONE',  ( -0.000000000000000000, -1.000000000000000000, -0.000000000000000000 ) ) ;
#526 = FACE_OUTER_BOUND ( 'NONE', #894, .T. ) ;
#527 = CARTESIAN_POINT ( 'NONE',  ( -18.00000000000000000, 43.00000000000000000, 0.000000000000000000 ) ) ;
#528 = ORIENTED_EDGE ( 'NONE', *, *, #500, .T. ) ;
#529 = FACE_OUTER_BOUND ( 'NONE', #186, .T. ) ;
#530 = VECTOR ( 'NONE', #1810, 1000.000000000000000 ) ;
#531 = CARTESIAN_POINT ( 'NONE',  ( 17.98254443702504801, 43.12812614607209838, -0.8068915223181163388 ) ) ;
#532 = ORIENTED_EDGE ( 'NONE', *, *, #1441, .T. ) ;
#533 = PLANE ( 'NONE',  #508 ) ;
#534 = DIRECTION ( 'NONE',  ( -1.000000000000000000, 0.000000000000000000, 0.000000000000000000 ) ) ;
#535 = PERSON_AND_ORGANIZATION ( #1081, #408 ) ;
#536 = VERTEX_POINT ( 'NONE', #728 ) ;
#537 = CARTESIAN_POINT ( 'NONE',  ( 17.95683955212295757, 43.33061866375236093, -1.253185796717250833 ) ) ;
#538 = VERTEX_POINT ( 'NONE', #1048 ) ;
#539 = LINE ( 'NONE', #266, #341 ) ;
#540 = DIRECTION ( 'NONE',  ( 0.000000000000000000, 0.000000000000000000, -1.000000000000000000 ) ) ;
#541 = EDGE_CURVE ( 'NONE', #743, #741, #17, .T. ) ;
#542 = VECTOR ( 'NONE', #639, 1000.000000000000000 ) ;
#543 = CARTESIAN_POINT ( 'NONE',  ( 70.00000000000000000, 45.50000000000000000, 2.500000000000000000 ) ) ;
#544 = FACE_BOUND ( 'NONE', #272, .T. ) ;
#545 = ORIENTED_EDGE ( 'NONE', *, *, #1001, .T. ) ;
#546 = CARTESIAN_POINT ( 'NONE',  ( 13.94639441313972839, 47.68337093358498890, -1.260481678321060395 ) ) ;
#547 = CIRCLE ( 'NONE', #1247, 11.09999999999999964 ) ;
#548 = ADVANCED_FACE ( 'NONE', ( #1024 ), #858, .F. ) ;
#549 = DIRECTION ( 'NONE',  ( 0.000000000000000000, 0.000000000000000000, -1.000000000000000000 ) ) ;
#550 = CARTESIAN_POINT ( 'NONE',  ( 13.79775975882213501, 44.69312542878678585, -2.371897282461258527 ) ) ;
#551 = ORIENTED_EDGE ( 'NONE', *, *, #1735, .F. ) ;
#552 = CLOSED_SHELL ( 'NONE', ( #772, #93, #802, #29, #1834, #1398, #1058, #910, #1203, #1850, #695, #735, #1224, #311, #569, #1407, #711, #964, #1257, #151, #818, #1113, #1513, #1429, #248, #1265, #1054, #33, #52, #85, #286, #722, #781, #848, #810, #1647, #548, #833, #1781, #165, #1383, #588, #1143, #763, #1480, #663, #270 ) ) ;
#553 = DIRECTION ( 'NONE',  ( -1.000000000000000000, 0.000000000000000000, 0.000000000000000000 ) ) ;
#554 = DIRECTION ( 'NONE',  ( -0.000000000000000000, 1.000000000000000000, -0.000000000000000000 ) ) ;
#555 = DIRECTION ( 'NONE',  ( 0.000000000000000000, 0.000000000000000000, -1.000000000000000000 ) ) ;
#556 = VERTEX_POINT ( 'NONE', #1627 ) ;
#557 = CARTESIAN_POINT ( 'NONE',  ( -17.96652888453468577, 47.74722497350209949, 1.107611499954533230 ) ) ;
#558 = EDGE_CURVE ( 'NONE', #504, #1314, #1095, .T. ) ;
#559 = DIRECTION ( 'NONE',  ( 0.000000000000000000, 1.000000000000000000, 0.000000000000000000 ) ) ;
#560 = AXIS2_PLACEMENT_3D ( 'NONE', #1122, #421, #1271 ) ;
#561 = EDGE_LOOP ( 'NONE', ( #513, #681, #333, #1197 ) ) ;
#562 = CARTESIAN_POINT ( 'NONE',  ( -17.85927503360028368, 44.39262806531695560, 2.247275151789792424 ) ) ;
#563 = DIRECTION ( 'NONE',  ( 0.000000000000000000, 0.000000000000000000, 1.000000000000000000 ) ) ;
#564 = DIRECTION ( 'NONE',  ( -0.000000000000000000, -1.000000000000000000, -0.000000000000000000 ) ) ;
#565 = CARTESIAN_POINT ( 'NONE',  ( 17.82554346997588723, 45.66527124027757623, 2.499999999999999556 ) ) ;
#566 = ORIENTED_EDGE ( 'NONE', *, *, #1678, .F. ) ;
#567 = CARTESIAN_POINT ( 'NONE',  ( -17.82554346997588723, 45.66527124027757623, -2.499999999999999556 ) ) ;
#568 = FACE_OUTER_BOUND ( 'NONE', #31, .T. ) ;
#569 = ADVANCED_FACE ( 'NONE', ( #328 ), #339, .F. ) ;
#570 = ORIENTED_EDGE ( 'NONE', *, *, #558, .T. ) ;
#571 = DIRECTION ( 'NONE',  ( -1.000000000000000000, -0.000000000000000000, -0.000000000000000000 ) ) ;
#572 = AXIS2_PLACEMENT_3D ( 'NONE', #225, #789, #384 ) ;
#573 = CARTESIAN_POINT ( 'NONE',  ( -13.95687421211570012, 43.25319630238126933, 1.108336306574287500 ) ) ;
#574 = EDGE_CURVE ( 'NONE', #243, #1423, #694, .T. ) ;
#575 = FACE_OUTER_BOUND ( 'NONE', #1230, .T. ) ;
#576 = AXIS2_PLACEMENT_3D ( 'NONE', #484, #1051, #193 ) ;
#577 = FACE_OUTER_BOUND ( 'NONE', #849, .T. ) ;
#578 = ORIENTED_EDGE ( 'NONE', *, *, #1320, .F. ) ;
#579 = CARTESIAN_POINT ( 'NONE',  ( -17.86914326116178131, 46.75478022446629467, 2.168414376996213644 ) ) ;
#580 = AXIS2_PLACEMENT_3D ( 'NONE', #1061, #1629, #1657 ) ;
#581 = CARTESIAN_POINT ( 'NONE',  ( 13.94436023423958027, 43.33131832912346226, 1.254311142033046611 ) ) ;
#582 = ORIENTED_EDGE ( 'NONE', *, *, #1580, .F. ) ;
#583 = LINE ( 'NONE', #36, #649 ) ;
#584 = CARTESIAN_POINT ( 'NONE',  ( -13.85837772356353348, 47.02411485665101765, 1.988413912464115585 ) ) ;
#585 = VERTEX_POINT ( 'NONE', #1722 ) ;
#586 = DIRECTION ( 'NONE',  ( 0.000000000000000000, 1.000000000000000000, 0.000000000000000000 ) ) ;
#587 = DIRECTION ( 'NONE',  ( 0.000000000000000000, 0.000000000000000000, -1.000000000000000000 ) ) ;
#588 = ADVANCED_FACE ( 'NONE', ( #577 ), #1593, .F. ) ;
#589 = AXIS2_PLACEMENT_3D ( 'NONE', #437, #861, #1596 ) ;
#590 = ORIENTED_EDGE ( 'NONE', *, *, #407, .F. ) ;
#591 = CARTESIAN_POINT ( 'NONE',  ( -17.95681517766534441, 47.66920074756094294, -1.253602572079147714 ) ) ;
#592 = CARTESIAN_POINT ( 'NONE',  ( 0.000000000000000000, 43.00000000000000000, 0.000000000000000000 ) ) ;
#593 = ORIENTED_EDGE ( 'NONE', *, *, #913, .T. ) ;
#594 = CARTESIAN_POINT ( 'NONE',  ( -17.93581288030971876, 43.51215886981470504, 1.524853325502845802 ) ) ;
#595 = CARTESIAN_POINT ( 'NONE',  ( -13.77797233866373006, 45.17128988076258622, 2.483651627540242490 ) ) ;
#596 = AXIS2_PLACEMENT_3D ( 'NONE', #413, #1706, #977 ) ;
#597 = CIRCLE ( 'NONE', #748, 11.09999999999999964 ) ;
#598 = ORIENTED_EDGE ( 'NONE', *, *, #1785, .F. ) ;
#599 = DIRECTION ( 'NONE',  ( -1.000000000000000000, 0.000000000000000000, 0.000000000000000000 ) ) ;
#600 = CARTESIAN_POINT ( 'NONE',  ( 17.82554346997588368, 45.50000000000000000, -2.500000000000000000 ) ) ;
#601 = EDGE_CURVE ( 'NONE', #1519, #1267, #1484, .T. ) ;
#602 = DIRECTION ( 'NONE',  ( 0.000000000000000000, 0.000000000000000000, -1.000000000000000000 ) ) ;
#603 = APPLICATION_PROTOCOL_DEFINITION ( 'international standard', 'config_control_design', 1994, #169 ) ;
#604 = ORIENTED_EDGE ( 'NONE', *, *, #373, .T. ) ;
#605 = ORIENTED_EDGE ( 'NONE', *, *, #419, .T. ) ;
#606 = CARTESIAN_POINT ( 'NONE',  ( -21.00000000000000000, 39.00000000000000000, 20.00000000000000000 ) ) ;
#607 = CARTESIAN_POINT ( 'NONE',  ( 70.00000000000000000, 45.50000000000000000, 0.000000000000000000 ) ) ;
#608 = VERTEX_POINT ( 'NONE', #158 ) ;
#609 = CYLINDRICAL_SURFACE ( 'NONE', #1701, 11.09999999999999964 ) ;
#610 = CARTESIAN_POINT ( 'NONE',  ( 0.000000000000000000, 68.00000000000000000, 0.000000000000000000 ) ) ;
#611 = CIRCLE ( 'NONE', #1266, 11.09999999999999964 ) ;
#612 = FACE_OUTER_BOUND ( 'NONE', #1727, .T. ) ;
#613 = EDGE_CURVE ( 'NONE', #1762, #1731, #631, .T. ) ;
#614 = EDGE_LOOP ( 'NONE', ( #1557, #765 ) ) ;
#615 = CARTESIAN_POINT ( 'NONE',  ( -21.00000000000000000, 43.00000000000000000, -20.00000000000000000 ) ) ;
#616 = CARTESIAN_POINT ( 'NONE',  ( -21.00000000000000000, 5.000000000000000000, 20.00000000000000000 ) ) ;
#617 = PRODUCT_DEFINITION_FORMATION_WITH_SPECIFIED_SOURCE ( 'ANY', '', #148, .NOT_KNOWN. ) ;
#618 = ORIENTED_EDGE ( 'NONE', *, *, #1248, .T. ) ;
#619 = DIRECTION ( 'NONE',  ( 0.000000000000000000, 0.000000000000000000, -1.000000000000000000 ) ) ;
#620 = DIRECTION ( 'NONE',  ( 0.000000000000000000, 0.000000000000000000, -1.000000000000000000 ) ) ;
#621 = LINE ( 'NONE', #209, #1759 ) ;
#622 = EDGE_LOOP ( 'NONE', ( #1376, #1485, #778, #145, #683, #1862, #1610, #1502 ) ) ;
#623 = LINE ( 'NONE', #1622, #1638 ) ;
#624 = CARTESIAN_POINT ( 'NONE',  ( -35.00000000000000000, 45.50000000000000000, -2.500000000000000000 ) ) ;
#625 = CARTESIAN_POINT ( 'NONE',  ( -35.00000000000000000, 43.00000000000000000, 20.00000000000000000 ) ) ;
#626 = ORIENTED_EDGE ( 'NONE', *, *, #1076, .T. ) ;
#627 = CYLINDRICAL_SURFACE ( 'NONE', #911, 14.00000000000000000 ) ;
#628 = DATE_AND_TIME ( #1649, #696 ) ;
#629 = ORIENTED_EDGE ( 'NONE', *, *, #1582, .F. ) ;
#630 = CARTESIAN_POINT ( 'NONE',  ( -17.82554346997589079, 45.33483580062035401, -2.500000000000000444 ) ) ;
#631 = LINE ( 'NONE', #760, #542 ) ;
#632 = EDGE_CURVE ( 'NONE', #697, #447, #1512, .T. ) ;
#633 = ORIENTED_EDGE ( 'NONE', *, *, #1503, .T. ) ;
#634 = CARTESIAN_POINT ( 'NONE',  ( 0.000000000000000000, 47.99999999999999289, -18.00000000000000000 ) ) ;
#635 = ORIENTED_EDGE ( 'NONE', *, *, #1441, .F. ) ;
#636 = EDGE_LOOP ( 'NONE', ( #1046, #171 ) ) ;
#637 = CARTESIAN_POINT ( 'NONE',  ( 17.99045018133112706, 43.06655860302443273, 0.6589780194818473102 ) ) ;
#638 = DIRECTION ( 'NONE',  ( 0.000000000000000000, 0.000000000000000000, -1.000000000000000000 ) ) ;
#639 = DIRECTION ( 'NONE',  ( 0.000000000000000000, -1.000000000000000000, 0.000000000000000000 ) ) ;
#640 = CIRCLE ( 'NONE', #1616, 18.00000000000000000 ) ;
#641 = ORIENTED_EDGE ( 'NONE', *, *, #1466, .T. ) ;
#642 = CARTESIAN_POINT ( 'NONE',  ( 0.000000000000000000, 39.00000000000000000, -14.00000000000000000 ) ) ;
#643 = ORIENTED_EDGE ( 'NONE', *, *, #1811, .F. ) ;
#644 = CARTESIAN_POINT ( 'NONE',  ( 1.102182119232617714E-15, 63.00000000000000000, 9.000000000000000000 ) ) ;
#645 = CARTESIAN_POINT ( 'NONE',  ( 13.83138765313392682, 44.24485933787888570, 2.168198417499643593 ) ) ;
#646 = CARTESIAN_POINT ( 'NONE',  ( -13.83138765313392682, 44.24485933787888570, -2.168198417499643593 ) ) ;
#647 = DIRECTION ( 'NONE',  ( 0.000000000000000000, -1.000000000000000000, 0.000000000000000000 ) ) ;
#648 = EDGE_CURVE ( 'NONE', #44, #383, #1662, .T. ) ;
#649 = VECTOR ( 'NONE', #1185, 1000.000000000000000 ) ;
#650 = DIRECTION ( 'NONE',  ( 0.000000000000000000, 0.000000000000000000, 1.000000000000000000 ) ) ;
#651 = EDGE_CURVE ( 'NONE', #866, #935, #1231, .T. ) ;
#652 = SECURITY_CLASSIFICATION_LEVEL ( 'unclassified' ) ;
#653 = ORIENTED_EDGE ( 'NONE', *, *, #574, .F. ) ;
#654 = CARTESIAN_POINT ( 'NONE',  ( -70.00000000000000000, 0.000000000000000000, 60.00000000000000000 ) ) ;
#655 = PLANE ( 'NONE',  #359 ) ;
#656 = VERTEX_POINT ( 'NONE', #1498 ) ;
#657 = DIRECTION ( 'NONE',  ( 0.000000000000000000, 0.000000000000000000, -1.000000000000000000 ) ) ;
#658 = CYLINDRICAL_SURFACE ( 'NONE', #100, 2.750000000000002665 ) ;
#659 = CARTESIAN_POINT ( 'NONE',  ( -55.00000000000000000, 0.000000000000000000, 45.00000000000000000 ) ) ;
#660 = AXIS2_PLACEMENT_3D ( 'NONE', #1157, #455, #1733 ) ;
#661 = VECTOR ( 'NONE', #1618, 1000.000000000000000 ) ;
#662 = CARTESIAN_POINT ( 'NONE',  ( -55.00000000000000000, 5.000000000000004441, -42.24999999999999289 ) ) ;
#663 = ADVANCED_FACE ( 'NONE', ( #514 ), #1807, .F. ) ;
#664 = CIRCLE ( 'NONE', #912, 2.750000000000002665 ) ;
#665 = ADVANCED_BREP_SHAPE_REPRESENTATION ( 'ARM-001_Base_pedestal', ( #76, #973 ), #1792 ) ;
#666 = CARTESIAN_POINT ( 'NONE',  ( -35.00000000000000000, 28.00000000000000000, -13.60000000000000142 ) ) ;
#667 = ORIENTED_EDGE ( 'NONE', *, *, #648, .F. ) ;
#668 = DIRECTION ( 'NONE',  ( 0.000000000000000000, 0.000000000000000000, 1.000000000000000000 ) ) ;
#669 = EDGE_CURVE ( 'NONE', #1401, #1793, #1343, .T. ) ;
#670 = CARTESIAN_POINT ( 'NONE',  ( 13.91711597651178245, 47.49703099514800897, -1.538677995299831958 ) ) ;
#671 = LOCAL_TIME ( 22, 39, 37.00000000000000000, #926 ) ;
#672 = B_SPLINE_CURVE_WITH_KNOTS ( 'NONE', 3,
 ( #1165, #1033, #1176, #725, #1859, #13, #1305, #584, #1752, #1567, #452, #1021, #315, #325, #37, #885 ),
 .UNSPECIFIED., .F., .F.,
 ( 4, 2, 2, 2, 2, 2, 2, 4 ),
 ( 0.01174820957784264951, 0.01223740096240752591, 0.01272659234697240405, 0.01321578373153728045, 0.01370497511610215685, 0.01468335788523189578, 0.01517254926979676524, 0.01566174065436163471 ),
 .UNSPECIFIED. ) ;
#673 = ORIENTED_EDGE ( 'NONE', *, *, #1772, .T. ) ;
#674 = LINE ( 'NONE', #1099, #702 ) ;
#675 = DIRECTION ( 'NONE',  ( -1.000000000000000000, -0.000000000000000000, -0.000000000000000000 ) ) ;
#676 = EDGE_CURVE ( 'NONE', #208, #1583, #907, .T. ) ;
#677 = VERTEX_POINT ( 'NONE', #507 ) ;
#678 = FACE_BOUND ( 'NONE', #1019, .T. ) ;
#679 = DIRECTION ( 'NONE',  ( 0.000000000000000000, 0.000000000000000000, -1.000000000000000000 ) ) ;
#680 = AXIS2_PLACEMENT_3D ( 'NONE', #920, #906, #638 ) ;
#681 = ORIENTED_EDGE ( 'NONE', *, *, #1014, .T. ) ;
#682 = CARTESIAN_POINT ( 'NONE',  ( 1.359357947053562156E-15, 71.00000000000001421, 11.09999999999999964 ) ) ;
#683 = ORIENTED_EDGE ( 'NONE', *, *, #1091, .T. ) ;
#684 = FACE_OUTER_BOUND ( 'NONE', #47, .T. ) ;
#685 = CARTESIAN_POINT ( 'NONE',  ( 13.98576417158134610, 47.91921646030910864, -0.6515105133777131519 ) ) ;
#686 = EDGE_CURVE ( 'NONE', #1022, #1762, #253, .T. ) ;
#687 = CIRCLE ( 'NONE', #1756, 18.00000000000000000 ) ;
#688 = CARTESIAN_POINT ( 'NONE',  ( 1.359357947053562156E-15, 71.00000000000001421, 11.09999999999999964 ) ) ;
#689 = CARTESIAN_POINT ( 'NONE',  ( 13.97762742863162266, 43.12768395077739569, 0.8055416713485178404 ) ) ;
#690 = ORIENTED_EDGE ( 'NONE', *, *, #886, .T. ) ;
#691 = CARTESIAN_POINT ( 'NONE',  ( 0.000000000000000000, 71.00000000000001421, 0.000000000000000000 ) ) ;
#692 = PLANE ( 'NONE',  #814 ) ;
#693 = DIRECTION ( 'NONE',  ( -0.000000000000000000, -1.000000000000000000, -0.000000000000000000 ) ) ;
#694 = B_SPLINE_CURVE_WITH_KNOTS ( 'NONE', 3,
 ( #600, #1439, #1309, #1330, #1189, #318, #1744, #1460, #178, #1755, #445, #476, #1179, #901, #1319, #1471, #168, #1479, #147, #868, #188, #1168, #1013, #465, #1037, #1286, #1861, #718, #739, #751, #40, #308, #565, #1142 ),
 .UNSPECIFIED., .F., .F.,
 ( 4, 2, 2, 2, 2, 2, 2, 2, 2, 2, 2, 2, 2, 2, 2, 2, 4 ),
 ( 0.003913726225797592613, 0.004402813949662108713, 0.004891901673526624812, 0.005380989397391140912, 0.005870077121255657011, 0.006359164845120173111, 0.006848252568984689211, 0.007337340292849205310, 0.007826428016713720542, 0.008315515740578236642, 0.008804603464442752742, 0.009293691188307268841, 0.009782778912171784941, 0.01027186663603630104, 0.01076095435990081714, 0.01125004208376533324, 0.01173912980762984934 ),
 .UNSPECIFIED. ) ;
#695 = ADVANCED_FACE ( 'NONE', ( #1205 ), #49, .F. ) ;
#696 = LOCAL_TIME ( 22, 39, 37.00000000000000000, #43 ) ;
#697 = VERTEX_POINT ( 'NONE', #376 ) ;
#698 = CARTESIAN_POINT ( 'NONE',  ( -17.85935003124141573, 46.60871697142726333, 2.246691566488684177 ) ) ;
#699 = CARTESIAN_POINT ( 'NONE',  ( 18.00000000000000000, 43.00000000000000000, 20.00000000000000000 ) ) ;
#700 = VERTEX_POINT ( 'NONE', #83 ) ;
#701 = ORIENTED_EDGE ( 'NONE', *, *, #752, .T. ) ;
#702 = VECTOR ( 'NONE', #241, 1000.000000000000000 ) ;
#703 = CARTESIAN_POINT ( 'NONE',  ( -17.89022543799955756, 43.97398007380362372, 1.987031732883741242 ) ) ;
#704 = CARTESIAN_POINT ( 'NONE',  ( 55.00000000000000000, 0.000000000000000000, 47.75000000000000000 ) ) ;
#705 = FACE_OUTER_BOUND ( 'NONE', #944, .T. ) ;
#706 = DIRECTION ( 'NONE',  ( 0.000000000000000000, 0.000000000000000000, -1.000000000000000000 ) ) ;
#707 = CC_DESIGN_PERSON_AND_ORGANIZATION_ASSIGNMENT ( #535, #260, ( #103 ) ) ;
#708 = EDGE_CURVE ( 'NONE', #1793, #166, #767, .T. ) ;
#709 = ORIENTED_EDGE ( 'NONE', *, *, #1194, .T. ) ;
#710 = DIRECTION ( 'NONE',  ( 0.000000000000000000, 0.000000000000000000, -1.000000000000000000 ) ) ;
#711 = ADVANCED_FACE ( 'NONE', ( #1350 ), #1373, .F. ) ;
#712 = CARTESIAN_POINT ( 'NONE',  ( -21.00000000000000000, 5.000000000000000000, -20.00000000000000000 ) ) ;
#713 = ORIENTED_EDGE ( 'NONE', *, *, #1785, .T. ) ;
#714 = CARTESIAN_POINT ( 'NONE',  ( 70.00000000000000000, 28.00000000000000000, -13.60000000000000142 ) ) ;
#715 = DIRECTION ( 'NONE',  ( 0.000000000000000000, -1.000000000000000000, 0.000000000000000000 ) ) ;
#716 = EDGE_LOOP ( 'NONE', ( #1753, #1809, #950, #984 ) ) ;
#717 = CARTESIAN_POINT ( 'NONE',  ( 0.000000000000000000, 55.00000000000000000, 0.000000000000000000 ) ) ;
#718 = CARTESIAN_POINT ( 'NONE',  ( 17.86900955185623374, 46.75291715197509745, 2.169521268002990055 ) ) ;
#719 = ORIENTED_EDGE ( 'NONE', *, *, #1490, .T. ) ;
#720 = CARTESIAN_POINT ( 'NONE',  ( -17.90153196249008261, 47.15175337339759665, 1.883846027710762261 ) ) ;
#721 = CARTESIAN_POINT ( 'NONE',  ( -17.82554346997588368, 45.50000000000000000, -2.500000000000000000 ) ) ;
#722 = ADVANCED_FACE ( 'NONE', ( #1199 ), #1669, .F. ) ;
#723 = ORIENTED_EDGE ( 'NONE', *, *, #63, .F. ) ;
#724 = CARTESIAN_POINT ( 'NONE',  ( -14.00000000000000000, 47.99999999999999289, 0.000000000000000000 ) ) ;
#725 = CARTESIAN_POINT ( 'NONE',  ( -13.78926282553437943, 46.14756559224445454, 2.420180792385579593 ) ) ;
#726 = PLANE ( 'NONE',  #1049 ) ;
#727 = CIRCLE ( 'NONE', #839, 11.09999999999999964 ) ;
#728 = CARTESIAN_POINT ( 'NONE',  ( -13.77497731395590996, 45.50000000000000000, 2.500000000000000000 ) ) ;
#729 = ORIENTED_EDGE ( 'NONE', *, *, #1799, .F. ) ;
#730 = DIRECTION ( 'NONE',  ( 0.000000000000000000, 0.000000000000000000, -1.000000000000000000 ) ) ;
#731 = VECTOR ( 'NONE', #312, 1000.000000000000000 ) ;
#732 = CARTESIAN_POINT ( 'NONE',  ( 13.77497731395590996, 45.33485620989289799, -2.500000000000000000 ) ) ;
#733 = EDGE_LOOP ( 'NONE', ( #474, #1193 ) ) ;
#734 = CARTESIAN_POINT ( 'NONE',  ( -13.91734479706896366, 47.48759711181013188, -1.525167088863220943 ) ) ;
#735 = ADVANCED_FACE ( 'NONE', ( #489 ), #1064, .F. ) ;
#736 = CARTESIAN_POINT ( 'NONE',  ( 0.000000000000000000, 71.00000000000001421, 0.000000000000000000 ) ) ;
#737 = ORIENTED_EDGE ( 'NONE', *, *, #1772, .F. ) ;
#738 = LINE ( 'NONE', #1318, #1470 ) ;
#739 = CARTESIAN_POINT ( 'NONE',  ( 17.85939416148994141, 46.60942670019077383, 2.246342225755463939 ) ) ;
#740 = APPROVAL ( #362, 'UNSPECIFIED' ) ;
#741 = VERTEX_POINT ( 'NONE', #1357 ) ;
#742 = CARTESIAN_POINT ( 'NONE',  ( 0.000000000000000000, 63.00000000000000000, 0.000000000000000000 ) ) ;
#743 = VERTEX_POINT ( 'NONE', #1645 ) ;
#744 = VERTEX_POINT ( 'NONE', #775 ) ;
#745 = DIRECTION ( 'NONE',  ( -0.000000000000000000, -1.000000000000000000, -0.000000000000000000 ) ) ;
#746 = CYLINDRICAL_SURFACE ( 'NONE', #1172, 2.500000000000000000 ) ;
#747 = AXIS2_PLACEMENT_3D ( 'NONE', #832, #1239, #971 ) ;
#748 = AXIS2_PLACEMENT_3D ( 'NONE', #736, #1448, #563 ) ;
#749 = ORIENTED_EDGE ( 'NONE', *, *, #12, .F. ) ;
#750 = DIRECTION ( 'NONE',  ( 0.000000000000000000, 0.000000000000000000, -1.000000000000000000 ) ) ;
#751 = CARTESIAN_POINT ( 'NONE',  ( 17.84314020370215204, 46.30654827295534659, 2.371995126829087752 ) ) ;
#752 = EDGE_CURVE ( 'NONE', #1676, #1501, #68, .T. ) ;
#753 = LINE ( 'NONE', #634, #352 ) ;
#754 = CALENDAR_DATE ( 2026, 7, 9 ) ;
#755 = ORIENTED_EDGE ( 'NONE', *, *, #1665, .T. ) ;
#756 = DIRECTION ( 'NONE',  ( 0.000000000000000000, 1.000000000000000000, 0.000000000000000000 ) ) ;
#757 = DIRECTION ( 'NONE',  ( 0.000000000000000000, 0.000000000000000000, 1.000000000000000000 ) ) ;
#758 = ORIENTED_EDGE ( 'NONE', *, *, #886, .F. ) ;
#759 = CARTESIAN_POINT ( 'NONE',  ( -55.00000000000000000, 0.000000000000000000, -47.75000000000000000 ) ) ;
#760 = CARTESIAN_POINT ( 'NONE',  ( 55.00000000000000000, 71.00000000000001421, -47.75000000000000000 ) ) ;
#761 = AXIS2_PLACEMENT_3D ( 'NONE', #1635, #1068, #351 ) ;
#762 = VECTOR ( 'NONE', #1294, 1000.000000000000000 ) ;
#763 = ADVANCED_FACE ( 'NONE', ( #1791 ), #1524, .F. ) ;
#764 = CARTESIAN_POINT ( 'NONE',  ( 1.359357947053562156E-15, 71.00000000000001421, 11.09999999999999964 ) ) ;
#765 = ORIENTED_EDGE ( 'NONE', *, *, #924, .F. ) ;
#766 = CARTESIAN_POINT ( 'NONE',  ( -55.00000000000000000, 0.000000000000000000, 42.24999999999999289 ) ) ;
#767 = LINE ( 'NONE', #938, #1605 ) ;
#768 = CC_DESIGN_DATE_AND_TIME_ASSIGNMENT ( #1664, #1531, ( #103 ) ) ;
#769 = ORIENTED_EDGE ( 'NONE', *, *, #456, .F. ) ;
#770 = CARTESIAN_POINT ( 'NONE',  ( 18.00000000000000000, 43.00000000000000000, 20.00000000000000000 ) ) ;
#771 = ORIENTED_EDGE ( 'NONE', *, *, #347, .T. ) ;
#772 = ADVANCED_FACE ( 'NONE', ( #825 ), #405, .F. ) ;
#773 = CARTESIAN_POINT ( 'NONE',  ( 55.00000000000000000, 0.000000000000000000, -45.00000000000000000 ) ) ;
#774 = CARTESIAN_POINT ( 'NONE',  ( -13.90283010758388293, 43.61532898245693701, -1.650779391512678274 ) ) ;
#775 = CARTESIAN_POINT ( 'NONE',  ( 1.102182119232617714E-15, 55.00000000000000000, 9.000000000000000000 ) ) ;
#776 = CARTESIAN_POINT ( 'NONE',  ( -21.00000000000000000, 68.00000000000000000, 20.00000000000000000 ) ) ;
#777 = APPROVAL_DATE_TIME ( #210, #740 ) ;
#778 = ORIENTED_EDGE ( 'NONE', *, *, #456, .T. ) ;
#779 = VERTEX_POINT ( 'NONE', #1408 ) ;
#780 = CARTESIAN_POINT ( 'NONE',  ( 17.93563451332156689, 43.50263491435628538, 1.538328473305208277 ) ) ;
#781 = ADVANCED_FACE ( 'NONE', ( #1677, #390 ), #800, .T. ) ;
#782 = CARTESIAN_POINT ( 'NONE',  ( -21.00000000000000000, 5.000000000000000000, 20.00000000000000000 ) ) ;
#783 = AXIS2_PLACEMENT_3D ( 'NONE', #931, #647, #1094 ) ;
#784 = DIRECTION ( 'NONE',  ( -0.000000000000000000, -1.000000000000000000, -0.000000000000000000 ) ) ;
#785 = CALENDAR_DATE ( 2026, 7, 9 ) ;
#786 = CARTESIAN_POINT ( 'NONE',  ( 70.00000000000000000, 45.50000000000000000, 0.000000000000000000 ) ) ;
#787 = DIRECTION ( 'NONE',  ( 0.000000000000000000, 1.000000000000000000, 0.000000000000000000 ) ) ;
#788 = CARTESIAN_POINT ( 'NONE',  ( -35.00000000000000000, 45.50000000000000000, 2.500000000000000000 ) ) ;
#789 = DIRECTION ( 'NONE',  ( -0.000000000000000000, -1.000000000000000000, -0.000000000000000000 ) ) ;
#790 = EDGE_CURVE ( 'NONE', #1501, #1676, #687, .T. ) ;
#791 = AXIS2_PLACEMENT_3D ( 'NONE', #1805, #815, #1836 ) ;
#792 = AXIS2_PLACEMENT_3D ( 'NONE', #1145, #1453, #710 ) ;
#793 = CARTESIAN_POINT ( 'NONE',  ( 0.000000000000000000, 63.00000000000000000, 0.000000000000000000 ) ) ;
#794 = ORIENTED_EDGE ( 'NONE', *, *, #1365, .F. ) ;
#795 = ORIENTED_EDGE ( 'NONE', *, *, #18, .F. ) ;
#796 = LINE ( 'NONE', #654, #530 ) ;
#797 = CIRCLE ( 'NONE', #1283, 18.00000000000000000 ) ;
#798 = DIRECTION ( 'NONE',  ( -0.000000000000000000, 1.000000000000000000, -0.000000000000000000 ) ) ;
#799 = ORIENTED_EDGE ( 'NONE', *, *, #1091, .F. ) ;
#800 = PLANE ( 'NONE',  #220 ) ;
#801 = CARTESIAN_POINT ( 'NONE',  ( -70.00000000000000000, 0.000000000000000000, 60.00000000000000000 ) ) ;
#802 = ADVANCED_FACE ( 'NONE', ( #1263 ), #116, .F. ) ;
#803 = CARTESIAN_POINT ( 'NONE',  ( 13.77497731395590819, 45.66346913655887363, 2.499999999999998668 ) ) ;
#804 = ORIENTED_EDGE ( 'NONE', *, *, #1822, .T. ) ;
#805 = DIRECTION ( 'NONE',  ( 0.000000000000000000, -0.000000000000000000, -1.000000000000000000 ) ) ;
#806 = CARTESIAN_POINT ( 'NONE',  ( 17.82778855857283773, 45.17427861045180748, -2.484150482742599308 ) ) ;
#807 = VERTEX_POINT ( 'NONE', #1558 ) ;
#808 = DIRECTION ( 'NONE',  ( 0.000000000000000000, 0.000000000000000000, 1.000000000000000000 ) ) ;
#809 = CARTESIAN_POINT ( 'NONE',  ( 13.79775923535692783, 46.30675668503668874, -2.371892270424858840 ) ) ;
#810 = ADVANCED_FACE ( 'NONE', ( #1830, #684 ), #1838, .F. ) ;
#811 = EDGE_LOOP ( 'NONE', ( #1321, #1405, #1561, #941 ) ) ;
#812 = AXIS2_PLACEMENT_3D ( 'NONE', #1243, #1681, #555 ) ;
#813 = CARTESIAN_POINT ( 'NONE',  ( -35.00000000000000000, 28.00000000000000000, -10.40000000000000036 ) ) ;
#814 = AXIS2_PLACEMENT_3D ( 'NONE', #1104, #534, #1403 ) ;
#815 = DIRECTION ( 'NONE',  ( -1.000000000000000000, -0.000000000000000000, -0.000000000000000000 ) ) ;
#816 = ORIENTED_EDGE ( 'NONE', *, *, #1580, .T. ) ;
#817 = CARTESIAN_POINT ( 'NONE',  ( 70.00000000000000000, 45.50000000000000000, 0.000000000000000000 ) ) ;
#818 = ADVANCED_FACE ( 'NONE', ( #256 ), #1686, .F. ) ;
#819 = CARTESIAN_POINT ( 'NONE',  ( -55.00000000000000000, 5.000000000000004441, 45.00000000000000000 ) ) ;
#820 = AXIS2_PLACEMENT_3D ( 'NONE', #1597, #1738, #862 ) ;
#821 = DIRECTION ( 'NONE',  ( 1.000000000000000000, -0.000000000000000000, -0.000000000000000000 ) ) ;
#822 = CARTESIAN_POINT ( 'NONE',  ( 0.000000000000000000, 71.00000000000001421, 0.000000000000000000 ) ) ;
#823 = EDGE_CURVE ( 'NONE', #1591, #1420, #1473, .T. ) ;
#824 = ORIENTED_EDGE ( 'NONE', *, *, #1585, .T. ) ;
#825 = FACE_OUTER_BOUND ( 'NONE', #1072, .T. ) ;
#826 = CARTESIAN_POINT ( 'NONE',  ( 13.77497731395591352, 45.66505396946503481, -2.499999999999999556 ) ) ;
#827 = AXIS2_PLACEMENT_3D ( 'NONE', #1304, #571, #11 ) ;
#828 = CIRCLE ( 'NONE', #30, 2.750000000000002665 ) ;
#829 = CARTESIAN_POINT ( 'NONE',  ( -17.83659594121243330, 46.14783334449681007, -2.420098444259080051 ) ) ;
#830 = CARTESIAN_POINT ( 'NONE',  ( 17.92428373237263983, 43.61768772190821153, -1.653312540912551531 ) ) ;
#831 = ORIENTED_EDGE ( 'NONE', *, *, #263, .F. ) ;
#832 = CARTESIAN_POINT ( 'NONE',  ( 70.00000000000000000, 45.50000000000000000, 0.000000000000000000 ) ) ;
#833 = ADVANCED_FACE ( 'NONE', ( #1824, #678 ), #533, .T. ) ;
#834 = DIRECTION ( 'NONE',  ( 0.000000000000000000, -1.000000000000000000, 0.000000000000000000 ) ) ;
#835 = CARTESIAN_POINT ( 'NONE',  ( -35.00000000000000000, 39.00000000000000000, -20.00000000000000000 ) ) ;
#836 = EDGE_LOOP ( 'NONE', ( #723, #1474, #1827, #1461 ) ) ;
#837 = DIRECTION ( 'NONE',  ( 0.000000000000000000, 0.000000000000000000, -1.000000000000000000 ) ) ;
#838 = LINE ( 'NONE', #459, #438 ) ;
#839 = AXIS2_PLACEMENT_3D ( 'NONE', #1818, #957, #650 ) ;
#840 = VECTOR ( 'NONE', #392, 1000.000000000000000 ) ;
#841 = ORIENTED_EDGE ( 'NONE', *, *, #298, .F. ) ;
#842 = CARTESIAN_POINT ( 'NONE',  ( -17.90154640754271398, 43.84817798323723537, 1.883620422253801774 ) ) ;
#843 = CC_DESIGN_PERSON_AND_ORGANIZATION_ASSIGNMENT ( #203, #1359, ( #148 ) ) ;
#844 = DIRECTION ( 'NONE',  ( 0.000000000000000000, 0.000000000000000000, 1.000000000000000000 ) ) ;
#845 = DIRECTION ( 'NONE',  ( 1.000000000000000000, 0.000000000000000000, 0.000000000000000000 ) ) ;
#846 = EDGE_CURVE ( 'NONE', #70, #71, #1389, .T. ) ;
#847 = CARTESIAN_POINT ( 'NONE',  ( 13.79777637307245008, 46.30693754002613360, 2.371784918873478976 ) ) ;
#848 = ADVANCED_FACE ( 'NONE', ( #1551 ), #122, .F. ) ;
#849 = EDGE_LOOP ( 'NONE', ( #1659, #1011, #1093, #115 ) ) ;
#850 = FACE_OUTER_BOUND ( 'NONE', #1856, .T. ) ;
#851 = DIRECTION ( 'NONE',  ( 0.000000000000000000, 1.000000000000000000, 0.000000000000000000 ) ) ;
#852 = ORIENTED_EDGE ( 'NONE', *, *, #1169, .F. ) ;
#853 = AXIS2_PLACEMENT_3D ( 'NONE', #786, #1369, #1666 ) ;
#854 = CARTESIAN_POINT ( 'NONE',  ( -17.82554346997588368, 45.33667906119404734, 2.500000000000000444 ) ) ;
#855 = FACE_BOUND ( 'NONE', #636, .T. ) ;
#856 = EDGE_LOOP ( 'NONE', ( #532, #1187, #1183, #1386 ) ) ;
#857 = DIRECTION ( 'NONE',  ( 0.000000000000000000, 0.000000000000000000, -1.000000000000000000 ) ) ;
#858 = CYLINDRICAL_SURFACE ( 'NONE', #1839, 11.09999999999999964 ) ;
#859 = EDGE_CURVE ( 'NONE', #1762, #1022, #1802, .T. ) ;
#860 = EDGE_LOOP ( 'NONE', ( #983, #443, #928, #604 ) ) ;
#861 = DIRECTION ( 'NONE',  ( 1.000000000000000000, -0.000000000000000000, -0.000000000000000000 ) ) ;
#862 = DIRECTION ( 'NONE',  ( 0.000000000000000000, 0.000000000000000000, 1.000000000000000000 ) ) ;
#863 = ORIENTED_EDGE ( 'NONE', *, *, #55, .T. ) ;
#864 = DIRECTION ( 'NONE',  ( -0.000000000000000000, -1.000000000000000000, -0.000000000000000000 ) ) ;
#865 = CARTESIAN_POINT ( 'NONE',  ( 0.000000000000000000, 5.000000000000000000, 0.000000000000000000 ) ) ;
#866 = VERTEX_POINT ( 'NONE', #399 ) ;
#867 = FACE_BOUND ( 'NONE', #614, .T. ) ;
#868 = CARTESIAN_POINT ( 'NONE',  ( 17.98900311274963926, 47.91976180677384889, 0.6495181491350422442 ) ) ;
#869 = ORIENTED_EDGE ( 'NONE', *, *, #1720, .F. ) ;
#870 = CARTESIAN_POINT ( 'NONE',  ( 70.00000000000000000, 28.00000000000000000, -10.40000000000000036 ) ) ;
#871 = EDGE_CURVE ( 'NONE', #166, #538, #539, .T. ) ;
#872 = CARTESIAN_POINT ( 'NONE',  ( -55.00000000000000000, 71.00000000000001421, 42.24999999999999289 ) ) ;
#873 = ORIENTED_EDGE ( 'NONE', *, *, #360, .T. ) ;
#874 = CARTESIAN_POINT ( 'NONE',  ( -70.00000000000000000, 0.000000000000000000, -60.00000000000000000 ) ) ;
#875 = CARTESIAN_POINT ( 'NONE',  ( -13.85841951147992113, 43.97554588850440638, 1.988111798050579138 ) ) ;
#876 = LINE ( 'NONE', #432, #479 ) ;
#877 = DIRECTION ( 'NONE',  ( -0.000000000000000000, -1.000000000000000000, -0.000000000000000000 ) ) ;
#878 = CC_DESIGN_PERSON_AND_ORGANIZATION_ASSIGNMENT ( #510, #1539, ( #617 ) ) ;
#879 = EDGE_LOOP ( 'NONE', ( #998, #218, #1464, #1155 ) ) ;
#880 = LINE ( 'NONE', #1027, #1670 ) ;
#881 = CIRCLE ( 'NONE', #1039, 18.00000000000000000 ) ;
#882 = FACE_OUTER_BOUND ( 'NONE', #561, .T. ) ;
#883 = ORIENTED_EDGE ( 'NONE', *, *, #1694, .F. ) ;
#884 = CYLINDRICAL_SURFACE ( 'NONE', #87, 9.000000000000000000 ) ;
#885 = CARTESIAN_POINT ( 'NONE',  ( -14.00000000000000000, 47.99999999999999289, 0.000000000000000000 ) ) ;
#886 = EDGE_CURVE ( 'NONE', #585, #1857, #897, .T. ) ;
#887 = ORIENTED_EDGE ( 'NONE', *, *, #541, .T. ) ;
#888 = VECTOR ( 'NONE', #1695, 1000.000000000000000 ) ;
#889 = DIRECTION ( 'NONE',  ( 0.000000000000000000, 0.000000000000000000, 1.000000000000000000 ) ) ;
#890 = DIRECTION ( 'NONE',  ( 0.000000000000000000, 0.000000000000000000, 1.000000000000000000 ) ) ;
#891 = AXIS2_PLACEMENT_3D ( 'NONE', #464, #1188, #1036 ) ;
#892 = ORIENTED_EDGE ( 'NONE', *, *, #419, .F. ) ;
#893 = CARTESIAN_POINT ( 'NONE',  ( 17.82554346997588368, 45.50000000000000000, -2.500000000000000000 ) ) ;
#894 = EDGE_LOOP ( 'NONE', ( #673, #1077, #467, #927 ) ) ;
#895 = DIRECTION ( 'NONE',  ( -1.000000000000000000, 0.000000000000000000, 0.000000000000000000 ) ) ;
#896 = CARTESIAN_POINT ( 'NONE',  ( -70.00000000000000000, 5.000000000000000000, -60.00000000000000000 ) ) ;
#897 = CIRCLE ( 'NONE', #596, 11.09999999999999964 ) ;
#898 = VERTEX_POINT ( 'NONE', #1117 ) ;
#899 = CARTESIAN_POINT ( 'NONE',  ( -17.84312708122020297, 44.69378997829607414, -2.372089755139246581 ) ) ;
#900 = B_SPLINE_CURVE_WITH_KNOTS ( 'NONE', 3,
 ( #980, #268, #1125, #1737, #289, #698, #579, #1421, #720, #1277, #1312, #1702, #557, #140, #20, #1853, #426, #1134, #128, #974, #310, #8, #591, #1288, #1160, #1863, #1713, #448, #1016, #1554, #829, #1574, #567, #1562 ),
 .UNSPECIFIED., .F., .F.,
 ( 4, 2, 2, 2, 2, 2, 2, 2, 2, 2, 2, 2, 2, 2, 2, 2, 4 ),
 ( 0.003913726225797592613, 0.004402813949662108713, 0.004891901673526624812, 0.005380989397391140912, 0.005870077121255657011, 0.006359164845120173111, 0.006848252568984689211, 0.007337340292849205310, 0.007826428016713720542, 0.008315515740578236642, 0.008804603464442752742, 0.009293691188307268841, 0.009782778912171784941, 0.01027186663603630104, 0.01076095435990081714, 0.01125004208376533324, 0.01173912980762984934 ),
 .UNSPECIFIED. ) ;
#901 = CARTESIAN_POINT ( 'NONE',  ( 17.98263031886837382, 47.87252041251415591, -0.8049659673344750077 ) ) ;
#902 = EDGE_CURVE ( 'NONE', #866, #1401, #1535, .T. ) ;
#903 = ORIENTED_EDGE ( 'NONE', *, *, #846, .F. ) ;
#904 = ORIENTED_EDGE ( 'NONE', *, *, #1353, .T. ) ;
#905 = CARTESIAN_POINT ( 'NONE',  ( -21.00000000000000000, 5.000000000000000000, 20.00000000000000000 ) ) ;
#906 = DIRECTION ( 'NONE',  ( 0.000000000000000000, -1.000000000000000000, 0.000000000000000000 ) ) ;
#907 = LINE ( 'NONE', #625, #1637 ) ;
#908 = VECTOR ( 'NONE', #1057, 1000.000000000000000 ) ;
#909 = VECTOR ( 'NONE', #214, 1000.000000000000000 ) ;
#910 = ADVANCED_FACE ( 'NONE', ( #441 ), #884, .F. ) ;
#911 = AXIS2_PLACEMENT_3D ( 'NONE', #1208, #1787, #923 ) ;
#912 = AXIS2_PLACEMENT_3D ( 'NONE', #819, #1687, #267 ) ;
#913 = EDGE_CURVE ( 'NONE', #1588, #306, #1658, .T. ) ;
#914 = VERTEX_POINT ( 'NONE', #606 ) ;
#915 = CYLINDRICAL_SURFACE ( 'NONE', #939, 1.600000000000000755 ) ;
#916 = DIRECTION ( 'NONE',  ( 1.000000000000000000, 0.000000000000000000, 0.000000000000000000 ) ) ;
#917 = CC_DESIGN_APPROVAL ( #1440, ( #1712 ) ) ;
#918 = ORIENTED_EDGE ( 'NONE', *, *, #790, .F. ) ;
#919 = LINE ( 'NONE', #905, #369 ) ;
#920 = CARTESIAN_POINT ( 'NONE',  ( -55.00000000000000000, 71.00000000000001421, 45.00000000000000000 ) ) ;
#921 = DIRECTION ( 'NONE',  ( -1.000000000000000000, 0.000000000000000000, 0.000000000000000000 ) ) ;
#922 = ORIENTED_EDGE ( 'NONE', *, *, #1527, .F. ) ;
#923 = DIRECTION ( 'NONE',  ( 0.000000000000000000, 0.000000000000000000, -1.000000000000000000 ) ) ;
#924 = EDGE_CURVE ( 'NONE', #1395, #1378, #1709, .T. ) ;
#925 = B_SPLINE_CURVE_WITH_KNOTS ( 'NONE', 3,
 ( #497, #1372, #1644, #224, #1213, #375, #646, #48, #1488, #774, #1766, #475, #1047, #1625, #338, #1, #442, #1436, #431, #573, #1467, #1292, #1612, #1600, #875, #997, #1719, #986, #1284, #595, #1010, #144 ),
 .UNSPECIFIED., .F., .F.,
 ( 4, 2, 2, 2, 2, 2, 2, 2, 2, 2, 2, 2, 2, 2, 2, 4 ),
 ( 0.003916888019530036756, 0.004406345616924574674, 0.004895803214319113458, 0.005385260811713652243, 0.005874718409108190161, 0.006364176006502728078, 0.006853633603897266863, 0.007343091201291805648, 0.007832548798686344432, 0.008811463993475420267, 0.009300921590869957317, 0.009790379188264496102, 0.01027983678565903489, 0.01076929438305357367, 0.01125875198044811246, 0.01174820957784265124 ),
 .UNSPECIFIED. ) ;
#926 = COORDINATED_UNIVERSAL_TIME_OFFSET ( 6, 0, .BEHIND. ) ;
#927 = ORIENTED_EDGE ( 'NONE', *, *, #648, .T. ) ;
#928 = ORIENTED_EDGE ( 'NONE', *, *, #75, .T. ) ;
#929 = CARTESIAN_POINT ( 'NONE',  ( 17.86894718356162670, 44.24795696641643161, 2.170036096665012515 ) ) ;
#930 = CARTESIAN_POINT ( 'NONE',  ( -17.99045018133112706, 43.06655860302443273, -0.6589780194818473102 ) ) ;
#931 = CARTESIAN_POINT ( 'NONE',  ( 55.00000000000000000, 71.00000000000001421, 45.00000000000000000 ) ) ;
#932 = AXIS2_PLACEMENT_3D ( 'NONE', #865, #715, #1578 ) ;
#933 = LINE ( 'NONE', #219, #1419 ) ;
#934 = EDGE_CURVE ( 'NONE', #1396, #1201, #304, .T. ) ;
#935 = VERTEX_POINT ( 'NONE', #874 ) ;
#936 = CARTESIAN_POINT ( 'NONE',  ( 18.00000000000000000, 43.00000000000000000, 0.000000000000000000 ) ) ;
#937 = DIRECTION ( 'NONE',  ( 0.000000000000000000, 0.000000000000000000, -1.000000000000000000 ) ) ;
#938 = CARTESIAN_POINT ( 'NONE',  ( 70.00000000000000000, 5.000000000000000000, 60.00000000000000000 ) ) ;
#939 = AXIS2_PLACEMENT_3D ( 'NONE', #1472, #1648, #201 ) ;
#940 = CARTESIAN_POINT ( 'NONE',  ( 18.00000000000000000, 43.00000000000000000, 20.00000000000000000 ) ) ;
#941 = ORIENTED_EDGE ( 'NONE', *, *, #523, .F. ) ;
#942 = CARTESIAN_POINT ( 'NONE',  ( -70.00000000000000000, 5.000000000000000000, 60.00000000000000000 ) ) ;
#943 = CARTESIAN_POINT ( 'NONE',  ( 13.81874533078624090, 44.39068909923127393, 2.246405453634747307 ) ) ;
#944 = EDGE_LOOP ( 'NONE', ( #1449, #1170, #1207, #1062, #795, #38, #1067, #922 ) ) ;
#945 = CARTESIAN_POINT ( 'NONE',  ( 0.000000000000000000, 71.00000000000001421, 0.000000000000000000 ) ) ;
#946 = VECTOR ( 'NONE', #427, 1000.000000000000000 ) ;
#947 = EDGE_CURVE ( 'NONE', #741, #213, #1175, .T. ) ;
#948 = FACE_OUTER_BOUND ( 'NONE', #1217, .T. ) ;
#949 = CARTESIAN_POINT ( 'NONE',  ( 13.91734479706896366, 47.48759711181013188, 1.525167088863220943 ) ) ;
#950 = ORIENTED_EDGE ( 'NONE', *, *, #601, .F. ) ;
#951 = LOCAL_TIME ( 22, 39, 37.00000000000000000, #1234 ) ;
#952 = CIRCLE ( 'NONE', #173, 14.00000000000000000 ) ;
#953 = CARTESIAN_POINT ( 'NONE',  ( 13.77497731395590996, 45.50000000000000000, 2.500000000000000000 ) ) ;
#954 = ORIENTED_EDGE ( 'NONE', *, *, #1525, .F. ) ;
#955 = CARTESIAN_POINT ( 'NONE',  ( -21.00000000000000355, 28.00000000000000000, 12.00000000000000000 ) ) ;
#956 = DIRECTION ( 'NONE',  ( 0.000000000000000000, 0.000000000000000000, -1.000000000000000000 ) ) ;
#957 = DIRECTION ( 'NONE',  ( 0.000000000000000000, 1.000000000000000000, 0.000000000000000000 ) ) ;
#958 = ORIENTED_EDGE ( 'NONE', *, *, #1525, .T. ) ;
#959 = DIRECTION ( 'NONE',  ( 0.000000000000000000, 0.000000000000000000, -1.000000000000000000 ) ) ;
#960 = CARTESIAN_POINT ( 'NONE',  ( 70.00000000000000000, 45.50000000000000000, -2.500000000000000000 ) ) ;
#961 = ORIENTED_EDGE ( 'NONE', *, *, #202, .T. ) ;
#962 = DIRECTION ( 'NONE',  ( 0.000000000000000000, 0.000000000000000000, -1.000000000000000000 ) ) ;
#963 = CARTESIAN_POINT ( 'NONE',  ( 0.000000000000000000, 63.00000000000000000, 0.000000000000000000 ) ) ;
#964 = ADVANCED_FACE ( 'NONE', ( #163 ), #1282, .F. ) ;
#965 = COORDINATED_UNIVERSAL_TIME_OFFSET ( 6, 0, .BEHIND. ) ;
#966 = ORIENTED_EDGE ( 'NONE', *, *, #1101, .F. ) ;
#967 = AXIS2_PLACEMENT_3D ( 'NONE', #150, #1748, #730 ) ;
#968 = DIRECTION ( 'NONE',  ( 0.000000000000000000, 0.000000000000000000, 1.000000000000000000 ) ) ;
#969 = CARTESIAN_POINT ( 'NONE',  ( 0.000000000000000000, 43.00000000000000000, -18.00000000000000000 ) ) ;
#970 = EDGE_LOOP ( 'NONE', ( #749, #388, #528, #460 ) ) ;
#971 = DIRECTION ( 'NONE',  ( 0.000000000000000000, 0.000000000000000000, 1.000000000000000000 ) ) ;
#972 = DIRECTION ( 'NONE',  ( 1.000000000000000000, -0.000000000000000000, -0.000000000000000000 ) ) ;
#973 = AXIS2_PLACEMENT_3D ( 'NONE', #1636, #470, #916 ) ;
#974 = CARTESIAN_POINT ( 'NONE',  ( -17.98900311274963926, 47.91976180677384889, -0.6495181491350422442 ) ) ;
#975 = CARTESIAN_POINT ( 'NONE',  ( 0.000000000000000000, 39.00000000000000000, 0.000000000000000000 ) ) ;
#976 = ORIENTED_EDGE ( 'NONE', *, *, #316, .T. ) ;
#977 = DIRECTION ( 'NONE',  ( 0.000000000000000000, 0.000000000000000000, 1.000000000000000000 ) ) ;
#978 = CARTESIAN_POINT ( 'NONE',  ( -55.00000000000000000, 71.00000000000001421, 45.00000000000000000 ) ) ;
#979 = CIRCLE ( 'NONE', #1746, 1.600000000000000755 ) ;
#980 = CARTESIAN_POINT ( 'NONE',  ( -17.82554346997588368, 45.50000000000000000, 2.500000000000000000 ) ) ;
#981 = LINE ( 'NONE', #872, #1310 ) ;
#982 = EDGE_CURVE ( 'NONE', #1314, #1238, #1026, .T. ) ;
#983 = ORIENTED_EDGE ( 'NONE', *, *, #1537, .F. ) ;
#984 = ORIENTED_EDGE ( 'NONE', *, *, #1822, .F. ) ;
#985 = DIRECTION ( 'NONE',  ( 0.000000000000000000, 1.000000000000000000, 0.000000000000000000 ) ) ;
#986 = CARTESIAN_POINT ( 'NONE',  ( -13.79775975882213501, 44.69312542878678585, 2.371897282461258527 ) ) ;
#987 = EDGE_CURVE ( 'NONE', #440, #323, #583, .T. ) ;
#988 = DIRECTION ( 'NONE',  ( 0.000000000000000000, 1.000000000000000000, 0.000000000000000000 ) ) ;
#989 = CARTESIAN_POINT ( 'NONE',  ( 13.82906170540714896, 46.75817687973790981, 2.184728477154413095 ) ) ;
#990 = VERTEX_POINT ( 'NONE', #1718 ) ;
#991 = CARTESIAN_POINT ( 'NONE',  ( 0.000000000000000000, 68.00000000000000000, -14.00000000000000000 ) ) ;
#992 = CARTESIAN_POINT ( 'NONE',  ( 13.77797233866373006, 45.17128988076258622, -2.483651627540242490 ) ) ;
#993 = AXIS2_PLACEMENT_3D ( 'NONE', #659, #1105, #1538 ) ;
#994 = AXIS2_PLACEMENT_3D ( 'NONE', #1774, #1337, #1475 ) ;
#995 = ORIENTED_EDGE ( 'NONE', *, *, #686, .F. ) ;
#996 = CARTESIAN_POINT ( 'NONE',  ( -17.84314584497029799, 44.69351285141918595, 2.371939436147035174 ) ) ;
#997 = CARTESIAN_POINT ( 'NONE',  ( -13.83123635781539384, 44.24649763955431325, 2.169165897749828709 ) ) ;
#998 = ORIENTED_EDGE ( 'NONE', *, *, #823, .T. ) ;
#999 = DIRECTION ( 'NONE',  ( 0.000000000000000000, 0.000000000000000000, 1.000000000000000000 ) ) ;
#1000 = DIRECTION ( 'NONE',  ( 0.000000000000000000, -1.000000000000000000, 0.000000000000000000 ) ) ;
#1001 = EDGE_CURVE ( 'NONE', #450, #990, #1643, .T. ) ;
#1002 = ORIENTED_EDGE ( 'NONE', *, *, #1215, .T. ) ;
#1003 = LINE ( 'NONE', #870, #1849 ) ;
#1004 = AXIS2_PLACEMENT_3D ( 'NONE', #1045, #336, #757 ) ;
#1005 = CARTESIAN_POINT ( 'NONE',  ( 0.000000000000000000, 55.00000000000000000, 0.000000000000000000 ) ) ;
#1006 = ORIENTED_EDGE ( 'NONE', *, *, #1678, .T. ) ;
#1007 = ORIENTED_EDGE ( 'NONE', *, *, #335, .T. ) ;
#1008 = AXIS2_PLACEMENT_3D ( 'NONE', #119, #276, #837 ) ;
#1009 = CARTESIAN_POINT ( 'NONE',  ( -13.77497731395590819, 45.66346913655887363, -2.499999999999998668 ) ) ;
#1010 = CARTESIAN_POINT ( 'NONE',  ( -13.77497731395590996, 45.33485620989289799, 2.500000000000000000 ) ) ;
#1011 = ORIENTED_EDGE ( 'NONE', *, *, #686, .T. ) ;
#1012 = FACE_OUTER_BOUND ( 'NONE', #856, .T. ) ;
#1013 = CARTESIAN_POINT ( 'NONE',  ( 17.95681517766534441, 47.66920074756094294, 1.253602572079147714 ) ) ;
#1014 = EDGE_CURVE ( 'NONE', #1588, #1685, #143, .T. ) ;
#1015 = VERTEX_POINT ( 'NONE', #615 ) ;
#1016 = CARTESIAN_POINT ( 'NONE',  ( -17.85939416148994141, 46.60942670019077383, -2.246342225755463939 ) ) ;
#1017 = CIRCLE ( 'NONE', #1259, 18.00000000000000000 ) ;
#1018 = CARTESIAN_POINT ( 'NONE',  ( 13.90283010758388293, 43.61532898245693701, 1.650779391512678274 ) ) ;
#1019 = EDGE_LOOP ( 'NONE', ( #841, #729 ) ) ;
#1020 = CARTESIAN_POINT ( 'NONE',  ( -13.79777637307245008, 46.30693754002613360, -2.371784918873478976 ) ) ;
#1021 = CARTESIAN_POINT ( 'NONE',  ( -13.97737582468598205, 47.87082956393081190, 0.8097208485295025460 ) ) ;
#1022 = VERTEX_POINT ( 'NONE', #45 ) ;
#1023 = DIRECTION ( 'NONE',  ( 0.000000000000000000, 0.000000000000000000, -1.000000000000000000 ) ) ;
#1024 = FACE_OUTER_BOUND ( 'NONE', #811, .T. ) ;
#1025 = EDGE_LOOP ( 'NONE', ( #7, #1007, #582, #1814 ) ) ;
#1026 = B_SPLINE_CURVE_WITH_KNOTS ( 'NONE', 3,
 ( #724, #451, #1611, #132, #155, #1728, #1457, #734, #1763, #1326, #1139, #1020, #1032, #1599, #1009, #324 ),
 .UNSPECIFIED., .F., .F.,
 ( 4, 2, 2, 2, 2, 2, 2, 4 ),
 ( 0.000000000000000000, 0.0004896110024412562208, 0.0009792220048825122248, 0.001468833007323768229, 0.001958444009765024016, 0.002937666014647520845, 0.003427277017088779017, 0.003916888019530036756 ),
 .UNSPECIFIED. ) ;
#1027 = CARTESIAN_POINT ( 'NONE',  ( 55.00000000000000000, 71.00000000000001421, -42.24999999999999289 ) ) ;
#1028 = EDGE_CURVE ( 'NONE', #1494, #744, #1241, .T. ) ;
#1029 = CARTESIAN_POINT ( 'NONE',  ( 55.00000000000000000, 0.000000000000000000, 45.00000000000000000 ) ) ;
#1030 = VECTOR ( 'NONE', #1223, 1000.000000000000000 ) ;
#1031 = EDGE_LOOP ( 'NONE', ( #852, #1837 ) ) ;
#1032 = CARTESIAN_POINT ( 'NONE',  ( -13.78931026067711230, 46.14894080613500194, -2.419914418993501570 ) ) ;
#1033 = CARTESIAN_POINT ( 'NONE',  ( -13.77497731395591352, 45.66505396946503481, 2.499999999999999556 ) ) ;
#1034 = VECTOR ( 'NONE', #693, 1000.000000000000000 ) ;
#1035 = ORIENTED_EDGE ( 'NONE', *, *, #360, .F. ) ;
#1036 = DIRECTION ( 'NONE',  ( 0.000000000000000000, 0.000000000000000000, 1.000000000000000000 ) ) ;
#1037 = CARTESIAN_POINT ( 'NONE',  ( 17.92438425623425147, 47.38326804900669487, 1.652229882177795206 ) ) ;
#1038 = FACE_BOUND ( 'NONE', #425, .T. ) ;
#1039 = AXIS2_PLACEMENT_3D ( 'NONE', #592, #851, #1454 ) ;
#1040 =( NAMED_UNIT ( * ) PLANE_ANGLE_UNIT ( ) SI_UNIT ( $, .RADIAN. ) );
#1041 = EDGE_CURVE ( 'NONE', #1573, #1107, #1816, .T. ) ;
#1042 = ORIENTED_EDGE ( 'NONE', *, *, #137, .T. ) ;
#1043 = CIRCLE ( 'NONE', #1004, 14.00000000000000000 ) ;
#1044 = FACE_BOUND ( 'NONE', #1468, .T. ) ;
#1045 = CARTESIAN_POINT ( 'NONE',  ( 0.000000000000000000, 47.99999999999999289, 0.000000000000000000 ) ) ;
#1046 = ORIENTED_EDGE ( 'NONE', *, *, #1124, .F. ) ;
#1047 = CARTESIAN_POINT ( 'NONE',  ( -13.95691483957172885, 43.25293819781886384, -1.107923318130168200 ) ) ;
#1048 = CARTESIAN_POINT ( 'NONE',  ( 70.00000000000000000, 0.000000000000000000, -60.00000000000000000 ) ) ;
#1049 = AXIS2_PLACEMENT_3D ( 'NONE', #3, #1308, #317 ) ;
#1050 = EDGE_LOOP ( 'NONE', ( #887, #1845, #1089, #976 ) ) ;
#1051 = DIRECTION ( 'NONE',  ( 0.000000000000000000, -1.000000000000000000, 0.000000000000000000 ) ) ;
#1052 = DIRECTION ( 'NONE',  ( -0.000000000000000000, -1.000000000000000000, -0.000000000000000000 ) ) ;
#1053 = VERTEX_POINT ( 'NONE', #1621 ) ;
#1054 = ADVANCED_FACE ( 'NONE', ( #184, #1044, #526 ), #692, .F. ) ;
#1055 = CARTESIAN_POINT ( 'NONE',  ( 17.99772137405025418, 43.01625901639049943, -0.3280651589118496747 ) ) ;
#1056 = CARTESIAN_POINT ( 'NONE',  ( -17.85934350201489096, 44.39142393788996088, -2.246740643699007389 ) ) ;
#1057 = DIRECTION ( 'NONE',  ( -0.000000000000000000, -0.000000000000000000, -1.000000000000000000 ) ) ;
#1058 = ADVANCED_FACE ( 'NONE', ( #1272 ), #400, .F. ) ;
#1059 = EDGE_CURVE ( 'NONE', #914, #656, #1847, .T. ) ;
#1060 = FACE_BOUND ( 'NONE', #517, .T. ) ;
#1061 = CARTESIAN_POINT ( 'NONE',  ( 0.000000000000000000, 39.00000000000000000, 0.000000000000000000 ) ) ;
#1062 = ORIENTED_EDGE ( 'NONE', *, *, #137, .F. ) ;
#1063 = CARTESIAN_POINT ( 'NONE',  ( -70.00000000000000000, 5.000000000000000000, 60.00000000000000000 ) ) ;
#1064 = CYLINDRICAL_SURFACE ( 'NONE', #572, 11.09999999999999964 ) ;
#1065 = VECTOR ( 'NONE', #1710, 1000.000000000000000 ) ;
#1066 = EDGE_CURVE ( 'NONE', #1107, #1573, #1341, .T. ) ;
#1067 = ORIENTED_EDGE ( 'NONE', *, *, #316, .F. ) ;
#1068 = DIRECTION ( 'NONE',  ( -1.000000000000000000, 0.000000000000000000, 0.000000000000000000 ) ) ;
#1069 = PERSON_AND_ORGANIZATION ( #1081, #408 ) ;
#1070 = ORIENTED_EDGE ( 'NONE', *, *, #1014, .F. ) ;
#1071 = CIRCLE ( 'NONE', #791, 1.600000000000000755 ) ;
#1072 = EDGE_LOOP ( 'NONE', ( #1042, #1613, #1311, #1806, #1509 ) ) ;
#1073 = CARTESIAN_POINT ( 'NONE',  ( 18.00000000000000000, 43.00000000000000000, 20.00000000000000000 ) ) ;
#1074 = CARTESIAN_POINT ( 'NONE',  ( -17.82783776827128364, 45.17238854794729264, -2.483793326194611240 ) ) ;
#1075 = CARTESIAN_POINT ( 'NONE',  ( -70.00000000000000000, 5.000000000000000000, 60.00000000000000000 ) ) ;
#1076 = EDGE_CURVE ( 'NONE', #1630, #1015, #1536, .T. ) ;
#1077 = ORIENTED_EDGE ( 'NONE', *, *, #1444, .T. ) ;
#1078 = LINE ( 'NONE', #78, #1034 ) ;
#1079 = PERSON_AND_ORGANIZATION_ROLE ( 'creator' ) ;
#1080 = ORIENTED_EDGE ( 'NONE', *, *, #1244, .T. ) ;
#1081 = PERSON ( 'UNSPECIFIED', 'UNSPECIFIED', 'UNSPECIFIED', ('UNSPECIFIED'), ('UNSPECIFIED'), ('UNSPECIFIED') ) ;
#1082 = EDGE_LOOP ( 'NONE', ( #1823, #355, #288, #758 ) ) ;
#1083 = DIRECTION ( 'NONE',  ( 0.000000000000000000, 0.000000000000000000, -1.000000000000000000 ) ) ;
#1084 = CARTESIAN_POINT ( 'NONE',  ( 1.714505518806294638E-15, 47.99999999999999289, 14.00000000000000000 ) ) ;
#1085 = CARTESIAN_POINT ( 'NONE',  ( 70.00000000000000000, 28.00000000000000000, 12.00000000000000000 ) ) ;
#1086 = VECTOR ( 'NONE', #1465, 1000.000000000000000 ) ;
#1087 = AXIS2_PLACEMENT_3D ( 'NONE', #1661, #1204, #619 ) ;
#1088 = LINE ( 'NONE', #940, #42 ) ;
#1089 = ORIENTED_EDGE ( 'NONE', *, *, #226, .F. ) ;
#1090 = CARTESIAN_POINT ( 'NONE',  ( 0.000000000000000000, 0.000000000000000000, 20.00000000000000000 ) ) ;
#1091 = EDGE_CURVE ( 'NONE', #1102, #303, #1481, .T. ) ;
#1092 = LINE ( 'NONE', #1675, #1768 ) ;
#1093 = ORIENTED_EDGE ( 'NONE', *, *, #613, .T. ) ;
#1094 = DIRECTION ( 'NONE',  ( 0.000000000000000000, 0.000000000000000000, -1.000000000000000000 ) ) ;
#1095 = CIRCLE ( 'NONE', #281, 14.00000000000000000 ) ;
#1096 = AXIS2_PLACEMENT_3D ( 'NONE', #377, #135, #706 ) ;
#1097 = AXIS2_PLACEMENT_3D ( 'NONE', #978, #834, #679 ) ;
#1098 = LINE ( 'NONE', #515, #125 ) ;
#1099 = CARTESIAN_POINT ( 'NONE',  ( -21.00000000000000000, 43.00000000000000000, 20.00000000000000000 ) ) ;
#1100 = CARTESIAN_POINT ( 'NONE',  ( 17.83661075964595710, 44.85136071230114396, -2.419992793165508971 ) ) ;
#1101 = EDGE_CURVE ( 'NONE', #1793, #807, #1708, .T. ) ;
#1102 = VERTEX_POINT ( 'NONE', #1240 ) ;
#1103 = CARTESIAN_POINT ( 'NONE',  ( 18.00000000000000000, 43.00000000000000000, 20.00000000000000000 ) ) ;
#1104 = CARTESIAN_POINT ( 'NONE',  ( -21.00000000000000000, 5.000000000000000000, 20.00000000000000000 ) ) ;
#1105 = DIRECTION ( 'NONE',  ( -0.000000000000000000, 1.000000000000000000, -0.000000000000000000 ) ) ;
#1106 = APPROVAL_DATE_TIME ( #1682, #1242 ) ;
#1107 = VERTEX_POINT ( 'NONE', #1112 ) ;
#1108 = PLANE ( 'NONE',  #297 ) ;
#1109 = CARTESIAN_POINT ( 'NONE',  ( 13.77497731395590996, 45.50000000000000000, 2.500000000000000000 ) ) ;
#1110 = EDGE_LOOP ( 'NONE', ( #1414, #127 ) ) ;
#1111 = DIRECTION ( 'NONE',  ( 0.000000000000000000, -0.000000000000000000, -1.000000000000000000 ) ) ;
#1112 = CARTESIAN_POINT ( 'NONE',  ( 55.00000000000000000, 5.000000000000004441, 47.75000000000000000 ) ) ;
#1113 = ADVANCED_FACE ( 'NONE', ( #948 ), #1123, .F. ) ;
#1114 = ORIENTED_EDGE ( 'NONE', *, *, #1275, .F. ) ;
#1115 = CARTESIAN_POINT ( 'NONE',  ( 17.93581288030971876, 43.51215886981470504, -1.524853325502845802 ) ) ;
#1116 = ORIENTED_EDGE ( 'NONE', *, *, #382, .T. ) ;
#1117 = CARTESIAN_POINT ( 'NONE',  ( -21.00000000000000000, 39.00000000000000000, -20.00000000000000000 ) ) ;
#1118 = LINE ( 'NONE', #801, #1642 ) ;
#1119 = VERTEX_POINT ( 'NONE', #1826 ) ;
#1120 = DIRECTION ( 'NONE',  ( -1.000000000000000000, 0.000000000000000000, 0.000000000000000000 ) ) ;
#1121 = ORIENTED_EDGE ( 'NONE', *, *, #1444, .F. ) ;
#1122 = CARTESIAN_POINT ( 'NONE',  ( 0.000000000000000000, 48.00000000000000000, 0.000000000000000000 ) ) ;
#1123 = PLANE ( 'NONE',  #287 ) ;
#1124 = EDGE_CURVE ( 'NONE', #121, #779, #664, .T. ) ;
#1125 = CARTESIAN_POINT ( 'NONE',  ( -17.82786125428931712, 45.82914835787100571, 2.483627990416388709 ) ) ;
#1126 = CARTESIAN_POINT ( 'NONE',  ( 70.00000000000000000, 5.000000000000000000, 60.00000000000000000 ) ) ;
#1127 = ORIENTED_EDGE ( 'NONE', *, *, #1854, .F. ) ;
#1128 = DIRECTION ( 'NONE',  ( -0.000000000000000000, 1.000000000000000000, -0.000000000000000000 ) ) ;
#1129 = AXIS2_PLACEMENT_3D ( 'NONE', #177, #564, #1023 ) ;
#1130 = CARTESIAN_POINT ( 'NONE',  ( 14.00000000000000000, 47.99999999999998579, -0.1654367999129219835 ) ) ;
#1131 = LINE ( 'NONE', #285, #6 ) ;
#1132 = AXIS2_PLACEMENT_3D ( 'NONE', #1846, #962, #233 ) ;
#1133 = EDGE_LOOP ( 'NONE', ( #162, #863, #494, #1780 ) ) ;
#1134 = CARTESIAN_POINT ( 'NONE',  ( -17.99999244026211542, 47.99994556988431782, -0.1640875423951353718 ) ) ;
#1135 = CYLINDRICAL_SURFACE ( 'NONE', #227, 2.750000000000002665 ) ;
#1136 = EDGE_LOOP ( 'NONE', ( #1303, #501, #1245, #1683, #398, #97, #174, #1547, #1347, #626 ) ) ;
#1137 = EDGE_CURVE ( 'NONE', #319, #1328, #353, .T. ) ;
#1138 = ORIENTED_EDGE ( 'NONE', *, *, #1608, .F. ) ;
#1139 = CARTESIAN_POINT ( 'NONE',  ( -13.82906170540714896, 46.75817687973790981, -2.184728477154413095 ) ) ;
#1140 = DIRECTION ( 'NONE',  ( 1.000000000000000000, 0.000000000000000000, 0.000000000000000000 ) ) ;
#1141 = DIRECTION ( 'NONE',  ( -0.000000000000000000, -1.000000000000000000, -0.000000000000000000 ) ) ;
#1142 = CARTESIAN_POINT ( 'NONE',  ( 17.82554346997588368, 45.50000000000000000, 2.500000000000000000 ) ) ;
#1143 = ADVANCED_FACE ( 'NONE', ( #1258 ), #658, .F. ) ;
#1144 = ORIENTED_EDGE ( 'NONE', *, *, #191, .F. ) ;
#1145 = CARTESIAN_POINT ( 'NONE',  ( -70.00000000000000000, 5.000000000000000000, 60.00000000000000000 ) ) ;
#1146 = AXIS2_PLACEMENT_3D ( 'NONE', #1511, #487, #56 ) ;
#1147 = DIRECTION ( 'NONE',  ( 0.000000000000000000, -1.000000000000000000, 0.000000000000000000 ) ) ;
#1148 = ORIENTED_EDGE ( 'NONE', *, *, #1001, .F. ) ;
#1149 = VECTOR ( 'NONE', #1181, 1000.000000000000000 ) ;
#1150 = VECTOR ( 'NONE', #1416, 1000.000000000000000 ) ;
#1151 = ORIENTED_EDGE ( 'NONE', *, *, #1841, .F. ) ;
#1152 = DIRECTION ( 'NONE',  ( 0.000000000000000000, 0.000000000000000000, -1.000000000000000000 ) ) ;
#1153 = EDGE_CURVE ( 'NONE', #935, #1162, #1118, .T. ) ;
#1154 = CARTESIAN_POINT ( 'NONE',  ( -21.00000000000000355, 28.00000000000000000, 10.40000000000000036 ) ) ;
#1155 = ORIENTED_EDGE ( 'NONE', *, *, #1556, .F. ) ;
#1156 = CARTESIAN_POINT ( 'NONE',  ( -35.00000000000000000, 5.000000000000000000, 20.00000000000000000 ) ) ;
#1157 = CARTESIAN_POINT ( 'NONE',  ( -55.00000000000000000, 0.000000000000000000, 45.00000000000000000 ) ) ;
#1158 = CIRCLE ( 'NONE', #259, 2.750000000000002665 ) ;
#1159 = ORIENTED_EDGE ( 'NONE', *, *, #55, .F. ) ;
#1160 = CARTESIAN_POINT ( 'NONE',  ( -17.92438425623425147, 47.38326804900669487, -1.652229882177795206 ) ) ;
#1161 = CARTESIAN_POINT ( 'NONE',  ( 13.94438111264216751, 43.33115557834740628, -1.254180513100947580 ) ) ;
#1162 = VERTEX_POINT ( 'NONE', #1559 ) ;
#1163 = CIRCLE ( 'NONE', #967, 1.600000000000000755 ) ;
#1164 = CARTESIAN_POINT ( 'NONE',  ( -18.00000000000000000, 43.00000000000000000, 0.1654351656551431571 ) ) ;
#1165 = CARTESIAN_POINT ( 'NONE',  ( -13.77497731395590996, 45.50000000000000000, 2.500000000000000000 ) ) ;
#1166 = ORIENTED_EDGE ( 'NONE', *, *, #1059, .T. ) ;
#1167 = LINE ( 'NONE', #1602, #1626 ) ;
#1168 = CARTESIAN_POINT ( 'NONE',  ( 17.96649685822270470, 47.74696167848721728, 1.108011643313558503 ) ) ;
#1169 = EDGE_CURVE ( 'NONE', #306, #1588, #521, .T. ) ;
#1170 = ORIENTED_EDGE ( 'NONE', *, *, #632, .F. ) ;
#1171 = CARTESIAN_POINT ( 'NONE',  ( 0.000000000000000000, 63.00000000000000000, 0.000000000000000000 ) ) ;
#1172 = AXIS2_PLACEMENT_3D ( 'NONE', #607, #1327, #844 ) ;
#1173 = DIRECTION ( 'NONE',  ( 0.000000000000000000, -1.000000000000000000, 0.000000000000000000 ) ) ;
#1174 = ORIENTED_EDGE ( 'NONE', *, *, #1623, .F. ) ;
#1175 = LINE ( 'NONE', #1740, #1560 ) ;
#1176 = CARTESIAN_POINT ( 'NONE',  ( -13.77794291905511415, 45.82754084529345562, 2.483814256089909023 ) ) ;
#1177 = ORIENTED_EDGE ( 'NONE', *, *, #1760, .F. ) ;
#1178 = CARTESIAN_POINT ( 'NONE',  ( -55.00000000000000000, 71.00000000000001421, 47.75000000000000000 ) ) ;
#1179 = CARTESIAN_POINT ( 'NONE',  ( 17.96652888453468577, 47.74722497350209949, -1.107611499954533230 ) ) ;
#1180 = EDGE_LOOP ( 'NONE', ( #1121, #249, #250, #1210 ) ) ;
#1181 = DIRECTION ( 'NONE',  ( -1.000000000000000000, -0.000000000000000000, -0.000000000000000000 ) ) ;
#1182 = APPROVAL_STATUS ( 'not_yet_approved' ) ;
#1183 = ORIENTED_EDGE ( 'NONE', *, *, #1137, .F. ) ;
#1184 = ORIENTED_EDGE ( 'NONE', *, *, #1101, .T. ) ;
#1185 = DIRECTION ( 'NONE',  ( -0.000000000000000000, -1.000000000000000000, -0.000000000000000000 ) ) ;
#1186 = CIRCLE ( 'NONE', #257, 1.600000000000000755 ) ;
#1187 = ORIENTED_EDGE ( 'NONE', *, *, #1688, .T. ) ;
#1188 = DIRECTION ( 'NONE',  ( 0.000000000000000000, 1.000000000000000000, 0.000000000000000000 ) ) ;
#1189 = CARTESIAN_POINT ( 'NONE',  ( 17.84310751284647267, 46.30582597335054373, -2.372239620766816603 ) ) ;
#1190 = FACE_BOUND ( 'NONE', #337, .T. ) ;
#1191 = EDGE_CURVE ( 'NONE', #779, #1267, #134, .T. ) ;
#1192 = CIRCLE ( 'NONE', #1427, 11.09999999999999964 ) ;
#1193 = ORIENTED_EDGE ( 'NONE', *, *, #1865, .T. ) ;
#1194 = EDGE_CURVE ( 'NONE', #1639, #450, #797, .T. ) ;
#1195 = DIRECTION ( 'NONE',  ( 0.000000000000000000, 0.000000000000000000, 1.000000000000000000 ) ) ;
#1196 = DIRECTION ( 'NONE',  ( 1.000000000000000000, 0.000000000000000000, -0.000000000000000000 ) ) ;
#1197 = ORIENTED_EDGE ( 'NONE', *, *, #170, .F. ) ;
#1198 = FACE_OUTER_BOUND ( 'NONE', #365, .T. ) ;
#1199 = FACE_OUTER_BOUND ( 'NONE', #480, .T. ) ;
#1200 = CARTESIAN_POINT ( 'NONE',  ( -35.00000000000000000, 68.00000000000000000, 20.00000000000000000 ) ) ;
#1201 = VERTEX_POINT ( 'NONE', #157 ) ;
#1202 = CARTESIAN_POINT ( 'NONE',  ( 17.82783776827128364, 45.17238854794729264, 2.483793326194611240 ) ) ;
#1203 = ADVANCED_FACE ( 'NONE', ( #1012 ), #609, .F. ) ;
#1204 = DIRECTION ( 'NONE',  ( -0.000000000000000000, -1.000000000000000000, -0.000000000000000000 ) ) ;
#1205 = FACE_OUTER_BOUND ( 'NONE', #879, .T. ) ;
#1206 = EDGE_CURVE ( 'NONE', #1420, #1317, #876, .T. ) ;
#1207 = ORIENTED_EDGE ( 'NONE', *, *, #1546, .F. ) ;
#1208 = CARTESIAN_POINT ( 'NONE',  ( 0.000000000000000000, 68.00000000000000000, 0.000000000000000000 ) ) ;
#1209 = DATE_AND_TIME ( #754, #1520 ) ;
#1210 = ORIENTED_EDGE ( 'NONE', *, *, #1059, .F. ) ;
#1211 = ORIENTED_EDGE ( 'NONE', *, *, #574, .T. ) ;
#1212 = DIRECTION ( 'NONE',  ( -0.000000000000000000, 1.000000000000000000, -0.000000000000000000 ) ) ;
#1213 = CARTESIAN_POINT ( 'NONE',  ( -13.79772522292153170, 44.69373113375078788, -2.372095835332435065 ) ) ;
#1214 = DIRECTION ( 'NONE',  ( 0.000000000000000000, 1.000000000000000000, 0.000000000000000000 ) ) ;
#1215 = EDGE_CURVE ( 'NONE', #213, #383, #16, .T. ) ;
#1216 = CIRCLE ( 'NONE', #1516, 2.750000000000002665 ) ;
#1217 = EDGE_LOOP ( 'NONE', ( #436, #1716, #1747, #1184 ) ) ;
#1218 = DIRECTION ( 'NONE',  ( -0.000000000000000000, -1.000000000000000000, -0.000000000000000000 ) ) ;
#1219 = ORIENTED_EDGE ( 'NONE', *, *, #1418, .F. ) ;
#1220 = CIRCLE ( 'NONE', #385, 9.000000000000000000 ) ;
#1221 = ORIENTED_EDGE ( 'NONE', *, *, #523, .T. ) ;
#1222 = FACE_OUTER_BOUND ( 'NONE', #1025, .T. ) ;
#1223 = DIRECTION ( 'NONE',  ( -0.000000000000000000, -1.000000000000000000, -0.000000000000000000 ) ) ;
#1224 = ADVANCED_FACE ( 'NONE', ( #1732 ), #1579, .T. ) ;
#1225 = CARTESIAN_POINT ( 'NONE',  ( 0.000000000000000000, 47.99999999999999289, -14.00000000000000000 ) ) ;
#1226 = VECTOR ( 'NONE', #1356, 1000.000000000000000 ) ;
#1227 = APPROVAL_STATUS ( 'not_yet_approved' ) ;
#1228 = FACE_OUTER_BOUND ( 'NONE', #1050, .T. ) ;
#1229 = CARTESIAN_POINT ( 'NONE',  ( 0.000000000000000000, 71.00000000000001421, 0.000000000000000000 ) ) ;
#1230 = EDGE_LOOP ( 'NONE', ( #1354, #1620, #370, #1698 ) ) ;
#1231 = LINE ( 'NONE', #1364, #1030 ) ;
#1232 = VECTOR ( 'NONE', #1543, 1000.000000000000000 ) ;
#1233 = DIRECTION ( 'NONE',  ( 0.000000000000000000, 0.000000000000000000, -1.000000000000000000 ) ) ;
#1234 = COORDINATED_UNIVERSAL_TIME_OFFSET ( 6, 0, .BEHIND. ) ;
#1235 = ORIENTED_EDGE ( 'NONE', *, *, #212, .F. ) ;
#1236 = FACE_OUTER_BOUND ( 'NONE', #1430, .T. ) ;
#1237 = DIRECTION ( 'NONE',  ( -1.000000000000000000, 0.000000000000000000, 0.000000000000000000 ) ) ;
#1238 = VERTEX_POINT ( 'NONE', #1329 ) ;
#1239 = DIRECTION ( 'NONE',  ( -1.000000000000000000, 0.000000000000000000, 0.000000000000000000 ) ) ;
#1240 = CARTESIAN_POINT ( 'NONE',  ( 13.77497731395590996, 45.50000000000000000, -2.500000000000000000 ) ) ;
#1241 = CIRCLE ( 'NONE', #435, 9.000000000000000000 ) ;
#1242 = APPROVAL ( #1227, 'UNSPECIFIED' ) ;
#1243 = CARTESIAN_POINT ( 'NONE',  ( -35.00000000000000000, 45.50000000000000000, 0.000000000000000000 ) ) ;
#1244 = EDGE_CURVE ( 'NONE', #744, #1494, #1375, .T. ) ;
#1245 = ORIENTED_EDGE ( 'NONE', *, *, #676, .T. ) ;
#1246 = LINE ( 'NONE', #1690, #1617 ) ;
#1247 = AXIS2_PLACEMENT_3D ( 'NONE', #1229, #242, #411 ) ;
#1248 = EDGE_CURVE ( 'NONE', #1630, #1119, #1167, .T. ) ;
#1249 = ORIENTED_EDGE ( 'NONE', *, *, #1028, .T. ) ;
#1250 = CARTESIAN_POINT ( 'NONE',  ( -70.00000000000000000, 5.000000000000000000, 60.00000000000000000 ) ) ;
#1251 = CARTESIAN_POINT ( 'NONE',  ( 13.99706924983771827, 47.98373839272468899, -0.3288127542806037473 ) ) ;
#1252 = AXIS2_PLACEMENT_3D ( 'NONE', #1171, #160, #549 ) ;
#1253 = DIRECTION ( 'NONE',  ( 0.000000000000000000, -1.000000000000000000, 0.000000000000000000 ) ) ;
#1254 = DIRECTION ( 'NONE',  ( -0.000000000000000000, -1.000000000000000000, -0.000000000000000000 ) ) ;
#1255 = ORIENTED_EDGE ( 'NONE', *, *, #189, .F. ) ;
#1256 = CARTESIAN_POINT ( 'NONE',  ( 55.00000000000000000, 5.000000000000004441, -45.00000000000000000 ) ) ;
#1257 = ADVANCED_FACE ( 'NONE', ( #705 ), #726, .F. ) ;
#1258 = FACE_OUTER_BOUND ( 'NONE', #428, .T. ) ;
#1259 = AXIS2_PLACEMENT_3D ( 'NONE', #176, #1707, #282 ) ;
#1260 = LINE ( 'NONE', #644, #136 ) ;
#1261 = DIRECTION ( 'NONE',  ( 0.000000000000000000, 0.000000000000000000, -1.000000000000000000 ) ) ;
#1262 = ORIENTED_EDGE ( 'NONE', *, *, #1137, .T. ) ;
#1263 = FACE_OUTER_BOUND ( 'NONE', #1307, .T. ) ;
#1264 = CARTESIAN_POINT ( 'NONE',  ( -35.00000000000000000, 43.00000000000000000, -20.00000000000000000 ) ) ;
#1265 = ADVANCED_FACE ( 'NONE', ( #867, #575, #295, #307 ), #1459, .F. ) ;
#1266 = AXIS2_PLACEMENT_3D ( 'NONE', #793, #1374, #1451 ) ;
#1267 = VERTEX_POINT ( 'NONE', #1450 ) ;
#1268 = DIRECTION ( 'NONE',  ( -0.000000000000000000, -1.000000000000000000, -0.000000000000000000 ) ) ;
#1269 = CARTESIAN_POINT ( 'NONE',  ( 13.87331835086268050, 43.84711725086926037, -1.882694213355271540 ) ) ;
#1270 = ORIENTED_EDGE ( 'NONE', *, *, #63, .T. ) ;
#1271 = DIRECTION ( 'NONE',  ( 0.000000000000000000, -0.000000000000000000, 1.000000000000000000 ) ) ;
#1272 = FACE_OUTER_BOUND ( 'NONE', #716, .T. ) ;
#1273 = CIRCLE ( 'NONE', #580, 14.00000000000000000 ) ;
#1274 = CARTESIAN_POINT ( 'NONE',  ( -21.00000000000000355, 43.00000000000000000, 0.000000000000000000 ) ) ;
#1275 = EDGE_CURVE ( 'NONE', #807, #538, #738, .T. ) ;
#1276 = ORIENTED_EDGE ( 'NONE', *, *, #1306, .F. ) ;
#1277 = CARTESIAN_POINT ( 'NONE',  ( -17.92453452202722275, 47.38477596382748658, 1.650692166586511522 ) ) ;
#1278 = CARTESIAN_POINT ( 'NONE',  ( 70.00000000000000000, 28.00000000000000000, -12.00000000000000000 ) ) ;
#1279 = ORIENTED_EDGE ( 'NONE', *, *, #934, .T. ) ;
#1280 = ORIENTED_EDGE ( 'NONE', *, *, #1041, .F. ) ;
#1281 = CC_DESIGN_APPROVAL ( #1242, ( #103 ) ) ;
#1282 = PLANE ( 'NONE',  #418 ) ;
#1283 = AXIS2_PLACEMENT_3D ( 'NONE', #1285, #586, #889 ) ;
#1284 = CARTESIAN_POINT ( 'NONE',  ( -13.78930663421201608, 44.85153563719380543, 2.419931759294614793 ) ) ;
#1285 = CARTESIAN_POINT ( 'NONE',  ( 0.000000000000000000, 43.00000000000000000, 0.000000000000000000 ) ) ;
#1286 = CARTESIAN_POINT ( 'NONE',  ( 17.90163837224920584, 47.15281698625603468, 1.882752808499900343 ) ) ;
#1287 = ORIENTED_EDGE ( 'NONE', *, *, #12, .T. ) ;
#1288 = CARTESIAN_POINT ( 'NONE',  ( -17.93567704608967261, 47.48663828112081120, -1.526505693382059103 ) ) ;
#1289 = CARTESIAN_POINT ( 'NONE',  ( 13.91737531456935884, 43.51220386006556140, 1.524842003843603910 ) ) ;
#1290 = ORIENTED_EDGE ( 'NONE', *, *, #1320, .T. ) ;
#1291 = CARTESIAN_POINT ( 'NONE',  ( -21.00000000000000355, 28.00000000000000000, -12.00000000000000000 ) ) ;
#1292 = CARTESIAN_POINT ( 'NONE',  ( -13.91719534920397905, 43.51343313763997855, 1.526567059171926699 ) ) ;
#1293 = EDGE_LOOP ( 'NONE', ( #1116, #1651, #831, #25, #54 ) ) ;
#1294 = DIRECTION ( 'NONE',  ( 0.000000000000000000, -1.000000000000000000, 0.000000000000000000 ) ) ;
#1295 = CARTESIAN_POINT ( 'NONE',  ( 0.000000000000000000, 47.99999999999999289, 0.000000000000000000 ) ) ;
#1296 = EDGE_CURVE ( 'NONE', #1336, #71, #139, .T. ) ;
#1297 = PRODUCT_RELATED_PRODUCT_CATEGORY ( 'detail', '', ( #148 ) ) ;
#1298 = ORIENTED_EDGE ( 'NONE', *, *, #1585, .F. ) ;
#1299 = AXIS2_PLACEMENT_3D ( 'NONE', #1784, #498, #1633 ) ;
#1300 = CARTESIAN_POINT ( 'NONE',  ( 70.00000000000000000, 5.000000000000000000, -60.00000000000000000 ) ) ;
#1301 = CIRCLE ( 'NONE', #1146, 2.500000000000000000 ) ;
#1302 = DIRECTION ( 'NONE',  ( 0.000000000000000000, 1.000000000000000000, 0.000000000000000000 ) ) ;
#1303 = ORIENTED_EDGE ( 'NONE', *, *, #18, .T. ) ;
#1304 = CARTESIAN_POINT ( 'NONE',  ( -35.00000000000000000, 45.50000000000000000, 0.000000000000000000 ) ) ;
#1305 = CARTESIAN_POINT ( 'NONE',  ( -13.83111768682473830, 46.75224176343813554, 2.169932383611663518 ) ) ;
#1306 = EDGE_CURVE ( 'NONE', #1423, #1705, #26, .T. ) ;
#1307 = EDGE_LOOP ( 'NONE', ( #275, #291, #15, #1276, #824 ) ) ;
#1308 = DIRECTION ( 'NONE',  ( -1.000000000000000000, 0.000000000000000000, 0.000000000000000000 ) ) ;
#1309 = CARTESIAN_POINT ( 'NONE',  ( 17.82786125428931712, 45.82914835787100571, -2.483627990416388709 ) ) ;
#1310 = VECTOR ( 'NONE', #1147, 1000.000000000000000 ) ;
#1311 = ORIENTED_EDGE ( 'NONE', *, *, #924, .T. ) ;
#1312 = CARTESIAN_POINT ( 'NONE',  ( -17.93583229304925197, 47.48800209809662931, 1.524579836149103418 ) ) ;
#1313 = PLANE ( 'NONE',  #130 ) ;
#1314 = VERTEX_POINT ( 'NONE', #1438 ) ;
#1315 = CARTESIAN_POINT ( 'NONE',  ( -18.00000000000000000, 43.00000000000000000, 0.000000000000000000 ) ) ;
#1316 = FACE_BOUND ( 'NONE', #232, .T. ) ;
#1317 = VERTEX_POINT ( 'NONE', #1754 ) ;
#1318 = CARTESIAN_POINT ( 'NONE',  ( 70.00000000000000000, 0.000000000000000000, 60.00000000000000000 ) ) ;
#1319 = CARTESIAN_POINT ( 'NONE',  ( 17.98900843638134717, 47.91979912771474659, -0.6490964519981230474 ) ) ;
#1320 = EDGE_CURVE ( 'NONE', #255, #677, #1777, .T. ) ;
#1321 = ORIENTED_EDGE ( 'NONE', *, *, #1688, .F. ) ;
#1322 = CARTESIAN_POINT ( 'NONE',  ( -35.00000000000000000, 5.000000000000000000, -20.00000000000000000 ) ) ;
#1323 = AXIS2_PLACEMENT_3D ( 'NONE', #955, #244, #1699 ) ;
#1324 = EDGE_LOOP ( 'NONE', ( #629, #1211, #200, #769, #799 ) ) ;
#1325 = ORIENTED_EDGE ( 'NONE', *, *, #278, .T. ) ;
#1326 = CARTESIAN_POINT ( 'NONE',  ( -13.85854783668030521, 47.03672472110040559, -1.998612875830826141 ) ) ;
#1327 = DIRECTION ( 'NONE',  ( -1.000000000000000000, 0.000000000000000000, 0.000000000000000000 ) ) ;
#1328 = VERTEX_POINT ( 'NONE', #423 ) ;
#1329 = CARTESIAN_POINT ( 'NONE',  ( -13.77497731395590996, 45.50000000000000000, -2.500000000000000000 ) ) ;
#1330 = CARTESIAN_POINT ( 'NONE',  ( 17.83666656344199097, 46.14990448121902489, -2.419580707800498054 ) ) ;
#1331 = EDGE_CURVE ( 'NONE', #1396, #303, #952, .T. ) ;
#1332 = EDGE_CURVE ( 'NONE', #1573, #1598, #283, .T. ) ;
#1333 = CARTESIAN_POINT ( 'NONE',  ( -35.00000000000000000, 68.00000000000000000, 20.00000000000000000 ) ) ;
#1334 = PERSON_AND_ORGANIZATION ( #1081, #408 ) ;
#1335 = AXIS2_PLACEMENT_3D ( 'NONE', #1085, #1489, #207 ) ;
#1336 = VERTEX_POINT ( 'NONE', #759 ) ;
#1337 = DIRECTION ( 'NONE',  ( -0.000000000000000000, 1.000000000000000000, -0.000000000000000000 ) ) ;
#1338 = CARTESIAN_POINT ( 'NONE',  ( 55.00000000000000000, 0.000000000000000000, 42.24999999999999289 ) ) ;
#1339 = CIRCLE ( 'NONE', #1641, 2.750000000000002665 ) ;
#1340 = ORIENTED_EDGE ( 'NONE', *, *, #601, .T. ) ;
#1341 = CIRCLE ( 'NONE', #195, 2.750000000000002665 ) ;
#1342 = DIRECTION ( 'NONE',  ( -0.000000000000000000, -1.000000000000000000, -0.000000000000000000 ) ) ;
#1343 = LINE ( 'NONE', #1075, #348 ) ;
#1344 = EDGE_LOOP ( 'NONE', ( #1290, #961, #892, #794 ) ) ;
#1345 = LINE ( 'NONE', #770, #661 ) ;
#1346 = PERSON_AND_ORGANIZATION ( #1081, #408 ) ;
#1347 = ORIENTED_EDGE ( 'NONE', *, *, #263, .T. ) ;
#1348 = LINE ( 'NONE', #616, #254 ) ;
#1349 = CARTESIAN_POINT ( 'NONE',  ( 0.000000000000000000, 71.00000000000001421, -11.09999999999999964 ) ) ;
#1350 = FACE_OUTER_BOUND ( 'NONE', #1082, .T. ) ;
#1351 = ORIENTED_EDGE ( 'NONE', *, *, #1455, .T. ) ;
#1352 = DIRECTION ( 'NONE',  ( 0.000000000000000000, 1.000000000000000000, 0.000000000000000000 ) ) ;
#1353 = EDGE_CURVE ( 'NONE', #1801, #450, #1566, .T. ) ;
#1354 = ORIENTED_EDGE ( 'NONE', *, *, #947, .T. ) ;
#1355 = CARTESIAN_POINT ( 'NONE',  ( 17.82554346997588368, 45.50000000000000000, 2.500000000000000000 ) ) ;
#1356 = DIRECTION ( 'NONE',  ( 0.000000000000000000, -1.000000000000000000, 0.000000000000000000 ) ) ;
#1357 = CARTESIAN_POINT ( 'NONE',  ( -35.00000000000000000, 68.00000000000000000, -20.00000000000000000 ) ) ;
#1358 = DIRECTION ( 'NONE',  ( -0.000000000000000000, -0.000000000000000000, -1.000000000000000000 ) ) ;
#1359 = PERSON_AND_ORGANIZATION_ROLE ( 'design_owner' ) ;
#1360 = EDGE_LOOP ( 'NONE', ( #1249, #1080 ) ) ;
#1361 = EDGE_LOOP ( 'NONE', ( #1668, #1655, #1773, #412 ) ) ;
#1362 = DIRECTION ( 'NONE',  ( -1.000000000000000000, 0.000000000000000000, 0.000000000000000000 ) ) ;
#1363 = CARTESIAN_POINT ( 'NONE',  ( 55.00000000000000000, 71.00000000000001421, -45.00000000000000000 ) ) ;
#1364 = CARTESIAN_POINT ( 'NONE',  ( -70.00000000000000000, 5.000000000000000000, -60.00000000000000000 ) ) ;
#1365 = EDGE_CURVE ( 'NONE', #255, #1857, #64, .T. ) ;
#1366 = EDGE_CURVE ( 'NONE', #1717, #1336, #1797, .T. ) ;
#1367 = DIRECTION ( 'NONE',  ( 0.000000000000000000, 0.000000000000000000, -1.000000000000000000 ) ) ;
#1368 = VECTOR ( 'NONE', #1120, 1000.000000000000000 ) ;
#1369 = DIRECTION ( 'NONE',  ( -1.000000000000000000, 0.000000000000000000, 0.000000000000000000 ) ) ;
#1370 = UNCERTAINTY_MEASURE_WITH_UNIT (LENGTH_MEASURE( 1.000000000000000082E-05 ), #354, 'distance_accuracy_value', 'NONE');
#1371 = CARTESIAN_POINT ( 'NONE',  ( 17.90156802834261640, 43.84795328581394358, 1.883407045338198804 ) ) ;
#1372 = CARTESIAN_POINT ( 'NONE',  ( -13.77497731395590996, 45.33658208163353009, -2.500000000000000444 ) ) ;
#1373 = CYLINDRICAL_SURFACE ( 'NONE', #1813, 11.09999999999999964 ) ;
#1374 = DIRECTION ( 'NONE',  ( 0.000000000000000000, 1.000000000000000000, 0.000000000000000000 ) ) ;
#1375 = CIRCLE ( 'NONE', #1852, 9.000000000000000000 ) ;
#1376 = ORIENTED_EDGE ( 'NONE', *, *, #934, .F. ) ;
#1377 = DIRECTION ( 'NONE',  ( 0.000000000000000000, 0.000000000000000000, 1.000000000000000000 ) ) ;
#1378 = VERTEX_POINT ( 'NONE', #788 ) ;
#1379 = DIRECTION ( 'NONE',  ( 0.000000000000000000, 1.000000000000000000, 0.000000000000000000 ) ) ;
#1380 = AXIS2_PLACEMENT_3D ( 'NONE', #1103, #553, #668 ) ;
#1381 = CC_DESIGN_PERSON_AND_ORGANIZATION_ASSIGNMENT ( #79, #1518, ( #617 ) ) ;
#1382 = DIRECTION ( 'NONE',  ( -1.000000000000000000, 0.000000000000000000, 0.000000000000000000 ) ) ;
#1383 = ADVANCED_FACE ( 'NONE', ( #1198 ), #187, .F. ) ;
#1384 = DIRECTION ( 'NONE',  ( 0.000000000000000000, 0.000000000000000000, -1.000000000000000000 ) ) ;
#1385 = EDGE_CURVE ( 'NONE', #1685, #50, #979, .T. ) ;
#1386 = ORIENTED_EDGE ( 'NONE', *, *, #446, .F. ) ;
#1387 = DIRECTION ( 'NONE',  ( 0.000000000000000000, -0.000000000000000000, 1.000000000000000000 ) ) ;
#1388 = ORIENTED_EDGE ( 'NONE', *, *, #340, .T. ) ;
#1389 = LINE ( 'NONE', #273, #179 ) ;
#1390 = AXIS2_PLACEMENT_3D ( 'NONE', #945, #1214, #368 ) ;
#1391 = CARTESIAN_POINT ( 'NONE',  ( 13.97737582468598205, 47.87082956393081190, -0.8097208485295025460 ) ) ;
#1392 = AXIS2_PLACEMENT_3D ( 'NONE', #773, #185, #46 ) ;
#1393 = CIRCLE ( 'NONE', #812, 2.500000000000000000 ) ;
#1394 = AXIS2_PLACEMENT_3D ( 'NONE', #963, #1544, #110 ) ;
#1395 = VERTEX_POINT ( 'NONE', #624 ) ;
#1396 = VERTEX_POINT ( 'NONE', #1084 ) ;
#1397 = CARTESIAN_POINT ( 'NONE',  ( -55.00000000000000000, 0.000000000000000000, -42.24999999999999289 ) ) ;
#1398 = ADVANCED_FACE ( 'NONE', ( #1222 ), #367, .F. ) ;
#1399 = DIRECTION ( 'NONE',  ( 0.000000000000000000, 1.000000000000000000, 0.000000000000000000 ) ) ;
#1400 = VECTOR ( 'NONE', #1052, 1000.000000000000000 ) ;
#1401 = VERTEX_POINT ( 'NONE', #1063 ) ;
#1402 = DIRECTION ( 'NONE',  ( -1.000000000000000000, 0.000000000000000000, 0.000000000000000000 ) ) ;
#1403 = DIRECTION ( 'NONE',  ( 0.000000000000000000, 0.000000000000000000, 1.000000000000000000 ) ) ;
#1404 = CIRCLE ( 'NONE', #1008, 2.750000000000002665 ) ;
#1405 = ORIENTED_EDGE ( 'NONE', *, *, #1634, .T. ) ;
#1406 = CARTESIAN_POINT ( 'NONE',  ( 17.85927503360028368, 44.39262806531695560, -2.247275151789792424 ) ) ;
#1407 = ADVANCED_FACE ( 'NONE', ( #506 ), #206, .T. ) ;
#1408 = CARTESIAN_POINT ( 'NONE',  ( -55.00000000000000000, 5.000000000000004441, 47.75000000000000000 ) ) ;
#1409 = CARTESIAN_POINT ( 'NONE',  ( -35.00000000000000000, 39.00000000000000000, 20.00000000000000000 ) ) ;
#1410 = AXIS2_PLACEMENT_3D ( 'NONE', #896, #1486, #1196 ) ;
#1411 = ORIENTED_EDGE ( 'NONE', *, *, #541, .F. ) ;
#1412 = LINE ( 'NONE', #688, #492 ) ;
#1413 = CARTESIAN_POINT ( 'NONE',  ( 13.79772522292153170, 44.69373113375078788, 2.372095835332435065 ) ) ;
#1414 = ORIENTED_EDGE ( 'NONE', *, *, #124, .F. ) ;
#1415 = DIRECTION ( 'NONE',  ( 0.000000000000000000, -0.000000000000000000, 1.000000000000000000 ) ) ;
#1416 = DIRECTION ( 'NONE',  ( -1.000000000000000000, -0.000000000000000000, -0.000000000000000000 ) ) ;
#1417 = DIRECTION ( 'NONE',  ( 0.000000000000000000, 1.000000000000000000, 0.000000000000000000 ) ) ;
#1418 = EDGE_CURVE ( 'NONE', #1238, #536, #925, .T. ) ;
#1419 = VECTOR ( 'NONE', #784, 1000.000000000000000 ) ;
#1420 = VERTEX_POINT ( 'NONE', #1154 ) ;
#1421 = CARTESIAN_POINT ( 'NONE',  ( -17.89017960054821899, 47.02535853610221750, 1.987404251383103837 ) ) ;
#1422 = CARTESIAN_POINT ( 'NONE',  ( 13.91719534920397905, 43.51343313763997855, -1.526567059171926699 ) ) ;
#1423 = VERTEX_POINT ( 'NONE', #164 ) ;
#1424 = DIRECTION ( 'NONE',  ( 1.000000000000000000, -0.000000000000000000, -0.000000000000000000 ) ) ;
#1425 = CARTESIAN_POINT ( 'NONE',  ( -35.00000000000000000, 5.000000000000000000, 20.00000000000000000 ) ) ;
#1426 = CARTESIAN_POINT ( 'NONE',  ( 55.00000000000000000, 71.00000000000001421, 42.24999999999999289 ) ) ;
#1427 = AXIS2_PLACEMENT_3D ( 'NONE', #89, #1399, #1555 ) ;
#1428 = CARTESIAN_POINT ( 'NONE',  ( 13.77497731395590996, 45.50000000000000000, 2.500000000000000000 ) ) ;
#1429 = ADVANCED_FACE ( 'NONE', ( #1729, #1458, #1590, #855, #1316, #462 ), #305, .F. ) ;
#1430 = EDGE_LOOP ( 'NONE', ( #1219, #350, #904, #545, #1174 ) ) ;
#1431 = FACE_OUTER_BOUND ( 'NONE', #970, .T. ) ;
#1432 = CARTESIAN_POINT ( 'NONE',  ( 13.78930663421201608, 44.85153563719380543, -2.419931759294614793 ) ) ;
#1433 = ORIENTED_EDGE ( 'NONE', *, *, #1066, .F. ) ;
#1434 = ORIENTED_EDGE ( 'NONE', *, *, #1041, .T. ) ;
#1435 = CARTESIAN_POINT ( 'NONE',  ( -17.82554346997588368, 45.50000000000000000, 2.500000000000000000 ) ) ;
#1436 = CARTESIAN_POINT ( 'NONE',  ( -13.99998388512035774, 43.00009024332934615, 0.3273374538871544059 ) ) ;
#1437 = ORIENTED_EDGE ( 'NONE', *, *, #982, .F. ) ;
#1438 = CARTESIAN_POINT ( 'NONE',  ( -14.00000000000000000, 47.99999999999999289, 0.000000000000000000 ) ) ;
#1439 = CARTESIAN_POINT ( 'NONE',  ( 17.82554346997588368, 45.66327818883907241, -2.499999999999999556 ) ) ;
#1440 = APPROVAL ( #1182, 'UNSPECIFIED' ) ;
#1441 = EDGE_CURVE ( 'NONE', #1587, #261, #597, .T. ) ;
#1442 = VERTEX_POINT ( 'NONE', #156 ) ;
#1443 = CYLINDRICAL_SURFACE ( 'NONE', #1252, 9.000000000000000000 ) ;
#1444 = EDGE_CURVE ( 'NONE', #898, #914, #24, .T. ) ;
#1445 = FACE_BOUND ( 'NONE', #1360, .T. ) ;
#1446 = ORIENTED_EDGE ( 'NONE', *, *, #790, .T. ) ;
#1447 = DIRECTION ( 'NONE',  ( 0.000000000000000000, -0.000000000000000000, -1.000000000000000000 ) ) ;
#1448 = DIRECTION ( 'NONE',  ( 0.000000000000000000, 1.000000000000000000, 0.000000000000000000 ) ) ;
#1449 = ORIENTED_EDGE ( 'NONE', *, *, #237, .F. ) ;
#1450 = CARTESIAN_POINT ( 'NONE',  ( -55.00000000000000000, 0.000000000000000000, 47.75000000000000000 ) ) ;
#1451 = DIRECTION ( 'NONE',  ( 0.000000000000000000, 0.000000000000000000, 1.000000000000000000 ) ) ;
#1452 = VERTEX_POINT ( 'NONE', #704 ) ;
#1453 = DIRECTION ( 'NONE',  ( 1.000000000000000000, -0.000000000000000000, 0.000000000000000000 ) ) ;
#1454 = DIRECTION ( 'NONE',  ( 0.000000000000000000, 0.000000000000000000, 1.000000000000000000 ) ) ;
#1455 = EDGE_CURVE ( 'NONE', #536, #1314, #672, .T. ) ;
#1456 = ORIENTED_EDGE ( 'NONE', *, *, #490, .T. ) ;
#1457 = CARTESIAN_POINT ( 'NONE',  ( -13.94442946583930976, 47.66914019974299066, -1.253597910690023021 ) ) ;
#1458 = FACE_BOUND ( 'NONE', #1110, .T. ) ;
#1459 = PLANE ( 'NONE',  #235 ) ;
#1460 = CARTESIAN_POINT ( 'NONE',  ( 17.89017960054821899, 47.02535853610221750, -1.987404251383103837 ) ) ;
#1461 = ORIENTED_EDGE ( 'NONE', *, *, #340, .F. ) ;
#1462 = DIRECTION ( 'NONE',  ( -0.000000000000000000, 1.000000000000000000, -0.000000000000000000 ) ) ;
#1463 = CARTESIAN_POINT ( 'NONE',  ( 0.000000000000000000, 48.00000000000000000, -11.09999999999999964 ) ) ;
#1464 = ORIENTED_EDGE ( 'NONE', *, *, #407, .T. ) ;
#1465 = DIRECTION ( 'NONE',  ( 0.000000000000000000, -1.000000000000000000, 0.000000000000000000 ) ) ;
#1466 = EDGE_CURVE ( 'NONE', #1053, #1639, #1017, .T. ) ;
#1467 = CARTESIAN_POINT ( 'NONE',  ( -13.94438111264216751, 43.33115557834740628, 1.254180513100947580 ) ) ;
#1468 = EDGE_LOOP ( 'NONE', ( #240, #1159 ) ) ;
#1469 = CARTESIAN_POINT ( 'NONE',  ( 0.000000000000000000, 71.00000000000001421, 0.000000000000000000 ) ) ;
#1470 = VECTOR ( 'NONE', #146, 1000.000000000000000 ) ;
#1471 = CARTESIAN_POINT ( 'NONE',  ( 17.99772171286558375, 47.98374518581171344, -0.3282740843300800959 ) ) ;
#1472 = CARTESIAN_POINT ( 'NONE',  ( 70.00000000000000000, 28.00000000000000000, 12.00000000000000000 ) ) ;
#1473 = CIRCLE ( 'NONE', #1323, 1.600000000000000755 ) ;
#1474 = ORIENTED_EDGE ( 'NONE', *, *, #1066, .T. ) ;
#1475 = DIRECTION ( 'NONE',  ( 0.000000000000000000, 0.000000000000000000, -1.000000000000000000 ) ) ;
#1476 = CARTESIAN_POINT ( 'NONE',  ( 55.00000000000000000, 5.000000000000004441, 42.24999999999999289 ) ) ;
#1477 = ORIENTED_EDGE ( 'NONE', *, *, #1455, .F. ) ;
#1478 = CARTESIAN_POINT ( 'NONE',  ( -17.89003425336481712, 43.97629927623683699, -1.988719317344156412 ) ) ;
#1479 = CARTESIAN_POINT ( 'NONE',  ( 17.99999244026211542, 47.99994556988431782, 0.1640875423951353718 ) ) ;
#1480 = ADVANCED_FACE ( 'NONE', ( #293 ), #746, .F. ) ;
#1481 = B_SPLINE_CURVE_WITH_KNOTS ( 'NONE', 3,
 ( #123, #826, #117, #245, #809, #236, #1680, #1700, #258, #670, #546, #1391, #685, #1251, #1130, #102 ),
 .UNSPECIFIED., .F., .F.,
 ( 4, 2, 2, 2, 2, 2, 2, 4 ),
 ( 0.01174820957784264951, 0.01223740096240752591, 0.01272659234697240405, 0.01321578373153728045, 0.01370497511610215685, 0.01468335788523189578, 0.01517254926979676524, 0.01566174065436163471 ),
 .UNSPECIFIED. ) ;
#1482 = ORIENTED_EDGE ( 'NONE', *, *, #1594, .T. ) ;
#1483 = LINE ( 'NONE', #1333, #433 ) ;
#1484 = CIRCLE ( 'NONE', #660, 2.750000000000002665 ) ;
#1485 = ORIENTED_EDGE ( 'NONE', *, *, #1331, .T. ) ;
#1486 = DIRECTION ( 'NONE',  ( 0.000000000000000000, 0.000000000000000000, 1.000000000000000000 ) ) ;
#1487 = VECTOR ( 'NONE', #414, 1000.000000000000000 ) ;
#1488 = CARTESIAN_POINT ( 'NONE',  ( -13.87321980866317617, 43.84787176541581033, -1.883488715203643027 ) ) ;
#1489 = DIRECTION ( 'NONE',  ( -1.000000000000000000, 0.000000000000000000, 0.000000000000000000 ) ) ;
#1490 = EDGE_CURVE ( 'NONE', #323, #44, #422, .T. ) ;
#1491 = APPROVAL_PERSON_ORGANIZATION ( #1069, #740, #1795 ) ;
#1492 = ORIENTED_EDGE ( 'NONE', *, *, #469, .T. ) ;
#1493 = PLANE ( 'NONE',  #576 ) ;
#1494 = VERTEX_POINT ( 'NONE', #1495 ) ;
#1495 = CARTESIAN_POINT ( 'NONE',  ( 0.000000000000000000, 55.00000000000000000, -9.000000000000000000 ) ) ;
#1496 = AXIS2_PLACEMENT_3D ( 'NONE', #94, #1253, #251 ) ;
#1497 = DIRECTION ( 'NONE',  ( 0.000000000000000000, -1.000000000000000000, 0.000000000000000000 ) ) ;
#1498 = CARTESIAN_POINT ( 'NONE',  ( 18.00000000000000000, 39.00000000000000000, 20.00000000000000000 ) ) ;
#1499 = LINE ( 'NONE', #776, #99 ) ;
#1500 = CALENDAR_DATE ( 2026, 7, 9 ) ;
#1501 = VERTEX_POINT ( 'NONE', #505 ) ;
#1502 = ORIENTED_EDGE ( 'NONE', *, *, #1865, .F. ) ;
#1503 = EDGE_CURVE ( 'NONE', #44, #914, #919, .T. ) ;
#1504 = VECTOR ( 'NONE', #1497, 1000.000000000000000 ) ;
#1505 = CARTESIAN_POINT ( 'NONE',  ( 17.89003425336481712, 43.97629927623683699, 1.988719317344156412 ) ) ;
#1506 = CARTESIAN_POINT ( 'NONE',  ( -17.83657637416000341, 44.85270831693974003, -2.420242142391126450 ) ) ;
#1507 = CARTESIAN_POINT ( 'NONE',  ( 55.00000000000000000, 5.000000000000004441, -45.00000000000000000 ) ) ;
#1508 = CARTESIAN_POINT ( 'NONE',  ( 13.95674387236215530, 47.74600558074602930, 1.110095789039655223 ) ) ;
#1509 = ORIENTED_EDGE ( 'NONE', *, *, #632, .T. ) ;
#1510 = DIRECTION ( 'NONE',  ( -1.000000000000000000, 0.000000000000000000, -0.000000000000000000 ) ) ;
#1511 = CARTESIAN_POINT ( 'NONE',  ( -21.00000000000000355, 45.50000000000000000, 0.000000000000000000 ) ) ;
#1512 = CIRCLE ( 'NONE', #1723, 2.500000000000000000 ) ;
#1513 = ADVANCED_FACE ( 'NONE', ( #366 ), #1640, .F. ) ;
#1514 = CARTESIAN_POINT ( 'NONE',  ( -17.82554346997588368, 45.50000000000000000, -2.500000000000000000 ) ) ;
#1515 = DIRECTION ( 'NONE',  ( 0.000000000000000000, 0.000000000000000000, -1.000000000000000000 ) ) ;
#1516 = AXIS2_PLACEMENT_3D ( 'NONE', #1758, #361, #32 ) ;
#1517 = CARTESIAN_POINT ( 'NONE',  ( 0.000000000000000000, 63.00000000000000000, -9.000000000000000000 ) ) ;
#1518 = PERSON_AND_ORGANIZATION_ROLE ( 'creator' ) ;
#1519 = VERTEX_POINT ( 'NONE', #766 ) ;
#1520 = LOCAL_TIME ( 22, 39, 37.00000000000000000, #1761 ) ;
#1521 = DIRECTION ( 'NONE',  ( -0.000000000000000000, -1.000000000000000000, -0.000000000000000000 ) ) ;
#1522 = CARTESIAN_POINT ( 'NONE',  ( 13.87321980866317617, 43.84787176541581033, 1.883488715203643027 ) ) ;
#1523 = ORIENTED_EDGE ( 'NONE', *, *, #189, .T. ) ;
#1524 = CYLINDRICAL_SURFACE ( 'NONE', #783, 2.750000000000002665 ) ;
#1525 = EDGE_CURVE ( 'NONE', #71, #1336, #828, .T. ) ;
#1526 = DIRECTION ( 'NONE',  ( 0.000000000000000000, -1.000000000000000000, 0.000000000000000000 ) ) ;
#1527 = EDGE_CURVE ( 'NONE', #208, #149, #1348, .T. ) ;
#1528 = APPROVAL_PERSON_ORGANIZATION ( #1833, #1242, #229 ) ;
#1529 = CARTESIAN_POINT ( 'NONE',  ( 13.85854783668030521, 47.03672472110040559, 1.998612875830826141 ) ) ;
#1530 = VECTOR ( 'NONE', #599, 1000.000000000000000 ) ;
#1531 = DATE_TIME_ROLE ( 'classification_date' ) ;
#1532 = DIRECTION ( 'NONE',  ( -0.000000000000000000, -1.000000000000000000, -0.000000000000000000 ) ) ;
#1533 = CARTESIAN_POINT ( 'NONE',  ( 13.78938628576195846, 44.84971007570410251, 2.419480509528800116 ) ) ;
#1534 = ORIENTED_EDGE ( 'NONE', *, *, #1331, .F. ) ;
#1535 = LINE ( 'NONE', #1250, #1232 ) ;
#1536 = LINE ( 'NONE', #1264, #1150 ) ;
#1537 = EDGE_CURVE ( 'NONE', #1742, #1395, #356, .T. ) ;
#1538 = DIRECTION ( 'NONE',  ( 0.000000000000000000, 0.000000000000000000, -1.000000000000000000 ) ) ;
#1539 = PERSON_AND_ORGANIZATION_ROLE ( 'design_supplier' ) ;
#1540 = CARTESIAN_POINT ( 'NONE',  ( -21.00000000000000355, 28.00000000000000000, 12.00000000000000000 ) ) ;
#1541 = CARTESIAN_POINT ( 'NONE',  ( -55.00000000000000000, 5.000000000000004441, -47.75000000000000000 ) ) ;
#1542 = ORIENTED_EDGE ( 'NONE', *, *, #902, .F. ) ;
#1543 = DIRECTION ( 'NONE',  ( -0.000000000000000000, -0.000000000000000000, 1.000000000000000000 ) ) ;
#1544 = DIRECTION ( 'NONE',  ( 0.000000000000000000, 1.000000000000000000, 0.000000000000000000 ) ) ;
#1545 = AXIS2_PLACEMENT_3D ( 'NONE', #742, #1352, #468 ) ;
#1546 = EDGE_CURVE ( 'NONE', #1742, #697, #1301, .T. ) ;
#1547 = ORIENTED_EDGE ( 'NONE', *, *, #1466, .F. ) ;
#1548 = DIRECTION ( 'NONE',  ( 0.000000000000000000, -1.000000000000000000, 0.000000000000000000 ) ) ;
#1549 = FACE_OUTER_BOUND ( 'NONE', #1776, .T. ) ;
#1550 = ORIENTED_EDGE ( 'NONE', *, *, #871, .T. ) ;
#1551 = FACE_OUTER_BOUND ( 'NONE', #1293, .T. ) ;
#1552 = DIRECTION ( 'NONE',  ( 0.000000000000000000, 0.000000000000000000, 1.000000000000000000 ) ) ;
#1553 = ORIENTED_EDGE ( 'NONE', *, *, #1594, .F. ) ;
#1554 = CARTESIAN_POINT ( 'NONE',  ( -17.84314020370215204, 46.30654827295534659, -2.371995126829087752 ) ) ;
#1555 = DIRECTION ( 'NONE',  ( 0.000000000000000000, 0.000000000000000000, 1.000000000000000000 ) ) ;
#1556 = EDGE_CURVE ( 'NONE', #1591, #608, #1789, .T. ) ;
#1557 = ORIENTED_EDGE ( 'NONE', *, *, #373, .F. ) ;
#1558 = CARTESIAN_POINT ( 'NONE',  ( 70.00000000000000000, 0.000000000000000000, 60.00000000000000000 ) ) ;
#1559 = CARTESIAN_POINT ( 'NONE',  ( -70.00000000000000000, 0.000000000000000000, 60.00000000000000000 ) ) ;
#1560 = VECTOR ( 'NONE', #745, 1000.000000000000000 ) ;
#1561 = ORIENTED_EDGE ( 'NONE', *, *, #446, .T. ) ;
#1562 = CARTESIAN_POINT ( 'NONE',  ( -17.82554346997588368, 45.50000000000000000, -2.500000000000000000 ) ) ;
#1563 = FACE_OUTER_BOUND ( 'NONE', #1361, .T. ) ;
#1564 = ORIENTED_EDGE ( 'NONE', *, *, #101, .F. ) ;
#1565 = CARTESIAN_POINT ( 'NONE',  ( -17.95683955212295757, 43.33061866375236093, 1.253185796717250833 ) ) ;
#1566 = B_SPLINE_CURVE_WITH_KNOTS ( 'NONE', 3,
 ( #1514, #630, #1074, #1506, #899, #1056, #1632, #1478, #357, #482, #73, #930, #57, #488 ),
 .UNSPECIFIED., .F., .F.,
 ( 4, 2, 2, 2, 2, 2, 4 ),
 ( 0.01173912980762984934, 0.01222790076501380219, 0.01271667172239775503, 0.01320544267978170788, 0.01369421363716566073, 0.01467175555193356469, 0.01564929746670146865 ),
 .UNSPECIFIED. ) ;
#1567 = CARTESIAN_POINT ( 'NONE',  ( -13.91711597651178245, 47.49703099514800897, 1.538677995299831958 ) ) ;
#1568 = DIRECTION ( 'NONE',  ( 0.000000000000000000, 0.000000000000000000, 1.000000000000000000 ) ) ;
#1569 = LINE ( 'NONE', #835, #1571 ) ;
#1570 = AXIS2_PLACEMENT_3D ( 'NONE', #65, #921, #74 ) ;
#1571 = VECTOR ( 'NONE', #247, 1000.000000000000000 ) ;
#1572 = AXIS2_PLACEMENT_3D ( 'NONE', #406, #972, #274 ) ;
#1573 = VERTEX_POINT ( 'NONE', #1476 ) ;
#1574 = CARTESIAN_POINT ( 'NONE',  ( -17.82784722394456978, 45.82813093800245241, -2.483725953013491416 ) ) ;
#1575 = LINE ( 'NONE', #712, #946 ) ;
#1576 = ORIENTED_EDGE ( 'NONE', *, *, #391, .T. ) ;
#1577 = CARTESIAN_POINT ( 'NONE',  ( -17.83661075964595710, 44.85136071230114396, 2.419992793165508971 ) ) ;
#1578 = DIRECTION ( 'NONE',  ( 0.000000000000000000, -0.000000000000000000, -1.000000000000000000 ) ) ;
#1579 = CYLINDRICAL_SURFACE ( 'NONE', #1129, 18.00000000000000000 ) ;
#1580 = EDGE_CURVE ( 'NONE', #1731, #556, #349, .T. ) ;
#1581 = DIRECTION ( 'NONE',  ( 0.000000000000000000, 0.000000000000000000, -1.000000000000000000 ) ) ;
#1582 = EDGE_CURVE ( 'NONE', #243, #1102, #623, .T. ) ;
#1583 = VERTEX_POINT ( 'NONE', #1073 ) ;
#1584 = DIRECTION ( 'NONE',  ( -1.000000000000000000, 0.000000000000000000, 0.000000000000000000 ) ) ;
#1585 = EDGE_CURVE ( 'NONE', #1423, #1053, #1786, .T. ) ;
#1586 = CARTESIAN_POINT ( 'NONE',  ( 13.83123635781539384, 44.24649763955431325, -2.169165897749828709 ) ) ;
#1587 = VERTEX_POINT ( 'NONE', #81 ) ;
#1588 = VERTEX_POINT ( 'NONE', #1764 ) ;
#1589 = DIRECTION ( 'NONE',  ( 0.000000000000000000, 0.000000000000000000, 1.000000000000000000 ) ) ;
#1590 = FACE_BOUND ( 'NONE', #279, .T. ) ;
#1591 = VERTEX_POINT ( 'NONE', #473 ) ;
#1592 = CARTESIAN_POINT ( 'NONE',  ( -35.00000000000000000, 5.000000000000000000, -20.00000000000000000 ) ) ;
#1593 = CYLINDRICAL_SURFACE ( 'NONE', #5, 2.750000000000002665 ) ;
#1594 = EDGE_CURVE ( 'NONE', #1314, #1396, #1043, .T. ) ;
#1595 = ORIENTED_EDGE ( 'NONE', *, *, #322, .F. ) ;
#1596 = DIRECTION ( 'NONE',  ( 0.000000000000000000, 0.000000000000000000, 1.000000000000000000 ) ) ;
#1597 = CARTESIAN_POINT ( 'NONE',  ( 0.000000000000000000, 47.99999999999999289, 0.000000000000000000 ) ) ;
#1598 = VERTEX_POINT ( 'NONE', #1338 ) ;
#1599 = CARTESIAN_POINT ( 'NONE',  ( -13.77788817377749098, 45.82595894491446842, -2.484121722329651671 ) ) ;
#1600 = CARTESIAN_POINT ( 'NONE',  ( -13.87331835086268050, 43.84711725086926037, 1.882694213355271540 ) ) ;
#1601 = EDGE_LOOP ( 'NONE', ( #1127, #918, #1757, #709, #1765, #1144, #1148, #755 ) ) ;
#1602 = CARTESIAN_POINT ( 'NONE',  ( 18.00000000000000000, 43.00000000000000000, -20.00000000000000000 ) ) ;
#1603 = DIRECTION ( 'NONE',  ( 0.000000000000000000, 1.000000000000000000, 0.000000000000000000 ) ) ;
#1604 = B_SPLINE_CURVE_WITH_KNOTS ( 'NONE', 3,
 ( #953, #269, #381, #1533, #1413, #943, #645, #512, #1522, #1018, #1289, #581, #1855, #689, #301, #161, #1843, #1864, #1714, #9, #1161, #1422, #1726, #1269, #1704, #1586, #141, #550, #1432, #992, #732, #439 ),
 .UNSPECIFIED., .F., .F.,
 ( 4, 2, 2, 2, 2, 2, 2, 2, 2, 2, 2, 2, 2, 2, 2, 4 ),
 ( 0.003916888019530036756, 0.004406345616924574674, 0.004895803214319113458, 0.005385260811713652243, 0.005874718409108190161, 0.006364176006502728078, 0.006853633603897266863, 0.007343091201291805648, 0.007832548798686344432, 0.008811463993475420267, 0.009300921590869957317, 0.009790379188264496102, 0.01027983678565903489, 0.01076929438305357367, 0.01125875198044811246, 0.01174820957784265124 ),
 .UNSPECIFIED. ) ;
#1605 = VECTOR ( 'NONE', #620, 1000.000000000000000 ) ;
#1606 = ORIENTED_EDGE ( 'NONE', *, *, #859, .F. ) ;
#1607 = DIRECTION ( 'NONE',  ( 0.000000000000000000, -1.000000000000000000, 0.000000000000000000 ) ) ;
#1608 = EDGE_CURVE ( 'NONE', #1053, #243, #410, .T. ) ;
#1609 = CARTESIAN_POINT ( 'NONE',  ( 55.00000000000000000, 5.000000000000004441, -47.75000000000000000 ) ) ;
#1610 = ORIENTED_EDGE ( 'NONE', *, *, #212, .T. ) ;
#1611 = CARTESIAN_POINT ( 'NONE',  ( -13.99706564353899374, 47.98371325702410672, -0.3283239205757456092 ) ) ;
#1612 = CARTESIAN_POINT ( 'NONE',  ( -13.90265466842987152, 43.61668745355277110, 1.652178179183418916 ) ) ;
#1613 = ORIENTED_EDGE ( 'NONE', *, *, #1537, .T. ) ;
#1614 = CARTESIAN_POINT ( 'NONE',  ( 0.000000000000000000, 47.99999999999999289, 0.000000000000000000 ) ) ;
#1615 = CARTESIAN_POINT ( 'NONE',  ( -35.00000000000000000, 68.00000000000000000, -20.00000000000000000 ) ) ;
#1616 = AXIS2_PLACEMENT_3D ( 'NONE', #113, #95, #1377 ) ;
#1617 = VECTOR ( 'NONE', #1237, 1000.000000000000000 ) ;
#1618 = DIRECTION ( 'NONE',  ( 0.000000000000000000, 0.000000000000000000, -1.000000000000000000 ) ) ;
#1619 = VECTOR ( 'NONE', #1521, 1000.000000000000000 ) ;
#1620 = ORIENTED_EDGE ( 'NONE', *, *, #391, .F. ) ;
#1621 = CARTESIAN_POINT ( 'NONE',  ( 18.00000000000000000, 43.00000000000000000, 0.000000000000000000 ) ) ;
#1622 = CARTESIAN_POINT ( 'NONE',  ( 70.00000000000000000, 45.50000000000000000, -2.500000000000000000 ) ) ;
#1623 = EDGE_CURVE ( 'NONE', #536, #990, #1246, .T. ) ;
#1624 = ORIENTED_EDGE ( 'NONE', *, *, #1076, .F. ) ;
#1625 = CARTESIAN_POINT ( 'NONE',  ( -13.97762742863162266, 43.12768395077739569, -0.8055416713485178404 ) ) ;
#1626 = VECTOR ( 'NONE', #1141, 1000.000000000000000 ) ;
#1627 = CARTESIAN_POINT ( 'NONE',  ( 55.00000000000000000, 0.000000000000000000, -42.24999999999999289 ) ) ;
#1628 = LINE ( 'NONE', #1200, #1149 ) ;
#1629 = DIRECTION ( 'NONE',  ( -0.000000000000000000, 1.000000000000000000, -0.000000000000000000 ) ) ;
#1630 = VERTEX_POINT ( 'NONE', #1828 ) ;
#1631 = DIRECTION ( 'NONE',  ( -1.000000000000000000, 0.000000000000000000, 0.000000000000000000 ) ) ;
#1632 = CARTESIAN_POINT ( 'NONE',  ( -17.86894718356162670, 44.24795696641643161, -2.170036096665012515 ) ) ;
#1633 = DIRECTION ( 'NONE',  ( 0.000000000000000000, 0.000000000000000000, 1.000000000000000000 ) ) ;
#1634 = EDGE_CURVE ( 'NONE', #261, #1587, #547, .T. ) ;
#1635 = CARTESIAN_POINT ( 'NONE',  ( 70.00000000000000000, 45.50000000000000000, 0.000000000000000000 ) ) ;
#1636 = CARTESIAN_POINT ( 'NONE',  ( 0.000000000000000000, 0.000000000000000000, 0.000000000000000000 ) ) ;
#1637 = VECTOR ( 'NONE', #1654, 1000.000000000000000 ) ;
#1638 = VECTOR ( 'NONE', #1631, 1000.000000000000000 ) ;
#1639 = VERTEX_POINT ( 'NONE', #969 ) ;
#1640 = PLANE ( 'NONE',  #1410 ) ;
#1641 = AXIS2_PLACEMENT_3D ( 'NONE', #320, #1462, #602 ) ;
#1642 = VECTOR ( 'NONE', #1693, 1000.000000000000000 ) ;
#1643 = B_SPLINE_CURVE_WITH_KNOTS ( 'NONE', 3,
 ( #1315, #1164, #472, #429, #314, #23, #1565, #594, #280, #842, #703, #1858, #562, #996, #1577, #292, #854, #1435 ),
 .UNSPECIFIED., .F., .F.,
 ( 4, 2, 2, 2, 2, 2, 2, 2, 4 ),
 ( 0.000000000000000000, 0.0004892157782246985345, 0.0009784315564493970691, 0.001467647334674095820, 0.001956863112898795005, 0.002446078891123494407, 0.002935294669348193376, 0.003424510447572893211, 0.003913726225797592613 ),
 .UNSPECIFIED. ) ;
#1644 = CARTESIAN_POINT ( 'NONE',  ( -13.77798356852417960, 45.17055491777410481, -2.483591926913044645 ) ) ;
#1645 = CARTESIAN_POINT ( 'NONE',  ( -21.00000000000000000, 68.00000000000000000, -20.00000000000000000 ) ) ;
#1646 = AXIS2_PLACEMENT_3D ( 'NONE', #975, #798, #1261 ) ;
#1647 = ADVANCED_FACE ( 'NONE', ( #1549, #544 ), #655, .T. ) ;
#1648 = DIRECTION ( 'NONE',  ( -1.000000000000000000, 0.000000000000000000, 0.000000000000000000 ) ) ;
#1649 = CALENDAR_DATE ( 2026, 7, 9 ) ;
#1650 = ORIENTED_EDGE ( 'NONE', *, *, #1634, .F. ) ;
#1651 = ORIENTED_EDGE ( 'NONE', *, *, #1248, .F. ) ;
#1652 = CARTESIAN_POINT ( 'NONE',  ( 17.85934350201489096, 44.39142393788996088, 2.246740643699007389 ) ) ;
#1653 = CARTESIAN_POINT ( 'NONE',  ( -35.00000000000000000, 28.00000000000000000, -12.00000000000000000 ) ) ;
#1654 = DIRECTION ( 'NONE',  ( 1.000000000000000000, 0.000000000000000000, 0.000000000000000000 ) ) ;
#1655 = ORIENTED_EDGE ( 'NONE', *, *, #846, .T. ) ;
#1656 = DIRECTION ( 'NONE',  ( -0.000000000000000000, 1.000000000000000000, -0.000000000000000000 ) ) ;
#1657 = DIRECTION ( 'NONE',  ( 0.000000000000000000, 0.000000000000000000, -1.000000000000000000 ) ) ;
#1658 = CIRCLE ( 'NONE', #271, 1.600000000000000755 ) ;
#1659 = ORIENTED_EDGE ( 'NONE', *, *, #335, .F. ) ;
#1660 = CARTESIAN_POINT ( 'NONE',  ( 70.00000000000000000, 45.50000000000000000, -2.500000000000000000 ) ) ;
#1661 = CARTESIAN_POINT ( 'NONE',  ( 0.000000000000000000, 47.99999999999999289, 0.000000000000000000 ) ) ;
#1662 = LINE ( 'NONE', #782, #908 ) ;
#1663 = CARTESIAN_POINT ( 'NONE',  ( -21.00000000000000000, 5.000000000000000000, -20.00000000000000000 ) ) ;
#1664 = DATE_AND_TIME ( #785, #951 ) ;
#1665 = EDGE_CURVE ( 'NONE', #450, #1442, #640, .T. ) ;
#1666 = DIRECTION ( 'NONE',  ( 0.000000000000000000, 0.000000000000000000, 1.000000000000000000 ) ) ;
#1667 = LINE ( 'NONE', #682, #1697 ) ;
#1668 = ORIENTED_EDGE ( 'NONE', *, *, #124, .T. ) ;
#1669 = CYLINDRICAL_SURFACE ( 'NONE', #1299, 1.600000000000000755 ) ;
#1670 = VECTOR ( 'NONE', #1607, 1000.000000000000000 ) ;
#1671 = VECTOR ( 'NONE', #895, 1000.000000000000000 ) ;
#1672 = CARTESIAN_POINT ( 'NONE',  ( 13.99706564353899374, 47.98371325702410672, 0.3283239205757456092 ) ) ;
#1673 = CALENDAR_DATE ( 2026, 7, 9 ) ;
#1674 = CYLINDRICAL_SURFACE ( 'NONE', #1496, 2.750000000000002665 ) ;
#1675 = CARTESIAN_POINT ( 'NONE',  ( -70.00000000000000000, 5.000000000000000000, -60.00000000000000000 ) ) ;
#1676 = VERTEX_POINT ( 'NONE', #1821 ) ;
#1677 = FACE_BOUND ( 'NONE', #733, .T. ) ;
#1678 = EDGE_CURVE ( 'NONE', #166, #866, #1092, .T. ) ;
#1679 = AXIS2_PLACEMENT_3D ( 'NONE', #1835, #409, #1510 ) ;
#1680 = CARTESIAN_POINT ( 'NONE',  ( 13.83111768682473830, 46.75224176343813554, -2.169932383611663518 ) ) ;
#1681 = DIRECTION ( 'NONE',  ( -1.000000000000000000, -0.000000000000000000, -0.000000000000000000 ) ) ;
#1682 = DATE_AND_TIME ( #1673, #234 ) ;
#1683 = ORIENTED_EDGE ( 'NONE', *, *, #518, .T. ) ;
#1684 = LINE ( 'NONE', #960, #1368 ) ;
#1685 = VERTEX_POINT ( 'NONE', #666 ) ;
#1686 = PLANE ( 'NONE',  #1132 ) ;
#1687 = DIRECTION ( 'NONE',  ( -0.000000000000000000, 1.000000000000000000, -0.000000000000000000 ) ) ;
#1688 = EDGE_CURVE ( 'NONE', #261, #1328, #1667, .T. ) ;
#1689 = CARTESIAN_POINT ( 'NONE',  ( -35.00000000000000000, 68.00000000000000000, 20.00000000000000000 ) ) ;
#1690 = CARTESIAN_POINT ( 'NONE',  ( 70.00000000000000000, 45.50000000000000000, 2.500000000000000000 ) ) ;
#1691 = ORIENTED_EDGE ( 'NONE', *, *, #393, .F. ) ;
#1692 = DIRECTION ( 'NONE',  ( 0.000000000000000000, -1.000000000000000000, 0.000000000000000000 ) ) ;
#1693 = DIRECTION ( 'NONE',  ( -0.000000000000000000, -0.000000000000000000, 1.000000000000000000 ) ) ;
#1694 = EDGE_CURVE ( 'NONE', #503, #1201, #14, .T. ) ;
#1695 = DIRECTION ( 'NONE',  ( -1.000000000000000000, 0.000000000000000000, 0.000000000000000000 ) ) ;
#1696 = CARTESIAN_POINT ( 'NONE',  ( 17.90154640754271398, 43.84817798323723537, -1.883620422253801774 ) ) ;
#1697 = VECTOR ( 'NONE', #1254, 1000.000000000000000 ) ;
#1698 = ORIENTED_EDGE ( 'NONE', *, *, #246, .T. ) ;
#1699 = DIRECTION ( 'NONE',  ( 0.000000000000000000, 0.000000000000000000, 1.000000000000000000 ) ) ;
#1700 = CARTESIAN_POINT ( 'NONE',  ( 13.85837772356353348, 47.02411485665101765, -1.988413912464115585 ) ) ;
#1701 = AXIS2_PLACEMENT_3D ( 'NONE', #1469, #1860, #1743 ) ;
#1702 = CARTESIAN_POINT ( 'NONE',  ( -17.95678435610459545, 47.66891141112108699, 1.253921572323314804 ) ) ;
#1703 = DESIGN_CONTEXT ( 'detailed design', #401, 'design' ) ;
#1704 = CARTESIAN_POINT ( 'NONE',  ( 13.85841951147992113, 43.97554588850440638, -1.988111798050579138 ) ) ;
#1705 = VERTEX_POINT ( 'NONE', #1109 ) ;
#1706 = DIRECTION ( 'NONE',  ( 0.000000000000000000, 1.000000000000000000, 0.000000000000000000 ) ) ;
#1707 = DIRECTION ( 'NONE',  ( 0.000000000000000000, 1.000000000000000000, 0.000000000000000000 ) ) ;
#1708 = LINE ( 'NONE', #1840, #1487 ) ;
#1709 = CIRCLE ( 'NONE', #827, 2.500000000000000000 ) ;
#1710 = DIRECTION ( 'NONE',  ( -0.000000000000000000, -0.000000000000000000, -1.000000000000000000 ) ) ;
#1711 = ORIENTED_EDGE ( 'NONE', *, *, #170, .T. ) ;
#1712 = PRODUCT_DEFINITION ( 'UNKNOWN', '', #617, #1703 ) ;
#1713 = CARTESIAN_POINT ( 'NONE',  ( -17.89008508779284767, 47.02428457771252113, -1.988260659012909715 ) ) ;
#1714 = CARTESIAN_POINT ( 'NONE',  ( 13.98783146230096897, 43.06595288685917211, -0.6569319199328317316 ) ) ;
#1715 = EDGE_CURVE ( 'NONE', #608, #1317, #1071, .T. ) ;
#1716 = ORIENTED_EDGE ( 'NONE', *, *, #871, .F. ) ;
#1717 = VERTEX_POINT ( 'NONE', #1541 ) ;
#1718 = CARTESIAN_POINT ( 'NONE',  ( -17.82554346997588368, 45.50000000000000000, 2.500000000000000000 ) ) ;
#1719 = CARTESIAN_POINT ( 'NONE',  ( -13.81880599098808027, 44.38992287291959826, 2.246034742418408836 ) ) ;
#1720 = EDGE_CURVE ( 'NONE', #1238, #1801, #1684, .T. ) ;
#1721 = CARTESIAN_POINT ( 'NONE',  ( -55.00000000000000000, 0.000000000000000000, -45.00000000000000000 ) ) ;
#1722 = CARTESIAN_POINT ( 'NONE',  ( 1.359357947053562156E-15, 48.00000000000000000, 11.09999999999999964 ) ) ;
#1723 = AXIS2_PLACEMENT_3D ( 'NONE', #358, #199, #1798 ) ;
#1724 = ORIENTED_EDGE ( 'NONE', *, *, #1332, .F. ) ;
#1725 = CARTESIAN_POINT ( 'NONE',  ( -21.00000000000000000, 68.00000000000000000, 20.00000000000000000 ) ) ;
#1726 = CARTESIAN_POINT ( 'NONE',  ( 13.90265466842987152, 43.61668745355277110, -1.652178179183418916 ) ) ;
#1727 = EDGE_LOOP ( 'NONE', ( #1482, #1279, #883, #1235, #570, #2, #34, #1351 ) ) ;
#1728 = CARTESIAN_POINT ( 'NONE',  ( -13.95674387236215530, 47.74600558074602930, -1.110095789039655223 ) ) ;
#1729 = FACE_BOUND ( 'NONE', #420, .T. ) ;
#1730 = CC_DESIGN_APPROVAL ( #740, ( #617 ) ) ;
#1731 = VERTEX_POINT ( 'NONE', #397 ) ;
#1732 = FACE_OUTER_BOUND ( 'NONE', #1866, .T. ) ;
#1733 = DIRECTION ( 'NONE',  ( 0.000000000000000000, 0.000000000000000000, -1.000000000000000000 ) ) ;
#1734 = PRODUCT_DEFINITION_SHAPE ( 'NONE', 'NONE',  #1712 ) ;
#1735 = EDGE_CURVE ( 'NONE', #677, #255, #1192, .T. ) ;
#1736 = CIRCLE ( 'NONE', #363, 1.600000000000000755 ) ;
#1737 = CARTESIAN_POINT ( 'NONE',  ( -17.83666656344199097, 46.14990448121902489, 2.419580707800498054 ) ) ;
#1738 = DIRECTION ( 'NONE',  ( 0.000000000000000000, 1.000000000000000000, 0.000000000000000000 ) ) ;
#1739 = ORIENTED_EDGE ( 'NONE', *, *, #1490, .F. ) ;
#1740 = CARTESIAN_POINT ( 'NONE',  ( -35.00000000000000000, 5.000000000000000000, -20.00000000000000000 ) ) ;
#1741 = CARTESIAN_POINT ( 'NONE',  ( -21.00000000000000000, 39.00000000000000000, 20.00000000000000000 ) ) ;
#1742 = VERTEX_POINT ( 'NONE', #1812 ) ;
#1743 = DIRECTION ( 'NONE',  ( 0.000000000000000000, 0.000000000000000000, -1.000000000000000000 ) ) ;
#1744 = CARTESIAN_POINT ( 'NONE',  ( 17.86914326116178131, 46.75478022446629467, -2.168414376996213644 ) ) ;
#1745 = EDGE_CURVE ( 'NONE', #1705, #1102, #1604, .T. ) ;
#1746 = AXIS2_PLACEMENT_3D ( 'NONE', #1653, #215, #198 ) ;
#1747 = ORIENTED_EDGE ( 'NONE', *, *, #708, .F. ) ;
#1748 = DIRECTION ( 'NONE',  ( -1.000000000000000000, -0.000000000000000000, -0.000000000000000000 ) ) ;
#1749 = DIRECTION ( 'NONE',  ( 0.000000000000000000, 0.000000000000000000, -1.000000000000000000 ) ) ;
#1750 = EDGE_LOOP ( 'NONE', ( #302, #958 ) ) ;
#1751 = CARTESIAN_POINT ( 'NONE',  ( 0.000000000000000000, 43.00000000000000000, 0.000000000000000000 ) ) ;
#1752 = CARTESIAN_POINT ( 'NONE',  ( -13.87322989014139196, 47.15212333307417225, 1.883322644825444536 ) ) ;
#1753 = ORIENTED_EDGE ( 'NONE', *, *, #1124, .T. ) ;
#1754 = CARTESIAN_POINT ( 'NONE',  ( -35.00000000000000000, 28.00000000000000000, 10.40000000000000036 ) ) ;
#1755 = CARTESIAN_POINT ( 'NONE',  ( 17.92453452202722275, 47.38477596382748658, -1.650692166586511522 ) ) ;
#1756 = AXIS2_PLACEMENT_3D ( 'NONE', #691, #1379, #108 ) ;
#1757 = ORIENTED_EDGE ( 'NONE', *, *, #322, .T. ) ;
#1758 = CARTESIAN_POINT ( 'NONE',  ( 55.00000000000000000, 0.000000000000000000, -45.00000000000000000 ) ) ;
#1759 = VECTOR ( 'NONE', #1779, 1000.000000000000000 ) ;
#1760 = EDGE_CURVE ( 'NONE', #1583, #656, #417, .T. ) ;
#1761 = COORDINATED_UNIVERSAL_TIME_OFFSET ( 6, 0, .BEHIND. ) ;
#1762 = VERTEX_POINT ( 'NONE', #1609 ) ;
#1763 = CARTESIAN_POINT ( 'NONE',  ( -13.90249901354925655, 47.38215900057863195, -1.653472579304024803 ) ) ;
#1764 = CARTESIAN_POINT ( 'NONE',  ( -21.00000000000000355, 28.00000000000000000, -13.60000000000000142 ) ) ;
#1765 = ORIENTED_EDGE ( 'NONE', *, *, #1353, .F. ) ;
#1766 = CARTESIAN_POINT ( 'NONE',  ( -13.91737531456935884, 43.51220386006556140, -1.524842003843603910 ) ) ;
#1767 = DIRECTION ( 'NONE',  ( 0.000000000000000000, 0.000000000000000000, -1.000000000000000000 ) ) ;
#1768 = VECTOR ( 'NONE', #675, 1000.000000000000000 ) ;
#1769 = CARTESIAN_POINT ( 'NONE',  ( 0.000000000000000000, 55.00000000000000000, -11.09999999999999964 ) ) ;
#1770 = DIRECTION ( 'NONE',  ( -1.000000000000000000, 0.000000000000000000, 0.000000000000000000 ) ) ;
#1771 = VECTOR ( 'NONE', #1548, 1000.000000000000000 ) ;
#1772 = EDGE_CURVE ( 'NONE', #383, #898, #1575, .T. ) ;
#1773 = ORIENTED_EDGE ( 'NONE', *, *, #1296, .F. ) ;
#1774 = CARTESIAN_POINT ( 'NONE',  ( 55.00000000000000000, 5.000000000000004441, 45.00000000000000000 ) ) ;
#1775 = CARTESIAN_POINT ( 'NONE',  ( 18.00000000000000000, 43.00000000000000000, 0.000000000000000000 ) ) ;
#1776 = EDGE_LOOP ( 'NONE', ( #1446, #701 ) ) ;
#1777 = CIRCLE ( 'NONE', #891, 11.09999999999999964 ) ;
#1778 = DIRECTION ( 'NONE',  ( -0.000000000000000000, 1.000000000000000000, -0.000000000000000000 ) ) ;
#1779 = DIRECTION ( 'NONE',  ( 0.000000000000000000, 0.000000000000000000, 1.000000000000000000 ) ) ;
#1780 = ORIENTED_EDGE ( 'NONE', *, *, #1715, .T. ) ;
#1781 = ADVANCED_FACE ( 'NONE', ( #568, #1445 ), #1313, .F. ) ;
#1782 = CARTESIAN_POINT ( 'NONE',  ( 17.83657637416000341, 44.85270831693974003, 2.420242142391126450 ) ) ;
#1783 = CARTESIAN_POINT ( 'NONE',  ( -55.00000000000000000, 71.00000000000001421, -47.75000000000000000 ) ) ;
#1784 = CARTESIAN_POINT ( 'NONE',  ( 70.00000000000000000, 28.00000000000000000, -12.00000000000000000 ) ) ;
#1785 = EDGE_CURVE ( 'NONE', #1598, #1452, #1158, .T. ) ;
#1786 = B_SPLINE_CURVE_WITH_KNOTS ( 'NONE', 3,
 ( #1355, #223, #1202, #1782, #62, #1652, #929, #1505, #1371, #780, #72, #637, #374, #936 ),
 .UNSPECIFIED., .F., .F.,
 ( 4, 2, 2, 2, 2, 2, 4 ),
 ( 0.01173912980762984934, 0.01222790076501380219, 0.01271667172239775503, 0.01320544267978170788, 0.01369421363716566073, 0.01467175555193356469, 0.01564929746670146865 ),
 .UNSPECIFIED. ) ;
#1787 = DIRECTION ( 'NONE',  ( 0.000000000000000000, -1.000000000000000000, 0.000000000000000000 ) ) ;
#1788 = ORIENTED_EDGE ( 'NONE', *, *, #558, .F. ) ;
#1789 = LINE ( 'NONE', #496, #909 ) ;
#1790 = CIRCLE ( 'NONE', #993, 2.750000000000002665 ) ;
#1791 = FACE_OUTER_BOUND ( 'NONE', #836, .T. ) ;
#1792 =( GEOMETRIC_REPRESENTATION_CONTEXT ( 3 ) GLOBAL_UNCERTAINTY_ASSIGNED_CONTEXT ( ( #1370 ) ) GLOBAL_UNIT_ASSIGNED_CONTEXT ( ( #354, #1040, #343 ) ) REPRESENTATION_CONTEXT ( 'NONE', 'WORKASPACE' ) );
#1793 = VERTEX_POINT ( 'NONE', #1126 ) ;
#1794 = CARTESIAN_POINT ( 'NONE',  ( -55.00000000000000000, 5.000000000000004441, 45.00000000000000000 ) ) ;
#1795 = APPROVAL_ROLE ( '' ) ;
#1796 = EDGE_LOOP ( 'NONE', ( #1851, #719, #633, #1166, #1177, #313, #1829, #142 ) ) ;
#1797 = LINE ( 'NONE', #1783, #1504 ) ;
#1798 = DIRECTION ( 'NONE',  ( 0.000000000000000000, 0.000000000000000000, 1.000000000000000000 ) ) ;
#1799 = EDGE_CURVE ( 'NONE', #700, #471, #1220, .T. ) ;
#1800 = CARTESIAN_POINT ( 'NONE',  ( 13.90249901354925655, 47.38215900057863195, 1.653472579304024803 ) ) ;
#1801 = VERTEX_POINT ( 'NONE', #721 ) ;
#1802 = CIRCLE ( 'NONE', #28, 2.750000000000002665 ) ;
#1803 = FACE_OUTER_BOUND ( 'NONE', #107, .T. ) ;
#1804 = VECTOR ( 'NONE', #133, 1000.000000000000000 ) ;
#1805 = CARTESIAN_POINT ( 'NONE',  ( -35.00000000000000000, 28.00000000000000000, 12.00000000000000000 ) ) ;
#1806 = ORIENTED_EDGE ( 'NONE', *, *, #75, .F. ) ;
#1807 = CYLINDRICAL_SURFACE ( 'NONE', #1570, 2.500000000000000000 ) ;
#1808 = LINE ( 'NONE', #238, #1065 ) ;
#1809 = ORIENTED_EDGE ( 'NONE', *, *, #1191, .T. ) ;
#1810 = DIRECTION ( 'NONE',  ( 1.000000000000000000, 0.000000000000000000, 0.000000000000000000 ) ) ;
#1811 = EDGE_CURVE ( 'NONE', #303, #504, #1844, .T. ) ;
#1812 = CARTESIAN_POINT ( 'NONE',  ( -21.00000000000000355, 45.50000000000000000, -2.500000000000000000 ) ) ;
#1813 = AXIS2_PLACEMENT_3D ( 'NONE', #483, #216, #1515 ) ;
#1814 = ORIENTED_EDGE ( 'NONE', *, *, #613, .F. ) ;
#1815 = CARTESIAN_POINT ( 'NONE',  ( 0.000000000000000000, 39.00000000000000000, 0.000000000000000000 ) ) ;
#1816 = CIRCLE ( 'NONE', #994, 2.750000000000002665 ) ;
#1817 = CARTESIAN_POINT ( 'NONE',  ( 55.00000000000000000, 5.000000000000004441, 45.00000000000000000 ) ) ;
#1818 = CARTESIAN_POINT ( 'NONE',  ( 0.000000000000000000, 48.00000000000000000, 0.000000000000000000 ) ) ;
#1819 = ORIENTED_EDGE ( 'NONE', *, *, #1191, .F. ) ;
#1820 = ORIENTED_EDGE ( 'NONE', *, *, #1623, .T. ) ;
#1821 = CARTESIAN_POINT ( 'NONE',  ( 2.204364238465235428E-15, 71.00000000000001421, 18.00000000000000000 ) ) ;
#1822 = EDGE_CURVE ( 'NONE', #121, #1519, #981, .T. ) ;
#1823 = ORIENTED_EDGE ( 'NONE', *, *, #202, .F. ) ;
#1824 = FACE_OUTER_BOUND ( 'NONE', #378, .T. ) ;
#1825 = AXIS2_PLACEMENT_3D ( 'NONE', #1090, #959, #402 ) ;
#1826 = CARTESIAN_POINT ( 'NONE',  ( 18.00000000000000000, 39.00000000000000000, -20.00000000000000000 ) ) ;
#1827 = ORIENTED_EDGE ( 'NONE', *, *, #1332, .T. ) ;
#1828 = CARTESIAN_POINT ( 'NONE',  ( 18.00000000000000000, 43.00000000000000000, -20.00000000000000000 ) ) ;
#1829 = ORIENTED_EDGE ( 'NONE', *, *, #1527, .T. ) ;
#1830 = FACE_BOUND ( 'NONE', #404, .T. ) ;
#1831 = CARTESIAN_POINT ( 'NONE',  ( -55.00000000000000000, 71.00000000000001421, -45.00000000000000000 ) ) ;
#1832 = EDGE_CURVE ( 'NONE', #1442, #1053, #881, .T. ) ;
#1833 = PERSON_AND_ORGANIZATION ( #1081, #408 ) ;
#1834 = ADVANCED_FACE ( 'NONE', ( #1563 ), #1135, .F. ) ;
#1835 = CARTESIAN_POINT ( 'NONE',  ( 0.000000000000000000, 0.000000000000000000, -20.00000000000000000 ) ) ;
#1836 = DIRECTION ( 'NONE',  ( 0.000000000000000000, 0.000000000000000000, -1.000000000000000000 ) ) ;
#1837 = ORIENTED_EDGE ( 'NONE', *, *, #913, .F. ) ;
#1838 = PLANE ( 'NONE',  #560 ) ;
#1839 = AXIS2_PLACEMENT_3D ( 'NONE', #27, #877, #587 ) ;
#1840 = CARTESIAN_POINT ( 'NONE',  ( 70.00000000000000000, 5.000000000000000000, 60.00000000000000000 ) ) ;
#1841 = EDGE_CURVE ( 'NONE', #538, #935, #838, .T. ) ;
#1842 = LINE ( 'NONE', #991, #519 ) ;
#1843 = CARTESIAN_POINT ( 'NONE',  ( 14.00000803193819543, 42.99995502114443724, 0.1626338026142598314 ) ) ;
#1844 = CIRCLE ( 'NONE', #820, 14.00000000000000000 ) ;
#1845 = ORIENTED_EDGE ( 'NONE', *, *, #246, .F. ) ;
#1846 = CARTESIAN_POINT ( 'NONE',  ( -70.00000000000000000, 5.000000000000000000, 60.00000000000000000 ) ) ;
#1847 = LINE ( 'NONE', #1409, #840 ) ;
#1848 = CARTESIAN_POINT ( 'NONE',  ( 14.00000000000000000, 47.99999999999999289, 0.000000000000000000 ) ) ;
#1849 = VECTOR ( 'NONE', #1584, 1000.000000000000000 ) ;
#1850 = ADVANCED_FACE ( 'NONE', ( #882 ), #120, .F. ) ;
#1851 = ORIENTED_EDGE ( 'NONE', *, *, #987, .T. ) ;
#1852 = AXIS2_PLACEMENT_3D ( 'NONE', #717, #444, #999 ) ;
#1853 = CARTESIAN_POINT ( 'NONE',  ( -17.99772171286558375, 47.98374518581171344, 0.3282740843300800959 ) ) ;
#1854 = EDGE_CURVE ( 'NONE', #1676, #1442, #53, .T. ) ;
#1855 = CARTESIAN_POINT ( 'NONE',  ( 13.95691483957172885, 43.25293819781886384, 1.107923318130168200 ) ) ;
#1856 = EDGE_LOOP ( 'NONE', ( #265, #1564, #1542, #309 ) ) ;
#1857 = VERTEX_POINT ( 'NONE', #1463 ) ;
#1858 = CARTESIAN_POINT ( 'NONE',  ( -17.86898290268020517, 44.24735457172464947, 2.169772189345270164 ) ) ;
#1859 = CARTESIAN_POINT ( 'NONE',  ( -13.79775923535692783, 46.30675668503668874, 2.371892270424858840 ) ) ;
#1860 = DIRECTION ( 'NONE',  ( -0.000000000000000000, -1.000000000000000000, -0.000000000000000000 ) ) ;
#1861 = CARTESIAN_POINT ( 'NONE',  ( 17.89008508779284767, 47.02428457771252113, 1.988260659012909715 ) ) ;
#1862 = ORIENTED_EDGE ( 'NONE', *, *, #1811, .T. ) ;
#1863 = CARTESIAN_POINT ( 'NONE',  ( -17.90163837224920584, 47.15281698625603468, -1.882752808499900343 ) ) ;
#1864 = CARTESIAN_POINT ( 'NONE',  ( 13.99998388512035774, 43.00009024332934615, -0.3273374538871544059 ) ) ;
#1865 = EDGE_CURVE ( 'NONE', #1201, #503, #1273, .T. ) ;
#1866 = EDGE_LOOP ( 'NONE', ( #457, #196, #154, #1298, #653, #1138, #641, #1595 ) ) ;
#1867 = CARTESIAN_POINT ( 'NONE',  ( 1.714505518806294638E-15, 68.00000000000000000, 14.00000000000000000 ) ) ;
ENDSEC;
END-ISO-10303-21;
