ISO-10303-21;
HEADER;
FILE_DESCRIPTION (( 'STEP AP203' ),
    '1' );
FILE_NAME ('ARM-003_Yaw_D_drive_collar.step',
    '2026-09-08T22:01:30',
    ( '' ),
    ( '' ),
    'SwSTEP 2.0',
    'SolidWorks 2026',
    '' );
FILE_SCHEMA (( 'CONFIG_CONTROL_DESIGN' ));
ENDSEC;

DATA;
#1 = FACE_OUTER_BOUND ( 'NONE', #1936, .T. ) ;
#2 = ORIENTED_EDGE ( 'NONE', *, *, #1336, .F. ) ;
#3 = DIRECTION ( 'NONE',  ( -1.000000000000000000, 0.000000000000000000, 0.000000000000000000 ) ) ;
#4 = CIRCLE ( 'NONE', #2090, 4.049999999999999822 ) ;
#5 = ORIENTED_EDGE ( 'NONE', *, *, #1632, .F. ) ;
#6 = VECTOR ( 'NONE', #1310, 1000.000000000000000 ) ;
#7 = CARTESIAN_POINT ( 'NONE',  ( 4.959819536546779614E-16, 44.00000000000000711, 4.049999999999999822 ) ) ;
#8 = ADVANCED_FACE ( 'NONE', ( #1561 ), #1247, .T. ) ;
#9 = DIRECTION ( 'NONE',  ( -1.000000000000000000, 0.000000000000000000, 0.000000000000000000 ) ) ;
#10 = VERTEX_POINT ( 'NONE', #448 ) ;
#11 = DIRECTION ( 'NONE',  ( 0.000000000000000000, 0.000000000000000000, 1.000000000000000000 ) ) ;
#12 = VECTOR ( 'NONE', #2147, 1000.000000000000000 ) ;
#13 = EDGE_CURVE ( 'NONE', #603, #1304, #1258, .T. ) ;
#14 = ORIENTED_EDGE ( 'NONE', *, *, #1466, .F. ) ;
#15 = DIRECTION ( 'NONE',  ( 1.000000000000000000, -0.000000000000000000, -0.000000000000000000 ) ) ;
#16 = ORIENTED_EDGE ( 'NONE', *, *, #1001, .F. ) ;
#17 = CARTESIAN_POINT ( 'NONE',  ( 0.000000000000000000, 41.00000000000000000, 0.000000000000000000 ) ) ;
#18 = CARTESIAN_POINT ( 'NONE',  ( -6.865808160912436620, 47.89004744496337196, 1.385580069600780728 ) ) ;
#19 = AXIS2_PLACEMENT_3D ( 'NONE', #2105, #606, #1943 ) ;
#20 = CARTESIAN_POINT ( 'NONE',  ( 3.100000000000000089, 48.00000000000000000, 2.399999999999999911 ) ) ;
#21 = ORIENTED_EDGE ( 'NONE', *, *, #1518, .F. ) ;
#22 = EDGE_CURVE ( 'NONE', #371, #2097, #1463, .T. ) ;
#23 = DIRECTION ( 'NONE',  ( 0.000000000000000000, 0.000000000000000000, -1.000000000000000000 ) ) ;
#24 = CIRCLE ( 'NONE', #515, 1.149999999999999911 ) ;
#25 = DIRECTION ( 'NONE',  ( 0.000000000000000000, 0.000000000000000000, -1.000000000000000000 ) ) ;
#26 = ORIENTED_EDGE ( 'NONE', *, *, #648, .F. ) ;
#27 = CARTESIAN_POINT ( 'NONE',  ( 3.100000000000000089, 44.00000000000000000, -2.399999999999999911 ) ) ;
#28 = CARTESIAN_POINT ( 'NONE',  ( -7.000000000000000000, 39.35000000000000142, 7.000000000000000000 ) ) ;
#29 = VERTEX_POINT ( 'NONE', #258 ) ;
#30 = CARTESIAN_POINT ( 'NONE',  ( 3.404408906109840149, 41.00000000000000000, -2.100000000000000089 ) ) ;
#31 = PLANE ( 'NONE',  #1011 ) ;
#32 = EDGE_LOOP ( 'NONE', ( #35, #1396, #1591, #718 ) ) ;
#33 = EDGE_CURVE ( 'NONE', #457, #384, #908, .T. ) ;
#34 = FACE_OUTER_BOUND ( 'NONE', #144, .T. ) ;
#35 = ORIENTED_EDGE ( 'NONE', *, *, #1170, .T. ) ;
#36 = VECTOR ( 'NONE', #1024, 1000.000000000000000 ) ;
#37 = CARTESIAN_POINT ( 'NONE',  ( -3.897755764539383883, 45.35604194884708562, -1.100000000000000089 ) ) ;
#38 = FACE_OUTER_BOUND ( 'NONE', #978, .T. ) ;
#39 = CARTESIAN_POINT ( 'NONE',  ( 0.000000000000000000, 41.00000000000000000, 0.000000000000000000 ) ) ;
#40 = DIRECTION ( 'NONE',  ( 0.000000000000000000, 1.000000000000000000, 0.000000000000000000 ) ) ;
#41 = CIRCLE ( 'NONE', #1717, 13.00000000000000000 ) ;
#42 = VERTEX_POINT ( 'NONE', #1595 ) ;
#43 = CARTESIAN_POINT ( 'NONE',  ( 0.000000000000000000, 39.35000000000000142, 0.000000000000000000 ) ) ;
#44 = DIRECTION ( 'NONE',  ( -1.000000000000000000, -0.000000000000000000, -0.000000000000000000 ) ) ;
#45 = ADVANCED_FACE ( 'NONE', ( #1606, #1440, #93, #2095, #2083, #63 ), #725, .T. ) ;
#46 = VERTEX_POINT ( 'NONE', #1457 ) ;
#47 = CARTESIAN_POINT ( 'NONE',  ( 0.000000000000000000, 41.00000000000000000, 8.150000000000000355 ) ) ;
#48 = LINE ( 'NONE', #1386, #1385 ) ;
#49 = ORIENTED_EDGE ( 'NONE', *, *, #419, .F. ) ;
#50 = CARTESIAN_POINT ( 'NONE',  ( -3.954691091206136822, 44.82399112195344060, -0.8795432467204277183 ) ) ;
#51 = LINE ( 'NONE', #2044, #1558 ) ;
#52 = CARTESIAN_POINT ( 'NONE',  ( 3.100000000000000533, 45.50000000000000000, 0.000000000000000000 ) ) ;
#53 = FACE_BOUND ( 'NONE', #1243, .T. ) ;
#54 = CARTESIAN_POINT ( 'NONE',  ( 6.905613658466567273, 48.00000000000000000, 1.145643923738954628 ) ) ;
#55 = AXIS2_PLACEMENT_3D ( 'NONE', #560, #695, #721 ) ;
#56 = CIRCLE ( 'NONE', #1174, 1.150000000000000799 ) ;
#57 = ORIENTED_EDGE ( 'NONE', *, *, #92, .T. ) ;
#58 = DIRECTION ( 'NONE',  ( 0.000000000000000000, 0.000000000000000000, -1.000000000000000000 ) ) ;
#59 = DIRECTION ( 'NONE',  ( 0.000000000000000000, -1.000000000000000000, 0.000000000000000000 ) ) ;
#60 = VERTEX_POINT ( 'NONE', #811 ) ;
#61 = CIRCLE ( 'NONE', #1027, 7.000000000000000000 ) ;
#62 = CARTESIAN_POINT ( 'NONE',  ( 12.00000000000000000, 45.50000000000000000, 0.000000000000000000 ) ) ;
#63 = FACE_BOUND ( 'NONE', #1265, .T. ) ;
#64 = CARTESIAN_POINT ( 'NONE',  ( -6.559388157041597722, 44.22148448750301242, 2.449026308144500508 ) ) ;
#65 = CARTESIAN_POINT ( 'NONE',  ( -3.463018914184557762, 41.00000000000000000, 2.100000000000000089 ) ) ;
#66 = AXIS2_PLACEMENT_3D ( 'NONE', #87, #1927, #1564 ) ;
#67 = PLANE ( 'NONE',  #1960 ) ;
#68 = ORIENTED_EDGE ( 'NONE', *, *, #1140, .T. ) ;
#69 = DIRECTION ( 'NONE',  ( 0.000000000000000000, 0.000000000000000000, -1.000000000000000000 ) ) ;
#70 = ORIENTED_EDGE ( 'NONE', *, *, #1110, .T. ) ;
#71 = CARTESIAN_POINT ( 'NONE',  ( 12.00000000000000000, 44.00000000000000711, 2.304886114323225321 ) ) ;
#72 = ORIENTED_EDGE ( 'NONE', *, *, #698, .T. ) ;
#73 = FACE_OUTER_BOUND ( 'NONE', #1279, .T. ) ;
#74 = AXIS2_PLACEMENT_3D ( 'NONE', #1957, #1303, #1323 ) ;
#75 = DIRECTION ( 'NONE',  ( -0.000000000000000000, -1.000000000000000000, -0.000000000000000000 ) ) ;
#76 = FACE_OUTER_BOUND ( 'NONE', #1846, .T. ) ;
#77 = DIRECTION ( 'NONE',  ( 0.000000000000000000, 0.000000000000000000, 1.000000000000000000 ) ) ;
#78 = EDGE_LOOP ( 'NONE', ( #1500, #750, #1528, #935, #1437 ) ) ;
#79 = EDGE_CURVE ( 'NONE', #1924, #188, #1615, .T. ) ;
#80 = VECTOR ( 'NONE', #2037, 1000.000000000000000 ) ;
#81 = CARTESIAN_POINT ( 'NONE',  ( 8.150000000000000355, 41.00000000000000000, 0.000000000000000000 ) ) ;
#82 = ORIENTED_EDGE ( 'NONE', *, *, #1360, .T. ) ;
#83 = CARTESIAN_POINT ( 'NONE',  ( 6.609652033201145471, 43.99999999999999289, -2.304886114323216439 ) ) ;
#84 = ORIENTED_EDGE ( 'NONE', *, *, #1968, .F. ) ;
#85 = LINE ( 'NONE', #1906, #1254 ) ;
#86 =( NAMED_UNIT ( * ) PLANE_ANGLE_UNIT ( ) SI_UNIT ( $, .RADIAN. ) );
#87 = CARTESIAN_POINT ( 'NONE',  ( 12.00000000000000000, 45.50000000000000000, 0.000000000000000000 ) ) ;
#88 = CARTESIAN_POINT ( 'NONE',  ( 6.560037626623678619, 46.76897802340306498, -2.443223876829603292 ) ) ;
#89 = VERTEX_POINT ( 'NONE', #2139 ) ;
#90 = VERTEX_POINT ( 'NONE', #119 ) ;
#91 = VECTOR ( 'NONE', #972, 1000.000000000000000 ) ;
#92 = EDGE_CURVE ( 'NONE', #242, #1613, #202, .T. ) ;
#93 = FACE_BOUND ( 'NONE', #1347, .T. ) ;
#94 = DIRECTION ( 'NONE',  ( -1.000000000000000000, 0.000000000000000000, 0.000000000000000000 ) ) ;
#95 = ORIENTED_EDGE ( 'NONE', *, *, #1481, .F. ) ;
#96 = DIRECTION ( 'NONE',  ( 0.000000000000000000, 0.000000000000000000, 1.000000000000000000 ) ) ;
#97 = APPLICATION_CONTEXT ( 'configuration controlled 3d designs of mechanical parts and assemblies' ) ;
#98 = CARTESIAN_POINT ( 'NONE',  ( 6.583178390557679727, 46.88274523150815298, -2.380610386006558610 ) ) ;
#99 = VECTOR ( 'NONE', #420, 1000.000000000000000 ) ;
#100 = ORIENTED_EDGE ( 'NONE', *, *, #698, .F. ) ;
#101 = AXIS2_PLACEMENT_3D ( 'NONE', #1797, #1144, #1493 ) ;
#102 = VERTEX_POINT ( 'NONE', #1492 ) ;
#103 = EDGE_CURVE ( 'NONE', #550, #1758, #1382, .T. ) ;
#104 = DIRECTION ( 'NONE',  ( -0.000000000000000000, -1.000000000000000000, -0.000000000000000000 ) ) ;
#105 = EDGE_LOOP ( 'NONE', ( #95, #1816, #535, #2091 ) ) ;
#106 = DIRECTION ( 'NONE',  ( 0.000000000000000000, 0.000000000000000000, 1.000000000000000000 ) ) ;
#107 = EDGE_LOOP ( 'NONE', ( #540, #905 ) ) ;
#108 = FACE_OUTER_BOUND ( 'NONE', #1766, .T. ) ;
#109 = CARTESIAN_POINT ( 'NONE',  ( 6.905613658466567273, 48.00000000000000000, -1.145643923738954628 ) ) ;
#110 = CC_DESIGN_PERSON_AND_ORGANIZATION_ASSIGNMENT ( #1251, #1907, ( #1611 ) ) ;
#111 = CARTESIAN_POINT ( 'NONE',  ( 8.150000000000000355, 39.35000000000000142, 0.000000000000000000 ) ) ;
#112 = EDGE_CURVE ( 'NONE', #1926, #672, #953, .T. ) ;
#113 = AXIS2_PLACEMENT_3D ( 'NONE', #889, #1575, #566 ) ;
#114 = ORIENTED_EDGE ( 'NONE', *, *, #880, .F. ) ;
#115 = ORIENTED_EDGE ( 'NONE', *, *, #527, .F. ) ;
#116 = AXIS2_PLACEMENT_3D ( 'NONE', #607, #2061, #570 ) ;
#117 = EDGE_CURVE ( 'NONE', #211, #1739, #771, .T. ) ;
#118 = CIRCLE ( 'NONE', #1887, 4.000000000000000000 ) ;
#119 = CARTESIAN_POINT ( 'NONE',  ( 2.100000000000000089, 41.00000000000000000, -3.404408906109841038 ) ) ;
#120 = CARTESIAN_POINT ( 'NONE',  ( 7.000000000000000000, 48.00000000000000000, -5.849999999999999645 ) ) ;
#121 = AXIS2_PLACEMENT_3D ( 'NONE', #1371, #727, #383 ) ;
#122 = ORIENTED_EDGE ( 'NONE', *, *, #206, .T. ) ;
#123 = CARTESIAN_POINT ( 'NONE',  ( 2.100000000000000089, 41.00000000000000000, 8.150000000000000355 ) ) ;
#124 = SHAPE_DEFINITION_REPRESENTATION ( #1242, #2130 ) ;
#125 = ADVANCED_FACE ( 'NONE', ( #1332 ), #1987, .F. ) ;
#126 = EDGE_LOOP ( 'NONE', ( #2025, #1803, #1890, #84 ) ) ;
#127 = DIRECTION ( 'NONE',  ( 0.000000000000000000, 0.000000000000000000, 1.000000000000000000 ) ) ;
#128 = PLANE ( 'NONE',  #244 ) ;
#129 = CARTESIAN_POINT ( 'NONE',  ( -8.150000000000000355, 39.35000000000000142, 0.000000000000000000 ) ) ;
#130 = CYLINDRICAL_SURFACE ( 'NONE', #1711, 1.150000000000000799 ) ;
#131 = ORIENTED_EDGE ( 'NONE', *, *, #1278, .T. ) ;
#132 = CARTESIAN_POINT ( 'NONE',  ( 0.000000000000000000, 44.00000000000000711, -13.00000000000000000 ) ) ;
#133 = APPROVAL_ROLE ( '' ) ;
#134 = EDGE_CURVE ( 'NONE', #1886, #2150, #782, .T. ) ;
#135 = CIRCLE ( 'NONE', #1973, 2.100000000000000089 ) ;
#136 = ORIENTED_EDGE ( 'NONE', *, *, #1105, .T. ) ;
#137 = CARTESIAN_POINT ( 'NONE',  ( -6.000000000000000000, 45.50000000000000000, -2.750000000000000000 ) ) ;
#138 = CARTESIAN_POINT ( 'NONE',  ( -2.100000000000000089, 39.35000000000000142, 8.150000000000000355 ) ) ;
#139 = CARTESIAN_POINT ( 'NONE',  ( 0.000000000000000000, 48.00000000000000000, 0.000000000000000000 ) ) ;
#140 = ORIENTED_EDGE ( 'NONE', *, *, #356, .T. ) ;
#141 = ADVANCED_FACE ( 'NONE', ( #963 ), #1142, .T. ) ;
#142 = DATE_AND_TIME ( #970, #1268 ) ;
#143 = CIRCLE ( 'NONE', #1746, 2.750000000000000000 ) ;
#144 = EDGE_LOOP ( 'NONE', ( #327, #26, #1476, #443 ) ) ;
#145 = CARTESIAN_POINT ( 'NONE',  ( 6.000000000000000000, 45.50000000000000000, 2.750000000000000000 ) ) ;
#146 = AXIS2_PLACEMENT_3D ( 'NONE', #139, #1494, #987 ) ;
#147 = DIRECTION ( 'NONE',  ( 0.000000000000000000, 1.000000000000000000, 0.000000000000000000 ) ) ;
#148 = CARTESIAN_POINT ( 'NONE',  ( 6.437196594791869231, 45.63210980794494276, -2.749999999999999556 ) ) ;
#149 = LINE ( 'NONE', #1133, #1621 ) ;
#150 = DIRECTION ( 'NONE',  ( -0.000000000000000000, -1.000000000000000000, -0.000000000000000000 ) ) ;
#151 = ORIENTED_EDGE ( 'NONE', *, *, #646, .F. ) ;
#152 = DIRECTION ( 'NONE',  ( 0.000000000000000000, 0.000000000000000000, -1.000000000000000000 ) ) ;
#153 = CARTESIAN_POINT ( 'NONE',  ( -3.994396683413778515, 46.37892099631326914, 0.6766697427717004443 ) ) ;
#154 = ORIENTED_EDGE ( 'NONE', *, *, #1850, .T. ) ;
#155 = LINE ( 'NONE', #941, #91 ) ;
#156 = DIRECTION ( 'NONE',  ( -0.000000000000000000, -1.000000000000000000, -0.000000000000000000 ) ) ;
#157 = CARTESIAN_POINT ( 'NONE',  ( -2.100000000000000089, 39.35000000000000142, -3.404408906109841038 ) ) ;
#158 = CARTESIAN_POINT ( 'NONE',  ( 7.000000000000000000, 39.35000000000000142, -5.849999999999999645 ) ) ;
#159 = DIRECTION ( 'NONE',  ( 0.000000000000000000, 1.000000000000000000, 0.000000000000000000 ) ) ;
#160 = EDGE_LOOP ( 'NONE', ( #136, #679, #1405, #1221 ) ) ;
#161 = DIRECTION ( 'NONE',  ( 0.000000000000000000, 0.000000000000000000, 1.000000000000000000 ) ) ;
#162 = CIRCLE ( 'NONE', #1869, 4.049999999999999822 ) ;
#163 = PERSON_AND_ORGANIZATION_ROLE ( 'creator' ) ;
#164 = CARTESIAN_POINT ( 'NONE',  ( -6.518198274269424886, 46.53107725406510298, 2.552749073516589196 ) ) ;
#165 = VERTEX_POINT ( 'NONE', #1796 ) ;
#166 = DIRECTION ( 'NONE',  ( 0.000000000000000000, 0.000000000000000000, 1.000000000000000000 ) ) ;
#167 = DIRECTION ( 'NONE',  ( -0.000000000000000000, -1.000000000000000000, -0.000000000000000000 ) ) ;
#168 = EDGE_CURVE ( 'NONE', #1099, #1823, #149, .T. ) ;
#169 = AXIS2_PLACEMENT_3D ( 'NONE', #295, #1306, #1959 ) ;
#170 = LINE ( 'NONE', #803, #1920 ) ;
#171 = ORIENTED_EDGE ( 'NONE', *, *, #363, .F. ) ;
#172 = EDGE_CURVE ( 'NONE', #1509, #1266, #1891, .T. ) ;
#173 = CARTESIAN_POINT ( 'NONE',  ( 1.592040838891559095E-15, 44.00000000000000711, 13.00000000000000000 ) ) ;
#174 = DIRECTION ( 'NONE',  ( 0.000000000000000000, -0.000000000000000000, -1.000000000000000000 ) ) ;
#175 = EDGE_CURVE ( 'NONE', #1799, #2143, #1975, .T. ) ;
#176 = EDGE_LOOP ( 'NONE', ( #1495, #57, #1856, #1442 ) ) ;
#177 = CARTESIAN_POINT ( 'NONE',  ( 12.00000000000000000, 45.50000000000000000, 0.000000000000000000 ) ) ;
#178 = VERTEX_POINT ( 'NONE', #1321 ) ;
#179 = DIRECTION ( 'NONE',  ( 0.000000000000000000, 1.000000000000000000, 0.000000000000000000 ) ) ;
#180 = DIRECTION ( 'NONE',  ( 0.000000000000000000, 0.000000000000000000, -1.000000000000000000 ) ) ;
#181 = ORIENTED_EDGE ( 'NONE', *, *, #1077, .T. ) ;
#182 = CARTESIAN_POINT ( 'NONE',  ( 3.100000000000000089, 48.00000000000000000, 2.399999999999999911 ) ) ;
#183 = CARTESIAN_POINT ( 'NONE',  ( -6.457445106597440088, 46.02734171946890029, 2.702189814933226852 ) ) ;
#184 = EDGE_CURVE ( 'NONE', #1334, #612, #484, .T. ) ;
#185 = VERTEX_POINT ( 'NONE', #319 ) ;
#186 = PLANE ( 'NONE',  #1211 ) ;
#187 = VECTOR ( 'NONE', #1411, 1000.000000000000000 ) ;
#188 = VERTEX_POINT ( 'NONE', #157 ) ;
#189 = CARTESIAN_POINT ( 'NONE',  ( 6.437196594791865678, 45.36746691884724925, 2.750000000000000444 ) ) ;
#190 = EDGE_LOOP ( 'NONE', ( #1543, #353, #284, #1195 ) ) ;
#191 = CARTESIAN_POINT ( 'NONE',  ( -3.897755764539383883, 45.50000000000000000, 1.100000000000000089 ) ) ;
#192 = DIRECTION ( 'NONE',  ( 0.000000000000000000, 0.000000000000000000, 1.000000000000000000 ) ) ;
#193 = AXIS2_PLACEMENT_3D ( 'NONE', #845, #2013, #1169 ) ;
#194 = EDGE_CURVE ( 'NONE', #185, #277, #463, .T. ) ;
#195 = ORIENTED_EDGE ( 'NONE', *, *, #2110, .F. ) ;
#196 = DIRECTION ( 'NONE',  ( -1.000000000000000000, 0.000000000000000000, -0.000000000000000000 ) ) ;
#197 = CARTESIAN_POINT ( 'NONE',  ( 2.100000000000000089, 39.35000000000000142, 8.150000000000000355 ) ) ;
#198 = ORIENTED_EDGE ( 'NONE', *, *, #1036, .T. ) ;
#199 = DIRECTION ( 'NONE',  ( 0.000000000000000000, 0.000000000000000000, -1.000000000000000000 ) ) ;
#200 = CIRCLE ( 'NONE', #1865, 2.750000000000000000 ) ;
#201 = VERTEX_POINT ( 'NONE', #197 ) ;
#202 = CIRCLE ( 'NONE', #632, 2.750000000000000000 ) ;
#203 = DIRECTION ( 'NONE',  ( 0.000000000000000000, 1.000000000000000000, 0.000000000000000000 ) ) ;
#204 = CARTESIAN_POINT ( 'NONE',  ( 0.000000000000000000, 41.00000000000000000, 0.000000000000000000 ) ) ;
#205 = CARTESIAN_POINT ( 'NONE',  ( 3.100000000000000089, 48.00000000000000000, 2.399999999999999911 ) ) ;
#206 = EDGE_CURVE ( 'NONE', #1099, #1509, #2059, .T. ) ;
#207 = DIRECTION ( 'NONE',  ( 0.000000000000000000, 0.000000000000000000, 1.000000000000000000 ) ) ;
#208 = ORIENTED_EDGE ( 'NONE', *, *, #1501, .T. ) ;
#209 = DIRECTION ( 'NONE',  ( 0.000000000000000000, 0.000000000000000000, -1.000000000000000000 ) ) ;
#210 = DIRECTION ( 'NONE',  ( 0.000000000000000000, 1.000000000000000000, 0.000000000000000000 ) ) ;
#211 = VERTEX_POINT ( 'NONE', #1208 ) ;
#212 = DIRECTION ( 'NONE',  ( -0.000000000000000000, -1.000000000000000000, -0.000000000000000000 ) ) ;
#213 = CARTESIAN_POINT ( 'NONE',  ( 0.000000000000000000, 48.00000000000000000, -4.049999999999999822 ) ) ;
#214 = ORIENTED_EDGE ( 'NONE', *, *, #1263, .T. ) ;
#215 = CIRCLE ( 'NONE', #146, 7.000000000000000000 ) ;
#216 = LINE ( 'NONE', #71, #793 ) ;
#217 = VECTOR ( 'NONE', #3, 1000.000000000000000 ) ;
#218 = CARTESIAN_POINT ( 'NONE',  ( 2.100000000000000089, 39.35000000000000142, 8.150000000000000355 ) ) ;
#219 = DIRECTION ( 'NONE',  ( 1.000000000000000000, 0.000000000000000000, 0.000000000000000000 ) ) ;
#220 = PLANE ( 'NONE',  #375 ) ;
#221 = CIRCLE ( 'NONE', #768, 7.000000000000000000 ) ;
#222 = DIRECTION ( 'NONE',  ( 0.000000000000000000, 0.000000000000000000, 1.000000000000000000 ) ) ;
#223 = ORIENTED_EDGE ( 'NONE', *, *, #627, .T. ) ;
#224 = CARTESIAN_POINT ( 'NONE',  ( -8.150000000000000355, 41.00000000000000000, -2.100000000000000089 ) ) ;
#225 = CARTESIAN_POINT ( 'NONE',  ( -12.00000000000000000, 45.50000000000000000, 0.000000000000000000 ) ) ;
#226 = ORIENTED_EDGE ( 'NONE', *, *, #555, .T. ) ;
#227 = CARTESIAN_POINT ( 'NONE',  ( -4.050007994203113526, 44.39997056679706589, 0.1448232174619039636 ) ) ;
#228 = LINE ( 'NONE', #218, #2003 ) ;
#229 = DIRECTION ( 'NONE',  ( 0.000000000000000000, 0.000000000000000000, 1.000000000000000000 ) ) ;
#230 = CARTESIAN_POINT ( 'NONE',  ( 6.437196594791868343, 45.63196330187406602, 2.750000000000000888 ) ) ;
#231 = VECTOR ( 'NONE', #1031, 1000.000000000000000 ) ;
#232 = EDGE_LOOP ( 'NONE', ( #585, #1348, #70, #1921, #844, #1832, #140, #1617 ) ) ;
#233 = DIRECTION ( 'NONE',  ( 0.000000000000000000, -1.000000000000000000, 0.000000000000000000 ) ) ;
#234 = ORIENTED_EDGE ( 'NONE', *, *, #1291, .F. ) ;
#235 = CIRCLE ( 'NONE', #1456, 2.100000000000000977 ) ;
#236 = CARTESIAN_POINT ( 'NONE',  ( 0.000000000000000000, 41.00000000000000000, 0.000000000000000000 ) ) ;
#237 = ORIENTED_EDGE ( 'NONE', *, *, #527, .T. ) ;
#238 = CARTESIAN_POINT ( 'NONE',  ( 0.000000000000000000, 41.00000000000000000, -8.150000000000000355 ) ) ;
#239 = CYLINDRICAL_SURFACE ( 'NONE', #1190, 1.149999999999999911 ) ;
#240 = ADVANCED_FACE ( 'NONE', ( #891 ), #736, .F. ) ;
#241 = CARTESIAN_POINT ( 'NONE',  ( 0.000000000000000000, 39.35000000000000142, 0.000000000000000000 ) ) ;
#242 = VERTEX_POINT ( 'NONE', #547 ) ;
#243 = CARTESIAN_POINT ( 'NONE',  ( -6.000000000000000000, 48.00000000000000000, 1.145643923738954628 ) ) ;
#244 = AXIS2_PLACEMENT_3D ( 'NONE', #618, #1300, #1954 ) ;
#245 = DIRECTION ( 'NONE',  ( 0.000000000000000000, -1.000000000000000000, 0.000000000000000000 ) ) ;
#246 = ORIENTED_EDGE ( 'NONE', *, *, #172, .T. ) ;
#247 = CARTESIAN_POINT ( 'NONE',  ( 2.100000000000000089, 41.00000000000000000, -3.463018914184557762 ) ) ;
#248 = ORIENTED_EDGE ( 'NONE', *, *, #1813, .T. ) ;
#249 = DIRECTION ( 'NONE',  ( 0.000000000000000000, -1.000000000000000000, 0.000000000000000000 ) ) ;
#250 = APPROVAL_ROLE ( '' ) ;
#251 = CARTESIAN_POINT ( 'NONE',  ( 3.100000000000000089, 44.00000000000000000, -2.399999999999999911 ) ) ;
#252 = SECURITY_CLASSIFICATION ( '', '', #1126 ) ;
#253 = ORIENTED_EDGE ( 'NONE', *, *, #1671, .F. ) ;
#254 = EDGE_CURVE ( 'NONE', #365, #46, #1736, .T. ) ;
#255 = ORIENTED_EDGE ( 'NONE', *, *, #1431, .F. ) ;
#256 = B_SPLINE_CURVE_WITH_KNOTS ( 'NONE', 3,
 ( #604, #148, #1287, #452, #1151, #318, #1116, #88, #98, #1773, #1757, #975, #1421, #2078 ),
 .UNSPECIFIED., .F., .F.,
 ( 4, 2, 2, 2, 2, 2, 4 ),
 ( 0.001592589179840812755, 0.001987557321475797844, 0.002382525463110783150, 0.002777493604745768022, 0.003172461746380752894, 0.003962398029650724372, 0.004752334312920695851 ),
 .UNSPECIFIED. ) ;
#257 = CARTESIAN_POINT ( 'NONE',  ( -3.404408906109840149, 39.35000000000000142, -2.100000000000000089 ) ) ;
#258 = CARTESIAN_POINT ( 'NONE',  ( 3.262284475639731340, 48.00000000000000000, -2.399999999999999911 ) ) ;
#259 = LINE ( 'NONE', #1742, #1305 ) ;
#260 = ORIENTED_EDGE ( 'NONE', *, *, #1643, .T. ) ;
#261 = DIRECTION ( 'NONE',  ( -1.000000000000000000, 0.000000000000000000, -0.000000000000000000 ) ) ;
#262 = CARTESIAN_POINT ( 'NONE',  ( -6.441332276753944264, 45.23468883201866930, 2.740377411041130973 ) ) ;
#263 = LINE ( 'NONE', #286, #1699 ) ;
#264 = AXIS2_PLACEMENT_3D ( 'NONE', #271, #1084, #1752 ) ;
#265 = ADVANCED_FACE ( 'NONE', ( #1872 ), #1040, .T. ) ;
#266 = ORIENTED_EDGE ( 'NONE', *, *, #1470, .T. ) ;
#267 = ORIENTED_EDGE ( 'NONE', *, *, #1283, .F. ) ;
#268 = CIRCLE ( 'NONE', #1486, 13.00000000000000000 ) ;
#269 = EDGE_CURVE ( 'NONE', #1760, #89, #1714, .T. ) ;
#270 = CARTESIAN_POINT ( 'NONE',  ( -2.100000000000000089, 41.00000000000000000, -3.463018914184557762 ) ) ;
#271 = CARTESIAN_POINT ( 'NONE',  ( 0.000000000000000000, 39.35000000000000142, 0.000000000000000000 ) ) ;
#272 = CARTESIAN_POINT ( 'NONE',  ( 7.000000000000000000, 48.00000000000000000, 7.000000000000000000 ) ) ;
#273 = VERTEX_POINT ( 'NONE', #1400 ) ;
#274 = DIRECTION ( 'NONE',  ( 1.000000000000000000, 0.000000000000000000, 0.000000000000000000 ) ) ;
#275 = DIRECTION ( 'NONE',  ( -1.000000000000000000, 0.000000000000000000, -0.000000000000000000 ) ) ;
#276 = EDGE_CURVE ( 'NONE', #1269, #296, #1410, .T. ) ;
#277 = VERTEX_POINT ( 'NONE', #883 ) ;
#278 = AXIS2_PLACEMENT_3D ( 'NONE', #1765, #1599, #1430 ) ;
#279 = ORIENTED_EDGE ( 'NONE', *, *, #1643, .F. ) ;
#280 = DIRECTION ( 'NONE',  ( 0.000000000000000000, 1.000000000000000000, 0.000000000000000000 ) ) ;
#281 = ORIENTED_EDGE ( 'NONE', *, *, #1686, .T. ) ;
#282 = EDGE_CURVE ( 'NONE', #1314, #29, #856, .T. ) ;
#283 = CARTESIAN_POINT ( 'NONE',  ( 6.437196594791866566, 45.50000000000000000, -2.750000000000000000 ) ) ;
#284 = ORIENTED_EDGE ( 'NONE', *, *, #779, .T. ) ;
#285 = CARTESIAN_POINT ( 'NONE',  ( 13.00000000000000000, 45.50000000000000000, 1.100000000000000089 ) ) ;
#286 = CARTESIAN_POINT ( 'NONE',  ( 0.000000000000000000, 48.00000000000000000, -7.000000000000000000 ) ) ;
#287 = MANIFOLD_SOLID_BREP ( 'Crossbolt_flat_seat_cut_6', #1802 ) ;
#288 = VECTOR ( 'NONE', #1367, 1000.000000000000000 ) ;
#289 = EDGE_LOOP ( 'NONE', ( #1697, #480, #208, #374 ) ) ;
#290 = CARTESIAN_POINT ( 'NONE',  ( 6.000000000000000000, 48.00000000000000000, 0.000000000000000000 ) ) ;
#291 = FACE_OUTER_BOUND ( 'NONE', #677, .T. ) ;
#292 = AXIS2_PLACEMENT_3D ( 'NONE', #1845, #2109, #474 ) ;
#293 = ORIENTED_EDGE ( 'NONE', *, *, #194, .T. ) ;
#294 = LINE ( 'NONE', #947, #304 ) ;
#295 = CARTESIAN_POINT ( 'NONE',  ( 6.000000000000000000, 45.50000000000000000, 0.000000000000000000 ) ) ;
#296 = VERTEX_POINT ( 'NONE', #1542 ) ;
#297 = EDGE_CURVE ( 'NONE', #1793, #2019, #737, .T. ) ;
#298 = AXIS2_PLACEMENT_3D ( 'NONE', #1871, #349, #703 ) ;
#299 = DIRECTION ( 'NONE',  ( 0.000000000000000000, 0.000000000000000000, 1.000000000000000000 ) ) ;
#300 = DIRECTION ( 'NONE',  ( 0.000000000000000000, 0.000000000000000000, 1.000000000000000000 ) ) ;
#301 = ORIENTED_EDGE ( 'NONE', *, *, #79, .T. ) ;
#302 = CARTESIAN_POINT ( 'NONE',  ( -7.000000000000000000, 48.00000000000000000, -7.000000000000000000 ) ) ;
#303 = PERSON_AND_ORGANIZATION ( #469, #1082 ) ;
#304 = VECTOR ( 'NONE', #902, 1000.000000000000000 ) ;
#305 = EDGE_LOOP ( 'NONE', ( #350, #742 ) ) ;
#306 = CARTESIAN_POINT ( 'NONE',  ( 0.000000000000000000, 41.00000000000000000, -8.150000000000000355 ) ) ;
#307 = EDGE_CURVE ( 'NONE', #1708, #1282, #1311, .T. ) ;
#308 = DIRECTION ( 'NONE',  ( -0.000000000000000000, -1.000000000000000000, -0.000000000000000000 ) ) ;
#309 = CARTESIAN_POINT ( 'NONE',  ( -6.658511140723013533, 47.20503742989174611, -2.161514923064316029 ) ) ;
#310 = FACE_OUTER_BOUND ( 'NONE', #1732, .T. ) ;
#311 = DIRECTION ( 'NONE',  ( 0.000000000000000000, 1.000000000000000000, 0.000000000000000000 ) ) ;
#312 = ORIENTED_EDGE ( 'NONE', *, *, #1136, .F. ) ;
#313 = ORIENTED_EDGE ( 'NONE', *, *, #2022, .T. ) ;
#314 = CARTESIAN_POINT ( 'NONE',  ( 7.000000000000000000, 48.00000000000000000, 7.000000000000000000 ) ) ;
#315 = CIRCLE ( 'NONE', #1538, 1.100000000000000089 ) ;
#316 = ADVANCED_FACE ( 'NONE', ( #1016 ), #67, .F. ) ;
#317 = AXIS2_PLACEMENT_3D ( 'NONE', #952, #1502, #820 ) ;
#318 = CARTESIAN_POINT ( 'NONE',  ( 6.499561673978746512, 46.40684787571950665, -2.599483432554923201 ) ) ;
#319 = CARTESIAN_POINT ( 'NONE',  ( 6.437196594791866566, 45.50000000000000000, -2.750000000000000000 ) ) ;
#320 = AXIS2_PLACEMENT_3D ( 'NONE', #805, #1485, #2141 ) ;
#321 = DIRECTION ( 'NONE',  ( 0.000000000000000000, 0.000000000000000000, -1.000000000000000000 ) ) ;
#322 = FACE_OUTER_BOUND ( 'NONE', #105, .T. ) ;
#323 = ORIENTED_EDGE ( 'NONE', *, *, #1733, .T. ) ;
#324 = CARTESIAN_POINT ( 'NONE',  ( -12.00000000000000000, 44.00000000000000711, 0.000000000000000000 ) ) ;
#325 = COORDINATED_UNIVERSAL_TIME_OFFSET ( 6, 0, .BEHIND. ) ;
#326 = DIRECTION ( 'NONE',  ( -0.000000000000000000, -1.000000000000000000, -0.000000000000000000 ) ) ;
#327 = ORIENTED_EDGE ( 'NONE', *, *, #1900, .F. ) ;
#328 = DIRECTION ( 'NONE',  ( 0.000000000000000000, -1.000000000000000000, 0.000000000000000000 ) ) ;
#329 = ADVANCED_FACE ( 'NONE', ( #1066 ), #31, .T. ) ;
#330 = CARTESIAN_POINT ( 'NONE',  ( -8.150000000000000355, 41.00000000000000000, 2.100000000000000089 ) ) ;
#331 = CC_DESIGN_DATE_AND_TIME_ASSIGNMENT ( #142, #796, ( #252 ) ) ;
#332 = CARTESIAN_POINT ( 'NONE',  ( -7.000000000000000000, 48.00000000000000000, 8.150000000000000355 ) ) ;
#333 = ORIENTED_EDGE ( 'NONE', *, *, #112, .F. ) ;
#334 = EDGE_CURVE ( 'NONE', #1930, #1269, #1858, .T. ) ;
#335 = LINE ( 'NONE', #27, #699 ) ;
#336 = AXIS2_PLACEMENT_3D ( 'NONE', #225, #2052, #69 ) ;
#337 = CARTESIAN_POINT ( 'NONE',  ( 0.000000000000000000, 48.00000000000000000, -7.000000000000000000 ) ) ;
#338 = EDGE_CURVE ( 'NONE', #486, #730, #1497, .T. ) ;
#339 = CIRCLE ( 'NONE', #1566, 1.149999999999999911 ) ;
#340 = VERTEX_POINT ( 'NONE', #251 ) ;
#341 = ORIENTED_EDGE ( 'NONE', *, *, #1900, .T. ) ;
#342 = DIRECTION ( 'NONE',  ( 0.000000000000000000, 0.000000000000000000, 1.000000000000000000 ) ) ;
#343 = EDGE_LOOP ( 'NONE', ( #1245, #1078 ) ) ;
#344 = CARTESIAN_POINT ( 'NONE',  ( -3.994462073355875997, 46.37931397790994481, -0.6763991006094487446 ) ) ;
#345 = ADVANCED_FACE ( 'NONE', ( #903 ), #1588, .F. ) ;
#346 = CARTESIAN_POINT ( 'NONE',  ( -6.583178390557679727, 46.88274523150815298, 2.380610386006558610 ) ) ;
#347 = VERTEX_POINT ( 'NONE', #746 ) ;
#348 = CIRCLE ( 'NONE', #1919, 2.100000000000000977 ) ;
#349 = DIRECTION ( 'NONE',  ( 1.000000000000000000, 0.000000000000000000, 0.000000000000000000 ) ) ;
#350 = ORIENTED_EDGE ( 'NONE', *, *, #103, .T. ) ;
#351 = APPROVAL_PERSON_ORGANIZATION ( #806, #715, #1316 ) ;
#352 = CARTESIAN_POINT ( 'NONE',  ( 3.100000000000000533, 45.50000000000000000, 1.100000000000000089 ) ) ;
#353 = ORIENTED_EDGE ( 'NONE', *, *, #1360, .F. ) ;
#354 = EDGE_CURVE ( 'NONE', #1298, #1369, #1297, .T. ) ;
#355 = CARTESIAN_POINT ( 'NONE',  ( 8.150000000000000355, 39.35000000000000142, 2.100000000000000089 ) ) ;
#356 = EDGE_CURVE ( 'NONE', #967, #1904, #1095, .T. ) ;
#357 = DIRECTION ( 'NONE',  ( 0.000000000000000000, -1.000000000000000000, 0.000000000000000000 ) ) ;
#358 = CARTESIAN_POINT ( 'NONE',  ( -7.000000000000000000, 48.00000000000000000, -8.150000000000000355 ) ) ;
#359 = EDGE_LOOP ( 'NONE', ( #1111, #1357, #705, #171 ) ) ;
#360 = CARTESIAN_POINT ( 'NONE',  ( 6.437196594791866566, 45.50000000000000000, 2.750000000000000000 ) ) ;
#361 = ORIENTED_EDGE ( 'NONE', *, *, #1036, .F. ) ;
#362 = CYLINDRICAL_SURFACE ( 'NONE', #780, 2.100000000000000089 ) ;
#363 = EDGE_CURVE ( 'NONE', #277, #1739, #1945, .T. ) ;
#364 = DIRECTION ( 'NONE',  ( 0.000000000000000000, 0.000000000000000000, -1.000000000000000000 ) ) ;
#365 = VERTEX_POINT ( 'NONE', #2087 ) ;
#366 = CARTESIAN_POINT ( 'NONE',  ( -3.897755764539384327, 45.35393696639610539, 1.100000000000000533 ) ) ;
#367 = DIRECTION ( 'NONE',  ( 0.000000000000000000, 0.000000000000000000, 1.000000000000000000 ) ) ;
#368 = CYLINDRICAL_SURFACE ( 'NONE', #1884, 4.000000000000000000 ) ;
#369 = VECTOR ( 'NONE', #1691, 1000.000000000000000 ) ;
#370 = CARTESIAN_POINT ( 'NONE',  ( -2.100000000000000089, 41.00000000000000000, 8.150000000000000355 ) ) ;
#371 = VERTEX_POINT ( 'NONE', #1881 ) ;
#372 = FACE_OUTER_BOUND ( 'NONE', #1453, .T. ) ;
#373 = CARTESIAN_POINT ( 'NONE',  ( -8.150000000000000355, 39.35000000000000142, -2.100000000000000089 ) ) ;
#374 = ORIENTED_EDGE ( 'NONE', *, *, #33, .F. ) ;
#375 = AXIS2_PLACEMENT_3D ( 'NONE', #2033, #1398, #1551 ) ;
#376 = CARTESIAN_POINT ( 'NONE',  ( -6.000000000000000000, 45.50000000000000000, 0.000000000000000000 ) ) ;
#377 = ORIENTED_EDGE ( 'NONE', *, *, #1568, .F. ) ;
#378 = CARTESIAN_POINT ( 'NONE',  ( -3.934771606350205175, 44.94566870571799910, -0.9608865208685083426 ) ) ;
#379 = AXIS2_PLACEMENT_3D ( 'NONE', #765, #2099, #1978 ) ;
#380 = CARTESIAN_POINT ( 'NONE',  ( 0.000000000000000000, 0.000000000000000000, 0.000000000000000000 ) ) ;
#381 = PLANE ( 'NONE',  #1472 ) ;
#382 = VERTEX_POINT ( 'NONE', #390 ) ;
#383 = DIRECTION ( 'NONE',  ( 0.000000000000000000, 0.000000000000000000, -1.000000000000000000 ) ) ;
#384 = VERTEX_POINT ( 'NONE', #1053 ) ;
#385 = CARTESIAN_POINT ( 'NONE',  ( 0.000000000000000000, 41.00000000000000000, -8.150000000000000355 ) ) ;
#386 = ORIENTED_EDGE ( 'NONE', *, *, #1466, .T. ) ;
#387 = VECTOR ( 'NONE', #94, 1000.000000000000000 ) ;
#388 = DIRECTION ( 'NONE',  ( 0.000000000000000000, 0.000000000000000000, 1.000000000000000000 ) ) ;
#389 = CIRCLE ( 'NONE', #658, 4.049999999999999822 ) ;
#390 = CARTESIAN_POINT ( 'NONE',  ( -6.905613658466567273, 48.00000000000000000, 1.145643923738954628 ) ) ;
#391 = DIRECTION ( 'NONE',  ( -0.000000000000000000, 1.000000000000000000, -0.000000000000000000 ) ) ;
#392 = VECTOR ( 'NONE', #1800, 1000.000000000000000 ) ;
#393 = DIRECTION ( 'NONE',  ( 0.000000000000000000, 0.000000000000000000, 1.000000000000000000 ) ) ;
#394 = AXIS2_PLACEMENT_3D ( 'NONE', #2069, #1552, #393 ) ;
#395 = ORIENTED_EDGE ( 'NONE', *, *, #1941, .F. ) ;
#396 = ADVANCED_FACE ( 'NONE', ( #787, #1315 ), #1782, .T. ) ;
#397 = CARTESIAN_POINT ( 'NONE',  ( 3.100000000000000533, 45.50000000000000000, 0.000000000000000000 ) ) ;
#398 = ADVANCED_FACE ( 'NONE', ( #1147 ), #1137, .F. ) ;
#399 = ORIENTED_EDGE ( 'NONE', *, *, #615, .T. ) ;
#400 = CARTESIAN_POINT ( 'NONE',  ( -3.994398675038745239, 44.62100787746199160, -0.6767253317006992619 ) ) ;
#401 = DIRECTION ( 'NONE',  ( 0.000000000000000000, -0.000000000000000000, 1.000000000000000000 ) ) ;
#402 = CC_DESIGN_PERSON_AND_ORGANIZATION_ASSIGNMENT ( #303, #163, ( #433 ) ) ;
#403 = ADVANCED_FACE ( 'NONE', ( #630 ), #1484, .T. ) ;
#404 = DIRECTION ( 'NONE',  ( 0.000000000000000000, 0.000000000000000000, 1.000000000000000000 ) ) ;
#405 = DIRECTION ( 'NONE',  ( 0.000000000000000000, 0.000000000000000000, 1.000000000000000000 ) ) ;
#406 = CARTESIAN_POINT ( 'NONE',  ( 2.100000000000000089, 39.35000000000000142, 3.404408906109840149 ) ) ;
#407 = DIRECTION ( 'NONE',  ( 0.000000000000000000, 0.000000000000000000, -1.000000000000000000 ) ) ;
#408 = AXIS2_PLACEMENT_3D ( 'NONE', #1562, #565, #1237 ) ;
#409 = ORIENTED_EDGE ( 'NONE', *, *, #1882, .T. ) ;
#410 = DIRECTION ( 'NONE',  ( -0.000000000000000000, -1.000000000000000000, -0.000000000000000000 ) ) ;
#411 = EDGE_CURVE ( 'NONE', #1760, #2042, #1222, .T. ) ;
#412 = VERTEX_POINT ( 'NONE', #109 ) ;
#413 = VECTOR ( 'NONE', #249, 1000.000000000000000 ) ;
#414 = DIRECTION ( 'NONE',  ( 0.000000000000000000, 0.000000000000000000, -1.000000000000000000 ) ) ;
#415 = ORIENTED_EDGE ( 'NONE', *, *, #168, .F. ) ;
#416 = DIRECTION ( 'NONE',  ( 0.000000000000000000, -1.000000000000000000, 0.000000000000000000 ) ) ;
#417 = CARTESIAN_POINT ( 'NONE',  ( 7.000000000000000000, 48.00000000000000000, 5.849999999999999645 ) ) ;
#418 = APPLICATION_PROTOCOL_DEFINITION ( 'international standard', 'config_control_design', 1994, #97 ) ;
#419 = EDGE_CURVE ( 'NONE', #29, #486, #552, .T. ) ;
#420 = DIRECTION ( 'NONE',  ( 0.000000000000000000, -1.000000000000000000, 0.000000000000000000 ) ) ;
#421 = ORIENTED_EDGE ( 'NONE', *, *, #800, .F. ) ;
#422 = ORIENTED_EDGE ( 'NONE', *, *, #1278, .F. ) ;
#423 = DIRECTION ( 'NONE',  ( -0.000000000000000000, -1.000000000000000000, -0.000000000000000000 ) ) ;
#424 = AXIS2_PLACEMENT_3D ( 'NONE', #447, #280, #1625 ) ;
#425 = DIRECTION ( 'NONE',  ( 0.000000000000000000, -1.000000000000000000, 0.000000000000000000 ) ) ;
#426 = CARTESIAN_POINT ( 'NONE',  ( -8.150000000000000355, 41.00000000000000000, -2.100000000000000089 ) ) ;
#427 = CARTESIAN_POINT ( 'NONE',  ( 6.515906959523549702, 44.45908077852737250, -2.559235811958065820 ) ) ;
#428 = ORIENTED_EDGE ( 'NONE', *, *, #1187, .T. ) ;
#429 = FACE_OUTER_BOUND ( 'NONE', #1789, .T. ) ;
#430 = EDGE_CURVE ( 'NONE', #347, #1234, #1312, .T. ) ;
#431 = AXIS2_PLACEMENT_3D ( 'NONE', #1498, #326, #1822 ) ;
#432 = EDGE_CURVE ( 'NONE', #1304, #511, #1391, .T. ) ;
#433 = PRODUCT_DEFINITION_FORMATION_WITH_SPECIFIED_SOURCE ( 'ANY', '', #1611, .NOT_KNOWN. ) ;
#434 = ORIENTED_EDGE ( 'NONE', *, *, #1283, .T. ) ;
#435 = ORIENTED_EDGE ( 'NONE', *, *, #866, .T. ) ;
#436 = CARTESIAN_POINT ( 'NONE',  ( -6.437196594791866566, 45.50000000000000000, -2.750000000000000000 ) ) ;
#437 = ORIENTED_EDGE ( 'NONE', *, *, #1579, .T. ) ;
#438 = ADVANCED_FACE ( 'NONE', ( #310 ), #965, .F. ) ;
#439 = CARTESIAN_POINT ( 'NONE',  ( 6.469576303269104045, 44.84128164293299790, -2.673249954226672109 ) ) ;
#440 = VERTEX_POINT ( 'NONE', #158 ) ;
#441 = DIRECTION ( 'NONE',  ( -0.000000000000000000, -1.000000000000000000, -0.000000000000000000 ) ) ;
#442 = CARTESIAN_POINT ( 'NONE',  ( -8.150000000000000355, 41.00000000000000000, 2.100000000000000089 ) ) ;
#443 = ORIENTED_EDGE ( 'NONE', *, *, #866, .F. ) ;
#444 = ORIENTED_EDGE ( 'NONE', *, *, #297, .F. ) ;
#445 = CARTESIAN_POINT ( 'NONE',  ( -6.469612034146805968, 44.84107285759884576, -2.673159329098455661 ) ) ;
#446 = AXIS2_PLACEMENT_3D ( 'NONE', #376, #1514, #1352 ) ;
#447 = CARTESIAN_POINT ( 'NONE',  ( 8.150000000000000355, 41.00000000000000000, 0.000000000000000000 ) ) ;
#448 = CARTESIAN_POINT ( 'NONE',  ( -7.000000000000000000, 39.35000000000000142, 8.150000000000000355 ) ) ;
#449 = CARTESIAN_POINT ( 'NONE',  ( 0.000000000000000000, 44.00000000000000711, 0.000000000000000000 ) ) ;
#450 = ORIENTED_EDGE ( 'NONE', *, *, #2134, .T. ) ;
#451 = CARTESIAN_POINT ( 'NONE',  ( -7.000000000000000000, 48.00000000000000000, -5.850000000000000533 ) ) ;
#452 = CARTESIAN_POINT ( 'NONE',  ( 6.457445106597440088, 46.02734171946890029, -2.702189814933226852 ) ) ;
#453 = AXIS2_PLACEMENT_3D ( 'NONE', #487, #924, #1610 ) ;
#454 = ORIENTED_EDGE ( 'NONE', *, *, #958, .F. ) ;
#455 = CARTESIAN_POINT ( 'NONE',  ( -6.000000000000000000, 44.00000000000000711, -2.304886114323225321 ) ) ;
#456 = CARTESIAN_POINT ( 'NONE',  ( 1.592040838891559095E-15, 39.35000000000000142, 13.00000000000000000 ) ) ;
#457 = VERTEX_POINT ( 'NONE', #812 ) ;
#458 = COORDINATED_UNIVERSAL_TIME_OFFSET ( 6, 0, .BEHIND. ) ;
#459 = VECTOR ( 'NONE', #416, 1000.000000000000000 ) ;
#460 = VERTEX_POINT ( 'NONE', #862 ) ;
#461 = CARTESIAN_POINT ( 'NONE',  ( -2.100000000000000089, 39.35000000000000142, 8.150000000000000355 ) ) ;
#462 = LINE ( 'NONE', #1083, #1951 ) ;
#463 = LINE ( 'NONE', #1655, #568 ) ;
#464 = CARTESIAN_POINT ( 'NONE',  ( 3.100000000000000089, 48.00000000000000000, -2.399999999999999911 ) ) ;
#465 = AXIS2_PLACEMENT_3D ( 'NONE', #526, #1301, #1194 ) ;
#466 = EDGE_LOOP ( 'NONE', ( #1780, #409, #1961, #901, #759, #1503, #863, #255, #629, #885, #1014, #1877 ) ) ;
#467 = EDGE_CURVE ( 'NONE', #1123, #1613, #850, .T. ) ;
#468 = CALENDAR_DATE ( 2026, 8, 9 ) ;
#469 = PERSON ( 'UNSPECIFIED', 'UNSPECIFIED', 'UNSPECIFIED', ('UNSPECIFIED'), ('UNSPECIFIED'), ('UNSPECIFIED') ) ;
#470 = VERTEX_POINT ( 'NONE', #531 ) ;
#471 = CARTESIAN_POINT ( 'NONE',  ( -2.100000000000000089, 41.00000000000000000, 8.150000000000000355 ) ) ;
#472 = AXIS2_PLACEMENT_3D ( 'NONE', #1817, #1128, #960 ) ;
#473 = CARTESIAN_POINT ( 'NONE',  ( 0.000000000000000000, 48.00000000000000000, 0.000000000000000000 ) ) ;
#474 = DIRECTION ( 'NONE',  ( 0.000000000000000000, -0.000000000000000000, -1.000000000000000000 ) ) ;
#475 = LINE ( 'NONE', #332, #1988 ) ;
#476 = EDGE_LOOP ( 'NONE', ( #1901, #1681, #2, #434 ) ) ;
#477 = DATE_AND_TIME ( #1970, #1474 ) ;
#478 = ADVANCED_FACE ( 'NONE', ( #34 ), #1888, .T. ) ;
#479 = B_SPLINE_CURVE_WITH_KNOTS ( 'NONE', 3,
 ( #436, #1581, #1447, #1605, #445, #1768, #1931, #1094 ),
 .UNSPECIFIED., .F., .F.,
 ( 4, 2, 2, 4 ),
 ( 0.003162636253750208699, 0.003559672703773024069, 0.003956709153795839873, 0.004750782053841491430 ),
 .UNSPECIFIED. ) ;
#480 = ORIENTED_EDGE ( 'NONE', *, *, #890, .F. ) ;
#481 = DIRECTION ( 'NONE',  ( 0.000000000000000000, 0.000000000000000000, -1.000000000000000000 ) ) ;
#482 = DIRECTION ( 'NONE',  ( 0.000000000000000000, 0.000000000000000000, 1.000000000000000000 ) ) ;
#483 = CARTESIAN_POINT ( 'NONE',  ( 6.609652033201145471, 43.99999999999999289, 2.304886114323216439 ) ) ;
#484 = LINE ( 'NONE', #1807, #663 ) ;
#485 = CARTESIAN_POINT ( 'NONE',  ( 0.000000000000000000, 48.00000000000000000, 0.000000000000000000 ) ) ;
#486 = VERTEX_POINT ( 'NONE', #213 ) ;
#487 = CARTESIAN_POINT ( 'NONE',  ( 7.000000000000000000, 44.00000000000000711, -7.000000000000000000 ) ) ;
#488 = CARTESIAN_POINT ( 'NONE',  ( 0.000000000000000000, 39.35000000000000142, 0.000000000000000000 ) ) ;
#489 = DATE_AND_TIME ( #1117, #2128 ) ;
#490 = ADVANCED_FACE ( 'NONE', ( #1532 ), #1546, .F. ) ;
#491 = ORIENTED_EDGE ( 'NONE', *, *, #858, .T. ) ;
#492 = LINE ( 'NONE', #1623, #984 ) ;
#493 = VECTOR ( 'NONE', #921, 1000.000000000000000 ) ;
#494 = CC_DESIGN_PERSON_AND_ORGANIZATION_ASSIGNMENT ( #980, #957, ( #433 ) ) ;
#495 = VECTOR ( 'NONE', #308, 1000.000000000000000 ) ;
#496 = ADVANCED_FACE ( 'NONE', ( #1224 ), #839, .F. ) ;
#497 =( GEOMETRIC_REPRESENTATION_CONTEXT ( 3 ) GLOBAL_UNCERTAINTY_ASSIGNED_CONTEXT ( ( #1046 ) ) GLOBAL_UNIT_ASSIGNED_CONTEXT ( ( #2045, #86, #1880 ) ) REPRESENTATION_CONTEXT ( 'NONE', 'WORKASPACE' ) );
#498 = DIRECTION ( 'NONE',  ( 0.000000000000000000, 0.000000000000000000, 1.000000000000000000 ) ) ;
#499 = DIRECTION ( 'NONE',  ( 0.000000000000000000, 0.000000000000000000, 1.000000000000000000 ) ) ;
#500 = AXIS2_PLACEMENT_3D ( 'NONE', #979, #1661, #161 ) ;
#501 = LINE ( 'NONE', #464, #1125 ) ;
#502 = ORIENTED_EDGE ( 'NONE', *, *, #522, .T. ) ;
#503 = CARTESIAN_POINT ( 'NONE',  ( 0.000000000000000000, 41.00000000000000000, 0.000000000000000000 ) ) ;
#504 = EDGE_CURVE ( 'NONE', #834, #1793, #48, .T. ) ;
#505 = DIRECTION ( 'NONE',  ( 1.000000000000000000, 0.000000000000000000, 0.000000000000000000 ) ) ;
#506 = ORIENTED_EDGE ( 'NONE', *, *, #2009, .F. ) ;
#507 = DIRECTION ( 'NONE',  ( 1.000000000000000000, -0.000000000000000000, -0.000000000000000000 ) ) ;
#508 = VERTEX_POINT ( 'NONE', #352 ) ;
#509 = EDGE_CURVE ( 'NONE', #102, #371, #1007, .T. ) ;
#510 = CYLINDRICAL_SURFACE ( 'NONE', #938, 2.750000000000000000 ) ;
#511 = VERTEX_POINT ( 'NONE', #1020 ) ;
#512 = LINE ( 'NONE', #989, #1275 ) ;
#513 = VECTOR ( 'NONE', #1202, 1000.000000000000000 ) ;
#514 = CARTESIAN_POINT ( 'NONE',  ( -6.437196594791866566, 45.50000000000000000, 2.750000000000000000 ) ) ;
#515 = AXIS2_PLACEMENT_3D ( 'NONE', #913, #156, #1163 ) ;
#516 = ORIENTED_EDGE ( 'NONE', *, *, #969, .T. ) ;
#517 = CYLINDRICAL_SURFACE ( 'NONE', #193, 4.049999999999999822 ) ;
#518 = ORIENTED_EDGE ( 'NONE', *, *, #467, .T. ) ;
#519 = CARTESIAN_POINT ( 'NONE',  ( 6.609652033201145471, 43.99999999999999289, 2.304886114323216439 ) ) ;
#520 = ORIENTED_EDGE ( 'NONE', *, *, #871, .T. ) ;
#521 = LINE ( 'NONE', #324, #392 ) ;
#522 = EDGE_CURVE ( 'NONE', #384, #457, #1934, .T. ) ;
#523 = CARTESIAN_POINT ( 'NONE',  ( -2.100000000000000089, 41.00000000000000000, 8.150000000000000355 ) ) ;
#524 = VERTEX_POINT ( 'NONE', #707 ) ;
#525 = DIRECTION ( 'NONE',  ( 0.000000000000000000, 1.000000000000000000, 0.000000000000000000 ) ) ;
#526 = CARTESIAN_POINT ( 'NONE',  ( -8.150000000000000355, 41.00000000000000000, 0.000000000000000000 ) ) ;
#527 = EDGE_CURVE ( 'NONE', #583, #1060, #2142, .T. ) ;
#528 = ORIENTED_EDGE ( 'NONE', *, *, #1032, .T. ) ;
#529 = VECTOR ( 'NONE', #1417, 1000.000000000000000 ) ;
#530 = CARTESIAN_POINT ( 'NONE',  ( -6.000000000000000000, 44.00000000000000711, 2.304886114323225321 ) ) ;
#531 = CARTESIAN_POINT ( 'NONE',  ( 0.000000000000000000, 41.00000000000000000, -10.25000000000000178 ) ) ;
#532 = CYLINDRICAL_SURFACE ( 'NONE', #1366, 2.100000000000000977 ) ;
#533 = CARTESIAN_POINT ( 'NONE',  ( 0.000000000000000000, 41.00000000000000000, -4.049999999999999822 ) ) ;
#534 = DIRECTION ( 'NONE',  ( -0.000000000000000000, -1.000000000000000000, -0.000000000000000000 ) ) ;
#535 = ORIENTED_EDGE ( 'NONE', *, *, #1132, .T. ) ;
#536 = LINE ( 'NONE', #826, #369 ) ;
#537 = DIRECTION ( 'NONE',  ( 1.000000000000000000, 0.000000000000000000, 0.000000000000000000 ) ) ;
#538 = EDGE_LOOP ( 'NONE', ( #1688, #652, #1068, #729 ) ) ;
#539 = CARTESIAN_POINT ( 'NONE',  ( 6.441293304524753793, 45.23547906751638692, 2.740469204710239914 ) ) ;
#540 = ORIENTED_EDGE ( 'NONE', *, *, #2134, .F. ) ;
#541 = CARTESIAN_POINT ( 'NONE',  ( -6.000000000000000000, 45.50000000000000000, 0.000000000000000000 ) ) ;
#542 = CARTESIAN_POINT ( 'NONE',  ( -7.000000000000000000, 44.00000000000000711, -8.150000000000000355 ) ) ;
#543 = VECTOR ( 'NONE', #59, 1000.000000000000000 ) ;
#544 = LINE ( 'NONE', #370, #692 ) ;
#545 = ORIENTED_EDGE ( 'NONE', *, *, #2088, .F. ) ;
#546 = DIRECTION ( 'NONE',  ( 0.000000000000000000, 0.000000000000000000, -1.000000000000000000 ) ) ;
#547 = CARTESIAN_POINT ( 'NONE',  ( -6.000000000000000000, 45.50000000000000000, -2.750000000000000000 ) ) ;
#548 = ORIENTED_EDGE ( 'NONE', *, *, #2110, .T. ) ;
#549 = CARTESIAN_POINT ( 'NONE',  ( 6.515639029735876164, 44.46111964486731694, 2.559900529058813490 ) ) ;
#550 = VERTEX_POINT ( 'NONE', #1363 ) ;
#551 = CARTESIAN_POINT ( 'NONE',  ( 0.000000000000000000, 44.00000000000000000, 0.000000000000000000 ) ) ;
#552 = CIRCLE ( 'NONE', #379, 4.049999999999999822 ) ;
#553 = DIRECTION ( 'NONE',  ( -0.000000000000000000, -1.000000000000000000, -0.000000000000000000 ) ) ;
#554 = FACE_OUTER_BOUND ( 'NONE', #1703, .T. ) ;
#555 = EDGE_CURVE ( 'NONE', #188, #1099, #1288, .T. ) ;
#556 = CARTESIAN_POINT ( 'NONE',  ( 6.658511140723014421, 47.20503742989175322, 2.161514923064316473 ) ) ;
#557 = ORIENTED_EDGE ( 'NONE', *, *, #363, .T. ) ;
#558 = CC_DESIGN_PERSON_AND_ORGANIZATION_ASSIGNMENT ( #1620, #1651, ( #252 ) ) ;
#559 = EDGE_CURVE ( 'NONE', #1282, #1604, #1998, .T. ) ;
#560 = CARTESIAN_POINT ( 'NONE',  ( 0.000000000000000000, 39.35000000000000142, -8.150000000000000355 ) ) ;
#561 = ORIENTED_EDGE ( 'NONE', *, *, #1110, .F. ) ;
#562 = CIRCLE ( 'NONE', #1267, 4.049999999999999822 ) ;
#563 = FACE_OUTER_BOUND ( 'NONE', #1135, .T. ) ;
#564 = EDGE_LOOP ( 'NONE', ( #82, #971, #946, #5, #773 ) ) ;
#565 = DIRECTION ( 'NONE',  ( -1.000000000000000000, 0.000000000000000000, 0.000000000000000000 ) ) ;
#566 = DIRECTION ( 'NONE',  ( 0.000000000000000000, -0.000000000000000000, -1.000000000000000000 ) ) ;
#567 = CARTESIAN_POINT ( 'NONE',  ( 6.558807803923947688, 46.77494786242812808, 2.450364605556969000 ) ) ;
#568 = VECTOR ( 'NONE', #704, 1000.000000000000000 ) ;
#569 = ORIENTED_EDGE ( 'NONE', *, *, #1187, .F. ) ;
#570 = DIRECTION ( 'NONE',  ( 0.000000000000000000, 0.000000000000000000, 1.000000000000000000 ) ) ;
#571 = EDGE_CURVE ( 'NONE', #90, #1926, #1184, .T. ) ;
#572 = ORIENTED_EDGE ( 'NONE', *, *, #892, .F. ) ;
#573 = DIRECTION ( 'NONE',  ( 0.000000000000000000, 1.000000000000000000, 0.000000000000000000 ) ) ;
#574 = EDGE_LOOP ( 'NONE', ( #1763, #851 ) ) ;
#575 = FACE_OUTER_BOUND ( 'NONE', #1683, .T. ) ;
#576 = CIRCLE ( 'NONE', #1104, 4.000000000000000000 ) ;
#577 = CARTESIAN_POINT ( 'NONE',  ( 6.457518781622471948, 46.02845067969364123, 2.702014877186277531 ) ) ;
#578 = EDGE_LOOP ( 'NONE', ( #758, #1593, #857, #2034, #281 ) ) ;
#579 = LINE ( 'NONE', #358, #1541 ) ;
#580 = ADVANCED_FACE ( 'NONE', ( #1876 ), #1522, .F. ) ;
#581 = CIRCLE ( 'NONE', #1794, 1.150000000000000799 ) ;
#582 = CARTESIAN_POINT ( 'NONE',  ( 0.000000000000000000, 39.35000000000000142, -10.25000000000000178 ) ) ;
#583 = VERTEX_POINT ( 'NONE', #680 ) ;
#584 = LINE ( 'NONE', #1762, #493 ) ;
#585 = ORIENTED_EDGE ( 'NONE', *, *, #709, .T. ) ;
#586 = DIRECTION ( 'NONE',  ( 0.000000000000000000, 0.000000000000000000, 1.000000000000000000 ) ) ;
#587 = CARTESIAN_POINT ( 'NONE',  ( 3.404408906109840149, 41.00000000000000000, 2.100000000000000089 ) ) ;
#588 = ORIENTED_EDGE ( 'NONE', *, *, #1956, .F. ) ;
#589 = ORIENTED_EDGE ( 'NONE', *, *, #676, .T. ) ;
#590 = EDGE_CURVE ( 'NONE', #1949, #1886, #2111, .T. ) ;
#591 = EDGE_LOOP ( 'NONE', ( #687, #1072, #1034, #588, #818 ) ) ;
#592 = FACE_OUTER_BOUND ( 'NONE', #656, .T. ) ;
#593 = ORIENTED_EDGE ( 'NONE', *, *, #1349, .F. ) ;
#594 = DIRECTION ( 'NONE',  ( -0.000000000000000000, -1.000000000000000000, -0.000000000000000000 ) ) ;
#595 = AXIS2_PLACEMENT_3D ( 'NONE', #1809, #159, #106 ) ;
#596 = CARTESIAN_POINT ( 'NONE',  ( 2.100000000000000089, 41.00000000000000000, -8.150000000000000355 ) ) ;
#597 = CIRCLE ( 'NONE', #1438, 2.750000000000000000 ) ;
#598 = ORIENTED_EDGE ( 'NONE', *, *, #1804, .T. ) ;
#599 = CIRCLE ( 'NONE', #660, 7.000000000000000000 ) ;
#600 = ORIENTED_EDGE ( 'NONE', *, *, #1276, .F. ) ;
#601 = ORIENTED_EDGE ( 'NONE', *, *, #1105, .F. ) ;
#602 = CARTESIAN_POINT ( 'NONE',  ( 3.404408906109840149, 39.35000000000000142, 2.100000000000000089 ) ) ;
#603 = VERTEX_POINT ( 'NONE', #917 ) ;
#604 = CARTESIAN_POINT ( 'NONE',  ( 6.437196594791866566, 45.50000000000000000, -2.750000000000000000 ) ) ;
#605 = VERTEX_POINT ( 'NONE', #471 ) ;
#606 = DIRECTION ( 'NONE',  ( 0.000000000000000000, 1.000000000000000000, 0.000000000000000000 ) ) ;
#607 = CARTESIAN_POINT ( 'NONE',  ( 13.00000000000000000, 45.50000000000000000, 0.000000000000000000 ) ) ;
#608 = VECTOR ( 'NONE', #1718, 1000.000000000000000 ) ;
#609 = VECTOR ( 'NONE', #1847, 1000.000000000000000 ) ;
#610 = CARTESIAN_POINT ( 'NONE',  ( -6.738409342686609627, 47.49379518522297872, -1.898468533991905183 ) ) ;
#611 = DIRECTION ( 'NONE',  ( 0.000000000000000000, 0.000000000000000000, -1.000000000000000000 ) ) ;
#612 = VERTEX_POINT ( 'NONE', #1454 ) ;
#613 = PERSON_AND_ORGANIZATION ( #469, #1082 ) ;
#614 = ORIENTED_EDGE ( 'NONE', *, *, #411, .T. ) ;
#615 = EDGE_CURVE ( 'NONE', #672, #470, #1899, .T. ) ;
#616 = APPROVAL ( #1745, 'UNSPECIFIED' ) ;
#617 = EDGE_CURVE ( 'NONE', #2039, #1041, #1556, .T. ) ;
#618 = CARTESIAN_POINT ( 'NONE',  ( -2.100000000000000089, 41.00000000000000000, 8.150000000000000355 ) ) ;
#619 = AXIS2_PLACEMENT_3D ( 'NONE', #1376, #2108, #1913 ) ;
#620 = PLANE ( 'NONE',  #1840 ) ;
#621 = ORIENTED_EDGE ( 'NONE', *, *, #1744, .T. ) ;
#622 = COORDINATED_UNIVERSAL_TIME_OFFSET ( 6, 0, .BEHIND. ) ;
#623 = CC_DESIGN_SECURITY_CLASSIFICATION ( #252, ( #433 ) ) ;
#624 = VERTEX_POINT ( 'NONE', #461 ) ;
#625 = CARTESIAN_POINT ( 'NONE',  ( 0.000000000000000000, 44.00000000000000711, -4.049999999999999822 ) ) ;
#626 = DIRECTION ( 'NONE',  ( 0.000000000000000000, 0.000000000000000000, -1.000000000000000000 ) ) ;
#627 = EDGE_CURVE ( 'NONE', #46, #1926, #914, .T. ) ;
#628 = CARTESIAN_POINT ( 'NONE',  ( 0.000000000000000000, 44.00000000000000000, 0.000000000000000000 ) ) ;
#629 = ORIENTED_EDGE ( 'NONE', *, *, #627, .F. ) ;
#630 = FACE_OUTER_BOUND ( 'NONE', #126, .T. ) ;
#631 = APPROVAL_DATE_TIME ( #489, #1468 ) ;
#632 = AXIS2_PLACEMENT_3D ( 'NONE', #2131, #1448, #626 ) ;
#633 = ORIENTED_EDGE ( 'NONE', *, *, #1048, .F. ) ;
#634 = CARTESIAN_POINT ( 'NONE',  ( 2.100000000000000089, 41.00000000000000000, 8.150000000000000355 ) ) ;
#635 = AXIS2_PLACEMENT_3D ( 'NONE', #385, #1047, #25 ) ;
#636 = LINE ( 'NONE', #1805, #1158 ) ;
#637 = DIRECTION ( 'NONE',  ( 0.000000000000000000, 1.000000000000000000, 0.000000000000000000 ) ) ;
#638 = EDGE_CURVE ( 'NONE', #834, #2140, #576, .T. ) ;
#639 = CARTESIAN_POINT ( 'NONE',  ( -6.437196594791868343, 45.63196330187406602, -2.750000000000000000 ) ) ;
#640 = FACE_OUTER_BOUND ( 'NONE', #1597, .T. ) ;
#641 = VERTEX_POINT ( 'NONE', #1330 ) ;
#642 = CARTESIAN_POINT ( 'NONE',  ( 0.000000000000000000, 41.00000000000000000, 0.000000000000000000 ) ) ;
#643 = DIRECTION ( 'NONE',  ( 0.000000000000000000, 0.000000000000000000, 1.000000000000000000 ) ) ;
#644 = PRODUCT_DEFINITION ( 'UNKNOWN', '', #433, #1281 ) ;
#645 = VECTOR ( 'NONE', #274, 1000.000000000000000 ) ;
#646 = EDGE_CURVE ( 'NONE', #89, #440, #838, .T. ) ;
#647 = VERTEX_POINT ( 'NONE', #145 ) ;
#648 = EDGE_CURVE ( 'NONE', #1041, #273, #155, .T. ) ;
#649 = CARTESIAN_POINT ( 'NONE',  ( 12.00000000000000000, 48.00000000000000000, 1.145643923738954628 ) ) ;
#650 = DIRECTION ( 'NONE',  ( -0.000000000000000000, -0.000000000000000000, 1.000000000000000000 ) ) ;
#651 = CARTESIAN_POINT ( 'NONE',  ( -6.000000000000000000, 48.00000000000000000, -1.145643923738954628 ) ) ;
#652 = ORIENTED_EDGE ( 'NONE', *, *, #1077, .F. ) ;
#653 = CARTESIAN_POINT ( 'NONE',  ( 0.000000000000000000, 44.00000000000000000, 0.000000000000000000 ) ) ;
#654 = DIRECTION ( 'NONE',  ( 1.000000000000000000, 0.000000000000000000, 0.000000000000000000 ) ) ;
#655 = EDGE_CURVE ( 'NONE', #1487, #201, #492, .T. ) ;
#656 = EDGE_LOOP ( 'NONE', ( #681, #1030, #198, #1426 ) ) ;
#657 = AXIS2_PLACEMENT_3D ( 'NONE', #1378, #505, #1506 ) ;
#658 = AXIS2_PLACEMENT_3D ( 'NONE', #1319, #147, #482 ) ;
#659 = CARTESIAN_POINT ( 'NONE',  ( 3.100000000000000533, 45.50000000000000000, -1.100000000000000089 ) ) ;
#660 = AXIS2_PLACEMENT_3D ( 'NONE', #653, #968, #662 ) ;
#661 = ORIENTED_EDGE ( 'NONE', *, *, #1834, .F. ) ;
#662 = DIRECTION ( 'NONE',  ( 0.000000000000000000, 0.000000000000000000, 1.000000000000000000 ) ) ;
#663 = VECTOR ( 'NONE', #1955, 1000.000000000000000 ) ;
#664 = CARTESIAN_POINT ( 'NONE',  ( -6.437196594791869231, 45.63210980794494276, 2.749999999999999556 ) ) ;
#665 = EDGE_LOOP ( 'NONE', ( #100, #2076, #1185, #1676 ) ) ;
#666 = CYLINDRICAL_SURFACE ( 'NONE', #1790, 2.750000000000000000 ) ;
#667 = VERTEX_POINT ( 'NONE', #809 ) ;
#668 = ADVANCED_FACE ( 'NONE', ( #799 ), #1477, .F. ) ;
#669 = DIRECTION ( 'NONE',  ( 0.000000000000000000, 1.000000000000000000, 0.000000000000000000 ) ) ;
#670 = CIRCLE ( 'NONE', #950, 1.150000000000000799 ) ;
#671 = CARTESIAN_POINT ( 'NONE',  ( -3.404408906109840149, 41.00000000000000000, 2.100000000000000089 ) ) ;
#672 = VERTEX_POINT ( 'NONE', #1488 ) ;
#673 = CARTESIAN_POINT ( 'NONE',  ( -4.049983532210581494, 46.59993936858856500, 0.1447335446821367277 ) ) ;
#674 = VECTOR ( 'NONE', #1544, 1000.000000000000000 ) ;
#675 = CARTESIAN_POINT ( 'NONE',  ( -6.905613658466567273, 48.00000000000000000, 1.145643923738954628 ) ) ;
#676 = EDGE_CURVE ( 'NONE', #667, #834, #2144, .T. ) ;
#677 = EDGE_LOOP ( 'NONE', ( #1911, #313, #1021, #1916 ) ) ;
#678 = CARTESIAN_POINT ( 'NONE',  ( 4.959819536546779614E-16, 48.00000000000000000, 4.049999999999999822 ) ) ;
#679 = ORIENTED_EDGE ( 'NONE', *, *, #1727, .F. ) ;
#680 = CARTESIAN_POINT ( 'NONE',  ( 2.100000000000000089, 39.35000000000000142, -8.150000000000000355 ) ) ;
#681 = ORIENTED_EDGE ( 'NONE', *, *, #918, .F. ) ;
#682 = EDGE_CURVE ( 'NONE', #1942, #178, #670, .T. ) ;
#683 = CARTESIAN_POINT ( 'NONE',  ( -4.013966497472684303, 46.46037050846904037, -0.5555428274023341828 ) ) ;
#684 = CARTESIAN_POINT ( 'NONE',  ( -8.150000000000000355, 39.35000000000000142, 2.100000000000000089 ) ) ;
#685 = CARTESIAN_POINT ( 'NONE',  ( 0.000000000000000000, 41.00000000000000000, -10.25000000000000178 ) ) ;
#686 = DIRECTION ( 'NONE',  ( 0.000000000000000000, -0.000000000000000000, 1.000000000000000000 ) ) ;
#687 = ORIENTED_EDGE ( 'NONE', *, *, #1664, .F. ) ;
#688 = AXIS2_PLACEMENT_3D ( 'NONE', #236, #203, #852 ) ;
#689 = DIRECTION ( 'NONE',  ( 0.000000000000000000, 1.000000000000000000, 0.000000000000000000 ) ) ;
#690 = CARTESIAN_POINT ( 'NONE',  ( -8.150000000000000355, 41.00000000000000000, -2.100000000000000089 ) ) ;
#691 = EDGE_LOOP ( 'NONE', ( #1473, #491, #267, #1839 ) ) ;
#692 = VECTOR ( 'NONE', #1895, 1000.000000000000000 ) ;
#693 = DIRECTION ( 'NONE',  ( -0.000000000000000000, -0.000000000000000000, 1.000000000000000000 ) ) ;
#694 = APPROVAL_PERSON_ORGANIZATION ( #613, #1468, #133 ) ;
#695 = DIRECTION ( 'NONE',  ( 0.000000000000000000, 1.000000000000000000, 0.000000000000000000 ) ) ;
#696 = ORIENTED_EDGE ( 'NONE', *, *, #848, .T. ) ;
#697 = CARTESIAN_POINT ( 'NONE',  ( -7.000000000000000000, 39.35000000000000142, -8.150000000000000355 ) ) ;
#698 = EDGE_CURVE ( 'NONE', #60, #1113, #1019, .T. ) ;
#699 = VECTOR ( 'NONE', #1516, 1000.000000000000000 ) ;
#700 = DIRECTION ( 'NONE',  ( 0.000000000000000000, 0.000000000000000000, -1.000000000000000000 ) ) ;
#701 = CARTESIAN_POINT ( 'NONE',  ( -3.897755764539383883, 45.50000000000000000, 1.100000000000000089 ) ) ;
#702 = VERTEX_POINT ( 'NONE', #1833 ) ;
#703 = DIRECTION ( 'NONE',  ( 0.000000000000000000, 0.000000000000000000, -1.000000000000000000 ) ) ;
#704 = DIRECTION ( 'NONE',  ( -1.000000000000000000, 0.000000000000000000, 0.000000000000000000 ) ) ;
#705 = ORIENTED_EDGE ( 'NONE', *, *, #1140, .F. ) ;
#706 = LINE ( 'NONE', #530, #674 ) ;
#707 = CARTESIAN_POINT ( 'NONE',  ( 12.00000000000000000, 44.00000000000000711, 2.304886114323225321 ) ) ;
#708 = EDGE_LOOP ( 'NONE', ( #195, #234 ) ) ;
#709 = EDGE_CURVE ( 'NONE', #751, #242, #1248, .T. ) ;
#710 = PLANE ( 'NONE',  #1815 ) ;
#711 = CARTESIAN_POINT ( 'NONE',  ( -6.609652033201143695, 44.00000000000000000, -2.304886114323220880 ) ) ;
#712 = AXIS2_PLACEMENT_3D ( 'NONE', #1985, #983, #1962 ) ;
#713 = CARTESIAN_POINT ( 'NONE',  ( -7.000000000000000000, 48.00000000000000000, 5.850000000000000533 ) ) ;
#714 = VECTOR ( 'NONE', #837, 1000.000000000000000 ) ;
#715 = APPROVAL ( #1662, 'UNSPECIFIED' ) ;
#716 = EDGE_CURVE ( 'NONE', #1123, #382, #536, .T. ) ;
#717 = CARTESIAN_POINT ( 'NONE',  ( 7.000000000000000000, 48.00000000000000000, -8.150000000000000355 ) ) ;
#718 = ORIENTED_EDGE ( 'NONE', *, *, #716, .F. ) ;
#719 = CARTESIAN_POINT ( 'NONE',  ( 7.000000000000000000, 39.35000000000000142, 5.849999999999999645 ) ) ;
#720 = ADVANCED_FACE ( 'NONE', ( #1206 ), #1039, .F. ) ;
#721 = DIRECTION ( 'NONE',  ( 0.000000000000000000, 0.000000000000000000, 1.000000000000000000 ) ) ;
#722 = VERTEX_POINT ( 'NONE', #1381 ) ;
#723 = CARTESIAN_POINT ( 'NONE',  ( 2.100000000000000089, 41.00000000000000000, 8.150000000000000355 ) ) ;
#724 = VECTOR ( 'NONE', #1033, 1000.000000000000000 ) ;
#725 = PLANE ( 'NONE',  #1207 ) ;
#726 = CARTESIAN_POINT ( 'NONE',  ( 7.000000000000000000, 44.00000000000000711, -8.150000000000000355 ) ) ;
#727 = DIRECTION ( 'NONE',  ( 1.000000000000000000, 0.000000000000000000, 0.000000000000000000 ) ) ;
#728 = ADVANCED_FACE ( 'NONE', ( #2035 ), #666, .F. ) ;
#729 = ORIENTED_EDGE ( 'NONE', *, *, #1171, .T. ) ;
#730 = VERTEX_POINT ( 'NONE', #678 ) ;
#731 = AXIS2_PLACEMENT_3D ( 'NONE', #1379, #1216, #1037 ) ;
#732 = CARTESIAN_POINT ( 'NONE',  ( 0.000000000000000000, 48.00000000000000000, 0.000000000000000000 ) ) ;
#733 = ORIENTED_EDGE ( 'NONE', *, *, #338, .T. ) ;
#734 = CARTESIAN_POINT ( 'NONE',  ( -6.905613658466567273, 48.00000000000000000, -1.145643923738954628 ) ) ;
#735 = ADVANCED_FACE ( 'NONE', ( #1370, #372 ), #517, .F. ) ;
#736 = CYLINDRICAL_SURFACE ( 'NONE', #1129, 1.100000000000000089 ) ;
#737 = CIRCLE ( 'NONE', #394, 4.000000000000000000 ) ;
#738 = EDGE_CURVE ( 'NONE', #667, #165, #749, .T. ) ;
#739 = ORIENTED_EDGE ( 'NONE', *, *, #2126, .F. ) ;
#740 = DIRECTION ( 'NONE',  ( 0.000000000000000000, 0.000000000000000000, -1.000000000000000000 ) ) ;
#741 = CARTESIAN_POINT ( 'NONE',  ( -4.014073140305953302, 44.53920675204847868, 0.5545231520065666553 ) ) ;
#742 = ORIENTED_EDGE ( 'NONE', *, *, #918, .T. ) ;
#743 = CARTESIAN_POINT ( 'NONE',  ( 8.150000000000000355, 39.35000000000000142, -2.100000000000000977 ) ) ;
#744 = ORIENTED_EDGE ( 'NONE', *, *, #22, .T. ) ;
#745 = CARTESIAN_POINT ( 'NONE',  ( -8.150000000000000355, 41.00000000000000000, 2.100000000000000089 ) ) ;
#746 = CARTESIAN_POINT ( 'NONE',  ( 6.000000000000000000, 45.50000000000000000, -1.100000000000000089 ) ) ;
#747 = FACE_OUTER_BOUND ( 'NONE', #564, .T. ) ;
#748 = ADVANCED_FACE ( 'NONE', ( #819, #1219 ), #186, .F. ) ;
#749 = CIRCLE ( 'NONE', #1416, 4.049999999999999822 ) ;
#750 = ORIENTED_EDGE ( 'NONE', *, *, #1801, .F. ) ;
#751 = VERTEX_POINT ( 'NONE', #1682 ) ;
#752 = AXIS2_PLACEMENT_3D ( 'NONE', #1250, #1088, #1286 ) ;
#753 = DIRECTION ( 'NONE',  ( -1.000000000000000000, -0.000000000000000000, -0.000000000000000000 ) ) ;
#754 = FACE_OUTER_BOUND ( 'NONE', #466, .T. ) ;
#755 = ORIENTED_EDGE ( 'NONE', *, *, #307, .T. ) ;
#756 = CARTESIAN_POINT ( 'NONE',  ( 6.000000000000000000, 45.50000000000000000, 0.000000000000000000 ) ) ;
#757 = LINE ( 'NONE', #1432, #843 ) ;
#758 = ORIENTED_EDGE ( 'NONE', *, *, #1399, .F. ) ;
#759 = ORIENTED_EDGE ( 'NONE', *, *, #282, .T. ) ;
#760 = EDGE_LOOP ( 'NONE', ( #1980, #1428, #1553, #312 ) ) ;
#761 = DIRECTION ( 'NONE',  ( 0.000000000000000000, -1.000000000000000000, 0.000000000000000000 ) ) ;
#762 = ORIENTED_EDGE ( 'NONE', *, *, #790, .T. ) ;
#763 = LINE ( 'NONE', #1772, #1322 ) ;
#764 = CIRCLE ( 'NONE', #595, 4.000000000000000000 ) ;
#765 = CARTESIAN_POINT ( 'NONE',  ( 0.000000000000000000, 48.00000000000000000, 0.000000000000000000 ) ) ;
#766 = AXIS2_PLACEMENT_3D ( 'NONE', #1963, #669, #498 ) ;
#767 = AXIS2_PLACEMENT_3D ( 'NONE', #380, #405, #219 ) ;
#768 = AXIS2_PLACEMENT_3D ( 'NONE', #551, #1548, #388 ) ;
#769 = ORIENTED_EDGE ( 'NONE', *, *, #1716, .T. ) ;
#770 = FACE_OUTER_BOUND ( 'NONE', #289, .T. ) ;
#771 = LINE ( 'NONE', #290, #1512 ) ;
#772 = CARTESIAN_POINT ( 'NONE',  ( -12.00000000000000000, 44.00000000000000711, 2.304886114323225321 ) ) ;
#773 = ORIENTED_EDGE ( 'NONE', *, *, #1455, .T. ) ;
#774 = DIRECTION ( 'NONE',  ( 0.000000000000000000, -1.000000000000000000, 0.000000000000000000 ) ) ;
#775 = EDGE_CURVE ( 'NONE', #1929, #460, #268, .T. ) ;
#776 = EDGE_CURVE ( 'NONE', #997, #1329, #1540, .T. ) ;
#777 = VERTEX_POINT ( 'NONE', #30 ) ;
#778 = DIRECTION ( 'NONE',  ( 0.000000000000000000, 0.000000000000000000, 1.000000000000000000 ) ) ;
#779 = EDGE_CURVE ( 'NONE', #1759, #1659, #162, .T. ) ;
#780 = AXIS2_PLACEMENT_3D ( 'NONE', #47, #1018, #58 ) ;
#781 = DIRECTION ( 'NONE',  ( 0.000000000000000000, -1.000000000000000000, 0.000000000000000000 ) ) ;
#782 = LINE ( 'NONE', #455, #1685 ) ;
#783 = VECTOR ( 'NONE', #1654, 1000.000000000000000 ) ;
#784 = DIRECTION ( 'NONE',  ( 0.000000000000000000, 0.000000000000000000, -1.000000000000000000 ) ) ;
#785 = ORIENTED_EDGE ( 'NONE', *, *, #559, .F. ) ;
#786 = CYLINDRICAL_SURFACE ( 'NONE', #919, 1.150000000000000799 ) ;
#787 = FACE_BOUND ( 'NONE', #574, .T. ) ;
#788 = PERSON_AND_ORGANIZATION ( #469, #1082 ) ;
#789 = ORIENTED_EDGE ( 'NONE', *, *, #1026, .F. ) ;
#790 = EDGE_CURVE ( 'NONE', #1949, #1886, #521, .T. ) ;
#791 = DIRECTION ( 'NONE',  ( 1.000000000000000000, 0.000000000000000000, 0.000000000000000000 ) ) ;
#792 = DIRECTION ( 'NONE',  ( 0.000000000000000000, 1.000000000000000000, 0.000000000000000000 ) ) ;
#793 = VECTOR ( 'NONE', #1406, 1000.000000000000000 ) ;
#794 = DIRECTION ( 'NONE',  ( 1.000000000000000000, -0.000000000000000000, -0.000000000000000000 ) ) ;
#795 = ORIENTED_EDGE ( 'NONE', *, *, #2098, .F. ) ;
#796 = DATE_TIME_ROLE ( 'classification_date' ) ;
#797 = AXIS2_PLACEMENT_3D ( 'NONE', #1915, #2120, #2096 ) ;
#798 = ORIENTED_EDGE ( 'NONE', *, *, #590, .T. ) ;
#799 = FACE_OUTER_BOUND ( 'NONE', #1176, .T. ) ;
#800 = EDGE_CURVE ( 'NONE', #603, #1759, #1161, .T. ) ;
#801 = LINE ( 'NONE', #1986, #783 ) ;
#802 = CARTESIAN_POINT ( 'NONE',  ( -6.514753208766933312, 46.53267108062811275, -2.562114570348315912 ) ) ;
#803 = CARTESIAN_POINT ( 'NONE',  ( -8.150000000000000355, 41.00000000000000000, -2.100000000000000089 ) ) ;
#804 = ORIENTED_EDGE ( 'NONE', *, *, #269, .T. ) ;
#805 = CARTESIAN_POINT ( 'NONE',  ( -8.150000000000000355, 41.00000000000000000, 2.100000000000000089 ) ) ;
#806 = PERSON_AND_ORGANIZATION ( #469, #1082 ) ;
#807 = EDGE_CURVE ( 'NONE', #730, #1910, #1670, .T. ) ;
#808 = EDGE_LOOP ( 'NONE', ( #14, #1418, #940, #894, #1070 ) ) ;
#809 = CARTESIAN_POINT ( 'NONE',  ( 2.100000000000000089, 41.00000000000000000, 3.463018914184558206 ) ) ;
#810 = CARTESIAN_POINT ( 'NONE',  ( 7.000000000000000000, 39.35000000000000142, -7.000000000000000000 ) ) ;
#811 = CARTESIAN_POINT ( 'NONE',  ( 1.592040838891559095E-15, 44.00000000000000711, 13.00000000000000000 ) ) ;
#812 = CARTESIAN_POINT ( 'NONE',  ( -6.000000000000000000, 45.50000000000000000, -1.100000000000000089 ) ) ;
#813 = DIRECTION ( 'NONE',  ( 0.000000000000000000, 0.000000000000000000, -1.000000000000000000 ) ) ;
#814 = VERTEX_POINT ( 'NONE', #182 ) ;
#815 = FACE_OUTER_BOUND ( 'NONE', #538, .T. ) ;
#816 = APPROVAL_DATE_TIME ( #477, #715 ) ;
#817 = CARTESIAN_POINT ( 'NONE',  ( -6.656899193256567315, 47.20932544665775765, 2.169762028032470980 ) ) ;
#818 = ORIENTED_EDGE ( 'NONE', *, *, #892, .T. ) ;
#819 = FACE_BOUND ( 'NONE', #107, .T. ) ;
#820 = DIRECTION ( 'NONE',  ( 0.000000000000000000, 0.000000000000000000, 1.000000000000000000 ) ) ;
#821 = DIRECTION ( 'NONE',  ( -1.000000000000000000, -0.000000000000000000, -0.000000000000000000 ) ) ;
#822 = ORIENTED_EDGE ( 'NONE', *, *, #1664, .T. ) ;
#823 = CARTESIAN_POINT ( 'NONE',  ( -3.897755764539383438, 45.64610320032488744, 1.100000000000000089 ) ) ;
#824 = DIRECTION ( 'NONE',  ( 0.000000000000000000, 0.000000000000000000, -1.000000000000000000 ) ) ;
#825 = ORIENTED_EDGE ( 'NONE', *, *, #571, .F. ) ;
#826 = CARTESIAN_POINT ( 'NONE',  ( -6.000000000000000000, 48.00000000000000000, 1.145643923738954628 ) ) ;
#827 = CIRCLE ( 'NONE', #2058, 1.100000000000000089 ) ;
#828 = ORIENTED_EDGE ( 'NONE', *, *, #1843, .F. ) ;
#829 = DIRECTION ( 'NONE',  ( 1.000000000000000000, 0.000000000000000000, 0.000000000000000000 ) ) ;
#830 = DIRECTION ( 'NONE',  ( 0.000000000000000000, -1.000000000000000000, 0.000000000000000000 ) ) ;
#831 = ORIENTED_EDGE ( 'NONE', *, *, #504, .F. ) ;
#832 = CARTESIAN_POINT ( 'NONE',  ( -3.897755764539383883, 45.64399763901254659, -1.100000000000000089 ) ) ;
#833 = CARTESIAN_POINT ( 'NONE',  ( 7.000000000000000000, 44.00000000000000711, -5.849999999999999645 ) ) ;
#834 = VERTEX_POINT ( 'NONE', #1821 ) ;
#835 = EDGE_CURVE ( 'NONE', #460, #1929, #41, .T. ) ;
#836 = VERTEX_POINT ( 'NONE', #1156 ) ;
#837 = DIRECTION ( 'NONE',  ( 0.000000000000000000, -1.000000000000000000, 0.000000000000000000 ) ) ;
#838 = CIRCLE ( 'NONE', #712, 1.150000000000000799 ) ;
#839 = CYLINDRICAL_SURFACE ( 'NONE', #879, 4.000000000000000000 ) ;
#840 = ORIENTED_EDGE ( 'NONE', *, *, #1349, .T. ) ;
#841 = CARTESIAN_POINT ( 'NONE',  ( -3.897755764539384327, 45.50000000000000000, -1.100000000000000089 ) ) ;
#842 = LINE ( 'NONE', #685, #288 ) ;
#843 = VECTOR ( 'NONE', #1331, 1000.000000000000000 ) ;
#844 = ORIENTED_EDGE ( 'NONE', *, *, #590, .F. ) ;
#845 = CARTESIAN_POINT ( 'NONE',  ( 0.000000000000000000, 44.00000000000000711, 0.000000000000000000 ) ) ;
#846 = CARTESIAN_POINT ( 'NONE',  ( -8.150000000000000355, 39.35000000000000142, -2.100000000000000089 ) ) ;
#847 = VERTEX_POINT ( 'NONE', #355 ) ;
#848 = EDGE_CURVE ( 'NONE', #906, #2150, #599, .T. ) ;
#849 = CARTESIAN_POINT ( 'NONE',  ( 6.437196594791866566, 45.50000000000000000, 2.750000000000000000 ) ) ;
#850 = LINE ( 'NONE', #2018, #724 ) ;
#851 = ORIENTED_EDGE ( 'NONE', *, *, #2040, .F. ) ;
#852 = DIRECTION ( 'NONE',  ( 0.000000000000000000, -0.000000000000000000, 1.000000000000000000 ) ) ;
#853 = LINE ( 'NONE', #205, #36 ) ;
#854 = CARTESIAN_POINT ( 'NONE',  ( 0.000000000000000000, 48.00000000000000000, 0.000000000000000000 ) ) ;
#855 = ORIENTED_EDGE ( 'NONE', *, *, #2068, .F. ) ;
#856 = LINE ( 'NONE', #1056, #942 ) ;
#857 = ORIENTED_EDGE ( 'NONE', *, *, #571, .T. ) ;
#858 = EDGE_CURVE ( 'NONE', #1314, #340, #335, .T. ) ;
#859 = VECTOR ( 'NONE', #794, 1000.000000000000000 ) ;
#860 = FACE_OUTER_BOUND ( 'NONE', #1058, .T. ) ;
#861 = CIRCLE ( 'NONE', #1811, 2.750000000000000000 ) ;
#862 = CARTESIAN_POINT ( 'NONE',  ( 0.000000000000000000, 39.35000000000000142, -13.00000000000000000 ) ) ;
#863 = ORIENTED_EDGE ( 'NONE', *, *, #1273, .T. ) ;
#864 = CARTESIAN_POINT ( 'NONE',  ( 0.000000000000000000, 41.00000000000000000, 0.000000000000000000 ) ) ;
#865 = CIRCLE ( 'NONE', #2094, 4.049999999999999822 ) ;
#866 = EDGE_CURVE ( 'NONE', #1823, #603, #512, .T. ) ;
#867 = LINE ( 'NONE', #1215, #513 ) ;
#868 = MECHANICAL_CONTEXT ( 'NONE', #1395, 'mechanical' ) ;
#869 = LINE ( 'NONE', #713, #99 ) ;
#870 = DIRECTION ( 'NONE',  ( 0.000000000000000000, 1.000000000000000000, 0.000000000000000000 ) ) ;
#871 = EDGE_CURVE ( 'NONE', #102, #641, #118, .T. ) ;
#872 = B_SPLINE_CURVE_WITH_KNOTS ( 'NONE', 3,
 ( #1235, #37, #1864, #378, #50, #400, #1721, #1892, #1246, #227, #1731, #741, #1709, #877, #2030, #1414, #366, #1903 ),
 .UNSPECIFIED., .F., .F.,
 ( 4, 2, 2, 2, 2, 2, 2, 2, 4 ),
 ( 0.003455363836975952011, 0.003887165572933521090, 0.004318967308891089735, 0.004750769044848658813, 0.005182570780806227892, 0.005614372516763796103, 0.006046174252721366049, 0.006477975988678934260, 0.006909777724636503339 ),
 .UNSPECIFIED. ) ;
#873 = ORIENTED_EDGE ( 'NONE', *, *, #958, .T. ) ;
#874 = CARTESIAN_POINT ( 'NONE',  ( 3.100000000000000089, 44.00000000000000000, 2.399999999999999911 ) ) ;
#875 = DIRECTION ( 'NONE',  ( 0.000000000000000000, -0.000000000000000000, 1.000000000000000000 ) ) ;
#876 = ORIENTED_EDGE ( 'NONE', *, *, #1436, .F. ) ;
#877 = CARTESIAN_POINT ( 'NONE',  ( -3.954923531425247329, 44.82272557271926416, 0.8784394724398485454 ) ) ;
#878 = DIRECTION ( 'NONE',  ( 0.000000000000000000, 0.000000000000000000, 1.000000000000000000 ) ) ;
#879 = AXIS2_PLACEMENT_3D ( 'NONE', #1557, #1687, #180 ) ;
#880 = EDGE_CURVE ( 'NONE', #60, #1929, #1982, .T. ) ;
#881 = CARTESIAN_POINT ( 'NONE',  ( -7.000000000000000000, 48.00000000000000000, 7.000000000000000000 ) ) ;
#882 = CIRCLE ( 'NONE', #1631, 1.150000000000000799 ) ;
#883 = CARTESIAN_POINT ( 'NONE',  ( 6.000000000000000000, 45.50000000000000000, -2.750000000000000000 ) ) ;
#884 = VECTOR ( 'NONE', #1100, 1000.000000000000000 ) ;
#885 = ORIENTED_EDGE ( 'NONE', *, *, #1171, .F. ) ;
#886 = CARTESIAN_POINT ( 'NONE',  ( 12.00000000000000000, 44.00000000000000711, -2.304886114323225321 ) ) ;
#887 = EDGE_LOOP ( 'NONE', ( #502, #1359 ) ) ;
#888 = ORIENTED_EDGE ( 'NONE', *, *, #411, .F. ) ;
#889 = CARTESIAN_POINT ( 'NONE',  ( 0.000000000000000000, 41.00000000000000000, 0.000000000000000000 ) ) ;
#890 = EDGE_CURVE ( 'NONE', #2065, #1737, #927, .T. ) ;
#891 = FACE_OUTER_BOUND ( 'NONE', #1277, .T. ) ;
#892 = EDGE_CURVE ( 'NONE', #997, #906, #1619, .T. ) ;
#893 = CIRCLE ( 'NONE', #619, 1.150000000000000799 ) ;
#894 = ORIENTED_EDGE ( 'NONE', *, *, #1092, .T. ) ;
#895 = CYLINDRICAL_SURFACE ( 'NONE', #1299, 13.00000000000000000 ) ;
#896 = CC_DESIGN_APPROVAL ( #715, ( #252 ) ) ;
#897 = DIRECTION ( 'NONE',  ( 0.000000000000000000, -1.000000000000000000, 0.000000000000000000 ) ) ;
#898 = ORIENTED_EDGE ( 'NONE', *, *, #1632, .T. ) ;
#899 = ADVANCED_FACE ( 'NONE', ( #1010 ), #1148, .T. ) ;
#900 = CARTESIAN_POINT ( 'NONE',  ( 0.000000000000000000, 41.00000000000000000, 0.000000000000000000 ) ) ;
#901 = ORIENTED_EDGE ( 'NONE', *, *, #1850, .F. ) ;
#902 = DIRECTION ( 'NONE',  ( -0.000000000000000000, -0.000000000000000000, 1.000000000000000000 ) ) ;
#903 = FACE_OUTER_BOUND ( 'NONE', #359, .T. ) ;
#904 = CARTESIAN_POINT ( 'NONE',  ( 0.000000000000000000, 48.00000000000000000, 0.000000000000000000 ) ) ;
#905 = ORIENTED_EDGE ( 'NONE', *, *, #1280, .F. ) ;
#906 = VERTEX_POINT ( 'NONE', #1326 ) ;
#907 = DIRECTION ( 'NONE',  ( 1.000000000000000000, 0.000000000000000000, 0.000000000000000000 ) ) ;
#908 = CIRCLE ( 'NONE', #2136, 1.100000000000000089 ) ;
#909 = PLANE ( 'NONE',  #797 ) ;
#910 = ORIENTED_EDGE ( 'NONE', *, *, #648, .T. ) ;
#911 = DIRECTION ( 'NONE',  ( 0.000000000000000000, -1.000000000000000000, 0.000000000000000000 ) ) ;
#912 = CARTESIAN_POINT ( 'NONE',  ( -6.437196594791865678, 45.36682682189692173, 2.750000000000000000 ) ) ;
#913 = CARTESIAN_POINT ( 'NONE',  ( -7.000000000000000000, 44.00000000000000711, -7.000000000000000000 ) ) ;
#914 = CIRCLE ( 'NONE', #472, 4.049999999999999822 ) ;
#915 = ORIENTED_EDGE ( 'NONE', *, *, #92, .F. ) ;
#916 = ORIENTED_EDGE ( 'NONE', *, *, #184, .T. ) ;
#917 = CARTESIAN_POINT ( 'NONE',  ( -3.463018914184557762, 41.00000000000000000, -2.100000000000000089 ) ) ;
#918 = EDGE_CURVE ( 'NONE', #1758, #550, #1545, .T. ) ;
#919 = AXIS2_PLACEMENT_3D ( 'NONE', #1261, #911, #1756 ) ;
#920 = CARTESIAN_POINT ( 'NONE',  ( -6.000000000000000000, 45.50000000000000000, 0.000000000000000000 ) ) ;
#921 = DIRECTION ( 'NONE',  ( 1.000000000000000000, 0.000000000000000000, 0.000000000000000000 ) ) ;
#922 = ORIENTED_EDGE ( 'NONE', *, *, #307, .F. ) ;
#923 = CARTESIAN_POINT ( 'NONE',  ( -8.150000000000000355, 39.35000000000000142, -2.100000000000000089 ) ) ;
#924 = DIRECTION ( 'NONE',  ( -0.000000000000000000, -1.000000000000000000, -0.000000000000000000 ) ) ;
#925 = AXIS2_PLACEMENT_3D ( 'NONE', #302, #1475, #152 ) ;
#926 = DIRECTION ( 'NONE',  ( 0.000000000000000000, 0.000000000000000000, 1.000000000000000000 ) ) ;
#927 = B_SPLINE_CURVE_WITH_KNOTS ( 'NONE', 3,
 ( #191, #823, #1345, #2000, #1186, #153, #1178, #2010, #673, #1354, #1812, #683, #344, #1365, #998, #1678, #832, #841 ),
 .UNSPECIFIED., .F., .F.,
 ( 4, 2, 2, 2, 2, 2, 2, 2, 4 ),
 ( 0.000000000000000000, 0.0004319204796219940014, 0.0008638409592439880028, 0.001295761438865982058, 0.001727681918487976006, 0.002159602398109969953, 0.002591522877731964117, 0.003023443357353957847, 0.003455363836975952011 ),
 .UNSPECIFIED. ) ;
#928 = ORIENTED_EDGE ( 'NONE', *, *, #559, .T. ) ;
#929 = ORIENTED_EDGE ( 'NONE', *, *, #1436, .T. ) ;
#930 = ADVANCED_FACE ( 'NONE', ( #815 ), #1560, .T. ) ;
#931 = ADVANCED_FACE ( 'NONE', ( #563, #1035 ), #710, .F. ) ;
#932 = CARTESIAN_POINT ( 'NONE',  ( -6.865723972125027608, 47.88981489486718601, -1.386087535514138436 ) ) ;
#933 = EDGE_CURVE ( 'NONE', #1910, #667, #865, .T. ) ;
#934 = LINE ( 'NONE', #120, #1042 ) ;
#935 = ORIENTED_EDGE ( 'NONE', *, *, #1177, .T. ) ;
#936 = DIRECTION ( 'NONE',  ( -0.000000000000000000, -0.000000000000000000, 1.000000000000000000 ) ) ;
#937 = AXIS2_PLACEMENT_3D ( 'NONE', #1689, #357, #174 ) ;
#938 = AXIS2_PLACEMENT_3D ( 'NONE', #1173, #1826, #342 ) ;
#939 = EDGE_CURVE ( 'NONE', #967, #1604, #221, .T. ) ;
#940 = ORIENTED_EDGE ( 'NONE', *, *, #1567, .T. ) ;
#941 = CARTESIAN_POINT ( 'NONE',  ( -2.100000000000000089, 41.00000000000000000, 8.150000000000000355 ) ) ;
#942 = VECTOR ( 'NONE', #1569, 1000.000000000000000 ) ;
#943 = LINE ( 'NONE', #1131, #2123 ) ;
#944 = CARTESIAN_POINT ( 'NONE',  ( 2.100000000000000089, 41.00000000000000000, 8.150000000000000355 ) ) ;
#945 = DIRECTION ( 'NONE',  ( -1.000000000000000000, 0.000000000000000000, 0.000000000000000000 ) ) ;
#946 = ORIENTED_EDGE ( 'NONE', *, *, #1656, .F. ) ;
#947 = CARTESIAN_POINT ( 'NONE',  ( -2.100000000000000089, 41.00000000000000000, 8.150000000000000355 ) ) ;
#948 = APPROVAL_DATE_TIME ( #1462, #616 ) ;
#949 = ADVANCED_FACE ( 'NONE', ( #1214 ), #532, .F. ) ;
#950 = AXIS2_PLACEMENT_3D ( 'NONE', #1160, #1290, #166 ) ;
#951 = ORIENTED_EDGE ( 'NONE', *, *, #835, .T. ) ;
#952 = CARTESIAN_POINT ( 'NONE',  ( 0.000000000000000000, 44.00000000000000711, 0.000000000000000000 ) ) ;
#953 = LINE ( 'NONE', #944, #12 ) ;
#954 = VECTOR ( 'NONE', #985, 1000.000000000000000 ) ;
#955 = DIRECTION ( 'NONE',  ( 0.000000000000000000, 0.000000000000000000, 1.000000000000000000 ) ) ;
#956 = ORIENTED_EDGE ( 'NONE', *, *, #617, .F. ) ;
#957 = PERSON_AND_ORGANIZATION_ROLE ( 'design_supplier' ) ;
#958 = EDGE_CURVE ( 'NONE', #624, #201, #348, .T. ) ;
#959 = ORIENTED_EDGE ( 'NONE', *, *, #297, .T. ) ;
#960 = DIRECTION ( 'NONE',  ( 0.000000000000000000, 0.000000000000000000, 1.000000000000000000 ) ) ;
#961 = LINE ( 'NONE', #874, #1713 ) ;
#962 = CARTESIAN_POINT ( 'NONE',  ( 3.100000000000000089, 48.00000000000000000, -2.399999999999999911 ) ) ;
#963 = FACE_OUTER_BOUND ( 'NONE', #1523, .T. ) ;
#964 = AXIS2_PLACEMENT_3D ( 'NONE', #732, #573, #1071 ) ;
#965 = CYLINDRICAL_SURFACE ( 'NONE', #1672, 1.150000000000000799 ) ;
#966 = CARTESIAN_POINT ( 'NONE',  ( 0.000000000000000000, 48.00000000000000000, 0.000000000000000000 ) ) ;
#967 = VERTEX_POINT ( 'NONE', #1698 ) ;
#968 = DIRECTION ( 'NONE',  ( 0.000000000000000000, 1.000000000000000000, 0.000000000000000000 ) ) ;
#969 = EDGE_CURVE ( 'NONE', #1737, #2065, #872, .T. ) ;
#970 = CALENDAR_DATE ( 2026, 8, 9 ) ;
#971 = ORIENTED_EDGE ( 'NONE', *, *, #509, .T. ) ;
#972 = DIRECTION ( 'NONE',  ( -0.000000000000000000, -0.000000000000000000, 1.000000000000000000 ) ) ;
#973 = AXIS2_PLACEMENT_3D ( 'NONE', #1650, #1841, #2021 ) ;
#974 = DIRECTION ( 'NONE',  ( 0.000000000000000000, 0.000000000000000000, 1.000000000000000000 ) ) ;
#975 = CARTESIAN_POINT ( 'NONE',  ( 6.816091093722635996, 47.74666126132436972, -1.606738752447796958 ) ) ;
#976 = CARTESIAN_POINT ( 'NONE',  ( -6.711302512696334155, 47.40077969347409237, -1.991566206993403920 ) ) ;
#977 = CYLINDRICAL_SURFACE ( 'NONE', #1337, 1.150000000000000799 ) ;
#978 = EDGE_LOOP ( 'NONE', ( #1149, #1828, #1159, #450 ) ) ;
#979 = CARTESIAN_POINT ( 'NONE',  ( 7.000000000000000000, 44.00000000000000711, 7.000000000000000000 ) ) ;
#980 = PERSON_AND_ORGANIZATION ( #469, #1082 ) ;
#981 = FACE_OUTER_BOUND ( 'NONE', #1719, .T. ) ;
#982 = ORIENTED_EDGE ( 'NONE', *, *, #117, .F. ) ;
#983 = DIRECTION ( 'NONE',  ( -0.000000000000000000, -1.000000000000000000, -0.000000000000000000 ) ) ;
#984 = VECTOR ( 'NONE', #1446, 1000.000000000000000 ) ;
#985 = DIRECTION ( 'NONE',  ( -1.000000000000000000, 0.000000000000000000, 0.000000000000000000 ) ) ;
#986 = AXIS2_PLACEMENT_3D ( 'NONE', #1879, #1377, #367 ) ;
#987 = DIRECTION ( 'NONE',  ( 0.000000000000000000, 0.000000000000000000, 1.000000000000000000 ) ) ;
#988 = ORIENTED_EDGE ( 'NONE', *, *, #1372, .T. ) ;
#989 = CARTESIAN_POINT ( 'NONE',  ( -8.150000000000000355, 41.00000000000000000, -2.100000000000000089 ) ) ;
#990 = AXIS2_PLACEMENT_3D ( 'NONE', #1939, #637, #499 ) ;
#991 = CARTESIAN_POINT ( 'NONE',  ( -6.499561673978746512, 46.40684787571950665, 2.599483432554923201 ) ) ;
#992 = ORIENTED_EDGE ( 'NONE', *, *, #1170, .F. ) ;
#993 = DIRECTION ( 'NONE',  ( 0.000000000000000000, 0.000000000000000000, 1.000000000000000000 ) ) ;
#994 = AXIS2_PLACEMENT_3D ( 'NONE', #642, #1325, #1981 ) ;
#995 = ORIENTED_EDGE ( 'NONE', *, *, #1399, .T. ) ;
#996 = LINE ( 'NONE', #1162, #6 ) ;
#997 = VERTEX_POINT ( 'NONE', #1200 ) ;
#998 = CARTESIAN_POINT ( 'NONE',  ( -3.934785663237654774, 46.05447290471126109, -0.9608331206486417919 ) ) ;
#999 = AXIS2_PLACEMENT_3D ( 'NONE', #1571, #1006, #1624 ) ;
#1000 = CYLINDRICAL_SURFACE ( 'NONE', #431, 13.00000000000000000 ) ;
#1001 = EDGE_CURVE ( 'NONE', #524, #1329, #143, .T. ) ;
#1002 = ORIENTED_EDGE ( 'NONE', *, *, #1455, .F. ) ;
#1003 = DIRECTION ( 'NONE',  ( 1.000000000000000000, -0.000000000000000000, 0.000000000000000000 ) ) ;
#1004 = AXIS2_PLACEMENT_3D ( 'NONE', #449, #1122, #784 ) ;
#1005 = ORIENTED_EDGE ( 'NONE', *, *, #835, .F. ) ;
#1006 = DIRECTION ( 'NONE',  ( 0.000000000000000000, 1.000000000000000000, 0.000000000000000000 ) ) ;
#1007 = LINE ( 'NONE', #671, #543 ) ;
#1008 = ORIENTED_EDGE ( 'NONE', *, *, #890, .T. ) ;
#1009 = EDGE_CURVE ( 'NONE', #1487, #667, #2064, .T. ) ;
#1010 = FACE_OUTER_BOUND ( 'NONE', #1401, .T. ) ;
#1011 = AXIS2_PLACEMENT_3D ( 'NONE', #690, #2026, #537 ) ;
#1012 = DIRECTION ( 'NONE',  ( -0.000000000000000000, -1.000000000000000000, -0.000000000000000000 ) ) ;
#1013 = ADVANCED_FACE ( 'NONE', ( #1394 ), #1059, .T. ) ;
#1014 = ORIENTED_EDGE ( 'NONE', *, *, #738, .F. ) ;
#1015 = CARTESIAN_POINT ( 'NONE',  ( 3.100000000000000089, 48.00000000000000000, 2.399999999999999911 ) ) ;
#1016 = FACE_OUTER_BOUND ( 'NONE', #1669, .T. ) ;
#1017 = VERTEX_POINT ( 'NONE', #697 ) ;
#1018 = DIRECTION ( 'NONE',  ( 0.000000000000000000, -1.000000000000000000, 0.000000000000000000 ) ) ;
#1019 = CIRCLE ( 'NONE', #19, 13.00000000000000000 ) ;
#1020 = CARTESIAN_POINT ( 'NONE',  ( -8.150000000000000355, 41.00000000000000000, 2.100000000000000089 ) ) ;
#1021 = ORIENTED_EDGE ( 'NONE', *, *, #522, .F. ) ;
#1022 = DIRECTION ( 'NONE',  ( 0.000000000000000000, 0.000000000000000000, -1.000000000000000000 ) ) ;
#1023 = DIRECTION ( 'NONE',  ( 0.000000000000000000, 0.000000000000000000, -1.000000000000000000 ) ) ;
#1024 = DIRECTION ( 'NONE',  ( 1.000000000000000000, 0.000000000000000000, 0.000000000000000000 ) ) ;
#1025 = PLANE ( 'NONE',  #113 ) ;
#1026 = EDGE_CURVE ( 'NONE', #524, #1604, #216, .T. ) ;
#1027 = AXIS2_PLACEMENT_3D ( 'NONE', #904, #1883, #207 ) ;
#1028 = ORIENTED_EDGE ( 'NONE', *, *, #1634, .T. ) ;
#1029 = DIRECTION ( 'NONE',  ( -1.000000000000000000, -0.000000000000000000, -0.000000000000000000 ) ) ;
#1030 = ORIENTED_EDGE ( 'NONE', *, *, #1069, .T. ) ;
#1031 = DIRECTION ( 'NONE',  ( -0.000000000000000000, -1.000000000000000000, -0.000000000000000000 ) ) ;
#1032 = EDGE_CURVE ( 'NONE', #412, #2080, #1576, .T. ) ;
#1033 = DIRECTION ( 'NONE',  ( 0.000000000000000000, 0.000000000000000000, -1.000000000000000000 ) ) ;
#1034 = ORIENTED_EDGE ( 'NONE', *, *, #1652, .F. ) ;
#1035 = FACE_BOUND ( 'NONE', #887, .T. ) ;
#1036 = EDGE_CURVE ( 'NONE', #1369, #1298, #893, .T. ) ;
#1037 = DIRECTION ( 'NONE',  ( 0.000000000000000000, 0.000000000000000000, 1.000000000000000000 ) ) ;
#1038 = ORIENTED_EDGE ( 'NONE', *, *, #1026, .T. ) ;
#1039 = PLANE ( 'NONE',  #1693 ) ;
#1040 = PLANE ( 'NONE',  #121 ) ;
#1041 = VERTEX_POINT ( 'NONE', #270 ) ;
#1042 = VECTOR ( 'NONE', #761, 1000.000000000000000 ) ;
#1043 = FACE_OUTER_BOUND ( 'NONE', #1172, .T. ) ;
#1044 = AXIS2_PLACEMENT_3D ( 'NONE', #1667, #179, #974 ) ;
#1045 = CC_DESIGN_APPROVAL ( #616, ( #644 ) ) ;
#1046 = UNCERTAINTY_MEASURE_WITH_UNIT (LENGTH_MEASURE( 1.000000000000000082E-05 ), #2045, 'distance_accuracy_value', 'NONE');
#1047 = DIRECTION ( 'NONE',  ( 0.000000000000000000, -1.000000000000000000, 0.000000000000000000 ) ) ;
#1048 = EDGE_CURVE ( 'NONE', #178, #1942, #1188, .T. ) ;
#1049 = VERTEX_POINT ( 'NONE', #1932 ) ;
#1050 = CARTESIAN_POINT ( 'NONE',  ( 0.000000000000000000, 39.35000000000000142, 8.150000000000000355 ) ) ;
#1051 = VECTOR ( 'NONE', #1166, 1000.000000000000000 ) ;
#1052 = FACE_OUTER_BOUND ( 'NONE', #176, .T. ) ;
#1053 = CARTESIAN_POINT ( 'NONE',  ( -6.000000000000000000, 45.50000000000000000, 1.100000000000000089 ) ) ;
#1054 = LINE ( 'NONE', #1725, #1292 ) ;
#1055 = AXIS2_PLACEMENT_3D ( 'NONE', #129, #792, #299 ) ;
#1056 = CARTESIAN_POINT ( 'NONE',  ( 3.262284475639731340, 44.00000000000000711, -2.399999999999999911 ) ) ;
#1057 = CARTESIAN_POINT ( 'NONE',  ( -7.000000000000000000, 48.00000000000000000, 7.000000000000000000 ) ) ;
#1058 = EDGE_LOOP ( 'NONE', ( #1285, #422, #341, #415 ) ) ;
#1059 = PLANE ( 'NONE',  #688 ) ;
#1060 = VERTEX_POINT ( 'NONE', #582 ) ;
#1061 = DIRECTION ( 'NONE',  ( 0.000000000000000000, 1.000000000000000000, 0.000000000000000000 ) ) ;
#1062 = CARTESIAN_POINT ( 'NONE',  ( -6.457452281733363719, 44.97244101072307387, 2.702173177950148997 ) ) ;
#1063 = EDGE_CURVE ( 'NONE', #1304, #1509, #1257, .T. ) ;
#1064 = LINE ( 'NONE', #1229, #1940 ) ;
#1065 = AXIS2_PLACEMENT_3D ( 'NONE', #204, #1535, #700 ) ;
#1066 = FACE_OUTER_BOUND ( 'NONE', #1602, .T. ) ;
#1067 = AXIS2_PLACEMENT_3D ( 'NONE', #330, #1102, #275 ) ;
#1068 = ORIENTED_EDGE ( 'NONE', *, *, #1733, .F. ) ;
#1069 = EDGE_CURVE ( 'NONE', #1758, #1369, #943, .T. ) ;
#1070 = ORIENTED_EDGE ( 'NONE', *, *, #1777, .T. ) ;
#1071 = DIRECTION ( 'NONE',  ( 0.000000000000000000, 0.000000000000000000, 1.000000000000000000 ) ) ;
#1072 = ORIENTED_EDGE ( 'NONE', *, *, #1032, .F. ) ;
#1073 = CARTESIAN_POINT ( 'NONE',  ( 6.559388157041597722, 44.22148448750300531, -2.449026308144497843 ) ) ;
#1074 = DIRECTION ( 'NONE',  ( -1.000000000000000000, 0.000000000000000000, 0.000000000000000000 ) ) ;
#1075 = PERSON_AND_ORGANIZATION ( #469, #1082 ) ;
#1076 = CARTESIAN_POINT ( 'NONE',  ( 0.000000000000000000, 39.35000000000000142, 0.000000000000000000 ) ) ;
#1077 = EDGE_CURVE ( 'NONE', #722, #365, #1079, .T. ) ;
#1078 = ORIENTED_EDGE ( 'NONE', *, *, #682, .T. ) ;
#1079 = CIRCLE ( 'NONE', #424, 2.100000000000000977 ) ;
#1080 = ORIENTED_EDGE ( 'NONE', *, *, #432, .F. ) ;
#1081 = CIRCLE ( 'NONE', #731, 2.100000000000000977 ) ;
#1082 = ORGANIZATION ( 'UNSPECIFIED', 'UNSPECIFIED', '' ) ;
#1083 = CARTESIAN_POINT ( 'NONE',  ( -2.100000000000000089, 41.00000000000000000, 8.150000000000000355 ) ) ;
#1084 = DIRECTION ( 'NONE',  ( 0.000000000000000000, 1.000000000000000000, 0.000000000000000000 ) ) ;
#1085 = ADVANCED_FACE ( 'NONE', ( #1594 ), #128, .T. ) ;
#1086 = LINE ( 'NONE', #1596, #387 ) ;
#1087 = ORIENTED_EDGE ( 'NONE', *, *, #1001, .T. ) ;
#1088 = DIRECTION ( 'NONE',  ( -0.000000000000000000, -1.000000000000000000, -0.000000000000000000 ) ) ;
#1089 = CARTESIAN_POINT ( 'NONE',  ( -6.515906959523550590, 44.45908077852737961, 2.559235811958069373 ) ) ;
#1090 = LINE ( 'NONE', #442, #1423 ) ;
#1091 = ORIENTED_EDGE ( 'NONE', *, *, #1804, .F. ) ;
#1092 = EDGE_CURVE ( 'NONE', #1659, #605, #462, .T. ) ;
#1093 = ORIENTED_EDGE ( 'NONE', *, *, #1291, .T. ) ;
#1094 = CARTESIAN_POINT ( 'NONE',  ( -6.609652033201143695, 44.00000000000000000, -2.304886114323220880 ) ) ;
#1095 = B_SPLINE_CURVE_WITH_KNOTS ( 'NONE', 3,
 ( #1238, #64, #1089, #1724, #1062, #262, #912, #1101 ),
 .UNSPECIFIED., .F., .F.,
 ( 4, 2, 2, 4 ),
 ( 0.000000000000000000, 0.0007962945899204120154, 0.001194441884880608103, 0.001592589179840804298 ),
 .UNSPECIFIED. ) ;
#1096 = CARTESIAN_POINT ( 'NONE',  ( -7.000000000000000000, 44.00000000000000711, 7.000000000000000000 ) ) ;
#1097 = ORIENTED_EDGE ( 'NONE', *, *, #79, .F. ) ;
#1098 = CARTESIAN_POINT ( 'NONE',  ( 3.404408906109840149, 41.00000000000000000, -2.100000000000000089 ) ) ;
#1099 = VERTEX_POINT ( 'NONE', #257 ) ;
#1100 = DIRECTION ( 'NONE',  ( -1.000000000000000000, 0.000000000000000000, 0.000000000000000000 ) ) ;
#1101 = CARTESIAN_POINT ( 'NONE',  ( -6.437196594791866566, 45.50000000000000000, 2.750000000000000000 ) ) ;
#1102 = DIRECTION ( 'NONE',  ( 0.000000000000000000, 0.000000000000000000, -1.000000000000000000 ) ) ;
#1103 = DIRECTION ( 'NONE',  ( 0.000000000000000000, -1.000000000000000000, 0.000000000000000000 ) ) ;
#1104 = AXIS2_PLACEMENT_3D ( 'NONE', #1785, #2125, #1309 ) ;
#1105 = EDGE_CURVE ( 'NONE', #777, #90, #1467, .T. ) ;
#1106 = ORIENTED_EDGE ( 'NONE', *, *, #334, .F. ) ;
#1107 = ORIENTED_EDGE ( 'NONE', *, *, #1956, .T. ) ;
#1108 = CARTESIAN_POINT ( 'NONE',  ( 0.000000000000000000, 44.00000000000000711, -13.00000000000000000 ) ) ;
#1109 = ADVANCED_FACE ( 'NONE', ( #1944 ), #895, .T. ) ;
#1110 = EDGE_CURVE ( 'NONE', #2143, #2150, #479, .T. ) ;
#1111 = ORIENTED_EDGE ( 'NONE', *, *, #194, .F. ) ;
#1112 = LINE ( 'NONE', #2084, #529 ) ;
#1113 = VERTEX_POINT ( 'NONE', #1108 ) ;
#1114 = FACE_OUTER_BOUND ( 'NONE', #1225, .T. ) ;
#1115 = AXIS2_PLACEMENT_3D ( 'NONE', #1420, #1228, #1262 ) ;
#1116 = CARTESIAN_POINT ( 'NONE',  ( 6.518198274269424886, 46.53107725406510298, -2.552749073516589196 ) ) ;
#1117 = CALENDAR_DATE ( 2026, 8, 9 ) ;
#1118 = ADVANCED_FACE ( 'NONE', ( #770 ), #2107, .F. ) ;
#1119 = EDGE_LOOP ( 'NONE', ( #151, #1770 ) ) ;
#1120 = DIRECTION ( 'NONE',  ( -0.000000000000000000, 1.000000000000000000, -0.000000000000000000 ) ) ;
#1121 = ADVANCED_FACE ( 'NONE', ( #1244 ), #2070, .T. ) ;
#1122 = DIRECTION ( 'NONE',  ( -0.000000000000000000, -1.000000000000000000, -0.000000000000000000 ) ) ;
#1123 = VERTEX_POINT ( 'NONE', #243 ) ;
#1124 = CARTESIAN_POINT ( 'NONE',  ( 3.100000000000000089, 48.00000000000000000, 2.399999999999999911 ) ) ;
#1125 = VECTOR ( 'NONE', #1668, 1000.000000000000000 ) ;
#1126 = SECURITY_CLASSIFICATION_LEVEL ( 'unclassified' ) ;
#1127 = ORIENTED_EDGE ( 'NONE', *, *, #168, .T. ) ;
#1128 = DIRECTION ( 'NONE',  ( 0.000000000000000000, 1.000000000000000000, 0.000000000000000000 ) ) ;
#1129 = AXIS2_PLACEMENT_3D ( 'NONE', #1578, #1383, #222 ) ;
#1130 = FACE_OUTER_BOUND ( 'NONE', #1608, .T. ) ;
#1131 = CARTESIAN_POINT ( 'NONE',  ( 7.000000000000000000, 48.00000000000000000, 8.150000000000000355 ) ) ;
#1132 = EDGE_CURVE ( 'NONE', #1407, #1017, #579, .T. ) ;
#1133 = CARTESIAN_POINT ( 'NONE',  ( -3.404408906109840149, 41.00000000000000000, -2.100000000000000089 ) ) ;
#1134 = CYLINDRICAL_SURFACE ( 'NONE', #1402, 2.750000000000000000 ) ;
#1135 = EDGE_LOOP ( 'NONE', ( #518, #915, #1198, #992 ) ) ;
#1136 = EDGE_CURVE ( 'NONE', #1060, #1924, #1991, .T. ) ;
#1137 = CYLINDRICAL_SURFACE ( 'NONE', #925, 1.150000000000000799 ) ;
#1138 = APPROVAL_STATUS ( 'not_yet_approved' ) ;
#1139 = ORIENTED_EDGE ( 'NONE', *, *, #1431, .T. ) ;
#1140 = EDGE_CURVE ( 'NONE', #1739, #412, #636, .T. ) ;
#1141 = CARTESIAN_POINT ( 'NONE',  ( 6.000000000000000000, 45.50000000000000000, 0.000000000000000000 ) ) ;
#1142 = PLANE ( 'NONE',  #292 ) ;
#1143 = VECTOR ( 'NONE', #441, 1000.000000000000000 ) ;
#1144 = DIRECTION ( 'NONE',  ( 0.000000000000000000, 1.000000000000000000, 0.000000000000000000 ) ) ;
#1145 = DIRECTION ( 'NONE',  ( 0.000000000000000000, -1.000000000000000000, 0.000000000000000000 ) ) ;
#1146 = EDGE_LOOP ( 'NONE', ( #1213, #545, #1844, #916 ) ) ;
#1147 = FACE_OUTER_BOUND ( 'NONE', #1255, .T. ) ;
#1148 = PLANE ( 'NONE',  #320 ) ;
#1149 = ORIENTED_EDGE ( 'NONE', *, *, #430, .F. ) ;
#1150 = DIRECTION ( 'NONE',  ( 0.000000000000000000, 0.000000000000000000, -1.000000000000000000 ) ) ;
#1151 = CARTESIAN_POINT ( 'NONE',  ( 6.469276747509345782, 46.15544851186697883, -2.673962309778475710 ) ) ;
#1152 = DIRECTION ( 'NONE',  ( -0.000000000000000000, -1.000000000000000000, -0.000000000000000000 ) ) ;
#1153 = DIRECTION ( 'NONE',  ( -1.000000000000000000, 0.000000000000000000, 0.000000000000000000 ) ) ;
#1154 = DIRECTION ( 'NONE',  ( 0.000000000000000000, 0.000000000000000000, -1.000000000000000000 ) ) ;
#1155 = EDGE_LOOP ( 'NONE', ( #1008, #516 ) ) ;
#1156 = CARTESIAN_POINT ( 'NONE',  ( 6.000000000000000000, 45.50000000000000000, 1.100000000000000089 ) ) ;
#1157 = CARTESIAN_POINT ( 'NONE',  ( -6.712230573319453164, 47.40851468283977255, 1.996664204902309558 ) ) ;
#1158 = VECTOR ( 'NONE', #15, 1000.000000000000000 ) ;
#1159 = ORIENTED_EDGE ( 'NONE', *, *, #1592, .T. ) ;
#1160 = CARTESIAN_POINT ( 'NONE',  ( -7.000000000000000000, 44.00000000000000711, 7.000000000000000000 ) ) ;
#1161 = CIRCLE ( 'NONE', #1923, 4.049999999999999822 ) ;
#1162 = CARTESIAN_POINT ( 'NONE',  ( 12.00000000000000000, 44.00000000000000711, 0.000000000000000000 ) ) ;
#1163 = DIRECTION ( 'NONE',  ( 0.000000000000000000, 0.000000000000000000, 1.000000000000000000 ) ) ;
#1164 = CARTESIAN_POINT ( 'NONE',  ( -7.000000000000000000, 48.00000000000000000, -7.000000000000000000 ) ) ;
#1165 = ORIENTED_EDGE ( 'NONE', *, *, #2118, .T. ) ;
#1166 = DIRECTION ( 'NONE',  ( -0.000000000000000000, -1.000000000000000000, -0.000000000000000000 ) ) ;
#1167 = CARTESIAN_POINT ( 'NONE',  ( 3.100000000000000089, 48.00000000000000000, -2.399999999999999911 ) ) ;
#1168 = EDGE_LOOP ( 'NONE', ( #739, #1308 ) ) ;
#1169 = DIRECTION ( 'NONE',  ( 0.000000000000000000, 0.000000000000000000, -1.000000000000000000 ) ) ;
#1170 = EDGE_CURVE ( 'NONE', #1123, #751, #861, .T. ) ;
#1171 = EDGE_CURVE ( 'NONE', #165, #46, #1339, .T. ) ;
#1172 = EDGE_LOOP ( 'NONE', ( #454, #1375, #1897, #1999 ) ) ;
#1173 = CARTESIAN_POINT ( 'NONE',  ( -6.000000000000000000, 45.50000000000000000, 0.000000000000000000 ) ) ;
#1174 = AXIS2_PLACEMENT_3D ( 'NONE', #1549, #1397, #2056 ) ;
#1175 = CC_DESIGN_PERSON_AND_ORGANIZATION_ASSIGNMENT ( #788, #1774, ( #644 ) ) ;
#1176 = EDGE_LOOP ( 'NONE', ( #1775, #1205, #1450, #1412 ) ) ;
#1177 = EDGE_CURVE ( 'NONE', #1659, #1910, #389, .T. ) ;
#1178 = CARTESIAN_POINT ( 'NONE',  ( -4.014067175228730910, 46.46076293124043843, 0.5544797869283566438 ) ) ;
#1179 = VECTOR ( 'NONE', #2146, 1000.000000000000000 ) ;
#1180 = CARTESIAN_POINT ( 'NONE',  ( -2.100000000000000089, 39.35000000000000142, 3.404408906109840149 ) ) ;
#1181 = ORIENTED_EDGE ( 'NONE', *, *, #1136, .T. ) ;
#1182 = ORIENTED_EDGE ( 'NONE', *, *, #617, .T. ) ;
#1183 = VECTOR ( 'NONE', #753, 1000.000000000000000 ) ;
#1184 = LINE ( 'NONE', #1862, #608 ) ;
#1185 = ORIENTED_EDGE ( 'NONE', *, *, #775, .T. ) ;
#1186 = CARTESIAN_POINT ( 'NONE',  ( -3.954883669769153620, 46.17705398211669632, 0.8786250416662333418 ) ) ;
#1187 = EDGE_CURVE ( 'NONE', #524, #1329, #996, .T. ) ;
#1188 = CIRCLE ( 'NONE', #1837, 1.150000000000000799 ) ;
#1189 = CARTESIAN_POINT ( 'NONE',  ( -6.560037626623678619, 46.76897802340306498, 2.443223876829603292 ) ) ;
#1190 = AXIS2_PLACEMENT_3D ( 'NONE', #881, #1252, #1565 ) ;
#1191 = ORIENTED_EDGE ( 'NONE', *, *, #807, .T. ) ;
#1192 = CARTESIAN_POINT ( 'NONE',  ( 0.000000000000000000, 41.00000000000000000, 0.000000000000000000 ) ) ;
#1193 = APPROVAL_PERSON_ORGANIZATION ( #1075, #616, #250 ) ;
#1194 = DIRECTION ( 'NONE',  ( 0.000000000000000000, 0.000000000000000000, -1.000000000000000000 ) ) ;
#1195 = ORIENTED_EDGE ( 'NONE', *, *, #1567, .F. ) ;
#1196 = CARTESIAN_POINT ( 'NONE',  ( 3.100000000000000089, 44.00000000000000000, 2.399999999999999911 ) ) ;
#1197 = DIRECTION ( 'NONE',  ( 0.000000000000000000, -1.000000000000000000, 0.000000000000000000 ) ) ;
#1198 = ORIENTED_EDGE ( 'NONE', *, *, #709, .F. ) ;
#1199 = ADVANCED_FACE ( 'NONE', ( #1130 ), #1786, .T. ) ;
#1200 = CARTESIAN_POINT ( 'NONE',  ( 6.609652033201145471, 43.99999999999999289, -2.304886114323216439 ) ) ;
#1201 = EDGE_CURVE ( 'NONE', #1113, #60, #1507, .T. ) ;
#1202 = DIRECTION ( 'NONE',  ( 1.000000000000000000, 0.000000000000000000, 0.000000000000000000 ) ) ;
#1203 = DIRECTION ( 'NONE',  ( 1.000000000000000000, 0.000000000000000000, -0.000000000000000000 ) ) ;
#1204 = CARTESIAN_POINT ( 'NONE',  ( 7.000000000000000000, 44.00000000000000711, 8.150000000000000355 ) ) ;
#1205 = ORIENTED_EDGE ( 'NONE', *, *, #103, .F. ) ;
#1206 = FACE_OUTER_BOUND ( 'NONE', #1146, .T. ) ;
#1207 = AXIS2_PLACEMENT_3D ( 'NONE', #2055, #1236, #401 ) ;
#1208 = CARTESIAN_POINT ( 'NONE',  ( 6.000000000000000000, 48.00000000000000000, 1.145643923738954628 ) ) ;
#1209 = ORIENTED_EDGE ( 'NONE', *, *, #800, .T. ) ;
#1210 = EDGE_CURVE ( 'NONE', #242, #2143, #2137, .T. ) ;
#1211 = AXIS2_PLACEMENT_3D ( 'NONE', #1015, #1003, #209 ) ;
#1212 = CARTESIAN_POINT ( 'NONE',  ( 6.457433250572955252, 44.97259496171182747, 2.702218849626253139 ) ) ;
#1213 = ORIENTED_EDGE ( 'NONE', *, *, #1413, .F. ) ;
#1214 = FACE_OUTER_BOUND ( 'NONE', #1612, .T. ) ;
#1215 = CARTESIAN_POINT ( 'NONE',  ( -8.150000000000000355, 41.00000000000000000, 2.100000000000000089 ) ) ;
#1216 = DIRECTION ( 'NONE',  ( 0.000000000000000000, 1.000000000000000000, 0.000000000000000000 ) ) ;
#1217 = AXIS2_PLACEMENT_3D ( 'NONE', #1076, #2046, #686 ) ;
#1218 = ORIENTED_EDGE ( 'NONE', *, *, #13, .T. ) ;
#1219 = FACE_OUTER_BOUND ( 'NONE', #476, .T. ) ;
#1220 = CARTESIAN_POINT ( 'NONE',  ( -8.150000000000000355, 41.00000000000000000, -2.100000000000000089 ) ) ;
#1221 = ORIENTED_EDGE ( 'NONE', *, *, #1908, .F. ) ;
#1222 = CIRCLE ( 'NONE', #453, 1.150000000000000799 ) ;
#1223 = CARTESIAN_POINT ( 'NONE',  ( 0.000000000000000000, 41.00000000000000000, 0.000000000000000000 ) ) ;
#1224 = FACE_OUTER_BOUND ( 'NONE', #160, .T. ) ;
#1225 = EDGE_LOOP ( 'NONE', ( #589, #1324, #1639, #2004, #1380 ) ) ;
#1226 = DIRECTION ( 'NONE',  ( 0.000000000000000000, 1.000000000000000000, 0.000000000000000000 ) ) ;
#1227 = CARTESIAN_POINT ( 'NONE',  ( 7.000000000000000000, 39.35000000000000142, 8.150000000000000355 ) ) ;
#1228 = DIRECTION ( 'NONE',  ( -0.000000000000000000, -1.000000000000000000, -0.000000000000000000 ) ) ;
#1229 = CARTESIAN_POINT ( 'NONE',  ( 2.100000000000000089, 41.00000000000000000, -3.404408906109840149 ) ) ;
#1230 = CARTESIAN_POINT ( 'NONE',  ( 6.632624427534246081, 47.10170685754232522, 2.239163868617259467 ) ) ;
#1231 = ORIENTED_EDGE ( 'NONE', *, *, #334, .T. ) ;
#1232 = AXIS2_PLACEMENT_3D ( 'NONE', #28, #1012, #192 ) ;
#1233 = AXIS2_PLACEMENT_3D ( 'NONE', #473, #167, #1636 ) ;
#1234 = VERTEX_POINT ( 'NONE', #659 ) ;
#1235 = CARTESIAN_POINT ( 'NONE',  ( -3.897755764539384327, 45.50000000000000000, -1.100000000000000089 ) ) ;
#1236 = DIRECTION ( 'NONE',  ( 0.000000000000000000, 1.000000000000000000, 0.000000000000000000 ) ) ;
#1237 = DIRECTION ( 'NONE',  ( 0.000000000000000000, 0.000000000000000000, 1.000000000000000000 ) ) ;
#1238 = CARTESIAN_POINT ( 'NONE',  ( -6.609652033201143695, 44.00000000000000000, 2.304886114323220880 ) ) ;
#1239 = DIRECTION ( 'NONE',  ( 0.000000000000000000, -0.000000000000000000, 1.000000000000000000 ) ) ;
#1240 = AXIS2_PLACEMENT_3D ( 'NONE', #241, #870, #77 ) ;
#1241 = CARTESIAN_POINT ( 'NONE',  ( 12.00000000000000000, 45.50000000000000000, 0.000000000000000000 ) ) ;
#1242 = PRODUCT_DEFINITION_SHAPE ( 'NONE', 'NONE',  #644 ) ;
#1243 = EDGE_LOOP ( 'NONE', ( #1390, #361 ) ) ;
#1244 = FACE_OUTER_BOUND ( 'NONE', #1353, .T. ) ;
#1245 = ORIENTED_EDGE ( 'NONE', *, *, #1048, .T. ) ;
#1246 = CARTESIAN_POINT ( 'NONE',  ( -4.049991993475506646, 44.40002947856802962, -0.1452699907394128798 ) ) ;
#1247 = PLANE ( 'NONE',  #2082 ) ;
#1248 = CIRCLE ( 'NONE', #298, 2.750000000000000000 ) ;
#1249 = ADVANCED_FACE ( 'NONE', ( #1997 ), #510, .F. ) ;
#1250 = CARTESIAN_POINT ( 'NONE',  ( -7.000000000000000000, 44.00000000000000711, -7.000000000000000000 ) ) ;
#1251 = PERSON_AND_ORGANIZATION ( #469, #1082 ) ;
#1252 = DIRECTION ( 'NONE',  ( 0.000000000000000000, -1.000000000000000000, 0.000000000000000000 ) ) ;
#1253 = CARTESIAN_POINT ( 'NONE',  ( 6.441336450685496651, 45.76556840322476205, 2.740368212597223074 ) ) ;
#1254 = VECTOR ( 'NONE', #1429, 1000.000000000000000 ) ;
#1255 = EDGE_LOOP ( 'NONE', ( #876, #1767, #621, #1260 ) ) ;
#1256 = VECTOR ( 'NONE', #650, 1000.000000000000000 ) ;
#1257 = LINE ( 'NONE', #1769, #2017 ) ;
#1258 = LINE ( 'NONE', #426, #1183 ) ;
#1259 = FACE_OUTER_BOUND ( 'NONE', #2121, .T. ) ;
#1260 = ORIENTED_EDGE ( 'NONE', *, *, #1132, .F. ) ;
#1261 = CARTESIAN_POINT ( 'NONE',  ( 7.000000000000000000, 48.00000000000000000, -7.000000000000000000 ) ) ;
#1262 = DIRECTION ( 'NONE',  ( 0.000000000000000000, 0.000000000000000000, 1.000000000000000000 ) ) ;
#1263 = EDGE_CURVE ( 'NONE', #647, #277, #597, .T. ) ;
#1264 = DIRECTION ( 'NONE',  ( -0.000000000000000000, 1.000000000000000000, -0.000000000000000000 ) ) ;
#1265 = EDGE_LOOP ( 'NONE', ( #572, #1422, #569, #1038, #1958, #1741, #762, #1972, #1967 ) ) ;
#1266 = VERTEX_POINT ( 'NONE', #1469 ) ;
#1267 = AXIS2_PLACEMENT_3D ( 'NONE', #485, #311, #955 ) ;
#1268 = LOCAL_TIME ( 17, 1, 30.00000000000000000, #1640 ) ;
#1269 = VERTEX_POINT ( 'NONE', #2129 ) ;
#1270 = CARTESIAN_POINT ( 'NONE',  ( -2.100000000000000089, 39.35000000000000142, -8.150000000000000355 ) ) ;
#1271 = ORIENTED_EDGE ( 'NONE', *, *, #509, .F. ) ;
#1272 = LINE ( 'NONE', #132, #1143 ) ;
#1273 = EDGE_CURVE ( 'NONE', #486, #2039, #1478, .T. ) ;
#1274 = DIRECTION ( 'NONE',  ( 0.000000000000000000, -1.000000000000000000, 0.000000000000000000 ) ) ;
#1275 = VECTOR ( 'NONE', #1496, 1000.000000000000000 ) ;
#1276 = EDGE_CURVE ( 'NONE', #340, #1334, #961, .T. ) ;
#1277 = EDGE_LOOP ( 'NONE', ( #1583, #1748, #1749, #1995 ) ) ;
#1278 = EDGE_CURVE ( 'NONE', #273, #188, #1861, .T. ) ;
#1279 = EDGE_LOOP ( 'NONE', ( #520, #1849, #1318, #1271 ) ) ;
#1280 = EDGE_CURVE ( 'NONE', #1234, #508, #1902, .T. ) ;
#1281 = DESIGN_CONTEXT ( 'detailed design', #97, 'design' ) ;
#1282 = VERTEX_POINT ( 'NONE', #849 ) ;
#1283 = EDGE_CURVE ( 'NONE', #1690, #340, #2005, .T. ) ;
#1284 = CYLINDRICAL_SURFACE ( 'NONE', #2020, 1.100000000000000089 ) ;
#1285 = ORIENTED_EDGE ( 'NONE', *, *, #555, .F. ) ;
#1286 = DIRECTION ( 'NONE',  ( 0.000000000000000000, 0.000000000000000000, 1.000000000000000000 ) ) ;
#1287 = CARTESIAN_POINT ( 'NONE',  ( 6.441377084039342726, 45.76614042000488780, -2.740271585420120726 ) ) ;
#1288 = CIRCLE ( 'NONE', #2071, 4.000000000000000000 ) ;
#1289 = ORIENTED_EDGE ( 'NONE', *, *, #638, .T. ) ;
#1290 = DIRECTION ( 'NONE',  ( -0.000000000000000000, -1.000000000000000000, -0.000000000000000000 ) ) ;
#1291 = EDGE_CURVE ( 'NONE', #10, #42, #882, .T. ) ;
#1292 = VECTOR ( 'NONE', #1537, 1000.000000000000000 ) ;
#1293 = CARTESIAN_POINT ( 'NONE',  ( -6.632624427534246081, 47.10170685754231101, -2.239163868617264797 ) ) ;
#1294 = LINE ( 'NONE', #1098, #459 ) ;
#1295 = EDGE_LOOP ( 'NONE', ( #1649, #898, #1464, #1810 ) ) ;
#1296 = LINE ( 'NONE', #1917, #1635 ) ;
#1297 = CIRCLE ( 'NONE', #1115, 1.150000000000000799 ) ;
#1298 = VERTEX_POINT ( 'NONE', #719 ) ;
#1299 = AXIS2_PLACEMENT_3D ( 'NONE', #1403, #423, #740 ) ;
#1300 = DIRECTION ( 'NONE',  ( 1.000000000000000000, 0.000000000000000000, 0.000000000000000000 ) ) ;
#1301 = DIRECTION ( 'NONE',  ( 0.000000000000000000, -1.000000000000000000, 0.000000000000000000 ) ) ;
#1302 = AXIS2_PLACEMENT_3D ( 'NONE', #523, #1842, #1526 ) ;
#1303 = DIRECTION ( 'NONE',  ( 0.000000000000000000, -1.000000000000000000, 0.000000000000000000 ) ) ;
#1304 = VERTEX_POINT ( 'NONE', #224 ) ;
#1305 = VECTOR ( 'NONE', #1607, 1000.000000000000000 ) ;
#1306 = DIRECTION ( 'NONE',  ( 1.000000000000000000, 0.000000000000000000, 0.000000000000000000 ) ) ;
#1307 = ADVANCED_FACE ( 'NONE', ( #860 ), #1874, .F. ) ;
#1308 = ORIENTED_EDGE ( 'NONE', *, *, #1744, .F. ) ;
#1309 = DIRECTION ( 'NONE',  ( 0.000000000000000000, 0.000000000000000000, 1.000000000000000000 ) ) ;
#1310 = DIRECTION ( 'NONE',  ( 0.000000000000000000, 0.000000000000000000, -1.000000000000000000 ) ) ;
#1311 = B_SPLINE_CURVE_WITH_KNOTS ( 'NONE', 3,
 ( #54, #1389, #1692, #2048, #1530, #556, #1230, #567, #1885, #1726, #577, #1253, #230, #360 ),
 .UNSPECIFIED., .F., .F.,
 ( 4, 2, 2, 2, 2, 2, 4 ),
 ( 2.991495929591895866E-16, 0.0007906590634378415482, 0.001185988595156619316, 0.001581318126875396867, 0.002371977190312952403, 0.002767306722031730171, 0.003162636253750508372 ),
 .UNSPECIFIED. ) ;
#1312 = LINE ( 'NONE', #1966, #2047 ) ;
#1313 = FACE_OUTER_BOUND ( 'NONE', #232, .T. ) ;
#1314 = VERTEX_POINT ( 'NONE', #2016 ) ;
#1315 = FACE_OUTER_BOUND ( 'NONE', #1585, .T. ) ;
#1316 = APPROVAL_ROLE ( '' ) ;
#1317 = VECTOR ( 'NONE', #1150, 1000.000000000000000 ) ;
#1318 = ORIENTED_EDGE ( 'NONE', *, *, #22, .F. ) ;
#1319 = CARTESIAN_POINT ( 'NONE',  ( 0.000000000000000000, 41.00000000000000000, 0.000000000000000000 ) ) ;
#1320 = LINE ( 'NONE', #649, #954 ) ;
#1321 = CARTESIAN_POINT ( 'NONE',  ( -7.000000000000000000, 44.00000000000000711, 5.850000000000000533 ) ) ;
#1322 = VECTOR ( 'NONE', #2122, 1000.000000000000000 ) ;
#1323 = DIRECTION ( 'NONE',  ( 0.000000000000000000, 0.000000000000000000, -1.000000000000000000 ) ) ;
#1324 = ORIENTED_EDGE ( 'NONE', *, *, #504, .T. ) ;
#1325 = DIRECTION ( 'NONE',  ( 0.000000000000000000, 1.000000000000000000, 0.000000000000000000 ) ) ;
#1326 = CARTESIAN_POINT ( 'NONE',  ( 0.000000000000000000, 44.00000000000000000, -7.000000000000000000 ) ) ;
#1327 = AXIS2_PLACEMENT_3D ( 'NONE', #2028, #1838, #875 ) ;
#1328 = EDGE_CURVE ( 'NONE', #967, #1949, #706, .T. ) ;
#1329 = VERTEX_POINT ( 'NONE', #886 ) ;
#1330 = CARTESIAN_POINT ( 'NONE',  ( -2.100000000000000089, 41.00000000000000000, 3.404408906109840149 ) ) ;
#1331 = DIRECTION ( 'NONE',  ( 0.000000000000000000, -1.000000000000000000, 0.000000000000000000 ) ) ;
#1332 = FACE_OUTER_BOUND ( 'NONE', #1295, .T. ) ;
#1333 = CYLINDRICAL_SURFACE ( 'NONE', #74, 2.100000000000000977 ) ;
#1334 = VERTEX_POINT ( 'NONE', #1196 ) ;
#1335 = DIRECTION ( 'NONE',  ( 0.000000000000000000, 1.000000000000000000, 0.000000000000000000 ) ) ;
#1336 = EDGE_CURVE ( 'NONE', #1690, #814, #1554, .T. ) ;
#1337 = AXIS2_PLACEMENT_3D ( 'NONE', #1164, #1658, #813 ) ;
#1338 = DIRECTION ( 'NONE',  ( 0.000000000000000000, -1.000000000000000000, 0.000000000000000000 ) ) ;
#1339 = CIRCLE ( 'NONE', #766, 4.049999999999999822 ) ;
#1340 = ORIENTED_EDGE ( 'NONE', *, *, #615, .F. ) ;
#1341 = AXIS2_PLACEMENT_3D ( 'NONE', #2054, #245, #1582 ) ;
#1342 = ADVANCED_FACE ( 'NONE', ( #1043 ), #362, .F. ) ;
#1343 = VECTOR ( 'NONE', #1029, 1000.000000000000000 ) ;
#1344 = ORIENTED_EDGE ( 'NONE', *, *, #1177, .F. ) ;
#1345 = CARTESIAN_POINT ( 'NONE',  ( -3.906246028489932076, 45.78939985145710523, 1.070985287603983149 ) ) ;
#1346 = CARTESIAN_POINT ( 'NONE',  ( 6.000000000000000000, 45.50000000000000000, 0.000000000000000000 ) ) ;
#1347 = EDGE_LOOP ( 'NONE', ( #2092, #929 ) ) ;
#1348 = ORIENTED_EDGE ( 'NONE', *, *, #1210, .T. ) ;
#1349 = EDGE_CURVE ( 'NONE', #2019, #847, #2051, .T. ) ;
#1350 = CARTESIAN_POINT ( 'NONE',  ( 3.100000000000000089, 48.00000000000000000, 2.399999999999999911 ) ) ;
#1351 = CIRCLE ( 'NONE', #1603, 4.049999999999999822 ) ;
#1352 = DIRECTION ( 'NONE',  ( 0.000000000000000000, 0.000000000000000000, -1.000000000000000000 ) ) ;
#1353 = EDGE_LOOP ( 'NONE', ( #1091, #822, #696, #561, #1364 ) ) ;
#1354 = CARTESIAN_POINT ( 'NONE',  ( -4.050016415190927255, 46.60006043775335627, -0.1438104544779814642 ) ) ;
#1355 = CIRCLE ( 'NONE', #752, 1.149999999999999911 ) ;
#1356 = FACE_OUTER_BOUND ( 'NONE', #2133, .T. ) ;
#1357 = ORIENTED_EDGE ( 'NONE', *, *, #1652, .T. ) ;
#1358 = B_SPLINE_CURVE_WITH_KNOTS ( 'NONE', 3,
 ( #83, #1073, #427, #439, #1905, #1779, #1771, #283 ),
 .UNSPECIFIED., .F., .F.,
 ( 4, 2, 2, 4 ),
 ( 0.000000000000000000, 0.0007962945899203968366, 0.001194441884880604850, 0.001592589179840812755 ),
 .UNSPECIFIED. ) ;
#1359 = ORIENTED_EDGE ( 'NONE', *, *, #33, .T. ) ;
#1360 = EDGE_CURVE ( 'NONE', #1759, #102, #867, .T. ) ;
#1361 = CARTESIAN_POINT ( 'NONE',  ( 3.100000000000000089, 48.00000000000000000, -2.399999999999999911 ) ) ;
#1362 = ADVANCED_FACE ( 'NONE', ( #38 ), #1852, .F. ) ;
#1363 = CARTESIAN_POINT ( 'NONE',  ( 7.000000000000000000, 44.00000000000000711, 5.849999999999999645 ) ) ;
#1364 = ORIENTED_EDGE ( 'NONE', *, *, #175, .F. ) ;
#1365 = CARTESIAN_POINT ( 'NONE',  ( -3.954634632939266314, 46.17572249948628382, -0.8798340290879280712 ) ) ;
#1366 = AXIS2_PLACEMENT_3D ( 'NONE', #81, #897, #1851 ) ;
#1367 = DIRECTION ( 'NONE',  ( 0.000000000000000000, -1.000000000000000000, 0.000000000000000000 ) ) ;
#1368 = CARTESIAN_POINT ( 'NONE',  ( -7.000000000000000000, 39.35000000000000142, -7.000000000000000000 ) ) ;
#1369 = VERTEX_POINT ( 'NONE', #1227 ) ;
#1370 = FACE_BOUND ( 'NONE', #1155, .T. ) ;
#1371 = CARTESIAN_POINT ( 'NONE',  ( -12.00000000000000000, 45.50000000000000000, 0.000000000000000000 ) ) ;
#1372 = EDGE_CURVE ( 'NONE', #2042, #1760, #56, .T. ) ;
#1373 = EDGE_LOOP ( 'NONE', ( #1005, #1519 ) ) ;
#1374 = CARTESIAN_POINT ( 'NONE',  ( 6.437196594791866566, 45.50000000000000000, 2.750000000000000000 ) ) ;
#1375 = ORIENTED_EDGE ( 'NONE', *, *, #1777, .F. ) ;
#1376 = CARTESIAN_POINT ( 'NONE',  ( 7.000000000000000000, 39.35000000000000142, 7.000000000000000000 ) ) ;
#1377 = DIRECTION ( 'NONE',  ( -1.000000000000000000, 0.000000000000000000, 0.000000000000000000 ) ) ;
#1378 = CARTESIAN_POINT ( 'NONE',  ( 6.000000000000000000, 45.50000000000000000, 0.000000000000000000 ) ) ;
#1379 = CARTESIAN_POINT ( 'NONE',  ( 0.000000000000000000, 41.00000000000000000, 8.150000000000000355 ) ) ;
#1380 = ORIENTED_EDGE ( 'NONE', *, *, #1009, .T. ) ;
#1381 = CARTESIAN_POINT ( 'NONE',  ( 8.150000000000000355, 41.00000000000000000, 2.100000000000000977 ) ) ;
#1382 = CIRCLE ( 'NONE', #1513, 1.150000000000000799 ) ;
#1383 = DIRECTION ( 'NONE',  ( -1.000000000000000000, 0.000000000000000000, 0.000000000000000000 ) ) ;
#1384 = ORIENTED_EDGE ( 'NONE', *, *, #1908, .T. ) ;
#1385 = VECTOR ( 'NONE', #830, 1000.000000000000000 ) ;
#1386 = CARTESIAN_POINT ( 'NONE',  ( 2.100000000000000089, 41.00000000000000000, 3.404408906109840149 ) ) ;
#1387 = DIRECTION ( 'NONE',  ( 0.000000000000000000, 0.000000000000000000, 1.000000000000000000 ) ) ;
#1388 = FACE_BOUND ( 'NONE', #708, .T. ) ;
#1389 = CARTESIAN_POINT ( 'NONE',  ( 6.865723972125080898, 47.88981489486730680, 1.386087535513879310 ) ) ;
#1390 = ORIENTED_EDGE ( 'NONE', *, *, #354, .F. ) ;
#1391 = CIRCLE ( 'NONE', #101, 2.100000000000000089 ) ;
#1392 = DIRECTION ( 'NONE',  ( 0.000000000000000000, 1.000000000000000000, 0.000000000000000000 ) ) ;
#1393 = ORIENTED_EDGE ( 'NONE', *, *, #254, .T. ) ;
#1394 = FACE_OUTER_BOUND ( 'NONE', #190, .T. ) ;
#1395 = APPLICATION_CONTEXT ( 'configuration controlled 3d designs of mechanical parts and assemblies' ) ;
#1396 = ORIENTED_EDGE ( 'NONE', *, *, #1559, .T. ) ;
#1397 = DIRECTION ( 'NONE',  ( -0.000000000000000000, -1.000000000000000000, -0.000000000000000000 ) ) ;
#1398 = DIRECTION ( 'NONE',  ( -0.000000000000000000, 0.000000000000000000, 1.000000000000000000 ) ) ;
#1399 = EDGE_CURVE ( 'NONE', #296, #583, #228, .T. ) ;
#1400 = CARTESIAN_POINT ( 'NONE',  ( -2.100000000000000089, 41.00000000000000000, -3.404408906109840149 ) ) ;
#1401 = EDGE_LOOP ( 'NONE', ( #593, #2050, #2060, #323, #2008 ) ) ;
#1402 = AXIS2_PLACEMENT_3D ( 'NONE', #1798, #1788, #300 ) ;
#1403 = CARTESIAN_POINT ( 'NONE',  ( 0.000000000000000000, 44.00000000000000711, 0.000000000000000000 ) ) ;
#1404 = ADVANCED_FACE ( 'NONE', ( #73 ), #1700, .F. ) ;
#1405 = ORIENTED_EDGE ( 'NONE', *, *, #276, .F. ) ;
#1406 = DIRECTION ( 'NONE',  ( -1.000000000000000000, 0.000000000000000000, 0.000000000000000000 ) ) ;
#1407 = VERTEX_POINT ( 'NONE', #542 ) ;
#1408 = DIRECTION ( 'NONE',  ( -1.000000000000000000, 0.000000000000000000, -0.000000000000000000 ) ) ;
#1409 = CARTESIAN_POINT ( 'NONE',  ( 6.905613658466567273, 48.00000000000000000, 1.145643923738954628 ) ) ;
#1410 = CIRCLE ( 'NONE', #1240, 4.000000000000000000 ) ;
#1411 = DIRECTION ( 'NONE',  ( 0.000000000000000000, -1.000000000000000000, 0.000000000000000000 ) ) ;
#1412 = ORIENTED_EDGE ( 'NONE', *, *, #354, .T. ) ;
#1413 = EDGE_CURVE ( 'NONE', #2124, #612, #51, .T. ) ;
#1414 = CARTESIAN_POINT ( 'NONE',  ( -3.906348804510813455, 45.20948305592064287, 1.070601264801375407 ) ) ;
#1415 = ORIENTED_EDGE ( 'NONE', *, *, #858, .F. ) ;
#1416 = AXIS2_PLACEMENT_3D ( 'NONE', #1192, #525, #1675 ) ;
#1417 = DIRECTION ( 'NONE',  ( 0.000000000000000000, -1.000000000000000000, 0.000000000000000000 ) ) ;
#1418 = ORIENTED_EDGE ( 'NONE', *, *, #1974, .T. ) ;
#1419 = PLANE ( 'NONE',  #2006 ) ;
#1420 = CARTESIAN_POINT ( 'NONE',  ( 7.000000000000000000, 39.35000000000000142, 7.000000000000000000 ) ) ;
#1421 = CARTESIAN_POINT ( 'NONE',  ( 6.865808160912489022, 47.89004744496351407, -1.385580069600521602 ) ) ;
#1422 = ORIENTED_EDGE ( 'NONE', *, *, #776, .T. ) ;
#1423 = VECTOR ( 'NONE', #1479, 1000.000000000000000 ) ;
#1424 = ORIENTED_EDGE ( 'NONE', *, *, #206, .F. ) ;
#1425 = ADVANCED_FACE ( 'NONE', ( #1052 ), #1723, .F. ) ;
#1426 = ORIENTED_EDGE ( 'NONE', *, *, #1499, .F. ) ;
#1427 = CYLINDRICAL_SURFACE ( 'NONE', #1004, 4.049999999999999822 ) ;
#1428 = ORIENTED_EDGE ( 'NONE', *, *, #1433, .T. ) ;
#1429 = DIRECTION ( 'NONE',  ( -0.000000000000000000, -0.000000000000000000, 1.000000000000000000 ) ) ;
#1430 = DIRECTION ( 'NONE',  ( 0.000000000000000000, 0.000000000000000000, -1.000000000000000000 ) ) ;
#1431 = EDGE_CURVE ( 'NONE', #1926, #2039, #1351, .T. ) ;
#1432 = CARTESIAN_POINT ( 'NONE',  ( 8.150000000000000355, 41.00000000000000000, -2.100000000000000089 ) ) ;
#1433 = EDGE_CURVE ( 'NONE', #470, #1860, #135, .T. ) ;
#1434 = ORIENTED_EDGE ( 'NONE', *, *, #467, .F. ) ;
#1435 = ORIENTED_EDGE ( 'NONE', *, *, #1263, .F. ) ;
#1436 = EDGE_CURVE ( 'NONE', #1049, #1407, #1355, .T. ) ;
#1437 = ORIENTED_EDGE ( 'NONE', *, *, #933, .T. ) ;
#1438 = AXIS2_PLACEMENT_3D ( 'NONE', #1141, #791, #1795 ) ;
#1439 = CC_DESIGN_APPROVAL ( #1468, ( #433 ) ) ;
#1440 = FACE_BOUND ( 'NONE', #343, .T. ) ;
#1441 = DIRECTION ( 'NONE',  ( 0.000000000000000000, 1.000000000000000000, 0.000000000000000000 ) ) ;
#1442 = ORIENTED_EDGE ( 'NONE', *, *, #175, .T. ) ;
#1443 = DIRECTION ( 'NONE',  ( 0.000000000000000000, -1.000000000000000000, 0.000000000000000000 ) ) ;
#1444 = VECTOR ( 'NONE', #1993, 1000.000000000000000 ) ;
#1445 = ORIENTED_EDGE ( 'NONE', *, *, #646, .T. ) ;
#1446 = DIRECTION ( 'NONE',  ( 0.000000000000000000, -1.000000000000000000, 0.000000000000000000 ) ) ;
#1447 = CARTESIAN_POINT ( 'NONE',  ( -6.441293304524754681, 45.23547906751637271, -2.740469204710237694 ) ) ;
#1448 = DIRECTION ( 'NONE',  ( 1.000000000000000000, 0.000000000000000000, 0.000000000000000000 ) ) ;
#1449 = CARTESIAN_POINT ( 'NONE',  ( 4.959819536546779614E-16, 41.00000000000000000, 4.049999999999999822 ) ) ;
#1450 = ORIENTED_EDGE ( 'NONE', *, *, #1499, .T. ) ;
#1451 = CARTESIAN_POINT ( 'NONE',  ( -2.100000000000000089, 41.00000000000000000, 8.150000000000000355 ) ) ;
#1452 = AXIS2_PLACEMENT_3D ( 'NONE', #1223, #233, #23 ) ;
#1453 = EDGE_LOOP ( 'NONE', ( #733, #1191, #1344, #2104, #421, #1870, #956, #1580 ) ) ;
#1454 = CARTESIAN_POINT ( 'NONE',  ( 3.262284475639731340, 44.00000000000000000, 2.399999999999999911 ) ) ;
#1455 = EDGE_CURVE ( 'NONE', #511, #1759, #1938, .T. ) ;
#1456 = AXIS2_PLACEMENT_3D ( 'NONE', #111, #2100, #926 ) ;
#1457 = CARTESIAN_POINT ( 'NONE',  ( 3.463018914184557762, 41.00000000000000000, -2.100000000000000089 ) ) ;
#1458 = CARTESIAN_POINT ( 'NONE',  ( -6.437196594791866566, 45.50000000000000000, 2.750000000000000000 ) ) ;
#1459 = ORIENTED_EDGE ( 'NONE', *, *, #1063, .T. ) ;
#1460 = LINE ( 'NONE', #1124, #2079 ) ;
#1461 = EDGE_CURVE ( 'NONE', #814, #1334, #1460, .T. ) ;
#1462 = DATE_AND_TIME ( #468, #1992 ) ;
#1463 = CIRCLE ( 'NONE', #264, 4.000000000000000000 ) ;
#1464 = ORIENTED_EDGE ( 'NONE', *, *, #172, .F. ) ;
#1465 = DIRECTION ( 'NONE',  ( 0.000000000000000000, 1.000000000000000000, 0.000000000000000000 ) ) ;
#1466 = EDGE_CURVE ( 'NONE', #2097, #624, #85, .T. ) ;
#1467 = CIRCLE ( 'NONE', #999, 4.000000000000000000 ) ;
#1468 = APPROVAL ( #1138, 'UNSPECIFIED' ) ;
#1469 = CARTESIAN_POINT ( 'NONE',  ( -8.150000000000000355, 39.35000000000000142, 2.100000000000000089 ) ) ;
#1470 = EDGE_CURVE ( 'NONE', #1113, #460, #1272, .T. ) ;
#1471 = CARTESIAN_POINT ( 'NONE',  ( -6.816873139757940514, 47.74910970999683002, -1.603625134843279954 ) ) ;
#1472 = AXIS2_PLACEMENT_3D ( 'NONE', #854, #40, #1239 ) ;
#1473 = ORIENTED_EDGE ( 'NONE', *, *, #282, .F. ) ;
#1474 = LOCAL_TIME ( 17, 1, 30.00000000000000000, #325 ) ;
#1475 = DIRECTION ( 'NONE',  ( 0.000000000000000000, -1.000000000000000000, 0.000000000000000000 ) ) ;
#1476 = ORIENTED_EDGE ( 'NONE', *, *, #1590, .T. ) ;
#1477 = CYLINDRICAL_SURFACE ( 'NONE', #1761, 1.150000000000000799 ) ;
#1478 = LINE ( 'NONE', #625, #495 ) ;
#1479 = DIRECTION ( 'NONE',  ( 0.000000000000000000, -1.000000000000000000, 0.000000000000000000 ) ) ;
#1480 = CARTESIAN_POINT ( 'NONE',  ( -6.457518781622470172, 46.02845067969364123, -2.702014877186277531 ) ) ;
#1481 = EDGE_CURVE ( 'NONE', #1049, #702, #1618, .T. ) ;
#1482 = DIRECTION ( 'NONE',  ( 0.000000000000000000, 0.000000000000000000, -1.000000000000000000 ) ) ;
#1483 = ORIENTED_EDGE ( 'NONE', *, *, #1830, .T. ) ;
#1484 = PLANE ( 'NONE',  #994 ) ;
#1485 = DIRECTION ( 'NONE',  ( 0.000000000000000000, 0.000000000000000000, -1.000000000000000000 ) ) ;
#1486 = AXIS2_PLACEMENT_3D ( 'NONE', #43, #1510, #1996 ) ;
#1487 = VERTEX_POINT ( 'NONE', #123 ) ;
#1488 = CARTESIAN_POINT ( 'NONE',  ( 2.100000000000000089, 41.00000000000000000, -8.150000000000000355 ) ) ;
#1489 = CARTESIAN_POINT ( 'NONE',  ( -6.000000000000000000, 45.50000000000000000, 0.000000000000000000 ) ) ;
#1490 = CARTESIAN_POINT ( 'NONE',  ( 13.00000000000000000, 45.50000000000000000, 1.100000000000000089 ) ) ;
#1491 = ADVANCED_FACE ( 'NONE', ( #1114 ), #1419, .T. ) ;
#1492 = CARTESIAN_POINT ( 'NONE',  ( -3.404408906109840149, 41.00000000000000000, 2.100000000000000089 ) ) ;
#1493 = DIRECTION ( 'NONE',  ( 0.000000000000000000, 0.000000000000000000, 1.000000000000000000 ) ) ;
#1494 = DIRECTION ( 'NONE',  ( 0.000000000000000000, 1.000000000000000000, 0.000000000000000000 ) ) ;
#1495 = ORIENTED_EDGE ( 'NONE', *, *, #1210, .F. ) ;
#1496 = DIRECTION ( 'NONE',  ( -1.000000000000000000, -0.000000000000000000, -0.000000000000000000 ) ) ;
#1497 = CIRCLE ( 'NONE', #2148, 4.049999999999999822 ) ;
#1498 = CARTESIAN_POINT ( 'NONE',  ( 0.000000000000000000, 44.00000000000000711, 0.000000000000000000 ) ) ;
#1499 = EDGE_CURVE ( 'NONE', #550, #1298, #1781, .T. ) ;
#1500 = ORIENTED_EDGE ( 'NONE', *, *, #1009, .F. ) ;
#1501 = EDGE_CURVE ( 'NONE', #2065, #384, #1598, .T. ) ;
#1502 = DIRECTION ( 'NONE',  ( 0.000000000000000000, 1.000000000000000000, 0.000000000000000000 ) ) ;
#1503 = ORIENTED_EDGE ( 'NONE', *, *, #419, .T. ) ;
#1504 = DIRECTION ( 'NONE',  ( 0.000000000000000000, 1.000000000000000000, 0.000000000000000000 ) ) ;
#1505 = CIRCLE ( 'NONE', #1776, 1.149999999999999911 ) ;
#1506 = DIRECTION ( 'NONE',  ( 0.000000000000000000, 0.000000000000000000, -1.000000000000000000 ) ) ;
#1507 = CIRCLE ( 'NONE', #317, 13.00000000000000000 ) ;
#1508 = ADVANCED_FACE ( 'NONE', ( #108 ), #786, .F. ) ;
#1509 = VERTEX_POINT ( 'NONE', #923 ) ;
#1510 = DIRECTION ( 'NONE',  ( 0.000000000000000000, 1.000000000000000000, 0.000000000000000000 ) ) ;
#1511 = ORIENTED_EDGE ( 'NONE', *, *, #1716, .F. ) ;
#1512 = VECTOR ( 'NONE', #1965, 1000.000000000000000 ) ;
#1513 = AXIS2_PLACEMENT_3D ( 'NONE', #1977, #1152, #1787 ) ;
#1514 = DIRECTION ( 'NONE',  ( 1.000000000000000000, 0.000000000000000000, 0.000000000000000000 ) ) ;
#1515 = ORIENTED_EDGE ( 'NONE', *, *, #13, .F. ) ;
#1516 = DIRECTION ( 'NONE',  ( -1.000000000000000000, -0.000000000000000000, -0.000000000000000000 ) ) ;
#1517 = CARTESIAN_POINT ( 'NONE',  ( -6.816091093722637773, 47.74666126132438393, 1.606738752447796958 ) ) ;
#1518 = EDGE_CURVE ( 'NONE', #1860, #1924, #1296, .T. ) ;
#1519 = ORIENTED_EDGE ( 'NONE', *, *, #775, .F. ) ;
#1520 = ADVANCED_FACE ( 'NONE', ( #429 ), #1764, .F. ) ;
#1521 = ORIENTED_EDGE ( 'NONE', *, *, #2088, .T. ) ;
#1522 = CYLINDRICAL_SURFACE ( 'NONE', #635, 2.100000000000000977 ) ;
#1523 = EDGE_LOOP ( 'NONE', ( #377, #2117, #1340, #333, #1139, #1182 ) ) ;
#1524 = DIRECTION ( 'NONE',  ( 0.000000000000000000, 0.000000000000000000, 1.000000000000000000 ) ) ;
#1525 = VECTOR ( 'NONE', #1264, 1000.000000000000000 ) ;
#1526 = DIRECTION ( 'NONE',  ( 0.000000000000000000, 0.000000000000000000, -1.000000000000000000 ) ) ;
#1527 = EDGE_CURVE ( 'NONE', #211, #647, #200, .T. ) ;
#1528 = ORIENTED_EDGE ( 'NONE', *, *, #1092, .F. ) ;
#1529 = CARTESIAN_POINT ( 'NONE',  ( 12.00000000000000000, 44.00000000000000711, -2.304886114323225321 ) ) ;
#1530 = CARTESIAN_POINT ( 'NONE',  ( 6.711302512696335931, 47.40077969347409237, 1.991566206993405252 ) ) ;
#1531 = EDGE_LOOP ( 'NONE', ( #614, #988 ) ) ;
#1532 = FACE_OUTER_BOUND ( 'NONE', #1820, .T. ) ;
#1533 = ORIENTED_EDGE ( 'NONE', *, *, #790, .F. ) ;
#1534 = DIRECTION ( 'NONE',  ( 1.000000000000000000, 0.000000000000000000, 0.000000000000000000 ) ) ;
#1535 = DIRECTION ( 'NONE',  ( 0.000000000000000000, -1.000000000000000000, 0.000000000000000000 ) ) ;
#1536 = FACE_OUTER_BOUND ( 'NONE', #691, .T. ) ;
#1537 = DIRECTION ( 'NONE',  ( 1.000000000000000000, 0.000000000000000000, 0.000000000000000000 ) ) ;
#1538 = AXIS2_PLACEMENT_3D ( 'NONE', #1346, #654, #2001 ) ;
#1539 = ORIENTED_EDGE ( 'NONE', *, *, #682, .F. ) ;
#1540 = LINE ( 'NONE', #1529, #2038 ) ;
#1541 = VECTOR ( 'NONE', #1103, 1000.000000000000000 ) ;
#1542 = CARTESIAN_POINT ( 'NONE',  ( 2.100000000000000089, 39.35000000000000142, -3.404408906109840149 ) ) ;
#1543 = ORIENTED_EDGE ( 'NONE', *, *, #871, .F. ) ;
#1544 = DIRECTION ( 'NONE',  ( -1.000000000000000000, 0.000000000000000000, 0.000000000000000000 ) ) ;
#1545 = CIRCLE ( 'NONE', #500, 1.150000000000000799 ) ;
#1546 = CYLINDRICAL_SURFACE ( 'NONE', #1969, 1.149999999999999911 ) ;
#1547 = EDGE_LOOP ( 'NONE', ( #1705, #72 ) ) ;
#1548 = DIRECTION ( 'NONE',  ( 0.000000000000000000, 1.000000000000000000, 0.000000000000000000 ) ) ;
#1549 = CARTESIAN_POINT ( 'NONE',  ( 7.000000000000000000, 44.00000000000000711, -7.000000000000000000 ) ) ;
#1550 = CARTESIAN_POINT ( 'NONE',  ( 3.404408906109840149, 41.00000000000000000, 2.100000000000000089 ) ) ;
#1551 = DIRECTION ( 'NONE',  ( 1.000000000000000000, 0.000000000000000000, 0.000000000000000000 ) ) ;
#1552 = DIRECTION ( 'NONE',  ( 0.000000000000000000, 1.000000000000000000, 0.000000000000000000 ) ) ;
#1553 = ORIENTED_EDGE ( 'NONE', *, *, #1518, .T. ) ;
#1554 = LINE ( 'NONE', #1350, #609 ) ;
#1555 = B_SPLINE_CURVE_WITH_KNOTS ( 'NONE', 3,
 ( #514, #664, #1680, #183, #1831, #991, #164, #1189, #346, #817, #1157, #1517, #18, #675 ),
 .UNSPECIFIED., .F., .F.,
 ( 4, 2, 2, 2, 2, 2, 4 ),
 ( 0.001592589179840804298, 0.001987557321475789170, 0.002382525463110774042, 0.002777493604745758914, 0.003172461746380744220, 0.003962398029650714831, 0.004752334312920686310 ),
 .UNSPECIFIED. ) ;
#1556 = CIRCLE ( 'NONE', #1859, 4.049999999999999822 ) ;
#1557 = CARTESIAN_POINT ( 'NONE',  ( 0.000000000000000000, 41.00000000000000000, 0.000000000000000000 ) ) ;
#1558 = VECTOR ( 'NONE', #553, 1000.000000000000000 ) ;
#1559 = EDGE_CURVE ( 'NONE', #751, #1904, #763, .T. ) ;
#1560 = PLANE ( 'NONE',  #1341 ) ;
#1561 = FACE_OUTER_BOUND ( 'NONE', #578, .T. ) ;
#1562 = CARTESIAN_POINT ( 'NONE',  ( -6.000000000000000000, 45.50000000000000000, 0.000000000000000000 ) ) ;
#1563 = CARTESIAN_POINT ( 'NONE',  ( -6.437196594791866566, 45.50000000000000000, -2.750000000000000000 ) ) ;
#1564 = DIRECTION ( 'NONE',  ( 0.000000000000000000, 0.000000000000000000, 1.000000000000000000 ) ) ;
#1565 = DIRECTION ( 'NONE',  ( 0.000000000000000000, 0.000000000000000000, -1.000000000000000000 ) ) ;
#1566 = AXIS2_PLACEMENT_3D ( 'NONE', #1368, #534, #229 ) ;
#1567 = EDGE_CURVE ( 'NONE', #641, #1659, #1743, .T. ) ;
#1568 = EDGE_CURVE ( 'NONE', #1860, #1041, #294, .T. ) ;
#1569 = DIRECTION ( 'NONE',  ( 0.000000000000000000, 1.000000000000000000, 0.000000000000000000 ) ) ;
#1570 = ORIENTED_EDGE ( 'NONE', *, *, #776, .F. ) ;
#1571 = CARTESIAN_POINT ( 'NONE',  ( 0.000000000000000000, 41.00000000000000000, 0.000000000000000000 ) ) ;
#1572 = ORIENTED_EDGE ( 'NONE', *, *, #2029, .T. ) ;
#1573 = DIRECTION ( 'NONE',  ( 0.000000000000000000, 0.000000000000000000, -1.000000000000000000 ) ) ;
#1574 = ORIENTED_EDGE ( 'NONE', *, *, #1527, .F. ) ;
#1575 = DIRECTION ( 'NONE',  ( 0.000000000000000000, -1.000000000000000000, 0.000000000000000000 ) ) ;
#1576 = CIRCLE ( 'NONE', #964, 7.000000000000000000 ) ;
#1577 = AXIS2_PLACEMENT_3D ( 'NONE', #1167, #1814, #1203 ) ;
#1578 = CARTESIAN_POINT ( 'NONE',  ( 13.00000000000000000, 45.50000000000000000, 0.000000000000000000 ) ) ;
#1579 = EDGE_CURVE ( 'NONE', #365, #1930, #757, .T. ) ;
#1580 = ORIENTED_EDGE ( 'NONE', *, *, #1273, .F. ) ;
#1581 = CARTESIAN_POINT ( 'NONE',  ( -6.437196594791866566, 45.36746691884724214, -2.750000000000000888 ) ) ;
#1582 = DIRECTION ( 'NONE',  ( 0.000000000000000000, -0.000000000000000000, -1.000000000000000000 ) ) ;
#1583 = ORIENTED_EDGE ( 'NONE', *, *, #2074, .T. ) ;
#1584 = DIRECTION ( 'NONE',  ( 0.000000000000000000, -0.000000000000000000, 1.000000000000000000 ) ) ;
#1585 = EDGE_LOOP ( 'NONE', ( #1674, #214, #557, #982 ) ) ;
#1586 = CARTESIAN_POINT ( 'NONE',  ( 12.00000000000000000, 45.50000000000000000, 0.000000000000000000 ) ) ;
#1587 = DIRECTION ( 'NONE',  ( 0.000000000000000000, 0.000000000000000000, -1.000000000000000000 ) ) ;
#1588 = CYLINDRICAL_SURFACE ( 'NONE', #66, 2.750000000000000000 ) ;
#1589 = CARTESIAN_POINT ( 'NONE',  ( -3.897755764539384327, 45.50000000000000000, -1.100000000000000089 ) ) ;
#1590 = EDGE_CURVE ( 'NONE', #1041, #603, #2116, .T. ) ;
#1591 = ORIENTED_EDGE ( 'NONE', *, *, #2098, .T. ) ;
#1592 = EDGE_CURVE ( 'NONE', #836, #508, #1818, .T. ) ;
#1593 = ORIENTED_EDGE ( 'NONE', *, *, #1727, .T. ) ;
#1594 = FACE_OUTER_BOUND ( 'NONE', #808, .T. ) ;
#1595 = CARTESIAN_POINT ( 'NONE',  ( -7.000000000000000000, 39.35000000000000142, 5.850000000000000533 ) ) ;
#1596 = CARTESIAN_POINT ( 'NONE',  ( 13.00000000000000000, 45.50000000000000000, -1.100000000000000089 ) ) ;
#1597 = EDGE_LOOP ( 'NONE', ( #399, #1165, #115, #1641 ) ) ;
#1598 = LINE ( 'NONE', #285, #884 ) ;
#1599 = DIRECTION ( 'NONE',  ( 1.000000000000000000, 0.000000000000000000, 0.000000000000000000 ) ) ;
#1600 = CARTESIAN_POINT ( 'NONE',  ( -2.100000000000000089, 41.00000000000000000, 3.463018914184558206 ) ) ;
#1601 = ADVANCED_FACE ( 'NONE', ( #747 ), #1918, .T. ) ;
#1602 = EDGE_LOOP ( 'NONE', ( #1424, #1127, #435, #1218, #1459 ) ) ;
#1603 = AXIS2_PLACEMENT_3D ( 'NONE', #1894, #1061, #404 ) ;
#1604 = VERTEX_POINT ( 'NONE', #483 ) ;
#1605 = CARTESIAN_POINT ( 'NONE',  ( -6.457433250572954364, 44.97259496171182747, -2.702218849626251806 ) ) ;
#1606 = FACE_BOUND ( 'NONE', #305, .T. ) ;
#1607 = DIRECTION ( 'NONE',  ( -0.000000000000000000, 1.000000000000000000, -0.000000000000000000 ) ) ;
#1608 = EDGE_LOOP ( 'NONE', ( #922, #2085, #795, #2015, #1835, #785 ) ) ;
#1609 = DIRECTION ( 'NONE',  ( 0.000000000000000000, 0.000000000000000000, -1.000000000000000000 ) ) ;
#1610 = DIRECTION ( 'NONE',  ( 0.000000000000000000, 0.000000000000000000, 1.000000000000000000 ) ) ;
#1611 = PRODUCT ( 'ARM-003_Yaw_D_drive_collar', 'ARM-003_Yaw_D_drive_collar', '', ( #868 ) ) ;
#1612 = EDGE_LOOP ( 'NONE', ( #279, #395, #181, #437 ) ) ;
#1613 = VERTEX_POINT ( 'NONE', #1806 ) ;
#1614 = VECTOR ( 'NONE', #611, 1000.000000000000000 ) ;
#1615 = LINE ( 'NONE', #138, #1256 ) ;
#1616 = LINE ( 'NONE', #2112, #1614 ) ;
#1617 = ORIENTED_EDGE ( 'NONE', *, *, #1559, .F. ) ;
#1618 = LINE ( 'NONE', #451, #413 ) ;
#1619 = CIRCLE ( 'NONE', #973, 7.000000000000000000 ) ;
#1620 = PERSON_AND_ORGANIZATION ( #469, #1082 ) ;
#1621 = VECTOR ( 'NONE', #1120, 1000.000000000000000 ) ;
#1622 = ORIENTED_EDGE ( 'NONE', *, *, #2068, .T. ) ;
#1623 = CARTESIAN_POINT ( 'NONE',  ( 2.100000000000000089, 41.00000000000000000, 8.150000000000000355 ) ) ;
#1624 = DIRECTION ( 'NONE',  ( 0.000000000000000000, 0.000000000000000000, 1.000000000000000000 ) ) ;
#1625 = DIRECTION ( 'NONE',  ( 0.000000000000000000, 0.000000000000000000, 1.000000000000000000 ) ) ;
#1626 = DIRECTION ( 'NONE',  ( 1.000000000000000000, -0.000000000000000000, -0.000000000000000000 ) ) ;
#1627 = FACE_OUTER_BOUND ( 'NONE', #2135, .T. ) ;
#1628 = ORIENTED_EDGE ( 'NONE', *, *, #184, .F. ) ;
#1629 = CARTESIAN_POINT ( 'NONE',  ( 2.100000000000000089, 41.00000000000000000, 8.150000000000000355 ) ) ;
#1630 = DATE_TIME_ROLE ( 'creation_date' ) ;
#1631 = AXIS2_PLACEMENT_3D ( 'NONE', #1707, #212, #1729 ) ;
#1632 = EDGE_CURVE ( 'NONE', #511, #1266, #1090, .T. ) ;
#1633 = ORIENTED_EDGE ( 'NONE', *, *, #276, .T. ) ;
#1634 = EDGE_CURVE ( 'NONE', #1708, #211, #1320, .T. ) ;
#1635 = VECTOR ( 'NONE', #774, 1000.000000000000000 ) ;
#1636 = DIRECTION ( 'NONE',  ( 0.000000000000000000, 0.000000000000000000, -1.000000000000000000 ) ) ;
#1637 = CARTESIAN_POINT ( 'NONE',  ( -6.905613658466567273, 48.00000000000000000, -1.145643923738954628 ) ) ;
#1638 = CARTESIAN_POINT ( 'NONE',  ( -3.404408906109840149, 41.00000000000000000, -2.100000000000000089 ) ) ;
#1639 = ORIENTED_EDGE ( 'NONE', *, *, #2029, .F. ) ;
#1640 = COORDINATED_UNIVERSAL_TIME_OFFSET ( 6, 0, .BEHIND. ) ;
#1641 = ORIENTED_EDGE ( 'NONE', *, *, #1686, .F. ) ;
#1642 = CARTESIAN_POINT ( 'NONE',  ( 0.000000000000000000, 41.00000000000000000, 0.000000000000000000 ) ) ;
#1643 = EDGE_CURVE ( 'NONE', #847, #1930, #235, .T. ) ;
#1644 = VECTOR ( 'NONE', #1022, 1000.000000000000000 ) ;
#1645 = DIRECTION ( 'NONE',  ( 0.000000000000000000, 0.000000000000000000, 1.000000000000000000 ) ) ;
#1646 = CARTESIAN_POINT ( 'NONE',  ( -6.558807803923946800, 46.77494786242812097, -2.450364605556971664 ) ) ;
#1647 = VECTOR ( 'NONE', #9, 1000.000000000000000 ) ;
#1648 = CYLINDRICAL_SURFACE ( 'NONE', #1747, 7.000000000000000000 ) ;
#1649 = ORIENTED_EDGE ( 'NONE', *, *, #432, .T. ) ;
#1650 = CARTESIAN_POINT ( 'NONE',  ( 0.000000000000000000, 44.00000000000000000, 0.000000000000000000 ) ) ;
#1651 = PERSON_AND_ORGANIZATION_ROLE ( 'classification_officer' ) ;
#1652 = EDGE_CURVE ( 'NONE', #185, #412, #256, .T. ) ;
#1653 = DIRECTION ( 'NONE',  ( 0.000000000000000000, 0.000000000000000000, -1.000000000000000000 ) ) ;
#1654 = DIRECTION ( 'NONE',  ( 1.000000000000000000, 0.000000000000000000, 0.000000000000000000 ) ) ;
#1655 = CARTESIAN_POINT ( 'NONE',  ( 12.00000000000000000, 45.50000000000000000, -2.750000000000000000 ) ) ;
#1656 = EDGE_CURVE ( 'NONE', #1266, #371, #801, .T. ) ;
#1657 = DIRECTION ( 'NONE',  ( 0.000000000000000000, -1.000000000000000000, 0.000000000000000000 ) ) ;
#1658 = DIRECTION ( 'NONE',  ( 0.000000000000000000, -1.000000000000000000, 0.000000000000000000 ) ) ;
#1659 = VERTEX_POINT ( 'NONE', #1600 ) ;
#1660 = EDGE_CURVE ( 'NONE', #1407, #1049, #24, .T. ) ;
#1661 = DIRECTION ( 'NONE',  ( -0.000000000000000000, -1.000000000000000000, -0.000000000000000000 ) ) ;
#1662 = APPROVAL_STATUS ( 'not_yet_approved' ) ;
#1663 = CARTESIAN_POINT ( 'NONE',  ( 12.00000000000000000, 45.50000000000000000, 2.750000000000000000 ) ) ;
#1664 = EDGE_CURVE ( 'NONE', #2080, #906, #263, .T. ) ;
#1665 = AXIS2_PLACEMENT_3D ( 'NONE', #306, #1465, #127 ) ;
#1666 = ORIENTED_EDGE ( 'NONE', *, *, #1706, .T. ) ;
#1667 = CARTESIAN_POINT ( 'NONE',  ( 0.000000000000000000, 39.35000000000000142, -8.150000000000000355 ) ) ;
#1668 = DIRECTION ( 'NONE',  ( -1.000000000000000000, -0.000000000000000000, -0.000000000000000000 ) ) ;
#1669 = EDGE_LOOP ( 'NONE', ( #428, #16 ) ) ;
#1670 = LINE ( 'NONE', #7, #1051 ) ;
#1671 = EDGE_CURVE ( 'NONE', #2019, #2140, #1976, .T. ) ;
#1672 = AXIS2_PLACEMENT_3D ( 'NONE', #1808, #1657, #321 ) ;
#1673 = PLANE ( 'NONE',  #937 ) ;
#1674 = ORIENTED_EDGE ( 'NONE', *, *, #1527, .T. ) ;
#1675 = DIRECTION ( 'NONE',  ( 0.000000000000000000, 0.000000000000000000, 1.000000000000000000 ) ) ;
#1676 = ORIENTED_EDGE ( 'NONE', *, *, #1470, .F. ) ;
#1677 = EDGE_LOOP ( 'NONE', ( #1572, #959, #840, #260, #1231, #1633, #995, #237, #1181, #301, #226, #122, #246, #1952, #744, #386, #873 ) ) ;
#1678 = CARTESIAN_POINT ( 'NONE',  ( -3.906235595240002745, 45.78909948453496526, -1.071009792595741583 ) ) ;
#1679 = CIRCLE ( 'NONE', #657, 1.100000000000000089 ) ;
#1680 = CARTESIAN_POINT ( 'NONE',  ( -6.441377084039342726, 45.76614042000488780, 2.740271585420120726 ) ) ;
#1681 = ORIENTED_EDGE ( 'NONE', *, *, #1461, .F. ) ;
#1682 = CARTESIAN_POINT ( 'NONE',  ( -6.000000000000000000, 45.50000000000000000, 2.750000000000000000 ) ) ;
#1683 = EDGE_LOOP ( 'NONE', ( #661, #633, #769, #548 ) ) ;
#1684 = DIRECTION ( 'NONE',  ( -1.000000000000000000, 0.000000000000000000, -0.000000000000000000 ) ) ;
#1685 = VECTOR ( 'NONE', #1626, 1000.000000000000000 ) ;
#1686 = EDGE_CURVE ( 'NONE', #672, #583, #2089, .T. ) ;
#1687 = DIRECTION ( 'NONE',  ( 0.000000000000000000, -1.000000000000000000, 0.000000000000000000 ) ) ;
#1688 = ORIENTED_EDGE ( 'NONE', *, *, #254, .F. ) ;
#1689 = CARTESIAN_POINT ( 'NONE',  ( 0.000000000000000000, 44.00000000000000000, 0.000000000000000000 ) ) ;
#1690 = VERTEX_POINT ( 'NONE', #962 ) ;
#1691 = DIRECTION ( 'NONE',  ( -1.000000000000000000, 0.000000000000000000, 0.000000000000000000 ) ) ;
#1692 = CARTESIAN_POINT ( 'NONE',  ( 6.816873139757941402, 47.74910970999683002, 1.603625134843276845 ) ) ;
#1693 = AXIS2_PLACEMENT_3D ( 'NONE', #20, #546, #196 ) ;
#1694 = EDGE_CURVE ( 'NONE', #440, #89, #581, .T. ) ;
#1695 = ORIENTED_EDGE ( 'NONE', *, *, #269, .F. ) ;
#1696 = DIRECTION ( 'NONE',  ( 0.000000000000000000, 0.000000000000000000, 1.000000000000000000 ) ) ;
#1697 = ORIENTED_EDGE ( 'NONE', *, *, #2022, .F. ) ;
#1698 = CARTESIAN_POINT ( 'NONE',  ( -6.609652033201143695, 44.00000000000000000, 2.304886114323220880 ) ) ;
#1699 = VECTOR ( 'NONE', #2138, 1000.000000000000000 ) ;
#1700 = CYLINDRICAL_SURFACE ( 'NONE', #1065, 4.000000000000000000 ) ;
#1701 = PLANE ( 'NONE',  #1577 ) ;
#1702 = FACE_BOUND ( 'NONE', #2002, .T. ) ;
#1703 = EDGE_LOOP ( 'NONE', ( #2053, #1384, #1106, #1712, #1393 ) ) ;
#1704 = CARTESIAN_POINT ( 'NONE',  ( 0.000000000000000000, 48.00000000000000000, 0.000000000000000000 ) ) ;
#1705 = ORIENTED_EDGE ( 'NONE', *, *, #1201, .T. ) ;
#1706 = EDGE_CURVE ( 'NONE', #382, #1708, #61, .T. ) ;
#1707 = CARTESIAN_POINT ( 'NONE',  ( -7.000000000000000000, 39.35000000000000142, 7.000000000000000000 ) ) ;
#1708 = VERTEX_POINT ( 'NONE', #1409 ) ;
#1709 = CARTESIAN_POINT ( 'NONE',  ( -3.994409610229123331, 44.62102978166600309, 0.6765854800915981349 ) ) ;
#1710 = FACE_BOUND ( 'NONE', #1677, .T. ) ;
#1711 = AXIS2_PLACEMENT_3D ( 'NONE', #272, #1935, #1925 ) ;
#1712 = ORIENTED_EDGE ( 'NONE', *, *, #1579, .F. ) ;
#1713 = VECTOR ( 'NONE', #693, 1000.000000000000000 ) ;
#1714 = LINE ( 'NONE', #717, #187 ) ;
#1715 = EDGE_LOOP ( 'NONE', ( #755, #1622, #1574, #2081 ) ) ;
#1716 = EDGE_CURVE ( 'NONE', #178, #42, #869, .T. ) ;
#1717 = AXIS2_PLACEMENT_3D ( 'NONE', #488, #1504, #1524 ) ;
#1718 = DIRECTION ( 'NONE',  ( 0.000000000000000000, 0.000000000000000000, -1.000000000000000000 ) ) ;
#1719 = EDGE_LOOP ( 'NONE', ( #444, #831, #1289, #253 ) ) ;
#1720 = ADVANCED_FACE ( 'NONE', ( #554 ), #220, .T. ) ;
#1721 = CARTESIAN_POINT ( 'NONE',  ( -4.013845604681407053, 44.54012133101868898, -0.5565091294985892167 ) ) ;
#1722 = ADVANCED_FACE ( 'NONE', ( #53, #1388, #1854, #2067, #1867, #1710 ), #2057, .F. ) ;
#1723 = CYLINDRICAL_SURFACE ( 'NONE', #408, 2.750000000000000000 ) ;
#1724 = CARTESIAN_POINT ( 'NONE',  ( -6.469576303269103157, 44.84128164293300500, 2.673249954226672997 ) ) ;
#1725 = CARTESIAN_POINT ( 'NONE',  ( -8.150000000000000355, 41.00000000000000000, 2.100000000000000089 ) ) ;
#1726 = CARTESIAN_POINT ( 'NONE',  ( 6.469414221819294042, 46.15673085878797366, 2.673628571287497202 ) ) ;
#1727 = EDGE_CURVE ( 'NONE', #296, #90, #1064, .T. ) ;
#1728 = ORIENTED_EDGE ( 'NONE', *, *, #1201, .F. ) ;
#1729 = DIRECTION ( 'NONE',  ( 0.000000000000000000, 0.000000000000000000, 1.000000000000000000 ) ) ;
#1730 = ORIENTED_EDGE ( 'NONE', *, *, #1568, .T. ) ;
#1731 = CARTESIAN_POINT ( 'NONE',  ( -4.041854280481165240, 44.42905344940684387, 0.2892975582217987007 ) ) ;
#1732 = EDGE_LOOP ( 'NONE', ( #2012, #1863, #2113, #1695 ) ) ;
#1733 = EDGE_CURVE ( 'NONE', #165, #722, #1054, .T. ) ;
#1734 = FACE_OUTER_BOUND ( 'NONE', #78, .T. ) ;
#1735 = VECTOR ( 'NONE', #1274, 1000.000000000000000 ) ;
#1736 = LINE ( 'NONE', #1220, #2063 ) ;
#1737 = VERTEX_POINT ( 'NONE', #1589 ) ;
#1738 = DIRECTION ( 'NONE',  ( 0.000000000000000000, 0.000000000000000000, -1.000000000000000000 ) ) ;
#1739 = VERTEX_POINT ( 'NONE', #2024 ) ;
#1740 = DIRECTION ( 'NONE',  ( 1.000000000000000000, 0.000000000000000000, 0.000000000000000000 ) ) ;
#1741 = ORIENTED_EDGE ( 'NONE', *, *, #1328, .T. ) ;
#1742 = CARTESIAN_POINT ( 'NONE',  ( -2.100000000000000089, 41.00000000000000000, 3.404408906109840149 ) ) ;
#1743 = LINE ( 'NONE', #1451, #2145 ) ;
#1744 = EDGE_CURVE ( 'NONE', #702, #1017, #339, .T. ) ;
#1745 = APPROVAL_STATUS ( 'not_yet_approved' ) ;
#1746 = AXIS2_PLACEMENT_3D ( 'NONE', #62, #1534, #1573 ) ;
#1747 = AXIS2_PLACEMENT_3D ( 'NONE', #966, #150, #1154 ) ;
#1748 = ORIENTED_EDGE ( 'NONE', *, *, #430, .T. ) ;
#1749 = ORIENTED_EDGE ( 'NONE', *, *, #1280, .T. ) ;
#1750 = LOCAL_TIME ( 17, 1, 30.00000000000000000, #1791 ) ;
#1751 = DIRECTION ( 'NONE',  ( -0.000000000000000000, -0.000000000000000000, 1.000000000000000000 ) ) ;
#1752 = DIRECTION ( 'NONE',  ( 0.000000000000000000, 0.000000000000000000, 1.000000000000000000 ) ) ;
#1753 = ADVANCED_FACE ( 'NONE', ( #575 ), #239, .F. ) ;
#1754 = CARTESIAN_POINT ( 'NONE',  ( -7.000000000000000000, 44.00000000000000711, 8.150000000000000355 ) ) ;
#1755 = ORIENTED_EDGE ( 'NONE', *, *, #1882, .F. ) ;
#1756 = DIRECTION ( 'NONE',  ( 0.000000000000000000, 0.000000000000000000, -1.000000000000000000 ) ) ;
#1757 = CARTESIAN_POINT ( 'NONE',  ( 6.712230573319452276, 47.40851468283977255, -1.996664204902308670 ) ) ;
#1758 = VERTEX_POINT ( 'NONE', #1204 ) ;
#1759 = VERTEX_POINT ( 'NONE', #65 ) ;
#1760 = VERTEX_POINT ( 'NONE', #726 ) ;
#1761 = AXIS2_PLACEMENT_3D ( 'NONE', #314, #328, #481 ) ;
#1762 = CARTESIAN_POINT ( 'NONE',  ( -8.150000000000000355, 41.00000000000000000, 2.100000000000000089 ) ) ;
#1763 = ORIENTED_EDGE ( 'NONE', *, *, #2074, .F. ) ;
#1764 = CYLINDRICAL_SURFACE ( 'NONE', #1827, 2.750000000000000000 ) ;
#1765 = CARTESIAN_POINT ( 'NONE',  ( 6.000000000000000000, 45.50000000000000000, 0.000000000000000000 ) ) ;
#1766 = EDGE_LOOP ( 'NONE', ( #506, #888, #804, #1445 ) ) ;
#1767 = ORIENTED_EDGE ( 'NONE', *, *, #1481, .T. ) ;
#1768 = CARTESIAN_POINT ( 'NONE',  ( -6.515639029735874388, 44.46111964486731694, -2.559900529058815266 ) ) ;
#1769 = CARTESIAN_POINT ( 'NONE',  ( -8.150000000000000355, 41.00000000000000000, -2.100000000000000089 ) ) ;
#1770 = ORIENTED_EDGE ( 'NONE', *, *, #1694, .F. ) ;
#1771 = CARTESIAN_POINT ( 'NONE',  ( 6.437196594791868343, 45.36682682189694304, -2.750000000000001332 ) ) ;
#1772 = CARTESIAN_POINT ( 'NONE',  ( -6.000000000000000000, 45.50000000000000000, 2.750000000000000000 ) ) ;
#1773 = CARTESIAN_POINT ( 'NONE',  ( 6.656899193256566427, 47.20932544665775765, -2.169762028032470980 ) ) ;
#1774 = PERSON_AND_ORGANIZATION_ROLE ( 'creator' ) ;
#1775 = ORIENTED_EDGE ( 'NONE', *, *, #1069, .F. ) ;
#1776 = AXIS2_PLACEMENT_3D ( 'NONE', #1853, #75, #878 ) ;
#1777 = EDGE_CURVE ( 'NONE', #605, #624, #544, .T. ) ;
#1778 = CARTESIAN_POINT ( 'NONE',  ( -6.441336450685494874, 45.76556840322475495, -2.740368212597222630 ) ) ;
#1779 = CARTESIAN_POINT ( 'NONE',  ( 6.441332276753946040, 45.23468883201866930, -2.740377411041130973 ) ) ;
#1780 = ORIENTED_EDGE ( 'NONE', *, *, #807, .F. ) ;
#1781 = LINE ( 'NONE', #417, #1909 ) ;
#1782 = PLANE ( 'NONE',  #169 ) ;
#1783 = CC_DESIGN_DATE_AND_TIME_ASSIGNMENT ( #2115, #1630, ( #644 ) ) ;
#1784 = ADVANCED_FACE ( 'NONE', ( #1734 ), #1025, .T. ) ;
#1785 = CARTESIAN_POINT ( 'NONE',  ( 0.000000000000000000, 41.00000000000000000, 0.000000000000000000 ) ) ;
#1786 = CYLINDRICAL_SURFACE ( 'NONE', #1233, 7.000000000000000000 ) ;
#1787 = DIRECTION ( 'NONE',  ( 0.000000000000000000, 0.000000000000000000, 1.000000000000000000 ) ) ;
#1788 = DIRECTION ( 'NONE',  ( -1.000000000000000000, 0.000000000000000000, 0.000000000000000000 ) ) ;
#1789 = EDGE_LOOP ( 'NONE', ( #1107, #293, #1435, #855, #928, #789, #1087, #1570 ) ) ;
#1790 = AXIS2_PLACEMENT_3D ( 'NONE', #177, #1857, #993 ) ;
#1791 = COORDINATED_UNIVERSAL_TIME_OFFSET ( 6, 0, .BEHIND. ) ;
#1792 = ADVANCED_FACE ( 'NONE', ( #1702, #76 ), #381, .T. ) ;
#1793 = VERTEX_POINT ( 'NONE', #406 ) ;
#1794 = AXIS2_PLACEMENT_3D ( 'NONE', #810, #1928, #1645 ) ;
#1795 = DIRECTION ( 'NONE',  ( 0.000000000000000000, 0.000000000000000000, -1.000000000000000000 ) ) ;
#1796 = CARTESIAN_POINT ( 'NONE',  ( 3.463018914184557762, 41.00000000000000000, 2.100000000000000089 ) ) ;
#1797 = CARTESIAN_POINT ( 'NONE',  ( -8.150000000000000355, 41.00000000000000000, 0.000000000000000000 ) ) ;
#1798 = CARTESIAN_POINT ( 'NONE',  ( -6.000000000000000000, 45.50000000000000000, 0.000000000000000000 ) ) ;
#1799 = VERTEX_POINT ( 'NONE', #734 ) ;
#1800 = DIRECTION ( 'NONE',  ( 0.000000000000000000, 0.000000000000000000, -1.000000000000000000 ) ) ;
#1801 = EDGE_CURVE ( 'NONE', #605, #1487, #1081, .T. ) ;
#1802 = CLOSED_SHELL ( 'NONE', ( #1520, #728, #1868, #1249, #1964, #1912, #490, #398, #438, #1855, #1109, #735, #240, #1121, #1199, #1889, #45, #1792, #1362, #1946, #1722, #1013, #478, #403, #2014, #899, #1720, #329, #1601, #8, #2106, #1085, #1491, #2049, #2102, #748, #720, #2101, #930, #1971, #141, #1784, #1342, #580, #125, #949, #1508, #1875, #1753, #668, #2036, #1404, #1307, #496, #1118, #1425, #931, #265, #345, #316, #396 ) ) ;
#1803 = ORIENTED_EDGE ( 'NONE', *, *, #676, .F. ) ;
#1804 = EDGE_CURVE ( 'NONE', #2080, #1799, #215, .T. ) ;
#1805 = CARTESIAN_POINT ( 'NONE',  ( 12.00000000000000000, 48.00000000000000000, -1.145643923738954628 ) ) ;
#1806 = CARTESIAN_POINT ( 'NONE',  ( -6.000000000000000000, 48.00000000000000000, -1.145643923738954628 ) ) ;
#1807 = CARTESIAN_POINT ( 'NONE',  ( 3.100000000000000089, 44.00000000000000000, 2.399999999999999911 ) ) ;
#1808 = CARTESIAN_POINT ( 'NONE',  ( 7.000000000000000000, 48.00000000000000000, -7.000000000000000000 ) ) ;
#1809 = CARTESIAN_POINT ( 'NONE',  ( 0.000000000000000000, 41.00000000000000000, 0.000000000000000000 ) ) ;
#1810 = ORIENTED_EDGE ( 'NONE', *, *, #1063, .F. ) ;
#1811 = AXIS2_PLACEMENT_3D ( 'NONE', #1489, #829, #1653 ) ;
#1812 = CARTESIAN_POINT ( 'NONE',  ( -4.041961943843849880, 46.57137333651060374, -0.2882681398097309278 ) ) ;
#1813 = EDGE_CURVE ( 'NONE', #1799, #1613, #2132, .T. ) ;
#1814 = DIRECTION ( 'NONE',  ( 0.000000000000000000, 0.000000000000000000, 1.000000000000000000 ) ) ;
#1815 = AXIS2_PLACEMENT_3D ( 'NONE', #541, #1740, #414 ) ;
#1816 = ORIENTED_EDGE ( 'NONE', *, *, #1660, .F. ) ;
#1817 = CARTESIAN_POINT ( 'NONE',  ( 0.000000000000000000, 41.00000000000000000, 0.000000000000000000 ) ) ;
#1818 = LINE ( 'NONE', #1490, #1179 ) ;
#1819 = FACE_OUTER_BOUND ( 'NONE', #591, .T. ) ;
#1820 = EDGE_LOOP ( 'NONE', ( #1539, #2062, #1093, #1511 ) ) ;
#1821 = CARTESIAN_POINT ( 'NONE',  ( 2.100000000000000089, 41.00000000000000000, 3.404408906109840149 ) ) ;
#1822 = DIRECTION ( 'NONE',  ( 0.000000000000000000, 0.000000000000000000, -1.000000000000000000 ) ) ;
#1823 = VERTEX_POINT ( 'NONE', #1638 ) ;
#1824 = CARTESIAN_POINT ( 'NONE',  ( 0.000000000000000000, 41.00000000000000000, 0.000000000000000000 ) ) ;
#1825 = ORIENTED_EDGE ( 'NONE', *, *, #117, .T. ) ;
#1826 = DIRECTION ( 'NONE',  ( -1.000000000000000000, 0.000000000000000000, 0.000000000000000000 ) ) ;
#1827 = AXIS2_PLACEMENT_3D ( 'NONE', #1586, #1074, #96 ) ;
#1828 = ORIENTED_EDGE ( 'NONE', *, *, #2040, .T. ) ;
#1829 = DIRECTION ( 'NONE',  ( 0.000000000000000000, 1.000000000000000000, 0.000000000000000000 ) ) ;
#1830 = EDGE_CURVE ( 'NONE', #29, #1690, #501, .T. ) ;
#1831 = CARTESIAN_POINT ( 'NONE',  ( -6.469276747509345782, 46.15544851186697883, 2.673962309778475710 ) ) ;
#1832 = ORIENTED_EDGE ( 'NONE', *, *, #1328, .F. ) ;
#1833 = CARTESIAN_POINT ( 'NONE',  ( -7.000000000000000000, 39.35000000000000142, -5.850000000000000533 ) ) ;
#1834 = EDGE_CURVE ( 'NONE', #1942, #10, #475, .T. ) ;
#1835 = ORIENTED_EDGE ( 'NONE', *, *, #939, .T. ) ;
#1836 = CARTESIAN_POINT ( 'NONE',  ( -2.100000000000000089, 41.00000000000000000, -3.404408906109840149 ) ) ;
#1837 = AXIS2_PLACEMENT_3D ( 'NONE', #1096, #104, #2072 ) ;
#1838 = DIRECTION ( 'NONE',  ( 0.000000000000000000, 1.000000000000000000, 0.000000000000000000 ) ) ;
#1839 = ORIENTED_EDGE ( 'NONE', *, *, #1830, .F. ) ;
#1840 = AXIS2_PLACEMENT_3D ( 'NONE', #900, #1441, #1584 ) ;
#1841 = DIRECTION ( 'NONE',  ( 0.000000000000000000, 1.000000000000000000, 0.000000000000000000 ) ) ;
#1842 = DIRECTION ( 'NONE',  ( 1.000000000000000000, 0.000000000000000000, 0.000000000000000000 ) ) ;
#1843 = EDGE_CURVE ( 'NONE', #46, #777, #170, .T. ) ;
#1844 = ORIENTED_EDGE ( 'NONE', *, *, #1461, .T. ) ;
#1845 = CARTESIAN_POINT ( 'NONE',  ( 0.000000000000000000, 41.00000000000000000, 0.000000000000000000 ) ) ;
#1846 = EDGE_LOOP ( 'NONE', ( #1825, #68, #528, #598, #248, #1434, #1984, #1666, #1028 ) ) ;
#1847 = DIRECTION ( 'NONE',  ( -0.000000000000000000, -0.000000000000000000, 1.000000000000000000 ) ) ;
#1848 = CARTESIAN_POINT ( 'NONE',  ( 6.469612034146808632, 44.84107285759885286, 2.673159329098454329 ) ) ;
#1849 = ORIENTED_EDGE ( 'NONE', *, *, #1974, .F. ) ;
#1850 = EDGE_CURVE ( 'NONE', #1314, #612, #4, .T. ) ;
#1851 = DIRECTION ( 'NONE',  ( 0.000000000000000000, 0.000000000000000000, -1.000000000000000000 ) ) ;
#1852 = CYLINDRICAL_SURFACE ( 'NONE', #986, 1.100000000000000089 ) ;
#1853 = CARTESIAN_POINT ( 'NONE',  ( -7.000000000000000000, 39.35000000000000142, -7.000000000000000000 ) ) ;
#1854 = FACE_BOUND ( 'NONE', #1168, .T. ) ;
#1855 = ADVANCED_FACE ( 'NONE', ( #640 ), #1333, .F. ) ;
#1856 = ORIENTED_EDGE ( 'NONE', *, *, #1813, .F. ) ;
#1857 = DIRECTION ( 'NONE',  ( -1.000000000000000000, 0.000000000000000000, 0.000000000000000000 ) ) ;
#1858 = LINE ( 'NONE', #373, #1343 ) ;
#1859 = AXIS2_PLACEMENT_3D ( 'NONE', #1642, #1953, #778 ) ;
#1860 = VERTEX_POINT ( 'NONE', #1989 ) ;
#1861 = LINE ( 'NONE', #1836, #714 ) ;
#1862 = CARTESIAN_POINT ( 'NONE',  ( 2.100000000000000089, 41.00000000000000000, 8.150000000000000355 ) ) ;
#1863 = ORIENTED_EDGE ( 'NONE', *, *, #2009, .T. ) ;
#1864 = CARTESIAN_POINT ( 'NONE',  ( -3.906257239829027839, 45.21068838012055124, -1.070927110689553707 ) ) ;
#1865 = AXIS2_PLACEMENT_3D ( 'NONE', #756, #1950, #1609 ) ;
#1866 = APPLICATION_PROTOCOL_DEFINITION ( 'international standard', 'config_control_design', 1994, #1395 ) ;
#1867 = FACE_OUTER_BOUND ( 'NONE', #1373, .T. ) ;
#1868 = ADVANCED_FACE ( 'NONE', ( #1313 ), #1134, .F. ) ;
#1869 = AXIS2_PLACEMENT_3D ( 'NONE', #1824, #689, #11 ) ;
#1870 = ORIENTED_EDGE ( 'NONE', *, *, #1590, .F. ) ;
#1871 = CARTESIAN_POINT ( 'NONE',  ( -6.000000000000000000, 45.50000000000000000, 0.000000000000000000 ) ) ;
#1872 = FACE_OUTER_BOUND ( 'NONE', #1922, .T. ) ;
#1873 = EDGE_LOOP ( 'NONE', ( #114, #1728, #266, #951 ) ) ;
#1874 = CYLINDRICAL_SURFACE ( 'NONE', #1452, 4.000000000000000000 ) ;
#1875 = ADVANCED_FACE ( 'NONE', ( #322 ), #977, .F. ) ;
#1876 = FACE_OUTER_BOUND ( 'NONE', #760, .T. ) ;
#1877 = ORIENTED_EDGE ( 'NONE', *, *, #933, .F. ) ;
#1878 = DIRECTION ( 'NONE',  ( 0.000000000000000000, 0.000000000000000000, 1.000000000000000000 ) ) ;
#1879 = CARTESIAN_POINT ( 'NONE',  ( 13.00000000000000000, 45.50000000000000000, 0.000000000000000000 ) ) ;
#1880 =( NAMED_UNIT ( * ) SI_UNIT ( $, .STERADIAN. ) SOLID_ANGLE_UNIT ( ) );
#1881 = CARTESIAN_POINT ( 'NONE',  ( -3.404408906109840149, 39.35000000000000142, 2.100000000000000089 ) ) ;
#1882 = EDGE_CURVE ( 'NONE', #730, #2124, #562, .T. ) ;
#1883 = DIRECTION ( 'NONE',  ( 0.000000000000000000, 1.000000000000000000, 0.000000000000000000 ) ) ;
#1884 = AXIS2_PLACEMENT_3D ( 'NONE', #39, #1338, #824 ) ;
#1885 = CARTESIAN_POINT ( 'NONE',  ( 6.514753208766934200, 46.53267108062811985, 2.562114570348312803 ) ) ;
#1886 = VERTEX_POINT ( 'NONE', #1979 ) ;
#1887 = AXIS2_PLACEMENT_3D ( 'NONE', #17, #1829, #2151 ) ;
#1888 = PLANE ( 'NONE',  #1327 ) ;
#1889 = ADVANCED_FACE ( 'NONE', ( #1819 ), #1648, .T. ) ;
#1890 = ORIENTED_EDGE ( 'NONE', *, *, #738, .T. ) ;
#1891 = CIRCLE ( 'NONE', #1055, 2.100000000000000089 ) ;
#1892 = CARTESIAN_POINT ( 'NONE',  ( -4.041960466732394508, 44.42862007878967034, -0.2884692961269243461 ) ) ;
#1893 = DIRECTION ( 'NONE',  ( 0.000000000000000000, 0.000000000000000000, -1.000000000000000000 ) ) ;
#1894 = CARTESIAN_POINT ( 'NONE',  ( 0.000000000000000000, 41.00000000000000000, 0.000000000000000000 ) ) ;
#1895 = DIRECTION ( 'NONE',  ( 0.000000000000000000, -1.000000000000000000, 0.000000000000000000 ) ) ;
#1896 = DIRECTION ( 'NONE',  ( 1.000000000000000000, 0.000000000000000000, 0.000000000000000000 ) ) ;
#1897 = ORIENTED_EDGE ( 'NONE', *, *, #1801, .T. ) ;
#1898 = CARTESIAN_POINT ( 'NONE',  ( 0.000000000000000000, 48.00000000000000000, 0.000000000000000000 ) ) ;
#1899 = CIRCLE ( 'NONE', #1665, 2.100000000000000089 ) ;
#1900 = EDGE_CURVE ( 'NONE', #273, #1823, #764, .T. ) ;
#1901 = ORIENTED_EDGE ( 'NONE', *, *, #1276, .T. ) ;
#1902 = CIRCLE ( 'NONE', #2114, 1.100000000000000089 ) ;
#1903 = CARTESIAN_POINT ( 'NONE',  ( -3.897755764539383883, 45.50000000000000000, 1.100000000000000089 ) ) ;
#1904 = VERTEX_POINT ( 'NONE', #1458 ) ;
#1905 = CARTESIAN_POINT ( 'NONE',  ( 6.457452281733363719, 44.97244101072307387, -2.702173177950148997 ) ) ;
#1906 = CARTESIAN_POINT ( 'NONE',  ( -2.100000000000000089, 39.35000000000000142, 8.150000000000000355 ) ) ;
#1907 = PERSON_AND_ORGANIZATION_ROLE ( 'design_owner' ) ;
#1908 = EDGE_CURVE ( 'NONE', #777, #1269, #1294, .T. ) ;
#1909 = VECTOR ( 'NONE', #1443, 1000.000000000000000 ) ;
#1910 = VERTEX_POINT ( 'NONE', #1449 ) ;
#1911 = ORIENTED_EDGE ( 'NONE', *, *, #969, .F. ) ;
#1912 = ADVANCED_FACE ( 'NONE', ( #592 ), #130, .F. ) ;
#1913 = DIRECTION ( 'NONE',  ( 0.000000000000000000, 0.000000000000000000, 1.000000000000000000 ) ) ;
#1914 = CARTESIAN_POINT ( 'NONE',  ( 2.100000000000000089, 41.00000000000000000, 8.150000000000000355 ) ) ;
#1915 = CARTESIAN_POINT ( 'NONE',  ( 0.000000000000000000, 41.00000000000000000, 0.000000000000000000 ) ) ;
#1916 = ORIENTED_EDGE ( 'NONE', *, *, #1501, .F. ) ;
#1917 = CARTESIAN_POINT ( 'NONE',  ( -2.100000000000000089, 41.00000000000000000, -8.150000000000000355 ) ) ;
#1918 = PLANE ( 'NONE',  #1067 ) ;
#1919 = AXIS2_PLACEMENT_3D ( 'NONE', #1050, #1226, #1878 ) ;
#1920 = VECTOR ( 'NONE', #821, 1000.000000000000000 ) ;
#1921 = ORIENTED_EDGE ( 'NONE', *, *, #134, .F. ) ;
#1922 = EDGE_LOOP ( 'NONE', ( #798, #1533 ) ) ;
#1923 = AXIS2_PLACEMENT_3D ( 'NONE', #503, #1335, #643 ) ;
#1924 = VERTEX_POINT ( 'NONE', #1270 ) ;
#1925 = DIRECTION ( 'NONE',  ( 0.000000000000000000, 0.000000000000000000, -1.000000000000000000 ) ) ;
#1926 = VERTEX_POINT ( 'NONE', #247 ) ;
#1927 = DIRECTION ( 'NONE',  ( -1.000000000000000000, 0.000000000000000000, 0.000000000000000000 ) ) ;
#1928 = DIRECTION ( 'NONE',  ( -0.000000000000000000, -1.000000000000000000, -0.000000000000000000 ) ) ;
#1929 = VERTEX_POINT ( 'NONE', #456 ) ;
#1930 = VERTEX_POINT ( 'NONE', #743 ) ;
#1931 = CARTESIAN_POINT ( 'NONE',  ( -6.559459016920192731, 44.22117224807590929, -2.448823105418905133 ) ) ;
#1932 = CARTESIAN_POINT ( 'NONE',  ( -7.000000000000000000, 44.00000000000000711, -5.850000000000000533 ) ) ;
#1933 = DIRECTION ( 'NONE',  ( -1.000000000000000000, 0.000000000000000000, -0.000000000000000000 ) ) ;
#1934 = CIRCLE ( 'NONE', #446, 1.100000000000000089 ) ;
#1935 = DIRECTION ( 'NONE',  ( 0.000000000000000000, -1.000000000000000000, 0.000000000000000000 ) ) ;
#1936 = EDGE_LOOP ( 'NONE', ( #1415, #154, #1628, #600 ) ) ;
#1937 = VECTOR ( 'NONE', #2031, 1000.000000000000000 ) ;
#1938 = LINE ( 'NONE', #745, #645 ) ;
#1939 = CARTESIAN_POINT ( 'NONE',  ( 0.000000000000000000, 41.00000000000000000, 0.000000000000000000 ) ) ;
#1940 = VECTOR ( 'NONE', #391, 1000.000000000000000 ) ;
#1941 = EDGE_CURVE ( 'NONE', #722, #847, #1112, .T. ) ;
#1942 = VERTEX_POINT ( 'NONE', #1754 ) ;
#1943 = DIRECTION ( 'NONE',  ( 0.000000000000000000, 0.000000000000000000, 1.000000000000000000 ) ) ;
#1944 = FACE_OUTER_BOUND ( 'NONE', #665, .T. ) ;
#1945 = CIRCLE ( 'NONE', #278, 2.750000000000000000 ) ;
#1946 = ADVANCED_FACE ( 'NONE', ( #754 ), #1427, .F. ) ;
#1947 = CARTESIAN_POINT ( 'NONE',  ( -6.469414221819292266, 46.15673085878795945, -2.673628571287498090 ) ) ;
#1948 = DIRECTION ( 'NONE',  ( 0.000000000000000000, 0.000000000000000000, 1.000000000000000000 ) ) ;
#1949 = VERTEX_POINT ( 'NONE', #772 ) ;
#1950 = DIRECTION ( 'NONE',  ( 1.000000000000000000, 0.000000000000000000, 0.000000000000000000 ) ) ;
#1951 = VECTOR ( 'NONE', #1751, 1000.000000000000000 ) ;
#1952 = ORIENTED_EDGE ( 'NONE', *, *, #1656, .T. ) ;
#1953 = DIRECTION ( 'NONE',  ( 0.000000000000000000, 1.000000000000000000, 0.000000000000000000 ) ) ;
#1954 = DIRECTION ( 'NONE',  ( 0.000000000000000000, 0.000000000000000000, -1.000000000000000000 ) ) ;
#1955 = DIRECTION ( 'NONE',  ( 1.000000000000000000, 0.000000000000000000, 0.000000000000000000 ) ) ;
#1956 = EDGE_CURVE ( 'NONE', #997, #185, #1358, .T. ) ;
#1957 = CARTESIAN_POINT ( 'NONE',  ( 0.000000000000000000, 41.00000000000000000, -8.150000000000000355 ) ) ;
#1958 = ORIENTED_EDGE ( 'NONE', *, *, #939, .F. ) ;
#1959 = DIRECTION ( 'NONE',  ( 0.000000000000000000, 0.000000000000000000, -1.000000000000000000 ) ) ;
#1960 = AXIS2_PLACEMENT_3D ( 'NONE', #1241, #1896, #407 ) ;
#1961 = ORIENTED_EDGE ( 'NONE', *, *, #1413, .T. ) ;
#1962 = DIRECTION ( 'NONE',  ( 0.000000000000000000, 0.000000000000000000, 1.000000000000000000 ) ) ;
#1963 = CARTESIAN_POINT ( 'NONE',  ( 0.000000000000000000, 41.00000000000000000, 0.000000000000000000 ) ) ;
#1964 = ADVANCED_FACE ( 'NONE', ( #291 ), #1284, .F. ) ;
#1965 = DIRECTION ( 'NONE',  ( 0.000000000000000000, 0.000000000000000000, -1.000000000000000000 ) ) ;
#1966 = CARTESIAN_POINT ( 'NONE',  ( 13.00000000000000000, 45.50000000000000000, -1.100000000000000089 ) ) ;
#1967 = ORIENTED_EDGE ( 'NONE', *, *, #848, .F. ) ;
#1968 = EDGE_CURVE ( 'NONE', #2140, #165, #584, .T. ) ;
#1969 = AXIS2_PLACEMENT_3D ( 'NONE', #1057, #1197, #364 ) ;
#1970 = CALENDAR_DATE ( 2026, 8, 9 ) ;
#1971 = ADVANCED_FACE ( 'NONE', ( #1259 ), #909, .T. ) ;
#1972 = ORIENTED_EDGE ( 'NONE', *, *, #134, .T. ) ;
#1973 = AXIS2_PLACEMENT_3D ( 'NONE', #238, #2086, #586 ) ;
#1974 = EDGE_CURVE ( 'NONE', #2097, #641, #259, .T. ) ;
#1975 = B_SPLINE_CURVE_WITH_KNOTS ( 'NONE', 3,
 ( #1637, #932, #1471, #610, #976, #309, #1293, #1646, #802, #1947, #1480, #1778, #639, #2119 ),
 .UNSPECIFIED., .F., .F.,
 ( 4, 2, 2, 2, 2, 2, 4 ),
 ( 0.000000000000000000, 0.0007906590634375419832, 0.001185988595156320076, 0.001581318126875098061, 0.002371977190312653163, 0.002767306722031430931, 0.003162636253750208699 ),
 .UNSPECIFIED. ) ;
#1976 = LINE ( 'NONE', #587, #1525 ) ;
#1977 = CARTESIAN_POINT ( 'NONE',  ( 7.000000000000000000, 44.00000000000000711, 7.000000000000000000 ) ) ;
#1978 = DIRECTION ( 'NONE',  ( 0.000000000000000000, 0.000000000000000000, 1.000000000000000000 ) ) ;
#1979 = CARTESIAN_POINT ( 'NONE',  ( -12.00000000000000000, 44.00000000000000711, -2.304886114323225321 ) ) ;
#1980 = ORIENTED_EDGE ( 'NONE', *, *, #2118, .F. ) ;
#1981 = DIRECTION ( 'NONE',  ( 0.000000000000000000, -0.000000000000000000, 1.000000000000000000 ) ) ;
#1982 = LINE ( 'NONE', #173, #1444 ) ;
#1983 = CALENDAR_DATE ( 2026, 8, 9 ) ;
#1984 = ORIENTED_EDGE ( 'NONE', *, *, #716, .T. ) ;
#1985 = CARTESIAN_POINT ( 'NONE',  ( 7.000000000000000000, 39.35000000000000142, -7.000000000000000000 ) ) ;
#1986 = CARTESIAN_POINT ( 'NONE',  ( -8.150000000000000355, 39.35000000000000142, 2.100000000000000089 ) ) ;
#1987 = CYLINDRICAL_SURFACE ( 'NONE', #465, 2.100000000000000089 ) ;
#1988 = VECTOR ( 'NONE', #2149, 1000.000000000000000 ) ;
#1989 = CARTESIAN_POINT ( 'NONE',  ( -2.100000000000000089, 41.00000000000000000, -8.150000000000000355 ) ) ;
#1990 = ORIENTED_EDGE ( 'NONE', *, *, #1336, .T. ) ;
#1991 = CIRCLE ( 'NONE', #1044, 2.100000000000000089 ) ;
#1992 = LOCAL_TIME ( 17, 1, 30.00000000000000000, #622 ) ;
#1993 = DIRECTION ( 'NONE',  ( -0.000000000000000000, -1.000000000000000000, -0.000000000000000000 ) ) ;
#1994 = FACE_OUTER_BOUND ( 'NONE', #1873, .T. ) ;
#1995 = ORIENTED_EDGE ( 'NONE', *, *, #1592, .F. ) ;
#1996 = DIRECTION ( 'NONE',  ( 0.000000000000000000, 0.000000000000000000, 1.000000000000000000 ) ) ;
#1997 = FACE_OUTER_BOUND ( 'NONE', #32, .T. ) ;
#1998 = B_SPLINE_CURVE_WITH_KNOTS ( 'NONE', 3,
 ( #1374, #189, #539, #1212, #1848, #549, #2007, #519 ),
 .UNSPECIFIED., .F., .F.,
 ( 4, 2, 2, 4 ),
 ( 0.003162636253750508372, 0.003559672703773336319, 0.003956709153796164266, 0.004750782053841800211 ),
 .UNSPECIFIED. ) ;
#1999 = ORIENTED_EDGE ( 'NONE', *, *, #655, .T. ) ;
#2000 = CARTESIAN_POINT ( 'NONE',  ( -3.934916057265293254, 46.05548052770036094, 0.9603140859288116227 ) ) ;
#2001 = DIRECTION ( 'NONE',  ( 0.000000000000000000, 0.000000000000000000, -1.000000000000000000 ) ) ;
#2002 = EDGE_LOOP ( 'NONE', ( #49, #1483, #1990, #1521, #1755, #2027 ) ) ;
#2003 = VECTOR ( 'NONE', #1023, 1000.000000000000000 ) ;
#2004 = ORIENTED_EDGE ( 'NONE', *, *, #655, .F. ) ;
#2005 = LINE ( 'NONE', #1361, #231 ) ;
#2006 = AXIS2_PLACEMENT_3D ( 'NONE', #1629, #261, #2077 ) ;
#2007 = CARTESIAN_POINT ( 'NONE',  ( 6.559459016920195396, 44.22117224807590929, 2.448823105418901136 ) ) ;
#2008 = ORIENTED_EDGE ( 'NONE', *, *, #1941, .T. ) ;
#2009 = EDGE_CURVE ( 'NONE', #2042, #440, #934, .T. ) ;
#2010 = CARTESIAN_POINT ( 'NONE',  ( -4.041793987453492498, 46.57071413543118155, 0.2899732476379144885 ) ) ;
#2011 = PLANE ( 'NONE',  #1302 ) ;
#2012 = ORIENTED_EDGE ( 'NONE', *, *, #1372, .F. ) ;
#2013 = DIRECTION ( 'NONE',  ( -0.000000000000000000, -1.000000000000000000, -0.000000000000000000 ) ) ;
#2014 = ADVANCED_FACE ( 'NONE', ( #1627 ), #620, .T. ) ;
#2015 = ORIENTED_EDGE ( 'NONE', *, *, #356, .F. ) ;
#2016 = CARTESIAN_POINT ( 'NONE',  ( 3.262284475639731340, 44.00000000000000000, -2.399999999999999911 ) ) ;
#2017 = VECTOR ( 'NONE', #425, 1000.000000000000000 ) ;
#2018 = CARTESIAN_POINT ( 'NONE',  ( -6.000000000000000000, 48.00000000000000000, 0.000000000000000000 ) ) ;
#2019 = VERTEX_POINT ( 'NONE', #602 ) ;
#2020 = AXIS2_PLACEMENT_3D ( 'NONE', #2075, #945, #1948 ) ;
#2021 = DIRECTION ( 'NONE',  ( 0.000000000000000000, 0.000000000000000000, 1.000000000000000000 ) ) ;
#2022 = EDGE_CURVE ( 'NONE', #1737, #457, #1086, .T. ) ;
#2023 = CARTESIAN_POINT ( 'NONE',  ( 3.262284475639731340, 48.00000000000000000, 2.399999999999999911 ) ) ;
#2024 = CARTESIAN_POINT ( 'NONE',  ( 6.000000000000000000, 48.00000000000000000, -1.145643923738954628 ) ) ;
#2025 = ORIENTED_EDGE ( 'NONE', *, *, #638, .F. ) ;
#2026 = DIRECTION ( 'NONE',  ( -0.000000000000000000, 0.000000000000000000, 1.000000000000000000 ) ) ;
#2027 = ORIENTED_EDGE ( 'NONE', *, *, #338, .F. ) ;
#2028 = CARTESIAN_POINT ( 'NONE',  ( 0.000000000000000000, 41.00000000000000000, 0.000000000000000000 ) ) ;
#2029 = EDGE_CURVE ( 'NONE', #201, #1793, #1616, .T. ) ;
#2030 = CARTESIAN_POINT ( 'NONE',  ( -3.934927101994052379, 44.94458086970156785, 0.9602586905048298149 ) ) ;
#2031 = DIRECTION ( 'NONE',  ( 1.000000000000000000, 0.000000000000000000, 0.000000000000000000 ) ) ;
#2032 = LINE ( 'NONE', #1663, #1647 ) ;
#2033 = CARTESIAN_POINT ( 'NONE',  ( -8.150000000000000355, 41.00000000000000000, -2.100000000000000089 ) ) ;
#2034 = ORIENTED_EDGE ( 'NONE', *, *, #112, .T. ) ;
#2035 = FACE_OUTER_BOUND ( 'NONE', #1715, .T. ) ;
#2036 = ADVANCED_FACE ( 'NONE', ( #981 ), #368, .F. ) ;
#2037 = DIRECTION ( 'NONE',  ( -1.000000000000000000, -0.000000000000000000, -0.000000000000000000 ) ) ;
#2038 = VECTOR ( 'NONE', #507, 1000.000000000000000 ) ;
#2039 = VERTEX_POINT ( 'NONE', #533 ) ;
#2040 = EDGE_CURVE ( 'NONE', #347, #836, #315, .T. ) ;
#2041 = CARTESIAN_POINT ( 'NONE',  ( 0.000000000000000000, 39.35000000000000142, 0.000000000000000000 ) ) ;
#2042 = VERTEX_POINT ( 'NONE', #833 ) ;
#2043 = DIRECTION ( 'NONE',  ( 0.000000000000000000, 1.000000000000000000, 0.000000000000000000 ) ) ;
#2044 = CARTESIAN_POINT ( 'NONE',  ( 3.262284475639731340, 44.00000000000000711, 2.399999999999999911 ) ) ;
#2045 =( LENGTH_UNIT ( ) NAMED_UNIT ( * ) SI_UNIT ( .MILLI., .METRE. ) );
#2046 = DIRECTION ( 'NONE',  ( 0.000000000000000000, 1.000000000000000000, 0.000000000000000000 ) ) ;
#2047 = VECTOR ( 'NONE', #1153, 1000.000000000000000 ) ;
#2048 = CARTESIAN_POINT ( 'NONE',  ( 6.738409342686614067, 47.49379518522300003, 1.898468533991905849 ) ) ;
#2049 = ADVANCED_FACE ( 'NONE', ( #1994 ), #1000, .T. ) ;
#2050 = ORIENTED_EDGE ( 'NONE', *, *, #1671, .T. ) ;
#2051 = LINE ( 'NONE', #684, #1937 ) ;
#2052 = DIRECTION ( 'NONE',  ( 1.000000000000000000, 0.000000000000000000, 0.000000000000000000 ) ) ;
#2053 = ORIENTED_EDGE ( 'NONE', *, *, #1843, .T. ) ;
#2054 = CARTESIAN_POINT ( 'NONE',  ( 0.000000000000000000, 41.00000000000000000, 0.000000000000000000 ) ) ;
#2055 = CARTESIAN_POINT ( 'NONE',  ( 0.000000000000000000, 44.00000000000000711, 0.000000000000000000 ) ) ;
#2056 = DIRECTION ( 'NONE',  ( 0.000000000000000000, 0.000000000000000000, 1.000000000000000000 ) ) ;
#2057 = PLANE ( 'NONE',  #1217 ) ;
#2058 = AXIS2_PLACEMENT_3D ( 'NONE', #52, #1408, #1587 ) ;
#2059 = LINE ( 'NONE', #846, #80 ) ;
#2060 = ORIENTED_EDGE ( 'NONE', *, *, #1968, .T. ) ;
#2061 = DIRECTION ( 'NONE',  ( -1.000000000000000000, 0.000000000000000000, 0.000000000000000000 ) ) ;
#2062 = ORIENTED_EDGE ( 'NONE', *, *, #1834, .T. ) ;
#2063 = VECTOR ( 'NONE', #44, 1000.000000000000000 ) ;
#2064 = LINE ( 'NONE', #723, #1644 ) ;
#2065 = VERTEX_POINT ( 'NONE', #701 ) ;
#2066 = DIRECTION ( 'NONE',  ( 0.000000000000000000, 0.000000000000000000, 1.000000000000000000 ) ) ;
#2067 = FACE_BOUND ( 'NONE', #1119, .T. ) ;
#2068 = EDGE_CURVE ( 'NONE', #1282, #647, #2032, .T. ) ;
#2069 = CARTESIAN_POINT ( 'NONE',  ( 0.000000000000000000, 39.35000000000000142, 0.000000000000000000 ) ) ;
#2070 = CYLINDRICAL_SURFACE ( 'NONE', #2093, 7.000000000000000000 ) ;
#2071 = AXIS2_PLACEMENT_3D ( 'NONE', #2041, #1392, #1696 ) ;
#2072 = DIRECTION ( 'NONE',  ( 0.000000000000000000, 0.000000000000000000, 1.000000000000000000 ) ) ;
#2073 = DIRECTION ( 'NONE',  ( -0.000000000000000000, 0.000000000000000000, 1.000000000000000000 ) ) ;
#2074 = EDGE_CURVE ( 'NONE', #836, #347, #1679, .T. ) ;
#2075 = CARTESIAN_POINT ( 'NONE',  ( 13.00000000000000000, 45.50000000000000000, 0.000000000000000000 ) ) ;
#2076 = ORIENTED_EDGE ( 'NONE', *, *, #880, .T. ) ;
#2077 = DIRECTION ( 'NONE',  ( -0.000000000000000000, 0.000000000000000000, 1.000000000000000000 ) ) ;
#2078 = CARTESIAN_POINT ( 'NONE',  ( 6.905613658466567273, 48.00000000000000000, -1.145643923738954628 ) ) ;
#2079 = VECTOR ( 'NONE', #594, 1000.000000000000000 ) ;
#2080 = VERTEX_POINT ( 'NONE', #337 ) ;
#2081 = ORIENTED_EDGE ( 'NONE', *, *, #1634, .F. ) ;
#2082 = AXIS2_PLACEMENT_3D ( 'NONE', #1914, #1933, #2073 ) ;
#2083 = FACE_OUTER_BOUND ( 'NONE', #1547, .T. ) ;
#2084 = CARTESIAN_POINT ( 'NONE',  ( 8.150000000000000355, 41.00000000000000000, 2.100000000000000089 ) ) ;
#2085 = ORIENTED_EDGE ( 'NONE', *, *, #1706, .F. ) ;
#2086 = DIRECTION ( 'NONE',  ( 0.000000000000000000, 1.000000000000000000, 0.000000000000000000 ) ) ;
#2087 = CARTESIAN_POINT ( 'NONE',  ( 8.150000000000000355, 41.00000000000000000, -2.100000000000000977 ) ) ;
#2088 = EDGE_CURVE ( 'NONE', #814, #2124, #853, .T. ) ;
#2089 = LINE ( 'NONE', #596, #1735 ) ;
#2090 = AXIS2_PLACEMENT_3D ( 'NONE', #628, #1145, #1482 ) ;
#2091 = ORIENTED_EDGE ( 'NONE', *, *, #2126, .T. ) ;
#2092 = ORIENTED_EDGE ( 'NONE', *, *, #1660, .T. ) ;
#2093 = AXIS2_PLACEMENT_3D ( 'NONE', #1898, #410, #1738 ) ;
#2094 = AXIS2_PLACEMENT_3D ( 'NONE', #864, #2043, #1387 ) ;
#2095 = FACE_BOUND ( 'NONE', #1531, .T. ) ;
#2096 = DIRECTION ( 'NONE',  ( 0.000000000000000000, -0.000000000000000000, -1.000000000000000000 ) ) ;
#2097 = VERTEX_POINT ( 'NONE', #1180 ) ;
#2098 = EDGE_CURVE ( 'NONE', #1904, #382, #1555, .T. ) ;
#2099 = DIRECTION ( 'NONE',  ( 0.000000000000000000, 1.000000000000000000, 0.000000000000000000 ) ) ;
#2100 = DIRECTION ( 'NONE',  ( 0.000000000000000000, 1.000000000000000000, 0.000000000000000000 ) ) ;
#2101 = ADVANCED_FACE ( 'NONE', ( #1536 ), #1701, .F. ) ;
#2102 = ADVANCED_FACE ( 'NONE', ( #1 ), #1673, .T. ) ;
#2103 = PRODUCT_RELATED_PRODUCT_CATEGORY ( 'detail', '', ( #1611 ) ) ;
#2104 = ORIENTED_EDGE ( 'NONE', *, *, #779, .F. ) ;
#2105 = CARTESIAN_POINT ( 'NONE',  ( 0.000000000000000000, 44.00000000000000711, 0.000000000000000000 ) ) ;
#2106 = ADVANCED_FACE ( 'NONE', ( #1356 ), #2011, .T. ) ;
#2107 = CYLINDRICAL_SURFACE ( 'NONE', #116, 1.100000000000000089 ) ;
#2108 = DIRECTION ( 'NONE',  ( -0.000000000000000000, -1.000000000000000000, -0.000000000000000000 ) ) ;
#2109 = DIRECTION ( 'NONE',  ( 0.000000000000000000, -1.000000000000000000, 0.000000000000000000 ) ) ;
#2110 = EDGE_CURVE ( 'NONE', #42, #10, #2127, .T. ) ;
#2111 = CIRCLE ( 'NONE', #336, 2.750000000000000000 ) ;
#2112 = CARTESIAN_POINT ( 'NONE',  ( 2.100000000000000089, 39.35000000000000142, 8.150000000000000355 ) ) ;
#2113 = ORIENTED_EDGE ( 'NONE', *, *, #1694, .T. ) ;
#2114 = AXIS2_PLACEMENT_3D ( 'NONE', #397, #1684, #199 ) ;
#2115 = DATE_AND_TIME ( #1983, #1750 ) ;
#2116 = CIRCLE ( 'NONE', #990, 4.049999999999999822 ) ;
#2117 = ORIENTED_EDGE ( 'NONE', *, *, #1433, .F. ) ;
#2118 = EDGE_CURVE ( 'NONE', #470, #1060, #842, .T. ) ;
#2119 = CARTESIAN_POINT ( 'NONE',  ( -6.437196594791866566, 45.50000000000000000, -2.750000000000000000 ) ) ;
#2120 = DIRECTION ( 'NONE',  ( 0.000000000000000000, -1.000000000000000000, 0.000000000000000000 ) ) ;
#2121 = EDGE_LOOP ( 'NONE', ( #1002, #1080, #1515, #1209 ) ) ;
#2122 = DIRECTION ( 'NONE',  ( -1.000000000000000000, 0.000000000000000000, 0.000000000000000000 ) ) ;
#2123 = VECTOR ( 'NONE', #781, 1000.000000000000000 ) ;
#2124 = VERTEX_POINT ( 'NONE', #2023 ) ;
#2125 = DIRECTION ( 'NONE',  ( 0.000000000000000000, 1.000000000000000000, 0.000000000000000000 ) ) ;
#2126 = EDGE_CURVE ( 'NONE', #1017, #702, #1505, .T. ) ;
#2127 = CIRCLE ( 'NONE', #1232, 1.150000000000000799 ) ;
#2128 = LOCAL_TIME ( 17, 1, 30.00000000000000000, #458 ) ;
#2129 = CARTESIAN_POINT ( 'NONE',  ( 3.404408906109840149, 39.35000000000000142, -2.100000000000000089 ) ) ;
#2130 = ADVANCED_BREP_SHAPE_REPRESENTATION ( 'ARM-003_Yaw_D_drive_collar', ( #287, #767 ), #497 ) ;
#2131 = CARTESIAN_POINT ( 'NONE',  ( -6.000000000000000000, 45.50000000000000000, 0.000000000000000000 ) ) ;
#2132 = LINE ( 'NONE', #651, #859 ) ;
#2133 = EDGE_LOOP ( 'NONE', ( #910, #131, #1097, #21, #1730 ) ) ;
#2134 = EDGE_CURVE ( 'NONE', #508, #1234, #827, .T. ) ;
#2135 = EDGE_LOOP ( 'NONE', ( #601, #828, #223, #825 ) ) ;
#2136 = AXIS2_PLACEMENT_3D ( 'NONE', #920, #907, #1893 ) ;
#2137 = LINE ( 'NONE', #137, #217 ) ;
#2138 = DIRECTION ( 'NONE',  ( -0.000000000000000000, -1.000000000000000000, -0.000000000000000000 ) ) ;
#2139 = CARTESIAN_POINT ( 'NONE',  ( 7.000000000000000000, 39.35000000000000142, -8.150000000000000355 ) ) ;
#2140 = VERTEX_POINT ( 'NONE', #1550 ) ;
#2141 = DIRECTION ( 'NONE',  ( -1.000000000000000000, 0.000000000000000000, -0.000000000000000000 ) ) ;
#2142 = CIRCLE ( 'NONE', #55, 2.100000000000000089 ) ;
#2143 = VERTEX_POINT ( 'NONE', #1563 ) ;
#2144 = LINE ( 'NONE', #634, #1317 ) ;
#2145 = VECTOR ( 'NONE', #936, 1000.000000000000000 ) ;
#2146 = DIRECTION ( 'NONE',  ( -1.000000000000000000, 0.000000000000000000, 0.000000000000000000 ) ) ;
#2147 = DIRECTION ( 'NONE',  ( 0.000000000000000000, 0.000000000000000000, -1.000000000000000000 ) ) ;
#2148 = AXIS2_PLACEMENT_3D ( 'NONE', #1704, #210, #2066 ) ;
#2149 = DIRECTION ( 'NONE',  ( 0.000000000000000000, -1.000000000000000000, 0.000000000000000000 ) ) ;
#2150 = VERTEX_POINT ( 'NONE', #711 ) ;
#2151 = DIRECTION ( 'NONE',  ( 0.000000000000000000, 0.000000000000000000, 1.000000000000000000 ) ) ;
ENDSEC;
END-ISO-10303-21;
