ISO-10303-21;
HEADER;
FILE_DESCRIPTION (( 'STEP AP203' ),
    '1' );
FILE_NAME ('HW-005_SG90_COMPACT_CROSS_REFERENCE.step',
    '2026-09-08T22:01:46',
    ( '' ),
    ( '' ),
    'SwSTEP 2.0',
    'SolidWorks 2026',
    '' );
FILE_SCHEMA (( 'CONFIG_CONTROL_DESIGN' ));
ENDSEC;

DATA;
#1 = APPLICATION_CONTEXT ( 'configuration controlled 3d designs of mechanical parts and assemblies' ) ;
#2 = DIRECTION ( 'NONE',  ( 0.000000000000000000, 0.000000000000000000, -1.000000000000000000 ) ) ;
#3 = CIRCLE ( 'NONE', #1406, 2.000000000000000000 ) ;
#4 = CIRCLE ( 'NONE', #963, 2.000000000000000000 ) ;
#5 = CARTESIAN_POINT ( 'NONE',  ( 0.000000000000000000, 0.000000000000000000, 0.000000000000000000 ) ) ;
#6 = ORIENTED_EDGE ( 'NONE', *, *, #297, .T. ) ;
#7 = LINE ( 'NONE', #427, #1074 ) ;
#8 = ORIENTED_EDGE ( 'NONE', *, *, #349, .F. ) ;
#9 = ORIENTED_EDGE ( 'NONE', *, *, #1303, .F. ) ;
#10 = EDGE_CURVE ( 'NONE', #90, #647, #251, .T. ) ;
#11 = DIRECTION ( 'NONE',  ( -0.000000000000000000, -0.000000000000000000, -1.000000000000000000 ) ) ;
#12 = ORIENTED_EDGE ( 'NONE', *, *, #1103, .T. ) ;
#13 = CARTESIAN_POINT ( 'NONE',  ( 0.000000000000000000, -4.299999999999999822, 1.500000000000001332 ) ) ;
#14 = CARTESIAN_POINT ( 'NONE',  ( -2.811138559374120494, 2.000000000000000000, 0.000000000000000000 ) ) ;
#15 = DIRECTION ( 'NONE',  ( 0.000000000000000000, 0.000000000000000000, 1.000000000000000000 ) ) ;
#16 = DIRECTION ( 'NONE',  ( 0.000000000000000000, 0.000000000000000000, -1.000000000000000000 ) ) ;
#17 = EDGE_CURVE ( 'NONE', #38, #811, #414, .T. ) ;
#18 = EDGE_LOOP ( 'NONE', ( #916, #1423, #1418, #177 ) ) ;
#19 = CARTESIAN_POINT ( 'NONE',  ( -2.000000000000000000, 2.811138559374120494, 1.500000000000000000 ) ) ;
#20 = ORIENTED_EDGE ( 'NONE', *, *, #1026, .T. ) ;
#21 = CARTESIAN_POINT ( 'NONE',  ( 0.000000000000000000, 8.300000000000000711, 1.500000000000001332 ) ) ;
#22 = AXIS2_PLACEMENT_3D ( 'NONE', #1678, #632, #890 ) ;
#23 = ORIENTED_EDGE ( 'NONE', *, *, #626, .T. ) ;
#24 = CARTESIAN_POINT ( 'NONE',  ( 8.300000000000000711, 0.000000000000000000, 1.500000000000001332 ) ) ;
#25 = AXIS2_PLACEMENT_3D ( 'NONE', #1281, #477, #1045 ) ;
#26 = AXIS2_PLACEMENT_3D ( 'NONE', #1194, #271, #945 ) ;
#27 = AXIS2_PLACEMENT_3D ( 'NONE', #21, #547, #1310 ) ;
#28 = EDGE_CURVE ( 'NONE', #1586, #1179, #470, .T. ) ;
#29 = ORIENTED_EDGE ( 'NONE', *, *, #697, .F. ) ;
#30 = DIRECTION ( 'NONE',  ( 0.000000000000000000, 0.000000000000000000, 1.000000000000000000 ) ) ;
#31 = EDGE_CURVE ( 'NONE', #38, #1257, #1486, .T. ) ;
#32 = ORIENTED_EDGE ( 'NONE', *, *, #771, .F. ) ;
#33 = DIRECTION ( 'NONE',  ( 0.000000000000000000, 0.000000000000000000, 1.000000000000000000 ) ) ;
#34 = DIRECTION ( 'NONE',  ( -0.000000000000000000, -0.000000000000000000, -1.000000000000000000 ) ) ;
#35 = ORIENTED_EDGE ( 'NONE', *, *, #706, .T. ) ;
#36 = CYLINDRICAL_SURFACE ( 'NONE', #407, 0.5000000000000000000 ) ;
#37 = AXIS2_PLACEMENT_3D ( 'NONE', #886, #1137, #770 ) ;
#38 = VERTEX_POINT ( 'NONE', #406 ) ;
#39 = EDGE_CURVE ( 'NONE', #82, #1586, #1584, .T. ) ;
#40 = COORDINATED_UNIVERSAL_TIME_OFFSET ( 6, 0, .BEHIND. ) ;
#41 = VERTEX_POINT ( 'NONE', #14 ) ;
#42 = DIRECTION ( 'NONE',  ( 0.000000000000000000, 0.000000000000000000, -1.000000000000000000 ) ) ;
#43 = ORIENTED_EDGE ( 'NONE', *, *, #1187, .T. ) ;
#44 = FACE_OUTER_BOUND ( 'NONE', #975, .T. ) ;
#45 = VERTEX_POINT ( 'NONE', #538 ) ;
#46 = DIRECTION ( 'NONE',  ( 1.000000000000000000, 0.000000000000000000, 0.000000000000000000 ) ) ;
#47 = SECURITY_CLASSIFICATION ( '', '', #987 ) ;
#48 = DATE_AND_TIME ( #1216, #1198 ) ;
#49 = ADVANCED_FACE ( 'NONE', ( #935, #813, #186, #991 ), #332, .F. ) ;
#50 = ORIENTED_EDGE ( 'NONE', *, *, #1499, .T. ) ;
#51 = FACE_BOUND ( 'NONE', #1331, .T. ) ;
#52 = CARTESIAN_POINT ( 'NONE',  ( -8.150000000000000355, 2.000000000000000000, 1.500000000000000000 ) ) ;
#53 = CIRCLE ( 'NONE', #239, 0.5000000000000004441 ) ;
#54 = VERTEX_POINT ( 'NONE', #85 ) ;
#55 = CARTESIAN_POINT ( 'NONE',  ( -3.450000000000000178, 0.000000000000000000, 1.500000000000000000 ) ) ;
#56 = APPROVAL_ROLE ( '' ) ;
#57 = ORIENTED_EDGE ( 'NONE', *, *, #315, .F. ) ;
#58 = LINE ( 'NONE', #996, #1480 ) ;
#59 = CARTESIAN_POINT ( 'NONE',  ( 0.000000000000000000, 0.000000000000000000, 0.000000000000000000 ) ) ;
#60 = EDGE_CURVE ( 'NONE', #41, #669, #1526, .T. ) ;
#61 = ORIENTED_EDGE ( 'NONE', *, *, #1399, .T. ) ;
#62 = AXIS2_PLACEMENT_3D ( 'NONE', #573, #1140, #304 ) ;
#63 = EDGE_LOOP ( 'NONE', ( #1350, #988, #679, #841 ) ) ;
#64 = CARTESIAN_POINT ( 'NONE',  ( -10.15000000000000036, 0.000000000000000000, 1.500000000000000000 ) ) ;
#65 = DIRECTION ( 'NONE',  ( 0.000000000000000000, 0.000000000000000000, 1.000000000000000000 ) ) ;
#66 = ADVANCED_FACE ( 'NONE', ( #999 ), #1497, .F. ) ;
#67 = DIRECTION ( 'NONE',  ( -0.000000000000000000, -0.000000000000000000, -1.000000000000000000 ) ) ;
#68 = FACE_BOUND ( 'NONE', #1501, .T. ) ;
#69 = MECHANICAL_CONTEXT ( 'NONE', #311, 'mechanical' ) ;
#70 = ORIENTED_EDGE ( 'NONE', *, *, #653, .F. ) ;
#71 = LINE ( 'NONE', #64, #827 ) ;
#72 = VERTEX_POINT ( 'NONE', #476 ) ;
#73 = CYLINDRICAL_SURFACE ( 'NONE', #1668, 0.5000000000000004441 ) ;
#74 = AXIS2_PLACEMENT_3D ( 'NONE', #466, #200, #733 ) ;
#75 = DIRECTION ( 'NONE',  ( -0.000000000000000000, -0.000000000000000000, -1.000000000000000000 ) ) ;
#76 = ADVANCED_FACE ( 'NONE', ( #1005 ), #73, .F. ) ;
#77 = VECTOR ( 'NONE', #485, 1000.000000000000000 ) ;
#78 = CIRCLE ( 'NONE', #855, 0.5000000000000000000 ) ;
#79 = DIRECTION ( 'NONE',  ( 0.000000000000000000, 0.000000000000000000, -1.000000000000000000 ) ) ;
#80 = ADVANCED_FACE ( 'NONE', ( #856, #1515 ), #1128, .F. ) ;
#81 = CARTESIAN_POINT ( 'NONE',  ( 6.800000000000000711, 6.123233995736772199E-17, 1.500000000000001332 ) ) ;
#82 = VERTEX_POINT ( 'NONE', #210 ) ;
#83 = DIRECTION ( 'NONE',  ( 0.000000000000000000, 0.000000000000000000, 1.000000000000000000 ) ) ;
#84 = EDGE_LOOP ( 'NONE', ( #1413, #294 ) ) ;
#85 = CARTESIAN_POINT ( 'NONE',  ( -10.15000000000000036, 0.000000000000000000, 0.000000000000000000 ) ) ;
#86 = CARTESIAN_POINT ( 'NONE',  ( 6.299999999999999822, 0.000000000000000000, 1.500000000000001332 ) ) ;
#87 = CIRCLE ( 'NONE', #1682, 3.450000000000000178 ) ;
#88 = LINE ( 'NONE', #360, #196 ) ;
#89 = DIRECTION ( 'NONE',  ( -0.000000000000000000, -0.000000000000000000, -1.000000000000000000 ) ) ;
#90 = VERTEX_POINT ( 'NONE', #1396 ) ;
#91 = EDGE_CURVE ( 'NONE', #1257, #1451, #170, .T. ) ;
#92 = CARTESIAN_POINT ( 'NONE',  ( -0.5000000000000000000, 8.300000000000000711, 1.500000000000001332 ) ) ;
#93 = DIRECTION ( 'NONE',  ( -1.000000000000000000, 0.000000000000000000, 0.000000000000000000 ) ) ;
#94 = CARTESIAN_POINT ( 'NONE',  ( 0.5000000000000000000, 4.299999999999999822, 0.000000000000000000 ) ) ;
#95 = CARTESIAN_POINT ( 'NONE',  ( 0.000000000000000000, -4.299999999999999822, 1.500000000000001332 ) ) ;
#96 = ORIENTED_EDGE ( 'NONE', *, *, #1111, .F. ) ;
#97 = EDGE_CURVE ( 'NONE', #82, #1647, #87, .T. ) ;
#98 = FACE_OUTER_BOUND ( 'NONE', #655, .T. ) ;
#99 = CIRCLE ( 'NONE', #683, 3.450000000000000178 ) ;
#100 = VERTEX_POINT ( 'NONE', #1665 ) ;
#101 = CIRCLE ( 'NONE', #1361, 0.5000000000000000000 ) ;
#102 = CARTESIAN_POINT ( 'NONE',  ( -0.5000000000000000000, -4.299999999999999822, 0.000000000000000000 ) ) ;
#103 = VECTOR ( 'NONE', #983, 1000.000000000000000 ) ;
#104 = CARTESIAN_POINT ( 'NONE',  ( 0.000000000000000000, 0.000000000000000000, 1.500000000000001332 ) ) ;
#105 = PLANE ( 'NONE',  #1165 ) ;
#106 = CIRCLE ( 'NONE', #1071, 2.000000000000000000 ) ;
#107 = VECTOR ( 'NONE', #42, 1000.000000000000000 ) ;
#108 = CARTESIAN_POINT ( 'NONE',  ( -0.5000000000000000000, 6.299999999999999822, 0.000000000000000000 ) ) ;
#109 = ORIENTED_EDGE ( 'NONE', *, *, #156, .F. ) ;
#110 = VECTOR ( 'NONE', #1690, 1000.000000000000000 ) ;
#111 = CARTESIAN_POINT ( 'NONE',  ( -2.811138559374120494, 2.000000000000000000, 1.500000000000000000 ) ) ;
#112 = ORIENTED_EDGE ( 'NONE', *, *, #28, .F. ) ;
#113 = DIRECTION ( 'NONE',  ( 0.000000000000000000, 0.000000000000000000, 1.000000000000000000 ) ) ;
#114 = ADVANCED_FACE ( 'NONE', ( #1109 ), #1251, .F. ) ;
#115 = VERTEX_POINT ( 'NONE', #1676 ) ;
#116 = CARTESIAN_POINT ( 'NONE',  ( 0.5000000000000000000, -6.299999999999999822, 0.000000000000000000 ) ) ;
#117 = DIRECTION ( 'NONE',  ( 1.000000000000000000, 0.000000000000000000, 0.000000000000000000 ) ) ;
#118 = EDGE_LOOP ( 'NONE', ( #639, #1596, #274, #1081 ) ) ;
#119 = LINE ( 'NONE', #1716, #1630 ) ;
#120 = DIRECTION ( 'NONE',  ( 1.000000000000000000, 0.000000000000000000, 0.000000000000000000 ) ) ;
#121 = VERTEX_POINT ( 'NONE', #753 ) ;
#122 = CIRCLE ( 'NONE', #1525, 0.5000000000000000000 ) ;
#123 = LINE ( 'NONE', #650, #110 ) ;
#124 = EDGE_CURVE ( 'NONE', #1617, #1110, #101, .T. ) ;
#125 = ORIENTED_EDGE ( 'NONE', *, *, #1612, .F. ) ;
#126 = CARTESIAN_POINT ( 'NONE',  ( 8.150000000000000355, 2.000000000000000000, 0.000000000000000000 ) ) ;
#127 = DIRECTION ( 'NONE',  ( 1.000000000000000000, 0.000000000000000000, 0.000000000000000000 ) ) ;
#128 = ORIENTED_EDGE ( 'NONE', *, *, #1051, .F. ) ;
#129 = FACE_OUTER_BOUND ( 'NONE', #250, .T. ) ;
#130 = VERTEX_POINT ( 'NONE', #447 ) ;
#131 = CARTESIAN_POINT ( 'NONE',  ( 8.150000000000000355, 2.000000000000000000, 1.500000000000000000 ) ) ;
#132 = EDGE_LOOP ( 'NONE', ( #292, #1161 ) ) ;
#133 = LINE ( 'NONE', #652, #829 ) ;
#134 = AXIS2_PLACEMENT_3D ( 'NONE', #1275, #1308, #908 ) ;
#135 = EDGE_LOOP ( 'NONE', ( #633, #1317, #502, #704, #1714, #1079, #109, #1320, #1046, #465, #551, #372 ) ) ;
#136 = EDGE_CURVE ( 'NONE', #1588, #1259, #840, .T. ) ;
#137 = CIRCLE ( 'NONE', #690, 0.5000000000000004441 ) ;
#138 = DIRECTION ( 'NONE',  ( -1.000000000000000000, 0.000000000000000000, 0.000000000000000000 ) ) ;
#139 = ORIENTED_EDGE ( 'NONE', *, *, #91, .F. ) ;
#140 = AXIS2_PLACEMENT_3D ( 'NONE', #1711, #515, #896 ) ;
#141 = DIRECTION ( 'NONE',  ( 0.000000000000000000, 0.000000000000000000, -1.000000000000000000 ) ) ;
#142 = ORIENTED_EDGE ( 'NONE', *, *, #1243, .F. ) ;
#143 = FACE_OUTER_BOUND ( 'NONE', #672, .T. ) ;
#144 = ORIENTED_EDGE ( 'NONE', *, *, #616, .T. ) ;
#145 = FACE_OUTER_BOUND ( 'NONE', #1393, .T. ) ;
#146 = ADVANCED_FACE ( 'NONE', ( #1504 ), #734, .F. ) ;
#147 = VERTEX_POINT ( 'NONE', #1102 ) ;
#148 = DIRECTION ( 'NONE',  ( 0.000000000000000000, 0.000000000000000000, 1.000000000000000000 ) ) ;
#149 = CIRCLE ( 'NONE', #175, 0.5000000000000000000 ) ;
#150 = EDGE_LOOP ( 'NONE', ( #1070, #1209, #441, #884 ) ) ;
#151 = CARTESIAN_POINT ( 'NONE',  ( 2.000000000000000000, -2.811138559374120494, 1.500000000000000000 ) ) ;
#152 = ORIENTED_EDGE ( 'NONE', *, *, #815, .T. ) ;
#153 = DIRECTION ( 'NONE',  ( 1.000000000000000000, 0.000000000000000000, 0.000000000000000000 ) ) ;
#154 = ORIENTED_EDGE ( 'NONE', *, *, #1570, .T. ) ;
#155 = EDGE_CURVE ( 'NONE', #685, #480, #1011, .T. ) ;
#156 = EDGE_CURVE ( 'NONE', #622, #72, #870, .T. ) ;
#157 = ORIENTED_EDGE ( 'NONE', *, *, #1675, .T. ) ;
#158 = VECTOR ( 'NONE', #894, 1000.000000000000000 ) ;
#159 = DIRECTION ( 'NONE',  ( 0.000000000000000000, 0.000000000000000000, 1.000000000000000000 ) ) ;
#160 = CIRCLE ( 'NONE', #1370, 0.5000000000000000000 ) ;
#161 = ORIENTED_EDGE ( 'NONE', *, *, #899, .T. ) ;
#162 = AXIS2_PLACEMENT_3D ( 'NONE', #1167, #1565, #367 ) ;
#163 = AXIS2_PLACEMENT_3D ( 'NONE', #391, #262, #1145 ) ;
#164 = VERTEX_POINT ( 'NONE', #1117 ) ;
#165 = ADVANCED_FACE ( 'NONE', ( #610, #1162, #617, #98 ), #919, .F. ) ;
#166 = CARTESIAN_POINT ( 'NONE',  ( -8.150000000000000355, 0.000000000000000000, 0.000000000000000000 ) ) ;
#167 = ORIENTED_EDGE ( 'NONE', *, *, #371, .T. ) ;
#168 = CARTESIAN_POINT ( 'NONE',  ( -8.150000000000000355, 2.000000000000000000, 1.500000000000000000 ) ) ;
#169 = CARTESIAN_POINT ( 'NONE',  ( -0.5000000000000000000, 4.299999999999999822, 1.500000000000001332 ) ) ;
#170 = CIRCLE ( 'NONE', #913, 3.450000000000000178 ) ;
#171 = ADVANCED_BREP_SHAPE_REPRESENTATION ( 'HW-005_SG90_COMPACT_CROSS_REFERENCE', ( #846, #796 ), #1368 ) ;
#172 = ORIENTED_EDGE ( 'NONE', *, *, #1135, .T. ) ;
#173 = FACE_OUTER_BOUND ( 'NONE', #1067, .T. ) ;
#174 = PRODUCT_DEFINITION ( 'UNKNOWN', '', #710, #1222 ) ;
#175 = AXIS2_PLACEMENT_3D ( 'NONE', #1400, #1223, #46 ) ;
#176 = PERSON_AND_ORGANIZATION ( #602, #1339 ) ;
#177 = ORIENTED_EDGE ( 'NONE', *, *, #1195, .T. ) ;
#178 = CARTESIAN_POINT ( 'NONE',  ( -8.150000000000000355, 0.000000000000000000, 1.500000000000000000 ) ) ;
#179 = VERTEX_POINT ( 'NONE', #657 ) ;
#180 = ORIENTED_EDGE ( 'NONE', *, *, #923, .T. ) ;
#181 = APPROVAL_PERSON_ORGANIZATION ( #1392, #892, #444 ) ;
#182 = DATE_TIME_ROLE ( 'classification_date' ) ;
#183 = EDGE_LOOP ( 'NONE', ( #1184, #1227, #253, #1030, #1314, #765, #338, #682, #1377, #270, #290, #1329, #1166, #1029, #284, #417, #1053 ) ) ;
#184 = DIRECTION ( 'NONE',  ( 0.000000000000000000, 0.000000000000000000, 1.000000000000000000 ) ) ;
#185 = EDGE_CURVE ( 'NONE', #1627, #844, #137, .T. ) ;
#186 = FACE_BOUND ( 'NONE', #1482, .T. ) ;
#187 = VECTOR ( 'NONE', #1197, 1000.000000000000000 ) ;
#188 = AXIS2_PLACEMENT_3D ( 'NONE', #1086, #670, #410 ) ;
#189 = EDGE_LOOP ( 'NONE', ( #995, #895, #726, #20 ) ) ;
#190 = CIRCLE ( 'NONE', #411, 2.000000000000000000 ) ;
#191 = LINE ( 'NONE', #598, #743 ) ;
#192 = ADVANCED_FACE ( 'NONE', ( #1680 ), #234, .F. ) ;
#193 = DIRECTION ( 'NONE',  ( 1.000000000000000000, 0.000000000000000000, 0.000000000000000000 ) ) ;
#194 = LINE ( 'NONE', #611, #693 ) ;
#195 = CARTESIAN_POINT ( 'NONE',  ( 0.000000000000000000, -6.299999999999999822, 0.000000000000000000 ) ) ;
#196 = VECTOR ( 'NONE', #335, 1000.000000000000000 ) ;
#197 = CYLINDRICAL_SURFACE ( 'NONE', #1610, 0.5000000000000004441 ) ;
#198 = CALENDAR_DATE ( 2026, 8, 9 ) ;
#199 = ORIENTED_EDGE ( 'NONE', *, *, #871, .T. ) ;
#200 = DIRECTION ( 'NONE',  ( 0.000000000000000000, 0.000000000000000000, 1.000000000000000000 ) ) ;
#201 = DIRECTION ( 'NONE',  ( 0.000000000000000000, 0.000000000000000000, 1.000000000000000000 ) ) ;
#202 = EDGE_CURVE ( 'NONE', #1512, #1395, #1206, .T. ) ;
#203 = CARTESIAN_POINT ( 'NONE',  ( -8.150000000000000355, 0.000000000000000000, 1.500000000000000000 ) ) ;
#204 = EDGE_CURVE ( 'NONE', #365, #1588, #1420, .T. ) ;
#205 = LINE ( 'NONE', #737, #730 ) ;
#206 = DIRECTION ( 'NONE',  ( 1.000000000000000000, 0.000000000000000000, 0.000000000000000000 ) ) ;
#207 = CARTESIAN_POINT ( 'NONE',  ( 8.800000000000000711, 6.123233995736772199E-17, 0.000000000000000000 ) ) ;
#208 = EDGE_LOOP ( 'NONE', ( #809, #966 ) ) ;
#209 = DIRECTION ( 'NONE',  ( 0.000000000000000000, 0.000000000000000000, -1.000000000000000000 ) ) ;
#210 = CARTESIAN_POINT ( 'NONE',  ( 2.811138559374120494, -2.000000000000000000, 0.000000000000000000 ) ) ;
#211 = AXIS2_PLACEMENT_3D ( 'NONE', #970, #184, #579 ) ;
#212 = DIRECTION ( 'NONE',  ( -0.000000000000000000, -0.000000000000000000, -1.000000000000000000 ) ) ;
#213 = VECTOR ( 'NONE', #1430, 1000.000000000000000 ) ;
#214 = ADVANCED_FACE ( 'NONE', ( #129 ), #781, .F. ) ;
#215 = AXIS2_PLACEMENT_3D ( 'NONE', #881, #1409, #223 ) ;
#216 = CIRCLE ( 'NONE', #1261, 0.5000000000000004441 ) ;
#217 = PLANE ( 'NONE',  #1205 ) ;
#218 = DIRECTION ( 'NONE',  ( 0.000000000000000000, 1.000000000000000000, 0.000000000000000000 ) ) ;
#219 = ORIENTED_EDGE ( 'NONE', *, *, #233, .T. ) ;
#220 = CARTESIAN_POINT ( 'NONE',  ( 0.000000000000000000, 0.000000000000000000, 0.000000000000000000 ) ) ;
#221 = CARTESIAN_POINT ( 'NONE',  ( 0.000000000000000000, 8.300000000000000711, 0.000000000000000000 ) ) ;
#222 = ADVANCED_FACE ( 'NONE', ( #768 ), #481, .F. ) ;
#223 = DIRECTION ( 'NONE',  ( 1.000000000000000000, 0.000000000000000000, 0.000000000000000000 ) ) ;
#224 = DIRECTION ( 'NONE',  ( 1.000000000000000000, 0.000000000000000000, 0.000000000000000000 ) ) ;
#225 = CARTESIAN_POINT ( 'NONE',  ( 0.000000000000000000, 0.000000000000000000, -1.000000000000000000 ) ) ;
#226 = VERTEX_POINT ( 'NONE', #1560 ) ;
#227 = CARTESIAN_POINT ( 'NONE',  ( -8.300000000000000711, 0.000000000000000000, 0.000000000000000000 ) ) ;
#228 = CARTESIAN_POINT ( 'NONE',  ( -2.000000000000000000, 8.150000000000000355, 1.500000000000000000 ) ) ;
#229 = DIRECTION ( 'NONE',  ( 0.000000000000000000, 0.000000000000000000, -1.000000000000000000 ) ) ;
#230 = FACE_BOUND ( 'NONE', #868, .T. ) ;
#231 = CARTESIAN_POINT ( 'NONE',  ( 2.811138559374120494, -2.000000000000000000, 1.500000000000000000 ) ) ;
#232 = VERTEX_POINT ( 'NONE', #634 ) ;
#233 = EDGE_CURVE ( 'NONE', #121, #540, #1278, .T. ) ;
#234 = CYLINDRICAL_SURFACE ( 'NONE', #1098, 0.5000000000000000000 ) ;
#235 = CIRCLE ( 'NONE', #211, 3.450000000000000178 ) ;
#236 = ORIENTED_EDGE ( 'NONE', *, *, #507, .F. ) ;
#237 = LINE ( 'NONE', #1158, #1289 ) ;
#238 = CIRCLE ( 'NONE', #745, 2.000000000000000000 ) ;
#239 = AXIS2_PLACEMENT_3D ( 'NONE', #227, #1300, #120 ) ;
#240 = CARTESIAN_POINT ( 'NONE',  ( 4.800000000000000711, 6.123233995736772199E-17, 1.500000000000001332 ) ) ;
#241 = EDGE_LOOP ( 'NONE', ( #1672, #1224, #1503, #336 ) ) ;
#242 = VECTOR ( 'NONE', #1593, 1000.000000000000000 ) ;
#243 = DIRECTION ( 'NONE',  ( 0.000000000000000000, 0.000000000000000000, -1.000000000000000000 ) ) ;
#244 = EDGE_LOOP ( 'NONE', ( #70, #1582 ) ) ;
#245 = EDGE_CURVE ( 'NONE', #1309, #431, #53, .T. ) ;
#246 =( LENGTH_UNIT ( ) NAMED_UNIT ( * ) SI_UNIT ( .MILLI., .METRE. ) );
#247 = ORIENTED_EDGE ( 'NONE', *, *, #1612, .T. ) ;
#248 = CARTESIAN_POINT ( 'NONE',  ( -2.000000000000000000, -8.150000000000000355, 0.000000000000000000 ) ) ;
#249 = LINE ( 'NONE', #486, #1068 ) ;
#250 = EDGE_LOOP ( 'NONE', ( #454, #424, #1434, #420 ) ) ;
#251 = CIRCLE ( 'NONE', #529, 0.5000000000000000000 ) ;
#252 = DIRECTION ( 'NONE',  ( 1.000000000000000000, 0.000000000000000000, 0.000000000000000000 ) ) ;
#253 = ORIENTED_EDGE ( 'NONE', *, *, #697, .T. ) ;
#254 = CIRCLE ( 'NONE', #1217, 0.5000000000000000000 ) ;
#255 = FACE_OUTER_BOUND ( 'NONE', #700, .T. ) ;
#256 = VERTEX_POINT ( 'NONE', #790 ) ;
#257 = EDGE_CURVE ( 'NONE', #121, #1495, #1656, .T. ) ;
#258 = DIRECTION ( 'NONE',  ( 0.000000000000000000, 0.000000000000000000, -1.000000000000000000 ) ) ;
#259 = ORIENTED_EDGE ( 'NONE', *, *, #1635, .T. ) ;
#260 = CARTESIAN_POINT ( 'NONE',  ( -8.300000000000000711, 0.000000000000000000, 1.500000000000001332 ) ) ;
#261 = ORIENTED_EDGE ( 'NONE', *, *, #1645, .T. ) ;
#262 = DIRECTION ( 'NONE',  ( 0.000000000000000000, 0.000000000000000000, -1.000000000000000000 ) ) ;
#263 = CARTESIAN_POINT ( 'NONE',  ( 6.800000000000000711, 6.123233995736772199E-17, 0.000000000000000000 ) ) ;
#264 = AXIS2_PLACEMENT_3D ( 'NONE', #5, #810, #525 ) ;
#265 = EDGE_LOOP ( 'NONE', ( #1670, #1523 ) ) ;
#266 = DIRECTION ( 'NONE',  ( 0.000000000000000000, 0.000000000000000000, -1.000000000000000000 ) ) ;
#267 = EDGE_CURVE ( 'NONE', #1395, #41, #1049, .T. ) ;
#268 = CARTESIAN_POINT ( 'NONE',  ( 8.300000000000000711, 0.000000000000000000, 1.500000000000001332 ) ) ;
#269 = AXIS2_PLACEMENT_3D ( 'NONE', #1012, #2, #648 ) ;
#270 = ORIENTED_EDGE ( 'NONE', *, *, #1253, .T. ) ;
#271 = DIRECTION ( 'NONE',  ( 0.000000000000000000, 0.000000000000000000, -1.000000000000000000 ) ) ;
#272 = ORIENTED_EDGE ( 'NONE', *, *, #402, .F. ) ;
#273 = CYLINDRICAL_SURFACE ( 'NONE', #978, 3.450000000000000178 ) ;
#274 = ORIENTED_EDGE ( 'NONE', *, *, #1111, .T. ) ;
#275 = CARTESIAN_POINT ( 'NONE',  ( -8.150000000000000355, -2.000000000000000000, 1.500000000000000000 ) ) ;
#276 = DIRECTION ( 'NONE',  ( 1.000000000000000000, 0.000000000000000000, 0.000000000000000000 ) ) ;
#277 = EDGE_CURVE ( 'NONE', #232, #100, #499, .T. ) ;
#278 = CARTESIAN_POINT ( 'NONE',  ( 0.5000000000000000000, -4.299999999999999822, 1.500000000000001332 ) ) ;
#279 = ORIENTED_EDGE ( 'NONE', *, *, #606, .T. ) ;
#280 = CARTESIAN_POINT ( 'NONE',  ( 0.000000000000000000, 0.000000000000000000, -1.000000000000000000 ) ) ;
#281 = CIRCLE ( 'NONE', #1241, 0.5000000000000004441 ) ;
#282 = VERTEX_POINT ( 'NONE', #1571 ) ;
#283 = DIRECTION ( 'NONE',  ( -0.000000000000000000, -0.000000000000000000, -1.000000000000000000 ) ) ;
#284 = ORIENTED_EDGE ( 'NONE', *, *, #492, .T. ) ;
#285 = LINE ( 'NONE', #278, #832 ) ;
#286 = VERTEX_POINT ( 'NONE', #1689 ) ;
#287 = CYLINDRICAL_SURFACE ( 'NONE', #854, 0.5000000000000000000 ) ;
#288 = DIRECTION ( 'NONE',  ( -1.000000000000000000, 0.000000000000000000, 0.000000000000000000 ) ) ;
#289 = EDGE_CURVE ( 'NONE', #1050, #608, #773, .T. ) ;
#290 = ORIENTED_EDGE ( 'NONE', *, *, #783, .T. ) ;
#291 = DIRECTION ( 'NONE',  ( 0.000000000000000000, 0.000000000000000000, -1.000000000000000000 ) ) ;
#292 = ORIENTED_EDGE ( 'NONE', *, *, #1442, .F. ) ;
#293 = AXIS2_PLACEMENT_3D ( 'NONE', #620, #353, #117 ) ;
#294 = ORIENTED_EDGE ( 'NONE', *, *, #452, .F. ) ;
#295 = DIRECTION ( 'NONE',  ( 0.000000000000000000, 0.000000000000000000, -1.000000000000000000 ) ) ;
#296 = VECTOR ( 'NONE', #1033, 1000.000000000000000 ) ;
#297 = EDGE_CURVE ( 'NONE', #313, #844, #384, .T. ) ;
#298 = AXIS2_PLACEMENT_3D ( 'NONE', #791, #11, #1700 ) ;
#299 = ORIENTED_EDGE ( 'NONE', *, *, #1657, .T. ) ;
#300 = DIRECTION ( 'NONE',  ( 1.000000000000000000, 0.000000000000000000, 0.000000000000000000 ) ) ;
#301 = APPROVAL_DATE_TIME ( #1091, #892 ) ;
#302 = VERTEX_POINT ( 'NONE', #1311 ) ;
#303 = CARTESIAN_POINT ( 'NONE',  ( -2.000000000000000000, 8.150000000000000355, 0.000000000000000000 ) ) ;
#304 = DIRECTION ( 'NONE',  ( -1.000000000000000000, 0.000000000000000000, 0.000000000000000000 ) ) ;
#305 = AXIS2_PLACEMENT_3D ( 'NONE', #440, #876, #339 ) ;
#306 = EDGE_LOOP ( 'NONE', ( #12, #1568, #1353, #819 ) ) ;
#307 = CARTESIAN_POINT ( 'NONE',  ( -2.000000000000000000, -8.150000000000000355, 1.500000000000000000 ) ) ;
#308 = ADVANCED_FACE ( 'NONE', ( #1578 ), #893, .F. ) ;
#309 = EDGE_LOOP ( 'NONE', ( #32, #874, #1211, #1077 ) ) ;
#310 = DIRECTION ( 'NONE',  ( -0.000000000000000000, -0.000000000000000000, -1.000000000000000000 ) ) ;
#311 = APPLICATION_CONTEXT ( 'configuration controlled 3d designs of mechanical parts and assemblies' ) ;
#312 = DIRECTION ( 'NONE',  ( 0.000000000000000000, 0.000000000000000000, -1.000000000000000000 ) ) ;
#313 = VERTEX_POINT ( 'NONE', #1607 ) ;
#314 = LINE ( 'NONE', #568, #103 ) ;
#315 = EDGE_CURVE ( 'NONE', #226, #591, #323, .T. ) ;
#316 = APPROVAL_STATUS ( 'not_yet_approved' ) ;
#317 = ORIENTED_EDGE ( 'NONE', *, *, #593, .F. ) ;
#318 = CYLINDRICAL_SURFACE ( 'NONE', #1653, 0.5000000000000004441 ) ;
#319 = ORIENTED_EDGE ( 'NONE', *, *, #1432, .T. ) ;
#320 = VECTOR ( 'NONE', #325, 1000.000000000000000 ) ;
#321 = DIRECTION ( 'NONE',  ( 1.000000000000000000, 0.000000000000000000, 0.000000000000000000 ) ) ;
#322 = CARTESIAN_POINT ( 'NONE',  ( -0.5000000000000000000, -4.299999999999999822, 1.500000000000001332 ) ) ;
#323 = CIRCLE ( 'NONE', #1626, 0.5000000000000000000 ) ;
#324 = CIRCLE ( 'NONE', #461, 0.5000000000000000000 ) ;
#325 = DIRECTION ( 'NONE',  ( -0.000000000000000000, -0.000000000000000000, -1.000000000000000000 ) ) ;
#326 = DATE_AND_TIME ( #430, #738 ) ;
#327 = EDGE_CURVE ( 'NONE', #1334, #1032, #408, .T. ) ;
#328 = ORIENTED_EDGE ( 'NONE', *, *, #402, .T. ) ;
#329 = DIRECTION ( 'NONE',  ( 0.000000000000000000, 0.000000000000000000, 1.000000000000000000 ) ) ;
#330 = ORIENTED_EDGE ( 'NONE', *, *, #1253, .F. ) ;
#331 = EDGE_CURVE ( 'NONE', #179, #1106, #877, .T. ) ;
#332 = PLANE ( 'NONE',  #305 ) ;
#333 = DIRECTION ( 'NONE',  ( 0.000000000000000000, 0.000000000000000000, 1.000000000000000000 ) ) ;
#334 = AXIS2_PLACEMENT_3D ( 'NONE', #712, #1397, #1022 ) ;
#335 = DIRECTION ( 'NONE',  ( -0.000000000000000000, -0.000000000000000000, -1.000000000000000000 ) ) ;
#336 = ORIENTED_EDGE ( 'NONE', *, *, #1246, .F. ) ;
#337 = CARTESIAN_POINT ( 'NONE',  ( -2.000000000000000000, -8.150000000000000355, 1.500000000000000000 ) ) ;
#338 = ORIENTED_EDGE ( 'NONE', *, *, #1419, .T. ) ;
#339 = DIRECTION ( 'NONE',  ( 1.000000000000000000, 0.000000000000000000, -0.000000000000000000 ) ) ;
#340 = ADVANCED_FACE ( 'NONE', ( #1456 ), #1078, .F. ) ;
#341 = CARTESIAN_POINT ( 'NONE',  ( -6.800000000000000711, 0.000000000000000000, 1.500000000000001332 ) ) ;
#342 = LINE ( 'NONE', #967, #645 ) ;
#343 = DIRECTION ( 'NONE',  ( 0.000000000000000000, 0.000000000000000000, 1.000000000000000000 ) ) ;
#344 = ORIENTED_EDGE ( 'NONE', *, *, #1303, .T. ) ;
#345 = CYLINDRICAL_SURFACE ( 'NONE', #134, 2.000000000000000000 ) ;
#346 = ORIENTED_EDGE ( 'NONE', *, *, #1092, .F. ) ;
#347 = CARTESIAN_POINT ( 'NONE',  ( 8.300000000000000711, 0.000000000000000000, 1.500000000000001332 ) ) ;
#348 = VECTOR ( 'NONE', #1539, 1000.000000000000000 ) ;
#349 = EDGE_CURVE ( 'NONE', #948, #1627, #1622, .T. ) ;
#350 = VECTOR ( 'NONE', #364, 1000.000000000000000 ) ;
#351 = DIRECTION ( 'NONE',  ( 0.000000000000000000, 0.000000000000000000, -1.000000000000000000 ) ) ;
#352 = CARTESIAN_POINT ( 'NONE',  ( 8.300000000000000711, 0.000000000000000000, 0.000000000000000000 ) ) ;
#353 = DIRECTION ( 'NONE',  ( 0.000000000000000000, 0.000000000000000000, 1.000000000000000000 ) ) ;
#354 = ORIENTED_EDGE ( 'NONE', *, *, #136, .T. ) ;
#355 = EDGE_LOOP ( 'NONE', ( #536, #1457, #732, #61 ) ) ;
#356 = CARTESIAN_POINT ( 'NONE',  ( 0.000000000000000000, 0.000000000000000000, 1.500000000000000000 ) ) ;
#357 = DIRECTION ( 'NONE',  ( 1.000000000000000000, 0.000000000000000000, 0.000000000000000000 ) ) ;
#358 = DIRECTION ( 'NONE',  ( 0.000000000000000000, 0.000000000000000000, 1.000000000000000000 ) ) ;
#359 = EDGE_CURVE ( 'NONE', #1617, #286, #677, .T. ) ;
#360 = CARTESIAN_POINT ( 'NONE',  ( 2.000000000000000000, -8.150000000000000355, 1.500000000000000000 ) ) ;
#361 = CARTESIAN_POINT ( 'NONE',  ( -2.000000000000000000, -8.150000000000000355, 0.000000000000000000 ) ) ;
#362 = ORIENTED_EDGE ( 'NONE', *, *, #835, .F. ) ;
#363 = AXIS2_PLACEMENT_3D ( 'NONE', #419, #1255, #1220 ) ;
#364 = DIRECTION ( 'NONE',  ( 0.000000000000000000, 0.000000000000000000, -1.000000000000000000 ) ) ;
#365 = VERTEX_POINT ( 'NONE', #1472 ) ;
#366 = CARTESIAN_POINT ( 'NONE',  ( -8.150000000000000355, -2.000000000000000000, 1.500000000000000000 ) ) ;
#367 = DIRECTION ( 'NONE',  ( 1.000000000000000000, 0.000000000000000000, 0.000000000000000000 ) ) ;
#368 = LINE ( 'NONE', #494, #703 ) ;
#369 = CARTESIAN_POINT ( 'NONE',  ( -3.799999999999999822, 6.123233995736766036E-17, 1.500000000000001332 ) ) ;
#370 = EDGE_LOOP ( 'NONE', ( #752, #555, #624, #522 ) ) ;
#371 = EDGE_CURVE ( 'NONE', #1032, #1036, #1464, .T. ) ;
#372 = ORIENTED_EDGE ( 'NONE', *, *, #653, .T. ) ;
#373 = DIRECTION ( 'NONE',  ( 1.000000000000000000, 0.000000000000000000, -0.000000000000000000 ) ) ;
#374 = CC_DESIGN_APPROVAL ( #892, ( #47 ) ) ;
#375 = VECTOR ( 'NONE', #1704, 1000.000000000000000 ) ;
#376 = ORIENTED_EDGE ( 'NONE', *, *, #792, .F. ) ;
#377 = DIRECTION ( 'NONE',  ( -0.000000000000000000, -0.000000000000000000, -1.000000000000000000 ) ) ;
#378 = AXIS2_PLACEMENT_3D ( 'NONE', #1008, #1693, #762 ) ;
#379 = AXIS2_PLACEMENT_3D ( 'NONE', #1219, #563, #962 ) ;
#380 = ORIENTED_EDGE ( 'NONE', *, *, #736, .F. ) ;
#381 = AXIS2_PLACEMENT_3D ( 'NONE', #268, #1706, #416 ) ;
#382 = CYLINDRICAL_SURFACE ( 'NONE', #1572, 2.000000000000000000 ) ;
#383 = ADVANCED_FACE ( 'NONE', ( #1189 ), #287, .F. ) ;
#384 = LINE ( 'NONE', #910, #350 ) ;
#385 = ADVANCED_FACE ( 'NONE', ( #692 ), #1210, .F. ) ;
#386 = DIRECTION ( 'NONE',  ( 0.000000000000000000, 0.000000000000000000, 1.000000000000000000 ) ) ;
#387 = VERTEX_POINT ( 'NONE', #532 ) ;
#388 = DIRECTION ( 'NONE',  ( 0.000000000000000000, 0.000000000000000000, -1.000000000000000000 ) ) ;
#389 = ORIENTED_EDGE ( 'NONE', *, *, #880, .F. ) ;
#390 = CARTESIAN_POINT ( 'NONE',  ( -2.000000000000000000, 2.811138559374120494, 0.000000000000000000 ) ) ;
#391 = CARTESIAN_POINT ( 'NONE',  ( 0.000000000000000000, -8.300000000000000711, 1.500000000000001332 ) ) ;
#392 = CIRCLE ( 'NONE', #943, 0.5000000000000004441 ) ;
#393 = DIRECTION ( 'NONE',  ( 0.000000000000000000, 0.000000000000000000, 1.000000000000000000 ) ) ;
#394 = EDGE_CURVE ( 'NONE', #844, #1627, #990, .T. ) ;
#395 = ORIENTED_EDGE ( 'NONE', *, *, #1615, .F. ) ;
#396 = DIRECTION ( 'NONE',  ( 0.000000000000000000, 0.000000000000000000, 1.000000000000000000 ) ) ;
#397 = CARTESIAN_POINT ( 'NONE',  ( -8.150000000000000355, -2.000000000000000000, 0.000000000000000000 ) ) ;
#398 = DIRECTION ( 'NONE',  ( 0.000000000000000000, 1.000000000000000000, 0.000000000000000000 ) ) ;
#399 = ORIENTED_EDGE ( 'NONE', *, *, #1335, .T. ) ;
#400 = CARTESIAN_POINT ( 'NONE',  ( 3.450000000000000178, 4.225031457058368824E-16, -1.000000000000000000 ) ) ;
#401 = AXIS2_PLACEMENT_3D ( 'NONE', #1060, #393, #920 ) ;
#402 = EDGE_CURVE ( 'NONE', #591, #838, #1613, .T. ) ;
#403 = ORIENTED_EDGE ( 'NONE', *, *, #331, .F. ) ;
#404 = CIRCLE ( 'NONE', #875, 0.5000000000000000000 ) ;
#405 = DIRECTION ( 'NONE',  ( -0.000000000000000000, -1.000000000000000000, -0.000000000000000000 ) ) ;
#406 = CARTESIAN_POINT ( 'NONE',  ( 2.000000000000000000, 2.811138559374120494, 1.500000000000000000 ) ) ;
#407 = AXIS2_PLACEMENT_3D ( 'NONE', #13, #266, #1583 ) ;
#408 = CIRCLE ( 'NONE', #1459, 0.5000000000000000000 ) ;
#409 = VERTEX_POINT ( 'NONE', #952 ) ;
#410 = DIRECTION ( 'NONE',  ( 1.000000000000000000, 0.000000000000000000, 0.000000000000000000 ) ) ;
#411 = AXIS2_PLACEMENT_3D ( 'NONE', #1041, #658, #1156 ) ;
#412 = ORIENTED_EDGE ( 'NONE', *, *, #1470, .F. ) ;
#413 = DIRECTION ( 'NONE',  ( 1.000000000000000000, 0.000000000000000000, 0.000000000000000000 ) ) ;
#414 = LINE ( 'NONE', #698, #1355 ) ;
#415 = EDGE_CURVE ( 'NONE', #685, #115, #1058, .T. ) ;
#416 = DIRECTION ( 'NONE',  ( 1.000000000000000000, 0.000000000000000000, 0.000000000000000000 ) ) ;
#417 = ORIENTED_EDGE ( 'NONE', *, *, #1715, .T. ) ;
#418 = DIRECTION ( 'NONE',  ( 0.000000000000000000, 0.000000000000000000, 1.000000000000000000 ) ) ;
#419 = CARTESIAN_POINT ( 'NONE',  ( 0.000000000000000000, -8.150000000000000355, 1.500000000000000000 ) ) ;
#420 = ORIENTED_EDGE ( 'NONE', *, *, #297, .F. ) ;
#421 = CARTESIAN_POINT ( 'NONE',  ( 2.000000000000000000, 2.811138559374120494, 0.000000000000000000 ) ) ;
#422 = ORIENTED_EDGE ( 'NONE', *, *, #695, .T. ) ;
#423 = EDGE_CURVE ( 'NONE', #1696, #635, #484, .T. ) ;
#424 = ORIENTED_EDGE ( 'NONE', *, *, #349, .T. ) ;
#425 = CARTESIAN_POINT ( 'NONE',  ( -3.799999999999999822, 6.123233995736766036E-17, 1.500000000000001332 ) ) ;
#426 = ORIENTED_EDGE ( 'NONE', *, *, #825, .T. ) ;
#427 = CARTESIAN_POINT ( 'NONE',  ( -2.000000000000000000, -8.150000000000000355, 1.500000000000000000 ) ) ;
#428 = EDGE_LOOP ( 'NONE', ( #576, #1340, #236, #779 ) ) ;
#429 = CIRCLE ( 'NONE', #293, 0.5000000000000000000 ) ;
#430 = CALENDAR_DATE ( 2026, 8, 9 ) ;
#431 = VERTEX_POINT ( 'NONE', #1478 ) ;
#432 = CARTESIAN_POINT ( 'NONE',  ( 4.800000000000000711, 6.123233995736772199E-17, 1.500000000000001332 ) ) ;
#433 = AXIS2_PLACEMENT_3D ( 'NONE', #489, #1031, #1708 ) ;
#434 = AXIS2_PLACEMENT_3D ( 'NONE', #1347, #159, #939 ) ;
#435 = AXIS2_PLACEMENT_3D ( 'NONE', #1163, #1573, #930 ) ;
#436 = ADVANCED_FACE ( 'NONE', ( #831 ), #701, .F. ) ;
#437 = ORIENTED_EDGE ( 'NONE', *, *, #534, .T. ) ;
#438 = ORIENTED_EDGE ( 'NONE', *, *, #749, .F. ) ;
#439 = FACE_BOUND ( 'NONE', #1475, .T. ) ;
#440 = CARTESIAN_POINT ( 'NONE',  ( 0.000000000000000000, 0.000000000000000000, 0.000000000000000000 ) ) ;
#441 = ORIENTED_EDGE ( 'NONE', *, *, #453, .T. ) ;
#442 = EDGE_CURVE ( 'NONE', #1647, #1696, #1330, .T. ) ;
#443 = AXIS2_PLACEMENT_3D ( 'NONE', #1669, #1391, #1094 ) ;
#444 = APPROVAL_ROLE ( '' ) ;
#445 = ORIENTED_EDGE ( 'NONE', *, *, #10, .F. ) ;
#446 = FACE_BOUND ( 'NONE', #265, .T. ) ;
#447 = CARTESIAN_POINT ( 'NONE',  ( -2.549999999999999822, 0.000000000000000000, 1.500000000000001332 ) ) ;
#448 = VERTEX_POINT ( 'NONE', #303 ) ;
#449 = LINE ( 'NONE', #981, #570 ) ;
#450 = EDGE_CURVE ( 'NONE', #72, #1445, #235, .T. ) ;
#451 = CC_DESIGN_APPROVAL ( #965, ( #710 ) ) ;
#452 = EDGE_CURVE ( 'NONE', #838, #1293, #1148, .T. ) ;
#453 = EDGE_CURVE ( 'NONE', #647, #1055, #58, .T. ) ;
#454 = ORIENTED_EDGE ( 'NONE', *, *, #714, .T. ) ;
#455 = CARTESIAN_POINT ( 'NONE',  ( -4.299999999999999822, 0.000000000000000000, 0.000000000000000000 ) ) ;
#456 = ORIENTED_EDGE ( 'NONE', *, *, #1442, .T. ) ;
#457 = AXIS2_PLACEMENT_3D ( 'NONE', #764, #1436, #517 ) ;
#458 = CARTESIAN_POINT ( 'NONE',  ( 4.299999999999999822, 0.000000000000000000, 1.500000000000001332 ) ) ;
#459 = AXIS2_PLACEMENT_3D ( 'NONE', #836, #1337, #1073 ) ;
#460 = AXIS2_PLACEMENT_3D ( 'NONE', #356, #900, #252 ) ;
#461 = AXIS2_PLACEMENT_3D ( 'NONE', #957, #932, #1054 ) ;
#462 = CARTESIAN_POINT ( 'NONE',  ( -0.5000000000000000000, -6.299999999999999822, 0.000000000000000000 ) ) ;
#463 = FACE_BOUND ( 'NONE', #526, .T. ) ;
#464 = PERSON_AND_ORGANIZATION_ROLE ( 'classification_officer' ) ;
#465 = ORIENTED_EDGE ( 'NONE', *, *, #1691, .F. ) ;
#466 = CARTESIAN_POINT ( 'NONE',  ( 0.000000000000000000, 0.000000000000000000, 1.500000000000000000 ) ) ;
#467 = ORIENTED_EDGE ( 'NONE', *, *, #749, .T. ) ;
#468 = ADVANCED_FACE ( 'NONE', ( #716 ), #318, .F. ) ;
#469 = DIRECTION ( 'NONE',  ( 1.000000000000000000, 0.000000000000000000, 0.000000000000000000 ) ) ;
#470 = CIRCLE ( 'NONE', #1494, 2.000000000000000000 ) ;
#471 = DIRECTION ( 'NONE',  ( 0.000000000000000000, 0.000000000000000000, -1.000000000000000000 ) ) ;
#472 = AXIS2_PLACEMENT_3D ( 'NONE', #1263, #1552, #357 ) ;
#473 = DIRECTION ( 'NONE',  ( 0.000000000000000000, 0.000000000000000000, -1.000000000000000000 ) ) ;
#474 = EDGE_LOOP ( 'NONE', ( #951, #172, #1057, #1461 ) ) ;
#475 = CC_DESIGN_PERSON_AND_ORGANIZATION_ASSIGNMENT ( #176, #596, ( #1343 ) ) ;
#476 = CARTESIAN_POINT ( 'NONE',  ( -2.000000000000000000, -2.811138559374120494, 0.000000000000000000 ) ) ;
#477 = DIRECTION ( 'NONE',  ( -0.000000000000000000, -0.000000000000000000, -1.000000000000000000 ) ) ;
#478 = PLANE ( 'NONE',  #1551 ) ;
#479 = CARTESIAN_POINT ( 'NONE',  ( 0.000000000000000000, 6.299999999999999822, 0.000000000000000000 ) ) ;
#480 = VERTEX_POINT ( 'NONE', #1232 ) ;
#481 = CYLINDRICAL_SURFACE ( 'NONE', #269, 0.5000000000000000000 ) ;
#482 = DIRECTION ( 'NONE',  ( -1.000000000000000000, 0.000000000000000000, 0.000000000000000000 ) ) ;
#483 = ADVANCED_FACE ( 'NONE', ( #1663 ), #1386, .T. ) ;
#484 = CIRCLE ( 'NONE', #1685, 3.450000000000000178 ) ;
#485 = DIRECTION ( 'NONE',  ( -0.000000000000000000, -1.000000000000000000, -0.000000000000000000 ) ) ;
#486 = CARTESIAN_POINT ( 'NONE',  ( 2.000000000000000000, -8.150000000000000355, 1.500000000000000000 ) ) ;
#487 = VERTEX_POINT ( 'NONE', #839 ) ;
#488 = ORIENTED_EDGE ( 'NONE', *, *, #1277, .F. ) ;
#489 = CARTESIAN_POINT ( 'NONE',  ( 6.299999999999999822, 0.000000000000000000, 1.500000000000001332 ) ) ;
#490 = EDGE_LOOP ( 'NONE', ( #1248, #389 ) ) ;
#491 = DIRECTION ( 'NONE',  ( -0.000000000000000000, -0.000000000000000000, -1.000000000000000000 ) ) ;
#492 = EDGE_CURVE ( 'NONE', #518, #927, #1283, .T. ) ;
#493 = DIRECTION ( 'NONE',  ( 0.000000000000000000, 0.000000000000000000, -1.000000000000000000 ) ) ;
#494 = CARTESIAN_POINT ( 'NONE',  ( 3.799999999999999378, 0.000000000000000000, 1.500000000000001332 ) ) ;
#495 = CARTESIAN_POINT ( 'NONE',  ( 2.000000000000000000, -8.150000000000000355, 1.500000000000000000 ) ) ;
#496 = EDGE_LOOP ( 'NONE', ( #1297, #1276, #972, #422 ) ) ;
#497 = VECTOR ( 'NONE', #79, 1000.000000000000000 ) ;
#498 = ORIENTED_EDGE ( 'NONE', *, *, #60, .F. ) ;
#499 = LINE ( 'NONE', #92, #628 ) ;
#500 = ORIENTED_EDGE ( 'NONE', *, *, #394, .F. ) ;
#501 =( NAMED_UNIT ( * ) PLANE_ANGLE_UNIT ( ) SI_UNIT ( $, .RADIAN. ) );
#502 = ORIENTED_EDGE ( 'NONE', *, *, #1335, .F. ) ;
#503 = ADVANCED_FACE ( 'NONE', ( #446, #976, #1502, #1115, #708, #1225, #51, #572, #861, #1101, #1633, #1522, #439, #869 ), #1378, .T. ) ;
#504 = LINE ( 'NONE', #248, #77 ) ;
#505 = DIRECTION ( 'NONE',  ( 1.000000000000000000, 0.000000000000000000, 0.000000000000000000 ) ) ;
#506 = ORIENTED_EDGE ( 'NONE', *, *, #1389, .T. ) ;
#507 = EDGE_CURVE ( 'NONE', #448, #1451, #191, .T. ) ;
#508 = CARTESIAN_POINT ( 'NONE',  ( 0.000000000000000000, 0.000000000000000000, 1.500000000000001332 ) ) ;
#509 = ORIENTED_EDGE ( 'NONE', *, *, #806, .T. ) ;
#510 = DIRECTION ( 'NONE',  ( 1.000000000000000000, 0.000000000000000000, 0.000000000000000000 ) ) ;
#511 = ORIENTED_EDGE ( 'NONE', *, *, #1122, .T. ) ;
#512 = CARTESIAN_POINT ( 'NONE',  ( 0.000000000000000000, 0.000000000000000000, 0.000000000000000000 ) ) ;
#513 = AXIS2_PLACEMENT_3D ( 'NONE', #455, #310, #989 ) ;
#514 = ORIENTED_EDGE ( 'NONE', *, *, #1715, .F. ) ;
#515 = DIRECTION ( 'NONE',  ( -0.000000000000000000, -0.000000000000000000, -1.000000000000000000 ) ) ;
#516 = VECTOR ( 'NONE', #229, 1000.000000000000000 ) ;
#517 = DIRECTION ( 'NONE',  ( 1.000000000000000000, 0.000000000000000000, 0.000000000000000000 ) ) ;
#518 = VERTEX_POINT ( 'NONE', #1394 ) ;
#519 = AXIS2_PLACEMENT_3D ( 'NONE', #1449, #141, #1182 ) ;
#520 = CARTESIAN_POINT ( 'NONE',  ( -8.150000000000000355, -2.000000000000000000, 1.500000000000000000 ) ) ;
#521 = ADVANCED_FACE ( 'NONE', ( #1496 ), #1249, .F. ) ;
#522 = ORIENTED_EDGE ( 'NONE', *, *, #1645, .F. ) ;
#523 = DIRECTION ( 'NONE',  ( 0.000000000000000000, 0.000000000000000000, -1.000000000000000000 ) ) ;
#524 = ORIENTED_EDGE ( 'NONE', *, *, #1481, .F. ) ;
#525 = DIRECTION ( 'NONE',  ( 1.000000000000000000, 0.000000000000000000, 0.000000000000000000 ) ) ;
#526 = EDGE_LOOP ( 'NONE', ( #500, #1707 ) ) ;
#527 = DIRECTION ( 'NONE',  ( -0.000000000000000000, -0.000000000000000000, -1.000000000000000000 ) ) ;
#528 = EDGE_LOOP ( 'NONE', ( #125, #1636 ) ) ;
#529 = AXIS2_PLACEMENT_3D ( 'NONE', #1468, #1453, #276 ) ;
#530 = DIRECTION ( 'NONE',  ( -1.000000000000000000, -0.000000000000000000, -0.000000000000000000 ) ) ;
#531 = ORIENTED_EDGE ( 'NONE', *, *, #1157, .T. ) ;
#532 = CARTESIAN_POINT ( 'NONE',  ( -8.800000000000000711, 0.000000000000000000, 1.500000000000001332 ) ) ;
#533 = EDGE_LOOP ( 'NONE', ( #319, #1619, #1285, #676 ) ) ;
#534 = EDGE_CURVE ( 'NONE', #518, #54, #71, .T. ) ;
#535 = DIRECTION ( 'NONE',  ( -0.000000000000000000, -0.000000000000000000, -1.000000000000000000 ) ) ;
#536 = ORIENTED_EDGE ( 'NONE', *, *, #415, .F. ) ;
#537 = CARTESIAN_POINT ( 'NONE',  ( -5.799999999999999822, 6.123233995736772199E-17, 1.500000000000001332 ) ) ;
#538 = CARTESIAN_POINT ( 'NONE',  ( 8.150000000000000355, 2.000000000000000000, 1.500000000000000000 ) ) ;
#539 = DIRECTION ( 'NONE',  ( 0.000000000000000000, 0.000000000000000000, -1.000000000000000000 ) ) ;
#540 = VERTEX_POINT ( 'NONE', #1126 ) ;
#541 = CARTESIAN_POINT ( 'NONE',  ( 0.000000000000000000, 4.299999999999999822, 1.500000000000001332 ) ) ;
#542 = APPROVAL_PERSON_ORGANIZATION ( #1620, #965, #56 ) ;
#543 = DIRECTION ( 'NONE',  ( 0.000000000000000000, 0.000000000000000000, -1.000000000000000000 ) ) ;
#544 = EDGE_LOOP ( 'NONE', ( #1188, #1010 ) ) ;
#545 = EDGE_CURVE ( 'NONE', #256, #1662, #741, .T. ) ;
#546 = CIRCLE ( 'NONE', #769, 0.5000000000000000000 ) ;
#547 = DIRECTION ( 'NONE',  ( 0.000000000000000000, 0.000000000000000000, 1.000000000000000000 ) ) ;
#548 = AXIS2_PLACEMENT_3D ( 'NONE', #1147, #493, #630 ) ;
#549 = AXIS2_PLACEMENT_3D ( 'NONE', #1697, #1414, #373 ) ;
#550 = CIRCLE ( 'NONE', #604, 0.5000000000000004441 ) ;
#551 = ORIENTED_EDGE ( 'NONE', *, *, #759, .T. ) ;
#552 = DIRECTION ( 'NONE',  ( 0.000000000000000000, -0.000000000000000000, 1.000000000000000000 ) ) ;
#553 = EDGE_CURVE ( 'NONE', #1557, #1530, #1133, .T. ) ;
#554 = ORIENTED_EDGE ( 'NONE', *, *, #1061, .T. ) ;
#555 = ORIENTED_EDGE ( 'NONE', *, *, #267, .T. ) ;
#556 = DIRECTION ( 'NONE',  ( 0.000000000000000000, 0.000000000000000000, -1.000000000000000000 ) ) ;
#557 = CARTESIAN_POINT ( 'NONE',  ( 0.5000000000000000000, -6.299999999999999822, 1.500000000000001332 ) ) ;
#558 = AXIS2_PLACEMENT_3D ( 'NONE', #1123, #1519, #607 ) ;
#559 = ORIENTED_EDGE ( 'NONE', *, *, #1514, .F. ) ;
#560 = DIRECTION ( 'NONE',  ( 0.000000000000000000, 0.000000000000000000, 1.000000000000000000 ) ) ;
#561 = APPROVAL_STATUS ( 'not_yet_approved' ) ;
#562 = ORIENTED_EDGE ( 'NONE', *, *, #1492, .T. ) ;
#563 = DIRECTION ( 'NONE',  ( 0.000000000000000000, 0.000000000000000000, -1.000000000000000000 ) ) ;
#564 = EDGE_CURVE ( 'NONE', #1110, #1617, #1712, .T. ) ;
#565 = CYLINDRICAL_SURFACE ( 'NONE', #548, 0.5000000000000000000 ) ;
#566 = CARTESIAN_POINT ( 'NONE',  ( 0.000000000000000000, 0.000000000000000000, 1.500000000000000000 ) ) ;
#567 = ORIENTED_EDGE ( 'NONE', *, *, #257, .F. ) ;
#568 = CARTESIAN_POINT ( 'NONE',  ( -8.150000000000000355, -2.000000000000000000, 0.000000000000000000 ) ) ;
#569 = CARTESIAN_POINT ( 'NONE',  ( 2.000000000000000000, 2.811138559374120494, 1.500000000000000000 ) ) ;
#570 = VECTOR ( 'NONE', #543, 1000.000000000000000 ) ;
#571 = ORIENTED_EDGE ( 'NONE', *, *, #1345, .F. ) ;
#572 = FACE_BOUND ( 'NONE', #1621, .T. ) ;
#573 = CARTESIAN_POINT ( 'NONE',  ( -4.299999999999999822, 0.000000000000000000, 1.500000000000001332 ) ) ;
#574 = EDGE_CURVE ( 'NONE', #715, #1590, #160, .T. ) ;
#575 = DIRECTION ( 'NONE',  ( -1.000000000000000000, 0.000000000000000000, 0.000000000000000000 ) ) ;
#576 = ORIENTED_EDGE ( 'NONE', *, *, #582, .F. ) ;
#577 = APPROVAL_STATUS ( 'not_yet_approved' ) ;
#578 = ORIENTED_EDGE ( 'NONE', *, *, #315, .T. ) ;
#579 = DIRECTION ( 'NONE',  ( 1.000000000000000000, 0.000000000000000000, 0.000000000000000000 ) ) ;
#580 = ORIENTED_EDGE ( 'NONE', *, *, #1389, .F. ) ;
#581 = DIRECTION ( 'NONE',  ( 0.000000000000000000, 0.000000000000000000, 1.000000000000000000 ) ) ;
#582 = EDGE_CURVE ( 'NONE', #1257, #302, #1160, .T. ) ;
#583 = EDGE_LOOP ( 'NONE', ( #834, #403 ) ) ;
#584 = VECTOR ( 'NONE', #34, 1000.000000000000000 ) ;
#585 = CARTESIAN_POINT ( 'NONE',  ( 0.5000000000000000000, -8.300000000000000711, 0.000000000000000000 ) ) ;
#586 = PERSON_AND_ORGANIZATION ( #602, #1339 ) ;
#587 = EDGE_LOOP ( 'NONE', ( #1506, #1601 ) ) ;
#588 = DIRECTION ( 'NONE',  ( -0.000000000000000000, -0.000000000000000000, -1.000000000000000000 ) ) ;
#589 = ORIENTED_EDGE ( 'NONE', *, *, #825, .F. ) ;
#590 = DIRECTION ( 'NONE',  ( -0.000000000000000000, -0.000000000000000000, -1.000000000000000000 ) ) ;
#591 = VERTEX_POINT ( 'NONE', #369 ) ;
#592 = LINE ( 'NONE', #1508, #613 ) ;
#593 = EDGE_CURVE ( 'NONE', #1427, #931, #1595, .T. ) ;
#594 = CC_DESIGN_SECURITY_CLASSIFICATION ( #47, ( #710 ) ) ;
#595 = FACE_OUTER_BOUND ( 'NONE', #1471, .T. ) ;
#596 = PERSON_AND_ORGANIZATION_ROLE ( 'design_owner' ) ;
#597 = ORIENTED_EDGE ( 'NONE', *, *, #1570, .F. ) ;
#598 = CARTESIAN_POINT ( 'NONE',  ( -2.000000000000000000, -8.150000000000000355, 0.000000000000000000 ) ) ;
#599 = VERTEX_POINT ( 'NONE', #361 ) ;
#600 = AXIS2_PLACEMENT_3D ( 'NONE', #178, #329, #850 ) ;
#601 = CARTESIAN_POINT ( 'NONE',  ( 0.000000000000000000, 0.000000000000000000, 1.500000000000001332 ) ) ;
#602 = PERSON ( 'UNSPECIFIED', 'UNSPECIFIED', 'UNSPECIFIED', ('UNSPECIFIED'), ('UNSPECIFIED'), ('UNSPECIFIED') ) ;
#603 = AXIS2_PLACEMENT_3D ( 'NONE', #1025, #258, #794 ) ;
#604 = AXIS2_PLACEMENT_3D ( 'NONE', #1577, #1333, #1328 ) ;
#605 = DIRECTION ( 'NONE',  ( 1.000000000000000000, 0.000000000000000000, 0.000000000000000000 ) ) ;
#606 = EDGE_CURVE ( 'NONE', #540, #660, #546, .T. ) ;
#607 = DIRECTION ( 'NONE',  ( -1.000000000000000000, 0.000000000000000000, 0.000000000000000000 ) ) ;
#608 = VERTEX_POINT ( 'NONE', #231 ) ;
#609 = DIRECTION ( 'NONE',  ( -0.000000000000000000, -1.000000000000000000, -0.000000000000000000 ) ) ;
#610 = FACE_BOUND ( 'NONE', #528, .T. ) ;
#611 = CARTESIAN_POINT ( 'NONE',  ( 2.811138559374120494, 2.000000000000000000, 1.500000000000000000 ) ) ;
#612 = VECTOR ( 'NONE', #674, 1000.000000000000000 ) ;
#613 = VECTOR ( 'NONE', #1654, 1000.000000000000000 ) ;
#614 = CARTESIAN_POINT ( 'NONE',  ( -8.150000000000000355, -2.000000000000000000, 1.500000000000000000 ) ) ;
#615 = CARTESIAN_POINT ( 'NONE',  ( 7.799999999999999822, 0.000000000000000000, 1.500000000000001332 ) ) ;
#616 = EDGE_CURVE ( 'NONE', #1557, #1338, #1566, .T. ) ;
#617 = FACE_BOUND ( 'NONE', #1095, .T. ) ;
#618 = LINE ( 'NONE', #1424, #296 ) ;
#619 = CC_DESIGN_APPROVAL ( #1579, ( #174 ) ) ;
#620 = CARTESIAN_POINT ( 'NONE',  ( 0.000000000000000000, 4.299999999999999822, 1.500000000000001332 ) ) ;
#621 = ORIENTED_EDGE ( 'NONE', *, *, #1535, .F. ) ;
#622 = VERTEX_POINT ( 'NONE', #1035 ) ;
#623 = CARTESIAN_POINT ( 'NONE',  ( 0.000000000000000000, -4.299999999999999822, 1.500000000000001332 ) ) ;
#624 = ORIENTED_EDGE ( 'NONE', *, *, #60, .T. ) ;
#625 = CIRCLE ( 'NONE', #1321, 0.5000000000000004441 ) ;
#626 = EDGE_CURVE ( 'NONE', #1032, #1334, #429, .T. ) ;
#627 = CIRCLE ( 'NONE', #434, 0.5000000000000000000 ) ;
#628 = VECTOR ( 'NONE', #1448, 1000.000000000000000 ) ;
#629 = VECTOR ( 'NONE', #1066, 1000.000000000000000 ) ;
#630 = DIRECTION ( 'NONE',  ( -1.000000000000000000, 0.000000000000000000, 0.000000000000000000 ) ) ;
#631 = CYLINDRICAL_SURFACE ( 'NONE', #558, 0.5000000000000000000 ) ;
#632 = DIRECTION ( 'NONE',  ( 0.000000000000000000, 0.000000000000000000, 1.000000000000000000 ) ) ;
#633 = ORIENTED_EDGE ( 'NONE', *, *, #442, .F. ) ;
#634 = CARTESIAN_POINT ( 'NONE',  ( -0.5000000000000000000, 8.300000000000000711, 1.500000000000001332 ) ) ;
#635 = VERTEX_POINT ( 'NONE', #1009 ) ;
#636 = FACE_OUTER_BOUND ( 'NONE', #1604, .T. ) ;
#637 = CARTESIAN_POINT ( 'NONE',  ( -6.299999999999999822, 0.000000000000000000, 1.500000000000001332 ) ) ;
#638 = ADVANCED_FACE ( 'NONE', ( #1695 ), #882, .F. ) ;
#639 = ORIENTED_EDGE ( 'NONE', *, *, #1379, .F. ) ;
#640 = EDGE_CURVE ( 'NONE', #1106, #1427, #1028, .T. ) ;
#641 = DIRECTION ( 'NONE',  ( 1.000000000000000000, 0.000000000000000000, 0.000000000000000000 ) ) ;
#642 = DIRECTION ( 'NONE',  ( 0.000000000000000000, 0.000000000000000000, 1.000000000000000000 ) ) ;
#643 = DIRECTION ( 'NONE',  ( 0.000000000000000000, 0.000000000000000000, 1.000000000000000000 ) ) ;
#644 = EDGE_LOOP ( 'NONE', ( #1488, #1564 ) ) ;
#645 = VECTOR ( 'NONE', #872, 1000.000000000000000 ) ;
#646 = DIRECTION ( 'NONE',  ( 1.000000000000000000, 0.000000000000000000, 0.000000000000000000 ) ) ;
#647 = VERTEX_POINT ( 'NONE', #1567 ) ;
#648 = DIRECTION ( 'NONE',  ( -1.000000000000000000, 0.000000000000000000, 0.000000000000000000 ) ) ;
#649 = ORIENTED_EDGE ( 'NONE', *, *, #394, .T. ) ;
#650 = CARTESIAN_POINT ( 'NONE',  ( -0.5000000000000000000, -4.299999999999999822, 1.500000000000001332 ) ) ;
#651 = ORIENTED_EDGE ( 'NONE', *, *, #202, .F. ) ;
#652 = CARTESIAN_POINT ( 'NONE',  ( 0.5000000000000000000, 4.299999999999999822, 1.500000000000001332 ) ) ;
#653 = EDGE_CURVE ( 'NONE', #635, #1696, #659, .T. ) ;
#654 = FACE_OUTER_BOUND ( 'NONE', #1559, .T. ) ;
#655 = EDGE_LOOP ( 'NONE', ( #498, #299, #817, #438, #571, #1532 ) ) ;
#656 = DIRECTION ( 'NONE',  ( 0.000000000000000000, 0.000000000000000000, 1.000000000000000000 ) ) ;
#657 = CARTESIAN_POINT ( 'NONE',  ( 8.800000000000000711, 6.123233995736772199E-17, 1.500000000000001332 ) ) ;
#658 = DIRECTION ( 'NONE',  ( 0.000000000000000000, 0.000000000000000000, 1.000000000000000000 ) ) ;
#659 = CIRCLE ( 'NONE', #1625, 3.450000000000000178 ) ;
#660 = VERTEX_POINT ( 'NONE', #108 ) ;
#661 = AXIS2_PLACEMENT_3D ( 'NONE', #601, #1381, #727 ) ;
#662 = VECTOR ( 'NONE', #590, 1000.000000000000000 ) ;
#663 = CYLINDRICAL_SURFACE ( 'NONE', #1628, 0.5000000000000000000 ) ;
#664 = AXIS2_PLACEMENT_3D ( 'NONE', #804, #283, #413 ) ;
#665 = ORIENTED_EDGE ( 'NONE', *, *, #1692, .T. ) ;
#666 = CC_DESIGN_PERSON_AND_ORGANIZATION_ASSIGNMENT ( #1105, #1631, ( #710 ) ) ;
#667 = AXIS2_PLACEMENT_3D ( 'NONE', #814, #681, #1199 ) ;
#668 = LINE ( 'NONE', #789, #629 ) ;
#669 = VERTEX_POINT ( 'NONE', #897 ) ;
#670 = DIRECTION ( 'NONE',  ( -0.000000000000000000, -0.000000000000000000, -1.000000000000000000 ) ) ;
#671 = DIRECTION ( 'NONE',  ( 0.000000000000000000, 0.000000000000000000, -1.000000000000000000 ) ) ;
#672 = EDGE_LOOP ( 'NONE', ( #1324, #399, #969, #376 ) ) ;
#673 = LINE ( 'NONE', #680, #1598 ) ;
#674 = DIRECTION ( 'NONE',  ( -0.000000000000000000, -0.000000000000000000, -1.000000000000000000 ) ) ;
#675 = CARTESIAN_POINT ( 'NONE',  ( -2.811138559374120494, 2.000000000000000000, 1.500000000000000000 ) ) ;
#676 = ORIENTED_EDGE ( 'NONE', *, *, #640, .F. ) ;
#677 = LINE ( 'NONE', #928, #1599 ) ;
#678 = ADVANCED_FACE ( 'NONE', ( #654 ), #345, .T. ) ;
#679 = ORIENTED_EDGE ( 'NONE', *, *, #553, .T. ) ;
#680 = CARTESIAN_POINT ( 'NONE',  ( 2.811138559374120494, -2.000000000000000000, 1.500000000000000000 ) ) ;
#681 = DIRECTION ( 'NONE',  ( 0.000000000000000000, 0.000000000000000000, 1.000000000000000000 ) ) ;
#682 = ORIENTED_EDGE ( 'NONE', *, *, #736, .T. ) ;
#683 = AXIS2_PLACEMENT_3D ( 'NONE', #512, #386, #1441 ) ;
#684 = EDGE_CURVE ( 'NONE', #1530, #906, #1202, .T. ) ;
#685 = VERTEX_POINT ( 'NONE', #240 ) ;
#686 = CIRCLE ( 'NONE', #902, 3.450000000000000178 ) ;
#687 = PLANE ( 'NONE',  #853 ) ;
#688 = EDGE_LOOP ( 'NONE', ( #1548, #805, #29, #180 ) ) ;
#689 = AXIS2_PLACEMENT_3D ( 'NONE', #1702, #358, #641 ) ;
#690 = AXIS2_PLACEMENT_3D ( 'NONE', #1151, #1549, #1438 ) ;
#691 = ORIENTED_EDGE ( 'NONE', *, *, #1681, .F. ) ;
#692 = FACE_OUTER_BOUND ( 'NONE', #1143, .T. ) ;
#693 = VECTOR ( 'NONE', #1138, 1000.000000000000000 ) ;
#694 = CARTESIAN_POINT ( 'NONE',  ( 2.000000000000000000, -8.150000000000000355, 1.500000000000000000 ) ) ;
#695 = EDGE_CURVE ( 'NONE', #286, #717, #404, .T. ) ;
#696 = ORIENTED_EDGE ( 'NONE', *, *, #823, .F. ) ;
#697 = EDGE_CURVE ( 'NONE', #798, #1050, #249, .T. ) ;
#698 = CARTESIAN_POINT ( 'NONE',  ( 2.000000000000000000, -8.150000000000000355, 1.500000000000000000 ) ) ;
#699 = COORDINATED_UNIVERSAL_TIME_OFFSET ( 6, 0, .BEHIND. ) ;
#700 = EDGE_LOOP ( 'NONE', ( #1455, #1305, #167, #456 ) ) ;
#701 = CYLINDRICAL_SURFACE ( 'NONE', #379, 0.5000000000000004441 ) ;
#702 = CARTESIAN_POINT ( 'NONE',  ( 0.000000000000000000, 8.150000000000000355, 1.500000000000000000 ) ) ;
#703 = VECTOR ( 'NONE', #1168, 1000.000000000000000 ) ;
#704 = ORIENTED_EDGE ( 'NONE', *, *, #289, .F. ) ;
#705 = CARTESIAN_POINT ( 'NONE',  ( -4.800000000000000711, 0.000000000000000000, 1.500000000000001332 ) ) ;
#706 = EDGE_CURVE ( 'NONE', #147, #1547, #1096, .T. ) ;
#707 = EDGE_LOOP ( 'NONE', ( #1062, #1632, #1574, #898 ) ) ;
#708 = FACE_BOUND ( 'NONE', #1299, .T. ) ;
#709 = PLANE ( 'NONE',  #1024 ) ;
#710 = PRODUCT_DEFINITION_FORMATION_WITH_SPECIFIED_SOURCE ( 'ANY', '', #1343, .NOT_KNOWN. ) ;
#711 = ORIENTED_EDGE ( 'NONE', *, *, #28, .T. ) ;
#712 = CARTESIAN_POINT ( 'NONE',  ( -6.299999999999999822, 0.000000000000000000, 1.500000000000001332 ) ) ;
#713 = CALENDAR_DATE ( 2026, 8, 9 ) ;
#714 = EDGE_CURVE ( 'NONE', #313, #948, #625, .T. ) ;
#715 = VERTEX_POINT ( 'NONE', #1112 ) ;
#716 = FACE_OUTER_BOUND ( 'NONE', #533, .T. ) ;
#717 = VERTEX_POINT ( 'NONE', #585 ) ;
#718 = VECTOR ( 'NONE', #16, 1000.000000000000000 ) ;
#719 = CIRCLE ( 'NONE', #667, 0.5000000000000000000 ) ;
#720 = DIRECTION ( 'NONE',  ( 0.000000000000000000, -1.000000000000000000, 0.000000000000000000 ) ) ;
#721 = VERTEX_POINT ( 'NONE', #1643 ) ;
#722 = LINE ( 'NONE', #55, #320 ) ;
#723 = APPROVAL_ROLE ( '' ) ;
#724 = EDGE_LOOP ( 'NONE', ( #578, #328, #780, #1059 ) ) ;
#725 = DIRECTION ( 'NONE',  ( 0.000000000000000000, 0.000000000000000000, -1.000000000000000000 ) ) ;
#726 = ORIENTED_EDGE ( 'NONE', *, *, #783, .F. ) ;
#727 = DIRECTION ( 'NONE',  ( -1.000000000000000000, 0.000000000000000000, 0.000000000000000000 ) ) ;
#728 = EDGE_CURVE ( 'NONE', #1338, #906, #449, .T. ) ;
#729 = FACE_OUTER_BOUND ( 'NONE', #807, .T. ) ;
#730 = VECTOR ( 'NONE', #1002, 1000.000000000000000 ) ;
#731 = DIRECTION ( 'NONE',  ( 0.000000000000000000, 0.000000000000000000, 1.000000000000000000 ) ) ;
#732 = ORIENTED_EDGE ( 'NONE', *, *, #973, .T. ) ;
#733 = DIRECTION ( 'NONE',  ( 1.000000000000000000, 0.000000000000000000, -0.000000000000000000 ) ) ;
#734 = CYLINDRICAL_SURFACE ( 'NONE', #661, 2.549999999999999822 ) ;
#735 = DIRECTION ( 'NONE',  ( -0.000000000000000000, -0.000000000000000000, -1.000000000000000000 ) ) ;
#736 = EDGE_CURVE ( 'NONE', #775, #38, #686, .T. ) ;
#737 = CARTESIAN_POINT ( 'NONE',  ( -0.5000000000000000000, 6.299999999999999822, 1.500000000000001332 ) ) ;
#738 = LOCAL_TIME ( 17, 1, 46.00000000000000000, #1520 ) ;
#739 = CYLINDRICAL_SURFACE ( 'NONE', #1139, 2.000000000000000000 ) ;
#740 = ORIENTED_EDGE ( 'NONE', *, *, #492, .F. ) ;
#741 = LINE ( 'NONE', #1258, #984 ) ;
#742 = ORIENTED_EDGE ( 'NONE', *, *, #124, .T. ) ;
#743 = VECTOR ( 'NONE', #609, 1000.000000000000000 ) ;
#744 = CARTESIAN_POINT ( 'NONE',  ( 0.000000000000000000, -8.300000000000000711, 1.500000000000001332 ) ) ;
#745 = AXIS2_PLACEMENT_3D ( 'NONE', #1466, #396, #300 ) ;
#746 = FACE_OUTER_BOUND ( 'NONE', #787, .T. ) ;
#747 = CIRCLE ( 'NONE', #1600, 0.5000000000000004441 ) ;
#748 = DIRECTION ( 'NONE',  ( -1.000000000000000000, 0.000000000000000000, 0.000000000000000000 ) ) ;
#749 = EDGE_CURVE ( 'NONE', #487, #256, #314, .T. ) ;
#750 = FACE_BOUND ( 'NONE', #1104, .T. ) ;
#751 = DIRECTION ( 'NONE',  ( 0.000000000000000000, 0.000000000000000000, 1.000000000000000000 ) ) ;
#752 = ORIENTED_EDGE ( 'NONE', *, *, #1376, .F. ) ;
#753 = CARTESIAN_POINT ( 'NONE',  ( 0.5000000000000000000, 6.299999999999999822, 1.500000000000001332 ) ) ;
#754 = VECTOR ( 'NONE', #925, 1000.000000000000000 ) ;
#755 = CARTESIAN_POINT ( 'NONE',  ( 0.5000000000000000000, -8.300000000000000711, 1.500000000000001332 ) ) ;
#756 = DIRECTION ( 'NONE',  ( 1.000000000000000000, 0.000000000000000000, -0.000000000000000000 ) ) ;
#757 = DIRECTION ( 'NONE',  ( 0.000000000000000000, 0.000000000000000000, 1.000000000000000000 ) ) ;
#758 = ORIENTED_EDGE ( 'NONE', *, *, #1180, .F. ) ;
#759 = EDGE_CURVE ( 'NONE', #851, #635, #722, .T. ) ;
#760 = DIRECTION ( 'NONE',  ( 0.000000000000000000, 0.000000000000000000, 1.000000000000000000 ) ) ;
#761 = CARTESIAN_POINT ( 'NONE',  ( 8.150000000000000355, -2.000000000000000000, 0.000000000000000000 ) ) ;
#762 = DIRECTION ( 'NONE',  ( 1.000000000000000000, 0.000000000000000000, 0.000000000000000000 ) ) ;
#763 = CARTESIAN_POINT ( 'NONE',  ( -2.000000000000000000, -8.150000000000000355, 1.500000000000000000 ) ) ;
#764 = CARTESIAN_POINT ( 'NONE',  ( -6.299999999999999822, 0.000000000000000000, 0.000000000000000000 ) ) ;
#765 = ORIENTED_EDGE ( 'NONE', *, *, #1624, .T. ) ;
#766 = EDGE_CURVE ( 'NONE', #1055, #1132, #254, .T. ) ;
#767 = ORIENTED_EDGE ( 'NONE', *, *, #1380, .T. ) ;
#768 = FACE_OUTER_BOUND ( 'NONE', #1090, .T. ) ;
#769 = AXIS2_PLACEMENT_3D ( 'NONE', #479, #1178, #505 ) ;
#770 = DIRECTION ( 'NONE',  ( 1.000000000000000000, 0.000000000000000000, 0.000000000000000000 ) ) ;
#771 = EDGE_CURVE ( 'NONE', #179, #931, #1236, .T. ) ;
#772 = AXIS2_PLACEMENT_3D ( 'NONE', #889, #785, #1307 ) ;
#773 = CIRCLE ( 'NONE', #1154, 3.450000000000000178 ) ;
#774 = CIRCLE ( 'NONE', #1291, 0.5000000000000000000 ) ;
#775 = VERTEX_POINT ( 'NONE', #1252 ) ;
#776 = FACE_OUTER_BOUND ( 'NONE', #1679, .T. ) ;
#777 = DIRECTION ( 'NONE',  ( 1.000000000000000000, 0.000000000000000000, 0.000000000000000000 ) ) ;
#778 = DIRECTION ( 'NONE',  ( 1.000000000000000000, 0.000000000000000000, 0.000000000000000000 ) ) ;
#779 = ORIENTED_EDGE ( 'NONE', *, *, #1364, .F. ) ;
#780 = ORIENTED_EDGE ( 'NONE', *, *, #452, .T. ) ;
#781 = CYLINDRICAL_SURFACE ( 'NONE', #433, 0.5000000000000004441 ) ;
#782 = DIRECTION ( 'NONE',  ( -0.000000000000000000, -0.000000000000000000, -1.000000000000000000 ) ) ;
#783 = EDGE_CURVE ( 'NONE', #1576, #1512, #1637, .T. ) ;
#784 = ORIENTED_EDGE ( 'NONE', *, *, #941, .F. ) ;
#785 = DIRECTION ( 'NONE',  ( -0.000000000000000000, -0.000000000000000000, -1.000000000000000000 ) ) ;
#786 = DIRECTION ( 'NONE',  ( -0.000000000000000000, -0.000000000000000000, -1.000000000000000000 ) ) ;
#787 = EDGE_LOOP ( 'NONE', ( #8, #1221, #6, #649 ) ) ;
#788 = CIRCLE ( 'NONE', #1001, 3.450000000000000178 ) ;
#789 = CARTESIAN_POINT ( 'NONE',  ( 0.5000000000000000000, 8.300000000000000711, 1.500000000000001332 ) ) ;
#790 = CARTESIAN_POINT ( 'NONE',  ( -2.811138559374120494, -2.000000000000000000, 0.000000000000000000 ) ) ;
#791 = CARTESIAN_POINT ( 'NONE',  ( -8.300000000000000711, 0.000000000000000000, 0.000000000000000000 ) ) ;
#792 = EDGE_CURVE ( 'NONE', #721, #1586, #1493, .T. ) ;
#793 = ORIENTED_EDGE ( 'NONE', *, *, #97, .T. ) ;
#794 = DIRECTION ( 'NONE',  ( -1.000000000000000000, 0.000000000000000000, 0.000000000000000000 ) ) ;
#795 = ORIENTED_EDGE ( 'NONE', *, *, #1692, .F. ) ;
#796 = AXIS2_PLACEMENT_3D ( 'NONE', #968, #731, #993 ) ;
#797 = DIRECTION ( 'NONE',  ( -1.000000000000000000, 0.000000000000000000, 0.000000000000000000 ) ) ;
#798 = VERTEX_POINT ( 'NONE', #1129 ) ;
#799 = CARTESIAN_POINT ( 'NONE',  ( 0.000000000000000000, 4.299999999999999822, 1.500000000000001332 ) ) ;
#800 = ORIENTED_EDGE ( 'NONE', *, *, #835, .T. ) ;
#801 = CARTESIAN_POINT ( 'NONE',  ( -7.799999999999999822, 6.123233995736772199E-17, 1.500000000000001332 ) ) ;
#802 = VERTEX_POINT ( 'NONE', #1644 ) ;
#803 = AXIS2_PLACEMENT_3D ( 'NONE', #1173, #760, #510 ) ;
#804 = CARTESIAN_POINT ( 'NONE',  ( 4.299999999999999822, 0.000000000000000000, 0.000000000000000000 ) ) ;
#805 = ORIENTED_EDGE ( 'NONE', *, *, #1306, .T. ) ;
#806 = EDGE_CURVE ( 'NONE', #849, #599, #592, .T. ) ;
#807 = EDGE_LOOP ( 'NONE', ( #144, #1064, #848, #1176 ) ) ;
#808 = DIRECTION ( 'NONE',  ( 1.000000000000000000, 0.000000000000000000, 0.000000000000000000 ) ) ;
#809 = ORIENTED_EDGE ( 'NONE', *, *, #626, .F. ) ;
#810 = DIRECTION ( 'NONE',  ( 0.000000000000000000, 0.000000000000000000, 1.000000000000000000 ) ) ;
#811 = VERTEX_POINT ( 'NONE', #1372 ) ;
#812 = DIRECTION ( 'NONE',  ( -0.000000000000000000, -0.000000000000000000, -1.000000000000000000 ) ) ;
#813 = FACE_BOUND ( 'NONE', #1150, .T. ) ;
#814 = CARTESIAN_POINT ( 'NONE',  ( 0.000000000000000000, -4.299999999999999822, 1.500000000000001332 ) ) ;
#815 = EDGE_CURVE ( 'NONE', #226, #1293, #1517, .T. ) ;
#816 = VECTOR ( 'NONE', #1113, 1000.000000000000000 ) ;
#817 = ORIENTED_EDGE ( 'NONE', *, *, #1691, .T. ) ;
#818 = DIRECTION ( 'NONE',  ( 1.000000000000000000, 0.000000000000000000, 0.000000000000000000 ) ) ;
#819 = ORIENTED_EDGE ( 'NONE', *, *, #899, .F. ) ;
#820 = CARTESIAN_POINT ( 'NONE',  ( 2.000000000000000000, 8.150000000000000355, 1.500000000000000000 ) ) ;
#821 = ORIENTED_EDGE ( 'NONE', *, *, #766, .F. ) ;
#822 = CARTESIAN_POINT ( 'NONE',  ( 0.000000000000000000, 6.299999999999999822, 1.500000000000001332 ) ) ;
#823 = EDGE_CURVE ( 'NONE', #1495, #660, #205, .T. ) ;
#824 = DIRECTION ( 'NONE',  ( 0.000000000000000000, 0.000000000000000000, 1.000000000000000000 ) ) ;
#825 = EDGE_CURVE ( 'NONE', #1179, #1437, #342, .T. ) ;
#826 = ORIENTED_EDGE ( 'NONE', *, *, #277, .T. ) ;
#827 = VECTOR ( 'NONE', #588, 1000.000000000000000 ) ;
#828 = CARTESIAN_POINT ( 'NONE',  ( -2.549999999999999822, 0.000000000000000000, -1.000000000000000000 ) ) ;
#829 = VECTOR ( 'NONE', #1416, 1000.000000000000000 ) ;
#830 = ORIENTED_EDGE ( 'NONE', *, *, #985, .T. ) ;
#831 = FACE_OUTER_BOUND ( 'NONE', #306, .T. ) ;
#832 = VECTOR ( 'NONE', #539, 1000.000000000000000 ) ;
#833 = FACE_OUTER_BOUND ( 'NONE', #1611, .T. ) ;
#834 = ORIENTED_EDGE ( 'NONE', *, *, #1432, .F. ) ;
#835 = EDGE_CURVE ( 'NONE', #591, #226, #149, .T. ) ;
#836 = CARTESIAN_POINT ( 'NONE',  ( 0.000000000000000000, -8.300000000000000711, 0.000000000000000000 ) ) ;
#837 = SHAPE_DEFINITION_REPRESENTATION ( #1082, #171 ) ;
#838 = VERTEX_POINT ( 'NONE', #1097 ) ;
#839 = CARTESIAN_POINT ( 'NONE',  ( -8.150000000000000355, -2.000000000000000000, 0.000000000000000000 ) ) ;
#840 = CIRCLE ( 'NONE', #1674, 2.549999999999999822 ) ;
#841 = ORIENTED_EDGE ( 'NONE', *, *, #684, .T. ) ;
#842 = CARTESIAN_POINT ( 'NONE',  ( -3.450000000000000178, 0.000000000000000000, 0.000000000000000000 ) ) ;
#843 = CC_DESIGN_PERSON_AND_ORGANIZATION_ASSIGNMENT ( #1638, #464, ( #47 ) ) ;
#844 = VERTEX_POINT ( 'NONE', #1629 ) ;
#845 = DIRECTION ( 'NONE',  ( 0.000000000000000000, 0.000000000000000000, -1.000000000000000000 ) ) ;
#846 = MANIFOLD_SOLID_BREP ( 'Unmodified_stock_pilot_holes', #997 ) ;
#847 = DIRECTION ( 'NONE',  ( -1.000000000000000000, 0.000000000000000000, 0.000000000000000000 ) ) ;
#848 = ORIENTED_EDGE ( 'NONE', *, *, #1092, .T. ) ;
#849 = VERTEX_POINT ( 'NONE', #307 ) ;
#850 = DIRECTION ( 'NONE',  ( 1.000000000000000000, 0.000000000000000000, 0.000000000000000000 ) ) ;
#851 = VERTEX_POINT ( 'NONE', #842 ) ;
#852 = ADVANCED_FACE ( 'NONE', ( #1363 ), #1228, .F. ) ;
#853 = AXIS2_PLACEMENT_3D ( 'NONE', #1609, #1332, #552 ) ;
#854 = AXIS2_PLACEMENT_3D ( 'NONE', #822, #1341, #1319 ) ;
#855 = AXIS2_PLACEMENT_3D ( 'NONE', #221, #212, #1534 ) ;
#856 = FACE_BOUND ( 'NONE', #544, .T. ) ;
#857 = CARTESIAN_POINT ( 'NONE',  ( -2.000000000000000000, -8.150000000000000355, 1.500000000000000000 ) ) ;
#858 = DIRECTION ( 'NONE',  ( 0.000000000000000000, 0.000000000000000000, 1.000000000000000000 ) ) ;
#859 = APPROVAL_DATE_TIME ( #1511, #965 ) ;
#860 = ORIENTED_EDGE ( 'NONE', *, *, #1635, .F. ) ;
#861 = FACE_BOUND ( 'NONE', #1250, .T. ) ;
#862 = EDGE_CURVE ( 'NONE', #1590, #715, #1108, .T. ) ;
#863 = DIRECTION ( 'NONE',  ( 1.000000000000000000, 0.000000000000000000, 0.000000000000000000 ) ) ;
#864 = DIRECTION ( 'NONE',  ( -1.000000000000000000, 0.000000000000000000, 0.000000000000000000 ) ) ;
#865 = AXIS2_PLACEMENT_3D ( 'NONE', #1256, #1660, #1141 ) ;
#866 = FACE_OUTER_BOUND ( 'NONE', #1705, .T. ) ;
#867 =( NAMED_UNIT ( * ) SI_UNIT ( $, .STERADIAN. ) SOLID_ANGLE_UNIT ( ) );
#868 = EDGE_LOOP ( 'NONE', ( #317, #784 ) ) ;
#869 = FACE_OUTER_BOUND ( 'NONE', #183, .T. ) ;
#870 = LINE ( 'NONE', #1262, #662 ) ;
#871 = EDGE_CURVE ( 'NONE', #599, #1152, #1581, .T. ) ;
#872 = DIRECTION ( 'NONE',  ( -1.000000000000000000, -0.000000000000000000, -0.000000000000000000 ) ) ;
#873 = CARTESIAN_POINT ( 'NONE',  ( 0.000000000000000000, -8.300000000000000711, 0.000000000000000000 ) ) ;
#874 = ORIENTED_EDGE ( 'NONE', *, *, #331, .T. ) ;
#875 = AXIS2_PLACEMENT_3D ( 'NONE', #873, #1267, #778 ) ;
#876 = DIRECTION ( 'NONE',  ( 0.000000000000000000, 0.000000000000000000, 1.000000000000000000 ) ) ;
#877 = CIRCLE ( 'NONE', #1538, 0.5000000000000004441 ) ;
#878 = VECTOR ( 'NONE', #30, 1000.000000000000000 ) ;
#879 = AXIS2_PLACEMENT_3D ( 'NONE', #637, #1175, #1302 ) ;
#880 = EDGE_CURVE ( 'NONE', #948, #313, #392, .T. ) ;
#881 = CARTESIAN_POINT ( 'NONE',  ( -8.150000000000000355, 0.000000000000000000, 1.500000000000000000 ) ) ;
#882 = PLANE ( 'NONE',  #1401 ) ;
#883 = ORIENTED_EDGE ( 'NONE', *, *, #706, .F. ) ;
#884 = ORIENTED_EDGE ( 'NONE', *, *, #766, .T. ) ;
#885 = DIRECTION ( 'NONE',  ( 0.000000000000000000, 0.000000000000000000, 1.000000000000000000 ) ) ;
#886 = CARTESIAN_POINT ( 'NONE',  ( 0.000000000000000000, -8.150000000000000355, 0.000000000000000000 ) ) ;
#887 = CARTESIAN_POINT ( 'NONE',  ( 2.000000000000000000, -8.150000000000000355, 0.000000000000000000 ) ) ;
#888 = ADVANCED_FACE ( 'NONE', ( #636 ), #1174, .T. ) ;
#889 = CARTESIAN_POINT ( 'NONE',  ( 0.000000000000000000, 0.000000000000000000, -1.000000000000000000 ) ) ;
#890 = DIRECTION ( 'NONE',  ( 1.000000000000000000, 0.000000000000000000, 0.000000000000000000 ) ) ;
#891 = ORIENTED_EDGE ( 'NONE', *, *, #1246, .T. ) ;
#892 = APPROVAL ( #561, 'UNSPECIFIED' ) ;
#893 = CYLINDRICAL_SURFACE ( 'NONE', #163, 0.5000000000000000000 ) ;
#894 = DIRECTION ( 'NONE',  ( 1.000000000000000000, 0.000000000000000000, 0.000000000000000000 ) ) ;
#895 = ORIENTED_EDGE ( 'NONE', *, *, #1327, .T. ) ;
#896 = DIRECTION ( 'NONE',  ( 1.000000000000000000, 0.000000000000000000, 0.000000000000000000 ) ) ;
#897 = CARTESIAN_POINT ( 'NONE',  ( -8.150000000000000355, 2.000000000000000000, 0.000000000000000000 ) ) ;
#898 = ORIENTED_EDGE ( 'NONE', *, *, #973, .F. ) ;
#899 = EDGE_CURVE ( 'NONE', #387, #431, #1014, .T. ) ;
#900 = DIRECTION ( 'NONE',  ( 0.000000000000000000, 0.000000000000000000, 1.000000000000000000 ) ) ;
#901 = EDGE_LOOP ( 'NONE', ( #272, #800, #152, #909 ) ) ;
#902 = AXIS2_PLACEMENT_3D ( 'NONE', #566, #333, #1667 ) ;
#903 = CARTESIAN_POINT ( 'NONE',  ( 0.000000000000000000, 8.300000000000000711, 1.500000000000001332 ) ) ;
#904 = CIRCLE ( 'NONE', #25, 0.5000000000000000000 ) ;
#905 = VECTOR ( 'NONE', #1287, 1000.000000000000000 ) ;
#906 = VERTEX_POINT ( 'NONE', #1131 ) ;
#907 = DIRECTION ( 'NONE',  ( 0.000000000000000000, 0.000000000000000000, -1.000000000000000000 ) ) ;
#908 = DIRECTION ( 'NONE',  ( -1.000000000000000000, 0.000000000000000000, 0.000000000000000000 ) ) ;
#909 = ORIENTED_EDGE ( 'NONE', *, *, #1204, .T. ) ;
#910 = CARTESIAN_POINT ( 'NONE',  ( 5.799999999999999822, 0.000000000000000000, 1.500000000000001332 ) ) ;
#911 = ADVANCED_FACE ( 'NONE', ( #750, #1247, #1018, #1411 ), #478, .F. ) ;
#912 = FACE_OUTER_BOUND ( 'NONE', #707, .T. ) ;
#913 = AXIS2_PLACEMENT_3D ( 'NONE', #220, #1234, #321 ) ;
#914 = ORIENTED_EDGE ( 'NONE', *, *, #574, .T. ) ;
#915 = DIRECTION ( 'NONE',  ( -1.000000000000000000, 0.000000000000000000, 0.000000000000000000 ) ) ;
#916 = ORIENTED_EDGE ( 'NONE', *, *, #233, .F. ) ;
#917 = VECTOR ( 'NONE', #473, 1000.000000000000000 ) ;
#918 = CARTESIAN_POINT ( 'NONE',  ( -6.800000000000000711, 0.000000000000000000, 0.000000000000000000 ) ) ;
#919 = PLANE ( 'NONE',  #549 ) ;
#920 = DIRECTION ( 'NONE',  ( 1.000000000000000000, 0.000000000000000000, 0.000000000000000000 ) ) ;
#921 = ORIENTED_EDGE ( 'NONE', *, *, #1277, .T. ) ;
#922 = ADVANCED_FACE ( 'NONE', ( #1266 ), #197, .F. ) ;
#923 = EDGE_CURVE ( 'NONE', #798, #1152, #88, .T. ) ;
#924 = CARTESIAN_POINT ( 'NONE',  ( -4.800000000000000711, 0.000000000000000000, 0.000000000000000000 ) ) ;
#925 = DIRECTION ( 'NONE',  ( 1.000000000000000000, 0.000000000000000000, 0.000000000000000000 ) ) ;
#926 = CARTESIAN_POINT ( 'NONE',  ( 8.150000000000000355, 0.000000000000000000, 1.500000000000000000 ) ) ;
#927 = VERTEX_POINT ( 'NONE', #614 ) ;
#928 = CARTESIAN_POINT ( 'NONE',  ( -0.5000000000000000000, -8.300000000000000711, 1.500000000000001332 ) ) ;
#929 = ORIENTED_EDGE ( 'NONE', *, *, #1364, .T. ) ;
#930 = DIRECTION ( 'NONE',  ( -1.000000000000000000, 0.000000000000000000, 0.000000000000000000 ) ) ;
#931 = VERTEX_POINT ( 'NONE', #207 ) ;
#932 = DIRECTION ( 'NONE',  ( -0.000000000000000000, -0.000000000000000000, -1.000000000000000000 ) ) ;
#933 = ADVANCED_FACE ( 'NONE', ( #1159 ), #105, .F. ) ;
#934 = CIRCLE ( 'NONE', #298, 0.5000000000000004441 ) ;
#935 = FACE_BOUND ( 'NONE', #132, .T. ) ;
#936 = DIRECTION ( 'NONE',  ( 1.000000000000000000, 0.000000000000000000, 0.000000000000000000 ) ) ;
#937 = DIRECTION ( 'NONE',  ( 0.000000000000000000, 0.000000000000000000, -1.000000000000000000 ) ) ;
#938 = ORIENTED_EDGE ( 'NONE', *, *, #1657, .F. ) ;
#939 = DIRECTION ( 'NONE',  ( 1.000000000000000000, 0.000000000000000000, 0.000000000000000000 ) ) ;
#940 = CARTESIAN_POINT ( 'NONE',  ( 8.150000000000000355, 0.000000000000000000, 0.000000000000000000 ) ) ;
#941 = EDGE_CURVE ( 'NONE', #931, #1427, #1387, .T. ) ;
#942 = DIRECTION ( 'NONE',  ( 0.000000000000000000, -0.000000000000000000, 1.000000000000000000 ) ) ;
#943 = AXIS2_PLACEMENT_3D ( 'NONE', #1292, #113, #1301 ) ;
#944 = VERTEX_POINT ( 'NONE', #94 ) ;
#945 = DIRECTION ( 'NONE',  ( -1.000000000000000000, 0.000000000000000000, 0.000000000000000000 ) ) ;
#946 = ADVANCED_FACE ( 'NONE', ( #230, #463, #68, #866 ), #1383, .F. ) ;
#947 = CARTESIAN_POINT ( 'NONE',  ( -2.000000000000000000, 8.150000000000000355, 1.500000000000000000 ) ) ;
#948 = VERTEX_POINT ( 'NONE', #81 ) ;
#949 = CYLINDRICAL_SURFACE ( 'NONE', #1407, 0.5000000000000000000 ) ;
#950 = ORIENTED_EDGE ( 'NONE', *, *, #204, .T. ) ;
#951 = ORIENTED_EDGE ( 'NONE', *, *, #204, .F. ) ;
#952 = CARTESIAN_POINT ( 'NONE',  ( 3.799999999999999378, 0.000000000000000000, 0.000000000000000000 ) ) ;
#953 = CARTESIAN_POINT ( 'NONE',  ( -0.5000000000000000000, 4.299999999999999822, 0.000000000000000000 ) ) ;
#954 = ADVANCED_FACE ( 'NONE', ( #595 ), #631, .F. ) ;
#955 = ORIENTED_EDGE ( 'NONE', *, *, #534, .F. ) ;
#956 = VECTOR ( 'NONE', #218, 1000.000000000000000 ) ;
#957 = CARTESIAN_POINT ( 'NONE',  ( 0.000000000000000000, -6.299999999999999822, 0.000000000000000000 ) ) ;
#958 = DIRECTION ( 'NONE',  ( 1.000000000000000000, 0.000000000000000000, 0.000000000000000000 ) ) ;
#959 = VECTOR ( 'NONE', #523, 1000.000000000000000 ) ;
#960 = CIRCLE ( 'NONE', #689, 0.5000000000000004441 ) ;
#961 = ORIENTED_EDGE ( 'NONE', *, *, #442, .T. ) ;
#962 = DIRECTION ( 'NONE',  ( -1.000000000000000000, 0.000000000000000000, 0.000000000000000000 ) ) ;
#963 = AXIS2_PLACEMENT_3D ( 'NONE', #1325, #560, #1089 ) ;
#964 = LINE ( 'NONE', #557, #497 ) ;
#965 = APPROVAL ( #316, 'UNSPECIFIED' ) ;
#966 = ORIENTED_EDGE ( 'NONE', *, *, #327, .F. ) ;
#967 = CARTESIAN_POINT ( 'NONE',  ( -8.150000000000000355, 2.000000000000000000, 0.000000000000000000 ) ) ;
#968 = CARTESIAN_POINT ( 'NONE',  ( 0.000000000000000000, 0.000000000000000000, 0.000000000000000000 ) ) ;
#969 = ORIENTED_EDGE ( 'NONE', *, *, #39, .T. ) ;
#970 = CARTESIAN_POINT ( 'NONE',  ( 0.000000000000000000, 0.000000000000000000, 0.000000000000000000 ) ) ;
#971 = CARTESIAN_POINT ( 'NONE',  ( -8.150000000000000355, 2.000000000000000000, 0.000000000000000000 ) ) ;
#972 = ORIENTED_EDGE ( 'NONE', *, *, #359, .T. ) ;
#973 = EDGE_CURVE ( 'NONE', #480, #409, #368, .T. ) ;
#974 = DATE_AND_TIME ( #1375, #1592 ) ;
#975 = EDGE_LOOP ( 'NONE', ( #665, #1473, #1044, #1186 ) ) ;
#976 = FACE_BOUND ( 'NONE', #583, .T. ) ;
#977 = CARTESIAN_POINT ( 'NONE',  ( 0.000000000000000000, 0.000000000000000000, -1.000000000000000000 ) ) ;
#978 = AXIS2_PLACEMENT_3D ( 'NONE', #1349, #491, #1023 ) ;
#979 = FACE_OUTER_BOUND ( 'NONE', #1134, .T. ) ;
#980 = ORIENTED_EDGE ( 'NONE', *, *, #759, .F. ) ;
#981 = CARTESIAN_POINT ( 'NONE',  ( -5.799999999999999822, 6.123233995736772199E-17, 1.500000000000001332 ) ) ;
#982 = UNCERTAINTY_MEASURE_WITH_UNIT (LENGTH_MEASURE( 1.000000000000000082E-05 ), #246, 'distance_accuracy_value', 'NONE');
#983 = DIRECTION ( 'NONE',  ( 1.000000000000000000, 0.000000000000000000, 0.000000000000000000 ) ) ;
#984 = VECTOR ( 'NONE', #83, 1000.000000000000000 ) ;
#985 = EDGE_CURVE ( 'NONE', #647, #90, #122, .T. ) ;
#986 = CARTESIAN_POINT ( 'NONE',  ( 0.000000000000000000, 0.000000000000000000, 0.000000000000000000 ) ) ;
#987 = SECURITY_CLASSIFICATION_LEVEL ( 'unclassified' ) ;
#988 = ORIENTED_EDGE ( 'NONE', *, *, #1524, .T. ) ;
#989 = DIRECTION ( 'NONE',  ( 1.000000000000000000, 0.000000000000000000, 0.000000000000000000 ) ) ;
#990 = CIRCLE ( 'NONE', #188, 0.5000000000000004441 ) ;
#991 = FACE_OUTER_BOUND ( 'NONE', #428, .T. ) ;
#992 = CYLINDRICAL_SURFACE ( 'NONE', #62, 0.5000000000000004441 ) ;
#993 = DIRECTION ( 'NONE',  ( 1.000000000000000000, 0.000000000000000000, 0.000000000000000000 ) ) ;
#994 = EDGE_CURVE ( 'NONE', #1662, #622, #788, .T. ) ;
#995 = ORIENTED_EDGE ( 'NONE', *, *, #507, .T. ) ;
#996 = CARTESIAN_POINT ( 'NONE',  ( -0.5000000000000000000, -6.299999999999999822, 1.500000000000001332 ) ) ;
#997 = CLOSED_SHELL ( 'NONE', ( #436, #1356, #1233, #1245, #1226, #1591, #385, #222, #1083, #468, #214, #1614, #1213, #1543, #483, #49, #165, #911, #1703, #503, #946, #1075, #1290, #1410, #66, #521, #638, #933, #1037, #678, #998, #888, #1428, #80, #146, #340, #1554, #76, #954, #383, #1603, #852, #1006, #192, #114, #308, #922 ) ) ;
#998 = ADVANCED_FACE ( 'NONE', ( #833 ), #739, .T. ) ;
#999 = FACE_OUTER_BOUND ( 'NONE', #370, .T. ) ;
#1000 = EDGE_CURVE ( 'NONE', #100, #802, #1673, .T. ) ;
#1001 = AXIS2_PLACEMENT_3D ( 'NONE', #1295, #642, #1556 ) ;
#1002 = DIRECTION ( 'NONE',  ( 0.000000000000000000, 0.000000000000000000, -1.000000000000000000 ) ) ;
#1003 = ORIENTED_EDGE ( 'NONE', *, *, #1380, .F. ) ;
#1004 = CARTESIAN_POINT ( 'NONE',  ( 0.000000000000000000, 0.000000000000000000, 1.500000000000000000 ) ) ;
#1005 = FACE_OUTER_BOUND ( 'NONE', #309, .T. ) ;
#1006 = ADVANCED_FACE ( 'NONE', ( #1623 ), #992, .F. ) ;
#1007 = VECTOR ( 'NONE', #535, 1000.000000000000000 ) ;
#1008 = CARTESIAN_POINT ( 'NONE',  ( 0.000000000000000000, 6.299999999999999822, 0.000000000000000000 ) ) ;
#1009 = CARTESIAN_POINT ( 'NONE',  ( -3.450000000000000178, 0.000000000000000000, -1.000000000000000000 ) ) ;
#1010 = ORIENTED_EDGE ( 'NONE', *, *, #136, .F. ) ;
#1011 = CIRCLE ( 'NONE', #1072, 0.5000000000000004441 ) ;
#1012 = CARTESIAN_POINT ( 'NONE',  ( 0.000000000000000000, 6.299999999999999822, 1.500000000000001332 ) ) ;
#1013 = AXIS2_PLACEMENT_3D ( 'NONE', #541, #1597, #138 ) ;
#1014 = LINE ( 'NONE', #1403, #917 ) ;
#1015 = DIRECTION ( 'NONE',  ( 0.000000000000000000, 1.000000000000000000, 0.000000000000000000 ) ) ;
#1016 = EDGE_CURVE ( 'NONE', #849, #798, #1358, .T. ) ;
#1017 = CARTESIAN_POINT ( 'NONE',  ( 2.000000000000000000, -8.150000000000000355, 0.000000000000000000 ) ) ;
#1018 = FACE_BOUND ( 'NONE', #587, .T. ) ;
#1019 = CARTESIAN_POINT ( 'NONE',  ( 6.299999999999999822, 0.000000000000000000, 1.500000000000001332 ) ) ;
#1020 = ORIENTED_EDGE ( 'NONE', *, *, #359, .F. ) ;
#1021 = CARTESIAN_POINT ( 'NONE',  ( 0.000000000000000000, 0.000000000000000000, 1.500000000000000000 ) ) ;
#1022 = DIRECTION ( 'NONE',  ( -1.000000000000000000, 0.000000000000000000, 0.000000000000000000 ) ) ;
#1023 = DIRECTION ( 'NONE',  ( -1.000000000000000000, 0.000000000000000000, 0.000000000000000000 ) ) ;
#1024 = AXIS2_PLACEMENT_3D ( 'NONE', #694, #748, #824 ) ;
#1025 = CARTESIAN_POINT ( 'NONE',  ( -4.299999999999999822, 0.000000000000000000, 1.500000000000001332 ) ) ;
#1026 = EDGE_CURVE ( 'NONE', #1576, #448, #1528, .T. ) ;
#1027 = CARTESIAN_POINT ( 'NONE',  ( 0.000000000000000000, -6.299999999999999822, 1.500000000000001332 ) ) ;
#1028 = LINE ( 'NONE', #615, #348 ) ;
#1029 = ORIENTED_EDGE ( 'NONE', *, *, #1243, .T. ) ;
#1030 = ORIENTED_EDGE ( 'NONE', *, *, #289, .T. ) ;
#1031 = DIRECTION ( 'NONE',  ( 0.000000000000000000, 0.000000000000000000, -1.000000000000000000 ) ) ;
#1032 = VERTEX_POINT ( 'NONE', #1352 ) ;
#1033 = DIRECTION ( 'NONE',  ( 1.000000000000000000, 0.000000000000000000, 0.000000000000000000 ) ) ;
#1034 = AXIS2_PLACEMENT_3D ( 'NONE', #903, #1589, #1562 ) ;
#1035 = CARTESIAN_POINT ( 'NONE',  ( -2.000000000000000000, -2.811138559374120494, 1.500000000000000000 ) ) ;
#1036 = VERTEX_POINT ( 'NONE', #953 ) ;
#1037 = ADVANCED_FACE ( 'NONE', ( #1121 ), #709, .F. ) ;
#1038 = CARTESIAN_POINT ( 'NONE',  ( 2.811138559374120494, 2.000000000000000000, 0.000000000000000000 ) ) ;
#1039 = DIRECTION ( 'NONE',  ( 1.000000000000000000, 0.000000000000000000, 0.000000000000000000 ) ) ;
#1040 = AXIS2_PLACEMENT_3D ( 'NONE', #1284, #89, #127 ) ;
#1041 = CARTESIAN_POINT ( 'NONE',  ( 8.150000000000000355, 0.000000000000000000, 1.500000000000000000 ) ) ;
#1042 = CIRCLE ( 'NONE', #162, 2.549999999999999822 ) ;
#1043 = AXIS2_PLACEMENT_3D ( 'NONE', #203, #735, #1542 ) ;
#1044 = ORIENTED_EDGE ( 'NONE', *, *, #1558, .T. ) ;
#1045 = DIRECTION ( 'NONE',  ( 1.000000000000000000, 0.000000000000000000, 0.000000000000000000 ) ) ;
#1046 = ORIENTED_EDGE ( 'NONE', *, *, #545, .F. ) ;
#1047 = DIRECTION ( 'NONE',  ( -0.000000000000000000, -0.000000000000000000, -1.000000000000000000 ) ) ;
#1048 = ORIENTED_EDGE ( 'NONE', *, *, #1624, .F. ) ;
#1049 = LINE ( 'NONE', #111, #905 ) ;
#1050 = VERTEX_POINT ( 'NONE', #1659 ) ;
#1051 = EDGE_CURVE ( 'NONE', #480, #685, #281, .T. ) ;
#1052 = LINE ( 'NONE', #801, #1563 ) ;
#1053 = ORIENTED_EDGE ( 'NONE', *, *, #994, .T. ) ;
#1054 = DIRECTION ( 'NONE',  ( 1.000000000000000000, 0.000000000000000000, 0.000000000000000000 ) ) ;
#1055 = VERTEX_POINT ( 'NONE', #462 ) ;
#1056 = CARTESIAN_POINT ( 'NONE',  ( 7.799999999999999822, 0.000000000000000000, 0.000000000000000000 ) ) ;
#1057 = ORIENTED_EDGE ( 'NONE', *, *, #1180, .T. ) ;
#1058 = LINE ( 'NONE', #432, #1229 ) ;
#1059 = ORIENTED_EDGE ( 'NONE', *, *, #815, .F. ) ;
#1060 = CARTESIAN_POINT ( 'NONE',  ( 0.000000000000000000, 0.000000000000000000, 0.000000000000000000 ) ) ;
#1061 = EDGE_CURVE ( 'NONE', #90, #1132, #964, .T. ) ;
#1062 = ORIENTED_EDGE ( 'NONE', *, *, #1051, .T. ) ;
#1063 = LINE ( 'NONE', #1618, #242 ) ;
#1064 = ORIENTED_EDGE ( 'NONE', *, *, #728, .T. ) ;
#1065 = CIRCLE ( 'NONE', #401, 3.450000000000000178 ) ;
#1066 = DIRECTION ( 'NONE',  ( 0.000000000000000000, 0.000000000000000000, -1.000000000000000000 ) ) ;
#1067 = EDGE_LOOP ( 'NONE', ( #742, #531, #344, #1020 ) ) ;
#1068 = VECTOR ( 'NONE', #1404, 1000.000000000000000 ) ;
#1069 = EDGE_CURVE ( 'NONE', #669, #54, #3, .T. ) ;
#1070 = ORIENTED_EDGE ( 'NONE', *, *, #1061, .F. ) ;
#1071 = AXIS2_PLACEMENT_3D ( 'NONE', #166, #1452, #1080 ) ;
#1072 = AXIS2_PLACEMENT_3D ( 'NONE', #458, #65, #469 ) ;
#1073 = DIRECTION ( 'NONE',  ( 1.000000000000000000, 0.000000000000000000, 0.000000000000000000 ) ) ;
#1074 = VECTOR ( 'NONE', #405, 1000.000000000000000 ) ;
#1075 = ADVANCED_FACE ( 'NONE', ( #1402 ), #217, .F. ) ;
#1076 = CARTESIAN_POINT ( 'NONE',  ( -2.000000000000000000, 2.811138559374120494, 1.500000000000000000 ) ) ;
#1077 = ORIENTED_EDGE ( 'NONE', *, *, #593, .T. ) ;
#1078 = CYLINDRICAL_SURFACE ( 'NONE', #26, 0.5000000000000004441 ) ;
#1079 = ORIENTED_EDGE ( 'NONE', *, *, #450, .F. ) ;
#1080 = DIRECTION ( 'NONE',  ( 1.000000000000000000, 0.000000000000000000, 0.000000000000000000 ) ) ;
#1081 = ORIENTED_EDGE ( 'NONE', *, *, #806, .F. ) ;
#1082 = PRODUCT_DEFINITION_SHAPE ( 'NONE', 'NONE',  #174 ) ;
#1083 = ADVANCED_FACE ( 'NONE', ( #44 ), #565, .F. ) ;
#1084 = AXIS2_PLACEMENT_3D ( 'NONE', #352, #1537, #224 ) ;
#1085 = ORIENTED_EDGE ( 'NONE', *, *, #1470, .T. ) ;
#1086 = CARTESIAN_POINT ( 'NONE',  ( 6.299999999999999822, 0.000000000000000000, 0.000000000000000000 ) ) ;
#1087 = DIRECTION ( 'NONE',  ( 0.000000000000000000, 0.000000000000000000, 1.000000000000000000 ) ) ;
#1088 = ORIENTED_EDGE ( 'NONE', *, *, #1195, .F. ) ;
#1089 = DIRECTION ( 'NONE',  ( 1.000000000000000000, 0.000000000000000000, 0.000000000000000000 ) ) ;
#1090 = EDGE_LOOP ( 'NONE', ( #921, #219, #279, #696 ) ) ;
#1091 = DATE_AND_TIME ( #198, #1422 ) ;
#1092 = EDGE_CURVE ( 'NONE', #906, #1530, #1655, .T. ) ;
#1093 = DIRECTION ( 'NONE',  ( 1.000000000000000000, 0.000000000000000000, 0.000000000000000000 ) ) ;
#1094 = DIRECTION ( 'NONE',  ( 1.000000000000000000, 0.000000000000000000, 0.000000000000000000 ) ) ;
#1095 = EDGE_LOOP ( 'NONE', ( #1710, #346 ) ) ;
#1096 = CIRCLE ( 'NONE', #1426, 0.5000000000000000000 ) ;
#1097 = CARTESIAN_POINT ( 'NONE',  ( -3.799999999999999822, 6.123233995736766036E-17, 0.000000000000000000 ) ) ;
#1098 = AXIS2_PLACEMENT_3D ( 'NONE', #623, #243, #1541 ) ;
#1099 = CIRCLE ( 'NONE', #378, 0.5000000000000000000 ) ;
#1100 = ORIENTED_EDGE ( 'NONE', *, *, #39, .F. ) ;
#1101 = FACE_BOUND ( 'NONE', #208, .T. ) ;
#1102 = CARTESIAN_POINT ( 'NONE',  ( 0.5000000000000000000, -4.299999999999999822, 1.500000000000001332 ) ) ;
#1103 = EDGE_CURVE ( 'NONE', #387, #164, #960, .T. ) ;
#1104 = EDGE_LOOP ( 'NONE', ( #1371, #9 ) ) ;
#1105 = PERSON_AND_ORGANIZATION ( #602, #1339 ) ;
#1106 = VERTEX_POINT ( 'NONE', #1683 ) ;
#1107 = DIRECTION ( 'NONE',  ( -0.000000000000000000, -0.000000000000000000, -1.000000000000000000 ) ) ;
#1108 = CIRCLE ( 'NONE', #472, 0.5000000000000000000 ) ;
#1109 = FACE_OUTER_BOUND ( 'NONE', #150, .T. ) ;
#1110 = VERTEX_POINT ( 'NONE', #755 ) ;
#1111 = EDGE_CURVE ( 'NONE', #72, #599, #504, .T. ) ;
#1112 = CARTESIAN_POINT ( 'NONE',  ( 0.5000000000000000000, -4.299999999999999822, 0.000000000000000000 ) ) ;
#1113 = DIRECTION ( 'NONE',  ( 0.000000000000000000, 0.000000000000000000, -1.000000000000000000 ) ) ;
#1114 = ORIENTED_EDGE ( 'NONE', *, *, #1399, .F. ) ;
#1115 = FACE_BOUND ( 'NONE', #1312, .T. ) ;
#1116 = ORIENTED_EDGE ( 'NONE', *, *, #1419, .F. ) ;
#1117 = CARTESIAN_POINT ( 'NONE',  ( -7.799999999999999822, 6.123233995736772199E-17, 1.500000000000001332 ) ) ;
#1118 = CIRCLE ( 'NONE', #1034, 0.5000000000000000000 ) ;
#1119 = CARTESIAN_POINT ( 'NONE',  ( 8.150000000000000355, -2.000000000000000000, 1.500000000000000000 ) ) ;
#1120 = EDGE_CURVE ( 'NONE', #608, #721, #618, .T. ) ;
#1121 = FACE_OUTER_BOUND ( 'NONE', #688, .T. ) ;
#1122 = EDGE_CURVE ( 'NONE', #1334, #944, #133, .T. ) ;
#1123 = CARTESIAN_POINT ( 'NONE',  ( 0.000000000000000000, 8.300000000000000711, 1.500000000000001332 ) ) ;
#1124 = PERSON_AND_ORGANIZATION ( #602, #1339 ) ;
#1125 = ORIENTED_EDGE ( 'NONE', *, *, #423, .T. ) ;
#1126 = CARTESIAN_POINT ( 'NONE',  ( 0.5000000000000000000, 6.299999999999999822, 0.000000000000000000 ) ) ;
#1127 = VECTOR ( 'NONE', #1648, 1000.000000000000000 ) ;
#1128 = PLANE ( 'NONE',  #1270 ) ;
#1129 = CARTESIAN_POINT ( 'NONE',  ( 2.000000000000000000, -8.150000000000000355, 1.500000000000000000 ) ) ;
#1130 = DIRECTION ( 'NONE',  ( -0.000000000000000000, -0.000000000000000000, -1.000000000000000000 ) ) ;
#1131 = CARTESIAN_POINT ( 'NONE',  ( -5.799999999999999822, 6.123233995736772199E-17, 0.000000000000000000 ) ) ;
#1132 = VERTEX_POINT ( 'NONE', #116 ) ;
#1133 = LINE ( 'NONE', #1671, #375 ) ;
#1134 = EDGE_LOOP ( 'NONE', ( #740, #437, #1429, #580 ) ) ;
#1135 = EDGE_CURVE ( 'NONE', #365, #130, #1042, .T. ) ;
#1136 = DIRECTION ( 'NONE',  ( 0.000000000000000000, 0.000000000000000000, 1.000000000000000000 ) ) ;
#1137 = DIRECTION ( 'NONE',  ( 0.000000000000000000, 0.000000000000000000, 1.000000000000000000 ) ) ;
#1138 = DIRECTION ( 'NONE',  ( 0.000000000000000000, 0.000000000000000000, 1.000000000000000000 ) ) ;
#1139 = AXIS2_PLACEMENT_3D ( 'NONE', #702, #1130, #288 ) ;
#1140 = DIRECTION ( 'NONE',  ( 0.000000000000000000, 0.000000000000000000, -1.000000000000000000 ) ) ;
#1141 = DIRECTION ( 'NONE',  ( 1.000000000000000000, 0.000000000000000000, -0.000000000000000000 ) ) ;
#1142 = DIRECTION ( 'NONE',  ( 0.000000000000000000, 0.000000000000000000, 1.000000000000000000 ) ) ;
#1143 = EDGE_LOOP ( 'NONE', ( #23, #511, #43, #1447 ) ) ;
#1144 = CC_DESIGN_PERSON_AND_ORGANIZATION_ASSIGNMENT ( #1661, #1230, ( #710 ) ) ;
#1145 = DIRECTION ( 'NONE',  ( -1.000000000000000000, 0.000000000000000000, 0.000000000000000000 ) ) ;
#1146 = DIRECTION ( 'NONE',  ( -0.000000000000000000, -0.000000000000000000, -1.000000000000000000 ) ) ;
#1147 = CARTESIAN_POINT ( 'NONE',  ( 0.000000000000000000, 8.300000000000000711, 1.500000000000001332 ) ) ;
#1148 = CIRCLE ( 'NONE', #513, 0.5000000000000000000 ) ;
#1149 = DIRECTION ( 'NONE',  ( 1.000000000000000000, 0.000000000000000000, 0.000000000000000000 ) ) ;
#1150 = EDGE_LOOP ( 'NONE', ( #1088, #1170 ) ) ;
#1151 = CARTESIAN_POINT ( 'NONE',  ( 6.299999999999999822, 0.000000000000000000, 0.000000000000000000 ) ) ;
#1152 = VERTEX_POINT ( 'NONE', #1017 ) ;
#1153 = AXIS2_PLACEMENT_3D ( 'NONE', #104, #388, #915 ) ;
#1154 = AXIS2_PLACEMENT_3D ( 'NONE', #1021, #885, #1039 ) ;
#1155 = CIRCLE ( 'NONE', #1208, 2.549999999999999822 ) ;
#1156 = DIRECTION ( 'NONE',  ( 1.000000000000000000, 0.000000000000000000, 0.000000000000000000 ) ) ;
#1157 = EDGE_CURVE ( 'NONE', #1110, #717, #237, .T. ) ;
#1158 = CARTESIAN_POINT ( 'NONE',  ( 0.5000000000000000000, -8.300000000000000711, 1.500000000000001332 ) ) ;
#1159 = FACE_OUTER_BOUND ( 'NONE', #118, .T. ) ;
#1160 = LINE ( 'NONE', #1531, #956 ) ;
#1161 = ORIENTED_EDGE ( 'NONE', *, *, #1187, .F. ) ;
#1162 = FACE_BOUND ( 'NONE', #84, .T. ) ;
#1163 = CARTESIAN_POINT ( 'NONE',  ( 4.299999999999999822, 0.000000000000000000, 1.500000000000001332 ) ) ;
#1164 = EDGE_CURVE ( 'NONE', #1259, #1588, #1260, .T. ) ;
#1165 = AXIS2_PLACEMENT_3D ( 'NONE', #763, #1694, #1545 ) ;
#1166 = ORIENTED_EDGE ( 'NONE', *, *, #1376, .T. ) ;
#1167 = CARTESIAN_POINT ( 'NONE',  ( 0.000000000000000000, 0.000000000000000000, 1.500000000000001332 ) ) ;
#1168 = DIRECTION ( 'NONE',  ( 0.000000000000000000, 0.000000000000000000, -1.000000000000000000 ) ) ;
#1169 = CARTESIAN_POINT ( 'NONE',  ( 0.000000000000000000, -4.299999999999999822, 0.000000000000000000 ) ) ;
#1170 = ORIENTED_EDGE ( 'NONE', *, *, #606, .F. ) ;
#1171 = CARTESIAN_POINT ( 'NONE',  ( -6.299999999999999822, 0.000000000000000000, 1.500000000000001332 ) ) ;
#1172 = VERTEX_POINT ( 'NONE', #1544 ) ;
#1173 = CARTESIAN_POINT ( 'NONE',  ( 0.000000000000000000, 6.299999999999999822, 1.500000000000001332 ) ) ;
#1174 = CYLINDRICAL_SURFACE ( 'NONE', #1415, 2.000000000000000000 ) ;
#1175 = DIRECTION ( 'NONE',  ( 0.000000000000000000, 0.000000000000000000, -1.000000000000000000 ) ) ;
#1176 = ORIENTED_EDGE ( 'NONE', *, *, #553, .F. ) ;
#1177 = LINE ( 'NONE', #1677, #516 ) ;
#1178 = DIRECTION ( 'NONE',  ( -0.000000000000000000, -0.000000000000000000, -1.000000000000000000 ) ) ;
#1179 = VERTEX_POINT ( 'NONE', #126 ) ;
#1180 = EDGE_CURVE ( 'NONE', #130, #1259, #1177, .T. ) ;
#1181 = CARTESIAN_POINT ( 'NONE',  ( 2.549999999999999822, 3.122849337825750419E-16, 1.500000000000001332 ) ) ;
#1182 = DIRECTION ( 'NONE',  ( -1.000000000000000000, 0.000000000000000000, 0.000000000000000000 ) ) ;
#1183 = CIRCLE ( 'NONE', #459, 0.5000000000000000000 ) ;
#1184 = ORIENTED_EDGE ( 'NONE', *, *, #1379, .T. ) ;
#1185 = LINE ( 'NONE', #820, #1373 ) ;
#1186 = ORIENTED_EDGE ( 'NONE', *, *, #277, .F. ) ;
#1187 = EDGE_CURVE ( 'NONE', #944, #1036, #1483, .T. ) ;
#1188 = ORIENTED_EDGE ( 'NONE', *, *, #1164, .F. ) ;
#1189 = FACE_OUTER_BOUND ( 'NONE', #18, .T. ) ;
#1190 = CARTESIAN_POINT ( 'NONE',  ( 3.450000000000000178, 4.225031457058368824E-16, 0.000000000000000000 ) ) ;
#1191 = ORIENTED_EDGE ( 'NONE', *, *, #453, .F. ) ;
#1192 = DIRECTION ( 'NONE',  ( -0.000000000000000000, -0.000000000000000000, -1.000000000000000000 ) ) ;
#1193 = CARTESIAN_POINT ( 'NONE',  ( 0.000000000000000000, 4.299999999999999822, 0.000000000000000000 ) ) ;
#1194 = CARTESIAN_POINT ( 'NONE',  ( 4.299999999999999822, 0.000000000000000000, 1.500000000000001332 ) ) ;
#1195 = EDGE_CURVE ( 'NONE', #660, #540, #1099, .T. ) ;
#1196 = EDGE_LOOP ( 'NONE', ( #821, #1003 ) ) ;
#1197 = DIRECTION ( 'NONE',  ( 0.000000000000000000, 0.000000000000000000, 1.000000000000000000 ) ) ;
#1198 = LOCAL_TIME ( 17, 1, 46.00000000000000000, #699 ) ;
#1199 = DIRECTION ( 'NONE',  ( 1.000000000000000000, 0.000000000000000000, 0.000000000000000000 ) ) ;
#1200 = ORIENTED_EDGE ( 'NONE', *, *, #1615, .T. ) ;
#1201 = CARTESIAN_POINT ( 'NONE',  ( -4.299999999999999822, 0.000000000000000000, 1.500000000000001332 ) ) ;
#1202 = CIRCLE ( 'NONE', #457, 0.5000000000000004441 ) ;
#1203 = ORIENTED_EDGE ( 'NONE', *, *, #1316, .F. ) ;
#1204 = EDGE_CURVE ( 'NONE', #1293, #838, #904, .T. ) ;
#1205 = AXIS2_PLACEMENT_3D ( 'NONE', #1265, #1490, #1479 ) ;
#1206 = CIRCLE ( 'NONE', #460, 3.450000000000000178 ) ;
#1207 = CARTESIAN_POINT ( 'NONE',  ( -7.799999999999999822, 6.123233995736772199E-17, 0.000000000000000000 ) ) ;
#1208 = AXIS2_PLACEMENT_3D ( 'NONE', #508, #1605, #646 ) ;
#1209 = ORIENTED_EDGE ( 'NONE', *, *, #10, .T. ) ;
#1210 = CYLINDRICAL_SURFACE ( 'NONE', #1013, 0.5000000000000000000 ) ;
#1211 = ORIENTED_EDGE ( 'NONE', *, *, #640, .T. ) ;
#1212 = DIRECTION ( 'NONE',  ( -1.000000000000000000, 0.000000000000000000, 0.000000000000000000 ) ) ;
#1213 = ADVANCED_FACE ( 'NONE', ( #776 ), #1575, .F. ) ;
#1214 = VECTOR ( 'NONE', #1242, 1000.000000000000000 ) ;
#1215 = DIRECTION ( 'NONE',  ( 0.000000000000000000, 0.000000000000000000, 1.000000000000000000 ) ) ;
#1216 = CALENDAR_DATE ( 2026, 8, 9 ) ;
#1217 = AXIS2_PLACEMENT_3D ( 'NONE', #195, #75, #605 ) ;
#1218 = ORIENTED_EDGE ( 'NONE', *, *, #1135, .F. ) ;
#1219 = CARTESIAN_POINT ( 'NONE',  ( -8.300000000000000711, 0.000000000000000000, 1.500000000000001332 ) ) ;
#1220 = DIRECTION ( 'NONE',  ( 1.000000000000000000, 0.000000000000000000, 0.000000000000000000 ) ) ;
#1221 = ORIENTED_EDGE ( 'NONE', *, *, #880, .T. ) ;
#1222 = DESIGN_CONTEXT ( 'detailed design', #1, 'design' ) ;
#1223 = DIRECTION ( 'NONE',  ( 0.000000000000000000, 0.000000000000000000, 1.000000000000000000 ) ) ;
#1224 = ORIENTED_EDGE ( 'NONE', *, *, #31, .T. ) ;
#1225 = FACE_BOUND ( 'NONE', #490, .T. ) ;
#1226 = ADVANCED_FACE ( 'NONE', ( #1294 ), #1444, .F. ) ;
#1227 = ORIENTED_EDGE ( 'NONE', *, *, #1016, .T. ) ;
#1228 = CYLINDRICAL_SURFACE ( 'NONE', #334, 0.5000000000000004441 ) ;
#1229 = VECTOR ( 'NONE', #937, 1000.000000000000000 ) ;
#1230 = PERSON_AND_ORGANIZATION_ROLE ( 'creator' ) ;
#1231 = ORIENTED_EDGE ( 'NONE', *, *, #1000, .F. ) ;
#1232 = CARTESIAN_POINT ( 'NONE',  ( 3.799999999999999378, 0.000000000000000000, 1.500000000000001332 ) ) ;
#1233 = ADVANCED_FACE ( 'NONE', ( #1315 ), #663, .F. ) ;
#1234 = DIRECTION ( 'NONE',  ( 0.000000000000000000, 0.000000000000000000, 1.000000000000000000 ) ) ;
#1235 = EDGE_LOOP ( 'NONE', ( #426, #154, #1116, #1200 ) ) ;
#1236 = LINE ( 'NONE', #1382, #816 ) ;
#1237 = DATE_TIME_ROLE ( 'creation_date' ) ;
#1238 = EDGE_LOOP ( 'NONE', ( #562, #1085, #914, #860 ) ) ;
#1239 = DIRECTION ( 'NONE',  ( 1.000000000000000000, 0.000000000000000000, 0.000000000000000000 ) ) ;
#1240 = ORIENTED_EDGE ( 'NONE', *, *, #792, .T. ) ;
#1241 = AXIS2_PLACEMENT_3D ( 'NONE', #1616, #1087, #1342 ) ;
#1242 = DIRECTION ( 'NONE',  ( -1.000000000000000000, -0.000000000000000000, -0.000000000000000000 ) ) ;
#1243 = EDGE_CURVE ( 'NONE', #1172, #518, #1684, .T. ) ;
#1244 = CYLINDRICAL_SURFACE ( 'NONE', #879, 0.5000000000000004441 ) ;
#1245 = ADVANCED_FACE ( 'NONE', ( #1273 ), #36, .F. ) ;
#1246 = EDGE_CURVE ( 'NONE', #811, #302, #1185, .T. ) ;
#1247 = FACE_BOUND ( 'NONE', #1196, .T. ) ;
#1248 = ORIENTED_EDGE ( 'NONE', *, *, #714, .F. ) ;
#1249 = PLANE ( 'NONE',  #1254 ) ;
#1250 = EDGE_LOOP ( 'NONE', ( #1366, #1362 ) ) ;
#1251 = CYLINDRICAL_SURFACE ( 'NONE', #1651, 0.5000000000000000000 ) ;
#1252 = CARTESIAN_POINT ( 'NONE',  ( 2.811138559374120938, 2.000000000000000000, 1.500000000000000000 ) ) ;
#1253 = EDGE_CURVE ( 'NONE', #811, #1576, #238, .T. ) ;
#1254 = AXIS2_PLACEMENT_3D ( 'NONE', #337, #1239, #209 ) ;
#1255 = DIRECTION ( 'NONE',  ( 0.000000000000000000, 0.000000000000000000, 1.000000000000000000 ) ) ;
#1256 = CARTESIAN_POINT ( 'NONE',  ( 0.000000000000000000, 0.000000000000000000, 0.000000000000000000 ) ) ;
#1257 = VERTEX_POINT ( 'NONE', #421 ) ;
#1258 = CARTESIAN_POINT ( 'NONE',  ( -2.811138559374120494, -2.000000000000000000, 1.500000000000000000 ) ) ;
#1259 = VERTEX_POINT ( 'NONE', #828 ) ;
#1260 = CIRCLE ( 'NONE', #772, 2.549999999999999822 ) ;
#1261 = AXIS2_PLACEMENT_3D ( 'NONE', #260, #15, #936 ) ;
#1262 = CARTESIAN_POINT ( 'NONE',  ( -2.000000000000000000, -2.811138559374120494, 1.500000000000000000 ) ) ;
#1263 = CARTESIAN_POINT ( 'NONE',  ( 0.000000000000000000, -4.299999999999999822, 0.000000000000000000 ) ) ;
#1264 = CC_DESIGN_PERSON_AND_ORGANIZATION_ASSIGNMENT ( #1124, #1487, ( #174 ) ) ;
#1265 = CARTESIAN_POINT ( 'NONE',  ( -8.150000000000000355, 2.000000000000000000, 1.500000000000000000 ) ) ;
#1266 = FACE_OUTER_BOUND ( 'NONE', #1346, .T. ) ;
#1267 = DIRECTION ( 'NONE',  ( -0.000000000000000000, -0.000000000000000000, -1.000000000000000000 ) ) ;
#1268 = ORIENTED_EDGE ( 'NONE', *, *, #267, .F. ) ;
#1269 = CC_DESIGN_DATE_AND_TIME_ASSIGNMENT ( #326, #182, ( #47 ) ) ;
#1270 = AXIS2_PLACEMENT_3D ( 'NONE', #1369, #1136, #1408 ) ;
#1271 = CARTESIAN_POINT ( 'NONE',  ( 0.5000000000000000000, 6.299999999999999822, 1.500000000000001332 ) ) ;
#1272 = CARTESIAN_POINT ( 'NONE',  ( -8.150000000000000355, 0.000000000000000000, 1.500000000000000000 ) ) ;
#1273 = FACE_OUTER_BOUND ( 'NONE', #1238, .T. ) ;
#1274 = CARTESIAN_POINT ( 'NONE',  ( -8.300000000000000711, 0.000000000000000000, 1.500000000000001332 ) ) ;
#1275 = CARTESIAN_POINT ( 'NONE',  ( 0.000000000000000000, -8.150000000000000355, 1.500000000000000000 ) ) ;
#1276 = ORIENTED_EDGE ( 'NONE', *, *, #564, .T. ) ;
#1277 = EDGE_CURVE ( 'NONE', #1495, #121, #627, .T. ) ;
#1278 = LINE ( 'NONE', #1271, #213 ) ;
#1279 = CARTESIAN_POINT ( 'NONE',  ( 2.549999999999999822, 3.122849337825750419E-16, -1.000000000000000000 ) ) ;
#1280 = APPROVAL_PERSON_ORGANIZATION ( #586, #1579, #723 ) ;
#1281 = CARTESIAN_POINT ( 'NONE',  ( -4.299999999999999822, 0.000000000000000000, 0.000000000000000000 ) ) ;
#1282 = DIRECTION ( 'NONE',  ( -1.000000000000000000, 0.000000000000000000, 0.000000000000000000 ) ) ;
#1283 = CIRCLE ( 'NONE', #600, 2.000000000000000000 ) ;
#1284 = CARTESIAN_POINT ( 'NONE',  ( 8.300000000000000711, 0.000000000000000000, 0.000000000000000000 ) ) ;
#1285 = ORIENTED_EDGE ( 'NONE', *, *, #941, .T. ) ;
#1286 = EDGE_LOOP ( 'NONE', ( #412, #35, #259, #1606 ) ) ;
#1287 = DIRECTION ( 'NONE',  ( -0.000000000000000000, -0.000000000000000000, -1.000000000000000000 ) ) ;
#1288 = ORIENTED_EDGE ( 'NONE', *, *, #1558, .F. ) ;
#1289 = VECTOR ( 'NONE', #907, 1000.000000000000000 ) ;
#1290 = ADVANCED_FACE ( 'NONE', ( #143 ), #687, .F. ) ;
#1291 = AXIS2_PLACEMENT_3D ( 'NONE', #1193, #1047, #153 ) ;
#1292 = CARTESIAN_POINT ( 'NONE',  ( 6.299999999999999822, 0.000000000000000000, 1.500000000000001332 ) ) ;
#1293 = VERTEX_POINT ( 'NONE', #924 ) ;
#1294 = FACE_OUTER_BOUND ( 'NONE', #724, .T. ) ;
#1295 = CARTESIAN_POINT ( 'NONE',  ( 0.000000000000000000, 0.000000000000000000, 1.500000000000000000 ) ) ;
#1296 = DIRECTION ( 'NONE',  ( 1.000000000000000000, 0.000000000000000000, 0.000000000000000000 ) ) ;
#1297 = ORIENTED_EDGE ( 'NONE', *, *, #1157, .F. ) ;
#1298 = CARTESIAN_POINT ( 'NONE',  ( -0.5000000000000000000, 6.299999999999999822, 1.500000000000001332 ) ) ;
#1299 = EDGE_LOOP ( 'NONE', ( #1550, #883 ) ) ;
#1300 = DIRECTION ( 'NONE',  ( -0.000000000000000000, -0.000000000000000000, -1.000000000000000000 ) ) ;
#1301 = DIRECTION ( 'NONE',  ( 1.000000000000000000, 0.000000000000000000, 0.000000000000000000 ) ) ;
#1302 = DIRECTION ( 'NONE',  ( -1.000000000000000000, 0.000000000000000000, 0.000000000000000000 ) ) ;
#1303 = EDGE_CURVE ( 'NONE', #717, #286, #1183, .T. ) ;
#1304 = VECTOR ( 'NONE', #1390, 1000.000000000000000 ) ;
#1305 = ORIENTED_EDGE ( 'NONE', *, *, #327, .T. ) ;
#1306 = EDGE_CURVE ( 'NONE', #1445, #1050, #1602, .T. ) ;
#1307 = DIRECTION ( 'NONE',  ( 1.000000000000000000, 0.000000000000000000, 0.000000000000000000 ) ) ;
#1308 = DIRECTION ( 'NONE',  ( -0.000000000000000000, -0.000000000000000000, -1.000000000000000000 ) ) ;
#1309 = VERTEX_POINT ( 'NONE', #1207 ) ;
#1310 = DIRECTION ( 'NONE',  ( 1.000000000000000000, 0.000000000000000000, 0.000000000000000000 ) ) ;
#1311 = CARTESIAN_POINT ( 'NONE',  ( 2.000000000000000000, 8.150000000000000355, 0.000000000000000000 ) ) ;
#1312 = EDGE_LOOP ( 'NONE', ( #1439, #445 ) ) ;
#1313 = CARTESIAN_POINT ( 'NONE',  ( -2.811138559374120494, -2.000000000000000000, 1.500000000000000000 ) ) ;
#1314 = ORIENTED_EDGE ( 'NONE', *, *, #1120, .T. ) ;
#1315 = FACE_OUTER_BOUND ( 'NONE', #1561, .T. ) ;
#1316 = EDGE_CURVE ( 'NONE', #115, #409, #1431, .T. ) ;
#1317 = ORIENTED_EDGE ( 'NONE', *, *, #97, .F. ) ;
#1318 = EDGE_LOOP ( 'NONE', ( #96, #1465, #621, #1608 ) ) ;
#1319 = DIRECTION ( 'NONE',  ( -1.000000000000000000, 0.000000000000000000, 0.000000000000000000 ) ) ;
#1320 = ORIENTED_EDGE ( 'NONE', *, *, #994, .F. ) ;
#1321 = AXIS2_PLACEMENT_3D ( 'NONE', #1019, #1546, #1507 ) ;
#1322 = LINE ( 'NONE', #168, #1007 ) ;
#1323 = VECTOR ( 'NONE', #295, 1000.000000000000000 ) ;
#1324 = ORIENTED_EDGE ( 'NONE', *, *, #1120, .F. ) ;
#1325 = CARTESIAN_POINT ( 'NONE',  ( 0.000000000000000000, 8.150000000000000355, 0.000000000000000000 ) ) ;
#1326 = DIRECTION ( 'NONE',  ( 0.000000000000000000, 1.000000000000000000, 0.000000000000000000 ) ) ;
#1327 = EDGE_CURVE ( 'NONE', #1451, #1512, #1484, .T. ) ;
#1328 = DIRECTION ( 'NONE',  ( 1.000000000000000000, 0.000000000000000000, 0.000000000000000000 ) ) ;
#1329 = ORIENTED_EDGE ( 'NONE', *, *, #202, .T. ) ;
#1330 = LINE ( 'NONE', #1367, #1127 ) ;
#1331 = EDGE_LOOP ( 'NONE', ( #128, #1336 ) ) ;
#1332 = DIRECTION ( 'NONE',  ( 0.000000000000000000, 1.000000000000000000, 0.000000000000000000 ) ) ;
#1333 = DIRECTION ( 'NONE',  ( -0.000000000000000000, -0.000000000000000000, -1.000000000000000000 ) ) ;
#1334 = VERTEX_POINT ( 'NONE', #1354 ) ;
#1335 = EDGE_CURVE ( 'NONE', #608, #82, #673, .T. ) ;
#1336 = ORIENTED_EDGE ( 'NONE', *, *, #155, .F. ) ;
#1337 = DIRECTION ( 'NONE',  ( -0.000000000000000000, -0.000000000000000000, -1.000000000000000000 ) ) ;
#1338 = VERTEX_POINT ( 'NONE', #537 ) ;
#1339 = ORGANIZATION ( 'UNSPECIFIED', 'UNSPECIFIED', '' ) ;
#1340 = ORIENTED_EDGE ( 'NONE', *, *, #91, .T. ) ;
#1341 = DIRECTION ( 'NONE',  ( 0.000000000000000000, 0.000000000000000000, -1.000000000000000000 ) ) ;
#1342 = DIRECTION ( 'NONE',  ( 1.000000000000000000, 0.000000000000000000, 0.000000000000000000 ) ) ;
#1343 = PRODUCT ( 'HW-005_SG90_COMPACT_CROSS_REFERENCE', 'HW-005_SG90_COMPACT_CROSS_REFERENCE', '', ( #69 ) ) ;
#1344 = AXIS2_PLACEMENT_3D ( 'NONE', #1412, #751, #1296 ) ;
#1345 = EDGE_CURVE ( 'NONE', #54, #487, #106, .T. ) ;
#1346 = EDGE_LOOP ( 'NONE', ( #691, #1664, #161, #247 ) ) ;
#1347 = CARTESIAN_POINT ( 'NONE',  ( 0.000000000000000000, 6.299999999999999822, 1.500000000000001332 ) ) ;
#1348 = VECTOR ( 'NONE', #812, 1000.000000000000000 ) ;
#1349 = CARTESIAN_POINT ( 'NONE',  ( 0.000000000000000000, 0.000000000000000000, 1.500000000000000000 ) ) ;
#1350 = ORIENTED_EDGE ( 'NONE', *, *, #728, .F. ) ;
#1351 = DIRECTION ( 'NONE',  ( 1.000000000000000000, 0.000000000000000000, 0.000000000000000000 ) ) ;
#1352 = CARTESIAN_POINT ( 'NONE',  ( -0.5000000000000000000, 4.299999999999999822, 1.500000000000001332 ) ) ;
#1353 = ORIENTED_EDGE ( 'NONE', *, *, #245, .T. ) ;
#1354 = CARTESIAN_POINT ( 'NONE',  ( 0.5000000000000000000, 4.299999999999999822, 1.500000000000001332 ) ) ;
#1355 = VECTOR ( 'NONE', #1326, 1000.000000000000000 ) ;
#1356 = ADVANCED_FACE ( 'NONE', ( #173 ), #949, .F. ) ;
#1357 = COORDINATED_UNIVERSAL_TIME_OFFSET ( 6, 0, .BEHIND. ) ;
#1358 = CIRCLE ( 'NONE', #363, 2.000000000000000000 ) ;
#1359 = ORIENTED_EDGE ( 'NONE', *, *, #1499, .F. ) ;
#1360 = DIRECTION ( 'NONE',  ( -1.000000000000000000, 0.000000000000000000, 0.000000000000000000 ) ) ;
#1361 = AXIS2_PLACEMENT_3D ( 'NONE', #744, #201, #193 ) ;
#1362 = ORIENTED_EDGE ( 'NONE', *, *, #1524, .F. ) ;
#1363 = FACE_OUTER_BOUND ( 'NONE', #63, .T. ) ;
#1364 = EDGE_CURVE ( 'NONE', #302, #448, #4, .T. ) ;
#1365 = APPLICATION_PROTOCOL_DEFINITION ( 'international standard', 'config_control_design', 1994, #311 ) ;
#1366 = ORIENTED_EDGE ( 'NONE', *, *, #616, .F. ) ;
#1367 = CARTESIAN_POINT ( 'NONE',  ( 3.450000000000000178, 4.225031457058368824E-16, 1.500000000000000000 ) ) ;
#1368 =( GEOMETRIC_REPRESENTATION_CONTEXT ( 3 ) GLOBAL_UNCERTAINTY_ASSIGNED_CONTEXT ( ( #982 ) ) GLOBAL_UNIT_ASSIGNED_CONTEXT ( ( #246, #501, #867 ) ) REPRESENTATION_CONTEXT ( 'NONE', 'WORKASPACE' ) );
#1369 = CARTESIAN_POINT ( 'NONE',  ( 0.000000000000000000, 0.000000000000000000, -1.000000000000000000 ) ) ;
#1370 = AXIS2_PLACEMENT_3D ( 'NONE', #1169, #786, #1686 ) ;
#1371 = ORIENTED_EDGE ( 'NONE', *, *, #695, .F. ) ;
#1372 = CARTESIAN_POINT ( 'NONE',  ( 2.000000000000000000, 8.150000000000000355, 1.500000000000000000 ) ) ;
#1373 = VECTOR ( 'NONE', #1192, 1000.000000000000000 ) ;
#1374 = VECTOR ( 'NONE', #1015, 1000.000000000000000 ) ;
#1375 = CALENDAR_DATE ( 2026, 8, 9 ) ;
#1376 = EDGE_CURVE ( 'NONE', #1395, #1172, #1063, .T. ) ;
#1377 = ORIENTED_EDGE ( 'NONE', *, *, #17, .T. ) ;
#1378 = PLANE ( 'NONE',  #74 ) ;
#1379 = EDGE_CURVE ( 'NONE', #622, #849, #7, .T. ) ;
#1380 = EDGE_CURVE ( 'NONE', #1132, #1055, #324, .T. ) ;
#1381 = DIRECTION ( 'NONE',  ( 0.000000000000000000, 0.000000000000000000, -1.000000000000000000 ) ) ;
#1382 = CARTESIAN_POINT ( 'NONE',  ( 8.800000000000000711, 6.123233995736772199E-17, 1.500000000000001332 ) ) ;
#1383 = PLANE ( 'NONE',  #865 ) ;
#1384 = COORDINATED_UNIVERSAL_TIME_OFFSET ( 6, 0, .BEHIND. ) ;
#1385 = ORIENTED_EDGE ( 'NONE', *, *, #1000, .T. ) ;
#1386 = CYLINDRICAL_SURFACE ( 'NONE', #1505, 3.450000000000000178 ) ;
#1387 = CIRCLE ( 'NONE', #1084, 0.5000000000000004441 ) ;
#1388 = DIRECTION ( 'NONE',  ( -0.000000000000000000, -0.000000000000000000, -1.000000000000000000 ) ) ;
#1389 = EDGE_CURVE ( 'NONE', #927, #487, #1462, .T. ) ;
#1390 = DIRECTION ( 'NONE',  ( -0.000000000000000000, -1.000000000000000000, -0.000000000000000000 ) ) ;
#1391 = DIRECTION ( 'NONE',  ( -0.000000000000000000, -0.000000000000000000, -1.000000000000000000 ) ) ;
#1392 = PERSON_AND_ORGANIZATION ( #602, #1339 ) ;
#1393 = EDGE_LOOP ( 'NONE', ( #467, #1540, #514, #506 ) ) ;
#1394 = CARTESIAN_POINT ( 'NONE',  ( -10.15000000000000036, 0.000000000000000000, 1.500000000000000000 ) ) ;
#1395 = VERTEX_POINT ( 'NONE', #675 ) ;
#1396 = CARTESIAN_POINT ( 'NONE',  ( 0.5000000000000000000, -6.299999999999999822, 1.500000000000001332 ) ) ;
#1397 = DIRECTION ( 'NONE',  ( 0.000000000000000000, 0.000000000000000000, -1.000000000000000000 ) ) ;
#1398 = CYLINDRICAL_SURFACE ( 'NONE', #1043, 2.000000000000000000 ) ;
#1399 = EDGE_CURVE ( 'NONE', #409, #115, #550, .T. ) ;
#1400 = CARTESIAN_POINT ( 'NONE',  ( -4.299999999999999822, 0.000000000000000000, 1.500000000000001332 ) ) ;
#1401 = AXIS2_PLACEMENT_3D ( 'NONE', #495, #1713, #643 ) ;
#1402 = FACE_OUTER_BOUND ( 'NONE', #1235, .T. ) ;
#1403 = CARTESIAN_POINT ( 'NONE',  ( -8.800000000000000711, 0.000000000000000000, 1.500000000000001332 ) ) ;
#1404 = DIRECTION ( 'NONE',  ( 0.000000000000000000, 1.000000000000000000, 0.000000000000000000 ) ) ;
#1405 = EDGE_LOOP ( 'NONE', ( #1491, #961, #1125, #980, #938, #1268, #651, #1521, #139, #1649, #380, #597 ) ) ;
#1406 = AXIS2_PLACEMENT_3D ( 'NONE', #1518, #343, #206 ) ;
#1407 = AXIS2_PLACEMENT_3D ( 'NONE', #1474, #291, #1212 ) ;
#1408 = DIRECTION ( 'NONE',  ( 1.000000000000000000, 0.000000000000000000, -0.000000000000000000 ) ) ;
#1409 = DIRECTION ( 'NONE',  ( 0.000000000000000000, 0.000000000000000000, 1.000000000000000000 ) ) ;
#1410 = ADVANCED_FACE ( 'NONE', ( #145 ), #1594, .F. ) ;
#1411 = FACE_OUTER_BOUND ( 'NONE', #1318, .T. ) ;
#1412 = CARTESIAN_POINT ( 'NONE',  ( 0.000000000000000000, -8.300000000000000711, 1.500000000000001332 ) ) ;
#1413 = ORIENTED_EDGE ( 'NONE', *, *, #1204, .F. ) ;
#1414 = DIRECTION ( 'NONE',  ( 0.000000000000000000, 0.000000000000000000, 1.000000000000000000 ) ) ;
#1415 = AXIS2_PLACEMENT_3D ( 'NONE', #1272, #1146, #482 ) ;
#1416 = DIRECTION ( 'NONE',  ( 0.000000000000000000, 0.000000000000000000, -1.000000000000000000 ) ) ;
#1417 = DIRECTION ( 'NONE',  ( 1.000000000000000000, 0.000000000000000000, 0.000000000000000000 ) ) ;
#1418 = ORIENTED_EDGE ( 'NONE', *, *, #823, .T. ) ;
#1419 = EDGE_CURVE ( 'NONE', #45, #775, #119, .T. ) ;
#1420 = LINE ( 'NONE', #1181, #959 ) ;
#1421 = CARTESIAN_POINT ( 'NONE',  ( -0.5000000000000000000, -8.300000000000000711, 1.500000000000001332 ) ) ;
#1422 = LOCAL_TIME ( 17, 1, 46.00000000000000000, #1384 ) ;
#1423 = ORIENTED_EDGE ( 'NONE', *, *, #257, .T. ) ;
#1424 = CARTESIAN_POINT ( 'NONE',  ( -8.150000000000000355, -2.000000000000000000, 1.500000000000000000 ) ) ;
#1425 = DIRECTION ( 'NONE',  ( 0.000000000000000000, 0.000000000000000000, 1.000000000000000000 ) ) ;
#1426 = AXIS2_PLACEMENT_3D ( 'NONE', #95, #1142, #1149 ) ;
#1427 = VERTEX_POINT ( 'NONE', #1056 ) ;
#1428 = ADVANCED_FACE ( 'NONE', ( #1585 ), #382, .T. ) ;
#1429 = ORIENTED_EDGE ( 'NONE', *, *, #1345, .T. ) ;
#1430 = DIRECTION ( 'NONE',  ( 0.000000000000000000, 0.000000000000000000, -1.000000000000000000 ) ) ;
#1431 = CIRCLE ( 'NONE', #664, 0.5000000000000004441 ) ;
#1432 = EDGE_CURVE ( 'NONE', #1106, #179, #1510, .T. ) ;
#1433 = CYLINDRICAL_SURFACE ( 'NONE', #435, 0.5000000000000004441 ) ;
#1434 = ORIENTED_EDGE ( 'NONE', *, *, #185, .T. ) ;
#1435 = DIRECTION ( 'NONE',  ( 1.000000000000000000, 0.000000000000000000, 0.000000000000000000 ) ) ;
#1436 = DIRECTION ( 'NONE',  ( -0.000000000000000000, -0.000000000000000000, -1.000000000000000000 ) ) ;
#1437 = VERTEX_POINT ( 'NONE', #1038 ) ;
#1438 = DIRECTION ( 'NONE',  ( 1.000000000000000000, 0.000000000000000000, 0.000000000000000000 ) ) ;
#1439 = ORIENTED_EDGE ( 'NONE', *, *, #985, .F. ) ;
#1440 = AXIS2_PLACEMENT_3D ( 'NONE', #52, #720, #1533 ) ;
#1441 = DIRECTION ( 'NONE',  ( 1.000000000000000000, 0.000000000000000000, 0.000000000000000000 ) ) ;
#1442 = EDGE_CURVE ( 'NONE', #1036, #944, #774, .T. ) ;
#1443 = EDGE_LOOP ( 'NONE', ( #488, #567 ) ) ;
#1444 = CYLINDRICAL_SURFACE ( 'NONE', #603, 0.5000000000000004441 ) ;
#1445 = VERTEX_POINT ( 'NONE', #1469 ) ;
#1446 = LINE ( 'NONE', #887, #1374 ) ;
#1447 = ORIENTED_EDGE ( 'NONE', *, *, #371, .F. ) ;
#1448 = DIRECTION ( 'NONE',  ( 0.000000000000000000, 0.000000000000000000, -1.000000000000000000 ) ) ;
#1449 = CARTESIAN_POINT ( 'NONE',  ( 0.000000000000000000, 4.299999999999999822, 1.500000000000001332 ) ) ;
#1450 = CC_DESIGN_DATE_AND_TIME_ASSIGNMENT ( #974, #1237, ( #174 ) ) ;
#1451 = VERTEX_POINT ( 'NONE', #390 ) ;
#1452 = DIRECTION ( 'NONE',  ( 0.000000000000000000, 0.000000000000000000, 1.000000000000000000 ) ) ;
#1453 = DIRECTION ( 'NONE',  ( 0.000000000000000000, 0.000000000000000000, 1.000000000000000000 ) ) ;
#1454 = DIRECTION ( 'NONE',  ( -0.000000000000000000, -0.000000000000000000, -1.000000000000000000 ) ) ;
#1455 = ORIENTED_EDGE ( 'NONE', *, *, #1122, .F. ) ;
#1456 = FACE_OUTER_BOUND ( 'NONE', #355, .T. ) ;
#1457 = ORIENTED_EDGE ( 'NONE', *, *, #155, .T. ) ;
#1458 = FACE_OUTER_BOUND ( 'NONE', #135, .T. ) ;
#1459 = AXIS2_PLACEMENT_3D ( 'NONE', #799, #418, #1351 ) ;
#1460 = CIRCLE ( 'NONE', #27, 0.5000000000000000000 ) ;
#1461 = ORIENTED_EDGE ( 'NONE', *, *, #1164, .T. ) ;
#1462 = LINE ( 'NONE', #275, #1348 ) ;
#1463 = EDGE_CURVE ( 'NONE', #164, #387, #216, .T. ) ;
#1464 = LINE ( 'NONE', #169, #718 ) ;
#1465 = ORIENTED_EDGE ( 'NONE', *, *, #450, .T. ) ;
#1466 = CARTESIAN_POINT ( 'NONE',  ( 0.000000000000000000, 8.150000000000000355, 1.500000000000000000 ) ) ;
#1467 = VECTOR ( 'NONE', #67, 1000.000000000000000 ) ;
#1468 = CARTESIAN_POINT ( 'NONE',  ( 0.000000000000000000, -6.299999999999999822, 1.500000000000001332 ) ) ;
#1469 = CARTESIAN_POINT ( 'NONE',  ( 2.000000000000000000, -2.811138559374120494, 0.000000000000000000 ) ) ;
#1470 = EDGE_CURVE ( 'NONE', #147, #715, #285, .T. ) ;
#1471 = EDGE_LOOP ( 'NONE', ( #524, #50, #826, #1385 ) ) ;
#1472 = CARTESIAN_POINT ( 'NONE',  ( 2.549999999999999822, 3.122849337825750419E-16, 1.500000000000001332 ) ) ;
#1473 = ORIENTED_EDGE ( 'NONE', *, *, #1481, .T. ) ;
#1474 = CARTESIAN_POINT ( 'NONE',  ( 0.000000000000000000, -8.300000000000000711, 1.500000000000001332 ) ) ;
#1475 = EDGE_LOOP ( 'NONE', ( #559, #1218 ) ) ;
#1476 = LOCAL_TIME ( 17, 1, 46.00000000000000000, #40 ) ;
#1477 = ORIENTED_EDGE ( 'NONE', *, *, #923, .F. ) ;
#1478 = CARTESIAN_POINT ( 'NONE',  ( -8.800000000000000711, 0.000000000000000000, 0.000000000000000000 ) ) ;
#1479 = DIRECTION ( 'NONE',  ( 0.000000000000000000, -0.000000000000000000, -1.000000000000000000 ) ) ;
#1480 = VECTOR ( 'NONE', #725, 1000.000000000000000 ) ;
#1481 = EDGE_CURVE ( 'NONE', #282, #802, #668, .T. ) ;
#1482 = EDGE_LOOP ( 'NONE', ( #1231, #1288 ) ) ;
#1483 = CIRCLE ( 'NONE', #140, 0.5000000000000000000 ) ;
#1484 = LINE ( 'NONE', #19, #878 ) ;
#1485 = VECTOR ( 'NONE', #782, 1000.000000000000000 ) ;
#1486 = LINE ( 'NONE', #569, #612 ) ;
#1487 = PERSON_AND_ORGANIZATION_ROLE ( 'creator' ) ;
#1488 = ORIENTED_EDGE ( 'NONE', *, *, #124, .F. ) ;
#1489 = CARTESIAN_POINT ( 'NONE',  ( 6.800000000000000711, 6.123233995736772199E-17, 1.500000000000001332 ) ) ;
#1490 = DIRECTION ( 'NONE',  ( 0.000000000000000000, -1.000000000000000000, 0.000000000000000000 ) ) ;
#1491 = ORIENTED_EDGE ( 'NONE', *, *, #1675, .F. ) ;
#1492 = EDGE_CURVE ( 'NONE', #1547, #147, #719, .T. ) ;
#1493 = LINE ( 'NONE', #1119, #1467 ) ;
#1494 = AXIS2_PLACEMENT_3D ( 'NONE', #940, #1215, #958 ) ;
#1495 = VERTEX_POINT ( 'NONE', #1298 ) ;
#1496 = FACE_OUTER_BOUND ( 'NONE', #189, .T. ) ;
#1497 = PLANE ( 'NONE',  #1440 ) ;
#1498 = EDGE_LOOP ( 'NONE', ( #795, #1359 ) ) ;
#1499 = EDGE_CURVE ( 'NONE', #282, #232, #1460, .T. ) ;
#1500 = APPLICATION_PROTOCOL_DEFINITION ( 'international standard', 'config_control_design', 1994, #1 ) ;
#1501 = EDGE_LOOP ( 'NONE', ( #1114, #1203 ) ) ;
#1502 = FACE_BOUND ( 'NONE', #644, .T. ) ;
#1503 = ORIENTED_EDGE ( 'NONE', *, *, #582, .T. ) ;
#1504 = FACE_OUTER_BOUND ( 'NONE', #474, .T. ) ;
#1505 = AXIS2_PLACEMENT_3D ( 'NONE', #1004, #1107, #1640 ) ;
#1506 = ORIENTED_EDGE ( 'NONE', *, *, #862, .F. ) ;
#1507 = DIRECTION ( 'NONE',  ( 1.000000000000000000, 0.000000000000000000, 0.000000000000000000 ) ) ;
#1508 = CARTESIAN_POINT ( 'NONE',  ( -2.000000000000000000, -8.150000000000000355, 1.500000000000000000 ) ) ;
#1509 = AXIS2_PLACEMENT_3D ( 'NONE', #1555, #377, #1435 ) ;
#1510 = CIRCLE ( 'NONE', #381, 0.5000000000000004441 ) ;
#1511 = DATE_AND_TIME ( #713, #1476 ) ;
#1512 = VERTEX_POINT ( 'NONE', #1076 ) ;
#1513 = CARTESIAN_POINT ( 'NONE',  ( 8.300000000000000711, 0.000000000000000000, 1.500000000000001332 ) ) ;
#1514 = EDGE_CURVE ( 'NONE', #130, #365, #1155, .T. ) ;
#1515 = FACE_OUTER_BOUND ( 'NONE', #244, .T. ) ;
#1516 = DIRECTION ( 'NONE',  ( 0.000000000000000000, 0.000000000000000000, -1.000000000000000000 ) ) ;
#1517 = LINE ( 'NONE', #705, #1699 ) ;
#1518 = CARTESIAN_POINT ( 'NONE',  ( -8.150000000000000355, 0.000000000000000000, 0.000000000000000000 ) ) ;
#1519 = DIRECTION ( 'NONE',  ( 0.000000000000000000, 0.000000000000000000, -1.000000000000000000 ) ) ;
#1520 = COORDINATED_UNIVERSAL_TIME_OFFSET ( 6, 0, .BEHIND. ) ;
#1521 = ORIENTED_EDGE ( 'NONE', *, *, #1327, .F. ) ;
#1522 = FACE_BOUND ( 'NONE', #1498, .T. ) ;
#1523 = ORIENTED_EDGE ( 'NONE', *, *, #1463, .F. ) ;
#1524 = EDGE_CURVE ( 'NONE', #1338, #1557, #747, .T. ) ;
#1525 = AXIS2_PLACEMENT_3D ( 'NONE', #1027, #1425, #777 ) ;
#1526 = LINE ( 'NONE', #971, #1214 ) ;
#1527 = PRODUCT_RELATED_PRODUCT_CATEGORY ( 'detail', '', ( #1343 ) ) ;
#1528 = LINE ( 'NONE', #947, #584 ) ;
#1529 = DIRECTION ( 'NONE',  ( 0.000000000000000000, 0.000000000000000000, -1.000000000000000000 ) ) ;
#1530 = VERTEX_POINT ( 'NONE', #918 ) ;
#1531 = CARTESIAN_POINT ( 'NONE',  ( 2.000000000000000000, -8.150000000000000355, 0.000000000000000000 ) ) ;
#1532 = ORIENTED_EDGE ( 'NONE', *, *, #1069, .F. ) ;
#1533 = DIRECTION ( 'NONE',  ( 0.000000000000000000, -0.000000000000000000, -1.000000000000000000 ) ) ;
#1534 = DIRECTION ( 'NONE',  ( 1.000000000000000000, 0.000000000000000000, 0.000000000000000000 ) ) ;
#1535 = EDGE_CURVE ( 'NONE', #1152, #1445, #1446, .T. ) ;
#1536 = CARTESIAN_POINT ( 'NONE',  ( 0.000000000000000000, -6.299999999999999822, 1.500000000000001332 ) ) ;
#1537 = DIRECTION ( 'NONE',  ( -0.000000000000000000, -0.000000000000000000, -1.000000000000000000 ) ) ;
#1538 = AXIS2_PLACEMENT_3D ( 'NONE', #24, #148, #1093 ) ;
#1539 = DIRECTION ( 'NONE',  ( 0.000000000000000000, 0.000000000000000000, -1.000000000000000000 ) ) ;
#1540 = ORIENTED_EDGE ( 'NONE', *, *, #545, .T. ) ;
#1541 = DIRECTION ( 'NONE',  ( -1.000000000000000000, 0.000000000000000000, 0.000000000000000000 ) ) ;
#1542 = DIRECTION ( 'NONE',  ( -1.000000000000000000, 0.000000000000000000, 0.000000000000000000 ) ) ;
#1543 = ADVANCED_FACE ( 'NONE', ( #979 ), #1398, .T. ) ;
#1544 = CARTESIAN_POINT ( 'NONE',  ( -8.150000000000000355, 2.000000000000000000, 1.500000000000000000 ) ) ;
#1545 = DIRECTION ( 'NONE',  ( 0.000000000000000000, 0.000000000000000000, -1.000000000000000000 ) ) ;
#1546 = DIRECTION ( 'NONE',  ( 0.000000000000000000, 0.000000000000000000, 1.000000000000000000 ) ) ;
#1547 = VERTEX_POINT ( 'NONE', #322 ) ;
#1548 = ORIENTED_EDGE ( 'NONE', *, *, #1535, .T. ) ;
#1549 = DIRECTION ( 'NONE',  ( -0.000000000000000000, -0.000000000000000000, -1.000000000000000000 ) ) ;
#1550 = ORIENTED_EDGE ( 'NONE', *, *, #1492, .F. ) ;
#1551 = AXIS2_PLACEMENT_3D ( 'NONE', #986, #858, #756 ) ;
#1552 = DIRECTION ( 'NONE',  ( -0.000000000000000000, -0.000000000000000000, -1.000000000000000000 ) ) ;
#1553 = LINE ( 'NONE', #366, #158 ) ;
#1554 = ADVANCED_FACE ( 'NONE', ( #746 ), #1666, .F. ) ;
#1555 = CARTESIAN_POINT ( 'NONE',  ( -6.299999999999999822, 0.000000000000000000, 0.000000000000000000 ) ) ;
#1556 = DIRECTION ( 'NONE',  ( 1.000000000000000000, 0.000000000000000000, 0.000000000000000000 ) ) ;
#1557 = VERTEX_POINT ( 'NONE', #341 ) ;
#1558 = EDGE_CURVE ( 'NONE', #802, #100, #78, .T. ) ;
#1559 = EDGE_LOOP ( 'NONE', ( #199, #1477, #1687, #509 ) ) ;
#1560 = CARTESIAN_POINT ( 'NONE',  ( -4.800000000000000711, 0.000000000000000000, 1.500000000000001332 ) ) ;
#1561 = EDGE_LOOP ( 'NONE', ( #830, #554, #767, #1191 ) ) ;
#1562 = DIRECTION ( 'NONE',  ( 1.000000000000000000, 0.000000000000000000, 0.000000000000000000 ) ) ;
#1563 = VECTOR ( 'NONE', #671, 1000.000000000000000 ) ;
#1564 = ORIENTED_EDGE ( 'NONE', *, *, #564, .F. ) ;
#1565 = DIRECTION ( 'NONE',  ( 0.000000000000000000, 0.000000000000000000, 1.000000000000000000 ) ) ;
#1566 = CIRCLE ( 'NONE', #22, 0.5000000000000004441 ) ;
#1567 = CARTESIAN_POINT ( 'NONE',  ( -0.5000000000000000000, -6.299999999999999822, 1.500000000000001332 ) ) ;
#1568 = ORIENTED_EDGE ( 'NONE', *, *, #1681, .T. ) ;
#1569 = DIRECTION ( 'NONE',  ( 1.000000000000000000, 0.000000000000000000, 0.000000000000000000 ) ) ;
#1570 = EDGE_CURVE ( 'NONE', #1437, #775, #194, .T. ) ;
#1571 = CARTESIAN_POINT ( 'NONE',  ( 0.5000000000000000000, 8.300000000000000711, 1.500000000000001332 ) ) ;
#1572 = AXIS2_PLACEMENT_3D ( 'NONE', #926, #1454, #797 ) ;
#1573 = DIRECTION ( 'NONE',  ( 0.000000000000000000, 0.000000000000000000, -1.000000000000000000 ) ) ;
#1574 = ORIENTED_EDGE ( 'NONE', *, *, #1316, .T. ) ;
#1575 = CYLINDRICAL_SURFACE ( 'NONE', #1153, 2.549999999999999822 ) ;
#1576 = VERTEX_POINT ( 'NONE', #228 ) ;
#1577 = CARTESIAN_POINT ( 'NONE',  ( 4.299999999999999822, 0.000000000000000000, 0.000000000000000000 ) ) ;
#1578 = FACE_OUTER_BOUND ( 'NONE', #496, .T. ) ;
#1579 = APPROVAL ( #577, 'UNSPECIFIED' ) ;
#1580 = CYLINDRICAL_SURFACE ( 'NONE', #519, 0.5000000000000000000 ) ;
#1581 = CIRCLE ( 'NONE', #37, 2.000000000000000000 ) ;
#1582 = ORIENTED_EDGE ( 'NONE', *, *, #423, .F. ) ;
#1583 = DIRECTION ( 'NONE',  ( -1.000000000000000000, 0.000000000000000000, 0.000000000000000000 ) ) ;
#1584 = LINE ( 'NONE', #397, #754 ) ;
#1585 = FACE_OUTER_BOUND ( 'NONE', #1698, .T. ) ;
#1586 = VERTEX_POINT ( 'NONE', #761 ) ;
#1587 = DIRECTION ( 'NONE',  ( 0.000000000000000000, 0.000000000000000000, 1.000000000000000000 ) ) ;
#1588 = VERTEX_POINT ( 'NONE', #1279 ) ;
#1589 = DIRECTION ( 'NONE',  ( 0.000000000000000000, 0.000000000000000000, 1.000000000000000000 ) ) ;
#1590 = VERTEX_POINT ( 'NONE', #102 ) ;
#1591 = ADVANCED_FACE ( 'NONE', ( #729 ), #1244, .F. ) ;
#1592 = LOCAL_TIME ( 17, 1, 46.00000000000000000, #1357 ) ;
#1593 = DIRECTION ( 'NONE',  ( -1.000000000000000000, -0.000000000000000000, -0.000000000000000000 ) ) ;
#1594 = PLANE ( 'NONE',  #1658 ) ;
#1595 = CIRCLE ( 'NONE', #1040, 0.5000000000000004441 ) ;
#1596 = ORIENTED_EDGE ( 'NONE', *, *, #156, .T. ) ;
#1597 = DIRECTION ( 'NONE',  ( 0.000000000000000000, 0.000000000000000000, -1.000000000000000000 ) ) ;
#1598 = VECTOR ( 'NONE', #527, 1000.000000000000000 ) ;
#1599 = VECTOR ( 'NONE', #556, 1000.000000000000000 ) ;
#1600 = AXIS2_PLACEMENT_3D ( 'NONE', #1171, #656, #1569 ) ;
#1601 = ORIENTED_EDGE ( 'NONE', *, *, #574, .F. ) ;
#1602 = LINE ( 'NONE', #151, #187 ) ;
#1603 = ADVANCED_FACE ( 'NONE', ( #255 ), #1580, .F. ) ;
#1604 = EDGE_LOOP ( 'NONE', ( #955, #142, #261, #1701 ) ) ;
#1605 = DIRECTION ( 'NONE',  ( 0.000000000000000000, 0.000000000000000000, 1.000000000000000000 ) ) ;
#1606 = ORIENTED_EDGE ( 'NONE', *, *, #862, .T. ) ;
#1607 = CARTESIAN_POINT ( 'NONE',  ( 5.799999999999999822, 0.000000000000000000, 1.500000000000001332 ) ) ;
#1608 = ORIENTED_EDGE ( 'NONE', *, *, #871, .F. ) ;
#1609 = CARTESIAN_POINT ( 'NONE',  ( -8.150000000000000355, -2.000000000000000000, 1.500000000000000000 ) ) ;
#1610 = AXIS2_PLACEMENT_3D ( 'NONE', #1274, #1529, #1282 ) ;
#1611 = EDGE_LOOP ( 'NONE', ( #929, #1639, #330, #891 ) ) ;
#1612 = EDGE_CURVE ( 'NONE', #431, #1309, #934, .T. ) ;
#1613 = LINE ( 'NONE', #425, #107 ) ;
#1614 = ADVANCED_FACE ( 'NONE', ( #912 ), #1433, .F. ) ;
#1615 = EDGE_CURVE ( 'NONE', #45, #1179, #1709, .T. ) ;
#1616 = CARTESIAN_POINT ( 'NONE',  ( 4.299999999999999822, 0.000000000000000000, 1.500000000000001332 ) ) ;
#1617 = VERTEX_POINT ( 'NONE', #1421 ) ;
#1618 = CARTESIAN_POINT ( 'NONE',  ( -8.150000000000000355, 2.000000000000000000, 1.500000000000000000 ) ) ;
#1619 = ORIENTED_EDGE ( 'NONE', *, *, #771, .T. ) ;
#1620 = PERSON_AND_ORGANIZATION ( #602, #1339 ) ;
#1621 = EDGE_LOOP ( 'NONE', ( #57, #362 ) ) ;
#1622 = LINE ( 'NONE', #1489, #1323 ) ;
#1623 = FACE_OUTER_BOUND ( 'NONE', #901, .T. ) ;
#1624 = EDGE_CURVE ( 'NONE', #721, #45, #190, .T. ) ;
#1625 = AXIS2_PLACEMENT_3D ( 'NONE', #225, #757, #1417 ) ;
#1626 = AXIS2_PLACEMENT_3D ( 'NONE', #1201, #33, #818 ) ;
#1627 = VERTEX_POINT ( 'NONE', #263 ) ;
#1628 = AXIS2_PLACEMENT_3D ( 'NONE', #1536, #351, #93 ) ;
#1629 = CARTESIAN_POINT ( 'NONE',  ( 5.799999999999999822, 0.000000000000000000, 0.000000000000000000 ) ) ;
#1630 = VECTOR ( 'NONE', #530, 1000.000000000000000 ) ;
#1631 = PERSON_AND_ORGANIZATION_ROLE ( 'design_supplier' ) ;
#1632 = ORIENTED_EDGE ( 'NONE', *, *, #415, .T. ) ;
#1633 = FACE_BOUND ( 'NONE', #1443, .T. ) ;
#1634 = CARTESIAN_POINT ( 'NONE',  ( 0.000000000000000000, -6.299999999999999822, 1.500000000000001332 ) ) ;
#1635 = EDGE_CURVE ( 'NONE', #1547, #1590, #123, .T. ) ;
#1636 = ORIENTED_EDGE ( 'NONE', *, *, #245, .F. ) ;
#1637 = LINE ( 'NONE', #857, #1304 ) ;
#1638 = PERSON_AND_ORGANIZATION ( #602, #1339 ) ;
#1639 = ORIENTED_EDGE ( 'NONE', *, *, #1026, .F. ) ;
#1640 = DIRECTION ( 'NONE',  ( -1.000000000000000000, 0.000000000000000000, 0.000000000000000000 ) ) ;
#1641 = DIRECTION ( 'NONE',  ( 0.000000000000000000, 0.000000000000000000, -1.000000000000000000 ) ) ;
#1642 = ORIENTED_EDGE ( 'NONE', *, *, #1514, .T. ) ;
#1643 = CARTESIAN_POINT ( 'NONE',  ( 8.150000000000000355, -2.000000000000000000, 1.500000000000000000 ) ) ;
#1644 = CARTESIAN_POINT ( 'NONE',  ( 0.5000000000000000000, 8.300000000000000711, 0.000000000000000000 ) ) ;
#1645 = EDGE_CURVE ( 'NONE', #1172, #669, #1322, .T. ) ;
#1646 = APPROVAL_DATE_TIME ( #48, #1579 ) ;
#1647 = VERTEX_POINT ( 'NONE', #1190 ) ;
#1648 = DIRECTION ( 'NONE',  ( -0.000000000000000000, -0.000000000000000000, -1.000000000000000000 ) ) ;
#1649 = ORIENTED_EDGE ( 'NONE', *, *, #31, .F. ) ;
#1650 = CIRCLE ( 'NONE', #264, 3.450000000000000178 ) ;
#1651 = AXIS2_PLACEMENT_3D ( 'NONE', #1634, #1641, #575 ) ;
#1652 = DIRECTION ( 'NONE',  ( 1.000000000000000000, 0.000000000000000000, 0.000000000000000000 ) ) ;
#1653 = AXIS2_PLACEMENT_3D ( 'NONE', #1513, #845, #1360 ) ;
#1654 = DIRECTION ( 'NONE',  ( -0.000000000000000000, -0.000000000000000000, -1.000000000000000000 ) ) ;
#1655 = CIRCLE ( 'NONE', #1509, 0.5000000000000004441 ) ;
#1656 = CIRCLE ( 'NONE', #803, 0.5000000000000000000 ) ;
#1657 = EDGE_CURVE ( 'NONE', #41, #851, #99, .T. ) ;
#1658 = AXIS2_PLACEMENT_3D ( 'NONE', #520, #398, #942 ) ;
#1659 = CARTESIAN_POINT ( 'NONE',  ( 2.000000000000000000, -2.811138559374120494, 1.500000000000000000 ) ) ;
#1660 = DIRECTION ( 'NONE',  ( 0.000000000000000000, 0.000000000000000000, 1.000000000000000000 ) ) ;
#1661 = PERSON_AND_ORGANIZATION ( #602, #1339 ) ;
#1662 = VERTEX_POINT ( 'NONE', #1313 ) ;
#1663 = FACE_OUTER_BOUND ( 'NONE', #1405, .T. ) ;
#1664 = ORIENTED_EDGE ( 'NONE', *, *, #1463, .T. ) ;
#1665 = CARTESIAN_POINT ( 'NONE',  ( -0.5000000000000000000, 8.300000000000000711, 0.000000000000000000 ) ) ;
#1666 = CYLINDRICAL_SURFACE ( 'NONE', #1688, 0.5000000000000004441 ) ;
#1667 = DIRECTION ( 'NONE',  ( 1.000000000000000000, 0.000000000000000000, 0.000000000000000000 ) ) ;
#1668 = AXIS2_PLACEMENT_3D ( 'NONE', #347, #312, #847 ) ;
#1669 = CARTESIAN_POINT ( 'NONE',  ( 0.000000000000000000, 8.300000000000000711, 0.000000000000000000 ) ) ;
#1670 = ORIENTED_EDGE ( 'NONE', *, *, #1103, .F. ) ;
#1671 = CARTESIAN_POINT ( 'NONE',  ( -6.800000000000000711, 0.000000000000000000, 1.500000000000001332 ) ) ;
#1672 = ORIENTED_EDGE ( 'NONE', *, *, #17, .F. ) ;
#1673 = CIRCLE ( 'NONE', #443, 0.5000000000000000000 ) ;
#1674 = AXIS2_PLACEMENT_3D ( 'NONE', #977, #1388, #1652 ) ;
#1675 = EDGE_CURVE ( 'NONE', #1647, #1437, #1650, .T. ) ;
#1676 = CARTESIAN_POINT ( 'NONE',  ( 4.800000000000000711, 6.123233995736772199E-17, 0.000000000000000000 ) ) ;
#1677 = CARTESIAN_POINT ( 'NONE',  ( -2.549999999999999822, 0.000000000000000000, 1.500000000000001332 ) ) ;
#1678 = CARTESIAN_POINT ( 'NONE',  ( -6.299999999999999822, 0.000000000000000000, 1.500000000000001332 ) ) ;
#1679 = EDGE_LOOP ( 'NONE', ( #1642, #950, #354, #758 ) ) ;
#1680 = FACE_OUTER_BOUND ( 'NONE', #1286, .T. ) ;
#1681 = EDGE_CURVE ( 'NONE', #164, #1309, #1052, .T. ) ;
#1682 = AXIS2_PLACEMENT_3D ( 'NONE', #59, #581, #863 ) ;
#1683 = CARTESIAN_POINT ( 'NONE',  ( 7.799999999999999822, 0.000000000000000000, 1.500000000000001332 ) ) ;
#1684 = CIRCLE ( 'NONE', #215, 2.000000000000000000 ) ;
#1685 = AXIS2_PLACEMENT_3D ( 'NONE', #280, #1587, #808 ) ;
#1686 = DIRECTION ( 'NONE',  ( 1.000000000000000000, 0.000000000000000000, 0.000000000000000000 ) ) ;
#1687 = ORIENTED_EDGE ( 'NONE', *, *, #1016, .F. ) ;
#1688 = AXIS2_PLACEMENT_3D ( 'NONE', #86, #1516, #864 ) ;
#1689 = CARTESIAN_POINT ( 'NONE',  ( -0.5000000000000000000, -8.300000000000000711, 0.000000000000000000 ) ) ;
#1690 = DIRECTION ( 'NONE',  ( 0.000000000000000000, 0.000000000000000000, -1.000000000000000000 ) ) ;
#1691 = EDGE_CURVE ( 'NONE', #851, #256, #1065, .T. ) ;
#1692 = EDGE_CURVE ( 'NONE', #232, #282, #1118, .T. ) ;
#1693 = DIRECTION ( 'NONE',  ( -0.000000000000000000, -0.000000000000000000, -1.000000000000000000 ) ) ;
#1694 = DIRECTION ( 'NONE',  ( 1.000000000000000000, 0.000000000000000000, 0.000000000000000000 ) ) ;
#1695 = FACE_OUTER_BOUND ( 'NONE', #241, .T. ) ;
#1696 = VERTEX_POINT ( 'NONE', #400 ) ;
#1697 = CARTESIAN_POINT ( 'NONE',  ( 0.000000000000000000, 0.000000000000000000, 0.000000000000000000 ) ) ;
#1698 = EDGE_LOOP ( 'NONE', ( #711, #395, #1048, #1240 ) ) ;
#1699 = VECTOR ( 'NONE', #471, 1000.000000000000000 ) ;
#1700 = DIRECTION ( 'NONE',  ( 1.000000000000000000, 0.000000000000000000, 0.000000000000000000 ) ) ;
#1701 = ORIENTED_EDGE ( 'NONE', *, *, #1069, .T. ) ;
#1702 = CARTESIAN_POINT ( 'NONE',  ( -8.300000000000000711, 0.000000000000000000, 1.500000000000001332 ) ) ;
#1703 = ADVANCED_FACE ( 'NONE', ( #1458 ), #273, .T. ) ;
#1704 = DIRECTION ( 'NONE',  ( 0.000000000000000000, 0.000000000000000000, -1.000000000000000000 ) ) ;
#1705 = EDGE_LOOP ( 'NONE', ( #1100, #793, #157, #589, #112 ) ) ;
#1706 = DIRECTION ( 'NONE',  ( 0.000000000000000000, 0.000000000000000000, 1.000000000000000000 ) ) ;
#1707 = ORIENTED_EDGE ( 'NONE', *, *, #185, .F. ) ;
#1708 = DIRECTION ( 'NONE',  ( -1.000000000000000000, 0.000000000000000000, 0.000000000000000000 ) ) ;
#1709 = LINE ( 'NONE', #131, #1485 ) ;
#1710 = ORIENTED_EDGE ( 'NONE', *, *, #684, .F. ) ;
#1711 = CARTESIAN_POINT ( 'NONE',  ( 0.000000000000000000, 4.299999999999999822, 0.000000000000000000 ) ) ;
#1712 = CIRCLE ( 'NONE', #1344, 0.5000000000000000000 ) ;
#1713 = DIRECTION ( 'NONE',  ( -1.000000000000000000, 0.000000000000000000, 0.000000000000000000 ) ) ;
#1714 = ORIENTED_EDGE ( 'NONE', *, *, #1306, .F. ) ;
#1715 = EDGE_CURVE ( 'NONE', #927, #1662, #1553, .T. ) ;
#1716 = CARTESIAN_POINT ( 'NONE',  ( -8.150000000000000355, 2.000000000000000000, 1.500000000000000000 ) ) ;
ENDSEC;
END-ISO-10303-21;
