ISO-10303-21;
HEADER;
FILE_DESCRIPTION (( 'STEP AP203' ),
    '1' );
FILE_NAME ('ARM-102_Forearm_and_fixed_jaw.step',
    '2026-09-07T21:17:47',
    ( '' ),
    ( '' ),
    'SwSTEP 2.0',
    'SolidWorks 2026',
    '' );
FILE_SCHEMA (( 'CONFIG_CONTROL_DESIGN' ));
ENDSEC;

DATA;
#1 = VECTOR ( 'NONE', #618, 1000.000000000000000 ) ;
#2 = VERTEX_POINT ( 'NONE', #124 ) ;
#3 = AXIS2_PLACEMENT_3D ( 'NONE', #297, #728, #615 ) ;
#4 = DIRECTION ( 'NONE',  ( 0.000000000000000000, 0.000000000000000000, 1.000000000000000000 ) ) ;
#5 = CARTESIAN_POINT ( 'NONE',  ( 34.69999999999999574, 18.00000000000000000, 4.000000000000003553 ) ) ;
#6 = LINE ( 'NONE', #339, #68 ) ;
#7 = CARTESIAN_POINT ( 'NONE',  ( 40.00000000000000000, 3.000000000000000000, 4.000000000000000000 ) ) ;
#8 = ORIENTED_EDGE ( 'NONE', *, *, #18, .F. ) ;
#9 = CYLINDRICAL_SURFACE ( 'NONE', #337, 1.300000000000002487 ) ;
#10 = EDGE_LOOP ( 'NONE', ( #837, #207, #1314, #949 ) ) ;
#11 = LINE ( 'NONE', #1271, #876 ) ;
#12 = ORIENTED_EDGE ( 'NONE', *, *, #655, .F. ) ;
#13 = PERSON_AND_ORGANIZATION_ROLE ( 'design_owner' ) ;
#14 = EDGE_CURVE ( 'NONE', #1352, #772, #142, .T. ) ;
#15 = DIRECTION ( 'NONE',  ( -1.000000000000000000, -0.000000000000000000, -0.000000000000000000 ) ) ;
#16 = ORIENTED_EDGE ( 'NONE', *, *, #1066, .F. ) ;
#17 = LINE ( 'NONE', #1258, #429 ) ;
#18 = EDGE_CURVE ( 'NONE', #584, #1347, #1264, .T. ) ;
#19 = EDGE_LOOP ( 'NONE', ( #842, #590, #320, #53 ) ) ;
#20 = CARTESIAN_POINT ( 'NONE',  ( 3.000000000000000000, 3.673940397442059375E-16, 4.000000000000000000 ) ) ;
#21 = DIRECTION ( 'NONE',  ( -0.000000000000000000, -0.000000000000000000, -1.000000000000000000 ) ) ;
#22 = DIRECTION ( 'NONE',  ( 0.000000000000000000, 0.000000000000000000, 1.000000000000000000 ) ) ;
#23 = EDGE_LOOP ( 'NONE', ( #869, #951, #817, #164 ) ) ;
#24 = DIRECTION ( 'NONE',  ( 1.000000000000000000, 0.000000000000000000, 0.000000000000000000 ) ) ;
#25 = ORIENTED_EDGE ( 'NONE', *, *, #1412, .T. ) ;
#26 = EDGE_CURVE ( 'NONE', #454, #1160, #1048, .T. ) ;
#27 = ORGANIZATION ( 'UNSPECIFIED', 'UNSPECIFIED', '' ) ;
#28 = PLANE ( 'NONE',  #976 ) ;
#29 = EDGE_CURVE ( 'NONE', #437, #953, #614, .T. ) ;
#30 = CARTESIAN_POINT ( 'NONE',  ( 0.000000000000000000, 0.000000000000000000, 4.000000000000000000 ) ) ;
#31 = LINE ( 'NONE', #485, #1305 ) ;
#32 = ORIENTED_EDGE ( 'NONE', *, *, #1173, .F. ) ;
#33 = DIRECTION ( 'NONE',  ( -0.000000000000000000, -1.000000000000000000, -0.000000000000000000 ) ) ;
#34 = AXIS2_PLACEMENT_3D ( 'NONE', #838, #494, #680 ) ;
#35 = VERTEX_POINT ( 'NONE', #931 ) ;
#36 = CALENDAR_DATE ( 2026, 7, 9 ) ;
#37 = AXIS2_PLACEMENT_3D ( 'NONE', #414, #991, #83 ) ;
#38 = CYLINDRICAL_SURFACE ( 'NONE', #1007, 1.099999999999996758 ) ;
#39 = CARTESIAN_POINT ( 'NONE',  ( 26.00000000000000000, 7.000000000000000000, 4.000000000000000000 ) ) ;
#40 = EDGE_LOOP ( 'NONE', ( #934, #1405 ) ) ;
#41 = CARTESIAN_POINT ( 'NONE',  ( 8.000000000000000000, 0.000000000000000000, 6.999999999999999112 ) ) ;
#42 = ORIENTED_EDGE ( 'NONE', *, *, #1162, .F. ) ;
#43 = DIRECTION ( 'NONE',  ( 1.000000000000000000, 0.000000000000000000, 0.000000000000000000 ) ) ;
#44 = ADVANCED_FACE ( 'NONE', ( #1386 ), #362, .T. ) ;
#45 = VERTEX_POINT ( 'NONE', #5 ) ;
#46 = CARTESIAN_POINT ( 'NONE',  ( -8.000000000000000000, 0.000000000000000000, 4.000000000000000000 ) ) ;
#47 = ORIENTED_EDGE ( 'NONE', *, *, #965, .T. ) ;
#48 = DIRECTION ( 'NONE',  ( 0.000000000000000000, 0.000000000000000000, 1.000000000000000000 ) ) ;
#49 = CIRCLE ( 'NONE', #812, 1.100000000000000089 ) ;
#50 = AXIS2_PLACEMENT_3D ( 'NONE', #371, #22, #913 ) ;
#51 = ORIENTED_EDGE ( 'NONE', *, *, #283, .F. ) ;
#52 = DIRECTION ( 'NONE',  ( -0.000000000000000000, -0.000000000000000000, -1.000000000000000000 ) ) ;
#53 = ORIENTED_EDGE ( 'NONE', *, *, #972, .F. ) ;
#54 = VECTOR ( 'NONE', #186, 1000.000000000000000 ) ;
#55 = PERSON_AND_ORGANIZATION ( #1207, #27 ) ;
#56 = CARTESIAN_POINT ( 'NONE',  ( 57.00000000000000000, -13.50000000000000000, 6.999999999999999112 ) ) ;
#57 = CARTESIAN_POINT ( 'NONE',  ( 34.00000000000000000, -16.00000000000000000, 0.000000000000000000 ) ) ;
#58 = PERSON_AND_ORGANIZATION ( #1207, #27 ) ;
#59 = EDGE_CURVE ( 'NONE', #255, #128, #1403, .T. ) ;
#60 = EDGE_LOOP ( 'NONE', ( #920, #495, #473, #25 ) ) ;
#61 = ADVANCED_FACE ( 'NONE', ( #712 ), #249, .F. ) ;
#62 = PLANE ( 'NONE',  #344 ) ;
#63 = FACE_OUTER_BOUND ( 'NONE', #10, .T. ) ;
#64 = ORIENTED_EDGE ( 'NONE', *, *, #295, .F. ) ;
#65 = DIRECTION ( 'NONE',  ( -0.000000000000000000, -0.000000000000000000, -1.000000000000000000 ) ) ;
#66 = DIRECTION ( 'NONE',  ( 0.000000000000000000, 0.000000000000000000, -1.000000000000000000 ) ) ;
#67 = EDGE_CURVE ( 'NONE', #631, #1032, #694, .T. ) ;
#68 = VECTOR ( 'NONE', #704, 1000.000000000000000 ) ;
#69 = LINE ( 'NONE', #523, #1 ) ;
#70 = VECTOR ( 'NONE', #1369, 1000.000000000000000 ) ;
#71 = LOCAL_TIME ( 16, 17, 47.00000000000000000, #1333 ) ;
#72 = ORIENTED_EDGE ( 'NONE', *, *, #26, .F. ) ;
#73 = VERTEX_POINT ( 'NONE', #1151 ) ;
#74 = VECTOR ( 'NONE', #33, 1000.000000000000000 ) ;
#75 = DIRECTION ( 'NONE',  ( 1.000000000000000000, -0.000000000000000000, 0.000000000000000000 ) ) ;
#76 = EDGE_CURVE ( 'NONE', #706, #1194, #714, .T. ) ;
#77 = CYLINDRICAL_SURFACE ( 'NONE', #217, 3.000000000000000000 ) ;
#78 = DIRECTION ( 'NONE',  ( 0.000000000000000000, -0.000000000000000000, -1.000000000000000000 ) ) ;
#79 = DATE_AND_TIME ( #411, #219 ) ;
#80 = ORIENTED_EDGE ( 'NONE', *, *, #1284, .T. ) ;
#81 = CARTESIAN_POINT ( 'NONE',  ( 0.000000000000000000, 8.000000000000000000, 4.000000000000000000 ) ) ;
#82 = VERTEX_POINT ( 'NONE', #258 ) ;
#83 = DIRECTION ( 'NONE',  ( 0.000000000000000000, -0.000000000000000000, -1.000000000000000000 ) ) ;
#84 = FACE_OUTER_BOUND ( 'NONE', #404, .T. ) ;
#85 = CARTESIAN_POINT ( 'NONE',  ( 26.00000000000000000, 7.000000000000000000, 0.000000000000000000 ) ) ;
#86 = EDGE_LOOP ( 'NONE', ( #1400, #1012, #8, #994 ) ) ;
#87 = EDGE_CURVE ( 'NONE', #688, #1032, #1158, .T. ) ;
#88 = ORIENTED_EDGE ( 'NONE', *, *, #808, .T. ) ;
#89 = DIRECTION ( 'NONE',  ( 0.000000000000000000, 1.000000000000000000, 0.000000000000000000 ) ) ;
#90 = LINE ( 'NONE', #776, #739 ) ;
#91 = DIRECTION ( 'NONE',  ( 0.000000000000000000, 0.000000000000000000, -1.000000000000000000 ) ) ;
#92 = AXIS2_PLACEMENT_3D ( 'NONE', #1376, #1266, #252 ) ;
#93 = ORIENTED_EDGE ( 'NONE', *, *, #123, .T. ) ;
#94 = CARTESIAN_POINT ( 'NONE',  ( 70.00000000000000000, 3.000000000000000000, 0.000000000000000000 ) ) ;
#95 = VECTOR ( 'NONE', #1152, 1000.000000000000000 ) ;
#96 = EDGE_LOOP ( 'NONE', ( #527, #1296 ) ) ;
#97 = LINE ( 'NONE', #767, #278 ) ;
#98 = DIRECTION ( 'NONE',  ( -1.000000000000000000, 0.000000000000000000, 0.000000000000000000 ) ) ;
#99 = VECTOR ( 'NONE', #15, 1000.000000000000000 ) ;
#100 = FACE_OUTER_BOUND ( 'NONE', #1019, .T. ) ;
#101 = LINE ( 'NONE', #135, #1051 ) ;
#102 = ORIENTED_EDGE ( 'NONE', *, *, #29, .T. ) ;
#103 = VECTOR ( 'NONE', #1215, 1000.000000000000000 ) ;
#104 = ORIENTED_EDGE ( 'NONE', *, *, #1133, .T. ) ;
#105 = APPROVAL ( #958, 'UNSPECIFIED' ) ;
#106 = CARTESIAN_POINT ( 'NONE',  ( 38.60000000000000142, 11.50000000000000000, 4.000000000000000888 ) ) ;
#107 = DIRECTION ( 'NONE',  ( 0.000000000000000000, -0.000000000000000000, 1.000000000000000000 ) ) ;
#108 = CARTESIAN_POINT ( 'NONE',  ( 65.00000000000000000, 18.00000000000000000, 0.000000000000000000 ) ) ;
#109 = ORIENTED_EDGE ( 'NONE', *, *, #386, .T. ) ;
#110 = PLANE ( 'NONE',  #937 ) ;
#111 = ORIENTED_EDGE ( 'NONE', *, *, #173, .T. ) ;
#112 = DIRECTION ( 'NONE',  ( 0.000000000000000000, -1.000000000000000000, 0.000000000000000000 ) ) ;
#113 = EDGE_LOOP ( 'NONE', ( #392, #480, #120, #1087 ) ) ;
#114 = ADVANCED_FACE ( 'NONE', ( #939 ), #178, .F. ) ;
#115 = CARTESIAN_POINT ( 'NONE',  ( 70.00000000000000000, 3.000000000000000000, 4.000000000000000000 ) ) ;
#116 = FACE_OUTER_BOUND ( 'NONE', #86, .T. ) ;
#117 = ORIENTED_EDGE ( 'NONE', *, *, #1293, .T. ) ;
#118 = DIRECTION ( 'NONE',  ( 1.000000000000000000, 0.000000000000000000, 0.000000000000000000 ) ) ;
#119 = CIRCLE ( 'NONE', #1425, 1.299999999999995604 ) ;
#120 = ORIENTED_EDGE ( 'NONE', *, *, #1111, .T. ) ;
#121 = EDGE_CURVE ( 'NONE', #370, #1410, #159, .T. ) ;
#122 = FACE_OUTER_BOUND ( 'NONE', #664, .T. ) ;
#123 = EDGE_CURVE ( 'NONE', #446, #1052, #984, .T. ) ;
#124 = CARTESIAN_POINT ( 'NONE',  ( -6.899999999999999467, 1.347111479062088503E-16, 4.000000000000000000 ) ) ;
#125 = AXIS2_PLACEMENT_3D ( 'NONE', #861, #726, #1178 ) ;
#126 = EDGE_CURVE ( 'NONE', #846, #857, #489, .T. ) ;
#127 = DIRECTION ( 'NONE',  ( 1.000000000000000000, 0.000000000000000000, 0.000000000000000000 ) ) ;
#128 = VERTEX_POINT ( 'NONE', #160 ) ;
#129 = DIRECTION ( 'NONE',  ( -0.000000000000000000, -0.000000000000000000, -1.000000000000000000 ) ) ;
#130 = ORIENTED_EDGE ( 'NONE', *, *, #1441, .F. ) ;
#131 = VECTOR ( 'NONE', #1402, 1000.000000000000000 ) ;
#132 = FACE_OUTER_BOUND ( 'NONE', #1372, .T. ) ;
#133 = CARTESIAN_POINT ( 'NONE',  ( 0.000000000000000000, 0.000000000000000000, 0.000000000000000000 ) ) ;
#134 = LINE ( 'NONE', #1159, #400 ) ;
#135 = CARTESIAN_POINT ( 'NONE',  ( 38.60000000000000142, 0.000000000000000000, 0.000000000000000000 ) ) ;
#136 = ADVANCED_FACE ( 'NONE', ( #623 ), #62, .F. ) ;
#137 = ORIENTED_EDGE ( 'NONE', *, *, #14, .T. ) ;
#138 = LINE ( 'NONE', #689, #1000 ) ;
#139 = EDGE_CURVE ( 'NONE', #430, #574, #824, .T. ) ;
#140 = ORIENTED_EDGE ( 'NONE', *, *, #841, .T. ) ;
#141 = DIRECTION ( 'NONE',  ( -0.000000000000000000, -0.000000000000000000, -1.000000000000000000 ) ) ;
#142 = LINE ( 'NONE', #799, #677 ) ;
#143 = CARTESIAN_POINT ( 'NONE',  ( 70.00000000000000000, 29.00000000000000000, 0.000000000000000000 ) ) ;
#144 = EDGE_LOOP ( 'NONE', ( #796, #989 ) ) ;
#145 = CARTESIAN_POINT ( 'NONE',  ( 36.00000000000000000, 18.00000000000000000, 4.000000000000003553 ) ) ;
#146 = VERTEX_POINT ( 'NONE', #395 ) ;
#147 = AXIS2_PLACEMENT_3D ( 'NONE', #1184, #396, #385 ) ;
#148 = DIRECTION ( 'NONE',  ( -0.000000000000000000, -0.000000000000000000, -1.000000000000000000 ) ) ;
#149 = CIRCLE ( 'NONE', #292, 13.00000000000000000 ) ;
#150 = SECURITY_CLASSIFICATION ( '', '', #721 ) ;
#151 = DATE_AND_TIME ( #1196, #270 ) ;
#152 = LINE ( 'NONE', #602, #1081 ) ;
#153 = CARTESIAN_POINT ( 'NONE',  ( 27.00000000000000000, -16.00000000000000000, 0.000000000000000000 ) ) ;
#154 = ORIENTED_EDGE ( 'NONE', *, *, #928, .F. ) ;
#155 = DIRECTION ( 'NONE',  ( -0.000000000000000000, -0.000000000000000000, -1.000000000000000000 ) ) ;
#156 = CIRCLE ( 'NONE', #980, 1.300000000000002487 ) ;
#157 = ORIENTED_EDGE ( 'NONE', *, *, #1320, .F. ) ;
#158 = CC_DESIGN_DATE_AND_TIME_ASSIGNMENT ( #982, #318, ( #150 ) ) ;
#159 = CIRCLE ( 'NONE', #1127, 1.299999999999995604 ) ;
#160 = CARTESIAN_POINT ( 'NONE',  ( 1.100000000000000089, 8.000000000000000000, 4.000000000000000000 ) ) ;
#161 = ORIENTED_EDGE ( 'NONE', *, *, #442, .T. ) ;
#162 = DIRECTION ( 'NONE',  ( 1.000000000000000000, 0.000000000000000000, 0.000000000000000000 ) ) ;
#163 = PERSON_AND_ORGANIZATION_ROLE ( 'classification_officer' ) ;
#164 = ORIENTED_EDGE ( 'NONE', *, *, #1397, .F. ) ;
#165 = CARTESIAN_POINT ( 'NONE',  ( 73.00000000000000000, -13.50000000000000000, 0.000000000000000000 ) ) ;
#166 = ORIENTED_EDGE ( 'NONE', *, *, #1182, .T. ) ;
#167 = CARTESIAN_POINT ( 'NONE',  ( 62.39999999999999858, 11.50000000000000000, 0.000000000000000000 ) ) ;
#168 = EDGE_LOOP ( 'NONE', ( #227, #875, #1054, #218 ) ) ;
#169 = DATE_TIME_ROLE ( 'creation_date' ) ;
#170 = CYLINDRICAL_SURFACE ( 'NONE', #793, 1.100000000000000311 ) ;
#171 = VECTOR ( 'NONE', #568, 1000.000000000000000 ) ;
#172 = AXIS2_PLACEMENT_3D ( 'NONE', #1035, #587, #1375 ) ;
#173 = EDGE_CURVE ( 'NONE', #500, #349, #1434, .T. ) ;
#174 = DIRECTION ( 'NONE',  ( -0.000000000000000000, 0.000000000000000000, 1.000000000000000000 ) ) ;
#175 = EDGE_CURVE ( 'NONE', #220, #1037, #1417, .T. ) ;
#176 = ORIENTED_EDGE ( 'NONE', *, *, #522, .T. ) ;
#177 = AXIS2_PLACEMENT_3D ( 'NONE', #343, #1346, #672 ) ;
#178 = PLANE ( 'NONE',  #1190 ) ;
#179 = AXIS2_PLACEMENT_3D ( 'NONE', #1226, #65, #209 ) ;
#180 = DIRECTION ( 'NONE',  ( 1.000000000000000000, 0.000000000000000000, 0.000000000000000000 ) ) ;
#181 = EDGE_CURVE ( 'NONE', #688, #1248, #1181, .T. ) ;
#182 = ORIENTED_EDGE ( 'NONE', *, *, #1293, .F. ) ;
#183 = ADVANCED_FACE ( 'NONE', ( #496 ), #38, .F. ) ;
#184 = CARTESIAN_POINT ( 'NONE',  ( 0.000000000000000000, 0.000000000000000000, 0.000000000000000000 ) ) ;
#185 = DIRECTION ( 'NONE',  ( 0.000000000000000000, 0.000000000000000000, 1.000000000000000000 ) ) ;
#186 = DIRECTION ( 'NONE',  ( 0.000000000000000000, 0.000000000000000000, -1.000000000000000000 ) ) ;
#187 = EDGE_LOOP ( 'NONE', ( #936, #447, #983, #656 ) ) ;
#188 = EDGE_CURVE ( 'NONE', #611, #282, #1423, .T. ) ;
#189 = ORIENTED_EDGE ( 'NONE', *, *, #1272, .F. ) ;
#190 = FACE_BOUND ( 'NONE', #617, .T. ) ;
#191 = AXIS2_PLACEMENT_3D ( 'NONE', #133, #21, #1274 ) ;
#192 = CARTESIAN_POINT ( 'NONE',  ( 36.00000000000000000, 18.00000000000000000, 4.000000000000003553 ) ) ;
#193 = VECTOR ( 'NONE', #1324, 1000.000000000000000 ) ;
#194 = DIRECTION ( 'NONE',  ( 0.000000000000000000, 0.000000000000000000, -1.000000000000000000 ) ) ;
#195 = VECTOR ( 'NONE', #1360, 1000.000000000000000 ) ;
#196 = ORIENTED_EDGE ( 'NONE', *, *, #1415, .T. ) ;
#197 = VERTEX_POINT ( 'NONE', #1408 ) ;
#198 = CARTESIAN_POINT ( 'NONE',  ( -6.899999999999999467, 1.347111479062088503E-16, 0.000000000000000000 ) ) ;
#199 = DIRECTION ( 'NONE',  ( -1.000000000000000000, 0.000000000000000000, 0.000000000000000000 ) ) ;
#200 = ADVANCED_FACE ( 'NONE', ( #1286 ), #170, .F. ) ;
#201 = ADVANCED_FACE ( 'NONE', ( #272 ), #515, .F. ) ;
#202 = LINE ( 'NONE', #1470, #1287 ) ;
#203 = ORIENTED_EDGE ( 'NONE', *, *, #126, .F. ) ;
#204 = CARTESIAN_POINT ( 'NONE',  ( 0.000000000000000000, 0.000000000000000000, 4.000000000000000000 ) ) ;
#205 = LINE ( 'NONE', #653, #1262 ) ;
#206 = DIRECTION ( 'NONE',  ( 0.000000000000000000, 0.000000000000000000, 1.000000000000000000 ) ) ;
#207 = ORIENTED_EDGE ( 'NONE', *, *, #1439, .T. ) ;
#208 = CARTESIAN_POINT ( 'NONE',  ( -1.100000000000000089, -8.000000000000000000, 6.999999999999999112 ) ) ;
#209 = DIRECTION ( 'NONE',  ( 1.000000000000000000, 0.000000000000000000, 0.000000000000000000 ) ) ;
#210 = FACE_OUTER_BOUND ( 'NONE', #412, .T. ) ;
#211 = CARTESIAN_POINT ( 'NONE',  ( 34.00000000000000000, 0.000000000000000000, 4.000000000000000000 ) ) ;
#212 = ADVANCED_BREP_SHAPE_REPRESENTATION ( 'ARM-102_Forearm_and_fixed_jaw', ( #1027, #290 ), #660 ) ;
#213 = CIRCLE ( 'NONE', #546, 1.100000000000000311 ) ;
#214 = APPLICATION_CONTEXT ( 'configuration controlled 3d designs of mechanical parts and assemblies' ) ;
#215 = LINE ( 'NONE', #1153, #195 ) ;
#217 = AXIS2_PLACEMENT_3D ( 'NONE', #886, #407, #199 ) ;
#216 = CC_DESIGN_PERSON_AND_ORGANIZATION_ASSIGNMENT ( #1175, #13, ( #579 ) ) ;
#218 = ORIENTED_EDGE ( 'NONE', *, *, #1412, .F. ) ;
#219 = LOCAL_TIME ( 16, 17, 47.00000000000000000, #417 ) ;
#220 = VERTEX_POINT ( 'NONE', #1311 ) ;
#221 = PLANE ( 'NONE',  #995 ) ;
#222 = VECTOR ( 'NONE', #374, 1000.000000000000000 ) ;
#223 = PLANE ( 'NONE',  #311 ) ;
#224 = LINE ( 'NONE', #573, #70 ) ;
#225 = EDGE_LOOP ( 'NONE', ( #117, #907, #319, #280 ) ) ;
#226 = VECTOR ( 'NONE', #303, 1000.000000000000000 ) ;
#227 = ORIENTED_EDGE ( 'NONE', *, *, #647, .F. ) ;
#228 = ADVANCED_FACE ( 'NONE', ( #298 ), #1197, .F. ) ;
#229 = CARTESIAN_POINT ( 'NONE',  ( 26.00000000000000000, 29.00000000000000000, 4.000000000000000000 ) ) ;
#230 = ORIENTED_EDGE ( 'NONE', *, *, #718, .T. ) ;
#231 = CARTESIAN_POINT ( 'NONE',  ( 27.00000000000000000, -16.00000000000000000, 7.000000000000000000 ) ) ;
#232 = ORIENTED_EDGE ( 'NONE', *, *, #928, .T. ) ;
#233 = DIRECTION ( 'NONE',  ( 0.000000000000000000, 0.000000000000000000, -1.000000000000000000 ) ) ;
#234 = ADVANCED_FACE ( 'NONE', ( #854 ), #1165, .F. ) ;
#235 = ORIENTED_EDGE ( 'NONE', *, *, #1004, .T. ) ;
#236 = VECTOR ( 'NONE', #792, 1000.000000000000000 ) ;
#237 = EDGE_CURVE ( 'NONE', #301, #146, #152, .T. ) ;
#238 = LINE ( 'NONE', #1033, #245 ) ;
#239 = EDGE_CURVE ( 'NONE', #699, #611, #879, .T. ) ;
#240 = EDGE_LOOP ( 'NONE', ( #561, #1321, #493, #342 ) ) ;
#241 = DIRECTION ( 'NONE',  ( -0.000000000000000000, -0.000000000000000000, -1.000000000000000000 ) ) ;
#242 = DIRECTION ( 'NONE',  ( 0.000000000000000000, 0.000000000000000000, -1.000000000000000000 ) ) ;
#243 = ORIENTED_EDGE ( 'NONE', *, *, #188, .F. ) ;
#244 = DIRECTION ( 'NONE',  ( 1.000000000000000000, 0.000000000000000000, -0.000000000000000000 ) ) ;
#245 = VECTOR ( 'NONE', #465, 1000.000000000000000 ) ;
#246 = EDGE_LOOP ( 'NONE', ( #327, #507, #715, #1380 ) ) ;
#247 = CARTESIAN_POINT ( 'NONE',  ( 62.39999999999999858, 24.50000000000000000, 4.000000000000000888 ) ) ;
#248 = ADVANCED_FACE ( 'NONE', ( #1102, #761, #1095, #309, #646, #535, #1348, #1106, #190, #528, #406 ), #997, .F. ) ;
#249 = PLANE ( 'NONE',  #833 ) ;
#250 = VECTOR ( 'NONE', #868, 1000.000000000000000 ) ;
#251 = CARTESIAN_POINT ( 'NONE',  ( 3.000000000000000000, 3.673940397442059375E-16, 6.999999999999999112 ) ) ;
#252 = DIRECTION ( 'NONE',  ( 1.000000000000000000, 0.000000000000000000, 0.000000000000000000 ) ) ;
#253 = EDGE_LOOP ( 'NONE', ( #738, #559, #1015, #420 ) ) ;
#254 = LINE ( 'NONE', #366, #1238 ) ;
#255 = VERTEX_POINT ( 'NONE', #1209 ) ;
#256 = AXIS2_PLACEMENT_3D ( 'NONE', #1201, #75, #871 ) ;
#257 = DIRECTION ( 'NONE',  ( 1.000000000000000000, 0.000000000000000000, 0.000000000000000000 ) ) ;
#258 = CARTESIAN_POINT ( 'NONE',  ( 34.00000000000000000, 7.000000000000000000, 7.000000000000000000 ) ) ;
#259 =( NAMED_UNIT ( * ) PLANE_ANGLE_UNIT ( ) SI_UNIT ( $, .RADIAN. ) );
#260 = ORIENTED_EDGE ( 'NONE', *, *, #324, .T. ) ;
#261 = LINE ( 'NONE', #832, #1414 ) ;
#262 = EDGE_LOOP ( 'NONE', ( #671, #1357 ) ) ;
#263 = DIRECTION ( 'NONE',  ( 0.000000000000000000, 0.000000000000000000, -1.000000000000000000 ) ) ;
#264 = EDGE_LOOP ( 'NONE', ( #725, #1077, #1001, #111 ) ) ;
#265 = CARTESIAN_POINT ( 'NONE',  ( 36.00000000000000000, 18.00000000000000000, 0.000000000000000000 ) ) ;
#266 = EDGE_LOOP ( 'NONE', ( #942, #825, #774, #1144 ) ) ;
#267 = LINE ( 'NONE', #1203, #1078 ) ;
#268 = CC_DESIGN_DATE_AND_TIME_ASSIGNMENT ( #1186, #169, ( #1251 ) ) ;
#269 = ORIENTED_EDGE ( 'NONE', *, *, #67, .T. ) ;
#270 = LOCAL_TIME ( 16, 17, 47.00000000000000000, #608 ) ;
#271 = VECTOR ( 'NONE', #906, 1000.000000000000000 ) ;
#272 = FACE_OUTER_BOUND ( 'NONE', #168, .T. ) ;
#273 = MECHANICAL_CONTEXT ( 'NONE', #214, 'mechanical' ) ;
#274 = VERTEX_POINT ( 'NONE', #198 ) ;
#275 = CARTESIAN_POINT ( 'NONE',  ( 73.00000000000000000, -13.50000000000000000, 0.000000000000000000 ) ) ;
#276 = ORIENTED_EDGE ( 'NONE', *, *, #1290, .T. ) ;
#277 = DIRECTION ( 'NONE',  ( 1.000000000000000000, 0.000000000000000000, -0.000000000000000000 ) ) ;
#278 = VECTOR ( 'NONE', #1316, 1000.000000000000000 ) ;
#279 = DIRECTION ( 'NONE',  ( 0.000000000000000000, 0.000000000000000000, -1.000000000000000000 ) ) ;
#280 = ORIENTED_EDGE ( 'NONE', *, *, #696, .T. ) ;
#281 = DIRECTION ( 'NONE',  ( -1.000000000000000000, 0.000000000000000000, 0.000000000000000000 ) ) ;
#282 = VERTEX_POINT ( 'NONE', #1329 ) ;
#283 = EDGE_CURVE ( 'NONE', #604, #584, #1219, .T. ) ;
#284 = DIRECTION ( 'NONE',  ( -1.000000000000000000, 0.000000000000000000, 0.000000000000000000 ) ) ;
#285 = CARTESIAN_POINT ( 'NONE',  ( 8.000000000000000000, 0.000000000000000000, 4.000000000000000000 ) ) ;
#286 = ADVANCED_FACE ( 'NONE', ( #985 ), #865, .F. ) ;
#287 = DIRECTION ( 'NONE',  ( -0.000000000000000000, -0.000000000000000000, -1.000000000000000000 ) ) ;
#288 = VERTEX_POINT ( 'NONE', #1445 ) ;
#289 = PLANE ( 'NONE',  #621 ) ;
#290 = AXIS2_PLACEMENT_3D ( 'NONE', #491, #610, #947 ) ;
#291 = DIRECTION ( 'NONE',  ( -0.000000000000000000, -0.000000000000000000, -1.000000000000000000 ) ) ;
#292 = AXIS2_PLACEMENT_3D ( 'NONE', #1317, #648, #304 ) ;
#293 = EDGE_CURVE ( 'NONE', #651, #961, #1150, .T. ) ;
#294 = LINE ( 'NONE', #744, #54 ) ;
#295 = EDGE_CURVE ( 'NONE', #584, #772, #97, .T. ) ;
#296 = VERTEX_POINT ( 'NONE', #893 ) ;
#297 = CARTESIAN_POINT ( 'NONE',  ( 0.000000000000000000, 0.000000000000000000, 4.000000000000000000 ) ) ;
#298 = FACE_OUTER_BOUND ( 'NONE', #240, .T. ) ;
#299 = AXIS2_PLACEMENT_3D ( 'NONE', #401, #843, #1420 ) ;
#300 = CARTESIAN_POINT ( 'NONE',  ( 78.00000000000000000, -16.00000000000000000, 0.000000000000000000 ) ) ;
#301 = VERTEX_POINT ( 'NONE', #652 ) ;
#302 = ORIENTED_EDGE ( 'NONE', *, *, #862, .T. ) ;
#303 = DIRECTION ( 'NONE',  ( 0.000000000000000000, 0.000000000000000000, -1.000000000000000000 ) ) ;
#304 = DIRECTION ( 'NONE',  ( 1.000000000000000000, 0.000000000000000000, 0.000000000000000000 ) ) ;
#305 = FACE_OUTER_BOUND ( 'NONE', #1212, .T. ) ;
#306 = ORIENTED_EDGE ( 'NONE', *, *, #1424, .T. ) ;
#307 = ADVANCED_FACE ( 'NONE', ( #1338 ), #639, .T. ) ;
#308 = ORIENTED_EDGE ( 'NONE', *, *, #745, .T. ) ;
#309 = FACE_BOUND ( 'NONE', #1362, .T. ) ;
#310 = PLANE ( 'NONE',  #599 ) ;
#311 = AXIS2_PLACEMENT_3D ( 'NONE', #325, #1343, #764 ) ;
#312 = CARTESIAN_POINT ( 'NONE',  ( 40.00000000000000000, -7.000000000000000000, 4.000000000000000000 ) ) ;
#313 = ORIENTED_EDGE ( 'NONE', *, *, #797, .T. ) ;
#314 = DIRECTION ( 'NONE',  ( 1.000000000000000000, 0.000000000000000000, 0.000000000000000000 ) ) ;
#315 = DIRECTION ( 'NONE',  ( 0.000000000000000000, 0.000000000000000000, -1.000000000000000000 ) ) ;
#316 = DIRECTION ( 'NONE',  ( 0.000000000000000000, 0.000000000000000000, -1.000000000000000000 ) ) ;
#317 = AXIS2_PLACEMENT_3D ( 'NONE', #285, #849, #1089 ) ;
#318 = DATE_TIME_ROLE ( 'classification_date' ) ;
#319 = ORIENTED_EDGE ( 'NONE', *, *, #787, .F. ) ;
#320 = ORIENTED_EDGE ( 'NONE', *, *, #804, .T. ) ;
#321 = CARTESIAN_POINT ( 'NONE',  ( 70.00000000000000000, 3.000000000000000000, 4.000000000000000000 ) ) ;
#322 = EDGE_CURVE ( 'NONE', #1298, #604, #633, .T. ) ;
#323 = DIRECTION ( 'NONE',  ( 0.000000000000000000, -0.000000000000000000, 1.000000000000000000 ) ) ;
#324 = EDGE_CURVE ( 'NONE', #606, #469, #1088, .T. ) ;
#325 = CARTESIAN_POINT ( 'NONE',  ( 0.000000000000000000, -7.000000000000000000, 4.000000000000000000 ) ) ;
#326 = CARTESIAN_POINT ( 'NONE',  ( 65.00000000000000000, 18.00000000000000000, 4.000000000000003553 ) ) ;
#327 = ORIENTED_EDGE ( 'NONE', *, *, #1439, .F. ) ;
#328 = PLANE ( 'NONE',  #1192 ) ;
#329 = DIRECTION ( 'NONE',  ( 1.000000000000000000, 0.000000000000000000, 0.000000000000000000 ) ) ;
#330 = VECTOR ( 'NONE', #316, 1000.000000000000000 ) ;
#331 = DIRECTION ( 'NONE',  ( 1.000000000000000000, 0.000000000000000000, 0.000000000000000000 ) ) ;
#332 = VECTOR ( 'NONE', #921, 1000.000000000000000 ) ;
#333 = EDGE_LOOP ( 'NONE', ( #566, #964 ) ) ;
#334 = EDGE_CURVE ( 'NONE', #146, #220, #885, .T. ) ;
#335 = ORIENTED_EDGE ( 'NONE', *, *, #607, .T. ) ;
#336 = CARTESIAN_POINT ( 'NONE',  ( 26.00000000000000000, 29.00000000000000000, 4.000000000000000000 ) ) ;
#337 = AXIS2_PLACEMENT_3D ( 'NONE', #145, #463, #918 ) ;
#338 = DIRECTION ( 'NONE',  ( -0.000000000000000000, -0.000000000000000000, -1.000000000000000000 ) ) ;
#339 = CARTESIAN_POINT ( 'NONE',  ( 78.00000000000000000, -16.00000000000000000, 0.000000000000000000 ) ) ;
#340 = EDGE_CURVE ( 'NONE', #197, #398, #1059, .T. ) ;
#341 = CARTESIAN_POINT ( 'NONE',  ( 8.000000000000000000, 0.000000000000000000, 0.000000000000000000 ) ) ;
#342 = ORIENTED_EDGE ( 'NONE', *, *, #1451, .F. ) ;
#343 = CARTESIAN_POINT ( 'NONE',  ( 0.000000000000000000, 0.000000000000000000, 7.000000000000000000 ) ) ;
#344 = AXIS2_PLACEMENT_3D ( 'NONE', #946, #966, #959 ) ;
#345 = ORIENTED_EDGE ( 'NONE', *, *, #87, .T. ) ;
#346 = FACE_BOUND ( 'NONE', #486, .T. ) ;
#347 = DIRECTION ( 'NONE',  ( 1.000000000000000000, 0.000000000000000000, 0.000000000000000000 ) ) ;
#348 = CARTESIAN_POINT ( 'NONE',  ( 30.00000000000000000, -11.00000000000000000, 7.000000000000000000 ) ) ;
#349 = VERTEX_POINT ( 'NONE', #658 ) ;
#350 = CARTESIAN_POINT ( 'NONE',  ( 0.000000000000000000, 0.000000000000000000, 4.000000000000000000 ) ) ;
#351 = PRODUCT_DEFINITION_SHAPE ( 'NONE', 'NONE',  #1251 ) ;
#352 = ORIENTED_EDGE ( 'NONE', *, *, #1082, .F. ) ;
#353 = DIRECTION ( 'NONE',  ( 0.000000000000000000, 1.000000000000000000, 0.000000000000000000 ) ) ;
#354 = CARTESIAN_POINT ( 'NONE',  ( 27.00000000000000000, -16.00000000000000000, 7.000000000000000000 ) ) ;
#355 = CARTESIAN_POINT ( 'NONE',  ( 0.000000000000000000, 24.50000000000000000, 0.000000000000000000 ) ) ;
#356 = PLANE ( 'NONE',  #1168 ) ;
#357 = EDGE_LOOP ( 'NONE', ( #679, #104 ) ) ;
#358 = CARTESIAN_POINT ( 'NONE',  ( 0.000000000000000000, 0.000000000000000000, 4.000000000000000000 ) ) ;
#359 = AXIS2_PLACEMENT_3D ( 'NONE', #1126, #315, #659 ) ;
#360 = EDGE_LOOP ( 'NONE', ( #684, #345, #1099, #514 ) ) ;
#361 = DIRECTION ( 'NONE',  ( 0.000000000000000000, 0.000000000000000000, -1.000000000000000000 ) ) ;
#362 = CYLINDRICAL_SURFACE ( 'NONE', #376, 13.00000000000000000 ) ;
#363 = AXIS2_PLACEMENT_3D ( 'NONE', #1137, #242, #687 ) ;
#364 = LINE ( 'NONE', #822, #1385 ) ;
#365 = ORIENTED_EDGE ( 'NONE', *, *, #550, .T. ) ;
#366 = CARTESIAN_POINT ( 'NONE',  ( 40.00000000000000000, -7.000000000000000000, 4.000000000000000000 ) ) ;
#367 = VERTEX_POINT ( 'NONE', #519 ) ;
#368 = AXIS2_PLACEMENT_3D ( 'NONE', #204, #1453, #314 ) ;
#369 = DIRECTION ( 'NONE',  ( -1.000000000000000000, 0.000000000000000000, 0.000000000000000000 ) ) ;
#370 = VERTEX_POINT ( 'NONE', #554 ) ;
#371 = CARTESIAN_POINT ( 'NONE',  ( 65.00000000000000000, 18.00000000000000000, 4.000000000000003553 ) ) ;
#372 = ADVANCED_FACE ( 'NONE', ( #1005 ), #1461, .F. ) ;
#373 = ORIENTED_EDGE ( 'NONE', *, *, #729, .T. ) ;
#374 = DIRECTION ( 'NONE',  ( 1.000000000000000000, 0.000000000000000000, 0.000000000000000000 ) ) ;
#375 = ORIENTED_EDGE ( 'NONE', *, *, #742, .T. ) ;
#376 = AXIS2_PLACEMENT_3D ( 'NONE', #30, #1245, #1374 ) ;
#377 = PERSON_AND_ORGANIZATION_ROLE ( 'creator' ) ;
#378 = DIRECTION ( 'NONE',  ( 0.000000000000000000, -0.000000000000000000, 1.000000000000000000 ) ) ;
#379 = ORIENTED_EDGE ( 'NONE', *, *, #1290, .F. ) ;
#380 = DIRECTION ( 'NONE',  ( -0.000000000000000000, -0.000000000000000000, -1.000000000000000000 ) ) ;
#381 = ORIENTED_EDGE ( 'NONE', *, *, #283, .T. ) ;
#382 = VECTOR ( 'NONE', #1447, 1000.000000000000000 ) ;
#383 = DIRECTION ( 'NONE',  ( -1.000000000000000000, 0.000000000000000000, 0.000000000000000000 ) ) ;
#384 = VERTEX_POINT ( 'NONE', #960 ) ;
#385 = DIRECTION ( 'NONE',  ( -1.000000000000000000, 0.000000000000000000, 0.000000000000000000 ) ) ;
#386 = EDGE_CURVE ( 'NONE', #462, #1364, #1393, .T. ) ;
#387 = EDGE_LOOP ( 'NONE', ( #1060, #1046, #681, #1315 ) ) ;
#388 = EDGE_CURVE ( 'NONE', #1052, #446, #1101, .T. ) ;
#389 = PERSON_AND_ORGANIZATION_ROLE ( 'creator' ) ;
#390 = DIRECTION ( 'NONE',  ( 0.000000000000000000, 0.000000000000000000, -1.000000000000000000 ) ) ;
#391 = CARTESIAN_POINT ( 'NONE',  ( 34.00000000000000000, -16.00000000000000000, 7.000000000000000000 ) ) ;
#392 = ORIENTED_EDGE ( 'NONE', *, *, #428, .T. ) ;
#393 = ADVANCED_FACE ( 'NONE', ( #516 ), #736, .F. ) ;
#394 = DATE_AND_TIME ( #36, #1428 ) ;
#395 = CARTESIAN_POINT ( 'NONE',  ( 38.60000000000000142, 24.50000000000000000, 4.000000000000000888 ) ) ;
#396 = DIRECTION ( 'NONE',  ( 0.000000000000000000, 0.000000000000000000, -1.000000000000000000 ) ) ;
#397 = APPROVAL_ROLE ( '' ) ;
#398 = VERTEX_POINT ( 'NONE', #402 ) ;
#399 = DIRECTION ( 'NONE',  ( 0.000000000000000000, 0.000000000000000000, 1.000000000000000000 ) ) ;
#400 = VECTOR ( 'NONE', #1358, 1000.000000000000000 ) ;
#401 = CARTESIAN_POINT ( 'NONE',  ( 26.00000000000000000, 3.000000000000000000, 4.000000000000000000 ) ) ;
#402 = CARTESIAN_POINT ( 'NONE',  ( 34.69999999999999574, 18.00000000000000000, 0.000000000000000000 ) ) ;
#403 = DIRECTION ( 'NONE',  ( -0.000000000000000000, -0.000000000000000000, -1.000000000000000000 ) ) ;
#404 = EDGE_LOOP ( 'NONE', ( #600, #582, #302, #1156 ) ) ;
#405 = CIRCLE ( 'NONE', #1331, 13.00000000000000000 ) ;
#406 = FACE_BOUND ( 'NONE', #23, .T. ) ;
#407 = DIRECTION ( 'NONE',  ( 0.000000000000000000, 0.000000000000000000, -1.000000000000000000 ) ) ;
#408 = AXIS2_PLACEMENT_3D ( 'NONE', #440, #977, #1431 ) ;
#409 = CARTESIAN_POINT ( 'NONE',  ( 38.60000000000000142, 11.50000000000000000, 0.000000000000000000 ) ) ;
#410 = CC_DESIGN_PERSON_AND_ORGANIZATION_ASSIGNMENT ( #58, #163, ( #150 ) ) ;
#411 = CALENDAR_DATE ( 2026, 7, 9 ) ;
#412 = EDGE_LOOP ( 'NONE', ( #12, #548, #1337, #1030, #1309, #1185 ) ) ;
#413 = ORIENTED_EDGE ( 'NONE', *, *, #787, .T. ) ;
#414 = CARTESIAN_POINT ( 'NONE',  ( 0.000000000000000000, 7.000000000000000000, 4.000000000000000000 ) ) ;
#415 = LINE ( 'NONE', #1236, #1307 ) ;
#416 = DIRECTION ( 'NONE',  ( 1.000000000000000000, 0.000000000000000000, 0.000000000000000000 ) ) ;
#417 = COORDINATED_UNIVERSAL_TIME_OFFSET ( 6, 0, .BEHIND. ) ;
#418 = ORIENTED_EDGE ( 'NONE', *, *, #87, .F. ) ;
#419 = DIRECTION ( 'NONE',  ( 0.000000000000000000, 0.000000000000000000, -1.000000000000000000 ) ) ;
#420 = ORIENTED_EDGE ( 'NONE', *, *, #1039, .T. ) ;
#421 = CARTESIAN_POINT ( 'NONE',  ( 26.00000000000000000, 29.00000000000000000, 4.000000000000000000 ) ) ;
#422 = CYLINDRICAL_SURFACE ( 'NONE', #509, 1.299999999999995604 ) ;
#423 = CIRCLE ( 'NONE', #933, 1.300000000000002487 ) ;
#424 = VECTOR ( 'NONE', #830, 1000.000000000000000 ) ;
#425 = CARTESIAN_POINT ( 'NONE',  ( 27.00000000000000000, -7.000000000000000000, 4.000000000000000000 ) ) ;
#426 = VERTEX_POINT ( 'NONE', #512 ) ;
#427 = DIRECTION ( 'NONE',  ( 0.000000000000000000, 0.000000000000000000, -1.000000000000000000 ) ) ;
#428 = EDGE_CURVE ( 'NONE', #757, #73, #530, .T. ) ;
#429 = VECTOR ( 'NONE', #244, 1000.000000000000000 ) ;
#430 = VERTEX_POINT ( 'NONE', #1221 ) ;
#431 = ADVANCED_FACE ( 'NONE', ( #84 ), #422, .F. ) ;
#432 = DIRECTION ( 'NONE',  ( 0.000000000000000000, 0.000000000000000000, -1.000000000000000000 ) ) ;
#433 = FACE_OUTER_BOUND ( 'NONE', #1003, .T. ) ;
#434 = CARTESIAN_POINT ( 'NONE',  ( 62.39999999999999858, 11.50000000000000000, 4.000000000000000888 ) ) ;
#435 = VECTOR ( 'NONE', #89, 1000.000000000000000 ) ;
#436 = DIRECTION ( 'NONE',  ( 0.000000000000000000, 0.000000000000000000, -1.000000000000000000 ) ) ;
#437 = VERTEX_POINT ( 'NONE', #667 ) ;
#438 = FACE_BOUND ( 'NONE', #956, .T. ) ;
#439 = ORIENTED_EDGE ( 'NONE', *, *, #1452, .F. ) ;
#440 = CARTESIAN_POINT ( 'NONE',  ( 70.00000000000000000, 3.000000000000000000, 4.000000000000000000 ) ) ;
#441 = CARTESIAN_POINT ( 'NONE',  ( 27.00000000000000000, -16.00000000000000000, 0.000000000000000000 ) ) ;
#442 = EDGE_CURVE ( 'NONE', #1334, #384, #992, .T. ) ;
#443 = ADVANCED_FACE ( 'NONE', ( #880 ), #1438, .F. ) ;
#444 = DIRECTION ( 'NONE',  ( -0.000000000000000000, -0.000000000000000000, -1.000000000000000000 ) ) ;
#445 = FACE_OUTER_BOUND ( 'NONE', #1177, .T. ) ;
#446 = VERTEX_POINT ( 'NONE', #768 ) ;
#447 = ORIENTED_EDGE ( 'NONE', *, *, #492, .T. ) ;
#448 = CARTESIAN_POINT ( 'NONE',  ( 38.60000000000000142, 24.50000000000000000, 4.000000000000000888 ) ) ;
#449 = ADVANCED_FACE ( 'NONE', ( #1210 ), #77, .F. ) ;
#450 = ORIENTED_EDGE ( 'NONE', *, *, #1002, .F. ) ;
#451 = LINE ( 'NONE', #999, #330 ) ;
#452 = LOCAL_TIME ( 16, 17, 47.00000000000000000, #847 ) ;
#453 = CARTESIAN_POINT ( 'NONE',  ( -1.100000000000000089, -8.000000000000000000, 0.000000000000000000 ) ) ;
#454 = VERTEX_POINT ( 'NONE', #1103 ) ;
#455 = LINE ( 'NONE', #94, #1055 ) ;
#456 = ORIENTED_EDGE ( 'NONE', *, *, #804, .F. ) ;
#457 = FACE_BOUND ( 'NONE', #333, .T. ) ;
#458 = CARTESIAN_POINT ( 'NONE',  ( 0.000000000000000000, 8.000000000000000000, 4.000000000000000000 ) ) ;
#459 = CARTESIAN_POINT ( 'NONE',  ( 55.90000000000000568, -13.50000000000000000, 6.999999999999999112 ) ) ;
#460 = DIRECTION ( 'NONE',  ( -0.000000000000000000, -0.000000000000000000, -1.000000000000000000 ) ) ;
#461 = EDGE_CURVE ( 'NONE', #1294, #574, #205, .T. ) ;
#462 = VERTEX_POINT ( 'NONE', #1107 ) ;
#463 = DIRECTION ( 'NONE',  ( 0.000000000000000000, 0.000000000000000000, -1.000000000000000000 ) ) ;
#464 = ORIENTED_EDGE ( 'NONE', *, *, #14, .F. ) ;
#465 = DIRECTION ( 'NONE',  ( 0.000000000000000000, 0.000000000000000000, -1.000000000000000000 ) ) ;
#466 = CARTESIAN_POINT ( 'NONE',  ( 78.00000000000000000, -16.00000000000000000, 7.000000000000000000 ) ) ;
#467 = CARTESIAN_POINT ( 'NONE',  ( 73.00000000000000000, -13.50000000000000000, 6.999999999999999112 ) ) ;
#468 = FACE_OUTER_BOUND ( 'NONE', #264, .T. ) ;
#469 = VERTEX_POINT ( 'NONE', #1227 ) ;
#470 = LINE ( 'NONE', #816, #957 ) ;
#471 = ORIENTED_EDGE ( 'NONE', *, *, #59, .F. ) ;
#472 = CARTESIAN_POINT ( 'NONE',  ( -9.099999999999999645, 0.000000000000000000, 4.000000000000000000 ) ) ;
#473 = ORIENTED_EDGE ( 'NONE', *, *, #322, .F. ) ;
#474 = DIRECTION ( 'NONE',  ( -0.000000000000000000, -0.000000000000000000, -1.000000000000000000 ) ) ;
#475 = ORIENTED_EDGE ( 'NONE', *, *, #553, .T. ) ;
#476 = FACE_OUTER_BOUND ( 'NONE', #187, .T. ) ;
#477 = CIRCLE ( 'NONE', #740, 1.099999999999996758 ) ;
#478 = VECTOR ( 'NONE', #562, 1000.000000000000000 ) ;
#479 = CC_DESIGN_APPROVAL ( #1361, ( #150 ) ) ;
#480 = ORIENTED_EDGE ( 'NONE', *, *, #1205, .T. ) ;
#481 = EDGE_CURVE ( 'NONE', #927, #706, #90, .T. ) ;
#482 = CARTESIAN_POINT ( 'NONE',  ( 0.000000000000000000, -7.000000000000000000, 4.000000000000000000 ) ) ;
#483 = EDGE_CURVE ( 'NONE', #454, #567, #1006, .T. ) ;
#484 = DIRECTION ( 'NONE',  ( 1.000000000000000000, 0.000000000000000000, 0.000000000000000000 ) ) ;
#485 = CARTESIAN_POINT ( 'NONE',  ( 40.00000000000000000, -7.000000000000000000, 0.000000000000000000 ) ) ;
#486 = EDGE_LOOP ( 'NONE', ( #32, #815, #917, #488 ) ) ;
#487 = DIRECTION ( 'NONE',  ( 1.000000000000000000, 0.000000000000000000, 0.000000000000000000 ) ) ;
#488 = ORIENTED_EDGE ( 'NONE', *, *, #1340, .F. ) ;
#489 = CIRCLE ( 'NONE', #557, 1.100000000000000089 ) ;
#490 = DIRECTION ( 'NONE',  ( 0.000000000000000000, 0.000000000000000000, -1.000000000000000000 ) ) ;
#491 = CARTESIAN_POINT ( 'NONE',  ( 0.000000000000000000, 0.000000000000000000, 0.000000000000000000 ) ) ;
#492 = EDGE_CURVE ( 'NONE', #367, #45, #423, .T. ) ;
#493 = ORIENTED_EDGE ( 'NONE', *, *, #340, .T. ) ;
#494 = DIRECTION ( 'NONE',  ( -0.000000000000000000, -0.000000000000000000, -1.000000000000000000 ) ) ;
#495 = ORIENTED_EDGE ( 'NONE', *, *, #797, .F. ) ;
#496 = FACE_OUTER_BOUND ( 'NONE', #1130, .T. ) ;
#497 = ADVANCED_FACE ( 'NONE', ( #210 ), #221, .F. ) ;
#498 = ORIENTED_EDGE ( 'NONE', *, *, #461, .F. ) ;
#499 = DIRECTION ( 'NONE',  ( -0.000000000000000000, -0.000000000000000000, -1.000000000000000000 ) ) ;
#500 = VERTEX_POINT ( 'NONE', #640 ) ;
#501 = AXIS2_PLACEMENT_3D ( 'NONE', #467, #685, #932 ) ;
#502 = CARTESIAN_POINT ( 'NONE',  ( 26.00000000000000000, 3.000000000000000000, 0.000000000000000000 ) ) ;
#503 = AXIS2_PLACEMENT_3D ( 'NONE', #612, #1306, #281 ) ;
#504 = ORIENTED_EDGE ( 'NONE', *, *, #483, .T. ) ;
#505 = LINE ( 'NONE', #856, #1195 ) ;
#506 = EDGE_CURVE ( 'NONE', #426, #454, #866, .T. ) ;
#507 = ORIENTED_EDGE ( 'NONE', *, *, #693, .F. ) ;
#508 = ADVANCED_FACE ( 'NONE', ( #433 ), #328, .T. ) ;
#509 = AXIS2_PLACEMENT_3D ( 'NONE', #1446, #755, #536 ) ;
#510 = APPROVAL_STATUS ( 'not_yet_approved' ) ;
#511 = DIRECTION ( 'NONE',  ( -1.000000000000000000, 0.000000000000000000, 0.000000000000000000 ) ) ;
#512 = CARTESIAN_POINT ( 'NONE',  ( 27.00000000000000000, -16.00000000000000000, 7.000000000000000000 ) ) ;
#513 = CARTESIAN_POINT ( 'NONE',  ( 0.000000000000000000, -8.000000000000000000, 6.999999999999999112 ) ) ;
#514 = ORIENTED_EDGE ( 'NONE', *, *, #990, .F. ) ;
#515 = PLANE ( 'NONE',  #299 ) ;
#516 = FACE_OUTER_BOUND ( 'NONE', #253, .T. ) ;
#517 = FACE_OUTER_BOUND ( 'NONE', #593, .T. ) ;
#518 = VERTEX_POINT ( 'NONE', #1432 ) ;
#519 = CARTESIAN_POINT ( 'NONE',  ( 37.29999999999999716, 18.00000000000000000, 4.000000000000003553 ) ) ;
#520 = CARTESIAN_POINT ( 'NONE',  ( 73.00000000000000000, -13.50000000000000000, 6.999999999999999112 ) ) ;
#522 = EDGE_CURVE ( 'NONE', #384, #1472, #1462, .T. ) ;
#521 = AXIS2_PLACEMENT_3D ( 'NONE', #1351, #460, #331 ) ;
#523 = CARTESIAN_POINT ( 'NONE',  ( 38.60000000000000142, 11.50000000000000000, 4.000000000000000888 ) ) ;
#524 = PERSON_AND_ORGANIZATION ( #1207, #27 ) ;
#525 = ORIENTED_EDGE ( 'NONE', *, *, #978, .T. ) ;
#526 = AXIS2_PLACEMENT_3D ( 'NONE', #716, #605, #1139 ) ;
#527 = ORIENTED_EDGE ( 'NONE', *, *, #1381, .F. ) ;
#528 = FACE_BOUND ( 'NONE', #40, .T. ) ;
#529 = DIRECTION ( 'NONE',  ( 0.000000000000000000, 0.000000000000000000, 1.000000000000000000 ) ) ;
#530 = CIRCLE ( 'NONE', #1366, 1.100000000000003642 ) ;
#531 = DIRECTION ( 'NONE',  ( 0.000000000000000000, 0.000000000000000000, 1.000000000000000000 ) ) ;
#532 = EDGE_CURVE ( 'NONE', #637, #430, #149, .T. ) ;
#533 = ORIENTED_EDGE ( 'NONE', *, *, #919, .T. ) ;
#534 = CARTESIAN_POINT ( 'NONE',  ( 63.70000000000000995, 18.00000000000000000, 4.000000000000003553 ) ) ;
#535 = FACE_BOUND ( 'NONE', #1276, .T. ) ;
#536 = DIRECTION ( 'NONE',  ( -1.000000000000000000, 0.000000000000000000, 0.000000000000000000 ) ) ;
#537 = EDGE_CURVE ( 'NONE', #637, #651, #415, .T. ) ;
#538 = DIRECTION ( 'NONE',  ( 0.000000000000000000, -1.000000000000000000, 0.000000000000000000 ) ) ;
#539 = APPROVAL_STATUS ( 'not_yet_approved' ) ;
#540 = ADVANCED_FACE ( 'NONE', ( #1323 ), #310, .F. ) ;
#541 = VERTEX_POINT ( 'NONE', #1467 ) ;
#542 = VERTEX_POINT ( 'NONE', #578 ) ;
#543 = CARTESIAN_POINT ( 'NONE',  ( -9.099999999999999645, 0.000000000000000000, 6.999999999999999112 ) ) ;
#544 = DIRECTION ( 'NONE',  ( 0.000000000000000000, 0.000000000000000000, -1.000000000000000000 ) ) ;
#545 = AXIS2_PLACEMENT_3D ( 'NONE', #1279, #141, #1157 ) ;
#546 = AXIS2_PLACEMENT_3D ( 'NONE', #1128, #547, #785 ) ;
#547 = DIRECTION ( 'NONE',  ( -0.000000000000000000, -0.000000000000000000, -1.000000000000000000 ) ) ;
#548 = ORIENTED_EDGE ( 'NONE', *, *, #1108, .T. ) ;
#549 = DIRECTION ( 'NONE',  ( 0.000000000000000000, 1.000000000000000000, 0.000000000000000000 ) ) ;
#550 = EDGE_CURVE ( 'NONE', #2, #274, #11, .T. ) ;
#551 = VECTOR ( 'NONE', #1086, 1000.000000000000000 ) ;
#552 = EDGE_LOOP ( 'NONE', ( #1183, #365, #80, #1206 ) ) ;
#553 = EDGE_CURVE ( 'NONE', #301, #1100, #1134, .T. ) ;
#554 = CARTESIAN_POINT ( 'NONE',  ( 66.29999999999999716, 18.00000000000000000, 4.000000000000003553 ) ) ;
#555 = CARTESIAN_POINT ( 'NONE',  ( 27.00000000000000000, -16.00000000000000000, 7.000000000000000000 ) ) ;
#556 = CARTESIAN_POINT ( 'NONE',  ( 70.00000000000000000, 3.000000000000000000, 4.000000000000000000 ) ) ;
#557 = AXIS2_PLACEMENT_3D ( 'NONE', #735, #848, #741 ) ;
#558 = DIRECTION ( 'NONE',  ( 0.000000000000000000, 0.000000000000000000, -1.000000000000000000 ) ) ;
#559 = ORIENTED_EDGE ( 'NONE', *, *, #1415, .F. ) ;
#560 = DIRECTION ( 'NONE',  ( -0.000000000000000000, -0.000000000000000000, -1.000000000000000000 ) ) ;
#561 = ORIENTED_EDGE ( 'NONE', *, *, #963, .T. ) ;
#562 = DIRECTION ( 'NONE',  ( 0.000000000000000000, 1.000000000000000000, 0.000000000000000000 ) ) ;
#563 = ORIENTED_EDGE ( 'NONE', *, *, #340, .F. ) ;
#564 = CARTESIAN_POINT ( 'NONE',  ( 63.70000000000000995, 18.00000000000000000, 0.000000000000000000 ) ) ;
#565 = DIRECTION ( 'NONE',  ( -0.000000000000000000, -0.000000000000000000, -1.000000000000000000 ) ) ;
#566 = ORIENTED_EDGE ( 'NONE', *, *, #693, .T. ) ;
#567 = VERTEX_POINT ( 'NONE', #807 ) ;
#568 = DIRECTION ( 'NONE',  ( 0.000000000000000000, 0.000000000000000000, -1.000000000000000000 ) ) ;
#569 = EDGE_CURVE ( 'NONE', #35, #751, #49, .T. ) ;
#570 = CARTESIAN_POINT ( 'NONE',  ( 0.000000000000000000, -8.000000000000000000, 4.000000000000000000 ) ) ;
#571 = CARTESIAN_POINT ( 'NONE',  ( 63.70000000000000995, 18.00000000000000000, 4.000000000000003553 ) ) ;
#572 = AXIS2_PLACEMENT_3D ( 'NONE', #650, #538, #78 ) ;
#573 = CARTESIAN_POINT ( 'NONE',  ( 1.100000000000000089, 8.000000000000000000, 6.999999999999999112 ) ) ;
#574 = VERTEX_POINT ( 'NONE', #798 ) ;
#575 = DIRECTION ( 'NONE',  ( 0.000000000000000000, 0.000000000000000000, 1.000000000000000000 ) ) ;
#576 = ORIENTED_EDGE ( 'NONE', *, *, #126, .T. ) ;
#577 = VECTOR ( 'NONE', #926, 1000.000000000000000 ) ;
#578 = CARTESIAN_POINT ( 'NONE',  ( 34.00000000000000000, 7.000000000000000000, 4.000000000000000000 ) ) ;
#579 = PRODUCT ( 'ARM-102_Forearm_and_fixed_jaw', 'ARM-102_Forearm_and_fixed_jaw', '', ( #273 ) ) ;
#580 = ORIENTED_EDGE ( 'NONE', *, *, #718, .F. ) ;
#581 = CARTESIAN_POINT ( 'NONE',  ( 27.00000000000000000, 7.000000000000000000, 4.000000000000000000 ) ) ;
#582 = ORIENTED_EDGE ( 'NONE', *, *, #121, .T. ) ;
#583 = CYLINDRICAL_SURFACE ( 'NONE', #723, 13.00000000000000000 ) ;
#584 = VERTEX_POINT ( 'NONE', #336 ) ;
#585 = CYLINDRICAL_SURFACE ( 'NONE', #840, 1.100000000000000311 ) ;
#586 = ORIENTED_EDGE ( 'NONE', *, *, #1208, .T. ) ;
#587 = DIRECTION ( 'NONE',  ( -0.000000000000000000, -0.000000000000000000, -1.000000000000000000 ) ) ;
#588 = EDGE_CURVE ( 'NONE', #146, #288, #702, .T. ) ;
#589 = LINE ( 'NONE', #670, #1448 ) ;
#590 = ORIENTED_EDGE ( 'NONE', *, *, #823, .T. ) ;
#591 = LINE ( 'NONE', #1399, #577 ) ;
#592 = EDGE_CURVE ( 'NONE', #626, #927, #783, .T. ) ;
#593 = EDGE_LOOP ( 'NONE', ( #586, #676, #375, #379 ) ) ;
#594 = LINE ( 'NONE', #683, #332 ) ;
#595 = CARTESIAN_POINT ( 'NONE',  ( 26.00000000000000000, 3.000000000000000000, 4.000000000000000000 ) ) ;
#596 = DIRECTION ( 'NONE',  ( 0.000000000000000000, 1.000000000000000000, 0.000000000000000000 ) ) ;
#597 = ORIENTED_EDGE ( 'NONE', *, *, #1328, .F. ) ;
#598 = FACE_OUTER_BOUND ( 'NONE', #266, .T. ) ;
#599 = AXIS2_PLACEMENT_3D ( 'NONE', #762, #1216, #1149 ) ;
#600 = ORIENTED_EDGE ( 'NONE', *, *, #607, .F. ) ;
#601 = COORDINATED_UNIVERSAL_TIME_OFFSET ( 6, 0, .BEHIND. ) ;
#602 = CARTESIAN_POINT ( 'NONE',  ( 38.60000000000000142, 24.50000000000000000, 4.000000000000000888 ) ) ;
#603 = CIRCLE ( 'NONE', #765, 1.100000000000000089 ) ;
#604 = VERTEX_POINT ( 'NONE', #1243 ) ;
#605 = DIRECTION ( 'NONE',  ( 0.000000000000000000, 0.000000000000000000, -1.000000000000000000 ) ) ;
#606 = VERTEX_POINT ( 'NONE', #472 ) ;
#607 = EDGE_CURVE ( 'NONE', #370, #1436, #238, .T. ) ;
#608 = COORDINATED_UNIVERSAL_TIME_OFFSET ( 6, 0, .BEHIND. ) ;
#609 = DIRECTION ( 'NONE',  ( 1.000000000000000000, 0.000000000000000000, 0.000000000000000000 ) ) ;
#610 = DIRECTION ( 'NONE',  ( 0.000000000000000000, 0.000000000000000000, 1.000000000000000000 ) ) ;
#611 = VERTEX_POINT ( 'NONE', #1373 ) ;
#612 = CARTESIAN_POINT ( 'NONE',  ( 0.000000000000000000, 0.000000000000000000, 6.999999999999999112 ) ) ;
#613 = ORIENTED_EDGE ( 'NONE', *, *, #1381, .T. ) ;
#614 = CIRCLE ( 'NONE', #1443, 1.100000000000000089 ) ;
#615 = DIRECTION ( 'NONE',  ( 1.000000000000000000, 0.000000000000000000, 0.000000000000000000 ) ) ;
#616 = DIRECTION ( 'NONE',  ( 1.000000000000000000, 0.000000000000000000, 0.000000000000000000 ) ) ;
#617 = EDGE_LOOP ( 'NONE', ( #130, #563 ) ) ;
#618 = DIRECTION ( 'NONE',  ( 1.000000000000000000, 0.000000000000000000, 0.000000000000000000 ) ) ;
#619 = EDGE_CURVE ( 'NONE', #757, #500, #594, .T. ) ;
#620 = VERTEX_POINT ( 'NONE', #710 ) ;
#621 = AXIS2_PLACEMENT_3D ( 'NONE', #627, #399, #277 ) ;
#622 = AXIS2_PLACEMENT_3D ( 'NONE', #513, #967, #845 ) ;
#623 = FACE_OUTER_BOUND ( 'NONE', #1020, .T. ) ;
#624 = CIRCLE ( 'NONE', #789, 1.100000000000000089 ) ;
#625 = CARTESIAN_POINT ( 'NONE',  ( 34.00000000000000000, -11.00000000000000000, 0.000000000000000000 ) ) ;
#626 = VERTEX_POINT ( 'NONE', #20 ) ;
#627 = CARTESIAN_POINT ( 'NONE',  ( 0.000000000000000000, 0.000000000000000000, 4.000000000000000000 ) ) ;
#628 = AXIS2_PLACEMENT_3D ( 'NONE', #1295, #279, #730 ) ;
#629 = DIRECTION ( 'NONE',  ( 0.000000000000000000, 0.000000000000000000, 1.000000000000000000 ) ) ;
#630 = CYLINDRICAL_SURFACE ( 'NONE', #503, 3.000000000000000000 ) ;
#631 = VERTEX_POINT ( 'NONE', #1141 ) ;
#632 = ADVANCED_FACE ( 'NONE', ( #1047 ), #28, .F. ) ;
#633 = LINE ( 'NONE', #321, #435 ) ;
#634 = DIRECTION ( 'NONE',  ( 1.000000000000000000, 0.000000000000000000, 0.000000000000000000 ) ) ;
#635 = FACE_OUTER_BOUND ( 'NONE', #387, .T. ) ;
#636 = ORIENTED_EDGE ( 'NONE', *, *, #1397, .T. ) ;
#637 = VERTEX_POINT ( 'NONE', #1392 ) ;
#638 = CIRCLE ( 'NONE', #1049, 1.100000000000000311 ) ;
#639 = PLANE ( 'NONE',  #256 ) ;
#640 = CARTESIAN_POINT ( 'NONE',  ( 71.89999999999999147, -13.50000000000000000, 0.000000000000000000 ) ) ;
#641 = CIRCLE ( 'NONE', #3, 3.000000000000000000 ) ;
#642 = ADVANCED_FACE ( 'NONE', ( #132 ), #791, .F. ) ;
#643 = PLANE ( 'NONE',  #572 ) ;
#644 = ORIENTED_EDGE ( 'NONE', *, *, #537, .F. ) ;
#645 = ORIENTED_EDGE ( 'NONE', *, *, #862, .F. ) ;
#646 = FACE_BOUND ( 'NONE', #144, .T. ) ;
#647 = EDGE_CURVE ( 'NONE', #699, #1298, #692, .T. ) ;
#648 = DIRECTION ( 'NONE',  ( 0.000000000000000000, 0.000000000000000000, 1.000000000000000000 ) ) ;
#649 = ADVANCED_FACE ( 'NONE', ( #122 ), #585, .F. ) ;
#650 = CARTESIAN_POINT ( 'NONE',  ( 38.60000000000000142, 24.50000000000000000, 4.000000000000000888 ) ) ;
#651 = VERTEX_POINT ( 'NONE', #828 ) ;
#652 = CARTESIAN_POINT ( 'NONE',  ( 62.39999999999999858, 24.50000000000000000, 4.000000000000000000 ) ) ;
#653 = CARTESIAN_POINT ( 'NONE',  ( 10.95445115010332238, -7.000000000000000000, 4.000000000000000000 ) ) ;
#654 = PLANE ( 'NONE',  #839 ) ;
#655 = EDGE_CURVE ( 'NONE', #1105, #620, #1356, .T. ) ;
#656 = ORIENTED_EDGE ( 'NONE', *, *, #1441, .T. ) ;
#657 = ADVANCED_FACE ( 'NONE', ( #1041, #1013, #675, #1021, #457, #911, #1365, #346, #1303 ), #289, .T. ) ;
#658 = CARTESIAN_POINT ( 'NONE',  ( 74.09999999999999432, -13.50000000000000000, 0.000000000000000000 ) ) ;
#659 = DIRECTION ( 'NONE',  ( -1.000000000000000000, 0.000000000000000000, 0.000000000000000000 ) ) ;
#660 =( GEOMETRIC_REPRESENTATION_CONTEXT ( 3 ) GLOBAL_UNCERTAINTY_ASSIGNED_CONTEXT ( ( #1259 ) ) GLOBAL_UNIT_ASSIGNED_CONTEXT ( ( #1058, #259, #1246 ) ) REPRESENTATION_CONTEXT ( 'NONE', 'WORKASPACE' ) );
#661 = AXIS2_PLACEMENT_3D ( 'NONE', #229, #112, #929 ) ;
#662 = CARTESIAN_POINT ( 'NONE',  ( 57.00000000000000000, -13.50000000000000000, 6.999999999999999112 ) ) ;
#663 = CARTESIAN_POINT ( 'NONE',  ( 71.89999999999999147, -13.50000000000000000, 6.999999999999999112 ) ) ;
#664 = EDGE_LOOP ( 'NONE', ( #690, #189, #260, #533 ) ) ;
#665 = CIRCLE ( 'NONE', #34, 1.100000000000000089 ) ;
#666 = ORIENTED_EDGE ( 'NONE', *, *, #1023, .T. ) ;
#667 = CARTESIAN_POINT ( 'NONE',  ( 1.100000000000000089, -8.000000000000000000, 4.000000000000000000 ) ) ;
#668 = LINE ( 'NONE', #896, #193 ) ;
#669 = AXIS2_PLACEMENT_3D ( 'NONE', #184, #754, #1437 ) ;
#670 = CARTESIAN_POINT ( 'NONE',  ( 78.00000000000000000, -11.00000000000000000, 7.000000000000000000 ) ) ;
#671 = ORIENTED_EDGE ( 'NONE', *, *, #963, .F. ) ;
#672 = DIRECTION ( 'NONE',  ( -1.000000000000000000, 0.000000000000000000, -0.000000000000000000 ) ) ;
#673 = ORIENTED_EDGE ( 'NONE', *, *, #461, .T. ) ;
#674 = CC_DESIGN_PERSON_AND_ORGANIZATION_ASSIGNMENT ( #1224, #682, ( #784 ) ) ;
#675 = FACE_BOUND ( 'NONE', #357, .T. ) ;
#676 = ORIENTED_EDGE ( 'NONE', *, *, #1016, .T. ) ;
#677 = VECTOR ( 'NONE', #1034, 1000.000000000000000 ) ;
#678 = CYLINDRICAL_SURFACE ( 'NONE', #363, 1.100000000000003642 ) ;
#679 = ORIENTED_EDGE ( 'NONE', *, *, #1272, .T. ) ;
#680 = DIRECTION ( 'NONE',  ( 1.000000000000000000, 0.000000000000000000, 0.000000000000000000 ) ) ;
#681 = ORIENTED_EDGE ( 'NONE', *, *, #569, .T. ) ;
#682 = PERSON_AND_ORGANIZATION_ROLE ( 'design_supplier' ) ;
#683 = CARTESIAN_POINT ( 'NONE',  ( 71.89999999999999147, -13.50000000000000000, 6.999999999999999112 ) ) ;
#684 = ORIENTED_EDGE ( 'NONE', *, *, #181, .F. ) ;
#685 = DIRECTION ( 'NONE',  ( 0.000000000000000000, 0.000000000000000000, -1.000000000000000000 ) ) ;
#686 = AXIS2_PLACEMENT_3D ( 'NONE', #662, #206, #329 ) ;
#687 = DIRECTION ( 'NONE',  ( -1.000000000000000000, 0.000000000000000000, 0.000000000000000000 ) ) ;
#688 = VERTEX_POINT ( 'NONE', #1063 ) ;
#689 = CARTESIAN_POINT ( 'NONE',  ( 34.00000000000000000, 7.000000000000000000, 7.000000000000000000 ) ) ;
#690 = ORIENTED_EDGE ( 'NONE', *, *, #550, .F. ) ;
#691 = VECTOR ( 'NONE', #174, 1000.000000000000000 ) ;
#692 = LINE ( 'NONE', #938, #1235 ) ;
#693 = EDGE_CURVE ( 'NONE', #927, #626, #641, .T. ) ;
#694 = LINE ( 'NONE', #821, #1230 ) ;
#695 = DIRECTION ( 'NONE',  ( 0.000000000000000000, 0.000000000000000000, -1.000000000000000000 ) ) ;
#696 = EDGE_CURVE ( 'NONE', #567, #296, #589, .T. ) ;
#697 = CARTESIAN_POINT ( 'NONE',  ( -3.000000000000000000, 0.000000000000000000, 0.000000000000000000 ) ) ;
#698 = AXIS2_PLACEMENT_3D ( 'NONE', #165, #1174, #43 ) ;
#699 = VERTEX_POINT ( 'NONE', #7 ) ;
#700 = DIRECTION ( 'NONE',  ( -1.000000000000000000, 0.000000000000000000, 0.000000000000000000 ) ) ;
#701 = ORIENTED_EDGE ( 'NONE', *, *, #334, .T. ) ;
#702 = LINE ( 'NONE', #448, #171 ) ;
#703 = CARTESIAN_POINT ( 'NONE',  ( 0.000000000000000000, -7.000000000000000000, 0.000000000000000000 ) ) ;
#704 = DIRECTION ( 'NONE',  ( 0.000000000000000000, 1.000000000000000000, 0.000000000000000000 ) ) ;
#705 = ADVANCED_FACE ( 'NONE', ( #116 ), #356, .F. ) ;
#706 = VERTEX_POINT ( 'NONE', #697 ) ;
#707 = CARTESIAN_POINT ( 'NONE',  ( 36.00000000000000000, 18.00000000000000000, 4.000000000000003553 ) ) ;
#708 = EDGE_CURVE ( 'NONE', #1194, #706, #859, .T. ) ;
#709 = EDGE_LOOP ( 'NONE', ( #1250, #1044 ) ) ;
#710 = CARTESIAN_POINT ( 'NONE',  ( 34.00000000000000000, -11.00000000000000000, 7.000000000000000000 ) ) ;
#711 = APPROVAL_ROLE ( '' ) ;
#712 = FACE_OUTER_BOUND ( 'NONE', #925, .T. ) ;
#713 = DIRECTION ( 'NONE',  ( 0.000000000000000000, 0.000000000000000000, -1.000000000000000000 ) ) ;
#714 = CIRCLE ( 'NONE', #191, 3.000000000000000000 ) ;
#715 = ORIENTED_EDGE ( 'NONE', *, *, #481, .T. ) ;
#716 = CARTESIAN_POINT ( 'NONE',  ( 8.000000000000000000, 0.000000000000000000, 6.999999999999999112 ) ) ;
#717 = VECTOR ( 'NONE', #695, 1000.000000000000000 ) ;
#718 = EDGE_CURVE ( 'NONE', #1294, #1334, #215, .T. ) ;
#719 = AXIS2_PLACEMENT_3D ( 'NONE', #326, #1231, #1256 ) ;
#720 = ORIENTED_EDGE ( 'NONE', *, *, #175, .T. ) ;
#721 = SECURITY_CLASSIFICATION_LEVEL ( 'unclassified' ) ;
#722 = CARTESIAN_POINT ( 'NONE',  ( -8.000000000000000000, 0.000000000000000000, 6.999999999999999112 ) ) ;
#723 = AXIS2_PLACEMENT_3D ( 'NONE', #358, #380, #700 ) ;
#724 = APPLICATION_CONTEXT ( 'configuration controlled 3d designs of mechanical parts and assemblies' ) ;
#725 = ORIENTED_EDGE ( 'NONE', *, *, #1205, .F. ) ;
#726 = DIRECTION ( 'NONE',  ( -0.000000000000000000, -0.000000000000000000, -1.000000000000000000 ) ) ;
#727 = ORIENTED_EDGE ( 'NONE', *, *, #59, .T. ) ;
#728 = DIRECTION ( 'NONE',  ( -0.000000000000000000, -0.000000000000000000, -1.000000000000000000 ) ) ;
#729 = EDGE_CURVE ( 'NONE', #1037, #288, #101, .T. ) ;
#730 = DIRECTION ( 'NONE',  ( -1.000000000000000000, 0.000000000000000000, 0.000000000000000000 ) ) ;
#731 = EDGE_CURVE ( 'NONE', #367, #197, #1456, .T. ) ;
#732 = ORIENTED_EDGE ( 'NONE', *, *, #1162, .T. ) ;
#733 = LINE ( 'NONE', #1421, #1166 ) ;
#734 = EDGE_LOOP ( 'NONE', ( #1072, #1469 ) ) ;
#735 = CARTESIAN_POINT ( 'NONE',  ( 0.000000000000000000, 8.000000000000000000, 0.000000000000000000 ) ) ;
#736 = CYLINDRICAL_SURFACE ( 'NONE', #914, 1.100000000000000089 ) ;
#737 = DIRECTION ( 'NONE',  ( 1.000000000000000000, 0.000000000000000000, 0.000000000000000000 ) ) ;
#738 = ORIENTED_EDGE ( 'NONE', *, *, #1275, .F. ) ;
#739 = VECTOR ( 'NONE', #544, 1000.000000000000000 ) ;
#740 = AXIS2_PLACEMENT_3D ( 'NONE', #962, #981, #162 ) ;
#741 = DIRECTION ( 'NONE',  ( 1.000000000000000000, 0.000000000000000000, 0.000000000000000000 ) ) ;
#742 = EDGE_CURVE ( 'NONE', #1163, #518, #1074, .T. ) ;
#743 = AXIS2_PLACEMENT_3D ( 'NONE', #341, #794, #127 ) ;
#744 = CARTESIAN_POINT ( 'NONE',  ( -1.100000000000000089, 8.000000000000000000, 6.999999999999999112 ) ) ;
#745 = EDGE_CURVE ( 'NONE', #426, #1472, #786, .T. ) ;
#746 = ORIENTED_EDGE ( 'NONE', *, *, #745, .F. ) ;
#747 = VECTOR ( 'NONE', #378, 1000.000000000000000 ) ;
#748 = DIRECTION ( 'NONE',  ( -1.000000000000000000, -0.000000000000000000, -0.000000000000000000 ) ) ;
#749 = CARTESIAN_POINT ( 'NONE',  ( 40.00000000000000000, -7.000000000000000000, 0.000000000000000000 ) ) ;
#750 = APPROVAL_DATE_TIME ( #79, #1361 ) ;
#751 = VERTEX_POINT ( 'NONE', #453 ) ;
#752 = ORIENTED_EDGE ( 'NONE', *, *, #1452, .T. ) ;
#753 = AXIS2_PLACEMENT_3D ( 'NONE', #458, #912, #347 ) ;
#754 = DIRECTION ( 'NONE',  ( 0.000000000000000000, 0.000000000000000000, 1.000000000000000000 ) ) ;
#755 = DIRECTION ( 'NONE',  ( 0.000000000000000000, 0.000000000000000000, -1.000000000000000000 ) ) ;
#756 = CARTESIAN_POINT ( 'NONE',  ( -8.000000000000000000, 0.000000000000000000, 4.000000000000000000 ) ) ;
#757 = VERTEX_POINT ( 'NONE', #663 ) ;
#758 = ADVANCED_FACE ( 'NONE', ( #1464 ), #1344, .F. ) ;
#759 = EDGE_LOOP ( 'NONE', ( #727, #140 ) ) ;
#760 = AXIS2_PLACEMENT_3D ( 'NONE', #265, #474, #1167 ) ;
#761 = FACE_BOUND ( 'NONE', #1040, .T. ) ;
#762 = CARTESIAN_POINT ( 'NONE',  ( 30.00000000000000000, -11.00000000000000000, 7.000000000000000000 ) ) ;
#763 = APPROVAL_PERSON_ORGANIZATION ( #55, #1468, #1064 ) ;
#764 = DIRECTION ( 'NONE',  ( 0.000000000000000000, -0.000000000000000000, 1.000000000000000000 ) ) ;
#765 = AXIS2_PLACEMENT_3D ( 'NONE', #1073, #52, #180 ) ;
#766 = ORIENTED_EDGE ( 'NONE', *, *, #428, .F. ) ;
#767 = CARTESIAN_POINT ( 'NONE',  ( 26.00000000000000000, 29.00000000000000000, 4.000000000000000000 ) ) ;
#768 = CARTESIAN_POINT ( 'NONE',  ( 6.899999999999999467, 0.000000000000000000, 4.000000000000000000 ) ) ;
#769 = ADVANCED_FACE ( 'NONE', ( #445 ), #778, .F. ) ;
#770 = EDGE_CURVE ( 'NONE', #128, #846, #224, .T. ) ;
#771 = DIRECTION ( 'NONE',  ( 0.000000000000000000, -1.000000000000000000, 0.000000000000000000 ) ) ;
#772 = VERTEX_POINT ( 'NONE', #1029 ) ;
#773 = CARTESIAN_POINT ( 'NONE',  ( 1.100000000000000089, 8.000000000000000000, 0.000000000000000000 ) ) ;
#774 = ORIENTED_EDGE ( 'NONE', *, *, #972, .T. ) ;
#775 = CARTESIAN_POINT ( 'NONE',  ( 38.60000000000000142, 11.50000000000000000, 4.000000000000000888 ) ) ;
#776 = CARTESIAN_POINT ( 'NONE',  ( -3.000000000000000000, 0.000000000000000000, 6.999999999999999112 ) ) ;
#777 = LINE ( 'NONE', #1228, #1142 ) ;
#778 = PLANE ( 'NONE',  #1355 ) ;
#779 = EDGE_LOOP ( 'NONE', ( #196, #102 ) ) ;
#780 = ORIENTED_EDGE ( 'NONE', *, *, #1111, .F. ) ;
#781 = DIRECTION ( 'NONE',  ( -0.000000000000000000, 1.000000000000000000, 0.000000000000000000 ) ) ;
#782 = CIRCLE ( 'NONE', #975, 1.100000000000003642 ) ;
#783 = CIRCLE ( 'NONE', #545, 3.000000000000000000 ) ;
#784 = PRODUCT_DEFINITION_FORMATION_WITH_SPECIFIED_SOURCE ( 'ANY', '', #579, .NOT_KNOWN. ) ;
#785 = DIRECTION ( 'NONE',  ( 1.000000000000000000, 0.000000000000000000, 0.000000000000000000 ) ) ;
#786 = LINE ( 'NONE', #889, #1116 ) ;
#787 = EDGE_CURVE ( 'NONE', #567, #620, #1018, .T. ) ;
#788 = EDGE_LOOP ( 'NONE', ( #42, #1240, #644, #1377 ) ) ;
#789 = AXIS2_PLACEMENT_3D ( 'NONE', #81, #560, #1241 ) ;
#790 = ORIENTED_EDGE ( 'NONE', *, *, #808, .F. ) ;
#791 = PLANE ( 'NONE',  #661 ) ;
#792 = DIRECTION ( 'NONE',  ( -0.000000000000000000, -1.000000000000000000, -0.000000000000000000 ) ) ;
#793 = AXIS2_PLACEMENT_3D ( 'NONE', #722, #390, #1300 ) ;
#794 = DIRECTION ( 'NONE',  ( -0.000000000000000000, -0.000000000000000000, -1.000000000000000000 ) ) ;
#795 = ORIENTED_EDGE ( 'NONE', *, *, #386, .F. ) ;
#796 = ORIENTED_EDGE ( 'NONE', *, *, #919, .F. ) ;
#797 = EDGE_CURVE ( 'NONE', #604, #1352, #1129, .T. ) ;
#798 = CARTESIAN_POINT ( 'NONE',  ( 10.95445115010332238, -7.000000000000000000, 0.000000000000000000 ) ) ;
#799 = CARTESIAN_POINT ( 'NONE',  ( 26.00000000000000000, 29.00000000000000000, 0.000000000000000000 ) ) ;
#800 = FACE_OUTER_BOUND ( 'NONE', #113, .T. ) ;
#801 = CARTESIAN_POINT ( 'NONE',  ( 70.00000000000000000, 29.00000000000000000, 4.000000000000000000 ) ) ;
#802 = ORIENTED_EDGE ( 'NONE', *, *, #1320, .T. ) ;
#803 = CARTESIAN_POINT ( 'NONE',  ( 27.00000000000000000, -16.00000000000000000, 7.000000000000000000 ) ) ;
#804 = EDGE_CURVE ( 'NONE', #541, #829, #1390, .T. ) ;
#805 = ORIENTED_EDGE ( 'NONE', *, *, #506, .F. ) ;
#806 = ADVANCED_FACE ( 'NONE', ( #468 ), #678, .F. ) ;
#807 = CARTESIAN_POINT ( 'NONE',  ( 78.00000000000000000, -11.00000000000000000, 7.000000000000000000 ) ) ;
#808 = EDGE_CURVE ( 'NONE', #1325, #637, #1145, .T. ) ;
#809 = DIRECTION ( 'NONE',  ( 0.000000000000000000, 1.000000000000000000, 0.000000000000000000 ) ) ;
#810 = CARTESIAN_POINT ( 'NONE',  ( 65.00000000000000000, 18.00000000000000000, 0.000000000000000000 ) ) ;
#811 = VECTOR ( 'NONE', #484, 1000.000000000000000 ) ;
#812 = AXIS2_PLACEMENT_3D ( 'NONE', #1252, #148, #257 ) ;
#813 = CIRCLE ( 'NONE', #1022, 1.100000000000000311 ) ;
#814 = DIRECTION ( 'NONE',  ( 0.000000000000000000, 0.000000000000000000, -1.000000000000000000 ) ) ;
#815 = ORIENTED_EDGE ( 'NONE', *, *, #334, .F. ) ;
#816 = CARTESIAN_POINT ( 'NONE',  ( 0.000000000000000000, -7.000000000000000000, 4.000000000000000000 ) ) ;
#817 = ORIENTED_EDGE ( 'NONE', *, *, #909, .F. ) ;
#818 = VECTOR ( 'NONE', #427, 1000.000000000000000 ) ;
#819 = DIRECTION ( 'NONE',  ( 0.000000000000000000, 0.000000000000000000, -1.000000000000000000 ) ) ;
#820 = EDGE_CURVE ( 'NONE', #953, #751, #924, .T. ) ;
#821 = CARTESIAN_POINT ( 'NONE',  ( 40.00000000000000000, -7.000000000000000000, 4.000000000000000000 ) ) ;
#822 = CARTESIAN_POINT ( 'NONE',  ( 34.69999999999999574, 18.00000000000000000, 4.000000000000003553 ) ) ;
#823 = EDGE_CURVE ( 'NONE', #1052, #541, #899, .T. ) ;
#824 = CIRCLE ( 'NONE', #1199, 13.00000000000000000 ) ;
#825 = ORIENTED_EDGE ( 'NONE', *, *, #123, .F. ) ;
#826 = FACE_OUTER_BOUND ( 'NONE', #19, .T. ) ;
#827 = ORIENTED_EDGE ( 'NONE', *, *, #522, .F. ) ;
#828 = CARTESIAN_POINT ( 'NONE',  ( 10.95445115010332238, 7.000000000000000000, 4.000000000000000000 ) ) ;
#829 = VERTEX_POINT ( 'NONE', #1335 ) ;
#830 = DIRECTION ( 'NONE',  ( 1.000000000000000000, 0.000000000000000000, -0.000000000000000000 ) ) ;
#831 = ORIENTED_EDGE ( 'NONE', *, *, #173, .F. ) ;
#832 = CARTESIAN_POINT ( 'NONE',  ( 58.10000000000000142, -13.50000000000000000, 6.999999999999999112 ) ) ;
#833 = AXIS2_PLACEMENT_3D ( 'NONE', #354, #809, #107 ) ;
#834 = ORIENTED_EDGE ( 'NONE', *, *, #175, .F. ) ;
#835 = CARTESIAN_POINT ( 'NONE',  ( 65.00000000000000000, 18.00000000000000000, 4.000000000000003553 ) ) ;
#836 = DIRECTION ( 'NONE',  ( 1.000000000000000000, 0.000000000000000000, 0.000000000000000000 ) ) ;
#837 = ORIENTED_EDGE ( 'NONE', *, *, #592, .F. ) ;
#838 = CARTESIAN_POINT ( 'NONE',  ( 0.000000000000000000, 8.000000000000000000, 0.000000000000000000 ) ) ;
#839 = AXIS2_PLACEMENT_3D ( 'NONE', #312, #1463, #531 ) ;
#841 = EDGE_CURVE ( 'NONE', #128, #255, #624, .T. ) ;
#840 = AXIS2_PLACEMENT_3D ( 'NONE', #901, #361, #369 ) ;
#842 = ORIENTED_EDGE ( 'NONE', *, *, #388, .F. ) ;
#843 = DIRECTION ( 'NONE',  ( 0.000000000000000000, 1.000000000000000000, 0.000000000000000000 ) ) ;
#844 = ORIENTED_EDGE ( 'NONE', *, *, #239, .F. ) ;
#845 = DIRECTION ( 'NONE',  ( -1.000000000000000000, 0.000000000000000000, 0.000000000000000000 ) ) ;
#846 = VERTEX_POINT ( 'NONE', #773 ) ;
#847 = COORDINATED_UNIVERSAL_TIME_OFFSET ( 6, 0, .BEHIND. ) ;
#848 = DIRECTION ( 'NONE',  ( -0.000000000000000000, -0.000000000000000000, -1.000000000000000000 ) ) ;
#849 = DIRECTION ( 'NONE',  ( -0.000000000000000000, -0.000000000000000000, -1.000000000000000000 ) ) ;
#850 = LINE ( 'NONE', #1411, #691 ) ;
#851 = ORIENTED_EDGE ( 'NONE', *, *, #1404, .F. ) ;
#852 = EDGE_CURVE ( 'NONE', #282, #1352, #455, .T. ) ;
#853 = PERSON_AND_ORGANIZATION ( #1207, #27 ) ;
#854 = FACE_OUTER_BOUND ( 'NONE', #1270, .T. ) ;
#855 = ADVANCED_FACE ( 'NONE', ( #1458, #438, #1249 ), #891, .F. ) ;
#856 = CARTESIAN_POINT ( 'NONE',  ( 0.000000000000000000, -7.000000000000000000, 0.000000000000000000 ) ) ;
#857 = VERTEX_POINT ( 'NONE', #1123 ) ;
#858 = VECTOR ( 'NONE', #91, 1000.000000000000000 ) ;
#859 = CIRCLE ( 'NONE', #92, 3.000000000000000000 ) ;
#860 = DIRECTION ( 'NONE',  ( 0.000000000000000000, 0.000000000000000000, 1.000000000000000000 ) ) ;
#861 = CARTESIAN_POINT ( 'NONE',  ( 8.000000000000000000, 0.000000000000000000, 0.000000000000000000 ) ) ;
#862 = EDGE_CURVE ( 'NONE', #1410, #1285, #1011, .T. ) ;
#863 = EDGE_LOOP ( 'NONE', ( #1094, #157, #1232, #475 ) ) ;
#864 = EDGE_LOOP ( 'NONE', ( #439, #450, #827, #16, #892, #884, #790, #597, #464, #1218, #243, #1457, #418, #1138, #182 ) ) ;
#865 = PLANE ( 'NONE',  #37 ) ;
#866 = LINE ( 'NONE', #555, #903 ) ;
#867 = ADVANCED_FACE ( 'NONE', ( #1131 ), #110, .T. ) ;
#868 = DIRECTION ( 'NONE',  ( 0.000000000000000000, 1.000000000000000000, 0.000000000000000000 ) ) ;
#869 = ORIENTED_EDGE ( 'NONE', *, *, #729, .F. ) ;
#870 = EDGE_LOOP ( 'NONE', ( #154, #732, #1278, #498 ) ) ;
#871 = DIRECTION ( 'NONE',  ( 0.000000000000000000, 0.000000000000000000, -1.000000000000000000 ) ) ;
#872 = DIRECTION ( 'NONE',  ( 0.000000000000000000, 0.000000000000000000, 1.000000000000000000 ) ) ;
#873 = CARTESIAN_POINT ( 'NONE',  ( 30.00000000000000000, -11.00000000000000000, 0.000000000000000000 ) ) ;
#874 = CALENDAR_DATE ( 2026, 7, 9 ) ;
#875 = ORIENTED_EDGE ( 'NONE', *, *, #239, .T. ) ;
#876 = VECTOR ( 'NONE', #263, 1000.000000000000000 ) ;
#877 = ADVANCED_FACE ( 'NONE', ( #1038 ), #583, .T. ) ;
#878 = VECTOR ( 'NONE', #1440, 1000.000000000000000 ) ;
#879 = LINE ( 'NONE', #1117, #226 ) ;
#880 = FACE_OUTER_BOUND ( 'NONE', #1429, .T. ) ;
#881 = LINE ( 'NONE', #888, #95 ) ;
#882 = VECTOR ( 'NONE', #1147, 1000.000000000000000 ) ;
#883 = ORIENTED_EDGE ( 'NONE', *, *, #1394, .T. ) ;
#884 = ORIENTED_EDGE ( 'NONE', *, *, #532, .F. ) ;
#885 = LINE ( 'NONE', #775, #941 ) ;
#886 = CARTESIAN_POINT ( 'NONE',  ( 0.000000000000000000, 0.000000000000000000, 6.999999999999999112 ) ) ;
#887 = AXIS2_PLACEMENT_3D ( 'NONE', #1070, #1304, #511 ) ;
#888 = CARTESIAN_POINT ( 'NONE',  ( 62.39999999999999858, 11.50000000000000000, 4.000000000000000888 ) ) ;
#889 = CARTESIAN_POINT ( 'NONE',  ( 27.00000000000000000, -16.00000000000000000, 7.000000000000000000 ) ) ;
#890 = ORIENTED_EDGE ( 'NONE', *, *, #770, .T. ) ;
#891 = PLANE ( 'NONE',  #177 ) ;
#892 = ORIENTED_EDGE ( 'NONE', *, *, #139, .F. ) ;
#893 = CARTESIAN_POINT ( 'NONE',  ( 78.00000000000000000, -11.00000000000000000, 0.000000000000000000 ) ) ;
#894 = DIRECTION ( 'NONE',  ( -0.000000000000000000, -1.000000000000000000, -0.000000000000000000 ) ) ;
#895 = ADVANCED_FACE ( 'NONE', ( #598 ), #1155, .F. ) ;
#896 = CARTESIAN_POINT ( 'NONE',  ( 27.00000000000000000, 0.000000000000000000, 4.000000000000000000 ) ) ;
#897 = CARTESIAN_POINT ( 'NONE',  ( 37.29999999999999716, 18.00000000000000000, 4.000000000000003553 ) ) ;
#898 = ORIENTED_EDGE ( 'NONE', *, *, #1084, .T. ) ;
#899 = LINE ( 'NONE', #1113, #818 ) ;
#900 = ORIENTED_EDGE ( 'NONE', *, *, #18, .T. ) ;
#901 = CARTESIAN_POINT ( 'NONE',  ( -8.000000000000000000, 0.000000000000000000, 6.999999999999999112 ) ) ;
#902 = APPROVAL_PERSON_ORGANIZATION ( #1341, #105, #711 ) ;
#903 = VECTOR ( 'NONE', #986, 1000.000000000000000 ) ;
#904 = ORIENTED_EDGE ( 'NONE', *, *, #1173, .T. ) ;
#905 = APPROVAL_PERSON_ORGANIZATION ( #524, #1361, #397 ) ;
#906 = DIRECTION ( 'NONE',  ( -1.000000000000000000, -0.000000000000000000, -0.000000000000000000 ) ) ;
#907 = ORIENTED_EDGE ( 'NONE', *, *, #655, .T. ) ;
#908 = CARTESIAN_POINT ( 'NONE',  ( 62.39999999999999858, 11.50000000000000000, 4.000000000000000888 ) ) ;
#909 = EDGE_CURVE ( 'NONE', #1100, #1171, #1031, .T. ) ;
#910 = ORIENTED_EDGE ( 'NONE', *, *, #1066, .T. ) ;
#911 = FACE_BOUND ( 'NONE', #262, .T. ) ;
#912 = DIRECTION ( 'NONE',  ( -0.000000000000000000, -0.000000000000000000, -1.000000000000000000 ) ) ;
#913 = DIRECTION ( 'NONE',  ( 1.000000000000000000, 0.000000000000000000, 0.000000000000000000 ) ) ;
#914 = AXIS2_PLACEMENT_3D ( 'NONE', #1188, #66, #971 ) ;
#915 = ADVANCED_FACE ( 'NONE', ( #826 ), #1292, .F. ) ;
#916 = DIRECTION ( 'NONE',  ( -0.000000000000000000, -0.000000000000000000, -1.000000000000000000 ) ) ;
#917 = ORIENTED_EDGE ( 'NONE', *, *, #237, .F. ) ;
#918 = DIRECTION ( 'NONE',  ( -1.000000000000000000, 0.000000000000000000, 0.000000000000000000 ) ) ;
#919 = EDGE_CURVE ( 'NONE', #469, #274, #1120, .T. ) ;
#920 = ORIENTED_EDGE ( 'NONE', *, *, #852, .T. ) ;
#921 = DIRECTION ( 'NONE',  ( 0.000000000000000000, 0.000000000000000000, -1.000000000000000000 ) ) ;
#922 = DIRECTION ( 'NONE',  ( -0.000000000000000000, -0.000000000000000000, -1.000000000000000000 ) ) ;
#923 = LINE ( 'NONE', #355, #424 ) ;
#924 = LINE ( 'NONE', #208, #1359 ) ;
#925 = EDGE_LOOP ( 'NONE', ( #72, #805, #308, #1115 ) ) ;
#926 = DIRECTION ( 'NONE',  ( 0.000000000000000000, 0.000000000000000000, -1.000000000000000000 ) ) ;
#927 = VERTEX_POINT ( 'NONE', #1061 ) ;
#928 = EDGE_CURVE ( 'NONE', #961, #1294, #405, .T. ) ;
#929 = DIRECTION ( 'NONE',  ( 0.000000000000000000, -0.000000000000000000, -1.000000000000000000 ) ) ;
#930 = EDGE_CURVE ( 'NONE', #1413, #426, #935, .T. ) ;
#931 = CARTESIAN_POINT ( 'NONE',  ( 1.100000000000000089, -8.000000000000000000, 0.000000000000000000 ) ) ;
#932 = DIRECTION ( 'NONE',  ( -1.000000000000000000, 0.000000000000000000, 0.000000000000000000 ) ) ;
#933 = AXIS2_PLACEMENT_3D ( 'NONE', #192, #529, #1339 ) ;
#934 = ORIENTED_EDGE ( 'NONE', *, *, #1189, .F. ) ;
#935 = LINE ( 'NONE', #803, #74 ) ;
#936 = ORIENTED_EDGE ( 'NONE', *, *, #731, .F. ) ;
#937 = AXIS2_PLACEMENT_3D ( 'NONE', #908, #1363, #1378 ) ;
#938 = CARTESIAN_POINT ( 'NONE',  ( 26.00000000000000000, 3.000000000000000000, 4.000000000000000000 ) ) ;
#939 = FACE_OUTER_BOUND ( 'NONE', #1140, .T. ) ;
#940 = DIRECTION ( 'NONE',  ( -0.000000000000000000, -0.000000000000000000, -1.000000000000000000 ) ) ;
#941 = VECTOR ( 'NONE', #1322, 1000.000000000000000 ) ;
#942 = ORIENTED_EDGE ( 'NONE', *, *, #823, .F. ) ;
#943 = CARTESIAN_POINT ( 'NONE',  ( 62.39999999999999858, 0.000000000000000000, 0.000000000000000000 ) ) ;
#944 = ORIENTED_EDGE ( 'NONE', *, *, #569, .F. ) ;
#945 = APPROVAL_DATE_TIME ( #394, #1468 ) ;
#946 = CARTESIAN_POINT ( 'NONE',  ( 27.00000000000000000, 7.000000000000000000, 7.000000000000000000 ) ) ;
#947 = DIRECTION ( 'NONE',  ( 1.000000000000000000, 0.000000000000000000, 0.000000000000000000 ) ) ;
#948 = EDGE_CURVE ( 'NONE', #857, #846, #665, .T. ) ;
#949 = ORIENTED_EDGE ( 'NONE', *, *, #481, .F. ) ;
#950 = DIRECTION ( 'NONE',  ( 0.000000000000000000, 0.000000000000000000, 1.000000000000000000 ) ) ;
#951 = ORIENTED_EDGE ( 'NONE', *, *, #1233, .F. ) ;
#952 = DIRECTION ( 'NONE',  ( 1.000000000000000000, 0.000000000000000000, 0.000000000000000000 ) ) ;
#953 = VERTEX_POINT ( 'NONE', #1406 ) ;
#954 = CARTESIAN_POINT ( 'NONE',  ( 9.099999999999999645, 1.347111479062088503E-16, 4.000000000000000000 ) ) ;
#955 = CIRCLE ( 'NONE', #172, 1.100000000000000089 ) ;
#956 = EDGE_LOOP ( 'NONE', ( #766, #1122 ) ) ;
#957 = VECTOR ( 'NONE', #24, 1000.000000000000000 ) ;
#958 = APPROVAL_STATUS ( 'not_yet_approved' ) ;
#959 = DIRECTION ( 'NONE',  ( 0.000000000000000000, -0.000000000000000000, -1.000000000000000000 ) ) ;
#960 = CARTESIAN_POINT ( 'NONE',  ( 27.00000000000000000, -7.000000000000000000, 0.000000000000000000 ) ) ;
#961 = VERTEX_POINT ( 'NONE', #1161 ) ;
#962 = CARTESIAN_POINT ( 'NONE',  ( 57.00000000000000000, -13.50000000000000000, 0.000000000000000000 ) ) ;
#963 = EDGE_CURVE ( 'NONE', #45, #367, #156, .T. ) ;
#964 = ORIENTED_EDGE ( 'NONE', *, *, #592, .T. ) ;
#965 = EDGE_CURVE ( 'NONE', #82, #542, #138, .T. ) ;
#966 = DIRECTION ( 'NONE',  ( 0.000000000000000000, -1.000000000000000000, 0.000000000000000000 ) ) ;
#967 = DIRECTION ( 'NONE',  ( 0.000000000000000000, 0.000000000000000000, -1.000000000000000000 ) ) ;
#968 = ORIENTED_EDGE ( 'NONE', *, *, #647, .T. ) ;
#969 = ADVANCED_FACE ( 'NONE', ( #476 ), #9, .F. ) ;
#970 = CARTESIAN_POINT ( 'NONE',  ( 34.00000000000000000, -7.000000000000000000, 4.000000000000000000 ) ) ;
#971 = DIRECTION ( 'NONE',  ( -1.000000000000000000, 0.000000000000000000, 0.000000000000000000 ) ) ;
#972 = EDGE_CURVE ( 'NONE', #446, #829, #591, .T. ) ;
#973 = DIRECTION ( 'NONE',  ( 1.000000000000000000, 0.000000000000000000, 0.000000000000000000 ) ) ;
#974 = EDGE_LOOP ( 'NONE', ( #230, #1354, #525, #166, #1214, #235, #968, #1444, #381, #900, #1083, #1124, #232 ) ) ;
#975 = AXIS2_PLACEMENT_3D ( 'NONE', #275, #287, #973 ) ;
#976 = AXIS2_PLACEMENT_3D ( 'NONE', #482, #353, #1261 ) ;
#977 = DIRECTION ( 'NONE',  ( -1.000000000000000000, 0.000000000000000000, 0.000000000000000000 ) ) ;
#978 = EDGE_CURVE ( 'NONE', #1345, #542, #17, .T. ) ;
#979 = DIRECTION ( 'NONE',  ( 0.000000000000000000, 0.000000000000000000, 1.000000000000000000 ) ) ;
#980 = AXIS2_PLACEMENT_3D ( 'NONE', #707, #575, #1170 ) ;
#981 = DIRECTION ( 'NONE',  ( -0.000000000000000000, -0.000000000000000000, -1.000000000000000000 ) ) ;
#982 = DATE_AND_TIME ( #874, #71 ) ;
#983 = ORIENTED_EDGE ( 'NONE', *, *, #1451, .T. ) ;
#984 = CIRCLE ( 'NONE', #1459, 1.100000000000000311 ) ;
#985 = FACE_OUTER_BOUND ( 'NONE', #1257, .T. ) ;
#986 = DIRECTION ( 'NONE',  ( 1.000000000000000000, 0.000000000000000000, 0.000000000000000000 ) ) ;
#987 = LINE ( 'NONE', #1104, #1326 ) ;
#988 = CC_DESIGN_PERSON_AND_ORGANIZATION_ASSIGNMENT ( #1401, #377, ( #784 ) ) ;
#989 = ORIENTED_EDGE ( 'NONE', *, *, #1284, .F. ) ;
#990 = EDGE_CURVE ( 'NONE', #1248, #631, #470, .T. ) ;
#991 = DIRECTION ( 'NONE',  ( 0.000000000000000000, -1.000000000000000000, 0.000000000000000000 ) ) ;
#992 = LINE ( 'NONE', #1096, #1336 ) ;
#993 = DIRECTION ( 'NONE',  ( -0.000000000000000000, -1.000000000000000000, -0.000000000000000000 ) ) ;
#994 = ORIENTED_EDGE ( 'NONE', *, *, #295, .T. ) ;
#995 = AXIS2_PLACEMENT_3D ( 'NONE', #1118, #98, #1454 ) ;
#996 = CIRCLE ( 'NONE', #760, 1.300000000000002487 ) ;
#997 = PLANE ( 'NONE',  #669 ) ;
#998 = CARTESIAN_POINT ( 'NONE',  ( 78.00000000000000000, -16.00000000000000000, 7.000000000000000000 ) ) ;
#999 = CARTESIAN_POINT ( 'NONE',  ( 55.90000000000000568, -13.50000000000000000, 6.999999999999999112 ) ) ;
#1000 = VECTOR ( 'NONE', #129, 1000.000000000000000 ) ;
#1001 = ORIENTED_EDGE ( 'NONE', *, *, #619, .T. ) ;
#1002 = EDGE_CURVE ( 'NONE', #1472, #1160, #1268, .T. ) ;
#1003 = EDGE_LOOP ( 'NONE', ( #1367, #834, #904, #802 ) ) ;
#1004 = EDGE_CURVE ( 'NONE', #631, #699, #254, .T. ) ;
#1005 = FACE_OUTER_BOUND ( 'NONE', #60, .T. ) ;
#1006 = LINE ( 'NONE', #998, #478 ) ;
#1007 = AXIS2_PLACEMENT_3D ( 'NONE', #56, #490, #284 ) ;
#1008 = DIRECTION ( 'NONE',  ( 1.000000000000000000, 0.000000000000000000, 0.000000000000000000 ) ) ;
#1009 = CARTESIAN_POINT ( 'NONE',  ( 26.00000000000000000, 3.000000000000000000, 4.000000000000000000 ) ) ;
#1010 = ORIENTED_EDGE ( 'NONE', *, *, #1208, .F. ) ;
#1011 = LINE ( 'NONE', #534, #1269 ) ;
#1012 = ORIENTED_EDGE ( 'NONE', *, *, #1075, .T. ) ;
#1013 = FACE_BOUND ( 'NONE', #759, .T. ) ;
#1014 = CLOSED_SHELL ( 'NONE', ( #1125, #1384, #1143, #234, #200, #915, #1071, #228, #758, #44, #497, #657, #632, #1222, #248, #286, #1220, #877, #705, #201, #372, #642, #307, #508, #867, #1327, #431, #969, #769, #61, #136, #855, #540, #114, #449, #895, #649, #443, #393, #806, #183 ) ) ;
#1015 = ORIENTED_EDGE ( 'NONE', *, *, #820, .T. ) ;
#1016 = EDGE_CURVE ( 'NONE', #462, #1163, #261, .T. ) ;
#1017 = LINE ( 'NONE', #211, #1450 ) ;
#1018 = LINE ( 'NONE', #348, #271 ) ;
#1019 = EDGE_LOOP ( 'NONE', ( #636, #1169, #1280, #1407 ) ) ;
#1020 = EDGE_LOOP ( 'NONE', ( #1282, #1146, #1395, #47 ) ) ;
#1021 = FACE_BOUND ( 'NONE', #1132, .T. ) ;
#1022 = AXIS2_PLACEMENT_3D ( 'NONE', #756, #1211, #416 ) ;
#1023 = EDGE_CURVE ( 'NONE', #82, #1413, #267, .T. ) ;
#1024 = VECTOR ( 'NONE', #436, 1000.000000000000000 ) ;
#1025 = DIRECTION ( 'NONE',  ( 1.000000000000000000, 0.000000000000000000, 0.000000000000000000 ) ) ;
#1026 = CC_DESIGN_APPROVAL ( #1468, ( #784 ) ) ;
#1027 = MANIFOLD_SOLID_BREP ( 'Fixed_pad_keeper_fasteners', #1014 ) ;
#1028 = DIRECTION ( 'NONE',  ( 1.000000000000000000, 0.000000000000000000, 0.000000000000000000 ) ) ;
#1029 = CARTESIAN_POINT ( 'NONE',  ( 26.00000000000000000, 29.00000000000000000, 0.000000000000000000 ) ) ;
#1030 = ORIENTED_EDGE ( 'NONE', *, *, #1182, .F. ) ;
#1031 = LINE ( 'NONE', #943, #882 ) ;
#1032 = VERTEX_POINT ( 'NONE', #749 ) ;
#1033 = CARTESIAN_POINT ( 'NONE',  ( 66.29999999999999716, 18.00000000000000000, 4.000000000000003553 ) ) ;
#1034 = DIRECTION ( 'NONE',  ( -1.000000000000000000, -0.000000000000000000, -0.000000000000000000 ) ) ;
#1035 = CARTESIAN_POINT ( 'NONE',  ( 0.000000000000000000, -8.000000000000000000, 4.000000000000000000 ) ) ;
#1036 = CARTESIAN_POINT ( 'NONE',  ( 0.000000000000000000, 7.000000000000000000, 0.000000000000000000 ) ) ;
#1037 = VERTEX_POINT ( 'NONE', #409 ) ;
#1038 = FACE_OUTER_BOUND ( 'NONE', #788, .T. ) ;
#1039 = EDGE_CURVE ( 'NONE', #751, #35, #603, .T. ) ;
#1040 = EDGE_LOOP ( 'NONE', ( #831, #780 ) ) ;
#1041 = FACE_BOUND ( 'NONE', #779, .T. ) ;
#1042 = DIRECTION ( 'NONE',  ( -0.000000000000000000, -0.000000000000000000, -1.000000000000000000 ) ) ;
#1043 = LINE ( 'NONE', #1387, #1409 ) ;
#1044 = ORIENTED_EDGE ( 'NONE', *, *, #742, .F. ) ;
#1045 = DIRECTION ( 'NONE',  ( -1.000000000000000000, 0.000000000000000000, 0.000000000000000000 ) ) ;
#1046 = ORIENTED_EDGE ( 'NONE', *, *, #1275, .T. ) ;
#1047 = FACE_OUTER_BOUND ( 'NONE', #1449, .T. ) ;
#1048 = LINE ( 'NONE', #466, #1253 ) ;
#1049 = AXIS2_PLACEMENT_3D ( 'NONE', #46, #499, #1301 ) ;
#1050 = CYLINDRICAL_SURFACE ( 'NONE', #501, 1.100000000000003642 ) ;
#1051 = VECTOR ( 'NONE', #1247, 1000.000000000000000 ) ;
#1052 = VERTEX_POINT ( 'NONE', #954 ) ;
#1053 = CARTESIAN_POINT ( 'NONE',  ( -8.000000000000000000, 0.000000000000000000, 0.000000000000000000 ) ) ;
#1054 = ORIENTED_EDGE ( 'NONE', *, *, #188, .T. ) ;
#1055 = VECTOR ( 'NONE', #549, 1000.000000000000000 ) ;
#1056 = EDGE_CURVE ( 'NONE', #829, #541, #1430, .T. ) ;
#1057 = CARTESIAN_POINT ( 'NONE',  ( 8.000000000000000000, 0.000000000000000000, 4.000000000000000000 ) ) ;
#1058 =( LENGTH_UNIT ( ) NAMED_UNIT ( * ) SI_UNIT ( .MILLI., .METRE. ) );
#1059 = CIRCLE ( 'NONE', #179, 1.300000000000002487 ) ;
#1060 = ORIENTED_EDGE ( 'NONE', *, *, #29, .F. ) ;
#1061 = CARTESIAN_POINT ( 'NONE',  ( -3.000000000000000000, 0.000000000000000000, 4.000000000000000000 ) ) ;
#1062 = ORIENTED_EDGE ( 'NONE', *, *, #506, .T. ) ;
#1063 = CARTESIAN_POINT ( 'NONE',  ( 34.00000000000000000, -7.000000000000000000, 0.000000000000000000 ) ) ;
#1064 = APPROVAL_ROLE ( '' ) ;
#1065 = CARTESIAN_POINT ( 'NONE',  ( 78.00000000000000000, -16.00000000000000000, 7.000000000000000000 ) ) ;
#1066 = EDGE_CURVE ( 'NONE', #574, #384, #505, .T. ) ;
#1067 = ORIENTED_EDGE ( 'NONE', *, *, #1180, .T. ) ;
#1068 = CARTESIAN_POINT ( 'NONE',  ( 73.00000000000000000, -13.50000000000000000, 6.999999999999999112 ) ) ;
#1069 = EDGE_LOOP ( 'NONE', ( #1010, #795 ) ) ;
#1070 = CARTESIAN_POINT ( 'NONE',  ( 36.00000000000000000, 18.00000000000000000, 4.000000000000003553 ) ) ;
#1071 = ADVANCED_FACE ( 'NONE', ( #63 ), #630, .F. ) ;
#1072 = ORIENTED_EDGE ( 'NONE', *, *, #76, .F. ) ;
#1073 = CARTESIAN_POINT ( 'NONE',  ( 0.000000000000000000, -8.000000000000000000, 0.000000000000000000 ) ) ;
#1075 = EDGE_CURVE ( 'NONE', #1325, #1347, #850, .T. ) ;
#1074 = CIRCLE ( 'NONE', #521, 1.099999999999996758 ) ;
#1076 = CIRCLE ( 'NONE', #50, 1.299999999999995604 ) ;
#1077 = ORIENTED_EDGE ( 'NONE', *, *, #1109, .T. ) ;
#1078 = VECTOR ( 'NONE', #1433, 1000.000000000000000 ) ;
#1079 = CARTESIAN_POINT ( 'NONE',  ( 38.60000000000000142, 11.50000000000000000, 4.000000000000000888 ) ) ;
#1080 = CYLINDRICAL_SURFACE ( 'NONE', #622, 1.100000000000000089 ) ;
#1081 = VECTOR ( 'NONE', #748, 1000.000000000000000 ) ;
#1082 = EDGE_CURVE ( 'NONE', #255, #857, #294, .T. ) ;
#1083 = ORIENTED_EDGE ( 'NONE', *, *, #1404, .T. ) ;
#1084 = EDGE_CURVE ( 'NONE', #620, #82, #1191, .T. ) ;
#1085 = DIRECTION ( 'NONE',  ( 1.000000000000000000, 0.000000000000000000, 0.000000000000000000 ) ) ;
#1086 = DIRECTION ( 'NONE',  ( 0.000000000000000000, 1.000000000000000000, 0.000000000000000000 ) ) ;
#1087 = ORIENTED_EDGE ( 'NONE', *, *, #619, .F. ) ;
#1088 = LINE ( 'NONE', #543, #1176 ) ;
#1089 = DIRECTION ( 'NONE',  ( 1.000000000000000000, 0.000000000000000000, 0.000000000000000000 ) ) ;
#1090 = CARTESIAN_POINT ( 'NONE',  ( 58.10000000000000142, -13.50000000000000000, 0.000000000000000000 ) ) ;
#1091 = ORIENTED_EDGE ( 'NONE', *, *, #442, .F. ) ;
#1092 = CC_DESIGN_APPROVAL ( #105, ( #1251 ) ) ;
#1093 = VECTOR ( 'NONE', #565, 1000.000000000000000 ) ;
#1094 = ORIENTED_EDGE ( 'NONE', *, *, #909, .T. ) ;
#1095 = FACE_BOUND ( 'NONE', #1200, .T. ) ;
#1096 = CARTESIAN_POINT ( 'NONE',  ( 27.00000000000000000, -7.000000000000000000, 4.000000000000000000 ) ) ;
#1097 = PRODUCT_RELATED_PRODUCT_CATEGORY ( 'detail', '', ( #579 ) ) ;
#1098 = CARTESIAN_POINT ( 'NONE',  ( 0.000000000000000000, 11.50000000000000000, 0.000000000000000000 ) ) ;
#1099 = ORIENTED_EDGE ( 'NONE', *, *, #67, .F. ) ;
#1100 = VERTEX_POINT ( 'NONE', #1297 ) ;
#1101 = CIRCLE ( 'NONE', #317, 1.100000000000000311 ) ;
#1102 = FACE_BOUND ( 'NONE', #709, .T. ) ;
#1103 = CARTESIAN_POINT ( 'NONE',  ( 78.00000000000000000, -16.00000000000000000, 7.000000000000000000 ) ) ;
#1104 = CARTESIAN_POINT ( 'NONE',  ( 26.00000000000000000, 3.000000000000000000, 0.000000000000000000 ) ) ;
#1105 = VERTEX_POINT ( 'NONE', #625 ) ;
#1106 = FACE_OUTER_BOUND ( 'NONE', #864, .T. ) ;
#1107 = CARTESIAN_POINT ( 'NONE',  ( 58.10000000000000142, -13.50000000000000000, 6.999999999999999112 ) ) ;
#1108 = EDGE_CURVE ( 'NONE', #1105, #688, #1312, .T. ) ;
#1109 = EDGE_CURVE ( 'NONE', #73, #757, #1114, .T. ) ;
#1110 = DIRECTION ( 'NONE',  ( 0.000000000000000000, 0.000000000000000000, -1.000000000000000000 ) ) ;
#1111 = EDGE_CURVE ( 'NONE', #349, #500, #782, .T. ) ;
#1112 = EDGE_LOOP ( 'NONE', ( #613, #335, #306, #645 ) ) ;
#1113 = CARTESIAN_POINT ( 'NONE',  ( 9.099999999999999645, 1.347111479062088503E-16, 6.999999999999999112 ) ) ;
#1114 = CIRCLE ( 'NONE', #1193, 1.100000000000003642 ) ;
#1115 = ORIENTED_EDGE ( 'NONE', *, *, #1002, .T. ) ;
#1116 = VECTOR ( 'NONE', #916, 1000.000000000000000 ) ;
#1117 = CARTESIAN_POINT ( 'NONE',  ( 40.00000000000000000, 3.000000000000000000, 4.000000000000000000 ) ) ;
#1118 = CARTESIAN_POINT ( 'NONE',  ( 34.00000000000000000, -16.00000000000000000, 7.000000000000000000 ) ) ;
#1119 = CARTESIAN_POINT ( 'NONE',  ( 34.00000000000000000, -7.000000000000000000, 4.000000000000000000 ) ) ;
#1120 = CIRCLE ( 'NONE', #1310, 1.100000000000000311 ) ;
#1121 = DIRECTION ( 'NONE',  ( 1.000000000000000000, 0.000000000000000000, 0.000000000000000000 ) ) ;
#1122 = ORIENTED_EDGE ( 'NONE', *, *, #1109, .F. ) ;
#1123 = CARTESIAN_POINT ( 'NONE',  ( -1.100000000000000089, 8.000000000000000000, 0.000000000000000000 ) ) ;
#1124 = ORIENTED_EDGE ( 'NONE', *, *, #293, .T. ) ;
#1125 = ADVANCED_FACE ( 'NONE', ( #517 ), #1426, .F. ) ;
#1126 = CARTESIAN_POINT ( 'NONE',  ( 0.000000000000000000, 8.000000000000000000, 6.999999999999999112 ) ) ;
#1127 = AXIS2_PLACEMENT_3D ( 'NONE', #835, #629, #952 ) ;
#1128 = CARTESIAN_POINT ( 'NONE',  ( -8.000000000000000000, 0.000000000000000000, 0.000000000000000000 ) ) ;
#1129 = LINE ( 'NONE', #801, #1093 ) ;
#1130 = EDGE_LOOP ( 'NONE', ( #1135, #109, #276, #1067 ) ) ;
#1131 = FACE_OUTER_BOUND ( 'NONE', #863, .T. ) ;
#1132 = EDGE_LOOP ( 'NONE', ( #93, #1319 ) ) ;
#1133 = EDGE_CURVE ( 'NONE', #2, #606, #638, .T. ) ;
#1134 = LINE ( 'NONE', #247, #1427 ) ;
#1135 = ORIENTED_EDGE ( 'NONE', *, *, #1016, .F. ) ;
#1136 = APPLICATION_PROTOCOL_DEFINITION ( 'international standard', 'config_control_design', 1994, #724 ) ;
#1137 = CARTESIAN_POINT ( 'NONE',  ( 73.00000000000000000, -13.50000000000000000, 6.999999999999999112 ) ) ;
#1138 = ORIENTED_EDGE ( 'NONE', *, *, #1108, .F. ) ;
#1139 = DIRECTION ( 'NONE',  ( -1.000000000000000000, 0.000000000000000000, 0.000000000000000000 ) ) ;
#1140 = EDGE_LOOP ( 'NONE', ( #752, #1460, #1267, #1391 ) ) ;
#1141 = CARTESIAN_POINT ( 'NONE',  ( 40.00000000000000000, -7.000000000000000000, 4.000000000000000000 ) ) ;
#1142 = VECTOR ( 'NONE', #194, 1000.000000000000000 ) ;
#1143 = ADVANCED_FACE ( 'NONE', ( #635 ), #1080, .F. ) ;
#1144 = ORIENTED_EDGE ( 'NONE', *, *, #1056, .T. ) ;
#1145 = LINE ( 'NONE', #1036, #99 ) ;
#1146 = ORIENTED_EDGE ( 'NONE', *, *, #1342, .F. ) ;
#1147 = DIRECTION ( 'NONE',  ( 0.000000000000000000, -1.000000000000000000, 0.000000000000000000 ) ) ;
#1148 = ORIENTED_EDGE ( 'NONE', *, *, #1229, .F. ) ;
#1149 = DIRECTION ( 'NONE',  ( 0.000000000000000000, -0.000000000000000000, -1.000000000000000000 ) ) ;
#1150 = CIRCLE ( 'NONE', #368, 13.00000000000000000 ) ;
#1151 = CARTESIAN_POINT ( 'NONE',  ( 74.09999999999999432, -13.50000000000000000, 6.999999999999999112 ) ) ;
#1152 = DIRECTION ( 'NONE',  ( 0.000000000000000000, 1.000000000000000000, 0.000000000000000000 ) ) ;
#1153 = CARTESIAN_POINT ( 'NONE',  ( 0.000000000000000000, -7.000000000000000000, 4.000000000000000000 ) ) ;
#1154 = ORIENTED_EDGE ( 'NONE', *, *, #930, .T. ) ;
#1155 = CYLINDRICAL_SURFACE ( 'NONE', #1172, 1.100000000000000311 ) ;
#1156 = ORIENTED_EDGE ( 'NONE', *, *, #1189, .T. ) ;
#1157 = DIRECTION ( 'NONE',  ( 1.000000000000000000, 0.000000000000000000, 0.000000000000000000 ) ) ;
#1158 = LINE ( 'NONE', #703, #811 ) ;
#1159 = CARTESIAN_POINT ( 'NONE',  ( 27.00000000000000000, 7.000000000000000000, 7.000000000000000000 ) ) ;
#1160 = VERTEX_POINT ( 'NONE', #300 ) ;
#1161 = CARTESIAN_POINT ( 'NONE',  ( -13.00000000000000000, 0.000000000000000000, 4.000000000000000000 ) ) ;
#1162 = EDGE_CURVE ( 'NONE', #961, #430, #733, .T. ) ;
#1163 = VERTEX_POINT ( 'NONE', #1090 ) ;
#1164 = CARTESIAN_POINT ( 'NONE',  ( 34.00000000000000000, -11.00000000000000000, 7.000000000000000000 ) ) ;
#1165 = CYLINDRICAL_SURFACE ( 'NONE', #628, 1.100000000000000089 ) ;
#1166 = VECTOR ( 'NONE', #403, 1000.000000000000000 ) ;
#1167 = DIRECTION ( 'NONE',  ( 1.000000000000000000, 0.000000000000000000, 0.000000000000000000 ) ) ;
#1168 = AXIS2_PLACEMENT_3D ( 'NONE', #1009, #1121, #814 ) ;
#1169 = ORIENTED_EDGE ( 'NONE', *, *, #553, .F. ) ;
#1170 = DIRECTION ( 'NONE',  ( 1.000000000000000000, 0.000000000000000000, 0.000000000000000000 ) ) ;
#1171 = VERTEX_POINT ( 'NONE', #167 ) ;
#1172 = AXIS2_PLACEMENT_3D ( 'NONE', #41, #1371, #1045 ) ;
#1173 = EDGE_CURVE ( 'NONE', #220, #1302, #69, .T. ) ;
#1174 = DIRECTION ( 'NONE',  ( -0.000000000000000000, -0.000000000000000000, -1.000000000000000000 ) ) ;
#1175 = PERSON_AND_ORGANIZATION ( #1207, #27 ) ;
#1176 = VECTOR ( 'NONE', #432, 1000.000000000000000 ) ;
#1177 = EDGE_LOOP ( 'NONE', ( #1148, #161, #176, #746, #1419, #1225 ) ) ;
#1178 = DIRECTION ( 'NONE',  ( 1.000000000000000000, 0.000000000000000000, 0.000000000000000000 ) ) ;
#1179 = ORIENTED_EDGE ( 'NONE', *, *, #1056, .F. ) ;
#1180 = EDGE_CURVE ( 'NONE', #518, #1163, #477, .T. ) ;
#1181 = LINE ( 'NONE', #970, #747 ) ;
#1182 = EDGE_CURVE ( 'NONE', #542, #1248, #1017, .T. ) ;
#1183 = ORIENTED_EDGE ( 'NONE', *, *, #1133, .F. ) ;
#1184 = CARTESIAN_POINT ( 'NONE',  ( 57.00000000000000000, -13.50000000000000000, 6.999999999999999112 ) ) ;
#1185 = ORIENTED_EDGE ( 'NONE', *, *, #1084, .F. ) ;
#1186 = DATE_AND_TIME ( #1299, #452 ) ;
#1187 = CARTESIAN_POINT ( 'NONE',  ( 0.000000000000000000, 0.000000000000000000, 0.000000000000000000 ) ) ;
#1188 = CARTESIAN_POINT ( 'NONE',  ( 0.000000000000000000, -8.000000000000000000, 6.999999999999999112 ) ) ;
#1189 = EDGE_CURVE ( 'NONE', #1285, #1436, #119, .T. ) ;
#1190 = AXIS2_PLACEMENT_3D ( 'NONE', #1065, #383, #860 ) ;
#1191 = LINE ( 'NONE', #391, #250 ) ;
#1192 = AXIS2_PLACEMENT_3D ( 'NONE', #106, #781, #323 ) ;
#1193 = AXIS2_PLACEMENT_3D ( 'NONE', #1068, #1198, #1418 ) ;
#1194 = VERTEX_POINT ( 'NONE', #1217 ) ;
#1195 = VECTOR ( 'NONE', #737, 1000.000000000000000 ) ;
#1196 = CALENDAR_DATE ( 2026, 7, 9 ) ;
#1197 = CYLINDRICAL_SURFACE ( 'NONE', #887, 1.300000000000002487 ) ;
#1198 = DIRECTION ( 'NONE',  ( 0.000000000000000000, 0.000000000000000000, 1.000000000000000000 ) ) ;
#1199 = AXIS2_PLACEMENT_3D ( 'NONE', #1187, #48, #609 ) ;
#1200 = EDGE_LOOP ( 'NONE', ( #1260, #944 ) ) ;
#1201 = CARTESIAN_POINT ( 'NONE',  ( 38.60000000000000142, 11.50000000000000000, 4.000000000000000888 ) ) ;
#1202 = CARTESIAN_POINT ( 'NONE',  ( 57.00000000000000000, -13.50000000000000000, 6.999999999999999112 ) ) ;
#1203 = CARTESIAN_POINT ( 'NONE',  ( 27.00000000000000000, 7.000000000000000000, 7.000000000000000000 ) ) ;
#1204 = EDGE_LOOP ( 'NONE', ( #373, #1370, #701, #720 ) ) ;
#1205 = EDGE_CURVE ( 'NONE', #73, #349, #1223, .T. ) ;
#1206 = ORIENTED_EDGE ( 'NONE', *, *, #324, .F. ) ;
#1207 = PERSON ( 'UNSPECIFIED', 'UNSPECIFIED', 'UNSPECIFIED', ('UNSPECIFIED'), ('UNSPECIFIED'), ('UNSPECIFIED') ) ;
#1208 = EDGE_CURVE ( 'NONE', #1364, #462, #1213, .T. ) ;
#1209 = CARTESIAN_POINT ( 'NONE',  ( -1.100000000000000089, 8.000000000000000000, 4.000000000000000000 ) ) ;
#1210 = FACE_OUTER_BOUND ( 'NONE', #246, .T. ) ;
#1211 = DIRECTION ( 'NONE',  ( -0.000000000000000000, -0.000000000000000000, -1.000000000000000000 ) ) ;
#1212 = EDGE_LOOP ( 'NONE', ( #844, #1398, #269, #883 ) ) ;
#1213 = CIRCLE ( 'NONE', #686, 1.099999999999996758 ) ;
#1214 = ORIENTED_EDGE ( 'NONE', *, *, #990, .T. ) ;
#1215 = DIRECTION ( 'NONE',  ( -1.000000000000000000, -0.000000000000000000, -0.000000000000000000 ) ) ;
#1216 = DIRECTION ( 'NONE',  ( 0.000000000000000000, -1.000000000000000000, 0.000000000000000000 ) ) ;
#1217 = CARTESIAN_POINT ( 'NONE',  ( 3.000000000000000000, 3.673940397442059375E-16, 0.000000000000000000 ) ) ;
#1218 = ORIENTED_EDGE ( 'NONE', *, *, #852, .F. ) ;
#1219 = LINE ( 'NONE', #421, #103 ) ;
#1220 = ADVANCED_FACE ( 'NONE', ( #305 ), #654, .F. ) ;
#1221 = CARTESIAN_POINT ( 'NONE',  ( -13.00000000000000000, 0.000000000000000000, 0.000000000000000000 ) ) ;
#1222 = ADVANCED_FACE ( 'NONE', ( #1332 ), #223, .F. ) ;
#1223 = LINE ( 'NONE', #1237, #858 ) ;
#1224 = PERSON_AND_ORGANIZATION ( #1207, #27 ) ;
#1225 = ORIENTED_EDGE ( 'NONE', *, *, #1342, .T. ) ;
#1226 = CARTESIAN_POINT ( 'NONE',  ( 36.00000000000000000, 18.00000000000000000, 0.000000000000000000 ) ) ;
#1227 = CARTESIAN_POINT ( 'NONE',  ( -9.099999999999999645, 0.000000000000000000, 0.000000000000000000 ) ) ;
#1228 = CARTESIAN_POINT ( 'NONE',  ( 62.39999999999999858, 11.50000000000000000, 4.000000000000000888 ) ) ;
#1229 = EDGE_CURVE ( 'NONE', #1334, #1345, #668, .T. ) ;
#1230 = VECTOR ( 'NONE', #1042, 1000.000000000000000 ) ;
#1231 = DIRECTION ( 'NONE',  ( 0.000000000000000000, 0.000000000000000000, -1.000000000000000000 ) ) ;
#1232 = ORIENTED_EDGE ( 'NONE', *, *, #1340, .T. ) ;
#1233 = EDGE_CURVE ( 'NONE', #1171, #1037, #1350, .T. ) ;
#1234 = CIRCLE ( 'NONE', #1353, 1.299999999999995604 ) ;
#1235 = VECTOR ( 'NONE', #1382, 1000.000000000000000 ) ;
#1236 = CARTESIAN_POINT ( 'NONE',  ( 10.95445115010332238, 7.000000000000000000, 4.000000000000000000 ) ) ;
#1237 = CARTESIAN_POINT ( 'NONE',  ( 74.09999999999999432, -13.50000000000000000, 6.999999999999999112 ) ) ;
#1238 = VECTOR ( 'NONE', #1277, 1000.000000000000000 ) ;
#1239 = DIRECTION ( 'NONE',  ( -0.000000000000000000, -0.000000000000000000, -1.000000000000000000 ) ) ;
#1240 = ORIENTED_EDGE ( 'NONE', *, *, #293, .F. ) ;
#1241 = DIRECTION ( 'NONE',  ( 1.000000000000000000, 0.000000000000000000, 0.000000000000000000 ) ) ;
#1242 = ORIENTED_EDGE ( 'NONE', *, *, #770, .F. ) ;
#1243 = CARTESIAN_POINT ( 'NONE',  ( 70.00000000000000000, 29.00000000000000000, 4.000000000000000000 ) ) ;
#1244 = AXIS2_PLACEMENT_3D ( 'NONE', #1202, #185, #634 ) ;
#1245 = DIRECTION ( 'NONE',  ( -0.000000000000000000, -0.000000000000000000, -1.000000000000000000 ) ) ;
#1246 =( NAMED_UNIT ( * ) SI_UNIT ( $, .STERADIAN. ) SOLID_ANGLE_UNIT ( ) );
#1247 = DIRECTION ( 'NONE',  ( 0.000000000000000000, 1.000000000000000000, -0.000000000000000000 ) ) ;
#1248 = VERTEX_POINT ( 'NONE', #1119 ) ;
#1249 = FACE_OUTER_BOUND ( 'NONE', #1442, .T. ) ;
#1250 = ORIENTED_EDGE ( 'NONE', *, *, #1180, .F. ) ;
#1251 = PRODUCT_DEFINITION ( 'UNKNOWN', '', #784, #1379 ) ;
#1252 = CARTESIAN_POINT ( 'NONE',  ( 0.000000000000000000, -8.000000000000000000, 0.000000000000000000 ) ) ;
#1253 = VECTOR ( 'NONE', #922, 1000.000000000000000 ) ;
#1254 = ORIENTED_EDGE ( 'NONE', *, *, #1075, .F. ) ;
#1255 = LINE ( 'NONE', #115, #1263 ) ;
#1256 = DIRECTION ( 'NONE',  ( -1.000000000000000000, 0.000000000000000000, 0.000000000000000000 ) ) ;
#1257 = EDGE_LOOP ( 'NONE', ( #1254, #88, #1388, #851 ) ) ;
#1258 = CARTESIAN_POINT ( 'NONE',  ( 0.000000000000000000, 7.000000000000000000, 4.000000000000000000 ) ) ;
#1259 = UNCERTAINTY_MEASURE_WITH_UNIT (LENGTH_MEASURE( 1.000000000000000082E-05 ), #1058, 'distance_accuracy_value', 'NONE');
#1260 = ORIENTED_EDGE ( 'NONE', *, *, #1039, .F. ) ;
#1261 = DIRECTION ( 'NONE',  ( 0.000000000000000000, -0.000000000000000000, 1.000000000000000000 ) ) ;
#1262 = VECTOR ( 'NONE', #1349, 1000.000000000000000 ) ;
#1263 = VECTOR ( 'NONE', #940, 1000.000000000000000 ) ;
#1264 = LINE ( 'NONE', #595, #236 ) ;
#1265 = CARTESIAN_POINT ( 'NONE',  ( 66.29999999999999716, 18.00000000000000000, 0.000000000000000000 ) ) ;
#1266 = DIRECTION ( 'NONE',  ( -0.000000000000000000, -0.000000000000000000, -1.000000000000000000 ) ) ;
#1267 = ORIENTED_EDGE ( 'NONE', *, *, #483, .F. ) ;
#1268 = LINE ( 'NONE', #1389, #222 ) ;
#1269 = VECTOR ( 'NONE', #419, 1000.000000000000000 ) ;
#1270 = EDGE_LOOP ( 'NONE', ( #1422, #890, #576, #352 ) ) ;
#1271 = CARTESIAN_POINT ( 'NONE',  ( -6.899999999999999467, 1.347111479062088503E-16, 6.999999999999999112 ) ) ;
#1272 = EDGE_CURVE ( 'NONE', #606, #2, #813, .T. ) ;
#1273 = VECTOR ( 'NONE', #616, 1000.000000000000000 ) ;
#1274 = DIRECTION ( 'NONE',  ( 1.000000000000000000, 0.000000000000000000, 0.000000000000000000 ) ) ;
#1275 = EDGE_CURVE ( 'NONE', #437, #35, #202, .T. ) ;
#1276 = EDGE_LOOP ( 'NONE', ( #1179, #456 ) ) ;
#1277 = DIRECTION ( 'NONE',  ( 0.000000000000000000, 1.000000000000000000, 0.000000000000000000 ) ) ;
#1278 = ORIENTED_EDGE ( 'NONE', *, *, #139, .T. ) ;
#1279 = CARTESIAN_POINT ( 'NONE',  ( 0.000000000000000000, 0.000000000000000000, 4.000000000000000000 ) ) ;
#1280 = ORIENTED_EDGE ( 'NONE', *, *, #237, .T. ) ;
#1281 = DIRECTION ( 'NONE',  ( -1.000000000000000000, -0.000000000000000000, -0.000000000000000000 ) ) ;
#1282 = ORIENTED_EDGE ( 'NONE', *, *, #978, .F. ) ;
#1283 = DIRECTION ( 'NONE',  ( 0.000000000000000000, 0.000000000000000000, -1.000000000000000000 ) ) ;
#1284 = EDGE_CURVE ( 'NONE', #274, #469, #213, .T. ) ;
#1285 = VERTEX_POINT ( 'NONE', #564 ) ;
#1286 = FACE_OUTER_BOUND ( 'NONE', #552, .T. ) ;
#1287 = VECTOR ( 'NONE', #1110, 1000.000000000000000 ) ;
#1288 = APPLICATION_PROTOCOL_DEFINITION ( 'international standard', 'config_control_design', 1994, #214 ) ;
#1289 = VECTOR ( 'NONE', #894, 1000.000000000000000 ) ;
#1290 = EDGE_CURVE ( 'NONE', #1364, #518, #451, .T. ) ;
#1291 = ORIENTED_EDGE ( 'NONE', *, *, #1082, .T. ) ;
#1292 = CYLINDRICAL_SURFACE ( 'NONE', #526, 1.100000000000000311 ) ;
#1293 = EDGE_CURVE ( 'NONE', #296, #1105, #1455, .T. ) ;
#1294 = VERTEX_POINT ( 'NONE', #1318 ) ;
#1295 = CARTESIAN_POINT ( 'NONE',  ( 0.000000000000000000, 8.000000000000000000, 6.999999999999999112 ) ) ;
#1296 = ORIENTED_EDGE ( 'NONE', *, *, #121, .F. ) ;
#1297 = CARTESIAN_POINT ( 'NONE',  ( 62.39999999999999858, 24.50000000000000000, 0.000000000000000000 ) ) ;
#1298 = VERTEX_POINT ( 'NONE', #556 ) ;
#1299 = CALENDAR_DATE ( 2026, 7, 9 ) ;
#1300 = DIRECTION ( 'NONE',  ( -1.000000000000000000, 0.000000000000000000, 0.000000000000000000 ) ) ;
#1301 = DIRECTION ( 'NONE',  ( 1.000000000000000000, 0.000000000000000000, 0.000000000000000000 ) ) ;
#1302 = VERTEX_POINT ( 'NONE', #434 ) ;
#1303 = FACE_OUTER_BOUND ( 'NONE', #974, .T. ) ;
#1304 = DIRECTION ( 'NONE',  ( 0.000000000000000000, 0.000000000000000000, -1.000000000000000000 ) ) ;
#1305 = VECTOR ( 'NONE', #596, 1000.000000000000000 ) ;
#1306 = DIRECTION ( 'NONE',  ( 0.000000000000000000, 0.000000000000000000, -1.000000000000000000 ) ) ;
#1307 = VECTOR ( 'NONE', #872, 1000.000000000000000 ) ;
#1308 = CC_DESIGN_SECURITY_CLASSIFICATION ( #150, ( #784 ) ) ;
#1309 = ORIENTED_EDGE ( 'NONE', *, *, #965, .F. ) ;
#1310 = AXIS2_PLACEMENT_3D ( 'NONE', #1053, #155, #118 ) ;
#1311 = CARTESIAN_POINT ( 'NONE',  ( 38.60000000000000142, 11.50000000000000000, 4.000000000000000888 ) ) ;
#1312 = LINE ( 'NONE', #57, #551 ) ;
#1313 = CC_DESIGN_PERSON_AND_ORGANIZATION_ASSIGNMENT ( #853, #389, ( #1251 ) ) ;
#1314 = ORIENTED_EDGE ( 'NONE', *, *, #708, .T. ) ;
#1315 = ORIENTED_EDGE ( 'NONE', *, *, #820, .F. ) ;
#1316 = DIRECTION ( 'NONE',  ( -0.000000000000000000, -0.000000000000000000, -1.000000000000000000 ) ) ;
#1317 = CARTESIAN_POINT ( 'NONE',  ( 0.000000000000000000, 0.000000000000000000, 0.000000000000000000 ) ) ;
#1318 = CARTESIAN_POINT ( 'NONE',  ( 10.95445115010332238, -7.000000000000000000, 4.000000000000000000 ) ) ;
#1319 = ORIENTED_EDGE ( 'NONE', *, *, #388, .T. ) ;
#1320 = EDGE_CURVE ( 'NONE', #1302, #1171, #777, .T. ) ;
#1321 = ORIENTED_EDGE ( 'NONE', *, *, #731, .T. ) ;
#1322 = DIRECTION ( 'NONE',  ( -0.000000000000000000, -1.000000000000000000, -0.000000000000000000 ) ) ;
#1323 = FACE_OUTER_BOUND ( 'NONE', #225, .T. ) ;
#1324 = DIRECTION ( 'NONE',  ( 0.000000000000000000, 1.000000000000000000, 0.000000000000000000 ) ) ;
#1325 = VERTEX_POINT ( 'NONE', #85 ) ;
#1326 = VECTOR ( 'NONE', #993, 1000.000000000000000 ) ;
#1327 = ADVANCED_FACE ( 'NONE', ( #100 ), #643, .T. ) ;
#1328 = EDGE_CURVE ( 'NONE', #772, #1325, #987, .T. ) ;
#1329 = CARTESIAN_POINT ( 'NONE',  ( 70.00000000000000000, 3.000000000000000000, 0.000000000000000000 ) ) ;
#1330 = DIRECTION ( 'NONE',  ( 0.000000000000000000, 0.000000000000000000, -1.000000000000000000 ) ) ;
#1331 = AXIS2_PLACEMENT_3D ( 'NONE', #350, #950, #487 ) ;
#1332 = FACE_OUTER_BOUND ( 'NONE', #360, .T. ) ;
#1333 = COORDINATED_UNIVERSAL_TIME_OFFSET ( 6, 0, .BEHIND. ) ;
#1334 = VERTEX_POINT ( 'NONE', #425 ) ;
#1335 = CARTESIAN_POINT ( 'NONE',  ( 6.899999999999999467, 0.000000000000000000, 0.000000000000000000 ) ) ;
#1336 = VECTOR ( 'NONE', #1330, 1000.000000000000000 ) ;
#1337 = ORIENTED_EDGE ( 'NONE', *, *, #181, .T. ) ;
#1338 = FACE_OUTER_BOUND ( 'NONE', #1204, .T. ) ;
#1339 = DIRECTION ( 'NONE',  ( 1.000000000000000000, 0.000000000000000000, 0.000000000000000000 ) ) ;
#1340 = EDGE_CURVE ( 'NONE', #1302, #301, #881, .T. ) ;
#1341 = PERSON_AND_ORGANIZATION ( #1207, #27 ) ;
#1342 = EDGE_CURVE ( 'NONE', #1413, #1345, #134, .T. ) ;
#1343 = DIRECTION ( 'NONE',  ( 0.000000000000000000, 1.000000000000000000, 0.000000000000000000 ) ) ;
#1344 = CYLINDRICAL_SURFACE ( 'NONE', #719, 1.299999999999995604 ) ;
#1345 = VERTEX_POINT ( 'NONE', #581 ) ;
#1346 = DIRECTION ( 'NONE',  ( 0.000000000000000000, 0.000000000000000000, -1.000000000000000000 ) ) ;
#1347 = VERTEX_POINT ( 'NONE', #39 ) ;
#1348 = FACE_BOUND ( 'NONE', #734, .T. ) ;
#1349 = DIRECTION ( 'NONE',  ( -0.000000000000000000, -0.000000000000000000, -1.000000000000000000 ) ) ;
#1350 = LINE ( 'NONE', #1098, #878 ) ;
#1351 = CARTESIAN_POINT ( 'NONE',  ( 57.00000000000000000, -13.50000000000000000, 0.000000000000000000 ) ) ;
#1352 = VERTEX_POINT ( 'NONE', #143 ) ;
#1353 = AXIS2_PLACEMENT_3D ( 'NONE', #810, #241, #1028 ) ;
#1354 = ORIENTED_EDGE ( 'NONE', *, *, #1229, .T. ) ;
#1355 = AXIS2_PLACEMENT_3D ( 'NONE', #231, #1471, #558 ) ;
#1356 = LINE ( 'NONE', #1164, #1383 ) ;
#1357 = ORIENTED_EDGE ( 'NONE', *, *, #492, .F. ) ;
#1358 = DIRECTION ( 'NONE',  ( -0.000000000000000000, -0.000000000000000000, -1.000000000000000000 ) ) ;
#1359 = VECTOR ( 'NONE', #233, 1000.000000000000000 ) ;
#1360 = DIRECTION ( 'NONE',  ( 1.000000000000000000, 0.000000000000000000, 0.000000000000000000 ) ) ;
#1361 = APPROVAL ( #539, 'UNSPECIFIED' ) ;
#1362 = EDGE_LOOP ( 'NONE', ( #1466, #203 ) ) ;
#1363 = DIRECTION ( 'NONE',  ( -1.000000000000000000, 0.000000000000000000, 0.000000000000000000 ) ) ;
#1364 = VERTEX_POINT ( 'NONE', #459 ) ;
#1365 = FACE_BOUND ( 'NONE', #96, .T. ) ;
#1366 = AXIS2_PLACEMENT_3D ( 'NONE', #520, #979, #836 ) ;
#1367 = ORIENTED_EDGE ( 'NONE', *, *, #1233, .T. ) ;
#1368 = LINE ( 'NONE', #251, #717 ) ;
#1369 = DIRECTION ( 'NONE',  ( 0.000000000000000000, 0.000000000000000000, -1.000000000000000000 ) ) ;
#1370 = ORIENTED_EDGE ( 'NONE', *, *, #588, .F. ) ;
#1371 = DIRECTION ( 'NONE',  ( 0.000000000000000000, 0.000000000000000000, -1.000000000000000000 ) ) ;
#1372 = EDGE_LOOP ( 'NONE', ( #137, #64, #51, #313 ) ) ;
#1373 = CARTESIAN_POINT ( 'NONE',  ( 40.00000000000000000, 3.000000000000000000, 0.000000000000000000 ) ) ;
#1374 = DIRECTION ( 'NONE',  ( -1.000000000000000000, 0.000000000000000000, 0.000000000000000000 ) ) ;
#1375 = DIRECTION ( 'NONE',  ( 1.000000000000000000, 0.000000000000000000, 0.000000000000000000 ) ) ;
#1376 = CARTESIAN_POINT ( 'NONE',  ( 0.000000000000000000, 0.000000000000000000, 0.000000000000000000 ) ) ;
#1377 = ORIENTED_EDGE ( 'NONE', *, *, #532, .T. ) ;
#1378 = DIRECTION ( 'NONE',  ( 0.000000000000000000, 0.000000000000000000, 1.000000000000000000 ) ) ;
#1379 = DESIGN_CONTEXT ( 'detailed design', #724, 'design' ) ;
#1380 = ORIENTED_EDGE ( 'NONE', *, *, #76, .T. ) ;
#1381 = EDGE_CURVE ( 'NONE', #1410, #370, #1076, .T. ) ;
#1382 = DIRECTION ( 'NONE',  ( 1.000000000000000000, 0.000000000000000000, 0.000000000000000000 ) ) ;
#1384 = ADVANCED_FACE ( 'NONE', ( #800 ), #1050, .F. ) ;
#1383 = VECTOR ( 'NONE', #4, 1000.000000000000000 ) ;
#1385 = VECTOR ( 'NONE', #713, 1000.000000000000000 ) ;
#1386 = FACE_OUTER_BOUND ( 'NONE', #870, .T. ) ;
#1387 = CARTESIAN_POINT ( 'NONE',  ( 0.000000000000000000, 7.000000000000000000, 4.000000000000000000 ) ) ;
#1388 = ORIENTED_EDGE ( 'NONE', *, *, #537, .T. ) ;
#1389 = CARTESIAN_POINT ( 'NONE',  ( 27.00000000000000000, -16.00000000000000000, 0.000000000000000000 ) ) ;
#1390 = CIRCLE ( 'NONE', #743, 1.100000000000000311 ) ;
#1391 = ORIENTED_EDGE ( 'NONE', *, *, #26, .T. ) ;
#1392 = CARTESIAN_POINT ( 'NONE',  ( 10.95445115010332238, 7.000000000000000000, 0.000000000000000000 ) ) ;
#1393 = CIRCLE ( 'NONE', #1244, 1.099999999999996758 ) ;
#1394 = EDGE_CURVE ( 'NONE', #1032, #611, #31, .T. ) ;
#1395 = ORIENTED_EDGE ( 'NONE', *, *, #1023, .F. ) ;
#1396 = CARTESIAN_POINT ( 'NONE',  ( 27.00000000000000000, 7.000000000000000000, 7.000000000000000000 ) ) ;
#1397 = EDGE_CURVE ( 'NONE', #288, #1100, #923, .T. ) ;
#1398 = ORIENTED_EDGE ( 'NONE', *, *, #1004, .F. ) ;
#1399 = CARTESIAN_POINT ( 'NONE',  ( 6.899999999999999467, 0.000000000000000000, 6.999999999999999112 ) ) ;
#1400 = ORIENTED_EDGE ( 'NONE', *, *, #1328, .T. ) ;
#1401 = PERSON_AND_ORGANIZATION ( #1207, #27 ) ;
#1402 = DIRECTION ( 'NONE',  ( 0.000000000000000000, 0.000000000000000000, -1.000000000000000000 ) ) ;
#1403 = CIRCLE ( 'NONE', #753, 1.100000000000000089 ) ;
#1404 = EDGE_CURVE ( 'NONE', #1347, #651, #1043, .T. ) ;
#1405 = ORIENTED_EDGE ( 'NONE', *, *, #1424, .F. ) ;
#1406 = CARTESIAN_POINT ( 'NONE',  ( -1.100000000000000089, -8.000000000000000000, 4.000000000000000000 ) ) ;
#1407 = ORIENTED_EDGE ( 'NONE', *, *, #588, .T. ) ;
#1408 = CARTESIAN_POINT ( 'NONE',  ( 37.29999999999999716, 18.00000000000000000, 0.000000000000000000 ) ) ;
#1409 = VECTOR ( 'NONE', #1281, 1000.000000000000000 ) ;
#1410 = VERTEX_POINT ( 'NONE', #571 ) ;
#1411 = CARTESIAN_POINT ( 'NONE',  ( 26.00000000000000000, 7.000000000000000000, 4.000000000000000000 ) ) ;
#1412 = EDGE_CURVE ( 'NONE', #1298, #282, #1255, .T. ) ;
#1413 = VERTEX_POINT ( 'NONE', #1396 ) ;
#1414 = VECTOR ( 'NONE', #1283, 1000.000000000000000 ) ;
#1415 = EDGE_CURVE ( 'NONE', #953, #437, #955, .T. ) ;
#1416 = APPROVAL_DATE_TIME ( #151, #105 ) ;
#1417 = LINE ( 'NONE', #1079, #131 ) ;
#1418 = DIRECTION ( 'NONE',  ( 1.000000000000000000, 0.000000000000000000, 0.000000000000000000 ) ) ;
#1419 = ORIENTED_EDGE ( 'NONE', *, *, #930, .F. ) ;
#1420 = DIRECTION ( 'NONE',  ( 0.000000000000000000, -0.000000000000000000, 1.000000000000000000 ) ) ;
#1421 = CARTESIAN_POINT ( 'NONE',  ( -13.00000000000000000, 0.000000000000000000, 4.000000000000000000 ) ) ;
#1422 = ORIENTED_EDGE ( 'NONE', *, *, #841, .F. ) ;
#1423 = LINE ( 'NONE', #502, #1273 ) ;
#1424 = EDGE_CURVE ( 'NONE', #1436, #1285, #1234, .T. ) ;
#1425 = AXIS2_PLACEMENT_3D ( 'NONE', #108, #444, #1008 ) ;
#1426 = CYLINDRICAL_SURFACE ( 'NONE', #147, 1.099999999999996758 ) ;
#1427 = VECTOR ( 'NONE', #819, 1000.000000000000000 ) ;
#1428 = LOCAL_TIME ( 16, 17, 47.00000000000000000, #601 ) ;
#1429 = EDGE_LOOP ( 'NONE', ( #1242, #471, #1291, #1465 ) ) ;
#1430 = CIRCLE ( 'NONE', #125, 1.100000000000000311 ) ;
#1431 = DIRECTION ( 'NONE',  ( 0.000000000000000000, 0.000000000000000000, 1.000000000000000000 ) ) ;
#1432 = CARTESIAN_POINT ( 'NONE',  ( 55.90000000000000568, -13.50000000000000000, 0.000000000000000000 ) ) ;
#1433 = DIRECTION ( 'NONE',  ( -1.000000000000000000, -0.000000000000000000, -0.000000000000000000 ) ) ;
#1434 = CIRCLE ( 'NONE', #698, 1.100000000000003642 ) ;
#1435 = SHAPE_DEFINITION_REPRESENTATION ( #351, #212 ) ;
#1436 = VERTEX_POINT ( 'NONE', #1265 ) ;
#1437 = DIRECTION ( 'NONE',  ( 1.000000000000000000, 0.000000000000000000, -0.000000000000000000 ) ) ;
#1438 = CYLINDRICAL_SURFACE ( 'NONE', #359, 1.100000000000000089 ) ;
#1439 = EDGE_CURVE ( 'NONE', #626, #1194, #1368, .T. ) ;
#1440 = DIRECTION ( 'NONE',  ( -1.000000000000000000, -0.000000000000000000, 0.000000000000000000 ) ) ;
#1441 = EDGE_CURVE ( 'NONE', #398, #197, #996, .T. ) ;
#1442 = EDGE_LOOP ( 'NONE', ( #1062, #504, #413, #898, #666, #1154 ) ) ;
#1443 = AXIS2_PLACEMENT_3D ( 'NONE', #570, #338, #1025 ) ;
#1444 = ORIENTED_EDGE ( 'NONE', *, *, #322, .T. ) ;
#1445 = CARTESIAN_POINT ( 'NONE',  ( 38.60000000000000142, 24.50000000000000000, 0.000000000000000000 ) ) ;
#1446 = CARTESIAN_POINT ( 'NONE',  ( 65.00000000000000000, 18.00000000000000000, 4.000000000000003553 ) ) ;
#1447 = DIRECTION ( 'NONE',  ( -1.000000000000000000, -0.000000000000000000, -0.000000000000000000 ) ) ;
#1448 = VECTOR ( 'NONE', #1239, 1000.000000000000000 ) ;
#1449 = EDGE_LOOP ( 'NONE', ( #1091, #580, #673, #910 ) ) ;
#1450 = VECTOR ( 'NONE', #771, 1000.000000000000000 ) ;
#1451 = EDGE_CURVE ( 'NONE', #45, #398, #364, .T. ) ;
#1452 = EDGE_CURVE ( 'NONE', #1160, #296, #6, .T. ) ;
#1453 = DIRECTION ( 'NONE',  ( 0.000000000000000000, 0.000000000000000000, 1.000000000000000000 ) ) ;
#1454 = DIRECTION ( 'NONE',  ( 0.000000000000000000, 0.000000000000000000, 1.000000000000000000 ) ) ;
#1455 = LINE ( 'NONE', #873, #382 ) ;
#1456 = LINE ( 'NONE', #897, #1024 ) ;
#1457 = ORIENTED_EDGE ( 'NONE', *, *, #1394, .F. ) ;
#1458 = FACE_BOUND ( 'NONE', #1069, .T. ) ;
#1459 = AXIS2_PLACEMENT_3D ( 'NONE', #1057, #291, #1085 ) ;
#1460 = ORIENTED_EDGE ( 'NONE', *, *, #696, .F. ) ;
#1461 = PLANE ( 'NONE',  #408 ) ;
#1462 = LINE ( 'NONE', #441, #1289 ) ;
#1463 = DIRECTION ( 'NONE',  ( -1.000000000000000000, 0.000000000000000000, 0.000000000000000000 ) ) ;
#1464 = FACE_OUTER_BOUND ( 'NONE', #1112, .T. ) ;
#1465 = ORIENTED_EDGE ( 'NONE', *, *, #948, .T. ) ;
#1466 = ORIENTED_EDGE ( 'NONE', *, *, #948, .F. ) ;
#1467 = CARTESIAN_POINT ( 'NONE',  ( 9.099999999999999645, 1.347111479062088503E-16, 0.000000000000000000 ) ) ;
#1468 = APPROVAL ( #510, 'UNSPECIFIED' ) ;
#1469 = ORIENTED_EDGE ( 'NONE', *, *, #708, .F. ) ;
#1470 = CARTESIAN_POINT ( 'NONE',  ( 1.100000000000000089, -8.000000000000000000, 6.999999999999999112 ) ) ;
#1471 = DIRECTION ( 'NONE',  ( 1.000000000000000000, 0.000000000000000000, 0.000000000000000000 ) ) ;
#1472 = VERTEX_POINT ( 'NONE', #153 ) ;
ENDSEC;
END-ISO-10303-21;
