ISO-10303-21;
HEADER;
FILE_DESCRIPTION (( 'STEP AP203' ),
    '1' );
FILE_NAME ('ARM-001_Base_pedestal.step',
    '2026-09-07T21:17:06',
    ( '' ),
    ( '' ),
    'SwSTEP 2.0',
    'SolidWorks 2026',
    '' );
FILE_SCHEMA (( 'CONFIG_CONTROL_DESIGN' ));
ENDSEC;

DATA;
#1 = DIRECTION ( 'NONE',  ( 0.000000000000000000, 0.000000000000000000, -1.000000000000000000 ) ) ;
#2 = AXIS2_PLACEMENT_3D ( 'NONE', #1577, #591, #313 ) ;
#3 = CARTESIAN_POINT ( 'NONE',  ( 70.00000000000000000, 5.000000000000000000, 60.00000000000000000 ) ) ;
#4 = EDGE_CURVE ( 'NONE', #792, #209, #856, .T. ) ;
#5 = CARTESIAN_POINT ( 'NONE',  ( 17.39999999999999858, 30.00000000000000000, 0.000000000000000000 ) ) ;
#6 = DIRECTION ( 'NONE',  ( 0.000000000000000000, -1.000000000000000000, 0.000000000000000000 ) ) ;
#7 = ORIENTED_EDGE ( 'NONE', *, *, #36, .T. ) ;
#8 = DIRECTION ( 'NONE',  ( 0.000000000000000000, 0.000000000000000000, 1.000000000000000000 ) ) ;
#9 = EDGE_LOOP ( 'NONE', ( #577, #1032, #441, #1404 ) ) ;
#10 = CARTESIAN_POINT ( 'NONE',  ( 0.000000000000000000, 63.00000000000000000, -11.09999999999999964 ) ) ;
#11 = AXIS2_PLACEMENT_3D ( 'NONE', #166, #524, #1305 ) ;
#12 = FACE_OUTER_BOUND ( 'NONE', #1516, .T. ) ;
#13 = VERTEX_POINT ( 'NONE', #179 ) ;
#14 = CARTESIAN_POINT ( 'NONE',  ( -21.00000000000000000, 68.00000000000000000, 20.00000000000000000 ) ) ;
#15 = ORIENTED_EDGE ( 'NONE', *, *, #945, .T. ) ;
#16 = ORIENTED_EDGE ( 'NONE', *, *, #1310, .F. ) ;
#17 = CARTESIAN_POINT ( 'NONE',  ( -9.000000000000000000, 30.00000000000000000, 0.000000000000000000 ) ) ;
#18 = DIRECTION ( 'NONE',  ( 0.000000000000000000, 0.000000000000000000, -1.000000000000000000 ) ) ;
#19 = DIRECTION ( 'NONE',  ( 0.000000000000000000, -1.000000000000000000, 0.000000000000000000 ) ) ;
#20 = VECTOR ( 'NONE', #210, 1000.000000000000000 ) ;
#21 = EDGE_CURVE ( 'NONE', #904, #1000, #1329, .T. ) ;
#22 = DIRECTION ( 'NONE',  ( 0.000000000000000000, 0.000000000000000000, -1.000000000000000000 ) ) ;
#23 =( LENGTH_UNIT ( ) NAMED_UNIT ( * ) SI_UNIT ( .MILLI., .METRE. ) );
#24 = ORIENTED_EDGE ( 'NONE', *, *, #518, .F. ) ;
#25 = ORIENTED_EDGE ( 'NONE', *, *, #228, .F. ) ;
#26 = CARTESIAN_POINT ( 'NONE',  ( -6.400000000000000355, 26.00000000000000000, -6.500000000000000000 ) ) ;
#27 = DIRECTION ( 'NONE',  ( 0.000000000000000000, 1.000000000000000000, 0.000000000000000000 ) ) ;
#28 = DIRECTION ( 'NONE',  ( -0.000000000000000000, -0.000000000000000000, -1.000000000000000000 ) ) ;
#29 = VERTEX_POINT ( 'NONE', #804 ) ;
#30 = ORIENTED_EDGE ( 'NONE', *, *, #1054, .F. ) ;
#31 = CIRCLE ( 'NONE', #1278, 11.09999999999999964 ) ;
#32 = VERTEX_POINT ( 'NONE', #284 ) ;
#33 = AXIS2_PLACEMENT_3D ( 'NONE', #95, #985, #747 ) ;
#34 = FACE_OUTER_BOUND ( 'NONE', #671, .T. ) ;
#35 = AXIS2_PLACEMENT_3D ( 'NONE', #1355, #220, #970 ) ;
#36 = EDGE_CURVE ( 'NONE', #831, #13, #675, .T. ) ;
#37 = CARTESIAN_POINT ( 'NONE',  ( 55.00000000000000000, 72.00000000000001421, -42.24999999999999289 ) ) ;
#38 = DIRECTION ( 'NONE',  ( 0.000000000000000000, -1.000000000000000000, 0.000000000000000000 ) ) ;
#39 = DIRECTION ( 'NONE',  ( -0.000000000000000000, -1.000000000000000000, -0.000000000000000000 ) ) ;
#40 = ORIENTED_EDGE ( 'NONE', *, *, #527, .T. ) ;
#41 = CARTESIAN_POINT ( 'NONE',  ( 70.00000000000000000, 5.000000000000000000, 60.00000000000000000 ) ) ;
#42 = PERSON_AND_ORGANIZATION_ROLE ( 'design_owner' ) ;
#43 = VECTOR ( 'NONE', #1606, 1000.000000000000000 ) ;
#44 = ORIENTED_EDGE ( 'NONE', *, *, #1126, .T. ) ;
#45 = ORIENTED_EDGE ( 'NONE', *, *, #1310, .T. ) ;
#46 = CARTESIAN_POINT ( 'NONE',  ( 18.00000000000000000, 43.00000000000000000, -20.00000000000000000 ) ) ;
#47 = FACE_OUTER_BOUND ( 'NONE', #125, .T. ) ;
#48 = LINE ( 'NONE', #1325, #669 ) ;
#49 = DIRECTION ( 'NONE',  ( -0.000000000000000000, 1.000000000000000000, -0.000000000000000000 ) ) ;
#50 = VERTEX_POINT ( 'NONE', #649 ) ;
#51 = AXIS2_PLACEMENT_3D ( 'NONE', #612, #118, #8 ) ;
#52 = VERTEX_POINT ( 'NONE', #154 ) ;
#53 = EDGE_CURVE ( 'NONE', #1022, #1063, #657, .T. ) ;
#54 = CARTESIAN_POINT ( 'NONE',  ( -21.00000000000000000, 5.000000000000000000, 20.00000000000000000 ) ) ;
#55 = EDGE_CURVE ( 'NONE', #1022, #967, #1461, .T. ) ;
#56 = CARTESIAN_POINT ( 'NONE',  ( -9.000000000000000000, 68.00000000000000000, 0.000000000000000000 ) ) ;
#57 = DIRECTION ( 'NONE',  ( 0.000000000000000000, 0.000000000000000000, 1.000000000000000000 ) ) ;
#58 = EDGE_CURVE ( 'NONE', #1217, #1379, #81, .T. ) ;
#59 = EDGE_LOOP ( 'NONE', ( #569, #629, #954, #318 ) ) ;
#60 = AXIS2_PLACEMENT_3D ( 'NONE', #1389, #257, #170 ) ;
#61 = CC_DESIGN_APPROVAL ( #1164, ( #1457 ) ) ;
#62 = VECTOR ( 'NONE', #1352, 1000.000000000000000 ) ;
#63 = FACE_OUTER_BOUND ( 'NONE', #306, .T. ) ;
#64 = ORIENTED_EDGE ( 'NONE', *, *, #1596, .F. ) ;
#65 = LINE ( 'NONE', #1193, #339 ) ;
#66 = APPLICATION_PROTOCOL_DEFINITION ( 'international standard', 'config_control_design', 1994, #1560 ) ;
#67 = EDGE_CURVE ( 'NONE', #831, #108, #1306, .T. ) ;
#68 = VERTEX_POINT ( 'NONE', #1156 ) ;
#69 = VECTOR ( 'NONE', #1254, 1000.000000000000000 ) ;
#70 = DIRECTION ( 'NONE',  ( 0.000000000000000000, 0.000000000000000000, -1.000000000000000000 ) ) ;
#71 = ORIENTED_EDGE ( 'NONE', *, *, #854, .F. ) ;
#72 = DIRECTION ( 'NONE',  ( 0.000000000000000000, 1.000000000000000000, 0.000000000000000000 ) ) ;
#73 = ADVANCED_FACE ( 'NONE', ( #1427 ), #1319, .F. ) ;
#74 = PERSON_AND_ORGANIZATION ( #270, #852 ) ;
#75 = ORIENTED_EDGE ( 'NONE', *, *, #1476, .F. ) ;
#76 = FACE_BOUND ( 'NONE', #517, .T. ) ;
#77 = DIRECTION ( 'NONE',  ( 0.000000000000000000, -1.000000000000000000, 0.000000000000000000 ) ) ;
#78 = VERTEX_POINT ( 'NONE', #553 ) ;
#79 = CARTESIAN_POINT ( 'NONE',  ( -21.00000000000000000, 68.00000000000000000, -20.00000000000000000 ) ) ;
#80 = EDGE_LOOP ( 'NONE', ( #1121, #1626, #1392, #1246 ) ) ;
#81 = CIRCLE ( 'NONE', #448, 2.750000000000002665 ) ;
#82 = CARTESIAN_POINT ( 'NONE',  ( 2.204364238465235428E-15, 72.00000000000001421, 18.00000000000000000 ) ) ;
#83 = AXIS2_PLACEMENT_3D ( 'NONE', #1485, #1237, #353 ) ;
#84 = DIRECTION ( 'NONE',  ( 0.000000000000000000, 1.000000000000000000, 0.000000000000000000 ) ) ;
#85 = EDGE_CURVE ( 'NONE', #701, #1123, #665, .T. ) ;
#86 = EDGE_LOOP ( 'NONE', ( #661, #1159, #1185, #24 ) ) ;
#87 = CARTESIAN_POINT ( 'NONE',  ( -35.00000000000000000, 39.00000000000000000, -20.00000000000000000 ) ) ;
#88 = CARTESIAN_POINT ( 'NONE',  ( 17.39999999999999858, 68.00000000000000000, -6.500000000000000000 ) ) ;
#89 = VERTEX_POINT ( 'NONE', #1065 ) ;
#90 = CARTESIAN_POINT ( 'NONE',  ( -35.00000000000000000, 26.00000000000000000, -12.00000000000000000 ) ) ;
#91 = EDGE_CURVE ( 'NONE', #1637, #300, #1153, .T. ) ;
#92 = VERTEX_POINT ( 'NONE', #744 ) ;
#93 = CARTESIAN_POINT ( 'NONE',  ( 0.000000000000000000, 39.00000000000000000, 0.000000000000000000 ) ) ;
#94 = DIRECTION ( 'NONE',  ( 0.000000000000000000, 0.000000000000000000, -1.000000000000000000 ) ) ;
#95 = CARTESIAN_POINT ( 'NONE',  ( -6.400000000000000355, 68.00000000000000000, 6.500000000000000000 ) ) ;
#96 = ORIENTED_EDGE ( 'NONE', *, *, #1579, .T. ) ;
#97 = CIRCLE ( 'NONE', #519, 1.300000000000000044 ) ;
#98 = EDGE_CURVE ( 'NONE', #29, #862, #876, .T. ) ;
#99 = CARTESIAN_POINT ( 'NONE',  ( 1.359357947053562156E-15, 48.00000000000000000, 11.09999999999999964 ) ) ;
#100 = ORIENTED_EDGE ( 'NONE', *, *, #1452, .T. ) ;
#101 = EDGE_CURVE ( 'NONE', #280, #1364, #250, .T. ) ;
#102 = DIRECTION ( 'NONE',  ( -0.000000000000000000, 1.000000000000000000, -0.000000000000000000 ) ) ;
#103 = PERSON_AND_ORGANIZATION ( #270, #852 ) ;
#104 = AXIS2_PLACEMENT_3D ( 'NONE', #1598, #77, #600 ) ;
#105 = DIRECTION ( 'NONE',  ( 0.000000000000000000, -1.000000000000000000, 0.000000000000000000 ) ) ;
#106 = CC_DESIGN_PERSON_AND_ORGANIZATION_ASSIGNMENT ( #1071, #42, ( #1242 ) ) ;
#107 = CARTESIAN_POINT ( 'NONE',  ( 55.00000000000000000, 5.000000000000004441, 45.00000000000000000 ) ) ;
#108 = VERTEX_POINT ( 'NONE', #721 ) ;
#109 = CARTESIAN_POINT ( 'NONE',  ( -55.00000000000000000, 72.00000000000001421, 45.00000000000000000 ) ) ;
#110 = VECTOR ( 'NONE', #1357, 1000.000000000000000 ) ;
#111 = ORIENTED_EDGE ( 'NONE', *, *, #241, .F. ) ;
#112 = LOCAL_TIME ( 16, 17, 6.000000000000000000, #1343 ) ;
#113 = VECTOR ( 'NONE', #742, 1000.000000000000000 ) ;
#114 = LINE ( 'NONE', #1396, #880 ) ;
#115 = VECTOR ( 'NONE', #468, 1000.000000000000000 ) ;
#116 = DIRECTION ( 'NONE',  ( 0.000000000000000000, -1.000000000000000000, 0.000000000000000000 ) ) ;
#117 = ORIENTED_EDGE ( 'NONE', *, *, #1107, .F. ) ;
#118 = DIRECTION ( 'NONE',  ( 0.000000000000000000, 1.000000000000000000, 0.000000000000000000 ) ) ;
#119 = CIRCLE ( 'NONE', #11, 11.09999999999999964 ) ;
#120 = EDGE_LOOP ( 'NONE', ( #1251, #15, #879, #204 ) ) ;
#121 = CARTESIAN_POINT ( 'NONE',  ( -35.00000000000000000, 5.000000000000000000, -20.00000000000000000 ) ) ;
#122 = EDGE_CURVE ( 'NONE', #1194, #792, #1231, .T. ) ;
#123 = CARTESIAN_POINT ( 'NONE',  ( 0.000000000000000000, 0.000000000000000000, 0.000000000000000000 ) ) ;
#124 = CARTESIAN_POINT ( 'NONE',  ( 0.000000000000000000, 48.00000000000000000, 0.000000000000000000 ) ) ;
#125 = EDGE_LOOP ( 'NONE', ( #1460, #572, #1290, #1335 ) ) ;
#126 = VECTOR ( 'NONE', #366, 1000.000000000000000 ) ;
#127 = FACE_OUTER_BOUND ( 'NONE', #1044, .T. ) ;
#128 = EDGE_CURVE ( 'NONE', #1308, #68, #393, .T. ) ;
#129 = VERTEX_POINT ( 'NONE', #299 ) ;
#130 = CARTESIAN_POINT ( 'NONE',  ( 20.00000000000000000, 30.00000000000000000, 0.000000000000000000 ) ) ;
#131 = LINE ( 'NONE', #793, #1584 ) ;
#132 = DIRECTION ( 'NONE',  ( -0.000000000000000000, -0.000000000000000000, -1.000000000000000000 ) ) ;
#133 = ORIENTED_EDGE ( 'NONE', *, *, #1241, .F. ) ;
#134 = LINE ( 'NONE', #620, #1454 ) ;
#135 = ORIENTED_EDGE ( 'NONE', *, *, #815, .F. ) ;
#136 = EDGE_CURVE ( 'NONE', #922, #1152, #837, .T. ) ;
#137 = CARTESIAN_POINT ( 'NONE',  ( 0.000000000000000000, 72.00000000000001421, 0.000000000000000000 ) ) ;
#138 = CARTESIAN_POINT ( 'NONE',  ( -21.00000000000000000, 5.000000000000000000, -20.00000000000000000 ) ) ;
#139 = CIRCLE ( 'NONE', #432, 1.299999999999999156 ) ;
#140 = CARTESIAN_POINT ( 'NONE',  ( -35.00000000000000000, 43.00000000000000000, 20.00000000000000000 ) ) ;
#141 = VECTOR ( 'NONE', #1632, 1000.000000000000000 ) ;
#142 = DIRECTION ( 'NONE',  ( 0.000000000000000000, -1.000000000000000000, 0.000000000000000000 ) ) ;
#143 = ORIENTED_EDGE ( 'NONE', *, *, #232, .T. ) ;
#144 = ORIENTED_EDGE ( 'NONE', *, *, #1087, .T. ) ;
#145 = FACE_OUTER_BOUND ( 'NONE', #329, .T. ) ;
#146 = LINE ( 'NONE', #296, #1141 ) ;
#147 = DIRECTION ( 'NONE',  ( 0.000000000000000000, 0.000000000000000000, 1.000000000000000000 ) ) ;
#148 = VECTOR ( 'NONE', #72, 1000.000000000000000 ) ;
#149 = ORIENTED_EDGE ( 'NONE', *, *, #399, .F. ) ;
#150 = DIRECTION ( 'NONE',  ( 0.000000000000000000, 0.000000000000000000, -1.000000000000000000 ) ) ;
#151 = CARTESIAN_POINT ( 'NONE',  ( 0.000000000000000000, 68.00000000000000000, 0.000000000000000000 ) ) ;
#152 = ORIENTED_EDGE ( 'NONE', *, *, #582, .F. ) ;
#153 = CARTESIAN_POINT ( 'NONE',  ( -70.00000000000000000, 5.000000000000000000, 60.00000000000000000 ) ) ;
#154 = CARTESIAN_POINT ( 'NONE',  ( 25.00000000000000000, 30.00000000000000000, 12.00000000000000000 ) ) ;
#155 = CARTESIAN_POINT ( 'NONE',  ( 20.00000000000000000, 68.00000000000000000, 0.000000000000000000 ) ) ;
#156 = LINE ( 'NONE', #918, #1463 ) ;
#157 = VECTOR ( 'NONE', #803, 1000.000000000000000 ) ;
#158 = DIRECTION ( 'NONE',  ( -1.000000000000000000, 0.000000000000000000, 0.000000000000000000 ) ) ;
#159 = PLANE ( 'NONE',  #724 ) ;
#160 = EDGE_LOOP ( 'NONE', ( #1608, #1338, #117, #1574, #1479 ) ) ;
#161 = EDGE_CURVE ( 'NONE', #50, #498, #119, .T. ) ;
#162 = CARTESIAN_POINT ( 'NONE',  ( 0.000000000000000000, 72.00000000000001421, -18.00000000000000000 ) ) ;
#163 = FACE_OUTER_BOUND ( 'NONE', #478, .T. ) ;
#164 = DIRECTION ( 'NONE',  ( 1.000000000000000000, 0.000000000000000000, 0.000000000000000000 ) ) ;
#165 = VERTEX_POINT ( 'NONE', #643 ) ;
#166 = CARTESIAN_POINT ( 'NONE',  ( 0.000000000000000000, 63.00000000000000000, 0.000000000000000000 ) ) ;
#167 = ORIENTED_EDGE ( 'NONE', *, *, #715, .T. ) ;
#168 = APPROVAL_PERSON_ORGANIZATION ( #223, #1484, #1115 ) ;
#169 = LINE ( 'NONE', #1291, #157 ) ;
#170 = DIRECTION ( 'NONE',  ( 0.000000000000000000, -0.000000000000000000, 1.000000000000000000 ) ) ;
#171 = CARTESIAN_POINT ( 'NONE',  ( -9.000000000000000000, 68.00000000000000000, 1.300000000000000044 ) ) ;
#172 = ORIENTED_EDGE ( 'NONE', *, *, #387, .T. ) ;
#173 = FACE_BOUND ( 'NONE', #1361, .T. ) ;
#174 = EDGE_LOOP ( 'NONE', ( #678, #1341, #1388, #936 ) ) ;
#175 = CALENDAR_DATE ( 2026, 7, 9 ) ;
#176 = EDGE_CURVE ( 'NONE', #1105, #1423, #892, .T. ) ;
#177 = VERTEX_POINT ( 'NONE', #920 ) ;
#178 = EDGE_CURVE ( 'NONE', #926, #874, #1047, .T. ) ;
#179 = CARTESIAN_POINT ( 'NONE',  ( 55.00000000000000000, 0.000000000000000000, -42.24999999999999289 ) ) ;
#180 = CARTESIAN_POINT ( 'NONE',  ( 55.00000000000000000, 0.000000000000000000, 45.00000000000000000 ) ) ;
#181 = EDGE_CURVE ( 'NONE', #334, #185, #413, .T. ) ;
#182 = ORIENTED_EDGE ( 'NONE', *, *, #1640, .F. ) ;
#183 = CARTESIAN_POINT ( 'NONE',  ( 17.39999999999999858, 30.00000000000000000, -6.500000000000000000 ) ) ;
#184 = AXIS2_PLACEMENT_3D ( 'NONE', #864, #262, #1122 ) ;
#185 = VERTEX_POINT ( 'NONE', #1170 ) ;
#186 = DIRECTION ( 'NONE',  ( -0.000000000000000000, -1.000000000000000000, -0.000000000000000000 ) ) ;
#187 = EDGE_CURVE ( 'NONE', #192, #938, #1277, .T. ) ;
#188 = ORIENTED_EDGE ( 'NONE', *, *, #1596, .T. ) ;
#189 = CARTESIAN_POINT ( 'NONE',  ( 0.000000000000000000, 63.00000000000000000, 0.000000000000000000 ) ) ;
#190 = CC_DESIGN_PERSON_AND_ORGANIZATION_ASSIGNMENT ( #206, #868, ( #1547 ) ) ;
#191 = PERSON_AND_ORGANIZATION ( #270, #852 ) ;
#192 = VERTEX_POINT ( 'NONE', #41 ) ;
#193 = AXIS2_PLACEMENT_3D ( 'NONE', #866, #102, #1114 ) ;
#194 = VECTOR ( 'NONE', #304, 1000.000000000000000 ) ;
#195 = VECTOR ( 'NONE', #1524, 1000.000000000000000 ) ;
#196 = EDGE_CURVE ( 'NONE', #574, #769, #992, .T. ) ;
#197 = CARTESIAN_POINT ( 'NONE',  ( 0.000000000000000000, 72.00000000000001421, 0.000000000000000000 ) ) ;
#198 = ORIENTED_EDGE ( 'NONE', *, *, #1204, .T. ) ;
#199 = CARTESIAN_POINT ( 'NONE',  ( -70.00000000000000000, 5.000000000000000000, 60.00000000000000000 ) ) ;
#200 = ORIENTED_EDGE ( 'NONE', *, *, #423, .T. ) ;
#201 = DIRECTION ( 'NONE',  ( 0.000000000000000000, -1.000000000000000000, 0.000000000000000000 ) ) ;
#202 = AXIS2_PLACEMENT_3D ( 'NONE', #54, #295, #797 ) ;
#203 = LINE ( 'NONE', #272, #126 ) ;
#204 = ORIENTED_EDGE ( 'NONE', *, *, #903, .F. ) ;
#205 = CARTESIAN_POINT ( 'NONE',  ( 0.000000000000000000, 55.00000000000000000, 0.000000000000000000 ) ) ;
#206 = PERSON_AND_ORGANIZATION ( #270, #852 ) ;
#207 = DIRECTION ( 'NONE',  ( -0.000000000000000000, 1.000000000000000000, -0.000000000000000000 ) ) ;
#208 = VECTOR ( 'NONE', #116, 1000.000000000000000 ) ;
#209 = VERTEX_POINT ( 'NONE', #652 ) ;
#210 = DIRECTION ( 'NONE',  ( -0.000000000000000000, -0.000000000000000000, -1.000000000000000000 ) ) ;
#211 = ADVANCED_FACE ( 'NONE', ( #12 ), #1409, .T. ) ;
#212 = CARTESIAN_POINT ( 'NONE',  ( 0.000000000000000000, 26.00000000000000000, -6.500000000000000000 ) ) ;
#213 = ORIENTED_EDGE ( 'NONE', *, *, #101, .T. ) ;
#214 = DIRECTION ( 'NONE',  ( 0.000000000000000000, 0.000000000000000000, -1.000000000000000000 ) ) ;
#215 = DATE_AND_TIME ( #1099, #696 ) ;
#216 = LINE ( 'NONE', #714, #611 ) ;
#217 = CIRCLE ( 'NONE', #778, 2.750000000000002665 ) ;
#218 = VECTOR ( 'NONE', #667, 1000.000000000000000 ) ;
#219 = AXIS2_PLACEMENT_3D ( 'NONE', #123, #624, #1133 ) ;
#220 = DIRECTION ( 'NONE',  ( -0.000000000000000000, 1.000000000000000000, -0.000000000000000000 ) ) ;
#221 = ORIENTED_EDGE ( 'NONE', *, *, #1509, .F. ) ;
#222 = LINE ( 'NONE', #741, #429 ) ;
#223 = PERSON_AND_ORGANIZATION ( #270, #852 ) ;
#224 = CARTESIAN_POINT ( 'NONE',  ( -55.00000000000000000, 72.00000000000001421, 47.75000000000000000 ) ) ;
#225 = EDGE_CURVE ( 'NONE', #1379, #1217, #227, .T. ) ;
#226 = ORIENTED_EDGE ( 'NONE', *, *, #1472, .F. ) ;
#227 = CIRCLE ( 'NONE', #964, 2.750000000000002665 ) ;
#228 = EDGE_CURVE ( 'NONE', #1163, #574, #567, .T. ) ;
#229 = CARTESIAN_POINT ( 'NONE',  ( -55.00000000000000000, 5.000000000000004441, 47.75000000000000000 ) ) ;
#230 = ORIENTED_EDGE ( 'NONE', *, *, #1402, .F. ) ;
#231 = PLANE ( 'NONE',  #980 ) ;
#232 = EDGE_CURVE ( 'NONE', #904, #300, #1270, .T. ) ;
#233 = COORDINATED_UNIVERSAL_TIME_OFFSET ( 6, 0, .BEHIND. ) ;
#234 = LINE ( 'NONE', #1499, #1440 ) ;
#235 = ORIENTED_EDGE ( 'NONE', *, *, #659, .T. ) ;
#236 = AXIS2_PLACEMENT_3D ( 'NONE', #1266, #1405, #779 ) ;
#237 = CARTESIAN_POINT ( 'NONE',  ( 18.00000000000000000, 39.00000000000000000, -20.00000000000000000 ) ) ;
#238 = VERTEX_POINT ( 'NONE', #289 ) ;
#239 = FACE_OUTER_BOUND ( 'NONE', #1272, .T. ) ;
#240 = CARTESIAN_POINT ( 'NONE',  ( 25.00000000000000000, 30.00000000000000000, 12.00000000000000000 ) ) ;
#241 = EDGE_CURVE ( 'NONE', #1082, #185, #131, .T. ) ;
#242 = CARTESIAN_POINT ( 'NONE',  ( 0.000000000000000000, 47.99999999999999289, 0.000000000000000000 ) ) ;
#243 = CARTESIAN_POINT ( 'NONE',  ( 0.000000000000000000, 47.99999999999999289, -18.00000000000000000 ) ) ;
#244 = ORIENTED_EDGE ( 'NONE', *, *, #1079, .F. ) ;
#245 = DIRECTION ( 'NONE',  ( 1.000000000000000000, 0.000000000000000000, 0.000000000000000000 ) ) ;
#246 = EDGE_LOOP ( 'NONE', ( #663, #823, #16, #133 ) ) ;
#247 = ADVANCED_FACE ( 'NONE', ( #632 ), #1139, .F. ) ;
#248 = CARTESIAN_POINT ( 'NONE',  ( 0.000000000000000000, 0.000000000000000000, 20.00000000000000000 ) ) ;
#249 = CC_DESIGN_APPROVAL ( #1484, ( #1547 ) ) ;
#250 = LINE ( 'NONE', #756, #485 ) ;
#251 = FACE_BOUND ( 'NONE', #668, .T. ) ;
#252 = ORIENTED_EDGE ( 'NONE', *, *, #1191, .T. ) ;
#253 = ADVANCED_FACE ( 'NONE', ( #702 ), #1222, .F. ) ;
#254 = CYLINDRICAL_SURFACE ( 'NONE', #818, 2.750000000000002665 ) ;
#255 = CIRCLE ( 'NONE', #1629, 11.09999999999999964 ) ;
#256 = EDGE_LOOP ( 'NONE', ( #752, #1536, #787, #1264 ) ) ;
#257 = DIRECTION ( 'NONE',  ( 0.000000000000000000, 1.000000000000000000, 0.000000000000000000 ) ) ;
#258 = CARTESIAN_POINT ( 'NONE',  ( 0.000000000000000000, 0.000000000000000000, -20.00000000000000000 ) ) ;
#259 = LINE ( 'NONE', #1014, #1069 ) ;
#260 = EDGE_LOOP ( 'NONE', ( #1545, #1474 ) ) ;
#261 = CIRCLE ( 'NONE', #1196, 2.750000000000002665 ) ;
#262 = DIRECTION ( 'NONE',  ( 0.000000000000000000, 0.000000000000000000, -1.000000000000000000 ) ) ;
#263 = VERTEX_POINT ( 'NONE', #307 ) ;
#264 = CARTESIAN_POINT ( 'NONE',  ( 0.000000000000000000, 55.00000000000000000, 0.000000000000000000 ) ) ;
#265 = DIRECTION ( 'NONE',  ( 0.000000000000000000, 0.000000000000000000, -1.000000000000000000 ) ) ;
#266 = DIRECTION ( 'NONE',  ( 0.000000000000000000, -1.000000000000000000, 0.000000000000000000 ) ) ;
#267 = CARTESIAN_POINT ( 'NONE',  ( -21.00000000000000355, 30.00000000000000000, -12.00000000000000000 ) ) ;
#268 = FACE_OUTER_BOUND ( 'NONE', #971, .T. ) ;
#269 = VERTEX_POINT ( 'NONE', #566 ) ;
#270 = PERSON ( 'UNSPECIFIED', 'UNSPECIFIED', 'UNSPECIFIED', ('UNSPECIFIED'), ('UNSPECIFIED'), ('UNSPECIFIED') ) ;
#271 = EDGE_CURVE ( 'NONE', #967, #1022, #255, .T. ) ;
#272 = CARTESIAN_POINT ( 'NONE',  ( 18.00000000000000000, 43.00000000000000000, 20.00000000000000000 ) ) ;
#273 = CARTESIAN_POINT ( 'NONE',  ( -55.00000000000000000, 0.000000000000000000, 45.00000000000000000 ) ) ;
#274 = DIRECTION ( 'NONE',  ( -0.000000000000000000, -1.000000000000000000, -0.000000000000000000 ) ) ;
#275 = DIRECTION ( 'NONE',  ( 0.000000000000000000, 1.000000000000000000, 0.000000000000000000 ) ) ;
#276 = VECTOR ( 'NONE', #861, 1000.000000000000000 ) ;
#277 = DIRECTION ( 'NONE',  ( 0.000000000000000000, 0.000000000000000000, -1.000000000000000000 ) ) ;
#278 = VECTOR ( 'NONE', #1172, 1000.000000000000000 ) ;
#279 = DIRECTION ( 'NONE',  ( 0.000000000000000000, 0.000000000000000000, 1.000000000000000000 ) ) ;
#280 = VERTEX_POINT ( 'NONE', #183 ) ;
#281 = ADVANCED_FACE ( 'NONE', ( #437, #1059 ), #442, .F. ) ;
#282 = ADVANCED_FACE ( 'NONE', ( #1572 ), #1078, .F. ) ;
#283 = LINE ( 'NONE', #153, #1269 ) ;
#284 = CARTESIAN_POINT ( 'NONE',  ( 55.00000000000000000, 0.000000000000000000, 42.24999999999999289 ) ) ;
#285 = FACE_BOUND ( 'NONE', #546, .T. ) ;
#286 = FACE_OUTER_BOUND ( 'NONE', #86, .T. ) ;
#287 = CIRCLE ( 'NONE', #1238, 1.299999999999999156 ) ;
#288 = ORIENTED_EDGE ( 'NONE', *, *, #98, .T. ) ;
#289 = CARTESIAN_POINT ( 'NONE',  ( 1.714505518806294638E-15, 39.00000000000000000, 14.00000000000000000 ) ) ;
#290 = CC_DESIGN_DATE_AND_TIME_ASSIGNMENT ( #704, #1216, ( #1457 ) ) ;
#291 = DIRECTION ( 'NONE',  ( 0.000000000000000000, 0.000000000000000000, 1.000000000000000000 ) ) ;
#292 = ORIENTED_EDGE ( 'NONE', *, *, #181, .T. ) ;
#293 = ORIENTED_EDGE ( 'NONE', *, *, #1057, .T. ) ;
#294 = DIRECTION ( 'NONE',  ( 0.000000000000000000, 0.000000000000000000, -1.000000000000000000 ) ) ;
#295 = DIRECTION ( 'NONE',  ( -1.000000000000000000, 0.000000000000000000, 0.000000000000000000 ) ) ;
#296 = CARTESIAN_POINT ( 'NONE',  ( 0.000000000000000000, 68.00000000000000000, -14.00000000000000000 ) ) ;
#297 = CARTESIAN_POINT ( 'NONE',  ( 0.000000000000000000, 47.99999999999999289, -14.00000000000000000 ) ) ;
#298 = ORIENTED_EDGE ( 'NONE', *, *, #564, .T. ) ;
#299 = CARTESIAN_POINT ( 'NONE',  ( 20.00000000000000000, 25.99999999999999645, -1.299999999999999156 ) ) ;
#300 = VERTEX_POINT ( 'NONE', #1200 ) ;
#301 = EDGE_LOOP ( 'NONE', ( #738, #1195, #152, #989 ) ) ;
#302 = DIRECTION ( 'NONE',  ( 0.000000000000000000, 0.000000000000000000, -1.000000000000000000 ) ) ;
#303 = DIRECTION ( 'NONE',  ( 0.000000000000000000, 0.000000000000000000, -1.000000000000000000 ) ) ;
#304 = DIRECTION ( 'NONE',  ( -0.000000000000000000, 0.000000000000000000, 1.000000000000000000 ) ) ;
#305 = EDGE_CURVE ( 'NONE', #1526, #574, #65, .T. ) ;
#306 = EDGE_LOOP ( 'NONE', ( #472, #412, #1017, #646 ) ) ;
#307 = CARTESIAN_POINT ( 'NONE',  ( -9.000000000000000000, 25.99999999999999645, -1.300000000000000044 ) ) ;
#308 = AXIS2_PLACEMENT_3D ( 'NONE', #1480, #849, #214 ) ;
#309 = ORIENTED_EDGE ( 'NONE', *, *, #36, .F. ) ;
#310 = ADVANCED_FACE ( 'NONE', ( #1215 ), #935, .T. ) ;
#311 = DIRECTION ( 'NONE',  ( -0.000000000000000000, -1.000000000000000000, -0.000000000000000000 ) ) ;
#312 = DIRECTION ( 'NONE',  ( -0.000000000000000000, 1.000000000000000000, -0.000000000000000000 ) ) ;
#313 = DIRECTION ( 'NONE',  ( -1.000000000000000000, 0.000000000000000000, -0.000000000000000000 ) ) ;
#314 = CARTESIAN_POINT ( 'NONE',  ( 0.000000000000000000, 72.00000000000001421, -11.09999999999999964 ) ) ;
#315 = DIRECTION ( 'NONE',  ( 0.000000000000000000, 0.000000000000000000, 1.000000000000000000 ) ) ;
#316 = AXIS2_PLACEMENT_3D ( 'NONE', #578, #550, #679 ) ;
#317 = ORIENTED_EDGE ( 'NONE', *, *, #1544, .T. ) ;
#318 = ORIENTED_EDGE ( 'NONE', *, *, #1509, .T. ) ;
#319 = CARTESIAN_POINT ( 'NONE',  ( 0.000000000000000000, 72.00000000000001421, -11.09999999999999964 ) ) ;
#320 = ORIENTED_EDGE ( 'NONE', *, *, #937, .F. ) ;
#321 = CARTESIAN_POINT ( 'NONE',  ( -21.00000000000000000, 5.000000000000000000, -20.00000000000000000 ) ) ;
#322 = AXIS2_PLACEMENT_3D ( 'NONE', #1055, #1569, #914 ) ;
#323 = ORIENTED_EDGE ( 'NONE', *, *, #365, .F. ) ;
#324 = ADVANCED_FACE ( 'NONE', ( #1445 ), #710, .F. ) ;
#325 = LINE ( 'NONE', #345, #961 ) ;
#326 = ORIENTED_EDGE ( 'NONE', *, *, #1037, .T. ) ;
#327 = DIRECTION ( 'NONE',  ( -1.000000000000000000, 0.000000000000000000, -0.000000000000000000 ) ) ;
#328 = PERSON_AND_ORGANIZATION ( #270, #852 ) ;
#329 = EDGE_LOOP ( 'NONE', ( #1134, #1605, #25, #826, #1154, #865, #607, #708 ) ) ;
#330 = AXIS2_PLACEMENT_3D ( 'NONE', #137, #1275, #1158 ) ;
#331 = AXIS2_PLACEMENT_3D ( 'NONE', #435, #1320, #1312 ) ;
#332 = VECTOR ( 'NONE', #132, 1000.000000000000000 ) ;
#333 = CARTESIAN_POINT ( 'NONE',  ( -9.000000000000000000, 30.00000000000000000, 0.000000000000000000 ) ) ;
#334 = VERTEX_POINT ( 'NONE', #79 ) ;
#335 = DIRECTION ( 'NONE',  ( -1.000000000000000000, 0.000000000000000000, 0.000000000000000000 ) ) ;
#336 = EDGE_CURVE ( 'NONE', #68, #769, #1322, .T. ) ;
#337 = ORIENTED_EDGE ( 'NONE', *, *, #1406, .T. ) ;
#338 = FACE_BOUND ( 'NONE', #463, .T. ) ;
#339 = VECTOR ( 'NONE', #687, 1000.000000000000000 ) ;
#340 = DIRECTION ( 'NONE',  ( -0.000000000000000000, -1.000000000000000000, -0.000000000000000000 ) ) ;
#341 = ORIENTED_EDGE ( 'NONE', *, *, #810, .F. ) ;
#342 = AXIS2_PLACEMENT_3D ( 'NONE', #906, #1311, #1426 ) ;
#343 = CARTESIAN_POINT ( 'NONE',  ( -55.00000000000000000, 72.00000000000001421, -47.75000000000000000 ) ) ;
#344 = DIRECTION ( 'NONE',  ( 1.000000000000000000, 0.000000000000000000, 0.000000000000000000 ) ) ;
#345 = CARTESIAN_POINT ( 'NONE',  ( -70.00000000000000000, 5.000000000000000000, -60.00000000000000000 ) ) ;
#346 = EDGE_LOOP ( 'NONE', ( #436, #1207, #841, #1630 ) ) ;
#347 = EDGE_CURVE ( 'NONE', #769, #1163, #1261, .T. ) ;
#348 = EDGE_CURVE ( 'NONE', #498, #50, #459, .T. ) ;
#349 = LINE ( 'NONE', #525, #195 ) ;
#350 = ORIENTED_EDGE ( 'NONE', *, *, #1436, .F. ) ;
#351 = VECTOR ( 'NONE', #899, 1000.000000000000000 ) ;
#352 = EDGE_CURVE ( 'NONE', #1450, #1105, #287, .T. ) ;
#353 = DIRECTION ( 'NONE',  ( 0.000000000000000000, -0.000000000000000000, -1.000000000000000000 ) ) ;
#354 = EDGE_LOOP ( 'NONE', ( #545, #1386 ) ) ;
#355 = CYLINDRICAL_SURFACE ( 'NONE', #1635, 18.00000000000000000 ) ;
#356 = ORIENTED_EDGE ( 'NONE', *, *, #1503, .T. ) ;
#357 = VECTOR ( 'NONE', #1593, 1000.000000000000000 ) ;
#358 = EDGE_CURVE ( 'NONE', #809, #1063, #1448, .T. ) ;
#359 = DIRECTION ( 'NONE',  ( 0.000000000000000000, 0.000000000000000000, 1.000000000000000000 ) ) ;
#360 = ORIENTED_EDGE ( 'NONE', *, *, #966, .T. ) ;
#361 = PERSON_AND_ORGANIZATION_ROLE ( 'design_supplier' ) ;
#362 = CARTESIAN_POINT ( 'NONE',  ( -70.00000000000000000, 5.000000000000000000, 60.00000000000000000 ) ) ;
#363 = CARTESIAN_POINT ( 'NONE',  ( 0.000000000000000000, 5.000000000000000000, 0.000000000000000000 ) ) ;
#364 = ORIENTED_EDGE ( 'NONE', *, *, #810, .T. ) ;
#365 = EDGE_CURVE ( 'NONE', #165, #938, #1336, .T. ) ;
#366 = DIRECTION ( 'NONE',  ( 0.000000000000000000, 0.000000000000000000, -1.000000000000000000 ) ) ;
#367 = EDGE_CURVE ( 'NONE', #821, #334, #1600, .T. ) ;
#368 = ORIENTED_EDGE ( 'NONE', *, *, #98, .F. ) ;
#369 = DIRECTION ( 'NONE',  ( 0.000000000000000000, -1.000000000000000000, 0.000000000000000000 ) ) ;
#370 = PLANE ( 'NONE',  #1203 ) ;
#371 = ORIENTED_EDGE ( 'NONE', *, *, #981, .T. ) ;
#372 = AXIS2_PLACEMENT_3D ( 'NONE', #333, #1456, #1362 ) ;
#373 = DIRECTION ( 'NONE',  ( 0.000000000000000000, 1.000000000000000000, 0.000000000000000000 ) ) ;
#374 = ORIENTED_EDGE ( 'NONE', *, *, #768, .F. ) ;
#375 = LINE ( 'NONE', #898, #1034 ) ;
#376 = AXIS2_PLACEMENT_3D ( 'NONE', #1253, #1124, #1631 ) ;
#377 = CARTESIAN_POINT ( 'NONE',  ( 0.000000000000000000, 63.00000000000000000, 0.000000000000000000 ) ) ;
#378 = AXIS2_PLACEMENT_3D ( 'NONE', #1478, #1096, #70 ) ;
#379 = CARTESIAN_POINT ( 'NONE',  ( 0.000000000000000000, 63.00000000000000000, -9.000000000000000000 ) ) ;
#380 = ADVANCED_FACE ( 'NONE', ( #808, #1466, #173, #573, #1314 ), #488, .T. ) ;
#381 = ORIENTED_EDGE ( 'NONE', *, *, #1160, .T. ) ;
#382 = VERTEX_POINT ( 'NONE', #1612 ) ;
#383 = CARTESIAN_POINT ( 'NONE',  ( -21.00000000000000000, 43.00000000000000000, 20.00000000000000000 ) ) ;
#384 = FACE_OUTER_BOUND ( 'NONE', #552, .T. ) ;
#385 = ORIENTED_EDGE ( 'NONE', *, *, #644, .F. ) ;
#386 = CARTESIAN_POINT ( 'NONE',  ( 0.000000000000000000, 72.00000000000001421, 0.000000000000000000 ) ) ;
#387 = EDGE_CURVE ( 'NONE', #1611, #177, #1373, .T. ) ;
#388 = LINE ( 'NONE', #243, #276 ) ;
#389 = ORIENTED_EDGE ( 'NONE', *, *, #461, .F. ) ;
#390 = FACE_OUTER_BOUND ( 'NONE', #503, .T. ) ;
#391 = DIRECTION ( 'NONE',  ( 0.000000000000000000, 1.000000000000000000, 0.000000000000000000 ) ) ;
#392 = CARTESIAN_POINT ( 'NONE',  ( 20.00000000000000000, 25.99999999999999645, 0.000000000000000000 ) ) ;
#393 = LINE ( 'NONE', #140, #618 ) ;
#394 = EDGE_CURVE ( 'NONE', #1211, #238, #1331, .T. ) ;
#395 = ORIENTED_EDGE ( 'NONE', *, *, #67, .F. ) ;
#396 = ADVANCED_FACE ( 'NONE', ( #973 ), #1380, .F. ) ;
#397 = ORIENTED_EDGE ( 'NONE', *, *, #1046, .T. ) ;
#398 = PLANE ( 'NONE',  #895 ) ;
#399 = EDGE_CURVE ( 'NONE', #1123, #853, #465, .T. ) ;
#400 = LINE ( 'NONE', #1027, #1462 ) ;
#401 = LINE ( 'NONE', #240, #113 ) ;
#402 = CIRCLE ( 'NONE', #532, 1.299999999999999156 ) ;
#403 = CARTESIAN_POINT ( 'NONE',  ( 0.000000000000000000, 43.00000000000000000, 0.000000000000000000 ) ) ;
#404 = VECTOR ( 'NONE', #369, 1000.000000000000000 ) ;
#405 = ORIENTED_EDGE ( 'NONE', *, *, #1265, .T. ) ;
#406 = UNCERTAINTY_MEASURE_WITH_UNIT (LENGTH_MEASURE( 1.000000000000000082E-05 ), #23, 'distance_accuracy_value', 'NONE');
#407 = CYLINDRICAL_SURFACE ( 'NONE', #322, 9.000000000000000000 ) ;
#408 = CARTESIAN_POINT ( 'NONE',  ( 55.00000000000000000, 5.000000000000004441, -45.00000000000000000 ) ) ;
#409 = DIRECTION ( 'NONE',  ( 0.000000000000000000, 1.000000000000000000, 0.000000000000000000 ) ) ;
#410 = DIRECTION ( 'NONE',  ( -0.000000000000000000, 1.000000000000000000, -0.000000000000000000 ) ) ;
#411 = AXIS2_PLACEMENT_3D ( 'NONE', #189, #693, #822 ) ;
#412 = ORIENTED_EDGE ( 'NONE', *, *, #1006, .T. ) ;
#413 = LINE ( 'NONE', #670, #1495 ) ;
#414 = APPLICATION_PROTOCOL_DEFINITION ( 'international standard', 'config_control_design', 1994, #844 ) ;
#415 = ORIENTED_EDGE ( 'NONE', *, *, #228, .T. ) ;
#416 = ADVANCED_FACE ( 'NONE', ( #1349, #1488 ), #595, .T. ) ;
#417 = CARTESIAN_POINT ( 'NONE',  ( -6.400000000000000355, 30.00000000000000000, -6.500000000000000000 ) ) ;
#418 = DIRECTION ( 'NONE',  ( 0.000000000000000000, -1.000000000000000000, 0.000000000000000000 ) ) ;
#419 = ORIENTED_EDGE ( 'NONE', *, *, #1564, .T. ) ;
#420 = DIRECTION ( 'NONE',  ( -0.000000000000000000, -1.000000000000000000, -0.000000000000000000 ) ) ;
#421 = ORIENTED_EDGE ( 'NONE', *, *, #1184, .F. ) ;
#422 = COORDINATED_UNIVERSAL_TIME_OFFSET ( 6, 0, .BEHIND. ) ;
#423 = EDGE_CURVE ( 'NONE', #269, #32, #990, .T. ) ;
#424 = ORIENTED_EDGE ( 'NONE', *, *, #67, .T. ) ;
#425 = DIRECTION ( 'NONE',  ( 0.000000000000000000, 0.000000000000000000, -1.000000000000000000 ) ) ;
#426 = CYLINDRICAL_SURFACE ( 'NONE', #1597, 11.09999999999999964 ) ;
#427 = EDGE_LOOP ( 'NONE', ( #551, #1424, #1097, #626 ) ) ;
#428 = CARTESIAN_POINT ( 'NONE',  ( 17.39999999999999858, 68.00000000000000000, 6.500000000000000000 ) ) ;
#429 = VECTOR ( 'NONE', #1497, 1000.000000000000000 ) ;
#430 = EDGE_LOOP ( 'NONE', ( #1192, #1618 ) ) ;
#431 = DATE_AND_TIME ( #175, #699 ) ;
#432 = AXIS2_PLACEMENT_3D ( 'NONE', #392, #1374, #265 ) ;
#433 = ORIENTED_EDGE ( 'NONE', *, *, #801, .T. ) ;
#434 = VECTOR ( 'NONE', #723, 1000.000000000000000 ) ;
#435 = CARTESIAN_POINT ( 'NONE',  ( 55.00000000000000000, 0.000000000000000000, -45.00000000000000000 ) ) ;
#436 = ORIENTED_EDGE ( 'NONE', *, *, #399, .T. ) ;
#437 = FACE_OUTER_BOUND ( 'NONE', #1136, .T. ) ;
#438 = VECTOR ( 'NONE', #1420, 1000.000000000000000 ) ;
#439 = ORIENTED_EDGE ( 'NONE', *, *, #1520, .T. ) ;
#440 = LINE ( 'NONE', #953, #1512 ) ;
#441 = ORIENTED_EDGE ( 'NONE', *, *, #771, .F. ) ;
#442 = PLANE ( 'NONE',  #509 ) ;
#443 = VECTOR ( 'NONE', #1559, 1000.000000000000000 ) ;
#444 = ORIENTED_EDGE ( 'NONE', *, *, #1582, .F. ) ;
#445 = DIRECTION ( 'NONE',  ( 0.000000000000000000, -1.000000000000000000, 0.000000000000000000 ) ) ;
#446 = EDGE_CURVE ( 'NONE', #238, #1211, #749, .T. ) ;
#447 = ORIENTED_EDGE ( 'NONE', *, *, #820, .T. ) ;
#448 = AXIS2_PLACEMENT_3D ( 'NONE', #1441, #312, #1551 ) ;
#449 = DIRECTION ( 'NONE',  ( -0.000000000000000000, 0.000000000000000000, 1.000000000000000000 ) ) ;
#450 = ORIENTED_EDGE ( 'NONE', *, *, #387, .F. ) ;
#451 = CARTESIAN_POINT ( 'NONE',  ( -21.00000000000000000, 43.00000000000000000, 20.00000000000000000 ) ) ;
#452 = VECTOR ( 'NONE', #344, 1000.000000000000000 ) ;
#453 = VECTOR ( 'NONE', #1012, 1000.000000000000000 ) ;
#454 = LINE ( 'NONE', #212, #590 ) ;
#455 = VERTEX_POINT ( 'NONE', #1365 ) ;
#456 = CARTESIAN_POINT ( 'NONE',  ( -70.00000000000000000, 0.000000000000000000, 60.00000000000000000 ) ) ;
#457 = ORIENTED_EDGE ( 'NONE', *, *, #768, .T. ) ;
#458 = LINE ( 'NONE', #362, #115 ) ;
#459 = CIRCLE ( 'NONE', #411, 11.09999999999999964 ) ;
#460 = DIRECTION ( 'NONE',  ( 0.000000000000000000, -1.000000000000000000, 0.000000000000000000 ) ) ;
#461 = EDGE_CURVE ( 'NONE', #1102, #681, #222, .T. ) ;
#462 = DIRECTION ( 'NONE',  ( 0.000000000000000000, 0.000000000000000000, -1.000000000000000000 ) ) ;
#463 = EDGE_LOOP ( 'NONE', ( #1443, #1321 ) ) ;
#464 = ADVANCED_FACE ( 'NONE', ( #239, #1240 ), #231, .F. ) ;
#465 = LINE ( 'NONE', #1132, #905 ) ;
#466 = DIRECTION ( 'NONE',  ( 0.000000000000000000, 0.000000000000000000, -1.000000000000000000 ) ) ;
#467 = CIRCLE ( 'NONE', #1397, 1.299999999999999156 ) ;
#468 = DIRECTION ( 'NONE',  ( -0.000000000000000000, -1.000000000000000000, -0.000000000000000000 ) ) ;
#469 = ADVANCED_FACE ( 'NONE', ( #1020 ), #650, .F. ) ;
#470 = ORIENTED_EDGE ( 'NONE', *, *, #860, .T. ) ;
#471 = DIRECTION ( 'NONE',  ( -1.000000000000000000, 0.000000000000000000, 0.000000000000000000 ) ) ;
#472 = ORIENTED_EDGE ( 'NONE', *, *, #945, .F. ) ;
#473 = VECTOR ( 'NONE', #962, 1000.000000000000000 ) ;
#474 = PRODUCT_DEFINITION_SHAPE ( 'NONE', 'NONE',  #1457 ) ;
#475 = FACE_OUTER_BOUND ( 'NONE', #1458, .T. ) ;
#476 = ADVANCED_FACE ( 'NONE', ( #1292 ), #798, .F. ) ;
#477 = VECTOR ( 'NONE', #1347, 1000.000000000000000 ) ;
#478 = EDGE_LOOP ( 'NONE', ( #713, #419, #44, #198 ) ) ;
#479 = CIRCLE ( 'NONE', #1282, 18.00000000000000000 ) ;
#480 = CARTESIAN_POINT ( 'NONE',  ( -6.400000000000000355, 30.00000000000000000, 6.500000000000000000 ) ) ;
#481 = SECURITY_CLASSIFICATION_LEVEL ( 'unclassified' ) ;
#482 = ADVANCED_FACE ( 'NONE', ( #640 ), #522, .F. ) ;
#483 = CARTESIAN_POINT ( 'NONE',  ( 0.000000000000000000, 55.00000000000000000, 0.000000000000000000 ) ) ;
#484 = ORIENTED_EDGE ( 'NONE', *, *, #352, .F. ) ;
#485 = VECTOR ( 'NONE', #1391, 1000.000000000000000 ) ;
#486 = DIRECTION ( 'NONE',  ( -0.000000000000000000, -1.000000000000000000, -0.000000000000000000 ) ) ;
#487 = ORIENTED_EDGE ( 'NONE', *, *, #178, .T. ) ;
#488 = PLANE ( 'NONE',  #1289 ) ;
#489 = LINE ( 'NONE', #121, #453 ) ;
#490 = LINE ( 'NONE', #1359, #984 ) ;
#491 = ORIENTED_EDGE ( 'NONE', *, *, #495, .F. ) ;
#492 = CARTESIAN_POINT ( 'NONE',  ( -55.00000000000000000, 5.000000000000004441, -42.24999999999999289 ) ) ;
#493 = ORIENTED_EDGE ( 'NONE', *, *, #176, .F. ) ;
#494 = PLANE ( 'NONE',  #60 ) ;
#495 = EDGE_CURVE ( 'NONE', #1105, #1450, #402, .T. ) ;
#496 = DIRECTION ( 'NONE',  ( 0.000000000000000000, -0.000000000000000000, 1.000000000000000000 ) ) ;
#497 = MECHANICAL_CONTEXT ( 'NONE', #844, 'mechanical' ) ;
#498 = VERTEX_POINT ( 'NONE', #10 ) ;
#499 = AXIS2_PLACEMENT_3D ( 'NONE', #363, #6, #878 ) ;
#500 = CIRCLE ( 'NONE', #372, 1.300000000000000044 ) ;
#501 = CARTESIAN_POINT ( 'NONE',  ( -21.00000000000000000, 26.00000000000000000, 20.00000000000000000 ) ) ;
#502 = ADVANCED_FACE ( 'NONE', ( #1552 ), #1395, .F. ) ;
#503 = EDGE_LOOP ( 'NONE', ( #188, #397 ) ) ;
#504 = DIRECTION ( 'NONE',  ( 0.000000000000000000, 0.000000000000000000, -1.000000000000000000 ) ) ;
#505 = ORIENTED_EDGE ( 'NONE', *, *, #674, .T. ) ;
#506 = CARTESIAN_POINT ( 'NONE',  ( -6.400000000000000355, 68.00000000000000000, -6.500000000000000000 ) ) ;
#507 = FACE_BOUND ( 'NONE', #1042, .T. ) ;
#508 = ORIENTED_EDGE ( 'NONE', *, *, #1224, .F. ) ;
#509 = AXIS2_PLACEMENT_3D ( 'NONE', #1089, #335, #949 ) ;
#510 = CARTESIAN_POINT ( 'NONE',  ( 55.00000000000000000, 5.000000000000004441, 45.00000000000000000 ) ) ;
#511 = VERTEX_POINT ( 'NONE', #1011 ) ;
#512 = EDGE_CURVE ( 'NONE', #821, #1308, #1167, .T. ) ;
#513 = DIRECTION ( 'NONE',  ( 0.000000000000000000, 1.000000000000000000, 0.000000000000000000 ) ) ;
#514 = LINE ( 'NONE', #138, #351 ) ;
#515 = EDGE_CURVE ( 'NONE', #192, #701, #400, .T. ) ;
#516 = DIRECTION ( 'NONE',  ( 0.000000000000000000, -1.000000000000000000, 0.000000000000000000 ) ) ;
#517 = EDGE_LOOP ( 'NONE', ( #326, #1435 ) ) ;
#518 = EDGE_CURVE ( 'NONE', #874, #1211, #146, .T. ) ;
#519 = AXIS2_PLACEMENT_3D ( 'NONE', #17, #541, #302 ) ;
#520 = PLANE ( 'NONE',  #869 ) ;
#521 = DIRECTION ( 'NONE',  ( 0.000000000000000000, -1.000000000000000000, 0.000000000000000000 ) ) ;
#522 = CYLINDRICAL_SURFACE ( 'NONE', #1116, 11.09999999999999964 ) ;
#523 = LINE ( 'NONE', #615, #1413 ) ;
#524 = DIRECTION ( 'NONE',  ( 0.000000000000000000, 1.000000000000000000, 0.000000000000000000 ) ) ;
#525 = CARTESIAN_POINT ( 'NONE',  ( 1.714505518806294638E-15, 68.00000000000000000, 14.00000000000000000 ) ) ;
#526 = ORIENTED_EDGE ( 'NONE', *, *, #627, .T. ) ;
#527 = EDGE_CURVE ( 'NONE', #862, #177, #1176, .T. ) ;
#528 = DIRECTION ( 'NONE',  ( -0.000000000000000000, 1.000000000000000000, -0.000000000000000000 ) ) ;
#529 = CARTESIAN_POINT ( 'NONE',  ( 0.000000000000000000, 55.00000000000000000, 0.000000000000000000 ) ) ;
#530 = CARTESIAN_POINT ( 'NONE',  ( -9.000000000000000000, 25.99999999999999645, 1.300000000000000044 ) ) ;
#531 = CYLINDRICAL_SURFACE ( 'NONE', #1621, 1.300000000000000044 ) ;
#532 = AXIS2_PLACEMENT_3D ( 'NONE', #130, #630, #1 ) ;
#533 = EDGE_LOOP ( 'NONE', ( #421, #244, #929, #1519 ) ) ;
#534 = AXIS2_PLACEMENT_3D ( 'NONE', #764, #1531, #1381 ) ;
#535 = CARTESIAN_POINT ( 'NONE',  ( -55.00000000000000000, 72.00000000000001421, 42.24999999999999289 ) ) ;
#536 = ORIENTED_EDGE ( 'NONE', *, *, #715, .F. ) ;
#537 =( NAMED_UNIT ( * ) SI_UNIT ( $, .STERADIAN. ) SOLID_ANGLE_UNIT ( ) );
#538 = EDGE_CURVE ( 'NONE', #1308, #1557, #375, .T. ) ;
#539 = ORIENTED_EDGE ( 'NONE', *, *, #55, .T. ) ;
#540 = EDGE_LOOP ( 'NONE', ( #356, #838, #252, #594, #182, #731, #1143, #934 ) ) ;
#541 = DIRECTION ( 'NONE',  ( -0.000000000000000000, 1.000000000000000000, -0.000000000000000000 ) ) ;
#542 = LINE ( 'NONE', #1198, #958 ) ;
#543 = AXIS2_PLACEMENT_3D ( 'NONE', #428, #327, #449 ) ;
#544 = ORIENTED_EDGE ( 'NONE', *, *, #358, .F. ) ;
#545 = ORIENTED_EDGE ( 'NONE', *, *, #358, .T. ) ;
#546 = EDGE_LOOP ( 'NONE', ( #1587, #601, #995, #1223 ) ) ;
#547 = DIRECTION ( 'NONE',  ( 0.000000000000000000, 0.000000000000000000, 1.000000000000000000 ) ) ;
#548 = DIRECTION ( 'NONE',  ( 0.000000000000000000, -1.000000000000000000, 0.000000000000000000 ) ) ;
#549 = ORIENTED_EDGE ( 'NONE', *, *, #538, .F. ) ;
#550 = DIRECTION ( 'NONE',  ( -1.000000000000000000, 0.000000000000000000, 0.000000000000000000 ) ) ;
#551 = ORIENTED_EDGE ( 'NONE', *, *, #559, .F. ) ;
#552 = EDGE_LOOP ( 'NONE', ( #457, #7, #71, #230 ) ) ;
#553 = CARTESIAN_POINT ( 'NONE',  ( -9.000000000000000000, 30.00000000000000000, -1.300000000000000044 ) ) ;
#554 = LINE ( 'NONE', #1477, #452 ) ;
#555 = DIRECTION ( 'NONE',  ( 0.000000000000000000, -1.000000000000000000, 0.000000000000000000 ) ) ;
#556 = ORIENTED_EDGE ( 'NONE', *, *, #939, .T. ) ;
#557 = CARTESIAN_POINT ( 'NONE',  ( 18.00000000000000000, 43.00000000000000000, 20.00000000000000000 ) ) ;
#558 = AXIS2_PLACEMENT_3D ( 'NONE', #248, #1098, #978 ) ;
#559 = EDGE_CURVE ( 'NONE', #1394, #50, #1539, .T. ) ;
#560 = CIRCLE ( 'NONE', #534, 2.750000000000002665 ) ;
#561 = ORIENTED_EDGE ( 'NONE', *, *, #1095, .T. ) ;
#562 = VECTOR ( 'NONE', #1401, 1000.000000000000000 ) ;
#563 = LINE ( 'NONE', #932, #194 ) ;
#564 = EDGE_CURVE ( 'NONE', #1487, #1394, #31, .T. ) ;
#565 = VERTEX_POINT ( 'NONE', #530 ) ;
#566 = CARTESIAN_POINT ( 'NONE',  ( 55.00000000000000000, 5.000000000000004441, 42.24999999999999289 ) ) ;
#567 = CIRCLE ( 'NONE', #1075, 18.00000000000000000 ) ;
#568 = ADVANCED_FACE ( 'NONE', ( #917, #1417, #163, #285 ), #763, .F. ) ;
#569 = ORIENTED_EDGE ( 'NONE', *, *, #365, .T. ) ;
#570 = ADVANCED_FACE ( 'NONE', ( #1180, #884 ), #494, .T. ) ;
#571 = CARTESIAN_POINT ( 'NONE',  ( 18.00000000000000000, 43.00000000000000000, -20.00000000000000000 ) ) ;
#572 = ORIENTED_EDGE ( 'NONE', *, *, #587, .T. ) ;
#573 = FACE_BOUND ( 'NONE', #260, .T. ) ;
#574 = VERTEX_POINT ( 'NONE', #676 ) ;
#575 = CYLINDRICAL_SURFACE ( 'NONE', #1609, 2.750000000000002665 ) ;
#576 = CARTESIAN_POINT ( 'NONE',  ( 55.00000000000000000, 72.00000000000001421, 47.75000000000000000 ) ) ;
#577 = ORIENTED_EDGE ( 'NONE', *, *, #352, .T. ) ;
#578 = CARTESIAN_POINT ( 'NONE',  ( 18.00000000000000000, 43.00000000000000000, 20.00000000000000000 ) ) ;
#579 = DATE_AND_TIME ( #1230, #609 ) ;
#580 = EDGE_LOOP ( 'NONE', ( #1468, #1323, #544, #1371 ) ) ;
#581 = CARTESIAN_POINT ( 'NONE',  ( 20.00000000000000000, 25.99999999999999645, 1.299999999999999156 ) ) ;
#582 = EDGE_CURVE ( 'NONE', #1599, #1194, #1470, .T. ) ;
#583 = CIRCLE ( 'NONE', #1517, 18.00000000000000000 ) ;
#584 = CYLINDRICAL_SURFACE ( 'NONE', #1438, 2.750000000000002665 ) ;
#585 = ORIENTED_EDGE ( 'NONE', *, *, #1283, .T. ) ;
#586 = CARTESIAN_POINT ( 'NONE',  ( 0.000000000000000000, 63.00000000000000000, -9.000000000000000000 ) ) ;
#587 = EDGE_CURVE ( 'NONE', #511, #634, #1234, .T. ) ;
#588 = APPROVAL_DATE_TIME ( #215, #1484 ) ;
#589 = DIRECTION ( 'NONE',  ( 0.000000000000000000, -1.000000000000000000, 0.000000000000000000 ) ) ;
#590 = VECTOR ( 'NONE', #471, 1000.000000000000000 ) ;
#591 = DIRECTION ( 'NONE',  ( 0.000000000000000000, 0.000000000000000000, -1.000000000000000000 ) ) ;
#592 = ORIENTED_EDGE ( 'NONE', *, *, #766, .F. ) ;
#593 = CARTESIAN_POINT ( 'NONE',  ( 25.00000000000000000, 26.00000000000000000, 12.00000000000000000 ) ) ;
#594 = ORIENTED_EDGE ( 'NONE', *, *, #619, .T. ) ;
#595 = PLANE ( 'NONE',  #828 ) ;
#596 = CARTESIAN_POINT ( 'NONE',  ( 1.102182119232617714E-15, 63.00000000000000000, 9.000000000000000000 ) ) ;
#597 = CARTESIAN_POINT ( 'NONE',  ( 0.000000000000000000, 72.00000000000001421, 0.000000000000000000 ) ) ;
#598 = FACE_OUTER_BOUND ( 'NONE', #59, .T. ) ;
#599 = ORIENTED_EDGE ( 'NONE', *, *, #512, .F. ) ;
#600 = DIRECTION ( 'NONE',  ( 0.000000000000000000, 0.000000000000000000, -1.000000000000000000 ) ) ;
#601 = ORIENTED_EDGE ( 'NONE', *, *, #101, .F. ) ;
#602 = ADVANCED_FACE ( 'NONE', ( #47 ), #969, .F. ) ;
#603 = PERSON_AND_ORGANIZATION_ROLE ( 'creator' ) ;
#604 = VECTOR ( 'NONE', #1166, 1000.000000000000000 ) ;
#605 = LINE ( 'NONE', #1100, #141 ) ;
#606 = DIRECTION ( 'NONE',  ( 0.000000000000000000, 0.000000000000000000, -1.000000000000000000 ) ) ;
#607 = ORIENTED_EDGE ( 'NONE', *, *, #512, .T. ) ;
#608 = AXIS2_PLACEMENT_3D ( 'NONE', #155, #1511, #504 ) ;
#609 = LOCAL_TIME ( 16, 17, 6.000000000000000000, #233 ) ;
#610 = CIRCLE ( 'NONE', #376, 2.750000000000002665 ) ;
#611 = VECTOR ( 'NONE', #1232, 1000.000000000000000 ) ;
#612 = CARTESIAN_POINT ( 'NONE',  ( 0.000000000000000000, 72.00000000000001421, 0.000000000000000000 ) ) ;
#613 = ORIENTED_EDGE ( 'NONE', *, *, #515, .F. ) ;
#614 = DIRECTION ( 'NONE',  ( 0.000000000000000000, -1.000000000000000000, 0.000000000000000000 ) ) ;
#615 = CARTESIAN_POINT ( 'NONE',  ( -35.00000000000000000, 30.00000000000000000, -12.00000000000000000 ) ) ;
#616 = LINE ( 'NONE', #745, #208 ) ;
#617 = ORIENTED_EDGE ( 'NONE', *, *, #1402, .T. ) ;
#618 = VECTOR ( 'NONE', #1563, 1000.000000000000000 ) ;
#619 = EDGE_CURVE ( 'NONE', #209, #1599, #554, .T. ) ;
#620 = CARTESIAN_POINT ( 'NONE',  ( 25.00000000000000000, 30.00000000000000000, 12.00000000000000000 ) ) ;
#621 = EDGE_LOOP ( 'NONE', ( #374, #395 ) ) ;
#622 = DIRECTION ( 'NONE',  ( 0.000000000000000000, -0.000000000000000000, -1.000000000000000000 ) ) ;
#623 = CARTESIAN_POINT ( 'NONE',  ( 0.000000000000000000, 63.00000000000000000, 0.000000000000000000 ) ) ;
#624 = DIRECTION ( 'NONE',  ( 0.000000000000000000, 0.000000000000000000, 1.000000000000000000 ) ) ;
#625 = VECTOR ( 'NONE', #359, 1000.000000000000000 ) ;
#626 = ORIENTED_EDGE ( 'NONE', *, *, #161, .F. ) ;
#627 = EDGE_CURVE ( 'NONE', #1235, #886, #1067, .T. ) ;
#628 = LINE ( 'NONE', #1628, #736 ) ;
#629 = ORIENTED_EDGE ( 'NONE', *, *, #187, .F. ) ;
#630 = DIRECTION ( 'NONE',  ( -0.000000000000000000, 1.000000000000000000, -0.000000000000000000 ) ) ;
#631 = FACE_OUTER_BOUND ( 'NONE', #174, .T. ) ;
#632 = FACE_OUTER_BOUND ( 'NONE', #1328, .T. ) ;
#633 = LINE ( 'NONE', #506, #832 ) ;
#634 = VERTEX_POINT ( 'NONE', #1353 ) ;
#635 = ADVANCED_FACE ( 'NONE', ( #725 ), #1360, .F. ) ;
#636 = ADVANCED_FACE ( 'NONE', ( #507, #1128, #1633, #251, #1515, #1142 ), #1271, .F. ) ;
#637 = CARTESIAN_POINT ( 'NONE',  ( 25.00000000000000000, 30.00000000000000000, 12.00000000000000000 ) ) ;
#638 = AXIS2_PLACEMENT_3D ( 'NONE', #677, #555, #791 ) ;
#639 = ORIENTED_EDGE ( 'NONE', *, *, #979, .F. ) ;
#640 = FACE_OUTER_BOUND ( 'NONE', #427, .T. ) ;
#641 = VECTOR ( 'NONE', #1482, 1000.000000000000000 ) ;
#642 = CARTESIAN_POINT ( 'NONE',  ( 0.000000000000000000, 48.00000000000000000, -11.09999999999999964 ) ) ;
#643 = CARTESIAN_POINT ( 'NONE',  ( -70.00000000000000000, 0.000000000000000000, 60.00000000000000000 ) ) ;
#644 = EDGE_CURVE ( 'NONE', #269, #1182, #720, .T. ) ;
#645 = CARTESIAN_POINT ( 'NONE',  ( -21.00000000000000000, 30.00000000000000000, 20.00000000000000000 ) ) ;
#646 = ORIENTED_EDGE ( 'NONE', *, *, #1330, .F. ) ;
#647 = AXIS2_PLACEMENT_3D ( 'NONE', #765, #1398, #150 ) ;
#648 = DIRECTION ( 'NONE',  ( 0.000000000000000000, -1.000000000000000000, 0.000000000000000000 ) ) ;
#649 = CARTESIAN_POINT ( 'NONE',  ( 1.359357947053562156E-15, 63.00000000000000000, 11.09999999999999964 ) ) ;
#650 = CYLINDRICAL_SURFACE ( 'NONE', #1486, 2.750000000000002665 ) ;
#651 = ORIENTED_EDGE ( 'NONE', *, *, #347, .T. ) ;
#652 = CARTESIAN_POINT ( 'NONE',  ( -21.00000000000000000, 39.00000000000000000, 20.00000000000000000 ) ) ;
#653 = CARTESIAN_POINT ( 'NONE',  ( -55.00000000000000000, 0.000000000000000000, 47.75000000000000000 ) ) ;
#654 = ORIENTED_EDGE ( 'NONE', *, *, #1601, .F. ) ;
#655 = VECTOR ( 'NONE', #976, 1000.000000000000000 ) ;
#656 = DIRECTION ( 'NONE',  ( -0.000000000000000000, -0.000000000000000000, 1.000000000000000000 ) ) ;
#657 = LINE ( 'NONE', #1188, #604 ) ;
#658 = DIRECTION ( 'NONE',  ( -0.000000000000000000, -1.000000000000000000, -0.000000000000000000 ) ) ;
#659 = EDGE_CURVE ( 'NONE', #32, #948, #217, .T. ) ;
#660 = ORIENTED_EDGE ( 'NONE', *, *, #1354, .T. ) ;
#661 = ORIENTED_EDGE ( 'NONE', *, *, #1031, .T. ) ;
#662 = LINE ( 'NONE', #776, #278 ) ;
#663 = ORIENTED_EDGE ( 'NONE', *, *, #833, .T. ) ;
#664 = CARTESIAN_POINT ( 'NONE',  ( -21.00000000000000000, 5.000000000000000000, 20.00000000000000000 ) ) ;
#665 = LINE ( 'NONE', #1300, #760 ) ;
#666 = DIRECTION ( 'NONE',  ( 0.000000000000000000, -1.000000000000000000, 0.000000000000000000 ) ) ;
#667 = DIRECTION ( 'NONE',  ( 0.000000000000000000, -1.000000000000000000, 0.000000000000000000 ) ) ;
#668 = EDGE_LOOP ( 'NONE', ( #944, #30 ) ) ;
#669 = VECTOR ( 'NONE', #909, 1000.000000000000000 ) ;
#670 = CARTESIAN_POINT ( 'NONE',  ( -35.00000000000000000, 68.00000000000000000, -20.00000000000000000 ) ) ;
#671 = EDGE_LOOP ( 'NONE', ( #368, #1221, #172, #1129 ) ) ;
#672 = ORIENTED_EDGE ( 'NONE', *, *, #91, .F. ) ;
#673 = CARTESIAN_POINT ( 'NONE',  ( 25.00000000000000000, 30.00000000000000000, -12.00000000000000000 ) ) ;
#674 = EDGE_CURVE ( 'NONE', #1257, #1163, #388, .T. ) ;
#675 = LINE ( 'NONE', #37, #802 ) ;
#676 = CARTESIAN_POINT ( 'NONE',  ( 2.204364238465235428E-15, 43.00000000000000000, 18.00000000000000000 ) ) ;
#677 = CARTESIAN_POINT ( 'NONE',  ( 0.000000000000000000, 68.00000000000000000, 0.000000000000000000 ) ) ;
#678 = ORIENTED_EDGE ( 'NONE', *, *, #225, .T. ) ;
#679 = DIRECTION ( 'NONE',  ( 0.000000000000000000, 0.000000000000000000, 1.000000000000000000 ) ) ;
#680 = ORIENTED_EDGE ( 'NONE', *, *, #305, .F. ) ;
#681 = VERTEX_POINT ( 'NONE', #1376 ) ;
#682 = DIRECTION ( 'NONE',  ( 0.000000000000000000, 1.000000000000000000, 0.000000000000000000 ) ) ;
#683 = ADVANCED_FACE ( 'NONE', ( #598 ), #370, .F. ) ;
#684 = CIRCLE ( 'NONE', #1162, 1.300000000000000044 ) ;
#685 = LINE ( 'NONE', #1578, #1229 ) ;
#686 = VERTEX_POINT ( 'NONE', #1506 ) ;
#687 = DIRECTION ( 'NONE',  ( -0.000000000000000000, -1.000000000000000000, -0.000000000000000000 ) ) ;
#688 = ORIENTED_EDGE ( 'NONE', *, *, #1281, .F. ) ;
#689 = ADVANCED_FACE ( 'NONE', ( #268 ), #1367, .T. ) ;
#690 = ADVANCED_FACE ( 'NONE', ( #1492, #1256 ), #1263, .F. ) ;
#691 = CARTESIAN_POINT ( 'NONE',  ( 17.39999999999999858, 30.00000000000000000, 6.500000000000000000 ) ) ;
#692 = ORIENTED_EDGE ( 'NONE', *, *, #515, .T. ) ;
#693 = DIRECTION ( 'NONE',  ( 0.000000000000000000, 1.000000000000000000, 0.000000000000000000 ) ) ;
#694 = VECTOR ( 'NONE', #460, 1000.000000000000000 ) ;
#695 = PERSON_AND_ORGANIZATION_ROLE ( 'creator' ) ;
#696 = LOCAL_TIME ( 16, 17, 6.000000000000000000, #712 ) ;
#697 = EDGE_CURVE ( 'NONE', #455, #92, #489, .T. ) ;
#698 = ORIENTED_EDGE ( 'NONE', *, *, #697, .F. ) ;
#699 = LOCAL_TIME ( 16, 17, 6.000000000000000000, #422 ) ;
#700 = FACE_OUTER_BOUND ( 'NONE', #120, .T. ) ;
#701 = VERTEX_POINT ( 'NONE', #998 ) ;
#702 = FACE_OUTER_BOUND ( 'NONE', #160, .T. ) ;
#703 = AXIS2_PLACEMENT_3D ( 'NONE', #258, #22, #1541 ) ;
#704 = DATE_AND_TIME ( #928, #1513 ) ;
#705 = EDGE_LOOP ( 'NONE', ( #1175, #149, #75, #323 ) ) ;
#706 = DIRECTION ( 'NONE',  ( 0.000000000000000000, 0.000000000000000000, -1.000000000000000000 ) ) ;
#707 = CARTESIAN_POINT ( 'NONE',  ( -55.00000000000000000, 72.00000000000001421, -45.00000000000000000 ) ) ;
#708 = ORIENTED_EDGE ( 'NONE', *, *, #128, .T. ) ;
#709 = CIRCLE ( 'NONE', #923, 9.000000000000000000 ) ;
#710 = PLANE ( 'NONE',  #1556 ) ;
#711 = ADVANCED_FACE ( 'NONE', ( #384 ), #754, .F. ) ;
#712 = COORDINATED_UNIVERSAL_TIME_OFFSET ( 6, 0, .BEHIND. ) ;
#713 = ORIENTED_EDGE ( 'NONE', *, *, #815, .T. ) ;
#714 = CARTESIAN_POINT ( 'NONE',  ( 20.00000000000000000, 68.00000000000000000, -1.299999999999999156 ) ) ;
#715 = EDGE_CURVE ( 'NONE', #1611, #29, #983, .T. ) ;
#716 = CARTESIAN_POINT ( 'NONE',  ( 25.00000000000000000, 26.00000000000000000, 12.00000000000000000 ) ) ;
#717 = ORIENTED_EDGE ( 'NONE', *, *, #495, .T. ) ;
#718 = DIRECTION ( 'NONE',  ( 0.000000000000000000, -1.000000000000000000, 0.000000000000000000 ) ) ;
#719 = APPROVAL_ROLE ( '' ) ;
#720 = CIRCLE ( 'NONE', #931, 2.750000000000002665 ) ;
#721 = CARTESIAN_POINT ( 'NONE',  ( 55.00000000000000000, 5.000000000000004441, -47.75000000000000000 ) ) ;
#722 = VECTOR ( 'NONE', #186, 1000.000000000000000 ) ;
#723 = DIRECTION ( 'NONE',  ( -1.000000000000000000, -0.000000000000000000, -0.000000000000000000 ) ) ;
#724 = AXIS2_PLACEMENT_3D ( 'NONE', #902, #1023, #1535 ) ;
#725 = FACE_OUTER_BOUND ( 'NONE', #9, .T. ) ;
#726 = DIRECTION ( 'NONE',  ( 0.000000000000000000, 0.000000000000000000, -1.000000000000000000 ) ) ;
#727 = EDGE_LOOP ( 'NONE', ( #526, #100, #389, #639 ) ) ;
#728 = AXIS2_PLACEMENT_3D ( 'NONE', #273, #207, #466 ) ;
#729 = FACE_OUTER_BOUND ( 'NONE', #1228, .T. ) ;
#730 = CARTESIAN_POINT ( 'NONE',  ( 20.00000000000000000, 68.00000000000000000, 0.000000000000000000 ) ) ;
#731 = ORIENTED_EDGE ( 'NONE', *, *, #128, .F. ) ;
#732 = FACE_OUTER_BOUND ( 'NONE', #1201, .T. ) ;
#733 = CARTESIAN_POINT ( 'NONE',  ( -21.00000000000000000, 39.00000000000000000, 20.00000000000000000 ) ) ;
#734 = CARTESIAN_POINT ( 'NONE',  ( 0.000000000000000000, 55.00000000000000000, 0.000000000000000000 ) ) ;
#735 = CALENDAR_DATE ( 2026, 7, 9 ) ;
#736 = VECTOR ( 'NONE', #245, 1000.000000000000000 ) ;
#737 = DIRECTION ( 'NONE',  ( -0.000000000000000000, -1.000000000000000000, -0.000000000000000000 ) ) ;
#738 = ORIENTED_EDGE ( 'NONE', *, *, #4, .F. ) ;
#739 = PLANE ( 'NONE',  #1024 ) ;
#740 = ORIENTED_EDGE ( 'NONE', *, *, #55, .F. ) ;
#741 = CARTESIAN_POINT ( 'NONE',  ( 0.000000000000000000, 26.00000000000000000, 6.500000000000000000 ) ) ;
#742 = DIRECTION ( 'NONE',  ( -0.000000000000000000, -1.000000000000000000, -0.000000000000000000 ) ) ;
#743 = DATE_AND_TIME ( #735, #112 ) ;
#744 = CARTESIAN_POINT ( 'NONE',  ( -21.00000000000000000, 5.000000000000000000, -20.00000000000000000 ) ) ;
#745 = CARTESIAN_POINT ( 'NONE',  ( 55.00000000000000000, 72.00000000000001421, -47.75000000000000000 ) ) ;
#746 = CC_DESIGN_PERSON_AND_ORGANIZATION_ASSIGNMENT ( #1481, #361, ( #1620 ) ) ;
#747 = DIRECTION ( 'NONE',  ( 0.000000000000000000, 0.000000000000000000, -1.000000000000000000 ) ) ;
#748 = EDGE_LOOP ( 'NONE', ( #484, #491 ) ) ;
#749 = CIRCLE ( 'NONE', #308, 14.00000000000000000 ) ;
#750 = AXIS2_PLACEMENT_3D ( 'NONE', #377, #891, #1028 ) ;
#751 = FACE_OUTER_BOUND ( 'NONE', #727, .T. ) ;
#752 = ORIENTED_EDGE ( 'NONE', *, *, #644, .T. ) ;
#753 = DIRECTION ( 'NONE',  ( -1.000000000000000000, -0.000000000000000000, -0.000000000000000000 ) ) ;
#754 = CYLINDRICAL_SURFACE ( 'NONE', #1333, 2.750000000000002665 ) ;
#755 = EDGE_CURVE ( 'NONE', #29, #1611, #1205, .T. ) ;
#756 = CARTESIAN_POINT ( 'NONE',  ( 0.000000000000000000, 30.00000000000000000, -6.500000000000000000 ) ) ;
#757 = LINE ( 'NONE', #645, #1549 ) ;
#758 = DIRECTION ( 'NONE',  ( 0.000000000000000000, 0.000000000000000000, -1.000000000000000000 ) ) ;
#759 = ORIENTED_EDGE ( 'NONE', *, *, #1006, .F. ) ;
#760 = VECTOR ( 'NONE', #1179, 1000.000000000000000 ) ;
#761 = PLANE ( 'NONE',  #236 ) ;
#762 = ORIENTED_EDGE ( 'NONE', *, *, #860, .F. ) ;
#763 = PLANE ( 'NONE',  #1575 ) ;
#764 = CARTESIAN_POINT ( 'NONE',  ( 55.00000000000000000, 5.000000000000004441, -45.00000000000000000 ) ) ;
#765 = CARTESIAN_POINT ( 'NONE',  ( -55.00000000000000000, 0.000000000000000000, -45.00000000000000000 ) ) ;
#766 = EDGE_CURVE ( 'NONE', #1316, #686, #114, .T. ) ;
#767 = CIRCLE ( 'NONE', #972, 2.750000000000002665 ) ;
#768 = EDGE_CURVE ( 'NONE', #108, #831, #560, .T. ) ;
#769 = VERTEX_POINT ( 'NONE', #1268 ) ;
#770 = FACE_OUTER_BOUND ( 'NONE', #1465, .T. ) ;
#771 = EDGE_CURVE ( 'NONE', #129, #1423, #139, .T. ) ;
#772 = ORIENTED_EDGE ( 'NONE', *, *, #937, .T. ) ;
#773 = CARTESIAN_POINT ( 'NONE',  ( 55.00000000000000000, 72.00000000000001421, 45.00000000000000000 ) ) ;
#774 = CYLINDRICAL_SURFACE ( 'NONE', #1548, 2.750000000000002665 ) ;
#775 = DIRECTION ( 'NONE',  ( 0.000000000000000000, 1.000000000000000000, 0.000000000000000000 ) ) ;
#776 = CARTESIAN_POINT ( 'NONE',  ( 18.00000000000000000, 43.00000000000000000, 20.00000000000000000 ) ) ;
#777 = EDGE_LOOP ( 'NONE', ( #317, #1554, #444, #1199 ) ) ;
#778 = AXIS2_PLACEMENT_3D ( 'NONE', #1525, #994, #871 ) ;
#779 = DIRECTION ( 'NONE',  ( 0.000000000000000000, -0.000000000000000000, 1.000000000000000000 ) ) ;
#780 = AXIS2_PLACEMENT_3D ( 'NONE', #124, #1522, #496 ) ;
#781 = DIRECTION ( 'NONE',  ( 0.000000000000000000, 0.000000000000000000, -1.000000000000000000 ) ) ;
#782 = VECTOR ( 'NONE', #589, 1000.000000000000000 ) ;
#783 = LINE ( 'NONE', #1408, #1280 ) ;
#784 = DIRECTION ( 'NONE',  ( -0.000000000000000000, 1.000000000000000000, -0.000000000000000000 ) ) ;
#785 = CARTESIAN_POINT ( 'NONE',  ( 18.00000000000000000, 39.00000000000000000, 20.00000000000000000 ) ) ;
#786 = ORIENTED_EDGE ( 'NONE', *, *, #820, .F. ) ;
#787 = ORIENTED_EDGE ( 'NONE', *, *, #659, .F. ) ;
#788 = ADVANCED_FACE ( 'NONE', ( #631 ), #774, .F. ) ;
#789 = CARTESIAN_POINT ( 'NONE',  ( 0.000000000000000000, 47.99999999999999289, 0.000000000000000000 ) ) ;
#790 = DIRECTION ( 'NONE',  ( 0.000000000000000000, -0.000000000000000000, -1.000000000000000000 ) ) ;
#791 = DIRECTION ( 'NONE',  ( 0.000000000000000000, 0.000000000000000000, -1.000000000000000000 ) ) ;
#792 = VERTEX_POINT ( 'NONE', #1149 ) ;
#793 = CARTESIAN_POINT ( 'NONE',  ( -35.00000000000000000, 68.00000000000000000, 20.00000000000000000 ) ) ;
#794 = DIRECTION ( 'NONE',  ( 0.000000000000000000, 0.000000000000000000, -1.000000000000000000 ) ) ;
#795 = ORIENTED_EDGE ( 'NONE', *, *, #1087, .F. ) ;
#796 = CARTESIAN_POINT ( 'NONE',  ( -9.000000000000000000, 25.99999999999999645, 0.000000000000000000 ) ) ;
#797 = DIRECTION ( 'NONE',  ( 0.000000000000000000, 0.000000000000000000, 1.000000000000000000 ) ) ;
#798 = CYLINDRICAL_SURFACE ( 'NONE', #330, 11.09999999999999964 ) ;
#799 = CARTESIAN_POINT ( 'NONE',  ( 0.000000000000000000, 72.00000000000001421, 0.000000000000000000 ) ) ;
#800 = ORIENTED_EDGE ( 'NONE', *, *, #136, .F. ) ;
#801 = EDGE_CURVE ( 'NONE', #92, #792, #514, .T. ) ;
#802 = VECTOR ( 'NONE', #521, 1000.000000000000000 ) ;
#803 = DIRECTION ( 'NONE',  ( 1.000000000000000000, 0.000000000000000000, 0.000000000000000000 ) ) ;
#804 = CARTESIAN_POINT ( 'NONE',  ( 1.102182119232617714E-15, 63.00000000000000000, 9.000000000000000000 ) ) ;
#805 = VECTOR ( 'NONE', #726, 1000.000000000000000 ) ;
#806 = LINE ( 'NONE', #171, #1118 ) ;
#807 = EDGE_LOOP ( 'NONE', ( #1345, #1077, #439, #800 ) ) ;
#808 = FACE_BOUND ( 'NONE', #1615, .T. ) ;
#809 = VERTEX_POINT ( 'NONE', #642 ) ;
#810 = EDGE_CURVE ( 'NONE', #185, #455, #783, .T. ) ;
#811 = DIRECTION ( 'NONE',  ( -0.000000000000000000, 1.000000000000000000, -0.000000000000000000 ) ) ;
#812 = CARTESIAN_POINT ( 'NONE',  ( 17.39999999999999858, 25.99999999999999645, -6.500000000000000000 ) ) ;
#813 = EDGE_LOOP ( 'NONE', ( #1326, #759 ) ) ;
#814 = DIRECTION ( 'NONE',  ( 1.000000000000000000, 0.000000000000000000, 0.000000000000000000 ) ) ;
#815 = EDGE_CURVE ( 'NONE', #1316, #1634, #523, .T. ) ;
#816 = EDGE_LOOP ( 'NONE', ( #1171, #1496, #1025, #651, #872 ) ) ;
#817 = EDGE_CURVE ( 'NONE', #52, #975, #401, .T. ) ;
#818 = AXIS2_PLACEMENT_3D ( 'NONE', #109, #648, #1494 ) ;
#819 = DIRECTION ( 'NONE',  ( 0.000000000000000000, 0.000000000000000000, -1.000000000000000000 ) ) ;
#820 = EDGE_CURVE ( 'NONE', #13, #89, #610, .T. ) ;
#821 = VERTEX_POINT ( 'NONE', #1504 ) ;
#822 = DIRECTION ( 'NONE',  ( 0.000000000000000000, 0.000000000000000000, 1.000000000000000000 ) ) ;
#823 = ORIENTED_EDGE ( 'NONE', *, *, #697, .T. ) ;
#824 = ADVANCED_BREP_SHAPE_REPRESENTATION ( 'ARM-001_Base_pedestal', ( #915, #219 ), #1208 ) ;
#825 = CARTESIAN_POINT ( 'NONE',  ( -9.000000000000000000, 68.00000000000000000, 0.000000000000000000 ) ) ;
#826 = ORIENTED_EDGE ( 'NONE', *, *, #347, .F. ) ;
#827 = DIRECTION ( 'NONE',  ( 0.000000000000000000, 0.000000000000000000, -1.000000000000000000 ) ) ;
#828 = AXIS2_PLACEMENT_3D ( 'NONE', #93, #1619, #622 ) ;
#829 = CC_DESIGN_APPROVAL ( #1627, ( #1620 ) ) ;
#830 = VECTOR ( 'NONE', #164, 1000.000000000000000 ) ;
#831 = VERTEX_POINT ( 'NONE', #1418 ) ;
#832 = VECTOR ( 'NONE', #516, 1000.000000000000000 ) ;
#833 = EDGE_CURVE ( 'NONE', #951, #455, #156, .T. ) ;
#834 = DIRECTION ( 'NONE',  ( 0.000000000000000000, 0.000000000000000000, -1.000000000000000000 ) ) ;
#835 = ORIENTED_EDGE ( 'NONE', *, *, #21, .T. ) ;
#836 = DIRECTION ( 'NONE',  ( 0.000000000000000000, 0.000000000000000000, -1.000000000000000000 ) ) ;
#837 = CIRCLE ( 'NONE', #647, 2.750000000000002665 ) ;
#838 = ORIENTED_EDGE ( 'NONE', *, *, #1241, .T. ) ;
#839 = DIRECTION ( 'NONE',  ( 0.000000000000000000, 0.000000000000000000, -1.000000000000000000 ) ) ;
#840 = DIRECTION ( 'NONE',  ( 0.000000000000000000, -1.000000000000000000, 0.000000000000000000 ) ) ;
#841 = ORIENTED_EDGE ( 'NONE', *, *, #1523, .F. ) ;
#842 = AXIS2_PLACEMENT_3D ( 'NONE', #825, #445, #834 ) ;
#843 = APPROVAL_STATUS ( 'not_yet_approved' ) ;
#844 = APPLICATION_CONTEXT ( 'configuration controlled 3d designs of mechanical parts and assemblies' ) ;
#845 = DIRECTION ( 'NONE',  ( 1.000000000000000000, 0.000000000000000000, -0.000000000000000000 ) ) ;
#846 = DIRECTION ( 'NONE',  ( 1.000000000000000000, 0.000000000000000000, 0.000000000000000000 ) ) ;
#847 = LINE ( 'NONE', #90, #477 ) ;
#848 = ORIENTED_EDGE ( 'NONE', *, *, #187, .T. ) ;
#849 = DIRECTION ( 'NONE',  ( -0.000000000000000000, 1.000000000000000000, -0.000000000000000000 ) ) ;
#850 = CARTESIAN_POINT ( 'NONE',  ( 1.359357947053562156E-15, 72.00000000000001421, 11.09999999999999964 ) ) ;
#851 = AXIS2_PLACEMENT_3D ( 'NONE', #623, #275, #147 ) ;
#852 = ORGANIZATION ( 'UNSPECIFIED', 'UNSPECIFIED', '' ) ;
#853 = VERTEX_POINT ( 'NONE', #1181 ) ;
#854 = EDGE_CURVE ( 'NONE', #89, #13, #1036, .T. ) ;
#855 = DIRECTION ( 'NONE',  ( 0.000000000000000000, 0.000000000000000000, 1.000000000000000000 ) ) ;
#856 = LINE ( 'NONE', #733, #1614 ) ;
#857 = CARTESIAN_POINT ( 'NONE',  ( 55.00000000000000000, 72.00000000000001421, 42.24999999999999289 ) ) ;
#858 = AXIS2_PLACEMENT_3D ( 'NONE', #3, #158, #57 ) ;
#859 = CARTESIAN_POINT ( 'NONE',  ( 20.00000000000000000, 30.00000000000000000, -1.299999999999999156 ) ) ;
#860 = EDGE_CURVE ( 'NONE', #1304, #1102, #48, .T. ) ;
#861 = DIRECTION ( 'NONE',  ( -0.000000000000000000, -1.000000000000000000, -0.000000000000000000 ) ) ;
#862 = VERTEX_POINT ( 'NONE', #1429 ) ;
#863 = EDGE_CURVE ( 'NONE', #1217, #922, #542, .T. ) ;
#864 = CARTESIAN_POINT ( 'NONE',  ( -6.400000000000000355, 68.00000000000000000, 6.500000000000000000 ) ) ;
#865 = ORIENTED_EDGE ( 'NONE', *, *, #1455, .T. ) ;
#866 = CARTESIAN_POINT ( 'NONE',  ( 0.000000000000000000, 39.00000000000000000, 0.000000000000000000 ) ) ;
#867 = CC_DESIGN_PERSON_AND_ORGANIZATION_ASSIGNMENT ( #328, #695, ( #1457 ) ) ;
#868 = PERSON_AND_ORGANIZATION_ROLE ( 'classification_officer' ) ;
#869 = AXIS2_PLACEMENT_3D ( 'NONE', #1026, #547, #845 ) ;
#870 = CARTESIAN_POINT ( 'NONE',  ( -55.00000000000000000, 5.000000000000004441, -47.75000000000000000 ) ) ;
#871 = DIRECTION ( 'NONE',  ( 0.000000000000000000, 0.000000000000000000, -1.000000000000000000 ) ) ;
#872 = ORIENTED_EDGE ( 'NONE', *, *, #674, .F. ) ;
#873 = CARTESIAN_POINT ( 'NONE',  ( -21.00000000000000000, 5.000000000000000000, 20.00000000000000000 ) ) ;
#874 = VERTEX_POINT ( 'NONE', #297 ) ;
#875 = CARTESIAN_POINT ( 'NONE',  ( -55.00000000000000000, 72.00000000000001421, -45.00000000000000000 ) ) ;
#876 = LINE ( 'NONE', #596, #69 ) ;
#877 = LINE ( 'NONE', #1383, #62 ) ;
#878 = DIRECTION ( 'NONE',  ( 0.000000000000000000, -0.000000000000000000, -1.000000000000000000 ) ) ;
#879 = ORIENTED_EDGE ( 'NONE', *, *, #1037, .F. ) ;
#880 = VECTOR ( 'NONE', #1390, 1000.000000000000000 ) ;
#881 = DIRECTION ( 'NONE',  ( 0.000000000000000000, 0.000000000000000000, 1.000000000000000000 ) ) ;
#882 = ORIENTED_EDGE ( 'NONE', *, *, #1054, .T. ) ;
#883 = EDGE_CURVE ( 'NONE', #967, #809, #1433, .T. ) ;
#884 = FACE_BOUND ( 'NONE', #1244, .T. ) ;
#885 = FACE_OUTER_BOUND ( 'NONE', #1377, .T. ) ;
#886 = VERTEX_POINT ( 'NONE', #691 ) ;
#887 = ADVANCED_FACE ( 'NONE', ( #63 ), #531, .F. ) ;
#888 = CARTESIAN_POINT ( 'NONE',  ( 0.000000000000000000, 43.00000000000000000, -18.00000000000000000 ) ) ;
#889 = ORIENTED_EDGE ( 'NONE', *, *, #394, .T. ) ;
#890 = DIRECTION ( 'NONE',  ( 0.000000000000000000, -1.000000000000000000, 0.000000000000000000 ) ) ;
#891 = DIRECTION ( 'NONE',  ( 0.000000000000000000, 1.000000000000000000, 0.000000000000000000 ) ) ;
#892 = LINE ( 'NONE', #1043, #940 ) ;
#893 = CARTESIAN_POINT ( 'NONE',  ( -21.00000000000000000, 5.000000000000000000, 20.00000000000000000 ) ) ;
#894 = EDGE_CURVE ( 'NONE', #1500, #192, #1041, .T. ) ;
#895 = AXIS2_PLACEMENT_3D ( 'NONE', #1346, #1550, #1155 ) ;
#896 = ORIENTED_EDGE ( 'NONE', *, *, #181, .F. ) ;
#897 = LINE ( 'NONE', #873, #1565 ) ;
#898 = CARTESIAN_POINT ( 'NONE',  ( -21.00000000000000000, 5.000000000000000000, 20.00000000000000000 ) ) ;
#899 = DIRECTION ( 'NONE',  ( 0.000000000000000000, 1.000000000000000000, 0.000000000000000000 ) ) ;
#900 = DIRECTION ( 'NONE',  ( -1.000000000000000000, -0.000000000000000000, -0.000000000000000000 ) ) ;
#901 = EDGE_LOOP ( 'NONE', ( #585, #1400, #692, #1051 ) ) ;
#902 = CARTESIAN_POINT ( 'NONE',  ( -35.00000000000000000, 30.00000000000000000, -12.00000000000000000 ) ) ;
#903 = EDGE_CURVE ( 'NONE', #78, #263, #1293, .T. ) ;
#904 = VERTEX_POINT ( 'NONE', #1206 ) ;
#905 = VECTOR ( 'NONE', #753, 1000.000000000000000 ) ;
#906 = CARTESIAN_POINT ( 'NONE',  ( 0.000000000000000000, 26.00000000000000000, 0.000000000000000000 ) ) ;
#907 = DIRECTION ( 'NONE',  ( 0.000000000000000000, 0.000000000000000000, 1.000000000000000000 ) ) ;
#908 = DIRECTION ( 'NONE',  ( 0.000000000000000000, 0.000000000000000000, 1.000000000000000000 ) ) ;
#909 = DIRECTION ( 'NONE',  ( -0.000000000000000000, 0.000000000000000000, 1.000000000000000000 ) ) ;
#910 = EDGE_LOOP ( 'NONE', ( #680, #64, #505, #415 ) ) ;
#911 = DIRECTION ( 'NONE',  ( 0.000000000000000000, 1.000000000000000000, 0.000000000000000000 ) ) ;
#912 = DIRECTION ( 'NONE',  ( 0.000000000000000000, 0.000000000000000000, -1.000000000000000000 ) ) ;
#913 = ORIENTED_EDGE ( 'NONE', *, *, #766, .T. ) ;
#914 = DIRECTION ( 'NONE',  ( 0.000000000000000000, 0.000000000000000000, -1.000000000000000000 ) ) ;
#915 = MANIFOLD_SOLID_BREP ( 'Bench_clamp_holes', #1202 ) ;
#916 = DIRECTION ( 'NONE',  ( -0.000000000000000000, 1.000000000000000000, -0.000000000000000000 ) ) ;
#917 = FACE_BOUND ( 'NONE', #813, .T. ) ;
#918 = CARTESIAN_POINT ( 'NONE',  ( -35.00000000000000000, 5.000000000000000000, 20.00000000000000000 ) ) ;
#919 = ORIENTED_EDGE ( 'NONE', *, *, #854, .T. ) ;
#920 = CARTESIAN_POINT ( 'NONE',  ( 0.000000000000000000, 55.00000000000000000, -9.000000000000000000 ) ) ;
#921 = ADVANCED_FACE ( 'NONE', ( #1553 ), #426, .F. ) ;
#922 = VERTEX_POINT ( 'NONE', #1302 ) ;
#923 = AXIS2_PLACEMENT_3D ( 'NONE', #483, #993, #1092 ) ;
#924 = FACE_OUTER_BOUND ( 'NONE', #1529, .T. ) ;
#925 = CARTESIAN_POINT ( 'NONE',  ( 70.00000000000000000, 0.000000000000000000, 60.00000000000000000 ) ) ;
#926 = VERTEX_POINT ( 'NONE', #1049 ) ;
#927 = DIRECTION ( 'NONE',  ( 0.000000000000000000, 0.000000000000000000, 1.000000000000000000 ) ) ;
#928 = CALENDAR_DATE ( 2026, 7, 9 ) ;
#929 = ORIENTED_EDGE ( 'NONE', *, *, #981, .F. ) ;
#930 = CARTESIAN_POINT ( 'NONE',  ( -55.00000000000000000, 0.000000000000000000, -45.00000000000000000 ) ) ;
#931 = AXIS2_PLACEMENT_3D ( 'NONE', #107, #1625, #1016 ) ;
#932 = CARTESIAN_POINT ( 'NONE',  ( -6.400000000000000355, 30.00000000000000000, 0.000000000000000000 ) ) ;
#933 = ADVANCED_FACE ( 'NONE', ( #286 ), #1561, .F. ) ;
#934 = ORIENTED_EDGE ( 'NONE', *, *, #1436, .T. ) ;
#935 = PLANE ( 'NONE',  #543 ) ;
#936 = ORIENTED_EDGE ( 'NONE', *, *, #1520, .F. ) ;
#937 = EDGE_CURVE ( 'NONE', #948, #32, #1144, .T. ) ;
#938 = VERTEX_POINT ( 'NONE', #925 ) ;
#939 = EDGE_CURVE ( 'NONE', #1364, #1235, #563, .T. ) ;
#940 = VECTOR ( 'NONE', #266, 1000.000000000000000 ) ;
#941 = DIRECTION ( 'NONE',  ( 0.000000000000000000, 0.000000000000000000, -1.000000000000000000 ) ) ;
#942 = EDGE_LOOP ( 'NONE', ( #144, #470, #1013, #1510 ) ) ;
#943 = DIRECTION ( 'NONE',  ( 0.000000000000000000, 1.000000000000000000, 0.000000000000000000 ) ) ;
#944 = ORIENTED_EDGE ( 'NONE', *, *, #21, .F. ) ;
#945 = EDGE_CURVE ( 'NONE', #382, #565, #806, .T. ) ;
#946 = AXIS2_PLACEMENT_3D ( 'NONE', #789, #311, #294 ) ;
#947 = DIRECTION ( 'NONE',  ( 0.000000000000000000, -1.000000000000000000, 0.000000000000000000 ) ) ;
#948 = VERTEX_POINT ( 'NONE', #1058 ) ;
#949 = DIRECTION ( 'NONE',  ( 0.000000000000000000, 0.000000000000000000, 1.000000000000000000 ) ) ;
#950 = APPROVAL_DATE_TIME ( #431, #1164 ) ;
#951 = VERTEX_POINT ( 'NONE', #1442 ) ;
#952 = EDGE_CURVE ( 'NONE', #1487, #498, #1449, .T. ) ;
#953 = CARTESIAN_POINT ( 'NONE',  ( -6.400000000000000355, 68.00000000000000000, 6.500000000000000000 ) ) ;
#954 = ORIENTED_EDGE ( 'NONE', *, *, #894, .F. ) ;
#955 = DIRECTION ( 'NONE',  ( 0.000000000000000000, 0.000000000000000000, -1.000000000000000000 ) ) ;
#956 = VECTOR ( 'NONE', #1226, 1000.000000000000000 ) ;
#957 = CC_DESIGN_SECURITY_CLASSIFICATION ( #1547, ( #1620 ) ) ;
#958 = VECTOR ( 'NONE', #418, 1000.000000000000000 ) ;
#959 = VERTEX_POINT ( 'NONE', #812 ) ;
#960 = FACE_OUTER_BOUND ( 'NONE', #533, .T. ) ;
#961 = VECTOR ( 'NONE', #340, 1000.000000000000000 ) ;
#962 = DIRECTION ( 'NONE',  ( 0.000000000000000000, -1.000000000000000000, 0.000000000000000000 ) ) ;
#963 = ORIENTED_EDGE ( 'NONE', *, *, #952, .F. ) ;
#964 = AXIS2_PLACEMENT_3D ( 'NONE', #1021, #784, #277 ) ;
#965 = APPROVAL_DATE_TIME ( #579, #1627 ) ;
#966 = EDGE_CURVE ( 'NONE', #853, #165, #685, .T. ) ;
#967 = VERTEX_POINT ( 'NONE', #1586 ) ;
#968 = LINE ( 'NONE', #88, #1120 ) ;
#969 = PLANE ( 'NONE',  #2 ) ;
#970 = DIRECTION ( 'NONE',  ( 0.000000000000000000, 0.000000000000000000, -1.000000000000000000 ) ) ;
#971 = EDGE_LOOP ( 'NONE', ( #556, #1239, #762, #1573 ) ) ;
#972 = AXIS2_PLACEMENT_3D ( 'NONE', #510, #1009, #1135 ) ;
#973 = FACE_OUTER_BOUND ( 'NONE', #540, .T. ) ;
#974 = CARTESIAN_POINT ( 'NONE',  ( -21.00000000000000355, 26.00000000000000000, -12.00000000000000000 ) ) ;
#975 = VERTEX_POINT ( 'NONE', #716 ) ;
#976 = DIRECTION ( 'NONE',  ( -0.000000000000000000, -1.000000000000000000, -0.000000000000000000 ) ) ;
#977 = ORIENTED_EDGE ( 'NONE', *, *, #1527, .T. ) ;
#978 = DIRECTION ( 'NONE',  ( -1.000000000000000000, 0.000000000000000000, -0.000000000000000000 ) ) ;
#979 = EDGE_CURVE ( 'NONE', #1235, #1102, #440, .T. ) ;
#980 = AXIS2_PLACEMENT_3D ( 'NONE', #734, #391, #1039 ) ;
#981 = EDGE_CURVE ( 'NONE', #975, #686, #1473, .T. ) ;
#982 = CARTESIAN_POINT ( 'NONE',  ( -35.00000000000000000, 68.00000000000000000, 20.00000000000000000 ) ) ;
#983 = CIRCLE ( 'NONE', #851, 9.000000000000000000 ) ;
#984 = VECTOR ( 'NONE', #94, 1000.000000000000000 ) ;
#985 = DIRECTION ( 'NONE',  ( 1.000000000000000000, 0.000000000000000000, 0.000000000000000000 ) ) ;
#986 = ORIENTED_EDGE ( 'NONE', *, *, #518, .T. ) ;
#987 = ADVANCED_FACE ( 'NONE', ( #1334 ), #1604, .F. ) ;
#988 = CARTESIAN_POINT ( 'NONE',  ( 0.000000000000000000, 43.00000000000000000, 0.000000000000000000 ) ) ;
#989 = ORIENTED_EDGE ( 'NONE', *, *, #619, .F. ) ;
#990 = LINE ( 'NONE', #857, #1066 ) ;
#991 = APPROVAL_STATUS ( 'not_yet_approved' ) ;
#992 = CIRCLE ( 'NONE', #1015, 18.00000000000000000 ) ;
#993 = DIRECTION ( 'NONE',  ( 0.000000000000000000, 1.000000000000000000, 0.000000000000000000 ) ) ;
#994 = DIRECTION ( 'NONE',  ( -0.000000000000000000, 1.000000000000000000, -0.000000000000000000 ) ) ;
#995 = ORIENTED_EDGE ( 'NONE', *, *, #1544, .F. ) ;
#996 = CARTESIAN_POINT ( 'NONE',  ( 55.00000000000000000, 5.000000000000004441, 47.75000000000000000 ) ) ;
#997 = CARTESIAN_POINT ( 'NONE',  ( 0.000000000000000000, 0.000000000000000000, 0.000000000000000000 ) ) ;
#998 = CARTESIAN_POINT ( 'NONE',  ( 70.00000000000000000, 5.000000000000000000, -60.00000000000000000 ) ) ;
#999 = DIRECTION ( 'NONE',  ( 0.000000000000000000, 0.000000000000000000, -1.000000000000000000 ) ) ;
#1000 = VERTEX_POINT ( 'NONE', #229 ) ;
#1001 = ADVANCED_FACE ( 'NONE', ( #1245 ), #584, .F. ) ;
#1002 = DIRECTION ( 'NONE',  ( 0.000000000000000000, 0.000000000000000000, -1.000000000000000000 ) ) ;
#1003 = EDGE_LOOP ( 'NONE', ( #599, #1298, #654, #549 ) ) ;
#1004 = DIRECTION ( 'NONE',  ( 0.000000000000000000, -1.000000000000000000, 0.000000000000000000 ) ) ;
#1005 = DIRECTION ( 'NONE',  ( 0.000000000000000000, 0.000000000000000000, -1.000000000000000000 ) ) ;
#1006 = EDGE_CURVE ( 'NONE', #382, #78, #500, .T. ) ;
#1007 = CARTESIAN_POINT ( 'NONE',  ( -21.00000000000000000, 68.00000000000000000, 20.00000000000000000 ) ) ;
#1008 = ORIENTED_EDGE ( 'NONE', *, *, #755, .F. ) ;
#1009 = DIRECTION ( 'NONE',  ( -0.000000000000000000, 1.000000000000000000, -0.000000000000000000 ) ) ;
#1010 = EDGE_LOOP ( 'NONE', ( #213, #96, #795, #226 ) ) ;
#1011 = CARTESIAN_POINT ( 'NONE',  ( -21.00000000000000355, 30.00000000000000000, 12.00000000000000000 ) ) ;
#1012 = DIRECTION ( 'NONE',  ( 1.000000000000000000, 0.000000000000000000, 0.000000000000000000 ) ) ;
#1013 = ORIENTED_EDGE ( 'NONE', *, *, #461, .T. ) ;
#1014 = CARTESIAN_POINT ( 'NONE',  ( 17.39999999999999858, 26.00000000000000000, 0.000000000000000000 ) ) ;
#1015 = AXIS2_PLACEMENT_3D ( 'NONE', #1287, #1151, #927 ) ;
#1016 = DIRECTION ( 'NONE',  ( 0.000000000000000000, 0.000000000000000000, -1.000000000000000000 ) ) ;
#1017 = ORIENTED_EDGE ( 'NONE', *, *, #903, .T. ) ;
#1018 = CARTESIAN_POINT ( 'NONE',  ( -55.00000000000000000, 0.000000000000000000, 45.00000000000000000 ) ) ;
#1019 = ORIENTED_EDGE ( 'NONE', *, *, #1406, .F. ) ;
#1020 = FACE_OUTER_BOUND ( 'NONE', #256, .T. ) ;
#1021 = CARTESIAN_POINT ( 'NONE',  ( -55.00000000000000000, 5.000000000000004441, -45.00000000000000000 ) ) ;
#1022 = VERTEX_POINT ( 'NONE', #1227 ) ;
#1023 = DIRECTION ( 'NONE',  ( 0.000000000000000000, 0.000000000000000000, 1.000000000000000000 ) ) ;
#1024 = AXIS2_PLACEMENT_3D ( 'NONE', #637, #1130, #1258 ) ;
#1025 = ORIENTED_EDGE ( 'NONE', *, *, #196, .T. ) ;
#1026 = CARTESIAN_POINT ( 'NONE',  ( -70.00000000000000000, 5.000000000000000000, -60.00000000000000000 ) ) ;
#1027 = CARTESIAN_POINT ( 'NONE',  ( 70.00000000000000000, 5.000000000000000000, 60.00000000000000000 ) ) ;
#1028 = DIRECTION ( 'NONE',  ( 0.000000000000000000, 0.000000000000000000, 1.000000000000000000 ) ) ;
#1029 = DIRECTION ( 'NONE',  ( 0.000000000000000000, 0.000000000000000000, 1.000000000000000000 ) ) ;
#1030 = LINE ( 'NONE', #5, #1040 ) ;
#1031 = EDGE_CURVE ( 'NONE', #874, #926, #1309, .T. ) ;
#1032 = ORIENTED_EDGE ( 'NONE', *, *, #176, .T. ) ;
#1033 = EDGE_LOOP ( 'NONE', ( #1592, #1050 ) ) ;
#1034 = VECTOR ( 'NONE', #27, 1000.000000000000000 ) ;
#1035 = CARTESIAN_POINT ( 'NONE',  ( 20.00000000000000000, 25.99999999999999645, 0.000000000000000000 ) ) ;
#1036 = CIRCLE ( 'NONE', #331, 2.750000000000002665 ) ;
#1037 = EDGE_CURVE ( 'NONE', #263, #565, #1444, .T. ) ;
#1038 = DIRECTION ( 'NONE',  ( 0.000000000000000000, 0.000000000000000000, 1.000000000000000000 ) ) ;
#1039 = DIRECTION ( 'NONE',  ( 0.000000000000000000, -0.000000000000000000, 1.000000000000000000 ) ) ;
#1040 = VECTOR ( 'NONE', #1410, 1000.000000000000000 ) ;
#1041 = LINE ( 'NONE', #1190, #830 ) ;
#1042 = EDGE_LOOP ( 'NONE', ( #385, #1507 ) ) ;
#1043 = CARTESIAN_POINT ( 'NONE',  ( 20.00000000000000000, 68.00000000000000000, 1.299999999999999156 ) ) ;
#1044 = EDGE_LOOP ( 'NONE', ( #371, #592, #1091, #1259 ) ) ;
#1045 = EDGE_LOOP ( 'NONE', ( #1214, #1073 ) ) ;
#1046 = EDGE_CURVE ( 'NONE', #1526, #1257, #583, .T. ) ;
#1047 = CIRCLE ( 'NONE', #1422, 14.00000000000000000 ) ;
#1048 = FACE_OUTER_BOUND ( 'NONE', #910, .T. ) ;
#1049 = CARTESIAN_POINT ( 'NONE',  ( 1.714505518806294638E-15, 47.99999999999999289, 14.00000000000000000 ) ) ;
#1050 = ORIENTED_EDGE ( 'NONE', *, *, #58, .F. ) ;
#1051 = ORIENTED_EDGE ( 'NONE', *, *, #1523, .T. ) ;
#1052 = ORIENTED_EDGE ( 'NONE', *, *, #1283, .F. ) ;
#1053 = AXIS2_PLACEMENT_3D ( 'NONE', #988, #1415, #1218 ) ;
#1054 = EDGE_CURVE ( 'NONE', #1000, #904, #1467, .T. ) ;
#1055 = CARTESIAN_POINT ( 'NONE',  ( 0.000000000000000000, 63.00000000000000000, 0.000000000000000000 ) ) ;
#1056 = DIRECTION ( 'NONE',  ( -0.000000000000000000, 1.000000000000000000, -0.000000000000000000 ) ) ;
#1057 = EDGE_CURVE ( 'NONE', #1589, #853, #325, .T. ) ;
#1058 = CARTESIAN_POINT ( 'NONE',  ( 55.00000000000000000, 0.000000000000000000, 47.75000000000000000 ) ) ;
#1059 = FACE_BOUND ( 'NONE', #80, .T. ) ;
#1060 = ORIENTED_EDGE ( 'NONE', *, *, #122, .T. ) ;
#1061 = APPROVAL_ROLE ( '' ) ;
#1062 = ADVANCED_FACE ( 'NONE', ( #732 ), #1104, .F. ) ;
#1063 = VERTEX_POINT ( 'NONE', #99 ) ;
#1064 = AXIS2_PLACEMENT_3D ( 'NONE', #1416, #1056, #303 ) ;
#1065 = CARTESIAN_POINT ( 'NONE',  ( 55.00000000000000000, 0.000000000000000000, -47.75000000000000000 ) ) ;
#1066 = VECTOR ( 'NONE', #614, 1000.000000000000000 ) ;
#1067 = LINE ( 'NONE', #1101, #1382 ) ;
#1068 = DIRECTION ( 'NONE',  ( 0.000000000000000000, 0.000000000000000000, -1.000000000000000000 ) ) ;
#1069 = VECTOR ( 'NONE', #912, 1000.000000000000000 ) ;
#1070 = CARTESIAN_POINT ( 'NONE',  ( 20.00000000000000000, 30.00000000000000000, 0.000000000000000000 ) ) ;
#1071 = PERSON_AND_ORGANIZATION ( #270, #852 ) ;
#1072 = EDGE_CURVE ( 'NONE', #1182, #948, #1610, .T. ) ;
#1073 = ORIENTED_EDGE ( 'NONE', *, *, #161, .T. ) ;
#1074 = CC_DESIGN_DATE_AND_TIME_ASSIGNMENT ( #743, #1351, ( #1547 ) ) ;
#1075 = AXIS2_PLACEMENT_3D ( 'NONE', #403, #911, #1555 ) ;
#1076 = DIRECTION ( 'NONE',  ( -0.000000000000000000, -0.000000000000000000, 1.000000000000000000 ) ) ;
#1077 = ORIENTED_EDGE ( 'NONE', *, *, #58, .T. ) ;
#1078 = PLANE ( 'NONE',  #1125 ) ;
#1079 = EDGE_CURVE ( 'NONE', #686, #1534, #847, .T. ) ;
#1080 = EDGE_LOOP ( 'NONE', ( #364, #1274, #1313, #1546 ) ) ;
#1081 = CARTESIAN_POINT ( 'NONE',  ( -35.00000000000000000, 68.00000000000000000, 20.00000000000000000 ) ) ;
#1082 = VERTEX_POINT ( 'NONE', #1081 ) ;
#1083 = DIRECTION ( 'NONE',  ( 0.000000000000000000, 0.000000000000000000, 1.000000000000000000 ) ) ;
#1084 = ORIENTED_EDGE ( 'NONE', *, *, #1455, .F. ) ;
#1085 = FACE_BOUND ( 'NONE', #942, .T. ) ;
#1086 = LINE ( 'NONE', #571, #655 ) ;
#1087 = EDGE_CURVE ( 'NONE', #959, #1304, #454, .T. ) ;
#1088 = ORIENTED_EDGE ( 'NONE', *, *, #1072, .F. ) ;
#1089 = CARTESIAN_POINT ( 'NONE',  ( -21.00000000000000000, 5.000000000000000000, 20.00000000000000000 ) ) ;
#1090 = APPROVAL_PERSON_ORGANIZATION ( #74, #1627, #719 ) ;
#1091 = ORIENTED_EDGE ( 'NONE', *, *, #1204, .F. ) ;
#1092 = DIRECTION ( 'NONE',  ( 0.000000000000000000, 0.000000000000000000, 1.000000000000000000 ) ) ;
#1093 = AXIS2_PLACEMENT_3D ( 'NONE', #1220, #84, #1464 ) ;
#1094 = CARTESIAN_POINT ( 'NONE',  ( -21.00000000000000000, 5.000000000000000000, 12.00000000000000000 ) ) ;
#1095 = EDGE_CURVE ( 'NONE', #1368, #1194, #1086, .T. ) ;
#1096 = DIRECTION ( 'NONE',  ( -0.000000000000000000, 1.000000000000000000, -0.000000000000000000 ) ) ;
#1097 = ORIENTED_EDGE ( 'NONE', *, *, #952, .T. ) ;
#1098 = DIRECTION ( 'NONE',  ( 0.000000000000000000, 0.000000000000000000, -1.000000000000000000 ) ) ;
#1099 = CALENDAR_DATE ( 2026, 7, 9 ) ;
#1100 = CARTESIAN_POINT ( 'NONE',  ( -35.00000000000000000, 43.00000000000000000, -20.00000000000000000 ) ) ;
#1101 = CARTESIAN_POINT ( 'NONE',  ( 0.000000000000000000, 30.00000000000000000, 6.500000000000000000 ) ) ;
#1102 = VERTEX_POINT ( 'NONE', #1112 ) ;
#1103 = ADVANCED_FACE ( 'NONE', ( #700 ), #1213, .F. ) ;
#1104 = CYLINDRICAL_SURFACE ( 'NONE', #104, 2.750000000000002665 ) ;
#1105 = VERTEX_POINT ( 'NONE', #1340 ) ;
#1106 = CIRCLE ( 'NONE', #51, 11.09999999999999964 ) ;
#1107 = EDGE_CURVE ( 'NONE', #769, #1368, #203, .T. ) ;
#1108 = DIRECTION ( 'NONE',  ( 0.000000000000000000, -0.000000000000000000, -1.000000000000000000 ) ) ;
#1109 = LINE ( 'NONE', #224, #782 ) ;
#1110 = ADVANCED_FACE ( 'NONE', ( #127 ), #739, .F. ) ;
#1111 = ORIENTED_EDGE ( 'NONE', *, *, #85, .F. ) ;
#1112 = CARTESIAN_POINT ( 'NONE',  ( -6.400000000000000355, 25.99999999999999645, 6.500000000000000000 ) ) ;
#1113 = EDGE_LOOP ( 'NONE', ( #1279, #539, #1356, #508 ) ) ;
#1114 = DIRECTION ( 'NONE',  ( 0.000000000000000000, 0.000000000000000000, -1.000000000000000000 ) ) ;
#1115 = APPROVAL_ROLE ( '' ) ;
#1116 = AXIS2_PLACEMENT_3D ( 'NONE', #1137, #1407, #1148 ) ;
#1117 = CARTESIAN_POINT ( 'NONE',  ( -70.00000000000000000, 5.000000000000000000, 60.00000000000000000 ) ) ;
#1118 = VECTOR ( 'NONE', #548, 1000.000000000000000 ) ;
#1119 = ADVANCED_FACE ( 'NONE', ( #1250 ), #254, .F. ) ;
#1120 = VECTOR ( 'NONE', #1607, 1000.000000000000000 ) ;
#1121 = ORIENTED_EDGE ( 'NONE', *, *, #1564, .F. ) ;
#1122 = DIRECTION ( 'NONE',  ( -1.000000000000000000, 0.000000000000000000, -0.000000000000000000 ) ) ;
#1123 = VERTEX_POINT ( 'NONE', #1518 ) ;
#1124 = DIRECTION ( 'NONE',  ( -0.000000000000000000, 1.000000000000000000, -0.000000000000000000 ) ) ;
#1125 = AXIS2_PLACEMENT_3D ( 'NONE', #199, #1434, #836 ) ;
#1126 = EDGE_CURVE ( 'NONE', #511, #52, #628, .T. ) ;
#1127 = DIRECTION ( 'NONE',  ( 0.000000000000000000, 0.000000000000000000, -1.000000000000000000 ) ) ;
#1128 = FACE_BOUND ( 'NONE', #1033, .T. ) ;
#1129 = ORIENTED_EDGE ( 'NONE', *, *, #527, .F. ) ;
#1130 = DIRECTION ( 'NONE',  ( -1.000000000000000000, 0.000000000000000000, 0.000000000000000000 ) ) ;
#1131 = ORIENTED_EDGE ( 'NONE', *, *, #1399, .T. ) ;
#1132 = CARTESIAN_POINT ( 'NONE',  ( -70.00000000000000000, 0.000000000000000000, -60.00000000000000000 ) ) ;
#1133 = DIRECTION ( 'NONE',  ( 1.000000000000000000, 0.000000000000000000, 0.000000000000000000 ) ) ;
#1134 = ORIENTED_EDGE ( 'NONE', *, *, #336, .T. ) ;
#1135 = DIRECTION ( 'NONE',  ( 0.000000000000000000, 0.000000000000000000, -1.000000000000000000 ) ) ;
#1136 = EDGE_LOOP ( 'NONE', ( #433, #1567, #1583, #45 ) ) ;
#1137 = CARTESIAN_POINT ( 'NONE',  ( 0.000000000000000000, 72.00000000000001421, 0.000000000000000000 ) ) ;
#1138 = DIRECTION ( 'NONE',  ( 0.000000000000000000, -1.000000000000000000, 0.000000000000000000 ) ) ;
#1139 = PLANE ( 'NONE',  #858 ) ;
#1140 = CARTESIAN_POINT ( 'NONE',  ( -70.00000000000000000, 5.000000000000000000, -60.00000000000000000 ) ) ;
#1141 = VECTOR ( 'NONE', #890, 1000.000000000000000 ) ;
#1142 = FACE_OUTER_BOUND ( 'NONE', #901, .T. ) ;
#1143 = ORIENTED_EDGE ( 'NONE', *, *, #538, .T. ) ;
#1144 = CIRCLE ( 'NONE', #1576, 2.750000000000002665 ) ;
#1145 = AXIS2_PLACEMENT_3D ( 'NONE', #597, #737, #1127 ) ;
#1146 = PLANE ( 'NONE',  #184 ) ;
#1147 = ORIENTED_EDGE ( 'NONE', *, *, #232, .F. ) ;
#1148 = DIRECTION ( 'NONE',  ( 0.000000000000000000, 0.000000000000000000, -1.000000000000000000 ) ) ;
#1149 = CARTESIAN_POINT ( 'NONE',  ( -21.00000000000000000, 39.00000000000000000, -20.00000000000000000 ) ) ;
#1150 = ADVANCED_FACE ( 'NONE', ( #751 ), #1146, .T. ) ;
#1151 = DIRECTION ( 'NONE',  ( 0.000000000000000000, 1.000000000000000000, 0.000000000000000000 ) ) ;
#1152 = VERTEX_POINT ( 'NONE', #1393 ) ;
#1153 = CIRCLE ( 'NONE', #728, 2.750000000000002665 ) ;
#1154 = ORIENTED_EDGE ( 'NONE', *, *, #1107, .T. ) ;
#1155 = DIRECTION ( 'NONE',  ( 1.000000000000000000, 0.000000000000000000, 0.000000000000000000 ) ) ;
#1156 = CARTESIAN_POINT ( 'NONE',  ( 18.00000000000000000, 43.00000000000000000, 20.00000000000000000 ) ) ;
#1157 = EDGE_CURVE ( 'NONE', #1394, #1487, #1106, .T. ) ;
#1158 = DIRECTION ( 'NONE',  ( 0.000000000000000000, 0.000000000000000000, -1.000000000000000000 ) ) ;
#1159 = ORIENTED_EDGE ( 'NONE', *, *, #1537, .T. ) ;
#1160 = EDGE_CURVE ( 'NONE', #1182, #269, #767, .T. ) ;
#1161 =( NAMED_UNIT ( * ) PLANE_ANGLE_UNIT ( ) SI_UNIT ( $, .RADIAN. ) );
#1162 = AXIS2_PLACEMENT_3D ( 'NONE', #796, #528, #839 ) ;
#1163 = VERTEX_POINT ( 'NONE', #888 ) ;
#1164 = APPROVAL ( #1566, 'UNSPECIFIED' ) ;
#1165 = LINE ( 'NONE', #664, #20 ) ;
#1166 = DIRECTION ( 'NONE',  ( -0.000000000000000000, -1.000000000000000000, -0.000000000000000000 ) ) ;
#1167 = LINE ( 'NONE', #383, #1543 ) ;
#1168 = DIRECTION ( 'NONE',  ( 0.000000000000000000, -1.000000000000000000, 0.000000000000000000 ) ) ;
#1169 = EDGE_LOOP ( 'NONE', ( #1131, #40 ) ) ;
#1170 = CARTESIAN_POINT ( 'NONE',  ( -35.00000000000000000, 68.00000000000000000, -20.00000000000000000 ) ) ;
#1171 = ORIENTED_EDGE ( 'NONE', *, *, #1046, .F. ) ;
#1172 = DIRECTION ( 'NONE',  ( -0.000000000000000000, -1.000000000000000000, -0.000000000000000000 ) ) ;
#1173 = AXIS2_PLACEMENT_3D ( 'NONE', #529, #682, #1038 ) ;
#1174 = ADVANCED_FACE ( 'NONE', ( #770 ), #1284, .F. ) ;
#1175 = ORIENTED_EDGE ( 'NONE', *, *, #966, .F. ) ;
#1176 = CIRCLE ( 'NONE', #1411, 9.000000000000000000 ) ;
#1177 = CARTESIAN_POINT ( 'NONE',  ( -21.00000000000000000, 5.000000000000000000, -12.00000000000000000 ) ) ;
#1178 = VECTOR ( 'NONE', #658, 1000.000000000000000 ) ;
#1179 = DIRECTION ( 'NONE',  ( -0.000000000000000000, -1.000000000000000000, -0.000000000000000000 ) ) ;
#1180 = FACE_OUTER_BOUND ( 'NONE', #1045, .T. ) ;
#1181 = CARTESIAN_POINT ( 'NONE',  ( -70.00000000000000000, 0.000000000000000000, -60.00000000000000000 ) ) ;
#1182 = VERTEX_POINT ( 'NONE', #996 ) ;
#1183 = CARTESIAN_POINT ( 'NONE',  ( 70.00000000000000000, 5.000000000000000000, 60.00000000000000000 ) ) ;
#1184 = EDGE_CURVE ( 'NONE', #1534, #634, #1501, .T. ) ;
#1185 = ORIENTED_EDGE ( 'NONE', *, *, #394, .F. ) ;
#1186 = AXIS2_PLACEMENT_3D ( 'NONE', #1581, #1209, #1083 ) ;
#1187 = FACE_OUTER_BOUND ( 'NONE', #1010, .T. ) ;
#1188 = CARTESIAN_POINT ( 'NONE',  ( 1.359357947053562156E-15, 72.00000000000001421, 11.09999999999999964 ) ) ;
#1189 = CARTESIAN_POINT ( 'NONE',  ( 18.00000000000000000, 39.00000000000000000, 20.00000000000000000 ) ) ;
#1190 = CARTESIAN_POINT ( 'NONE',  ( -70.00000000000000000, 5.000000000000000000, 60.00000000000000000 ) ) ;
#1191 = EDGE_CURVE ( 'NONE', #1568, #209, #897, .T. ) ;
#1192 = ORIENTED_EDGE ( 'NONE', *, *, #564, .F. ) ;
#1193 = CARTESIAN_POINT ( 'NONE',  ( 2.204364238465235428E-15, 47.99999999999999289, 18.00000000000000000 ) ) ;
#1194 = VERTEX_POINT ( 'NONE', #237 ) ;
#1195 = ORIENTED_EDGE ( 'NONE', *, *, #122, .F. ) ;
#1196 = AXIS2_PLACEMENT_3D ( 'NONE', #1018, #1528, #1002 ) ;
#1197 = DIRECTION ( 'NONE',  ( 0.000000000000000000, 0.000000000000000000, -1.000000000000000000 ) ) ;
#1198 = CARTESIAN_POINT ( 'NONE',  ( -55.00000000000000000, 72.00000000000001421, -42.24999999999999289 ) ) ;
#1199 = ORIENTED_EDGE ( 'NONE', *, *, #1452, .F. ) ;
#1200 = CARTESIAN_POINT ( 'NONE',  ( -55.00000000000000000, 0.000000000000000000, 42.24999999999999289 ) ) ;
#1201 = EDGE_LOOP ( 'NONE', ( #309, #424, #617, #786 ) ) ;
#1202 = CLOSED_SHELL ( 'NONE', ( #469, #788, #711, #1119, #1174, #1425, #1384, #933, #1103, #635, #921, #476, #1236, #73, #568, #1303, #281, #282, #683, #247, #1369, #636, #380, #324, #987, #396, #211, #602, #1623, #1110, #689, #1150, #310, #1332, #502, #887, #416, #253, #1585, #1252, #690, #1233, #482, #570, #464, #1344, #1288, #1062, #1001, #1490 ) ) ;
#1203 = AXIS2_PLACEMENT_3D ( 'NONE', #1385, #758, #1403 ) ;
#1204 = EDGE_CURVE ( 'NONE', #52, #1316, #134, .T. ) ;
#1205 = CIRCLE ( 'NONE', #750, 9.000000000000000000 ) ;
#1206 = CARTESIAN_POINT ( 'NONE',  ( -55.00000000000000000, 5.000000000000004441, 42.24999999999999289 ) ) ;
#1207 = ORIENTED_EDGE ( 'NONE', *, *, #1057, .F. ) ;
#1208 =( GEOMETRIC_REPRESENTATION_CONTEXT ( 3 ) GLOBAL_UNCERTAINTY_ASSIGNED_CONTEXT ( ( #406 ) ) GLOBAL_UNIT_ASSIGNED_CONTEXT ( ( #23, #1161, #537 ) ) REPRESENTATION_CONTEXT ( 'NONE', 'WORKASPACE' ) );
#1209 = DIRECTION ( 'NONE',  ( 0.000000000000000000, 1.000000000000000000, 0.000000000000000000 ) ) ;
#1210 = COORDINATED_UNIVERSAL_TIME_OFFSET ( 6, 0, .BEHIND. ) ;
#1211 = VERTEX_POINT ( 'NONE', #1636 ) ;
#1212 = AXIS2_PLACEMENT_3D ( 'NONE', #408, #916, #1197 ) ;
#1213 = CYLINDRICAL_SURFACE ( 'NONE', #842, 1.300000000000000044 ) ;
#1214 = ORIENTED_EDGE ( 'NONE', *, *, #348, .T. ) ;
#1215 = FACE_OUTER_BOUND ( 'NONE', #777, .T. ) ;
#1216 = DATE_TIME_ROLE ( 'creation_date' ) ;
#1217 = VERTEX_POINT ( 'NONE', #492 ) ;
#1218 = DIRECTION ( 'NONE',  ( 0.000000000000000000, -0.000000000000000000, -1.000000000000000000 ) ) ;
#1219 = EDGE_CURVE ( 'NONE', #300, #1637, #261, .T. ) ;
#1220 = CARTESIAN_POINT ( 'NONE',  ( 0.000000000000000000, 47.99999999999999289, 0.000000000000000000 ) ) ;
#1221 = ORIENTED_EDGE ( 'NONE', *, *, #755, .T. ) ;
#1222 = PLANE ( 'NONE',  #316 ) ;
#1223 = ORIENTED_EDGE ( 'NONE', *, *, #627, .F. ) ;
#1224 = EDGE_CURVE ( 'NONE', #1063, #809, #1372, .T. ) ;
#1225 = FACE_OUTER_BOUND ( 'NONE', #816, .T. ) ;
#1226 = DIRECTION ( 'NONE',  ( 0.000000000000000000, 0.000000000000000000, -1.000000000000000000 ) ) ;
#1227 = CARTESIAN_POINT ( 'NONE',  ( 1.359357947053562156E-15, 55.00000000000000000, 11.09999999999999964 ) ) ;
#1228 = EDGE_LOOP ( 'NONE', ( #1088, #381, #200, #320 ) ) ;
#1229 = VECTOR ( 'NONE', #1076, 1000.000000000000000 ) ;
#1230 = CALENDAR_DATE ( 2026, 7, 9 ) ;
#1231 = LINE ( 'NONE', #87, #43 ) ;
#1232 = DIRECTION ( 'NONE',  ( 0.000000000000000000, -1.000000000000000000, 0.000000000000000000 ) ) ;
#1233 = ADVANCED_FACE ( 'NONE', ( #390, #1387 ), #761, .T. ) ;
#1234 = LINE ( 'NONE', #1094, #694 ) ;
#1235 = VERTEX_POINT ( 'NONE', #480 ) ;
#1236 = ADVANCED_FACE ( 'NONE', ( #145 ), #1616, .F. ) ;
#1237 = DIRECTION ( 'NONE',  ( 0.000000000000000000, -1.000000000000000000, 0.000000000000000000 ) ) ;
#1238 = AXIS2_PLACEMENT_3D ( 'NONE', #1070, #49, #955 ) ;
#1239 = ORIENTED_EDGE ( 'NONE', *, *, #979, .T. ) ;
#1240 = FACE_BOUND ( 'NONE', #1169, .T. ) ;
#1241 = EDGE_CURVE ( 'NONE', #951, #1568, #169, .T. ) ;
#1242 = PRODUCT ( 'ARM-001_Base_pedestal', 'ARM-001_Base_pedestal', '', ( #497 ) ) ;
#1243 = DIRECTION ( 'NONE',  ( 0.000000000000000000, 0.000000000000000000, -1.000000000000000000 ) ) ;
#1244 = EDGE_LOOP ( 'NONE', ( #536, #1008 ) ) ;
#1245 = FACE_OUTER_BOUND ( 'NONE', #807, .T. ) ;
#1246 = ORIENTED_EDGE ( 'NONE', *, *, #587, .F. ) ;
#1247 = CIRCLE ( 'NONE', #1590, 2.750000000000002665 ) ;
#1248 = CARTESIAN_POINT ( 'NONE',  ( 55.00000000000000000, 72.00000000000001421, 45.00000000000000000 ) ) ;
#1249 = ORIENTED_EDGE ( 'NONE', *, *, #1476, .T. ) ;
#1250 = FACE_OUTER_BOUND ( 'NONE', #1453, .T. ) ;
#1251 = ORIENTED_EDGE ( 'NONE', *, *, #1350, .T. ) ;
#1252 = ADVANCED_FACE ( 'NONE', ( #1048 ), #1469, .T. ) ;
#1253 = CARTESIAN_POINT ( 'NONE',  ( 55.00000000000000000, 0.000000000000000000, -45.00000000000000000 ) ) ;
#1254 = DIRECTION ( 'NONE',  ( -0.000000000000000000, -1.000000000000000000, -0.000000000000000000 ) ) ;
#1255 = DIRECTION ( 'NONE',  ( -0.000000000000000000, -1.000000000000000000, -0.000000000000000000 ) ) ;
#1256 = FACE_OUTER_BOUND ( 'NONE', #1642, .T. ) ;
#1257 = VERTEX_POINT ( 'NONE', #162 ) ;
#1258 = DIRECTION ( 'NONE',  ( 0.000000000000000000, 0.000000000000000000, 1.000000000000000000 ) ) ;
#1259 = ORIENTED_EDGE ( 'NONE', *, *, #817, .T. ) ;
#1260 = CARTESIAN_POINT ( 'NONE',  ( 55.00000000000000000, 72.00000000000001421, -45.00000000000000000 ) ) ;
#1261 = CIRCLE ( 'NONE', #1186, 18.00000000000000000 ) ;
#1262 = DIRECTION ( 'NONE',  ( 0.000000000000000000, 1.000000000000000000, 0.000000000000000000 ) ) ;
#1263 = PLANE ( 'NONE',  #780 ) ;
#1264 = ORIENTED_EDGE ( 'NONE', *, *, #423, .F. ) ;
#1265 = EDGE_CURVE ( 'NONE', #1152, #922, #1247, .T. ) ;
#1266 = CARTESIAN_POINT ( 'NONE',  ( 0.000000000000000000, 72.00000000000001421, 0.000000000000000000 ) ) ;
#1267 = ORIENTED_EDGE ( 'NONE', *, *, #1079, .T. ) ;
#1268 = CARTESIAN_POINT ( 'NONE',  ( 18.00000000000000000, 43.00000000000000000, 0.000000000000000000 ) ) ;
#1269 = VECTOR ( 'NONE', #656, 1000.000000000000000 ) ;
#1270 = LINE ( 'NONE', #535, #438 ) ;
#1271 = PLANE ( 'NONE',  #499 ) ;
#1272 = EDGE_LOOP ( 'NONE', ( #1594, #740 ) ) ;
#1273 = DIRECTION ( 'NONE',  ( 0.000000000000000000, 0.000000000000000000, -1.000000000000000000 ) ) ;
#1274 = ORIENTED_EDGE ( 'NONE', *, *, #833, .F. ) ;
#1275 = DIRECTION ( 'NONE',  ( -0.000000000000000000, -1.000000000000000000, -0.000000000000000000 ) ) ;
#1276 = DIRECTION ( 'NONE',  ( 0.000000000000000000, 0.000000000000000000, -1.000000000000000000 ) ) ;
#1277 = LINE ( 'NONE', #1183, #1471 ) ;
#1278 = AXIS2_PLACEMENT_3D ( 'NONE', #1285, #409, #908 ) ;
#1279 = ORIENTED_EDGE ( 'NONE', *, *, #53, .F. ) ;
#1280 = VECTOR ( 'NONE', #1286, 1000.000000000000000 ) ;
#1281 = EDGE_CURVE ( 'NONE', #1423, #129, #467, .T. ) ;
#1282 = AXIS2_PLACEMENT_3D ( 'NONE', #386, #1262, #279 ) ;
#1283 = EDGE_CURVE ( 'NONE', #1589, #1500, #283, .T. ) ;
#1284 = CYLINDRICAL_SURFACE ( 'NONE', #1532, 9.000000000000000000 ) ;
#1285 = CARTESIAN_POINT ( 'NONE',  ( 0.000000000000000000, 72.00000000000001421, 0.000000000000000000 ) ) ;
#1286 = DIRECTION ( 'NONE',  ( -0.000000000000000000, -1.000000000000000000, -0.000000000000000000 ) ) ;
#1287 = CARTESIAN_POINT ( 'NONE',  ( 0.000000000000000000, 43.00000000000000000, 0.000000000000000000 ) ) ;
#1288 = ADVANCED_FACE ( 'NONE', ( #924 ), #575, .F. ) ;
#1289 = AXIS2_PLACEMENT_3D ( 'NONE', #997, #718, #1108 ) ;
#1290 = ORIENTED_EDGE ( 'NONE', *, *, #1622, .T. ) ;
#1291 = CARTESIAN_POINT ( 'NONE',  ( -35.00000000000000000, 5.000000000000000000, 20.00000000000000000 ) ) ;
#1292 = FACE_OUTER_BOUND ( 'NONE', #1113, .T. ) ;
#1293 = LINE ( 'NONE', #1570, #218 ) ;
#1294 = ORIENTED_EDGE ( 'NONE', *, *, #1219, .F. ) ;
#1295 = DIRECTION ( 'NONE',  ( -0.000000000000000000, -0.000000000000000000, -1.000000000000000000 ) ) ;
#1296 = LINE ( 'NONE', #14, #332 ) ;
#1297 = ORIENTED_EDGE ( 'NONE', *, *, #136, .T. ) ;
#1298 = ORIENTED_EDGE ( 'NONE', *, *, #367, .T. ) ;
#1299 = LINE ( 'NONE', #1177, #443 ) ;
#1300 = CARTESIAN_POINT ( 'NONE',  ( 70.00000000000000000, 5.000000000000000000, -60.00000000000000000 ) ) ;
#1301 = DIRECTION ( 'NONE',  ( 0.000000000000000000, 0.000000000000000000, 1.000000000000000000 ) ) ;
#1302 = CARTESIAN_POINT ( 'NONE',  ( -55.00000000000000000, 0.000000000000000000, -42.24999999999999289 ) ) ;
#1303 = ADVANCED_FACE ( 'NONE', ( #76, #338, #960, #1085 ), #1595, .T. ) ;
#1304 = VERTEX_POINT ( 'NONE', #26 ) ;
#1305 = DIRECTION ( 'NONE',  ( 0.000000000000000000, 0.000000000000000000, 1.000000000000000000 ) ) ;
#1306 = CIRCLE ( 'NONE', #1212, 2.750000000000002665 ) ;
#1307 = EDGE_LOOP ( 'NONE', ( #360, #221, #1052, #293 ) ) ;
#1308 = VERTEX_POINT ( 'NONE', #451 ) ;
#1309 = CIRCLE ( 'NONE', #1093, 14.00000000000000000 ) ;
#1310 = EDGE_CURVE ( 'NONE', #1568, #92, #1165, .T. ) ;
#1311 = DIRECTION ( 'NONE',  ( 0.000000000000000000, -1.000000000000000000, 0.000000000000000000 ) ) ;
#1312 = DIRECTION ( 'NONE',  ( 0.000000000000000000, 0.000000000000000000, -1.000000000000000000 ) ) ;
#1313 = ORIENTED_EDGE ( 'NONE', *, *, #1503, .F. ) ;
#1314 = FACE_OUTER_BOUND ( 'NONE', #705, .T. ) ;
#1315 = ORIENTED_EDGE ( 'NONE', *, *, #801, .F. ) ;
#1316 = VERTEX_POINT ( 'NONE', #673 ) ;
#1317 = CARTESIAN_POINT ( 'NONE',  ( -55.00000000000000000, 72.00000000000001421, 45.00000000000000000 ) ) ;
#1318 = PRODUCT_RELATED_PRODUCT_CATEGORY ( 'detail', '', ( #1242 ) ) ;
#1319 = PLANE ( 'NONE',  #202 ) ;
#1320 = DIRECTION ( 'NONE',  ( -0.000000000000000000, 1.000000000000000000, -0.000000000000000000 ) ) ;
#1321 = ORIENTED_EDGE ( 'NONE', *, *, #1281, .T. ) ;
#1322 = LINE ( 'NONE', #557, #1363 ) ;
#1323 = ORIENTED_EDGE ( 'NONE', *, *, #53, .T. ) ;
#1324 = AXIS2_PLACEMENT_3D ( 'NONE', #1508, #373, #881 ) ;
#1325 = CARTESIAN_POINT ( 'NONE',  ( -6.400000000000000355, 26.00000000000000000, 0.000000000000000000 ) ) ;
#1326 = ORIENTED_EDGE ( 'NONE', *, *, #1350, .F. ) ;
#1327 = DIRECTION ( 'NONE',  ( 0.000000000000000000, 0.000000000000000000, -1.000000000000000000 ) ) ;
#1328 = EDGE_LOOP ( 'NONE', ( #1249, #1111, #613, #848 ) ) ;
#1329 = CIRCLE ( 'NONE', #1064, 2.750000000000002665 ) ;
#1330 = EDGE_CURVE ( 'NONE', #565, #263, #684, .T. ) ;
#1331 = CIRCLE ( 'NONE', #193, 14.00000000000000000 ) ;
#1332 = ADVANCED_FACE ( 'NONE', ( #1187 ), #398, .T. ) ;
#1333 = AXIS2_PLACEMENT_3D ( 'NONE', #1260, #19, #1005 ) ;
#1334 = FACE_OUTER_BOUND ( 'NONE', #1412, .T. ) ;
#1335 = ORIENTED_EDGE ( 'NONE', *, *, #817, .F. ) ;
#1336 = LINE ( 'NONE', #456, #357 ) ;
#1337 = CC_DESIGN_PERSON_AND_ORGANIZATION_ASSIGNMENT ( #103, #603, ( #1620 ) ) ;
#1338 = ORIENTED_EDGE ( 'NONE', *, *, #1095, .F. ) ;
#1339 = AXIS2_PLACEMENT_3D ( 'NONE', #1459, #943, #1451 ) ;
#1340 = CARTESIAN_POINT ( 'NONE',  ( 20.00000000000000000, 30.00000000000000000, 1.299999999999999156 ) ) ;
#1341 = ORIENTED_EDGE ( 'NONE', *, *, #863, .T. ) ;
#1342 = DIRECTION ( 'NONE',  ( 0.000000000000000000, 1.000000000000000000, 0.000000000000000000 ) ) ;
#1343 = COORDINATED_UNIVERSAL_TIME_OFFSET ( 6, 0, .BEHIND. ) ;
#1344 = ADVANCED_FACE ( 'NONE', ( #34 ), #407, .F. ) ;
#1345 = ORIENTED_EDGE ( 'NONE', *, *, #863, .F. ) ;
#1346 = CARTESIAN_POINT ( 'NONE',  ( -6.400000000000000355, 68.00000000000000000, -6.500000000000000000 ) ) ;
#1347 = DIRECTION ( 'NONE',  ( -1.000000000000000000, -0.000000000000000000, -0.000000000000000000 ) ) ;
#1348 = EDGE_LOOP ( 'NONE', ( #889, #1580 ) ) ;
#1349 = FACE_BOUND ( 'NONE', #1348, .T. ) ;
#1350 = EDGE_CURVE ( 'NONE', #78, #382, #97, .T. ) ;
#1351 = DATE_TIME_ROLE ( 'classification_date' ) ;
#1352 = DIRECTION ( 'NONE',  ( -1.000000000000000000, -0.000000000000000000, -0.000000000000000000 ) ) ;
#1353 = CARTESIAN_POINT ( 'NONE',  ( -21.00000000000000000, 26.00000000000000000, 12.00000000000000000 ) ) ;
#1354 = EDGE_CURVE ( 'NONE', #1534, #1634, #1299, .T. ) ;
#1355 = CARTESIAN_POINT ( 'NONE',  ( -55.00000000000000000, 5.000000000000004441, 45.00000000000000000 ) ) ;
#1356 = ORIENTED_EDGE ( 'NONE', *, *, #883, .T. ) ;
#1357 = DIRECTION ( 'NONE',  ( -0.000000000000000000, -1.000000000000000000, -0.000000000000000000 ) ) ;
#1358 = AXIS2_PLACEMENT_3D ( 'NONE', #1248, #105, #999 ) ;
#1359 = CARTESIAN_POINT ( 'NONE',  ( 70.00000000000000000, 0.000000000000000000, 60.00000000000000000 ) ) ;
#1360 = CYLINDRICAL_SURFACE ( 'NONE', #1437, 1.299999999999999156 ) ;
#1361 = EDGE_LOOP ( 'NONE', ( #919, #447 ) ) ;
#1362 = DIRECTION ( 'NONE',  ( 0.000000000000000000, 0.000000000000000000, -1.000000000000000000 ) ) ;
#1363 = VECTOR ( 'NONE', #1327, 1000.000000000000000 ) ;
#1364 = VERTEX_POINT ( 'NONE', #417 ) ;
#1365 = CARTESIAN_POINT ( 'NONE',  ( -35.00000000000000000, 5.000000000000000000, -20.00000000000000000 ) ) ;
#1366 = CYLINDRICAL_SURFACE ( 'NONE', #1358, 2.750000000000002665 ) ;
#1367 = PLANE ( 'NONE',  #33 ) ;
#1368 = VERTEX_POINT ( 'NONE', #46 ) ;
#1369 = ADVANCED_FACE ( 'NONE', ( #1432 ), #520, .F. ) ;
#1370 = DIRECTION ( 'NONE',  ( 0.000000000000000000, 1.000000000000000000, 0.000000000000000000 ) ) ;
#1371 = ORIENTED_EDGE ( 'NONE', *, *, #883, .F. ) ;
#1372 = CIRCLE ( 'NONE', #1324, 11.09999999999999964 ) ;
#1373 = LINE ( 'NONE', #586, #110 ) ;
#1374 = DIRECTION ( 'NONE',  ( -0.000000000000000000, 1.000000000000000000, -0.000000000000000000 ) ) ;
#1375 = LINE ( 'NONE', #343, #404 ) ;
#1376 = CARTESIAN_POINT ( 'NONE',  ( 17.39999999999999858, 25.99999999999999645, 6.500000000000000000 ) ) ;
#1377 = EDGE_LOOP ( 'NONE', ( #1267, #660, #135, #913 ) ) ;
#1378 = DIRECTION ( 'NONE',  ( 0.000000000000000000, 0.000000000000000000, -1.000000000000000000 ) ) ;
#1379 = VERTEX_POINT ( 'NONE', #870 ) ;
#1380 = PLANE ( 'NONE',  #558 ) ;
#1381 = DIRECTION ( 'NONE',  ( 0.000000000000000000, 0.000000000000000000, -1.000000000000000000 ) ) ;
#1382 = VECTOR ( 'NONE', #846, 1000.000000000000000 ) ;
#1383 = CARTESIAN_POINT ( 'NONE',  ( -70.00000000000000000, 5.000000000000000000, -60.00000000000000000 ) ) ;
#1384 = ADVANCED_FACE ( 'NONE', ( #1225 ), #355, .T. ) ;
#1385 = CARTESIAN_POINT ( 'NONE',  ( -70.00000000000000000, 5.000000000000000000, 60.00000000000000000 ) ) ;
#1386 = ORIENTED_EDGE ( 'NONE', *, *, #1224, .T. ) ;
#1387 = FACE_BOUND ( 'NONE', #430, .T. ) ;
#1388 = ORIENTED_EDGE ( 'NONE', *, *, #1265, .F. ) ;
#1389 = CARTESIAN_POINT ( 'NONE',  ( 0.000000000000000000, 63.00000000000000000, 0.000000000000000000 ) ) ;
#1390 = DIRECTION ( 'NONE',  ( -0.000000000000000000, -1.000000000000000000, -0.000000000000000000 ) ) ;
#1391 = DIRECTION ( 'NONE',  ( -1.000000000000000000, 0.000000000000000000, 0.000000000000000000 ) ) ;
#1392 = ORIENTED_EDGE ( 'NONE', *, *, #1184, .T. ) ;
#1393 = CARTESIAN_POINT ( 'NONE',  ( -55.00000000000000000, 0.000000000000000000, -47.75000000000000000 ) ) ;
#1394 = VERTEX_POINT ( 'NONE', #850 ) ;
#1395 = CYLINDRICAL_SURFACE ( 'NONE', #608, 1.299999999999999156 ) ;
#1396 = CARTESIAN_POINT ( 'NONE',  ( 25.00000000000000000, 30.00000000000000000, -12.00000000000000000 ) ) ;
#1397 = AXIS2_PLACEMENT_3D ( 'NONE', #1035, #811, #425 ) ;
#1398 = DIRECTION ( 'NONE',  ( -0.000000000000000000, 1.000000000000000000, -0.000000000000000000 ) ) ;
#1399 = EDGE_CURVE ( 'NONE', #177, #862, #709, .T. ) ;
#1400 = ORIENTED_EDGE ( 'NONE', *, *, #894, .T. ) ;
#1401 = DIRECTION ( 'NONE',  ( 1.000000000000000000, 0.000000000000000000, 0.000000000000000000 ) ) ;
#1402 = EDGE_CURVE ( 'NONE', #108, #89, #616, .T. ) ;
#1403 = DIRECTION ( 'NONE',  ( -1.000000000000000000, 0.000000000000000000, -0.000000000000000000 ) ) ;
#1404 = ORIENTED_EDGE ( 'NONE', *, *, #1527, .F. ) ;
#1405 = DIRECTION ( 'NONE',  ( 0.000000000000000000, 1.000000000000000000, 0.000000000000000000 ) ) ;
#1406 = EDGE_CURVE ( 'NONE', #1000, #1637, #1109, .T. ) ;
#1407 = DIRECTION ( 'NONE',  ( -0.000000000000000000, -1.000000000000000000, -0.000000000000000000 ) ) ;
#1408 = CARTESIAN_POINT ( 'NONE',  ( -35.00000000000000000, 5.000000000000000000, -20.00000000000000000 ) ) ;
#1409 = PLANE ( 'NONE',  #703 ) ;
#1410 = DIRECTION ( 'NONE',  ( 0.000000000000000000, 0.000000000000000000, -1.000000000000000000 ) ) ;
#1411 = AXIS2_PLACEMENT_3D ( 'NONE', #264, #513, #1301 ) ;
#1412 = EDGE_LOOP ( 'NONE', ( #292, #111, #350, #1447 ) ) ;
#1413 = VECTOR ( 'NONE', #1540, 1000.000000000000000 ) ;
#1414 = APPROVAL_PERSON_ORGANIZATION ( #191, #1164, #1061 ) ;
#1415 = DIRECTION ( 'NONE',  ( 0.000000000000000000, -1.000000000000000000, 0.000000000000000000 ) ) ;
#1416 = CARTESIAN_POINT ( 'NONE',  ( -55.00000000000000000, 5.000000000000004441, 45.00000000000000000 ) ) ;
#1417 = FACE_BOUND ( 'NONE', #748, .T. ) ;
#1418 = CARTESIAN_POINT ( 'NONE',  ( 55.00000000000000000, 5.000000000000004441, -42.24999999999999289 ) ) ;
#1419 = ORIENTED_EDGE ( 'NONE', *, *, #367, .F. ) ;
#1420 = DIRECTION ( 'NONE',  ( 0.000000000000000000, -1.000000000000000000, 0.000000000000000000 ) ) ;
#1421 = CARTESIAN_POINT ( 'NONE',  ( -35.00000000000000000, 26.00000000000000000, 12.00000000000000000 ) ) ;
#1422 = AXIS2_PLACEMENT_3D ( 'NONE', #1533, #775, #1029 ) ;
#1423 = VERTEX_POINT ( 'NONE', #581 ) ;
#1424 = ORIENTED_EDGE ( 'NONE', *, *, #1157, .T. ) ;
#1425 = ADVANCED_FACE ( 'NONE', ( #475 ), #1491, .F. ) ;
#1426 = DIRECTION ( 'NONE',  ( 0.000000000000000000, -0.000000000000000000, -1.000000000000000000 ) ) ;
#1427 = FACE_OUTER_BOUND ( 'NONE', #1003, .T. ) ;
#1428 = CARTESIAN_POINT ( 'NONE',  ( 0.000000000000000000, 30.00000000000000000, 0.000000000000000000 ) ) ;
#1429 = CARTESIAN_POINT ( 'NONE',  ( 1.102182119232617714E-15, 55.00000000000000000, 9.000000000000000000 ) ) ;
#1430 = ORIENTED_EDGE ( 'NONE', *, *, #1537, .F. ) ;
#1431 = ORIENTED_EDGE ( 'NONE', *, *, #348, .F. ) ;
#1432 = FACE_OUTER_BOUND ( 'NONE', #346, .T. ) ;
#1433 = LINE ( 'NONE', #319, #1178 ) ;
#1434 = DIRECTION ( 'NONE',  ( 1.000000000000000000, -0.000000000000000000, 0.000000000000000000 ) ) ;
#1435 = ORIENTED_EDGE ( 'NONE', *, *, #1330, .T. ) ;
#1436 = EDGE_CURVE ( 'NONE', #1557, #1082, #1624, .T. ) ;
#1437 = AXIS2_PLACEMENT_3D ( 'NONE', #730, #38, #606 ) ;
#1438 = AXIS2_PLACEMENT_3D ( 'NONE', #707, #947, #462 ) ;
#1439 = DIRECTION ( 'NONE',  ( -0.000000000000000000, 1.000000000000000000, -0.000000000000000000 ) ) ;
#1440 = VECTOR ( 'NONE', #1613, 1000.000000000000000 ) ;
#1441 = CARTESIAN_POINT ( 'NONE',  ( -55.00000000000000000, 5.000000000000004441, -45.00000000000000000 ) ) ;
#1442 = CARTESIAN_POINT ( 'NONE',  ( -35.00000000000000000, 5.000000000000000000, 20.00000000000000000 ) ) ;
#1443 = ORIENTED_EDGE ( 'NONE', *, *, #771, .T. ) ;
#1444 = CIRCLE ( 'NONE', #378, 1.300000000000000044 ) ;
#1445 = FACE_OUTER_BOUND ( 'NONE', #1080, .T. ) ;
#1446 = EDGE_LOOP ( 'NONE', ( #493, #717, #977, #688 ) ) ;
#1447 = ORIENTED_EDGE ( 'NONE', *, *, #1601, .T. ) ;
#1448 = CIRCLE ( 'NONE', #1339, 11.09999999999999964 ) ;
#1449 = LINE ( 'NONE', #314, #722 ) ;
#1450 = VERTEX_POINT ( 'NONE', #859 ) ;
#1451 = DIRECTION ( 'NONE',  ( 0.000000000000000000, 0.000000000000000000, 1.000000000000000000 ) ) ;
#1452 = EDGE_CURVE ( 'NONE', #886, #681, #234, .T. ) ;
#1453 = EDGE_LOOP ( 'NONE', ( #835, #337, #1294, #1147 ) ) ;
#1454 = VECTOR ( 'NONE', #1378, 1000.000000000000000 ) ;
#1455 = EDGE_CURVE ( 'NONE', #1368, #821, #605, .T. ) ;
#1456 = DIRECTION ( 'NONE',  ( -0.000000000000000000, 1.000000000000000000, -0.000000000000000000 ) ) ;
#1457 = PRODUCT_DEFINITION ( 'UNKNOWN', '', #1620, #1558 ) ;
#1458 = EDGE_LOOP ( 'NONE', ( #298, #1502, #1431, #963 ) ) ;
#1459 = CARTESIAN_POINT ( 'NONE',  ( 0.000000000000000000, 48.00000000000000000, 0.000000000000000000 ) ) ;
#1460 = ORIENTED_EDGE ( 'NONE', *, *, #1126, .F. ) ;
#1461 = CIRCLE ( 'NONE', #1173, 11.09999999999999964 ) ;
#1462 = VECTOR ( 'NONE', #781, 1000.000000000000000 ) ;
#1463 = VECTOR ( 'NONE', #28, 1000.000000000000000 ) ;
#1464 = DIRECTION ( 'NONE',  ( 0.000000000000000000, 0.000000000000000000, 1.000000000000000000 ) ) ;
#1465 = EDGE_LOOP ( 'NONE', ( #167, #288, #1493, #450 ) ) ;
#1466 = FACE_BOUND ( 'NONE', #1571, .T. ) ;
#1467 = CIRCLE ( 'NONE', #35, 2.750000000000002665 ) ;
#1468 = ORIENTED_EDGE ( 'NONE', *, *, #271, .T. ) ;
#1469 = CYLINDRICAL_SURFACE ( 'NONE', #946, 18.00000000000000000 ) ;
#1470 = LINE ( 'NONE', #1189, #956 ) ;
#1471 = VECTOR ( 'NONE', #420, 1000.000000000000000 ) ;
#1472 = EDGE_CURVE ( 'NONE', #280, #959, #968, .T. ) ;
#1473 = LINE ( 'NONE', #593, #805 ) ;
#1474 = ORIENTED_EDGE ( 'NONE', *, *, #91, .T. ) ;
#1475 = CARTESIAN_POINT ( 'NONE',  ( 0.000000000000000000, 72.00000000000001421, -11.09999999999999964 ) ) ;
#1476 = EDGE_CURVE ( 'NONE', #938, #1123, #490, .T. ) ;
#1477 = CARTESIAN_POINT ( 'NONE',  ( -35.00000000000000000, 39.00000000000000000, 20.00000000000000000 ) ) ;
#1478 = CARTESIAN_POINT ( 'NONE',  ( -9.000000000000000000, 25.99999999999999645, 0.000000000000000000 ) ) ;
#1479 = ORIENTED_EDGE ( 'NONE', *, *, #1640, .T. ) ;
#1480 = CARTESIAN_POINT ( 'NONE',  ( 0.000000000000000000, 39.00000000000000000, 0.000000000000000000 ) ) ;
#1481 = PERSON_AND_ORGANIZATION ( #270, #852 ) ;
#1482 = DIRECTION ( 'NONE',  ( -0.000000000000000000, -1.000000000000000000, -0.000000000000000000 ) ) ;
#1483 = ORIENTED_EDGE ( 'NONE', *, *, #178, .F. ) ;
#1484 = APPROVAL ( #991, 'UNSPECIFIED' ) ;
#1485 = CARTESIAN_POINT ( 'NONE',  ( -35.00000000000000000, 68.00000000000000000, 20.00000000000000000 ) ) ;
#1486 = AXIS2_PLACEMENT_3D ( 'NONE', #773, #1004, #18 ) ;
#1487 = VERTEX_POINT ( 'NONE', #1475 ) ;
#1488 = FACE_OUTER_BOUND ( 'NONE', #301, .T. ) ;
#1489 = AXIS2_PLACEMENT_3D ( 'NONE', #151, #142, #794 ) ;
#1490 = ADVANCED_FACE ( 'NONE', ( #729 ), #1366, .F. ) ;
#1491 = CYLINDRICAL_SURFACE ( 'NONE', #1145, 11.09999999999999964 ) ;
#1492 = FACE_BOUND ( 'NONE', #354, .T. ) ;
#1493 = ORIENTED_EDGE ( 'NONE', *, *, #1399, .F. ) ;
#1494 = DIRECTION ( 'NONE',  ( 0.000000000000000000, 0.000000000000000000, -1.000000000000000000 ) ) ;
#1495 = VECTOR ( 'NONE', #900, 1000.000000000000000 ) ;
#1496 = ORIENTED_EDGE ( 'NONE', *, *, #305, .T. ) ;
#1497 = DIRECTION ( 'NONE',  ( 1.000000000000000000, 0.000000000000000000, 0.000000000000000000 ) ) ;
#1498 = SHAPE_DEFINITION_REPRESENTATION ( #474, #824 ) ;
#1499 = CARTESIAN_POINT ( 'NONE',  ( 17.39999999999999858, 68.00000000000000000, 6.500000000000000000 ) ) ;
#1500 = VERTEX_POINT ( 'NONE', #1117 ) ;
#1501 = LINE ( 'NONE', #501, #625 ) ;
#1502 = ORIENTED_EDGE ( 'NONE', *, *, #559, .T. ) ;
#1503 = EDGE_CURVE ( 'NONE', #1082, #951, #1505, .T. ) ;
#1504 = CARTESIAN_POINT ( 'NONE',  ( -21.00000000000000000, 43.00000000000000000, -20.00000000000000000 ) ) ;
#1505 = LINE ( 'NONE', #1603, #641 ) ;
#1506 = CARTESIAN_POINT ( 'NONE',  ( 25.00000000000000000, 26.00000000000000000, -12.00000000000000000 ) ) ;
#1507 = ORIENTED_EDGE ( 'NONE', *, *, #1160, .F. ) ;
#1508 = CARTESIAN_POINT ( 'NONE',  ( 0.000000000000000000, 48.00000000000000000, 0.000000000000000000 ) ) ;
#1509 = EDGE_CURVE ( 'NONE', #1500, #165, #458, .T. ) ;
#1510 = ORIENTED_EDGE ( 'NONE', *, *, #1582, .T. ) ;
#1511 = DIRECTION ( 'NONE',  ( 0.000000000000000000, -1.000000000000000000, 0.000000000000000000 ) ) ;
#1512 = VECTOR ( 'NONE', #840, 1000.000000000000000 ) ;
#1513 = LOCAL_TIME ( 16, 17, 6.000000000000000000, #1210 ) ;
#1514 = CYLINDRICAL_SURFACE ( 'NONE', #1489, 14.00000000000000000 ) ;
#1515 = FACE_BOUND ( 'NONE', #246, .T. ) ;
#1516 = EDGE_LOOP ( 'NONE', ( #698, #341, #896, #1419, #1084, #561, #1060, #1315 ) ) ;
#1517 = AXIS2_PLACEMENT_3D ( 'NONE', #197, #1591, #855 ) ;
#1518 = CARTESIAN_POINT ( 'NONE',  ( 70.00000000000000000, 0.000000000000000000, -60.00000000000000000 ) ) ;
#1519 = ORIENTED_EDGE ( 'NONE', *, *, #1622, .F. ) ;
#1520 = EDGE_CURVE ( 'NONE', #1379, #1152, #1375, .T. ) ;
#1521 = DIRECTION ( 'NONE',  ( 0.000000000000000000, 0.000000000000000000, 1.000000000000000000 ) ) ;
#1522 = DIRECTION ( 'NONE',  ( 0.000000000000000000, 1.000000000000000000, 0.000000000000000000 ) ) ;
#1523 = EDGE_CURVE ( 'NONE', #701, #1589, #877, .T. ) ;
#1524 = DIRECTION ( 'NONE',  ( 0.000000000000000000, -1.000000000000000000, 0.000000000000000000 ) ) ;
#1525 = CARTESIAN_POINT ( 'NONE',  ( 55.00000000000000000, 0.000000000000000000, 45.00000000000000000 ) ) ;
#1526 = VERTEX_POINT ( 'NONE', #82 ) ;
#1527 = EDGE_CURVE ( 'NONE', #1450, #129, #216, .T. ) ;
#1528 = DIRECTION ( 'NONE',  ( -0.000000000000000000, 1.000000000000000000, -0.000000000000000000 ) ) ;
#1529 = EDGE_LOOP ( 'NONE', ( #1019, #882, #143, #672 ) ) ;
#1530 = CARTESIAN_POINT ( 'NONE',  ( 1.359357947053562156E-15, 72.00000000000001421, 11.09999999999999964 ) ) ;
#1531 = DIRECTION ( 'NONE',  ( -0.000000000000000000, 1.000000000000000000, -0.000000000000000000 ) ) ;
#1532 = AXIS2_PLACEMENT_3D ( 'NONE', #1641, #486, #1273 ) ;
#1533 = CARTESIAN_POINT ( 'NONE',  ( 0.000000000000000000, 47.99999999999999289, 0.000000000000000000 ) ) ;
#1534 = VERTEX_POINT ( 'NONE', #974 ) ;
#1535 = DIRECTION ( 'NONE',  ( 1.000000000000000000, 0.000000000000000000, -0.000000000000000000 ) ) ;
#1536 = ORIENTED_EDGE ( 'NONE', *, *, #1072, .T. ) ;
#1537 = EDGE_CURVE ( 'NONE', #926, #238, #349, .T. ) ;
#1538 = DIRECTION ( 'NONE',  ( 0.000000000000000000, 0.000000000000000000, -1.000000000000000000 ) ) ;
#1539 = LINE ( 'NONE', #1530, #1617 ) ;
#1540 = DIRECTION ( 'NONE',  ( -1.000000000000000000, -0.000000000000000000, -0.000000000000000000 ) ) ;
#1541 = DIRECTION ( 'NONE',  ( -1.000000000000000000, 0.000000000000000000, -0.000000000000000000 ) ) ;
#1542 = FACE_OUTER_BOUND ( 'NONE', #1562, .T. ) ;
#1543 = VECTOR ( 'NONE', #1521, 1000.000000000000000 ) ;
#1544 = EDGE_CURVE ( 'NONE', #886, #280, #1030, .T. ) ;
#1545 = ORIENTED_EDGE ( 'NONE', *, *, #1219, .T. ) ;
#1546 = ORIENTED_EDGE ( 'NONE', *, *, #241, .T. ) ;
#1547 = SECURITY_CLASSIFICATION ( '', '', #481 ) ;
#1548 = AXIS2_PLACEMENT_3D ( 'NONE', #875, #1138, #1276 ) ;
#1549 = VECTOR ( 'NONE', #291, 1000.000000000000000 ) ;
#1550 = DIRECTION ( 'NONE',  ( -0.000000000000000000, 0.000000000000000000, 1.000000000000000000 ) ) ;
#1551 = DIRECTION ( 'NONE',  ( 0.000000000000000000, 0.000000000000000000, -1.000000000000000000 ) ) ;
#1552 = FACE_OUTER_BOUND ( 'NONE', #1446, .T. ) ;
#1553 = FACE_OUTER_BOUND ( 'NONE', #580, .T. ) ;
#1554 = ORIENTED_EDGE ( 'NONE', *, *, #1472, .T. ) ;
#1555 = DIRECTION ( 'NONE',  ( 0.000000000000000000, 0.000000000000000000, 1.000000000000000000 ) ) ;
#1556 = AXIS2_PLACEMENT_3D ( 'NONE', #1588, #814, #827 ) ;
#1557 = VERTEX_POINT ( 'NONE', #1007 ) ;
#1558 = DESIGN_CONTEXT ( 'detailed design', #1560, 'design' ) ;
#1559 = DIRECTION ( 'NONE',  ( 0.000000000000000000, 1.000000000000000000, -0.000000000000000000 ) ) ;
#1560 = APPLICATION_CONTEXT ( 'configuration controlled 3d designs of mechanical parts and assemblies' ) ;
#1561 = CYLINDRICAL_SURFACE ( 'NONE', #638, 14.00000000000000000 ) ;
#1562 = EDGE_LOOP ( 'NONE', ( #1430, #487, #986, #1639 ) ) ;
#1563 = DIRECTION ( 'NONE',  ( 1.000000000000000000, 0.000000000000000000, 0.000000000000000000 ) ) ;
#1564 = EDGE_CURVE ( 'NONE', #1634, #511, #757, .T. ) ;
#1565 = VECTOR ( 'NONE', #1370, 1000.000000000000000 ) ;
#1566 = APPROVAL_STATUS ( 'not_yet_approved' ) ;
#1567 = ORIENTED_EDGE ( 'NONE', *, *, #4, .T. ) ;
#1568 = VERTEX_POINT ( 'NONE', #893 ) ;
#1569 = DIRECTION ( 'NONE',  ( -0.000000000000000000, -1.000000000000000000, -0.000000000000000000 ) ) ;
#1570 = CARTESIAN_POINT ( 'NONE',  ( -9.000000000000000000, 68.00000000000000000, -1.300000000000000044 ) ) ;
#1571 = EDGE_LOOP ( 'NONE', ( #405, #1297 ) ) ;
#1572 = FACE_OUTER_BOUND ( 'NONE', #1307, .T. ) ;
#1573 = ORIENTED_EDGE ( 'NONE', *, *, #1579, .F. ) ;
#1574 = ORIENTED_EDGE ( 'NONE', *, *, #336, .F. ) ;
#1575 = AXIS2_PLACEMENT_3D ( 'NONE', #1428, #666, #790 ) ;
#1576 = AXIS2_PLACEMENT_3D ( 'NONE', #180, #410, #819 ) ;
#1577 = CARTESIAN_POINT ( 'NONE',  ( -35.00000000000000000, 30.00000000000000000, 12.00000000000000000 ) ) ;
#1578 = CARTESIAN_POINT ( 'NONE',  ( -70.00000000000000000, 0.000000000000000000, 60.00000000000000000 ) ) ;
#1579 = EDGE_CURVE ( 'NONE', #1364, #1304, #633, .T. ) ;
#1580 = ORIENTED_EDGE ( 'NONE', *, *, #446, .T. ) ;
#1581 = CARTESIAN_POINT ( 'NONE',  ( 0.000000000000000000, 43.00000000000000000, 0.000000000000000000 ) ) ;
#1582 = EDGE_CURVE ( 'NONE', #681, #959, #259, .T. ) ;
#1583 = ORIENTED_EDGE ( 'NONE', *, *, #1191, .F. ) ;
#1584 = VECTOR ( 'NONE', #1295, 1000.000000000000000 ) ;
#1585 = ADVANCED_FACE ( 'NONE', ( #1542 ), #1514, .F. ) ;
#1586 = CARTESIAN_POINT ( 'NONE',  ( 0.000000000000000000, 55.00000000000000000, -11.09999999999999964 ) ) ;
#1587 = ORIENTED_EDGE ( 'NONE', *, *, #939, .F. ) ;
#1588 = CARTESIAN_POINT ( 'NONE',  ( -35.00000000000000000, 5.000000000000000000, 20.00000000000000000 ) ) ;
#1589 = VERTEX_POINT ( 'NONE', #1140 ) ;
#1590 = AXIS2_PLACEMENT_3D ( 'NONE', #930, #1439, #1538 ) ;
#1591 = DIRECTION ( 'NONE',  ( 0.000000000000000000, 1.000000000000000000, 0.000000000000000000 ) ) ;
#1592 = ORIENTED_EDGE ( 'NONE', *, *, #225, .F. ) ;
#1593 = DIRECTION ( 'NONE',  ( 1.000000000000000000, 0.000000000000000000, 0.000000000000000000 ) ) ;
#1594 = ORIENTED_EDGE ( 'NONE', *, *, #271, .F. ) ;
#1595 = PLANE ( 'NONE',  #342 ) ;
#1596 = EDGE_CURVE ( 'NONE', #1257, #1526, #479, .T. ) ;
#1597 = AXIS2_PLACEMENT_3D ( 'NONE', #799, #39, #1068 ) ;
#1598 = CARTESIAN_POINT ( 'NONE',  ( 55.00000000000000000, 72.00000000000001421, -45.00000000000000000 ) ) ;
#1599 = VERTEX_POINT ( 'NONE', #785 ) ;
#1600 = LINE ( 'NONE', #321, #148 ) ;
#1601 = EDGE_CURVE ( 'NONE', #1557, #334, #1296, .T. ) ;
#1602 = ORIENTED_EDGE ( 'NONE', *, *, #1031, .F. ) ;
#1603 = CARTESIAN_POINT ( 'NONE',  ( -35.00000000000000000, 5.000000000000000000, 20.00000000000000000 ) ) ;
#1604 = PLANE ( 'NONE',  #83 ) ;
#1605 = ORIENTED_EDGE ( 'NONE', *, *, #196, .F. ) ;
#1606 = DIRECTION ( 'NONE',  ( -1.000000000000000000, -0.000000000000000000, -0.000000000000000000 ) ) ;
#1607 = DIRECTION ( 'NONE',  ( 0.000000000000000000, -1.000000000000000000, 0.000000000000000000 ) ) ;
#1608 = ORIENTED_EDGE ( 'NONE', *, *, #582, .T. ) ;
#1609 = AXIS2_PLACEMENT_3D ( 'NONE', #1317, #201, #706 ) ;
#1610 = LINE ( 'NONE', #576, #473 ) ;
#1611 = VERTEX_POINT ( 'NONE', #379 ) ;
#1612 = CARTESIAN_POINT ( 'NONE',  ( -9.000000000000000000, 30.00000000000000000, 1.300000000000000044 ) ) ;
#1613 = DIRECTION ( 'NONE',  ( 0.000000000000000000, -1.000000000000000000, 0.000000000000000000 ) ) ;
#1614 = VECTOR ( 'NONE', #907, 1000.000000000000000 ) ;
#1615 = EDGE_LOOP ( 'NONE', ( #235, #772 ) ) ;
#1616 = PLANE ( 'NONE',  #1053 ) ;
#1617 = VECTOR ( 'NONE', #274, 1000.000000000000000 ) ;
#1618 = ORIENTED_EDGE ( 'NONE', *, *, #1157, .F. ) ;
#1619 = DIRECTION ( 'NONE',  ( 0.000000000000000000, -1.000000000000000000, 0.000000000000000000 ) ) ;
#1620 = PRODUCT_DEFINITION_FORMATION_WITH_SPECIFIED_SOURCE ( 'ANY', '', #1242, .NOT_KNOWN. ) ;
#1621 = AXIS2_PLACEMENT_3D ( 'NONE', #56, #1168, #941 ) ;
#1622 = EDGE_CURVE ( 'NONE', #634, #975, #1638, .T. ) ;
#1623 = ADVANCED_FACE ( 'NONE', ( #885 ), #159, .F. ) ;
#1624 = LINE ( 'NONE', #982, #434 ) ;
#1625 = DIRECTION ( 'NONE',  ( -0.000000000000000000, 1.000000000000000000, -0.000000000000000000 ) ) ;
#1626 = ORIENTED_EDGE ( 'NONE', *, *, #1354, .F. ) ;
#1627 = APPROVAL ( #843, 'UNSPECIFIED' ) ;
#1628 = CARTESIAN_POINT ( 'NONE',  ( -35.00000000000000000, 30.00000000000000000, 12.00000000000000000 ) ) ;
#1629 = AXIS2_PLACEMENT_3D ( 'NONE', #205, #1342, #315 ) ;
#1630 = ORIENTED_EDGE ( 'NONE', *, *, #85, .T. ) ;
#1631 = DIRECTION ( 'NONE',  ( 0.000000000000000000, 0.000000000000000000, -1.000000000000000000 ) ) ;
#1632 = DIRECTION ( 'NONE',  ( -1.000000000000000000, -0.000000000000000000, -0.000000000000000000 ) ) ;
#1633 = FACE_BOUND ( 'NONE', #621, .T. ) ;
#1634 = VERTEX_POINT ( 'NONE', #267 ) ;
#1635 = AXIS2_PLACEMENT_3D ( 'NONE', #242, #1255, #1243 ) ;
#1636 = CARTESIAN_POINT ( 'NONE',  ( 0.000000000000000000, 39.00000000000000000, -14.00000000000000000 ) ) ;
#1637 = VERTEX_POINT ( 'NONE', #653 ) ;
#1638 = LINE ( 'NONE', #1421, #562 ) ;
#1639 = ORIENTED_EDGE ( 'NONE', *, *, #446, .F. ) ;
#1640 = EDGE_CURVE ( 'NONE', #68, #1599, #662, .T. ) ;
#1641 = CARTESIAN_POINT ( 'NONE',  ( 0.000000000000000000, 63.00000000000000000, 0.000000000000000000 ) ) ;
#1642 = EDGE_LOOP ( 'NONE', ( #1602, #1483 ) ) ;
ENDSEC;
END-ISO-10303-21;
