ISO-10303-21;
HEADER;
FILE_DESCRIPTION (( 'STEP AP203' ),
    '1' );
FILE_NAME ('ARM-103_Grip_moving_finger.step',
    '2026-09-09T03:19:18',
    ( '' ),
    ( '' ),
    'SwSTEP 2.0',
    'SolidWorks 2026',
    '' );
FILE_SCHEMA (( 'CONFIG_CONTROL_DESIGN' ));
ENDSEC;

DATA;
#1 = ORIENTED_EDGE ( 'NONE', *, *, #91, .T. ) ;
#2 = CARTESIAN_POINT ( 'NONE',  ( 2.100000000000000089, -8.150000000000000355, 19.60000000000000142 ) ) ;
#3 = EDGE_LOOP ( 'NONE', ( #1043, #543 ) ) ;
#4 = ORIENTED_EDGE ( 'NONE', *, *, #1044, .F. ) ;
#5 = DIRECTION ( 'NONE',  ( 0.000000000000000000, 0.000000000000000000, -1.000000000000000000 ) ) ;
#6 = DIRECTION ( 'NONE',  ( 0.000000000000000000, 0.000000000000000000, 1.000000000000000000 ) ) ;
#7 = ORIENTED_EDGE ( 'NONE', *, *, #1313, .F. ) ;
#8 = EDGE_LOOP ( 'NONE', ( #574, #454, #581, #18 ) ) ;
#9 = EDGE_CURVE ( 'NONE', #1257, #281, #1403, .T. ) ;
#10 = VECTOR ( 'NONE', #422, 1000.000000000000000 ) ;
#11 = CARTESIAN_POINT ( 'NONE',  ( 15.00000000000000000, -20.00000000000000000, 0.000000000000000000 ) ) ;
#12 = ORIENTED_EDGE ( 'NONE', *, *, #1212, .F. ) ;
#13 = ORIENTED_EDGE ( 'NONE', *, *, #544, .T. ) ;
#14 = APPROVAL ( #357, 'UNSPECIFIED' ) ;
#15 = EDGE_CURVE ( 'NONE', #463, #905, #60, .T. ) ;
#16 = CARTESIAN_POINT ( 'NONE',  ( 25.10000000000000142, -17.50000000000000000, 22.59999999999999432 ) ) ;
#17 = LINE ( 'NONE', #1251, #180 ) ;
#18 = ORIENTED_EDGE ( 'NONE', *, *, #660, .T. ) ;
#19 = ADVANCED_FACE ( 'NONE', ( #185 ), #646, .F. ) ;
#20 = FACE_OUTER_BOUND ( 'NONE', #953, .T. ) ;
#21 = VERTEX_POINT ( 'NONE', #1386 ) ;
#22 = PERSON_AND_ORGANIZATION ( #757, #117 ) ;
#23 = EDGE_CURVE ( 'NONE', #127, #441, #825, .T. ) ;
#24 = DIRECTION ( 'NONE',  ( 0.000000000000000000, 0.000000000000000000, 1.000000000000000000 ) ) ;
#25 = ORIENTED_EDGE ( 'NONE', *, *, #1222, .T. ) ;
#26 = VERTEX_POINT ( 'NONE', #196 ) ;
#27 = DIRECTION ( 'NONE',  ( 0.000000000000000000, 0.000000000000000000, -1.000000000000000000 ) ) ;
#28 = CARTESIAN_POINT ( 'NONE',  ( 0.000000000000000000, -8.150000000000000355, 17.95000000000000284 ) ) ;
#29 = EDGE_LOOP ( 'NONE', ( #1128, #253, #225, #1360 ) ) ;
#30 = VECTOR ( 'NONE', #369, 1000.000000000000000 ) ;
#31 = CYLINDRICAL_SURFACE ( 'NONE', #1016, 1.100000000000000311 ) ;
#32 = ADVANCED_BREP_SHAPE_REPRESENTATION ( 'ARM-103_Grip_moving_finger', ( #297, #446 ), #1214 ) ;
#33 = ORIENTED_EDGE ( 'NONE', *, *, #1335, .F. ) ;
#34 = DIRECTION ( 'NONE',  ( -0.000000000000000000, -1.000000000000000000, -0.000000000000000000 ) ) ;
#35 = COORDINATED_UNIVERSAL_TIME_OFFSET ( 6, 0, .BEHIND. ) ;
#36 = CARTESIAN_POINT ( 'NONE',  ( 7.000000000000000000, -7.000000000000000000, 22.59999999999999432 ) ) ;
#37 = ORIENTED_EDGE ( 'NONE', *, *, #589, .T. ) ;
#38 = CARTESIAN_POINT ( 'NONE',  ( -2.100000000000000089, -8.150000000000000355, 19.60000000000000142 ) ) ;
#39 = LINE ( 'NONE', #268, #331 ) ;
#40 = EDGE_CURVE ( 'NONE', #1091, #244, #1540, .T. ) ;
#41 = CARTESIAN_POINT ( 'NONE',  ( 0.000000000000000000, 0.000000000000000000, 22.59999999999999432 ) ) ;
#42 = DIRECTION ( 'NONE',  ( 0.000000000000000000, 1.000000000000000000, 0.000000000000000000 ) ) ;
#43 = ORIENTED_EDGE ( 'NONE', *, *, #990, .F. ) ;
#44 = ADVANCED_FACE ( 'NONE', ( #655 ), #1030, .T. ) ;
#45 = CARTESIAN_POINT ( 'NONE',  ( 0.000000000000000000, 0.000000000000000000, 19.60000000000000142 ) ) ;
#46 = APPROVAL_STATUS ( 'not_yet_approved' ) ;
#47 = AXIS2_PLACEMENT_3D ( 'NONE', #162, #1152, #1505 ) ;
#48 = EDGE_CURVE ( 'NONE', #400, #1217, #912, .T. ) ;
#49 = DIRECTION ( 'NONE',  ( 0.000000000000000000, 1.000000000000000000, 0.000000000000000000 ) ) ;
#50 = EDGE_LOOP ( 'NONE', ( #958, #878, #494, #821, #1100, #743, #996, #1517 ) ) ;
#51 = DIRECTION ( 'NONE',  ( 1.000000000000000000, 0.000000000000000000, 0.000000000000000000 ) ) ;
#52 = AXIS2_PLACEMENT_3D ( 'NONE', #1034, #1025, #418 ) ;
#53 = CARTESIAN_POINT ( 'NONE',  ( 0.000000000000000000, 0.000000000000000000, 17.95000000000000284 ) ) ;
#54 = VECTOR ( 'NONE', #341, 1000.000000000000000 ) ;
#55 = PLANE ( 'NONE',  #604 ) ;
#56 = AXIS2_PLACEMENT_3D ( 'NONE', #45, #1022, #921 ) ;
#57 = DIRECTION ( 'NONE',  ( -0.000000000000000000, -0.000000000000000000, -1.000000000000000000 ) ) ;
#58 = VERTEX_POINT ( 'NONE', #1168 ) ;
#59 = CYLINDRICAL_SURFACE ( 'NONE', #1079, 1.150000000000000799 ) ;
#60 = LINE ( 'NONE', #672, #612 ) ;
#61 = AXIS2_PLACEMENT_3D ( 'NONE', #64, #533, #404 ) ;
#62 = DIRECTION ( 'NONE',  ( 1.000000000000000000, 0.000000000000000000, 0.000000000000000000 ) ) ;
#63 = ORIENTED_EDGE ( 'NONE', *, *, #701, .T. ) ;
#64 = CARTESIAN_POINT ( 'NONE',  ( 18.00000000000000000, -17.50000000000000000, 0.000000000000000000 ) ) ;
#65 = CARTESIAN_POINT ( 'NONE',  ( 2.100000000000000089, -8.150000000000000355, 19.60000000000000142 ) ) ;
#66 = CARTESIAN_POINT ( 'NONE',  ( 0.000000000000000000, 8.150000000000000355, 19.60000000000000142 ) ) ;
#67 = FACE_BOUND ( 'NONE', #1502, .T. ) ;
#68 = ORIENTED_EDGE ( 'NONE', *, *, #596, .T. ) ;
#69 = CARTESIAN_POINT ( 'NONE',  ( 13.00000000000000000, 1.592040838891559095E-15, 19.60000000000000142 ) ) ;
#70 = LINE ( 'NONE', #557, #348 ) ;
#71 = PRODUCT_DEFINITION ( 'UNKNOWN', '', #322, #1344 ) ;
#72 = AXIS2_PLACEMENT_3D ( 'NONE', #36, #1372, #1139 ) ;
#73 = ADVANCED_FACE ( 'NONE', ( #1411 ), #171, .F. ) ;
#74 = AXIS2_PLACEMENT_3D ( 'NONE', #66, #791, #711 ) ;
#75 = DIRECTION ( 'NONE',  ( 0.000000000000000000, 0.000000000000000000, -1.000000000000000000 ) ) ;
#76 = FACE_OUTER_BOUND ( 'NONE', #572, .T. ) ;
#77 = FACE_OUTER_BOUND ( 'NONE', #998, .T. ) ;
#78 = CARTESIAN_POINT ( 'NONE',  ( -3.000000000000000000, 0.000000000000000000, 22.59999999999999432 ) ) ;
#79 = ORIENTED_EDGE ( 'NONE', *, *, #48, .F. ) ;
#80 = CYLINDRICAL_SURFACE ( 'NONE', #186, 1.150000000000000799 ) ;
#81 = CARTESIAN_POINT ( 'NONE',  ( 8.150000000000000355, 7.000000000000000000, 22.59999999999999432 ) ) ;
#82 = DIRECTION ( 'NONE',  ( 1.000000000000000000, 0.000000000000000000, 0.000000000000000000 ) ) ;
#83 = CIRCLE ( 'NONE', #211, 3.000000000000000000 ) ;
#84 = VECTOR ( 'NONE', #1174, 1000.000000000000000 ) ;
#85 = CARTESIAN_POINT ( 'NONE',  ( 25.10000000000000142, -17.50000000000000000, 22.59999999999999432 ) ) ;
#86 = ORIENTED_EDGE ( 'NONE', *, *, #319, .F. ) ;
#87 = CARTESIAN_POINT ( 'NONE',  ( 15.00000000000000000, -15.00000000000000000, 19.60000000000000142 ) ) ;
#88 = ORIENTED_EDGE ( 'NONE', *, *, #252, .F. ) ;
#89 = LINE ( 'NONE', #204, #511 ) ;
#90 = ADVANCED_FACE ( 'NONE', ( #1519 ), #1259, .F. ) ;
#91 = EDGE_CURVE ( 'NONE', #364, #1233, #1143, .T. ) ;
#92 = CARTESIAN_POINT ( 'NONE',  ( 0.000000000000000000, 8.150000000000000355, 19.60000000000000142 ) ) ;
#93 = EDGE_CURVE ( 'NONE', #58, #490, #1404, .T. ) ;
#94 = ORIENTED_EDGE ( 'NONE', *, *, #870, .F. ) ;
#95 = CARTESIAN_POINT ( 'NONE',  ( 2.100000000000000089, -3.404408906109840149, 19.60000000000000142 ) ) ;
#96 = EDGE_LOOP ( 'NONE', ( #216, #518, #871, #1027 ) ) ;
#97 = DIRECTION ( 'NONE',  ( 1.000000000000000000, 0.000000000000000000, 0.000000000000000000 ) ) ;
#98 = AXIS2_PLACEMENT_3D ( 'NONE', #426, #702, #689 ) ;
#99 = DIRECTION ( 'NONE',  ( 0.000000000000000000, 0.000000000000000000, 1.000000000000000000 ) ) ;
#100 = VECTOR ( 'NONE', #42, 1000.000000000000000 ) ;
#101 = ORIENTED_EDGE ( 'NONE', *, *, #48, .T. ) ;
#102 = CARTESIAN_POINT ( 'NONE',  ( -2.100000000000000089, -8.150000000000000355, 19.60000000000000142 ) ) ;
#103 = DIRECTION ( 'NONE',  ( 0.000000000000000000, -1.000000000000000000, 0.000000000000000000 ) ) ;
#104 = EDGE_LOOP ( 'NONE', ( #1036, #507, #500, #285, #158, #613 ) ) ;
#105 = LINE ( 'NONE', #586, #880 ) ;
#106 = DATE_AND_TIME ( #1193, #1370 ) ;
#107 = AXIS2_PLACEMENT_3D ( 'NONE', #1487, #924, #1513 ) ;
#108 = DIRECTION ( 'NONE',  ( 0.000000000000000000, -0.000000000000000000, 1.000000000000000000 ) ) ;
#109 = CARTESIAN_POINT ( 'NONE',  ( -3.404408906109840149, 2.100000000000000089, 19.60000000000000142 ) ) ;
#110 = EDGE_CURVE ( 'NONE', #936, #134, #70, .T. ) ;
#111 = PERSON_AND_ORGANIZATION ( #757, #117 ) ;
#112 = DIRECTION ( 'NONE',  ( -0.000000000000000000, -0.000000000000000000, 1.000000000000000000 ) ) ;
#113 = VERTEX_POINT ( 'NONE', #1514 ) ;
#114 = AXIS2_PLACEMENT_3D ( 'NONE', #28, #499, #1127 ) ;
#115 = DIRECTION ( 'NONE',  ( -0.000000000000000000, -0.000000000000000000, -1.000000000000000000 ) ) ;
#116 = EDGE_LOOP ( 'NONE', ( #1466, #1470 ) ) ;
#117 = ORGANIZATION ( 'UNSPECIFIED', 'UNSPECIFIED', '' ) ;
#118 = FACE_OUTER_BOUND ( 'NONE', #501, .T. ) ;
#119 = DIRECTION ( 'NONE',  ( 0.000000000000000000, 0.000000000000000000, 1.000000000000000000 ) ) ;
#120 = VERTEX_POINT ( 'NONE', #294 ) ;
#121 = LINE ( 'NONE', #1443, #712 ) ;
#122 = CARTESIAN_POINT ( 'NONE',  ( -2.100000000000000089, -8.150000000000000355, 17.95000000000000284 ) ) ;
#123 = VERTEX_POINT ( 'NONE', #1052 ) ;
#124 = ORIENTED_EDGE ( 'NONE', *, *, #1176, .F. ) ;
#125 = CIRCLE ( 'NONE', #483, 1.149999999999999911 ) ;
#126 = DIRECTION ( 'NONE',  ( 0.000000000000000000, 0.000000000000000000, 1.000000000000000000 ) ) ;
#127 = VERTEX_POINT ( 'NONE', #789 ) ;
#128 = CARTESIAN_POINT ( 'NONE',  ( 15.00000000000000000, -15.00000000000000000, 0.000000000000000000 ) ) ;
#129 = CARTESIAN_POINT ( 'NONE',  ( -10.25000000000000178, 0.000000000000000000, 17.95000000000000284 ) ) ;
#130 = EDGE_LOOP ( 'NONE', ( #865, #493, #152, #1224 ) ) ;
#131 = CARTESIAN_POINT ( 'NONE',  ( -2.100000000000000089, 3.404408906109840149, 19.60000000000000142 ) ) ;
#132 = EDGE_CURVE ( 'NONE', #1274, #1122, #1526, .T. ) ;
#133 = EDGE_CURVE ( 'NONE', #21, #531, #841, .T. ) ;
#134 = VERTEX_POINT ( 'NONE', #1496 ) ;
#135 = ADVANCED_FACE ( 'NONE', ( #76 ), #915, .F. ) ;
#136 = CARTESIAN_POINT ( 'NONE',  ( 27.00000000000000000, -20.00000000000000000, 0.000000000000000000 ) ) ;
#137 = EDGE_CURVE ( 'NONE', #443, #1065, #843, .T. ) ;
#138 = VERTEX_POINT ( 'NONE', #592 ) ;
#139 = ORIENTED_EDGE ( 'NONE', *, *, #985, .T. ) ;
#140 = FACE_OUTER_BOUND ( 'NONE', #1571, .T. ) ;
#141 = CYLINDRICAL_SURFACE ( 'NONE', #1416, 1.100000000000000311 ) ;
#142 = ORIENTED_EDGE ( 'NONE', *, *, #715, .F. ) ;
#143 = DIRECTION ( 'NONE',  ( 0.000000000000000000, 0.000000000000000000, -1.000000000000000000 ) ) ;
#144 = ORIENTED_EDGE ( 'NONE', *, *, #194, .F. ) ;
#145 = PERSON_AND_ORGANIZATION_ROLE ( 'classification_officer' ) ;
#146 = CIRCLE ( 'NONE', #177, 4.000000000000000000 ) ;
#147 = LINE ( 'NONE', #1484, #1144 ) ;
#148 = ORIENTED_EDGE ( 'NONE', *, *, #809, .T. ) ;
#149 = ORIENTED_EDGE ( 'NONE', *, *, #343, .F. ) ;
#150 = DIRECTION ( 'NONE',  ( -1.000000000000000000, -0.000000000000000000, -0.000000000000000000 ) ) ;
#151 = DIRECTION ( 'NONE',  ( 0.000000000000000000, 0.000000000000000000, -1.000000000000000000 ) ) ;
#152 = ORIENTED_EDGE ( 'NONE', *, *, #1497, .T. ) ;
#153 = CARTESIAN_POINT ( 'NONE',  ( 27.00000000000000000, 3.000000000000000000, 22.60000000000000142 ) ) ;
#154 = EDGE_LOOP ( 'NONE', ( #777, #1178, #1477, #1350 ) ) ;
#155 = EDGE_CURVE ( 'NONE', #620, #1414, #1200, .T. ) ;
#156 = CARTESIAN_POINT ( 'NONE',  ( 8.150000000000000355, -7.000000000000000000, 17.95000000000000284 ) ) ;
#157 = AXIS2_PLACEMENT_3D ( 'NONE', #38, #1250, #420 ) ;
#158 = ORIENTED_EDGE ( 'NONE', *, *, #781, .F. ) ;
#159 = ORIENTED_EDGE ( 'NONE', *, *, #1365, .T. ) ;
#160 = LINE ( 'NONE', #1375, #669 ) ;
#161 = CARTESIAN_POINT ( 'NONE',  ( -13.00000000000000000, 0.000000000000000000, 22.60000000000000142 ) ) ;
#162 = CARTESIAN_POINT ( 'NONE',  ( -7.000000000000000000, -7.000000000000000000, 22.59999999999999432 ) ) ;
#163 = EDGE_CURVE ( 'NONE', #1233, #1369, #270, .T. ) ;
#164 = VECTOR ( 'NONE', #597, 1000.000000000000000 ) ;
#165 = ORIENTED_EDGE ( 'NONE', *, *, #1045, .F. ) ;
#166 = DIRECTION ( 'NONE',  ( 1.000000000000000000, 0.000000000000000000, -0.000000000000000000 ) ) ;
#167 = LINE ( 'NONE', #881, #240 ) ;
#168 = ORIENTED_EDGE ( 'NONE', *, *, #1328, .T. ) ;
#169 = VERTEX_POINT ( 'NONE', #1444 ) ;
#170 = CARTESIAN_POINT ( 'NONE',  ( 3.404408906109840149, -2.100000000000000089, 19.60000000000000142 ) ) ;
#171 = CYLINDRICAL_SURFACE ( 'NONE', #508, 3.000000000000000000 ) ;
#172 = DIRECTION ( 'NONE',  ( 0.000000000000000000, 0.000000000000000000, -1.000000000000000000 ) ) ;
#173 = DATE_AND_TIME ( #1023, #1363 ) ;
#174 = FACE_BOUND ( 'NONE', #910, .T. ) ;
#175 = ORIENTED_EDGE ( 'NONE', *, *, #1429, .F. ) ;
#176 = FACE_OUTER_BOUND ( 'NONE', #944, .T. ) ;
#177 = AXIS2_PLACEMENT_3D ( 'NONE', #1382, #291, #510 ) ;
#178 = CARTESIAN_POINT ( 'NONE',  ( 0.000000000000000000, 3.000000000000000000, 22.60000000000000142 ) ) ;
#179 = CIRCLE ( 'NONE', #1422, 2.100000000000000089 ) ;
#180 = VECTOR ( 'NONE', #736, 1000.000000000000000 ) ;
#181 = DIRECTION ( 'NONE',  ( 0.000000000000000000, 0.000000000000000000, -1.000000000000000000 ) ) ;
#182 = ORIENTED_EDGE ( 'NONE', *, *, #1483, .F. ) ;
#183 = FACE_OUTER_BOUND ( 'NONE', #250, .T. ) ;
#184 = DIRECTION ( 'NONE',  ( 0.000000000000000000, 0.000000000000000000, -1.000000000000000000 ) ) ;
#185 = FACE_OUTER_BOUND ( 'NONE', #1103, .T. ) ;
#186 = AXIS2_PLACEMENT_3D ( 'NONE', #1283, #955, #805 ) ;
#187 = LINE ( 'NONE', #524, #755 ) ;
#188 = VECTOR ( 'NONE', #1565, 1000.000000000000000 ) ;
#189 = DIRECTION ( 'NONE',  ( 0.000000000000000000, 0.000000000000000000, 1.000000000000000000 ) ) ;
#190 = LINE ( 'NONE', #1163, #684 ) ;
#191 = CC_DESIGN_PERSON_AND_ORGANIZATION_ASSIGNMENT ( #111, #145, ( #1169 ) ) ;
#192 = EDGE_CURVE ( 'NONE', #290, #258, #469, .T. ) ;
#193 = VERTEX_POINT ( 'NONE', #517 ) ;
#194 = EDGE_CURVE ( 'NONE', #1257, #373, #647, .T. ) ;
#195 = DIRECTION ( 'NONE',  ( -0.000000000000000000, -0.000000000000000000, -1.000000000000000000 ) ) ;
#196 = CARTESIAN_POINT ( 'NONE',  ( 0.000000000000000000, -19.00000000000000000, 19.60000000000000142 ) ) ;
#197 = AXIS2_PLACEMENT_3D ( 'NONE', #1086, #747, #1237 ) ;
#198 = FACE_BOUND ( 'NONE', #509, .T. ) ;
#199 = ORIENTED_EDGE ( 'NONE', *, *, #657, .F. ) ;
#200 = DIRECTION ( 'NONE',  ( 0.000000000000000000, 0.000000000000000000, -1.000000000000000000 ) ) ;
#201 = DIRECTION ( 'NONE',  ( 0.000000000000000000, 0.000000000000000000, -1.000000000000000000 ) ) ;
#202 = ORIENTED_EDGE ( 'NONE', *, *, #1011, .F. ) ;
#203 = AXIS2_PLACEMENT_3D ( 'NONE', #1500, #519, #62 ) ;
#204 = CARTESIAN_POINT ( 'NONE',  ( 8.150000000000000355, -7.000000000000000000, 22.59999999999999432 ) ) ;
#205 = APPROVAL_PERSON_ORGANIZATION ( #962, #876, #844 ) ;
#206 = DIRECTION ( 'NONE',  ( -0.000000000000000000, -0.000000000000000000, -1.000000000000000000 ) ) ;
#207 = ADVANCED_FACE ( 'NONE', ( #279 ), #1397, .F. ) ;
#208 = ORIENTED_EDGE ( 'NONE', *, *, #1388, .F. ) ;
#209 = CARTESIAN_POINT ( 'NONE',  ( 13.00000000000000000, 1.592040838891559095E-15, 22.60000000000000142 ) ) ;
#210 = DIRECTION ( 'NONE',  ( 1.000000000000000000, 0.000000000000000000, 0.000000000000000000 ) ) ;
#211 = AXIS2_PLACEMENT_3D ( 'NONE', #233, #1329, #229 ) ;
#212 = EDGE_CURVE ( 'NONE', #497, #1532, #399, .T. ) ;
#213 = EDGE_CURVE ( 'NONE', #1122, #1534, #187, .T. ) ;
#214 = CIRCLE ( 'NONE', #61, 1.100000000000000311 ) ;
#215 = LINE ( 'NONE', #552, #1070 ) ;
#216 = ORIENTED_EDGE ( 'NONE', *, *, #948, .T. ) ;
#217 = DIRECTION ( 'NONE',  ( -0.000000000000000000, -0.000000000000000000, -1.000000000000000000 ) ) ;
#218 = DIRECTION ( 'NONE',  ( 0.000000000000000000, 0.000000000000000000, 1.000000000000000000 ) ) ;
#219 = FACE_BOUND ( 'NONE', #1003, .T. ) ;
#220 = VERTEX_POINT ( 'NONE', #1129 ) ;
#221 = FACE_OUTER_BOUND ( 'NONE', #606, .T. ) ;
#222 = DIRECTION ( 'NONE',  ( -1.000000000000000000, 0.000000000000000000, 0.000000000000000000 ) ) ;
#223 = MECHANICAL_CONTEXT ( 'NONE', #1208, 'mechanical' ) ;
#224 = DIRECTION ( 'NONE',  ( -1.000000000000000000, 0.000000000000000000, 0.000000000000000000 ) ) ;
#225 = ORIENTED_EDGE ( 'NONE', *, *, #1355, .T. ) ;
#226 = CARTESIAN_POINT ( 'NONE',  ( -8.150000000000000355, 2.100000000000000089, 17.95000000000000284 ) ) ;
#227 = PERSON_AND_ORGANIZATION ( #757, #117 ) ;
#228 = AXIS2_PLACEMENT_3D ( 'NONE', #498, #853, #719 ) ;
#229 = DIRECTION ( 'NONE',  ( 1.000000000000000000, 0.000000000000000000, 0.000000000000000000 ) ) ;
#230 = ORIENTED_EDGE ( 'NONE', *, *, #132, .F. ) ;
#231 = LINE ( 'NONE', #1458, #1509 ) ;
#232 = APPROVAL_DATE_TIME ( #241, #14 ) ;
#233 = CARTESIAN_POINT ( 'NONE',  ( 0.000000000000000000, 0.000000000000000000, 19.60000000000000142 ) ) ;
#234 = ORIENTED_EDGE ( 'NONE', *, *, #834, .F. ) ;
#235 = CARTESIAN_POINT ( 'NONE',  ( -7.000000000000000000, -7.000000000000000000, 22.59999999999999432 ) ) ;
#236 = DIRECTION ( 'NONE',  ( 0.000000000000000000, 0.000000000000000000, -1.000000000000000000 ) ) ;
#237 = ORIENTED_EDGE ( 'NONE', *, *, #1549, .F. ) ;
#238 = LOCAL_TIME ( 22, 19, 18.00000000000000000, #977 ) ;
#239 = ORIENTED_EDGE ( 'NONE', *, *, #967, .T. ) ;
#240 = VECTOR ( 'NONE', #539, 1000.000000000000000 ) ;
#241 = DATE_AND_TIME ( #850, #1207 ) ;
#242 = CARTESIAN_POINT ( 'NONE',  ( -2.100000000000000089, 8.150000000000000355, 17.95000000000000284 ) ) ;
#243 = AXIS2_PLACEMENT_3D ( 'NONE', #1307, #450, #564 ) ;
#244 = VERTEX_POINT ( 'NONE', #782 ) ;
#245 = EDGE_CURVE ( 'NONE', #1114, #463, #1362, .T. ) ;
#246 = EDGE_LOOP ( 'NONE', ( #1498, #378 ) ) ;
#247 = AXIS2_PLACEMENT_3D ( 'NONE', #807, #75, #898 ) ;
#248 = DIRECTION ( 'NONE',  ( 1.000000000000000000, 0.000000000000000000, 0.000000000000000000 ) ) ;
#249 = CARTESIAN_POINT ( 'NONE',  ( 2.100000000000000089, 8.150000000000000355, 19.60000000000000142 ) ) ;
#250 = EDGE_LOOP ( 'NONE', ( #1417, #724, #1401, #202 ) ) ;
#251 = ADVANCED_FACE ( 'NONE', ( #20 ), #31, .F. ) ;
#252 = EDGE_CURVE ( 'NONE', #734, #610, #1479, .T. ) ;
#253 = ORIENTED_EDGE ( 'NONE', *, *, #654, .T. ) ;
#254 = ADVANCED_FACE ( 'NONE', ( #1136, #1051, #1410 ), #421, .T. ) ;
#255 = PERSON_AND_ORGANIZATION ( #757, #117 ) ;
#256 = VECTOR ( 'NONE', #1570, 1000.000000000000000 ) ;
#257 = CARTESIAN_POINT ( 'NONE',  ( -2.100000000000000089, -8.150000000000000355, 17.95000000000000284 ) ) ;
#258 = VERTEX_POINT ( 'NONE', #81 ) ;
#259 = VERTEX_POINT ( 'NONE', #301 ) ;
#260 = LINE ( 'NONE', #479, #30 ) ;
#261 = ORIENTED_EDGE ( 'NONE', *, *, #877, .T. ) ;
#262 = DIRECTION ( 'NONE',  ( 0.000000000000000000, 0.000000000000000000, -1.000000000000000000 ) ) ;
#263 = ORIENTED_EDGE ( 'NONE', *, *, #542, .T. ) ;
#264 = CARTESIAN_POINT ( 'NONE',  ( 7.000000000000000000, 7.000000000000000000, 17.95000000000000284 ) ) ;
#265 = ORIENTED_EDGE ( 'NONE', *, *, #466, .F. ) ;
#266 = ORIENTED_EDGE ( 'NONE', *, *, #1331, .F. ) ;
#267 = DIRECTION ( 'NONE',  ( 0.000000000000000000, 0.000000000000000000, 1.000000000000000000 ) ) ;
#268 = CARTESIAN_POINT ( 'NONE',  ( 16.89999999999999858, -17.50000000000000000, 22.59999999999999432 ) ) ;
#269 = ORIENTED_EDGE ( 'NONE', *, *, #484, .T. ) ;
#270 = CIRCLE ( 'NONE', #197, 13.00000000000000000 ) ;
#271 = ADVANCED_FACE ( 'NONE', ( #405 ), #1142, .F. ) ;
#272 = ORIENTED_EDGE ( 'NONE', *, *, #163, .F. ) ;
#273 = AXIS2_PLACEMENT_3D ( 'NONE', #274, #1308, #1406 ) ;
#274 = CARTESIAN_POINT ( 'NONE',  ( 15.00000000000000000, -20.00000000000000000, 22.60000000000000142 ) ) ;
#275 = APPROVAL_PERSON_ORGANIZATION ( #1230, #14, #1455 ) ;
#276 = EDGE_LOOP ( 'NONE', ( #1353, #159, #403, #1185 ) ) ;
#277 = CARTESIAN_POINT ( 'NONE',  ( 3.404408906109840149, 2.100000000000000089, 19.60000000000000142 ) ) ;
#278 = EDGE_LOOP ( 'NONE', ( #863, #390, #787, #1252 ) ) ;
#279 = FACE_OUTER_BOUND ( 'NONE', #815, .T. ) ;
#280 = DIRECTION ( 'NONE',  ( 0.000000000000000000, 0.000000000000000000, -1.000000000000000000 ) ) ;
#281 = VERTEX_POINT ( 'NONE', #625 ) ;
#282 = DIRECTION ( 'NONE',  ( 0.000000000000000000, -1.000000000000000000, 0.000000000000000000 ) ) ;
#283 = DIRECTION ( 'NONE',  ( 1.000000000000000000, 0.000000000000000000, 0.000000000000000000 ) ) ;
#284 = AXIS2_PLACEMENT_3D ( 'NONE', #2, #716, #126 ) ;
#285 = ORIENTED_EDGE ( 'NONE', *, *, #91, .F. ) ;
#286 = CARTESIAN_POINT ( 'NONE',  ( 16.89999999999999858, -17.50000000000000000, 22.59999999999999432 ) ) ;
#287 = DIRECTION ( 'NONE',  ( 0.000000000000000000, 0.000000000000000000, -1.000000000000000000 ) ) ;
#288 = AXIS2_PLACEMENT_3D ( 'NONE', #1294, #1438, #222 ) ;
#289 = DIRECTION ( 'NONE',  ( 0.000000000000000000, 0.000000000000000000, 1.000000000000000000 ) ) ;
#290 = VERTEX_POINT ( 'NONE', #1119 ) ;
#291 = DIRECTION ( 'NONE',  ( 0.000000000000000000, 0.000000000000000000, 1.000000000000000000 ) ) ;
#292 = ORIENTED_EDGE ( 'NONE', *, *, #1062, .F. ) ;
#293 = CARTESIAN_POINT ( 'NONE',  ( 0.000000000000000000, -19.00000000000000000, 22.60000000000000142 ) ) ;
#294 = CARTESIAN_POINT ( 'NONE',  ( 8.150000000000000355, 2.100000000000000977, 19.60000000000000142 ) ) ;
#295 = CARTESIAN_POINT ( 'NONE',  ( 0.000000000000000000, 0.000000000000000000, 19.60000000000000142 ) ) ;
#296 = CARTESIAN_POINT ( 'NONE',  ( 0.000000000000000000, 0.000000000000000000, 19.60000000000000142 ) ) ;
#297 = MANIFOLD_SOLID_BREP ( 'Contact_pad_keeper', #973 ) ;
#298 = ORIENTED_EDGE ( 'NONE', *, *, #773, .F. ) ;
#299 = CARTESIAN_POINT ( 'NONE',  ( 15.00000000000000000, 0.000000000000000000, 19.60000000000000142 ) ) ;
#300 = EDGE_CURVE ( 'NONE', #120, #1581, #1227, .T. ) ;
#301 = CARTESIAN_POINT ( 'NONE',  ( -2.100000000000000089, 8.150000000000000355, 19.60000000000000142 ) ) ;
#302 = ORIENTED_EDGE ( 'NONE', *, *, #830, .T. ) ;
#303 = VECTOR ( 'NONE', #688, 1000.000000000000000 ) ;
#304 = PRODUCT_RELATED_PRODUCT_CATEGORY ( 'detail', '', ( #391 ) ) ;
#305 = EDGE_CURVE ( 'NONE', #1493, #1140, #1291, .T. ) ;
#306 = CYLINDRICAL_SURFACE ( 'NONE', #330, 2.100000000000000977 ) ;
#307 = ADVANCED_FACE ( 'NONE', ( #885 ), #141, .F. ) ;
#308 = CARTESIAN_POINT ( 'NONE',  ( 0.000000000000000000, -19.00000000000000000, 19.60000000000000142 ) ) ;
#309 = ORIENTED_EDGE ( 'NONE', *, *, #137, .T. ) ;
#310 = DIRECTION ( 'NONE',  ( 0.000000000000000000, 0.000000000000000000, 1.000000000000000000 ) ) ;
#311 = DIRECTION ( 'NONE',  ( 0.000000000000000000, 0.000000000000000000, -1.000000000000000000 ) ) ;
#312 = VECTOR ( 'NONE', #1402, 1000.000000000000000 ) ;
#313 = DIRECTION ( 'NONE',  ( -0.000000000000000000, -1.000000000000000000, -0.000000000000000000 ) ) ;
#314 = VERTEX_POINT ( 'NONE', #1333 ) ;
#315 = CYLINDRICAL_SURFACE ( 'NONE', #691, 2.100000000000000089 ) ;
#316 = CARTESIAN_POINT ( 'NONE',  ( 0.000000000000000000, 0.000000000000000000, 0.000000000000000000 ) ) ;
#317 = ORIENTED_EDGE ( 'NONE', *, *, #1315, .F. ) ;
#318 = CARTESIAN_POINT ( 'NONE',  ( -3.000000000000000000, 0.000000000000000000, 19.60000000000000142 ) ) ;
#319 = EDGE_CURVE ( 'NONE', #620, #734, #525, .T. ) ;
#320 = AXIS2_PLACEMENT_3D ( 'NONE', #894, #289, #1260 ) ;
#321 = DIRECTION ( 'NONE',  ( 1.000000000000000000, 0.000000000000000000, 0.000000000000000000 ) ) ;
#322 = PRODUCT_DEFINITION_FORMATION_WITH_SPECIFIED_SOURCE ( 'ANY', '', #391, .NOT_KNOWN. ) ;
#323 = ORIENTED_EDGE ( 'NONE', *, *, #1107, .T. ) ;
#324 = EDGE_CURVE ( 'NONE', #258, #290, #1026, .T. ) ;
#325 = DIRECTION ( 'NONE',  ( -0.000000000000000000, -0.000000000000000000, -1.000000000000000000 ) ) ;
#326 = ORIENTED_EDGE ( 'NONE', *, *, #773, .T. ) ;
#327 = EDGE_CURVE ( 'NONE', #1249, #1229, #522, .T. ) ;
#328 = VECTOR ( 'NONE', #603, 1000.000000000000000 ) ;
#329 = LINE ( 'NONE', #835, #303 ) ;
#330 = AXIS2_PLACEMENT_3D ( 'NONE', #1261, #172, #1145 ) ;
#331 = VECTOR ( 'NONE', #151, 1000.000000000000000 ) ;
#332 = DIRECTION ( 'NONE',  ( 1.000000000000000000, 0.000000000000000000, 0.000000000000000000 ) ) ;
#333 = VERTEX_POINT ( 'NONE', #129 ) ;
#334 = DIRECTION ( 'NONE',  ( 1.000000000000000000, -0.000000000000000000, 0.000000000000000000 ) ) ;
#335 = CARTESIAN_POINT ( 'NONE',  ( 8.150000000000000355, 0.000000000000000000, 17.95000000000000284 ) ) ;
#336 = CIRCLE ( 'NONE', #587, 1.100000000000000311 ) ;
#337 = AXIS2_PLACEMENT_3D ( 'NONE', #429, #1151, #891 ) ;
#338 = CARTESIAN_POINT ( 'NONE',  ( -2.100000000000000089, 3.404408906109841038, 17.95000000000000284 ) ) ;
#339 = ORIENTED_EDGE ( 'NONE', *, *, #775, .F. ) ;
#340 = LINE ( 'NONE', #209, #971 ) ;
#341 = DIRECTION ( 'NONE',  ( -1.000000000000000000, -0.000000000000000000, -0.000000000000000000 ) ) ;
#342 = DIRECTION ( 'NONE',  ( 0.000000000000000000, 0.000000000000000000, -1.000000000000000000 ) ) ;
#343 = EDGE_CURVE ( 'NONE', #993, #852, #17, .T. ) ;
#344 = ORIENTED_EDGE ( 'NONE', *, *, #1315, .T. ) ;
#345 = CYLINDRICAL_SURFACE ( 'NONE', #1301, 13.00000000000000000 ) ;
#346 = DIRECTION ( 'NONE',  ( 0.000000000000000000, 0.000000000000000000, -1.000000000000000000 ) ) ;
#347 = AXIS2_PLACEMENT_3D ( 'NONE', #296, #24, #668 ) ;
#348 = VECTOR ( 'NONE', #311, 1000.000000000000000 ) ;
#349 = EDGE_CURVE ( 'NONE', #1297, #643, #1352, .T. ) ;
#350 = DIRECTION ( 'NONE',  ( 0.000000000000000000, 0.000000000000000000, 1.000000000000000000 ) ) ;
#351 = EDGE_CURVE ( 'NONE', #1263, #1414, #1580, .T. ) ;
#352 = DIRECTION ( 'NONE',  ( 1.000000000000000000, 0.000000000000000000, 0.000000000000000000 ) ) ;
#353 = ORIENTED_EDGE ( 'NONE', *, *, #985, .F. ) ;
#354 = DIRECTION ( 'NONE',  ( 0.000000000000000000, -1.000000000000000000, 0.000000000000000000 ) ) ;
#355 = DIRECTION ( 'NONE',  ( 1.000000000000000000, 0.000000000000000000, 0.000000000000000000 ) ) ;
#356 = VECTOR ( 'NONE', #455, 1000.000000000000000 ) ;
#357 = APPROVAL_STATUS ( 'not_yet_approved' ) ;
#358 = AXIS2_PLACEMENT_3D ( 'NONE', #1001, #491, #1340 ) ;
#359 = CARTESIAN_POINT ( 'NONE',  ( 0.000000000000000000, 0.000000000000000000, 22.60000000000000142 ) ) ;
#360 = CARTESIAN_POINT ( 'NONE',  ( 15.00000000000000000, -15.00000000000000000, 22.60000000000000142 ) ) ;
#361 = ORIENTED_EDGE ( 'NONE', *, *, #324, .T. ) ;
#362 = DIRECTION ( 'NONE',  ( -1.000000000000000000, 0.000000000000000000, 0.000000000000000000 ) ) ;
#363 = DIRECTION ( 'NONE',  ( -0.000000000000000000, -0.000000000000000000, 1.000000000000000000 ) ) ;
#364 = VERTEX_POINT ( 'NONE', #161 ) ;
#365 = EDGE_CURVE ( 'NONE', #400, #193, #1216, .T. ) ;
#366 = CARTESIAN_POINT ( 'NONE',  ( 0.000000000000000000, -19.00000000000000000, 22.60000000000000142 ) ) ;
#367 = ORIENTED_EDGE ( 'NONE', *, *, #1544, .F. ) ;
#368 = ADVANCED_FACE ( 'NONE', ( #1359 ), #1453, .F. ) ;
#369 = DIRECTION ( 'NONE',  ( -0.000000000000000000, -0.000000000000000000, -1.000000000000000000 ) ) ;
#370 = CARTESIAN_POINT ( 'NONE',  ( -7.000000000000000000, 7.000000000000000000, 22.59999999999999432 ) ) ;
#371 = ORIENTED_EDGE ( 'NONE', *, *, #701, .F. ) ;
#372 = EDGE_CURVE ( 'NONE', #598, #989, #379, .T. ) ;
#373 = VERTEX_POINT ( 'NONE', #1134 ) ;
#374 = VECTOR ( 'NONE', #321, 1000.000000000000000 ) ;
#375 = DIRECTION ( 'NONE',  ( -0.000000000000000000, 1.000000000000000000, 0.000000000000000000 ) ) ;
#376 = VECTOR ( 'NONE', #280, 1000.000000000000000 ) ;
#377 = ORIENTED_EDGE ( 'NONE', *, *, #703, .T. ) ;
#378 = ORIENTED_EDGE ( 'NONE', *, *, #1171, .T. ) ;
#379 = CIRCLE ( 'NONE', #1273, 1.149999999999999911 ) ;
#380 = CARTESIAN_POINT ( 'NONE',  ( 0.000000000000000000, 0.000000000000000000, 22.60000000000000142 ) ) ;
#381 = VERTEX_POINT ( 'NONE', #249 ) ;
#382 = ORIENTED_EDGE ( 'NONE', *, *, #1159, .F. ) ;
#383 = VECTOR ( 'NONE', #1166, 1000.000000000000000 ) ;
#384 = FACE_BOUND ( 'NONE', #3, .T. ) ;
#385 = AXIS2_PLACEMENT_3D ( 'NONE', #872, #745, #980 ) ;
#386 = VERTEX_POINT ( 'NONE', #506 ) ;
#387 = ORIENTED_EDGE ( 'NONE', *, *, #484, .F. ) ;
#388 = CARTESIAN_POINT ( 'NONE',  ( -8.150000000000000355, -2.100000000000000089, 19.60000000000000142 ) ) ;
#389 = DIRECTION ( 'NONE',  ( 0.000000000000000000, 0.000000000000000000, 1.000000000000000000 ) ) ;
#390 = ORIENTED_EDGE ( 'NONE', *, *, #1429, .T. ) ;
#391 = PRODUCT ( 'ARM-103_Grip_moving_finger', 'ARM-103_Grip_moving_finger', '', ( #223 ) ) ;
#392 = ORIENTED_EDGE ( 'NONE', *, *, #902, .F. ) ;
#393 = CARTESIAN_POINT ( 'NONE',  ( 12.64911064067351809, 3.000000000000000000, 22.60000000000000142 ) ) ;
#394 = VERTEX_POINT ( 'NONE', #1002 ) ;
#395 = FACE_OUTER_BOUND ( 'NONE', #1228, .T. ) ;
#396 = DIRECTION ( 'NONE',  ( -1.000000000000000000, 0.000000000000000000, 0.000000000000000000 ) ) ;
#397 = ORIENTED_EDGE ( 'NONE', *, *, #656, .T. ) ;
#398 = DIRECTION ( 'NONE',  ( -1.000000000000000000, 0.000000000000000000, 0.000000000000000000 ) ) ;
#399 = CIRCLE ( 'NONE', #1564, 3.000000000000000000 ) ;
#400 = VERTEX_POINT ( 'NONE', #981 ) ;
#401 = CIRCLE ( 'NONE', #203, 1.150000000000000799 ) ;
#402 = DIRECTION ( 'NONE',  ( -1.000000000000000000, 0.000000000000000000, 0.000000000000000000 ) ) ;
#403 = ORIENTED_EDGE ( 'NONE', *, *, #9, .F. ) ;
#404 = DIRECTION ( 'NONE',  ( -1.000000000000000000, 0.000000000000000000, 0.000000000000000000 ) ) ;
#405 = FACE_OUTER_BOUND ( 'NONE', #837, .T. ) ;
#406 = VERTEX_POINT ( 'NONE', #1476 ) ;
#407 = CARTESIAN_POINT ( 'NONE',  ( 7.000000000000000000, 7.000000000000000000, 22.59999999999999432 ) ) ;
#408 = ORIENTED_EDGE ( 'NONE', *, *, #423, .T. ) ;
#409 = DIRECTION ( 'NONE',  ( 1.000000000000000000, 0.000000000000000000, 0.000000000000000000 ) ) ;
#410 = LINE ( 'NONE', #908, #599 ) ;
#411 = ORIENTED_EDGE ( 'NONE', *, *, #1102, .T. ) ;
#412 = EDGE_LOOP ( 'NONE', ( #1232, #795, #638, #353 ) ) ;
#413 = DIRECTION ( 'NONE',  ( 0.000000000000000000, 0.000000000000000000, -1.000000000000000000 ) ) ;
#414 = DIRECTION ( 'NONE',  ( 0.000000000000000000, 0.000000000000000000, 1.000000000000000000 ) ) ;
#415 = AXIS2_PLACEMENT_3D ( 'NONE', #1092, #505, #591 ) ;
#416 = DIRECTION ( 'NONE',  ( 0.000000000000000000, 0.000000000000000000, -1.000000000000000000 ) ) ;
#417 = EDGE_CURVE ( 'NONE', #947, #531, #39, .T. ) ;
#418 = DIRECTION ( 'NONE',  ( 1.000000000000000000, 0.000000000000000000, 0.000000000000000000 ) ) ;
#419 = VERTEX_POINT ( 'NONE', #1459 ) ;
#420 = DIRECTION ( 'NONE',  ( 0.000000000000000000, 0.000000000000000000, -1.000000000000000000 ) ) ;
#421 = PLANE ( 'NONE',  #813 ) ;
#422 = DIRECTION ( 'NONE',  ( -0.000000000000000000, -1.000000000000000000, -0.000000000000000000 ) ) ;
#423 = EDGE_CURVE ( 'NONE', #427, #1297, #1499, .T. ) ;
#424 = ADVANCED_FACE ( 'NONE', ( #907 ), #1515, .F. ) ;
#425 = CARTESIAN_POINT ( 'NONE',  ( -2.100000000000000089, -3.404408906109840149, 17.95000000000000284 ) ) ;
#426 = CARTESIAN_POINT ( 'NONE',  ( 0.000000000000000000, 0.000000000000000000, 22.60000000000000142 ) ) ;
#427 = VERTEX_POINT ( 'NONE', #659 ) ;
#428 = ORIENTED_EDGE ( 'NONE', *, *, #417, .T. ) ;
#429 = CARTESIAN_POINT ( 'NONE',  ( 24.00000000000000000, -17.50000000000000000, 22.59999999999999432 ) ) ;
#430 = ORIENTED_EDGE ( 'NONE', *, *, #1155, .T. ) ;
#431 = FACE_OUTER_BOUND ( 'NONE', #412, .T. ) ;
#432 = FACE_OUTER_BOUND ( 'NONE', #50, .T. ) ;
#433 = ORIENTED_EDGE ( 'NONE', *, *, #1445, .T. ) ;
#434 = LINE ( 'NONE', #1050, #383 ) ;
#435 = DIRECTION ( 'NONE',  ( -1.000000000000000000, 0.000000000000000000, 0.000000000000000000 ) ) ;
#436 = CARTESIAN_POINT ( 'NONE',  ( -8.150000000000000355, 2.100000000000000089, 19.60000000000000142 ) ) ;
#437 = ADVANCED_FACE ( 'NONE', ( #784, #1390 ), #55, .F. ) ;
#438 = CIRCLE ( 'NONE', #588, 4.000000000000000000 ) ;
#439 = EDGE_CURVE ( 'NONE', #1450, #643, #818, .T. ) ;
#440 = CARTESIAN_POINT ( 'NONE',  ( 27.00000000000000000, -20.00000000000000000, 22.60000000000000142 ) ) ;
#441 = VERTEX_POINT ( 'NONE', #1529 ) ;
#442 = LINE ( 'NONE', #95, #540 ) ;
#443 = VERTEX_POINT ( 'NONE', #667 ) ;
#444 = FACE_OUTER_BOUND ( 'NONE', #617, .T. ) ;
#445 = CARTESIAN_POINT ( 'NONE',  ( -8.150000000000000355, 0.000000000000000000, 17.95000000000000284 ) ) ;
#446 = AXIS2_PLACEMENT_3D ( 'NONE', #1559, #350, #968 ) ;
#447 = EDGE_LOOP ( 'NONE', ( #1460, #1124, #676, #382 ) ) ;
#448 = CARTESIAN_POINT ( 'NONE',  ( 2.100000000000000089, -8.150000000000000355, 17.95000000000000284 ) ) ;
#449 = CIRCLE ( 'NONE', #792, 1.149999999999999911 ) ;
#450 = DIRECTION ( 'NONE',  ( 0.000000000000000000, 0.000000000000000000, -1.000000000000000000 ) ) ;
#451 = CIRCLE ( 'NONE', #1343, 13.00000000000000000 ) ;
#452 = AXIS2_PLACEMENT_3D ( 'NONE', #1099, #6, #1341 ) ;
#453 = DIRECTION ( 'NONE',  ( 0.000000000000000000, 0.000000000000000000, 1.000000000000000000 ) ) ;
#454 = ORIENTED_EDGE ( 'NONE', *, *, #1408, .T. ) ;
#455 = DIRECTION ( 'NONE',  ( 0.000000000000000000, 0.000000000000000000, -1.000000000000000000 ) ) ;
#456 = ORIENTED_EDGE ( 'NONE', *, *, #1061, .F. ) ;
#457 = LINE ( 'NONE', #1060, #565 ) ;
#458 = CIRCLE ( 'NONE', #1576, 1.150000000000000799 ) ;
#459 = CARTESIAN_POINT ( 'NONE',  ( 2.100000000000000089, -8.150000000000000355, 19.60000000000000142 ) ) ;
#460 = ADVANCED_FACE ( 'NONE', ( #1269 ), #674, .T. ) ;
#461 = ORIENTED_EDGE ( 'NONE', *, *, #1562, .F. ) ;
#462 = CARTESIAN_POINT ( 'NONE',  ( 0.000000000000000000, -13.00000000000000000, 22.60000000000000142 ) ) ;
#463 = VERTEX_POINT ( 'NONE', #425 ) ;
#464 = LINE ( 'NONE', #960, #909 ) ;
#465 = CC_DESIGN_PERSON_AND_ORGANIZATION_ASSIGNMENT ( #227, #732, ( #322 ) ) ;
#466 = EDGE_CURVE ( 'NONE', #993, #1140, #772, .T. ) ;
#467 = ADVANCED_FACE ( 'NONE', ( #431 ), #1255, .F. ) ;
#468 = APPLICATION_PROTOCOL_DEFINITION ( 'international standard', 'config_control_design', 1994, #1208 ) ;
#469 = CIRCLE ( 'NONE', #1437, 1.150000000000000799 ) ;
#470 = CARTESIAN_POINT ( 'NONE',  ( 18.00000000000000000, -17.50000000000000000, 22.59999999999999432 ) ) ;
#471 = ADVANCED_FACE ( 'NONE', ( #1399 ), #306, .F. ) ;
#472 = ORIENTED_EDGE ( 'NONE', *, *, #365, .F. ) ;
#473 = DIRECTION ( 'NONE',  ( 0.000000000000000000, 0.000000000000000000, 1.000000000000000000 ) ) ;
#474 = VECTOR ( 'NONE', #1413, 1000.000000000000000 ) ;
#475 = CC_DESIGN_SECURITY_CLASSIFICATION ( #1169, ( #322 ) ) ;
#476 =( LENGTH_UNIT ( ) NAMED_UNIT ( * ) SI_UNIT ( .MILLI., .METRE. ) );
#477 = PLANE ( 'NONE',  #1427 ) ;
#478 = ORIENTED_EDGE ( 'NONE', *, *, #1383, .F. ) ;
#479 = CARTESIAN_POINT ( 'NONE',  ( 27.00000000000000000, -20.00000000000000000, 22.60000000000000142 ) ) ;
#480 = ORIENTED_EDGE ( 'NONE', *, *, #1176, .T. ) ;
#481 = UNCERTAINTY_MEASURE_WITH_UNIT (LENGTH_MEASURE( 1.000000000000000082E-05 ), #476, 'distance_accuracy_value', 'NONE');
#482 = EDGE_CURVE ( 'NONE', #394, #1348, #1546, .T. ) ;
#483 = AXIS2_PLACEMENT_3D ( 'NONE', #1415, #325, #692 ) ;
#484 = EDGE_CURVE ( 'NONE', #314, #1091, #1218, .T. ) ;
#485 = COORDINATED_UNIVERSAL_TIME_OFFSET ( 6, 0, .BEHIND. ) ;
#486 = EDGE_CURVE ( 'NONE', #1274, #1430, #1542, .T. ) ;
#487 = CIRCLE ( 'NONE', #1280, 13.00000000000000000 ) ;
#488 = CARTESIAN_POINT ( 'NONE',  ( 2.100000000000000089, 8.150000000000000355, 17.95000000000000284 ) ) ;
#489 = EDGE_CURVE ( 'NONE', #259, #620, #888, .T. ) ;
#490 = VERTEX_POINT ( 'NONE', #976 ) ;
#491 = DIRECTION ( 'NONE',  ( -0.000000000000000000, -0.000000000000000000, 1.000000000000000000 ) ) ;
#492 = DIRECTION ( 'NONE',  ( -0.000000000000000000, -0.000000000000000000, -1.000000000000000000 ) ) ;
#493 = ORIENTED_EDGE ( 'NONE', *, *, #1434, .F. ) ;
#494 = ORIENTED_EDGE ( 'NONE', *, *, #213, .T. ) ;
#495 = CARTESIAN_POINT ( 'NONE',  ( -8.150000000000000355, -2.100000000000000089, 19.60000000000000142 ) ) ;
#496 = ORIENTED_EDGE ( 'NONE', *, *, #660, .F. ) ;
#497 = VERTEX_POINT ( 'NONE', #856 ) ;
#498 = CARTESIAN_POINT ( 'NONE',  ( -7.000000000000000000, -7.000000000000000000, 22.59999999999999432 ) ) ;
#499 = DIRECTION ( 'NONE',  ( 0.000000000000000000, 0.000000000000000000, 1.000000000000000000 ) ) ;
#500 = ORIENTED_EDGE ( 'NONE', *, *, #1483, .T. ) ;
#501 = EDGE_LOOP ( 'NONE', ( #1049, #326, #1339, #1384 ) ) ;
#502 = DIRECTION ( 'NONE',  ( 1.000000000000000000, 0.000000000000000000, 0.000000000000000000 ) ) ;
#503 = EDGE_LOOP ( 'NONE', ( #1306, #883 ) ) ;
#504 = ORIENTED_EDGE ( 'NONE', *, *, #583, .F. ) ;
#505 = DIRECTION ( 'NONE',  ( 0.000000000000000000, -1.000000000000000000, 0.000000000000000000 ) ) ;
#506 = CARTESIAN_POINT ( 'NONE',  ( -10.25000000000000178, 0.000000000000000000, 19.60000000000000142 ) ) ;
#507 = ORIENTED_EDGE ( 'NONE', *, *, #1044, .T. ) ;
#508 = AXIS2_PLACEMENT_3D ( 'NONE', #41, #287, #779 ) ;
#509 = EDGE_LOOP ( 'NONE', ( #1108, #629 ) ) ;
#510 = DIRECTION ( 'NONE',  ( 1.000000000000000000, 0.000000000000000000, 0.000000000000000000 ) ) ;
#511 = VECTOR ( 'NONE', #950, 1000.000000000000000 ) ;
#512 = ORIENTED_EDGE ( 'NONE', *, *, #213, .F. ) ;
#513 = ORIENTED_EDGE ( 'NONE', *, *, #1497, .F. ) ;
#514 = CARTESIAN_POINT ( 'NONE',  ( 2.100000000000000089, -3.404408906109840149, 19.60000000000000142 ) ) ;
#515 = CARTESIAN_POINT ( 'NONE',  ( 18.00000000000000000, -17.50000000000000000, 22.59999999999999432 ) ) ;
#516 = VERTEX_POINT ( 'NONE', #700 ) ;
#517 = CARTESIAN_POINT ( 'NONE',  ( 2.100000000000000089, 3.404408906109841038, 19.60000000000000142 ) ) ;
#518 = ORIENTED_EDGE ( 'NONE', *, *, #1212, .T. ) ;
#519 = DIRECTION ( 'NONE',  ( 0.000000000000000000, 0.000000000000000000, 1.000000000000000000 ) ) ;
#520 = ORIENTED_EDGE ( 'NONE', *, *, #351, .T. ) ;
#521 = FACE_OUTER_BOUND ( 'NONE', #1336, .T. ) ;
#522 = LINE ( 'NONE', #1010, #1345 ) ;
#523 = DIRECTION ( 'NONE',  ( -0.000000000000000000, -0.000000000000000000, -1.000000000000000000 ) ) ;
#524 = CARTESIAN_POINT ( 'NONE',  ( 15.00000000000000000, -20.00000000000000000, 22.60000000000000142 ) ) ;
#525 = CIRCLE ( 'NONE', #722, 4.000000000000000000 ) ;
#526 = ORIENTED_EDGE ( 'NONE', *, *, #1159, .T. ) ;
#527 = DIRECTION ( 'NONE',  ( 0.000000000000000000, 0.000000000000000000, -1.000000000000000000 ) ) ;
#528 = VECTOR ( 'NONE', #57, 1000.000000000000000 ) ;
#529 = CARTESIAN_POINT ( 'NONE',  ( 8.150000000000000355, 0.000000000000000000, 19.60000000000000142 ) ) ;
#530 = CC_DESIGN_APPROVAL ( #14, ( #322 ) ) ;
#531 = VERTEX_POINT ( 'NONE', #1485 ) ;
#532 = VECTOR ( 'NONE', #34, 1000.000000000000000 ) ;
#533 = DIRECTION ( 'NONE',  ( -0.000000000000000000, -0.000000000000000000, 1.000000000000000000 ) ) ;
#534 = CARTESIAN_POINT ( 'NONE',  ( 27.00000000000000000, -19.00000000000000000, 22.60000000000000142 ) ) ;
#535 = CARTESIAN_POINT ( 'NONE',  ( 0.000000000000000000, 0.000000000000000000, 22.59999999999999432 ) ) ;
#536 = AXIS2_PLACEMENT_3D ( 'NONE', #1285, #1046, #1054 ) ;
#537 = ADVANCED_FACE ( 'NONE', ( #77 ), #927, .F. ) ;
#538 = CARTESIAN_POINT ( 'NONE',  ( 7.000000000000000000, 7.000000000000000000, 17.95000000000000284 ) ) ;
#539 = DIRECTION ( 'NONE',  ( -0.000000000000000000, -0.000000000000000000, -1.000000000000000000 ) ) ;
#540 = VECTOR ( 'NONE', #1298, 1000.000000000000000 ) ;
#541 = ADVANCED_FACE ( 'NONE', ( #1112 ), #1323, .F. ) ;
#542 = EDGE_CURVE ( 'NONE', #1140, #58, #864, .T. ) ;
#543 = ORIENTED_EDGE ( 'NONE', *, *, #1433, .F. ) ;
#544 = EDGE_CURVE ( 'NONE', #1217, #1263, #179, .T. ) ;
#545 = CARTESIAN_POINT ( 'NONE',  ( 5.849999999999999645, -7.000000000000000000, 22.59999999999999432 ) ) ;
#546 = DIRECTION ( 'NONE',  ( 0.000000000000000000, 0.000000000000000000, 1.000000000000000000 ) ) ;
#547 = DIRECTION ( 'NONE',  ( 0.000000000000000000, -0.000000000000000000, -1.000000000000000000 ) ) ;
#548 = DIRECTION ( 'NONE',  ( 0.000000000000000000, 0.000000000000000000, -1.000000000000000000 ) ) ;
#549 = ORIENTED_EDGE ( 'NONE', *, *, #93, .T. ) ;
#550 = DIRECTION ( 'NONE',  ( 0.000000000000000000, 0.000000000000000000, 1.000000000000000000 ) ) ;
#551 = DIRECTION ( 'NONE',  ( 0.000000000000000000, 1.000000000000000000, 0.000000000000000000 ) ) ;
#552 = CARTESIAN_POINT ( 'NONE',  ( -3.404408906109840149, 2.100000000000000089, 19.60000000000000142 ) ) ;
#553 = AXIS2_PLACEMENT_3D ( 'NONE', #445, #1421, #332 ) ;
#554 = EDGE_CURVE ( 'NONE', #852, #923, #577, .T. ) ;
#555 = ORIENTED_EDGE ( 'NONE', *, *, #1197, .F. ) ;
#556 = LINE ( 'NONE', #932, #1031 ) ;
#557 = CARTESIAN_POINT ( 'NONE',  ( 5.849999999999999645, -7.000000000000000000, 22.59999999999999432 ) ) ;
#558 = FACE_OUTER_BOUND ( 'NONE', #965, .T. ) ;
#559 = CARTESIAN_POINT ( 'NONE',  ( 15.00000000000000000, -20.00000000000000000, 22.60000000000000142 ) ) ;
#560 = DIRECTION ( 'NONE',  ( 0.000000000000000000, 0.000000000000000000, 1.000000000000000000 ) ) ;
#561 = ORIENTED_EDGE ( 'NONE', *, *, #1503, .F. ) ;
#562 = FACE_OUTER_BOUND ( 'NONE', #130, .T. ) ;
#563 = ORIENTED_EDGE ( 'NONE', *, *, #1434, .T. ) ;
#564 = DIRECTION ( 'NONE',  ( -1.000000000000000000, 0.000000000000000000, 0.000000000000000000 ) ) ;
#565 = VECTOR ( 'NONE', #1418, 1000.000000000000000 ) ;
#566 = CARTESIAN_POINT ( 'NONE',  ( 0.000000000000000000, 0.000000000000000000, 17.95000000000000284 ) ) ;
#567 = EDGE_LOOP ( 'NONE', ( #367, #893 ) ) ;
#568 = CARTESIAN_POINT ( 'NONE',  ( 15.00000000000000000, -20.00000000000000000, 22.60000000000000142 ) ) ;
#569 = CYLINDRICAL_SURFACE ( 'NONE', #1469, 13.00000000000000000 ) ;
#570 = DIRECTION ( 'NONE',  ( 1.000000000000000000, 0.000000000000000000, 0.000000000000000000 ) ) ;
#571 = CARTESIAN_POINT ( 'NONE',  ( -2.100000000000000089, -8.150000000000000355, 19.60000000000000142 ) ) ;
#572 = EDGE_LOOP ( 'NONE', ( #687, #890, #1393, #1552 ) ) ;
#573 = DIRECTION ( 'NONE',  ( -0.000000000000000000, -0.000000000000000000, -1.000000000000000000 ) ) ;
#574 = ORIENTED_EDGE ( 'NONE', *, *, #589, .F. ) ;
#575 = AXIS2_PLACEMENT_3D ( 'NONE', #566, #453, #1302 ) ;
#576 = DIRECTION ( 'NONE',  ( 0.000000000000000000, 0.000000000000000000, 1.000000000000000000 ) ) ;
#577 = CIRCLE ( 'NONE', #731, 4.000000000000000000 ) ;
#578 = ADVANCED_FACE ( 'NONE', ( #444 ), #569, .T. ) ;
#579 = AXIS2_PLACEMENT_3D ( 'NONE', #370, #189, #409 ) ;
#580 = CARTESIAN_POINT ( 'NONE',  ( 8.150000000000000355, 2.100000000000000977, 17.95000000000000284 ) ) ;
#581 = ORIENTED_EDGE ( 'NONE', *, *, #252, .T. ) ;
#582 = APPROVAL ( #46, 'UNSPECIFIED' ) ;
#583 = EDGE_CURVE ( 'NONE', #120, #516, #1426, .T. ) ;
#584 = CARTESIAN_POINT ( 'NONE',  ( 7.000000000000000000, -7.000000000000000000, 17.95000000000000284 ) ) ;
#585 = ADVANCED_FACE ( 'NONE', ( #558 ), #957, .F. ) ;
#586 = CARTESIAN_POINT ( 'NONE',  ( 15.00000000000000000, -20.00000000000000000, 0.000000000000000000 ) ) ;
#587 = AXIS2_PLACEMENT_3D ( 'NONE', #634, #653, #51 ) ;
#588 = AXIS2_PLACEMENT_3D ( 'NONE', #1358, #267, #759 ) ;
#589 = EDGE_CURVE ( 'NONE', #123, #677, #329, .T. ) ;
#590 = DIRECTION ( 'NONE',  ( 0.000000000000000000, 0.000000000000000000, -1.000000000000000000 ) ) ;
#591 = DIRECTION ( 'NONE',  ( 0.000000000000000000, -0.000000000000000000, -1.000000000000000000 ) ) ;
#592 = CARTESIAN_POINT ( 'NONE',  ( -8.150000000000000355, -2.100000000000000089, 17.95000000000000284 ) ) ;
#593 = AXIS2_PLACEMENT_3D ( 'NONE', #798, #184, #1161 ) ;
#594 = DIRECTION ( 'NONE',  ( 1.000000000000000000, 0.000000000000000000, 0.000000000000000000 ) ) ;
#595 = ORIENTED_EDGE ( 'NONE', *, *, #486, .F. ) ;
#596 = EDGE_CURVE ( 'NONE', #138, #1114, #1075, .T. ) ;
#597 = DIRECTION ( 'NONE',  ( 1.000000000000000000, 0.000000000000000000, 0.000000000000000000 ) ) ;
#598 = VERTEX_POINT ( 'NONE', #1181 ) ;
#599 = VECTOR ( 'NONE', #1391, 1000.000000000000000 ) ;
#600 = EDGE_CURVE ( 'NONE', #1065, #1581, #949, .T. ) ;
#601 = CC_DESIGN_APPROVAL ( #582, ( #1169 ) ) ;
#602 = EDGE_CURVE ( 'NONE', #364, #419, #451, .T. ) ;
#603 = DIRECTION ( 'NONE',  ( 0.000000000000000000, 0.000000000000000000, -1.000000000000000000 ) ) ;
#604 = AXIS2_PLACEMENT_3D ( 'NONE', #649, #800, #166 ) ;
#605 = DIRECTION ( 'NONE',  ( 1.000000000000000000, 0.000000000000000000, 0.000000000000000000 ) ) ;
#606 = EDGE_LOOP ( 'NONE', ( #1512, #874, #430, #563 ) ) ;
#607 = LINE ( 'NONE', #1141, #931 ) ;
#608 = DIRECTION ( 'NONE',  ( 0.000000000000000000, 0.000000000000000000, -1.000000000000000000 ) ) ;
#609 = DIRECTION ( 'NONE',  ( 1.000000000000000000, 0.000000000000000000, 0.000000000000000000 ) ) ;
#610 = VERTEX_POINT ( 'NONE', #436 ) ;
#611 = VECTOR ( 'NONE', #1223, 1000.000000000000000 ) ;
#612 = VECTOR ( 'NONE', #799, 1000.000000000000000 ) ;
#613 = ORIENTED_EDGE ( 'NONE', *, *, #1365, .F. ) ;
#614 = PERSON_AND_ORGANIZATION ( #757, #117 ) ;
#615 = CIRCLE ( 'NONE', #358, 1.100000000000000311 ) ;
#616 = FACE_OUTER_BOUND ( 'NONE', #104, .T. ) ;
#617 = EDGE_LOOP ( 'NONE', ( #4, #387, #292, #1041, #1, #1303 ) ) ;
#618 = CYLINDRICAL_SURFACE ( 'NONE', #228, 1.150000000000000799 ) ;
#619 = ORIENTED_EDGE ( 'NONE', *, *, #940, .F. ) ;
#620 = VERTEX_POINT ( 'NONE', #1312 ) ;
#621 = DATE_AND_TIME ( #1146, #1568 ) ;
#622 = CARTESIAN_POINT ( 'NONE',  ( 27.00000000000000000, -15.00000000000000000, 19.60000000000000142 ) ) ;
#623 = VERTEX_POINT ( 'NONE', #318 ) ;
#624 = DIRECTION ( 'NONE',  ( 0.000000000000000000, 0.000000000000000000, -1.000000000000000000 ) ) ;
#625 = CARTESIAN_POINT ( 'NONE',  ( 12.64911064067351809, 3.000000000000000000, 22.60000000000000142 ) ) ;
#626 = EDGE_CURVE ( 'NONE', #333, #138, #1149, .T. ) ;
#627 = ORIENTED_EDGE ( 'NONE', *, *, #596, .F. ) ;
#628 = CARTESIAN_POINT ( 'NONE',  ( 7.000000000000000000, 7.000000000000000000, 22.59999999999999432 ) ) ;
#629 = ORIENTED_EDGE ( 'NONE', *, *, #212, .F. ) ;
#630 = CARTESIAN_POINT ( 'NONE',  ( 8.150000000000000355, -7.000000000000000000, 22.59999999999999432 ) ) ;
#631 = ORIENTED_EDGE ( 'NONE', *, *, #1445, .F. ) ;
#632 = ORIENTED_EDGE ( 'NONE', *, *, #633, .F. ) ;
#633 = EDGE_CURVE ( 'NONE', #610, #386, #1478, .T. ) ;
#634 = CARTESIAN_POINT ( 'NONE',  ( 18.00000000000000000, -17.50000000000000000, 22.59999999999999432 ) ) ;
#635 = DIRECTION ( 'NONE',  ( 0.000000000000000000, 0.000000000000000000, -1.000000000000000000 ) ) ;
#636 = EDGE_LOOP ( 'NONE', ( #339, #794, #717, #1282 ) ) ;
#637 = ADVANCED_FACE ( 'NONE', ( #812 ), #693, .F. ) ;
#638 = ORIENTED_EDGE ( 'NONE', *, *, #245, .F. ) ;
#639 = VECTOR ( 'NONE', #195, 1000.000000000000000 ) ;
#640 = CARTESIAN_POINT ( 'NONE',  ( -2.100000000000000089, -8.150000000000000355, 19.60000000000000142 ) ) ;
#641 = CARTESIAN_POINT ( 'NONE',  ( -8.150000000000000355, 7.000000000000000000, 22.59999999999999432 ) ) ;
#642 = VECTOR ( 'NONE', #624, 1000.000000000000000 ) ;
#643 = VERTEX_POINT ( 'NONE', #1191 ) ;
#644 = DIRECTION ( 'NONE',  ( 0.000000000000000000, 0.000000000000000000, 1.000000000000000000 ) ) ;
#645 = CARTESIAN_POINT ( 'NONE',  ( 2.100000000000000089, 3.404408906109840149, 19.60000000000000142 ) ) ;
#646 = PLANE ( 'NONE',  #1508 ) ;
#647 = LINE ( 'NONE', #153, #1167 ) ;
#648 = EDGE_LOOP ( 'NONE', ( #1330, #1465 ) ) ;
#649 = CARTESIAN_POINT ( 'NONE',  ( 0.000000000000000000, 0.000000000000000000, 19.60000000000000142 ) ) ;
#650 = LINE ( 'NONE', #899, #1210 ) ;
#651 = ORIENTED_EDGE ( 'NONE', *, *, #1270, .T. ) ;
#652 = ORIENTED_EDGE ( 'NONE', *, *, #656, .F. ) ;
#653 = DIRECTION ( 'NONE',  ( 0.000000000000000000, 0.000000000000000000, 1.000000000000000000 ) ) ;
#654 = EDGE_CURVE ( 'NONE', #1373, #1288, #89, .T. ) ;
#655 = FACE_OUTER_BOUND ( 'NONE', #1537, .T. ) ;
#656 = EDGE_CURVE ( 'NONE', #1117, #1254, #1554, .T. ) ;
#657 = EDGE_CURVE ( 'NONE', #1396, #1274, #457, .T. ) ;
#658 = EDGE_CURVE ( 'NONE', #406, #1249, #105, .T. ) ;
#659 = CARTESIAN_POINT ( 'NONE',  ( -5.850000000000000533, 7.000000000000000000, 22.59999999999999432 ) ) ;
#660 = EDGE_CURVE ( 'NONE', #610, #677, #464, .T. ) ;
#661 = AXIS2_PLACEMENT_3D ( 'NONE', #495, #375, #1084 ) ;
#662 = DIRECTION ( 'NONE',  ( 1.000000000000000000, 0.000000000000000000, 0.000000000000000000 ) ) ;
#663 = ORIENTED_EDGE ( 'NONE', *, *, #1222, .F. ) ;
#664 = DIRECTION ( 'NONE',  ( 0.000000000000000000, 0.000000000000000000, -1.000000000000000000 ) ) ;
#665 = DIRECTION ( 'NONE',  ( 1.000000000000000000, 0.000000000000000000, 0.000000000000000000 ) ) ;
#666 = VECTOR ( 'NONE', #236, 1000.000000000000000 ) ;
#667 = CARTESIAN_POINT ( 'NONE',  ( 8.150000000000000355, -2.100000000000000977, 19.60000000000000142 ) ) ;
#668 = DIRECTION ( 'NONE',  ( 1.000000000000000000, 0.000000000000000000, 0.000000000000000000 ) ) ;
#669 = VECTOR ( 'NONE', #150, 1000.000000000000000 ) ;
#670 = ORIENTED_EDGE ( 'NONE', *, *, #300, .F. ) ;
#671 = DIRECTION ( 'NONE',  ( -1.000000000000000000, 0.000000000000000000, 0.000000000000000000 ) ) ;
#672 = CARTESIAN_POINT ( 'NONE',  ( -2.100000000000000089, -3.404408906109840149, 19.60000000000000142 ) ) ;
#673 = DIRECTION ( 'NONE',  ( 1.000000000000000000, 0.000000000000000000, 0.000000000000000000 ) ) ;
#674 = PLANE ( 'NONE',  #951 ) ;
#675 = CARTESIAN_POINT ( 'NONE',  ( -7.000000000000000000, -7.000000000000000000, 17.95000000000000284 ) ) ;
#676 = ORIENTED_EDGE ( 'NONE', *, *, #554, .T. ) ;
#677 = VERTEX_POINT ( 'NONE', #226 ) ;
#678 = DIRECTION ( 'NONE',  ( -0.000000000000000000, 1.000000000000000000, 0.000000000000000000 ) ) ;
#679 = DIRECTION ( 'NONE',  ( -1.000000000000000000, 0.000000000000000000, 0.000000000000000000 ) ) ;
#680 = EDGE_CURVE ( 'NONE', #1488, #406, #710, .T. ) ;
#681 = VECTOR ( 'NONE', #762, 1000.000000000000000 ) ;
#682 = AXIS2_PLACEMENT_3D ( 'NONE', #1135, #806, #1162 ) ;
#683 = LINE ( 'NONE', #922, #474 ) ;
#684 = VECTOR ( 'NONE', #808, 1000.000000000000000 ) ;
#685 = EDGE_LOOP ( 'NONE', ( #165, #1071 ) ) ;
#686 = CARTESIAN_POINT ( 'NONE',  ( -7.000000000000000000, -7.000000000000000000, 22.59999999999999432 ) ) ;
#687 = ORIENTED_EDGE ( 'NONE', *, *, #1381, .F. ) ;
#688 = DIRECTION ( 'NONE',  ( -1.000000000000000000, -0.000000000000000000, -0.000000000000000000 ) ) ;
#689 = DIRECTION ( 'NONE',  ( 1.000000000000000000, 0.000000000000000000, -0.000000000000000000 ) ) ;
#690 = ORIENTED_EDGE ( 'NONE', *, *, #828, .T. ) ;
#691 = AXIS2_PLACEMENT_3D ( 'NONE', #811, #1059, #937 ) ;
#692 = DIRECTION ( 'NONE',  ( 1.000000000000000000, 0.000000000000000000, 0.000000000000000000 ) ) ;
#693 = CYLINDRICAL_SURFACE ( 'NONE', #288, 3.000000000000000000 ) ;
#694 = DIRECTION ( 'NONE',  ( 0.000000000000000000, 0.000000000000000000, -1.000000000000000000 ) ) ;
#695 = ORIENTED_EDGE ( 'NONE', *, *, #1448, .F. ) ;
#696 = DIRECTION ( 'NONE',  ( 1.000000000000000000, 0.000000000000000000, 0.000000000000000000 ) ) ;
#697 = DIRECTION ( 'NONE',  ( -1.000000000000000000, 0.000000000000000000, 0.000000000000000000 ) ) ;
#698 = ADVANCED_FACE ( 'NONE', ( #1452 ), #1579, .F. ) ;
#699 = ADVANCED_FACE ( 'NONE', ( #966 ), #848, .F. ) ;
#700 = CARTESIAN_POINT ( 'NONE',  ( 3.404408906109840149, 2.100000000000000089, 19.60000000000000142 ) ) ;
#701 = EDGE_CURVE ( 'NONE', #1254, #1488, #860, .T. ) ;
#702 = DIRECTION ( 'NONE',  ( 0.000000000000000000, 0.000000000000000000, 1.000000000000000000 ) ) ;
#703 = EDGE_CURVE ( 'NONE', #26, #1430, #735, .T. ) ;
#704 = ORIENTED_EDGE ( 'NONE', *, *, #820, .T. ) ;
#705 = LINE ( 'NONE', #1080, #1321 ) ;
#706 = DIRECTION ( 'NONE',  ( 1.000000000000000000, 0.000000000000000000, 0.000000000000000000 ) ) ;
#707 = PERSON_AND_ORGANIZATION_ROLE ( 'design_owner' ) ;
#708 = CARTESIAN_POINT ( 'NONE',  ( 0.000000000000000000, -19.00000000000000000, 22.60000000000000142 ) ) ;
#709 = ORIENTED_EDGE ( 'NONE', *, *, #372, .T. ) ;
#710 = LINE ( 'NONE', #128, #188 ) ;
#711 = DIRECTION ( 'NONE',  ( -1.000000000000000000, 0.000000000000000000, 0.000000000000000000 ) ) ;
#712 = VECTOR ( 'NONE', #1110, 1000.000000000000000 ) ;
#713 = SECURITY_CLASSIFICATION_LEVEL ( 'unclassified' ) ;
#714 = ADVANCED_FACE ( 'NONE', ( #991 ), #618, .F. ) ;
#715 = EDGE_CURVE ( 'NONE', #1474, #832, #121, .T. ) ;
#716 = DIRECTION ( 'NONE',  ( -1.000000000000000000, 0.000000000000000000, 0.000000000000000000 ) ) ;
#717 = ORIENTED_EDGE ( 'NONE', *, *, #1087, .T. ) ;
#718 = EDGE_CURVE ( 'NONE', #113, #169, #615, .T. ) ;
#719 = DIRECTION ( 'NONE',  ( -1.000000000000000000, 0.000000000000000000, 0.000000000000000000 ) ) ;
#720 = DIRECTION ( 'NONE',  ( 0.000000000000000000, -0.000000000000000000, -1.000000000000000000 ) ) ;
#721 = PERSON_AND_ORGANIZATION_ROLE ( 'design_supplier' ) ;
#722 = AXIS2_PLACEMENT_3D ( 'NONE', #727, #389, #892 ) ;
#723 = LINE ( 'NONE', #987, #256 ) ;
#724 = ORIENTED_EDGE ( 'NONE', *, *, #155, .T. ) ;
#725 = APPROVAL_PERSON_ORGANIZATION ( #22, #582, #1033 ) ;
#726 = DIRECTION ( 'NONE',  ( 0.000000000000000000, 0.000000000000000000, 1.000000000000000000 ) ) ;
#727 = CARTESIAN_POINT ( 'NONE',  ( 0.000000000000000000, 0.000000000000000000, 19.60000000000000142 ) ) ;
#728 = ORIENTED_EDGE ( 'NONE', *, *, #626, .T. ) ;
#729 = CIRCLE ( 'NONE', #52, 1.150000000000000799 ) ;
#730 = ORIENTED_EDGE ( 'NONE', *, *, #349, .F. ) ;
#731 = AXIS2_PLACEMENT_3D ( 'NONE', #934, #218, #706 ) ;
#732 = PERSON_AND_ORGANIZATION_ROLE ( 'creator' ) ;
#733 = FACE_OUTER_BOUND ( 'NONE', #846, .T. ) ;
#734 = VERTEX_POINT ( 'NONE', #109 ) ;
#735 = LINE ( 'NONE', #1326, #164 ) ;
#736 = DIRECTION ( 'NONE',  ( 0.000000000000000000, 1.000000000000000000, 0.000000000000000000 ) ) ;
#737 = ORIENTED_EDGE ( 'NONE', *, *, #1039, .T. ) ;
#738 = AXIS2_PLACEMENT_3D ( 'NONE', #366, #605, #590 ) ;
#739 = VECTOR ( 'NONE', #1276, 1000.000000000000000 ) ;
#740 = EDGE_LOOP ( 'NONE', ( #983, #1342, #512, #411 ) ) ;
#741 = LINE ( 'NONE', #459, #964 ) ;
#742 = CARTESIAN_POINT ( 'NONE',  ( 22.89999999999999858, -17.50000000000000000, 22.59999999999999432 ) ) ;
#743 = ORIENTED_EDGE ( 'NONE', *, *, #781, .T. ) ;
#744 = ORIENTED_EDGE ( 'NONE', *, *, #654, .F. ) ;
#745 = DIRECTION ( 'NONE',  ( 0.000000000000000000, 0.000000000000000000, 1.000000000000000000 ) ) ;
#746 = ORIENTED_EDGE ( 'NONE', *, *, #343, .T. ) ;
#747 = DIRECTION ( 'NONE',  ( 0.000000000000000000, 0.000000000000000000, 1.000000000000000000 ) ) ;
#748 = EDGE_CURVE ( 'NONE', #936, #1373, #1058, .T. ) ;
#749 = ORIENTED_EDGE ( 'NONE', *, *, #1087, .F. ) ;
#750 = COORDINATED_UNIVERSAL_TIME_OFFSET ( 6, 0, .BEHIND. ) ;
#751 = CC_DESIGN_DATE_AND_TIME_ASSIGNMENT ( #1088, #1327, ( #71 ) ) ;
#752 = ADVANCED_FACE ( 'NONE', ( #140 ), #1085, .T. ) ;
#753 = DIRECTION ( 'NONE',  ( -0.000000000000000000, -0.000000000000000000, -1.000000000000000000 ) ) ;
#754 = EDGE_CURVE ( 'NONE', #1150, #1457, #1451, .T. ) ;
#755 = VECTOR ( 'NONE', #673, 1000.000000000000000 ) ;
#756 = ORIENTED_EDGE ( 'NONE', *, *, #1503, .T. ) ;
#757 = PERSON ( 'UNSPECIFIED', 'UNSPECIFIED', 'UNSPECIFIED', ('UNSPECIFIED'), ('UNSPECIFIED'), ('UNSPECIFIED') ) ;
#758 = ORIENTED_EDGE ( 'NONE', *, *, #245, .T. ) ;
#759 = DIRECTION ( 'NONE',  ( 1.000000000000000000, 0.000000000000000000, 0.000000000000000000 ) ) ;
#760 = DIRECTION ( 'NONE',  ( -1.000000000000000000, 0.000000000000000000, 0.000000000000000000 ) ) ;
#761 = ORIENTED_EDGE ( 'NONE', *, *, #1501, .F. ) ;
#762 = DIRECTION ( 'NONE',  ( -1.000000000000000000, -0.000000000000000000, -0.000000000000000000 ) ) ;
#763 = CIRCLE ( 'NONE', #347, 3.000000000000000000 ) ;
#764 = VECTOR ( 'NONE', #143, 1000.000000000000000 ) ;
#765 = CARTESIAN_POINT ( 'NONE',  ( 13.00000000000000000, 1.592040838891559095E-15, 17.95000000000000284 ) ) ;
#766 = ORIENTED_EDGE ( 'NONE', *, *, #1101, .T. ) ;
#767 = PLANE ( 'NONE',  #157 ) ;
#768 = DIRECTION ( 'NONE',  ( 1.000000000000000000, 0.000000000000000000, 0.000000000000000000 ) ) ;
#769 = DIRECTION ( 'NONE',  ( 0.000000000000000000, 0.000000000000000000, -1.000000000000000000 ) ) ;
#770 = CARTESIAN_POINT ( 'NONE',  ( -8.150000000000000355, 2.100000000000000089, 19.60000000000000142 ) ) ;
#771 = AXIS2_PLACEMENT_3D ( 'NONE', #1231, #119, #502 ) ;
#772 = LINE ( 'NONE', #1521, #1425 ) ;
#773 = EDGE_CURVE ( 'NONE', #1457, #113, #1098, .T. ) ;
#774 = DIRECTION ( 'NONE',  ( 0.000000000000000000, 0.000000000000000000, 1.000000000000000000 ) ) ;
#775 = EDGE_CURVE ( 'NONE', #386, #333, #231, .T. ) ;
#776 = CIRCLE ( 'NONE', #829, 4.000000000000000000 ) ;
#777 = ORIENTED_EDGE ( 'NONE', *, *, #830, .F. ) ;
#778 = DIRECTION ( 'NONE',  ( 0.000000000000000000, 1.000000000000000000, 0.000000000000000000 ) ) ;
#779 = DIRECTION ( 'NONE',  ( -1.000000000000000000, 0.000000000000000000, 0.000000000000000000 ) ) ;
#780 = PRODUCT_DEFINITION_SHAPE ( 'NONE', 'NONE',  #71 ) ;
#781 = EDGE_CURVE ( 'NONE', #281, #364, #487, .T. ) ;
#782 = CARTESIAN_POINT ( 'NONE',  ( 12.64911064067351809, 3.000000000000000000, 19.60000000000000142 ) ) ;
#783 = EDGE_CURVE ( 'NONE', #1534, #1229, #260, .T. ) ;
#784 = FACE_OUTER_BOUND ( 'NONE', #1221, .T. ) ;
#785 = APPROVAL_DATE_TIME ( #173, #582 ) ;
#786 = CYLINDRICAL_SURFACE ( 'NONE', #1464, 4.000000000000000000 ) ;
#787 = ORIENTED_EDGE ( 'NONE', *, *, #482, .T. ) ;
#788 = DIRECTION ( 'NONE',  ( 1.000000000000000000, 0.000000000000000000, 0.000000000000000000 ) ) ;
#789 = CARTESIAN_POINT ( 'NONE',  ( -5.850000000000000533, -7.000000000000000000, 22.59999999999999432 ) ) ;
#790 = DIRECTION ( 'NONE',  ( -0.000000000000000000, -0.000000000000000000, -1.000000000000000000 ) ) ;
#791 = DIRECTION ( 'NONE',  ( 0.000000000000000000, 0.000000000000000000, -1.000000000000000000 ) ) ;
#792 = AXIS2_PLACEMENT_3D ( 'NONE', #675, #206, #1177 ) ;
#793 = LINE ( 'NONE', #1007, #528 ) ;
#794 = ORIENTED_EDGE ( 'NONE', *, *, #1197, .T. ) ;
#795 = ORIENTED_EDGE ( 'NONE', *, *, #15, .F. ) ;
#796 = AXIS2_PLACEMENT_3D ( 'NONE', #295, #1300, #570 ) ;
#797 = CARTESIAN_POINT ( 'NONE',  ( 19.09999999999999787, -17.50000000000000000, 22.59999999999999432 ) ) ;
#798 = CARTESIAN_POINT ( 'NONE',  ( -8.150000000000000355, 0.000000000000000000, 19.60000000000000142 ) ) ;
#799 = DIRECTION ( 'NONE',  ( -0.000000000000000000, -0.000000000000000000, 1.000000000000000000 ) ) ;
#800 = DIRECTION ( 'NONE',  ( 0.000000000000000000, 0.000000000000000000, 1.000000000000000000 ) ) ;
#801 = CARTESIAN_POINT ( 'NONE',  ( 3.404408906109840149, 2.100000000000000089, 17.95000000000000284 ) ) ;
#802 = ORIENTED_EDGE ( 'NONE', *, *, #783, .T. ) ;
#803 = ORIENTED_EDGE ( 'NONE', *, *, #1045, .T. ) ;
#804 = AXIS2_PLACEMENT_3D ( 'NONE', #235, #726, #1215 ) ;
#805 = DIRECTION ( 'NONE',  ( -1.000000000000000000, 0.000000000000000000, 0.000000000000000000 ) ) ;
#806 = DIRECTION ( 'NONE',  ( 0.000000000000000000, 0.000000000000000000, 1.000000000000000000 ) ) ;
#807 = CARTESIAN_POINT ( 'NONE',  ( -7.000000000000000000, 7.000000000000000000, 22.59999999999999432 ) ) ;
#808 = DIRECTION ( 'NONE',  ( 0.000000000000000000, 1.000000000000000000, 0.000000000000000000 ) ) ;
#809 = EDGE_CURVE ( 'NONE', #923, #443, #972, .T. ) ;
#810 = VERTEX_POINT ( 'NONE', #1234 ) ;
#811 = CARTESIAN_POINT ( 'NONE',  ( 0.000000000000000000, -8.150000000000000355, 19.60000000000000142 ) ) ;
#812 = FACE_OUTER_BOUND ( 'NONE', #1442, .T. ) ;
#813 = AXIS2_PLACEMENT_3D ( 'NONE', #316, #201, #1395 ) ;
#814 = CARTESIAN_POINT ( 'NONE',  ( 8.150000000000000355, 7.000000000000000000, 22.59999999999999432 ) ) ;
#815 = EDGE_LOOP ( 'NONE', ( #175, #361, #1310, #168 ) ) ;
#816 = PLANE ( 'NONE',  #875 ) ;
#817 = DIRECTION ( 'NONE',  ( -0.000000000000000000, -0.000000000000000000, -1.000000000000000000 ) ) ;
#818 = CIRCLE ( 'NONE', #536, 1.149999999999999911 ) ;
#819 = DIRECTION ( 'NONE',  ( 0.000000000000000000, 0.000000000000000000, -1.000000000000000000 ) ) ;
#820 = EDGE_CURVE ( 'NONE', #516, #193, #438, .T. ) ;
#821 = ORIENTED_EDGE ( 'NONE', *, *, #1331, .T. ) ;
#822 = AXIS2_PLACEMENT_3D ( 'NONE', #1089, #1316, #1209 ) ;
#823 = EDGE_CURVE ( 'NONE', #441, #127, #1035, .T. ) ;
#824 = DIRECTION ( 'NONE',  ( 0.000000000000000000, 0.000000000000000000, -1.000000000000000000 ) ) ;
#825 = CIRCLE ( 'NONE', #47, 1.149999999999999911 ) ;
#826 = EDGE_LOOP ( 'NONE', ( #744, #344, #988, #803 ) ) ;
#827 = CARTESIAN_POINT ( 'NONE',  ( 0.000000000000000000, 8.150000000000000355, 17.95000000000000284 ) ) ;
#828 = EDGE_CURVE ( 'NONE', #497, #810, #607, .T. ) ;
#829 = AXIS2_PLACEMENT_3D ( 'NONE', #1126, #550, #1037 ) ;
#830 = EDGE_CURVE ( 'NONE', #1414, #123, #776, .T. ) ;
#831 = LINE ( 'NONE', #571, #1090 ) ;
#832 = VERTEX_POINT ( 'NONE', #1042 ) ;
#833 = DIRECTION ( 'NONE',  ( -0.000000000000000000, -0.000000000000000000, -1.000000000000000000 ) ) ;
#834 = EDGE_CURVE ( 'NONE', #127, #989, #1258, .T. ) ;
#835 = CARTESIAN_POINT ( 'NONE',  ( -8.150000000000000355, 2.100000000000000089, 17.95000000000000284 ) ) ;
#836 =( NAMED_UNIT ( * ) SI_UNIT ( $, .STERADIAN. ) SOLID_ANGLE_UNIT ( ) );
#837 = EDGE_LOOP ( 'NONE', ( #1454, #1556, #237, #496 ) ) ;
#838 = ORIENTED_EDGE ( 'NONE', *, *, #809, .F. ) ;
#839 = LINE ( 'NONE', #997, #954 ) ;
#840 = VECTOR ( 'NONE', #313, 1000.000000000000000 ) ;
#841 = CIRCLE ( 'NONE', #1569, 1.100000000000000311 ) ;
#842 = DIRECTION ( 'NONE',  ( 1.000000000000000000, 0.000000000000000000, 0.000000000000000000 ) ) ;
#843 = LINE ( 'NONE', #1319, #764 ) ;
#844 = APPROVAL_ROLE ( '' ) ;
#845 = CARTESIAN_POINT ( 'NONE',  ( -2.100000000000000089, -8.150000000000000355, 19.60000000000000142 ) ) ;
#846 = EDGE_LOOP ( 'NONE', ( #695, #526, #148, #309 ) ) ;
#847 = AXIS2_PLACEMENT_3D ( 'NONE', #470, #1322, #352 ) ;
#848 = PLANE ( 'NONE',  #415 ) ;
#849 = AXIS2_PLACEMENT_3D ( 'NONE', #1541, #1053, #210 ) ;
#850 = CALENDAR_DATE ( 2026, 8, 9 ) ;
#851 = FACE_OUTER_BOUND ( 'NONE', #1067, .T. ) ;
#852 = VERTEX_POINT ( 'NONE', #514 ) ;
#853 = DIRECTION ( 'NONE',  ( 0.000000000000000000, 0.000000000000000000, -1.000000000000000000 ) ) ;
#854 = CARTESIAN_POINT ( 'NONE',  ( -7.000000000000000000, -7.000000000000000000, 17.95000000000000284 ) ) ;
#855 = ORIENTED_EDGE ( 'NONE', *, *, #542, .F. ) ;
#856 = CARTESIAN_POINT ( 'NONE',  ( 3.000000000000000000, 3.673940397442059868E-16, 22.59999999999999432 ) ) ;
#857 = APPLICATION_PROTOCOL_DEFINITION ( 'international standard', 'config_control_design', 1994, #1032 ) ;
#858 = CARTESIAN_POINT ( 'NONE',  ( 27.00000000000000000, 3.000000000000000000, 22.60000000000000142 ) ) ;
#859 = ORIENTED_EDGE ( 'NONE', *, *, #902, .T. ) ;
#860 = LINE ( 'NONE', #1204, #1081 ) ;
#861 = DIRECTION ( 'NONE',  ( 1.000000000000000000, 0.000000000000000000, 0.000000000000000000 ) ) ;
#862 = DIRECTION ( 'NONE',  ( 0.000000000000000000, 0.000000000000000000, -1.000000000000000000 ) ) ;
#863 = ORIENTED_EDGE ( 'NONE', *, *, #192, .T. ) ;
#864 = LINE ( 'NONE', #1574, #100 ) ;
#865 = ORIENTED_EDGE ( 'NONE', *, *, #305, .F. ) ;
#866 = AXIS2_PLACEMENT_3D ( 'NONE', #559, #609, #862 ) ;
#867 = DIRECTION ( 'NONE',  ( -1.000000000000000000, 0.000000000000000000, 0.000000000000000000 ) ) ;
#868 = FACE_OUTER_BOUND ( 'NONE', #447, .T. ) ;
#869 = EDGE_LOOP ( 'NONE', ( #1241, #1205 ) ) ;
#870 = EDGE_CURVE ( 'NONE', #419, #1396, #1518, .T. ) ;
#871 = ORIENTED_EDGE ( 'NONE', *, *, #928, .F. ) ;
#872 = CARTESIAN_POINT ( 'NONE',  ( 24.00000000000000000, -17.50000000000000000, 22.59999999999999432 ) ) ;
#873 = CARTESIAN_POINT ( 'NONE',  ( 0.000000000000000000, 0.000000000000000000, 19.60000000000000142 ) ) ;
#874 = ORIENTED_EDGE ( 'NONE', *, *, #15, .T. ) ;
#875 = AXIS2_PLACEMENT_3D ( 'NONE', #102, #334, #824 ) ;
#876 = APPROVAL ( #1201, 'UNSPECIFIED' ) ;
#877 = EDGE_CURVE ( 'NONE', #1472, #400, #1379, .T. ) ;
#878 = ORIENTED_EDGE ( 'NONE', *, *, #132, .T. ) ;
#879 = ADVANCED_FACE ( 'NONE', ( #521 ), #1009, .F. ) ;
#880 = VECTOR ( 'NONE', #1558, 1000.000000000000000 ) ;
#881 = CARTESIAN_POINT ( 'NONE',  ( 0.000000000000000000, -19.00000000000000000, 22.60000000000000142 ) ) ;
#882 = ORIENTED_EDGE ( 'NONE', *, *, #1270, .F. ) ;
#883 = ORIENTED_EDGE ( 'NONE', *, *, #133, .T. ) ;
#884 = CARTESIAN_POINT ( 'NONE',  ( 7.000000000000000000, -7.000000000000000000, 22.59999999999999432 ) ) ;
#885 = FACE_OUTER_BOUND ( 'NONE', #96, .T. ) ;
#886 = ORIENTED_EDGE ( 'NONE', *, *, #1313, .T. ) ;
#887 = ORIENTED_EDGE ( 'NONE', *, *, #305, .T. ) ;
#888 = LINE ( 'NONE', #640, #532 ) ;
#889 = FACE_OUTER_BOUND ( 'NONE', #740, .T. ) ;
#890 = ORIENTED_EDGE ( 'NONE', *, *, #1501, .T. ) ;
#891 = DIRECTION ( 'NONE',  ( -1.000000000000000000, 0.000000000000000000, 0.000000000000000000 ) ) ;
#892 = DIRECTION ( 'NONE',  ( 1.000000000000000000, 0.000000000000000000, 0.000000000000000000 ) ) ;
#893 = ORIENTED_EDGE ( 'NONE', *, *, #423, .F. ) ;
#894 = CARTESIAN_POINT ( 'NONE',  ( 0.000000000000000000, 0.000000000000000000, 17.95000000000000284 ) ) ;
#895 = AXIS2_PLACEMENT_3D ( 'NONE', #1156, #774, #1511 ) ;
#896 = ADVANCED_FACE ( 'NONE', ( #176 ), #903, .F. ) ;
#897 = ORIENTED_EDGE ( 'NONE', *, *, #212, .T. ) ;
#898 = DIRECTION ( 'NONE',  ( -1.000000000000000000, 0.000000000000000000, 0.000000000000000000 ) ) ;
#899 = CARTESIAN_POINT ( 'NONE',  ( -5.850000000000000533, 7.000000000000000000, 22.59999999999999432 ) ) ;
#900 = ADVANCED_FACE ( 'NONE', ( #395 ), #1018, .F. ) ;
#901 = ORIENTED_EDGE ( 'NONE', *, *, #439, .T. ) ;
#902 = EDGE_CURVE ( 'NONE', #1430, #1117, #1494, .T. ) ;
#903 = CYLINDRICAL_SURFACE ( 'NONE', #107, 2.100000000000000977 ) ;
#904 = DIRECTION ( 'NONE',  ( -1.000000000000000000, 0.000000000000000000, 0.000000000000000000 ) ) ;
#905 = VERTEX_POINT ( 'NONE', #1275 ) ;
#906 = VECTOR ( 'NONE', #573, 1000.000000000000000 ) ;
#907 = FACE_OUTER_BOUND ( 'NONE', #1238, .T. ) ;
#908 = CARTESIAN_POINT ( 'NONE',  ( 2.100000000000000089, 8.150000000000000355, 19.60000000000000142 ) ) ;
#909 = VECTOR ( 'NONE', #346, 1000.000000000000000 ) ;
#910 = EDGE_LOOP ( 'NONE', ( #1468, #261, #101, #13, #520, #302, #37, #1203, #728, #68, #758, #1028, #887, #263, #549, #1240, #999 ) ) ;
#911 = CARTESIAN_POINT ( 'NONE',  ( -3.404408906109840149, -2.100000000000000089, 19.60000000000000142 ) ) ;
#912 = LINE ( 'NONE', #1376, #1566 ) ;
#913 = DIRECTION ( 'NONE',  ( -1.000000000000000000, 0.000000000000000000, 0.000000000000000000 ) ) ;
#914 = DIRECTION ( 'NONE',  ( 1.000000000000000000, 0.000000000000000000, 0.000000000000000000 ) ) ;
#915 = CYLINDRICAL_SURFACE ( 'NONE', #74, 2.100000000000000089 ) ;
#916 = DIRECTION ( 'NONE',  ( 0.000000000000000000, 0.000000000000000000, 1.000000000000000000 ) ) ;
#917 = ORIENTED_EDGE ( 'NONE', *, *, #834, .T. ) ;
#918 = ORIENTED_EDGE ( 'NONE', *, *, #715, .T. ) ;
#919 = CARTESIAN_POINT ( 'NONE',  ( 24.00000000000000000, -17.50000000000000000, 0.000000000000000000 ) ) ;
#920 = DIRECTION ( 'NONE',  ( -0.000000000000000000, -0.000000000000000000, 1.000000000000000000 ) ) ;
#921 = DIRECTION ( 'NONE',  ( -1.000000000000000000, 0.000000000000000000, 0.000000000000000000 ) ) ;
#922 = CARTESIAN_POINT ( 'NONE',  ( 27.00000000000000000, -19.00000000000000000, 19.60000000000000142 ) ) ;
#923 = VERTEX_POINT ( 'NONE', #170 ) ;
#924 = DIRECTION ( 'NONE',  ( 0.000000000000000000, 0.000000000000000000, -1.000000000000000000 ) ) ;
#925 = CARTESIAN_POINT ( 'NONE',  ( -13.00000000000000000, 0.000000000000000000, 22.60000000000000142 ) ) ;
#926 = CC_DESIGN_PERSON_AND_ORGANIZATION_ASSIGNMENT ( #255, #707, ( #391 ) ) ;
#927 = PLANE ( 'NONE',  #866 ) ;
#928 = EDGE_CURVE ( 'NONE', #531, #21, #214, .T. ) ;
#929 = CARTESIAN_POINT ( 'NONE',  ( -5.850000000000000533, 7.000000000000000000, 17.95000000000000284 ) ) ;
#930 = EDGE_LOOP ( 'NONE', ( #1524, #690, #478, #43 ) ) ;
#931 = VECTOR ( 'NONE', #664, 1000.000000000000000 ) ;
#932 = CARTESIAN_POINT ( 'NONE',  ( 22.89999999999999858, -17.50000000000000000, 22.59999999999999432 ) ) ;
#933 = CARTESIAN_POINT ( 'NONE',  ( 18.00000000000000000, -17.50000000000000000, 0.000000000000000000 ) ) ;
#934 = CARTESIAN_POINT ( 'NONE',  ( 0.000000000000000000, 0.000000000000000000, 19.60000000000000142 ) ) ;
#935 = DIRECTION ( 'NONE',  ( 1.000000000000000000, 0.000000000000000000, 0.000000000000000000 ) ) ;
#936 = VERTEX_POINT ( 'NONE', #545 ) ;
#937 = DIRECTION ( 'NONE',  ( -1.000000000000000000, 0.000000000000000000, 0.000000000000000000 ) ) ;
#938 = ORIENTED_EDGE ( 'NONE', *, *, #680, .F. ) ;
#939 = CARTESIAN_POINT ( 'NONE',  ( 0.000000000000000000, 0.000000000000000000, 22.60000000000000142 ) ) ;
#940 = EDGE_CURVE ( 'NONE', #516, #1472, #1367, .T. ) ;
#941 = ADVANCED_FACE ( 'NONE', ( #183 ), #767, .T. ) ;
#942 = LINE ( 'NONE', #1187, #374 ) ;
#943 = VECTOR ( 'NONE', #916, 1000.000000000000000 ) ;
#944 = EDGE_LOOP ( 'NONE', ( #1246, #1120, #1435, #1489 ) ) ;
#945 = EDGE_CURVE ( 'NONE', #1581, #1472, #160, .T. ) ;
#946 = DIRECTION ( 'NONE',  ( 0.000000000000000000, 0.000000000000000000, -1.000000000000000000 ) ) ;
#947 = VERTEX_POINT ( 'NONE', #286 ) ;
#948 = EDGE_CURVE ( 'NONE', #947, #970, #336, .T. ) ;
#949 = CIRCLE ( 'NONE', #1147, 2.100000000000000977 ) ;
#950 = DIRECTION ( 'NONE',  ( 0.000000000000000000, 0.000000000000000000, -1.000000000000000000 ) ) ;
#951 = AXIS2_PLACEMENT_3D ( 'NONE', #1380, #282, #547 ) ;
#952 = CARTESIAN_POINT ( 'NONE',  ( 0.000000000000000000, -8.150000000000000355, 19.60000000000000142 ) ) ;
#953 = EDGE_LOOP ( 'NONE', ( #12, #1093, #428, #1486 ) ) ;
#954 = VECTOR ( 'NONE', #112, 1000.000000000000000 ) ;
#955 = DIRECTION ( 'NONE',  ( 0.000000000000000000, 0.000000000000000000, -1.000000000000000000 ) ) ;
#956 = ORIENTED_EDGE ( 'NONE', *, *, #554, .F. ) ;
#957 = CYLINDRICAL_SURFACE ( 'NONE', #243, 1.150000000000000799 ) ;
#958 = ORIENTED_EDGE ( 'NONE', *, *, #657, .T. ) ;
#959 = CARTESIAN_POINT ( 'NONE',  ( -2.100000000000000089, 8.150000000000000355, 19.60000000000000142 ) ) ;
#960 = CARTESIAN_POINT ( 'NONE',  ( -8.150000000000000355, 2.100000000000000089, 19.60000000000000142 ) ) ;
#961 = AXIS2_PLACEMENT_3D ( 'NONE', #407, #1020, #398 ) ;
#962 = PERSON_AND_ORGANIZATION ( #757, #117 ) ;
#963 = FACE_OUTER_BOUND ( 'NONE', #1236, .T. ) ;
#964 = VECTOR ( 'NONE', #1094, 1000.000000000000000 ) ;
#965 = EDGE_LOOP ( 'NONE', ( #7, #408, #1211, #323 ) ) ;
#966 = FACE_OUTER_BOUND ( 'NONE', #276, .T. ) ;
#967 = EDGE_CURVE ( 'NONE', #169, #113, #1225, .T. ) ;
#968 = DIRECTION ( 'NONE',  ( 1.000000000000000000, 0.000000000000000000, 0.000000000000000000 ) ) ;
#969 = PLANE ( 'NONE',  #284 ) ;
#970 = VERTEX_POINT ( 'NONE', #797 ) ;
#971 = VECTOR ( 'NONE', #217, 1000.000000000000000 ) ;
#972 = LINE ( 'NONE', #388, #1006 ) ;
#973 = CLOSED_SHELL ( 'NONE', ( #307, #1563, #1314, #714, #424, #1014, #271, #73, #1195, #1286, #1265, #752, #460, #1064, #1175, #941, #994, #44, #900, #1213, #578, #1481, #1219, #699, #19, #541, #537, #1389, #254, #637, #437, #1105, #135, #471, #896, #207, #585, #986, #698, #1268, #467, #90, #368, #879, #251 ) ) ;
#974 = ORIENTED_EDGE ( 'NONE', *, *, #828, .F. ) ;
#975 = VECTOR ( 'NONE', #27, 1000.000000000000000 ) ;
#976 = CARTESIAN_POINT ( 'NONE',  ( 3.404408906109840149, -2.100000000000000089, 17.95000000000000284 ) ) ;
#977 = COORDINATED_UNIVERSAL_TIME_OFFSET ( 6, 0, .BEHIND. ) ;
#978 = LINE ( 'NONE', #257, #1349 ) ;
#979 = ORIENTED_EDGE ( 'NONE', *, *, #1381, .T. ) ;
#980 = DIRECTION ( 'NONE',  ( 1.000000000000000000, 0.000000000000000000, 0.000000000000000000 ) ) ;
#981 = CARTESIAN_POINT ( 'NONE',  ( 2.100000000000000089, 3.404408906109840149, 17.95000000000000284 ) ) ;
#982 = ORIENTED_EDGE ( 'NONE', *, *, #748, .F. ) ;
#983 = ORIENTED_EDGE ( 'NONE', *, *, #327, .T. ) ;
#984 = LINE ( 'NONE', #1206, #328 ) ;
#985 = EDGE_CURVE ( 'NONE', #832, #1114, #1504, .T. ) ;
#986 = ADVANCED_FACE ( 'NONE', ( #1160 ), #59, .F. ) ;
#987 = CARTESIAN_POINT ( 'NONE',  ( 19.09999999999999787, -17.50000000000000000, 22.59999999999999432 ) ) ;
#988 = ORIENTED_EDGE ( 'NONE', *, *, #110, .T. ) ;
#989 = VERTEX_POINT ( 'NONE', #1431 ) ;
#990 = EDGE_CURVE ( 'NONE', #1532, #623, #1311, .T. ) ;
#991 = FACE_OUTER_BOUND ( 'NONE', #1539, .T. ) ;
#992 = CARTESIAN_POINT ( 'NONE',  ( -8.150000000000000355, 7.000000000000000000, 22.59999999999999432 ) ) ;
#993 = VERTEX_POINT ( 'NONE', #1550 ) ;
#994 = ADVANCED_FACE ( 'NONE', ( #221 ), #816, .T. ) ;
#995 = VECTOR ( 'NONE', #694, 1000.000000000000000 ) ;
#996 = ORIENTED_EDGE ( 'NONE', *, *, #602, .T. ) ;
#997 = CARTESIAN_POINT ( 'NONE',  ( 3.404408906109840149, -2.100000000000000089, 19.60000000000000142 ) ) ;
#998 = EDGE_LOOP ( 'NONE', ( #1012, #859, #651, #1013, #1371, #230 ) ) ;
#999 = ORIENTED_EDGE ( 'NONE', *, *, #600, .T. ) ;
#1000 = AXIS2_PLACEMENT_3D ( 'NONE', #1038, #769, #679 ) ;
#1001 = CARTESIAN_POINT ( 'NONE',  ( 24.00000000000000000, -17.50000000000000000, 0.000000000000000000 ) ) ;
#1002 = CARTESIAN_POINT ( 'NONE',  ( 8.150000000000000355, 7.000000000000000000, 17.95000000000000284 ) ) ;
#1003 = EDGE_LOOP ( 'NONE', ( #1078, #124 ) ) ;
#1004 = CARTESIAN_POINT ( 'NONE',  ( 18.00000000000000000, -17.50000000000000000, 22.59999999999999432 ) ) ;
#1005 = ORIENTED_EDGE ( 'NONE', *, *, #948, .F. ) ;
#1006 = VECTOR ( 'NONE', #248, 1000.000000000000000 ) ;
#1007 = CARTESIAN_POINT ( 'NONE',  ( 15.00000000000000000, -15.00000000000000000, 22.60000000000000142 ) ) ;
#1008 = EDGE_LOOP ( 'NONE', ( #272, #182 ) ) ;
#1009 = CYLINDRICAL_SURFACE ( 'NONE', #337, 1.100000000000000311 ) ;
#1010 = CARTESIAN_POINT ( 'NONE',  ( 15.00000000000000000, -20.00000000000000000, 0.000000000000000000 ) ) ;
#1011 = EDGE_CURVE ( 'NONE', #259, #1263, #1305, .T. ) ;
#1012 = ORIENTED_EDGE ( 'NONE', *, *, #486, .T. ) ;
#1013 = ORIENTED_EDGE ( 'NONE', *, *, #658, .T. ) ;
#1014 = ADVANCED_FACE ( 'NONE', ( #1066 ), #80, .F. ) ;
#1015 = DIRECTION ( 'NONE',  ( 0.000000000000000000, 0.000000000000000000, 1.000000000000000000 ) ) ;
#1016 = AXIS2_PLACEMENT_3D ( 'NONE', #1004, #416, #913 ) ;
#1017 = ORIENTED_EDGE ( 'NONE', *, *, #192, .F. ) ;
#1018 = PLANE ( 'NONE',  #1198 ) ;
#1019 = DIRECTION ( 'NONE',  ( -1.000000000000000000, 0.000000000000000000, 0.000000000000000000 ) ) ;
#1020 = DIRECTION ( 'NONE',  ( 0.000000000000000000, 0.000000000000000000, -1.000000000000000000 ) ) ;
#1021 = AXIS2_PLACEMENT_3D ( 'NONE', #1077, #342, #867 ) ;
#1022 = DIRECTION ( 'NONE',  ( 0.000000000000000000, 0.000000000000000000, -1.000000000000000000 ) ) ;
#1023 = CALENDAR_DATE ( 2026, 8, 9 ) ;
#1024 = VECTOR ( 'NONE', #842, 1000.000000000000000 ) ;
#1025 = DIRECTION ( 'NONE',  ( -0.000000000000000000, -0.000000000000000000, -1.000000000000000000 ) ) ;
#1026 = CIRCLE ( 'NONE', #452, 1.150000000000000799 ) ;
#1027 = ORIENTED_EDGE ( 'NONE', *, *, #417, .F. ) ;
#1028 = ORIENTED_EDGE ( 'NONE', *, *, #1245, .T. ) ;
#1029 = CARTESIAN_POINT ( 'NONE',  ( 0.000000000000000000, 0.000000000000000000, 19.60000000000000142 ) ) ;
#1030 = PLANE ( 'NONE',  #1293 ) ;
#1031 = VECTOR ( 'NONE', #946, 1000.000000000000000 ) ;
#1032 = APPLICATION_CONTEXT ( 'configuration controlled 3d designs of mechanical parts and assemblies' ) ;
#1033 = APPROVAL_ROLE ( '' ) ;
#1034 = CARTESIAN_POINT ( 'NONE',  ( 7.000000000000000000, -7.000000000000000000, 17.95000000000000284 ) ) ;
#1035 = CIRCLE ( 'NONE', #804, 1.149999999999999911 ) ;
#1036 = ORIENTED_EDGE ( 'NONE', *, *, #40, .F. ) ;
#1037 = DIRECTION ( 'NONE',  ( 1.000000000000000000, 0.000000000000000000, 0.000000000000000000 ) ) ;
#1038 = CARTESIAN_POINT ( 'NONE',  ( 0.000000000000000000, 0.000000000000000000, 19.60000000000000142 ) ) ;
#1039 = EDGE_CURVE ( 'NONE', #852, #58, #442, .T. ) ;
#1040 = FACE_BOUND ( 'NONE', #1164, .T. ) ;
#1041 = ORIENTED_EDGE ( 'NONE', *, *, #602, .F. ) ;
#1042 = CARTESIAN_POINT ( 'NONE',  ( -3.404408906109840149, -2.100000000000000089, 19.60000000000000142 ) ) ;
#1043 = ORIENTED_EDGE ( 'NONE', *, *, #372, .F. ) ;
#1044 = EDGE_CURVE ( 'NONE', #1091, #1369, #340, .T. ) ;
#1045 = EDGE_CURVE ( 'NONE', #134, #1288, #458, .T. ) ;
#1046 = DIRECTION ( 'NONE',  ( -0.000000000000000000, -0.000000000000000000, -1.000000000000000000 ) ) ;
#1047 = AXIS2_PLACEMENT_3D ( 'NONE', #1536, #560, #935 ) ;
#1048 = FACE_BOUND ( 'NONE', #869, .T. ) ;
#1049 = ORIENTED_EDGE ( 'NONE', *, *, #754, .T. ) ;
#1050 = CARTESIAN_POINT ( 'NONE',  ( -8.150000000000000355, -2.100000000000000089, 19.60000000000000142 ) ) ;
#1051 = FACE_BOUND ( 'NONE', #1482, .T. ) ;
#1052 = CARTESIAN_POINT ( 'NONE',  ( -3.404408906109840149, 2.100000000000000089, 17.95000000000000284 ) ) ;
#1053 = DIRECTION ( 'NONE',  ( 0.000000000000000000, 0.000000000000000000, 1.000000000000000000 ) ) ;
#1054 = DIRECTION ( 'NONE',  ( 1.000000000000000000, 0.000000000000000000, 0.000000000000000000 ) ) ;
#1055 = VECTOR ( 'NONE', #1385, 1000.000000000000000 ) ;
#1056 = CARTESIAN_POINT ( 'NONE',  ( -8.150000000000000355, -2.100000000000000089, 19.60000000000000142 ) ) ;
#1057 = ORIENTED_EDGE ( 'NONE', *, *, #658, .F. ) ;
#1058 = CIRCLE ( 'NONE', #1179, 1.150000000000000799 ) ;
#1059 = DIRECTION ( 'NONE',  ( 0.000000000000000000, 0.000000000000000000, -1.000000000000000000 ) ) ;
#1060 = CARTESIAN_POINT ( 'NONE',  ( 0.000000000000000000, -19.00000000000000000, 22.60000000000000142 ) ) ;
#1061 = EDGE_CURVE ( 'NONE', #373, #244, #705, .T. ) ;
#1062 = EDGE_CURVE ( 'NONE', #419, #314, #1184, .T. ) ;
#1063 = CARTESIAN_POINT ( 'NONE',  ( 27.00000000000000000, -15.00000000000000000, 0.000000000000000000 ) ) ;
#1064 = ADVANCED_FACE ( 'NONE', ( #1533 ), #1436, .T. ) ;
#1065 = VERTEX_POINT ( 'NONE', #1173 ) ;
#1066 = FACE_OUTER_BOUND ( 'NONE', #278, .T. ) ;
#1067 = EDGE_LOOP ( 'NONE', ( #94, #1334, #756, #1407 ) ) ;
#1068 = DIRECTION ( 'NONE',  ( 0.000000000000000000, 0.000000000000000000, 1.000000000000000000 ) ) ;
#1069 = DIRECTION ( 'NONE',  ( 0.000000000000000000, 0.000000000000000000, 1.000000000000000000 ) ) ;
#1070 = VECTOR ( 'NONE', #1428, 1000.000000000000000 ) ;
#1071 = ORIENTED_EDGE ( 'NONE', *, *, #1355, .F. ) ;
#1072 = DIRECTION ( 'NONE',  ( -1.000000000000000000, 0.000000000000000000, 0.000000000000000000 ) ) ;
#1073 = ORIENTED_EDGE ( 'NONE', *, *, #1433, .T. ) ;
#1074 = AXIS2_PLACEMENT_3D ( 'NONE', #538, #1510, #914 ) ;
#1075 = LINE ( 'NONE', #1535, #1024 ) ;
#1076 = VECTOR ( 'NONE', #363, 1000.000000000000000 ) ;
#1077 = CARTESIAN_POINT ( 'NONE',  ( 24.00000000000000000, -17.50000000000000000, 22.59999999999999432 ) ) ;
#1078 = ORIENTED_EDGE ( 'NONE', *, *, #754, .F. ) ;
#1079 = AXIS2_PLACEMENT_3D ( 'NONE', #686, #1189, #1072 ) ;
#1080 = CARTESIAN_POINT ( 'NONE',  ( 0.000000000000000000, 3.000000000000000000, 19.60000000000000142 ) ) ;
#1081 = VECTOR ( 'NONE', #115, 1000.000000000000000 ) ;
#1082 = DIRECTION ( 'NONE',  ( 1.000000000000000000, 0.000000000000000000, 0.000000000000000000 ) ) ;
#1083 = PERSON_AND_ORGANIZATION_ROLE ( 'creator' ) ;
#1084 = DIRECTION ( 'NONE',  ( 0.000000000000000000, -0.000000000000000000, 1.000000000000000000 ) ) ;
#1085 = PLANE ( 'NONE',  #1131 ) ;
#1086 = CARTESIAN_POINT ( 'NONE',  ( 0.000000000000000000, 0.000000000000000000, 17.95000000000000284 ) ) ;
#1087 = EDGE_CURVE ( 'NONE', #1474, #138, #434, .T. ) ;
#1088 = DATE_AND_TIME ( #1440, #238 ) ;
#1089 = CARTESIAN_POINT ( 'NONE',  ( -8.150000000000000355, 0.000000000000000000, 19.60000000000000142 ) ) ;
#1090 = VECTOR ( 'NONE', #819, 1000.000000000000000 ) ;
#1091 = VERTEX_POINT ( 'NONE', #69 ) ;
#1092 = CARTESIAN_POINT ( 'NONE',  ( 0.000000000000000000, 3.000000000000000000, 22.60000000000000142 ) ) ;
#1093 = ORIENTED_EDGE ( 'NONE', *, *, #1153, .T. ) ;
#1094 = DIRECTION ( 'NONE',  ( 0.000000000000000000, 1.000000000000000000, 0.000000000000000000 ) ) ;
#1095 = LINE ( 'NONE', #1347, #1154 ) ;
#1096 = ORIENTED_EDGE ( 'NONE', *, *, #703, .F. ) ;
#1097 = AXIS2_PLACEMENT_3D ( 'NONE', #1441, #1202, #594 ) ;
#1098 = LINE ( 'NONE', #16, #642 ) ;
#1099 = CARTESIAN_POINT ( 'NONE',  ( 7.000000000000000000, 7.000000000000000000, 22.59999999999999432 ) ) ;
#1100 = ORIENTED_EDGE ( 'NONE', *, *, #9, .T. ) ;
#1101 = EDGE_CURVE ( 'NONE', #1150, #169, #556, .T. ) ;
#1102 = EDGE_CURVE ( 'NONE', #1122, #1249, #1409, .T. ) ;
#1103 = EDGE_LOOP ( 'NONE', ( #371, #433, #144, #266, #802, #1366 ) ) ;
#1104 = APPROVAL_DATE_TIME ( #106, #876 ) ;
#1105 = ADVANCED_FACE ( 'NONE', ( #562 ), #315, .F. ) ;
#1106 = PLANE ( 'NONE',  #661 ) ;
#1107 = EDGE_CURVE ( 'NONE', #643, #1450, #125, .T. ) ;
#1108 = ORIENTED_EDGE ( 'NONE', *, *, #1157, .F. ) ;
#1109 = ORIENTED_EDGE ( 'NONE', *, *, #1171, .F. ) ;
#1110 = DIRECTION ( 'NONE',  ( 1.000000000000000000, 0.000000000000000000, 0.000000000000000000 ) ) ;
#1111 = CARTESIAN_POINT ( 'NONE',  ( 8.150000000000000355, 2.100000000000000089, 19.60000000000000142 ) ) ;
#1112 = FACE_OUTER_BOUND ( 'NONE', #1137, .T. ) ;
#1113 = ORIENTED_EDGE ( 'NONE', *, *, #1155, .F. ) ;
#1114 = VERTEX_POINT ( 'NONE', #1180 ) ;
#1115 = DIRECTION ( 'NONE',  ( -0.000000000000000000, -0.000000000000000000, -1.000000000000000000 ) ) ;
#1116 = ORIENTED_EDGE ( 'NONE', *, *, #718, .T. ) ;
#1117 = VERTEX_POINT ( 'NONE', #87 ) ;
#1118 = DIRECTION ( 'NONE',  ( 0.000000000000000000, 0.000000000000000000, -1.000000000000000000 ) ) ;
#1119 = CARTESIAN_POINT ( 'NONE',  ( 5.849999999999999645, 7.000000000000000000, 22.59999999999999432 ) ) ;
#1120 = ORIENTED_EDGE ( 'NONE', *, *, #137, .F. ) ;
#1121 = DIRECTION ( 'NONE',  ( 0.000000000000000000, 0.000000000000000000, 1.000000000000000000 ) ) ;
#1122 = VERTEX_POINT ( 'NONE', #568 ) ;
#1123 = FACE_OUTER_BOUND ( 'NONE', #29, .T. ) ;
#1124 = ORIENTED_EDGE ( 'NONE', *, *, #1039, .F. ) ;
#1125 = EDGE_LOOP ( 'NONE', ( #1017, #1547 ) ) ;
#1126 = CARTESIAN_POINT ( 'NONE',  ( 0.000000000000000000, 0.000000000000000000, 17.95000000000000284 ) ) ;
#1127 = DIRECTION ( 'NONE',  ( 1.000000000000000000, 0.000000000000000000, 0.000000000000000000 ) ) ;
#1128 = ORIENTED_EDGE ( 'NONE', *, *, #748, .T. ) ;
#1129 = CARTESIAN_POINT ( 'NONE',  ( -2.100000000000000089, -8.150000000000000355, 19.60000000000000142 ) ) ;
#1130 = ORIENTED_EDGE ( 'NONE', *, *, #365, .T. ) ;
#1131 = AXIS2_PLACEMENT_3D ( 'NONE', #1332, #354, #1467 ) ;
#1132 = CARTESIAN_POINT ( 'NONE',  ( 15.00000000000000000, -19.00000000000000000, 22.60000000000000142 ) ) ;
#1133 = CARTESIAN_POINT ( 'NONE',  ( 0.000000000000000000, 0.000000000000000000, 17.95000000000000284 ) ) ;
#1134 = CARTESIAN_POINT ( 'NONE',  ( 27.00000000000000000, 3.000000000000000000, 19.60000000000000142 ) ) ;
#1135 = CARTESIAN_POINT ( 'NONE',  ( 0.000000000000000000, 0.000000000000000000, 19.60000000000000142 ) ) ;
#1136 = FACE_BOUND ( 'NONE', #503, .T. ) ;
#1137 = EDGE_LOOP ( 'NONE', ( #882, #397, #63, #1172 ) ) ;
#1138 = DATE_TIME_ROLE ( 'classification_date' ) ;
#1139 = DIRECTION ( 'NONE',  ( -1.000000000000000000, 0.000000000000000000, 0.000000000000000000 ) ) ;
#1140 = VERTEX_POINT ( 'NONE', #448 ) ;
#1141 = CARTESIAN_POINT ( 'NONE',  ( 3.000000000000000000, 3.673940397442059868E-16, 22.59999999999999432 ) ) ;
#1142 = CYLINDRICAL_SURFACE ( 'NONE', #593, 2.100000000000000977 ) ;
#1143 = LINE ( 'NONE', #925, #1278 ) ;
#1144 = VECTOR ( 'NONE', #49, 1000.000000000000000 ) ;
#1145 = DIRECTION ( 'NONE',  ( -1.000000000000000000, 0.000000000000000000, 0.000000000000000000 ) ) ;
#1146 = CALENDAR_DATE ( 2026, 8, 9 ) ;
#1147 = AXIS2_PLACEMENT_3D ( 'NONE', #335, #1432, #1082 ) ;
#1148 = CARTESIAN_POINT ( 'NONE',  ( 5.849999999999999645, 7.000000000000000000, 17.95000000000000284 ) ) ;
#1149 = CIRCLE ( 'NONE', #1405, 2.100000000000000089 ) ;
#1150 = VERTEX_POINT ( 'NONE', #742 ) ;
#1151 = DIRECTION ( 'NONE',  ( 0.000000000000000000, 0.000000000000000000, -1.000000000000000000 ) ) ;
#1152 = DIRECTION ( 'NONE',  ( 0.000000000000000000, 0.000000000000000000, 1.000000000000000000 ) ) ;
#1153 = EDGE_CURVE ( 'NONE', #970, #947, #1528, .T. ) ;
#1154 = VECTOR ( 'NONE', #1577, 1000.000000000000000 ) ;
#1155 = EDGE_CURVE ( 'NONE', #905, #220, #1560, .T. ) ;
#1156 = CARTESIAN_POINT ( 'NONE',  ( 0.000000000000000000, 0.000000000000000000, 17.95000000000000284 ) ) ;
#1157 = EDGE_CURVE ( 'NONE', #1532, #497, #1253, .T. ) ;
#1158 = ORIENTED_EDGE ( 'NONE', *, *, #1522, .F. ) ;
#1159 = EDGE_CURVE ( 'NONE', #490, #923, #839, .T. ) ;
#1160 = FACE_OUTER_BOUND ( 'NONE', #1183, .T. ) ;
#1161 = DIRECTION ( 'NONE',  ( -1.000000000000000000, 0.000000000000000000, 0.000000000000000000 ) ) ;
#1162 = DIRECTION ( 'NONE',  ( 1.000000000000000000, 0.000000000000000000, 0.000000000000000000 ) ) ;
#1163 = CARTESIAN_POINT ( 'NONE',  ( 27.00000000000000000, -20.00000000000000000, 0.000000000000000000 ) ) ;
#1164 = EDGE_LOOP ( 'NONE', ( #982, #317 ) ) ;
#1165 = ORIENTED_EDGE ( 'NONE', *, *, #1544, .T. ) ;
#1166 = DIRECTION ( 'NONE',  ( 0.000000000000000000, 0.000000000000000000, -1.000000000000000000 ) ) ;
#1167 = VECTOR ( 'NONE', #790, 1000.000000000000000 ) ;
#1168 = CARTESIAN_POINT ( 'NONE',  ( 2.100000000000000089, -3.404408906109840149, 17.95000000000000284 ) ) ;
#1169 = SECURITY_CLASSIFICATION ( '', '', #713 ) ;
#1170 = FACE_BOUND ( 'NONE', #1125, .T. ) ;
#1171 = EDGE_CURVE ( 'NONE', #810, #623, #83, .T. ) ;
#1172 = ORIENTED_EDGE ( 'NONE', *, *, #680, .T. ) ;
#1173 = CARTESIAN_POINT ( 'NONE',  ( 8.150000000000000355, -2.100000000000000089, 17.95000000000000284 ) ) ;
#1174 = DIRECTION ( 'NONE',  ( 1.000000000000000000, 0.000000000000000000, -0.000000000000000000 ) ) ;
#1175 = ADVANCED_FACE ( 'NONE', ( #963 ), #969, .T. ) ;
#1176 = EDGE_CURVE ( 'NONE', #1457, #1150, #1377, .T. ) ;
#1177 = DIRECTION ( 'NONE',  ( 1.000000000000000000, 0.000000000000000000, 0.000000000000000000 ) ) ;
#1178 = ORIENTED_EDGE ( 'NONE', *, *, #155, .F. ) ;
#1179 = AXIS2_PLACEMENT_3D ( 'NONE', #884, #473, #1572 ) ;
#1180 = CARTESIAN_POINT ( 'NONE',  ( -3.404408906109840149, -2.100000000000000089, 17.95000000000000284 ) ) ;
#1181 = CARTESIAN_POINT ( 'NONE',  ( -8.150000000000000355, -7.000000000000000000, 17.95000000000000284 ) ) ;
#1182 = CARTESIAN_POINT ( 'NONE',  ( 15.00000000000000000, -19.00000000000000000, 19.60000000000000142 ) ) ;
#1183 = EDGE_LOOP ( 'NONE', ( #234, #1346, #25, #709 ) ) ;
#1184 = LINE ( 'NONE', #462, #639 ) ;
#1185 = ORIENTED_EDGE ( 'NONE', *, *, #194, .T. ) ;
#1186 = CARTESIAN_POINT ( 'NONE',  ( 0.000000000000000000, 0.000000000000000000, 22.60000000000000142 ) ) ;
#1187 = CARTESIAN_POINT ( 'NONE',  ( -8.150000000000000355, -2.100000000000000089, 17.95000000000000284 ) ) ;
#1188 = ORIENTED_EDGE ( 'NONE', *, *, #327, .F. ) ;
#1189 = DIRECTION ( 'NONE',  ( 0.000000000000000000, 0.000000000000000000, -1.000000000000000000 ) ) ;
#1190 = ORIENTED_EDGE ( 'NONE', *, *, #940, .T. ) ;
#1191 = CARTESIAN_POINT ( 'NONE',  ( -8.150000000000000355, 7.000000000000000000, 17.95000000000000284 ) ) ;
#1192 = CARTESIAN_POINT ( 'NONE',  ( 15.00000000000000000, -19.00000000000000000, 22.60000000000000142 ) ) ;
#1193 = CALENDAR_DATE ( 2026, 8, 9 ) ;
#1194 = EDGE_LOOP ( 'NONE', ( #704, #472, #1374, #619 ) ) ;
#1195 = ADVANCED_FACE ( 'NONE', ( #616 ), #345, .T. ) ;
#1196 = FACE_OUTER_BOUND ( 'NONE', #1324, .T. ) ;
#1197 = EDGE_CURVE ( 'NONE', #386, #1474, #1506, .T. ) ;
#1198 = AXIS2_PLACEMENT_3D ( 'NONE', #1029, #310, #1242 ) ;
#1199 = CARTESIAN_POINT ( 'NONE',  ( -8.150000000000000355, 0.000000000000000000, 17.95000000000000284 ) ) ;
#1200 = LINE ( 'NONE', #131, #1309 ) ;
#1201 = APPROVAL_STATUS ( 'not_yet_approved' ) ;
#1202 = DIRECTION ( 'NONE',  ( 0.000000000000000000, 0.000000000000000000, 1.000000000000000000 ) ) ;
#1203 = ORIENTED_EDGE ( 'NONE', *, *, #1549, .T. ) ;
#1204 = CARTESIAN_POINT ( 'NONE',  ( 27.00000000000000000, -15.00000000000000000, 22.60000000000000142 ) ) ;
#1205 = ORIENTED_EDGE ( 'NONE', *, *, #23, .F. ) ;
#1206 = CARTESIAN_POINT ( 'NONE',  ( 5.849999999999999645, 7.000000000000000000, 22.59999999999999432 ) ) ;
#1207 = LOCAL_TIME ( 22, 19, 18.00000000000000000, #1320 ) ;
#1208 = APPLICATION_CONTEXT ( 'configuration controlled 3d designs of mechanical parts and assemblies' ) ;
#1209 = DIRECTION ( 'NONE',  ( 1.000000000000000000, 0.000000000000000000, 0.000000000000000000 ) ) ;
#1210 = VECTOR ( 'NONE', #181, 1000.000000000000000 ) ;
#1211 = ORIENTED_EDGE ( 'NONE', *, *, #349, .T. ) ;
#1212 = EDGE_CURVE ( 'NONE', #970, #21, #723, .T. ) ;
#1213 = ADVANCED_FACE ( 'NONE', ( #1196 ), #477, .F. ) ;
#1214 =( GEOMETRIC_REPRESENTATION_CONTEXT ( 3 ) GLOBAL_UNCERTAINTY_ASSIGNED_CONTEXT ( ( #481 ) ) GLOBAL_UNIT_ASSIGNED_CONTEXT ( ( #476, #1575, #836 ) ) REPRESENTATION_CONTEXT ( 'NONE', 'WORKASPACE' ) );
#1215 = DIRECTION ( 'NONE',  ( 1.000000000000000000, 0.000000000000000000, 0.000000000000000000 ) ) ;
#1216 = LINE ( 'NONE', #645, #1076 ) ;
#1217 = VERTEX_POINT ( 'NONE', #488 ) ;
#1218 = CIRCLE ( 'NONE', #796, 13.00000000000000000 ) ;
#1219 = ADVANCED_FACE ( 'NONE', ( #851 ), #1337, .F. ) ;
#1220 = AXIS2_PLACEMENT_3D ( 'NONE', #873, #608, #760 ) ;
#1221 = EDGE_LOOP ( 'NONE', ( #1113, #208, #142, #555, #632, #88, #86, #1423, #761, #461, #1561, #504, #33, #838, #956, #149, #513 ) ) ;
#1222 = EDGE_CURVE ( 'NONE', #441, #598, #1095, .T. ) ;
#1223 = DIRECTION ( 'NONE',  ( -0.000000000000000000, -1.000000000000000000, -0.000000000000000000 ) ) ;
#1224 = ORIENTED_EDGE ( 'NONE', *, *, #466, .T. ) ;
#1225 = CIRCLE ( 'NONE', #1473, 1.100000000000000311 ) ;
#1226 = CARTESIAN_POINT ( 'NONE',  ( 7.000000000000000000, -7.000000000000000000, 22.59999999999999432 ) ) ;
#1227 = LINE ( 'NONE', #1111, #1490 ) ;
#1228 = EDGE_LOOP ( 'NONE', ( #561, #269, #1247, #456, #631, #652, #392, #1096 ) ) ;
#1229 = VERTEX_POINT ( 'NONE', #136 ) ;
#1230 = PERSON_AND_ORGANIZATION ( #757, #117 ) ;
#1231 = CARTESIAN_POINT ( 'NONE',  ( 0.000000000000000000, 0.000000000000000000, 22.59999999999999432 ) ) ;
#1232 = ORIENTED_EDGE ( 'NONE', *, *, #1388, .T. ) ;
#1233 = VERTEX_POINT ( 'NONE', #1463 ) ;
#1234 = CARTESIAN_POINT ( 'NONE',  ( 3.000000000000000000, 3.673940397442059868E-16, 19.60000000000000142 ) ) ;
#1235 = DIRECTION ( 'NONE',  ( 0.000000000000000000, 0.000000000000000000, -1.000000000000000000 ) ) ;
#1236 = EDGE_LOOP ( 'NONE', ( #79, #1130, #1357, #979 ) ) ;
#1237 = DIRECTION ( 'NONE',  ( 1.000000000000000000, 0.000000000000000000, 0.000000000000000000 ) ) ;
#1238 = EDGE_LOOP ( 'NONE', ( #1165, #886, #901, #730 ) ) ;
#1239 = FACE_BOUND ( 'NONE', #648, .T. ) ;
#1240 = ORIENTED_EDGE ( 'NONE', *, *, #1448, .T. ) ;
#1241 = ORIENTED_EDGE ( 'NONE', *, *, #823, .F. ) ;
#1242 = DIRECTION ( 'NONE',  ( 1.000000000000000000, 0.000000000000000000, -0.000000000000000000 ) ) ;
#1243 = DIRECTION ( 'NONE',  ( -0.000000000000000000, -1.000000000000000000, -0.000000000000000000 ) ) ;
#1244 = CIRCLE ( 'NONE', #553, 2.100000000000000089 ) ;
#1245 = EDGE_CURVE ( 'NONE', #463, #1493, #978, .T. ) ;
#1246 = ORIENTED_EDGE ( 'NONE', *, *, #600, .F. ) ;
#1247 = ORIENTED_EDGE ( 'NONE', *, *, #40, .T. ) ;
#1248 = PLANE ( 'NONE',  #895 ) ;
#1249 = VERTEX_POINT ( 'NONE', #11 ) ;
#1250 = DIRECTION ( 'NONE',  ( 1.000000000000000000, -0.000000000000000000, 0.000000000000000000 ) ) ;
#1251 = CARTESIAN_POINT ( 'NONE',  ( 2.100000000000000089, -8.150000000000000355, 19.60000000000000142 ) ) ;
#1252 = ORIENTED_EDGE ( 'NONE', *, *, #1553, .F. ) ;
#1253 = CIRCLE ( 'NONE', #771, 3.000000000000000000 ) ;
#1254 = VERTEX_POINT ( 'NONE', #622 ) ;
#1255 = CYLINDRICAL_SURFACE ( 'NONE', #56, 4.000000000000000000 ) ;
#1256 = FACE_BOUND ( 'NONE', #685, .T. ) ;
#1257 = VERTEX_POINT ( 'NONE', #858 ) ;
#1258 = LINE ( 'NONE', #1264, #975 ) ;
#1259 = CYLINDRICAL_SURFACE ( 'NONE', #1000, 4.000000000000000000 ) ;
#1260 = DIRECTION ( 'NONE',  ( 1.000000000000000000, 0.000000000000000000, 0.000000000000000000 ) ) ;
#1261 = CARTESIAN_POINT ( 'NONE',  ( -8.150000000000000355, 0.000000000000000000, 19.60000000000000142 ) ) ;
#1262 = FACE_OUTER_BOUND ( 'NONE', #1008, .T. ) ;
#1263 = VERTEX_POINT ( 'NONE', #242 ) ;
#1264 = CARTESIAN_POINT ( 'NONE',  ( -5.850000000000000533, -7.000000000000000000, 22.59999999999999432 ) ) ;
#1265 = ADVANCED_FACE ( 'NONE', ( #733 ), #1106, .T. ) ;
#1266 = CARTESIAN_POINT ( 'NONE',  ( 15.00000000000000000, -20.00000000000000000, 22.60000000000000142 ) ) ;
#1267 = CIRCLE ( 'NONE', #1567, 2.100000000000000977 ) ;
#1268 = ADVANCED_FACE ( 'NONE', ( #868 ), #786, .F. ) ;
#1269 = FACE_OUTER_BOUND ( 'NONE', #8, .T. ) ;
#1270 = EDGE_CURVE ( 'NONE', #1117, #406, #793, .T. ) ;
#1271 = AXIS2_PLACEMENT_3D ( 'NONE', #360, #103, #720 ) ;
#1272 = LINE ( 'NONE', #393, #943 ) ;
#1273 = AXIS2_PLACEMENT_3D ( 'NONE', #854, #492, #861 ) ;
#1274 = VERTEX_POINT ( 'NONE', #1132 ) ;
#1275 = CARTESIAN_POINT ( 'NONE',  ( -2.100000000000000089, -3.404408906109840149, 19.60000000000000142 ) ) ;
#1276 = DIRECTION ( 'NONE',  ( -1.000000000000000000, -0.000000000000000000, -0.000000000000000000 ) ) ;
#1277 = DIRECTION ( 'NONE',  ( 0.000000000000000000, 0.000000000000000000, 1.000000000000000000 ) ) ;
#1278 = VECTOR ( 'NONE', #523, 1000.000000000000000 ) ;
#1279 = VECTOR ( 'NONE', #413, 1000.000000000000000 ) ;
#1280 = AXIS2_PLACEMENT_3D ( 'NONE', #380, #1351, #1475 ) ;
#1281 = LINE ( 'NONE', #308, #840 ) ;
#1282 = ORIENTED_EDGE ( 'NONE', *, *, #626, .F. ) ;
#1283 = CARTESIAN_POINT ( 'NONE',  ( 7.000000000000000000, 7.000000000000000000, 22.59999999999999432 ) ) ;
#1284 = DIRECTION ( 'NONE',  ( 0.000000000000000000, 0.000000000000000000, 1.000000000000000000 ) ) ;
#1285 = CARTESIAN_POINT ( 'NONE',  ( -7.000000000000000000, 7.000000000000000000, 17.95000000000000284 ) ) ;
#1286 = ADVANCED_FACE ( 'NONE', ( #1256, #384, #1239, #1471, #1262, #174 ), #1248, .F. ) ;
#1287 = CARTESIAN_POINT ( 'NONE',  ( 0.000000000000000000, -19.00000000000000000, 22.60000000000000142 ) ) ;
#1288 = VERTEX_POINT ( 'NONE', #156 ) ;
#1289 = EDGE_CURVE ( 'NONE', #1396, #26, #167, .T. ) ;
#1290 = CARTESIAN_POINT ( 'NONE',  ( 15.00000000000000000, -20.00000000000000000, 22.60000000000000142 ) ) ;
#1291 = CIRCLE ( 'NONE', #114, 2.100000000000000089 ) ;
#1292 = ORIENTED_EDGE ( 'NONE', *, *, #945, .F. ) ;
#1293 = AXIS2_PLACEMENT_3D ( 'NONE', #65, #904, #1284 ) ;
#1294 = CARTESIAN_POINT ( 'NONE',  ( 0.000000000000000000, 0.000000000000000000, 22.59999999999999432 ) ) ;
#1295 = CIRCLE ( 'NONE', #1520, 2.100000000000000089 ) ;
#1296 = PLANE ( 'NONE',  #98 ) ;
#1297 = VERTEX_POINT ( 'NONE', #641 ) ;
#1298 = DIRECTION ( 'NONE',  ( 0.000000000000000000, 0.000000000000000000, -1.000000000000000000 ) ) ;
#1299 = CARTESIAN_POINT ( 'NONE',  ( -8.150000000000000355, 2.100000000000000089, 19.60000000000000142 ) ) ;
#1300 = DIRECTION ( 'NONE',  ( 0.000000000000000000, 0.000000000000000000, 1.000000000000000000 ) ) ;
#1301 = AXIS2_PLACEMENT_3D ( 'NONE', #359, #1115, #224 ) ;
#1302 = DIRECTION ( 'NONE',  ( 1.000000000000000000, 0.000000000000000000, 0.000000000000000000 ) ) ;
#1303 = ORIENTED_EDGE ( 'NONE', *, *, #163, .T. ) ;
#1304 = AXIS2_PLACEMENT_3D ( 'NONE', #1226, #5, #362 ) ;
#1305 = LINE ( 'NONE', #959, #356 ) ;
#1306 = ORIENTED_EDGE ( 'NONE', *, *, #928, .T. ) ;
#1307 = CARTESIAN_POINT ( 'NONE',  ( -7.000000000000000000, 7.000000000000000000, 22.59999999999999432 ) ) ;
#1308 = DIRECTION ( 'NONE',  ( 0.000000000000000000, 1.000000000000000000, 0.000000000000000000 ) ) ;
#1309 = VECTOR ( 'NONE', #262, 1000.000000000000000 ) ;
#1310 = ORIENTED_EDGE ( 'NONE', *, *, #1553, .T. ) ;
#1311 = LINE ( 'NONE', #1424, #1555 ) ;
#1312 = CARTESIAN_POINT ( 'NONE',  ( -2.100000000000000089, 3.404408906109840149, 19.60000000000000142 ) ) ;
#1313 = EDGE_CURVE ( 'NONE', #427, #1450, #650, .T. ) ;
#1314 = ADVANCED_FACE ( 'NONE', ( #1123 ), #1356, .F. ) ;
#1315 = EDGE_CURVE ( 'NONE', #1373, #936, #401, .T. ) ;
#1316 = DIRECTION ( 'NONE',  ( 0.000000000000000000, 0.000000000000000000, 1.000000000000000000 ) ) ;
#1317 = ORIENTED_EDGE ( 'NONE', *, *, #990, .T. ) ;
#1318 = DIRECTION ( 'NONE',  ( 1.000000000000000000, 0.000000000000000000, 0.000000000000000000 ) ) ;
#1319 = CARTESIAN_POINT ( 'NONE',  ( 8.150000000000000355, -2.100000000000000089, 19.60000000000000142 ) ) ;
#1320 = COORDINATED_UNIVERSAL_TIME_OFFSET ( 6, 0, .BEHIND. ) ;
#1321 = VECTOR ( 'NONE', #1557, 1000.000000000000000 ) ;
#1322 = DIRECTION ( 'NONE',  ( 0.000000000000000000, 0.000000000000000000, 1.000000000000000000 ) ) ;
#1323 = PLANE ( 'NONE',  #1271 ) ;
#1324 = EDGE_LOOP ( 'NONE', ( #595, #199, #1392, #377 ) ) ;
#1325 = AXIS2_PLACEMENT_3D ( 'NONE', #1133, #644, #788 ) ;
#1326 = CARTESIAN_POINT ( 'NONE',  ( 0.000000000000000000, -19.00000000000000000, 19.60000000000000142 ) ) ;
#1327 = DATE_TIME_ROLE ( 'creation_date' ) ;
#1328 = EDGE_CURVE ( 'NONE', #1348, #394, #1543, .T. ) ;
#1329 = DIRECTION ( 'NONE',  ( 0.000000000000000000, 0.000000000000000000, 1.000000000000000000 ) ) ;
#1330 = ORIENTED_EDGE ( 'NONE', *, *, #1107, .F. ) ;
#1331 = EDGE_CURVE ( 'NONE', #1534, #1257, #147, .T. ) ;
#1332 = CARTESIAN_POINT ( 'NONE',  ( -8.150000000000000355, 2.100000000000000089, 19.60000000000000142 ) ) ;
#1333 = CARTESIAN_POINT ( 'NONE',  ( 0.000000000000000000, -13.00000000000000000, 19.60000000000000142 ) ) ;
#1334 = ORIENTED_EDGE ( 'NONE', *, *, #1062, .T. ) ;
#1335 = EDGE_CURVE ( 'NONE', #443, #120, #1267, .T. ) ;
#1336 = EDGE_LOOP ( 'NONE', ( #298, #480, #766, #1573 ) ) ;
#1337 = PLANE ( 'NONE',  #738 ) ;
#1338 = CIRCLE ( 'NONE', #1368, 2.100000000000000089 ) ;
#1339 = ORIENTED_EDGE ( 'NONE', *, *, #967, .F. ) ;
#1340 = DIRECTION ( 'NONE',  ( -1.000000000000000000, 0.000000000000000000, 0.000000000000000000 ) ) ;
#1341 = DIRECTION ( 'NONE',  ( 1.000000000000000000, 0.000000000000000000, 0.000000000000000000 ) ) ;
#1342 = ORIENTED_EDGE ( 'NONE', *, *, #783, .F. ) ;
#1343 = AXIS2_PLACEMENT_3D ( 'NONE', #939, #576, #97 ) ;
#1344 = DESIGN_CONTEXT ( 'detailed design', #1032, 'design' ) ;
#1345 = VECTOR ( 'NONE', #768, 1000.000000000000000 ) ;
#1346 = ORIENTED_EDGE ( 'NONE', *, *, #23, .T. ) ;
#1347 = CARTESIAN_POINT ( 'NONE',  ( -8.150000000000000355, -7.000000000000000000, 22.59999999999999432 ) ) ;
#1348 = VERTEX_POINT ( 'NONE', #1148 ) ;
#1349 = VECTOR ( 'NONE', #1456, 1000.000000000000000 ) ;
#1350 = ORIENTED_EDGE ( 'NONE', *, *, #1408, .F. ) ;
#1351 = DIRECTION ( 'NONE',  ( 0.000000000000000000, 0.000000000000000000, 1.000000000000000000 ) ) ;
#1352 = LINE ( 'NONE', #992, #666 ) ;
#1353 = ORIENTED_EDGE ( 'NONE', *, *, #1061, .T. ) ;
#1354 = ORIENTED_EDGE ( 'NONE', *, *, #1153, .F. ) ;
#1355 = EDGE_CURVE ( 'NONE', #1288, #134, #729, .T. ) ;
#1356 = CYLINDRICAL_SURFACE ( 'NONE', #72, 1.150000000000000799 ) ;
#1357 = ORIENTED_EDGE ( 'NONE', *, *, #1562, .T. ) ;
#1358 = CARTESIAN_POINT ( 'NONE',  ( 0.000000000000000000, 0.000000000000000000, 19.60000000000000142 ) ) ;
#1359 = FACE_OUTER_BOUND ( 'NONE', #1194, .T. ) ;
#1360 = ORIENTED_EDGE ( 'NONE', *, *, #110, .F. ) ;
#1361 = EDGE_LOOP ( 'NONE', ( #1057, #938, #1158, #1188 ) ) ;
#1362 = CIRCLE ( 'NONE', #320, 4.000000000000000000 ) ;
#1363 = LOCAL_TIME ( 22, 19, 18.00000000000000000, #750 ) ;
#1364 = PLANE ( 'NONE',  #273 ) ;
#1365 = EDGE_CURVE ( 'NONE', #244, #281, #1272, .T. ) ;
#1366 = ORIENTED_EDGE ( 'NONE', *, *, #1522, .T. ) ;
#1367 = LINE ( 'NONE', #277, #1279 ) ;
#1368 = AXIS2_PLACEMENT_3D ( 'NONE', #952, #99, #1531 ) ;
#1369 = VERTEX_POINT ( 'NONE', #765 ) ;
#1370 = LOCAL_TIME ( 22, 19, 18.00000000000000000, #485 ) ;
#1371 = ORIENTED_EDGE ( 'NONE', *, *, #1102, .F. ) ;
#1372 = DIRECTION ( 'NONE',  ( 0.000000000000000000, 0.000000000000000000, -1.000000000000000000 ) ) ;
#1373 = VERTEX_POINT ( 'NONE', #630 ) ;
#1374 = ORIENTED_EDGE ( 'NONE', *, *, #877, .F. ) ;
#1375 = CARTESIAN_POINT ( 'NONE',  ( -8.150000000000000355, 2.100000000000000089, 17.95000000000000284 ) ) ;
#1376 = CARTESIAN_POINT ( 'NONE',  ( 2.100000000000000089, -8.150000000000000355, 17.95000000000000284 ) ) ;
#1377 = CIRCLE ( 'NONE', #1097, 1.100000000000000311 ) ;
#1378 = ORIENTED_EDGE ( 'NONE', *, *, #583, .T. ) ;
#1379 = CIRCLE ( 'NONE', #1325, 4.000000000000000000 ) ;
#1380 = CARTESIAN_POINT ( 'NONE',  ( -8.150000000000000355, 2.100000000000000089, 19.60000000000000142 ) ) ;
#1381 = EDGE_CURVE ( 'NONE', #381, #1217, #410, .T. ) ;
#1382 = CARTESIAN_POINT ( 'NONE',  ( 0.000000000000000000, 0.000000000000000000, 19.60000000000000142 ) ) ;
#1383 = EDGE_CURVE ( 'NONE', #623, #810, #763, .T. ) ;
#1384 = ORIENTED_EDGE ( 'NONE', *, *, #1101, .F. ) ;
#1385 = DIRECTION ( 'NONE',  ( 0.000000000000000000, 0.000000000000000000, -1.000000000000000000 ) ) ;
#1386 = CARTESIAN_POINT ( 'NONE',  ( 19.09999999999999787, -17.50000000000000000, 0.000000000000000000 ) ) ;
#1387 = CC_DESIGN_PERSON_AND_ORGANIZATION_ASSIGNMENT ( #614, #721, ( #322 ) ) ;
#1388 = EDGE_CURVE ( 'NONE', #832, #905, #146, .T. ) ;
#1389 = ADVANCED_FACE ( 'NONE', ( #889 ), #1364, .F. ) ;
#1390 = FACE_BOUND ( 'NONE', #246, .T. ) ;
#1391 = DIRECTION ( 'NONE',  ( 0.000000000000000000, 0.000000000000000000, -1.000000000000000000 ) ) ;
#1392 = ORIENTED_EDGE ( 'NONE', *, *, #1289, .T. ) ;
#1393 = ORIENTED_EDGE ( 'NONE', *, *, #1011, .T. ) ;
#1394 = DIRECTION ( 'NONE',  ( -0.000000000000000000, -0.000000000000000000, 1.000000000000000000 ) ) ;
#1395 = DIRECTION ( 'NONE',  ( -1.000000000000000000, 0.000000000000000000, -0.000000000000000000 ) ) ;
#1396 = VERTEX_POINT ( 'NONE', #1287 ) ;
#1397 = CYLINDRICAL_SURFACE ( 'NONE', #961, 1.150000000000000799 ) ;
#1398 = AXIS2_PLACEMENT_3D ( 'NONE', #53, #414, #665 ) ;
#1399 = FACE_OUTER_BOUND ( 'NONE', #636, .T. ) ;
#1400 = DIRECTION ( 'NONE',  ( 1.000000000000000000, 0.000000000000000000, 0.000000000000000000 ) ) ;
#1401 = ORIENTED_EDGE ( 'NONE', *, *, #351, .F. ) ;
#1402 = DIRECTION ( 'NONE',  ( -0.000000000000000000, -1.000000000000000000, -0.000000000000000000 ) ) ;
#1403 = LINE ( 'NONE', #178, #739 ) ;
#1404 = CIRCLE ( 'NONE', #1398, 4.000000000000000000 ) ;
#1405 = AXIS2_PLACEMENT_3D ( 'NONE', #1199, #1068, #1318 ) ;
#1406 = DIRECTION ( 'NONE',  ( 0.000000000000000000, -0.000000000000000000, 1.000000000000000000 ) ) ;
#1407 = ORIENTED_EDGE ( 'NONE', *, *, #1289, .F. ) ;
#1408 = EDGE_CURVE ( 'NONE', #123, #734, #215, .T. ) ;
#1409 = LINE ( 'NONE', #1290, #906 ) ;
#1410 = FACE_OUTER_BOUND ( 'NONE', #1361, .T. ) ;
#1411 = FACE_OUTER_BOUND ( 'NONE', #930, .T. ) ;
#1412 = DIRECTION ( 'NONE',  ( 0.000000000000000000, 0.000000000000000000, 1.000000000000000000 ) ) ;
#1413 = DIRECTION ( 'NONE',  ( 0.000000000000000000, 1.000000000000000000, 0.000000000000000000 ) ) ;
#1414 = VERTEX_POINT ( 'NONE', #338 ) ;
#1415 = CARTESIAN_POINT ( 'NONE',  ( -7.000000000000000000, 7.000000000000000000, 17.95000000000000284 ) ) ;
#1416 = AXIS2_PLACEMENT_3D ( 'NONE', #515, #635, #396 ) ;
#1417 = ORIENTED_EDGE ( 'NONE', *, *, #489, .T. ) ;
#1418 = DIRECTION ( 'NONE',  ( 1.000000000000000000, 0.000000000000000000, 0.000000000000000000 ) ) ;
#1419 = CC_DESIGN_APPROVAL ( #876, ( #71 ) ) ;
#1420 = AXIS2_PLACEMENT_3D ( 'NONE', #264, #753, #283 ) ;
#1421 = DIRECTION ( 'NONE',  ( 0.000000000000000000, 0.000000000000000000, 1.000000000000000000 ) ) ;
#1422 = AXIS2_PLACEMENT_3D ( 'NONE', #827, #1412, #82 ) ;
#1423 = ORIENTED_EDGE ( 'NONE', *, *, #489, .F. ) ;
#1424 = CARTESIAN_POINT ( 'NONE',  ( -3.000000000000000000, 0.000000000000000000, 22.59999999999999432 ) ) ;
#1425 = VECTOR ( 'NONE', #527, 1000.000000000000000 ) ;
#1426 = LINE ( 'NONE', #1299, #54 ) ;
#1427 = AXIS2_PLACEMENT_3D ( 'NONE', #708, #1449, #108 ) ;
#1428 = DIRECTION ( 'NONE',  ( -0.000000000000000000, -0.000000000000000000, 1.000000000000000000 ) ) ;
#1429 = EDGE_CURVE ( 'NONE', #258, #394, #1545, .T. ) ;
#1430 = VERTEX_POINT ( 'NONE', #1182 ) ;
#1431 = CARTESIAN_POINT ( 'NONE',  ( -5.850000000000000533, -7.000000000000000000, 17.95000000000000284 ) ) ;
#1432 = DIRECTION ( 'NONE',  ( 0.000000000000000000, 0.000000000000000000, 1.000000000000000000 ) ) ;
#1433 = EDGE_CURVE ( 'NONE', #989, #598, #449, .T. ) ;
#1434 = EDGE_CURVE ( 'NONE', #220, #1493, #831, .T. ) ;
#1435 = ORIENTED_EDGE ( 'NONE', *, *, #1335, .T. ) ;
#1436 = PLANE ( 'NONE',  #1447 ) ;
#1437 = AXIS2_PLACEMENT_3D ( 'NONE', #628, #1121, #355 ) ;
#1438 = DIRECTION ( 'NONE',  ( 0.000000000000000000, 0.000000000000000000, -1.000000000000000000 ) ) ;
#1439 = CIRCLE ( 'NONE', #1047, 1.149999999999999911 ) ;
#1440 = CALENDAR_DATE ( 2026, 8, 9 ) ;
#1441 = CARTESIAN_POINT ( 'NONE',  ( 24.00000000000000000, -17.50000000000000000, 22.59999999999999432 ) ) ;
#1442 = EDGE_LOOP ( 'NONE', ( #974, #897, #1317, #1109 ) ) ;
#1443 = CARTESIAN_POINT ( 'NONE',  ( -8.150000000000000355, -2.100000000000000089, 19.60000000000000142 ) ) ;
#1444 = CARTESIAN_POINT ( 'NONE',  ( 22.89999999999999858, -17.50000000000000000, 0.000000000000000000 ) ) ;
#1445 = EDGE_CURVE ( 'NONE', #1254, #373, #683, .T. ) ;
#1446 = PERSON_AND_ORGANIZATION ( #757, #117 ) ;
#1447 = AXIS2_PLACEMENT_3D ( 'NONE', #1538, #678, #1525 ) ;
#1448 = EDGE_CURVE ( 'NONE', #490, #1065, #942, .T. ) ;
#1449 = DIRECTION ( 'NONE',  ( 0.000000000000000000, 1.000000000000000000, 0.000000000000000000 ) ) ;
#1450 = VERTEX_POINT ( 'NONE', #929 ) ;
#1451 = CIRCLE ( 'NONE', #385, 1.100000000000000311 ) ;
#1452 = FACE_OUTER_BOUND ( 'NONE', #826, .T. ) ;
#1453 = CYLINDRICAL_SURFACE ( 'NONE', #1220, 4.000000000000000000 ) ;
#1454 = ORIENTED_EDGE ( 'NONE', *, *, #633, .T. ) ;
#1455 = APPROVAL_ROLE ( '' ) ;
#1456 = DIRECTION ( 'NONE',  ( -0.000000000000000000, -1.000000000000000000, -0.000000000000000000 ) ) ;
#1457 = VERTEX_POINT ( 'NONE', #85 ) ;
#1458 = CARTESIAN_POINT ( 'NONE',  ( -10.25000000000000178, 0.000000000000000000, 19.60000000000000142 ) ) ;
#1459 = CARTESIAN_POINT ( 'NONE',  ( 0.000000000000000000, -13.00000000000000000, 22.60000000000000142 ) ) ;
#1460 = ORIENTED_EDGE ( 'NONE', *, *, #93, .F. ) ;
#1461 = ORIENTED_EDGE ( 'NONE', *, *, #823, .T. ) ;
#1462 = CYLINDRICAL_SURFACE ( 'NONE', #1021, 1.100000000000000311 ) ;
#1463 = CARTESIAN_POINT ( 'NONE',  ( -13.00000000000000000, 0.000000000000000000, 17.95000000000000284 ) ) ;
#1464 = AXIS2_PLACEMENT_3D ( 'NONE', #1492, #548, #402 ) ;
#1465 = ORIENTED_EDGE ( 'NONE', *, *, #439, .F. ) ;
#1466 = ORIENTED_EDGE ( 'NONE', *, *, #1328, .F. ) ;
#1467 = DIRECTION ( 'NONE',  ( 0.000000000000000000, -0.000000000000000000, -1.000000000000000000 ) ) ;
#1468 = ORIENTED_EDGE ( 'NONE', *, *, #945, .T. ) ;
#1469 = AXIS2_PLACEMENT_3D ( 'NONE', #1186, #817, #697 ) ;
#1470 = ORIENTED_EDGE ( 'NONE', *, *, #482, .F. ) ;
#1471 = FACE_BOUND ( 'NONE', #116, .T. ) ;
#1472 = VERTEX_POINT ( 'NONE', #801 ) ;
#1473 = AXIS2_PLACEMENT_3D ( 'NONE', #919, #1394, #671 ) ;
#1474 = VERTEX_POINT ( 'NONE', #1056 ) ;
#1475 = DIRECTION ( 'NONE',  ( 1.000000000000000000, 0.000000000000000000, 0.000000000000000000 ) ) ;
#1476 = CARTESIAN_POINT ( 'NONE',  ( 15.00000000000000000, -15.00000000000000000, 0.000000000000000000 ) ) ;
#1477 = ORIENTED_EDGE ( 'NONE', *, *, #319, .T. ) ;
#1478 = CIRCLE ( 'NONE', #849, 2.100000000000000089 ) ;
#1479 = LINE ( 'NONE', #770, #681 ) ;
#1480 = CC_DESIGN_DATE_AND_TIME_ASSIGNMENT ( #621, #1138, ( #1169 ) ) ;
#1481 = ADVANCED_FACE ( 'NONE', ( #67, #219, #1040, #1048, #1516, #1170, #198, #432 ), #1296, .T. ) ;
#1482 = EDGE_LOOP ( 'NONE', ( #239, #1116 ) ) ;
#1483 = EDGE_CURVE ( 'NONE', #1369, #1233, #1495, .T. ) ;
#1484 = CARTESIAN_POINT ( 'NONE',  ( 27.00000000000000000, -19.00000000000000000, 22.60000000000000142 ) ) ;
#1485 = CARTESIAN_POINT ( 'NONE',  ( 16.89999999999999858, -17.50000000000000000, 0.000000000000000000 ) ) ;
#1486 = ORIENTED_EDGE ( 'NONE', *, *, #133, .F. ) ;
#1487 = CARTESIAN_POINT ( 'NONE',  ( 8.150000000000000355, 0.000000000000000000, 19.60000000000000142 ) ) ;
#1488 = VERTEX_POINT ( 'NONE', #1063 ) ;
#1489 = ORIENTED_EDGE ( 'NONE', *, *, #300, .T. ) ;
#1490 = VECTOR ( 'NONE', #1235, 1000.000000000000000 ) ;
#1491 = SHAPE_DEFINITION_REPRESENTATION ( #780, #32 ) ;
#1492 = CARTESIAN_POINT ( 'NONE',  ( 0.000000000000000000, 0.000000000000000000, 19.60000000000000142 ) ) ;
#1493 = VERTEX_POINT ( 'NONE', #1523 ) ;
#1494 = LINE ( 'NONE', #299, #1530 ) ;
#1495 = CIRCLE ( 'NONE', #575, 13.00000000000000000 ) ;
#1496 = CARTESIAN_POINT ( 'NONE',  ( 5.849999999999999645, -7.000000000000000000, 17.95000000000000284 ) ) ;
#1497 = EDGE_CURVE ( 'NONE', #220, #993, #1338, .T. ) ;
#1498 = ORIENTED_EDGE ( 'NONE', *, *, #1383, .T. ) ;
#1499 = CIRCLE ( 'NONE', #579, 1.149999999999999911 ) ;
#1500 = CARTESIAN_POINT ( 'NONE',  ( 7.000000000000000000, -7.000000000000000000, 22.59999999999999432 ) ) ;
#1501 = EDGE_CURVE ( 'NONE', #381, #259, #1295, .T. ) ;
#1502 = EDGE_LOOP ( 'NONE', ( #1005, #1354 ) ) ;
#1503 = EDGE_CURVE ( 'NONE', #314, #26, #1281, .T. ) ;
#1504 = LINE ( 'NONE', #911, #1055 ) ;
#1505 = DIRECTION ( 'NONE',  ( 1.000000000000000000, 0.000000000000000000, 0.000000000000000000 ) ) ;
#1506 = CIRCLE ( 'NONE', #822, 2.100000000000000089 ) ;
#1507 = DIRECTION ( 'NONE',  ( 1.000000000000000000, 0.000000000000000000, 0.000000000000000000 ) ) ;
#1508 = AXIS2_PLACEMENT_3D ( 'NONE', #534, #435, #546 ) ;
#1509 = VECTOR ( 'NONE', #1118, 1000.000000000000000 ) ;
#1510 = DIRECTION ( 'NONE',  ( -0.000000000000000000, -0.000000000000000000, -1.000000000000000000 ) ) ;
#1511 = DIRECTION ( 'NONE',  ( 1.000000000000000000, 0.000000000000000000, -0.000000000000000000 ) ) ;
#1512 = ORIENTED_EDGE ( 'NONE', *, *, #1245, .F. ) ;
#1513 = DIRECTION ( 'NONE',  ( -1.000000000000000000, 0.000000000000000000, 0.000000000000000000 ) ) ;
#1514 = CARTESIAN_POINT ( 'NONE',  ( 25.10000000000000142, -17.50000000000000000, 0.000000000000000000 ) ) ;
#1515 = CYLINDRICAL_SURFACE ( 'NONE', #247, 1.150000000000000799 ) ;
#1516 = FACE_BOUND ( 'NONE', #567, .T. ) ;
#1517 = ORIENTED_EDGE ( 'NONE', *, *, #870, .T. ) ;
#1518 = LINE ( 'NONE', #293, #312 ) ;
#1519 = FACE_OUTER_BOUND ( 'NONE', #154, .T. ) ;
#1520 = AXIS2_PLACEMENT_3D ( 'NONE', #92, #1069, #1400 ) ;
#1521 = CARTESIAN_POINT ( 'NONE',  ( 2.100000000000000089, -8.150000000000000355, 19.60000000000000142 ) ) ;
#1522 = EDGE_CURVE ( 'NONE', #1229, #1488, #190, .T. ) ;
#1523 = CARTESIAN_POINT ( 'NONE',  ( -2.100000000000000089, -8.150000000000000355, 17.95000000000000284 ) ) ;
#1524 = ORIENTED_EDGE ( 'NONE', *, *, #1157, .T. ) ;
#1525 = DIRECTION ( 'NONE',  ( 0.000000000000000000, -0.000000000000000000, 1.000000000000000000 ) ) ;
#1526 = LINE ( 'NONE', #1266, #10 ) ;
#1527 = CARTESIAN_POINT ( 'NONE',  ( 0.000000000000000000, -15.00000000000000000, 19.60000000000000142 ) ) ;
#1528 = CIRCLE ( 'NONE', #847, 1.100000000000000311 ) ;
#1529 = CARTESIAN_POINT ( 'NONE',  ( -8.150000000000000355, -7.000000000000000000, 22.59999999999999432 ) ) ;
#1530 = VECTOR ( 'NONE', #778, 1000.000000000000000 ) ;
#1531 = DIRECTION ( 'NONE',  ( 1.000000000000000000, 0.000000000000000000, 0.000000000000000000 ) ) ;
#1532 = VERTEX_POINT ( 'NONE', #78 ) ;
#1533 = FACE_OUTER_BOUND ( 'NONE', #1578, .T. ) ;
#1534 = VERTEX_POINT ( 'NONE', #440 ) ;
#1535 = CARTESIAN_POINT ( 'NONE',  ( -8.150000000000000355, -2.100000000000000089, 17.95000000000000284 ) ) ;
#1536 = CARTESIAN_POINT ( 'NONE',  ( -7.000000000000000000, 7.000000000000000000, 22.59999999999999432 ) ) ;
#1537 = EDGE_LOOP ( 'NONE', ( #746, #737, #855, #265 ) ) ;
#1538 = CARTESIAN_POINT ( 'NONE',  ( -8.150000000000000355, -2.100000000000000089, 19.60000000000000142 ) ) ;
#1539 = EDGE_LOOP ( 'NONE', ( #1461, #917, #1073, #663 ) ) ;
#1540 = CIRCLE ( 'NONE', #682, 13.00000000000000000 ) ;
#1541 = CARTESIAN_POINT ( 'NONE',  ( -8.150000000000000355, 0.000000000000000000, 19.60000000000000142 ) ) ;
#1542 = LINE ( 'NONE', #1192, #376 ) ;
#1543 = CIRCLE ( 'NONE', #1420, 1.150000000000000799 ) ;
#1544 = EDGE_CURVE ( 'NONE', #1297, #427, #1439, .T. ) ;
#1545 = LINE ( 'NONE', #814, #995 ) ;
#1546 = CIRCLE ( 'NONE', #1074, 1.150000000000000799 ) ;
#1547 = ORIENTED_EDGE ( 'NONE', *, *, #324, .F. ) ;
#1548 = CC_DESIGN_PERSON_AND_ORGANIZATION_ASSIGNMENT ( #1446, #1083, ( #71 ) ) ;
#1549 = EDGE_CURVE ( 'NONE', #677, #333, #1244, .T. ) ;
#1550 = CARTESIAN_POINT ( 'NONE',  ( 2.100000000000000089, -8.150000000000000355, 19.60000000000000142 ) ) ;
#1551 = VECTOR ( 'NONE', #1243, 1000.000000000000000 ) ;
#1552 = ORIENTED_EDGE ( 'NONE', *, *, #544, .F. ) ;
#1553 = EDGE_CURVE ( 'NONE', #290, #1348, #984, .T. ) ;
#1554 = LINE ( 'NONE', #1527, #84 ) ;
#1555 = VECTOR ( 'NONE', #200, 1000.000000000000000 ) ;
#1556 = ORIENTED_EDGE ( 'NONE', *, *, #775, .T. ) ;
#1557 = DIRECTION ( 'NONE',  ( -1.000000000000000000, -0.000000000000000000, -0.000000000000000000 ) ) ;
#1558 = DIRECTION ( 'NONE',  ( -0.000000000000000000, -1.000000000000000000, -0.000000000000000000 ) ) ;
#1559 = CARTESIAN_POINT ( 'NONE',  ( 0.000000000000000000, 0.000000000000000000, 0.000000000000000000 ) ) ;
#1560 = LINE ( 'NONE', #845, #611 ) ;
#1561 = ORIENTED_EDGE ( 'NONE', *, *, #820, .F. ) ;
#1562 = EDGE_CURVE ( 'NONE', #193, #381, #741, .T. ) ;
#1563 = ADVANCED_FACE ( 'NONE', ( #118 ), #1462, .F. ) ;
#1564 = AXIS2_PLACEMENT_3D ( 'NONE', #535, #1277, #1507 ) ;
#1565 = DIRECTION ( 'NONE',  ( -1.000000000000000000, -0.000000000000000000, -0.000000000000000000 ) ) ;
#1566 = VECTOR ( 'NONE', #551, 1000.000000000000000 ) ;
#1567 = AXIS2_PLACEMENT_3D ( 'NONE', #529, #1015, #662 ) ;
#1568 = LOCAL_TIME ( 22, 19, 18.00000000000000000, #35 ) ;
#1569 = AXIS2_PLACEMENT_3D ( 'NONE', #933, #920, #1019 ) ;
#1570 = DIRECTION ( 'NONE',  ( 0.000000000000000000, 0.000000000000000000, -1.000000000000000000 ) ) ;
#1571 = EDGE_LOOP ( 'NONE', ( #1378, #1190, #1292, #670 ) ) ;
#1572 = DIRECTION ( 'NONE',  ( 1.000000000000000000, 0.000000000000000000, 0.000000000000000000 ) ) ;
#1573 = ORIENTED_EDGE ( 'NONE', *, *, #718, .F. ) ;
#1574 = CARTESIAN_POINT ( 'NONE',  ( 2.100000000000000089, -8.150000000000000355, 17.95000000000000284 ) ) ;
#1575 =( NAMED_UNIT ( * ) PLANE_ANGLE_UNIT ( ) SI_UNIT ( $, .RADIAN. ) );
#1576 = AXIS2_PLACEMENT_3D ( 'NONE', #584, #833, #696 ) ;
#1577 = DIRECTION ( 'NONE',  ( 0.000000000000000000, 0.000000000000000000, -1.000000000000000000 ) ) ;
#1578 = EDGE_LOOP ( 'NONE', ( #918, #139, #627, #749 ) ) ;
#1579 = CYLINDRICAL_SURFACE ( 'NONE', #1304, 1.150000000000000799 ) ;
#1580 = LINE ( 'NONE', #122, #1551 ) ;
#1581 = VERTEX_POINT ( 'NONE', #580 ) ;
ENDSEC;
END-ISO-10303-21;
