ISO-10303-21;
HEADER;
FILE_DESCRIPTION (( 'STEP AP203' ),
    '1' );
FILE_NAME ('ARM-101_Upper_link_60mm_MG996_SG90.step',
    '2026-09-08T21:46:17',
    ( '' ),
    ( '' ),
    'SwSTEP 2.0',
    'SolidWorks 2026',
    '' );
FILE_SCHEMA (( 'CONFIG_CONTROL_DESIGN' ));
ENDSEC;

DATA;
#1 = FACE_BOUND ( 'NONE', #1818, .T. ) ;
#2 = FACE_BOUND ( 'NONE', #2066, .T. ) ;
#3 = EDGE_LOOP ( 'NONE', ( #629, #1404 ) ) ;
#4 = VECTOR ( 'NONE', #1852, 1000.000000000000000 ) ;
#5 = CIRCLE ( 'NONE', #1023, 1.599999999999999867 ) ;
#6 = DATE_AND_TIME ( #1505, #570 ) ;
#7 = CARTESIAN_POINT ( 'NONE',  ( 35.00000000000000000, -9.000000000000000000, 4.000000000000003553 ) ) ;
#8 = CARTESIAN_POINT ( 'NONE',  ( 7.000000000000000000, 0.000000000000000000, 8.000000000000000000 ) ) ;
#9 = ADVANCED_FACE ( 'NONE', ( #1264 ), #1916, .T. ) ;
#10 = LINE ( 'NONE', #1490, #2020 ) ;
#11 = VERTEX_POINT ( 'NONE', #1803 ) ;
#12 = CARTESIAN_POINT ( 'NONE',  ( 35.00000000000000000, 9.000000000000000000, 4.000000000000000000 ) ) ;
#13 = PLANE ( 'NONE',  #16 ) ;
#14 = VECTOR ( 'NONE', #872, 1000.000000000000000 ) ;
#15 = CLOSED_SHELL ( 'NONE', ( #444, #2044, #2033, #316, #1424, #1992, #185, #181, #1506, #1839, #208, #1731, #979, #1662, #904, #1042, #1167, #730, #2090, #704, #734, #1426, #429, #288, #21, #887, #748, #1792, #1168, #1248, #1762, #842, #9, #803, #1968, #141, #1185, #797, #706, #622, #1686, #466, #1440, #796, #1379, #1739, #87, #463, #1466, #130, #247, #49, #235, #1625, #2014, #159, #578, #1216, #272 ) ) ;
#16 = AXIS2_PLACEMENT_3D ( 'NONE', #661, #1134, #198 ) ;
#17 = VERTEX_POINT ( 'NONE', #1971 ) ;
#18 = PERSON_AND_ORGANIZATION ( #1422, #673 ) ;
#19 = CARTESIAN_POINT ( 'NONE',  ( -6.125000000000000888, -3.388860427931490449, 6.000000000000000000 ) ) ;
#20 = CARTESIAN_POINT ( 'NONE',  ( 42.00000000000000000, 14.00000000000000000, 0.000000000000000000 ) ) ;
#21 = ADVANCED_FACE ( 'NONE', ( #505 ), #1656, .T. ) ;
#22 = CARTESIAN_POINT ( 'NONE',  ( -7.000000000000000000, 0.000000000000000000, 8.000000000000000000 ) ) ;
#23 = ORIENTED_EDGE ( 'NONE', *, *, #1552, .F. ) ;
#24 = EDGE_CURVE ( 'NONE', #1979, #381, #1632, .T. ) ;
#25 = DIRECTION ( 'NONE',  ( -1.000000000000000000, 0.000000000000000000, 0.000000000000000000 ) ) ;
#26 = VECTOR ( 'NONE', #1826, 1000.000000000000000 ) ;
#27 = CARTESIAN_POINT ( 'NONE',  ( 30.41742430504416461, 7.000000000000000000, 4.000000000000000000 ) ) ;
#28 = ORIENTED_EDGE ( 'NONE', *, *, #879, .F. ) ;
#29 = CARTESIAN_POINT ( 'NONE',  ( 51.00000000000000000, 0.000000000000000000, 4.000000000000003553 ) ) ;
#30 = AXIS2_PLACEMENT_3D ( 'NONE', #1293, #298, #942 ) ;
#31 = DIRECTION ( 'NONE',  ( 0.000000000000000000, 0.000000000000000000, -1.000000000000000000 ) ) ;
#32 = FACE_OUTER_BOUND ( 'NONE', #1777, .T. ) ;
#33 = EDGE_CURVE ( 'NONE', #173, #473, #1834, .T. ) ;
#34 = CARTESIAN_POINT ( 'NONE',  ( 3.388860427931490449, -6.125000000000000888, 6.000000000000000000 ) ) ;
#35 = CARTESIAN_POINT ( 'NONE',  ( 49.69999999999999574, 0.000000000000000000, 4.000000000000003553 ) ) ;
#36 = ORIENTED_EDGE ( 'NONE', *, *, #96, .F. ) ;
#37 = FACE_BOUND ( 'NONE', #764, .T. ) ;
#38 = EDGE_LOOP ( 'NONE', ( #1413, #1300, #1580, #1409 ) ) ;
#39 = FACE_OUTER_BOUND ( 'NONE', #271, .T. ) ;
#40 = CIRCLE ( 'NONE', #451, 1.600000000000000755 ) ;
#41 = CARTESIAN_POINT ( 'NONE',  ( 30.41742430504416461, -7.000000000000000000, 0.000000000000000000 ) ) ;
#42 = VECTOR ( 'NONE', #123, 1000.000000000000000 ) ;
#43 = DIRECTION ( 'NONE',  ( -1.000000000000000000, 0.000000000000000000, 0.000000000000000000 ) ) ;
#44 = ORIENTED_EDGE ( 'NONE', *, *, #1119, .T. ) ;
#45 = LINE ( 'NONE', #689, #485 ) ;
#46 = DIRECTION ( 'NONE',  ( 1.000000000000000000, 0.000000000000000000, 0.000000000000000000 ) ) ;
#47 = EDGE_CURVE ( 'NONE', #1755, #458, #84, .T. ) ;
#48 = ORIENTED_EDGE ( 'NONE', *, *, #113, .T. ) ;
#49 = ADVANCED_FACE ( 'NONE', ( #39 ), #1824, .T. ) ;
#50 = CIRCLE ( 'NONE', #1239, 1.300000000000002487 ) ;
#51 = CIRCLE ( 'NONE', #1576, 1.599999999999999867 ) ;
#52 = DIRECTION ( 'NONE',  ( 1.000000000000000000, 0.000000000000000000, 0.000000000000000000 ) ) ;
#53 = CARTESIAN_POINT ( 'NONE',  ( 3.500000000000000000, -7.000000000000000000, 4.000000000000000000 ) ) ;
#54 = DIRECTION ( 'NONE',  ( -0.000000000000000000, -0.000000000000000000, 1.000000000000000000 ) ) ;
#55 = ORIENTED_EDGE ( 'NONE', *, *, #455, .T. ) ;
#56 = CARTESIAN_POINT ( 'NONE',  ( 35.00000000000000000, -9.000000000000000000, 4.000000000000000000 ) ) ;
#57 = DIRECTION ( 'NONE',  ( 0.000000000000000000, 0.000000000000000000, 1.000000000000000000 ) ) ;
#58 = CARTESIAN_POINT ( 'NONE',  ( 35.00000000000000000, -9.000000000000000000, 0.000000000000000000 ) ) ;
#59 = DATE_TIME_ROLE ( 'classification_date' ) ;
#60 = CARTESIAN_POINT ( 'NONE',  ( 0.000000000000000000, 7.000000000000000000, 8.000000000000000000 ) ) ;
#61 = DIRECTION ( 'NONE',  ( -1.000000000000000000, 0.000000000000000000, 0.000000000000000000 ) ) ;
#62 = CIRCLE ( 'NONE', #1765, 3.500000000000000000 ) ;
#63 = FACE_OUTER_BOUND ( 'NONE', #464, .T. ) ;
#64 = VERTEX_POINT ( 'NONE', #1013 ) ;
#65 = EDGE_CURVE ( 'NONE', #303, #11, #1642, .T. ) ;
#66 = FACE_OUTER_BOUND ( 'NONE', #743, .T. ) ;
#67 = CARTESIAN_POINT ( 'NONE',  ( 35.00000000000000000, 9.000000000000000000, 4.000000000000003553 ) ) ;
#68 = AXIS2_PLACEMENT_3D ( 'NONE', #1709, #1046, #550 ) ;
#69 = FACE_BOUND ( 'NONE', #1768, .T. ) ;
#70 = CARTESIAN_POINT ( 'NONE',  ( -7.000000000000000000, 0.000000000000000000, 8.000000000000000000 ) ) ;
#71 = LINE ( 'NONE', #581, #1980 ) ;
#72 = CARTESIAN_POINT ( 'NONE',  ( 53.60000000000000142, -6.500000000000000000, 4.000000000000000888 ) ) ;
#73 = CC_DESIGN_PERSON_AND_ORGANIZATION_ASSIGNMENT ( #1952, #368, ( #609 ) ) ;
#74 = VERTEX_POINT ( 'NONE', #835 ) ;
#75 = VECTOR ( 'NONE', #2002, 1000.000000000000000 ) ;
#76 = DIRECTION ( 'NONE',  ( 0.000000000000000000, 0.000000000000000000, 1.000000000000000000 ) ) ;
#77 = AXIS2_PLACEMENT_3D ( 'NONE', #1865, #2016, #1240 ) ;
#78 = LINE ( 'NONE', #402, #682 ) ;
#79 = CARTESIAN_POINT ( 'NONE',  ( -4.000000000000000000, 0.000000000000000000, 4.000000000000003553 ) ) ;
#80 = CALENDAR_DATE ( 2026, 8, 9 ) ;
#81 = ORIENTED_EDGE ( 'NONE', *, *, #114, .F. ) ;
#82 = FACE_BOUND ( 'NONE', #1888, .T. ) ;
#83 = AXIS2_PLACEMENT_3D ( 'NONE', #1700, #1557, #921 ) ;
#84 = CIRCLE ( 'NONE', #1371, 1.299999999999995604 ) ;
#85 = DIRECTION ( 'NONE',  ( 1.000000000000000000, 0.000000000000000000, 0.000000000000000000 ) ) ;
#86 = ORIENTED_EDGE ( 'NONE', *, *, #1020, .T. ) ;
#87 = ADVANCED_FACE ( 'NONE', ( #32 ), #184, .T. ) ;
#88 = ORIENTED_EDGE ( 'NONE', *, *, #1033, .F. ) ;
#89 = EDGE_CURVE ( 'NONE', #640, #859, #1325, .T. ) ;
#90 = DIRECTION ( 'NONE',  ( -0.000000000000000000, -0.000000000000000000, -1.000000000000000000 ) ) ;
#91 = DIRECTION ( 'NONE',  ( 0.000000000000000000, 0.000000000000000000, -1.000000000000000000 ) ) ;
#92 = EDGE_CURVE ( 'NONE', #2097, #768, #722, .T. ) ;
#93 = CYLINDRICAL_SURFACE ( 'NONE', #755, 3.500000000000000000 ) ;
#94 = CARTESIAN_POINT ( 'NONE',  ( 0.000000000000000000, -7.000000000000000000, 4.000000000000000000 ) ) ;
#95 = LINE ( 'NONE', #428, #1734 ) ;
#96 = EDGE_CURVE ( 'NONE', #1603, #1075, #824, .T. ) ;
#97 = ORIENTED_EDGE ( 'NONE', *, *, #542, .T. ) ;
#98 = DIRECTION ( 'NONE',  ( -0.000000000000000000, -0.000000000000000000, -1.000000000000000000 ) ) ;
#99 = CIRCLE ( 'NONE', #739, 16.00000000000000000 ) ;
#100 = VERTEX_POINT ( 'NONE', #360 ) ;
#101 = LINE ( 'NONE', #1032, #1431 ) ;
#102 = DIRECTION ( 'NONE',  ( 1.000000000000000000, 0.000000000000000000, 0.000000000000000000 ) ) ;
#103 = CARTESIAN_POINT ( 'NONE',  ( 0.000000000000000000, 0.000000000000000000, 8.000000000000000000 ) ) ;
#104 = DIRECTION ( 'NONE',  ( -1.000000000000000000, 0.000000000000000000, 0.000000000000000000 ) ) ;
#105 = DIRECTION ( 'NONE',  ( -1.000000000000000000, -0.000000000000000000, -0.000000000000000000 ) ) ;
#106 = CARTESIAN_POINT ( 'NONE',  ( 35.00000000000000000, 9.000000000000000000, 4.000000000000000000 ) ) ;
#107 = ORIENTED_EDGE ( 'NONE', *, *, #139, .T. ) ;
#108 = ORIENTED_EDGE ( 'NONE', *, *, #296, .T. ) ;
#109 = DIRECTION ( 'NONE',  ( -1.000000000000000000, -0.000000000000000000, -0.000000000000000000 ) ) ;
#110 = CIRCLE ( 'NONE', #1266, 1.600000000000000755 ) ;
#111 = PLANE ( 'NONE',  #1472 ) ;
#112 = CARTESIAN_POINT ( 'NONE',  ( -4.000000000000000000, 0.000000000000000000, 0.000000000000000000 ) ) ;
#113 = EDGE_CURVE ( 'NONE', #1295, #801, #1003, .T. ) ;
#114 = EDGE_CURVE ( 'NONE', #801, #268, #1106, .T. ) ;
#115 = ORIENTED_EDGE ( 'NONE', *, *, #1437, .F. ) ;
#116 = DIRECTION ( 'NONE',  ( -1.000000000000000000, 0.000000000000000000, 0.000000000000000000 ) ) ;
#117 = CARTESIAN_POINT ( 'NONE',  ( 35.00000000000000000, 9.000000000000000000, 4.000000000000000000 ) ) ;
#118 = EDGE_LOOP ( 'NONE', ( #158, #1560 ) ) ;
#119 = ORIENTED_EDGE ( 'NONE', *, *, #1249, .T. ) ;
#120 = VECTOR ( 'NONE', #880, 1000.000000000000000 ) ;
#121 = AXIS2_PLACEMENT_3D ( 'NONE', #948, #143, #603 ) ;
#122 = VERTEX_POINT ( 'NONE', #225 ) ;
#123 = DIRECTION ( 'NONE',  ( 0.000000000000000000, 0.000000000000000000, -1.000000000000000000 ) ) ;
#124 = VERTEX_POINT ( 'NONE', #867 ) ;
#125 = FACE_OUTER_BOUND ( 'NONE', #1778, .T. ) ;
#126 = AXIS2_PLACEMENT_3D ( 'NONE', #278, #1354, #2001 ) ;
#127 = AXIS2_PLACEMENT_3D ( 'NONE', #1871, #896, #561 ) ;
#128 = ORIENTED_EDGE ( 'NONE', *, *, #1819, .F. ) ;
#129 = ORIENTED_EDGE ( 'NONE', *, *, #2056, .F. ) ;
#130 = ADVANCED_FACE ( 'NONE', ( #1990 ), #1983, .F. ) ;
#131 = ORIENTED_EDGE ( 'NONE', *, *, #490, .F. ) ;
#132 = CARTESIAN_POINT ( 'NONE',  ( 0.000000000000000000, 0.000000000000000000, 8.000000000000000000 ) ) ;
#133 = CARTESIAN_POINT ( 'NONE',  ( 35.00000000000000000, 9.000000000000000000, 4.000000000000000000 ) ) ;
#134 = VERTEX_POINT ( 'NONE', #1305 ) ;
#135 = DIRECTION ( 'NONE',  ( 0.000000000000000000, 0.000000000000000000, -1.000000000000000000 ) ) ;
#136 = DIRECTION ( 'NONE',  ( 1.000000000000000000, 0.000000000000000000, 0.000000000000000000 ) ) ;
#137 = VERTEX_POINT ( 'NONE', #1953 ) ;
#138 = ORIENTED_EDGE ( 'NONE', *, *, #407, .F. ) ;
#139 = EDGE_CURVE ( 'NONE', #195, #1906, #472, .T. ) ;
#140 = VERTEX_POINT ( 'NONE', #665 ) ;
#141 = ADVANCED_FACE ( 'NONE', ( #424 ), #1846, .F. ) ;
#142 = FACE_BOUND ( 'NONE', #1474, .T. ) ;
#143 = DIRECTION ( 'NONE',  ( -0.000000000000000000, -0.000000000000000000, 1.000000000000000000 ) ) ;
#144 = VECTOR ( 'NONE', #849, 1000.000000000000000 ) ;
#145 = AXIS2_PLACEMENT_3D ( 'NONE', #275, #1386, #1890 ) ;
#146 = VERTEX_POINT ( 'NONE', #1707 ) ;
#147 = DIRECTION ( 'NONE',  ( -1.000000000000000000, -0.000000000000000000, -0.000000000000000000 ) ) ;
#148 = DIRECTION ( 'NONE',  ( 1.000000000000000000, 0.000000000000000000, 0.000000000000000000 ) ) ;
#149 = LINE ( 'NONE', #788, #968 ) ;
#150 = DIRECTION ( 'NONE',  ( -1.000000000000000000, 0.000000000000000000, 0.000000000000000000 ) ) ;
#151 = ORIENTED_EDGE ( 'NONE', *, *, #1269, .F. ) ;
#152 = ORIENTED_EDGE ( 'NONE', *, *, #1970, .T. ) ;
#153 = ORIENTED_EDGE ( 'NONE', *, *, #2008, .F. ) ;
#154 = CIRCLE ( 'NONE', #1885, 1.600000000000000755 ) ;
#155 = VECTOR ( 'NONE', #769, 1000.000000000000000 ) ;
#156 = LINE ( 'NONE', #775, #988 ) ;
#157 = EDGE_CURVE ( 'NONE', #1458, #289, #1622, .T. ) ;
#158 = ORIENTED_EDGE ( 'NONE', *, *, #1287, .T. ) ;
#159 = ADVANCED_FACE ( 'NONE', ( #885 ), #1733, .F. ) ;
#160 = DIRECTION ( 'NONE',  ( -1.000000000000000000, -0.000000000000000000, -0.000000000000000000 ) ) ;
#161 = DIRECTION ( 'NONE',  ( -1.000000000000000000, 0.000000000000000000, 0.000000000000000000 ) ) ;
#162 = LINE ( 'NONE', #1115, #608 ) ;
#163 = DIRECTION ( 'NONE',  ( 0.000000000000000000, 0.000000000000000000, 1.000000000000000000 ) ) ;
#164 = ORIENTED_EDGE ( 'NONE', *, *, #1143, .F. ) ;
#165 = ORIENTED_EDGE ( 'NONE', *, *, #1672, .T. ) ;
#166 = EDGE_LOOP ( 'NONE', ( #1781, #1764, #308, #1182 ) ) ;
#167 = FACE_BOUND ( 'NONE', #229, .T. ) ;
#168 = AXIS2_PLACEMENT_3D ( 'NONE', #965, #163, #1643 ) ;
#169 = EDGE_CURVE ( 'NONE', #1418, #345, #255, .T. ) ;
#170 = ORIENTED_EDGE ( 'NONE', *, *, #157, .F. ) ;
#171 = DIRECTION ( 'NONE',  ( -0.000000000000000000, -0.000000000000000000, -1.000000000000000000 ) ) ;
#172 = CARTESIAN_POINT ( 'NONE',  ( 36.60000000000000142, -9.000000000000000000, 4.000000000000003553 ) ) ;
#173 = VERTEX_POINT ( 'NONE', #894 ) ;
#174 = AXIS2_PLACEMENT_3D ( 'NONE', #58, #1187, #1844 ) ;
#175 = ORIENTED_EDGE ( 'NONE', *, *, #1887, .F. ) ;
#176 = FACE_OUTER_BOUND ( 'NONE', #1443, .T. ) ;
#177 = CARTESIAN_POINT ( 'NONE',  ( 36.60000000000000142, 9.000000000000000000, 0.000000000000000000 ) ) ;
#178 = FACE_BOUND ( 'NONE', #1110, .T. ) ;
#179 = VERTEX_POINT ( 'NONE', #2031 ) ;
#180 = AXIS2_PLACEMENT_3D ( 'NONE', #506, #1169, #1825 ) ;
#181 = ADVANCED_FACE ( 'NONE', ( #1232 ), #93, .T. ) ;
#182 = VECTOR ( 'NONE', #1697, 1000.000000000000000 ) ;
#183 = DATE_AND_TIME ( #1960, #1828 ) ;
#184 = CYLINDRICAL_SURFACE ( 'NONE', #999, 4.999999999999997335 ) ;
#185 = ADVANCED_FACE ( 'NONE', ( #736 ), #1721, .T. ) ;
#186 = CARTESIAN_POINT ( 'NONE',  ( 6.124999999999999112, -3.388860427931489561, 4.000000000000000000 ) ) ;
#187 = ORIENTED_EDGE ( 'NONE', *, *, #844, .F. ) ;
#188 = CARTESIAN_POINT ( 'NONE',  ( -7.000000000000000000, 0.000000000000000000, 0.000000000000000000 ) ) ;
#189 = CIRCLE ( 'NONE', #1919, 16.00000000000000000 ) ;
#190 = EDGE_LOOP ( 'NONE', ( #2069, #1252, #648, #448 ) ) ;
#191 = DIRECTION ( 'NONE',  ( 1.000000000000000000, 0.000000000000000000, 0.000000000000000000 ) ) ;
#192 = DIRECTION ( 'NONE',  ( -0.000000000000000000, -0.000000000000000000, -1.000000000000000000 ) ) ;
#193 = CARTESIAN_POINT ( 'NONE',  ( 8.599999999999999645, 1.959434878635764491E-16, 0.000000000000000000 ) ) ;
#194 = CARTESIAN_POINT ( 'NONE',  ( 42.00000000000000000, -14.00000000000000000, 0.000000000000000000 ) ) ;
#195 = VERTEX_POINT ( 'NONE', #234 ) ;
#196 = DIRECTION ( 'NONE',  ( -0.000000000000000000, -0.000000000000000000, -1.000000000000000000 ) ) ;
#197 = DIRECTION ( 'NONE',  ( 0.000000000000000000, 0.000000000000000000, -1.000000000000000000 ) ) ;
#198 = DIRECTION ( 'NONE',  ( -1.000000000000000000, 0.000000000000000000, -0.000000000000000000 ) ) ;
#199 = CIRCLE ( 'NONE', #126, 4.999999999999997335 ) ;
#200 = CIRCLE ( 'NONE', #668, 1.599999999999999867 ) ;
#201 = ORIENTED_EDGE ( 'NONE', *, *, #1998, .T. ) ;
#202 = AXIS2_PLACEMENT_3D ( 'NONE', #685, #695, #1335 ) ;
#203 = LOCAL_TIME ( 16, 46, 17.00000000000000000, #1523 ) ;
#204 = DIRECTION ( 'NONE',  ( 0.000000000000000000, 0.000000000000000000, 1.000000000000000000 ) ) ;
#205 = CARTESIAN_POINT ( 'NONE',  ( 0.000000000000000000, -7.000000000000000000, 4.000000000000000000 ) ) ;
#206 = DIRECTION ( 'NONE',  ( 0.000000000000000000, 0.000000000000000000, -1.000000000000000000 ) ) ;
#207 = ORIENTED_EDGE ( 'NONE', *, *, #336, .T. ) ;
#208 = ADVANCED_FACE ( 'NONE', ( #907 ), #875, .F. ) ;
#209 = CARTESIAN_POINT ( 'NONE',  ( -8.599999999999999645, 0.000000000000000000, 0.000000000000000000 ) ) ;
#210 = CARTESIAN_POINT ( 'NONE',  ( 0.000000000000000000, -7.000000000000000000, 8.000000000000000000 ) ) ;
#211 = ORIENTED_EDGE ( 'NONE', *, *, #1226, .T. ) ;
#212 = EDGE_CURVE ( 'NONE', #140, #949, #299, .T. ) ;
#213 = PERSON_AND_ORGANIZATION_ROLE ( 'design_owner' ) ;
#214 = DIRECTION ( 'NONE',  ( -0.000000000000000000, -0.000000000000000000, -1.000000000000000000 ) ) ;
#215 = DIRECTION ( 'NONE',  ( 0.000000000000000000, 0.000000000000000000, 1.000000000000000000 ) ) ;
#216 = AXIS2_PLACEMENT_3D ( 'NONE', #1685, #1853, #102 ) ;
#217 = CYLINDRICAL_SURFACE ( 'NONE', #300, 7.000000000000000000 ) ;
#218 = ORIENTED_EDGE ( 'NONE', *, *, #431, .F. ) ;
#219 = DIRECTION ( 'NONE',  ( -1.000000000000000000, 0.000000000000000000, 0.000000000000000000 ) ) ;
#220 = DIRECTION ( 'NONE',  ( 0.000000000000000000, 0.000000000000000000, -1.000000000000000000 ) ) ;
#221 = ORIENTED_EDGE ( 'NONE', *, *, #33, .F. ) ;
#222 = VECTOR ( 'NONE', #427, 1000.000000000000000 ) ;
#223 = AXIS2_PLACEMENT_3D ( 'NONE', #1720, #2063, #950 ) ;
#224 = EDGE_CURVE ( 'NONE', #1011, #943, #1929, .T. ) ;
#225 = CARTESIAN_POINT ( 'NONE',  ( 77.40000000000000568, -6.500000000000000000, 0.000000000000000000 ) ) ;
#226 = DIRECTION ( 'NONE',  ( -0.000000000000000000, -0.000000000000000000, -1.000000000000000000 ) ) ;
#227 = LINE ( 'NONE', #1149, #884 ) ;
#228 = DIRECTION ( 'NONE',  ( 1.000000000000000000, 0.000000000000000000, 0.000000000000000000 ) ) ;
#229 = EDGE_LOOP ( 'NONE', ( #1577, #290 ) ) ;
#230 = CARTESIAN_POINT ( 'NONE',  ( 0.000000000000000000, 0.000000000000000000, 0.000000000000000000 ) ) ;
#231 = CARTESIAN_POINT ( 'NONE',  ( -7.000000000000000000, 0.000000000000000000, 8.000000000000000000 ) ) ;
#232 = APPROVAL ( #1050, 'UNSPECIFIED' ) ;
#233 = PERSON_AND_ORGANIZATION ( #1422, #673 ) ;
#234 = CARTESIAN_POINT ( 'NONE',  ( 30.00000000000000711, -9.000000000000000000, 4.000000000000000000 ) ) ;
#235 = ADVANCED_FACE ( 'NONE', ( #1400 ), #716, .T. ) ;
#236 = DIRECTION ( 'NONE',  ( 0.000000000000000000, 0.000000000000000000, -1.000000000000000000 ) ) ;
#237 = CARTESIAN_POINT ( 'NONE',  ( -10.50000000000000000, 0.000000000000000000, 4.000000000000000000 ) ) ;
#238 = ORIENTED_EDGE ( 'NONE', *, *, #1414, .T. ) ;
#239 = CARTESIAN_POINT ( 'NONE',  ( -3.500000000000000000, -7.000000000000000000, 8.000000000000000000 ) ) ;
#240 = CARTESIAN_POINT ( 'NONE',  ( 33.40000000000000568, -9.000000000000000000, 0.000000000000000000 ) ) ;
#241 = DIRECTION ( 'NONE',  ( 1.000000000000000000, 0.000000000000000000, 0.000000000000000000 ) ) ;
#242 = DIRECTION ( 'NONE',  ( 1.000000000000000000, 0.000000000000000000, 0.000000000000000000 ) ) ;
#243 = EDGE_CURVE ( 'NONE', #598, #312, #199, .T. ) ;
#244 = CARTESIAN_POINT ( 'NONE',  ( 27.00000000000000000, 3.000000000000000000, 0.000000000000000000 ) ) ;
#245 = CARTESIAN_POINT ( 'NONE',  ( 3.388860427931489561, 6.125000000000000888, 4.000000000000000000 ) ) ;
#246 = ORIENTED_EDGE ( 'NONE', *, *, #1595, .T. ) ;
#247 = ADVANCED_FACE ( 'NONE', ( #415, #1034, #82, #1689, #69, #2010 ), #1204, .T. ) ;
#248 = CIRCLE ( 'NONE', #713, 1.600000000000000089 ) ;
#249 = CARTESIAN_POINT ( 'NONE',  ( 35.00000000000000000, 9.000000000000000000, 4.000000000000003553 ) ) ;
#250 = EDGE_CURVE ( 'NONE', #637, #1536, #1698, .T. ) ;
#251 = LINE ( 'NONE', #1061, #1062 ) ;
#252 = LINE ( 'NONE', #926, #1399 ) ;
#253 = EDGE_CURVE ( 'NONE', #1016, #1231, #1486, .T. ) ;
#254 = ORIENTED_EDGE ( 'NONE', *, *, #1569, .F. ) ;
#255 = LINE ( 'NONE', #1191, #749 ) ;
#256 = VECTOR ( 'NONE', #135, 1000.000000000000000 ) ;
#257 = DIRECTION ( 'NONE',  ( 1.000000000000000000, 0.000000000000000000, 0.000000000000000000 ) ) ;
#258 = DIRECTION ( 'NONE',  ( 0.000000000000000000, 0.000000000000000000, 1.000000000000000000 ) ) ;
#259 = EDGE_LOOP ( 'NONE', ( #2087, #2084, #459, #1116, #985, #966, #1901, #1066, #367, #1770, #912, #698, #663 ) ) ;
#260 = DIRECTION ( 'NONE',  ( -1.000000000000000000, 0.000000000000000000, 0.000000000000000000 ) ) ;
#261 = LINE ( 'NONE', #899, #592 ) ;
#262 = ORIENTED_EDGE ( 'NONE', *, *, #47, .F. ) ;
#263 = DIRECTION ( 'NONE',  ( 1.000000000000000000, 0.000000000000000000, 0.000000000000000000 ) ) ;
#264 = DIRECTION ( 'NONE',  ( 0.000000000000000000, 0.000000000000000000, -1.000000000000000000 ) ) ;
#265 = DIRECTION ( 'NONE',  ( -1.000000000000000000, 0.000000000000000000, 0.000000000000000000 ) ) ;
#266 = PLANE ( 'NONE',  #1634 ) ;
#267 = DIRECTION ( 'NONE',  ( -1.000000000000000000, 0.000000000000000000, 0.000000000000000000 ) ) ;
#268 = VERTEX_POINT ( 'NONE', #1743 ) ;
#269 = AXIS2_PLACEMENT_3D ( 'NONE', #497, #1137, #1795 ) ;
#270 = CC_DESIGN_APPROVAL ( #232, ( #1456 ) ) ;
#271 = EDGE_LOOP ( 'NONE', ( #811, #435, #314, #1358 ) ) ;
#272 = ADVANCED_FACE ( 'NONE', ( #758 ), #1254, .F. ) ;
#273 = LINE ( 'NONE', #1361, #318 ) ;
#274 = EDGE_CURVE ( 'NONE', #312, #2023, #1209, .T. ) ;
#275 = CARTESIAN_POINT ( 'NONE',  ( 0.000000000000000000, 0.000000000000000000, 4.000000000000003553 ) ) ;
#276 = AXIS2_PLACEMENT_3D ( 'NONE', #869, #1520, #708 ) ;
#277 = ORIENTED_EDGE ( 'NONE', *, *, #643, .F. ) ;
#278 = CARTESIAN_POINT ( 'NONE',  ( 35.00000000000000000, 9.000000000000000000, 0.000000000000000000 ) ) ;
#279 = LINE ( 'NONE', #1411, #1847 ) ;
#280 = EDGE_LOOP ( 'NONE', ( #461, #1129, #1807, #709 ) ) ;
#281 = ORIENTED_EDGE ( 'NONE', *, *, #1726, .F. ) ;
#282 = ORIENTED_EDGE ( 'NONE', *, *, #431, .T. ) ;
#283 = CIRCLE ( 'NONE', #1331, 1.599999999999997202 ) ;
#284 = VECTOR ( 'NONE', #196, 1000.000000000000000 ) ;
#285 = CARTESIAN_POINT ( 'NONE',  ( 0.000000000000000000, 0.000000000000000000, 4.000000000000000000 ) ) ;
#286 = DIRECTION ( 'NONE',  ( -0.000000000000000000, -0.000000000000000000, 1.000000000000000000 ) ) ;
#287 = ORIENTED_EDGE ( 'NONE', *, *, #1991, .F. ) ;
#288 = ADVANCED_FACE ( 'NONE', ( #1902 ), #447, .T. ) ;
#289 = VERTEX_POINT ( 'NONE', #1480 ) ;
#290 = ORIENTED_EDGE ( 'NONE', *, *, #379, .T. ) ;
#291 = CIRCLE ( 'NONE', #963, 3.500000000000000000 ) ;
#292 = ORIENTED_EDGE ( 'NONE', *, *, #1397, .T. ) ;
#293 = FACE_OUTER_BOUND ( 'NONE', #1629, .T. ) ;
#294 = DIRECTION ( 'NONE',  ( -0.000000000000000000, -0.000000000000000000, -1.000000000000000000 ) ) ;
#295 = EDGE_LOOP ( 'NONE', ( #1459, #282, #1060, #774 ) ) ;
#296 = EDGE_CURVE ( 'NONE', #1242, #74, #1796, .T. ) ;
#297 = DIRECTION ( 'NONE',  ( -0.000000000000000000, -0.000000000000000000, -1.000000000000000000 ) ) ;
#298 = DIRECTION ( 'NONE',  ( 0.000000000000000000, 0.000000000000000000, 1.000000000000000000 ) ) ;
#299 = CIRCLE ( 'NONE', #2019, 7.000000000000000000 ) ;
#300 = AXIS2_PLACEMENT_3D ( 'NONE', #655, #1974, #1658 ) ;
#301 = EDGE_LOOP ( 'NONE', ( #1591, #108, #1364, #1294 ) ) ;
#302 = ORIENTED_EDGE ( 'NONE', *, *, #1673, .T. ) ;
#303 = VERTEX_POINT ( 'NONE', #186 ) ;
#304 = FACE_BOUND ( 'NONE', #166, .T. ) ;
#305 = CC_DESIGN_APPROVAL ( #1646, ( #609 ) ) ;
#306 = DIRECTION ( 'NONE',  ( 1.000000000000000000, 0.000000000000000000, 0.000000000000000000 ) ) ;
#307 = CARTESIAN_POINT ( 'NONE',  ( 5.400000000000000355, 0.000000000000000000, 8.000000000000000000 ) ) ;
#308 = ORIENTED_EDGE ( 'NONE', *, *, #406, .T. ) ;
#309 = DIRECTION ( 'NONE',  ( 0.000000000000000000, 0.000000000000000000, 1.000000000000000000 ) ) ;
#310 = DIRECTION ( 'NONE',  ( 0.000000000000000000, 0.000000000000000000, 1.000000000000000000 ) ) ;
#311 = ORIENTED_EDGE ( 'NONE', *, *, #1280, .F. ) ;
#312 = VERTEX_POINT ( 'NONE', #342 ) ;
#313 = EDGE_CURVE ( 'NONE', #412, #323, #1964, .T. ) ;
#314 = ORIENTED_EDGE ( 'NONE', *, *, #65, .T. ) ;
#315 = DIRECTION ( 'NONE',  ( 0.000000000000000000, 0.000000000000000000, -1.000000000000000000 ) ) ;
#316 = ADVANCED_FACE ( 'NONE', ( #538 ), #1806, .F. ) ;
#317 = CARTESIAN_POINT ( 'NONE',  ( 28.60000000000000142, 3.000000000000000000, 4.000000000000003553 ) ) ;
#318 = VECTOR ( 'NONE', #1876, 1000.000000000000000 ) ;
#319 = AXIS2_PLACEMENT_3D ( 'NONE', #915, #1080, #264 ) ;
#320 = ORIENTED_EDGE ( 'NONE', *, *, #1750, .T. ) ;
#321 = CARTESIAN_POINT ( 'NONE',  ( 0.000000000000000000, 0.000000000000000000, 0.000000000000000000 ) ) ;
#322 = DIRECTION ( 'NONE',  ( -0.000000000000000000, -0.000000000000000000, -1.000000000000000000 ) ) ;
#323 = VERTEX_POINT ( 'NONE', #1985 ) ;
#324 = ORIENTED_EDGE ( 'NONE', *, *, #92, .T. ) ;
#325 = ORIENTED_EDGE ( 'NONE', *, *, #611, .T. ) ;
#326 = AXIS2_PLACEMENT_3D ( 'NONE', #249, #1370, #1224 ) ;
#327 = VECTOR ( 'NONE', #632, 1000.000000000000000 ) ;
#328 = CARTESIAN_POINT ( 'NONE',  ( 42.00000000000000000, -14.00000000000000000, 4.000000000000000000 ) ) ;
#329 = LINE ( 'NONE', #1483, #862 ) ;
#330 = ORIENTED_EDGE ( 'NONE', *, *, #489, .T. ) ;
#331 = DIRECTION ( 'NONE',  ( 1.000000000000000000, 0.000000000000000000, 0.000000000000000000 ) ) ;
#332 = ORIENTED_EDGE ( 'NONE', *, *, #826, .F. ) ;
#333 = ORIENTED_EDGE ( 'NONE', *, *, #1123, .T. ) ;
#334 = DIRECTION ( 'NONE',  ( 1.000000000000000000, 0.000000000000000000, 0.000000000000000000 ) ) ;
#335 = EDGE_CURVE ( 'NONE', #1392, #1603, #678, .T. ) ;
#336 = EDGE_CURVE ( 'NONE', #412, #1872, #938, .T. ) ;
#337 = VECTOR ( 'NONE', #625, 1000.000000000000000 ) ;
#338 = ORIENTED_EDGE ( 'NONE', *, *, #971, .T. ) ;
#339 = COORDINATED_UNIVERSAL_TIME_OFFSET ( 6, 0, .BEHIND. ) ;
#340 = CARTESIAN_POINT ( 'NONE',  ( 7.000000000000000000, 0.000000000000000000, 4.000000000000000000 ) ) ;
#341 = CIRCLE ( 'NONE', #1524, 7.000000000000000000 ) ;
#342 = CARTESIAN_POINT ( 'NONE',  ( 40.00000000000000000, 9.000000000000000000, 0.000000000000000000 ) ) ;
#343 = ORIENTED_EDGE ( 'NONE', *, *, #1307, .T. ) ;
#344 = DIRECTION ( 'NONE',  ( -0.000000000000000000, -0.000000000000000000, -1.000000000000000000 ) ) ;
#345 = VERTEX_POINT ( 'NONE', #194 ) ;
#346 = VECTOR ( 'NONE', #707, 1000.000000000000000 ) ;
#347 = AXIS2_PLACEMENT_3D ( 'NONE', #1268, #1909, #1451 ) ;
#348 = DATE_AND_TIME ( #1146, #1863 ) ;
#349 = LINE ( 'NONE', #992, #873 ) ;
#350 = CARTESIAN_POINT ( 'NONE',  ( 0.000000000000000000, 0.000000000000000000, 4.000000000000000000 ) ) ;
#351 = CARTESIAN_POINT ( 'NONE',  ( 0.000000000000000000, 0.000000000000000000, 8.000000000000000000 ) ) ;
#352 = CARTESIAN_POINT ( 'NONE',  ( 0.000000000000000000, 0.000000000000000000, 4.000000000000000000 ) ) ;
#353 = DIRECTION ( 'NONE',  ( 1.000000000000000000, 0.000000000000000000, 0.000000000000000000 ) ) ;
#354 = ORIENTED_EDGE ( 'NONE', *, *, #1059, .T. ) ;
#355 = FACE_BOUND ( 'NONE', #1278, .T. ) ;
#356 = VECTOR ( 'NONE', #109, 1000.000000000000000 ) ;
#357 = DIRECTION ( 'NONE',  ( 0.000000000000000000, 0.000000000000000000, 1.000000000000000000 ) ) ;
#358 = ORIENTED_EDGE ( 'NONE', *, *, #770, .F. ) ;
#359 = LINE ( 'NONE', #790, #1071 ) ;
#360 = CARTESIAN_POINT ( 'NONE',  ( 28.60000000000000142, 3.000000000000000000, 4.000000000000003553 ) ) ;
#361 = EDGE_CURVE ( 'NONE', #1875, #1499, #200, .T. ) ;
#362 = CARTESIAN_POINT ( 'NONE',  ( 81.29999999999999716, 1.592040838891553672E-16, 0.000000000000000000 ) ) ;
#363 = DIRECTION ( 'NONE',  ( 1.000000000000000000, 0.000000000000000000, 0.000000000000000000 ) ) ;
#364 = EDGE_LOOP ( 'NONE', ( #579, #1235, #1384, #845 ) ) ;
#365 = DIRECTION ( 'NONE',  ( -1.000000000000000000, 0.000000000000000000, 0.000000000000000000 ) ) ;
#366 = CYLINDRICAL_SURFACE ( 'NONE', #628, 1.600000000000000755 ) ;
#367 = ORIENTED_EDGE ( 'NONE', *, *, #599, .F. ) ;
#368 = PERSON_AND_ORGANIZATION_ROLE ( 'creator' ) ;
#369 = CIRCLE ( 'NONE', #1554, 1.599999999999997202 ) ;
#370 = DIRECTION ( 'NONE',  ( -0.000000000000000000, -0.000000000000000000, -1.000000000000000000 ) ) ;
#371 = DIRECTION ( 'NONE',  ( 0.000000000000000000, 0.000000000000000000, 1.000000000000000000 ) ) ;
#372 = DIRECTION ( 'NONE',  ( 0.000000000000000000, 0.000000000000000000, -1.000000000000000000 ) ) ;
#373 = ORIENTED_EDGE ( 'NONE', *, *, #1660, .F. ) ;
#374 = AXIS2_PLACEMENT_3D ( 'NONE', #1036, #439, #1073 ) ;
#375 = EDGE_CURVE ( 'NONE', #1222, #640, #1027, .T. ) ;
#376 = DIRECTION ( 'NONE',  ( 1.000000000000000000, 0.000000000000000000, 0.000000000000000000 ) ) ;
#377 = FACE_OUTER_BOUND ( 'NONE', #481, .T. ) ;
#378 = APPLICATION_CONTEXT ( 'configuration controlled 3d designs of mechanical parts and assemblies' ) ;
#379 = EDGE_CURVE ( 'NONE', #1159, #1262, #405, .T. ) ;
#380 = DIRECTION ( 'NONE',  ( 0.000000000000000000, -0.000000000000000000, 1.000000000000000000 ) ) ;
#381 = VERTEX_POINT ( 'NONE', #1470 ) ;
#382 = CARTESIAN_POINT ( 'NONE',  ( 0.000000000000000000, 0.000000000000000000, 0.000000000000000000 ) ) ;
#383 = AXIS2_PLACEMENT_3D ( 'NONE', #1556, #1401, #104 ) ;
#384 = DIRECTION ( 'NONE',  ( -1.000000000000000000, 0.000000000000000000, 0.000000000000000000 ) ) ;
#385 = DIRECTION ( 'NONE',  ( 0.000000000000000000, 0.000000000000000000, -1.000000000000000000 ) ) ;
#386 = LINE ( 'NONE', #1647, #1263 ) ;
#387 = CARTESIAN_POINT ( 'NONE',  ( 51.00000000000000000, 0.000000000000000000, 4.000000000000003553 ) ) ;
#388 = ORIENTED_EDGE ( 'NONE', *, *, #680, .T. ) ;
#389 = ADVANCED_BREP_SHAPE_REPRESENTATION ( 'ARM-101_Upper_link_60mm_MG996_SG90', ( #2078, #1174 ), #1041 ) ;
#390 = CARTESIAN_POINT ( 'NONE',  ( 35.00000000000000000, 9.000000000000000000, 4.000000000000003553 ) ) ;
#391 = DIRECTION ( 'NONE',  ( -0.000000000000000000, -0.000000000000000000, 1.000000000000000000 ) ) ;
#392 = EDGE_CURVE ( 'NONE', #1947, #1603, #1679, .T. ) ;
#393 = DIRECTION ( 'NONE',  ( 0.000000000000000000, 0.000000000000000000, 1.000000000000000000 ) ) ;
#394 = CARTESIAN_POINT ( 'NONE',  ( 39.58257569495583539, -7.000000000000000000, 4.000000000000000000 ) ) ;
#395 = AXIS2_PLACEMENT_3D ( 'NONE', #1330, #1830, #520 ) ;
#396 = AXIS2_PLACEMENT_3D ( 'NONE', #1766, #633, #478 ) ;
#397 = DIRECTION ( 'NONE',  ( -0.000000000000000000, -0.000000000000000000, -1.000000000000000000 ) ) ;
#398 = CARTESIAN_POINT ( 'NONE',  ( 42.00000000000000000, -7.000000000000000000, 4.000000000000000000 ) ) ;
#399 = CARTESIAN_POINT ( 'NONE',  ( 0.000000000000000000, 0.000000000000000000, 4.000000000000000000 ) ) ;
#400 = ORIENTED_EDGE ( 'NONE', *, *, #526, .F. ) ;
#401 = CARTESIAN_POINT ( 'NONE',  ( 25.39999999999999858, 3.000000000000000000, 0.000000000000000000 ) ) ;
#402 = CARTESIAN_POINT ( 'NONE',  ( 90.00000000000000000, -14.00000000000000000, 4.000000000000000000 ) ) ;
#403 = LINE ( 'NONE', #79, #1742 ) ;
#404 = AXIS2_PLACEMENT_3D ( 'NONE', #2054, #1568, #116 ) ;
#405 = CIRCLE ( 'NONE', #1654, 1.599999999999997202 ) ;
#406 = EDGE_CURVE ( 'NONE', #751, #122, #858, .T. ) ;
#407 = EDGE_CURVE ( 'NONE', #1624, #640, #10, .T. ) ;
#408 = DIRECTION ( 'NONE',  ( 0.000000000000000000, 0.000000000000000000, 1.000000000000000000 ) ) ;
#409 = CIRCLE ( 'NONE', #168, 3.500000000000000000 ) ;
#410 = LINE ( 'NONE', #1570, #222 ) ;
#411 = CARTESIAN_POINT ( 'NONE',  ( 77.40000000000000568, 6.500000000000000000, 0.000000000000000000 ) ) ;
#412 = VERTEX_POINT ( 'NONE', #35 ) ;
#413 = PLANE ( 'NONE',  #1565 ) ;
#414 = DIRECTION ( 'NONE',  ( -0.000000000000000000, -0.000000000000000000, -1.000000000000000000 ) ) ;
#415 = FACE_BOUND ( 'NONE', #1711, .T. ) ;
#416 = DIRECTION ( 'NONE',  ( 0.000000000000000000, -1.000000000000000000, 0.000000000000000000 ) ) ;
#417 = ORIENTED_EDGE ( 'NONE', *, *, #1398, .F. ) ;
#418 = DIRECTION ( 'NONE',  ( -0.000000000000000000, -0.000000000000000000, 1.000000000000000000 ) ) ;
#419 = DIRECTION ( 'NONE',  ( 1.000000000000000000, 0.000000000000000000, 0.000000000000000000 ) ) ;
#420 = ORIENTED_EDGE ( 'NONE', *, *, #361, .T. ) ;
#421 = DIRECTION ( 'NONE',  ( 0.000000000000000000, 1.000000000000000000, 0.000000000000000000 ) ) ;
#422 = DIRECTION ( 'NONE',  ( 1.000000000000000000, 0.000000000000000000, 0.000000000000000000 ) ) ;
#423 = CIRCLE ( 'NONE', #1405, 1.599999999999997202 ) ;
#424 = FACE_OUTER_BOUND ( 'NONE', #935, .T. ) ;
#425 = AXIS2_PLACEMENT_3D ( 'NONE', #321, #1114, #161 ) ;
#426 = LINE ( 'NONE', #908, #1153 ) ;
#427 = DIRECTION ( 'NONE',  ( 0.000000000000000000, 0.000000000000000000, -1.000000000000000000 ) ) ;
#428 = CARTESIAN_POINT ( 'NONE',  ( 77.40000000000000568, -6.500000000000000000, 4.000000000000000888 ) ) ;
#429 = ADVANCED_FACE ( 'NONE', ( #1328 ), #217, .T. ) ;
#430 = ORIENTED_EDGE ( 'NONE', *, *, #530, .F. ) ;
#431 = EDGE_CURVE ( 'NONE', #458, #1011, #1138, .T. ) ;
#432 = ORIENTED_EDGE ( 'NONE', *, *, #1078, .F. ) ;
#433 = LINE ( 'NONE', #1562, #356 ) ;
#434 = CARTESIAN_POINT ( 'NONE',  ( 30.41742430504416461, 7.000000000000000000, 4.000000000000000000 ) ) ;
#435 = ORIENTED_EDGE ( 'NONE', *, *, #2008, .T. ) ;
#436 = CARTESIAN_POINT ( 'NONE',  ( -7.000000000000000000, 0.000000000000000000, 8.000000000000000000 ) ) ;
#437 = FACE_OUTER_BOUND ( 'NONE', #798, .T. ) ;
#438 = CARTESIAN_POINT ( 'NONE',  ( 51.00000000000000000, 0.000000000000000000, 0.000000000000000000 ) ) ;
#439 = DIRECTION ( 'NONE',  ( 0.000000000000000000, 0.000000000000000000, 1.000000000000000000 ) ) ;
#440 = ORIENTED_EDGE ( 'NONE', *, *, #680, .F. ) ;
#441 = VECTOR ( 'NONE', #226, 1000.000000000000000 ) ;
#442 = ORIENTED_EDGE ( 'NONE', *, *, #361, .F. ) ;
#443 = LINE ( 'NONE', #745, #1086 ) ;
#444 = ADVANCED_FACE ( 'NONE', ( #1817 ), #850, .F. ) ;
#445 = AXIS2_PLACEMENT_3D ( 'NONE', #597, #877, #1895 ) ;
#446 = ORIENTED_EDGE ( 'NONE', *, *, #375, .T. ) ;
#447 = CYLINDRICAL_SURFACE ( 'NONE', #667, 7.000000000000000000 ) ;
#448 = ORIENTED_EDGE ( 'NONE', *, *, #643, .T. ) ;
#449 = ORIENTED_EDGE ( 'NONE', *, *, #1261, .F. ) ;
#450 = ORIENTED_EDGE ( 'NONE', *, *, #1345, .F. ) ;
#451 = AXIS2_PLACEMENT_3D ( 'NONE', #1346, #1993, #1026 ) ;
#452 = VECTOR ( 'NONE', #947, 1000.000000000000000 ) ;
#453 = CARTESIAN_POINT ( 'NONE',  ( 6.125000000000000000, 3.388860427931490005, 8.000000000000000000 ) ) ;
#454 = DIRECTION ( 'NONE',  ( -1.000000000000000000, 0.000000000000000000, 0.000000000000000000 ) ) ;
#455 = EDGE_CURVE ( 'NONE', #762, #2050, #1857, .T. ) ;
#456 = VERTEX_POINT ( 'NONE', #697 ) ;
#457 = CARTESIAN_POINT ( 'NONE',  ( 35.00000000000000000, -9.000000000000000000, 0.000000000000000000 ) ) ;
#458 = VERTEX_POINT ( 'NONE', #1995 ) ;
#459 = ORIENTED_EDGE ( 'NONE', *, *, #1589, .F. ) ;
#460 = VECTOR ( 'NONE', #160, 1000.000000000000000 ) ;
#461 = ORIENTED_EDGE ( 'NONE', *, *, #1092, .T. ) ;
#462 = DIRECTION ( 'NONE',  ( 0.000000000000000000, 0.000000000000000000, 1.000000000000000000 ) ) ;
#463 = ADVANCED_FACE ( 'NONE', ( #687 ), #1338, .T. ) ;
#464 = EDGE_LOOP ( 'NONE', ( #221, #551, #1639, #1504 ) ) ;
#465 = CARTESIAN_POINT ( 'NONE',  ( 0.000000000000000000, -7.000000000000000000, 8.000000000000000000 ) ) ;
#466 = ADVANCED_FACE ( 'NONE', ( #63 ), #740, .T. ) ;
#467 = DIRECTION ( 'NONE',  ( -1.000000000000000000, 0.000000000000000000, 0.000000000000000000 ) ) ;
#468 = CARTESIAN_POINT ( 'NONE',  ( 53.60000000000000142, -6.500000000000000000, 4.000000000000000888 ) ) ;
#469 = ORIENTED_EDGE ( 'NONE', *, *, #600, .T. ) ;
#470 = EDGE_LOOP ( 'NONE', ( #1096, #1680, #1663, #1449 ) ) ;
#471 = EDGE_CURVE ( 'NONE', #1295, #124, #567, .T. ) ;
#472 = CIRCLE ( 'NONE', #269, 4.999999999999997335 ) ;
#473 = VERTEX_POINT ( 'NONE', #411 ) ;
#474 = DIRECTION ( 'NONE',  ( -0.000000000000000000, -0.000000000000000000, -1.000000000000000000 ) ) ;
#475 = LOCAL_TIME ( 16, 46, 17.00000000000000000, #1189 ) ;
#476 = CARTESIAN_POINT ( 'NONE',  ( 77.40000000000000568, -6.500000000000000000, 4.000000000000000888 ) ) ;
#477 = ORIENTED_EDGE ( 'NONE', *, *, #1854, .F. ) ;
#478 = DIRECTION ( 'NONE',  ( -1.000000000000000000, 0.000000000000000000, 0.000000000000000000 ) ) ;
#479 = DIRECTION ( 'NONE',  ( 1.000000000000000000, 0.000000000000000000, 0.000000000000000000 ) ) ;
#480 = ORIENTED_EDGE ( 'NONE', *, *, #1345, .T. ) ;
#481 = EDGE_LOOP ( 'NONE', ( #218, #1284, #946, #1736 ) ) ;
#482 = VERTEX_POINT ( 'NONE', #2035 ) ;
#483 = PLANE ( 'NONE',  #924 ) ;
#484 = CYLINDRICAL_SURFACE ( 'NONE', #931, 4.999999999999997335 ) ;
#485 = VECTOR ( 'NONE', #1342, 1000.000000000000000 ) ;
#486 = VERTEX_POINT ( 'NONE', #245 ) ;
#487 = LINE ( 'NONE', #1128, #701 ) ;
#488 = ORIENTED_EDGE ( 'NONE', *, *, #313, .F. ) ;
#489 = EDGE_CURVE ( 'NONE', #486, #702, #1759, .T. ) ;
#490 = EDGE_CURVE ( 'NONE', #1757, #1164, #1101, .T. ) ;
#491 = ORIENTED_EDGE ( 'NONE', *, *, #864, .F. ) ;
#492 = AXIS2_PLACEMENT_3D ( 'NONE', #761, #1894, #571 ) ;
#493 = AXIS2_PLACEMENT_3D ( 'NONE', #962, #1942, #1621 ) ;
#494 = DIRECTION ( 'NONE',  ( 0.000000000000000000, -1.000000000000000000, 0.000000000000000000 ) ) ;
#495 = ORIENTED_EDGE ( 'NONE', *, *, #274, .F. ) ;
#496 = PERSON_AND_ORGANIZATION ( #1422, #673 ) ;
#497 = CARTESIAN_POINT ( 'NONE',  ( 35.00000000000000000, -9.000000000000000000, 4.000000000000000000 ) ) ;
#498 = CARTESIAN_POINT ( 'NONE',  ( 0.000000000000000000, 7.000000000000000000, 4.000000000000000000 ) ) ;
#499 = DIRECTION ( 'NONE',  ( 0.000000000000000000, 0.000000000000000000, 1.000000000000000000 ) ) ;
#500 = EDGE_LOOP ( 'NONE', ( #1931, #1108, #1415, #573 ) ) ;
#501 = AXIS2_PLACEMENT_3D ( 'NONE', #846, #1982, #1304 ) ;
#502 = ORIENTED_EDGE ( 'NONE', *, *, #1444, .F. ) ;
#503 = EDGE_CURVE ( 'NONE', #1757, #312, #2046, .T. ) ;
#504 = APPROVAL_DATE_TIME ( #183, #1710 ) ;
#505 = FACE_OUTER_BOUND ( 'NONE', #1582, .T. ) ;
#506 = CARTESIAN_POINT ( 'NONE',  ( 35.00000000000000000, 9.000000000000000000, 0.000000000000000000 ) ) ;
#507 = DIRECTION ( 'NONE',  ( -1.000000000000000000, 0.000000000000000000, 0.000000000000000000 ) ) ;
#508 = ORIENTED_EDGE ( 'NONE', *, *, #865, .F. ) ;
#509 = APPLICATION_CONTEXT ( 'configuration controlled 3d designs of mechanical parts and assemblies' ) ;
#510 = EDGE_CURVE ( 'NONE', #11, #851, #1245, .T. ) ;
#511 = ORIENTED_EDGE ( 'NONE', *, *, #406, .F. ) ;
#512 = AXIS2_PLACEMENT_3D ( 'NONE', #231, #544, #890 ) ;
#513 = CARTESIAN_POINT ( 'NONE',  ( 25.39999999999999858, -3.000000000000000000, 0.000000000000000000 ) ) ;
#514 = CARTESIAN_POINT ( 'NONE',  ( 30.41742430504416461, 7.000000000000000000, 0.000000000000000000 ) ) ;
#515 = CARTESIAN_POINT ( 'NONE',  ( 0.000000000000000000, -7.000000000000000000, 8.000000000000000000 ) ) ;
#516 = CARTESIAN_POINT ( 'NONE',  ( 1.600000000000000089, 7.000000000000000000, 0.000000000000000000 ) ) ;
#517 = CARTESIAN_POINT ( 'NONE',  ( 90.00000000000000000, 14.00000000000000000, 4.000000000000000000 ) ) ;
#518 = VERTEX_POINT ( 'NONE', #237 ) ;
#519 = DIRECTION ( 'NONE',  ( -0.000000000000000000, -0.000000000000000000, 1.000000000000000000 ) ) ;
#520 = DIRECTION ( 'NONE',  ( -1.000000000000000000, 0.000000000000000000, 0.000000000000000000 ) ) ;
#521 = AXIS2_PLACEMENT_3D ( 'NONE', #1651, #197, #1183 ) ;
#522 = CIRCLE ( 'NONE', #425, 4.000000000000000000 ) ;
#523 = EDGE_LOOP ( 'NONE', ( #1274, #1120 ) ) ;
#524 = PERSON_AND_ORGANIZATION ( #1422, #673 ) ;
#525 = DIRECTION ( 'NONE',  ( 0.000000000000000000, 0.000000000000000000, -1.000000000000000000 ) ) ;
#526 = EDGE_CURVE ( 'NONE', #100, #828, #981, .T. ) ;
#527 = DIRECTION ( 'NONE',  ( 1.000000000000000000, 0.000000000000000000, 0.000000000000000000 ) ) ;
#528 = DIRECTION ( 'NONE',  ( -0.000000000000000000, -0.000000000000000000, -1.000000000000000000 ) ) ;
#529 = EDGE_LOOP ( 'NONE', ( #262, #2082 ) ) ;
#530 = EDGE_CURVE ( 'NONE', #268, #124, #1221, .T. ) ;
#531 = DIRECTION ( 'NONE',  ( 1.000000000000000000, 0.000000000000000000, 0.000000000000000000 ) ) ;
#532 = LINE ( 'NONE', #1514, #928 ) ;
#533 = ORIENTED_EDGE ( 'NONE', *, *, #1079, .F. ) ;
#534 = AXIS2_PLACEMENT_3D ( 'NONE', #457, #418, #1936 ) ;
#535 = DATE_TIME_ROLE ( 'creation_date' ) ;
#536 = CARTESIAN_POINT ( 'NONE',  ( 35.00000000000000000, 9.000000000000000000, 0.000000000000000000 ) ) ;
#537 = CARTESIAN_POINT ( 'NONE',  ( -6.125000000000000888, 3.388860427931490449, 6.000000000000000000 ) ) ;
#538 = FACE_OUTER_BOUND ( 'NONE', #301, .T. ) ;
#539 = CC_DESIGN_PERSON_AND_ORGANIZATION_ASSIGNMENT ( #1544, #591, ( #1456 ) ) ;
#540 = ORIENTED_EDGE ( 'NONE', *, *, #973, .F. ) ;
#541 = AXIS2_PLACEMENT_3D ( 'NONE', #1546, #1860, #85 ) ;
#542 = EDGE_CURVE ( 'NONE', #859, #598, #1882, .T. ) ;
#543 = CYLINDRICAL_SURFACE ( 'NONE', #521, 1.299999999999995604 ) ;
#544 = DIRECTION ( 'NONE',  ( 0.000000000000000000, 0.000000000000000000, 1.000000000000000000 ) ) ;
#545 = AXIS2_PLACEMENT_3D ( 'NONE', #1848, #236, #61 ) ;
#546 = ORIENTED_EDGE ( 'NONE', *, *, #1933, .T. ) ;
#547 = CARTESIAN_POINT ( 'NONE',  ( 0.000000000000000000, 7.000000000000000000, 8.000000000000000000 ) ) ;
#548 = CARTESIAN_POINT ( 'NONE',  ( 30.00000000000000711, -9.000000000000000000, 0.000000000000000000 ) ) ;
#549 = AXIS2_PLACEMENT_3D ( 'NONE', #285, #1543, #422 ) ;
#550 = DIRECTION ( 'NONE',  ( 1.000000000000000000, 0.000000000000000000, 0.000000000000000000 ) ) ;
#551 = ORIENTED_EDGE ( 'NONE', *, *, #1821, .T. ) ;
#552 = EDGE_CURVE ( 'NONE', #1536, #195, #1177, .T. ) ;
#553 = CARTESIAN_POINT ( 'NONE',  ( 0.000000000000000000, 0.000000000000000000, 8.000000000000000000 ) ) ;
#554 = EDGE_CURVE ( 'NONE', #1218, #173, #95, .T. ) ;
#555 = CARTESIAN_POINT ( 'NONE',  ( 0.000000000000000000, 0.000000000000000000, 0.000000000000000000 ) ) ;
#556 = PLANE ( 'NONE',  #319 ) ;
#557 = AXIS2_PLACEMENT_3D ( 'NONE', #117, #1708, #257 ) ;
#558 = DIRECTION ( 'NONE',  ( 1.000000000000000000, 0.000000000000000000, 0.000000000000000000 ) ) ;
#559 = CYLINDRICAL_SURFACE ( 'NONE', #818, 1.599999999999999867 ) ;
#560 = DIRECTION ( 'NONE',  ( 0.000000000000000000, 0.000000000000000000, -1.000000000000000000 ) ) ;
#561 = DIRECTION ( 'NONE',  ( 1.000000000000000000, 0.000000000000000000, 0.000000000000000000 ) ) ;
#562 = ORIENTED_EDGE ( 'NONE', *, *, #1966, .F. ) ;
#563 = CARTESIAN_POINT ( 'NONE',  ( -5.400000000000000355, 1.959434878635764491E-16, 8.000000000000000000 ) ) ;
#564 = CARTESIAN_POINT ( 'NONE',  ( 36.60000000000000142, -9.000000000000000000, 4.000000000000003553 ) ) ;
#565 = CARTESIAN_POINT ( 'NONE',  ( 1.600000000000000089, 7.000000000000000000, 8.000000000000000000 ) ) ;
#566 = VECTOR ( 'NONE', #242, 1000.000000000000000 ) ;
#567 = CIRCLE ( 'NONE', #1690, 7.000000000000000000 ) ;
#568 = CALENDAR_DATE ( 2026, 8, 9 ) ;
#569 = CARTESIAN_POINT ( 'NONE',  ( 42.00000000000000000, -14.00000000000000000, 4.000000000000000000 ) ) ;
#570 = LOCAL_TIME ( 16, 46, 17.00000000000000000, #1316 ) ;
#571 = DIRECTION ( 'NONE',  ( 1.000000000000000000, 0.000000000000000000, 0.000000000000000000 ) ) ;
#572 = CARTESIAN_POINT ( 'NONE',  ( 6.125000000000000888, 3.388860427931490449, 6.000000000000000000 ) ) ;
#573 = ORIENTED_EDGE ( 'NONE', *, *, #1687, .F. ) ;
#574 = CYLINDRICAL_SURFACE ( 'NONE', #1961, 1.600000000000000089 ) ;
#575 = ORIENTED_EDGE ( 'NONE', *, *, #848, .F. ) ;
#576 = DIRECTION ( 'NONE',  ( 0.000000000000000000, 0.000000000000000000, 1.000000000000000000 ) ) ;
#577 = DIRECTION ( 'NONE',  ( 0.000000000000000000, -0.000000000000000000, -1.000000000000000000 ) ) ;
#578 = ADVANCED_FACE ( 'NONE', ( #1193 ), #1207, .F. ) ;
#579 = ORIENTED_EDGE ( 'NONE', *, *, #1719, .F. ) ;
#580 = DIRECTION ( 'NONE',  ( 0.000000000000000000, 0.000000000000000000, -1.000000000000000000 ) ) ;
#581 = CARTESIAN_POINT ( 'NONE',  ( -8.599999999999999645, 0.000000000000000000, 8.000000000000000000 ) ) ;
#582 = DIRECTION ( 'NONE',  ( -0.000000000000000000, -0.000000000000000000, -1.000000000000000000 ) ) ;
#583 = EDGE_LOOP ( 'NONE', ( #772, #2009, #853, #679 ) ) ;
#584 = CIRCLE ( 'NONE', #618, 3.500000000000000000 ) ;
#585 = AXIS2_PLACEMENT_3D ( 'NONE', #230, #519, #1162 ) ;
#586 = FACE_OUTER_BOUND ( 'NONE', #280, .T. ) ;
#587 = LINE ( 'NONE', #1683, #1030 ) ;
#588 = ORIENTED_EDGE ( 'NONE', *, *, #1526, .T. ) ;
#589 = LINE ( 'NONE', #564, #4 ) ;
#590 = CARTESIAN_POINT ( 'NONE',  ( 4.000000000000000000, 4.898587196589412829E-16, 8.000000000000000000 ) ) ;
#591 = PERSON_AND_ORGANIZATION_ROLE ( 'classification_officer' ) ;
#592 = VECTOR ( 'NONE', #1714, 1000.000000000000000 ) ;
#593 = ORIENTED_EDGE ( 'NONE', *, *, #1526, .F. ) ;
#594 = DIRECTION ( 'NONE',  ( -1.000000000000000000, 0.000000000000000000, 0.000000000000000000 ) ) ;
#595 = CIRCLE ( 'NONE', #1341, 4.999999999999997335 ) ;
#596 = CARTESIAN_POINT ( 'NONE',  ( 42.00000000000000000, -14.00000000000000000, 0.000000000000000000 ) ) ;
#597 = CARTESIAN_POINT ( 'NONE',  ( 0.000000000000000000, -7.000000000000000000, 4.000000000000000000 ) ) ;
#598 = VERTEX_POINT ( 'NONE', #1402 ) ;
#599 = EDGE_CURVE ( 'NONE', #11, #486, #341, .T. ) ;
#600 = EDGE_CURVE ( 'NONE', #124, #146, #1461, .T. ) ;
#601 = ORIENTED_EDGE ( 'NONE', *, *, #1287, .F. ) ;
#602 = CARTESIAN_POINT ( 'NONE',  ( 3.500000000000000000, -7.000000000000000000, 8.000000000000000000 ) ) ;
#603 = DIRECTION ( 'NONE',  ( -1.000000000000000000, 0.000000000000000000, 0.000000000000000000 ) ) ;
#604 = ORIENTED_EDGE ( 'NONE', *, *, #930, .F. ) ;
#605 = DIRECTION ( 'NONE',  ( 1.000000000000000000, 0.000000000000000000, 0.000000000000000000 ) ) ;
#606 = ORIENTED_EDGE ( 'NONE', *, *, #1780, .T. ) ;
#607 = ORIENTED_EDGE ( 'NONE', *, *, #1057, .F. ) ;
#608 = VECTOR ( 'NONE', #1776, 1000.000000000000000 ) ;
#609 = PRODUCT_DEFINITION ( 'UNKNOWN', '', #1492, #1327 ) ;
#610 = ORIENTED_EDGE ( 'NONE', *, *, #1726, .T. ) ;
#611 = EDGE_CURVE ( 'NONE', #1056, #64, #1353, .T. ) ;
#612 = FACE_BOUND ( 'NONE', #1539, .T. ) ;
#613 = EDGE_LOOP ( 'NONE', ( #878, #1271, #320, #1044 ) ) ;
#614 = CYLINDRICAL_SURFACE ( 'NONE', #1851, 4.999999999999997335 ) ;
#615 = ORIENTED_EDGE ( 'NONE', *, *, #1660, .T. ) ;
#616 = ORIENTED_EDGE ( 'NONE', *, *, #1800, .T. ) ;
#617 = ORIENTED_EDGE ( 'NONE', *, *, #971, .F. ) ;
#618 = AXIS2_PLACEMENT_3D ( 'NONE', #1172, #1829, #376 ) ;
#619 = EDGE_CURVE ( 'NONE', #1084, #781, #1077, .T. ) ;
#620 = DIRECTION ( 'NONE',  ( 0.000000000000000000, 0.000000000000000000, 1.000000000000000000 ) ) ;
#621 = DIRECTION ( 'NONE',  ( -1.000000000000000000, 0.000000000000000000, 0.000000000000000000 ) ) ;
#622 = ADVANCED_FACE ( 'NONE', ( #1356 ), #2003, .T. ) ;
#623 = VERTEX_POINT ( 'NONE', #1484 ) ;
#624 = LINE ( 'NONE', #799, #657 ) ;
#625 = DIRECTION ( 'NONE',  ( 1.000000000000000000, 0.000000000000000000, 0.000000000000000000 ) ) ;
#626 = EDGE_LOOP ( 'NONE', ( #131, #1028, #925, #688 ) ) ;
#627 = VERTEX_POINT ( 'NONE', #27 ) ;
#628 = AXIS2_PLACEMENT_3D ( 'NONE', #1019, #220, #1141 ) ;
#629 = ORIENTED_EDGE ( 'NONE', *, *, #1752, .T. ) ;
#630 = FACE_BOUND ( 'NONE', #3, .T. ) ;
#631 = EDGE_LOOP ( 'NONE', ( #804, #1421 ) ) ;
#632 = DIRECTION ( 'NONE',  ( 0.000000000000000000, 0.000000000000000000, -1.000000000000000000 ) ) ;
#633 = DIRECTION ( 'NONE',  ( -0.000000000000000000, -0.000000000000000000, 1.000000000000000000 ) ) ;
#634 = CARTESIAN_POINT ( 'NONE',  ( 0.000000000000000000, 7.000000000000000000, 8.000000000000000000 ) ) ;
#635 = ORIENTED_EDGE ( 'NONE', *, *, #1934, .T. ) ;
#636 = ORIENTED_EDGE ( 'NONE', *, *, #879, .T. ) ;
#637 = VERTEX_POINT ( 'NONE', #1021 ) ;
#638 = FACE_OUTER_BOUND ( 'NONE', #821, .T. ) ;
#639 = AXIS2_PLACEMENT_3D ( 'NONE', #7, #31, #823 ) ;
#640 = VERTEX_POINT ( 'NONE', #863 ) ;
#641 = AXIS2_PLACEMENT_3D ( 'NONE', #1529, #1723, #267 ) ;
#642 = EDGE_CURVE ( 'NONE', #1081, #1067, #913, .T. ) ;
#643 = EDGE_CURVE ( 'NONE', #1067, #1084, #2096, .T. ) ;
#644 = CYLINDRICAL_SURFACE ( 'NONE', #1695, 3.500000000000000000 ) ;
#645 = ORIENTED_EDGE ( 'NONE', *, *, #865, .T. ) ;
#646 = EDGE_LOOP ( 'NONE', ( #1154, #771, #324, #969, #1256, #1797, #967, #1267, #2064, #1091, #1322, #785, #1652 ) ) ;
#647 = UNCERTAINTY_MEASURE_WITH_UNIT (LENGTH_MEASURE( 1.000000000000000082E-05 ), #833, 'distance_accuracy_value', 'NONE');
#648 = ORIENTED_EDGE ( 'NONE', *, *, #826, .T. ) ;
#649 = CARTESIAN_POINT ( 'NONE',  ( 35.00000000000000000, 9.000000000000000000, 4.000000000000000000 ) ) ;
#650 = VECTOR ( 'NONE', #1373, 1000.000000000000000 ) ;
#651 = DIRECTION ( 'NONE',  ( 1.000000000000000000, 0.000000000000000000, 0.000000000000000000 ) ) ;
#652 = AXIS2_PLACEMENT_3D ( 'NONE', #132, #462, #2085 ) ;
#653 = ORIENTED_EDGE ( 'NONE', *, *, #599, .T. ) ;
#654 = CARTESIAN_POINT ( 'NONE',  ( 35.00000000000000000, -9.000000000000000000, 4.000000000000003553 ) ) ;
#655 = CARTESIAN_POINT ( 'NONE',  ( 0.000000000000000000, 0.000000000000000000, 8.000000000000000000 ) ) ;
#656 = VERTEX_POINT ( 'NONE', #394 ) ;
#657 = VECTOR ( 'NONE', #941, 1000.000000000000000 ) ;
#658 = AXIS2_PLACEMENT_3D ( 'NONE', #1142, #1799, #651 ) ;
#659 = DIRECTION ( 'NONE',  ( -1.000000000000000000, 0.000000000000000000, 0.000000000000000000 ) ) ;
#660 = EDGE_CURVE ( 'NONE', #1906, #656, #1628, .T. ) ;
#661 = CARTESIAN_POINT ( 'NONE',  ( 0.000000000000000000, 0.000000000000000000, 4.000000000000000000 ) ) ;
#662 = CARTESIAN_POINT ( 'NONE',  ( 36.60000000000000142, 9.000000000000000000, 4.000000000000003553 ) ) ;
#663 = ORIENTED_EDGE ( 'NONE', *, *, #1017, .F. ) ;
#664 = APPROVAL_STATUS ( 'not_yet_approved' ) ;
#665 = CARTESIAN_POINT ( 'NONE',  ( 3.388860427931490005, -6.125000000000000888, 8.000000000000000000 ) ) ;
#666 = DIRECTION ( 'NONE',  ( 0.000000000000000000, -1.000000000000000000, 0.000000000000000000 ) ) ;
#667 = AXIS2_PLACEMENT_3D ( 'NONE', #1082, #528, #1635 ) ;
#668 = AXIS2_PLACEMENT_3D ( 'NONE', #22, #499, #363 ) ;
#669 = CARTESIAN_POINT ( 'NONE',  ( 0.000000000000000000, -7.000000000000000000, 8.000000000000000000 ) ) ;
#670 = ORIENTED_EDGE ( 'NONE', *, *, #212, .F. ) ;
#671 = EDGE_CURVE ( 'NONE', #1394, #954, #443, .T. ) ;
#672 = DIRECTION ( 'NONE',  ( -1.000000000000000000, 0.000000000000000000, 0.000000000000000000 ) ) ;
#673 = ORGANIZATION ( 'UNSPECIFIED', 'UNSPECIFIED', '' ) ;
#674 = VERTEX_POINT ( 'NONE', #2029 ) ;
#675 = DIRECTION ( 'NONE',  ( -0.000000000000000000, -1.000000000000000000, -0.000000000000000000 ) ) ;
#676 = DIRECTION ( 'NONE',  ( 0.000000000000000000, 0.000000000000000000, -1.000000000000000000 ) ) ;
#677 = CARTESIAN_POINT ( 'NONE',  ( 53.60000000000000142, 0.000000000000000000, 0.000000000000000000 ) ) ;
#678 = LINE ( 'NONE', #1170, #1856 ) ;
#679 = ORIENTED_EDGE ( 'NONE', *, *, #1884, .F. ) ;
#680 = EDGE_CURVE ( 'NONE', #64, #2050, #252, .T. ) ;
#681 = ORIENTED_EDGE ( 'NONE', *, *, #24, .T. ) ;
#682 = VECTOR ( 'NONE', #421, 1000.000000000000000 ) ;
#683 = DIRECTION ( 'NONE',  ( 0.000000000000000000, 0.000000000000000000, 1.000000000000000000 ) ) ;
#684 = EDGE_CURVE ( 'NONE', #1435, #1746, #403, .T. ) ;
#685 = CARTESIAN_POINT ( 'NONE',  ( 0.000000000000000000, 0.000000000000000000, 8.000000000000000000 ) ) ;
#686 = CARTESIAN_POINT ( 'NONE',  ( 35.00000000000000000, -9.000000000000000000, 4.000000000000003553 ) ) ;
#687 = FACE_OUTER_BOUND ( 'NONE', #779, .T. ) ;
#688 = ORIENTED_EDGE ( 'NONE', *, *, #1299, .F. ) ;
#689 = CARTESIAN_POINT ( 'NONE',  ( 25.39999999999999858, 3.000000000000000000, 4.000000000000003553 ) ) ;
#690 = FACE_OUTER_BOUND ( 'NONE', #1485, .T. ) ;
#691 = VECTOR ( 'NONE', #1843, 1000.000000000000000 ) ;
#692 = CIRCLE ( 'NONE', #121, 1.599999999999999867 ) ;
#693 = ORIENTED_EDGE ( 'NONE', *, *, #169, .T. ) ;
#694 = COORDINATED_UNIVERSAL_TIME_OFFSET ( 6, 0, .BEHIND. ) ;
#695 = DIRECTION ( 'NONE',  ( 0.000000000000000000, 0.000000000000000000, 1.000000000000000000 ) ) ;
#696 = DIRECTION ( 'NONE',  ( 0.000000000000000000, 0.000000000000000000, -1.000000000000000000 ) ) ;
#697 = CARTESIAN_POINT ( 'NONE',  ( 28.60000000000000142, 3.000000000000000000, 0.000000000000000000 ) ) ;
#698 = ORIENTED_EDGE ( 'NONE', *, *, #253, .F. ) ;
#699 = CARTESIAN_POINT ( 'NONE',  ( 14.38749456993815734, 7.000000000000000000, 0.000000000000000000 ) ) ;
#700 = DIRECTION ( 'NONE',  ( 0.000000000000000000, 0.000000000000000000, 1.000000000000000000 ) ) ;
#701 = VECTOR ( 'NONE', #810, 1000.000000000000000 ) ;
#702 = VERTEX_POINT ( 'NONE', #2041 ) ;
#703 = DIRECTION ( 'NONE',  ( -0.000000000000000000, -0.000000000000000000, -1.000000000000000000 ) ) ;
#704 = ADVANCED_FACE ( 'NONE', ( #1228 ), #1718, .T. ) ;
#705 = EDGE_CURVE ( 'NONE', #656, #955, #1879, .T. ) ;
#706 = ADVANCED_FACE ( 'NONE', ( #891 ), #556, .T. ) ;
#707 = DIRECTION ( 'NONE',  ( 0.000000000000000000, 0.000000000000000000, -1.000000000000000000 ) ) ;
#708 = DIRECTION ( 'NONE',  ( 1.000000000000000000, 0.000000000000000000, 0.000000000000000000 ) ) ;
#709 = ORIENTED_EDGE ( 'NONE', *, *, #1887, .T. ) ;
#710 = VECTOR ( 'NONE', #582, 1000.000000000000000 ) ;
#711 = CYLINDRICAL_SURFACE ( 'NONE', #1160, 3.500000000000000444 ) ;
#712 = DIRECTION ( 'NONE',  ( 0.000000000000000000, 0.000000000000000000, 1.000000000000000000 ) ) ;
#713 = AXIS2_PLACEMENT_3D ( 'NONE', #881, #719, #263 ) ;
#714 = EDGE_LOOP ( 'NONE', ( #201, #1425, #1471, #1037 ) ) ;
#715 = DIRECTION ( 'NONE',  ( -0.000000000000000000, -0.000000000000000000, -1.000000000000000000 ) ) ;
#716 = CYLINDRICAL_SURFACE ( 'NONE', #1100, 3.500000000000000444 ) ;
#717 = DIRECTION ( 'NONE',  ( -0.000000000000000000, 1.000000000000000000, 0.000000000000000000 ) ) ;
#718 = EDGE_LOOP ( 'NONE', ( #238, #1905 ) ) ;
#719 = DIRECTION ( 'NONE',  ( 0.000000000000000000, 0.000000000000000000, 1.000000000000000000 ) ) ;
#720 = EDGE_CURVE ( 'NONE', #1231, #303, #1188, .T. ) ;
#721 = FACE_OUTER_BOUND ( 'NONE', #808, .T. ) ;
#722 = CIRCLE ( 'NONE', #1272, 3.500000000000000000 ) ;
#723 = APPROVAL_ROLE ( '' ) ;
#724 = ORIENTED_EDGE ( 'NONE', *, *, #642, .T. ) ;
#725 = DIRECTION ( 'NONE',  ( -0.000000000000000000, -0.000000000000000000, 1.000000000000000000 ) ) ;
#726 = CYLINDRICAL_SURFACE ( 'NONE', #1804, 1.600000000000000755 ) ;
#727 = DIRECTION ( 'NONE',  ( 0.000000000000000000, 0.000000000000000000, 1.000000000000000000 ) ) ;
#728 = VERTEX_POINT ( 'NONE', #590 ) ;
#729 = ORIENTED_EDGE ( 'NONE', *, *, #2030, .T. ) ;
#730 = ADVANCED_FACE ( 'NONE', ( #1575 ), #903, .F. ) ;
#731 = CARTESIAN_POINT ( 'NONE',  ( 0.000000000000000000, 6.500000000000000000, 0.000000000000000000 ) ) ;
#732 = FACE_OUTER_BOUND ( 'NONE', #1620, .T. ) ;
#733 = AXIS2_PLACEMENT_3D ( 'NONE', #669, #372, #840 ) ;
#734 = ADVANCED_FACE ( 'NONE', ( #732 ), #1201, .F. ) ;
#735 = AXIS2_PLACEMENT_3D ( 'NONE', #1378, #416, #1234 ) ;
#736 = FACE_OUTER_BOUND ( 'NONE', #583, .T. ) ;
#737 = AXIS2_PLACEMENT_3D ( 'NONE', #1388, #1365, #265 ) ;
#738 = DIRECTION ( 'NONE',  ( 0.000000000000000000, 1.000000000000000000, 0.000000000000000000 ) ) ;
#739 = AXIS2_PLACEMENT_3D ( 'NONE', #1588, #310, #778 ) ;
#740 = PLANE ( 'NONE',  #735 ) ;
#741 = ORIENTED_EDGE ( 'NONE', *, *, #253, .T. ) ;
#742 = DIRECTION ( 'NONE',  ( -1.000000000000000000, 0.000000000000000000, 0.000000000000000000 ) ) ;
#743 = EDGE_LOOP ( 'NONE', ( #1737, #2027, #645, #1436 ) ) ;
#744 = CARTESIAN_POINT ( 'NONE',  ( -16.00000000000000000, 0.000000000000000000, 4.000000000000000000 ) ) ;
#745 = CARTESIAN_POINT ( 'NONE',  ( 14.38749456993815734, 7.000000000000000000, 4.000000000000000000 ) ) ;
#746 = EDGE_CURVE ( 'NONE', #1880, #627, #1729, .T. ) ;
#747 = DIRECTION ( 'NONE',  ( -1.000000000000000000, 0.000000000000000000, 0.000000000000000000 ) ) ;
#748 = ADVANCED_FACE ( 'NONE', ( #1563 ), #111, .F. ) ;
#749 = VECTOR ( 'NONE', #397, 1000.000000000000000 ) ;
#750 = DIRECTION ( 'NONE',  ( -0.000000000000000000, -0.000000000000000000, -1.000000000000000000 ) ) ;
#751 = VERTEX_POINT ( 'NONE', #1899 ) ;
#752 = AXIS2_PLACEMENT_3D ( 'NONE', #1302, #494, #1627 ) ;
#753 = EDGE_LOOP ( 'NONE', ( #420, #302, #1463, #763 ) ) ;
#754 = CARTESIAN_POINT ( 'NONE',  ( 27.00000000000000000, 3.000000000000000000, 0.000000000000000000 ) ) ;
#755 = AXIS2_PLACEMENT_3D ( 'NONE', #547, #1881, #1243 ) ;
#756 = CIRCLE ( 'NONE', #1442, 3.500000000000000000 ) ;
#757 = ORIENTED_EDGE ( 'NONE', *, *, #1841, .F. ) ;
#758 = FACE_OUTER_BOUND ( 'NONE', #500, .T. ) ;
#759 = EDGE_CURVE ( 'NONE', #456, #1511, #110, .T. ) ;
#760 = CIRCLE ( 'NONE', #1199, 1.599999999999999867 ) ;
#761 = CARTESIAN_POINT ( 'NONE',  ( 80.00000000000000000, 0.000000000000000000, 4.000000000000003553 ) ) ;
#762 = VERTEX_POINT ( 'NONE', #1040 ) ;
#763 = ORIENTED_EDGE ( 'NONE', *, *, #1592, .F. ) ;
#764 = EDGE_LOOP ( 'NONE', ( #1850, #129 ) ) ;
#765 = DIRECTION ( 'NONE',  ( 0.000000000000000000, -1.000000000000000000, 0.000000000000000000 ) ) ;
#766 = DIRECTION ( 'NONE',  ( 0.000000000000000000, 0.000000000000000000, 1.000000000000000000 ) ) ;
#767 = AXIS2_PLACEMENT_3D ( 'NONE', #1849, #1367, #1692 ) ;
#768 = VERTEX_POINT ( 'NONE', #602 ) ;
#769 = DIRECTION ( 'NONE',  ( 0.000000000000000000, 0.000000000000000000, -1.000000000000000000 ) ) ;
#770 = EDGE_CURVE ( 'NONE', #1955, #1102, #1738, .T. ) ;
#771 = ORIENTED_EDGE ( 'NONE', *, *, #1618, .T. ) ;
#772 = ORIENTED_EDGE ( 'NONE', *, *, #1958, .F. ) ;
#773 = EDGE_CURVE ( 'NONE', #702, #1596, #820, .T. ) ;
#774 = ORIENTED_EDGE ( 'NONE', *, *, #1802, .F. ) ;
#775 = CARTESIAN_POINT ( 'NONE',  ( 30.00000000000000711, -9.000000000000000000, 4.000000000000000000 ) ) ;
#776 = CARTESIAN_POINT ( 'NONE',  ( -3.500000000000000000, 7.000000000000000000, 8.000000000000000000 ) ) ;
#777 = ORIENTED_EDGE ( 'NONE', *, *, #24, .F. ) ;
#778 = DIRECTION ( 'NONE',  ( 1.000000000000000000, 0.000000000000000000, 0.000000000000000000 ) ) ;
#779 = EDGE_LOOP ( 'NONE', ( #1975, #888, #97, #1735 ) ) ;
#780 = VERTEX_POINT ( 'NONE', #882 ) ;
#781 = VERTEX_POINT ( 'NONE', #1049 ) ;
#782 = VECTOR ( 'NONE', #371, 1000.000000000000000 ) ;
#783 = CARTESIAN_POINT ( 'NONE',  ( 5.400000000000000355, 0.000000000000000000, 8.000000000000000000 ) ) ;
#784 = CARTESIAN_POINT ( 'NONE',  ( 78.70000000000000284, 0.000000000000000000, 4.000000000000003553 ) ) ;
#785 = ORIENTED_EDGE ( 'NONE', *, *, #1966, .T. ) ;
#786 = LINE ( 'NONE', #1445, #460 ) ;
#787 = AXIS2_PLACEMENT_3D ( 'NONE', #438, #1390, #2034 ) ;
#788 = CARTESIAN_POINT ( 'NONE',  ( 3.388860427931490449, 6.125000000000000888, 6.000000000000000000 ) ) ;
#789 = PLANE ( 'NONE',  #1010 ) ;
#790 = CARTESIAN_POINT ( 'NONE',  ( -3.500000000000000000, 7.000000000000000000, 8.000000000000000000 ) ) ;
#791 = ORIENTED_EDGE ( 'NONE', *, *, #313, .T. ) ;
#792 = ORIENTED_EDGE ( 'NONE', *, *, #1057, .T. ) ;
#793 = VECTOR ( 'NONE', #171, 1000.000000000000000 ) ;
#794 = ORIENTED_EDGE ( 'NONE', *, *, #848, .T. ) ;
#795 = FACE_BOUND ( 'NONE', #1412, .T. ) ;
#796 = ADVANCED_FACE ( 'NONE', ( #721 ), #1374, .F. ) ;
#797 = ADVANCED_FACE ( 'NONE', ( #293 ), #1098, .F. ) ;
#798 = EDGE_LOOP ( 'NONE', ( #1593, #1547, #1375, #2073 ) ) ;
#799 = CARTESIAN_POINT ( 'NONE',  ( 8.599999999999999645, 1.959434878635764491E-16, 8.000000000000000000 ) ) ;
#800 = LINE ( 'NONE', #1548, #1140 ) ;
#801 = VERTEX_POINT ( 'NONE', #1771 ) ;
#802 = EDGE_LOOP ( 'NONE', ( #207, #343, #502, #488 ) ) ;
#803 = ADVANCED_FACE ( 'NONE', ( #176 ), #1088, .F. ) ;
#804 = ORIENTED_EDGE ( 'NONE', *, *, #1444, .T. ) ;
#805 = AXIS2_PLACEMENT_3D ( 'NONE', #1223, #322, #150 ) ;
#806 = FACE_OUTER_BOUND ( 'NONE', #1668, .T. ) ;
#807 = DIRECTION ( 'NONE',  ( 0.000000000000000000, 0.000000000000000000, -1.000000000000000000 ) ) ;
#808 = EDGE_LOOP ( 'NONE', ( #1791, #2047, #791, #23 ) ) ;
#809 = LINE ( 'NONE', #1464, #1981 ) ;
#810 = DIRECTION ( 'NONE',  ( 0.000000000000000000, 0.000000000000000000, -1.000000000000000000 ) ) ;
#811 = ORIENTED_EDGE ( 'NONE', *, *, #1349, .F. ) ;
#812 = CARTESIAN_POINT ( 'NONE',  ( 40.00000000000000000, -9.000000000000000000, 4.000000000000000000 ) ) ;
#813 = EDGE_CURVE ( 'NONE', #1164, #627, #1121, .T. ) ;
#814 = CARTESIAN_POINT ( 'NONE',  ( 49.69999999999999574, 0.000000000000000000, 4.000000000000003553 ) ) ;
#815 = ORIENTED_EDGE ( 'NONE', *, *, #1815, .T. ) ;
#816 = LINE ( 'NONE', #783, #2006 ) ;
#817 = CARTESIAN_POINT ( 'NONE',  ( 3.388860427931489561, 6.125000000000000888, 8.000000000000000000 ) ) ;
#818 = AXIS2_PLACEMENT_3D ( 'NONE', #70, #1227, #1068 ) ;
#819 = FACE_BOUND ( 'NONE', #1725, .T. ) ;
#820 = CIRCLE ( 'NONE', #1301, 3.500000000000000000 ) ;
#821 = EDGE_LOOP ( 'NONE', ( #777, #2093, #1076, #491 ) ) ;
#822 = DIRECTION ( 'NONE',  ( 0.000000000000000000, 0.000000000000000000, -1.000000000000000000 ) ) ;
#823 = DIRECTION ( 'NONE',  ( -1.000000000000000000, 0.000000000000000000, 0.000000000000000000 ) ) ;
#824 = LINE ( 'NONE', #1962, #1763 ) ;
#825 = EDGE_CURVE ( 'NONE', #1926, #674, #816, .T. ) ;
#826 = EDGE_CURVE ( 'NONE', #195, #1067, #156, .T. ) ;
#827 = DIRECTION ( 'NONE',  ( 0.000000000000000000, 1.000000000000000000, 0.000000000000000000 ) ) ;
#828 = VERTEX_POINT ( 'NONE', #1111 ) ;
#829 = CIRCLE ( 'NONE', #396, 1.600000000000000755 ) ;
#830 = CARTESIAN_POINT ( 'NONE',  ( -7.000000000000000000, 0.000000000000000000, 8.000000000000000000 ) ) ;
#831 = PLANE ( 'NONE',  #223 ) ;
#832 = ORIENTED_EDGE ( 'NONE', *, *, #990, .T. ) ;
#833 =( LENGTH_UNIT ( ) NAMED_UNIT ( * ) SI_UNIT ( .MILLI., .METRE. ) );
#834 = CARTESIAN_POINT ( 'NONE',  ( -8.599999999999999645, 0.000000000000000000, 8.000000000000000000 ) ) ;
#835 = CARTESIAN_POINT ( 'NONE',  ( 1.600000000000000089, -7.000000000000000000, 0.000000000000000000 ) ) ;
#836 = DIRECTION ( 'NONE',  ( 1.000000000000000000, 0.000000000000000000, 0.000000000000000000 ) ) ;
#837 = DIRECTION ( 'NONE',  ( 1.000000000000000000, 0.000000000000000000, 0.000000000000000000 ) ) ;
#838 = AXIS2_PLACEMENT_3D ( 'NONE', #2018, #1868, #919 ) ;
#839 = EDGE_CURVE ( 'NONE', #1979, #1276, #1943, .T. ) ;
#840 = DIRECTION ( 'NONE',  ( -1.000000000000000000, 0.000000000000000000, 0.000000000000000000 ) ) ;
#841 = EDGE_LOOP ( 'NONE', ( #1716, #1613, #1448, #929 ) ) ;
#842 = ADVANCED_FACE ( 'NONE', ( #630, #1616, #2060, #142, #167, #978, #795, #1122, #1, #1930, #612, #806, #304 ), #483, .T. ) ;
#843 = CIRCLE ( 'NONE', #30, 3.500000000000000000 ) ;
#844 = EDGE_CURVE ( 'NONE', #1636, #1926, #5, .T. ) ;
#845 = ORIENTED_EDGE ( 'NONE', *, *, #759, .F. ) ;
#846 = CARTESIAN_POINT ( 'NONE',  ( 80.00000000000000000, 0.000000000000000000, 4.000000000000003553 ) ) ;
#847 = DIRECTION ( 'NONE',  ( -1.000000000000000000, 0.000000000000000000, 0.000000000000000000 ) ) ;
#848 = EDGE_CURVE ( 'NONE', #1926, #1636, #1567, .T. ) ;
#849 = DIRECTION ( 'NONE',  ( -0.000000000000000000, -1.000000000000000000, -0.000000000000000000 ) ) ;
#850 = CYLINDRICAL_SURFACE ( 'NONE', #1038, 1.599999999999999867 ) ;
#851 = VERTEX_POINT ( 'NONE', #453 ) ;
#852 = CARTESIAN_POINT ( 'NONE',  ( 6.124999999999999112, -3.388860427931489561, 8.000000000000000000 ) ) ;
#853 = ORIENTED_EDGE ( 'NONE', *, *, #773, .T. ) ;
#854 = AXIS2_PLACEMENT_3D ( 'NONE', #328, #334, #1594 ) ;
#855 = APPROVAL_ROLE ( '' ) ;
#856 = CARTESIAN_POINT ( 'NONE',  ( -3.388860427931490449, 6.125000000000000888, 6.000000000000000000 ) ) ;
#857 = CARTESIAN_POINT ( 'NONE',  ( 28.60000000000000142, -3.000000000000000000, 4.000000000000003553 ) ) ;
#858 = LINE ( 'NONE', #1954, #1382 ) ;
#859 = VERTEX_POINT ( 'NONE', #2067 ) ;
#860 = DIRECTION ( 'NONE',  ( -1.000000000000000000, 0.000000000000000000, 0.000000000000000000 ) ) ;
#861 = CIRCLE ( 'NONE', #492, 1.299999999999995604 ) ;
#862 = VECTOR ( 'NONE', #807, 1000.000000000000000 ) ;
#863 = CARTESIAN_POINT ( 'NONE',  ( 42.00000000000000000, 7.000000000000000000, 4.000000000000000000 ) ) ;
#864 = EDGE_CURVE ( 'NONE', #381, #1139, #1363, .T. ) ;
#865 = EDGE_CURVE ( 'NONE', #482, #137, #1605, .T. ) ;
#866 = DIRECTION ( 'NONE',  ( 1.000000000000000000, 0.000000000000000000, 0.000000000000000000 ) ) ;
#867 = CARTESIAN_POINT ( 'NONE',  ( -3.388860427931489561, -6.125000000000000888, 4.000000000000000000 ) ) ;
#868 = CARTESIAN_POINT ( 'NONE',  ( 36.60000000000000142, -9.000000000000000000, 0.000000000000000000 ) ) ;
#869 = CARTESIAN_POINT ( 'NONE',  ( 35.00000000000000000, -9.000000000000000000, 0.000000000000000000 ) ) ;
#870 = ORIENTED_EDGE ( 'NONE', *, *, #1752, .F. ) ;
#871 = DIRECTION ( 'NONE',  ( 0.000000000000000000, 1.000000000000000000, 0.000000000000000000 ) ) ;
#872 = DIRECTION ( 'NONE',  ( 0.000000000000000000, 0.000000000000000000, -1.000000000000000000 ) ) ;
#873 = VECTOR ( 'NONE', #1324, 1000.000000000000000 ) ;
#874 = PERSON_AND_ORGANIZATION_ROLE ( 'creator' ) ;
#875 = CYLINDRICAL_SURFACE ( 'NONE', #1583, 1.599999999999997202 ) ;
#876 = FACE_OUTER_BOUND ( 'NONE', #1788, .T. ) ;
#877 = DIRECTION ( 'NONE',  ( 0.000000000000000000, 0.000000000000000000, 1.000000000000000000 ) ) ;
#878 = ORIENTED_EDGE ( 'NONE', *, *, #813, .F. ) ;
#879 = EDGE_CURVE ( 'NONE', #17, #1392, #1438, .T. ) ;
#880 = DIRECTION ( 'NONE',  ( -0.000000000000000000, -0.000000000000000000, -1.000000000000000000 ) ) ;
#881 = CARTESIAN_POINT ( 'NONE',  ( 0.000000000000000000, 7.000000000000000000, 8.000000000000000000 ) ) ;
#882 = CARTESIAN_POINT ( 'NONE',  ( 52.29999999999999716, 1.592040838891562300E-16, 0.000000000000000000 ) ) ;
#883 = APPROVAL_DATE_TIME ( #1043, #232 ) ;
#884 = VECTOR ( 'NONE', #696, 1000.000000000000000 ) ;
#885 = FACE_OUTER_BOUND ( 'NONE', #1809, .T. ) ;
#886 = DIRECTION ( 'NONE',  ( 0.000000000000000000, 0.000000000000000000, 1.000000000000000000 ) ) ;
#887 = ADVANCED_FACE ( 'NONE', ( #638 ), #1289, .T. ) ;
#888 = ORIENTED_EDGE ( 'NONE', *, *, #1550, .F. ) ;
#889 = ORIENTED_EDGE ( 'NONE', *, *, #89, .F. ) ;
#890 = DIRECTION ( 'NONE',  ( 1.000000000000000000, 0.000000000000000000, 0.000000000000000000 ) ) ;
#891 = FACE_OUTER_BOUND ( 'NONE', #961, .T. ) ;
#892 = AXIS2_PLACEMENT_3D ( 'NONE', #993, #214, #847 ) ;
#893 = ORIENTED_EDGE ( 'NONE', *, *, #1617, .T. ) ;
#894 = CARTESIAN_POINT ( 'NONE',  ( 77.40000000000000568, 6.500000000000000000, 4.000000000000000000 ) ) ;
#895 = CARTESIAN_POINT ( 'NONE',  ( 27.00000000000000000, 3.000000000000000000, 4.000000000000003553 ) ) ;
#896 = DIRECTION ( 'NONE',  ( 0.000000000000000000, 0.000000000000000000, 1.000000000000000000 ) ) ;
#897 = EDGE_LOOP ( 'NONE', ( #607, #1203, #153, #670 ) ) ;
#898 = FACE_OUTER_BOUND ( 'NONE', #753, .T. ) ;
#899 = CARTESIAN_POINT ( 'NONE',  ( 40.00000000000000000, -9.000000000000000000, 4.000000000000000000 ) ) ;
#900 = ORIENTED_EDGE ( 'NONE', *, *, #392, .F. ) ;
#901 = EDGE_CURVE ( 'NONE', #289, #702, #1977, .T. ) ;
#902 = CARTESIAN_POINT ( 'NONE',  ( 3.388860427931489561, -6.125000000000000888, 4.000000000000000000 ) ) ;
#903 = CYLINDRICAL_SURFACE ( 'NONE', #77, 1.300000000000002487 ) ;
#904 = ADVANCED_FACE ( 'NONE', ( #1957 ), #1008, .T. ) ;
#905 = AXIS2_PLACEMENT_3D ( 'NONE', #654, #525, #1166 ) ;
#906 = AXIS2_PLACEMENT_3D ( 'NONE', #1105, #975, #1713 ) ;
#907 = FACE_OUTER_BOUND ( 'NONE', #2057, .T. ) ;
#908 = CARTESIAN_POINT ( 'NONE',  ( 53.60000000000000142, 6.500000000000000000, 4.000000000000000888 ) ) ;
#909 = VECTOR ( 'NONE', #385, 1000.000000000000000 ) ;
#910 = CARTESIAN_POINT ( 'NONE',  ( 39.58257569495583539, 7.000000000000000000, 4.000000000000000000 ) ) ;
#911 = ORIENTED_EDGE ( 'NONE', *, *, #825, .F. ) ;
#912 = ORIENTED_EDGE ( 'NONE', *, *, #720, .F. ) ;
#913 = CIRCLE ( 'NONE', #2000, 4.999999999999997335 ) ;
#914 = LINE ( 'NONE', #1889, #14 ) ;
#915 = CARTESIAN_POINT ( 'NONE',  ( 53.60000000000000142, -6.500000000000000000, 4.000000000000000888 ) ) ;
#916 = CARTESIAN_POINT ( 'NONE',  ( -16.00000000000000000, 0.000000000000000000, 0.000000000000000000 ) ) ;
#917 = CC_DESIGN_PERSON_AND_ORGANIZATION_ASSIGNMENT ( #233, #1241, ( #1492 ) ) ;
#918 = EDGE_LOOP ( 'NONE', ( #477, #934, #1614, #681 ) ) ;
#919 = DIRECTION ( 'NONE',  ( 1.000000000000000000, 0.000000000000000000, 0.000000000000000000 ) ) ;
#920 = VECTOR ( 'NONE', #666, 1000.000000000000000 ) ;
#921 = DIRECTION ( 'NONE',  ( 1.000000000000000000, 0.000000000000000000, 0.000000000000000000 ) ) ;
#922 = ORIENTED_EDGE ( 'NONE', *, *, #1719, .T. ) ;
#923 = ORIENTED_EDGE ( 'NONE', *, *, #660, .T. ) ;
#924 = AXIS2_PLACEMENT_3D ( 'NONE', #1948, #315, #1259 ) ;
#925 = ORIENTED_EDGE ( 'NONE', *, *, #274, .T. ) ;
#926 = CARTESIAN_POINT ( 'NONE',  ( 25.39999999999999858, -3.000000000000000000, 4.000000000000003553 ) ) ;
#927 = EDGE_CURVE ( 'NONE', #1481, #1746, #1502, .T. ) ;
#928 = VECTOR ( 'NONE', #700, 1000.000000000000000 ) ;
#929 = ORIENTED_EDGE ( 'NONE', *, *, #1017, .T. ) ;
#930 = EDGE_CURVE ( 'NONE', #1102, #1434, #1775, .T. ) ;
#931 = AXIS2_PLACEMENT_3D ( 'NONE', #133, #294, #621 ) ;
#932 = LINE ( 'NONE', #1292, #256 ) ;
#933 = ORIENTED_EDGE ( 'NONE', *, *, #1949, .F. ) ;
#934 = ORIENTED_EDGE ( 'NONE', *, *, #1884, .T. ) ;
#935 = EDGE_LOOP ( 'NONE', ( #1896, #28, #164, #693 ) ) ;
#936 = DIRECTION ( 'NONE',  ( 1.000000000000000000, 0.000000000000000000, 0.000000000000000000 ) ) ;
#937 = CARTESIAN_POINT ( 'NONE',  ( 27.00000000000000000, -3.000000000000000000, 4.000000000000003553 ) ) ;
#938 = CIRCLE ( 'NONE', #1315, 1.300000000000002487 ) ;
#939 = VECTOR ( 'NONE', #1150, 1000.000000000000000 ) ;
#940 = ORIENTED_EDGE ( 'NONE', *, *, #554, .T. ) ;
#941 = DIRECTION ( 'NONE',  ( 0.000000000000000000, 0.000000000000000000, -1.000000000000000000 ) ) ;
#942 = DIRECTION ( 'NONE',  ( 1.000000000000000000, 0.000000000000000000, 0.000000000000000000 ) ) ;
#943 = VERTEX_POINT ( 'NONE', #1661 ) ;
#944 = VERTEX_POINT ( 'NONE', #209 ) ;
#945 = VECTOR ( 'NONE', #1612, 1000.000000000000000 ) ;
#946 = ORIENTED_EDGE ( 'NONE', *, *, #1802, .T. ) ;
#947 = DIRECTION ( 'NONE',  ( 0.000000000000000000, 0.000000000000000000, -1.000000000000000000 ) ) ;
#948 = CARTESIAN_POINT ( 'NONE',  ( 7.000000000000000000, 0.000000000000000000, 0.000000000000000000 ) ) ;
#949 = VERTEX_POINT ( 'NONE', #852 ) ;
#950 = DIRECTION ( 'NONE',  ( 0.000000000000000000, -0.000000000000000000, -1.000000000000000000 ) ) ;
#951 = DIRECTION ( 'NONE',  ( 0.000000000000000000, 0.000000000000000000, 1.000000000000000000 ) ) ;
#952 = CARTESIAN_POINT ( 'NONE',  ( 8.599999999999999645, 1.959434878635764491E-16, 8.000000000000000000 ) ) ;
#953 = FACE_OUTER_BOUND ( 'NONE', #841, .T. ) ;
#954 = VERTEX_POINT ( 'NONE', #699 ) ;
#955 = VERTEX_POINT ( 'NONE', #1350 ) ;
#956 = EDGE_CURVE ( 'NONE', #828, #1511, #45, .T. ) ;
#957 = EDGE_LOOP ( 'NONE', ( #151, #593, #1521, #1659 ) ) ;
#958 = AXIS2_PLACEMENT_3D ( 'NONE', #56, #986, #1682 ) ;
#959 = DIRECTION ( 'NONE',  ( 0.000000000000000000, 0.000000000000000000, 1.000000000000000000 ) ) ;
#960 = CARTESIAN_POINT ( 'NONE',  ( 7.000000000000000000, 0.000000000000000000, 0.000000000000000000 ) ) ;
#961 = EDGE_LOOP ( 'NONE', ( #1541, #2042, #546, #533 ) ) ;
#962 = CARTESIAN_POINT ( 'NONE',  ( -7.000000000000000000, 0.000000000000000000, 4.000000000000000000 ) ) ;
#963 = AXIS2_PLACEMENT_3D ( 'NONE', #830, #1494, #46 ) ;
#964 = CARTESIAN_POINT ( 'NONE',  ( 42.00000000000000000, -14.00000000000000000, 0.000000000000000000 ) ) ;
#965 = CARTESIAN_POINT ( 'NONE',  ( 0.000000000000000000, 7.000000000000000000, 8.000000000000000000 ) ) ;
#966 = ORIENTED_EDGE ( 'NONE', *, *, #1908, .F. ) ;
#967 = ORIENTED_EDGE ( 'NONE', *, *, #1779, .T. ) ;
#968 = VECTOR ( 'NONE', #1446, 1000.000000000000000 ) ;
#969 = ORIENTED_EDGE ( 'NONE', *, *, #973, .T. ) ;
#970 = CARTESIAN_POINT ( 'NONE',  ( 0.000000000000000000, 0.000000000000000000, 4.000000000000000000 ) ) ;
#971 = EDGE_CURVE ( 'NONE', #482, #1922, #1534, .T. ) ;
#972 = ORIENTED_EDGE ( 'NONE', *, *, #1482, .F. ) ;
#973 = EDGE_CURVE ( 'NONE', #768, #140, #584, .T. ) ;
#974 = CARTESIAN_POINT ( 'NONE',  ( 30.41742430504416461, -7.000000000000000000, 4.000000000000000000 ) ) ;
#975 = DIRECTION ( 'NONE',  ( -0.000000000000000000, -0.000000000000000000, 1.000000000000000000 ) ) ;
#976 = ORIENTED_EDGE ( 'NONE', *, *, #1516, .F. ) ;
#977 = ORIENTED_EDGE ( 'NONE', *, *, #1910, .T. ) ;
#978 = FACE_BOUND ( 'NONE', #118, .T. ) ;
#979 = ADVANCED_FACE ( 'NONE', ( #1473 ), #1018, .T. ) ;
#980 = ORIENTED_EDGE ( 'NONE', *, *, #1033, .T. ) ;
#981 = CIRCLE ( 'NONE', #68, 1.600000000000000755 ) ;
#982 = CARTESIAN_POINT ( 'NONE',  ( 0.000000000000000000, 7.000000000000000000, 4.000000000000000000 ) ) ;
#983 = DIRECTION ( 'NONE',  ( 0.000000000000000000, 0.000000000000000000, 1.000000000000000000 ) ) ;
#984 = DIRECTION ( 'NONE',  ( 0.000000000000000000, 0.000000000000000000, -1.000000000000000000 ) ) ;
#985 = ORIENTED_EDGE ( 'NONE', *, *, #839, .F. ) ;
#986 = DIRECTION ( 'NONE',  ( -0.000000000000000000, -0.000000000000000000, -1.000000000000000000 ) ) ;
#987 = CIRCLE ( 'NONE', #1083, 3.500000000000000000 ) ;
#988 = VECTOR ( 'NONE', #1585, 1000.000000000000000 ) ;
#989 = ORIENTED_EDGE ( 'NONE', *, *, #455, .F. ) ;
#990 = EDGE_CURVE ( 'NONE', #955, #1789, #1513, .T. ) ;
#991 = CARTESIAN_POINT ( 'NONE',  ( 42.00000000000000000, -14.00000000000000000, 4.000000000000000000 ) ) ;
#992 = CARTESIAN_POINT ( 'NONE',  ( 0.000000000000000000, 7.000000000000000000, 0.000000000000000000 ) ) ;
#993 = CARTESIAN_POINT ( 'NONE',  ( 0.000000000000000000, 0.000000000000000000, 8.000000000000000000 ) ) ;
#994 = EDGE_CURVE ( 'NONE', #623, #637, #1911, .T. ) ;
#995 = LINE ( 'NONE', #1678, #1297 ) ;
#996 = CARTESIAN_POINT ( 'NONE',  ( 1.600000000000000089, -7.000000000000000000, 8.000000000000000000 ) ) ;
#997 = VERTEX_POINT ( 'NONE', #1035 ) ;
#998 = CIRCLE ( 'NONE', #557, 4.999999999999997335 ) ;
#999 = AXIS2_PLACEMENT_3D ( 'NONE', #1665, #192, #1317 ) ;
#1000 = CARTESIAN_POINT ( 'NONE',  ( -4.000000000000000000, 0.000000000000000000, 8.000000000000000000 ) ) ;
#1001 = ORIENTED_EDGE ( 'NONE', *, *, #1261, .T. ) ;
#1002 =( NAMED_UNIT ( * ) PLANE_ANGLE_UNIT ( ) SI_UNIT ( $, .RADIAN. ) );
#1003 = LINE ( 'NONE', #19, #2024 ) ;
#1004 = LINE ( 'NONE', #677, #920 ) ;
#1005 = VECTOR ( 'NONE', #984, 1000.000000000000000 ) ;
#1006 = DIRECTION ( 'NONE',  ( -0.000000000000000000, 0.000000000000000000, 1.000000000000000000 ) ) ;
#1007 = ORIENTED_EDGE ( 'NONE', *, *, #1269, .T. ) ;
#1008 = CYLINDRICAL_SURFACE ( 'NONE', #958, 4.999999999999997335 ) ;
#1009 = DIRECTION ( 'NONE',  ( -0.000000000000000000, -0.000000000000000000, 1.000000000000000000 ) ) ;
#1010 = AXIS2_PLACEMENT_3D ( 'NONE', #1455, #136, #1447 ) ;
#1011 = VERTEX_POINT ( 'NONE', #362 ) ;
#1012 = DIRECTION ( 'NONE',  ( 1.000000000000000000, 0.000000000000000000, 0.000000000000000000 ) ) ;
#1013 = CARTESIAN_POINT ( 'NONE',  ( 25.39999999999999858, -3.000000000000000000, 4.000000000000003553 ) ) ;
#1014 = CARTESIAN_POINT ( 'NONE',  ( -6.125000000000000888, 3.388860427931489561, 8.000000000000000000 ) ) ;
#1015 = CARTESIAN_POINT ( 'NONE',  ( 42.00000000000000000, -14.00000000000000000, 4.000000000000000000 ) ) ;
#1016 = VERTEX_POINT ( 'NONE', #53 ) ;
#1017 = EDGE_CURVE ( 'NONE', #146, #1016, #987, .T. ) ;
#1018 = CYLINDRICAL_SURFACE ( 'NONE', #2005, 4.999999999999997335 ) ;
#1019 = CARTESIAN_POINT ( 'NONE',  ( 27.00000000000000000, 3.000000000000000000, 4.000000000000003553 ) ) ;
#1020 = EDGE_CURVE ( 'NONE', #1139, #1276, #1157, .T. ) ;
#1021 = CARTESIAN_POINT ( 'NONE',  ( 14.38749456993815734, -7.000000000000000000, 4.000000000000000000 ) ) ;
#1022 = VERTEX_POINT ( 'NONE', #1984 ) ;
#1023 = AXIS2_PLACEMENT_3D ( 'NONE', #1920, #1427, #936 ) ;
#1024 = DIRECTION ( 'NONE',  ( -1.000000000000000000, -0.000000000000000000, -0.000000000000000000 ) ) ;
#1025 = CARTESIAN_POINT ( 'NONE',  ( 77.40000000000000568, -6.500000000000000000, 4.000000000000000888 ) ) ;
#1026 = DIRECTION ( 'NONE',  ( 1.000000000000000000, 0.000000000000000000, 0.000000000000000000 ) ) ;
#1027 = LINE ( 'NONE', #1015, #26 ) ;
#1028 = ORIENTED_EDGE ( 'NONE', *, *, #503, .T. ) ;
#1029 = DIRECTION ( 'NONE',  ( -1.000000000000000000, 0.000000000000000000, 0.000000000000000000 ) ) ;
#1030 = VECTOR ( 'NONE', #871, 1000.000000000000000 ) ;
#1031 = AXIS2_PLACEMENT_3D ( 'NONE', #1924, #297, #467 ) ;
#1032 = CARTESIAN_POINT ( 'NONE',  ( 0.000000000000000000, -7.000000000000000000, 0.000000000000000000 ) ) ;
#1033 = EDGE_CURVE ( 'NONE', #781, #1789, #995, .T. ) ;
#1034 = FACE_BOUND ( 'NONE', #1561, .T. ) ;
#1035 = CARTESIAN_POINT ( 'NONE',  ( -5.400000000000000355, 1.959434878635764491E-16, 0.000000000000000000 ) ) ;
#1036 = CARTESIAN_POINT ( 'NONE',  ( 27.00000000000000000, -3.000000000000000000, 4.000000000000003553 ) ) ;
#1037 = ORIENTED_EDGE ( 'NONE', *, *, #1123, .F. ) ;
#1038 = AXIS2_PLACEMENT_3D ( 'NONE', #1308, #1510, #1347 ) ;
#1039 = DIRECTION ( 'NONE',  ( 0.000000000000000000, -0.000000000000000000, 1.000000000000000000 ) ) ;
#1040 = CARTESIAN_POINT ( 'NONE',  ( 28.60000000000000142, -3.000000000000000000, 0.000000000000000000 ) ) ;
#1041 =( GEOMETRIC_REPRESENTATION_CONTEXT ( 3 ) GLOBAL_UNCERTAINTY_ASSIGNED_CONTEXT ( ( #647 ) ) GLOBAL_UNIT_ASSIGNED_CONTEXT ( ( #833, #1002, #1630 ) ) REPRESENTATION_CONTEXT ( 'NONE', 'WORKASPACE' ) );
#1042 = ADVANCED_FACE ( 'NONE', ( #1192 ), #1691, .F. ) ;
#1043 = DATE_AND_TIME ( #568, #475 ) ;
#1044 = ORIENTED_EDGE ( 'NONE', *, *, #746, .T. ) ;
#1045 = DIRECTION ( 'NONE',  ( 1.000000000000000000, 0.000000000000000000, -0.000000000000000000 ) ) ;
#1046 = DIRECTION ( 'NONE',  ( 0.000000000000000000, 0.000000000000000000, 1.000000000000000000 ) ) ;
#1047 = ORIENTED_EDGE ( 'NONE', *, *, #1897, .F. ) ;
#1048 = DIRECTION ( 'NONE',  ( -1.000000000000000000, 0.000000000000000000, 0.000000000000000000 ) ) ;
#1049 = CARTESIAN_POINT ( 'NONE',  ( 39.58257569495583539, -7.000000000000000000, 0.000000000000000000 ) ) ;
#1050 = APPROVAL_STATUS ( 'not_yet_approved' ) ;
#1051 = AXIS2_PLACEMENT_3D ( 'NONE', #1184, #1212, #1048 ) ;
#1052 = ORIENTED_EDGE ( 'NONE', *, *, #471, .T. ) ;
#1053 = AXIS2_PLACEMENT_3D ( 'NONE', #1133, #1782, #1790 ) ;
#1054 = DIRECTION ( 'NONE',  ( 0.000000000000000000, -0.000000000000000000, 1.000000000000000000 ) ) ;
#1055 = DIRECTION ( 'NONE',  ( -0.000000000000000000, -0.000000000000000000, -1.000000000000000000 ) ) ;
#1056 = VERTEX_POINT ( 'NONE', #857 ) ;
#1057 = EDGE_CURVE ( 'NONE', #1231, #140, #1497, .T. ) ;
#1058 = DIRECTION ( 'NONE',  ( 0.000000000000000000, 0.000000000000000000, -1.000000000000000000 ) ) ;
#1059 = EDGE_CURVE ( 'NONE', #1257, #637, #1479, .T. ) ;
#1060 = ORIENTED_EDGE ( 'NONE', *, *, #1976, .F. ) ;
#1061 = CARTESIAN_POINT ( 'NONE',  ( 3.500000000000000000, -7.000000000000000000, 8.000000000000000000 ) ) ;
#1062 = VECTOR ( 'NONE', #1999, 1000.000000000000000 ) ;
#1063 = CARTESIAN_POINT ( 'NONE',  ( 0.000000000000000000, 0.000000000000000000, 4.000000000000000000 ) ) ;
#1064 = DIRECTION ( 'NONE',  ( 0.000000000000000000, 1.000000000000000000, 0.000000000000000000 ) ) ;
#1065 = DIRECTION ( 'NONE',  ( 0.000000000000000000, 1.000000000000000000, 0.000000000000000000 ) ) ;
#1066 = ORIENTED_EDGE ( 'NONE', *, *, #489, .F. ) ;
#1067 = VERTEX_POINT ( 'NONE', #548 ) ;
#1068 = DIRECTION ( 'NONE',  ( -1.000000000000000000, 0.000000000000000000, 0.000000000000000000 ) ) ;
#1069 = DIRECTION ( 'NONE',  ( 0.000000000000000000, 0.000000000000000000, 1.000000000000000000 ) ) ;
#1070 = ORIENTED_EDGE ( 'NONE', *, *, #1214, .F. ) ;
#1071 = VECTOR ( 'NONE', #715, 1000.000000000000000 ) ;
#1072 = DIRECTION ( 'NONE',  ( -1.000000000000000000, 0.000000000000000000, 0.000000000000000000 ) ) ;
#1073 = DIRECTION ( 'NONE',  ( 1.000000000000000000, 0.000000000000000000, 0.000000000000000000 ) ) ;
#1074 = ORIENTED_EDGE ( 'NONE', *, *, #224, .T. ) ;
#1075 = VERTEX_POINT ( 'NONE', #20 ) ;
#1076 = ORIENTED_EDGE ( 'NONE', *, *, #1020, .F. ) ;
#1077 = CIRCLE ( 'NONE', #276, 4.999999999999997335 ) ;
#1078 = EDGE_CURVE ( 'NONE', #728, #1481, #386, .T. ) ;
#1079 = EDGE_CURVE ( 'NONE', #134, #751, #1004, .T. ) ;
#1080 = DIRECTION ( 'NONE',  ( 1.000000000000000000, -0.000000000000000000, 0.000000000000000000 ) ) ;
#1081 = VERTEX_POINT ( 'NONE', #41 ) ;
#1082 = CARTESIAN_POINT ( 'NONE',  ( 0.000000000000000000, 0.000000000000000000, 8.000000000000000000 ) ) ;
#1083 = AXIS2_PLACEMENT_3D ( 'NONE', #205, #215, #1509 ) ;
#1084 = VERTEX_POINT ( 'NONE', #1318 ) ;
#1085 = ORIENTED_EDGE ( 'NONE', *, *, #1550, .T. ) ;
#1086 = VECTOR ( 'NONE', #1251, 1000.000000000000000 ) ;
#1087 = VERTEX_POINT ( 'NONE', #193 ) ;
#1088 = PLANE ( 'NONE',  #854 ) ;
#1089 = DIRECTION ( 'NONE',  ( -1.000000000000000000, 0.000000000000000000, 0.000000000000000000 ) ) ;
#1090 = AXIS2_PLACEMENT_3D ( 'NONE', #1532, #76, #1206 ) ;
#1091 = ORIENTED_EDGE ( 'NONE', *, *, #1854, .T. ) ;
#1092 = EDGE_CURVE ( 'NONE', #1075, #1624, #1963, .T. ) ;
#1093 = DIRECTION ( 'NONE',  ( 1.000000000000000000, 0.000000000000000000, 0.000000000000000000 ) ) ;
#1094 = LINE ( 'NONE', #468, #337 ) ;
#1095 = ORIENTED_EDGE ( 'NONE', *, *, #1296, .T. ) ;
#1096 = ORIENTED_EDGE ( 'NONE', *, *, #746, .F. ) ;
#1097 = ORIENTED_EDGE ( 'NONE', *, *, #1672, .F. ) ;
#1098 = PLANE ( 'NONE',  #752 ) ;
#1099 = DIRECTION ( 'NONE',  ( 0.000000000000000000, 0.000000000000000000, -1.000000000000000000 ) ) ;
#1100 = AXIS2_PLACEMENT_3D ( 'NONE', #436, #703, #1072 ) ;
#1101 = CIRCLE ( 'NONE', #127, 4.999999999999997335 ) ;
#1102 = VERTEX_POINT ( 'NONE', #516 ) ;
#1103 = CC_DESIGN_DATE_AND_TIME_ASSIGNMENT ( #6, #535, ( #609 ) ) ;
#1104 = FACE_OUTER_BOUND ( 'NONE', #1225, .T. ) ;
#1105 = CARTESIAN_POINT ( 'NONE',  ( 80.00000000000000000, 0.000000000000000000, 0.000000000000000000 ) ) ;
#1106 = CIRCLE ( 'NONE', #202, 7.000000000000000000 ) ;
#1107 = EDGE_LOOP ( 'NONE', ( #616, #292 ) ) ;
#1108 = ORIENTED_EDGE ( 'NONE', *, *, #844, .T. ) ;
#1109 = CC_DESIGN_APPROVAL ( #1710, ( #1492 ) ) ;
#1110 = EDGE_LOOP ( 'NONE', ( #1329, #1491 ) ) ;
#1111 = CARTESIAN_POINT ( 'NONE',  ( 25.39999999999999858, 3.000000000000000000, 4.000000000000003553 ) ) ;
#1112 = FACE_OUTER_BOUND ( 'NONE', #1309, .T. ) ;
#1113 = VERTEX_POINT ( 'NONE', #1657 ) ;
#1114 = DIRECTION ( 'NONE',  ( -0.000000000000000000, -0.000000000000000000, 1.000000000000000000 ) ) ;
#1115 = CARTESIAN_POINT ( 'NONE',  ( 6.125000000000000888, -3.388860427931490449, 6.000000000000000000 ) ) ;
#1116 = ORIENTED_EDGE ( 'NONE', *, *, #1810, .F. ) ;
#1117 = ORIENTED_EDGE ( 'NONE', *, *, #2077, .T. ) ;
#1118 = AXIS2_PLACEMENT_3D ( 'NONE', #60, #1537, #1219 ) ;
#1119 = EDGE_CURVE ( 'NONE', #1572, #2013, #283, .T. ) ;
#1120 = ORIENTED_EDGE ( 'NONE', *, *, #2095, .F. ) ;
#1121 = CIRCLE ( 'NONE', #1637, 4.999999999999997335 ) ;
#1122 = FACE_BOUND ( 'NONE', #2072, .T. ) ;
#1123 = EDGE_CURVE ( 'NONE', #179, #1434, #227, .T. ) ;
#1124 = FACE_OUTER_BOUND ( 'NONE', #626, .T. ) ;
#1125 = EDGE_LOOP ( 'NONE', ( #1495, #922, #1285, #1751 ) ) ;
#1126 = CARTESIAN_POINT ( 'NONE',  ( 0.000000000000000000, -7.000000000000000000, 8.000000000000000000 ) ) ;
#1127 = CIRCLE ( 'NONE', #1811, 1.600000000000000755 ) ;
#1128 = CARTESIAN_POINT ( 'NONE',  ( 36.60000000000000142, 9.000000000000000000, 4.000000000000003553 ) ) ;
#1129 = ORIENTED_EDGE ( 'NONE', *, *, #407, .T. ) ;
#1130 = AXIS2_PLACEMENT_3D ( 'NONE', #937, #1099, #1407 ) ;
#1131 = EDGE_LOOP ( 'NONE', ( #128, #1891, #1530, #1001 ) ) ;
#1132 = EDGE_CURVE ( 'NONE', #1450, #137, #1599, .T. ) ;
#1133 = CARTESIAN_POINT ( 'NONE',  ( 51.00000000000000000, 0.000000000000000000, 4.000000000000003553 ) ) ;
#1134 = DIRECTION ( 'NONE',  ( 0.000000000000000000, 0.000000000000000000, -1.000000000000000000 ) ) ;
#1135 = ORIENTED_EDGE ( 'NONE', *, *, #1595, .F. ) ;
#1136 = APPROVAL_STATUS ( 'not_yet_approved' ) ;
#1137 = DIRECTION ( 'NONE',  ( 0.000000000000000000, 0.000000000000000000, 1.000000000000000000 ) ) ;
#1138 = LINE ( 'NONE', #1158, #1584 ) ;
#1139 = VERTEX_POINT ( 'NONE', #1014 ) ;
#1140 = VECTOR ( 'NONE', #1925, 1000.000000000000000 ) ;
#1141 = DIRECTION ( 'NONE',  ( -1.000000000000000000, 0.000000000000000000, 0.000000000000000000 ) ) ;
#1142 = CARTESIAN_POINT ( 'NONE',  ( 0.000000000000000000, 0.000000000000000000, 8.000000000000000000 ) ) ;
#1143 = EDGE_CURVE ( 'NONE', #1418, #17, #1836, .T. ) ;
#1144 = EDGE_CURVE ( 'NONE', #64, #1056, #40, .T. ) ;
#1145 = ORIENTED_EDGE ( 'NONE', *, *, #1144, .T. ) ;
#1146 = CALENDAR_DATE ( 2026, 8, 9 ) ;
#1147 = DIRECTION ( 'NONE',  ( -0.000000000000000000, -0.000000000000000000, -1.000000000000000000 ) ) ;
#1148 = DIRECTION ( 'NONE',  ( 1.000000000000000000, 0.000000000000000000, 0.000000000000000000 ) ) ;
#1149 = CARTESIAN_POINT ( 'NONE',  ( -1.600000000000000089, 7.000000000000000000, 8.000000000000000000 ) ) ;
#1150 = DIRECTION ( 'NONE',  ( -0.000000000000000000, -0.000000000000000000, -1.000000000000000000 ) ) ;
#1151 = ORIENTED_EDGE ( 'NONE', *, *, #1220, .T. ) ;
#1152 = FACE_OUTER_BOUND ( 'NONE', #1773, .T. ) ;
#1153 = VECTOR ( 'NONE', #1205, 1000.000000000000000 ) ;
#1154 = ORIENTED_EDGE ( 'NONE', *, *, #114, .T. ) ;
#1155 = DIRECTION ( 'NONE',  ( 0.000000000000000000, 0.000000000000000000, 1.000000000000000000 ) ) ;
#1156 = DIRECTION ( 'NONE',  ( -1.000000000000000000, -0.000000000000000000, -0.000000000000000000 ) ) ;
#1157 = LINE ( 'NONE', #537, #1501 ) ;
#1158 = CARTESIAN_POINT ( 'NONE',  ( 81.29999999999999716, 1.592040838891553672E-16, 4.000000000000003553 ) ) ;
#1159 = VERTEX_POINT ( 'NONE', #868 ) ;
#1160 = AXIS2_PLACEMENT_3D ( 'NONE', #1195, #1862, #1360 ) ;
#1161 = VECTOR ( 'NONE', #676, 1000.000000000000000 ) ;
#1162 = DIRECTION ( 'NONE',  ( -1.000000000000000000, 0.000000000000000000, 0.000000000000000000 ) ) ;
#1163 = CARTESIAN_POINT ( 'NONE',  ( -1.600000000000000089, 7.000000000000000000, 0.000000000000000000 ) ) ;
#1164 = VERTEX_POINT ( 'NONE', #1805 ) ;
#1165 = APPLICATION_PROTOCOL_DEFINITION ( 'international standard', 'config_control_design', 1994, #378 ) ;
#1166 = DIRECTION ( 'NONE',  ( -1.000000000000000000, 0.000000000000000000, 0.000000000000000000 ) ) ;
#1167 = ADVANCED_FACE ( 'NONE', ( #1893 ), #726, .F. ) ;
#1168 = ADVANCED_FACE ( 'NONE', ( #876 ), #266, .F. ) ;
#1169 = DIRECTION ( 'NONE',  ( -0.000000000000000000, -0.000000000000000000, 1.000000000000000000 ) ) ;
#1170 = CARTESIAN_POINT ( 'NONE',  ( 90.00000000000000000, -14.00000000000000000, 0.000000000000000000 ) ) ;
#1171 = ORIENTED_EDGE ( 'NONE', *, *, #1503, .F. ) ;
#1172 = CARTESIAN_POINT ( 'NONE',  ( 0.000000000000000000, -7.000000000000000000, 8.000000000000000000 ) ) ;
#1173 = CARTESIAN_POINT ( 'NONE',  ( 0.000000000000000000, 7.000000000000000000, 0.000000000000000000 ) ) ;
#1174 = AXIS2_PLACEMENT_3D ( 'NONE', #382, #683, #866 ) ;
#1175 = ORIENTED_EDGE ( 'NONE', *, *, #2077, .F. ) ;
#1176 = DIRECTION ( 'NONE',  ( -1.000000000000000000, 0.000000000000000000, 0.000000000000000000 ) ) ;
#1177 = CIRCLE ( 'NONE', #541, 4.999999999999997335 ) ;
#1178 = CARTESIAN_POINT ( 'NONE',  ( 77.40000000000000568, 6.500000000000000000, 4.000000000000000888 ) ) ;
#1179 = LINE ( 'NONE', #1025, #909 ) ;
#1180 = CARTESIAN_POINT ( 'NONE',  ( 42.00000000000000000, -14.00000000000000000, 4.000000000000000000 ) ) ;
#1181 = DIRECTION ( 'NONE',  ( 0.000000000000000000, 0.000000000000000000, 1.000000000000000000 ) ) ;
#1182 = ORIENTED_EDGE ( 'NONE', *, *, #1503, .T. ) ;
#1183 = DIRECTION ( 'NONE',  ( -1.000000000000000000, 0.000000000000000000, 0.000000000000000000 ) ) ;
#1184 = CARTESIAN_POINT ( 'NONE',  ( 35.00000000000000000, 9.000000000000000000, 0.000000000000000000 ) ) ;
#1185 = ADVANCED_FACE ( 'NONE', ( #1366 ), #2032, .F. ) ;
#1186 = CIRCLE ( 'NONE', #512, 1.599999999999999867 ) ;
#1187 = DIRECTION ( 'NONE',  ( 0.000000000000000000, 0.000000000000000000, 1.000000000000000000 ) ) ;
#1188 = CIRCLE ( 'NONE', #549, 7.000000000000000000 ) ;
#1189 = COORDINATED_UNIVERSAL_TIME_OFFSET ( 6, 0, .BEHIND. ) ;
#1190 = ORIENTED_EDGE ( 'NONE', *, *, #1897, .T. ) ;
#1191 = CARTESIAN_POINT ( 'NONE',  ( 42.00000000000000000, -14.00000000000000000, 4.000000000000000000 ) ) ;
#1192 = FACE_OUTER_BOUND ( 'NONE', #1380, .T. ) ;
#1193 = FACE_OUTER_BOUND ( 'NONE', #1927, .T. ) ;
#1194 = EDGE_LOOP ( 'NONE', ( #1917, #152, #1190, #511 ) ) ;
#1195 = CARTESIAN_POINT ( 'NONE',  ( -7.000000000000000000, 0.000000000000000000, 8.000000000000000000 ) ) ;
#1196 = AXIS2_PLACEMENT_3D ( 'NONE', #188, #1978, #25 ) ;
#1197 = VECTOR ( 'NONE', #1478, 1000.000000000000000 ) ;
#1198 = EDGE_CURVE ( 'NONE', #1969, #134, #426, .T. ) ;
#1199 = AXIS2_PLACEMENT_3D ( 'NONE', #1291, #1774, #2080 ) ;
#1200 = DIRECTION ( 'NONE',  ( 0.000000000000000000, 1.000000000000000000, 0.000000000000000000 ) ) ;
#1201 = CYLINDRICAL_SURFACE ( 'NONE', #145, 4.000000000000000000 ) ;
#1202 = EDGE_CURVE ( 'NONE', #1946, #74, #1972, .T. ) ;
#1203 = ORIENTED_EDGE ( 'NONE', *, *, #720, .T. ) ;
#1204 = PLANE ( 'NONE',  #1314 ) ;
#1205 = DIRECTION ( 'NONE',  ( 0.000000000000000000, 0.000000000000000000, -1.000000000000000000 ) ) ;
#1206 = DIRECTION ( 'NONE',  ( 1.000000000000000000, 0.000000000000000000, 0.000000000000000000 ) ) ;
#1207 = CYLINDRICAL_SURFACE ( 'NONE', #641, 1.600000000000000089 ) ;
#1208 = ORIENTED_EDGE ( 'NONE', *, *, #89, .T. ) ;
#1209 = CIRCLE ( 'NONE', #1381, 4.999999999999997335 ) ;
#1210 = AXIS2_PLACEMENT_3D ( 'NONE', #1498, #54, #43 ) ;
#1211 = FACE_OUTER_BOUND ( 'NONE', #1334, .T. ) ;
#1212 = DIRECTION ( 'NONE',  ( -0.000000000000000000, -0.000000000000000000, 1.000000000000000000 ) ) ;
#1213 = DIRECTION ( 'NONE',  ( 0.000000000000000000, 0.000000000000000000, 1.000000000000000000 ) ) ;
#1214 = EDGE_CURVE ( 'NONE', #345, #1392, #2045, .T. ) ;
#1215 = APPROVAL_PERSON_ORGANIZATION ( #18, #1646, #855 ) ;
#1216 = ADVANCED_FACE ( 'NONE', ( #437 ), #559, .F. ) ;
#1217 = SHAPE_DEFINITION_REPRESENTATION ( #1699, #389 ) ;
#1218 = VERTEX_POINT ( 'NONE', #1696 ) ;
#1219 = DIRECTION ( 'NONE',  ( 1.000000000000000000, 0.000000000000000000, 0.000000000000000000 ) ) ;
#1220 = EDGE_CURVE ( 'NONE', #17, #1947, #78, .T. ) ;
#1221 = LINE ( 'NONE', #1538, #710 ) ;
#1222 = VERTEX_POINT ( 'NONE', #2039 ) ;
#1223 = CARTESIAN_POINT ( 'NONE',  ( 0.000000000000000000, -7.000000000000000000, 8.000000000000000000 ) ) ;
#1224 = DIRECTION ( 'NONE',  ( -1.000000000000000000, 0.000000000000000000, 0.000000000000000000 ) ) ;
#1225 = EDGE_LOOP ( 'NONE', ( #1604, #170, #615, #330 ) ) ;
#1226 = EDGE_CURVE ( 'NONE', #1955, #179, #248, .T. ) ;
#1227 = DIRECTION ( 'NONE',  ( 0.000000000000000000, 0.000000000000000000, -1.000000000000000000 ) ) ;
#1228 = FACE_OUTER_BOUND ( 'NONE', #1275, .T. ) ;
#1229 = PERSON_AND_ORGANIZATION ( #1422, #673 ) ;
#1230 = VECTOR ( 'NONE', #1666, 1000.000000000000000 ) ;
#1231 = VERTEX_POINT ( 'NONE', #902 ) ;
#1232 = FACE_OUTER_BOUND ( 'NONE', #918, .T. ) ;
#1233 = DIRECTION ( 'NONE',  ( 0.000000000000000000, 0.000000000000000000, 1.000000000000000000 ) ) ;
#1234 = DIRECTION ( 'NONE',  ( 0.000000000000000000, -0.000000000000000000, -1.000000000000000000 ) ) ;
#1235 = ORIENTED_EDGE ( 'NONE', *, *, #526, .T. ) ;
#1236 = CYLINDRICAL_SURFACE ( 'NONE', #1419, 1.599999999999999867 ) ;
#1237 = ORIENTED_EDGE ( 'NONE', *, *, #1078, .T. ) ;
#1238 = CARTESIAN_POINT ( 'NONE',  ( -6.125000000000000888, 3.388860427931489561, 4.000000000000000000 ) ) ;
#1239 = AXIS2_PLACEMENT_3D ( 'NONE', #1840, #391, #1029 ) ;
#1240 = DIRECTION ( 'NONE',  ( -1.000000000000000000, 0.000000000000000000, 0.000000000000000000 ) ) ;
#1241 = PERSON_AND_ORGANIZATION_ROLE ( 'design_supplier' ) ;
#1242 = VERTEX_POINT ( 'NONE', #2015 ) ;
#1243 = DIRECTION ( 'NONE',  ( -1.000000000000000000, 0.000000000000000000, 0.000000000000000000 ) ) ;
#1244 = DIRECTION ( 'NONE',  ( 1.000000000000000000, 0.000000000000000000, 0.000000000000000000 ) ) ;
#1245 = LINE ( 'NONE', #572, #1904 ) ;
#1246 = EDGE_CURVE ( 'NONE', #1969, #1113, #273, .T. ) ;
#1247 = ORIENTED_EDGE ( 'NONE', *, *, #1750, .F. ) ;
#1248 = ADVANCED_FACE ( 'NONE', ( #1551 ), #413, .F. ) ;
#1249 = EDGE_CURVE ( 'NONE', #2013, #1159, #589, .T. ) ;
#1250 = ORIENTED_EDGE ( 'NONE', *, *, #96, .T. ) ;
#1251 = DIRECTION ( 'NONE',  ( -0.000000000000000000, -0.000000000000000000, -1.000000000000000000 ) ) ;
#1252 = ORIENTED_EDGE ( 'NONE', *, *, #139, .F. ) ;
#1253 = AXIS2_PLACEMENT_3D ( 'NONE', #351, #1645, #836 ) ;
#1254 = CYLINDRICAL_SURFACE ( 'NONE', #404, 1.599999999999999867 ) ;
#1255 = ORIENTED_EDGE ( 'NONE', *, *, #1372, .T. ) ;
#1256 = ORIENTED_EDGE ( 'NONE', *, *, #212, .T. ) ;
#1257 = VERTEX_POINT ( 'NONE', #1727 ) ;
#1258 = VECTOR ( 'NONE', #750, 1000.000000000000000 ) ;
#1259 = DIRECTION ( 'NONE',  ( -1.000000000000000000, 0.000000000000000000, -0.000000000000000000 ) ) ;
#1260 = DIRECTION ( 'NONE',  ( 0.000000000000000000, 0.000000000000000000, -1.000000000000000000 ) ) ;
#1261 = EDGE_CURVE ( 'NONE', #1257, #1081, #101, .T. ) ;
#1262 = VERTEX_POINT ( 'NONE', #240 ) ;
#1263 = VECTOR ( 'NONE', #1326, 1000.000000000000000 ) ;
#1264 = FACE_OUTER_BOUND ( 'NONE', #957, .T. ) ;
#1265 = ORIENTED_EDGE ( 'NONE', *, *, #1633, .T. ) ;
#1266 = AXIS2_PLACEMENT_3D ( 'NONE', #754, #1406, #2051 ) ;
#1267 = ORIENTED_EDGE ( 'NONE', *, *, #157, .T. ) ;
#1268 = CARTESIAN_POINT ( 'NONE',  ( 7.000000000000000000, 0.000000000000000000, 8.000000000000000000 ) ) ;
#1269 = EDGE_CURVE ( 'NONE', #623, #1732, #1533, .T. ) ;
#1270 = CIRCLE ( 'NONE', #2048, 1.600000000000000089 ) ;
#1271 = ORIENTED_EDGE ( 'NONE', *, *, #1299, .T. ) ;
#1272 = AXIS2_PLACEMENT_3D ( 'NONE', #515, #1507, #1814 ) ;
#1273 = CARTESIAN_POINT ( 'NONE',  ( 90.00000000000000000, 14.00000000000000000, 4.000000000000000000 ) ) ;
#1274 = ORIENTED_EDGE ( 'NONE', *, *, #1119, .F. ) ;
#1275 = EDGE_LOOP ( 'NONE', ( #1702, #1007, #635, #354 ) ) ;
#1276 = VERTEX_POINT ( 'NONE', #1238 ) ;
#1277 = CARTESIAN_POINT ( 'NONE',  ( 90.00000000000000000, -14.00000000000000000, 4.000000000000000000 ) ) ;
#1278 = EDGE_LOOP ( 'NONE', ( #2038, #1586, #1348, #1693 ) ) ;
#1279 = FACE_OUTER_BOUND ( 'NONE', #1320, .T. ) ;
#1280 = EDGE_CURVE ( 'NONE', #1499, #1875, #1186, .T. ) ;
#1281 = DIRECTION ( 'NONE',  ( -0.000000000000000000, -0.000000000000000000, -1.000000000000000000 ) ) ;
#1282 = DIRECTION ( 'NONE',  ( 0.000000000000000000, 0.000000000000000000, 1.000000000000000000 ) ) ;
#1283 = CARTESIAN_POINT ( 'NONE',  ( 52.29999999999999716, 1.592040838891562300E-16, 4.000000000000003553 ) ) ;
#1284 = ORIENTED_EDGE ( 'NONE', *, *, #1531, .T. ) ;
#1285 = ORIENTED_EDGE ( 'NONE', *, *, #1578, .F. ) ;
#1286 = AXIS2_PLACEMENT_3D ( 'NONE', #634, #1282, #479 ) ;
#1287 = EDGE_CURVE ( 'NONE', #137, #1450, #1362, .T. ) ;
#1288 = ORIENTED_EDGE ( 'NONE', *, *, #927, .T. ) ;
#1289 = CYLINDRICAL_SURFACE ( 'NONE', #1842, 7.000000000000000000 ) ;
#1290 = ORIENTED_EDGE ( 'NONE', *, *, #379, .F. ) ;
#1291 = CARTESIAN_POINT ( 'NONE',  ( -7.000000000000000000, 0.000000000000000000, 0.000000000000000000 ) ) ;
#1292 = CARTESIAN_POINT ( 'NONE',  ( -1.600000000000000089, -7.000000000000000000, 8.000000000000000000 ) ) ;
#1293 = CARTESIAN_POINT ( 'NONE',  ( -7.000000000000000000, 0.000000000000000000, 8.000000000000000000 ) ) ;
#1294 = ORIENTED_EDGE ( 'NONE', *, *, #1617, .F. ) ;
#1295 = VERTEX_POINT ( 'NONE', #1703 ) ;
#1296 = EDGE_CURVE ( 'NONE', #768, #1016, #251, .T. ) ;
#1297 = VECTOR ( 'NONE', #837, 1000.000000000000000 ) ;
#1298 = AXIS2_PLACEMENT_3D ( 'NONE', #1545, #580, #594 ) ;
#1299 = EDGE_CURVE ( 'NONE', #1164, #2023, #1542, .T. ) ;
#1300 = ORIENTED_EDGE ( 'NONE', *, *, #1493, .T. ) ;
#1301 = AXIS2_PLACEMENT_3D ( 'NONE', #1416, #1213, #241 ) ;
#1302 = CARTESIAN_POINT ( 'NONE',  ( 42.00000000000000000, 14.00000000000000000, 4.000000000000000000 ) ) ;
#1303 = ORIENTED_EDGE ( 'NONE', *, *, #1780, .F. ) ;
#1304 = DIRECTION ( 'NONE',  ( -1.000000000000000000, 0.000000000000000000, 0.000000000000000000 ) ) ;
#1305 = CARTESIAN_POINT ( 'NONE',  ( 53.60000000000000142, 6.500000000000000000, 0.000000000000000000 ) ) ;
#1306 = AXIS2_PLACEMENT_3D ( 'NONE', #1126, #1610, #1597 ) ;
#1307 = EDGE_CURVE ( 'NONE', #1872, #780, #914, .T. ) ;
#1308 = CARTESIAN_POINT ( 'NONE',  ( 7.000000000000000000, 0.000000000000000000, 8.000000000000000000 ) ) ;
#1309 = EDGE_LOOP ( 'NONE', ( #1135, #325, #388, #989 ) ) ;
#1310 = EDGE_CURVE ( 'NONE', #473, #134, #1717, .T. ) ;
#1311 = CARTESIAN_POINT ( 'NONE',  ( 14.38749456993815734, 7.000000000000000000, 4.000000000000000000 ) ) ;
#1312 = FACE_OUTER_BOUND ( 'NONE', #1615, .T. ) ;
#1313 = ORIENTED_EDGE ( 'NONE', *, *, #990, .F. ) ;
#1314 = AXIS2_PLACEMENT_3D ( 'NONE', #1855, #408, #1045 ) ;
#1315 = AXIS2_PLACEMENT_3D ( 'NONE', #387, #1181, #1837 ) ;
#1316 = COORDINATED_UNIVERSAL_TIME_OFFSET ( 6, 0, .BEHIND. ) ;
#1317 = DIRECTION ( 'NONE',  ( -1.000000000000000000, 0.000000000000000000, 0.000000000000000000 ) ) ;
#1318 = CARTESIAN_POINT ( 'NONE',  ( 40.00000000000000000, -9.000000000000000000, 0.000000000000000000 ) ) ;
#1319 = CARTESIAN_POINT ( 'NONE',  ( 35.00000000000000000, -9.000000000000000000, 0.000000000000000000 ) ) ;
#1320 = EDGE_LOOP ( 'NONE', ( #44, #119, #933, #1303 ) ) ;
#1321 = CARTESIAN_POINT ( 'NONE',  ( 42.00000000000000000, -14.00000000000000000, 4.000000000000000000 ) ) ;
#1322 = ORIENTED_EDGE ( 'NONE', *, *, #864, .T. ) ;
#1323 = CYLINDRICAL_SURFACE ( 'NONE', #501, 1.299999999999995604 ) ;
#1324 = DIRECTION ( 'NONE',  ( -1.000000000000000000, -0.000000000000000000, -0.000000000000000000 ) ) ;
#1325 = LINE ( 'NONE', #982, #2076 ) ;
#1326 = DIRECTION ( 'NONE',  ( 0.000000000000000000, 0.000000000000000000, -1.000000000000000000 ) ) ;
#1327 = DESIGN_CONTEXT ( 'detailed design', #378, 'design' ) ;
#1328 = FACE_OUTER_BOUND ( 'NONE', #1941, .T. ) ;
#1329 = ORIENTED_EDGE ( 'NONE', *, *, #1144, .F. ) ;
#1330 = CARTESIAN_POINT ( 'NONE',  ( 0.000000000000000000, 0.000000000000000000, 4.000000000000003553 ) ) ;
#1331 = AXIS2_PLACEMENT_3D ( 'NONE', #686, #1337, #527 ) ;
#1332 = VECTOR ( 'NONE', #474, 1000.000000000000000 ) ;
#1333 = CC_DESIGN_DATE_AND_TIME_ASSIGNMENT ( #2017, #59, ( #1456 ) ) ;
#1334 = EDGE_LOOP ( 'NONE', ( #417, #1832, #1898, #48 ) ) ;
#1335 = DIRECTION ( 'NONE',  ( 1.000000000000000000, 0.000000000000000000, 0.000000000000000000 ) ) ;
#1336 = CIRCLE ( 'NONE', #1747, 3.500000000000000444 ) ;
#1337 = DIRECTION ( 'NONE',  ( 0.000000000000000000, 0.000000000000000000, 1.000000000000000000 ) ) ;
#1338 = CYLINDRICAL_SURFACE ( 'NONE', #1487, 4.999999999999997335 ) ;
#1339 = ORIENTED_EDGE ( 'NONE', *, *, #1249, .F. ) ;
#1340 = EDGE_CURVE ( 'NONE', #828, #100, #154, .T. ) ;
#1341 = AXIS2_PLACEMENT_3D ( 'NONE', #1428, #1761, #306 ) ;
#1342 = DIRECTION ( 'NONE',  ( 0.000000000000000000, 0.000000000000000000, -1.000000000000000000 ) ) ;
#1343 = ORIENTED_EDGE ( 'NONE', *, *, #490, .T. ) ;
#1344 = DIRECTION ( 'NONE',  ( -1.000000000000000000, 0.000000000000000000, 0.000000000000000000 ) ) ;
#1345 = EDGE_CURVE ( 'NONE', #1624, #598, #433, .T. ) ;
#1346 = CARTESIAN_POINT ( 'NONE',  ( 27.00000000000000000, -3.000000000000000000, 4.000000000000003553 ) ) ;
#1347 = DIRECTION ( 'NONE',  ( -1.000000000000000000, 0.000000000000000000, 0.000000000000000000 ) ) ;
#1348 = ORIENTED_EDGE ( 'NONE', *, *, #554, .F. ) ;
#1349 = EDGE_CURVE ( 'NONE', #949, #851, #1336, .T. ) ;
#1350 = CARTESIAN_POINT ( 'NONE',  ( 42.00000000000000000, -7.000000000000000000, 4.000000000000000000 ) ) ;
#1351 = CIRCLE ( 'NONE', #1253, 4.000000000000000000 ) ;
#1352 = CARTESIAN_POINT ( 'NONE',  ( 7.000000000000000000, 0.000000000000000000, 8.000000000000000000 ) ) ;
#1353 = CIRCLE ( 'NONE', #374, 1.600000000000000755 ) ;
#1354 = DIRECTION ( 'NONE',  ( 0.000000000000000000, 0.000000000000000000, 1.000000000000000000 ) ) ;
#1355 = CARTESIAN_POINT ( 'NONE',  ( 14.38749456993815734, -7.000000000000000000, 4.000000000000000000 ) ) ;
#1356 = FACE_OUTER_BOUND ( 'NONE', #1194, .T. ) ;
#1357 = EDGE_CURVE ( 'NONE', #1922, #482, #423, .T. ) ;
#1358 = ORIENTED_EDGE ( 'NONE', *, *, #510, .T. ) ;
#1359 = EDGE_CURVE ( 'NONE', #954, #1732, #189, .T. ) ;
#1360 = DIRECTION ( 'NONE',  ( -1.000000000000000000, 0.000000000000000000, 0.000000000000000000 ) ) ;
#1361 = CARTESIAN_POINT ( 'NONE',  ( 53.60000000000000142, -6.500000000000000000, 4.000000000000000888 ) ) ;
#1362 = CIRCLE ( 'NONE', #1051, 1.599999999999997202 ) ;
#1363 = CIRCLE ( 'NONE', #652, 7.000000000000000000 ) ;
#1364 = ORIENTED_EDGE ( 'NONE', *, *, #1202, .F. ) ;
#1365 = DIRECTION ( 'NONE',  ( -0.000000000000000000, -0.000000000000000000, -1.000000000000000000 ) ) ;
#1366 = FACE_OUTER_BOUND ( 'NONE', #1571, .T. ) ;
#1367 = DIRECTION ( 'NONE',  ( 0.000000000000000000, 0.000000000000000000, 1.000000000000000000 ) ) ;
#1368 = ORIENTED_EDGE ( 'NONE', *, *, #1619, .T. ) ;
#1369 = EDGE_CURVE ( 'NONE', #1938, #1242, #1270, .T. ) ;
#1370 = DIRECTION ( 'NONE',  ( 0.000000000000000000, 0.000000000000000000, -1.000000000000000000 ) ) ;
#1371 = AXIS2_PLACEMENT_3D ( 'NONE', #1644, #1488, #1496 ) ;
#1372 = EDGE_CURVE ( 'NONE', #1947, #1222, #786, .T. ) ;
#1373 = DIRECTION ( 'NONE',  ( -0.000000000000000000, -0.000000000000000000, -1.000000000000000000 ) ) ;
#1374 = CYLINDRICAL_SURFACE ( 'NONE', #1053, 1.300000000000002487 ) ;
#1375 = ORIENTED_EDGE ( 'NONE', *, *, #1592, .T. ) ;
#1376 = CARTESIAN_POINT ( 'NONE',  ( 0.000000000000000000, -7.000000000000000000, 4.000000000000000000 ) ) ;
#1377 = CARTESIAN_POINT ( 'NONE',  ( -3.500000000000000000, 7.000000000000000000, 4.000000000000000000 ) ) ;
#1378 = CARTESIAN_POINT ( 'NONE',  ( 53.60000000000000142, 6.500000000000000000, 4.000000000000000888 ) ) ;
#1379 = ADVANCED_FACE ( 'NONE', ( #1798 ), #366, .F. ) ;
#1380 = EDGE_LOOP ( 'NONE', ( #1145, #246, #1785, #440 ) ) ;
#1381 = AXIS2_PLACEMENT_3D ( 'NONE', #536, #1410, #605 ) ;
#1382 = VECTOR ( 'NONE', #353, 1000.000000000000000 ) ;
#1383 = CARTESIAN_POINT ( 'NONE',  ( 4.000000000000000000, 4.898587196589412829E-16, 0.000000000000000000 ) ) ;
#1384 = ORIENTED_EDGE ( 'NONE', *, *, #956, .T. ) ;
#1385 = DIRECTION ( 'NONE',  ( 1.000000000000000000, 0.000000000000000000, 0.000000000000000000 ) ) ;
#1386 = DIRECTION ( 'NONE',  ( 0.000000000000000000, 0.000000000000000000, -1.000000000000000000 ) ) ;
#1387 = APPROVAL_PERSON_ORGANIZATION ( #1229, #232, #723 ) ;
#1388 = CARTESIAN_POINT ( 'NONE',  ( 0.000000000000000000, 7.000000000000000000, 8.000000000000000000 ) ) ;
#1389 = DIRECTION ( 'NONE',  ( 0.000000000000000000, -0.000000000000000000, 1.000000000000000000 ) ) ;
#1390 = DIRECTION ( 'NONE',  ( -0.000000000000000000, -0.000000000000000000, 1.000000000000000000 ) ) ;
#1391 = DIRECTION ( 'NONE',  ( 1.000000000000000000, 0.000000000000000000, 0.000000000000000000 ) ) ;
#1392 = VERTEX_POINT ( 'NONE', #1997 ) ;
#1393 = CARTESIAN_POINT ( 'NONE',  ( 0.000000000000000000, -7.000000000000000000, 8.000000000000000000 ) ) ;
#1394 = VERTEX_POINT ( 'NONE', #1311 ) ;
#1395 = DIRECTION ( 'NONE',  ( 1.000000000000000000, 0.000000000000000000, 0.000000000000000000 ) ) ;
#1396 = DIRECTION ( 'NONE',  ( 0.000000000000000000, 0.000000000000000000, -1.000000000000000000 ) ) ;
#1397 = EDGE_CURVE ( 'NONE', #997, #944, #1950, .T. ) ;
#1398 = EDGE_CURVE ( 'NONE', #1022, #801, #291, .T. ) ;
#1399 = VECTOR ( 'NONE', #91, 1000.000000000000000 ) ;
#1400 = FACE_OUTER_BOUND ( 'NONE', #2058, .T. ) ;
#1401 = DIRECTION ( 'NONE',  ( -0.000000000000000000, -0.000000000000000000, 1.000000000000000000 ) ) ;
#1402 = CARTESIAN_POINT ( 'NONE',  ( 39.58257569495583539, 7.000000000000000000, 0.000000000000000000 ) ) ;
#1403 = ORIENTED_EDGE ( 'NONE', *, *, #1482, .T. ) ;
#1404 = ORIENTED_EDGE ( 'NONE', *, *, #1687, .T. ) ;
#1405 = AXIS2_PLACEMENT_3D ( 'NONE', #67, #712, #2007 ) ;
#1406 = DIRECTION ( 'NONE',  ( -0.000000000000000000, -0.000000000000000000, 1.000000000000000000 ) ) ;
#1407 = DIRECTION ( 'NONE',  ( -1.000000000000000000, 0.000000000000000000, 0.000000000000000000 ) ) ;
#1408 = CIRCLE ( 'NONE', #493, 3.500000000000000000 ) ;
#1409 = ORIENTED_EDGE ( 'NONE', *, *, #1437, .T. ) ;
#1410 = DIRECTION ( 'NONE',  ( 0.000000000000000000, 0.000000000000000000, 1.000000000000000000 ) ) ;
#1411 = CARTESIAN_POINT ( 'NONE',  ( -10.50000000000000000, 0.000000000000000000, 8.000000000000000000 ) ) ;
#1412 = EDGE_LOOP ( 'NONE', ( #1265, #55 ) ) ;
#1413 = ORIENTED_EDGE ( 'NONE', *, *, #660, .F. ) ;
#1414 = EDGE_CURVE ( 'NONE', #1434, #1102, #1607, .T. ) ;
#1415 = ORIENTED_EDGE ( 'NONE', *, *, #825, .T. ) ;
#1416 = CARTESIAN_POINT ( 'NONE',  ( 0.000000000000000000, 7.000000000000000000, 4.000000000000000000 ) ) ;
#1417 = DIRECTION ( 'NONE',  ( -0.000000000000000000, -0.000000000000000000, 1.000000000000000000 ) ) ;
#1418 = VERTEX_POINT ( 'NONE', #1321 ) ;
#1419 = AXIS2_PLACEMENT_3D ( 'NONE', #1915, #822, #1176 ) ;
#1420 = PLANE ( 'NONE',  #1608 ) ;
#1421 = ORIENTED_EDGE ( 'NONE', *, *, #1552, .T. ) ;
#1422 = PERSON ( 'UNSPECIFIED', 'UNSPECIFIED', 'UNSPECIFIED', ('UNSPECIFIED'), ('UNSPECIFIED'), ('UNSPECIFIED') ) ;
#1423 = EDGE_LOOP ( 'NONE', ( #1939, #1951 ) ) ;
#1424 = ADVANCED_FACE ( 'NONE', ( #1152 ), #1808, .T. ) ;
#1425 = ORIENTED_EDGE ( 'NONE', *, *, #770, .T. ) ;
#1426 = ADVANCED_FACE ( 'NONE', ( #690 ), #1988, .F. ) ;
#1427 = DIRECTION ( 'NONE',  ( 0.000000000000000000, 0.000000000000000000, 1.000000000000000000 ) ) ;
#1428 = CARTESIAN_POINT ( 'NONE',  ( 35.00000000000000000, 9.000000000000000000, 0.000000000000000000 ) ) ;
#1429 = PRODUCT ( 'ARM-101_Upper_link_60mm_MG996_SG90', 'ARM-101_Upper_link_60mm_MG996_SG90', '', ( #1655 ) ) ;
#1430 = ORIENTED_EDGE ( 'NONE', *, *, #243, .F. ) ;
#1431 = VECTOR ( 'NONE', #1385, 1000.000000000000000 ) ;
#1432 = CARTESIAN_POINT ( 'NONE',  ( 90.00000000000000000, 14.00000000000000000, 0.000000000000000000 ) ) ;
#1433 = DIRECTION ( 'NONE',  ( 0.000000000000000000, 0.000000000000000000, 1.000000000000000000 ) ) ;
#1434 = VERTEX_POINT ( 'NONE', #1163 ) ;
#1435 = VERTEX_POINT ( 'NONE', #1000 ) ;
#1436 = ORIENTED_EDGE ( 'NONE', *, *, #1132, .F. ) ;
#1437 = EDGE_CURVE ( 'NONE', #781, #656, #532, .T. ) ;
#1438 = LINE ( 'NONE', #1277, #1332 ) ;
#1439 = CARTESIAN_POINT ( 'NONE',  ( 40.00000000000000000, 9.000000000000000000, 4.000000000000000000 ) ) ;
#1440 = ADVANCED_FACE ( 'NONE', ( #377 ), #543, .F. ) ;
#1441 = CIRCLE ( 'NONE', #787, 1.300000000000002487 ) ;
#1442 = AXIS2_PLACEMENT_3D ( 'NONE', #1579, #309, #1093 ) ;
#1443 = EDGE_LOOP ( 'NONE', ( #1175, #832, #1602, #1937 ) ) ;
#1444 = EDGE_CURVE ( 'NONE', #323, #780, #50, .T. ) ;
#1445 = CARTESIAN_POINT ( 'NONE',  ( 42.00000000000000000, 14.00000000000000000, 4.000000000000000000 ) ) ;
#1446 = DIRECTION ( 'NONE',  ( -0.000000000000000000, -0.000000000000000000, -1.000000000000000000 ) ) ;
#1447 = DIRECTION ( 'NONE',  ( 0.000000000000000000, 0.000000000000000000, -1.000000000000000000 ) ) ;
#1448 = ORIENTED_EDGE ( 'NONE', *, *, #1516, .T. ) ;
#1449 = ORIENTED_EDGE ( 'NONE', *, *, #1598, .F. ) ;
#1450 = VERTEX_POINT ( 'NONE', #177 ) ;
#1451 = DIRECTION ( 'NONE',  ( 1.000000000000000000, 0.000000000000000000, 0.000000000000000000 ) ) ;
#1452 = ORIENTED_EDGE ( 'NONE', *, *, #705, .F. ) ;
#1453 = LINE ( 'NONE', #2089, #327 ) ;
#1454 = LINE ( 'NONE', #2091, #155 ) ;
#1455 = CARTESIAN_POINT ( 'NONE',  ( 42.00000000000000000, -14.00000000000000000, 4.000000000000000000 ) ) ;
#1456 = SECURITY_CLASSIFICATION ( '', '', #1688 ) ;
#1457 = ORIENTED_EDGE ( 'NONE', *, *, #392, .T. ) ;
#1458 = VERTEX_POINT ( 'NONE', #817 ) ;
#1459 = ORIENTED_EDGE ( 'NONE', *, *, #47, .T. ) ;
#1460 = DIRECTION ( 'NONE',  ( 0.000000000000000000, 0.000000000000000000, -1.000000000000000000 ) ) ;
#1461 = CIRCLE ( 'NONE', #445, 3.500000000000000000 ) ;
#1462 = CARTESIAN_POINT ( 'NONE',  ( 42.00000000000000000, -7.000000000000000000, 0.000000000000000000 ) ) ;
#1463 = ORIENTED_EDGE ( 'NONE', *, *, #1800, .F. ) ;
#1464 = CARTESIAN_POINT ( 'NONE',  ( 53.60000000000000142, 6.500000000000000000, 4.000000000000000888 ) ) ;
#1465 = CC_DESIGN_PERSON_AND_ORGANIZATION_ASSIGNMENT ( #1867, #874, ( #1492 ) ) ;
#1466 = ADVANCED_FACE ( 'NONE', ( #66 ), #2025, .F. ) ;
#1467 = FACE_OUTER_BOUND ( 'NONE', #714, .T. ) ;
#1468 = ORIENTED_EDGE ( 'NONE', *, *, #1340, .F. ) ;
#1469 = AXIS2_PLACEMENT_3D ( 'NONE', #352, #1489, #1973 ) ;
#1470 = CARTESIAN_POINT ( 'NONE',  ( -3.388860427931490005, 6.125000000000000888, 8.000000000000000000 ) ) ;
#1471 = ORIENTED_EDGE ( 'NONE', *, *, #1414, .F. ) ;
#1472 = AXIS2_PLACEMENT_3D ( 'NONE', #1535, #765, #577 ) ;
#1473 = FACE_OUTER_BOUND ( 'NONE', #613, .T. ) ;
#1474 = EDGE_LOOP ( 'NONE', ( #1674, #610 ) ) ;
#1475 = AXIS2_PLACEMENT_3D ( 'NONE', #1173, #1009, #672 ) ;
#1476 = CARTESIAN_POINT ( 'NONE',  ( -3.500000000000000000, -7.000000000000000000, 8.000000000000000000 ) ) ;
#1477 = AXIS2_PLACEMENT_3D ( 'NONE', #340, #1676, #52 ) ;
#1478 = DIRECTION ( 'NONE',  ( 0.000000000000000000, 0.000000000000000000, 1.000000000000000000 ) ) ;
#1479 = LINE ( 'NONE', #1355, #75 ) ;
#1480 = CARTESIAN_POINT ( 'NONE',  ( 3.500000000000000000, 7.000000000000000000, 8.000000000000000000 ) ) ;
#1481 = VERTEX_POINT ( 'NONE', #1383 ) ;
#1482 = EDGE_CURVE ( 'NONE', #1435, #728, #1508, .T. ) ;
#1483 = CARTESIAN_POINT ( 'NONE',  ( 33.40000000000000568, -9.000000000000000000, 4.000000000000003553 ) ) ;
#1484 = CARTESIAN_POINT ( 'NONE',  ( -16.00000000000000000, 0.000000000000000000, 4.000000000000000000 ) ) ;
#1485 = EDGE_LOOP ( 'NONE', ( #432, #977, #1912, #2036 ) ) ;
#1486 = CIRCLE ( 'NONE', #838, 3.500000000000000000 ) ;
#1487 = AXIS2_PLACEMENT_3D ( 'NONE', #106, #1055, #1701 ) ;
#1488 = DIRECTION ( 'NONE',  ( 0.000000000000000000, 0.000000000000000000, 1.000000000000000000 ) ) ;
#1489 = DIRECTION ( 'NONE',  ( 0.000000000000000000, 0.000000000000000000, 1.000000000000000000 ) ) ;
#1490 = CARTESIAN_POINT ( 'NONE',  ( 42.00000000000000000, 7.000000000000000000, 4.000000000000000000 ) ) ;
#1491 = ORIENTED_EDGE ( 'NONE', *, *, #611, .F. ) ;
#1492 = PRODUCT_DEFINITION_FORMATION_WITH_SPECIFIED_SOURCE ( 'ANY', '', #1429, .NOT_KNOWN. ) ;
#1493 = EDGE_CURVE ( 'NONE', #1906, #1084, #261, .T. ) ;
#1494 = DIRECTION ( 'NONE',  ( 0.000000000000000000, 0.000000000000000000, 1.000000000000000000 ) ) ;
#1495 = ORIENTED_EDGE ( 'NONE', *, *, #1340, .T. ) ;
#1496 = DIRECTION ( 'NONE',  ( 1.000000000000000000, 0.000000000000000000, 0.000000000000000000 ) ) ;
#1497 = LINE ( 'NONE', #34, #782 ) ;
#1498 = CARTESIAN_POINT ( 'NONE',  ( 27.00000000000000000, -3.000000000000000000, 0.000000000000000000 ) ) ;
#1499 = VERTEX_POINT ( 'NONE', #563 ) ;
#1500 = CARTESIAN_POINT ( 'NONE',  ( 0.000000000000000000, 7.000000000000000000, 0.000000000000000000 ) ) ;
#1501 = VECTOR ( 'NONE', #1519, 1000.000000000000000 ) ;
#1502 = CIRCLE ( 'NONE', #585, 4.000000000000000000 ) ;
#1503 = EDGE_CURVE ( 'NONE', #122, #473, #587, .T. ) ;
#1504 = ORIENTED_EDGE ( 'NONE', *, *, #1310, .F. ) ;
#1505 = CALENDAR_DATE ( 2026, 8, 9 ) ;
#1506 = ADVANCED_FACE ( 'NONE', ( #1211 ), #711, .T. ) ;
#1507 = DIRECTION ( 'NONE',  ( 0.000000000000000000, 0.000000000000000000, 1.000000000000000000 ) ) ;
#1508 = CIRCLE ( 'NONE', #1640, 4.000000000000000000 ) ;
#1509 = DIRECTION ( 'NONE',  ( 1.000000000000000000, 0.000000000000000000, 0.000000000000000000 ) ) ;
#1510 = DIRECTION ( 'NONE',  ( 0.000000000000000000, 0.000000000000000000, -1.000000000000000000 ) ) ;
#1511 = VERTEX_POINT ( 'NONE', #401 ) ;
#1512 = AXIS2_PLACEMENT_3D ( 'NONE', #1749, #286, #1089 ) ;
#1513 = LINE ( 'NONE', #398, #346 ) ;
#1514 = CARTESIAN_POINT ( 'NONE',  ( 39.58257569495583539, -7.000000000000000000, 4.000000000000000000 ) ) ;
#1515 = DIRECTION ( 'NONE',  ( 1.000000000000000000, 0.000000000000000000, 0.000000000000000000 ) ) ;
#1516 = EDGE_CURVE ( 'NONE', #2097, #146, #1694, .T. ) ;
#1517 = ORIENTED_EDGE ( 'NONE', *, *, #552, .F. ) ;
#1518 = CARTESIAN_POINT ( 'NONE',  ( 35.00000000000000000, 9.000000000000000000, 4.000000000000003553 ) ) ;
#1519 = DIRECTION ( 'NONE',  ( -0.000000000000000000, -0.000000000000000000, -1.000000000000000000 ) ) ;
#1520 = DIRECTION ( 'NONE',  ( 0.000000000000000000, 0.000000000000000000, 1.000000000000000000 ) ) ;
#1521 = ORIENTED_EDGE ( 'NONE', *, *, #671, .T. ) ;
#1522 = DIRECTION ( 'NONE',  ( 1.000000000000000000, 0.000000000000000000, 0.000000000000000000 ) ) ;
#1523 = COORDINATED_UNIVERSAL_TIME_OFFSET ( 6, 0, .BEHIND. ) ;
#1524 = AXIS2_PLACEMENT_3D ( 'NONE', #2012, #727, #228 ) ;
#1525 = CARTESIAN_POINT ( 'NONE',  ( 80.00000000000000000, 0.000000000000000000, 0.000000000000000000 ) ) ;
#1526 = EDGE_CURVE ( 'NONE', #1394, #623, #1712, .T. ) ;
#1527 = DIRECTION ( 'NONE',  ( -1.000000000000000000, 0.000000000000000000, 0.000000000000000000 ) ) ;
#1528 = DIRECTION ( 'NONE',  ( -0.000000000000000000, -0.000000000000000000, 1.000000000000000000 ) ) ;
#1529 = CARTESIAN_POINT ( 'NONE',  ( 0.000000000000000000, 7.000000000000000000, 8.000000000000000000 ) ) ;
#1530 = ORIENTED_EDGE ( 'NONE', *, *, #1059, .F. ) ;
#1531 = EDGE_CURVE ( 'NONE', #458, #1755, #861, .T. ) ;
#1532 = CARTESIAN_POINT ( 'NONE',  ( 0.000000000000000000, 0.000000000000000000, 4.000000000000000000 ) ) ;
#1533 = LINE ( 'NONE', #744, #650 ) ;
#1534 = CIRCLE ( 'NONE', #1877, 1.599999999999997202 ) ;
#1535 = CARTESIAN_POINT ( 'NONE',  ( 0.000000000000000000, 7.000000000000000000, 4.000000000000000000 ) ) ;
#1536 = VERTEX_POINT ( 'NONE', #1870 ) ;
#1537 = DIRECTION ( 'NONE',  ( 0.000000000000000000, 0.000000000000000000, 1.000000000000000000 ) ) ;
#1538 = CARTESIAN_POINT ( 'NONE',  ( -3.388860427931490449, -6.125000000000000888, 6.000000000000000000 ) ) ;
#1539 = EDGE_LOOP ( 'NONE', ( #1741, #1074 ) ) ;
#1540 = AXIS2_PLACEMENT_3D ( 'NONE', #210, #1670, #860 ) ;
#1541 = ORIENTED_EDGE ( 'NONE', *, *, #1198, .F. ) ;
#1542 = LINE ( 'NONE', #1684, #1784 ) ;
#1543 = DIRECTION ( 'NONE',  ( 0.000000000000000000, 0.000000000000000000, 1.000000000000000000 ) ) ;
#1544 = PERSON_AND_ORGANIZATION ( #1422, #673 ) ;
#1545 = CARTESIAN_POINT ( 'NONE',  ( 0.000000000000000000, -7.000000000000000000, 8.000000000000000000 ) ) ;
#1546 = CARTESIAN_POINT ( 'NONE',  ( 35.00000000000000000, -9.000000000000000000, 4.000000000000000000 ) ) ;
#1547 = ORIENTED_EDGE ( 'NONE', *, *, #1280, .T. ) ;
#1548 = CARTESIAN_POINT ( 'NONE',  ( 53.60000000000000142, -6.500000000000000000, 4.000000000000000888 ) ) ;
#1549 = ORIENTED_EDGE ( 'NONE', *, *, #296, .F. ) ;
#1550 = EDGE_CURVE ( 'NONE', #859, #1757, #998, .T. ) ;
#1551 = FACE_OUTER_BOUND ( 'NONE', #1131, .T. ) ;
#1552 = EDGE_CURVE ( 'NONE', #780, #323, #1441, .T. ) ;
#1553 = CARTESIAN_POINT ( 'NONE',  ( 0.000000000000000000, -7.000000000000000000, 4.000000000000000000 ) ) ;
#1554 = AXIS2_PLACEMENT_3D ( 'NONE', #1641, #1812, #191 ) ;
#1555 = DIRECTION ( 'NONE',  ( 0.000000000000000000, 0.000000000000000000, -1.000000000000000000 ) ) ;
#1556 = CARTESIAN_POINT ( 'NONE',  ( 0.000000000000000000, -7.000000000000000000, 0.000000000000000000 ) ) ;
#1557 = DIRECTION ( 'NONE',  ( 0.000000000000000000, 0.000000000000000000, 1.000000000000000000 ) ) ;
#1558 = VECTOR ( 'NONE', #2022, 1000.000000000000000 ) ;
#1559 = CARTESIAN_POINT ( 'NONE',  ( 40.00000000000000000, 9.000000000000000000, 4.000000000000000000 ) ) ;
#1560 = ORIENTED_EDGE ( 'NONE', *, *, #1132, .T. ) ;
#1561 = EDGE_LOOP ( 'NONE', ( #575, #187 ) ) ;
#1562 = CARTESIAN_POINT ( 'NONE',  ( 0.000000000000000000, 7.000000000000000000, 0.000000000000000000 ) ) ;
#1563 = FACE_OUTER_BOUND ( 'NONE', #470, .T. ) ;
#1564 = CYLINDRICAL_SURFACE ( 'NONE', #1130, 1.600000000000000755 ) ;
#1565 = AXIS2_PLACEMENT_3D ( 'NONE', #1864, #1200, #1039 ) ;
#1566 = ORIENTED_EDGE ( 'NONE', *, *, #510, .F. ) ;
#1567 = CIRCLE ( 'NONE', #347, 1.599999999999999867 ) ;
#1568 = DIRECTION ( 'NONE',  ( 0.000000000000000000, 0.000000000000000000, -1.000000000000000000 ) ) ;
#1569 = EDGE_CURVE ( 'NONE', #1022, #518, #279, .T. ) ;
#1570 = CARTESIAN_POINT ( 'NONE',  ( 28.60000000000000142, -3.000000000000000000, 4.000000000000003553 ) ) ;
#1571 = EDGE_LOOP ( 'NONE', ( #1845, #900, #1822, #636 ) ) ;
#1572 = VERTEX_POINT ( 'NONE', #2055 ) ;
#1573 = ORIENTED_EDGE ( 'NONE', *, *, #552, .T. ) ;
#1574 = CIRCLE ( 'NONE', #83, 3.500000000000000000 ) ;
#1575 = FACE_OUTER_BOUND ( 'NONE', #802, .T. ) ;
#1576 = AXIS2_PLACEMENT_3D ( 'NONE', #960, #1417, #2052 ) ;
#1577 = ORIENTED_EDGE ( 'NONE', *, *, #1949, .T. ) ;
#1578 = EDGE_CURVE ( 'NONE', #1511, #456, #1127, .T. ) ;
#1579 = CARTESIAN_POINT ( 'NONE',  ( 0.000000000000000000, -7.000000000000000000, 8.000000000000000000 ) ) ;
#1580 = ORIENTED_EDGE ( 'NONE', *, *, #619, .T. ) ;
#1581 = EDGE_LOOP ( 'NONE', ( #1744, #889, #138, #480 ) ) ;
#1582 = EDGE_LOOP ( 'NONE', ( #373, #1609, #1566, #653 ) ) ;
#1583 = AXIS2_PLACEMENT_3D ( 'NONE', #1518, #1555, #2043 ) ;
#1584 = VECTOR ( 'NONE', #206, 1000.000000000000000 ) ;
#1585 = DIRECTION ( 'NONE',  ( -0.000000000000000000, -0.000000000000000000, -1.000000000000000000 ) ) ;
#1586 = ORIENTED_EDGE ( 'NONE', *, *, #1821, .F. ) ;
#1587 = AXIS2_PLACEMENT_3D ( 'NONE', #29, #1155, #1012 ) ;
#1588 = CARTESIAN_POINT ( 'NONE',  ( 0.000000000000000000, 0.000000000000000000, 0.000000000000000000 ) ) ;
#1589 = EDGE_CURVE ( 'NONE', #518, #1295, #1574, .T. ) ;
#1590 = ORIENTED_EDGE ( 'NONE', *, *, #1359, .F. ) ;
#1591 = ORIENTED_EDGE ( 'NONE', *, *, #1369, .T. ) ;
#1592 = EDGE_CURVE ( 'NONE', #1875, #944, #71, .T. ) ;
#1593 = ORIENTED_EDGE ( 'NONE', *, *, #1673, .F. ) ;
#1594 = DIRECTION ( 'NONE',  ( 0.000000000000000000, 0.000000000000000000, -1.000000000000000000 ) ) ;
#1595 = EDGE_CURVE ( 'NONE', #1056, #762, #410, .T. ) ;
#1596 = VERTEX_POINT ( 'NONE', #1377 ) ;
#1597 = DIRECTION ( 'NONE',  ( 1.000000000000000000, 0.000000000000000000, 0.000000000000000000 ) ) ;
#1598 = EDGE_CURVE ( 'NONE', #627, #1394, #1722, .T. ) ;
#1599 = CIRCLE ( 'NONE', #180, 1.599999999999997202 ) ;
#1600 = CARTESIAN_POINT ( 'NONE',  ( 42.00000000000000000, 7.000000000000000000, 0.000000000000000000 ) ) ;
#1601 = CYLINDRICAL_SURFACE ( 'NONE', #805, 3.500000000000000000 ) ;
#1602 = ORIENTED_EDGE ( 'NONE', *, *, #1991, .T. ) ;
#1603 = VERTEX_POINT ( 'NONE', #1432 ) ;
#1604 = ORIENTED_EDGE ( 'NONE', *, *, #901, .F. ) ;
#1605 = LINE ( 'NONE', #1760, #452 ) ;
#1606 = FACE_BOUND ( 'NONE', #523, .T. ) ;
#1607 = CIRCLE ( 'NONE', #1475, 1.600000000000000089 ) ;
#1608 = AXIS2_PLACEMENT_3D ( 'NONE', #476, #454, #766 ) ;
#1609 = ORIENTED_EDGE ( 'NONE', *, *, #1779, .F. ) ;
#1610 = DIRECTION ( 'NONE',  ( 0.000000000000000000, 0.000000000000000000, 1.000000000000000000 ) ) ;
#1611 = FACE_OUTER_BOUND ( 'NONE', #38, .T. ) ;
#1612 = DIRECTION ( 'NONE',  ( -0.000000000000000000, -1.000000000000000000, -0.000000000000000000 ) ) ;
#1613 = ORIENTED_EDGE ( 'NONE', *, *, #92, .F. ) ;
#1614 = ORIENTED_EDGE ( 'NONE', *, *, #1908, .T. ) ;
#1615 = EDGE_LOOP ( 'NONE', ( #1208, #1085, #1343, #1649, #1861, #588, #1626, #1959, #1573, #107, #923, #1883, #1117, #1996, #1151, #1255, #446 ) ) ;
#1616 = FACE_BOUND ( 'NONE', #1107, .T. ) ;
#1617 = EDGE_CURVE ( 'NONE', #1938, #1946, #932, .T. ) ;
#1618 = EDGE_CURVE ( 'NONE', #268, #2097, #756, .T. ) ;
#1619 = EDGE_CURVE ( 'NONE', #1636, #1087, #624, .T. ) ;
#1620 = EDGE_LOOP ( 'NONE', ( #1403, #1237, #1097, #2071 ) ) ;
#1621 = DIRECTION ( 'NONE',  ( 1.000000000000000000, 0.000000000000000000, 0.000000000000000000 ) ) ;
#1622 = CIRCLE ( 'NONE', #1118, 3.500000000000000000 ) ;
#1623 = CARTESIAN_POINT ( 'NONE',  ( -3.388860427931489561, 6.125000000000000888, 4.000000000000000000 ) ) ;
#1624 = VERTEX_POINT ( 'NONE', #1600 ) ;
#1625 = ADVANCED_FACE ( 'NONE', ( #1104 ), #1753, .T. ) ;
#1626 = ORIENTED_EDGE ( 'NONE', *, *, #994, .T. ) ;
#1627 = DIRECTION ( 'NONE',  ( 0.000000000000000000, -0.000000000000000000, -1.000000000000000000 ) ) ;
#1628 = CIRCLE ( 'NONE', #216, 4.999999999999997335 ) ;
#1629 = EDGE_LOOP ( 'NONE', ( #1250, #175, #1756, #1457 ) ) ;
#1630 =( NAMED_UNIT ( * ) SI_UNIT ( $, .STERADIAN. ) SOLID_ANGLE_UNIT ( ) );
#1631 = CYLINDRICAL_SURFACE ( 'NONE', #639, 1.599999999999997202 ) ;
#1632 = LINE ( 'NONE', #856, #1197 ) ;
#1633 = EDGE_CURVE ( 'NONE', #2050, #762, #829, .T. ) ;
#1634 = AXIS2_PLACEMENT_3D ( 'NONE', #94, #738, #1389 ) ;
#1635 = DIRECTION ( 'NONE',  ( -1.000000000000000000, 0.000000000000000000, 0.000000000000000000 ) ) ;
#1636 = VERTEX_POINT ( 'NONE', #952 ) ;
#1637 = AXIS2_PLACEMENT_3D ( 'NONE', #649, #620, #1748 ) ;
#1638 = FACE_OUTER_BOUND ( 'NONE', #1581, .T. ) ;
#1639 = ORIENTED_EDGE ( 'NONE', *, *, #1198, .T. ) ;
#1640 = AXIS2_PLACEMENT_3D ( 'NONE', #553, #1874, #419 ) ;
#1641 = CARTESIAN_POINT ( 'NONE',  ( 35.00000000000000000, -9.000000000000000000, 4.000000000000003553 ) ) ;
#1642 = CIRCLE ( 'NONE', #1477, 3.500000000000000444 ) ;
#1643 = DIRECTION ( 'NONE',  ( 1.000000000000000000, 0.000000000000000000, 0.000000000000000000 ) ) ;
#1644 = CARTESIAN_POINT ( 'NONE',  ( 80.00000000000000000, 0.000000000000000000, 4.000000000000003553 ) ) ;
#1645 = DIRECTION ( 'NONE',  ( 0.000000000000000000, 0.000000000000000000, 1.000000000000000000 ) ) ;
#1646 = APPROVAL ( #664, 'UNSPECIFIED' ) ;
#1647 = CARTESIAN_POINT ( 'NONE',  ( 4.000000000000000000, 4.898587196589412829E-16, 4.000000000000003553 ) ) ;
#1648 = DIRECTION ( 'NONE',  ( 0.000000000000000000, 0.000000000000000000, -1.000000000000000000 ) ) ;
#1649 = ORIENTED_EDGE ( 'NONE', *, *, #813, .T. ) ;
#1650 = CARTESIAN_POINT ( 'NONE',  ( 3.500000000000000000, 7.000000000000000000, 8.000000000000000000 ) ) ;
#1651 = CARTESIAN_POINT ( 'NONE',  ( 80.00000000000000000, 0.000000000000000000, 4.000000000000003553 ) ) ;
#1652 = ORIENTED_EDGE ( 'NONE', *, *, #1398, .T. ) ;
#1653 = VECTOR ( 'NONE', #1648, 1000.000000000000000 ) ;
#1654 = AXIS2_PLACEMENT_3D ( 'NONE', #1319, #1667, #507 ) ;
#1655 = MECHANICAL_CONTEXT ( 'NONE', #509, 'mechanical' ) ;
#1656 = CYLINDRICAL_SURFACE ( 'NONE', #892, 7.000000000000000000 ) ;
#1657 = CARTESIAN_POINT ( 'NONE',  ( 53.60000000000000142, -6.500000000000000000, 4.000000000000000888 ) ) ;
#1658 = DIRECTION ( 'NONE',  ( -1.000000000000000000, 0.000000000000000000, 0.000000000000000000 ) ) ;
#1659 = ORIENTED_EDGE ( 'NONE', *, *, #1359, .T. ) ;
#1660 = EDGE_CURVE ( 'NONE', #1458, #486, #149, .T. ) ;
#1661 = CARTESIAN_POINT ( 'NONE',  ( 78.70000000000000284, 0.000000000000000000, 0.000000000000000000 ) ) ;
#1662 = ADVANCED_FACE ( 'NONE', ( #1611 ), #614, .T. ) ;
#1663 = ORIENTED_EDGE ( 'NONE', *, *, #671, .F. ) ;
#1664 = APPLICATION_PROTOCOL_DEFINITION ( 'international standard', 'config_control_design', 1994, #509 ) ;
#1665 = CARTESIAN_POINT ( 'NONE',  ( 35.00000000000000000, -9.000000000000000000, 4.000000000000000000 ) ) ;
#1666 = DIRECTION ( 'NONE',  ( 1.000000000000000000, 0.000000000000000000, 0.000000000000000000 ) ) ;
#1667 = DIRECTION ( 'NONE',  ( -0.000000000000000000, -0.000000000000000000, 1.000000000000000000 ) ) ;
#1668 = EDGE_LOOP ( 'NONE', ( #757, #1247, #495, #1430, #450, #1801, #36, #2083, #1070, #287, #88, #1918, #277, #1907, #449, #2053, #1590 ) ) ;
#1669 = DIRECTION ( 'NONE',  ( -0.000000000000000000, -0.000000000000000000, -1.000000000000000000 ) ) ;
#1670 = DIRECTION ( 'NONE',  ( -0.000000000000000000, -0.000000000000000000, -1.000000000000000000 ) ) ;
#1671 = VECTOR ( 'NONE', #1069, 1000.000000000000000 ) ;
#1672 = EDGE_CURVE ( 'NONE', #1746, #1481, #522, .T. ) ;
#1673 = EDGE_CURVE ( 'NONE', #1499, #997, #1454, .T. ) ;
#1674 = ORIENTED_EDGE ( 'NONE', *, *, #1202, .T. ) ;
#1675 = FACE_OUTER_BOUND ( 'NONE', #295, .T. ) ;
#1676 = DIRECTION ( 'NONE',  ( 0.000000000000000000, 0.000000000000000000, 1.000000000000000000 ) ) ;
#1677 = CARTESIAN_POINT ( 'NONE',  ( 42.00000000000000000, 14.00000000000000000, 4.000000000000000000 ) ) ;
#1678 = CARTESIAN_POINT ( 'NONE',  ( 0.000000000000000000, -7.000000000000000000, 0.000000000000000000 ) ) ;
#1679 = LINE ( 'NONE', #517, #939 ) ;
#1680 = ORIENTED_EDGE ( 'NONE', *, *, #1841, .T. ) ;
#1681 = CIRCLE ( 'NONE', #1306, 1.600000000000000089 ) ;
#1682 = DIRECTION ( 'NONE',  ( -1.000000000000000000, 0.000000000000000000, 0.000000000000000000 ) ) ;
#1683 = CARTESIAN_POINT ( 'NONE',  ( 77.40000000000000568, 0.000000000000000000, -0.000000000000000000 ) ) ;
#1684 = CARTESIAN_POINT ( 'NONE',  ( 30.00000000000000711, 9.000000000000000000, 4.000000000000000000 ) ) ;
#1685 = CARTESIAN_POINT ( 'NONE',  ( 35.00000000000000000, -9.000000000000000000, 4.000000000000000000 ) ) ;
#1686 = ADVANCED_FACE ( 'NONE', ( #125 ), #1420, .T. ) ;
#1687 = EDGE_CURVE ( 'NONE', #1087, #674, #51, .T. ) ;
#1688 = SECURITY_CLASSIFICATION_LEVEL ( 'unclassified' ) ;
#1689 = FACE_BOUND ( 'NONE', #1423, .T. ) ;
#1690 = AXIS2_PLACEMENT_3D ( 'NONE', #399, #258, #1391 ) ;
#1691 = CYLINDRICAL_SURFACE ( 'NONE', #545, 1.600000000000000755 ) ;
#1692 = DIRECTION ( 'NONE',  ( 1.000000000000000000, 0.000000000000000000, 0.000000000000000000 ) ) ;
#1693 = ORIENTED_EDGE ( 'NONE', *, *, #1970, .F. ) ;
#1694 = LINE ( 'NONE', #239, #120 ) ;
#1695 = AXIS2_PLACEMENT_3D ( 'NONE', #1393, #98, #260 ) ;
#1696 = CARTESIAN_POINT ( 'NONE',  ( 77.40000000000000568, -6.500000000000000000, 4.000000000000000888 ) ) ;
#1697 = DIRECTION ( 'NONE',  ( 1.000000000000000000, 0.000000000000000000, 0.000000000000000000 ) ) ;
#1698 = LINE ( 'NONE', #1376, #566 ) ;
#1699 = PRODUCT_DEFINITION_SHAPE ( 'NONE', 'NONE',  #609 ) ;
#1700 = CARTESIAN_POINT ( 'NONE',  ( -7.000000000000000000, 0.000000000000000000, 4.000000000000000000 ) ) ;
#1701 = DIRECTION ( 'NONE',  ( -1.000000000000000000, 0.000000000000000000, 0.000000000000000000 ) ) ;
#1702 = ORIENTED_EDGE ( 'NONE', *, *, #994, .F. ) ;
#1703 = CARTESIAN_POINT ( 'NONE',  ( -6.125000000000000888, -3.388860427931489561, 4.000000000000000000 ) ) ;
#1704 = VECTOR ( 'NONE', #1244, 1000.000000000000000 ) ;
#1705 = DIRECTION ( 'NONE',  ( -1.000000000000000000, 0.000000000000000000, 0.000000000000000000 ) ) ;
#1706 = ORIENTED_EDGE ( 'NONE', *, *, #1910, .F. ) ;
#1707 = CARTESIAN_POINT ( 'NONE',  ( -3.500000000000000000, -7.000000000000000000, 4.000000000000000000 ) ) ;
#1708 = DIRECTION ( 'NONE',  ( 0.000000000000000000, 0.000000000000000000, 1.000000000000000000 ) ) ;
#1709 = CARTESIAN_POINT ( 'NONE',  ( 27.00000000000000000, 3.000000000000000000, 4.000000000000003553 ) ) ;
#1710 = APPROVAL ( #1136, 'UNSPECIFIED' ) ;
#1711 = EDGE_LOOP ( 'NONE', ( #972, #1706 ) ) ;
#1712 = CIRCLE ( 'NONE', #1090, 16.00000000000000000 ) ;
#1713 = DIRECTION ( 'NONE',  ( -1.000000000000000000, 0.000000000000000000, 0.000000000000000000 ) ) ;
#1714 = DIRECTION ( 'NONE',  ( -0.000000000000000000, -0.000000000000000000, -1.000000000000000000 ) ) ;
#1715 = VECTOR ( 'NONE', #1260, 1000.000000000000000 ) ;
#1716 = ORIENTED_EDGE ( 'NONE', *, *, #1296, .F. ) ;
#1717 = LINE ( 'NONE', #731, #691 ) ;
#1718 = CYLINDRICAL_SURFACE ( 'NONE', #1913, 16.00000000000000000 ) ;
#1719 = EDGE_CURVE ( 'NONE', #100, #456, #2068, .T. ) ;
#1720 = CARTESIAN_POINT ( 'NONE',  ( 0.000000000000000000, 7.000000000000000000, 4.000000000000000000 ) ) ;
#1721 = CYLINDRICAL_SURFACE ( 'NONE', #737, 3.500000000000000000 ) ;
#1722 = LINE ( 'NONE', #2021, #2074 ) ;
#1723 = DIRECTION ( 'NONE',  ( 0.000000000000000000, 0.000000000000000000, -1.000000000000000000 ) ) ;
#1724 = ORIENTED_EDGE ( 'NONE', *, *, #1819, .T. ) ;
#1725 = EDGE_LOOP ( 'NONE', ( #1468, #400 ) ) ;
#1726 = EDGE_CURVE ( 'NONE', #74, #1946, #2049, .T. ) ;
#1727 = CARTESIAN_POINT ( 'NONE',  ( 14.38749456993815734, -7.000000000000000000, 0.000000000000000000 ) ) ;
#1728 = AXIS2_PLACEMENT_3D ( 'NONE', #569, #1064, #1054 ) ;
#1729 = LINE ( 'NONE', #434, #1671 ) ;
#1730 = CIRCLE ( 'NONE', #906, 1.299999999999995604 ) ;
#1731 = ADVANCED_FACE ( 'NONE', ( #1124 ), #484, .T. ) ;
#1732 = VERTEX_POINT ( 'NONE', #916 ) ;
#1733 = CYLINDRICAL_SURFACE ( 'NONE', #1298, 1.600000000000000089 ) ;
#1734 = VECTOR ( 'NONE', #1065, 1000.000000000000000 ) ;
#1735 = ORIENTED_EDGE ( 'NONE', *, *, #243, .T. ) ;
#1736 = ORIENTED_EDGE ( 'NONE', *, *, #224, .F. ) ;
#1737 = ORIENTED_EDGE ( 'NONE', *, *, #2030, .F. ) ;
#1738 = LINE ( 'NONE', #565, #42 ) ;
#1739 = ADVANCED_FACE ( 'NONE', ( #1112 ), #1564, .F. ) ;
#1740 = AXIS2_PLACEMENT_3D ( 'NONE', #2011, #1858, #1233 ) ;
#1741 = ORIENTED_EDGE ( 'NONE', *, *, #1976, .T. ) ;
#1742 = VECTOR ( 'NONE', #1396, 1000.000000000000000 ) ;
#1743 = CARTESIAN_POINT ( 'NONE',  ( -3.388860427931489561, -6.125000000000000888, 8.000000000000000000 ) ) ;
#1744 = ORIENTED_EDGE ( 'NONE', *, *, #542, .F. ) ;
#1745 = VERTEX_POINT ( 'NONE', #776 ) ;
#1746 = VERTEX_POINT ( 'NONE', #112 ) ;
#1747 = AXIS2_PLACEMENT_3D ( 'NONE', #1352, #393, #1522 ) ;
#1748 = DIRECTION ( 'NONE',  ( 1.000000000000000000, 0.000000000000000000, 0.000000000000000000 ) ) ;
#1749 = CARTESIAN_POINT ( 'NONE',  ( 0.000000000000000000, -7.000000000000000000, 0.000000000000000000 ) ) ;
#1750 = EDGE_CURVE ( 'NONE', #2023, #1880, #595, .T. ) ;
#1751 = ORIENTED_EDGE ( 'NONE', *, *, #956, .F. ) ;
#1752 = EDGE_CURVE ( 'NONE', #674, #1087, #692, .T. ) ;
#1753 = CYLINDRICAL_SURFACE ( 'NONE', #1031, 3.500000000000000000 ) ;
#1754 = CARTESIAN_POINT ( 'NONE',  ( 0.000000000000000000, 7.000000000000000000, 8.000000000000000000 ) ) ;
#1755 = VERTEX_POINT ( 'NONE', #784 ) ;
#1756 = ORIENTED_EDGE ( 'NONE', *, *, #1372, .F. ) ;
#1757 = VERTEX_POINT ( 'NONE', #1439 ) ;
#1758 = AXIS2_PLACEMENT_3D ( 'NONE', #1525, #725, #747 ) ;
#1759 = CIRCLE ( 'NONE', #767, 3.500000000000000000 ) ;
#1760 = CARTESIAN_POINT ( 'NONE',  ( 33.40000000000000568, 9.000000000000000000, 4.000000000000003553 ) ) ;
#1761 = DIRECTION ( 'NONE',  ( 0.000000000000000000, 0.000000000000000000, 1.000000000000000000 ) ) ;
#1762 = ADVANCED_FACE ( 'NONE', ( #1772, #1606, #2, #1312, #178, #819, #37, #1783, #355 ), #13, .F. ) ;
#1763 = VECTOR ( 'NONE', #1156, 1000.000000000000000 ) ;
#1764 = ORIENTED_EDGE ( 'NONE', *, *, #1079, .T. ) ;
#1765 = AXIS2_PLACEMENT_3D ( 'NONE', #498, #983, #1148 ) ;
#1766 = CARTESIAN_POINT ( 'NONE',  ( 27.00000000000000000, -3.000000000000000000, 0.000000000000000000 ) ) ;
#1767 = CARTESIAN_POINT ( 'NONE',  ( -1.600000000000000089, -7.000000000000000000, 8.000000000000000000 ) ) ;
#1768 = EDGE_LOOP ( 'NONE', ( #2094, #2004 ) ) ;
#1769 = ORIENTED_EDGE ( 'NONE', *, *, #530, .T. ) ;
#1770 = ORIENTED_EDGE ( 'NONE', *, *, #65, .F. ) ;
#1771 = CARTESIAN_POINT ( 'NONE',  ( -6.125000000000000888, -3.388860427931490005, 8.000000000000000000 ) ) ;
#1772 = FACE_BOUND ( 'NONE', #259, .T. ) ;
#1773 = EDGE_LOOP ( 'NONE', ( #540, #1095, #741, #792 ) ) ;
#1774 = DIRECTION ( 'NONE',  ( -0.000000000000000000, -0.000000000000000000, 1.000000000000000000 ) ) ;
#1775 = CIRCLE ( 'NONE', #2040, 1.600000000000000089 ) ;
#1776 = DIRECTION ( 'NONE',  ( -0.000000000000000000, -0.000000000000000000, -1.000000000000000000 ) ) ;
#1777 = EDGE_LOOP ( 'NONE', ( #332, #1517, #1724, #724 ) ) ;
#1778 = EDGE_LOOP ( 'NONE', ( #1047, #940, #1989, #1171 ) ) ;
#1779 = EDGE_CURVE ( 'NONE', #851, #1458, #1886, .T. ) ;
#1780 = EDGE_CURVE ( 'NONE', #1572, #1262, #329, .T. ) ;
#1781 = ORIENTED_EDGE ( 'NONE', *, *, #1310, .T. ) ;
#1782 = DIRECTION ( 'NONE',  ( 0.000000000000000000, 0.000000000000000000, -1.000000000000000000 ) ) ;
#1783 = FACE_BOUND ( 'NONE', #529, .T. ) ;
#1784 = VECTOR ( 'NONE', #90, 1000.000000000000000 ) ;
#1785 = ORIENTED_EDGE ( 'NONE', *, *, #1633, .F. ) ;
#1786 = LINE ( 'NONE', #974, #793 ) ;
#1787 = CARTESIAN_POINT ( 'NONE',  ( -1.600000000000000089, -7.000000000000000000, 0.000000000000000000 ) ) ;
#1788 = EDGE_LOOP ( 'NONE', ( #115, #980, #1313, #1452 ) ) ;
#1789 = VERTEX_POINT ( 'NONE', #1462 ) ;
#1790 = DIRECTION ( 'NONE',  ( -1.000000000000000000, 0.000000000000000000, 0.000000000000000000 ) ) ;
#1791 = ORIENTED_EDGE ( 'NONE', *, *, #1307, .F. ) ;
#1792 = ADVANCED_FACE ( 'NONE', ( #1638 ), #831, .F. ) ;
#1793 = APPROVAL_ROLE ( '' ) ;
#1794 = CIRCLE ( 'NONE', #534, 1.599999999999997202 ) ;
#1795 = DIRECTION ( 'NONE',  ( 1.000000000000000000, 0.000000000000000000, 0.000000000000000000 ) ) ;
#1796 = LINE ( 'NONE', #996, #1653 ) ;
#1797 = ORIENTED_EDGE ( 'NONE', *, *, #1349, .T. ) ;
#1798 = FACE_OUTER_BOUND ( 'NONE', #364, .T. ) ;
#1799 = DIRECTION ( 'NONE',  ( 0.000000000000000000, 0.000000000000000000, 1.000000000000000000 ) ) ;
#1800 = EDGE_CURVE ( 'NONE', #944, #997, #760, .T. ) ;
#1801 = ORIENTED_EDGE ( 'NONE', *, *, #1092, .F. ) ;
#1802 = EDGE_CURVE ( 'NONE', #1755, #943, #1453, .T. ) ;
#1803 = CARTESIAN_POINT ( 'NONE',  ( 6.124999999999999112, 3.388860427931489561, 4.000000000000000000 ) ) ;
#1804 = AXIS2_PLACEMENT_3D ( 'NONE', #895, #1869, #1527 ) ;
#1805 = CARTESIAN_POINT ( 'NONE',  ( 30.00000000000000711, 9.000000000000000000, 4.000000000000000000 ) ) ;
#1806 = CYLINDRICAL_SURFACE ( 'NONE', #733, 1.600000000000000089 ) ;
#1807 = ORIENTED_EDGE ( 'NONE', *, *, #375, .F. ) ;
#1808 = CYLINDRICAL_SURFACE ( 'NONE', #1540, 3.500000000000000000 ) ;
#1809 = EDGE_LOOP ( 'NONE', ( #1549, #815, #893, #281 ) ) ;
#1810 = EDGE_CURVE ( 'NONE', #1276, #518, #1408, .T. ) ;
#1811 = AXIS2_PLACEMENT_3D ( 'NONE', #244, #1528, #1903 ) ;
#1812 = DIRECTION ( 'NONE',  ( 0.000000000000000000, 0.000000000000000000, 1.000000000000000000 ) ) ;
#1813 = AXIS2_PLACEMENT_3D ( 'NONE', #350, #1147, #1344 ) ;
#1814 = DIRECTION ( 'NONE',  ( 1.000000000000000000, 0.000000000000000000, 0.000000000000000000 ) ) ;
#1815 = EDGE_CURVE ( 'NONE', #1242, #1938, #1681, .T. ) ;
#1816 = CARTESIAN_POINT ( 'NONE',  ( 42.00000000000000000, -14.00000000000000000, 0.000000000000000000 ) ) ;
#1817 = FACE_OUTER_BOUND ( 'NONE', #1965, .T. ) ;
#1818 = EDGE_LOOP ( 'NONE', ( #165, #1288 ) ) ;
#1819 = EDGE_CURVE ( 'NONE', #1536, #1081, #1786, .T. ) ;
#1820 = DIRECTION ( 'NONE',  ( -0.000000000000000000, -0.000000000000000000, 1.000000000000000000 ) ) ;
#1821 = EDGE_CURVE ( 'NONE', #173, #1969, #809, .T. ) ;
#1822 = ORIENTED_EDGE ( 'NONE', *, *, #1220, .F. ) ;
#1823 = APPROVAL_DATE_TIME ( #348, #1646 ) ;
#1824 = CYLINDRICAL_SURFACE ( 'NONE', #1921, 3.500000000000000444 ) ;
#1825 = DIRECTION ( 'NONE',  ( -1.000000000000000000, 0.000000000000000000, 0.000000000000000000 ) ) ;
#1826 = DIRECTION ( 'NONE',  ( -0.000000000000000000, -1.000000000000000000, -0.000000000000000000 ) ) ;
#1827 = ORIENTED_EDGE ( 'NONE', *, *, #2095, .T. ) ;
#1828 = LOCAL_TIME ( 16, 46, 17.00000000000000000, #339 ) ;
#1829 = DIRECTION ( 'NONE',  ( 0.000000000000000000, 0.000000000000000000, 1.000000000000000000 ) ) ;
#1830 = DIRECTION ( 'NONE',  ( 0.000000000000000000, 0.000000000000000000, -1.000000000000000000 ) ) ;
#1831 = AXIS2_PLACEMENT_3D ( 'NONE', #72, #717, #380 ) ;
#1832 = ORIENTED_EDGE ( 'NONE', *, *, #1569, .T. ) ;
#1833 = LINE ( 'NONE', #991, #1900 ) ;
#1834 = LINE ( 'NONE', #1178, #1161 ) ;
#1835 = LINE ( 'NONE', #1677, #441 ) ;
#1836 = LINE ( 'NONE', #1180, #1230 ) ;
#1837 = DIRECTION ( 'NONE',  ( 1.000000000000000000, 0.000000000000000000, 0.000000000000000000 ) ) ;
#1838 = ORIENTED_EDGE ( 'NONE', *, *, #113, .F. ) ;
#1839 = ADVANCED_FACE ( 'NONE', ( #1279 ), #1631, .F. ) ;
#1840 = CARTESIAN_POINT ( 'NONE',  ( 51.00000000000000000, 0.000000000000000000, 0.000000000000000000 ) ) ;
#1841 = EDGE_CURVE ( 'NONE', #1880, #954, #349, .T. ) ;
#1842 = AXIS2_PLACEMENT_3D ( 'NONE', #1940, #344, #659 ) ;
#1843 = DIRECTION ( 'NONE',  ( -1.000000000000000000, 0.000000000000000000, 0.000000000000000000 ) ) ;
#1844 = DIRECTION ( 'NONE',  ( 1.000000000000000000, 0.000000000000000000, 0.000000000000000000 ) ) ;
#1845 = ORIENTED_EDGE ( 'NONE', *, *, #335, .T. ) ;
#1846 = PLANE ( 'NONE',  #1728 ) ;
#1847 = VECTOR ( 'NONE', #1859, 1000.000000000000000 ) ;
#1848 = CARTESIAN_POINT ( 'NONE',  ( 27.00000000000000000, -3.000000000000000000, 4.000000000000003553 ) ) ;
#1849 = CARTESIAN_POINT ( 'NONE',  ( 0.000000000000000000, 7.000000000000000000, 4.000000000000000000 ) ) ;
#1850 = ORIENTED_EDGE ( 'NONE', *, *, #336, .F. ) ;
#1851 = AXIS2_PLACEMENT_3D ( 'NONE', #1914, #1281, #1935 ) ;
#1852 = DIRECTION ( 'NONE',  ( 0.000000000000000000, 0.000000000000000000, -1.000000000000000000 ) ) ;
#1853 = DIRECTION ( 'NONE',  ( 0.000000000000000000, 0.000000000000000000, 1.000000000000000000 ) ) ;
#1854 = EDGE_CURVE ( 'NONE', #1745, #381, #409, .T. ) ;
#1855 = CARTESIAN_POINT ( 'NONE',  ( 0.000000000000000000, 0.000000000000000000, 8.000000000000000000 ) ) ;
#1856 = VECTOR ( 'NONE', #827, 1000.000000000000000 ) ;
#1857 = CIRCLE ( 'NONE', #1210, 1.600000000000000755 ) ;
#1858 = DIRECTION ( 'NONE',  ( -1.000000000000000000, 0.000000000000000000, 0.000000000000000000 ) ) ;
#1859 = DIRECTION ( 'NONE',  ( -0.000000000000000000, -0.000000000000000000, -1.000000000000000000 ) ) ;
#1860 = DIRECTION ( 'NONE',  ( 0.000000000000000000, 0.000000000000000000, 1.000000000000000000 ) ) ;
#1861 = ORIENTED_EDGE ( 'NONE', *, *, #1598, .T. ) ;
#1862 = DIRECTION ( 'NONE',  ( -0.000000000000000000, -0.000000000000000000, -1.000000000000000000 ) ) ;
#1863 = LOCAL_TIME ( 16, 46, 17.00000000000000000, #694 ) ;
#1864 = CARTESIAN_POINT ( 'NONE',  ( 0.000000000000000000, -7.000000000000000000, 4.000000000000000000 ) ) ;
#1865 = CARTESIAN_POINT ( 'NONE',  ( 51.00000000000000000, 0.000000000000000000, 4.000000000000003553 ) ) ;
#1866 = CC_DESIGN_PERSON_AND_ORGANIZATION_ASSIGNMENT ( #524, #213, ( #1429 ) ) ;
#1867 = PERSON_AND_ORGANIZATION ( #1422, #673 ) ;
#1868 = DIRECTION ( 'NONE',  ( 0.000000000000000000, 0.000000000000000000, 1.000000000000000000 ) ) ;
#1869 = DIRECTION ( 'NONE',  ( 0.000000000000000000, 0.000000000000000000, -1.000000000000000000 ) ) ;
#1870 = CARTESIAN_POINT ( 'NONE',  ( 30.41742430504416461, -7.000000000000000000, 4.000000000000000000 ) ) ;
#1871 = CARTESIAN_POINT ( 'NONE',  ( 35.00000000000000000, 9.000000000000000000, 4.000000000000000000 ) ) ;
#1872 = VERTEX_POINT ( 'NONE', #1283 ) ;
#1873 = CARTESIAN_POINT ( 'NONE',  ( 0.000000000000000000, 7.000000000000000000, 8.000000000000000000 ) ) ;
#1874 = DIRECTION ( 'NONE',  ( 0.000000000000000000, 0.000000000000000000, 1.000000000000000000 ) ) ;
#1875 = VERTEX_POINT ( 'NONE', #834 ) ;
#1876 = DIRECTION ( 'NONE',  ( -0.000000000000000000, -1.000000000000000000, -0.000000000000000000 ) ) ;
#1877 = AXIS2_PLACEMENT_3D ( 'NONE', #390, #1987, #531 ) ;
#1878 = AXIS2_PLACEMENT_3D ( 'NONE', #970, #959, #2075 ) ;
#1879 = LINE ( 'NONE', #1553, #182 ) ;
#1880 = VERTEX_POINT ( 'NONE', #514 ) ;
#1881 = DIRECTION ( 'NONE',  ( -0.000000000000000000, -0.000000000000000000, -1.000000000000000000 ) ) ;
#1882 = LINE ( 'NONE', #910, #1558 ) ;
#1883 = ORIENTED_EDGE ( 'NONE', *, *, #705, .T. ) ;
#1884 = EDGE_CURVE ( 'NONE', #1745, #1596, #359, .T. ) ;
#1885 = AXIS2_PLACEMENT_3D ( 'NONE', #2028, #576, #1395 ) ;
#1886 = CIRCLE ( 'NONE', #658, 7.000000000000000000 ) ;
#1887 = EDGE_CURVE ( 'NONE', #1222, #1075, #1835, .T. ) ;
#1888 = EDGE_LOOP ( 'NONE', ( #442, #311 ) ) ;
#1889 = CARTESIAN_POINT ( 'NONE',  ( 52.29999999999999716, 1.592040838891562300E-16, 4.000000000000003553 ) ) ;
#1890 = DIRECTION ( 'NONE',  ( -1.000000000000000000, 0.000000000000000000, 0.000000000000000000 ) ) ;
#1891 = ORIENTED_EDGE ( 'NONE', *, *, #250, .F. ) ;
#1892 = DIRECTION ( 'NONE',  ( 0.000000000000000000, 0.000000000000000000, 1.000000000000000000 ) ) ;
#1893 = FACE_OUTER_BOUND ( 'NONE', #1125, .T. ) ;
#1894 = DIRECTION ( 'NONE',  ( 0.000000000000000000, 0.000000000000000000, 1.000000000000000000 ) ) ;
#1895 = DIRECTION ( 'NONE',  ( 1.000000000000000000, 0.000000000000000000, 0.000000000000000000 ) ) ;
#1896 = ORIENTED_EDGE ( 'NONE', *, *, #1214, .T. ) ;
#1897 = EDGE_CURVE ( 'NONE', #1218, #122, #1179, .T. ) ;
#1898 = ORIENTED_EDGE ( 'NONE', *, *, #1589, .T. ) ;
#1899 = CARTESIAN_POINT ( 'NONE',  ( 53.60000000000000142, -6.500000000000000000, 0.000000000000000000 ) ) ;
#1900 = VECTOR ( 'NONE', #675, 1000.000000000000000 ) ;
#1901 = ORIENTED_EDGE ( 'NONE', *, *, #773, .F. ) ;
#1902 = FACE_OUTER_BOUND ( 'NONE', #897, .T. ) ;
#1903 = DIRECTION ( 'NONE',  ( -1.000000000000000000, 0.000000000000000000, 0.000000000000000000 ) ) ;
#1904 = VECTOR ( 'NONE', #886, 1000.000000000000000 ) ;
#1905 = ORIENTED_EDGE ( 'NONE', *, *, #930, .T. ) ;
#1906 = VERTEX_POINT ( 'NONE', #812 ) ;
#1907 = ORIENTED_EDGE ( 'NONE', *, *, #642, .F. ) ;
#1908 = EDGE_CURVE ( 'NONE', #1596, #1979, #62, .T. ) ;
#1909 = DIRECTION ( 'NONE',  ( 0.000000000000000000, 0.000000000000000000, 1.000000000000000000 ) ) ;
#1910 = EDGE_CURVE ( 'NONE', #728, #1435, #1351, .T. ) ;
#1911 = CIRCLE ( 'NONE', #1469, 16.00000000000000000 ) ;
#1912 = ORIENTED_EDGE ( 'NONE', *, *, #684, .T. ) ;
#1913 = AXIS2_PLACEMENT_3D ( 'NONE', #1063, #414, #1705 ) ;
#1914 = CARTESIAN_POINT ( 'NONE',  ( 35.00000000000000000, -9.000000000000000000, 4.000000000000000000 ) ) ;
#1915 = CARTESIAN_POINT ( 'NONE',  ( -7.000000000000000000, 0.000000000000000000, 8.000000000000000000 ) ) ;
#1916 = CYLINDRICAL_SURFACE ( 'NONE', #1813, 16.00000000000000000 ) ;
#1917 = ORIENTED_EDGE ( 'NONE', *, *, #1933, .F. ) ;
#1918 = ORIENTED_EDGE ( 'NONE', *, *, #619, .F. ) ;
#1919 = AXIS2_PLACEMENT_3D ( 'NONE', #555, #57, #1923 ) ;
#1920 = CARTESIAN_POINT ( 'NONE',  ( 7.000000000000000000, 0.000000000000000000, 8.000000000000000000 ) ) ;
#1921 = AXIS2_PLACEMENT_3D ( 'NONE', #8, #370, #384 ) ;
#1922 = VERTEX_POINT ( 'NONE', #662 ) ;
#1923 = DIRECTION ( 'NONE',  ( 1.000000000000000000, 0.000000000000000000, 0.000000000000000000 ) ) ;
#1924 = CARTESIAN_POINT ( 'NONE',  ( 0.000000000000000000, 7.000000000000000000, 8.000000000000000000 ) ) ;
#1925 = DIRECTION ( 'NONE',  ( 0.000000000000000000, 0.000000000000000000, -1.000000000000000000 ) ) ;
#1926 = VERTEX_POINT ( 'NONE', #307 ) ;
#1927 = EDGE_LOOP ( 'NONE', ( #358, #211, #333, #604 ) ) ;
#1928 = ORIENTED_EDGE ( 'NONE', *, *, #1578, .T. ) ;
#1929 = CIRCLE ( 'NONE', #1758, 1.299999999999995604 ) ;
#1930 = FACE_BOUND ( 'NONE', #631, .T. ) ;
#1931 = ORIENTED_EDGE ( 'NONE', *, *, #1619, .F. ) ;
#1932 = AXIS2_PLACEMENT_3D ( 'NONE', #1754, #1433, #331 ) ;
#1933 = EDGE_CURVE ( 'NONE', #1113, #751, #800, .T. ) ;
#1934 = EDGE_CURVE ( 'NONE', #1732, #1257, #99, .T. ) ;
#1935 = DIRECTION ( 'NONE',  ( -1.000000000000000000, 0.000000000000000000, 0.000000000000000000 ) ) ;
#1936 = DIRECTION ( 'NONE',  ( -1.000000000000000000, 0.000000000000000000, 0.000000000000000000 ) ) ;
#1937 = ORIENTED_EDGE ( 'NONE', *, *, #169, .F. ) ;
#1938 = VERTEX_POINT ( 'NONE', #1767 ) ;
#1939 = ORIENTED_EDGE ( 'NONE', *, *, #1998, .F. ) ;
#1940 = CARTESIAN_POINT ( 'NONE',  ( 0.000000000000000000, 0.000000000000000000, 8.000000000000000000 ) ) ;
#1941 = EDGE_LOOP ( 'NONE', ( #430, #81, #1838, #1052 ) ) ;
#1942 = DIRECTION ( 'NONE',  ( 0.000000000000000000, 0.000000000000000000, 1.000000000000000000 ) ) ;
#1943 = CIRCLE ( 'NONE', #1878, 7.000000000000000000 ) ;
#1944 = CARTESIAN_POINT ( 'NONE',  ( 30.00000000000000711, 9.000000000000000000, 0.000000000000000000 ) ) ;
#1945 = ORIENTED_EDGE ( 'NONE', *, *, #1357, .F. ) ;
#1946 = VERTEX_POINT ( 'NONE', #1787 ) ;
#1947 = VERTEX_POINT ( 'NONE', #1273 ) ;
#1948 = CARTESIAN_POINT ( 'NONE',  ( 0.000000000000000000, 0.000000000000000000, 0.000000000000000000 ) ) ;
#1949 = EDGE_CURVE ( 'NONE', #1262, #1159, #1794, .T. ) ;
#1950 = CIRCLE ( 'NONE', #1196, 1.599999999999999867 ) ;
#1951 = ORIENTED_EDGE ( 'NONE', *, *, #1226, .F. ) ;
#1952 = PERSON_AND_ORGANIZATION ( #1422, #673 ) ;
#1953 = CARTESIAN_POINT ( 'NONE',  ( 33.40000000000000568, 9.000000000000000000, 0.000000000000000000 ) ) ;
#1954 = CARTESIAN_POINT ( 'NONE',  ( 0.000000000000000000, -6.500000000000000000, -0.000000000000000000 ) ) ;
#1955 = VERTEX_POINT ( 'NONE', #2081 ) ;
#1956 = PRODUCT_RELATED_PRODUCT_CATEGORY ( 'detail', '', ( #1429 ) ) ;
#1957 = FACE_OUTER_BOUND ( 'NONE', #190, .T. ) ;
#1958 = EDGE_CURVE ( 'NONE', #289, #1745, #2061, .T. ) ;
#1959 = ORIENTED_EDGE ( 'NONE', *, *, #250, .T. ) ;
#1960 = CALENDAR_DATE ( 2026, 8, 9 ) ;
#1961 = AXIS2_PLACEMENT_3D ( 'NONE', #1873, #1058, #742 ) ;
#1962 = CARTESIAN_POINT ( 'NONE',  ( 42.00000000000000000, 14.00000000000000000, 0.000000000000000000 ) ) ;
#1963 = LINE ( 'NONE', #1816, #144 ) ;
#1964 = LINE ( 'NONE', #814, #1005 ) ;
#1965 = EDGE_LOOP ( 'NONE', ( #794, #1368, #870, #911 ) ) ;
#1966 = EDGE_CURVE ( 'NONE', #1139, #1022, #843, .T. ) ;
#1967 = CARTESIAN_POINT ( 'NONE',  ( 35.00000000000000000, -9.000000000000000000, 0.000000000000000000 ) ) ;
#1968 = ADVANCED_FACE ( 'NONE', ( #586 ), #789, .F. ) ;
#1969 = VERTEX_POINT ( 'NONE', #2070 ) ;
#1970 = EDGE_CURVE ( 'NONE', #1113, #1218, #1094, .T. ) ;
#1971 = CARTESIAN_POINT ( 'NONE',  ( 90.00000000000000000, -14.00000000000000000, 4.000000000000000000 ) ) ;
#1972 = CIRCLE ( 'NONE', #383, 1.600000000000000089 ) ;
#1973 = DIRECTION ( 'NONE',  ( 1.000000000000000000, 0.000000000000000000, 0.000000000000000000 ) ) ;
#1974 = DIRECTION ( 'NONE',  ( -0.000000000000000000, -0.000000000000000000, -1.000000000000000000 ) ) ;
#1975 = ORIENTED_EDGE ( 'NONE', *, *, #503, .F. ) ;
#1976 = EDGE_CURVE ( 'NONE', #943, #1011, #1730, .T. ) ;
#1977 = LINE ( 'NONE', #1650, #284 ) ;
#1978 = DIRECTION ( 'NONE',  ( -0.000000000000000000, -0.000000000000000000, 1.000000000000000000 ) ) ;
#1979 = VERTEX_POINT ( 'NONE', #1623 ) ;
#1980 = VECTOR ( 'NONE', #560, 1000.000000000000000 ) ;
#1981 = VECTOR ( 'NONE', #147, 1000.000000000000000 ) ;
#1982 = DIRECTION ( 'NONE',  ( 0.000000000000000000, 0.000000000000000000, -1.000000000000000000 ) ) ;
#1983 = CYLINDRICAL_SURFACE ( 'NONE', #905, 1.599999999999997202 ) ;
#1984 = CARTESIAN_POINT ( 'NONE',  ( -10.50000000000000000, 0.000000000000000000, 8.000000000000000000 ) ) ;
#1985 = CARTESIAN_POINT ( 'NONE',  ( 49.69999999999999574, 0.000000000000000000, 0.000000000000000000 ) ) ;
#1986 = ORIENTED_EDGE ( 'NONE', *, *, #1810, .T. ) ;
#1987 = DIRECTION ( 'NONE',  ( 0.000000000000000000, 0.000000000000000000, 1.000000000000000000 ) ) ;
#1988 = CYLINDRICAL_SURFACE ( 'NONE', #395, 4.000000000000000000 ) ;
#1989 = ORIENTED_EDGE ( 'NONE', *, *, #33, .T. ) ;
#1990 = FACE_OUTER_BOUND ( 'NONE', #2079, .T. ) ;
#1991 = EDGE_CURVE ( 'NONE', #1789, #345, #2037, .T. ) ;
#1992 = ADVANCED_FACE ( 'NONE', ( #953 ), #1601, .T. ) ;
#1993 = DIRECTION ( 'NONE',  ( 0.000000000000000000, 0.000000000000000000, 1.000000000000000000 ) ) ;
#1994 = CIRCLE ( 'NONE', #1587, 1.300000000000002487 ) ;
#1995 = CARTESIAN_POINT ( 'NONE',  ( 81.29999999999999716, 1.592040838891553672E-16, 4.000000000000003553 ) ) ;
#1996 = ORIENTED_EDGE ( 'NONE', *, *, #1143, .T. ) ;
#1997 = CARTESIAN_POINT ( 'NONE',  ( 90.00000000000000000, -14.00000000000000000, 0.000000000000000000 ) ) ;
#1998 = EDGE_CURVE ( 'NONE', #179, #1955, #2086, .T. ) ;
#1999 = DIRECTION ( 'NONE',  ( -0.000000000000000000, -0.000000000000000000, -1.000000000000000000 ) ) ;
#2000 = AXIS2_PLACEMENT_3D ( 'NONE', #1967, #357, #1515 ) ;
#2001 = DIRECTION ( 'NONE',  ( 1.000000000000000000, 0.000000000000000000, 0.000000000000000000 ) ) ;
#2002 = DIRECTION ( 'NONE',  ( 0.000000000000000000, 0.000000000000000000, 1.000000000000000000 ) ) ;
#2003 = PLANE ( 'NONE',  #1831 ) ;
#2004 = ORIENTED_EDGE ( 'NONE', *, *, #1815, .F. ) ;
#2005 = AXIS2_PLACEMENT_3D ( 'NONE', #12, #1669, #219 ) ;
#2006 = VECTOR ( 'NONE', #1460, 1000.000000000000000 ) ;
#2007 = DIRECTION ( 'NONE',  ( 1.000000000000000000, 0.000000000000000000, 0.000000000000000000 ) ) ;
#2008 = EDGE_CURVE ( 'NONE', #949, #303, #162, .T. ) ;
#2009 = ORIENTED_EDGE ( 'NONE', *, *, #901, .T. ) ;
#2010 = FACE_OUTER_BOUND ( 'NONE', #646, .T. ) ;
#2011 = CARTESIAN_POINT ( 'NONE',  ( 90.00000000000000000, -14.00000000000000000, 4.000000000000000000 ) ) ;
#2012 = CARTESIAN_POINT ( 'NONE',  ( 0.000000000000000000, 0.000000000000000000, 4.000000000000000000 ) ) ;
#2013 = VERTEX_POINT ( 'NONE', #172 ) ;
#2014 = ADVANCED_FACE ( 'NONE', ( #2092 ), #644, .T. ) ;
#2015 = CARTESIAN_POINT ( 'NONE',  ( 1.600000000000000089, -7.000000000000000000, 8.000000000000000000 ) ) ;
#2016 = DIRECTION ( 'NONE',  ( 0.000000000000000000, 0.000000000000000000, -1.000000000000000000 ) ) ;
#2017 = DATE_AND_TIME ( #80, #203 ) ;
#2018 = CARTESIAN_POINT ( 'NONE',  ( 0.000000000000000000, -7.000000000000000000, 4.000000000000000000 ) ) ;
#2019 = AXIS2_PLACEMENT_3D ( 'NONE', #103, #1892, #558 ) ;
#2020 = VECTOR ( 'NONE', #1006, 1000.000000000000000 ) ;
#2021 = CARTESIAN_POINT ( 'NONE',  ( 0.000000000000000000, 7.000000000000000000, 4.000000000000000000 ) ) ;
#2022 = DIRECTION ( 'NONE',  ( -0.000000000000000000, -0.000000000000000000, -1.000000000000000000 ) ) ;
#2023 = VERTEX_POINT ( 'NONE', #1944 ) ;
#2024 = VECTOR ( 'NONE', #204, 1000.000000000000000 ) ;
#2025 = CYLINDRICAL_SURFACE ( 'NONE', #326, 1.599999999999997202 ) ;
#2026 = APPROVAL_PERSON_ORGANIZATION ( #496, #1710, #1793 ) ;
#2027 = ORIENTED_EDGE ( 'NONE', *, *, #1357, .T. ) ;
#2028 = CARTESIAN_POINT ( 'NONE',  ( 27.00000000000000000, 3.000000000000000000, 4.000000000000003553 ) ) ;
#2029 = CARTESIAN_POINT ( 'NONE',  ( 5.400000000000000355, 0.000000000000000000, 0.000000000000000000 ) ) ;
#2030 = EDGE_CURVE ( 'NONE', #1922, #1450, #487, .T. ) ;
#2031 = CARTESIAN_POINT ( 'NONE',  ( -1.600000000000000089, 7.000000000000000000, 8.000000000000000000 ) ) ;
#2032 = PLANE ( 'NONE',  #1740 ) ;
#2033 = ADVANCED_FACE ( 'NONE', ( #1467 ), #574, .F. ) ;
#2034 = DIRECTION ( 'NONE',  ( -1.000000000000000000, 0.000000000000000000, 0.000000000000000000 ) ) ;
#2035 = CARTESIAN_POINT ( 'NONE',  ( 33.40000000000000568, 9.000000000000000000, 4.000000000000003553 ) ) ;
#2036 = ORIENTED_EDGE ( 'NONE', *, *, #927, .F. ) ;
#2037 = LINE ( 'NONE', #964, #945 ) ;
#2038 = ORIENTED_EDGE ( 'NONE', *, *, #1246, .F. ) ;
#2039 = CARTESIAN_POINT ( 'NONE',  ( 42.00000000000000000, 14.00000000000000000, 4.000000000000000000 ) ) ;
#2040 = AXIS2_PLACEMENT_3D ( 'NONE', #1500, #1820, #365 ) ;
#2041 = CARTESIAN_POINT ( 'NONE',  ( 3.500000000000000000, 7.000000000000000000, 4.000000000000000000 ) ) ;
#2042 = ORIENTED_EDGE ( 'NONE', *, *, #1246, .T. ) ;
#2043 = DIRECTION ( 'NONE',  ( -1.000000000000000000, 0.000000000000000000, 0.000000000000000000 ) ) ;
#2044 = ADVANCED_FACE ( 'NONE', ( #898 ), #1236, .F. ) ;
#2045 = LINE ( 'NONE', #596, #1704 ) ;
#2046 = LINE ( 'NONE', #1559, #1258 ) ;
#2047 = ORIENTED_EDGE ( 'NONE', *, *, #2056, .T. ) ;
#2048 = AXIS2_PLACEMENT_3D ( 'NONE', #465, #951, #148 ) ;
#2049 = CIRCLE ( 'NONE', #1512, 1.600000000000000089 ) ;
#2050 = VERTEX_POINT ( 'NONE', #513 ) ;
#2051 = DIRECTION ( 'NONE',  ( -1.000000000000000000, 0.000000000000000000, 0.000000000000000000 ) ) ;
#2052 = DIRECTION ( 'NONE',  ( -1.000000000000000000, 0.000000000000000000, 0.000000000000000000 ) ) ;
#2053 = ORIENTED_EDGE ( 'NONE', *, *, #1934, .F. ) ;
#2054 = CARTESIAN_POINT ( 'NONE',  ( 7.000000000000000000, 0.000000000000000000, 8.000000000000000000 ) ) ;
#2055 = CARTESIAN_POINT ( 'NONE',  ( 33.40000000000000568, -9.000000000000000000, 4.000000000000003553 ) ) ;
#2056 = EDGE_CURVE ( 'NONE', #1872, #412, #1994, .T. ) ;
#2057 = EDGE_LOOP ( 'NONE', ( #338, #729, #601, #508 ) ) ;
#2058 = EDGE_LOOP ( 'NONE', ( #254, #562, #86, #1986 ) ) ;
#2059 = ORIENTED_EDGE ( 'NONE', *, *, #759, .T. ) ;
#2060 = FACE_BOUND ( 'NONE', #718, .T. ) ;
#2061 = CIRCLE ( 'NONE', #1932, 3.500000000000000000 ) ;
#2062 = ORIENTED_EDGE ( 'NONE', *, *, #1618, .F. ) ;
#2063 = DIRECTION ( 'NONE',  ( 0.000000000000000000, -1.000000000000000000, 0.000000000000000000 ) ) ;
#2064 = ORIENTED_EDGE ( 'NONE', *, *, #1958, .T. ) ;
#2065 = EDGE_LOOP ( 'NONE', ( #976, #2062, #1769, #469 ) ) ;
#2066 = EDGE_LOOP ( 'NONE', ( #617, #1945 ) ) ;
#2067 = CARTESIAN_POINT ( 'NONE',  ( 39.58257569495583539, 7.000000000000000000, 4.000000000000000000 ) ) ;
#2068 = LINE ( 'NONE', #317, #1715 ) ;
#2069 = ORIENTED_EDGE ( 'NONE', *, *, #1493, .F. ) ;
#2070 = CARTESIAN_POINT ( 'NONE',  ( 53.60000000000000142, 6.500000000000000000, 4.000000000000000888 ) ) ;
#2071 = ORIENTED_EDGE ( 'NONE', *, *, #684, .F. ) ;
#2072 = EDGE_LOOP ( 'NONE', ( #1928, #2059 ) ) ;
#2073 = ORIENTED_EDGE ( 'NONE', *, *, #1397, .F. ) ;
#2074 = VECTOR ( 'NONE', #105, 1000.000000000000000 ) ;
#2075 = DIRECTION ( 'NONE',  ( 1.000000000000000000, 0.000000000000000000, 0.000000000000000000 ) ) ;
#2076 = VECTOR ( 'NONE', #1024, 1000.000000000000000 ) ;
#2077 = EDGE_CURVE ( 'NONE', #955, #1418, #1833, .T. ) ;
#2078 = MANIFOLD_SOLID_BREP ( 'Restore_shoulder_sleeve_bore', #15 ) ;
#2079 = EDGE_LOOP ( 'NONE', ( #1339, #1827, #606, #1290 ) ) ;
#2080 = DIRECTION ( 'NONE',  ( -1.000000000000000000, 0.000000000000000000, 0.000000000000000000 ) ) ;
#2081 = CARTESIAN_POINT ( 'NONE',  ( 1.600000000000000089, 7.000000000000000000, 8.000000000000000000 ) ) ;
#2082 = ORIENTED_EDGE ( 'NONE', *, *, #1531, .F. ) ;
#2083 = ORIENTED_EDGE ( 'NONE', *, *, #335, .F. ) ;
#2084 = ORIENTED_EDGE ( 'NONE', *, *, #471, .F. ) ;
#2085 = DIRECTION ( 'NONE',  ( 1.000000000000000000, 0.000000000000000000, 0.000000000000000000 ) ) ;
#2086 = CIRCLE ( 'NONE', #1286, 1.600000000000000089 ) ;
#2087 = ORIENTED_EDGE ( 'NONE', *, *, #600, .F. ) ;
#2088 = CC_DESIGN_SECURITY_CLASSIFICATION ( #1456, ( #1492 ) ) ;
#2089 = CARTESIAN_POINT ( 'NONE',  ( 78.70000000000000284, 0.000000000000000000, 4.000000000000003553 ) ) ;
#2090 = ADVANCED_FACE ( 'NONE', ( #1675 ), #1323, .F. ) ;
#2091 = CARTESIAN_POINT ( 'NONE',  ( -5.400000000000000355, 1.959434878635764491E-16, 8.000000000000000000 ) ) ;
#2092 = FACE_OUTER_BOUND ( 'NONE', #2065, .T. ) ;
#2093 = ORIENTED_EDGE ( 'NONE', *, *, #839, .T. ) ;
#2094 = ORIENTED_EDGE ( 'NONE', *, *, #1369, .F. ) ;
#2095 = EDGE_CURVE ( 'NONE', #2013, #1572, #369, .T. ) ;
#2096 = CIRCLE ( 'NONE', #174, 4.999999999999997335 ) ;
#2097 = VERTEX_POINT ( 'NONE', #1476 ) ;
ENDSEC;
END-ISO-10303-21;
