ISO-10303-21;
HEADER;
FILE_DESCRIPTION (( 'STEP AP203' ),
    '1' );
FILE_NAME ('HW-005_SG90_COMPACT_CROSS_REFERENCE.step',
    '2026-09-09T03:18:46',
    ( '' ),
    ( '' ),
    'SwSTEP 2.0',
    'SolidWorks 2026',
    '' );
FILE_SCHEMA (( 'CONFIG_CONTROL_DESIGN' ));
ENDSEC;

DATA;
#1 = CARTESIAN_POINT ( 'NONE',  ( 0.5000000000000000000, 4.299999999999999822, 1.500000000000001332 ) ) ;
#2 = EDGE_CURVE ( 'NONE', #73, #673, #928, .T. ) ;
#3 = ORIENTED_EDGE ( 'NONE', *, *, #1331, .T. ) ;
#4 = ORIENTED_EDGE ( 'NONE', *, *, #320, .F. ) ;
#5 = FACE_BOUND ( 'NONE', #1567, .T. ) ;
#6 = EDGE_CURVE ( 'NONE', #32, #755, #1146, .T. ) ;
#7 = EDGE_CURVE ( 'NONE', #1215, #247, #1373, .T. ) ;
#8 = DIRECTION ( 'NONE',  ( 1.000000000000000000, 0.000000000000000000, 0.000000000000000000 ) ) ;
#9 = ORIENTED_EDGE ( 'NONE', *, *, #553, .T. ) ;
#10 = EDGE_LOOP ( 'NONE', ( #511, #1425, #392, #1130 ) ) ;
#11 = DESIGN_CONTEXT ( 'detailed design', #1051, 'design' ) ;
#12 = CARTESIAN_POINT ( 'NONE',  ( 0.000000000000000000, 4.299999999999999822, 1.500000000000001332 ) ) ;
#13 = AXIS2_PLACEMENT_3D ( 'NONE', #766, #117, #1439 ) ;
#14 = CARTESIAN_POINT ( 'NONE',  ( 0.000000000000000000, 0.000000000000000000, 0.000000000000000000 ) ) ;
#15 = ORIENTED_EDGE ( 'NONE', *, *, #253, .T. ) ;
#16 = ADVANCED_FACE ( 'NONE', ( #1690 ), #1171, .F. ) ;
#17 = EDGE_LOOP ( 'NONE', ( #913, #166 ) ) ;
#18 = CARTESIAN_POINT ( 'NONE',  ( -4.299999999999999822, 0.000000000000000000, 1.500000000000001332 ) ) ;
#19 = CIRCLE ( 'NONE', #672, 0.5000000000000000000 ) ;
#20 = CARTESIAN_POINT ( 'NONE',  ( -8.300000000000000711, 0.000000000000000000, 1.500000000000001332 ) ) ;
#21 = AXIS2_PLACEMENT_3D ( 'NONE', #72, #826, #1119 ) ;
#22 = DIRECTION ( 'NONE',  ( 1.000000000000000000, 0.000000000000000000, 0.000000000000000000 ) ) ;
#23 = ORIENTED_EDGE ( 'NONE', *, *, #484, .T. ) ;
#24 = EDGE_CURVE ( 'NONE', #247, #1215, #1398, .T. ) ;
#25 = ORIENTED_EDGE ( 'NONE', *, *, #1680, .T. ) ;
#26 = PLANE ( 'NONE',  #652 ) ;
#27 = DIRECTION ( 'NONE',  ( -1.000000000000000000, 0.000000000000000000, 0.000000000000000000 ) ) ;
#28 = CYLINDRICAL_SURFACE ( 'NONE', #1147, 0.5000000000000004441 ) ;
#29 = AXIS2_PLACEMENT_3D ( 'NONE', #130, #369, #1390 ) ;
#30 = CARTESIAN_POINT ( 'NONE',  ( 5.799999999999999822, 0.000000000000000000, 0.000000000000000000 ) ) ;
#31 = AXIS2_PLACEMENT_3D ( 'NONE', #1125, #1549, #1665 ) ;
#32 = VERTEX_POINT ( 'NONE', #279 ) ;
#33 = ORIENTED_EDGE ( 'NONE', *, *, #1537, .F. ) ;
#34 = DIRECTION ( 'NONE',  ( 1.000000000000000000, 0.000000000000000000, 0.000000000000000000 ) ) ;
#35 = DIRECTION ( 'NONE',  ( 0.000000000000000000, 0.000000000000000000, -1.000000000000000000 ) ) ;
#36 = ADVANCED_FACE ( 'NONE', ( #1710, #1011, #634, #1068 ), #506, .F. ) ;
#37 = DIRECTION ( 'NONE',  ( 0.000000000000000000, 0.000000000000000000, -1.000000000000000000 ) ) ;
#38 = DIRECTION ( 'NONE',  ( -0.000000000000000000, -0.000000000000000000, -1.000000000000000000 ) ) ;
#39 = CIRCLE ( 'NONE', #1217, 2.000000000000000000 ) ;
#40 = ORIENTED_EDGE ( 'NONE', *, *, #1640, .T. ) ;
#41 = AXIS2_PLACEMENT_3D ( 'NONE', #1634, #846, #586 ) ;
#42 = ORIENTED_EDGE ( 'NONE', *, *, #6, .T. ) ;
#43 = DIRECTION ( 'NONE',  ( 1.000000000000000000, 0.000000000000000000, 0.000000000000000000 ) ) ;
#44 = CARTESIAN_POINT ( 'NONE',  ( 8.150000000000000355, -2.000000000000000000, 1.500000000000000000 ) ) ;
#45 = CARTESIAN_POINT ( 'NONE',  ( -8.150000000000000355, 2.000000000000000000, 1.500000000000000000 ) ) ;
#46 = CARTESIAN_POINT ( 'NONE',  ( 5.799999999999999822, 0.000000000000000000, 1.500000000000001332 ) ) ;
#47 = AXIS2_PLACEMENT_3D ( 'NONE', #1333, #150, #669 ) ;
#48 = VERTEX_POINT ( 'NONE', #542 ) ;
#49 = CARTESIAN_POINT ( 'NONE',  ( 0.000000000000000000, 4.299999999999999822, 0.000000000000000000 ) ) ;
#50 = EDGE_CURVE ( 'NONE', #1375, #519, #1607, .T. ) ;
#51 = ORIENTED_EDGE ( 'NONE', *, *, #1379, .F. ) ;
#52 = DIRECTION ( 'NONE',  ( -1.000000000000000000, 0.000000000000000000, 0.000000000000000000 ) ) ;
#53 = VECTOR ( 'NONE', #540, 1000.000000000000000 ) ;
#54 = AXIS2_PLACEMENT_3D ( 'NONE', #226, #1686, #1118 ) ;
#55 = CARTESIAN_POINT ( 'NONE',  ( -6.299999999999999822, 0.000000000000000000, 0.000000000000000000 ) ) ;
#56 = DIRECTION ( 'NONE',  ( -0.000000000000000000, -0.000000000000000000, -1.000000000000000000 ) ) ;
#57 = EDGE_CURVE ( 'NONE', #366, #32, #411, .T. ) ;
#58 = DIRECTION ( 'NONE',  ( -0.000000000000000000, -0.000000000000000000, -1.000000000000000000 ) ) ;
#59 = ORIENTED_EDGE ( 'NONE', *, *, #178, .T. ) ;
#60 = CARTESIAN_POINT ( 'NONE',  ( 0.000000000000000000, -8.300000000000000711, 1.500000000000001332 ) ) ;
#61 = ORIENTED_EDGE ( 'NONE', *, *, #1065, .T. ) ;
#62 = LINE ( 'NONE', #1476, #981 ) ;
#63 = FACE_OUTER_BOUND ( 'NONE', #796, .T. ) ;
#64 = DIRECTION ( 'NONE',  ( 1.000000000000000000, 0.000000000000000000, 0.000000000000000000 ) ) ;
#65 = EDGE_LOOP ( 'NONE', ( #1653, #359 ) ) ;
#66 = CARTESIAN_POINT ( 'NONE',  ( -0.5000000000000000000, 8.300000000000000711, 0.000000000000000000 ) ) ;
#67 = EDGE_CURVE ( 'NONE', #501, #1131, #1457, .T. ) ;
#68 = AXIS2_PLACEMENT_3D ( 'NONE', #60, #1105, #335 ) ;
#69 = ORIENTED_EDGE ( 'NONE', *, *, #407, .T. ) ;
#70 = DIRECTION ( 'NONE',  ( 0.000000000000000000, 0.000000000000000000, -1.000000000000000000 ) ) ;
#71 = DIRECTION ( 'NONE',  ( -1.000000000000000000, 0.000000000000000000, 0.000000000000000000 ) ) ;
#72 = CARTESIAN_POINT ( 'NONE',  ( 0.000000000000000000, 8.150000000000000355, 1.500000000000000000 ) ) ;
#73 = VERTEX_POINT ( 'NONE', #668 ) ;
#74 = DIRECTION ( 'NONE',  ( 0.000000000000000000, 0.000000000000000000, -1.000000000000000000 ) ) ;
#75 = AXIS2_PLACEMENT_3D ( 'NONE', #1083, #1486, #1514 ) ;
#76 = ADVANCED_FACE ( 'NONE', ( #942 ), #285, .T. ) ;
#77 = ORIENTED_EDGE ( 'NONE', *, *, #1207, .F. ) ;
#78 = ADVANCED_FACE ( 'NONE', ( #1137 ), #486, .F. ) ;
#79 = ORIENTED_EDGE ( 'NONE', *, *, #671, .T. ) ;
#80 = DIRECTION ( 'NONE',  ( -1.000000000000000000, 0.000000000000000000, 0.000000000000000000 ) ) ;
#81 = CYLINDRICAL_SURFACE ( 'NONE', #1697, 0.5000000000000004441 ) ;
#82 = LINE ( 'NONE', #910, #780 ) ;
#83 = VERTEX_POINT ( 'NONE', #44 ) ;
#84 = CALENDAR_DATE ( 2026, 8, 9 ) ;
#85 = AXIS2_PLACEMENT_3D ( 'NONE', #805, #1337, #155 ) ;
#86 = ORIENTED_EDGE ( 'NONE', *, *, #1244, .F. ) ;
#87 = CARTESIAN_POINT ( 'NONE',  ( 4.299999999999999822, 0.000000000000000000, 1.500000000000001332 ) ) ;
#88 = DIRECTION ( 'NONE',  ( 1.000000000000000000, 0.000000000000000000, 0.000000000000000000 ) ) ;
#89 = ADVANCED_FACE ( 'NONE', ( #454 ), #831, .F. ) ;
#90 = DIRECTION ( 'NONE',  ( -0.000000000000000000, -0.000000000000000000, -1.000000000000000000 ) ) ;
#91 = ORIENTED_EDGE ( 'NONE', *, *, #308, .F. ) ;
#92 = CARTESIAN_POINT ( 'NONE',  ( 0.000000000000000000, 0.000000000000000000, -2.500000000000000000 ) ) ;
#93 = ORIENTED_EDGE ( 'NONE', *, *, #1658, .T. ) ;
#94 = AXIS2_PLACEMENT_3D ( 'NONE', #96, #368, #1539 ) ;
#95 = ORIENTED_EDGE ( 'NONE', *, *, #67, .T. ) ;
#96 = CARTESIAN_POINT ( 'NONE',  ( 0.000000000000000000, 4.299999999999999822, 1.500000000000001332 ) ) ;
#97 = AXIS2_PLACEMENT_3D ( 'NONE', #424, #443, #1352 ) ;
#98 = DIRECTION ( 'NONE',  ( 1.000000000000000000, 0.000000000000000000, 0.000000000000000000 ) ) ;
#99 = CARTESIAN_POINT ( 'NONE',  ( 0.000000000000000000, 8.300000000000000711, 0.000000000000000000 ) ) ;
#100 = VERTEX_POINT ( 'NONE', #1082 ) ;
#101 = PERSON_AND_ORGANIZATION_ROLE ( 'design_supplier' ) ;
#102 = PLANE ( 'NONE',  #1517 ) ;
#103 = AXIS2_PLACEMENT_3D ( 'NONE', #1139, #1546, #636 ) ;
#104 = ORIENTED_EDGE ( 'NONE', *, *, #941, .F. ) ;
#105 = EDGE_CURVE ( 'NONE', #1245, #924, #965, .T. ) ;
#106 = CIRCLE ( 'NONE', #47, 0.5000000000000000000 ) ;
#107 = FACE_OUTER_BOUND ( 'NONE', #1458, .T. ) ;
#108 = CARTESIAN_POINT ( 'NONE',  ( 0.000000000000000000, 6.299999999999999822, 1.500000000000001332 ) ) ;
#109 = DIRECTION ( 'NONE',  ( 0.000000000000000000, 0.000000000000000000, -1.000000000000000000 ) ) ;
#110 = EDGE_CURVE ( 'NONE', #426, #1415, #301, .T. ) ;
#111 = VECTOR ( 'NONE', #583, 1000.000000000000000 ) ;
#112 = ORIENTED_EDGE ( 'NONE', *, *, #693, .T. ) ;
#113 = APPROVAL_ROLE ( '' ) ;
#114 = CARTESIAN_POINT ( 'NONE',  ( -2.000000000000000000, -8.150000000000000355, 1.500000000000000000 ) ) ;
#115 = ORIENTED_EDGE ( 'NONE', *, *, #1236, .F. ) ;
#116 = ORIENTED_EDGE ( 'NONE', *, *, #535, .T. ) ;
#117 = DIRECTION ( 'NONE',  ( 0.000000000000000000, 0.000000000000000000, -1.000000000000000000 ) ) ;
#118 = VECTOR ( 'NONE', #1446, 1000.000000000000000 ) ;
#119 = CARTESIAN_POINT ( 'NONE',  ( -0.5000000000000000000, 6.299999999999999822, 1.500000000000001332 ) ) ;
#120 = VECTOR ( 'NONE', #1346, 1000.000000000000000 ) ;
#121 = CARTESIAN_POINT ( 'NONE',  ( -6.800000000000000711, 0.000000000000000000, 1.500000000000001332 ) ) ;
#122 = DIRECTION ( 'NONE',  ( 1.000000000000000000, 0.000000000000000000, 0.000000000000000000 ) ) ;
#123 = APPLICATION_PROTOCOL_DEFINITION ( 'international standard', 'config_control_design', 1994, #1600 ) ;
#124 = DIRECTION ( 'NONE',  ( -0.000000000000000000, -0.000000000000000000, -1.000000000000000000 ) ) ;
#125 = EDGE_LOOP ( 'NONE', ( #661, #269, #1520, #1638 ) ) ;
#126 = EDGE_CURVE ( 'NONE', #1050, #251, #416, .T. ) ;
#127 = VERTEX_POINT ( 'NONE', #560 ) ;
#128 = DIRECTION ( 'NONE',  ( 1.000000000000000000, 0.000000000000000000, 0.000000000000000000 ) ) ;
#129 = AXIS2_PLACEMENT_3D ( 'NONE', #45, #312, #455 ) ;
#130 = CARTESIAN_POINT ( 'NONE',  ( 0.000000000000000000, -6.299999999999999822, 1.500000000000001332 ) ) ;
#131 = ADVANCED_FACE ( 'NONE', ( #1091 ), #1496, .F. ) ;
#132 = CARTESIAN_POINT ( 'NONE',  ( -0.5000000000000000000, -8.300000000000000711, 0.000000000000000000 ) ) ;
#133 = ORIENTED_EDGE ( 'NONE', *, *, #203, .T. ) ;
#134 = ADVANCED_FACE ( 'NONE', ( #63 ), #549, .F. ) ;
#135 = ORIENTED_EDGE ( 'NONE', *, *, #1614, .T. ) ;
#136 = EDGE_CURVE ( 'NONE', #989, #1188, #504, .T. ) ;
#137 = CARTESIAN_POINT ( 'NONE',  ( 0.000000000000000000, 8.300000000000000711, 1.500000000000001332 ) ) ;
#138 = CIRCLE ( 'NONE', #75, 3.450000000000000178 ) ;
#139 = CYLINDRICAL_SURFACE ( 'NONE', #241, 0.5000000000000000000 ) ;
#140 = EDGE_LOOP ( 'NONE', ( #709, #377, #304, #158 ) ) ;
#141 = VERTEX_POINT ( 'NONE', #1622 ) ;
#142 = CARTESIAN_POINT ( 'NONE',  ( 0.000000000000000000, -6.299999999999999822, 1.500000000000001332 ) ) ;
#143 = EDGE_CURVE ( 'NONE', #1585, #100, #949, .T. ) ;
#144 = FACE_OUTER_BOUND ( 'NONE', #852, .T. ) ;
#145 = ORIENTED_EDGE ( 'NONE', *, *, #991, .F. ) ;
#146 = ORIENTED_EDGE ( 'NONE', *, *, #972, .T. ) ;
#147 = FACE_BOUND ( 'NONE', #224, .T. ) ;
#148 = EDGE_LOOP ( 'NONE', ( #1418, #342 ) ) ;
#149 = EDGE_CURVE ( 'NONE', #1371, #1187, #1128, .T. ) ;
#150 = DIRECTION ( 'NONE',  ( 0.000000000000000000, 0.000000000000000000, 1.000000000000000000 ) ) ;
#151 = ORIENTED_EDGE ( 'NONE', *, *, #871, .T. ) ;
#152 = VERTEX_POINT ( 'NONE', #711 ) ;
#153 = CARTESIAN_POINT ( 'NONE',  ( 6.299999999999999822, 0.000000000000000000, 1.500000000000001332 ) ) ;
#154 = AXIS2_PLACEMENT_3D ( 'NONE', #1587, #1190, #1602 ) ;
#155 = DIRECTION ( 'NONE',  ( -1.000000000000000000, 0.000000000000000000, 0.000000000000000000 ) ) ;
#156 = CARTESIAN_POINT ( 'NONE',  ( 2.000000000000000000, -8.150000000000000355, 0.000000000000000000 ) ) ;
#157 = CARTESIAN_POINT ( 'NONE',  ( 8.300000000000000711, 0.000000000000000000, 1.500000000000001332 ) ) ;
#158 = ORIENTED_EDGE ( 'NONE', *, *, #1047, .F. ) ;
#159 = VERTEX_POINT ( 'NONE', #568 ) ;
#160 = CARTESIAN_POINT ( 'NONE',  ( 0.000000000000000000, 0.000000000000000000, 1.500000000000001332 ) ) ;
#161 = CARTESIAN_POINT ( 'NONE',  ( 2.000000000000000000, 2.811138559374120494, 1.500000000000000000 ) ) ;
#162 = LINE ( 'NONE', #192, #1397 ) ;
#163 = DIRECTION ( 'NONE',  ( 0.000000000000000000, -0.000000000000000000, -1.000000000000000000 ) ) ;
#164 = ORIENTED_EDGE ( 'NONE', *, *, #418, .T. ) ;
#165 = CARTESIAN_POINT ( 'NONE',  ( -8.150000000000000355, 2.000000000000000000, 1.500000000000000000 ) ) ;
#166 = ORIENTED_EDGE ( 'NONE', *, *, #1005, .F. ) ;
#167 = DIRECTION ( 'NONE',  ( 1.000000000000000000, 0.000000000000000000, 0.000000000000000000 ) ) ;
#168 = CARTESIAN_POINT ( 'NONE',  ( -8.300000000000000711, 0.000000000000000000, 1.500000000000001332 ) ) ;
#169 = PLANE ( 'NONE',  #129 ) ;
#170 = EDGE_CURVE ( 'NONE', #755, #32, #1209, .T. ) ;
#171 = DIRECTION ( 'NONE',  ( 1.000000000000000000, 0.000000000000000000, 0.000000000000000000 ) ) ;
#172 = CIRCLE ( 'NONE', #1134, 3.450000000000000178 ) ;
#173 = EDGE_LOOP ( 'NONE', ( #243, #1332, #907, #677, #864, #725, #1303, #1343, #898, #1354, #59, #740 ) ) ;
#174 = PRODUCT_DEFINITION_FORMATION_WITH_SPECIFIED_SOURCE ( 'ANY', '', #595, .NOT_KNOWN. ) ;
#175 = DIRECTION ( 'NONE',  ( 1.000000000000000000, 0.000000000000000000, 0.000000000000000000 ) ) ;
#176 = ORIENTED_EDGE ( 'NONE', *, *, #820, .F. ) ;
#177 = CYLINDRICAL_SURFACE ( 'NONE', #1624, 2.000000000000000000 ) ;
#178 = EDGE_CURVE ( 'NONE', #251, #1670, #1522, .T. ) ;
#179 = CARTESIAN_POINT ( 'NONE',  ( 0.000000000000000000, 0.000000000000000000, 0.000000000000000000 ) ) ;
#180 = CARTESIAN_POINT ( 'NONE',  ( 0.000000000000000000, 0.000000000000000000, 1.500000000000000000 ) ) ;
#181 = CIRCLE ( 'NONE', #1488, 0.5000000000000004441 ) ;
#182 = AXIS2_PLACEMENT_3D ( 'NONE', #1431, #497, #122 ) ;
#183 = DIRECTION ( 'NONE',  ( 0.000000000000000000, 0.000000000000000000, 1.000000000000000000 ) ) ;
#184 = AXIS2_PLACEMENT_3D ( 'NONE', #1392, #1369, #960 ) ;
#185 = ORIENTED_EDGE ( 'NONE', *, *, #967, .F. ) ;
#186 = DIRECTION ( 'NONE',  ( 1.000000000000000000, 0.000000000000000000, 0.000000000000000000 ) ) ;
#187 = VERTEX_POINT ( 'NONE', #329 ) ;
#188 = DIRECTION ( 'NONE',  ( 1.000000000000000000, 0.000000000000000000, -0.000000000000000000 ) ) ;
#189 = AXIS2_PLACEMENT_3D ( 'NONE', #527, #1053, #1605 ) ;
#190 = VECTOR ( 'NONE', #1009, 1000.000000000000000 ) ;
#191 = CARTESIAN_POINT ( 'NONE',  ( -2.549999999999999822, 0.000000000000000000, 1.500000000000001332 ) ) ;
#192 = CARTESIAN_POINT ( 'NONE',  ( 0.5000000000000000000, -8.300000000000000711, 1.500000000000001332 ) ) ;
#193 = DIRECTION ( 'NONE',  ( 1.000000000000000000, 0.000000000000000000, 0.000000000000000000 ) ) ;
#194 = EDGE_CURVE ( 'NONE', #127, #809, #853, .T. ) ;
#195 = ORIENTED_EDGE ( 'NONE', *, *, #559, .T. ) ;
#196 = AXIS2_PLACEMENT_3D ( 'NONE', #1010, #354, #1148 ) ;
#197 = CARTESIAN_POINT ( 'NONE',  ( 2.549999999999999822, 3.122849337825750419E-16, 1.500000000000001332 ) ) ;
#198 = VERTEX_POINT ( 'NONE', #1389 ) ;
#199 = EDGE_LOOP ( 'NONE', ( #628, #717, #1411, #408 ) ) ;
#200 = DIRECTION ( 'NONE',  ( 1.000000000000000000, 0.000000000000000000, 0.000000000000000000 ) ) ;
#201 = CYLINDRICAL_SURFACE ( 'NONE', #793, 2.000000000000000000 ) ;
#202 = CYLINDRICAL_SURFACE ( 'NONE', #21, 2.000000000000000000 ) ;
#203 = EDGE_CURVE ( 'NONE', #414, #1271, #1355, .T. ) ;
#204 = ORIENTED_EDGE ( 'NONE', *, *, #271, .F. ) ;
#205 = CARTESIAN_POINT ( 'NONE',  ( 2.811138559374120494, -2.000000000000000000, 1.500000000000000000 ) ) ;
#206 = ORIENTED_EDGE ( 'NONE', *, *, #1482, .F. ) ;
#207 = VERTEX_POINT ( 'NONE', #1615 ) ;
#208 = CARTESIAN_POINT ( 'NONE',  ( -0.5000000000000000000, 6.299999999999999822, 1.500000000000001332 ) ) ;
#209 = DIRECTION ( 'NONE',  ( 0.000000000000000000, 0.000000000000000000, -1.000000000000000000 ) ) ;
#210 = LINE ( 'NONE', #1159, #682 ) ;
#211 = AXIS2_PLACEMENT_3D ( 'NONE', #92, #1648, #1424 ) ;
#212 = ORIENTED_EDGE ( 'NONE', *, *, #370, .T. ) ;
#213 = CIRCLE ( 'NONE', #488, 3.450000000000000178 ) ;
#214 = ORIENTED_EDGE ( 'NONE', *, *, #1429, .T. ) ;
#215 = EDGE_CURVE ( 'NONE', #346, #1245, #429, .T. ) ;
#216 = CARTESIAN_POINT ( 'NONE',  ( -6.299999999999999822, 0.000000000000000000, 1.500000000000001332 ) ) ;
#217 = DIRECTION ( 'NONE',  ( 1.000000000000000000, 0.000000000000000000, 0.000000000000000000 ) ) ;
#218 = DIRECTION ( 'NONE',  ( -0.000000000000000000, -0.000000000000000000, -1.000000000000000000 ) ) ;
#219 = EDGE_LOOP ( 'NONE', ( #1554, #1620, #164, #1477 ) ) ;
#220 = APPROVAL_ROLE ( '' ) ;
#221 = DIRECTION ( 'NONE',  ( 1.000000000000000000, 0.000000000000000000, 0.000000000000000000 ) ) ;
#222 = AXIS2_PLACEMENT_3D ( 'NONE', #749, #1485, #1101 ) ;
#223 = EDGE_LOOP ( 'NONE', ( #653, #1350, #862, #283 ) ) ;
#224 = EDGE_LOOP ( 'NONE', ( #775, #987 ) ) ;
#225 = CARTESIAN_POINT ( 'NONE',  ( 0.000000000000000000, 0.000000000000000000, 0.000000000000000000 ) ) ;
#226 = CARTESIAN_POINT ( 'NONE',  ( 0.000000000000000000, -6.299999999999999822, 0.000000000000000000 ) ) ;
#227 = CARTESIAN_POINT ( 'NONE',  ( -8.150000000000000355, 2.000000000000000000, 1.500000000000000000 ) ) ;
#228 = ADVANCED_FACE ( 'NONE', ( #823 ), #462, .F. ) ;
#229 = CARTESIAN_POINT ( 'NONE',  ( -5.799999999999999822, 6.123233995736772199E-17, 1.500000000000001332 ) ) ;
#230 = DATE_AND_TIME ( #1402, #395 ) ;
#231 = DIRECTION ( 'NONE',  ( 1.000000000000000000, 0.000000000000000000, 0.000000000000000000 ) ) ;
#232 = ORIENTED_EDGE ( 'NONE', *, *, #1645, .T. ) ;
#233 = ADVANCED_FACE ( 'NONE', ( #875 ), #1675, .F. ) ;
#234 = LINE ( 'NONE', #756, #532 ) ;
#235 = ADVANCED_FACE ( 'NONE', ( #1027 ), #1132, .F. ) ;
#236 = CIRCLE ( 'NONE', #1250, 2.000000000000000000 ) ;
#237 = FACE_OUTER_BOUND ( 'NONE', #1156, .T. ) ;
#238 = CARTESIAN_POINT ( 'NONE',  ( 2.000000000000000000, -2.811138559374120494, 0.000000000000000000 ) ) ;
#239 = DIRECTION ( 'NONE',  ( 0.000000000000000000, 0.000000000000000000, 1.000000000000000000 ) ) ;
#240 = FACE_BOUND ( 'NONE', #17, .T. ) ;
#241 = AXIS2_PLACEMENT_3D ( 'NONE', #1617, #554, #1609 ) ;
#242 = ORIENTED_EDGE ( 'NONE', *, *, #609, .T. ) ;
#243 = ORIENTED_EDGE ( 'NONE', *, *, #110, .F. ) ;
#244 = CARTESIAN_POINT ( 'NONE',  ( 0.5000000000000000000, -8.300000000000000711, 0.000000000000000000 ) ) ;
#245 = CARTESIAN_POINT ( 'NONE',  ( -6.800000000000000711, 0.000000000000000000, 0.000000000000000000 ) ) ;
#246 = DIRECTION ( 'NONE',  ( -0.000000000000000000, -0.000000000000000000, -1.000000000000000000 ) ) ;
#247 = VERTEX_POINT ( 'NONE', #592 ) ;
#248 = CALENDAR_DATE ( 2026, 8, 9 ) ;
#249 = ADVANCED_FACE ( 'NONE', ( #107 ), #502, .F. ) ;
#250 = CARTESIAN_POINT ( 'NONE',  ( 0.000000000000000000, 8.300000000000000711, 1.500000000000001332 ) ) ;
#251 = VERTEX_POINT ( 'NONE', #891 ) ;
#252 = VERTEX_POINT ( 'NONE', #208 ) ;
#253 = EDGE_CURVE ( 'NONE', #1050, #501, #1406, .T. ) ;
#254 = VECTOR ( 'NONE', #1278, 1000.000000000000000 ) ;
#255 = FACE_BOUND ( 'NONE', #908, .T. ) ;
#256 = AXIS2_PLACEMENT_3D ( 'NONE', #55, #1649, #293 ) ;
#257 = FACE_OUTER_BOUND ( 'NONE', #1114, .T. ) ;
#258 = ADVANCED_FACE ( 'NONE', ( #1144, #1117, #1157, #1427 ), #1530, .F. ) ;
#259 = FACE_OUTER_BOUND ( 'NONE', #1025, .T. ) ;
#260 = EDGE_CURVE ( 'NONE', #159, #1182, #1259, .T. ) ;
#261 = ORIENTED_EDGE ( 'NONE', *, *, #136, .T. ) ;
#262 = ORIENTED_EDGE ( 'NONE', *, *, #50, .F. ) ;
#263 = VECTOR ( 'NONE', #1669, 1000.000000000000000 ) ;
#264 = FACE_BOUND ( 'NONE', #349, .T. ) ;
#265 = VECTOR ( 'NONE', #286, 1000.000000000000000 ) ;
#266 = VECTOR ( 'NONE', #355, 1000.000000000000000 ) ;
#267 = DIRECTION ( 'NONE',  ( 0.000000000000000000, 0.000000000000000000, -1.000000000000000000 ) ) ;
#268 = ORIENTED_EDGE ( 'NONE', *, *, #1223, .T. ) ;
#269 = ORIENTED_EDGE ( 'NONE', *, *, #1087, .T. ) ;
#270 = DIRECTION ( 'NONE',  ( 1.000000000000000000, 0.000000000000000000, -0.000000000000000000 ) ) ;
#271 = EDGE_CURVE ( 'NONE', #929, #1467, #774, .T. ) ;
#272 = VECTOR ( 'NONE', #800, 1000.000000000000000 ) ;
#273 = DIRECTION ( 'NONE',  ( 1.000000000000000000, 0.000000000000000000, 0.000000000000000000 ) ) ;
#274 = AXIS2_PLACEMENT_3D ( 'NONE', #108, #1126, #1540 ) ;
#275 = EDGE_LOOP ( 'NONE', ( #599, #1112 ) ) ;
#276 = EDGE_LOOP ( 'NONE', ( #915, #770 ) ) ;
#277 = FACE_OUTER_BOUND ( 'NONE', #140, .T. ) ;
#278 = EDGE_CURVE ( 'NONE', #366, #607, #995, .T. ) ;
#279 = CARTESIAN_POINT ( 'NONE',  ( -5.799999999999999822, 6.123233995736772199E-17, 0.000000000000000000 ) ) ;
#280 = CARTESIAN_POINT ( 'NONE',  ( -2.000000000000000000, -2.811138559374120494, 1.500000000000000000 ) ) ;
#281 = EDGE_CURVE ( 'NONE', #458, #346, #614, .T. ) ;
#282 = ORIENTED_EDGE ( 'NONE', *, *, #67, .F. ) ;
#283 = ORIENTED_EDGE ( 'NONE', *, *, #1367, .T. ) ;
#284 = DIRECTION ( 'NONE',  ( -0.000000000000000000, -0.000000000000000000, -1.000000000000000000 ) ) ;
#285 = CYLINDRICAL_SURFACE ( 'NONE', #85, 3.450000000000000178 ) ;
#286 = DIRECTION ( 'NONE',  ( 0.000000000000000000, 0.000000000000000000, -1.000000000000000000 ) ) ;
#287 = VECTOR ( 'NONE', #573, 1000.000000000000000 ) ;
#288 = DIRECTION ( 'NONE',  ( 0.000000000000000000, 0.000000000000000000, 1.000000000000000000 ) ) ;
#289 = EDGE_LOOP ( 'NONE', ( #385, #998, #1297, #261 ) ) ;
#290 = EDGE_LOOP ( 'NONE', ( #309, #69, #185, #783 ) ) ;
#291 = CARTESIAN_POINT ( 'NONE',  ( -2.000000000000000000, -8.150000000000000355, 0.000000000000000000 ) ) ;
#292 = AXIS2_PLACEMENT_3D ( 'NONE', #157, #1054, #1069 ) ;
#293 = DIRECTION ( 'NONE',  ( 1.000000000000000000, 0.000000000000000000, 0.000000000000000000 ) ) ;
#294 = FACE_OUTER_BOUND ( 'NONE', #442, .T. ) ;
#295 = CARTESIAN_POINT ( 'NONE',  ( 2.000000000000000000, 8.150000000000000355, 0.000000000000000000 ) ) ;
#296 = ORIENTED_EDGE ( 'NONE', *, *, #1019, .F. ) ;
#297 = LINE ( 'NONE', #828, #534 ) ;
#298 = ORIENTED_EDGE ( 'NONE', *, *, #1593, .T. ) ;
#299 = DIRECTION ( 'NONE',  ( 1.000000000000000000, 0.000000000000000000, 0.000000000000000000 ) ) ;
#300 = EDGE_CURVE ( 'NONE', #1536, #618, #39, .T. ) ;
#301 = LINE ( 'NONE', #1641, #1417 ) ;
#302 = CARTESIAN_POINT ( 'NONE',  ( 2.811138559374120494, 2.000000000000000000, 1.500000000000000000 ) ) ;
#303 = LINE ( 'NONE', #714, #1405 ) ;
#304 = ORIENTED_EDGE ( 'NONE', *, *, #1048, .T. ) ;
#305 = CC_DESIGN_PERSON_AND_ORGANIZATION_ASSIGNMENT ( #635, #1535, ( #962 ) ) ;
#306 = LINE ( 'NONE', #819, #562 ) ;
#307 = PRODUCT_DEFINITION_SHAPE ( 'NONE', 'NONE',  #1174 ) ;
#308 = EDGE_CURVE ( 'NONE', #1492, #623, #832, .T. ) ;
#309 = ORIENTED_EDGE ( 'NONE', *, *, #1385, .T. ) ;
#310 = DIRECTION ( 'NONE',  ( -0.000000000000000000, -0.000000000000000000, -1.000000000000000000 ) ) ;
#311 = CARTESIAN_POINT ( 'NONE',  ( 0.000000000000000000, 4.299999999999999822, 0.000000000000000000 ) ) ;
#312 = DIRECTION ( 'NONE',  ( 0.000000000000000000, -1.000000000000000000, 0.000000000000000000 ) ) ;
#313 = LINE ( 'NONE', #441, #730 ) ;
#314 = CIRCLE ( 'NONE', #393, 0.5000000000000000000 ) ;
#315 = VERTEX_POINT ( 'NONE', #491 ) ;
#316 = AXIS2_PLACEMENT_3D ( 'NONE', #1527, #1654, #963 ) ;
#317 = DIRECTION ( 'NONE',  ( 0.000000000000000000, 0.000000000000000000, -1.000000000000000000 ) ) ;
#318 = ORIENTED_EDGE ( 'NONE', *, *, #391, .T. ) ;
#319 = CARTESIAN_POINT ( 'NONE',  ( 2.000000000000000000, -8.150000000000000355, 1.500000000000000000 ) ) ;
#320 = EDGE_CURVE ( 'NONE', #426, #1644, #172, .T. ) ;
#321 = VECTOR ( 'NONE', #889, 1000.000000000000000 ) ;
#322 = CARTESIAN_POINT ( 'NONE',  ( 0.000000000000000000, 0.000000000000000000, 1.500000000000000000 ) ) ;
#323 = CIRCLE ( 'NONE', #811, 0.5000000000000004441 ) ;
#324 = ORIENTED_EDGE ( 'NONE', *, *, #2, .T. ) ;
#325 = LINE ( 'NONE', #953, #1619 ) ;
#326 = ORIENTED_EDGE ( 'NONE', *, *, #788, .T. ) ;
#327 = VECTOR ( 'NONE', #797, 1000.000000000000000 ) ;
#328 = ORIENTED_EDGE ( 'NONE', *, *, #1614, .F. ) ;
#329 = CARTESIAN_POINT ( 'NONE',  ( -0.5000000000000000000, 6.299999999999999822, 0.000000000000000000 ) ) ;
#330 = DIRECTION ( 'NONE',  ( 0.000000000000000000, 0.000000000000000000, -1.000000000000000000 ) ) ;
#331 = ADVANCED_FACE ( 'NONE', ( #1276 ), #1685, .F. ) ;
#332 = DIRECTION ( 'NONE',  ( -1.000000000000000000, 0.000000000000000000, 0.000000000000000000 ) ) ;
#333 = ORIENTED_EDGE ( 'NONE', *, *, #759, .T. ) ;
#334 = CIRCLE ( 'NONE', #1301, 2.000000000000000000 ) ;
#335 = DIRECTION ( 'NONE',  ( -1.000000000000000000, 0.000000000000000000, 0.000000000000000000 ) ) ;
#336 = AXIS2_PLACEMENT_3D ( 'NONE', #585, #1366, #844 ) ;
#337 = ORIENTED_EDGE ( 'NONE', *, *, #1699, .T. ) ;
#338 = DIRECTION ( 'NONE',  ( -1.000000000000000000, 0.000000000000000000, 0.000000000000000000 ) ) ;
#339 = CARTESIAN_POINT ( 'NONE',  ( 4.800000000000000711, 6.123233995736772199E-17, 1.500000000000001332 ) ) ;
#340 = DIRECTION ( 'NONE',  ( 1.000000000000000000, 0.000000000000000000, 0.000000000000000000 ) ) ;
#341 = ORIENTED_EDGE ( 'NONE', *, *, #663, .T. ) ;
#342 = ORIENTED_EDGE ( 'NONE', *, *, #1094, .F. ) ;
#343 = DIRECTION ( 'NONE',  ( 0.000000000000000000, 0.000000000000000000, 1.000000000000000000 ) ) ;
#344 = LINE ( 'NONE', #1667, #1470 ) ;
#345 = CARTESIAN_POINT ( 'NONE',  ( -0.5000000000000000000, -4.299999999999999822, 1.500000000000001332 ) ) ;
#346 = VERTEX_POINT ( 'NONE', #360 ) ;
#347 = AXIS2_PLACEMENT_3D ( 'NONE', #1359, #58, #596 ) ;
#348 = CARTESIAN_POINT ( 'NONE',  ( -0.5000000000000000000, -6.299999999999999822, 1.500000000000001332 ) ) ;
#349 = EDGE_LOOP ( 'NONE', ( #296, #648 ) ) ;
#350 = CARTESIAN_POINT ( 'NONE',  ( 0.000000000000000000, 8.300000000000000711, 1.500000000000001332 ) ) ;
#351 = DIRECTION ( 'NONE',  ( 0.000000000000000000, 0.000000000000000000, -1.000000000000000000 ) ) ;
#352 = CIRCLE ( 'NONE', #54, 0.5000000000000000000 ) ;
#353 = EDGE_CURVE ( 'NONE', #618, #73, #234, .T. ) ;
#354 = DIRECTION ( 'NONE',  ( 0.000000000000000000, 0.000000000000000000, -1.000000000000000000 ) ) ;
#355 = DIRECTION ( 'NONE',  ( 0.000000000000000000, 0.000000000000000000, -1.000000000000000000 ) ) ;
#356 = PERSON_AND_ORGANIZATION ( #1382, #1002 ) ;
#357 = LINE ( 'NONE', #1449, #321 ) ;
#358 = EDGE_CURVE ( 'NONE', #1274, #1647, #1509, .T. ) ;
#359 = ORIENTED_EDGE ( 'NONE', *, *, #6, .F. ) ;
#360 = CARTESIAN_POINT ( 'NONE',  ( -0.5000000000000000000, 4.299999999999999822, 1.500000000000001332 ) ) ;
#361 = DIRECTION ( 'NONE',  ( 0.000000000000000000, 0.000000000000000000, -1.000000000000000000 ) ) ;
#362 = CARTESIAN_POINT ( 'NONE',  ( -8.300000000000000711, 0.000000000000000000, 1.500000000000001332 ) ) ;
#363 = VERTEX_POINT ( 'NONE', #244 ) ;
#364 = DATE_AND_TIME ( #1022, #1122 ) ;
#365 = CARTESIAN_POINT ( 'NONE',  ( 4.800000000000000711, 6.123233995736772199E-17, 1.500000000000001332 ) ) ;
#366 = VERTEX_POINT ( 'NONE', #1298 ) ;
#367 = EDGE_LOOP ( 'NONE', ( #262, #376, #1166, #802 ) ) ;
#368 = DIRECTION ( 'NONE',  ( 0.000000000000000000, 0.000000000000000000, 1.000000000000000000 ) ) ;
#369 = DIRECTION ( 'NONE',  ( 0.000000000000000000, 0.000000000000000000, -1.000000000000000000 ) ) ;
#370 = EDGE_CURVE ( 'NONE', #159, #1104, #314, .T. ) ;
#371 = DIRECTION ( 'NONE',  ( -0.000000000000000000, -1.000000000000000000, -0.000000000000000000 ) ) ;
#372 = DIRECTION ( 'NONE',  ( 1.000000000000000000, 0.000000000000000000, 0.000000000000000000 ) ) ;
#373 = APPROVAL_DATE_TIME ( #364, #1666 ) ;
#374 = LINE ( 'NONE', #476, #1434 ) ;
#375 = CIRCLE ( 'NONE', #1524, 3.450000000000000178 ) ;
#376 = ORIENTED_EDGE ( 'NONE', *, *, #1176, .T. ) ;
#377 = ORIENTED_EDGE ( 'NONE', *, *, #1213, .T. ) ;
#378 = FACE_OUTER_BOUND ( 'NONE', #1433, .T. ) ;
#379 = DIRECTION ( 'NONE',  ( -0.000000000000000000, -0.000000000000000000, -1.000000000000000000 ) ) ;
#380 = CC_DESIGN_DATE_AND_TIME_ASSIGNMENT ( #896, #873, ( #962 ) ) ;
#381 = ADVANCED_FACE ( 'NONE', ( #378 ), #1436, .F. ) ;
#382 = CARTESIAN_POINT ( 'NONE',  ( 2.000000000000000000, -8.150000000000000355, 0.000000000000000000 ) ) ;
#383 = CARTESIAN_POINT ( 'NONE',  ( -8.300000000000000711, 0.000000000000000000, 1.500000000000001332 ) ) ;
#384 = PLANE ( 'NONE',  #211 ) ;
#385 = ORIENTED_EDGE ( 'NONE', *, *, #571, .F. ) ;
#386 = EDGE_LOOP ( 'NONE', ( #1502, #1474 ) ) ;
#387 = DIRECTION ( 'NONE',  ( 0.000000000000000000, 0.000000000000000000, 1.000000000000000000 ) ) ;
#388 = AXIS2_PLACEMENT_3D ( 'NONE', #447, #438, #968 ) ;
#389 = DIRECTION ( 'NONE',  ( 0.000000000000000000, 0.000000000000000000, -1.000000000000000000 ) ) ;
#390 = ORIENTED_EDGE ( 'NONE', *, *, #50, .T. ) ;
#391 = EDGE_CURVE ( 'NONE', #413, #1050, #1280, .T. ) ;
#392 = ORIENTED_EDGE ( 'NONE', *, *, #1106, .T. ) ;
#393 = AXIS2_PLACEMENT_3D ( 'NONE', #1578, #1034, #1706 ) ;
#394 = FACE_BOUND ( 'NONE', #1226, .T. ) ;
#395 = LOCAL_TIME ( 22, 18, 46.00000000000000000, #1151 ) ;
#396 = LINE ( 'NONE', #794, #272 ) ;
#397 = ORIENTED_EDGE ( 'NONE', *, *, #253, .F. ) ;
#398 = CIRCLE ( 'NONE', #1037, 0.5000000000000004441 ) ;
#399 = AXIS2_PLACEMENT_3D ( 'NONE', #1195, #911, #643 ) ;
#400 = ORIENTED_EDGE ( 'NONE', *, *, #1057, .T. ) ;
#401 = CARTESIAN_POINT ( 'NONE',  ( 2.000000000000000000, 8.150000000000000355, 1.500000000000000000 ) ) ;
#402 = AXIS2_PLACEMENT_3D ( 'NONE', #943, #959, #551 ) ;
#403 = EDGE_CURVE ( 'NONE', #1192, #501, #603, .T. ) ;
#404 = CARTESIAN_POINT ( 'NONE',  ( -8.800000000000000711, 0.000000000000000000, 1.500000000000001332 ) ) ;
#405 = CIRCLE ( 'NONE', #632, 0.5000000000000000000 ) ;
#406 = EDGE_LOOP ( 'NONE', ( #1066, #1529 ) ) ;
#407 = EDGE_CURVE ( 'NONE', #575, #1538, #82, .T. ) ;
#408 = ORIENTED_EDGE ( 'NONE', *, *, #1645, .F. ) ;
#409 = CARTESIAN_POINT ( 'NONE',  ( 0.000000000000000000, 0.000000000000000000, 1.500000000000001332 ) ) ;
#410 = CIRCLE ( 'NONE', #1071, 3.450000000000000178 ) ;
#411 = LINE ( 'NONE', #229, #266 ) ;
#412 = CARTESIAN_POINT ( 'NONE',  ( 0.000000000000000000, -4.299999999999999822, 1.500000000000001332 ) ) ;
#413 = VERTEX_POINT ( 'NONE', #472 ) ;
#414 = VERTEX_POINT ( 'NONE', #1409 ) ;
#415 = DIRECTION ( 'NONE',  ( 0.000000000000000000, 0.000000000000000000, 1.000000000000000000 ) ) ;
#416 = CIRCLE ( 'NONE', #867, 3.450000000000000178 ) ;
#417 = DIRECTION ( 'NONE',  ( 1.000000000000000000, 0.000000000000000000, 0.000000000000000000 ) ) ;
#418 = EDGE_CURVE ( 'NONE', #607, #755, #769, .T. ) ;
#419 = DIRECTION ( 'NONE',  ( 0.000000000000000000, 0.000000000000000000, 1.000000000000000000 ) ) ;
#420 = AXIS2_PLACEMENT_3D ( 'NONE', #1086, #1493, #186 ) ;
#421 = AXIS2_PLACEMENT_3D ( 'NONE', #383, #761, #1292 ) ;
#422 = CARTESIAN_POINT ( 'NONE',  ( 3.799999999999999378, 0.000000000000000000, 1.500000000000001332 ) ) ;
#423 = EDGE_LOOP ( 'NONE', ( #397, #1124, #597, #939, #1655, #282 ) ) ;
#424 = CARTESIAN_POINT ( 'NONE',  ( 6.299999999999999822, 0.000000000000000000, 1.500000000000001332 ) ) ;
#425 = EDGE_CURVE ( 'NONE', #1335, #1003, #1135, .T. ) ;
#426 = VERTEX_POINT ( 'NONE', #1562 ) ;
#427 = CARTESIAN_POINT ( 'NONE',  ( -8.150000000000000355, -2.000000000000000000, 1.500000000000000000 ) ) ;
#428 = AXIS2_PLACEMENT_3D ( 'NONE', #897, #1432, #1305 ) ;
#429 = LINE ( 'NONE', #1211, #606 ) ;
#430 = CIRCLE ( 'NONE', #1088, 3.450000000000000178 ) ;
#431 = CARTESIAN_POINT ( 'NONE',  ( -8.150000000000000355, -2.000000000000000000, 0.000000000000000000 ) ) ;
#432 = CC_DESIGN_PERSON_AND_ORGANIZATION_ASSIGNMENT ( #487, #879, ( #595 ) ) ;
#433 = EDGE_CURVE ( 'NONE', #1536, #929, #1129, .T. ) ;
#434 = DIRECTION ( 'NONE',  ( -0.000000000000000000, -1.000000000000000000, -0.000000000000000000 ) ) ;
#435 = ORIENTED_EDGE ( 'NONE', *, *, #1451, .F. ) ;
#436 = VERTEX_POINT ( 'NONE', #1300 ) ;
#437 = CARTESIAN_POINT ( 'NONE',  ( 0.5000000000000000000, 4.299999999999999822, 0.000000000000000000 ) ) ;
#438 = DIRECTION ( 'NONE',  ( -0.000000000000000000, -0.000000000000000000, -1.000000000000000000 ) ) ;
#439 = LINE ( 'NONE', #302, #1627 ) ;
#440 = AXIS2_PLACEMENT_3D ( 'NONE', #311, #976, #417 ) ;
#441 = CARTESIAN_POINT ( 'NONE',  ( 8.150000000000000355, -2.000000000000000000, 1.500000000000000000 ) ) ;
#442 = EDGE_LOOP ( 'NONE', ( #1494, #899, #473, #638 ) ) ;
#443 = DIRECTION ( 'NONE',  ( 0.000000000000000000, 0.000000000000000000, -1.000000000000000000 ) ) ;
#444 = EDGE_CURVE ( 'NONE', #1705, #152, #1674, .T. ) ;
#445 = EDGE_LOOP ( 'NONE', ( #1043, #1308 ) ) ;
#446 = DIRECTION ( 'NONE',  ( -1.000000000000000000, 0.000000000000000000, 0.000000000000000000 ) ) ;
#447 = CARTESIAN_POINT ( 'NONE',  ( -8.300000000000000711, 0.000000000000000000, 0.000000000000000000 ) ) ;
#448 = CARTESIAN_POINT ( 'NONE',  ( 8.150000000000000355, 0.000000000000000000, 0.000000000000000000 ) ) ;
#449 = DIRECTION ( 'NONE',  ( 0.000000000000000000, 0.000000000000000000, -1.000000000000000000 ) ) ;
#450 = ORIENTED_EDGE ( 'NONE', *, *, #479, .T. ) ;
#451 = ORIENTED_EDGE ( 'NONE', *, *, #1367, .F. ) ;
#452 = EDGE_CURVE ( 'NONE', #618, #1467, #210, .T. ) ;
#453 = ORIENTED_EDGE ( 'NONE', *, *, #1306, .T. ) ;
#454 = FACE_OUTER_BOUND ( 'NONE', #290, .T. ) ;
#455 = DIRECTION ( 'NONE',  ( 0.000000000000000000, -0.000000000000000000, -1.000000000000000000 ) ) ;
#456 = AXIS2_PLACEMENT_3D ( 'NONE', #1565, #1031, #231 ) ;
#457 = FACE_OUTER_BOUND ( 'NONE', #961, .T. ) ;
#458 = VERTEX_POINT ( 'NONE', #748 ) ;
#459 = CYLINDRICAL_SURFACE ( 'NONE', #316, 0.5000000000000000000 ) ;
#460 = ORIENTED_EDGE ( 'NONE', *, *, #1414, .T. ) ;
#461 = ORIENTED_EDGE ( 'NONE', *, *, #1057, .F. ) ;
#462 = CYLINDRICAL_SURFACE ( 'NONE', #1073, 0.5000000000000004441 ) ;
#463 = CARTESIAN_POINT ( 'NONE',  ( 0.000000000000000000, 0.000000000000000000, 1.500000000000001332 ) ) ;
#464 = DIRECTION ( 'NONE',  ( 0.000000000000000000, 0.000000000000000000, -1.000000000000000000 ) ) ;
#465 = EDGE_LOOP ( 'NONE', ( #1123, #539 ) ) ;
#466 = VECTOR ( 'NONE', #351, 1000.000000000000000 ) ;
#467 = APPROVAL_STATUS ( 'not_yet_approved' ) ;
#468 = VECTOR ( 'NONE', #1231, 1000.000000000000000 ) ;
#469 = ORIENTED_EDGE ( 'NONE', *, *, #1416, .T. ) ;
#470 = DIRECTION ( 'NONE',  ( -1.000000000000000000, -0.000000000000000000, -0.000000000000000000 ) ) ;
#471 = DIRECTION ( 'NONE',  ( -0.000000000000000000, -0.000000000000000000, -1.000000000000000000 ) ) ;
#472 = CARTESIAN_POINT ( 'NONE',  ( -2.811138559374120494, 2.000000000000000000, 1.500000000000000000 ) ) ;
#473 = ORIENTED_EDGE ( 'NONE', *, *, #659, .T. ) ;
#474 = VECTOR ( 'NONE', #246, 1000.000000000000000 ) ;
#475 =( NAMED_UNIT ( * ) SI_UNIT ( $, .STERADIAN. ) SOLID_ANGLE_UNIT ( ) );
#476 = CARTESIAN_POINT ( 'NONE',  ( 2.000000000000000000, -8.150000000000000355, 0.000000000000000000 ) ) ;
#477 = APPROVAL_PERSON_ORGANIZATION ( #1012, #1024, #1555 ) ;
#478 = VERTEX_POINT ( 'NONE', #1709 ) ;
#479 = EDGE_CURVE ( 'NONE', #1131, #795, #334, .T. ) ;
#480 = DIRECTION ( 'NONE',  ( 0.000000000000000000, 0.000000000000000000, -1.000000000000000000 ) ) ;
#481 = DIRECTION ( 'NONE',  ( -1.000000000000000000, 0.000000000000000000, 0.000000000000000000 ) ) ;
#482 = AXIS2_PLACEMENT_3D ( 'NONE', #1511, #1210, #34 ) ;
#483 = CARTESIAN_POINT ( 'NONE',  ( -8.150000000000000355, 0.000000000000000000, 0.000000000000000000 ) ) ;
#484 = EDGE_CURVE ( 'NONE', #1563, #426, #410, .T. ) ;
#485 = EDGE_CURVE ( 'NONE', #809, #1120, #1020, .T. ) ;
#486 = PLANE ( 'NONE',  #222 ) ;
#487 = PERSON_AND_ORGANIZATION ( #1382, #1002 ) ;
#488 = AXIS2_PLACEMENT_3D ( 'NONE', #847, #1498, #193 ) ;
#489 = CARTESIAN_POINT ( 'NONE',  ( -8.150000000000000355, 2.000000000000000000, 1.500000000000000000 ) ) ;
#490 = ORIENTED_EDGE ( 'NONE', *, *, #7, .T. ) ;
#491 = CARTESIAN_POINT ( 'NONE',  ( 3.799999999999999378, 0.000000000000000000, 1.500000000000001332 ) ) ;
#492 = CARTESIAN_POINT ( 'NONE',  ( -4.800000000000000711, 0.000000000000000000, 1.500000000000001332 ) ) ;
#493 = CIRCLE ( 'NONE', #1380, 2.549999999999999822 ) ;
#494 = CIRCLE ( 'NONE', #574, 2.549999999999999822 ) ;
#495 = DIRECTION ( 'NONE',  ( 1.000000000000000000, 0.000000000000000000, 0.000000000000000000 ) ) ;
#496 = LOCAL_TIME ( 22, 18, 46.00000000000000000, #1162 ) ;
#497 = DIRECTION ( 'NONE',  ( 0.000000000000000000, 0.000000000000000000, 1.000000000000000000 ) ) ;
#498 = DIRECTION ( 'NONE',  ( 1.000000000000000000, 0.000000000000000000, 0.000000000000000000 ) ) ;
#499 = EDGE_LOOP ( 'NONE', ( #4, #617, #1440, #1612, #1150, #818, #51, #1604, #952, #1444, #801, #1534 ) ) ;
#500 = ADVANCED_FACE ( 'NONE', ( #621 ), #1269, .F. ) ;
#501 = VERTEX_POINT ( 'NONE', #515 ) ;
#502 = CYLINDRICAL_SURFACE ( 'NONE', #857, 0.5000000000000000000 ) ;
#503 = DIRECTION ( 'NONE',  ( -0.000000000000000000, -0.000000000000000000, -1.000000000000000000 ) ) ;
#504 = CIRCLE ( 'NONE', #388, 0.5000000000000004441 ) ;
#505 = CARTESIAN_POINT ( 'NONE',  ( 7.799999999999999822, 0.000000000000000000, 0.000000000000000000 ) ) ;
#506 = PLANE ( 'NONE',  #1314 ) ;
#507 = COORDINATED_UNIVERSAL_TIME_OFFSET ( 6, 0, .BEHIND. ) ;
#508 = LINE ( 'NONE', #489, #1178 ) ;
#509 = ORIENTED_EDGE ( 'NONE', *, *, #300, .T. ) ;
#510 = CIRCLE ( 'NONE', #1312, 0.5000000000000000000 ) ;
#511 = ORIENTED_EDGE ( 'NONE', *, *, #1244, .T. ) ;
#512 = ADVANCED_FACE ( 'NONE', ( #1700 ), #893, .F. ) ;
#513 = DIRECTION ( 'NONE',  ( 0.000000000000000000, 0.000000000000000000, 1.000000000000000000 ) ) ;
#514 = FACE_BOUND ( 'NONE', #566, .T. ) ;
#515 = CARTESIAN_POINT ( 'NONE',  ( -8.150000000000000355, 2.000000000000000000, 0.000000000000000000 ) ) ;
#516 = DIRECTION ( 'NONE',  ( 1.000000000000000000, 0.000000000000000000, -0.000000000000000000 ) ) ;
#517 = DIRECTION ( 'NONE',  ( 1.000000000000000000, 0.000000000000000000, 0.000000000000000000 ) ) ;
#518 = CIRCLE ( 'NONE', #810, 0.5000000000000004441 ) ;
#519 = VERTEX_POINT ( 'NONE', #1541 ) ;
#520 = VECTOR ( 'NONE', #434, 1000.000000000000000 ) ;
#521 = VERTEX_POINT ( 'NONE', #238 ) ;
#522 = DIRECTION ( 'NONE',  ( 1.000000000000000000, 0.000000000000000000, 0.000000000000000000 ) ) ;
#523 = EDGE_CURVE ( 'NONE', #1229, #1262, #760, .T. ) ;
#524 = DIRECTION ( 'NONE',  ( 0.000000000000000000, -1.000000000000000000, 0.000000000000000000 ) ) ;
#525 = ORIENTED_EDGE ( 'NONE', *, *, #418, .F. ) ;
#526 = ORIENTED_EDGE ( 'NONE', *, *, #149, .T. ) ;
#527 = CARTESIAN_POINT ( 'NONE',  ( 0.000000000000000000, 6.299999999999999822, 0.000000000000000000 ) ) ;
#528 = CARTESIAN_POINT ( 'NONE',  ( -0.5000000000000000000, -4.299999999999999822, 1.500000000000001332 ) ) ;
#529 = VERTEX_POINT ( 'NONE', #505 ) ;
#530 = ORIENTED_EDGE ( 'NONE', *, *, #57, .T. ) ;
#531 = EDGE_CURVE ( 'NONE', #478, #696, #855, .T. ) ;
#532 = VECTOR ( 'NONE', #1288, 1000.000000000000000 ) ;
#533 = CARTESIAN_POINT ( 'NONE',  ( 0.000000000000000000, 0.000000000000000000, 1.500000000000001332 ) ) ;
#534 = VECTOR ( 'NONE', #1384, 1000.000000000000000 ) ;
#535 = EDGE_CURVE ( 'NONE', #623, #48, #1571, .T. ) ;
#536 = CARTESIAN_POINT ( 'NONE',  ( -4.299999999999999822, 0.000000000000000000, 0.000000000000000000 ) ) ;
#537 = ORIENTED_EDGE ( 'NONE', *, *, #747, .T. ) ;
#538 = CIRCLE ( 'NONE', #292, 0.5000000000000004441 ) ;
#539 = ORIENTED_EDGE ( 'NONE', *, *, #693, .F. ) ;
#540 = DIRECTION ( 'NONE',  ( -0.000000000000000000, -0.000000000000000000, -1.000000000000000000 ) ) ;
#541 = AXIS2_PLACEMENT_3D ( 'NONE', #322, #38, #978 ) ;
#542 = CARTESIAN_POINT ( 'NONE',  ( -2.000000000000000000, 2.811138559374120494, 1.500000000000000000 ) ) ;
#543 = PLANE ( 'NONE',  #154 ) ;
#544 = ORIENTED_EDGE ( 'NONE', *, *, #1213, .F. ) ;
#545 = EDGE_CURVE ( 'NONE', #582, #48, #650, .T. ) ;
#546 = EDGE_LOOP ( 'NONE', ( #964, #689 ) ) ;
#547 = FACE_OUTER_BOUND ( 'NONE', #837, .T. ) ;
#548 = ADVANCED_FACE ( 'NONE', ( #257 ), #1311, .F. ) ;
#549 = CYLINDRICAL_SURFACE ( 'NONE', #1702, 0.5000000000000004441 ) ;
#550 = VECTOR ( 'NONE', #1657, 1000.000000000000000 ) ;
#551 = DIRECTION ( 'NONE',  ( 1.000000000000000000, 0.000000000000000000, 0.000000000000000000 ) ) ;
#552 = MANIFOLD_SOLID_BREP ( 'Unmodified_stock_pilot_holes', #843 ) ;
#553 = EDGE_CURVE ( 'NONE', #1055, #696, #1018, .T. ) ;
#554 = DIRECTION ( 'NONE',  ( 0.000000000000000000, 0.000000000000000000, -1.000000000000000000 ) ) ;
#555 = ORIENTED_EDGE ( 'NONE', *, *, #1351, .F. ) ;
#556 = ORIENTED_EDGE ( 'NONE', *, *, #281, .F. ) ;
#557 = FACE_OUTER_BOUND ( 'NONE', #580, .T. ) ;
#558 = CC_DESIGN_DATE_AND_TIME_ASSIGNMENT ( #888, #624, ( #1174 ) ) ;
#559 = EDGE_CURVE ( 'NONE', #252, #1507, #772, .T. ) ;
#560 = CARTESIAN_POINT ( 'NONE',  ( 2.000000000000000000, 2.811138559374120494, 1.500000000000000000 ) ) ;
#561 = DIRECTION ( 'NONE',  ( 1.000000000000000000, 0.000000000000000000, 0.000000000000000000 ) ) ;
#562 = VECTOR ( 'NONE', #1361, 1000.000000000000000 ) ;
#563 = CARTESIAN_POINT ( 'NONE',  ( 0.000000000000000000, 4.299999999999999822, 1.500000000000001332 ) ) ;
#564 = ORIENTED_EDGE ( 'NONE', *, *, #790, .T. ) ;
#565 = CARTESIAN_POINT ( 'NONE',  ( 0.000000000000000000, 0.000000000000000000, -2.500000000000000000 ) ) ;
#566 = EDGE_LOOP ( 'NONE', ( #732, #1007 ) ) ;
#567 = CARTESIAN_POINT ( 'NONE',  ( 0.000000000000000000, 0.000000000000000000, 0.000000000000000000 ) ) ;
#568 = CARTESIAN_POINT ( 'NONE',  ( 0.5000000000000000000, -6.299999999999999822, 1.500000000000001332 ) ) ;
#569 = CIRCLE ( 'NONE', #701, 0.5000000000000000000 ) ;
#570 = CARTESIAN_POINT ( 'NONE',  ( 0.5000000000000000000, -4.299999999999999822, 1.500000000000001332 ) ) ;
#571 = EDGE_CURVE ( 'NONE', #247, #1188, #1145, .T. ) ;
#572 = ORIENTED_EDGE ( 'NONE', *, *, #708, .F. ) ;
#573 = DIRECTION ( 'NONE',  ( -0.000000000000000000, -0.000000000000000000, -1.000000000000000000 ) ) ;
#574 = AXIS2_PLACEMENT_3D ( 'NONE', #463, #1428, #631 ) ;
#575 = VERTEX_POINT ( 'NONE', #892 ) ;
#576 = CARTESIAN_POINT ( 'NONE',  ( 0.000000000000000000, -8.150000000000000355, 1.500000000000000000 ) ) ;
#577 = CARTESIAN_POINT ( 'NONE',  ( 0.5000000000000000000, 6.299999999999999822, 1.500000000000001332 ) ) ;
#578 = FACE_OUTER_BOUND ( 'NONE', #173, .T. ) ;
#579 = ADVANCED_FACE ( 'NONE', ( #237 ), #81, .F. ) ;
#580 = EDGE_LOOP ( 'NONE', ( #1662, #333, #450, #115 ) ) ;
#581 =( LENGTH_UNIT ( ) NAMED_UNIT ( * ) SI_UNIT ( .MILLI., .METRE. ) );
#582 = VERTEX_POINT ( 'NONE', #1289 ) ;
#583 = DIRECTION ( 'NONE',  ( -0.000000000000000000, -0.000000000000000000, -1.000000000000000000 ) ) ;
#584 = ADVANCED_FACE ( 'NONE', ( #1260 ), #201, .T. ) ;
#585 = CARTESIAN_POINT ( 'NONE',  ( -8.150000000000000355, 0.000000000000000000, 1.500000000000000000 ) ) ;
#586 = DIRECTION ( 'NONE',  ( -1.000000000000000000, 0.000000000000000000, 0.000000000000000000 ) ) ;
#587 = LINE ( 'NONE', #1625, #654 ) ;
#588 = ORIENTED_EDGE ( 'NONE', *, *, #871, .F. ) ;
#589 =( NAMED_UNIT ( * ) PLANE_ANGLE_UNIT ( ) SI_UNIT ( $, .RADIAN. ) );
#590 = ORIENTED_EDGE ( 'NONE', *, *, #708, .T. ) ;
#591 = EDGE_LOOP ( 'NONE', ( #744, #318, #15, #1032 ) ) ;
#592 = CARTESIAN_POINT ( 'NONE',  ( -7.799999999999999822, 6.123233995736772199E-17, 1.500000000000001332 ) ) ;
#593 = DIRECTION ( 'NONE',  ( 0.000000000000000000, 0.000000000000000000, 1.000000000000000000 ) ) ;
#594 = AXIS2_PLACEMENT_3D ( 'NONE', #1503, #310, #830 ) ;
#595 = PRODUCT ( 'HW-005_SG90_COMPACT_CROSS_REFERENCE', 'HW-005_SG90_COMPACT_CROSS_REFERENCE', '', ( #1423 ) ) ;
#596 = DIRECTION ( 'NONE',  ( 1.000000000000000000, 0.000000000000000000, 0.000000000000000000 ) ) ;
#597 = ORIENTED_EDGE ( 'NONE', *, *, #1277, .T. ) ;
#598 = CARTESIAN_POINT ( 'NONE',  ( -8.150000000000000355, 0.000000000000000000, 1.500000000000000000 ) ) ;
#599 = ORIENTED_EDGE ( 'NONE', *, *, #736, .F. ) ;
#600 = EDGE_LOOP ( 'NONE', ( #33, #613, #1695, #1161 ) ) ;
#601 = DIRECTION ( 'NONE',  ( 0.000000000000000000, 0.000000000000000000, 1.000000000000000000 ) ) ;
#602 = FACE_OUTER_BOUND ( 'NONE', #735, .T. ) ;
#603 = LINE ( 'NONE', #227, #750 ) ;
#604 = ADVANCED_FACE ( 'NONE', ( #602 ), #1420, .F. ) ;
#605 = ORIENTED_EDGE ( 'NONE', *, *, #1345, .F. ) ;
#606 = VECTOR ( 'NONE', #35, 1000.000000000000000 ) ;
#607 = VERTEX_POINT ( 'NONE', #876 ) ;
#608 = DIRECTION ( 'NONE',  ( 1.000000000000000000, 0.000000000000000000, 0.000000000000000000 ) ) ;
#609 = EDGE_CURVE ( 'NONE', #974, #1644, #1550, .T. ) ;
#610 = DIRECTION ( 'NONE',  ( 1.000000000000000000, 0.000000000000000000, 0.000000000000000000 ) ) ;
#611 = EDGE_CURVE ( 'NONE', #1182, #1059, #352, .T. ) ;
#612 = DIRECTION ( 'NONE',  ( 0.000000000000000000, 0.000000000000000000, -1.000000000000000000 ) ) ;
#613 = ORIENTED_EDGE ( 'NONE', *, *, #1438, .T. ) ;
#614 = CIRCLE ( 'NONE', #94, 0.5000000000000000000 ) ;
#615 = DIRECTION ( 'NONE',  ( 0.000000000000000000, 1.000000000000000000, 0.000000000000000000 ) ) ;
#616 = CIRCLE ( 'NONE', #804, 3.450000000000000178 ) ;
#617 = ORIENTED_EDGE ( 'NONE', *, *, #110, .T. ) ;
#618 = VERTEX_POINT ( 'NONE', #1561 ) ;
#619 = DIRECTION ( 'NONE',  ( 1.000000000000000000, 0.000000000000000000, -0.000000000000000000 ) ) ;
#620 = CARTESIAN_POINT ( 'NONE',  ( 0.000000000000000000, 6.299999999999999822, 1.500000000000001332 ) ) ;
#621 = FACE_OUTER_BOUND ( 'NONE', #1079, .T. ) ;
#622 = AXIS2_PLACEMENT_3D ( 'NONE', #20, #239, #1679 ) ;
#623 = VERTEX_POINT ( 'NONE', #1251 ) ;
#624 = DATE_TIME_ROLE ( 'creation_date' ) ;
#625 = EDGE_CURVE ( 'NONE', #1499, #1191, #344, .T. ) ;
#626 = CIRCLE ( 'NONE', #184, 0.5000000000000000000 ) ;
#627 = FACE_BOUND ( 'NONE', #971, .T. ) ;
#628 = ORIENTED_EDGE ( 'NONE', *, *, #729, .T. ) ;
#629 = ORIENTED_EDGE ( 'NONE', *, *, #1542, .T. ) ;
#630 = DIRECTION ( 'NONE',  ( 0.000000000000000000, 0.000000000000000000, -1.000000000000000000 ) ) ;
#631 = DIRECTION ( 'NONE',  ( 1.000000000000000000, 0.000000000000000000, 0.000000000000000000 ) ) ;
#632 = AXIS2_PLACEMENT_3D ( 'NONE', #18, #902, #167 ) ;
#633 = CARTESIAN_POINT ( 'NONE',  ( -2.811138559374120494, 2.000000000000000000, 1.500000000000000000 ) ) ;
#634 = FACE_BOUND ( 'NONE', #1630, .T. ) ;
#635 = PERSON_AND_ORGANIZATION ( #1382, #1002 ) ;
#636 = DIRECTION ( 'NONE',  ( -1.000000000000000000, 0.000000000000000000, 0.000000000000000000 ) ) ;
#637 = EDGE_CURVE ( 'NONE', #1229, #1375, #1323, .T. ) ;
#638 = ORIENTED_EDGE ( 'NONE', *, *, #1197, .T. ) ;
#639 = ORIENTED_EDGE ( 'NONE', *, *, #1306, .F. ) ;
#640 = DIRECTION ( 'NONE',  ( 1.000000000000000000, 0.000000000000000000, 0.000000000000000000 ) ) ;
#641 = CYLINDRICAL_SURFACE ( 'NONE', #938, 0.5000000000000000000 ) ;
#642 = DIRECTION ( 'NONE',  ( 1.000000000000000000, 0.000000000000000000, 0.000000000000000000 ) ) ;
#643 = DIRECTION ( 'NONE',  ( 1.000000000000000000, 0.000000000000000000, 0.000000000000000000 ) ) ;
#644 = DATE_AND_TIME ( #248, #1455 ) ;
#645 = CARTESIAN_POINT ( 'NONE',  ( 4.299999999999999822, 0.000000000000000000, 1.500000000000001332 ) ) ;
#646 = ORIENTED_EDGE ( 'NONE', *, *, #1318, .T. ) ;
#647 = AXIS2_PLACEMENT_3D ( 'NONE', #1448, #887, #1021 ) ;
#648 = ORIENTED_EDGE ( 'NONE', *, *, #1087, .F. ) ;
#649 = FACE_BOUND ( 'NONE', #1528, .T. ) ;
#650 = LINE ( 'NONE', #777, #118 ) ;
#651 = DIRECTION ( 'NONE',  ( 0.000000000000000000, 0.000000000000000000, -1.000000000000000000 ) ) ;
#652 = AXIS2_PLACEMENT_3D ( 'NONE', #567, #415, #188 ) ;
#653 = ORIENTED_EDGE ( 'NONE', *, *, #1542, .F. ) ;
#654 = VECTOR ( 'NONE', #1235, 1000.000000000000000 ) ;
#655 = ORIENTED_EDGE ( 'NONE', *, *, #1353, .T. ) ;
#656 = CARTESIAN_POINT ( 'NONE',  ( 2.000000000000000000, 2.811138559374120494, 0.000000000000000000 ) ) ;
#657 = AXIS2_PLACEMENT_3D ( 'NONE', #12, #776, #1184 ) ;
#658 = DIRECTION ( 'NONE',  ( 1.000000000000000000, 0.000000000000000000, 0.000000000000000000 ) ) ;
#659 = EDGE_CURVE ( 'NONE', #1247, #436, #746, .T. ) ;
#660 = ORIENTED_EDGE ( 'NONE', *, *, #1658, .F. ) ;
#661 = ORIENTED_EDGE ( 'NONE', *, *, #553, .F. ) ;
#662 = LINE ( 'NONE', #119, #768 ) ;
#663 = EDGE_CURVE ( 'NONE', #1585, #1597, #494, .T. ) ;
#664 = DIRECTION ( 'NONE',  ( 0.000000000000000000, 0.000000000000000000, 1.000000000000000000 ) ) ;
#665 = ORIENTED_EDGE ( 'NONE', *, *, #1019, .T. ) ;
#666 = ORIENTED_EDGE ( 'NONE', *, *, #1462, .F. ) ;
#667 = CARTESIAN_POINT ( 'NONE',  ( 8.150000000000000355, 2.000000000000000000, 1.500000000000000000 ) ) ;
#668 = CARTESIAN_POINT ( 'NONE',  ( 2.000000000000000000, -2.811138559374120494, 1.500000000000000000 ) ) ;
#669 = DIRECTION ( 'NONE',  ( 1.000000000000000000, 0.000000000000000000, 0.000000000000000000 ) ) ;
#670 = ORIENTED_EDGE ( 'NONE', *, *, #1047, .T. ) ;
#671 = EDGE_CURVE ( 'NONE', #1264, #1200, #866, .T. ) ;
#672 = AXIS2_PLACEMENT_3D ( 'NONE', #412, #1490, #1464 ) ;
#673 = VERTEX_POINT ( 'NONE', #1407 ) ;
#674 = DIRECTION ( 'NONE',  ( -1.000000000000000000, 0.000000000000000000, 0.000000000000000000 ) ) ;
#675 = CARTESIAN_POINT ( 'NONE',  ( 8.300000000000000711, 0.000000000000000000, 1.500000000000001332 ) ) ;
#676 = CARTESIAN_POINT ( 'NONE',  ( -10.15000000000000036, 0.000000000000000000, 0.000000000000000000 ) ) ;
#677 = ORIENTED_EDGE ( 'NONE', *, *, #2, .F. ) ;
#678 = APPROVAL ( #1412, 'UNSPECIFIED' ) ;
#679 = EDGE_CURVE ( 'NONE', #519, #1262, #707, .T. ) ;
#680 = ORIENTED_EDGE ( 'NONE', *, *, #835, .T. ) ;
#681 = DIRECTION ( 'NONE',  ( -1.000000000000000000, 0.000000000000000000, 0.000000000000000000 ) ) ;
#682 = VECTOR ( 'NONE', #886, 1000.000000000000000 ) ;
#683 = DIRECTION ( 'NONE',  ( 1.000000000000000000, 0.000000000000000000, 0.000000000000000000 ) ) ;
#684 = AXIS2_PLACEMENT_3D ( 'NONE', #675, #1202, #683 ) ;
#685 = CARTESIAN_POINT ( 'NONE',  ( 6.800000000000000711, 6.123233995736772199E-17, 1.500000000000001332 ) ) ;
#686 = DIRECTION ( 'NONE',  ( 1.000000000000000000, 0.000000000000000000, 0.000000000000000000 ) ) ;
#687 = ORIENTED_EDGE ( 'NONE', *, *, #571, .T. ) ;
#688 = LINE ( 'NONE', #1113, #1708 ) ;
#689 = ORIENTED_EDGE ( 'NONE', *, *, #1170, .F. ) ;
#690 = DIRECTION ( 'NONE',  ( 0.000000000000000000, 0.000000000000000000, -1.000000000000000000 ) ) ;
#691 = DIRECTION ( 'NONE',  ( 0.000000000000000000, -0.000000000000000000, 1.000000000000000000 ) ) ;
#692 = VECTOR ( 'NONE', #90, 1000.000000000000000 ) ;
#693 = EDGE_CURVE ( 'NONE', #1191, #1200, #1689, .T. ) ;
#694 = CARTESIAN_POINT ( 'NONE',  ( -4.299999999999999822, 0.000000000000000000, 1.500000000000001332 ) ) ;
#695 = DIRECTION ( 'NONE',  ( 0.000000000000000000, 0.000000000000000000, 1.000000000000000000 ) ) ;
#696 = VERTEX_POINT ( 'NONE', #738 ) ;
#697 = CARTESIAN_POINT ( 'NONE',  ( 0.000000000000000000, -8.300000000000000711, 1.500000000000001332 ) ) ;
#698 = ORIENTED_EDGE ( 'NONE', *, *, #1693, .T. ) ;
#699 = CIRCLE ( 'NONE', #456, 0.5000000000000000000 ) ;
#700 = DIRECTION ( 'NONE',  ( -0.000000000000000000, -0.000000000000000000, -1.000000000000000000 ) ) ;
#701 = AXIS2_PLACEMENT_3D ( 'NONE', #1623, #56, #1616 ) ;
#702 = CARTESIAN_POINT ( 'NONE',  ( -6.299999999999999822, 0.000000000000000000, 1.500000000000001332 ) ) ;
#703 = CARTESIAN_POINT ( 'NONE',  ( -0.5000000000000000000, 8.300000000000000711, 1.500000000000001332 ) ) ;
#704 = ORIENTED_EDGE ( 'NONE', *, *, #1327, .T. ) ;
#705 = CARTESIAN_POINT ( 'NONE',  ( 0.5000000000000000000, 8.300000000000000711, 1.500000000000001332 ) ) ;
#706 = AXIS2_PLACEMENT_3D ( 'NONE', #533, #1330, #932 ) ;
#707 = CIRCLE ( 'NONE', #1234, 0.5000000000000000000 ) ;
#708 = EDGE_CURVE ( 'NONE', #821, #100, #1155, .T. ) ;
#709 = ORIENTED_EDGE ( 'NONE', *, *, #358, .T. ) ;
#710 = DIRECTION ( 'NONE',  ( 0.000000000000000000, 0.000000000000000000, -1.000000000000000000 ) ) ;
#711 = CARTESIAN_POINT ( 'NONE',  ( 0.5000000000000000000, 8.300000000000000711, 0.000000000000000000 ) ) ;
#712 = DIRECTION ( 'NONE',  ( -1.000000000000000000, 0.000000000000000000, 0.000000000000000000 ) ) ;
#713 = ADVANCED_FACE ( 'NONE', ( #1028 ), #1168, .F. ) ;
#714 = CARTESIAN_POINT ( 'NONE',  ( -8.150000000000000355, -2.000000000000000000, 0.000000000000000000 ) ) ;
#715 = EDGE_LOOP ( 'NONE', ( #660, #104 ) ) ;
#716 = DIRECTION ( 'NONE',  ( 1.000000000000000000, 0.000000000000000000, 0.000000000000000000 ) ) ;
#717 = ORIENTED_EDGE ( 'NONE', *, *, #260, .T. ) ;
#718 = ORIENTED_EDGE ( 'NONE', *, *, #215, .T. ) ;
#719 = DIRECTION ( 'NONE',  ( 0.000000000000000000, 0.000000000000000000, -1.000000000000000000 ) ) ;
#720 = CARTESIAN_POINT ( 'NONE',  ( 8.150000000000000355, 0.000000000000000000, 1.500000000000000000 ) ) ;
#721 = CARTESIAN_POINT ( 'NONE',  ( 7.799999999999999822, 0.000000000000000000, 1.500000000000001332 ) ) ;
#722 = AXIS2_PLACEMENT_3D ( 'NONE', #702, #825, #1242 ) ;
#723 = ORIENTED_EDGE ( 'NONE', *, *, #260, .F. ) ;
#724 = DIRECTION ( 'NONE',  ( 0.000000000000000000, 0.000000000000000000, 1.000000000000000000 ) ) ;
#725 = ORIENTED_EDGE ( 'NONE', *, *, #1193, .F. ) ;
#726 = CARTESIAN_POINT ( 'NONE',  ( -8.150000000000000355, 2.000000000000000000, 0.000000000000000000 ) ) ;
#727 = CARTESIAN_POINT ( 'NONE',  ( 0.000000000000000000, -4.299999999999999822, 1.500000000000001332 ) ) ;
#728 = VECTOR ( 'NONE', #1574, 1000.000000000000000 ) ;
#729 = EDGE_CURVE ( 'NONE', #1104, #159, #1410, .T. ) ;
#730 = VECTOR ( 'NONE', #970, 1000.000000000000000 ) ;
#731 = DIRECTION ( 'NONE',  ( 1.000000000000000000, 0.000000000000000000, 0.000000000000000000 ) ) ;
#732 = ORIENTED_EDGE ( 'NONE', *, *, #729, .F. ) ;
#733 = CARTESIAN_POINT ( 'NONE',  ( 0.000000000000000000, 0.000000000000000000, 0.000000000000000000 ) ) ;
#734 = ADVANCED_FACE ( 'NONE', ( #277 ), #641, .F. ) ;
#735 = EDGE_LOOP ( 'NONE', ( #195, #789, #146, #1611 ) ) ;
#736 = EDGE_CURVE ( 'NONE', #1059, #1182, #1095, .T. ) ;
#737 = DIRECTION ( 'NONE',  ( 1.000000000000000000, 0.000000000000000000, 0.000000000000000000 ) ) ;
#738 = CARTESIAN_POINT ( 'NONE',  ( 4.800000000000000711, 6.123233995736772199E-17, 0.000000000000000000 ) ) ;
#739 = DIRECTION ( 'NONE',  ( 0.000000000000000000, 0.000000000000000000, 1.000000000000000000 ) ) ;
#740 = ORIENTED_EDGE ( 'NONE', *, *, #1626, .T. ) ;
#741 = COORDINATED_UNIVERSAL_TIME_OFFSET ( 6, 0, .BEHIND. ) ;
#742 = DIRECTION ( 'NONE',  ( 0.000000000000000000, 0.000000000000000000, -1.000000000000000000 ) ) ;
#743 = EDGE_LOOP ( 'NONE', ( #400, #1237, #1450, #151 ) ) ;
#744 = ORIENTED_EDGE ( 'NONE', *, *, #1680, .F. ) ;
#745 = DIRECTION ( 'NONE',  ( 0.000000000000000000, 0.000000000000000000, 1.000000000000000000 ) ) ;
#746 = LINE ( 'NONE', #492, #1553 ) ;
#747 = EDGE_CURVE ( 'NONE', #1597, #1585, #1296, .T. ) ;
#748 = CARTESIAN_POINT ( 'NONE',  ( 0.5000000000000000000, 4.299999999999999822, 1.500000000000001332 ) ) ;
#749 = CARTESIAN_POINT ( 'NONE',  ( -8.150000000000000355, -2.000000000000000000, 1.500000000000000000 ) ) ;
#750 = VECTOR ( 'NONE', #218, 1000.000000000000000 ) ;
#751 = PERSON_AND_ORGANIZATION ( #1382, #1002 ) ;
#752 = DIRECTION ( 'NONE',  ( 0.000000000000000000, 0.000000000000000000, 1.000000000000000000 ) ) ;
#753 = VECTOR ( 'NONE', #861, 1000.000000000000000 ) ;
#754 = EDGE_LOOP ( 'NONE', ( #555, #979, #1099, #204 ) ) ;
#755 = VERTEX_POINT ( 'NONE', #245 ) ;
#756 = CARTESIAN_POINT ( 'NONE',  ( 2.000000000000000000, -8.150000000000000355, 1.500000000000000000 ) ) ;
#757 = DIRECTION ( 'NONE',  ( 0.000000000000000000, 0.000000000000000000, 1.000000000000000000 ) ) ;
#758 = VECTOR ( 'NONE', #742, 1000.000000000000000 ) ;
#759 = EDGE_CURVE ( 'NONE', #1371, #1131, #1299, .T. ) ;
#760 = LINE ( 'NONE', #345, #1608 ) ;
#761 = DIRECTION ( 'NONE',  ( 0.000000000000000000, 0.000000000000000000, 1.000000000000000000 ) ) ;
#762 = DIRECTION ( 'NONE',  ( 1.000000000000000000, 0.000000000000000000, 0.000000000000000000 ) ) ;
#763 = FACE_OUTER_BOUND ( 'NONE', #1465, .T. ) ;
#764 = ORIENTED_EDGE ( 'NONE', *, *, #916, .T. ) ;
#765 = VERTEX_POINT ( 'NONE', #909 ) ;
#766 = CARTESIAN_POINT ( 'NONE',  ( 0.000000000000000000, -4.299999999999999822, 1.500000000000001332 ) ) ;
#767 = CARTESIAN_POINT ( 'NONE',  ( -8.150000000000000355, -2.000000000000000000, 0.000000000000000000 ) ) ;
#768 = VECTOR ( 'NONE', #1579, 1000.000000000000000 ) ;
#769 = LINE ( 'NONE', #121, #263 ) ;
#770 = ORIENTED_EDGE ( 'NONE', *, *, #1438, .F. ) ;
#771 = CARTESIAN_POINT ( 'NONE',  ( -0.5000000000000000000, 8.300000000000000711, 1.500000000000001332 ) ) ;
#772 = CIRCLE ( 'NONE', #994, 0.5000000000000000000 ) ;
#773 = ORIENTED_EDGE ( 'NONE', *, *, #105, .T. ) ;
#774 = CIRCLE ( 'NONE', #31, 2.000000000000000000 ) ;
#775 = ORIENTED_EDGE ( 'NONE', *, *, #916, .F. ) ;
#776 = DIRECTION ( 'NONE',  ( 0.000000000000000000, 0.000000000000000000, -1.000000000000000000 ) ) ;
#777 = CARTESIAN_POINT ( 'NONE',  ( -2.000000000000000000, 2.811138559374120494, 1.500000000000000000 ) ) ;
#778 = CARTESIAN_POINT ( 'NONE',  ( -4.299999999999999822, 0.000000000000000000, 0.000000000000000000 ) ) ;
#779 = ORIENTED_EDGE ( 'NONE', *, *, #1223, .F. ) ;
#780 = VECTOR ( 'NONE', #903, 1000.000000000000000 ) ;
#781 =( GEOMETRIC_REPRESENTATION_CONTEXT ( 3 ) GLOBAL_UNCERTAINTY_ASSIGNED_CONTEXT ( ( #1468 ) ) GLOBAL_UNIT_ASSIGNED_CONTEXT ( ( #581, #589, #475 ) ) REPRESENTATION_CONTEXT ( 'NONE', 'WORKASPACE' ) );
#782 = VECTOR ( 'NONE', #1582, 1000.000000000000000 ) ;
#783 = ORIENTED_EDGE ( 'NONE', *, *, #1236, .T. ) ;
#784 = LINE ( 'NONE', #1317, #53 ) ;
#785 = EDGE_CURVE ( 'NONE', #252, #187, #662, .T. ) ;
#786 = CARTESIAN_POINT ( 'NONE',  ( 4.299999999999999822, 0.000000000000000000, 0.000000000000000000 ) ) ;
#787 = ORIENTED_EDGE ( 'NONE', *, *, #281, .T. ) ;
#788 = EDGE_CURVE ( 'NONE', #765, #974, #1060, .T. ) ;
#789 = ORIENTED_EDGE ( 'NONE', *, *, #1537, .T. ) ;
#790 = EDGE_CURVE ( 'NONE', #100, #821, #493, .T. ) ;
#791 = DIRECTION ( 'NONE',  ( -0.000000000000000000, -0.000000000000000000, -1.000000000000000000 ) ) ;
#792 = AXIS2_PLACEMENT_3D ( 'NONE', #319, #1240, #1074 ) ;
#793 = AXIS2_PLACEMENT_3D ( 'NONE', #720, #1677, #481 ) ;
#794 = CARTESIAN_POINT ( 'NONE',  ( -8.150000000000000355, -2.000000000000000000, 1.500000000000000000 ) ) ;
#795 = VERTEX_POINT ( 'NONE', #767 ) ;
#796 = EDGE_LOOP ( 'NONE', ( #665, #9, #268, #77 ) ) ;
#797 = DIRECTION ( 'NONE',  ( -0.000000000000000000, -0.000000000000000000, -1.000000000000000000 ) ) ;
#798 = DIRECTION ( 'NONE',  ( 0.000000000000000000, 0.000000000000000000, 1.000000000000000000 ) ) ;
#799 = ADVANCED_FACE ( 'NONE', ( #5, #1309, #1453, #514, #255, #147, #264, #1194, #1598, #394, #1586, #1045, #649, #925 ), #1177, .T. ) ;
#800 = DIRECTION ( 'NONE',  ( -0.000000000000000000, -0.000000000000000000, -1.000000000000000000 ) ) ;
#801 = ORIENTED_EDGE ( 'NONE', *, *, #1515, .F. ) ;
#802 = ORIENTED_EDGE ( 'NONE', *, *, #1482, .T. ) ;
#803 = FACE_OUTER_BOUND ( 'NONE', #1253, .T. ) ;
#804 = AXIS2_PLACEMENT_3D ( 'NONE', #565, #838, #1372 ) ;
#805 = CARTESIAN_POINT ( 'NONE',  ( 0.000000000000000000, 0.000000000000000000, 1.500000000000000000 ) ) ;
#806 = DIRECTION ( 'NONE',  ( 1.000000000000000000, 0.000000000000000000, 0.000000000000000000 ) ) ;
#807 = EDGE_CURVE ( 'NONE', #1208, #1596, #784, .T. ) ;
#808 = CARTESIAN_POINT ( 'NONE',  ( 0.5000000000000000000, -6.299999999999999822, 0.000000000000000000 ) ) ;
#809 = VERTEX_POINT ( 'NONE', #656 ) ;
#810 = AXIS2_PLACEMENT_3D ( 'NONE', #645, #752, #1006 ) ;
#811 = AXIS2_PLACEMENT_3D ( 'NONE', #786, #1186, #8 ) ;
#812 = ORIENTED_EDGE ( 'NONE', *, *, #901, .T. ) ;
#813 = DIRECTION ( 'NONE',  ( -1.000000000000000000, 0.000000000000000000, 0.000000000000000000 ) ) ;
#814 = DIRECTION ( 'NONE',  ( 0.000000000000000000, 1.000000000000000000, 0.000000000000000000 ) ) ;
#815 = DIRECTION ( 'NONE',  ( 0.000000000000000000, 0.000000000000000000, -1.000000000000000000 ) ) ;
#816 = PRODUCT_RELATED_PRODUCT_CATEGORY ( 'detail', '', ( #595 ) ) ;
#817 = CARTESIAN_POINT ( 'NONE',  ( 0.000000000000000000, 0.000000000000000000, 0.000000000000000000 ) ) ;
#818 = ORIENTED_EDGE ( 'NONE', *, *, #391, .F. ) ;
#819 = CARTESIAN_POINT ( 'NONE',  ( -3.799999999999999822, 6.123233995736766036E-17, 1.500000000000001332 ) ) ;
#820 = EDGE_CURVE ( 'NONE', #187, #890, #934, .T. ) ;
#821 = VERTEX_POINT ( 'NONE', #1324 ) ;
#822 = LINE ( 'NONE', #1219, #111 ) ;
#823 = FACE_OUTER_BOUND ( 'NONE', #125, .T. ) ;
#824 = AXIS2_PLACEMENT_3D ( 'NONE', #1396, #480, #1008 ) ;
#825 = DIRECTION ( 'NONE',  ( 0.000000000000000000, 0.000000000000000000, 1.000000000000000000 ) ) ;
#826 = DIRECTION ( 'NONE',  ( -0.000000000000000000, -0.000000000000000000, -1.000000000000000000 ) ) ;
#827 = EDGE_LOOP ( 'NONE', ( #881, #1589, #1636, #1140 ) ) ;
#828 = CARTESIAN_POINT ( 'NONE',  ( -0.5000000000000000000, -6.299999999999999822, 1.500000000000001332 ) ) ;
#829 = ORIENTED_EDGE ( 'NONE', *, *, #425, .F. ) ;
#830 = DIRECTION ( 'NONE',  ( 1.000000000000000000, 0.000000000000000000, 0.000000000000000000 ) ) ;
#831 = PLANE ( 'NONE',  #1265 ) ;
#832 = CIRCLE ( 'NONE', #1279, 2.000000000000000000 ) ;
#833 = LINE ( 'NONE', #1102, #1580 ) ;
#834 = CIRCLE ( 'NONE', #420, 0.5000000000000004441 ) ;
#835 = EDGE_CURVE ( 'NONE', #1492, #1120, #1437, .T. ) ;
#836 = LINE ( 'NONE', #986, #1319 ) ;
#837 = EDGE_LOOP ( 'NONE', ( #341, #698, #590, #1480 ) ) ;
#838 = DIRECTION ( 'NONE',  ( 0.000000000000000000, 0.000000000000000000, 1.000000000000000000 ) ) ;
#839 = ORIENTED_EDGE ( 'NONE', *, *, #433, .F. ) ;
#840 = AXIS2_PLACEMENT_3D ( 'NONE', #153, #957, #43 ) ;
#841 = FACE_BOUND ( 'NONE', #1295, .T. ) ;
#842 = CC_DESIGN_PERSON_AND_ORGANIZATION_ASSIGNMENT ( #751, #1545, ( #174 ) ) ;
#843 = CLOSED_SHELL ( 'NONE', ( #131, #1668, #1149, #381, #1558, #500, #713, #604, #734, #16, #579, #134, #920, #883, #76, #258, #918, #36, #1293, #799, #983, #1185, #78, #89, #1543, #331, #1165, #1093, #863, #894, #1408, #859, #584, #1035, #869, #228, #1590, #233, #249, #235, #1270, #993, #1487, #1521, #548, #1568, #512 ) ) ;
#844 = DIRECTION ( 'NONE',  ( 1.000000000000000000, 0.000000000000000000, 0.000000000000000000 ) ) ;
#845 = AXIS2_PLACEMENT_3D ( 'NONE', #950, #419, #806 ) ;
#846 = DIRECTION ( 'NONE',  ( 0.000000000000000000, 0.000000000000000000, -1.000000000000000000 ) ) ;
#847 = CARTESIAN_POINT ( 'NONE',  ( 0.000000000000000000, 0.000000000000000000, 1.500000000000000000 ) ) ;
#848 = ORIENTED_EDGE ( 'NONE', *, *, #1693, .F. ) ;
#849 = FACE_OUTER_BOUND ( 'NONE', #1315, .T. ) ;
#850 = AXIS2_PLACEMENT_3D ( 'NONE', #947, #284, #681 ) ;
#851 = ORIENTED_EDGE ( 'NONE', *, *, #300, .F. ) ;
#852 = EDGE_LOOP ( 'NONE', ( #1712, #1052, #1363, #1518 ) ) ;
#853 = LINE ( 'NONE', #161, #1447 ) ;
#854 = CYLINDRICAL_SURFACE ( 'NONE', #1221, 0.5000000000000004441 ) ;
#855 = CIRCLE ( 'NONE', #1206, 0.5000000000000004441 ) ;
#856 = EDGE_CURVE ( 'NONE', #141, #1247, #405, .T. ) ;
#857 = AXIS2_PLACEMENT_3D ( 'NONE', #350, #630, #338 ) ;
#858 = CARTESIAN_POINT ( 'NONE',  ( 0.000000000000000000, 8.150000000000000355, 0.000000000000000000 ) ) ;
#859 = ADVANCED_FACE ( 'NONE', ( #1376 ), #1080, .T. ) ;
#860 = ORIENTED_EDGE ( 'NONE', *, *, #7, .F. ) ;
#861 = DIRECTION ( 'NONE',  ( -1.000000000000000000, -0.000000000000000000, -0.000000000000000000 ) ) ;
#862 = ORIENTED_EDGE ( 'NONE', *, *, #425, .T. ) ;
#863 = ADVANCED_FACE ( 'NONE', ( #1336 ), #1090, .F. ) ;
#864 = ORIENTED_EDGE ( 'NONE', *, *, #1042, .F. ) ;
#865 = CARTESIAN_POINT ( 'NONE',  ( 0.000000000000000000, 0.000000000000000000, 0.000000000000000000 ) ) ;
#866 = LINE ( 'NONE', #1659, #1183 ) ;
#867 = AXIS2_PLACEMENT_3D ( 'NONE', #179, #958, #1357 ) ;
#868 = CARTESIAN_POINT ( 'NONE',  ( 3.450000000000000178, 4.225031457058368824E-16, -2.500000000000000000 ) ) ;
#869 = ADVANCED_FACE ( 'NONE', ( #803 ), #1230, .F. ) ;
#870 = AXIS2_PLACEMENT_3D ( 'NONE', #448, #1378, #977 ) ;
#871 = EDGE_CURVE ( 'NONE', #623, #198, #822, .T. ) ;
#872 = EDGE_LOOP ( 'NONE', ( #453, #1321, #337, #1459 ) ) ;
#873 = DATE_TIME_ROLE ( 'classification_date' ) ;
#874 = ORIENTED_EDGE ( 'NONE', *, *, #308, .T. ) ;
#875 = FACE_OUTER_BOUND ( 'NONE', #1248, .T. ) ;
#876 = CARTESIAN_POINT ( 'NONE',  ( -6.800000000000000711, 0.000000000000000000, 1.500000000000001332 ) ) ;
#877 = VECTOR ( 'NONE', #1338, 1000.000000000000000 ) ;
#878 = ORIENTED_EDGE ( 'NONE', *, *, #1176, .F. ) ;
#879 = PERSON_AND_ORGANIZATION_ROLE ( 'design_owner' ) ;
#880 = DIRECTION ( 'NONE',  ( -0.000000000000000000, -0.000000000000000000, -1.000000000000000000 ) ) ;
#881 = ORIENTED_EDGE ( 'NONE', *, *, #1532, .T. ) ;
#882 = AXIS2_PLACEMENT_3D ( 'NONE', #142, #1036, #522 ) ;
#883 = ADVANCED_FACE ( 'NONE', ( #557 ), #1356, .T. ) ;
#884 = DIRECTION ( 'NONE',  ( 0.000000000000000000, 0.000000000000000000, -1.000000000000000000 ) ) ;
#885 = CARTESIAN_POINT ( 'NONE',  ( -7.799999999999999822, 6.123233995736772199E-17, 1.500000000000001332 ) ) ;
#886 = DIRECTION ( 'NONE',  ( -0.000000000000000000, -0.000000000000000000, -1.000000000000000000 ) ) ;
#887 = DIRECTION ( 'NONE',  ( 0.000000000000000000, 0.000000000000000000, -1.000000000000000000 ) ) ;
#888 = DATE_AND_TIME ( #1283, #923 ) ;
#889 = DIRECTION ( 'NONE',  ( -0.000000000000000000, -1.000000000000000000, -0.000000000000000000 ) ) ;
#890 = VERTEX_POINT ( 'NONE', #1613 ) ;
#891 = CARTESIAN_POINT ( 'NONE',  ( -3.450000000000000178, 0.000000000000000000, 0.000000000000000000 ) ) ;
#892 = CARTESIAN_POINT ( 'NONE',  ( -2.811138559374120494, -2.000000000000000000, 0.000000000000000000 ) ) ;
#893 = CYLINDRICAL_SURFACE ( 'NONE', #1472, 0.5000000000000004441 ) ;
#894 = ADVANCED_FACE ( 'NONE', ( #1621 ), #177, .T. ) ;
#895 = ORIENTED_EDGE ( 'NONE', *, *, #1699, .F. ) ;
#896 = DATE_AND_TIME ( #84, #496 ) ;
#897 = CARTESIAN_POINT ( 'NONE',  ( 4.299999999999999822, 0.000000000000000000, 1.500000000000001332 ) ) ;
#898 = ORIENTED_EDGE ( 'NONE', *, *, #407, .F. ) ;
#899 = ORIENTED_EDGE ( 'NONE', *, *, #856, .T. ) ;
#900 = CARTESIAN_POINT ( 'NONE',  ( 0.000000000000000000, 8.150000000000000355, 1.500000000000000000 ) ) ;
#901 = EDGE_CURVE ( 'NONE', #673, #83, #1108, .T. ) ;
#902 = DIRECTION ( 'NONE',  ( 0.000000000000000000, 0.000000000000000000, 1.000000000000000000 ) ) ;
#903 = DIRECTION ( 'NONE',  ( 0.000000000000000000, 0.000000000000000000, 1.000000000000000000 ) ) ;
#904 = ORIENTED_EDGE ( 'NONE', *, *, #736, .T. ) ;
#905 = APPROVAL_STATUS ( 'not_yet_approved' ) ;
#906 = DIRECTION ( 'NONE',  ( 1.000000000000000000, 0.000000000000000000, 0.000000000000000000 ) ) ;
#907 = ORIENTED_EDGE ( 'NONE', *, *, #1593, .F. ) ;
#908 = EDGE_LOOP ( 'NONE', ( #1175, #878 ) ) ;
#909 = CARTESIAN_POINT ( 'NONE',  ( 8.150000000000000355, 2.000000000000000000, 1.500000000000000000 ) ) ;
#910 = CARTESIAN_POINT ( 'NONE',  ( -2.811138559374120494, -2.000000000000000000, 1.500000000000000000 ) ) ;
#911 = DIRECTION ( 'NONE',  ( -0.000000000000000000, -0.000000000000000000, -1.000000000000000000 ) ) ;
#912 = FACE_BOUND ( 'NONE', #465, .T. ) ;
#913 = ORIENTED_EDGE ( 'NONE', *, *, #1414, .F. ) ;
#914 = AXIS2_PLACEMENT_3D ( 'NONE', #990, #884, #1249 ) ;
#915 = ORIENTED_EDGE ( 'NONE', *, *, #559, .F. ) ;
#916 = EDGE_CURVE ( 'NONE', #1264, #1499, #1339, .T. ) ;
#917 = DIRECTION ( 'NONE',  ( -0.000000000000000000, -0.000000000000000000, -1.000000000000000000 ) ) ;
#918 = ADVANCED_FACE ( 'NONE', ( #841, #975, #1631, #1100 ), #26, .F. ) ;
#919 = CARTESIAN_POINT ( 'NONE',  ( -8.150000000000000355, -2.000000000000000000, 1.500000000000000000 ) ) ;
#920 = ADVANCED_FACE ( 'NONE', ( #547 ), #1484, .F. ) ;
#921 = EDGE_LOOP ( 'NONE', ( #1328, #298, #1181, #605 ) ) ;
#922 = AXIS2_PLACEMENT_3D ( 'NONE', #99, #1678, #495 ) ;
#923 = LOCAL_TIME ( 22, 18, 46.00000000000000000, #507 ) ;
#924 = VERTEX_POINT ( 'NONE', #437 ) ;
#925 = FACE_OUTER_BOUND ( 'NONE', #1475, .T. ) ;
#926 = CIRCLE ( 'NONE', #1370, 0.5000000000000000000 ) ;
#927 = DIRECTION ( 'NONE',  ( 1.000000000000000000, 0.000000000000000000, 0.000000000000000000 ) ) ;
#928 = CIRCLE ( 'NONE', #182, 3.450000000000000178 ) ;
#929 = VERTEX_POINT ( 'NONE', #291 ) ;
#930 = CIRCLE ( 'NONE', #984, 2.000000000000000000 ) ;
#931 = ORIENTED_EDGE ( 'NONE', *, *, #1606, .F. ) ;
#932 = DIRECTION ( 'NONE',  ( 1.000000000000000000, 0.000000000000000000, 0.000000000000000000 ) ) ;
#933 = EDGE_CURVE ( 'NONE', #1499, #1264, #181, .T. ) ;
#934 = CIRCLE ( 'NONE', #189, 0.5000000000000000000 ) ;
#935 = AXIS2_PLACEMENT_3D ( 'NONE', #992, #503, #610 ) ;
#936 = CARTESIAN_POINT ( 'NONE',  ( 6.800000000000000711, 6.123233995736772199E-17, 0.000000000000000000 ) ) ;
#937 = ORIENTED_EDGE ( 'NONE', *, *, #1379, .T. ) ;
#938 = AXIS2_PLACEMENT_3D ( 'NONE', #137, #1707, #1591 ) ;
#939 = ORIENTED_EDGE ( 'NONE', *, *, #1385, .F. ) ;
#940 = DIRECTION ( 'NONE',  ( 0.000000000000000000, 0.000000000000000000, 1.000000000000000000 ) ) ;
#941 = EDGE_CURVE ( 'NONE', #1664, #1335, #1576, .T. ) ;
#942 = FACE_OUTER_BOUND ( 'NONE', #499, .T. ) ;
#943 = CARTESIAN_POINT ( 'NONE',  ( 8.150000000000000355, 0.000000000000000000, 1.500000000000000000 ) ) ;
#944 = DIRECTION ( 'NONE',  ( -0.000000000000000000, -0.000000000000000000, -1.000000000000000000 ) ) ;
#945 = ORIENTED_EDGE ( 'NONE', *, *, #759, .F. ) ;
#946 = ORIENTED_EDGE ( 'NONE', *, *, #637, .T. ) ;
#947 = CARTESIAN_POINT ( 'NONE',  ( -8.150000000000000355, 0.000000000000000000, 1.500000000000000000 ) ) ;
#948 = CIRCLE ( 'NONE', #1512, 0.5000000000000000000 ) ;
#949 = LINE ( 'NONE', #191, #468 ) ;
#950 = CARTESIAN_POINT ( 'NONE',  ( 0.000000000000000000, 6.299999999999999822, 1.500000000000001332 ) ) ;
#951 = FACE_OUTER_BOUND ( 'NONE', #1673, .T. ) ;
#952 = ORIENTED_EDGE ( 'NONE', *, *, #1141, .F. ) ;
#953 = CARTESIAN_POINT ( 'NONE',  ( -8.800000000000000711, 0.000000000000000000, 1.500000000000001332 ) ) ;
#954 = AXIS2_PLACEMENT_3D ( 'NONE', #409, #710, #446 ) ;
#955 = CIRCLE ( 'NONE', #1548, 3.450000000000000178 ) ;
#956 = EDGE_LOOP ( 'NONE', ( #1153, #1452 ) ) ;
#957 = DIRECTION ( 'NONE',  ( 0.000000000000000000, 0.000000000000000000, 1.000000000000000000 ) ) ;
#958 = DIRECTION ( 'NONE',  ( 0.000000000000000000, 0.000000000000000000, 1.000000000000000000 ) ) ;
#959 = DIRECTION ( 'NONE',  ( 0.000000000000000000, 0.000000000000000000, 1.000000000000000000 ) ) ;
#960 = DIRECTION ( 'NONE',  ( 1.000000000000000000, 0.000000000000000000, 0.000000000000000000 ) ) ;
#961 = EDGE_LOOP ( 'NONE', ( #3, #588, #91, #680 ) ) ;
#962 = SECURITY_CLASSIFICATION ( '', '', #1691 ) ;
#963 = DIRECTION ( 'NONE',  ( -1.000000000000000000, 0.000000000000000000, 0.000000000000000000 ) ) ;
#964 = ORIENTED_EDGE ( 'NONE', *, *, #203, .F. ) ;
#965 = CIRCLE ( 'NONE', #440, 0.5000000000000000000 ) ;
#966 = DIRECTION ( 'NONE',  ( 1.000000000000000000, 0.000000000000000000, 0.000000000000000000 ) ) ;
#967 = EDGE_CURVE ( 'NONE', #1187, #1538, #62, .T. ) ;
#968 = DIRECTION ( 'NONE',  ( 1.000000000000000000, 0.000000000000000000, 0.000000000000000000 ) ) ;
#969 = CARTESIAN_POINT ( 'NONE',  ( -2.000000000000000000, -8.150000000000000355, 1.500000000000000000 ) ) ;
#970 = DIRECTION ( 'NONE',  ( -0.000000000000000000, -0.000000000000000000, -1.000000000000000000 ) ) ;
#971 = EDGE_LOOP ( 'NONE', ( #1577, #779 ) ) ;
#972 = EDGE_CURVE ( 'NONE', #890, #187, #1142, .T. ) ;
#973 = FACE_OUTER_BOUND ( 'NONE', #223, .T. ) ;
#974 = VERTEX_POINT ( 'NONE', #1364 ) ;
#975 = FACE_BOUND ( 'NONE', #406, .T. ) ;
#976 = DIRECTION ( 'NONE',  ( -0.000000000000000000, -0.000000000000000000, -1.000000000000000000 ) ) ;
#977 = DIRECTION ( 'NONE',  ( 1.000000000000000000, 0.000000000000000000, 0.000000000000000000 ) ) ;
#978 = DIRECTION ( 'NONE',  ( -1.000000000000000000, 0.000000000000000000, 0.000000000000000000 ) ) ;
#979 = ORIENTED_EDGE ( 'NONE', *, *, #1193, .T. ) ;
#980 = EDGE_LOOP ( 'NONE', ( #490, #687, #40, #931 ) ) ;
#981 = VECTOR ( 'NONE', #966, 1000.000000000000000 ) ;
#982 = DIRECTION ( 'NONE',  ( 0.000000000000000000, 0.000000000000000000, -1.000000000000000000 ) ) ;
#983 = ADVANCED_FACE ( 'NONE', ( #240, #912, #627, #763 ), #102, .F. ) ;
#984 = AXIS2_PLACEMENT_3D ( 'NONE', #858, #695, #171 ) ;
#985 = CARTESIAN_POINT ( 'NONE',  ( -4.299999999999999822, 0.000000000000000000, 1.500000000000001332 ) ) ;
#986 = CARTESIAN_POINT ( 'NONE',  ( 2.000000000000000000, -8.150000000000000355, 1.500000000000000000 ) ) ;
#987 = ORIENTED_EDGE ( 'NONE', *, *, #933, .F. ) ;
#988 = CARTESIAN_POINT ( 'NONE',  ( 2.811138559374120494, 2.000000000000000000, 0.000000000000000000 ) ) ;
#989 = VERTEX_POINT ( 'NONE', #1583 ) ;
#990 = CARTESIAN_POINT ( 'NONE',  ( 0.000000000000000000, 6.299999999999999822, 1.500000000000001332 ) ) ;
#991 = EDGE_CURVE ( 'NONE', #765, #207, #508, .T. ) ;
#992 = CARTESIAN_POINT ( 'NONE',  ( 0.000000000000000000, 0.000000000000000000, -2.500000000000000444 ) ) ;
#993 = ADVANCED_FACE ( 'NONE', ( #1692 ), #1013, .F. ) ;
#994 = AXIS2_PLACEMENT_3D ( 'NONE', #620, #593, #1570 ) ;
#995 = CIRCLE ( 'NONE', #1362, 0.5000000000000004441 ) ;
#996 = CARTESIAN_POINT ( 'NONE',  ( 8.150000000000000355, -2.000000000000000000, 0.000000000000000000 ) ) ;
#997 = ORIENTED_EDGE ( 'NONE', *, *, #1353, .F. ) ;
#998 = ORIENTED_EDGE ( 'NONE', *, *, #24, .T. ) ;
#999 = DIRECTION ( 'NONE',  ( 0.000000000000000000, 0.000000000000000000, 1.000000000000000000 ) ) ;
#1000 = DIRECTION ( 'NONE',  ( -0.000000000000000000, -0.000000000000000000, -1.000000000000000000 ) ) ;
#1001 = DIRECTION ( 'NONE',  ( 1.000000000000000000, 0.000000000000000000, 0.000000000000000000 ) ) ;
#1002 = ORGANIZATION ( 'UNSPECIFIED', 'UNSPECIFIED', '' ) ;
#1003 = VERTEX_POINT ( 'NONE', #132 ) ;
#1004 = PERSON_AND_ORGANIZATION ( #1382, #1002 ) ;
#1005 = EDGE_CURVE ( 'NONE', #1199, #529, #398, .T. ) ;
#1006 = DIRECTION ( 'NONE',  ( 1.000000000000000000, 0.000000000000000000, 0.000000000000000000 ) ) ;
#1007 = ORIENTED_EDGE ( 'NONE', *, *, #370, .F. ) ;
#1008 = DIRECTION ( 'NONE',  ( -1.000000000000000000, 0.000000000000000000, 0.000000000000000000 ) ) ;
#1009 = DIRECTION ( 'NONE',  ( -1.000000000000000000, -0.000000000000000000, -0.000000000000000000 ) ) ;
#1010 = CARTESIAN_POINT ( 'NONE',  ( -6.299999999999999822, 0.000000000000000000, 1.500000000000001332 ) ) ;
#1011 = FACE_BOUND ( 'NONE', #275, .T. ) ;
#1012 = PERSON_AND_ORGANIZATION ( #1382, #1002 ) ;
#1013 = CYLINDRICAL_SURFACE ( 'NONE', #103, 0.5000000000000004441 ) ;
#1014 = ORIENTED_EDGE ( 'NONE', *, *, #625, .F. ) ;
#1015 = AXIS2_PLACEMENT_3D ( 'NONE', #1201, #1639, #813 ) ;
#1016 = AXIS2_PLACEMENT_3D ( 'NONE', #727, #757, #98 ) ;
#1017 = CARTESIAN_POINT ( 'NONE',  ( -2.000000000000000000, -8.150000000000000355, 1.500000000000000000 ) ) ;
#1018 = LINE ( 'NONE', #339, #254 ) ;
#1019 = EDGE_CURVE ( 'NONE', #315, #1055, #518, .T. ) ;
#1020 = LINE ( 'NONE', #382, #1387 ) ;
#1021 = DIRECTION ( 'NONE',  ( -1.000000000000000000, 0.000000000000000000, 0.000000000000000000 ) ) ;
#1022 = CALENDAR_DATE ( 2026, 8, 9 ) ;
#1023 = FACE_OUTER_BOUND ( 'NONE', #445, .T. ) ;
#1024 = APPROVAL ( #905, 'UNSPECIFIED' ) ;
#1025 = EDGE_LOOP ( 'NONE', ( #1483, #1588, #1173, #839 ) ) ;
#1026 = ORIENTED_EDGE ( 'NONE', *, *, #485, .F. ) ;
#1027 = FACE_OUTER_BOUND ( 'NONE', #600, .T. ) ;
#1028 = FACE_OUTER_BOUND ( 'NONE', #872, .T. ) ;
#1029 = DIRECTION ( 'NONE',  ( -0.000000000000000000, -0.000000000000000000, -1.000000000000000000 ) ) ;
#1030 = DIRECTION ( 'NONE',  ( 0.000000000000000000, 0.000000000000000000, 1.000000000000000000 ) ) ;
#1031 = DIRECTION ( 'NONE',  ( -0.000000000000000000, -0.000000000000000000, -1.000000000000000000 ) ) ;
#1032 = ORIENTED_EDGE ( 'NONE', *, *, #403, .F. ) ;
#1033 = ORIENTED_EDGE ( 'NONE', *, *, #972, .F. ) ;
#1034 = DIRECTION ( 'NONE',  ( 0.000000000000000000, 0.000000000000000000, 1.000000000000000000 ) ) ;
#1035 = ADVANCED_FACE ( 'NONE', ( #1284, #1023 ), #384, .F. ) ;
#1036 = DIRECTION ( 'NONE',  ( 0.000000000000000000, 0.000000000000000000, 1.000000000000000000 ) ) ;
#1037 = AXIS2_PLACEMENT_3D ( 'NONE', #1172, #124, #498 ) ;
#1038 = CARTESIAN_POINT ( 'NONE',  ( 4.299999999999999822, 0.000000000000000000, 0.000000000000000000 ) ) ;
#1039 = CIRCLE ( 'NONE', #347, 0.5000000000000004441 ) ;
#1040 = CARTESIAN_POINT ( 'NONE',  ( 0.5000000000000000000, -4.299999999999999822, 1.500000000000001332 ) ) ;
#1041 = LINE ( 'NONE', #771, #758 ) ;
#1042 = EDGE_CURVE ( 'NONE', #521, #73, #1556, .T. ) ;
#1043 = ORIENTED_EDGE ( 'NONE', *, *, #1626, .F. ) ;
#1044 = ORIENTED_EDGE ( 'NONE', *, *, #452, .F. ) ;
#1045 = FACE_BOUND ( 'NONE', #148, .T. ) ;
#1046 = APPROVAL_PERSON_ORGANIZATION ( #1564, #1666, #220 ) ;
#1047 = EDGE_CURVE ( 'NONE', #1274, #1705, #1041, .T. ) ;
#1048 = EDGE_CURVE ( 'NONE', #152, #1705, #699, .T. ) ;
#1049 = CARTESIAN_POINT ( 'NONE',  ( -8.150000000000000355, 2.000000000000000000, 1.500000000000000000 ) ) ;
#1050 = VERTEX_POINT ( 'NONE', #1442 ) ;
#1051 = APPLICATION_CONTEXT ( 'configuration controlled 3d designs of mechanical parts and assemblies' ) ;
#1052 = ORIENTED_EDGE ( 'NONE', *, *, #194, .T. ) ;
#1053 = DIRECTION ( 'NONE',  ( -0.000000000000000000, -0.000000000000000000, -1.000000000000000000 ) ) ;
#1054 = DIRECTION ( 'NONE',  ( 0.000000000000000000, 0.000000000000000000, 1.000000000000000000 ) ) ;
#1055 = VERTEX_POINT ( 'NONE', #365 ) ;
#1056 = AXIS2_PLACEMENT_3D ( 'NONE', #1167, #513, #640 ) ;
#1057 = EDGE_CURVE ( 'NONE', #198, #582, #357, .T. ) ;
#1058 = CIRCLE ( 'NONE', #1594, 3.450000000000000178 ) ;
#1059 = VERTEX_POINT ( 'NONE', #1273 ) ;
#1060 = LINE ( 'NONE', #667, #1688 ) ;
#1061 = CIRCLE ( 'NONE', #1599, 3.450000000000000178 ) ;
#1062 = LINE ( 'NONE', #1595, #1257 ) ;
#1063 = ORIENTED_EDGE ( 'NONE', *, *, #1640, .F. ) ;
#1064 = AXIS2_PLACEMENT_3D ( 'NONE', #536, #944, #273 ) ;
#1065 = EDGE_CURVE ( 'NONE', #1467, #521, #374, .T. ) ;
#1066 = ORIENTED_EDGE ( 'NONE', *, *, #1197, .F. ) ;
#1067 = CARTESIAN_POINT ( 'NONE',  ( -10.15000000000000036, 0.000000000000000000, 1.500000000000000000 ) ) ;
#1068 = FACE_OUTER_BOUND ( 'NONE', #754, .T. ) ;
#1069 = DIRECTION ( 'NONE',  ( 1.000000000000000000, 0.000000000000000000, 0.000000000000000000 ) ) ;
#1070 = ORIENTED_EDGE ( 'NONE', *, *, #24, .F. ) ;
#1071 = AXIS2_PLACEMENT_3D ( 'NONE', #1687, #739, #1001 ) ;
#1072 = ORIENTED_EDGE ( 'NONE', *, *, #1170, .T. ) ;
#1073 = AXIS2_PLACEMENT_3D ( 'NONE', #87, #70, #80 ) ;
#1074 = DIRECTION ( 'NONE',  ( 0.000000000000000000, 0.000000000000000000, 1.000000000000000000 ) ) ;
#1075 = DIRECTION ( 'NONE',  ( -0.000000000000000000, -0.000000000000000000, -1.000000000000000000 ) ) ;
#1076 = DIRECTION ( 'NONE',  ( 0.000000000000000000, 0.000000000000000000, 1.000000000000000000 ) ) ;
#1077 = LINE ( 'NONE', #422, #1491 ) ;
#1078 = EDGE_LOOP ( 'NONE', ( #451, #1557 ) ) ;
#1079 = EDGE_LOOP ( 'NONE', ( #1618, #530, #42, #525 ) ) ;
#1080 = CYLINDRICAL_SURFACE ( 'NONE', #850, 2.000000000000000000 ) ;
#1081 = CIRCLE ( 'NONE', #722, 0.5000000000000004441 ) ;
#1082 = CARTESIAN_POINT ( 'NONE',  ( -2.549999999999999822, 0.000000000000000000, -2.500000000000000444 ) ) ;
#1083 = CARTESIAN_POINT ( 'NONE',  ( 0.000000000000000000, 0.000000000000000000, -2.500000000000000000 ) ) ;
#1084 = CARTESIAN_POINT ( 'NONE',  ( 8.800000000000000711, 6.123233995736772199E-17, 1.500000000000001332 ) ) ;
#1085 = ORIENTED_EDGE ( 'NONE', *, *, #609, .F. ) ;
#1086 = CARTESIAN_POINT ( 'NONE',  ( -8.300000000000000711, 0.000000000000000000, 0.000000000000000000 ) ) ;
#1087 = EDGE_CURVE ( 'NONE', #1055, #315, #1256, .T. ) ;
#1088 = AXIS2_PLACEMENT_3D ( 'NONE', #180, #1076, #561 ) ;
#1089 = ORIENTED_EDGE ( 'NONE', *, *, #1005, .T. ) ;
#1090 = PLANE ( 'NONE',  #792 ) ;
#1091 = FACE_OUTER_BOUND ( 'NONE', #980, .T. ) ;
#1092 = CYLINDRICAL_SURFACE ( 'NONE', #41, 0.5000000000000000000 ) ;
#1093 = ADVANCED_FACE ( 'NONE', ( #259 ), #1294, .F. ) ;
#1094 = EDGE_CURVE ( 'NONE', #1647, #1274, #1196, .T. ) ;
#1095 = CIRCLE ( 'NONE', #1469, 0.5000000000000000000 ) ;
#1096 = CYLINDRICAL_SURFACE ( 'NONE', #1228, 0.5000000000000000000 ) ;
#1097 = ORIENTED_EDGE ( 'NONE', *, *, #1127, .T. ) ;
#1098 = CARTESIAN_POINT ( 'NONE',  ( 2.811138559374120494, -2.000000000000000000, 0.000000000000000000 ) ) ;
#1099 = ORIENTED_EDGE ( 'NONE', *, *, #1065, .F. ) ;
#1100 = FACE_OUTER_BOUND ( 'NONE', #423, .T. ) ;
#1101 = DIRECTION ( 'NONE',  ( 0.000000000000000000, -0.000000000000000000, 1.000000000000000000 ) ) ;
#1102 = CARTESIAN_POINT ( 'NONE',  ( 8.800000000000000711, 6.123233995736772199E-17, 1.500000000000001332 ) ) ;
#1103 = CARTESIAN_POINT ( 'NONE',  ( -2.000000000000000000, -8.150000000000000355, 0.000000000000000000 ) ) ;
#1104 = VERTEX_POINT ( 'NONE', #348 ) ;
#1105 = DIRECTION ( 'NONE',  ( 0.000000000000000000, 0.000000000000000000, -1.000000000000000000 ) ) ;
#1106 = EDGE_CURVE ( 'NONE', #1143, #436, #1713, .T. ) ;
#1107 = ORIENTED_EDGE ( 'NONE', *, *, #625, .T. ) ;
#1108 = LINE ( 'NONE', #427, #1115 ) ;
#1109 = CARTESIAN_POINT ( 'NONE',  ( -8.150000000000000355, -2.000000000000000000, 1.500000000000000000 ) ) ;
#1110 = CARTESIAN_POINT ( 'NONE',  ( 0.5000000000000000000, 6.299999999999999822, 1.500000000000001332 ) ) ;
#1111 = CARTESIAN_POINT ( 'NONE',  ( -0.5000000000000000000, -8.300000000000000711, 1.500000000000001332 ) ) ;
#1112 = ORIENTED_EDGE ( 'NONE', *, *, #611, .F. ) ;
#1113 = CARTESIAN_POINT ( 'NONE',  ( 2.549999999999999822, 3.122849337825750419E-16, 1.500000000000001332 ) ) ;
#1114 = EDGE_LOOP ( 'NONE', ( #723, #212, #232, #904 ) ) ;
#1115 = VECTOR ( 'NONE', #1495, 1000.000000000000000 ) ;
#1116 = EDGE_CURVE ( 'NONE', #458, #924, #1413, .T. ) ;
#1117 = FACE_BOUND ( 'NONE', #1316, .T. ) ;
#1118 = DIRECTION ( 'NONE',  ( 1.000000000000000000, 0.000000000000000000, 0.000000000000000000 ) ) ;
#1119 = DIRECTION ( 'NONE',  ( -1.000000000000000000, 0.000000000000000000, 0.000000000000000000 ) ) ;
#1120 = VERTEX_POINT ( 'NONE', #295 ) ;
#1121 = DIRECTION ( 'NONE',  ( 1.000000000000000000, 0.000000000000000000, 0.000000000000000000 ) ) ;
#1122 = LOCAL_TIME ( 22, 18, 46.00000000000000000, #741 ) ;
#1123 = ORIENTED_EDGE ( 'NONE', *, *, #1341, .F. ) ;
#1124 = ORIENTED_EDGE ( 'NONE', *, *, #126, .T. ) ;
#1125 = CARTESIAN_POINT ( 'NONE',  ( 0.000000000000000000, -8.150000000000000355, 0.000000000000000000 ) ) ;
#1126 = DIRECTION ( 'NONE',  ( 0.000000000000000000, 0.000000000000000000, -1.000000000000000000 ) ) ;
#1127 = EDGE_CURVE ( 'NONE', #363, #1003, #926, .T. ) ;
#1128 = CIRCLE ( 'NONE', #336, 2.000000000000000000 ) ;
#1129 = LINE ( 'NONE', #1169, #692 ) ;
#1130 = ORIENTED_EDGE ( 'NONE', *, *, #659, .F. ) ;
#1131 = VERTEX_POINT ( 'NONE', #676 ) ;
#1132 = CYLINDRICAL_SURFACE ( 'NONE', #914, 0.5000000000000000000 ) ;
#1133 = CARTESIAN_POINT ( 'NONE',  ( 6.299999999999999822, 0.000000000000000000, 1.500000000000001332 ) ) ;
#1134 = AXIS2_PLACEMENT_3D ( 'NONE', #225, #745, #200 ) ;
#1135 = LINE ( 'NONE', #1291, #1454 ) ;
#1136 = APPROVAL_PERSON_ORGANIZATION ( #356, #678, #113 ) ;
#1137 = FACE_OUTER_BOUND ( 'NONE', #921, .T. ) ;
#1138 = DIRECTION ( 'NONE',  ( 0.000000000000000000, 0.000000000000000000, 1.000000000000000000 ) ) ;
#1139 = CARTESIAN_POINT ( 'NONE',  ( -6.299999999999999822, 0.000000000000000000, 1.500000000000001332 ) ) ;
#1140 = ORIENTED_EDGE ( 'NONE', *, *, #1345, .T. ) ;
#1141 = EDGE_CURVE ( 'NONE', #809, #582, #1061, .T. ) ;
#1142 = CIRCLE ( 'NONE', #594, 0.5000000000000000000 ) ;
#1143 = VERTEX_POINT ( 'NONE', #1349 ) ;
#1144 = FACE_BOUND ( 'NONE', #1544, .T. ) ;
#1145 = LINE ( 'NONE', #885, #466 ) ;
#1146 = CIRCLE ( 'NONE', #399, 0.5000000000000004441 ) ;
#1147 = AXIS2_PLACEMENT_3D ( 'NONE', #694, #815, #712 ) ;
#1148 = DIRECTION ( 'NONE',  ( -1.000000000000000000, 0.000000000000000000, 0.000000000000000000 ) ) ;
#1149 = ADVANCED_FACE ( 'NONE', ( #1340 ), #139, .F. ) ;
#1150 = ORIENTED_EDGE ( 'NONE', *, *, #126, .F. ) ;
#1151 = COORDINATED_UNIVERSAL_TIME_OFFSET ( 6, 0, .BEHIND. ) ;
#1152 = DIRECTION ( 'NONE',  ( -1.000000000000000000, -0.000000000000000000, -0.000000000000000000 ) ) ;
#1153 = ORIENTED_EDGE ( 'NONE', *, *, #444, .F. ) ;
#1154 = AXIS2_PLACEMENT_3D ( 'NONE', #1715, #387, #270 ) ;
#1155 = CIRCLE ( 'NONE', #935, 2.549999999999999822 ) ;
#1156 = EDGE_LOOP ( 'NONE', ( #764, #1107, #112, #1239 ) ) ;
#1157 = FACE_BOUND ( 'NONE', #956, .T. ) ;
#1158 = DIRECTION ( 'NONE',  ( 0.000000000000000000, 0.000000000000000000, -1.000000000000000000 ) ) ;
#1159 = CARTESIAN_POINT ( 'NONE',  ( 2.000000000000000000, -8.150000000000000355, 1.500000000000000000 ) ) ;
#1160 = VECTOR ( 'NONE', #371, 1000.000000000000000 ) ;
#1161 = ORIENTED_EDGE ( 'NONE', *, *, #820, .T. ) ;
#1162 = COORDINATED_UNIVERSAL_TIME_OFFSET ( 6, 0, .BEHIND. ) ;
#1163 = CARTESIAN_POINT ( 'NONE',  ( 0.000000000000000000, 0.000000000000000000, 0.000000000000000000 ) ) ;
#1164 = ORIENTED_EDGE ( 'NONE', *, *, #679, .F. ) ;
#1165 = ADVANCED_FACE ( 'NONE', ( #144 ), #543, .F. ) ;
#1166 = ORIENTED_EDGE ( 'NONE', *, *, #523, .T. ) ;
#1167 = CARTESIAN_POINT ( 'NONE',  ( 0.000000000000000000, 8.300000000000000711, 1.500000000000001332 ) ) ;
#1168 = CYLINDRICAL_SURFACE ( 'NONE', #657, 0.5000000000000000000 ) ;
#1169 = CARTESIAN_POINT ( 'NONE',  ( -2.000000000000000000, -8.150000000000000355, 1.500000000000000000 ) ) ;
#1170 = EDGE_CURVE ( 'NONE', #1271, #414, #538, .T. ) ;
#1171 = CYLINDRICAL_SURFACE ( 'NONE', #647, 0.5000000000000004441 ) ;
#1172 = CARTESIAN_POINT ( 'NONE',  ( 8.300000000000000711, 0.000000000000000000, 0.000000000000000000 ) ) ;
#1173 = ORIENTED_EDGE ( 'NONE', *, *, #1351, .T. ) ;
#1174 = PRODUCT_DEFINITION ( 'UNKNOWN', '', #174, #11 ) ;
#1175 = ORIENTED_EDGE ( 'NONE', *, *, #637, .F. ) ;
#1176 = EDGE_CURVE ( 'NONE', #1375, #1229, #19, .T. ) ;
#1177 = PLANE ( 'NONE',  #1154 ) ;
#1178 = VECTOR ( 'NONE', #1152, 1000.000000000000000 ) ;
#1179 = AXIS2_PLACEMENT_3D ( 'NONE', #1660, #1533, #340 ) ;
#1180 = DIRECTION ( 'NONE',  ( -0.000000000000000000, -0.000000000000000000, -1.000000000000000000 ) ) ;
#1181 = ORIENTED_EDGE ( 'NONE', *, *, #1451, .T. ) ;
#1182 = VERTEX_POINT ( 'NONE', #808 ) ;
#1183 = VECTOR ( 'NONE', #1158, 1000.000000000000000 ) ;
#1184 = DIRECTION ( 'NONE',  ( -1.000000000000000000, 0.000000000000000000, 0.000000000000000000 ) ) ;
#1185 = ADVANCED_FACE ( 'NONE', ( #951 ), #1473, .F. ) ;
#1186 = DIRECTION ( 'NONE',  ( -0.000000000000000000, -0.000000000000000000, -1.000000000000000000 ) ) ;
#1187 = VERTEX_POINT ( 'NONE', #919 ) ;
#1188 = VERTEX_POINT ( 'NONE', #1479 ) ;
#1189 = DIRECTION ( 'NONE',  ( 1.000000000000000000, 0.000000000000000000, 0.000000000000000000 ) ) ;
#1190 = DIRECTION ( 'NONE',  ( -1.000000000000000000, 0.000000000000000000, 0.000000000000000000 ) ) ;
#1191 = VERTEX_POINT ( 'NONE', #936 ) ;
#1192 = VERTEX_POINT ( 'NONE', #1049 ) ;
#1193 = EDGE_CURVE ( 'NONE', #1596, #521, #375, .T. ) ;
#1194 = FACE_BOUND ( 'NONE', #1510, .T. ) ;
#1195 = CARTESIAN_POINT ( 'NONE',  ( -6.299999999999999822, 0.000000000000000000, 0.000000000000000000 ) ) ;
#1196 = CIRCLE ( 'NONE', #1461, 0.5000000000000000000 ) ;
#1197 = EDGE_CURVE ( 'NONE', #436, #1143, #1290, .T. ) ;
#1198 = CARTESIAN_POINT ( 'NONE',  ( -0.5000000000000000000, 4.299999999999999822, 0.000000000000000000 ) ) ;
#1199 = VERTEX_POINT ( 'NONE', #1204 ) ;
#1200 = VERTEX_POINT ( 'NONE', #30 ) ;
#1201 = CARTESIAN_POINT ( 'NONE',  ( -8.150000000000000355, 0.000000000000000000, 1.500000000000000000 ) ) ;
#1202 = DIRECTION ( 'NONE',  ( 0.000000000000000000, 0.000000000000000000, 1.000000000000000000 ) ) ;
#1203 = DIRECTION ( 'NONE',  ( 0.000000000000000000, 0.000000000000000000, 1.000000000000000000 ) ) ;
#1204 = CARTESIAN_POINT ( 'NONE',  ( 8.800000000000000711, 6.123233995736772199E-17, 0.000000000000000000 ) ) ;
#1205 = EDGE_LOOP ( 'NONE', ( #1694, #572 ) ) ;
#1206 = AXIS2_PLACEMENT_3D ( 'NONE', #1038, #1029, #731 ) ;
#1207 = EDGE_CURVE ( 'NONE', #315, #478, #1077, .T. ) ;
#1208 = VERTEX_POINT ( 'NONE', #280 ) ;
#1209 = CIRCLE ( 'NONE', #256, 0.5000000000000004441 ) ;
#1210 = DIRECTION ( 'NONE',  ( 0.000000000000000000, 0.000000000000000000, 1.000000000000000000 ) ) ;
#1211 = CARTESIAN_POINT ( 'NONE',  ( -0.5000000000000000000, 4.299999999999999822, 1.500000000000001332 ) ) ;
#1212 = CARTESIAN_POINT ( 'NONE',  ( 2.000000000000000000, 8.150000000000000355, 1.500000000000000000 ) ) ;
#1213 = EDGE_CURVE ( 'NONE', #1647, #152, #1062, .T. ) ;
#1214 = CARTESIAN_POINT ( 'NONE',  ( 0.000000000000000000, 0.000000000000000000, 0.000000000000000000 ) ) ;
#1215 = VERTEX_POINT ( 'NONE', #404 ) ;
#1216 = DIRECTION ( 'NONE',  ( -0.000000000000000000, -0.000000000000000000, -1.000000000000000000 ) ) ;
#1217 = AXIS2_PLACEMENT_3D ( 'NONE', #1419, #343, #737 ) ;
#1218 = ORIENTED_EDGE ( 'NONE', *, *, #1042, .T. ) ;
#1219 = CARTESIAN_POINT ( 'NONE',  ( -2.000000000000000000, 8.150000000000000355, 1.500000000000000000 ) ) ;
#1220 = CC_DESIGN_PERSON_AND_ORGANIZATION_ASSIGNMENT ( #1663, #101, ( #174 ) ) ;
#1221 = AXIS2_PLACEMENT_3D ( 'NONE', #985, #330, #1391 ) ;
#1222 = AXIS2_PLACEMENT_3D ( 'NONE', #1572, #798, #372 ) ;
#1223 = EDGE_CURVE ( 'NONE', #696, #478, #323, .T. ) ;
#1224 = DIRECTION ( 'NONE',  ( 0.000000000000000000, 0.000000000000000000, -1.000000000000000000 ) ) ;
#1225 = CARTESIAN_POINT ( 'NONE',  ( -0.5000000000000000000, -4.299999999999999822, 0.000000000000000000 ) ) ;
#1226 = EDGE_LOOP ( 'NONE', ( #639, #556 ) ) ;
#1227 = LINE ( 'NONE', #165, #753 ) ;
#1228 = AXIS2_PLACEMENT_3D ( 'NONE', #1252, #464, #332 ) ;
#1229 = VERTEX_POINT ( 'NONE', #528 ) ;
#1230 = CYLINDRICAL_SURFACE ( 'NONE', #1552, 2.549999999999999822 ) ;
#1231 = DIRECTION ( 'NONE',  ( 0.000000000000000000, 0.000000000000000000, -1.000000000000000000 ) ) ;
#1232 = DIRECTION ( 'NONE',  ( 0.000000000000000000, 0.000000000000000000, 1.000000000000000000 ) ) ;
#1233 = VECTOR ( 'NONE', #379, 1000.000000000000000 ) ;
#1234 = AXIS2_PLACEMENT_3D ( 'NONE', #1399, #1000, #217 ) ;
#1235 = DIRECTION ( 'NONE',  ( -0.000000000000000000, -1.000000000000000000, -0.000000000000000000 ) ) ;
#1236 = EDGE_CURVE ( 'NONE', #1187, #795, #396, .T. ) ;
#1237 = ORIENTED_EDGE ( 'NONE', *, *, #545, .T. ) ;
#1238 = CYLINDRICAL_SURFACE ( 'NONE', #68, 0.5000000000000000000 ) ;
#1239 = ORIENTED_EDGE ( 'NONE', *, *, #671, .F. ) ;
#1240 = DIRECTION ( 'NONE',  ( -1.000000000000000000, 0.000000000000000000, 0.000000000000000000 ) ) ;
#1241 = DIRECTION ( 'NONE',  ( -0.000000000000000000, -0.000000000000000000, -1.000000000000000000 ) ) ;
#1242 = DIRECTION ( 'NONE',  ( 1.000000000000000000, 0.000000000000000000, 0.000000000000000000 ) ) ;
#1243 = CARTESIAN_POINT ( 'NONE',  ( -4.800000000000000711, 0.000000000000000000, 1.500000000000001332 ) ) ;
#1244 = EDGE_CURVE ( 'NONE', #1247, #141, #106, .T. ) ;
#1245 = VERTEX_POINT ( 'NONE', #1198 ) ;
#1246 = CARTESIAN_POINT ( 'NONE',  ( -2.000000000000000000, -2.811138559374120494, 0.000000000000000000 ) ) ;
#1247 = VERTEX_POINT ( 'NONE', #1243 ) ;
#1248 = EDGE_LOOP ( 'NONE', ( #666, #1072, #655, #460 ) ) ;
#1249 = DIRECTION ( 'NONE',  ( -1.000000000000000000, 0.000000000000000000, 0.000000000000000000 ) ) ;
#1250 = AXIS2_PLACEMENT_3D ( 'NONE', #598, #1500, #1121 ) ;
#1251 = CARTESIAN_POINT ( 'NONE',  ( -2.000000000000000000, 8.150000000000000355, 1.500000000000000000 ) ) ;
#1252 = CARTESIAN_POINT ( 'NONE',  ( 0.000000000000000000, 4.299999999999999822, 1.500000000000001332 ) ) ;
#1253 = EDGE_LOOP ( 'NONE', ( #848, #537, #1683, #564 ) ) ;
#1254 = CARTESIAN_POINT ( 'NONE',  ( -3.450000000000000178, 0.000000000000000000, -2.500000000000000000 ) ) ;
#1255 = ORIENTED_EDGE ( 'NONE', *, *, #523, .F. ) ;
#1256 = CIRCLE ( 'NONE', #428, 0.5000000000000004441 ) ;
#1257 = VECTOR ( 'NONE', #267, 1000.000000000000000 ) ;
#1258 = EDGE_LOOP ( 'NONE', ( #61, #1218, #1526, #1547 ) ) ;
#1259 = LINE ( 'NONE', #1696, #550 ) ;
#1260 = FACE_OUTER_BOUND ( 'NONE', #827, .T. ) ;
#1261 = CARTESIAN_POINT ( 'NONE',  ( -2.000000000000000000, -8.150000000000000355, 1.500000000000000000 ) ) ;
#1262 = VERTEX_POINT ( 'NONE', #1225 ) ;
#1263 = APPROVAL_DATE_TIME ( #230, #678 ) ;
#1264 = VERTEX_POINT ( 'NONE', #46 ) ;
#1265 = AXIS2_PLACEMENT_3D ( 'NONE', #1109, #814, #691 ) ;
#1266 = EDGE_LOOP ( 'NONE', ( #93, #629, #1097, #829 ) ) ;
#1267 = DIRECTION ( 'NONE',  ( 0.000000000000000000, 0.000000000000000000, 1.000000000000000000 ) ) ;
#1268 = DIRECTION ( 'NONE',  ( 0.000000000000000000, 0.000000000000000000, -1.000000000000000000 ) ) ;
#1269 = CYLINDRICAL_SURFACE ( 'NONE', #196, 0.5000000000000004441 ) ;
#1270 = ADVANCED_FACE ( 'NONE', ( #1525 ), #1096, .F. ) ;
#1271 = VERTEX_POINT ( 'NONE', #1084 ) ;
#1272 = SHAPE_DEFINITION_REPRESENTATION ( #307, #1672 ) ;
#1273 = CARTESIAN_POINT ( 'NONE',  ( -0.5000000000000000000, -6.299999999999999822, 0.000000000000000000 ) ) ;
#1274 = VERTEX_POINT ( 'NONE', #703 ) ;
#1275 = ORIENTED_EDGE ( 'NONE', *, *, #433, .T. ) ;
#1276 = FACE_OUTER_BOUND ( 'NONE', #743, .T. ) ;
#1277 = EDGE_CURVE ( 'NONE', #251, #575, #955, .T. ) ;
#1278 = DIRECTION ( 'NONE',  ( 0.000000000000000000, 0.000000000000000000, -1.000000000000000000 ) ) ;
#1279 = AXIS2_PLACEMENT_3D ( 'NONE', #900, #1267, #608 ) ;
#1280 = LINE ( 'NONE', #633, #474 ) ;
#1281 = CIRCLE ( 'NONE', #870, 2.000000000000000000 ) ;
#1282 = EDGE_LOOP ( 'NONE', ( #1386, #787, #718, #773 ) ) ;
#1283 = CALENDAR_DATE ( 2026, 8, 9 ) ;
#1284 = FACE_BOUND ( 'NONE', #1205, .T. ) ;
#1285 = ORIENTED_EDGE ( 'NONE', *, *, #136, .F. ) ;
#1286 = AXIS2_PLACEMENT_3D ( 'NONE', #114, #906, #651 ) ;
#1287 = ORIENTED_EDGE ( 'NONE', *, *, #1462, .T. ) ;
#1288 = DIRECTION ( 'NONE',  ( 0.000000000000000000, 1.000000000000000000, 0.000000000000000000 ) ) ;
#1289 = CARTESIAN_POINT ( 'NONE',  ( -2.000000000000000000, 2.811138559374120494, 0.000000000000000000 ) ) ;
#1290 = CIRCLE ( 'NONE', #1064, 0.5000000000000000000 ) ;
#1291 = CARTESIAN_POINT ( 'NONE',  ( -0.5000000000000000000, -8.300000000000000711, 1.500000000000001332 ) ) ;
#1292 = DIRECTION ( 'NONE',  ( 1.000000000000000000, 0.000000000000000000, 0.000000000000000000 ) ) ;
#1293 = ADVANCED_FACE ( 'NONE', ( #578 ), #1400, .T. ) ;
#1294 = PLANE ( 'NONE',  #1286 ) ;
#1295 = EDGE_LOOP ( 'NONE', ( #1285, #1063 ) ) ;
#1296 = CIRCLE ( 'NONE', #706, 2.549999999999999822 ) ;
#1297 = ORIENTED_EDGE ( 'NONE', *, *, #1606, .T. ) ;
#1298 = CARTESIAN_POINT ( 'NONE',  ( -5.799999999999999822, 6.123233995736772199E-17, 1.500000000000001332 ) ) ;
#1299 = LINE ( 'NONE', #1067, #1233 ) ;
#1300 = CARTESIAN_POINT ( 'NONE',  ( -4.800000000000000711, 0.000000000000000000, 0.000000000000000000 ) ) ;
#1301 = AXIS2_PLACEMENT_3D ( 'NONE', #483, #1581, #642 ) ;
#1302 = AXIS2_PLACEMENT_3D ( 'NONE', #865, #601, #619 ) ;
#1303 = ORIENTED_EDGE ( 'NONE', *, *, #807, .F. ) ;
#1304 = COORDINATED_UNIVERSAL_TIME_OFFSET ( 6, 0, .BEHIND. ) ;
#1305 = DIRECTION ( 'NONE',  ( 1.000000000000000000, 0.000000000000000000, 0.000000000000000000 ) ) ;
#1306 = EDGE_CURVE ( 'NONE', #346, #458, #1716, .T. ) ;
#1307 = VERTEX_POINT ( 'NONE', #996 ) ;
#1308 = ORIENTED_EDGE ( 'NONE', *, *, #1478, .F. ) ;
#1309 = FACE_BOUND ( 'NONE', #546, .T. ) ;
#1310 = AXIS2_PLACEMENT_3D ( 'NONE', #168, #982, #27 ) ;
#1311 = CYLINDRICAL_SURFACE ( 'NONE', #29, 0.5000000000000000000 ) ;
#1312 = AXIS2_PLACEMENT_3D ( 'NONE', #697, #724, #175 ) ;
#1313 = DIRECTION ( 'NONE',  ( 0.000000000000000000, 0.000000000000000000, 1.000000000000000000 ) ) ;
#1314 = AXIS2_PLACEMENT_3D ( 'NONE', #1422, #1030, #516 ) ;
#1315 = EDGE_LOOP ( 'NONE', ( #1014, #1603, #79, #1360 ) ) ;
#1316 = EDGE_LOOP ( 'NONE', ( #176, #1033 ) ) ;
#1317 = CARTESIAN_POINT ( 'NONE',  ( -2.000000000000000000, -2.811138559374120494, 1.500000000000000000 ) ) ;
#1318 = EDGE_CURVE ( 'NONE', #1208, #1536, #587, .T. ) ;
#1319 = VECTOR ( 'NONE', #1635, 1000.000000000000000 ) ;
#1320 = CARTESIAN_POINT ( 'NONE',  ( 0.000000000000000000, -8.300000000000000711, 0.000000000000000000 ) ) ;
#1321 = ORIENTED_EDGE ( 'NONE', *, *, #1116, .T. ) ;
#1322 = ORIENTED_EDGE ( 'NONE', *, *, #856, .F. ) ;
#1323 = CIRCLE ( 'NONE', #1016, 0.5000000000000000000 ) ;
#1324 = CARTESIAN_POINT ( 'NONE',  ( 2.549999999999999822, 3.122849337825750419E-16, -2.500000000000000444 ) ) ;
#1325 = CC_DESIGN_SECURITY_CLASSIFICATION ( #962, ( #174 ) ) ;
#1326 = DIRECTION ( 'NONE',  ( 0.000000000000000000, 0.000000000000000000, -1.000000000000000000 ) ) ;
#1327 = EDGE_CURVE ( 'NONE', #127, #1492, #836, .T. ) ;
#1328 = ORIENTED_EDGE ( 'NONE', *, *, #901, .F. ) ;
#1329 = EDGE_LOOP ( 'NONE', ( #945, #328, #1393, #95 ) ) ;
#1330 = DIRECTION ( 'NONE',  ( 0.000000000000000000, 0.000000000000000000, 1.000000000000000000 ) ) ;
#1331 = EDGE_CURVE ( 'NONE', #1120, #198, #930, .T. ) ;
#1332 = ORIENTED_EDGE ( 'NONE', *, *, #484, .F. ) ;
#1333 = CARTESIAN_POINT ( 'NONE',  ( -4.299999999999999822, 0.000000000000000000, 1.500000000000001332 ) ) ;
#1334 = ORIENTED_EDGE ( 'NONE', *, *, #1515, .T. ) ;
#1335 = VERTEX_POINT ( 'NONE', #1111 ) ;
#1336 = FACE_OUTER_BOUND ( 'NONE', #1258, .T. ) ;
#1337 = DIRECTION ( 'NONE',  ( -0.000000000000000000, -0.000000000000000000, -1.000000000000000000 ) ) ;
#1338 = DIRECTION ( 'NONE',  ( 1.000000000000000000, 0.000000000000000000, 0.000000000000000000 ) ) ;
#1339 = CIRCLE ( 'NONE', #840, 0.5000000000000004441 ) ;
#1340 = FACE_OUTER_BOUND ( 'NONE', #199, .T. ) ;
#1341 = EDGE_CURVE ( 'NONE', #1200, #1191, #1039, .T. ) ;
#1342 = ORIENTED_EDGE ( 'NONE', *, *, #1141, .T. ) ;
#1343 = ORIENTED_EDGE ( 'NONE', *, *, #1416, .F. ) ;
#1344 = CARTESIAN_POINT ( 'NONE',  ( 6.299999999999999822, 0.000000000000000000, 1.500000000000001332 ) ) ;
#1345 = EDGE_CURVE ( 'NONE', #83, #1307, #313, .T. ) ;
#1346 = DIRECTION ( 'NONE',  ( -0.000000000000000000, -0.000000000000000000, -1.000000000000000000 ) ) ;
#1347 = DIRECTION ( 'NONE',  ( 1.000000000000000000, 0.000000000000000000, 0.000000000000000000 ) ) ;
#1348 = CC_DESIGN_APPROVAL ( #1666, ( #962 ) ) ;
#1349 = CARTESIAN_POINT ( 'NONE',  ( -3.799999999999999822, 6.123233995736766036E-17, 0.000000000000000000 ) ) ;
#1350 = ORIENTED_EDGE ( 'NONE', *, *, #941, .T. ) ;
#1351 = EDGE_CURVE ( 'NONE', #1596, #929, #1506, .T. ) ;
#1352 = DIRECTION ( 'NONE',  ( -1.000000000000000000, 0.000000000000000000, 0.000000000000000000 ) ) ;
#1353 = EDGE_CURVE ( 'NONE', #414, #529, #1643, .T. ) ;
#1354 = ORIENTED_EDGE ( 'NONE', *, *, #1277, .F. ) ;
#1355 = CIRCLE ( 'NONE', #684, 0.5000000000000004441 ) ;
#1356 = CYLINDRICAL_SURFACE ( 'NONE', #1015, 2.000000000000000000 ) ;
#1357 = DIRECTION ( 'NONE',  ( 1.000000000000000000, 0.000000000000000000, 0.000000000000000000 ) ) ;
#1358 = FACE_OUTER_BOUND ( 'NONE', #591, .T. ) ;
#1359 = CARTESIAN_POINT ( 'NONE',  ( 6.299999999999999822, 0.000000000000000000, 0.000000000000000000 ) ) ;
#1360 = ORIENTED_EDGE ( 'NONE', *, *, #1341, .T. ) ;
#1361 = DIRECTION ( 'NONE',  ( 0.000000000000000000, 0.000000000000000000, -1.000000000000000000 ) ) ;
#1362 = AXIS2_PLACEMENT_3D ( 'NONE', #216, #999, #1569 ) ;
#1363 = ORIENTED_EDGE ( 'NONE', *, *, #485, .T. ) ;
#1364 = CARTESIAN_POINT ( 'NONE',  ( 8.150000000000000355, 2.000000000000000000, 0.000000000000000000 ) ) ;
#1365 = CC_DESIGN_APPROVAL ( #678, ( #174 ) ) ;
#1366 = DIRECTION ( 'NONE',  ( 0.000000000000000000, 0.000000000000000000, 1.000000000000000000 ) ) ;
#1367 = EDGE_CURVE ( 'NONE', #1003, #363, #626, .T. ) ;
#1368 = CARTESIAN_POINT ( 'NONE',  ( 0.000000000000000000, 0.000000000000000000, 1.500000000000000000 ) ) ;
#1369 = DIRECTION ( 'NONE',  ( -0.000000000000000000, -0.000000000000000000, -1.000000000000000000 ) ) ;
#1370 = AXIS2_PLACEMENT_3D ( 'NONE', #1320, #1180, #927 ) ;
#1371 = VERTEX_POINT ( 'NONE', #1516 ) ;
#1372 = DIRECTION ( 'NONE',  ( 1.000000000000000000, 0.000000000000000000, 0.000000000000000000 ) ) ;
#1373 = CIRCLE ( 'NONE', #622, 0.5000000000000004441 ) ;
#1374 = CIRCLE ( 'NONE', #1179, 0.5000000000000004441 ) ;
#1375 = VERTEX_POINT ( 'NONE', #570 ) ;
#1376 = FACE_OUTER_BOUND ( 'NONE', #1329, .T. ) ;
#1377 = DIRECTION ( 'NONE',  ( 0.000000000000000000, 0.000000000000000000, -1.000000000000000000 ) ) ;
#1378 = DIRECTION ( 'NONE',  ( 0.000000000000000000, 0.000000000000000000, 1.000000000000000000 ) ) ;
#1379 = EDGE_CURVE ( 'NONE', #48, #413, #213, .T. ) ;
#1380 = AXIS2_PLACEMENT_3D ( 'NONE', #1471, #791, #1189 ) ;
#1381 = DIRECTION ( 'NONE',  ( 0.000000000000000000, 0.000000000000000000, 1.000000000000000000 ) ) ;
#1382 = PERSON ( 'UNSPECIFIED', 'UNSPECIFIED', 'UNSPECIFIED', ('UNSPECIFIED'), ('UNSPECIFIED'), ('UNSPECIFIED') ) ;
#1383 = EDGE_LOOP ( 'NONE', ( #1584, #1044, #851, #1275 ) ) ;
#1384 = DIRECTION ( 'NONE',  ( 0.000000000000000000, 0.000000000000000000, -1.000000000000000000 ) ) ;
#1385 = EDGE_CURVE ( 'NONE', #795, #575, #303, .T. ) ;
#1386 = ORIENTED_EDGE ( 'NONE', *, *, #1116, .F. ) ;
#1387 = VECTOR ( 'NONE', #1421, 1000.000000000000000 ) ;
#1388 = ORIENTED_EDGE ( 'NONE', *, *, #444, .T. ) ;
#1389 = CARTESIAN_POINT ( 'NONE',  ( -2.000000000000000000, 8.150000000000000355, 0.000000000000000000 ) ) ;
#1390 = DIRECTION ( 'NONE',  ( -1.000000000000000000, 0.000000000000000000, 0.000000000000000000 ) ) ;
#1391 = DIRECTION ( 'NONE',  ( -1.000000000000000000, 0.000000000000000000, 0.000000000000000000 ) ) ;
#1392 = CARTESIAN_POINT ( 'NONE',  ( 0.000000000000000000, -8.300000000000000711, 0.000000000000000000 ) ) ;
#1393 = ORIENTED_EDGE ( 'NONE', *, *, #403, .T. ) ;
#1394 = LINE ( 'NONE', #205, #287 ) ;
#1395 = ORIENTED_EDGE ( 'NONE', *, *, #747, .F. ) ;
#1396 = CARTESIAN_POINT ( 'NONE',  ( 8.300000000000000711, 0.000000000000000000, 1.500000000000001332 ) ) ;
#1397 = VECTOR ( 'NONE', #37, 1000.000000000000000 ) ;
#1398 = CIRCLE ( 'NONE', #421, 0.5000000000000004441 ) ;
#1399 = CARTESIAN_POINT ( 'NONE',  ( 0.000000000000000000, -4.299999999999999822, 0.000000000000000000 ) ) ;
#1400 = CYLINDRICAL_SURFACE ( 'NONE', #541, 3.450000000000000178 ) ;
#1401 = ORIENTED_EDGE ( 'NONE', *, *, #353, .T. ) ;
#1402 = CALENDAR_DATE ( 2026, 8, 9 ) ;
#1403 = ORIENTED_EDGE ( 'NONE', *, *, #991, .T. ) ;
#1404 = AXIS2_PLACEMENT_3D ( 'NONE', #778, #880, #221 ) ;
#1405 = VECTOR ( 'NONE', #64, 1000.000000000000000 ) ;
#1406 = LINE ( 'NONE', #726, #1610 ) ;
#1407 = CARTESIAN_POINT ( 'NONE',  ( 2.811138559374120494, -2.000000000000000000, 1.500000000000000000 ) ) ;
#1408 = ADVANCED_FACE ( 'NONE', ( #457 ), #202, .T. ) ;
#1409 = CARTESIAN_POINT ( 'NONE',  ( 7.799999999999999822, 0.000000000000000000, 1.500000000000001332 ) ) ;
#1410 = CIRCLE ( 'NONE', #882, 0.5000000000000000000 ) ;
#1411 = ORIENTED_EDGE ( 'NONE', *, *, #611, .T. ) ;
#1412 = APPROVAL_STATUS ( 'not_yet_approved' ) ;
#1413 = LINE ( 'NONE', #1, #1682 ) ;
#1414 = EDGE_CURVE ( 'NONE', #529, #1199, #1374, .T. ) ;
#1415 = VERTEX_POINT ( 'NONE', #868 ) ;
#1416 = EDGE_CURVE ( 'NONE', #1538, #1208, #430, .T. ) ;
#1417 = VECTOR ( 'NONE', #1241, 1000.000000000000000 ) ;
#1418 = ORIENTED_EDGE ( 'NONE', *, *, #358, .F. ) ;
#1419 = CARTESIAN_POINT ( 'NONE',  ( 0.000000000000000000, -8.150000000000000355, 1.500000000000000000 ) ) ;
#1420 = CYLINDRICAL_SURFACE ( 'NONE', #274, 0.5000000000000000000 ) ;
#1421 = DIRECTION ( 'NONE',  ( 0.000000000000000000, 1.000000000000000000, 0.000000000000000000 ) ) ;
#1422 = CARTESIAN_POINT ( 'NONE',  ( 0.000000000000000000, 0.000000000000000000, 0.000000000000000000 ) ) ;
#1423 = MECHANICAL_CONTEXT ( 'NONE', #1600, 'mechanical' ) ;
#1424 = DIRECTION ( 'NONE',  ( 1.000000000000000000, 0.000000000000000000, -0.000000000000000000 ) ) ;
#1425 = ORIENTED_EDGE ( 'NONE', *, *, #1661, .T. ) ;
#1426 = ORIENTED_EDGE ( 'NONE', *, *, #1489, .T. ) ;
#1427 = FACE_OUTER_BOUND ( 'NONE', #1628, .T. ) ;
#1428 = DIRECTION ( 'NONE',  ( 0.000000000000000000, 0.000000000000000000, 1.000000000000000000 ) ) ;
#1429 = EDGE_CURVE ( 'NONE', #1644, #207, #439, .T. ) ;
#1430 = DIRECTION ( 'NONE',  ( -1.000000000000000000, 0.000000000000000000, 0.000000000000000000 ) ) ;
#1431 = CARTESIAN_POINT ( 'NONE',  ( 0.000000000000000000, 0.000000000000000000, 1.500000000000000000 ) ) ;
#1432 = DIRECTION ( 'NONE',  ( 0.000000000000000000, 0.000000000000000000, 1.000000000000000000 ) ) ;
#1433 = EDGE_LOOP ( 'NONE', ( #946, #390, #1566, #1255 ) ) ;
#1434 = VECTOR ( 'NONE', #615, 1000.000000000000000 ) ;
#1435 = ORIENTED_EDGE ( 'NONE', *, *, #1094, .T. ) ;
#1436 = CYLINDRICAL_SURFACE ( 'NONE', #13, 0.5000000000000000000 ) ;
#1437 = LINE ( 'NONE', #401, #327 ) ;
#1438 = EDGE_CURVE ( 'NONE', #1507, #252, #1601, .T. ) ;
#1439 = DIRECTION ( 'NONE',  ( -1.000000000000000000, 0.000000000000000000, 0.000000000000000000 ) ) ;
#1440 = ORIENTED_EDGE ( 'NONE', *, *, #1478, .T. ) ;
#1441 = APPLICATION_PROTOCOL_DEFINITION ( 'international standard', 'config_control_design', 1994, #1051 ) ;
#1442 = CARTESIAN_POINT ( 'NONE',  ( -2.811138559374120494, 2.000000000000000000, 0.000000000000000000 ) ) ;
#1443 = ORIENTED_EDGE ( 'NONE', *, *, #1331, .F. ) ;
#1444 = ORIENTED_EDGE ( 'NONE', *, *, #194, .F. ) ;
#1445 = CARTESIAN_POINT ( 'NONE',  ( 0.000000000000000000, -6.299999999999999822, 0.000000000000000000 ) ) ;
#1446 = DIRECTION ( 'NONE',  ( 0.000000000000000000, 0.000000000000000000, 1.000000000000000000 ) ) ;
#1447 = VECTOR ( 'NONE', #1075, 1000.000000000000000 ) ;
#1448 = CARTESIAN_POINT ( 'NONE',  ( 8.300000000000000711, 0.000000000000000000, 1.500000000000001332 ) ) ;
#1449 = CARTESIAN_POINT ( 'NONE',  ( -2.000000000000000000, -8.150000000000000355, 0.000000000000000000 ) ) ;
#1450 = ORIENTED_EDGE ( 'NONE', *, *, #535, .F. ) ;
#1451 = EDGE_CURVE ( 'NONE', #1563, #1307, #1497, .T. ) ;
#1452 = ORIENTED_EDGE ( 'NONE', *, *, #1048, .F. ) ;
#1453 = FACE_BOUND ( 'NONE', #715, .T. ) ;
#1454 = VECTOR ( 'NONE', #612, 1000.000000000000000 ) ;
#1455 = LOCAL_TIME ( 22, 18, 46.00000000000000000, #1304 ) ;
#1456 = CARTESIAN_POINT ( 'NONE',  ( -8.150000000000000355, 2.000000000000000000, 1.500000000000000000 ) ) ;
#1457 = CIRCLE ( 'NONE', #1222, 2.000000000000000000 ) ;
#1458 = EDGE_LOOP ( 'NONE', ( #544, #1435, #670, #1388 ) ) ;
#1459 = ORIENTED_EDGE ( 'NONE', *, *, #215, .F. ) ;
#1460 = DIRECTION ( 'NONE',  ( -0.000000000000000000, -0.000000000000000000, -1.000000000000000000 ) ) ;
#1461 = AXIS2_PLACEMENT_3D ( 'NONE', #250, #1711, #517 ) ;
#1462 = EDGE_CURVE ( 'NONE', #1271, #1199, #833, .T. ) ;
#1463 = VECTOR ( 'NONE', #449, 1000.000000000000000 ) ;
#1464 = DIRECTION ( 'NONE',  ( 1.000000000000000000, 0.000000000000000000, 0.000000000000000000 ) ) ;
#1465 = EDGE_LOOP ( 'NONE', ( #435, #23, #1701, #1085, #1704 ) ) ;
#1466 = CC_DESIGN_PERSON_AND_ORGANIZATION_ASSIGNMENT ( #1004, #1573, ( #1174 ) ) ;
#1467 = VERTEX_POINT ( 'NONE', #156 ) ;
#1468 = UNCERTAINTY_MEASURE_WITH_UNIT (LENGTH_MEASURE( 1.000000000000000082E-05 ), #581, 'distance_accuracy_value', 'NONE');
#1469 = AXIS2_PLACEMENT_3D ( 'NONE', #1445, #917, #128 ) ;
#1470 = VECTOR ( 'NONE', #1268, 1000.000000000000000 ) ;
#1471 = CARTESIAN_POINT ( 'NONE',  ( 0.000000000000000000, 0.000000000000000000, -2.500000000000000444 ) ) ;
#1472 = AXIS2_PLACEMENT_3D ( 'NONE', #362, #1551, #1430 ) ;
#1473 = PLANE ( 'NONE',  #1652 ) ;
#1474 = ORIENTED_EDGE ( 'NONE', *, *, #278, .F. ) ;
#1475 = EDGE_LOOP ( 'NONE', ( #646, #509, #1401, #324, #812, #1426, #1403, #1334, #704, #874, #116, #937, #25, #135, #526, #1559, #469 ) ) ;
#1476 = CARTESIAN_POINT ( 'NONE',  ( -8.150000000000000355, -2.000000000000000000, 1.500000000000000000 ) ) ;
#1477 = ORIENTED_EDGE ( 'NONE', *, *, #170, .T. ) ;
#1478 = EDGE_CURVE ( 'NONE', #1415, #1670, #138, .T. ) ;
#1479 = CARTESIAN_POINT ( 'NONE',  ( -7.799999999999999822, 6.123233995736772199E-17, 0.000000000000000000 ) ) ;
#1480 = ORIENTED_EDGE ( 'NONE', *, *, #143, .F. ) ;
#1481 = AXIS2_PLACEMENT_3D ( 'NONE', #733, #1138, #762 ) ;
#1482 = EDGE_CURVE ( 'NONE', #1262, #519, #569, .T. ) ;
#1483 = ORIENTED_EDGE ( 'NONE', *, *, #1318, .F. ) ;
#1484 = CYLINDRICAL_SURFACE ( 'NONE', #954, 2.549999999999999822 ) ;
#1485 = DIRECTION ( 'NONE',  ( 0.000000000000000000, 1.000000000000000000, 0.000000000000000000 ) ) ;
#1486 = DIRECTION ( 'NONE',  ( 0.000000000000000000, 0.000000000000000000, 1.000000000000000000 ) ) ;
#1487 = ADVANCED_FACE ( 'NONE', ( #294 ), #28, .F. ) ;
#1488 = AXIS2_PLACEMENT_3D ( 'NONE', #1344, #940, #299 ) ;
#1489 = EDGE_CURVE ( 'NONE', #83, #765, #1684, .T. ) ;
#1490 = DIRECTION ( 'NONE',  ( 0.000000000000000000, 0.000000000000000000, 1.000000000000000000 ) ) ;
#1491 = VECTOR ( 'NONE', #389, 1000.000000000000000 ) ;
#1492 = VERTEX_POINT ( 'NONE', #1212 ) ;
#1493 = DIRECTION ( 'NONE',  ( -0.000000000000000000, -0.000000000000000000, -1.000000000000000000 ) ) ;
#1494 = ORIENTED_EDGE ( 'NONE', *, *, #1661, .F. ) ;
#1495 = DIRECTION ( 'NONE',  ( 1.000000000000000000, 0.000000000000000000, 0.000000000000000000 ) ) ;
#1496 = CYLINDRICAL_SURFACE ( 'NONE', #1310, 0.5000000000000004441 ) ;
#1497 = LINE ( 'NONE', #431, #877 ) ;
#1498 = DIRECTION ( 'NONE',  ( 0.000000000000000000, 0.000000000000000000, 1.000000000000000000 ) ) ;
#1499 = VERTEX_POINT ( 'NONE', #685 ) ;
#1500 = DIRECTION ( 'NONE',  ( 0.000000000000000000, 0.000000000000000000, 1.000000000000000000 ) ) ;
#1501 = EDGE_CURVE ( 'NONE', #607, #366, #1081, .T. ) ;
#1502 = ORIENTED_EDGE ( 'NONE', *, *, #1501, .F. ) ;
#1503 = CARTESIAN_POINT ( 'NONE',  ( 0.000000000000000000, 6.299999999999999822, 0.000000000000000000 ) ) ;
#1504 = CARTESIAN_POINT ( 'NONE',  ( -3.450000000000000178, 0.000000000000000000, 1.500000000000000000 ) ) ;
#1505 = CARTESIAN_POINT ( 'NONE',  ( -2.811138559374120494, -2.000000000000000000, 1.500000000000000000 ) ) ;
#1506 = LINE ( 'NONE', #1103, #520 ) ;
#1507 = VERTEX_POINT ( 'NONE', #577 ) ;
#1508 = CYLINDRICAL_SURFACE ( 'NONE', #97, 0.5000000000000004441 ) ;
#1509 = CIRCLE ( 'NONE', #1056, 0.5000000000000000000 ) ;
#1510 = EDGE_LOOP ( 'NONE', ( #86, #1322 ) ) ;
#1511 = CARTESIAN_POINT ( 'NONE',  ( 0.000000000000000000, -8.300000000000000711, 1.500000000000001332 ) ) ;
#1512 = AXIS2_PLACEMENT_3D ( 'NONE', #49, #1216, #716 ) ;
#1513 = DIRECTION ( 'NONE',  ( -1.000000000000000000, 0.000000000000000000, 0.000000000000000000 ) ) ;
#1514 = DIRECTION ( 'NONE',  ( 1.000000000000000000, 0.000000000000000000, 0.000000000000000000 ) ) ;
#1515 = EDGE_CURVE ( 'NONE', #207, #127, #1058, .T. ) ;
#1516 = CARTESIAN_POINT ( 'NONE',  ( -10.15000000000000036, 0.000000000000000000, 1.500000000000000000 ) ) ;
#1517 = AXIS2_PLACEMENT_3D ( 'NONE', #1163, #1313, #1681 ) ;
#1518 = ORIENTED_EDGE ( 'NONE', *, *, #835, .F. ) ;
#1519 = AXIS2_PLACEMENT_3D ( 'NONE', #563, #1381, #1651 ) ;
#1520 = ORIENTED_EDGE ( 'NONE', *, *, #1207, .T. ) ;
#1521 = ADVANCED_FACE ( 'NONE', ( #1642 ), #1092, .F. ) ;
#1522 = LINE ( 'NONE', #1504, #120 ) ;
#1523 = FACE_OUTER_BOUND ( 'NONE', #10, .T. ) ;
#1524 = AXIS2_PLACEMENT_3D ( 'NONE', #14, #288, #658 ) ;
#1525 = FACE_OUTER_BOUND ( 'NONE', #1282, .T. ) ;
#1526 = ORIENTED_EDGE ( 'NONE', *, *, #353, .F. ) ;
#1527 = CARTESIAN_POINT ( 'NONE',  ( 0.000000000000000000, -8.300000000000000711, 1.500000000000001332 ) ) ;
#1528 = EDGE_LOOP ( 'NONE', ( #1575, #1395 ) ) ;
#1529 = ORIENTED_EDGE ( 'NONE', *, *, #1106, .F. ) ;
#1530 = PLANE ( 'NONE',  #1302 ) ;
#1531 = CARTESIAN_POINT ( 'NONE',  ( -8.150000000000000355, 2.000000000000000000, 0.000000000000000000 ) ) ;
#1532 = EDGE_CURVE ( 'NONE', #1307, #974, #1281, .T. ) ;
#1533 = DIRECTION ( 'NONE',  ( -0.000000000000000000, -0.000000000000000000, -1.000000000000000000 ) ) ;
#1534 = ORIENTED_EDGE ( 'NONE', *, *, #1429, .F. ) ;
#1535 = PERSON_AND_ORGANIZATION_ROLE ( 'classification_officer' ) ;
#1536 = VERTEX_POINT ( 'NONE', #969 ) ;
#1537 = EDGE_CURVE ( 'NONE', #1507, #890, #1650, .T. ) ;
#1538 = VERTEX_POINT ( 'NONE', #1505 ) ;
#1539 = DIRECTION ( 'NONE',  ( 1.000000000000000000, 0.000000000000000000, 0.000000000000000000 ) ) ;
#1540 = DIRECTION ( 'NONE',  ( -1.000000000000000000, 0.000000000000000000, 0.000000000000000000 ) ) ;
#1541 = CARTESIAN_POINT ( 'NONE',  ( 0.5000000000000000000, -4.299999999999999822, 0.000000000000000000 ) ) ;
#1542 = EDGE_CURVE ( 'NONE', #1664, #363, #162, .T. ) ;
#1543 = ADVANCED_FACE ( 'NONE', ( #1358 ), #169, .F. ) ;
#1544 = EDGE_LOOP ( 'NONE', ( #1714, #895 ) ) ;
#1545 = PERSON_AND_ORGANIZATION_ROLE ( 'creator' ) ;
#1546 = DIRECTION ( 'NONE',  ( 0.000000000000000000, 0.000000000000000000, -1.000000000000000000 ) ) ;
#1547 = ORIENTED_EDGE ( 'NONE', *, *, #452, .T. ) ;
#1548 = AXIS2_PLACEMENT_3D ( 'NONE', #1214, #183, #686 ) ;
#1549 = DIRECTION ( 'NONE',  ( 0.000000000000000000, 0.000000000000000000, 1.000000000000000000 ) ) ;
#1550 = LINE ( 'NONE', #1531, #190 ) ;
#1551 = DIRECTION ( 'NONE',  ( 0.000000000000000000, 0.000000000000000000, -1.000000000000000000 ) ) ;
#1552 = AXIS2_PLACEMENT_3D ( 'NONE', #160, #690, #674 ) ;
#1553 = VECTOR ( 'NONE', #361, 1000.000000000000000 ) ;
#1554 = ORIENTED_EDGE ( 'NONE', *, *, #57, .F. ) ;
#1555 = APPROVAL_ROLE ( '' ) ;
#1556 = LINE ( 'NONE', #1703, #728 ) ;
#1557 = ORIENTED_EDGE ( 'NONE', *, *, #1127, .F. ) ;
#1558 = ADVANCED_FACE ( 'NONE', ( #1523 ), #854, .F. ) ;
#1559 = ORIENTED_EDGE ( 'NONE', *, *, #967, .T. ) ;
#1560 = DIRECTION ( 'NONE',  ( 1.000000000000000000, 0.000000000000000000, 0.000000000000000000 ) ) ;
#1561 = CARTESIAN_POINT ( 'NONE',  ( 2.000000000000000000, -8.150000000000000355, 1.500000000000000000 ) ) ;
#1562 = CARTESIAN_POINT ( 'NONE',  ( 3.450000000000000178, 4.225031457058368824E-16, 0.000000000000000000 ) ) ;
#1563 = VERTEX_POINT ( 'NONE', #1098 ) ;
#1564 = PERSON_AND_ORGANIZATION ( #1382, #1002 ) ;
#1565 = CARTESIAN_POINT ( 'NONE',  ( 0.000000000000000000, 8.300000000000000711, 0.000000000000000000 ) ) ;
#1566 = ORIENTED_EDGE ( 'NONE', *, *, #679, .T. ) ;
#1567 = EDGE_LOOP ( 'NONE', ( #860, #1070 ) ) ;
#1568 = ADVANCED_FACE ( 'NONE', ( #973 ), #459, .F. ) ;
#1569 = DIRECTION ( 'NONE',  ( 1.000000000000000000, 0.000000000000000000, 0.000000000000000000 ) ) ;
#1570 = DIRECTION ( 'NONE',  ( 1.000000000000000000, 0.000000000000000000, 0.000000000000000000 ) ) ;
#1571 = LINE ( 'NONE', #1261, #1160 ) ;
#1572 = CARTESIAN_POINT ( 'NONE',  ( -8.150000000000000355, 0.000000000000000000, 0.000000000000000000 ) ) ;
#1573 = PERSON_AND_ORGANIZATION_ROLE ( 'creator' ) ;
#1574 = DIRECTION ( 'NONE',  ( 0.000000000000000000, 0.000000000000000000, 1.000000000000000000 ) ) ;
#1575 = ORIENTED_EDGE ( 'NONE', *, *, #663, .F. ) ;
#1576 = CIRCLE ( 'NONE', #482, 0.5000000000000000000 ) ;
#1577 = ORIENTED_EDGE ( 'NONE', *, *, #531, .F. ) ;
#1578 = CARTESIAN_POINT ( 'NONE',  ( 0.000000000000000000, -6.299999999999999822, 1.500000000000001332 ) ) ;
#1579 = DIRECTION ( 'NONE',  ( 0.000000000000000000, 0.000000000000000000, -1.000000000000000000 ) ) ;
#1580 = VECTOR ( 'NONE', #1224, 1000.000000000000000 ) ;
#1581 = DIRECTION ( 'NONE',  ( 0.000000000000000000, 0.000000000000000000, 1.000000000000000000 ) ) ;
#1582 = DIRECTION ( 'NONE',  ( 0.000000000000000000, 0.000000000000000000, -1.000000000000000000 ) ) ;
#1583 = CARTESIAN_POINT ( 'NONE',  ( -8.800000000000000711, 0.000000000000000000, 0.000000000000000000 ) ) ;
#1584 = ORIENTED_EDGE ( 'NONE', *, *, #271, .T. ) ;
#1585 = VERTEX_POINT ( 'NONE', #1629 ) ;
#1586 = FACE_BOUND ( 'NONE', #276, .T. ) ;
#1587 = CARTESIAN_POINT ( 'NONE',  ( 2.000000000000000000, -8.150000000000000355, 1.500000000000000000 ) ) ;
#1588 = ORIENTED_EDGE ( 'NONE', *, *, #807, .T. ) ;
#1589 = ORIENTED_EDGE ( 'NONE', *, *, #788, .F. ) ;
#1590 = ADVANCED_FACE ( 'NONE', ( #849 ), #1508, .F. ) ;
#1591 = DIRECTION ( 'NONE',  ( -1.000000000000000000, 0.000000000000000000, 0.000000000000000000 ) ) ;
#1592 = AXIS2_PLACEMENT_3D ( 'NONE', #1017, #1560, #719 ) ;
#1593 = EDGE_CURVE ( 'NONE', #673, #1563, #1394, .T. ) ;
#1594 = AXIS2_PLACEMENT_3D ( 'NONE', #1368, #1232, #1347 ) ;
#1595 = CARTESIAN_POINT ( 'NONE',  ( 0.5000000000000000000, 8.300000000000000711, 1.500000000000001332 ) ) ;
#1596 = VERTEX_POINT ( 'NONE', #1246 ) ;
#1597 = VERTEX_POINT ( 'NONE', #197 ) ;
#1598 = FACE_BOUND ( 'NONE', #386, .T. ) ;
#1599 = AXIS2_PLACEMENT_3D ( 'NONE', #817, #664, #22 ) ;
#1600 = APPLICATION_CONTEXT ( 'configuration controlled 3d designs of mechanical parts and assemblies' ) ;
#1601 = CIRCLE ( 'NONE', #845, 0.5000000000000000000 ) ;
#1602 = DIRECTION ( 'NONE',  ( 0.000000000000000000, 0.000000000000000000, 1.000000000000000000 ) ) ;
#1603 = ORIENTED_EDGE ( 'NONE', *, *, #933, .T. ) ;
#1604 = ORIENTED_EDGE ( 'NONE', *, *, #545, .F. ) ;
#1605 = DIRECTION ( 'NONE',  ( 1.000000000000000000, 0.000000000000000000, 0.000000000000000000 ) ) ;
#1606 = EDGE_CURVE ( 'NONE', #1215, #989, #325, .T. ) ;
#1607 = LINE ( 'NONE', #1040, #782 ) ;
#1608 = VECTOR ( 'NONE', #109, 1000.000000000000000 ) ;
#1609 = DIRECTION ( 'NONE',  ( -1.000000000000000000, 0.000000000000000000, 0.000000000000000000 ) ) ;
#1610 = VECTOR ( 'NONE', #470, 1000.000000000000000 ) ;
#1611 = ORIENTED_EDGE ( 'NONE', *, *, #785, .F. ) ;
#1612 = ORIENTED_EDGE ( 'NONE', *, *, #178, .F. ) ;
#1613 = CARTESIAN_POINT ( 'NONE',  ( 0.5000000000000000000, 6.299999999999999822, 0.000000000000000000 ) ) ;
#1614 = EDGE_CURVE ( 'NONE', #1192, #1371, #236, .T. ) ;
#1615 = CARTESIAN_POINT ( 'NONE',  ( 2.811138559374120938, 2.000000000000000000, 1.500000000000000000 ) ) ;
#1616 = DIRECTION ( 'NONE',  ( 1.000000000000000000, 0.000000000000000000, 0.000000000000000000 ) ) ;
#1617 = CARTESIAN_POINT ( 'NONE',  ( 0.000000000000000000, -6.299999999999999822, 1.500000000000001332 ) ) ;
#1618 = ORIENTED_EDGE ( 'NONE', *, *, #1501, .T. ) ;
#1619 = VECTOR ( 'NONE', #317, 1000.000000000000000 ) ;
#1620 = ORIENTED_EDGE ( 'NONE', *, *, #278, .T. ) ;
#1621 = FACE_OUTER_BOUND ( 'NONE', #1383, .T. ) ;
#1622 = CARTESIAN_POINT ( 'NONE',  ( -3.799999999999999822, 6.123233995736766036E-17, 1.500000000000001332 ) ) ;
#1623 = CARTESIAN_POINT ( 'NONE',  ( 0.000000000000000000, -4.299999999999999822, 0.000000000000000000 ) ) ;
#1624 = AXIS2_PLACEMENT_3D ( 'NONE', #576, #700, #52 ) ;
#1625 = CARTESIAN_POINT ( 'NONE',  ( -2.000000000000000000, -8.150000000000000355, 1.500000000000000000 ) ) ;
#1626 = EDGE_CURVE ( 'NONE', #1670, #1415, #616, .T. ) ;
#1627 = VECTOR ( 'NONE', #1203, 1000.000000000000000 ) ;
#1628 = EDGE_LOOP ( 'NONE', ( #1026, #1342, #461, #1443 ) ) ;
#1629 = CARTESIAN_POINT ( 'NONE',  ( -2.549999999999999822, 0.000000000000000000, 1.500000000000001332 ) ) ;
#1630 = EDGE_LOOP ( 'NONE', ( #206, #1164 ) ) ;
#1631 = FACE_BOUND ( 'NONE', #65, .T. ) ;
#1632 = AXIS2_PLACEMENT_3D ( 'NONE', #1698, #471, #88 ) ;
#1633 = CARTESIAN_POINT ( 'NONE',  ( 4.299999999999999822, 0.000000000000000000, 1.500000000000001332 ) ) ;
#1634 = CARTESIAN_POINT ( 'NONE',  ( 0.000000000000000000, -4.299999999999999822, 1.500000000000001332 ) ) ;
#1635 = DIRECTION ( 'NONE',  ( 0.000000000000000000, 1.000000000000000000, 0.000000000000000000 ) ) ;
#1636 = ORIENTED_EDGE ( 'NONE', *, *, #1489, .F. ) ;
#1637 = CARTESIAN_POINT ( 'NONE',  ( 0.5000000000000000000, -8.300000000000000711, 1.500000000000001332 ) ) ;
#1638 = ORIENTED_EDGE ( 'NONE', *, *, #531, .T. ) ;
#1639 = DIRECTION ( 'NONE',  ( -0.000000000000000000, -0.000000000000000000, -1.000000000000000000 ) ) ;
#1640 = EDGE_CURVE ( 'NONE', #1188, #989, #834, .T. ) ;
#1641 = CARTESIAN_POINT ( 'NONE',  ( 3.450000000000000178, 4.225031457058368824E-16, 1.500000000000000000 ) ) ;
#1642 = FACE_OUTER_BOUND ( 'NONE', #367, .T. ) ;
#1643 = LINE ( 'NONE', #721, #1463 ) ;
#1644 = VERTEX_POINT ( 'NONE', #988 ) ;
#1645 = EDGE_CURVE ( 'NONE', #1104, #1059, #297, .T. ) ;
#1646 = FACE_OUTER_BOUND ( 'NONE', #1266, .T. ) ;
#1647 = VERTEX_POINT ( 'NONE', #705 ) ;
#1648 = DIRECTION ( 'NONE',  ( 0.000000000000000000, 0.000000000000000000, 1.000000000000000000 ) ) ;
#1649 = DIRECTION ( 'NONE',  ( -0.000000000000000000, -0.000000000000000000, -1.000000000000000000 ) ) ;
#1650 = LINE ( 'NONE', #1110, #265 ) ;
#1651 = DIRECTION ( 'NONE',  ( 1.000000000000000000, 0.000000000000000000, 0.000000000000000000 ) ) ;
#1652 = AXIS2_PLACEMENT_3D ( 'NONE', #1456, #524, #163 ) ;
#1653 = ORIENTED_EDGE ( 'NONE', *, *, #170, .F. ) ;
#1654 = DIRECTION ( 'NONE',  ( 0.000000000000000000, 0.000000000000000000, -1.000000000000000000 ) ) ;
#1655 = ORIENTED_EDGE ( 'NONE', *, *, #479, .F. ) ;
#1656 = EDGE_LOOP ( 'NONE', ( #133, #1287, #1089, #997 ) ) ;
#1657 = DIRECTION ( 'NONE',  ( 0.000000000000000000, 0.000000000000000000, -1.000000000000000000 ) ) ;
#1658 = EDGE_CURVE ( 'NONE', #1335, #1664, #510, .T. ) ;
#1659 = CARTESIAN_POINT ( 'NONE',  ( 5.799999999999999822, 0.000000000000000000, 1.500000000000001332 ) ) ;
#1660 = CARTESIAN_POINT ( 'NONE',  ( 8.300000000000000711, 0.000000000000000000, 0.000000000000000000 ) ) ;
#1661 = EDGE_CURVE ( 'NONE', #141, #1143, #306, .T. ) ;
#1662 = ORIENTED_EDGE ( 'NONE', *, *, #149, .F. ) ;
#1663 = PERSON_AND_ORGANIZATION ( #1382, #1002 ) ;
#1664 = VERTEX_POINT ( 'NONE', #1637 ) ;
#1665 = DIRECTION ( 'NONE',  ( 1.000000000000000000, 0.000000000000000000, 0.000000000000000000 ) ) ;
#1666 = APPROVAL ( #467, 'UNSPECIFIED' ) ;
#1667 = CARTESIAN_POINT ( 'NONE',  ( 6.800000000000000711, 6.123233995736772199E-17, 1.500000000000001332 ) ) ;
#1668 = ADVANCED_FACE ( 'NONE', ( #1646 ), #1238, .F. ) ;
#1669 = DIRECTION ( 'NONE',  ( 0.000000000000000000, 0.000000000000000000, -1.000000000000000000 ) ) ;
#1670 = VERTEX_POINT ( 'NONE', #1254 ) ;
#1671 = APPROVAL_DATE_TIME ( #644, #1024 ) ;
#1672 = ADVANCED_BREP_SHAPE_REPRESENTATION ( 'HW-005_SG90_COMPACT_CROSS_REFERENCE', ( #552, #1481 ), #781 ) ;
#1673 = EDGE_LOOP ( 'NONE', ( #242, #214, #145, #326 ) ) ;
#1674 = CIRCLE ( 'NONE', #922, 0.5000000000000000000 ) ;
#1675 = CYLINDRICAL_SURFACE ( 'NONE', #824, 0.5000000000000004441 ) ;
#1676 = CC_DESIGN_APPROVAL ( #1024, ( #1174 ) ) ;
#1677 = DIRECTION ( 'NONE',  ( -0.000000000000000000, -0.000000000000000000, -1.000000000000000000 ) ) ;
#1678 = DIRECTION ( 'NONE',  ( -0.000000000000000000, -0.000000000000000000, -1.000000000000000000 ) ) ;
#1679 = DIRECTION ( 'NONE',  ( 1.000000000000000000, 0.000000000000000000, 0.000000000000000000 ) ) ;
#1680 = EDGE_CURVE ( 'NONE', #413, #1192, #1227, .T. ) ;
#1681 = DIRECTION ( 'NONE',  ( 1.000000000000000000, 0.000000000000000000, -0.000000000000000000 ) ) ;
#1682 = VECTOR ( 'NONE', #1326, 1000.000000000000000 ) ;
#1683 = ORIENTED_EDGE ( 'NONE', *, *, #143, .T. ) ;
#1684 = CIRCLE ( 'NONE', #402, 2.000000000000000000 ) ;
#1685 = PLANE ( 'NONE',  #1592 ) ;
#1686 = DIRECTION ( 'NONE',  ( -0.000000000000000000, -0.000000000000000000, -1.000000000000000000 ) ) ;
#1687 = CARTESIAN_POINT ( 'NONE',  ( 0.000000000000000000, 0.000000000000000000, 0.000000000000000000 ) ) ;
#1688 = VECTOR ( 'NONE', #1460, 1000.000000000000000 ) ;
#1689 = CIRCLE ( 'NONE', #1632, 0.5000000000000004441 ) ;
#1690 = FACE_OUTER_BOUND ( 'NONE', #1656, .T. ) ;
#1691 = SECURITY_CLASSIFICATION_LEVEL ( 'unclassified' ) ;
#1692 = FACE_OUTER_BOUND ( 'NONE', #219, .T. ) ;
#1693 = EDGE_CURVE ( 'NONE', #1597, #821, #688, .T. ) ;
#1694 = ORIENTED_EDGE ( 'NONE', *, *, #790, .F. ) ;
#1695 = ORIENTED_EDGE ( 'NONE', *, *, #785, .T. ) ;
#1696 = CARTESIAN_POINT ( 'NONE',  ( 0.5000000000000000000, -6.299999999999999822, 1.500000000000001332 ) ) ;
#1697 = AXIS2_PLACEMENT_3D ( 'NONE', #1133, #209, #71 ) ;
#1698 = CARTESIAN_POINT ( 'NONE',  ( 6.299999999999999822, 0.000000000000000000, 0.000000000000000000 ) ) ;
#1699 = EDGE_CURVE ( 'NONE', #924, #1245, #948, .T. ) ;
#1700 = FACE_OUTER_BOUND ( 'NONE', #289, .T. ) ;
#1701 = ORIENTED_EDGE ( 'NONE', *, *, #320, .T. ) ;
#1702 = AXIS2_PLACEMENT_3D ( 'NONE', #1633, #1377, #1513 ) ;
#1703 = CARTESIAN_POINT ( 'NONE',  ( 2.000000000000000000, -2.811138559374120494, 1.500000000000000000 ) ) ;
#1704 = ORIENTED_EDGE ( 'NONE', *, *, #1532, .F. ) ;
#1705 = VERTEX_POINT ( 'NONE', #66 ) ;
#1706 = DIRECTION ( 'NONE',  ( 1.000000000000000000, 0.000000000000000000, 0.000000000000000000 ) ) ;
#1707 = DIRECTION ( 'NONE',  ( 0.000000000000000000, 0.000000000000000000, -1.000000000000000000 ) ) ;
#1708 = VECTOR ( 'NONE', #74, 1000.000000000000000 ) ;
#1709 = CARTESIAN_POINT ( 'NONE',  ( 3.799999999999999378, 0.000000000000000000, 0.000000000000000000 ) ) ;
#1710 = FACE_BOUND ( 'NONE', #1078, .T. ) ;
#1711 = DIRECTION ( 'NONE',  ( 0.000000000000000000, 0.000000000000000000, 1.000000000000000000 ) ) ;
#1712 = ORIENTED_EDGE ( 'NONE', *, *, #1327, .F. ) ;
#1713 = CIRCLE ( 'NONE', #1404, 0.5000000000000000000 ) ;
#1714 = ORIENTED_EDGE ( 'NONE', *, *, #105, .F. ) ;
#1715 = CARTESIAN_POINT ( 'NONE',  ( 0.000000000000000000, 0.000000000000000000, 1.500000000000000000 ) ) ;
#1716 = CIRCLE ( 'NONE', #1519, 0.5000000000000000000 ) ;
ENDSEC;
END-ISO-10303-21;
